"","Indiv","Dc00544","Dc01018","Dc01661","Dc01707","Dc01784","Dc02951","Dc03456","Dc03556","Dc05864","Dc06503","Dc07300","Dc07937","Dc08054","Dc08189","Dc08463","Dc08578","Dc08865","Dc10003","Dc10390","Dc10878","Dc10885","Dc11203","Dc11714","Dc13159","Dc13592","Dc14022","Dc14945","Dc16747","Dc18951","Dc20232","Dc22883","Dc22887","Dc27955","Dc28124","Dc28776","Dc30071","Dc31007","Dc33714","Dc33907","Dc34902","Dc35779","Dc36571","Dc36616","Dc36767","Dc40235","Dc41234","Dc46984","Dc47572","Dc47935","Dc48207","Dc48950","Dc49080","Dc49184","Dc51020","Dc52523","Dc55481","Dc58248","Dc62188","Dc67011","locus002","locus003","locus004","locus005","locus006","locus008","locus013","locus014","locus022","locus024","locus025","locus027","locus030","locus035","locus038","locus039","locus040","locus041","locus045","locus047","locus048","locus053","locus055","locus056","locus058","locus060","locus061","locus062","locus064","locus065","locus073","locus074","locus076","locus077","locus080","locus083","locus088","locus093","locus096","locus098","locus100","locus106","locus110","locus116","locus119","locus120","locus126","locus128","locus129","locus130","locus134","locus135","locus137","locus139","locus140","locus146","locus148","locus151","locus157","locus161","locus165","locus170","locus176","locus184","locus186","locus188","locus189","locus190","locus191","locus192","locus195","locus202","locus210","locus215","locus227","locus231","locus235","locus236","locus237","locus239","locus248","locus255","locus256","locus263","locus264","locus274","locus280","locus282","locus286","locus291","locus292","locus296","locus301","locus314","locus321","locus322","locus323","locus329","locus332","locus349","locus358","locus359","locus360"
"1","z0026457","A/G","A/G","AG/CG","CC/TC","A/G","A/G","A/G","A/G","AG/AG","C/C","CA/CG","CC/TA","CT/CT","CG/CG","G/G","CT/CT","CG/CG","A/A","C/C","C/C","GA/TG","CT/CT","C/C","AC/AC","AC/GC","G/G","A/A","C/T","T/T","GG/GG","TT/TT","G/G","G/G","C/C","A/A","C/G","A/A","TA/TG","C/T","A/G","C/T","T/T","G/G","CA/CA","C/C","AC/AT","CG/CT","CC/TC","TAA/TAC","G/G","GT/GT","A/A","CA/CA","G/G","GG/TC","G/G","AA/GT","AG/AT","G/G","T/T","C/C","A/G","C/C","T/T","A/G","C/C","C/T","GA/GT","G/G","T/T","C/C","A/G","C/C","C/T","T/T","G/G","C/T","AA/AA","A/G","A/A","CA/CG","T/T","C/T","G/G","T/T","CC/CC","G/G","G/G","A/A","A/G","G/G","A/C","G/G","A/G","G/G","C/G","A/A","C/C","T/T","CTA/CTA","A/A","T/T","A/A","C/C","G/G","G/T","C/T","TC/TC","A/G","C/C","GT/GT","A/T","A/A","G/G","C/T","A/A","A/A","G/G","A/A","A/A","A/T","C/C","A/C","A/A","CC/TC","GC/GC","C/C","A/G","C/C","C/T","C/G","T/T","A/A","G/G","C/T","A/C","A/G","AT/AT","C/C","A/G","G/T","C/T","T/T","C/C","G/G","G/T","A/G","C/C","TT/TT","T/T","T/T","C/C",NA,"A/A","T/T","G/G","A/A","T/T","C/C","C/C","A/A","C/T"
"2","z0134074","A/G","A/G","CA/CG","CG/TC","A/G","A/G","G/G","A/A","AG/GA","C/C","CA/CG","CC/TA","CC/CC","CC/CC","A/G","GC/GT","AG/AG","G/G","C/C","C/C","GA/TG","CT/CT","T/T","AC/AT","GC/GC","G/G","A/G","T/T","C/C","AG/GG","TC/TC","G/G","A/G","C/T","A/C","C/C","C/C","TA/TA","C/T","G/G","C/C","C/T","A/G","CA/CA","C/C","AT/TT","CT/TT","TC/TC","TAC/TAC","G/G","AT/GT","A/A","CA/CA","A/G","GG/GG","G/G","GA/GT","AT/GT","G/G","C/T","C/C","A/G","G/G","C/T","G/G","G/G","C/C","GA/GT","G/G","T/T","C/T","A/G","C/T","C/T","T/T","G/G","C/T","CG/CG","G/G","A/A","CA/CG","C/T","C/C","G/G","C/C","CC/TT","G/G","A/G","A/A","A/G","G/G","A/C","G/G","A/G","G/G","G/G","A/A","C/C","T/T","CTA/CTA","A/A","T/T","A/C","C/T","A/A","G/T","C/C","CC/TC","A/G","C/C","GT/GT","A/T","G/G","A/A","C/T","A/T","A/G","A/A","A/G","A/C","T/T","T/T","C/C","A/A","CC/TT","AG/AG","C/C","A/G","C/C","C/T","C/C","C/C","A/G","G/G","C/C","A/C","A/A","AT/GT","C/C","A/G","T/T","C/C","A/T","T/T","G/G","G/T","G/G","C/C","AT/AT","G/G","T/T","C/C",NA,"A/T","C/T","A/G","A/C","T/T","C/T","A/C","A/A","T/T"
"3","z0061467","A/A","A/G","AG/CA","CC/CG","A/G","A/G","A/G","A/G","GA/GA","C/C","AG/CA","CC/CC","CT/TC","CC/CG","A/G","GC/GT","AG/CG","G/G","C/C","C/G","TG/TG","CT/CT","C/C","AC/CT","GC/GC","G/G","A/A","T/T","C/C","GG/GG","CT/TT","G/G","A/G","C/C","A/A","C/C","C/C","TA/TA","T/T","G/G","C/C","C/T","G/G","CA/CA","T/T","TT/TT","CT/TT","CC/CT","TAC/TGA","G/G","AT/GC","A/G","CA/CC","A/A","GG/GG","G/G","AA/GT","AG/AG","A/G","T/T","C/C","A/A","C/C","T/T","A/G","C/G","T/T","GA/GA","G/G","C/T","C/T","A/A","C/C","C/T","T/T","G/G","C/C","AA/AA","A/G","A/A","CA/CG","C/T","C/C","A/G","T/T","TT/TT","A/G","G/G","A/A","G/G","A/G","A/C","G/G","G/G","G/G","C/G","A/A","C/T","C/T","CTA/CTA","A/C","T/T","A/A","T/T","G/G","G/T","C/T","TC/TC","G/G","C/T","GT/GT","A/T","A/A","G/G","C/C","A/A","A/A","G/G","A/G","A/A","A/A","T/T","A/C","A/A","CC/TC","GC/GC","C/T","G/G","C/C","C/C","C/G","T/T","G/G","A/G","C/C","A/A","G/G","AA/GT","C/C","G/G","G/T","C/T","T/T","C/C","G/T","G/G","G/G","C/C","AT/AT","T/T","G/T","C/C","A/A","A/A","C/T","A/G","A/C","T/T","C/T","C/C","A/A","T/T"
"4","z0012520","A/G","A/G","CA/CG","CC/TC","A/G","A/G","G/G","A/A","GA/GA","C/C","CA/CG","CC/TA","CT/CT","CC/CG","A/A","GC/GT","AG/AG","G/G","C/C","C/G","TG/TG","CT/CT","C/C","AC/AC",NA,"G/G","A/A","C/C","C/T","GG/GG","TT/TT","G/G","G/G","C/C","A/A","C/G","C/C","TA/TA","T/T","G/G","C/C","C/T","G/G","CA/CA","C/T","AT/AT","TT/TT","TC/TC","TAC/TGA","G/G","AT/GT","G/G","CA/CC","A/A","GG/GG","G/G","GA/GT","AG/AG","G/G",NA,"C/C","A/G","C/C","T/T","A/G","G/G","C/C","AA/GA","G/G","C/C",NA,"A/G","C/C","T/T","T/T","C/G","C/C","AA/CG","A/G","A/A","CG/TG","T/T","C/C","G/G","T/T","CC/CC","G/G","G/G","A/A","G/G","A/G","A/C","G/G","G/G",NA,"G/G","A/A","C/T","C/T","CTA/CTA","A/A",NA,"A/A","C/T","A/G","G/T","C/C","CC/CC","G/G","C/C","GC/GT","T/T","A/A","G/G","T/T","A/A","A/G","G/G","A/G","A/A","A/A",NA,"A/A","A/A","CC/TT","AG/AG","C/C","A/G","C/C","C/C","G/G","C/T","A/A","A/A","C/C","A/A","G/G","AT/AT","A/C","G/G","T/T","C/T","T/T","C/T","G/T","G/G","G/G","C/T","TT/TT","G/T","T/T","C/C","A/A","A/A","C/T","G/G","C/C","T/T",NA,"A/C","A/A","C/C"
"5","z0134112","A/A","A/A","AG/CG","TC/TC","A/G","G/G","A/G","A/G","AG/GG","C/C","CG/CG","CA/TA","CT/CT","CG/CG","A/G","GT/GT","AG/AG","G/G","C/C","C/G","GG/TG","CT/CT","C/T","AC/AT","GC/GC","G/G","A/A","C/C","C/T","GG/GG","TC/TT","G/G","G/G","C/T","C/C","C/C","A/C","TA/TA","T/T","G/G","C/C","C/T","A/G","AG/CA","C/C","AT/TT","CT/CT","TC/TC","TAC/TGA","G/G","AT/GC","A/G","CA/CA","A/A","GC/GG","A/G","GT/GT","AG/AG","G/G","T/T","C/T","A/G","C/C","T/T","A/G","G/G","C/C","GA/GT","A/G","C/T","C/T","A/A","C/C","C/T","T/T","G/G","T/T","AA/AA","A/G","A/A","CA/CA","C/T","C/C","G/G","T/T","CC/CC","A/G","A/A","A/A","A/A","G/G","C/C","G/G","A/G","G/G","C/G","A/A","T/T","T/T","AGG/CTA","A/C","A/T","A/A","C/T","G/G","T/T","C/T","CC/TT","A/G","C/C","AC/GT","A/T","A/A","G/G","T/T","A/A","A/A","G/G","G/G","A/A","A/T","T/T","A/C","A/A","CC/TT","GC/GC","C/T","A/A","G/G","C/C","G/G","C/T","A/A","G/G","C/T","A/A","G/G","AT/AT","A/C","A/G","T/T","C/C","T/T","C/T","G/G","G/T","G/G","C/C","AT/TT","G/T","T/T","C/T",NA,"A/T","C/T","G/G","C/C","C/T","T/T","C/C","A/A","C/C"
"6","z0012481","A/A","A/A","AG/AG","CC/CG","A/A","A/G","A/A","A/A","AG/GG","C/C","CA/CG","TA/TA","TC/TC","CC/CC","A/A","GC/GT","AA/CG","G/G","C/T","C/G","GA/TG","CT/CT","T/T","AC/AC","GC/GC","G/G","A/A","C/T","T/T","GG/GG","TT/TT","G/G","G/G","C/C","A/A","C/C","C/C","TA/TA","T/T","G/G","C/T","C/T","A/G","CA/CA","C/C","AT/TT","CG/CT","CC/TC","TAC/TGA","G/G","GC/GT","A/A","CA/CC","A/G","GG/TC","G/G","GT/GT","AG/AG","G/G","T/T","C/T","A/A","C/C","T/T","G/G","G/G","C/T","GA/GA","A/G","C/T","C/T","A/A","C/C","T/T","T/T","G/G","C/C","AA/AA","A/A","A/A","CG/TG","T/T","C/C","A/G","T/T","CC/CC","A/G","G/G","A/A","A/G","G/G","A/A","G/G","G/G","G/G","G/G","A/A","C/T","T/T","CTA/CTA","A/A","T/T","A/C","T/T","G/G","G/T","C/C","TC/TC","A/G","T/T","GT/GT","T/T","A/A","G/G","C/T","A/T","G/G","G/G","A/G","A/A","T/T","C/T","A/C","A/A","CC/TC","AG/GC","C/C","A/A","G/G","C/C","C/G","C/T","A/A","G/G","C/C","C/C","A/G","AA/AT","C/C","A/G","G/T","C/T","T/T","C/T","G/T","G/G","G/G","C/T","AT/AT","T/T","T/T","C/T","A/A","A/A","T/T","G/G","A/C","C/T","C/T","C/C","A/G","C/C"
"7","z0032024",NA,"A/A","CA/CA","CG/CG","A/A","G/G","A/G","A/A","AG/AG","C/C","CA/CG","CC/TA","CC/CT","CC/CG","A/A","GT/GT","AG/CG","G/G","C/C","C/C","GG/TG","CT/CT","C/T","AC/AT","GC/GC","G/G","A/A","C/T","T/T","AG/GG","CT/TT","G/G","G/G","C/C","A/C","G/G","C/C","GA/TA","C/C","G/G","C/C","C/C","G/G","CA/CA","C/C","AT/TT","CT/TT","TC/TC","TGA/TGA","G/G","GC/GT","A/G","CA/CA","G/G","GG/GG","A/A","GA/GA","AG/GT","G/G",NA,"C/C","A/A","C/C","T/T","G/G","C/G","C/T","GT/GT","A/A","T/T",NA,"G/G","C/T","C/T","T/T","G/G",NA,"AA/AA","A/G","A/A","CG/CG","C/T","C/T","A/G","T/T","TT/TT","A/G","G/G","A/A","A/G","A/G","C/C","G/G","A/G","G/G","G/G","A/A","C/T","T/T","AGG/AGG","A/A",NA,"A/C","C/T","G/G",NA,"C/C","TC/TC","G/G","C/C","AC/AC","T/T","A/G","A/G","C/C","A/A","A/G","G/G","A/G","A/C","A/T","C/T","A/C","A/A","TC/TT","AG/AG","C/T","G/G","C/C","C/T","G/G","C/T","A/A","G/G","T/T","A/A","G/G","AT/GT","C/C","G/G",NA,"C/C","T/T","C/C","G/T","G/G","A/G","C/T","AT/AT","T/T","G/G","C/C","G/G","A/A","C/T","A/G","A/C","T/T",NA,"C/C","A/A","C/T"
"8","z0012509","G/G","A/A","CA/CA","CC/CC","A/G","G/G","G/G","A/A","GA/GA","C/C","AG/CA","CC/TA","CT/TC","CC/CG","A/A","GC/GC","AG/AG","A/G","C/C","G/G","GA/TG","CT/CT","C/C","AC/AT","AC/GC","G/G","A/A","T/T","T/T","AG/GG","TT/TT","G/G","G/G","C/C","A/C","G/G","C/C","TA/TA","C/T","G/G","C/C","C/C","A/G","AG/CA","C/T","AT/TT","CT/TT","TC/TC","TAC/TGA","G/G","GT/GT","A/G","CA/GC","A/A","GG/TC","G/G","AA/GT","AG/AT","G/G","T/T","C/C","A/A","C/G","T/T","A/G","C/C","T/T","AA/GA","A/G","C/T",NA,"A/A","C/C","C/T","T/T","G/G","C/T","AA/AA","A/G","A/A","CG/CG","C/T","C/C","A/G","T/T","CC/CC","A/G","A/G","A/G","G/G","G/G","A/C","G/G","A/G","A/G","G/G","A/A","C/T","T/T","CTA/CTA","A/A","A/T","A/A","C/C","G/G","G/T","T/T","TC/TC","A/G","C/T","GT/GT","A/T","A/A","G/G","C/C","A/T","A/G","G/G","A/G","A/A","T/T","C/C","C/C","A/A","CC/TC","GC/GC","C/T","G/G","C/C","C/C","G/G","C/T","A/A","A/G","C/C","A/C","G/G","AT/AT","C/C","G/G","G/T","C/C","T/T","C/T","G/G","G/T","A/G","C/C","AT/AT","G/T","T/T","C/C",NA,"A/T","C/T","A/G","A/C","C/C","C/T","C/C","A/A","C/T"
"9","z0012521","A/G","A/A","CA/CG","CG/TG","A/G","G/G","A/A","A/G","GG/GG","C/C","AG/CG","CC/CC","CT/CT","CC/CG","G/G","GT/GT","AA/CG","A/G","C/T","C/G","GA/GG","CT/CT","T/T","AC/AC","GC/GC","G/G","A/A","T/T","C/T","AG/AG","CT/CT","G/G","A/G","C/C","A/C","C/C","C/C","TA/TG","T/T","A/G","C/C","T/T","G/G","AA/CA","C/T","TT/TT","TT/TT","CT/TC","TAC/TGA","G/G","GC/GT","G/G","CC/CC","A/G","GC/GG","G/G","GT/GT","AG/AG","G/G","T/T","C/C","G/G","C/G","T/T","G/G","G/G","C/T","GA/GT","G/G","C/C","C/C","A/A","C/C","C/T","C/T","G/G","C/C","AA/AA","A/G","A/A","CA/CA","C/T","C/C","A/G","T/T","CC/CC","A/G","G/G","A/A","G/G","G/G","C/C","G/G","A/A","G/G","G/G","A/A","C/T","T/T","CTA/CTA","A/C","A/T","A/A","C/C","G/G","G/G","C/C","CC/TT","G/G","C/C","GT/GT","A/A","A/G","A/G","T/T","A/A","A/A","G/G","G/G","A/A","T/T","T/T","C/C","A/A","TC/TC","GC/GC","C/T","A/G","C/C","C/T","C/G","C/T","A/A","A/G","C/C","A/A","A/G","AA/GT","A/A","G/G",NA,"C/C","T/T","C/C","T/T","T/T","A/G","C/C","AT/AT","G/T","T/T","C/T","A/A","T/T","T/T","G/G","A/C","C/T","T/T","C/C","A/G","C/T"
"10","z0117103","A/G","A/A","CA/CA","CG/TC","A/G","G/G","A/G","A/A",NA,NA,"CA/CA","TA/TA","TC/TC","CC/CC","A/A","GT/GT","AG/AG",NA,"C/C","C/G","GG/TG","CT/CT","C/T","AC/AT","AC/GC","G/G","A/A","T/T","T/T","GG/GG","TC/TT","G/G","A/G","C/C","A/A","C/G","C/C","GA/TG","T/T","G/G","C/C","C/T","G/G",NA,"C/C","AT/TT","CG/TT","TC/TC","CAC/TAC","G/G","GC/GC","G/G","CC/GC","A/A","GG/GG","A/G","GT/GT","AG/AG","A/G",NA,"C/C","A/A","C/C","C/T","A/G","C/G","C/T","GA/GA","G/G","C/C",NA,"A/A","C/C","C/C","C/T","G/G",NA,"AA/CG","G/G","A/A","CG/CG","T/T","C/T","A/A","T/T","CC/CC","A/G","A/G","A/A","A/A","G/G","A/C","G/G","A/A","A/G","C/G","A/A","C/C","C/T","CTA/CTA","A/A","T/T","A/C","T/T","G/G",NA,"C/C","CC/TC","G/G","C/T","GT/GT","T/T","A/A","G/G","C/C","A/T","A/A",NA,"G/G","A/C","T/T","C/T","A/C","A/A","TC/TT","GC/GC","T/T","A/G","C/C","T/T","C/G","C/T","A/G","G/G",NA,"A/A","A/G","AT/AT","C/C","G/G",NA,"C/T","T/T","C/T","G/G","G/T","A/A","C/C","AT/AT","G/G","T/T","C/C","A/A","A/A","C/T","A/A","C/C","T/T",NA,"C/C","A/A","C/C"
"11","z0016884","A/G","A/A","CA/CA","CG/TC","A/A","G/G","A/G","A/G","GA/GA","C/C","AG/AG","CA/TA","CT/CT","CC/CG","A/A","CT/GC","AA/AG","G/G","C/C","C/G","TG/TG","CT/CT","C/C","AC/AT","AC/AC","C/G","A/A","C/T","C/T","GG/GG","CT/TT","G/G","G/G","C/C","A/A","G/G","C/C","TA/TA","T/T","G/G","C/T","C/T","G/G","AA/CA","C/C","AC/AT","TT/TT","CC/CC","CAC/TAC","G/G","AT/GT","A/G","CA/CC","A/G","GC/GC","G/G","GT/GT","AG/AT","A/G","T/T","C/T","G/G","C/G","C/T","G/G","C/C","T/T","GA/GT","A/A","C/C","C/C","A/A","C/T","T/T","T/T","G/G","C/T","AA/AA","G/G","A/A","CG/CG","T/T","C/T","G/G","C/T","CC/CC","A/G","G/G","A/A","A/G","G/G","A/C","G/G","G/G","G/G","G/G","A/A","C/C","T/T","AGG/CTA","A/A","T/T","A/C","T/T","G/G","T/T","T/T","TC/TC","A/G","C/C","AC/GT","T/T","A/G","A/G","T/T","A/T","A/G","G/G","G/G","A/C","A/T","T/T","C/C","A/A","TT/TT","AG/AG","C/C","A/G","G/G","C/T","C/C","C/T","A/A","G/G","C/C","A/A","G/G","AA/AT","A/A","G/G",NA,"C/T","T/T","C/T","G/G","G/T","A/A","C/C","AT/AT","G/T","T/T","C/T","A/G","A/A","T/T","A/G","A/A","T/T","C/T","C/C","A/G","T/T"
"12","z0178011","A/G","G/G","CA/CG","CG/TC","A/G","G/G","A/A","A/G","GA/GA","C/C","CA/CG","TA/TA","CT/TC","CC/CG","A/A","GC/GC","AG/AG","G/G","C/C","C/G","GA/GG","CT/CT","C/C","AC/AT","GC/GC","G/G","A/A","T/T","C/T","GG/GG","CT/TC","G/T","A/A","C/C","C/C","C/G","C/C","TA/TG","T/T","G/G","C/C","C/C","G/G","AG/CA","C/C","AT/AT","CT/TT","CC/TC","TAC/TAC","G/G","AT/AT","G/G","CA/CA","A/A","GG/GG","G/G","GA/GA","AG/AT","G/G","C/C","C/T","A/A","C/C","T/T","G/G","C/C","C/C","GA/GT","G/G","T/T","C/C","A/G","C/C","T/T","T/T","G/G","C/T","AA/AA","G/G","A/G","CA/TG","T/T","C/C","A/G","T/T","CC/CC","A/G","A/G","A/A","G/G","A/G","A/A","A/G","A/G","G/G","G/G","A/A","C/T","T/T","CTA/CTA","A/A",NA,"A/C","T/T","G/G","G/T","C/C","TC/TC","A/G","C/T","GC/GT","A/T","A/G","A/G","C/T","A/A","A/A","G/G","G/G","A/C","T/T","C/T","C/C","A/A","TC/TC","GC/GC","C/C","G/G","G/G","C/C","C/C","C/C","A/G","G/G","C/T","A/C","A/G","AT/GT","C/C","G/G","T/T","T/T","T/T","C/C","G/G","G/G","A/G","C/C","AT/AT","T/T","G/T","C/T","A/A","A/T","T/T","G/G","A/A","C/T","C/T","C/C","A/A","C/T"
"13","z0006802","A/G","A/G","AG/CA","CC/TC","A/A","G/G","A/G","A/A","AG/GA","C/C","AG/CG","TA/TA","CT/TC","CC/CG","A/A","GT/GT","AG/AG","A/G","C/C","C/G","TG/TG","CT/CT","C/T","AC/AC","GC/GC","G/G","A/A","C/C","C/C","GG/GG","TT/TT","G/G","G/G","C/C","A/A","C/C","C/C","TA/TG","T/T","G/G","C/C","C/T","A/G","CA/CA","C/C","AT/TT","CG/CG","TC/TC","TAA/TAC","G/G","GT/GT","A/G","CA/CC","A/G","GG/TG","G/G","GT/GT","AG/AG","G/G","T/T","C/T","A/A","C/C","T/T","G/G","C/G","C/T","GA/GA","G/G","C/T","C/C","A/G","C/C","C/T","T/T","G/G","C/C","AA/CG","A/A","A/A","CA/CG","C/T","C/C","A/G","T/T","CC/CC","A/G","G/G","A/A","G/G","G/G","A/C","G/G","A/G","G/G","G/G","A/A","C/T","C/T","CTA/CTA","A/C","T/T","A/A","T/T","G/G","G/G","C/C","TC/TC","G/G","C/T","GT/GT","T/T","A/A","G/G","T/T","A/T","A/G","G/G","A/G","A/A","A/A","C/T","C/C","A/A","TC/TT","GC/GC","C/T","A/A","G/G","C/C","C/G","C/C","A/G","G/G","C/T","A/C","A/A","AT/GT","C/C","A/G","T/T","C/T","T/T","T/T","T/T","G/G","A/G","C/C","AT/AT","T/T","T/T","C/T",NA,"A/A","T/T","G/G","C/C","T/T","C/T","C/C","A/G","C/C"
"14","z0178014","A/G","A/G","CA/CG","CG/TC","A/G","G/G","G/G","G/G","GA/GA","C/C","CG/CG","CA/CC","CT/CT","CG/CG","A/A","GT/GT","AA/CG","G/G","C/T","C/G","GA/TG","CT/CT","C/C","AC/AT","AC/GC","G/G","A/A","T/T","T/T","AG/GG","CT/TT","G/T","G/G","C/C","A/A","C/G","C/C","TA/TG","T/T","G/G","C/T","C/T","G/G","AA/AG","C/C","TT/TT","CT/CT","TC/TC","TAC/TAC","G/G","GC/GT","A/G","CA/CA","A/A","GC/GG","G/G","GA/GT","AG/AT","G/G","T/T","C/T","G/G","C/G","T/T","A/G","G/G","T/T","GA/GT","G/G","C/C","C/T","A/A","C/C","C/C","T/T","G/G","C/C","AA/CG","G/G","A/A","CG/CG","T/T","C/C","A/A","C/C","CC/CC","A/G","A/G","A/A","A/G","G/G","A/A","A/G","A/A","G/G","C/G","A/A","C/C","T/T","AGG/CTA","A/A",NA,"A/A","C/T","A/G","G/T","C/T","CC/TT","A/G","C/T","GC/GT","A/T","A/A","G/G","C/T","T/T","A/A","G/G","G/G","A/A","A/T","C/T","A/C","A/C","TT/TT","AG/GC","C/T","A/A","C/C","T/T","C/C","C/T","A/A","G/G","C/C","A/C","G/G","AT/AT","C/C","G/G","G/T","C/T","T/T","C/C","G/T","T/T","A/A","C/C","AT/TT","G/G","G/T","T/T","A/A","A/A","C/T","G/G","A/C","C/T","T/T","C/C","A/A","C/T"
"15","z0032031",NA,NA,"CG/CG","CC/CG","A/G","A/G","A/A","A/A","GA/GG",NA,"CG/CG","TA/TA","CT/TC","CC/TG","A/A",NA,"AG/AG",NA,"C/C",NA,"GA/GG","CT/CT","C/T","AC/AC","GC/GC","G/G","A/A","T/T","C/C","GG/GG","TC/TT","G/T","G/G","C/C","A/A","C/G",NA,"TA/TA","T/T","G/G","C/C","C/C","G/G",NA,"C/T",NA,"CT/TT","TC/TC","TGA/TGA","G/G","AT/GT","A/G","CA/GC","A/G","GG/TC","A/G","GT/GT","AG/AT","G/G","T/T","C/T","A/A","C/G","C/T","A/G","C/C","C/T","GA/GT","G/G","C/T",NA,"A/A","C/C",NA,"T/T","G/G","C/T","AA/AA","A/A","A/A","CG/TG","T/T","C/C","A/A","C/T","CC/CC","G/G","A/G","A/G","A/A","G/G","A/A","G/G","A/A","G/G","G/G",NA,"C/C","T/T","AGG/CTA","A/A","T/T","C/C","C/T","G/G","G/T","C/C","TC/TC","G/G","C/C","GT/GT","A/A","A/G","A/G","C/T","A/A","A/G","A/G","A/G","A/A","A/T","C/T","C/C","A/A","TC/TT","GC/GC","C/C","G/G","C/G","C/T","G/G","T/T","A/A","G/G","C/T","A/A","G/G","AA/AT","C/C","G/G",NA,"C/T","A/T","C/C","G/G","G/T","A/G","C/C","TT/TT","G/T","G/G","C/C","A/A","T/T","T/T","G/G","A/C","C/T",NA,"C/C","A/A","C/C"
"16","z0012480",NA,"A/G","CA/CA","CG/CG","A/A","G/G","G/G","A/G","AG/GA",NA,"CA/CG","CA/CC","CT/CT","CC/CG","A/A","GT/GT","AG/CG",NA,"C/C","G/G","TG/TG","CT/CT","C/C","AT/AT","AC/GC","G/G","A/A","T/T","T/T","GG/GG","CT/TC","G/G","G/G","C/C","A/C","G/G",NA,"TA/TG","T/T","A/G","C/C","T/T","G/G",NA,"C/T",NA,"CT/TT","TC/TC","TAA/TAC","G/G","AT/GT","A/G","CA/CC","A/A","GG/GG","G/G","GT/GT","AG/GT","A/G","C/T","C/C","A/G","C/G","T/T","A/G","G/G","C/C","GA/GA","G/G","T/T","T/T","A/G","C/T","T/T","T/T","G/G","C/C","AA/AA","G/G","A/A","CA/TG","T/T","C/C","A/G","T/T","CC/CC","G/G","A/G","A/A","A/A","G/G","C/C","G/G","A/G","A/G","G/G",NA,"C/C","T/T","AGG/CTA","A/C","A/T","A/C","C/C","G/G","T/T","C/T","TC/TT","G/G","C/T","GC/GT","A/A","A/G","A/G","T/T","A/T","A/A","G/G","G/G","A/C","A/T","C/T","C/C","A/A","TC/TT","AG/AG","C/C","A/G","C/C","C/T","C/C","C/T","A/G","G/G","C/C","A/A","G/G","AT/AT","A/C","A/G",NA,"C/T","T/T","C/T","G/T","G/G","A/A","C/C","TT/TT","G/G","G/T","C/C","A/A","T/T","T/T","A/G","A/A","T/T","C/T","C/C","A/G","T/T"
"17","z0117088",NA,"A/A","CA/CG","CG/TG","A/A","A/G","A/G","A/G",NA,NA,"AG/CG","TA/TA","TC/TC","CG/CG","A/G",NA,"AG/CG",NA,"C/C",NA,"GG/TG","CT/CT","C/T","AC/CT","AC/GC","G/G","A/A",NA,"T/T","GG/GG","CT/TT","G/G",NA,"C/C","A/A","C/C","C/C","TA/TG","C/T","A/G","C/C",NA,"G/G",NA,"T/T",NA,"CT/TT","TC/TC","TAA/TAC","G/G","AT/AT","G/G","CA/CA","A/A","GC/GC",NA,"GA/GT","GT/GT","G/G",NA,"C/C","A/A","G/G","C/T","G/G","G/G","C/C","GA/GA","G/G","C/C",NA,"G/G","C/C","C/T","C/T","G/G",NA,"AA/AA","G/G","A/A","CG/CG","T/T","T/T","A/G","T/T","CC/TT","A/G","G/G","A/A","A/G","G/G","A/A","G/G","A/G",NA,"G/G",NA,"C/T","T/T","CTA/CTA","A/A",NA,"A/A","T/T","G/G",NA,NA,"TC/TC",NA,NA,"AC/GT","T/T","A/A","G/G","C/C","A/A","G/G",NA,"A/G","A/C","T/T","T/T","A/C","A/A","CC/TC","AG/GC","C/C",NA,"C/G",NA,"C/G",NA,"A/G","A/G",NA,"A/C","G/G","AT/AT","A/C","G/G",NA,"C/C","T/T","C/T","G/T",NA,"A/A","T/T","TT/TT","G/T","T/T","C/T","A/A","A/A","C/C","A/G","A/A","C/T",NA,"C/C","A/A",NA
"18","z0012519","A/G","A/A","CG/CG","CC/CG","A/A","G/G","G/G","A/G","AG/GA","C/C","AG/CA","CC/CC","CT/TC","CC/CG","A/A",NA,"AG/CG","G/G","T/T","G/G","TG/TG","CT/CT","C/C","AT/AT","AC/GC","G/G","A/G","T/T","T/T","GG/GG","TC/TT","G/T","G/G","C/C","A/A","C/G","A/C","TA/TA","T/T","G/G","C/C","C/T","G/G","AA/CA","C/T","AT/AT","CT/TT","TC/TC","TAA/TGA","G/G","AT/GT","A/G","CA/CA","A/G","GG/TC","G/G","GA/GT","AG/GT","G/G","T/T","C/C","A/G","C/C","T/T","G/G","C/G","C/T","AA/GA","G/G","C/C","C/C","A/G","C/C","C/T","T/T","G/G","C/T","AA/AA","A/A","A/A","CA/CG","C/T","C/T","G/G","C/T","CC/TT","G/G","A/G","A/G","A/A","G/G","C/C","G/G","A/A","G/G","G/G","A/A","C/T","C/T","CTA/CTA","A/A","A/T","A/A","C/T","G/G","T/T","C/C","TC/TC","G/G","C/T","GT/GT","T/T","A/G","A/G","C/C","A/T","A/G","G/G","G/G",NA,"A/A","C/T","C/C","A/A","TC/TC","AG/GC","C/C","A/G","C/C","C/T","G/G","T/T","A/G","G/G","C/C","A/A","G/G","AA/AT","A/A","G/G",NA,"C/C","T/T","C/T","G/G","G/T","G/G","C/C","AT/AT","G/T","T/T","C/C","A/A","A/T","T/T","G/G","C/C","T/T","C/C","C/C","A/A","T/T"
"19","z0178009","A/A","A/G","CG/CG","CC/CC","G/G","A/G","A/G","G/G","GA/GA","C/C","CA/CG","TA/TA","CC/CT","CG/CG","A/A","GC/GT","AG/AG","G/G","C/C","G/G","GG/TG","CT/TA","T/T","AC/AT","GC/GC","G/G","A/A","C/T","C/T","GG/GG","CT/TT","G/G","A/G","C/C","A/A","G/G","C/C","TA/TG","C/T","G/G","C/C","C/T","G/G","CA/CA","C/C","AC/TT","TT/TT","TC/TC","TAC/TGA","G/G","GT/GT","A/G","CA/CA","A/G","TC/TG","G/G","GA/GT","AG/GT","A/A","T/T","C/C","A/A","C/C","T/T","A/A","C/G","C/T","GA/GT","G/G","C/T","C/C","G/G","C/T","C/C","C/T","C/G","C/C","AA/AA","A/A","A/G","CG/CG","T/T","C/C","A/G","T/T","CC/CC","G/G","G/G","A/A","A/A","G/G","C/C","A/G","G/G","G/G","G/G","A/A","C/T","T/T","CTA/CTA","A/C","T/T","A/A","C/T","G/G","T/T","C/C","TC/TC","G/G","T/T","GT/GT","T/T","A/G","A/G","C/C","A/T","G/G","G/G","G/G","A/A","T/T","C/T","A/C","A/A","CC/TC","AG/AG","C/T","A/G","C/G","C/C","C/G","C/C","A/G","G/G","C/C","A/C","G/G","AT/AT","C/C","G/G","G/T","C/C","T/T","C/C","G/G","G/G","A/A","C/C","AT/TT","G/T","T/T","T/T","G/G","T/T","T/T","A/G","C/C","C/T","T/T","A/C","A/G","C/T"
"20","z0035352","A/G","A/A","CG/CG","CG/TC","A/A","G/G","A/A","G/G","GG/GG","C/T","CG/CG","CC/TA","CT/CT","CG/CG","A/G","GT/GT","AG/CG","G/G","C/C","C/G","TG/TG","CT/CT","T/T","AC/CT","GC/GG","C/G","A/A","T/T","C/T","GG/GG","TC/TC","G/G","G/G","C/T","A/C","C/G","C/C","GA/TG","C/T","A/A","C/T","C/T","G/G","AG/CA","C/C","AT/TT","CT/TT","CT/TC","TAA/TAA","G/G","GC/GC","A/A","CC/CC","A/G","GC/GG","A/A","GT/GT","AG/GT","A/G",NA,"C/C","A/A","C/C","T/T","G/G","C/G","C/T","AA/AA","G/G","C/T","T/T","A/G","C/C","C/T","C/T","G/G","C/C","AA/AA","A/G","A/A","CG/TG","T/T","C/C","A/G","T/T","CC/CC","G/G","G/G","A/A","A/A","G/G","A/C","G/G","A/G",NA,"C/G","A/A","C/C","T/T","CTA/CTA","A/A","A/T","A/A","C/T","G/G","T/T","C/T","TC/TC","G/G","C/T","GT/GT","T/T","A/A","G/G","C/T","A/T","A/A","G/G","G/G",NA,"A/T","C/T","A/C","A/C","TC/TT","GC/GC","C/C","G/G","C/C","T/T","C/G","C/C","G/G","G/G","C/T","A/C","G/G","AT/AT","A/C","G/G","T/T","T/T","A/T","C/T","T/T","G/T","A/A","C/C","AT/TT","G/T","T/T","C/C","A/A","A/T","T/T","G/G","A/A","C/T","T/T","A/C","A/A","T/T"
"21","z0006800",NA,"A/A","AG/CA","CG/TC","A/G","G/G","A/A","A/G",NA,NA,"CA/CG","TA/TA","CT/TC","CC/CG","A/A","CT/GT","AG/CG","A/G","C/T",NA,"TG/TG","CT/CT","T/T","AC/AC","GC/GG","G/G","A/A","T/T","C/T","GG/GG","TT/TT","G/G","G/G","C/C","A/C","C/G","C/C","TA/TA","C/C","G/G","C/C","C/C","A/G","AA/CA","C/C","AT/TT","CG/CT","CC/TC","TAC/TAC","G/G","AT/GT","G/G","CA/CA","A/A","GG/TC","A/G","GT/GT","AG/AG","G/G","T/T","C/T","A/G","G/G","C/T","G/G","G/G","C/C","GA/GA","G/G","C/T","C/C","A/G","C/C","C/C","T/T","C/G","C/C","AA/AA","A/A","A/A","CG/TG","T/T","C/C","G/G","T/T","CC/CC","G/G","A/A","A/A","A/G","G/G","A/A","A/G","A/G","G/G","G/G","A/A","C/C","T/T","CTA/CTA","A/A","T/T","A/C","C/C","A/G","T/T","C/C","TC/TC","A/A","C/T","GT/GT","T/T","A/A","G/G","C/T","A/T","A/G","G/G","A/G","A/C","A/T","T/T","A/C","A/C","CC/TT","GC/GC","C/C","G/G","C/G","C/C","C/C","C/T","A/A","G/G","C/T","A/A","G/G","AT/GT","A/C","A/A","G/T","C/T","T/T","C/C","G/G","T/T","A/G","C/C","AT/AT","G/T","T/T","C/C","A/A","A/T","C/T","A/G","A/A","C/C","T/T","C/C","A/G","C/T"
"22","z0216930","A/G","A/A","CA/CA","CG/TC","A/G","A/G","A/A","A/A","GA/GA","C/C","CA/CA","CC/TA","CT/TC","CC/CC","A/A","GT/GT","AG/CG","A/A","C/C","G/G","GG/TG","CT/TA",NA,"AC/AC","GC/GC","G/G","A/A","C/T","C/T","GG/GG","TC/TT","G/G","G/G","C/C","A/C","C/G","A/C","TA/TG","C/T","G/G","C/C","C/T","G/G","AA/CA","C/T","AC/AT","CG/CT","CC/TC","CAC/TAC","G/G","AT/GT","G/G","CA/CA","A/A","GC/TC","G/G","GA/GT","AG/AG","G/G","C/T","C/C","A/A","C/C","C/T","G/G","C/G","C/T","AA/GA","G/G","T/T","C/C","A/G","C/T","T/T","T/T","G/G","C/T","AA/AA","A/A","A/A","CG/CG","C/C","C/T","A/A","T/T","CC/CC","A/G","G/G","A/A","A/G","G/G","A/A","G/G","A/G",NA,"C/G","A/A","C/C","C/T","CTA/CTA","C/C","A/T","A/C","T/T","A/G","G/T","C/T","CC/TC","G/G","C/C","GT/GT","A/T","A/A","G/G","T/T","A/T","G/G","G/G","A/A","A/C","A/A","C/T","C/C","A/A","TC/TT","AG/GC","C/C","G/G","C/G","C/C","C/G","C/T","G/G","G/G","C/T","A/C","G/G","AA/AT","A/C","G/G","T/T","C/T","A/T","T/T","G/T","G/G","A/A","C/C","AT/TT","T/T","T/T","C/T",NA,"A/A","C/T","A/G","A/C","T/T","C/C","A/C","A/A","T/T"
"23","z0216928","G/G","A/A","CA/CG","CG/CG","A/G","A/G","A/A","A/G","AG/GG","C/T","AG/AG","CC/TA","CC/TC","CC/TG","A/A","GT/GT","AG/CG","G/G","C/C","C/C","GA/GA","CT/CT","T/T","AT/AT","GC/GC","G/G","A/G","T/T","T/T","GG/GG","CT/TC","G/G","G/G","C/T","A/A","C/G","C/C","TG/TG","T/T","G/G","C/T","T/T","G/G","CA/CA","C/C","AT/AT","CT/CT","TC/TC","CAC/CAC","G/G","GC/GT","A/G","CA/CA","A/G","GG/GG","G/G","GA/GT","AT/GT","A/G","T/T","C/T","A/A","C/G","C/T","G/G","C/G","C/C","GA/GA","G/G","C/C","C/T","A/G","C/C","C/T","T/T","C/G","C/C","AA/AA","A/G","A/A","CG/TG","T/T","C/C","G/G","T/T","CC/TT","A/G","G/G","A/G","G/G","G/G","A/C","G/G","A/A",NA,"G/G","A/A","C/C","C/T","CTA/CTA","A/C",NA,"A/C","C/T","G/G","T/T","C/C","TC/TC","A/G","C/T","GT/GT","T/T","A/A","G/G","C/C","A/A","A/G","G/G","G/G","A/A","T/T","C/C","C/C","A/A","TC/TC","AG/GC","C/C","A/G","C/G","C/C","C/C","T/T","A/A","G/G","C/C","A/C","G/G","AT/AT","A/C","G/G","T/T","C/C","T/T","C/C","G/T","G/G","A/G","C/C","AT/TT","T/T","T/T","T/T",NA,"A/A","C/T","A/G","A/C","C/T","T/T","A/C","A/A","C/C"
"24","z0006799","A/G","A/G","AG/CG","CG/TC","A/A","A/G","A/G","A/G","AG/GA","C/T","CG/CG","CC/TA","TC/TC","CC/TG","A/A","CT/GT","AG/CG","G/G","C/C","C/G","GA/TG","CT/CT","C/T","AC/AT","GC/GC","G/G","A/A","T/T","C/T","GA/GG","CT/TC","G/G","G/G","C/C","A/C","C/C","C/C","GA/TG","T/T","G/G","C/T","C/T","G/G","CA/CA","C/C","AC/TT","CT/CT","TC/TC","TAC/TGA","G/G","AT/GT","A/G","CA/CA","A/A","GG/GG","G/G","AT/GT","AG/GT","G/G","T/T","C/C","A/A","G/G","T/T","A/A","G/G","C/C","AA/GT","G/G","T/T","C/T","A/G","C/C","C/T","C/T","G/G","C/T","AA/AA","A/A","A/A","CA/TG","C/C","C/T","G/G","C/T","CC/TT","G/G","A/G","A/G","A/G","G/G","A/C","A/G","A/A","G/G","G/G","A/A","C/C","C/T","CTA/CTA","A/A","T/T","C/C","T/T","A/G","T/T","C/T","TC/TT","G/G","C/T","GT/GT","T/T","A/A","G/G","C/T","A/A","G/G","G/G","G/G",NA,"A/T","T/T","C/C","A/C","TC/TT","AG/GC","C/T","A/G","C/C","C/C","C/G","C/T","A/A","G/G","C/C","A/C","A/G","AT/AT","C/C","A/G","G/T","C/T","T/T","C/T","G/G","G/G","A/A","C/T","AT/AT","G/T","T/T","C/C",NA,"T/T","C/T","A/A","C/C","T/T","T/T","A/C","A/A","T/T"
"25","z0216904","A/A","A/G","CG/CG","CG/CG","A/A","A/A","A/A","A/G","GA/GA","C/C","AG/CG","CC/CC","CC/CT","CC/CG","A/A","GC/GT","AG/CG","A/A","C/T","G/G","GA/TG","CT/CT","C/C","AT/CT","AC/AC","G/G","A/A","T/T","C/C","GG/GG","CT/TT","G/G","A/G","C/T","A/A","C/C","C/C","TA/TA","T/T","G/G","C/C","C/C","G/G","AG/CA","C/C","TT/TT","CT/CT","CT/TC","CAC/TAA","G/G","GT/GT","A/G","CC/CC","A/A","GC/GG","A/G","GT/GT","AG/AG","G/G","C/T","C/C","A/A","C/C","T/T","G/G","G/G","T/T","AA/GA","G/G","C/C","C/T","G/G","C/C","C/T","T/T","G/G","C/C","CG/CG","G/G","A/A","CA/CG","C/T","C/T","A/G","T/T","CC/CC","G/G","G/G","A/A","G/G","G/G","A/C","G/G","A/G",NA,"G/G","A/A","C/C","C/T","CTA/CTA","A/C",NA,"A/A","C/C","G/G","G/G","C/T","TC/TT","G/G","C/T","GC/GT","T/T","A/A","G/G","C/T","A/T","A/G","A/G","G/G","A/C","A/T","C/T","C/C","A/A","TC/TT","GC/GC","C/C","A/G","C/C","C/T","C/G","C/T","A/A","G/G","C/C","A/C","G/G","AT/AT","A/C","A/A","T/T","C/T","T/T","C/C","G/T","G/G","A/A","C/T","AT/AT","T/T","G/T","C/T",NA,"A/A","C/C","A/G","A/A","T/T","C/T","A/A","A/G","T/T"
"26","z0026450","G/G","A/A","CA/CG","TC/TC","A/A","A/G","A/G","A/G","AG/GA","C/C","AG/CG","CA/TA","TC/TC","CC/CG","A/G","GT/GT","AG/AG","G/G","C/C","C/G","TG/TG","CT/TA","C/T","AC/AC","GC/GG","G/G","A/A","C/T","C/T","GG/GG","TT/TT","G/G","G/G","C/C","A/C","C/C","C/C","TA/TG","T/T","G/G","C/C","T/T","A/G","AG/CA","C/T","AT/AT","TT/TT","TC/TC","TAA/TGA","G/G","GC/GT","A/G","CA/CA","A/A","GC/TC","A/G","AT/GA","AG/AT","G/G","T/T","C/T","A/A","C/C","C/T","G/G","C/G","C/T","GA/GA","G/G","C/C","T/T","A/G","C/C","T/T","C/T","G/G","C/T","AA/CG","G/G","A/A","CA/TG","C/T","C/T","G/G","T/T","CC/CC","G/G","G/G","A/A","A/G","G/G","A/A","A/G","A/G","G/G","G/G","A/A","C/T","T/T","AGG/CTA","A/A","A/T","A/C","C/T","A/G","T/T","C/C","TC/TT","A/G","C/T","GT/GT","T/T","A/A","G/G","C/C","A/A","A/A","G/G","G/G","A/A","T/T","C/T","A/A","A/C","TC/TT","AG/AG","C/T","A/G","C/C","T/T","C/C","T/T","A/A","G/G","T/T","A/C","G/G","AT/AT","A/A","A/G","T/T","T/T","T/T","C/T","G/T","G/G","A/G","C/C","AT/TT","T/T","T/T","C/C","A/A","A/A","T/T","A/G","A/C","C/T","T/T","C/C","A/A","T/T"
"27","z0012492","G/G","A/G","CG/CG","CG/TC","A/A","G/G","A/G","A/G","AG/GA","C/C","CG/CG","CC/TA","CT/TC","CG/CG","A/A","GC/GT","AG/AG","A/G","C/C","G/G","GA/GG","CT/CT","C/T","AC/AT","GC/GC","G/G","A/A","T/T","T/T","GG/GG","CT/TC","G/G","G/G","C/C","A/C","C/C","A/C","GA/TA","T/T","A/A","C/C","C/C","G/G","AG/CA","T/T","AT/AT","TT/TT","TC/TC","TAC/TAC","G/G","GT/GT","G/G","CA/CA","G/G","GG/TC","A/A","GA/GT","AG/AT","A/A","T/T","C/T","A/A","C/G","T/T","G/G","G/G","C/T","AA/GT","A/G","T/T","C/C","A/G","C/C","T/T","C/T","G/G","C/C","AA/AA","A/A","A/A","CA/CG","C/T","C/T","G/G","T/T","CC/CC","G/G","G/G","A/A","A/G","G/G","A/A","G/G","A/G","A/G","C/G","A/A","C/C","T/T","CTA/CTA","A/A","A/T","A/A","C/C","A/G","T/T","C/C","TC/TC","G/G","C/T","GT/GT","A/T","A/A","G/G","C/T","A/T","A/A","G/G","G/G","A/A","T/T","C/T","A/C","A/C","TC/TT","AG/GC","C/T","G/G","C/G","C/C","C/C","T/T","A/A","G/G","C/C","A/C","A/G","AA/AT","C/C","G/G","T/T","C/C","T/T","C/C","G/T","G/T","A/A","C/C","AT/TT","G/G","T/T","C/C","A/A","A/A","T/T","G/G","C/C","T/T","T/T","C/C","A/G","C/T"
"28","z0026456",NA,"A/A","CA/CG","CG/TC","A/A","G/G","A/A","A/A",NA,NA,"CA/CG","TA/TA","CT/TC","CG/CG","G/G",NA,"AA/AG",NA,"C/C",NA,"GG/TG","CT/CT","C/C","AT/AT","GC/GC","G/G","A/A","T/T","T/T","GA/GG","TC/TT","G/G",NA,"C/T","C/C","C/G",NA,"TA/TA","C/T","G/G","C/C","C/T","A/G",NA,"C/T",NA,"CT/TT","CC/TC","TAC/TAC",NA,"GT/GT","A/A","CA/GC","A/G","GG/GG",NA,"GA/GA","AG/AG","G/G",NA,"C/C","A/A","C/G","T/T","A/G","C/C","T/T","GA/GA","A/G","T/T",NA,"G/G","C/C","C/T","T/T",NA,NA,"AA/AA","A/A","A/A","TG/TG","C/T","C/C","A/A","T/T","CC/CC","A/A","G/G","A/A","A/A","A/A",NA,"G/G","G/G","A/G","C/C",NA,"C/C","C/T","AGG/CTA","A/C","A/T","A/A","C/C","A/G",NA,"C/T","TC/TC","G/G","C/C","GT/GT","T/T","A/G","A/G","C/T","A/A","A/G","A/G","A/G","A/C","T/T","C/T","A/C","A/A","TC/TC","GC/GC","C/C","G/G","C/C",NA,"C/G","C/T","A/G","G/G",NA,"C/C","G/G","AT/AT","A/C","G/G",NA,"C/T","T/T","T/T","G/T","G/G","A/G","C/C","AT/AT","T/T","G/T","C/C","A/A","A/A","T/T","G/G","A/C","T/T",NA,"C/C","A/A","C/C"
"29","z0134113","G/G","A/A","CA/CG","CG/TC","A/G","G/G","A/A","G/G","GA/GG","C/T","CA/CA","CC/CC","CT/TC","CC/TG","A/A",NA,"AG/AG","G/G","C/C","C/G","GA/TG","CT/CT","C/T","AC/AT",NA,"C/G","A/A","T/T","T/T","GG/GG","TC/TT","G/G","G/G","C/C","A/A","G/G","A/C","GA/TA","C/T","A/G","C/C","C/T","G/G","AG/CA","C/T","AT/AT","CT/TT","TC/TC","CAC/TAA","G/G","AT/GT","A/A","CA/GC","A/G","GG/GG","G/G","GA/GT","AG/AG","A/G","C/T","C/C","A/A","C/C","T/T","G/G","C/G","C/T","GA/GA","G/G","C/C","C/C","A/G","C/C","C/T","T/T","C/G","C/T","AA/AA","G/G","A/A","CA/CG","T/T","C/T","G/G","C/T","CC/CC","G/G","A/G","A/A","A/G","G/G","C/C","G/G","A/G","G/G","C/G","A/A","C/T","T/T","AGG/CTA","A/A","T/T","A/A","C/T","A/G","G/G","C/C","TC/TC","G/G","C/C","GC/GT","A/T","A/A","G/G","C/T","A/A","A/A","A/G","G/G","C/C","A/T","C/C","C/C","A/A","TC/TT","GC/GC","C/T","A/A","C/G","C/C","C/G","T/T","A/A","G/G","T/T","A/C","G/G","AA/AT","C/C","A/G","G/T","C/C","T/T","C/T","G/G","G/T","A/A","C/C","AT/TT","T/T","G/T","C/C","A/A","A/T","T/T","G/G","A/C","C/C","T/T","C/C","A/A","C/T"
"30","z0037412","A/G","A/A","AG/CA","CC/CG","A/G","G/G","A/G","A/G","AG/AG","C/C","CG/CG","CC/TA","CT/CT","CC/CC","A/A","GT/GT","AA/AG","G/G","C/C","C/G","TG/TG","CT/TA","C/T","AC/CT","GC/GC","G/G","A/A","T/T","T/T","AG/GG","TC/TT","G/G","G/G","C/T","A/A","G/G","C/C","TA/TA","T/T","A/G","C/C","C/T","G/G","CA/CA","C/C","AT/TT","CG/TT","CC/TC","TAC/TAC","G/G","GT/GT","G/G","CA/CA","A/A","GG/TC","A/G","GA/GA","AG/GT","G/G","C/T","C/C","A/A","C/C","T/T","A/G","C/G","C/T","GA/GT","G/G","C/T","C/T","A/A","C/C","C/T","C/T","C/G","C/C","AA/AA","A/G","A/G","TG/TG","C/T","C/T","A/A","T/T","CC/CC","A/A","G/G","A/A","A/G","G/G","A/C","G/G","A/G","G/G","G/G","A/A","C/T","T/T","AGG/CTA","A/A","A/T","A/A","C/T","G/G","T/T","C/C","TC/TC","G/G","C/T","GT/GT","T/T","A/A","G/G","C/T","A/T","A/A","G/G","A/G","A/C","A/T","C/C","A/C","A/A","CC/TC","AG/AG","C/C","A/G","C/G","C/T","G/G","C/T","A/A","G/G","C/C","C/C","G/G","AT/GT","A/C","A/A","T/T","C/T","T/T","C/C","G/T","G/T","G/G","C/C","AT/TT","T/T","T/T","C/C",NA,"A/A","C/T","A/G","C/C","T/T","C/T","A/C","A/A","C/C"
"31","z0076695","A/G","A/A","CA/CA","CC/CG","G/G","A/G","A/G","A/G","GG/GG","C/C","CG/CG","CA/TA","TC/TC","CC/CG","A/G","CT/GT","AG/CG","A/G","C/C","G/G","TG/TG","CT/CT","T/T","AC/AT","GC/GC","G/G","A/A","T/T","C/T","GG/GG","CT/CT","G/G","G/G","C/T","A/C","C/G","C/C","TA/TA","C/T","G/G","C/C","C/T","G/G","CA/CA","C/T","AC/TT","TT/TT","TC/TC","TAC/TGA","G/G","GC/GC","G/G","CA/CA","A/G","GG/GG","A/G","GT/GT","AG/GT","G/G","C/T","C/T","A/A","C/G","C/C","A/G","G/G","C/T","GA/GT","G/G","C/C","C/C","A/G","C/T","C/T","T/T","G/G","C/T","AA/AA","A/A","A/A","CG/CG","T/T","C/T","A/A","C/T","CC/TT","A/G","G/G","A/A","G/G","G/G","C/C","G/G","G/G","A/G","G/G","A/A","C/C","T/T","CTA/CTA","A/A","T/T","A/A","C/T","A/G","G/T","T/T","TC/TC","G/G","C/C","GC/GT","T/T","A/A","G/G","C/C","A/T","G/G","G/G","G/G","A/C","A/A","T/T","C/C","A/A","TC/TT","AG/GC","C/T","A/G","C/C","C/C","C/G","T/T","A/A","G/G","C/C","A/A","G/G","AA/AT","A/C","G/G","T/T","C/T","T/T","C/T","G/G","G/G","A/A","C/C","AT/AT","G/T","G/G","C/T",NA,"A/T","T/T","G/G","A/C","C/C","C/T","C/C","A/A","C/C"
"32","z0012489","A/G","A/G","CA/CA","CG/CG","A/G","G/G","A/G","G/G","AG/GG","C/C","AG/CA","CC/TA","CC/CT","CG/TG","A/G","CT/GT","AG/AG","G/G","C/C","G/G","GA/TG","CT/TA","C/C","AC/AC","AC/GC","G/G","A/A","T/T","T/T","GG/GG","CT/TC","G/G","G/G","C/C","A/C","G/G","C/C","TA/TA","T/T","A/G","C/C","T/T","G/G","CA/CA","C/T","TT/TT","TT/TT","TC/TC","TAA/TAC","G/G","AT/GT","A/G","CA/CA","A/G","GC/GG","G/G","GA/GT","AG/AT","G/G","C/T","C/C","A/G","C/G","C/T","G/G","G/G","C/T","GA/GA","G/G","C/T","C/T","A/A","C/T","T/T","T/T","G/G","C/C","AA/AA","G/G","A/G","CG/TG","C/T","C/C","A/G","T/T","CC/CC","A/G","G/G","A/A","A/G","A/A","C/C","G/G","A/G","G/G","G/G","A/T","C/C","T/T","AGG/AGG","A/A","A/T","A/C","C/C","G/G","G/T","C/C","TC/TC","A/G","C/T","GC/GT","A/A","A/G","A/G","C/T","A/T","A/A","G/G","A/G","A/A","A/T","C/C","C/C","A/A","TC/TT","AG/AG","C/C","A/G","C/C","C/T","C/C","C/T","A/G","A/G","C/T","A/C","G/G","AT/AT","A/A","G/G","T/T","C/C","T/T","C/T","G/G","G/G","A/A","C/C","TT/TT","G/G","G/T","C/C","A/A","A/A","C/T","A/A","C/C","T/T","C/T","C/C","A/A","T/T"
"33","z0210588","A/G","A/A","AG/CG","CC/TC","A/G","A/G","A/A","A/G","AG/GA","C/C","AG/AG","CC/TA","CC/CT","CC/CG","A/A","GC/GT","AG/CG","G/G","C/C","C/G","GA/TG","CT/CT","C/C","AC/CT","AC/GG","G/G","A/A","C/T","T/T","GG/GG","TC/TT","G/G","G/G","C/C","A/A","C/G","C/C","TA/TA","C/T","G/G","C/T","C/C","G/G","AA/CA","C/C","AT/AT","CT/TT","TC/TC","TAC/TAC","G/G","AT/GT","G/G","CA/GC","A/G","GG/TC","A/G","AT/GA","AG/AT","G/G","T/T","C/T","A/A","C/C","C/T","G/G","C/G","C/T","AA/GT","A/G","C/T","C/C","A/G","C/C","C/T","T/T","G/G","T/T","AA/CG","A/G","A/A","CG/TG","C/T","C/T","G/G","C/T","CC/TT","G/G","G/G","A/A","G/G","G/G","C/C","G/G","A/A","G/G","G/G","A/A","C/C","T/T","CTA/CTA","A/C",NA,"C/C","T/T","G/G","T/T","C/C","TC/TC","A/G","C/T","GT/GT","T/T","A/G","A/G","C/C","A/T","A/G","G/G","G/G","A/C","T/T","T/T","A/C","A/C","TC/TT","GC/GC","C/C","G/G","C/C","C/T","C/G","T/T","A/G","G/G","C/C","A/C","A/G","AT/GT","A/C","A/G","T/T","C/C","T/T","C/T","G/G","G/T","A/G","C/C","AT/AT","T/T","T/T","C/T","A/A","A/T","C/T","G/G","C/C","T/T","C/T","A/C","A/A","C/T"
"34","z0012515","A/G","A/A","AG/CG","CG/TC","A/A","A/A","A/A","A/A","AG/GA","C/C","AG/CA","TA/TA","CT/TC","CC/CG","A/G","GC/GT","AG/CG","G/G","C/C","C/G","TG/TG","CT/CT","T/T","AC/AC",NA,"G/G","A/A","C/T","C/T","GA/GG","TC/TT","G/G","G/G","C/C","A/A","C/G","C/C","TA/TA","T/T","G/G","C/C","C/T","G/G",NA,"C/C","AT/TT","CT/CT","TC/TC","TAC/TAC","G/G","GT/GT","A/A","CA/CA","A/G","GG/TC","A/G","GA/GA","AG/GT","G/G",NA,"C/C","A/A",NA,"T/T","G/G","G/G","C/T","GA/GT",NA,NA,NA,"G/G","C/C",NA,NA,"G/G",NA,NA,"A/G","A/A","CG/TG","C/T","T/T",NA,"T/T",NA,"G/G","G/G","A/A",NA,"A/G","A/C",NA,"G/G",NA,"C/G","A/A","C/C","C/T","CTA/CTA","A/A",NA,"A/A","T/T","A/G",NA,NA,"TC/TT",NA,NA,NA,"A/T","A/G","A/G",NA,"A/T","A/G",NA,NA,NA,"T/T",NA,"C/C","A/A","CC/TC","AG/GC","C/T","A/G",NA,NA,"C/C",NA,NA,"A/G",NA,"A/A","G/G","AT/AT","C/C","G/G",NA,"C/T",NA,"C/C","G/T","G/T",NA,"C/C","AT/TT","T/T","T/T",NA,"A/A",NA,"C/T","A/G",NA,"T/T",NA,"C/C","A/G","C/T"
"35","z0012484",NA,NA,"AG/CA","CC/CG","A/G","A/G","G/G","A/G",NA,NA,"AG/CA","CA/CC","CT/CT","CC/CG","A/G",NA,"AG/AG","G/G","C/C",NA,"GA/TG","CT/CT","T/T","AT/AT","GC/GC","G/G","A/A","C/T","T/T","AG/GG","TC/TT","G/T","G/G","C/T","C/C","C/G","C/C","TG/TG","T/T","G/G","C/T","C/C","A/G",NA,"C/C",NA,"CT/CT","CC/CT","TAC/TAC","G/G","GC/GT","A/A","CA/CC","G/G","TC/TG","G/G","GA/GA","AG/AT","G/G","C/T","C/T","A/G","C/C","T/T","A/G","C/G","C/T","AA/GA","G/G","C/T",NA,"A/A","C/T","T/T","T/T","G/G","C/C",NA,"A/A","A/A","CG/TG","T/T","C/C","A/G","C/T","TT/TT","A/G","A/G","A/G","A/G","G/G","A/C","G/G","A/G","G/G","C/G","A/A","C/C","T/T","CTA/CTA","A/A","T/T","A/A","T/T","G/G","G/T",NA,"TC/TT","G/G","T/T","GT/GT","T/T","A/A","G/G","C/T","A/A","A/A","G/G","G/G","C/C","T/T","C/T","C/C","A/A","TC/TT","AG/GC","C/C","A/G","C/G","C/T","C/C","C/T","A/A","A/G",NA,"A/A","G/G","AA/AT","A/C","A/G",NA,"C/T","T/T","T/T","G/T","G/T","A/A","C/C","AT/AT","T/T","T/T","C/T",NA,"A/A","T/T","G/G","A/C","T/T","C/T","A/C","A/A","C/C"
"36","z0012500","A/G","A/G","CA/CG","CC/CC","A/A","G/G","A/G","A/G","GA/GG","C/C","AG/CG","TA/TA","CT/TC","CC/CG","A/A","GT/GT","AG/CG","G/G","C/C","C/G","GA/TG","CT/CT","C/T","AC/AC","GC/GC","G/G","A/A","T/T","C/C","GG/GG","TC/TT","G/G","G/G","C/T","A/A","C/G","C/C","TA/TG","C/T","A/G","C/T","C/T","A/G","AA/CA","C/C","AT/TT","CT/CT","TC/TC","TAA/TGA","G/G","GT/GT","G/G","CA/CA","A/G","GG/GG","G/G","GT/GT","GT/GT","G/G","T/T","C/T","A/A","C/C","T/T","G/G","G/G","C/C","AA/GT","G/G","T/T","C/C","A/A","C/C","C/T","C/T","C/C","C/C","AA/AA","A/G","A/A","CG/TG","C/T","C/T","G/G","T/T","CC/CC","A/G","G/G","A/A","G/G","G/G","C/C","A/G","A/G","G/G","G/G","A/A","C/T","T/T","CTA/CTA","A/A","A/T","A/C","T/T","G/G","T/T","C/T","TC/TT","G/G","C/C","AC/GT","T/T","A/A","G/G","C/C","A/A","A/G","G/G","G/G","A/C","A/T","T/T","A/C","C/C","TC/TC","AG/GC","C/C","G/G","C/C","C/T","C/C","C/C","A/G","G/G","T/T","A/C","G/G","AT/AT","A/A","G/G",NA,"C/T","T/T","C/T","G/G","G/G","A/A","C/C","AT/TT","T/T","T/T","C/C",NA,"A/T","C/C","G/G","A/C","T/T",NA,"A/A","A/G","C/T"
"37","z0061468",NA,NA,"CA/CG","CC/CG","A/A","G/G","A/G","G/G",NA,NA,"CG/CG","CC/CC","CT/TC","CG/CG","G/G",NA,"AG/CG",NA,"C/C",NA,"TG/TG","CT/CT","C/T","AC/CT","GC/GC","G/G","A/A","T/T","C/T","GG/GG","CT/TT","G/G",NA,"C/C","A/A","C/G",NA,"TA/TG","T/T","G/G","C/C","C/C","A/G",NA,"C/T",NA,"CT/TT","CC/TC","CAC/TAC",NA,"AT/GT","A/A","CA/CC","A/A","GG/GG","G/G","GA/GT","AG/AT","A/G","C/T","C/T","A/A","C/G","T/T","G/G","G/G","C/C","GT/GT","G/G","T/T",NA,"A/A","C/C","T/T","T/T","G/G","C/C","AA/AA","G/G","A/A","CG/TG","C/T","C/T","G/G","T/T","CC/CC","G/G","G/G","A/G","G/G","G/G","C/C","G/G","A/G","G/G","C/G",NA,"C/C","T/T","AGG/CTA","A/A","A/T","A/A","T/T","A/G","T/T","C/C","TC/TC","G/G","C/C","GT/GT","T/T","A/A","G/G","C/T","A/A","A/A","G/G","A/G","A/C","A/A","C/C","A/C","A/A","TT/TT","AG/GC","C/T","A/G","C/G","C/T","C/G","C/T","A/G","G/G",NA,"A/A","G/G","AT/AT","A/C","G/G",NA,NA,"T/T","C/T","T/T","G/G","A/G","C/T","AT/AT","T/T","T/T","T/T","A/A","A/A","C/C","G/G","A/A","C/C","T/T","C/C","A/G","C/C"
"38","z0062752","G/G","G/G","CA/CG","CC/CG","A/A","G/G","A/A","A/A","GA/GA","C/C","CG/CG","TA/TA","CC/CT","CC/CG","A/G","GT/GT","AG/AG","G/G","C/C","C/G","GA/GA","CT/CT","C/T","AC/AT","GC/GC","G/G","A/A","C/T","T/T","GA/GG","TT/TT","G/G","G/G","C/C","A/A","C/G","A/C","TA/TG","T/T","A/G","C/C","C/T","A/G","CA/CA","C/C","AT/TT","TT/TT","CC/TC","CAC/TAC","G/G","AT/GT","A/A","CA/CC","A/A","TC/TC","A/A","GA/GA","AG/AT","A/G","T/T","C/T","G/G","C/G","T/T","A/G","C/G","T/T","AA/GA","A/G","T/T","C/C","G/G","C/C","C/C","C/C","G/G","C/T","AA/CG","G/G","A/A","CA/CG","T/T","C/T","G/G","C/T","CC/CC","A/G","G/G","A/A","A/A","A/A","A/C","G/G","A/G","A/G","G/G","A/A","C/C","C/T","CTA/CTA","A/A","T/T","A/C","T/T","G/G","G/T","C/C","TC/TT","G/G","C/T","GT/GT","A/A","A/A","G/G","C/T","A/T","A/G","A/G","A/G","A/A","T/T","T/T","A/C","A/A","TT/TT","GC/GC","C/C","A/A","C/C","C/T","C/G","C/T","A/G","G/G","C/T","A/C","G/G","AT/AT","A/A","G/G","T/T","C/T","T/T","C/C","G/G","G/T","G/G","C/C","AT/AT","G/G","G/T","C/C","A/G","A/T","C/T","G/G","A/C","C/C","C/T","A/C","A/A","C/T"
"39","z0134108",NA,"A/A","CA/CA","CG/TC","A/A","G/G","A/A","A/G",NA,NA,"CA/CG","CC/TA","CT/TC","CG/CG","A/A",NA,"AG/AG","G/G","C/C","G/G","GA/GA","CT/CT","C/T","AC/AT","AC/GC","G/G","A/A","T/T","C/C","GG/GG","CT/TT","G/G","A/A","C/T","A/A","C/G",NA,"TA/TG","C/T","G/G","C/C","T/T","A/A",NA,"C/T",NA,"TT/TT","CT/TC","TAC/TGA","G/G","GC/GT","A/G","CA/GC","A/A","GC/GG","A/G","GA/GT","AG/AT","G/G","T/T","T/T","A/G","C/C","T/T","G/G","C/C","C/C","GA/GA","A/G","T/T","C/T","G/G","C/C","T/T","C/T","G/G","C/C","AA/AA","A/A","A/A","CA/CG","T/T","C/T","A/G","C/T","CC/TT","A/G","A/A","A/A","G/G","G/G","A/C","G/G","A/A","G/G","G/G",NA,"C/C","C/T","CTA/CTA","A/A","A/A",NA,"T/T","G/G","T/T","C/C","TC/TT","G/G","C/C","GC/GT","A/T","A/A","G/G","C/T","T/T","A/A","A/G","G/G","C/C","T/T","T/T","A/C","A/C","CC/CC","AG/GC","C/C","A/G","C/G","C/T","C/G","C/C","A/A","G/G","C/C","A/A","G/G","AT/AT","A/C","A/G",NA,"T/T","T/T","C/T","G/T","G/G","A/A","C/C","AT/AT","G/G","T/T","T/T","A/A","A/T","T/T","A/G","A/A","C/T","T/T","A/C","A/G","C/T"
"40","z0012494",NA,"A/A","CA/CA","CC/TC","A/G","A/A","A/G","A/G",NA,NA,"AG/CG","CA/CC","CT/TC","CG/TG","A/A","GC/GC","AG/AG","G/G","C/C","G/G","GA/GA","CT/CT","T/T","AC/AC","GC/GC","G/G","A/G","T/T","T/T","GG/GG",NA,"G/G","G/G","C/C","A/A","C/C",NA,"TA/TA","C/T","G/G","C/C","C/C","A/G",NA,"C/C",NA,"TT/TT","TC/TC","TAA/TAC","G/G","AT/AT","A/A","CA/CA","A/G","GG/TC","G/G","AT/GT","AG/AT","G/G","C/T","C/C","A/G","C/C","T/T","A/G","G/G","C/C","GT/GT","G/G","C/T",NA,"A/G","C/T","C/T","T/T","C/C","C/C","AA/CG","A/G","A/A","CG/CG","T/T","C/C","G/G","T/T","CC/CC","A/G","G/G","A/G","A/A","A/G","A/C","A/G","A/G","G/G","C/G",NA,"C/C","T/T","CTA/CTA","A/A","T/T","A/C","T/T","G/G","G/T","C/T","CC/TC","A/G","C/C","GT/GT","T/T","A/A","G/G","C/T","T/T","A/A","G/G","A/A","A/C","A/T","C/C","C/C","A/A","TC/TT","AG/GC","C/C","A/G","C/G","C/C","C/C","T/T","A/G","A/G","T/T","A/C","G/G","AT/AT","C/C","G/G",NA,"C/C","T/T","C/T","G/T",NA,"A/G","C/T","AT/AT","T/T","T/T","C/C",NA,"A/T","C/T","G/G","A/C","T/T","C/T","C/C","A/A","C/T"
"41","z0012488",NA,NA,"CA/CA","CC/CG","A/G","G/G","A/G","A/G",NA,NA,"CA/CA","CA/TA","CT/CT","CC/CC","A/A",NA,"AA/AG",NA,"C/T",NA,"GA/GA","CT/CT",NA,"AC/AC",NA,"G/G","A/A","C/T","C/T","AG/GG","TT/TT","G/G","A/G","C/T","A/C","G/G",NA,"TA/TA","C/T","G/G","C/C",NA,"G/G",NA,"C/C",NA,"TT/TT","TC/TC","TAC/TAC","G/G","AT/AT","A/A","CA/GC","A/G","GC/TC","G/G","GA/GT","AG/AT","A/G","C/T","C/C","A/A","C/G","T/T","G/G","C/C","C/T","GA/GT","A/G","C/C",NA,"A/A","C/C","T/T","T/T","C/G","C/T","AA/AA","A/G","A/A","CA/TG","C/T","C/C","A/A","C/T","CC/CC","A/A","G/G","A/A","A/G","G/G","A/C","G/G","A/G","G/G","G/G","A/A","C/T","T/T","CTA/CTA","A/A","T/T","A/C","C/T","G/G","T/T",NA,"CC/TC","G/G","C/C","GT/GT","T/T","A/G","A/G","C/T","A/A","A/A","A/G","A/G","A/A","A/T","C/T","C/C","A/A","TC/TC","AG/GC","C/T","A/A","C/G","C/C","C/C","C/C","A/A","G/G","C/C","A/C","A/G","AT/AT","A/C","A/A",NA,"C/T","T/T","C/T","G/T","G/G","A/A","C/C","AT/AT","T/T","T/T","C/C","A/G","A/A","T/T","A/G","A/A","T/T","C/T","C/C","A/A","T/T"
"42","z0006803","A/G","A/A","CA/CA","CC/CG","A/A","A/G","A/G","A/A","GA/GA",NA,"CG/CG","CA/CC","TC/TC","CG/TG","A/A",NA,"AG/CG","G/G","C/T","C/G","GG/TG","CT/CT",NA,"AT/AT","GC/GC","G/G","A/A","T/T","T/T","GG/GG",NA,"G/G","G/G","C/C","A/C","C/G","C/C","GA/TA","T/T","G/G","C/T","T/T","A/G",NA,"C/T","AC/TT","TT/TT","TC/TC","TAA/TAC","G/G","GT/GT","A/A","CA/CA","A/A","GG/GG","G/G","GA/GA","AT/GT","G/G","C/T","C/C","G/G","C/G","T/T","A/G","G/G","C/T","GA/GA","G/G","C/C","C/T","A/G","C/C","T/T","T/T","C/G","C/C","AA/CG","G/G","A/A","CG/CG","T/T","C/C","G/G","T/T","CC/CC","A/G","A/G","A/A","A/G","A/G","A/C","G/G","A/G","G/G","G/G","A/A","C/C","T/T","AGG/CTA","A/A","T/T","A/A","C/T","G/G","G/G","C/C","TC/TT","G/G","C/C","GC/GT","A/A","A/G","A/G","C/T","A/T","A/G","G/G","G/G","A/A","T/T","C/T","C/C","A/A","TC/TC","AG/GC","C/T","A/G","C/G","T/T","C/C","T/T","A/A","G/G","C/C","A/A","A/G","AT/AT","C/C","G/G",NA,"C/T","T/T","C/C","T/T","T/T","A/G","C/T","AT/TT","T/T","T/T","C/C","A/A","T/T","C/T","A/A","A/C","T/T","T/T","C/C","A/A","C/C"
"43","z0006796",NA,NA,"CA/CG","CC/CG","A/G","G/G","G/G","A/A",NA,NA,"CG/CG","TA/TA","CC/TC","CG/CG","A/A",NA,"AA/AG",NA,"C/C",NA,"GG/GG","CT/CT","C/T","AC/AT","GC/GC","G/G","A/A",NA,"C/C","GG/GG",NA,"G/G","A/G","C/C","A/C","C/G",NA,"GA/TA","C/T","G/G","C/C","C/C","G/G",NA,"C/C",NA,"CG/CT","TC/TC","TAA/TAC","G/G","AT/GT","A/G","CA/CC","A/G","GC/GG",NA,"AT/GT","GT/GT","A/G","T/T","T/T","A/G","C/C","T/T","A/G","G/G","T/T","AA/GA","A/G","C/T","C/T","A/A","C/C","C/C","T/T","G/G","C/T","AA/AA","A/G","A/A","CA/CG","T/T","C/T","G/G","T/T","TT/TT","G/G","G/G","A/G","A/A","G/G","A/A","G/G","G/G","A/G","G/G",NA,"C/C","T/T","CTA/CTA","A/A","A/T","A/A","C/T","G/G","G/G","C/T","TT/TT","G/G","C/T","GT/GT","A/T","A/A","G/G","C/T","A/T","A/G","A/G","G/G","A/C","T/T","T/T","A/C","A/C","TC/TC","AG/GC","C/C","G/G","C/C","C/T","C/G","T/T","G/G","G/G","C/C","A/C","A/G","AT/AT","C/C","A/G",NA,"T/T","T/T","C/C","G/T","G/G","A/G","C/T","AT/AT","G/T","G/T","C/C","A/G","A/A","C/C","G/G","A/A","T/T","C/T","C/C","A/A","C/T"
"44","z0134055",NA,NA,"AG/CG","CG/CG","A/A","A/G","A/A","A/G",NA,NA,"AG/CG","CA/TA","CT/TC","CC/CG","G/G",NA,"AG/CG",NA,"C/C",NA,"GA/TG","CT/CT",NA,"AC/AT","GC/GG","G/G","A/A","C/C","T/T","GG/GG","CT/TT","G/G",NA,"C/C","A/A","C/G",NA,"GA/TA","T/T","G/G","C/C","C/C","G/G",NA,"C/C","AT/TT","CT/CT","CC/CC","TAA/TAC",NA,"AT/GT","G/G","CC/CC","A/G","GC/GG",NA,"GA/GA","AG/AG","G/G","C/T","C/C","A/A","C/C","C/T","A/G","C/C","T/T","GA/GT","G/G","T/T",NA,"G/G","C/C","C/C","T/T","G/G",NA,"AA/AA","A/G","A/A","CG/CG","C/C","C/C","A/A","T/T","CC/CC","G/G","G/G","A/A","A/G","G/G","A/C","G/G","A/A","A/G","G/G","A/A","C/T","T/T","AGG/CTA","A/A","A/T",NA,"C/T","G/G","T/T",NA,"TC/TC","G/G","T/T","AC/GT","T/T","A/A","G/G","C/C","A/T","A/A","A/G","G/G","A/C","A/T","C/T","A/C","A/A","CC/TC","GC/GC","C/C","A/G","C/C","C/T","C/G","C/T","A/A","G/G","C/T","A/A","G/G","AT/AT","A/C","A/G",NA,"C/T","T/T","C/C","T/T","G/G","A/G","C/C","AT/AT","G/T","T/T","C/T","A/A","A/A","C/T","G/G","A/C","T/T","T/T","C/C","A/G","C/C"
"45","z0037419","G/G","G/G","CG/CG","CG/TC","G/G","G/G","A/G","A/G","GA/GA","C/C","AG/CA","CC/CC","CT/TC","CC/CG","A/A","GT/GT","AG/AG","A/A","C/T","C/G","GA/GG","CT/TA","C/C","AC/AC","GC/GC","C/G","A/A","T/T","C/C","GG/GG","CT/TC","G/G","A/A","C/C","A/A","C/G","C/C","TA/TG","T/T","G/G","C/C","T/T","G/G","CA/CA","C/T","TT/TT","TT/TT","TC/TC","TAC/TAC","G/G","AT/AT","A/G","CA/CC","A/A","GC/GG","G/G","GA/GT","AG/AG","G/G","C/T","T/T","A/G","C/G","C/T","G/G","C/C","T/T","GA/GT","G/G","T/T","C/C","A/G","C/C","C/T","T/T","G/G","C/T","AA/AA","G/G","A/A","CA/CG","T/T","C/C","A/G","C/T","CC/CC","A/G","A/G","A/A","G/G","A/G","A/A","G/G","A/A","G/G","C/G","A/A","C/C","T/T","CTA/CTA","A/A",NA,"C/C","T/T","A/A","G/T","C/T","TC/TT","G/G","C/T","GT/GT","T/T","A/A","G/G","C/C","A/T","A/G","G/G","G/G","A/A","T/T","C/T","C/C","A/A","CC/CC","AG/GC","C/T","G/G","G/G","C/T","C/C","C/T","A/A","G/G","C/T","A/A","G/G","AA/AT","C/C","G/G","T/T","C/C","T/T","C/T","G/T","G/T","A/A","C/C","AT/AT","T/T","T/T","C/C",NA,"A/T","C/T","G/G","A/C","C/C","T/T","C/C","A/A","T/T"
"46","z0134098",NA,"A/A","CA/CG","CG/CG","A/G","G/G","A/A","A/G",NA,NA,"AG/CA","CA/TA","CT/TC","CG/TG","A/A",NA,"AG/CG","G/G","C/C",NA,"GG/TG","CT/CT","C/C","AC/AC","GC/GG","G/G","A/A",NA,"T/T","GG/GG","TC/TT","G/G","A/G","C/C","A/C","C/G","C/C","GA/TA","T/T","G/G","C/C","C/C","A/G",NA,"C/C",NA,"CG/CG","CC/TC","CAC/TAC",NA,"AT/AT","A/G","CA/CC","A/G","GG/GG","A/G","GT/GT","AG/AT","G/G","T/T","C/C","A/A","C/C","T/T","G/G","G/G","C/T","GA/GT","G/G","T/T",NA,"A/G","C/T","C/C","C/T","C/G","C/C","AA/AA","A/G","A/A","CG/CG","C/T","C/T","A/G","C/C","CC/CC","A/G","G/G","A/A","A/A","A/G","A/C","G/G","A/G","G/G","G/G",NA,"C/C","T/T","AGG/CTA","A/C","A/T","A/C","C/C","A/G","T/T","C/C","CC/CC","A/A","C/C","GT/GT","A/T","A/A","G/G","C/T","A/A","A/A","G/G","G/G","A/A","A/T","C/C","A/C","A/C","CC/TC","AG/GC","C/C","A/G","C/G","C/T","G/G","T/T","A/A","A/A","C/T","A/A","G/G","AA/AT","C/C","G/G",NA,"C/C","T/T","C/C","G/G","G/G","A/G","C/T","AT/TT","G/T","T/T","C/C",NA,"A/A","C/T","G/G","C/C","T/T","T/T","C/C","A/A","C/T"
"47","z0026451","A/A","A/A","CA/CA","CC/CG","A/G","G/G","A/G","A/G",NA,NA,"AG/CA","CC/TA","CT/TC","CG/TG","A/A",NA,"AG/CG",NA,"C/C",NA,"TG/TG","CT/TA","C/T","AT/CT","GC/GC","G/G","A/A","C/T","C/T","GG/GG","TC/TT","G/G","G/G","C/C","A/A","G/G",NA,"TA/TA","T/T","G/G","C/C","T/T","A/G",NA,"C/C","TT/TT","CT/TT","TC/TC","TAA/TAC","G/G","GT/GT","A/G","CA/CA","A/A","GG/TC","A/G","AA/GA","AG/GT","G/G","T/T","C/C","A/G","C/C","T/T","A/G","C/C","T/T","GA/GA","A/A","T/T","C/C","A/G","C/C","C/T","T/T","G/G","C/T","AA/AA","A/G","A/G","CG/TG","C/T","C/T","A/G","T/T","CC/CC","G/G","G/G","A/A","G/G","G/G","C/C","G/G","G/G","A/G","C/G","A/A","C/C","C/T","AGG/CTA","A/A","A/T","A/C","C/T","G/G","G/G","C/C","TC/TT","G/G","C/C","GC/GT","A/T","A/A","G/G","C/C","A/A","A/G","G/G","A/G","A/A","A/T","C/T","A/C","A/A","TC/TT","GC/GC","C/C","G/G","C/G","C/C","G/G","C/T","A/A","G/G","C/T","A/C","A/G","AT/AT","A/C","G/G",NA,"C/T","T/T","T/T","G/T","G/T","A/A","C/C","AT/TT","G/T","T/T","C/C",NA,"A/T","C/T","G/G","A/C","C/T","C/T","C/C","A/A","T/T"
"48","z0012493",NA,"A/A","AG/CA","CC/CC","A/G","A/G","A/A","A/A",NA,NA,"AG/CA","CC/TA","CC/TC","CG/CG","A/G",NA,"CG/CG",NA,"C/C","C/C","TG/TG","CT/CT","T/T","AC/AC","GC/GC","G/G","A/A","T/T","C/T","GG/GG","CT/TC","G/T",NA,"C/T","A/C","C/G",NA,"GA/TA","T/T","G/G","C/T","C/T","A/G",NA,"C/C",NA,"TT/TT","TC/TC","TAC/TAC","G/G","GT/GT","G/G","CA/CC","G/G","GG/TG","G/G","GT/GT","AG/AG","A/G",NA,"C/C","G/G","C/C","T/T","A/G","G/G","C/T","AA/AA","G/G","C/C",NA,"A/G","C/C","C/T","C/T","G/G","C/C","AA/AA","A/G","A/A","CA/CG","T/T","C/C","G/G","T/T",NA,"G/G","G/G","A/A","A/A","G/G","A/C","G/G","A/A",NA,"C/G","A/A","C/T","T/T","CTA/CTA","A/A",NA,"A/A","C/T","G/G",NA,"C/T","TC/TC","G/G","C/T","GT/GT","A/T","A/A","G/G","T/T","A/A","A/G","G/G","G/G","A/A","T/T","T/T","C/C","A/A","TC/TC","AG/GC","C/T","A/G","C/G","C/T","G/G",NA,"A/A","A/G",NA,"A/A","A/G","AT/AT","A/A","G/G",NA,"C/C","A/T","C/T","T/T","G/T","A/G","C/C","AT/AT","T/T","T/T","C/T","A/A","A/T","C/T","G/G","A/A","T/T",NA,"A/C","A/G","C/C"
"49","z0026452",NA,"A/A","AG/CG","CG/TC","A/G","A/G","A/A","A/G",NA,NA,"AG/CG","CC/TA","CT/CT","CC/CG","A/G",NA,"AA/AA",NA,"C/T","G/G","TG/TG","TA/TA","C/T","AC/AT",NA,"G/G","A/A","T/T","T/T","GG/GG",NA,"G/G","A/G","C/C","A/A","C/G",NA,"TA/TA","C/T","G/G","C/C","C/T","G/G",NA,"C/C",NA,"CG/CT","CC/TC","TAC/TAC","G/T","AT/GT","A/A","CA/CA","A/G","GG/TC","G/G","GA/GT","GT/GT","G/G","C/T","C/C","A/A","C/C","C/T","A/G","C/G","C/T","AA/GA","A/G","C/C","C/C","G/G","C/T","T/T","T/T",NA,"C/T","AA/AA","A/G","A/A","CG/CG","T/T","C/T","A/A","T/T","CC/CC","A/G","G/G","A/G","A/A","G/G","A/C","G/G","A/G","A/G","G/G",NA,"C/C","C/T","CTA/CTA","A/A","T/T","A/C","T/T","G/G","T/T","C/C","TC/TT","A/G","C/C","GT/GT","A/T","A/A","G/G","C/T","T/T","A/A","G/G","G/G","A/A","T/T","T/T","A/C","A/A","TC/TT","AG/AG","C/C","G/G","G/G","C/C","C/G","C/T","A/G","G/G","C/C","A/A","A/G","AT/AT","A/A","G/G",NA,"C/C","T/T","C/C","G/G","G/G","A/G","C/C","AT/TT","T/T","T/T","C/C","A/A","A/T","T/T","G/G","C/C","C/T","T/T","A/C","A/A","T/T"
"50","z0102682",NA,NA,"AG/CA","CC/CG","A/A","G/G","A/A","A/G",NA,NA,"AG/CA","CC/TA","CC/CT","CG/CG","A/A",NA,"AA/AG",NA,"C/T",NA,"GA/TG","CT/CT","C/C",NA,"GC/GC","G/G","A/A",NA,"C/C","GG/GG",NA,"G/G",NA,"C/C",NA,"G/G",NA,"TA/TG",NA,"A/G","C/C",NA,"A/G",NA,"C/C",NA,"CT/CT","TC/TC","TAC/TAC",NA,"AT/GC","A/G","CA/GC","G/G","GG/GG",NA,"GA/GT","AG/AG","G/G","C/T","T/T","A/A","C/C","T/T","A/G","C/G","C/T","GA/GA","G/G","C/C",NA,"A/A","C/C","T/T","C/T",NA,NA,"AA/CG","A/A","A/A","CG/TG","T/T","C/T","G/G","T/T","CC/CC","A/G","A/G","A/G","A/G","G/G",NA,"G/G","G/G","G/G","G/G",NA,"C/C",NA,"CTA/CTA","A/A","T/T","C/C","C/T","G/G",NA,NA,"CC/TC","G/G","C/T","GC/GT","A/T","A/A","G/G","C/T","A/T","A/G",NA,"G/G","A/C","T/T","C/T","C/C","A/A","TC/TT","AG/AG","C/T","A/G","C/G","C/T","C/C","T/T","A/A","G/G",NA,"A/C","G/G","AA/AT","C/C","A/G",NA,NA,"T/T","C/T","G/T","G/T","G/G","C/C","AT/AT","G/T","G/T","C/C","G/G","A/A","C/T","A/G","C/C","C/T","C/T","A/A","A/A","C/T"
"51","z0134111",NA,NA,"CG/CG","CC/CG","A/G","G/G","A/G","A/G",NA,NA,"CG/CG","CA/CC","TC/TC","CC/CG","A/A",NA,"AA/AG","A/G","C/C",NA,"GA/TG","CT/TA","T/T","AC/AT","GC/GC","G/G","A/A",NA,"C/T","GG/GG","TT/TT","G/T",NA,"C/C","A/A","C/C",NA,"TA/TA","T/T","A/G","C/T","C/C","A/G",NA,"C/T",NA,"TT/TT","TC/TC","TAA/TGA",NA,"AT/GT","A/G","CA/CA","A/G","GG/TC","G/G","AA/GT","AG/AT","A/G","T/T","C/C","A/G","C/G","C/T","A/G","C/G","C/C","GA/GA","A/G","T/T","C/C","G/G","C/T","C/T","C/T",NA,"T/T","AA/CG","A/G","A/G","CA/TG","T/T","C/T","A/A","T/T","CC/CC","A/G","A/G","A/A","A/G","A/G","A/A","G/G","G/G","A/A","G/G",NA,"C/T","C/T","CTA/CTA","A/C","A/T",NA,"C/T","G/G","T/T","C/C","CC/TC","G/G","C/C","GT/GT","T/T","A/A","G/G","C/T","A/T",NA,NA,"A/G","A/A","T/T","T/T","A/C","A/A","TC/TC","AG/GC","C/T","A/A","C/C","C/C","C/C","T/T","A/A","G/G",NA,"C/C","G/G","AT/AT","C/C","G/G",NA,"C/T","A/T","C/T","G/G","G/G","A/G","C/T","AT/AT","G/T","T/T","C/C","A/A","T/T","T/T","A/A","A/C","C/T","C/T","C/C","A/A","C/C"
"52","z0037466","A/G","A/A","AG/CG","CG/TC","A/G","G/G","G/G","A/G","GA/GG","C/C","CG/CG","CC/CC","CT/CT","CC/CG","A/G","GT/GT","AA/AG","G/G","C/T","C/G","GA/TG","CT/CT","C/T","AC/AC","GC/GC","G/G","A/A","T/T","C/T","AG/GG","TC/TT","G/T","G/G","C/T","C/C","C/G","C/C","TA/TG","C/T","G/G","C/T","C/C","A/G","AG/CA","C/C","AT/TT","TT/TT","TC/TC","TAC/TGA","G/G","AT/GC","A/A","CA/CC","A/G","GC/GG","A/A","GA/GT","AG/AT","A/G",NA,"C/T","A/A","C/C","C/T","A/G","C/G","C/T","AA/GA","A/G","C/C","C/T","G/G","C/C","C/T","C/T","G/G","T/T","AA/CG","A/G","A/A","CG/CG","T/T","C/C","A/G","T/T","CC/CC","A/G","A/G","A/A","A/G","A/A","A/C","G/G","A/G","G/G","G/G","A/A","C/C","T/T","CTA/CTA","A/A",NA,"C/C","T/T","G/G",NA,"C/C","TC/TC","G/G","C/C","GC/GT","A/T","A/A","G/G","C/T","A/T","A/G","A/G","A/G","A/A","T/T","C/C","A/C","A/C","CC/TT","AG/GC","C/C","G/G","C/C","C/T","G/G","C/T","A/A","A/G","C/T","A/A","G/G","AT/AT","A/C","A/G","G/T","C/C","A/T","T/T","G/G","G/T","A/A","C/C","AT/AT","G/T","G/T","C/T",NA,"A/T","T/T","A/G","C/C","C/T",NA,"C/C","A/A","T/T"
"53","z0012527","A/G","A/G","CG/CG","CG/TC","A/A","A/G","A/G","A/A","GA/GA","C/T","AG/CG","CC/TA","CC/TC","CC/CG","A/A","GC/GT","AG/AG","A/G","C/C","C/G","GA/GA","CT/CT","C/T","AT/CT","AC/GC","G/G","A/A","C/T","C/T","GG/GG","CT/TT","G/G","A/G","C/T","A/C","C/C","C/C","TA/TG","T/T","G/G","C/C","C/T","G/G","CA/CA","C/C","TT/TT","CT/TT","TC/TC","CAC/TAA","G/G","GT/GT","G/G","CA/CC","A/A","GG/TC","G/G","GT/GT","AG/GT","A/G","C/T","C/C","A/G","C/C","T/T","A/G","G/G","T/T","AA/GA","G/G","C/C","C/C","G/G","C/C","C/C","T/T","G/G","C/T","CG/CG","A/G","A/A","CA/CA","C/T","C/C","G/G","T/T","CC/CC","G/G","A/G","A/A","A/G","G/G","A/C","G/G","A/G","G/G","C/G","A/A","C/C","C/T","CTA/CTA","A/C","T/T","A/C","C/T","G/G","G/T","C/T","TC/TT","A/G","C/T","GC/GC","T/T","A/A","G/G","C/T","A/A","A/G","G/G","G/G","A/C","A/T","T/T","C/C","A/A","TC/TT","GC/GC","C/C","G/G","C/G","C/C","C/G",NA,"A/A","G/G","C/T","A/C","G/G","AT/AT","A/C","A/G","T/T","C/T","T/T","C/C","G/G","G/T","A/G","C/C","AT/AT","G/T","G/G","C/T","A/A","A/T","C/T","G/G","A/C","T/T","C/T","A/C","A/A","T/T"
"54","z0037417","A/G","A/G","AG/CG","CG/CG","G/G","G/G","A/G","G/G",NA,NA,"AG/CA","CC/TA","CC/TC","CG/TG","A/G",NA,"AG/CG","G/G","C/C",NA,"GA/TG","CT/CT","C/T","AC/AT","GC/GC","G/G","A/A","C/T","T/T","GG/GG","CT/CT","G/T","G/G","C/C","A/A","C/G",NA,"GA/TA","T/T","G/G","C/C","C/T","G/G",NA,"C/T","AC/AT","CT/TT","TC/TC","TAA/TGA","G/T","AT/GC","G/G","CA/CA","A/G","GG/TG","A/G","AA/GT","AT/GT","G/G",NA,"C/C","A/G","C/C","C/T","A/G","C/G","C/T","AA/GA","G/G","C/T",NA,"A/G","C/C","T/T","T/T","G/G","C/T","AA/AA","A/G","A/A","CG/TG","C/T","C/C","A/G","T/T","CC/CC","A/G","G/G","A/A","G/G","A/G","A/C","G/G","A/G","A/G","G/G","A/A","C/C","C/T","AGG/CTA","A/C",NA,"A/C","C/C","G/G","T/T","C/T","TC/TC","G/G","C/C","GC/GT","T/T","A/A","G/G","T/T","A/T","A/A","G/G","A/G","C/C","T/T","C/T","A/C","A/C","TC/TT","AG/GC","C/T","A/G","C/G","C/T","C/G",NA,"A/G","A/G","C/T","A/A","G/G","AT/AT","A/C","G/G","G/T","C/C","T/T","C/T","G/G","G/G","A/A","C/C","AT/AT","G/T","G/T","C/T","A/A","A/A","C/T","G/G","C/C","T/T",NA,"A/C","A/G","C/T"
"55","z0016883","A/A","A/A","CA/CA","CG/TC","A/A","G/G","G/G","A/A","AG/GA","C/C","CG/CG","CC/CC","CT/CT","CC/CG","A/G","GT/GT","AG/CG","G/G","C/C","G/G","TG/TG","TA/TA","T/T","AT/AT","GC/GC","G/G","A/A","C/T","T/T","GA/GG","CT/TT","G/T","G/G","C/C","A/A","C/C","A/C","TA/TA","C/T","G/G","C/T","T/T","G/G","CA/CA","C/C","AC/AC","CT/TT","CC/TC","TAC/TAC","G/G","AT/GT","A/G","CA/CA","A/G","GC/GG","G/G","GT/GT","AG/GT","A/G","C/T","C/C","A/G","C/C","C/T","G/G","C/C","T/T","GT/GT","A/G","C/T","C/T","A/G","C/T","C/T","C/T","G/G","C/C","AA/AA","G/G","A/A","CG/TG","C/T","C/C","A/G","T/T","CC/CC","A/G","A/A","A/A","A/G","A/A","A/C","G/G","G/G","A/G","C/G","A/A","C/T","T/T","CTA/CTA","A/A","T/T","A/A","C/C","G/G","G/G","C/C","TC/TC","G/G","C/C","GT/GT","T/T","A/A","G/G","C/C","T/T","G/G","A/G","A/G","A/A","T/T","C/C","A/C","A/C","CC/TT","GC/GC","C/C","A/A","G/G","C/T","C/G","T/T","A/A","G/G","C/C","A/A","G/G","AT/AT","C/C","G/G","T/T","C/C","T/T","C/C","G/G","G/G","A/A","C/C","AT/AT","T/T","G/T","C/C",NA,"A/A","C/C","G/G","C/C","C/T","C/T","C/C","A/A","C/C"
"56","z0076697","A/G","A/G","CA/CA","CG/CG","A/G","G/G","A/G","A/G","GA/GA","C/C","AG/CG","CC/TA","CT/CT","CG/CG","A/G","GC/GT","AA/AG","G/G","C/C","C/C","TG/TG","CT/CT","C/T","AC/AC","AC/GC","G/G","A/A","C/T","C/T","GG/GG","TT/TT","G/T","G/G","C/C","A/C","C/G","C/C","TA/TG","C/T","G/G","C/C","C/T","A/G","AA/CA","C/T","AC/AT","CT/CT","TC/TC","TAC/TGA","G/G","GC/GT","G/G","CA/CC","G/G","GC/GG","A/G","GA/GT","AG/AT","A/G","T/T","C/T","A/G","C/G","C/C","A/G","C/G","C/T","GA/GA","A/A","C/T","C/C","A/G","C/C","C/C","T/T","C/G","C/C","AA/AA","A/G","A/A","CG/CG","C/T","C/T","A/G","T/T","CC/CC","G/G","A/G","A/G","A/G","A/G","A/A","G/G","G/G","A/G","C/G","A/A","C/C","C/T","AGG/CTA","A/C","T/T","A/C","C/T","G/G","T/T","C/T","TC/TC","A/G","C/C","GT/GT","T/T","A/A","G/G","C/C","A/A","A/G","G/G","G/G","A/C","T/T","T/T","A/C","A/A","TC/TT","AG/AG","C/C","G/G","C/G","C/T","C/G","T/T","A/A","G/G","T/T","A/A","A/G","AT/GT","C/C","G/G","G/T","C/T","T/T","T/T","G/T","G/T","A/A","C/T","AT/TT","G/T","G/T","C/C","A/A","A/A","C/T","G/G","C/C","C/T","C/T","A/C","A/G","C/C"
"57","z0207730","G/G","A/A","CG/CG","CG/CG","A/A","G/G","A/G","A/G","GA/GA","C/C","CA/CG","TA/TA","CT/TC","CG/CG","A/A","CT/GT","AG/AG","G/G","C/T","C/C","GA/TG","CT/CT","C/T","AC/AC","GC/GC","G/G","A/A","T/T","T/T","GG/GG","TT/TT","G/G","A/G","C/C","A/A","C/G","C/C","TA/TA","T/T","A/G","C/C","C/T","G/G","CA/CA","C/C","AT/TT","CT/TT","CC/TC","TAC/TGA","G/G","GT/GT","A/A","CA/CA","A/A","GC/GG","G/G","GA/GT","AG/GT","A/G","T/T","C/C","A/A","C/G","C/T","A/A","C/G","C/T","AA/GA","A/G","C/T","C/T","A/G","C/T","C/T","T/T","G/G","C/C","AA/AA","A/A","A/A","CA/CA","C/T","C/C","A/A","T/T","CC/CC","A/G","G/G","A/G","G/G","A/A","A/C","G/G","A/A","G/G","C/G","A/A","C/C","C/T","AGG/CTA","A/A",NA,"A/A","C/T","G/G","G/T","C/C","TC/TC","A/G","C/C","GC/GT","T/T","A/A","G/G","C/T","T/T","G/G","A/G","G/G","A/C","A/T","C/C","C/C","A/A","CC/TC","GC/GC","T/T","A/G","C/C","C/T","G/G","T/T","A/A","G/G","C/C","A/A","G/G","AA/AT","A/C","A/G","T/T","C/T","T/T","C/T","T/T","G/G","G/G","C/C","AT/TT","G/T","T/T","C/C","G/G","A/A","C/C","A/G","A/A","T/T","C/T","C/C","A/A","C/C"
"58","z0061464","A/G","A/A","CA/CG","CC/TC","G/G","A/G","A/G","A/G","AG/GA","C/C","CA/CG","TA/TA","CT/TC","CC/CG","A/G","CT/CT","AG/CG","G/G","C/C","C/C","GG/TG","CT/CT","C/T","AC/AT","GC/GC","G/G","A/A","T/T","C/T","GG/GG","CT/TC","G/T","A/A","C/C","A/C","C/G","C/C","TA/TG","C/T","A/G","C/C","C/T","G/G","AG/CA","C/C","AC/TT","CT/CT","TC/TC","TAC/TAC","G/G","AT/AT","A/G","CA/CA","A/G","TC/TC","A/G","AT/GT","AG/AT","G/G",NA,"C/T","A/G","C/C","C/T","A/G","C/G","C/T","GA/GA","A/G","C/T",NA,"G/G","C/T","C/C","T/T","G/G","C/C","AA/CG","A/G","A/A","CG/TG","T/T","C/T","A/G","T/T","CC/TT","G/G","A/G","A/A","A/G","A/A","A/C","G/G","A/G","G/G","C/G","A/A","C/T","T/T","CTA/CTA","A/A",NA,"A/C","C/T","G/G",NA,"C/C","TT/TT","G/G","C/C","GT/GT","T/T","A/A","G/G","C/C","A/T","A/A","G/G","A/G","A/C","A/T","C/C","A/C","A/A","TC/TT","AG/AG","C/T","G/G","C/G","C/C","C/C",NA,"G/G","G/G","C/C","A/A","G/G","AT/AT","C/C","G/G","G/G","C/T","T/T","C/T","G/T","G/G","A/A","C/C","TT/TT","G/G","T/T","C/C","A/A","A/A","T/T","A/G","A/C","T/T",NA,"C/C","G/G","C/T"
"59","z0062787","G/G","A/A","AG/CA","CG/TC","A/G","A/G","A/G","A/A","AG/GG","C/T","CG/CG","CC/CC","CT/TC","CC/CC","A/A","CT/GT","AG/CG","G/G","C/C","G/G","TG/TG","CT/TA","C/C","AC/AT","GC/GC","G/G","A/A","C/T","T/T","AG/GG","CT/TT","G/G","G/G","C/C","A/C","C/G","C/C","TA/TG","C/T","G/G","C/C",NA,"G/G","CA/CA","C/C","AT/TT","CT/CT","CC/CT","TAC/TGA","G/G","AT/AT","A/A","CA/CA","A/A","GG/TG","A/G","GT/GT","AG/AT","G/G","T/T","C/T","A/G","C/G","C/T","A/G","C/G","C/C","GA/GA","A/G","C/C","C/C","A/G","C/C","C/C","T/T","G/G","C/C","AA/CG","A/G","A/A","CG/CG","T/T","C/T","A/G","T/T","CC/CC","A/G","G/G","A/A","A/G","A/A","A/C","G/G","A/G","G/G","C/G","A/A","C/C","C/T","AGG/CTA","A/A","T/T","A/A","C/T","G/G","G/T","C/T","TC/TC","A/G","C/C","AC/GT","A/A","A/A","G/G","C/T","T/T","A/A","A/A","G/G","A/C","A/T","C/C","C/C","A/A","TT/TT","AG/GC","C/C","A/G","C/C","C/C","C/C","C/T","A/A","A/G","C/C","A/C","G/G","AA/AT","C/C","A/G","G/T","C/T","A/T","T/T","G/T","T/T","A/G","C/C","AT/AT","G/T","G/G","T/T","A/A","A/A","T/T","G/G","A/C","C/T","C/C","C/C","A/A","T/T"
"60","z0076691","A/G","A/A","CA/CG","CG/CG","A/G","G/G","A/G","A/G","AG/GA","C/C","AG/CG","CA/TA","TC/TC","CC/CC","G/G","GT/GT","AG/CG","G/G","C/T","C/C","GA/TG","CT/CT","C/T","AC/AT","GC/GC","G/G","A/G","C/T","C/T","GG/GG","TC/TC","G/T","G/G","C/T","A/A","C/G","A/C","GA/TA","T/T","G/G","C/C","C/C","A/A","AA/CA","C/C","AT/AT","TT/TT","TC/TC","CAC/TAC","G/G","AT/AT","A/G","CA/GC","A/G","GC/GG","G/G","GA/GA","AG/GT","G/G","T/T","C/T","A/A","C/C","C/T","A/G","C/G","C/T","GA/GT","A/G","T/T","C/C","A/A","C/C","C/C","C/T","C/G","T/T","AA/CG","A/A","A/A","CA/CG","T/T","C/C","A/G","T/T","CC/TT","G/G","A/G","A/A","G/G","G/G","A/C","A/G","A/A","A/G","G/G","A/A","C/C","C/T","CTA/CTA","A/A","A/T","A/C","C/T","A/G","G/T","C/T","TC/TT","A/G","C/T","GC/GT","T/T","A/A","G/G","C/C","A/T","G/G","G/G","G/G","A/A","T/T","T/T","C/C","A/A","CC/TT","GC/GC","C/T","A/G","C/G","C/T","G/G","C/T","A/G","A/A","C/C","A/C","G/G","AT/GT","A/C","A/G","G/T","C/T","T/T","C/T","G/T","G/G","A/G","C/T","AT/TT","G/T","T/T","C/C","A/A","A/T","C/C","A/A","A/C","C/C","T/T","A/C","A/A","T/T"
"61","z0207745","G/G","A/A","CA/CG","CC/TC","A/A","G/G","A/G","A/A","AG/GA","C/C","CA/CA","CC/TA","CT/CT","CC/CG","A/A","GC/GT","AA/AG",NA,"C/C","C/G","GA/GA","CT/TA","C/C","AT/AT","GC/GC","G/G","A/A","C/T","C/T","GG/GG","CT/TT","G/G","A/G","C/C","A/C","C/C","C/C","TA/TA","C/T","G/G","C/T","C/T","A/G","CA/CA","C/T","AC/AT","CG/CT","TC/TC","TAA/TAC","G/G","GT/GT","G/G","CA/CA","A/A","GG/TC","G/G","AA/GT","AG/AG","A/G",NA,"T/T","A/A","C/C","T/T","A/G","G/G","C/T","GA/GT","A/G","C/T","C/C","A/A","C/C","C/C","T/T","C/G","C/C","AA/AA","A/G","A/A","CA/CG","C/T","C/C","G/G","C/T","CC/CC","A/A","G/G","A/A","A/A","A/A","A/C","G/G","A/A","A/A","G/G","A/A","C/C","T/T","AGG/CTA","A/A",NA,"A/C","C/T","G/G","T/T","T/T","TC/TT",NA,"C/C","AC/GT","T/T","A/A","G/G","C/T","T/T","A/A","G/G","A/G","A/C","A/T","C/C","A/C","A/C","TC/TC","AG/GC","C/C","G/G","C/C","C/C","C/G","T/T","A/A","G/G","C/T","A/C","A/G","AT/AT","A/C","G/G","T/T","T/T","T/T","C/T","G/T","T/T","A/A","C/T","AT/TT","T/T","T/T","C/C","A/A","T/T","T/T","A/G","C/C","T/T","C/T","C/C","A/A","C/C"
"62","z0012528","A/G","A/G","AG/CG","CC/CG","A/G","A/G","A/G","A/A","GA/GA","C/C","CG/CG","CC/TA","TC/TC","CC/CG","A/A",NA,"CG/CG","G/G","C/C","C/C","GA/GG","CT/CT","T/T","AT/AT","GC/GC","G/G","A/A","T/T","C/C","GG/GG","TC/TC","G/G","G/G","C/C","A/A","C/G","C/C","GA/TA","T/T","G/G","C/C","C/T","G/G","AA/AG","C/T","TT/TT","CG/CT","TC/TC","TAC/TGA","G/G","AT/GT","A/G","CA/CC","A/A","GG/TG","G/G","GA/GA","AG/AT","A/G",NA,"C/T","A/A","C/G","T/T","A/G","C/G","C/C","AA/GA","A/G","C/T",NA,"A/G","C/C",NA,"T/T","G/G","T/T","AA/AA","A/G","A/A","CA/CG","T/T","C/T","A/G","T/T",NA,"G/G","G/G","A/A","A/A","G/G","C/C",NA,"A/G",NA,"C/G","A/A","C/C","T/T","CTA/CTA","A/A",NA,"A/C","T/T","G/G","T/T","C/C","TC/TC",NA,NA,"AC/GC","T/T","A/A","G/G","C/T","A/A","A/G","A/G","A/G","A/A","T/T",NA,"C/C","A/A","TC/TT","GC/GC","C/C","A/G",NA,"C/C","C/G",NA,NA,"A/G","T/T","A/A","G/G","AT/AT","C/C","A/G","G/T","C/T",NA,"C/C","G/T","G/G","A/A","C/C","AT/TT","G/T","T/T","C/C","A/A","A/T","C/T","A/G","A/A","C/T",NA,"C/C","A/G","T/T"
"63","z0062627","A/G","A/G","CA/CG","CC/CG","A/G","G/G","A/A","A/A","GA/GG","C/C","CA/CA","CA/TA","CT/CT","CG/CG","A/A","GT/GT","AG/CG","G/G","C/C","G/G","TG/TG","CT/TA","T/T","AC/AC","GC/GG","G/G","G/G","C/T","C/T","GG/GG","TT/TT","G/G","G/G","C/C","A/A","G/G","C/C","TA/TG","T/T","G/G","C/C","C/T","A/G","CA/CA","C/C","AT/AT","CT/TT","TC/TC","TAA/TGA","G/G","GT/GT","A/G","CA/CC","A/A","TC/TC","G/G","GA/GT","AT/AT","G/G","C/T","C/C","A/A","C/C","T/T","A/A","C/G","C/T","AA/AA","G/G","C/T","C/C","G/G","C/C","C/T","C/T","C/G","C/T","AA/AA","A/G","A/A","CA/CG","C/T","C/C","A/G","T/T","CC/CC","G/G","G/G","A/A","A/G","A/G","A/A","G/G","G/G","A/G","C/G","A/T","C/T","T/T","AGG/CTA","A/A","A/T","A/C","C/T","G/G","T/T","C/C","TC/TC","A/A","C/T","AC/GT","A/T","A/A","G/G","C/T","A/A","A/A","G/G","G/G","A/C","A/A","T/T","C/C","A/A","TC/TC","AG/GC","C/C","G/G","C/C","C/T","C/C","T/T","A/G","G/G","C/C","A/A","G/G","AT/AT","A/C","G/G","G/T","C/T","T/T","C/C","G/G","G/G","A/A","C/C","AT/AT","G/T","T/T","C/T",NA,"T/T","C/C","A/G","A/C","T/T","C/C","A/C","A/G","T/T"
"64","z0040942","A/G","A/G","AG/CG","CG/TC","A/G","A/G","A/A","A/G","GA/GA","C/T","AG/CA","TA/TA","CT/TC","CG/TG","A/A","CT/GT","AG/AG",NA,"T/T","C/G","TG/TG","CT/CT","C/T","AT/AT","GC/GC","G/G","A/A","T/T","C/C","AG/GG","TC/TT","G/T","G/G","C/C","A/C","C/G","C/C","TA/TA","T/T","A/G","C/C","T/T","G/G","CA/CA","C/C","AC/AT","CT/CT","TC/TC","TAC/TAC","G/G","GC/GT","A/A","CA/CA","A/G","GG/GG","G/G","AA/GA","AG/AT","G/G","C/T","C/T","A/G","G/G","C/C","G/G","C/G","C/C","AA/GA","G/G","C/T","T/T","A/A","C/C","C/T","T/T","G/G","C/C","AA/CG","A/A","A/A","CA/TG","C/C","C/T","G/G","T/T","TT/TT","A/A","G/G","A/A","A/A","A/G","A/C","A/G","A/G","A/G","C/G","A/T","C/T","T/T","AGG/CTA","A/A","A/T","A/A","T/T","A/G","T/T","C/C","TC/TC","G/G","C/C","GC/GT","A/T","A/A","G/G","C/T","A/T","A/A","A/G","G/G","A/A","T/T","C/C","A/C","A/C","TT/TT","AG/GC","C/C","A/G","C/G","C/T","G/G","C/T","A/G","G/G","C/C","A/A","G/G","AA/AT","A/C","A/A","T/T","T/T","T/T","C/T","G/T","G/G","A/G","C/C","AT/AT","T/T","T/T","C/C",NA,"T/T","C/T","A/G","A/C","T/T","T/T","A/C","A/A","C/T"
"65","z0076693","G/G","A/A","CG/CG","CG/CG","A/A","G/G","A/A","A/G","GA/GG","C/C","AG/CG","TA/TA","CT/TC","CG/CG","A/A","CT/GT","AG/AG","G/G","C/C","C/C","GA/TG","CT/CT","C/T","AC/AT","GC/GC","G/G","A/A","C/T","T/T","GG/GG","CT/TC","G/G","G/G","C/T","A/C","G/G","C/C","GA/TG","T/T","G/G","C/C","C/T","G/G","AA/CA","C/C","AC/TT","CG/TT","TC/TC","TAC/TAC","G/G","AT/GT","A/G","CA/CA","A/A","GC/GG","A/G","GT/GT","AG/AT","G/G","T/T","C/T","A/A","C/C","C/C","G/G","C/G","C/C","GA/GT","G/G","T/T","C/T","A/G","C/C","C/C","T/T","G/G","C/C","AA/AA","A/G","A/A","CG/CG","T/T","C/C","G/G","C/T","CC/CC","A/A","G/G","A/A","G/G","A/G","A/C","G/G","G/G","G/G","G/G","A/A","C/T","T/T","CTA/CTA","A/A",NA,"A/A","C/T","G/G",NA,"C/T","TC/TC","A/G","C/C","GC/GT","A/T","A/A","G/G","C/T","A/A","A/G","A/G","G/G","A/A","A/T","C/T","C/C","A/A","TC/TC","GC/GC","C/C","A/A","C/C","C/T","C/C","C/T","A/A","A/A","C/C","A/A","A/G","AA/AT","A/C","G/G","T/T","C/T","T/T","T/T","G/T","G/T","A/A","C/C","TT/TT","G/G","G/T","C/C","A/A","A/A","C/T","G/G","A/C","C/T",NA,"C/C","A/G","C/C"
"66","z0012490",NA,NA,"AG/CA","CC/CC","A/A","G/G","A/G",NA,NA,NA,"AG/CA",NA,"CC/CT",NA,"A/G",NA,"AG/AG",NA,"C/C",NA,"GA/GG","CT/CT","T/T",NA,"GC/GG",NA,"A/A",NA,"T/T",NA,NA,"G/G",NA,"C/C","C/C","C/G",NA,"TA/TG",NA,"G/G","C/C",NA,"G/G",NA,"C/C",NA,"TT/TT","CC/TC","TAC/TAC",NA,"AT/GT","A/G","CA/CA","A/A","GG/TC",NA,"GA/GA","AT/AT","A/G",NA,"C/C","A/G","C/C","C/T","A/G","C/C","C/C","GA/GA",NA,"C/C",NA,"G/G","C/C",NA,"T/T",NA,NA,"AA/AA","A/G","A/A","CA/CG","C/T","C/T","A/G","T/T","CC/CC","G/G","G/G","A/A",NA,"A/A",NA,"G/G","A/A","A/G","C/G",NA,"C/T",NA,"AGG/CTA","A/A","T/T",NA,"T/T","G/G",NA,"C/C","TC/TT","G/G","C/T","GT/GT","A/T","A/A","G/G","C/T","A/T","A/A",NA,"G/G","A/C","A/T","C/T","C/C","A/A","TC/TT","GC/GC","C/C","G/G","C/G","C/T","C/G",NA,"A/A",NA,NA,"A/C","A/G","AT/AT","A/C","G/G",NA,NA,"T/T","C/T","T/T",NA,NA,"C/T","AT/AT","G/G","G/T","C/C","A/A","A/A","C/T","A/G","C/C","C/T",NA,"A/C","A/G",NA
"67","z0037418",NA,"A/A","CA/CG","CC/CG","A/G","A/G","G/G","A/G",NA,"C/C","CA/CG","CC/TA","CC/CT","CC/CC","A/G",NA,"AG/CG","A/G","C/T","G/G","GG/GG","CT/CT","C/C","AC/AC","GC/GC","G/G","A/A","C/C","T/T","GG/GG","TC/TT","G/G","A/G","C/C","A/C","C/G","C/C","TG/TG","C/T","G/G","C/C","C/C","G/G",NA,"C/C","TT/TT","TT/TT","TC/TC","TAC/TAC","G/G","AT/GT","A/G","CA/CC","A/A","GG/TC","G/G","AA/GA","AG/AG","A/G",NA,"C/C","A/A","C/G","T/T","A/G","C/G","C/T","GA/GA","A/G","C/C",NA,"A/A","C/C","C/T","T/T","G/G","C/T","AA/AA","G/G","A/A","CA/TG","T/T","C/C","G/G","T/T","CC/CC","G/G","A/G","A/A","A/G","A/G","C/C","G/G","A/G","G/G","G/G","A/A","C/T","C/T","CTA/CTA","A/A",NA,"A/A","C/C","G/G",NA,"C/C","TC/TC",NA,"C/C","GC/GT","A/T","A/A","G/G","C/T","T/T","A/A","G/G","G/G",NA,"A/T","T/T","C/C","A/A","TC/TC","GC/GC","C/C","A/G","C/G","C/C","C/C",NA,"A/A","G/G","C/C","A/C","G/G","AA/AT","A/C","A/A",NA,"C/T","T/T","C/C","G/T","G/T","A/A","C/C","AT/AT","T/T","T/T","C/C","A/A","A/T","C/T","A/A","A/C","C/T",NA,"C/C","A/G","C/T"
"68","z0016885","A/A","A/A","CA/CG","CG/TC","A/A","G/G","A/G","A/A",NA,NA,"CG/CG","TA/TA","CC/CT","CC/CG","A/G","CT/GT","CG/CG","G/G","C/C","G/G","TG/TG","CT/CT","C/T","AC/AT","GC/GG","G/G","A/A","C/T","C/C","AG/GG","CT/TC","G/T","A/G","C/C","A/C","C/G",NA,"TA/TA","C/T","G/G","C/T","C/C","A/G",NA,"C/T","TT/TT","CT/TT","CC/TC","CAC/TAC","G/G","GC/GT","G/G","CA/CC","G/G","GG/TG","G/G","GA/GA","AT/GT","A/A","C/T","C/T","A/G","C/C","T/T","A/A","C/G","C/T","GT/GT","G/G","C/T",NA,"G/G","C/C","T/T","T/T","G/G",NA,"AA/AA","A/A","A/A","CG/CG","C/T","C/T","A/G","T/T","CC/TT","A/G","A/G","A/A","A/G","A/G",NA,"G/G","G/G","A/G","C/G",NA,"C/C","C/T","CTA/CTA","A/A","T/T","A/A","T/T","A/G","G/G",NA,"TC/TC","G/G","C/T","AC/GC","T/T","A/G","A/G","C/T","T/T","A/G","A/G","G/G","A/C","A/T","T/T","C/C","A/A","TC/TT","AG/GC","C/T","G/G","C/G","C/C","C/G","C/T","G/G","A/G",NA,"A/A","A/G","AT/AT","A/A","G/G",NA,"C/T","A/T","T/T","G/T","G/G","G/G","C/C","AT/AT","T/T","T/T","C/C","A/A","A/T","C/C","G/G","C/C","T/T",NA,"C/C","A/A","T/T"
"69","z0076707","A/G","A/G","CA/CG","CG/TC","A/A","G/G","A/G","A/G","GG/GG","C/C","AG/CG","TA/TA","CC/CT","CC/TG","A/A","GC/GT","AG/AG","G/G","C/T","G/G","GA/TG","CT/CT","C/C","AC/AC","GC/GC","G/G","A/A","T/T","T/T","GG/GG","TC/TT","G/G","G/G","C/C","C/C","G/G","C/C","TA/TA","T/T","G/G","C/C","C/T","G/G","CA/CA","C/T","AT/AT","CT/TT","TC/TC","TAC/TGA","G/G","AT/GT","G/G","CA/CC","A/A","GG/GG","G/G","GA/GT","AG/AT","G/G",NA,"C/T","A/A","C/G","C/T","G/G","C/G","C/C","GA/GT","G/G","C/T","C/T","A/A","C/C","T/T","T/T","G/G","C/C","AA/AA","G/G","A/A","CG/TG","C/T","C/C","G/G","T/T","CC/CC","A/G","A/G","A/G","A/G","G/G","C/C","G/G","G/G","G/G","G/G","A/A","C/C","C/T","AGG/CTA","A/A",NA,"A/A","T/T","A/G",NA,"C/C","CC/TC","G/G","C/C","AC/GT","T/T","A/A","G/G","C/T","A/A","A/G","G/G","A/G","A/A","T/T","C/T","C/C","A/A","TC/TT","AG/GC","C/C","A/G","C/G","C/C","G/G",NA,"A/G","G/G","C/C","A/C","G/G","AT/AT","A/C","G/G","G/T","T/T","T/T","C/T","G/G","G/G","A/G","C/C","AT/AT","G/T","G/T","C/T","A/G","A/A","T/T","A/G","A/A","T/T","T/T","C/C","A/G","C/T"
"70","z0062687","A/A","A/A","AG/CA","CC/CG","A/A","A/G","A/G","A/G","GA/GG","C/C","CG/CG","CC/CC","CT/TC","CG/TG","A/G","CT/CT","AA/AA","A/G","C/C","C/C","GA/TG","CT/TA","T/T","AT/CT","GC/GC","G/G","A/A","C/T","C/T","AG/GG","CT/TC","G/T","A/G","C/T","A/A","C/G","C/C","TA/TG","T/T","G/G","C/C","T/T","A/G","CA/CA","C/C","AT/TT","CT/CT","CC/TC","TAC/TGA","G/G","GC/GT","A/A","CA/CA","A/A","GG/GG","G/G","GA/GT","AG/GT","A/G","C/T","C/T","A/G","C/C","T/T","G/G","C/C","C/T","AA/GA","A/G","T/T","C/T","A/A","C/C","C/T","C/T","G/G","C/T","AA/CG","G/G","A/A","CA/CG","T/T","C/C","G/G","C/T","CC/CC","A/G","G/G","A/A","A/A","A/G","A/A","G/G","G/G","G/G","G/G","A/A","C/C","T/T","AGG/CTA","A/A","A/T","A/A","T/T","G/G","T/T","C/C","TT/TT","A/G","C/C","GC/GT","T/T","A/A","G/G","C/T","A/T","A/G","A/G","G/G","C/C","A/T","C/T","A/C","A/C","CC/TC","GC/GC","C/C","A/G","G/G","C/T","C/G","T/T","A/G","G/G","C/T","A/C","A/G","AT/AT","C/C","G/G","G/G","C/T","T/T","C/C","T/T","G/T","A/A","C/C","AT/AT","G/T","T/T","C/T","A/G","A/T","C/T","G/G","A/C","C/T","C/T","A/C","A/G","C/T"
"71","z0117094",NA,NA,"CG/CG","CC/TC","G/G","G/G","G/G","A/G",NA,NA,"CA/CG","TA/TA","TC/TC",NA,"A/G",NA,"AG/AG",NA,"C/C",NA,"GA/TG","CT/TA","C/C",NA,"GC/GC","G/G","A/A",NA,"C/T","GG/GG",NA,"G/G","G/G","C/C","A/C","G/G",NA,"GA/TG","T/T","G/G","C/C",NA,"G/G",NA,"C/C",NA,"CT/TT","CT/TC","TAC/TAC",NA,"GC/GT","A/G","CA/CA","A/A","GG/TC",NA,"GT/GT","AG/GT","A/G",NA,"C/C","A/A","C/G","C/T","G/G","C/C","C/C","AA/GA","A/G","C/T",NA,"A/A","C/C",NA,"T/T",NA,NA,"AA/AA","A/G","A/A","CG/CG","T/T","C/C","A/G","T/T","CC/CC","G/G","G/G","A/A","A/G","A/G",NA,"G/G","A/G",NA,"G/G",NA,"C/T","T/T","CTA/CTA","A/A",NA,"A/A","C/T","A/G",NA,"C/C","TC/TC",NA,"C/T","GC/GT","T/T","A/G","A/G","C/T","A/T",NA,NA,"G/G","A/C","T/T","C/T","C/C","A/A","CC/TT","GC/GC","C/T",NA,"C/G","C/T","C/C","C/T","A/G","A/A",NA,"A/A","G/G","AA/AT","A/C","A/G",NA,NA,"T/T","C/C","G/G","T/T","A/G","C/C","AT/TT","G/G","T/T","C/C","A/A","T/T","C/T","G/G","A/C","C/T",NA,"A/C","A/A","T/T"
"72","z0037468",NA,"A/A","CA/CG","CC/CG","A/G","G/G","A/G","G/G",NA,NA,"AG/AG","TA/TA","CT/TC","CC/CG","G/G",NA,"AG/AG","G/G","C/C","C/G","TG/TG","CT/CT","T/T","AC/AT","GC/GC","G/G","A/G","C/T","T/T","GG/GG","CT/TC","G/G","G/G","C/C","A/C","C/G",NA,"TA/TG","T/T","G/G","C/C","C/T","A/G","AG/CA","T/T","TT/TT","CG/TT","TC/TC","TAC/TGA","G/G","AT/GC","A/G","CC/CC","A/A","GG/TC","A/G","GT/GT","AG/GT","A/G","T/T","T/T","A/A","C/C","T/T","G/G","C/G","C/T","GA/GT","G/G","C/T","C/C","G/G","C/C","T/T","T/T","G/G","C/T","AA/AA","A/A","A/G","CG/CG","T/T","C/C","A/A","T/T","CC/CC","A/A","A/G","A/A","A/A","A/G","A/A","G/G","A/G","G/G","G/G","A/A","C/C","T/T","CTA/CTA","A/A","T/T","A/C","C/T","G/G","T/T","C/C","TT/TT","G/G","C/T","GC/GT","T/T","A/A","G/G","C/C","A/T","A/A","A/G","G/G","C/C","T/T","T/T","C/C","A/A","TC/TT","AG/GC","C/C","G/G","C/G","C/T","C/C","C/T","A/A","G/G","C/C","A/C","A/G","AT/AT","A/C","A/G",NA,"C/T","T/T","C/T","G/T","G/T","A/A","C/C","AT/AT","G/T","T/T","C/C","A/A","A/T","C/T","G/G","C/C","C/T",NA,"A/C","A/A","C/C"
"73","z0012505",NA,"A/A",NA,"CG/TC","A/G","G/G","G/G","A/G",NA,NA,"AG/CG",NA,"CT/TC","CC/CC","G/G",NA,"AG/CG","A/G","C/C",NA,"GA/GG","CT/CT","T/T",NA,"GC/GC","G/G","A/A",NA,"T/T","GG/GG",NA,"G/T",NA,"C/C",NA,"C/C",NA,"TA/TG","C/T","G/G","C/T",NA,"G/G",NA,"C/T",NA,"CT/TT","CC/CC","TGA/TGA","G/G","AT/GT","A/A","CA/CA","A/A","GC/TC",NA,"AT/GT","AT/GT","G/G",NA,"C/T","A/G","C/C","C/T","G/G","C/C","C/T","GA/GT","G/G","C/T",NA,"A/G","C/C","C/T","T/T",NA,"C/T","AA/AA","A/G","A/A","CA/CA","C/T","C/C","G/G","T/T","CC/CC","G/G","A/G","A/A","A/A","G/G",NA,"G/G","A/A","G/G","G/G",NA,"T/T",NA,"AGG/CTA","A/A",NA,NA,"C/C","A/G",NA,"C/C","TC/TT",NA,"C/T","GT/GT","T/T","A/G","A/G","C/C","A/T","A/G","G/G","A/G","A/A","T/T","C/T","A/C","A/C","CC/TT","GC/GC","C/T","G/G","C/C","C/C","G/G","C/T","A/G","A/G",NA,"A/A","A/G","AT/AT","A/A","G/G",NA,"C/C","A/T","C/T","G/G","G/T","A/G","C/C","AT/AT","G/G","T/T","C/T","A/A","A/A","C/C","A/A","A/A","C/T",NA,"C/C","A/A","C/C"
"74","z0062766","G/G","A/G","CA/CA","CG/TC","A/G","G/G","G/G","A/A","AG/GA","C/C","CA/CG","CC/TA","CC/TC","CC/CC","A/G","CT/CT","AG/AG","G/G","C/C","G/G","GA/TG","CT/TA","C/C","AC/AT","GC/GC","G/G","A/A","C/T","C/T","GG/GG","CT/TT","G/G","G/G","C/C","A/C","C/G","C/C","TA/TG","C/T","G/G","C/T","C/T","G/G","AG/CA","C/C","TT/TT","CT/CT","CT/TC","TAC/TGA","G/G","AT/GT","A/G","CA/CC","A/G","GC/TG","G/G","GT/GT","AG/AG","A/G","T/T","C/C","A/G","C/G","T/T","A/G","C/C","C/C","AA/GA","A/G","T/T","C/T","G/G","C/C","T/T","T/T","G/G","C/C","AA/AA","A/A","A/A","CA/CG","T/T","C/C","G/G","T/T","CC/CC","A/G","G/G","A/A","A/A","G/G","A/C","G/G","A/G","G/G","G/G","A/A","C/C","T/T","AGG/CTA","A/A","A/T","A/C","T/T","G/G","T/T","C/T","TC/TT","G/G","C/C","AC/GC","A/T","A/G","A/G","C/C","A/T","A/G","A/G","G/G","A/A","A/T","C/T","C/C","A/A","CC/TT","GC/GC","C/T","G/G","G/G","C/T","G/G","T/T","A/A","A/G","C/T","A/A","A/G","AT/AT","C/C","G/G","T/T","C/T","A/T","C/C","G/T","G/G","A/A","C/C","AT/TT","G/T","T/T","C/C","G/G","A/T","T/T","G/G","A/C","T/T","C/T","C/C","A/G","C/T"
"75","z0102610","A/G","A/A","CA/CA","CC/CC","A/G","G/G","A/G","A/A","GA/GA","C/C","AG/CA","CC/TA","CC/CC","CG/TG","A/A","GT/GT","AG/AG","A/G","C/C","C/G","TG/TG","CT/TA","C/T","AT/AT","AC/GC","C/G","A/A","C/T","C/C","GG/GG","CT/TT","G/G","A/G","C/C","A/C","C/G","C/C","TA/TA","T/T","G/G","C/C","C/C","A/G","AA/CA","C/C","TT/TT","CG/TT","CC/TC","TAC/TAC","G/G","AT/GT","A/G","CA/CA","A/G","GG/TC","G/G","GA/GA","AT/GT","G/G","T/T","C/T","A/G","C/G","T/T","A/G","G/G","C/C","GA/GT","A/A","T/T","C/C","A/A","C/C","C/T","T/T","G/G","C/T","AA/CG","A/G","A/A","CA/CG","T/T","C/T","A/A","T/T","CC/TT","G/G","A/G","A/A","A/G","A/G","A/A","G/G","A/G","A/G","C/G","A/A","C/T","T/T","CTA/CTA","A/A","T/T","A/C","C/C","G/G","T/T","C/C","TC/TT","G/G","C/T","GT/GT","T/T","A/G","A/G","C/T","A/T","A/G","G/G","G/G","A/C","A/T","C/T","C/C","A/A","TT/TT","GC/GC","C/T","G/G","C/G","C/T","C/G","C/C","A/A","A/A","C/C","A/C","G/G","AT/AT","C/C","A/G","G/T","T/T","T/T","C/T","G/T","T/T","A/G","C/C","TT/TT","G/T","T/T","T/T","A/A","A/A","C/C","G/G","A/A","T/T","C/C","C/C","A/A","C/T"
"76","z0012525",NA,NA,"CG/CG","CG/CG","A/G","G/G","A/G","A/A",NA,"C/T","AG/CG","CC/TA","CT/TC","CC/CG","A/G",NA,"AA/CG","G/G","C/C",NA,"GA/GG","CT/CT","C/T","AT/AT","GC/GC","G/G","A/A",NA,"C/C","GG/GG","CT/CT","G/T",NA,"C/T","A/A","C/G",NA,"TA/TG","C/T","G/G","C/T","C/C","G/G",NA,"C/C",NA,"CT/CT","TC/TC","TAC/TAC","G/T","AT/AT","A/A","CC/CC","A/A","GG/GG","G/G","GA/GT","AG/GT","A/G","T/T","C/C","G/G","C/C","T/T","G/G","G/G","C/T","AA/GT","G/G","C/C",NA,"A/A","C/C","C/C","C/T","C/G","C/T","AA/AA","A/G","A/A","CA/CG","T/T","C/C","A/G","T/T","CC/TT","G/G","A/G","A/G","A/G","G/G","A/C","G/G","A/G","A/G","G/G","A/A","C/C","C/T","CTA/CTA","A/A","T/T","A/A","T/T","A/G","G/T","C/C","TC/TT","G/G","C/T","GT/GT","T/T","A/A","G/G","C/C","A/A","A/G","G/G","G/G","A/A","T/T","C/T","C/C","A/A","CC/TC","GC/GC","C/C","A/G","C/G","C/C","C/C","T/T","G/G","A/G","C/T","A/A","G/G","AA/AT","A/C","G/G",NA,"C/C","T/T","C/C","G/T","G/G","A/A","C/C","AT/TT","T/T","T/T","C/C","A/A","A/A","C/C","A/G","A/C","T/T","C/T","C/C","A/A","C/T"
"77","z0012517",NA,"A/A","CA/CA","CC/CG","A/A","A/G","G/G","A/G",NA,NA,"CA/CG","CA/CC","TC/TC","CC/TG","A/A",NA,"CG/CG",NA,"C/C","C/C","TG/TG","CT/TA","T/T","AC/AC","AC/AC","G/G","A/A",NA,"T/T","GG/GG",NA,"G/G",NA,"C/C","A/C","G/G",NA,"TG/TG","T/T","A/G","C/C","C/T","G/G",NA,"C/T",NA,"TT/TT","CC/CT","TAA/TAC","G/G","GT/GT","A/A","CA/CA","A/G","GG/GG",NA,"GT/GT","AG/AT","A/G","T/T","C/T","A/A","C/G","C/T","A/G","G/G","C/T","AA/GA","G/G","C/T",NA,"A/G","C/T","T/T","T/T","G/G","C/C","AA/CG","A/G","A/A","CA/CG","T/T","C/C","A/G","T/T","CC/CC","A/G","A/G","A/A","A/A","G/G","A/A","G/G","A/G","A/A","G/G",NA,"C/T","T/T","AGG/AGG","A/C","T/T","A/C","T/T","A/G","T/T","C/C","TC/TC","G/G","T/T","GT/GT","T/T","A/G","A/G","C/C","A/T","A/A","G/G","A/G","A/A","A/A","C/T","A/C","A/A","TC/TT","AG/GC","C/C","A/G","C/C","C/T","C/C","C/T","A/A","A/G","C/T","A/A","G/G","AA/AA","C/C","G/G",NA,"C/T","T/T","C/T","G/G","G/G","A/A","C/C","AT/TT","G/T","G/T","C/T","A/A","A/T","T/T",NA,"A/C","T/T","C/T","C/C","A/G","T/T"
"78","z0012485","G/G","A/G","CA/CG","CG/CG","A/G","G/G","G/G","A/G","GA/GA","C/T","AG/AG","CC/TA","CT/TC","CC/CC","A/A","CT/GT","AG/CG","G/G","C/C","C/G","GG/TG","CT/CT","C/T","AC/AC","AC/GC","G/G","A/G","C/C","T/T","GG/GG","TT/TT","G/G","A/G","C/C","A/A","G/G","A/C","TA/TA","T/T","G/G","C/T","C/T","G/G","CA/CA","T/T","TT/TT","TT/TT","CC/TC","TAC/TGA","G/G","AT/GT","A/G","CA/GC","A/G","GG/GG","A/G","GA/GT","AG/GT","G/G","T/T","C/C","A/A","C/C","T/T","A/G","C/G","T/T","AA/GT","G/G","C/C","C/C","A/A","C/C","C/T","T/T","G/G","C/T","AA/AA","A/A","A/A","CA/CG","T/T","C/C","A/G","T/T","CC/CC","G/G","A/G","A/G","A/A","A/G","C/C","A/G","A/A","G/G","C/G","A/A","C/T","C/C","AGG/CTA","A/C","A/T","C/C","C/T","G/G","G/T","C/T","TC/TC","A/G","C/C","GC/GC","T/T","A/G","A/G","C/T","A/T","A/A","G/G","G/G","A/A","A/T","C/C","C/C","A/A","CC/TT","AG/AG","C/C","A/A","C/C","C/C","C/G","C/T","A/A","G/G","C/C","A/A","G/G","AT/AT","C/C","A/G",NA,"C/T","T/T","C/T","G/T","G/G","A/A","C/C","AT/TT","T/T","T/T","C/C","A/A","A/A","C/T","A/G","A/C","T/T","C/T","C/C","A/A","C/T"
"79","z0062761","A/G","A/A","CG/CG","CC/CG","A/A","A/G","A/G","A/G","AG/GG","C/C","CG/CG","CC/TA","CT/CT","CG/CG","A/G","GC/GT","AG/AG","G/G","C/C","C/G","TG/TG","CT/CT","C/C","AC/AT","GC/GC","G/G","A/A","T/T","T/T","GG/GG","TC/TT","G/G","A/G","C/T","A/A","C/G","C/C","GA/TA","T/T","A/A","C/C","C/C","A/G","AA/CA","C/C","AC/TT","CT/TT","TC/TC","TAA/TGA","G/G","AT/GT","A/A","CA/CC","A/A","GG/GG","G/G","GA/GA","AG/AT","A/G","T/T","C/T","A/G","C/C","T/T","A/G","C/G","C/C","GA/GA","G/G","T/T","C/T","A/G","C/C","C/C","T/T","G/G","C/T","AA/AA","A/G","A/A","CA/CG","C/T","C/C","A/G","T/T","CC/TT","A/G","A/G","A/G","A/A","A/G","A/A","G/G","G/G","G/G","G/G","A/A","C/C","T/T","AGG/CTA","A/A","A/T","C/C","C/T","G/G","T/T","C/C","TC/TT","G/G","C/C","GC/GT","T/T","A/A","G/G","C/T","A/T","A/A","G/G","A/G","A/C","T/T","C/C","A/C","A/A","CC/TT","AG/AG","C/T","A/A","C/C","C/T","C/C","T/T","A/G","G/G","C/C","A/C","A/G","AA/AT","A/C","G/G","T/T","C/T","T/T","C/T","G/G","G/G","A/G","C/C","AT/TT","T/T","T/T","C/T","G/G","A/T","T/T","A/G","A/C","T/T","C/C","C/C","A/A","C/T"
"80","z0102605",NA,"A/A","CA/CG","TC/TC","A/G","G/G","A/G","A/G","GA/GG","C/C","AG/CA","CC/CC","CT/CT","CG/TG","A/A","GT/GT","AG/AG","A/G","C/C","C/G","TG/TG","CT/TA","T/T","AC/AT","AC/GC","G/G","A/A","T/T","T/T","GG/GG","TT/TT","G/G","G/G","C/C","A/A","G/G","C/C","TA/TA","C/T","G/G","C/T","C/T","G/G","AA/CA","C/C","TT/TT","CG/CT","TC/TC","TAA/TAC","G/T","GC/GT","A/A","CA/CA","A/A","GG/TC","A/A","GT/GT","AG/AT","G/G","T/T","C/C","A/A","C/C","C/T","G/G","G/G","C/T","GA/GA","A/G","C/C","C/C","A/A","C/C","C/T","T/T","G/G","C/T","AA/AA","A/G","A/A","CA/CG","T/T","C/T","A/G","T/T","CC/CC","A/G","A/G","A/A","A/A","G/G","A/A","G/G","G/G","G/G","G/G","A/A","C/C","T/T","AGG/CTA","A/A","A/T","C/C","T/T","G/G","G/T","C/C","TC/TC","A/G","C/C","GC/GC","T/T","A/A","G/G","C/C","A/T","A/A","A/G","A/G","A/A","A/T","C/C","C/C","A/A","TT/TT","GC/GC","C/T","A/G","C/G","C/C","C/G","C/T","A/A","G/G","C/T","A/A","A/G","AT/AT","A/C","G/G","G/T","C/T","T/T","C/T","G/G","G/G","A/G","C/C","AT/TT","T/T","T/T","C/C","G/G","A/T","C/T","A/G","A/A","T/T","C/T","A/C","A/G","C/T"
"81","z0012504","A/G","A/A","CA/CG","TG/TG","A/G","G/G","G/G","A/G","GA/GA","C/C","AG/CA","TA/TA","CT/CT","CC/CG","G/G","GT/GT","AA/AG","A/A","C/C","C/C","GA/TG","CT/CT","T/T","AC/AC","GC/GG","G/G","A/G","C/T","T/T","AG/GG","CT/TT","G/G","G/G","C/T","A/A","G/G","C/C","GA/TA","C/T","G/G","C/C","C/T","G/G","CA/CA","C/T","AT/TT","CT/CT","CC/TC","TAC/TGA","G/G","AT/AT","G/G","CA/CC","A/A","GG/GG","G/G","GA/GA","AG/GT","G/G","T/T","C/C","A/A","C/C","T/T","A/G","G/G","C/C","AA/GA","A/G","T/T","C/C","A/G","C/C","C/T","C/T","G/G","C/C","AA/AA","A/A","A/A","CG/CG","C/T","C/T","G/G","C/T","TT/TT","A/G","A/G","A/A","A/A","A/G","A/A","G/G","A/G","A/G","C/G","A/A","C/C","T/T","CTA/CTA","A/C",NA,"A/C","C/C","G/G",NA,"C/T","TC/TC","G/G","C/T","GC/GT","T/T","A/G","A/G","C/T","A/A","A/G","G/G","G/G","A/A","T/T","C/T","C/C","A/A","TC/TC","GC/GC","C/C","G/G","C/G","C/T","C/G","C/C","A/A","G/G","C/C","A/C","G/G","AT/AT","A/C","G/G","G/T","C/T","T/T","C/T","G/T","G/T","G/G","C/C","AT/AT","G/T","T/T","C/C","A/A","A/A","T/T","G/G","A/A","C/T","C/T","C/C","A/A","C/C"
"82","z0012524",NA,"A/A","CA/CA","CG/TC","A/A","A/G","A/G","A/G",NA,NA,"CA/CA","CA/CC","TC/TC","CG/CG","A/A",NA,"CG/CG",NA,"C/C",NA,"GG/TG","CT/CT","T/T","AC/AC","AC/AC","G/G","A/A",NA,"C/T","GG/GG","TC/TT","G/G",NA,"C/C","A/A","G/G",NA,"TA/TG","T/T","A/G","C/C","C/C","G/G",NA,"C/T",NA,"TT/TT","CC/CT","TAA/TAC",NA,"GT/GT","A/A","CA/CA","A/A","GG/TG","G/G","GT/GT","AG/AT","A/G","C/T","T/T","A/A","C/G","C/T","A/G","G/G","C/T","GT/GT","G/G","C/C",NA,"A/A","C/C",NA,"T/T","G/G","C/C","AA/AA","A/A","A/A","CA/CG","C/T","C/T","A/A","T/T","CC/TT","A/A","A/G","A/A","A/A","G/G",NA,"G/G","A/G","A/G","G/G",NA,"C/C","C/T","AGG/CTA","A/C","T/T","A/A","T/T","G/G","T/T","C/T","TC/TT","G/G","T/T","GT/GT","T/T","A/G","A/G","C/T","A/A","A/A",NA,"G/G","A/A","A/A","C/C","A/C","A/A","TC/TC","AG/GC","C/T","A/A","C/C","C/C","C/C","T/T","A/A","A/G","C/T","A/A","G/G","AA/AA","C/C","G/G",NA,"C/T","A/T","C/T","T/T","G/G","A/A","C/T","AT/TT","G/T","T/T","C/C","A/A","A/T","T/T","A/G","A/A","C/T","C/T","C/C","G/G","T/T"
"83","z0016887",NA,NA,"CA/CA","CG/CG","A/G","A/G","A/G","A/A",NA,NA,"AG/CG","TA/TA","CT/CT","CC/CG","A/G",NA,"AG/CG","G/G","C/C",NA,"GA/GG","CT/TA","C/C","AC/AC","GC/GC","G/G","A/A",NA,"C/T","GA/GG",NA,"G/G",NA,"C/C","A/C","C/C",NA,"TA/TG","C/C","G/G",NA,"C/T","G/G",NA,"C/T",NA,"CG/TT","CC/TC","TAC/TAC","G/T","AT/AT","A/G","CA/CC","A/A","GG/TG",NA,"GA/GA","AG/AT","A/G",NA,"C/C","A/A","C/G","C/T","A/A","G/G","C/C","GA/GT","A/G","C/C",NA,"A/A","C/C",NA,"T/T","G/G","C/T","AA/AA","A/A","A/A","CG/CG","T/T","C/C","A/G","T/T","CC/TT","A/G","A/A","A/A","G/G","A/G",NA,"A/G","A/G","A/A","C/G",NA,"C/C",NA,"CTA/CTA","A/A","T/T","A/C","C/T","A/G",NA,NA,"TC/TC","G/G","C/C","GC/GT","A/T","A/G","A/G","C/C","A/A","A/G",NA,"G/G","A/A","A/T","C/T","C/C","A/A","CC/TC","AG/GC","C/C","A/G","G/G","C/C","C/C","T/T","A/A","A/G",NA,"A/A","A/G","AT/AT","A/C","A/G",NA,NA,"A/T","T/T","G/T","G/G","G/G","C/C","AT/AT","T/T","T/T","C/C","A/A","A/T","T/T","G/G","A/C","T/T","T/T","C/C","A/A","C/C"
"84","z0012523",NA,NA,"AG/CG","CG/CG","A/A","A/G","A/A","A/G",NA,NA,"CA/CG","CC/TA","CC/CT","CG/CG","A/A",NA,"AA/AG",NA,"C/C",NA,"GG/TG","CT/TA","C/T",NA,"GC/GC","G/G","A/A",NA,"C/T","GG/GG",NA,"G/G",NA,"C/C","A/A","C/G",NA,"TG/TG","C/C","G/G","C/C","C/T","G/G",NA,"C/C",NA,"CG/CT","CC/CT","TGA/TGA",NA,"GT/GT","A/G","CA/CC","G/G","GG/TC","G/G","GT/GT","AG/AT","G/G","C/T","T/T","A/A","C/C","T/T","A/G","G/G","C/T","AA/GA","A/G","C/T",NA,"A/G","C/C","C/T","C/T","G/G","C/C","AA/AA","A/A","A/A","CA/TG","C/C","C/C","A/G","T/T","CC/CC","A/G","A/G","A/A","A/G","A/G","A/A","A/G","G/G","A/G","C/G",NA,"C/C","C/T","CTA/CTA","A/A","T/T","A/A","C/T","G/G",NA,NA,"TC/TC","G/G","C/T","GT/GT","A/T","A/A","G/G","C/T","A/A","A/G",NA,"G/G","A/A","T/T","T/T","A/C","A/A","TC/TT","AG/GC","T/T","A/A","C/G","C/C","C/C","C/T","A/A","G/G",NA,"C/C","A/G","AT/AT","C/C","A/G",NA,"C/T","T/T","C/T","G/T",NA,"A/A","C/C","AT/TT","T/T","G/T","C/C","A/A","T/T","T/T","G/G","C/C","C/T",NA,"C/C","A/A","C/C"
"85","z0016886",NA,NA,"CA/CA","CG/TG","A/A","G/G","A/G","A/A",NA,NA,"CA/CG","CC/TA","CT/CT",NA,"A/G",NA,"AG/CG","G/G","C/C",NA,"GG/GG","CT/TA","C/T",NA,"GC/GC","G/G","A/A",NA,"C/C","GA/GA",NA,"G/G",NA,"C/C","A/C","C/C",NA,"TA/TA","C/T","G/G","C/T",NA,"G/G",NA,"C/T",NA,"CT/CT","CC/TC","TAA/TAC","G/G","AT/GC","G/G","CC/CC","A/G","GG/GG",NA,"GA/GA","AT/AT","A/G","T/T","C/C","A/A","C/G","T/T","G/G","G/G","C/T","GT/GT","G/G","C/C",NA,"G/G","C/C",NA,"C/T","G/G","C/C","AA/AA","A/G","A/G","TG/TG","C/T","C/C","A/A","C/T","CC/CC","G/G","A/G","A/A","A/G","G/G",NA,"G/G","G/G","A/G","G/G",NA,"C/C",NA,"AGG/CTA","A/A","T/T","A/A","T/T","G/G","G/T",NA,"TC/TC","G/G","C/C","GC/GT","A/A","G/G","A/A","C/C","A/A","A/G","G/G","G/G",NA,"A/T","C/C","A/A","A/A","TC/TT","AG/GC","C/C","G/G","C/G","C/C","C/G",NA,"A/G","A/G",NA,"A/A","G/G","AA/AT","A/C","A/G",NA,NA,"T/T","C/T","G/T","G/T","A/G","C/C","AT/AT","G/T","T/T","C/C","A/A","T/T","C/T","G/G","A/C","T/T",NA,"C/C","A/A","C/C"
"86","z0076715",NA,"A/A","CA/CG","CC/TC","A/A","G/G","A/G","A/G",NA,NA,"CA/CG","CC/TA","CT/TC","CG/CG","A/G","GT/GT","AA/CG","G/G","C/T",NA,"GG/TG","CT/CT","T/T","AC/AC","AC/GC","G/G","A/A","C/T","C/T","GG/GG","CT/CT","G/G","G/G","C/C","A/C","G/G","A/C","TA/TA","T/T","A/G","C/C","C/T","G/G",NA,"C/T","AC/TT","CT/TT","CC/TC","CAC/TGA","G/G","GC/GT","A/A","CA/CA","A/A","GC/GG","G/G","GA/GT","AG/AG","G/G","T/T","C/C","A/A","C/G","C/T","G/G","C/G","C/C","GA/GT","A/G","C/T","C/C","A/G","C/C","T/T","T/T","G/G","C/T","AA/AA","A/G","A/G","CG/CG","T/T","C/T","G/G","C/T","CC/CC","G/G","G/G","A/G","G/G","G/G","C/C","G/G","A/G","G/G","G/G","A/A","C/C","T/T","AGG/AGG","A/C",NA,"C/C","T/T","G/G","T/T","C/C","TC/TC","A/G","C/T","GT/GT","T/T","A/A","G/G","T/T","A/A","A/G","A/G","G/G","A/C","A/T","C/T","C/C","A/A","TC/TC","GC/GC","C/T","A/A","C/C","T/T","C/G","C/T","A/A","G/G","C/T","A/C","G/G","AA/AT","C/C","G/G",NA,"T/T","A/T","C/C","G/T","G/T","A/G","C/C","TT/TT","T/T","T/T","C/C","A/A","A/T","C/T","A/G","A/C","C/C","C/T","A/C","A/G","C/T"
"87","z0032021","A/G","A/A","CA/CG","CG/CG","A/A","G/G","A/A","A/G","GA/GG","C/C","AG/CA","TA/TA","CT/TC","CC/CG","A/G","CT/GT","AG/AG","A/A","T/T","C/C","TG/TG","CT/CT","T/T","AC/AT","GC/GC","G/G","A/A","T/T","C/T","GG/GG","CT/TT","G/T","A/G","C/C","A/C","C/G","C/C","TA/TG","C/C","G/G","C/C","C/C","G/G","AA/CA","C/C","TT/TT","CT/TT","TC/TC","TAC/TAC","G/G","AT/GT","A/A","CA/CA","A/A","GG/GG","A/G","AT/GT","AG/AT","G/G","C/T","C/T","A/A","C/G","T/T","G/G","C/G","T/T","GA/GA","A/G","C/T","C/C","A/G","C/C","T/T","T/T","G/G","C/T","AA/AA","A/A","A/G","CG/TG","C/T","C/C","A/G","C/T","CC/CC","G/G","G/G","A/A","A/G","A/G","C/C","G/G","A/A","A/G","G/G","A/A","C/T","C/C","CTA/CTA","A/A",NA,"C/C","T/T","G/G",NA,"C/C","CC/TC","A/G","C/C","GT/GT","T/T","A/A","G/G","T/T","A/T","A/A","G/G","G/G","A/C","T/T","C/T","A/C","A/A","TC/TC","AG/AG","C/T","G/G","C/C","C/T","C/G","C/T","A/A","G/G","C/C","A/C","A/G","AT/AT","A/C","G/G","G/T","C/C","T/T","T/T","G/T","G/G","A/A","C/T","AT/AT","T/T","T/T","C/C","A/G","A/T","C/C","A/A","A/C","C/T","T/T","A/C","A/A","C/T"
"88","z0006798","A/G","A/G","AG/CG","CC/CG","A/A","G/G","A/G","A/G","AG/GA","C/C","AG/CA","CC/TA","CT/TC","CC/CG","A/A","GT/GT","AA/AG","G/G","C/C","C/C","TG/TG","CT/CT","C/T","AC/AT","GC/GC","G/G","A/A","C/T","C/T","AG/GG","TT/TT","G/G","G/G","C/C","A/C","C/C","C/C","GA/TG","C/T","G/G","C/C","C/T","G/G","AG/CA","C/C","AT/AT","CG/TT","TC/TC","CAC/TGA","G/G","AT/AT","A/G","CC/CC","A/G","GG/GG","G/G","GA/GT","AG/AG","G/G","C/T","C/T","A/A","C/C","T/T","G/G","G/G","C/C","AA/GA","A/G","C/C","C/C","A/G","C/C","C/C","C/T","G/G","C/C","AA/AA","G/G","A/A","CG/CG","C/T","C/C","G/G","C/T","CC/CC","G/G","A/G","A/A","A/G","A/G","C/C","G/G","G/G","A/A","G/G","A/A","C/T","T/T","CTA/CTA","A/A","T/T","A/C","T/T","G/G","G/T","C/T","TT/TT","G/G","C/C","GC/GT","T/T","A/A","G/G","C/C","A/A","A/G","A/G","G/G","A/C","T/T","C/T","A/C","A/A","TT/TT","GC/GC","T/T","A/G","C/G","C/T","C/G",NA,"A/G","G/G","C/C","A/A","G/G","AT/AT","A/C","A/G","G/T","T/T","T/T","C/T","G/T","G/T","A/A","C/C","AT/AT","G/T","G/T","C/T","A/A","A/T","T/T","G/G","A/A","T/T","T/T","C/C","A/G","C/T"
"89","z0134097",NA,NA,"CG/CG","CG/CG","A/A","G/G","A/A","G/G",NA,NA,"CG/CG","CC/TA","CT/TC",NA,"A/A",NA,"AG/AG",NA,"C/C",NA,"TG/TG","CT/TA","C/C","AC/AT","GC/GC","G/G","A/A","T/T","T/T","GA/GG",NA,"G/G",NA,"C/C","A/A","C/G",NA,"TA/TA","T/T","G/G","C/C","T/T","A/G",NA,"C/C",NA,"CG/TT","TC/TC","TAA/TGA",NA,"GT/GT","G/G","CA/CA","A/G","GG/TG","A/G","GA/GA","AG/AT","G/G","T/T","C/C","A/G","C/G","T/T","G/G","G/G","C/T","GA/GA","G/G","C/T",NA,"A/A","T/T","C/T","C/T",NA,NA,"AA/AA","A/G","A/A","CA/TG","T/T","C/C","A/A","C/T","CC/TT","G/G","A/G","A/A","A/G","G/G","A/A","G/G","A/G","G/G","G/G",NA,"C/C",NA,"CTA/CTA","A/A","A/A","A/C","C/C","G/G","T/T","C/T","TC/TC","G/G","C/T","GT/GT","T/T","A/A","G/G","T/T","A/A",NA,"G/G","G/G","A/C","A/T","C/T","A/C","A/A","TC/TT","AG/GC","T/T","G/G","C/G","T/T","C/C","C/T","G/G","G/G",NA,"A/A","A/G","AT/AT","A/C","G/G",NA,"T/T","A/T","T/T","G/T","G/T","A/A","C/C","AT/TT","G/T","T/T","C/C","A/A","A/T","C/C","G/G","C/C","C/T","T/T","C/C","A/A","C/T"
"90","z0012511",NA,"A/A","AG/AG","CG/CG","A/A","G/G","A/G","A/G",NA,NA,"CA/CG","CC/TA","CC/CC","CG/CG","A/A",NA,"AA/AG",NA,"C/C",NA,"GA/GG","CT/TA","C/T","AC/AT","GC/GC","G/G","A/A","C/T","C/T","GG/GG","CT/TT","G/G","G/G","C/T","A/A","C/G","A/C","TG/TG","C/T","G/G","C/C","T/T","A/G",NA,"C/C",NA,"CT/TT","CT/TC","TAC/TGA","G/G","GT/GT","A/G","CC/CC","A/G","GG/TC","G/G","GA/GT","AG/AT","G/G","C/T","C/T","A/A","C/C","T/T","A/A","G/G","C/T","AA/AA","A/G","C/C","C/C","G/G","C/C","C/T","C/T","G/G","C/T","AA/AA","A/A","A/A","CA/CG","C/C","C/T","G/G","T/T","CC/TT","A/G","G/G","A/A","A/G","A/G","A/C","G/G","G/G","A/G","C/G","A/A","C/C","T/T","CTA/CTA","A/C","A/T","A/A","T/T","G/G","G/T","C/C","TC/TC","G/G","C/T","GT/GT","A/T","A/A","G/G","C/C","A/A","A/A","A/A","G/G","A/A","A/T","T/T","A/C","A/A","TC/TT","AG/GC","C/T","A/G","G/G","C/C","C/C","T/T","A/A","G/G","C/C","A/C","G/G","AT/AT","A/C","A/G",NA,"T/T","T/T","C/T","G/T","G/T","A/G","C/C","AT/TT","T/T","G/T","C/C",NA,"A/T","T/T","A/G","A/C","C/T","C/T","A/C","A/G","C/T"
"91","z0026458",NA,"A/G","CG/CG","TC/TG",NA,"A/G","A/A","A/G",NA,NA,"CA/CG",NA,"CC/CT","CC/CC","A/G",NA,"AG/AG",NA,"C/C",NA,"GG/TG","CT/TA","C/C",NA,"AC/AC","G/G","A/A","T/T","C/T","GG/GG",NA,"G/T",NA,"C/C","A/C","G/G",NA,"TA/TG","C/T","G/G","C/C","T/T","G/G",NA,"C/C",NA,"CT/TT","CC/TC","TAC/TAC",NA,"GC/GT","G/G","CA/CA","A/A","GC/GG","G/G","GT/GT","AG/AG","A/G","C/T","T/T","A/G","C/G","C/T","G/G","G/G","C/T","GA/GT","G/G","C/C",NA,"A/G","C/C","C/T","C/T","G/G","C/C","CG/CG","A/G","A/A","CA/TG","T/T","C/T","A/G","T/T","CC/CC","A/G","G/G","A/A","A/A","A/G",NA,"G/G","G/G","G/G","C/G",NA,"C/C",NA,"AGG/CTA","A/A","T/T","A/C","C/T","A/G","T/T",NA,"TC/TT","A/G","C/C","GT/GT","T/T","A/G","A/G","C/T","A/T","A/A","G/G","G/G","A/A","A/T","C/T","A/C","A/C","CC/TT","AG/GC","C/C","A/G","C/G","C/C","C/G","C/C","A/G","G/G",NA,"C/C","A/G","AA/AT","C/C","G/G",NA,NA,"T/T","C/T","G/G","T/T","A/A","C/C","AT/TT","T/T","G/T","C/C",NA,"A/T","C/T","G/G","A/C","T/T","C/T","C/C","A/A","C/T"
"92","z0012483","G/G","A/A","AG/CA","CC/CG","A/G","G/G","A/A","A/G","GA/GG","C/C","AG/CG","TA/TA","CC/TC","CG/TG","A/A","CT/GC","CG/CG","G/G","C/C","C/G","TG/TG","CT/CT","C/T","AC/CT","GC/GC","G/G","A/A","T/T","T/T","GG/GG","CT/TT","G/G","G/G","C/C","A/A","G/G","A/C","TA/TG","T/T","G/G","C/C","C/C","G/G","AA/CA","C/C","AT/AT","TT/TT","CT/TC","TAC/TAC","G/G","GT/GT","G/G","CA/CA","A/A","GG/GG","G/G","GT/GT","AG/AG","A/G",NA,"C/T","G/G","G/G","T/T","G/G","G/G","T/T","GA/GA","A/G","C/T",NA,"A/A","C/C","T/T","T/T","C/C","C/C","AA/CG","A/G","A/A","CG/CG","C/T","C/C","A/G","C/T","CC/CC","G/G","A/A","A/G","G/G","G/G","A/C","G/G","A/A","G/G","C/G","A/A","C/T","T/T","CTA/CTA","A/A",NA,"A/C","T/T","G/G",NA,"C/T","TC/TT","A/G","C/C","GC/GT","T/T","A/G","A/G","T/T","A/A","A/G","G/G","G/G","A/A","A/A","T/T","C/C","A/C","TT/TT","GC/GC","C/C","A/G","G/G","C/T","C/G",NA,"A/A","A/G","C/C","A/C","G/G","AA/AT","C/C","G/G","T/T","C/T","T/T","C/C","G/T","G/T","A/A","C/C","AT/AT","T/T","G/T","C/C","A/A","A/A","C/T","G/G","A/C","T/T",NA,"C/C","A/A","C/T"
"93","z0012486",NA,"A/G","CA/CG","CG/CG","A/G","G/G","G/G","A/G",NA,NA,"CA/CG","CC/TA","CT/CT","CG/TG","A/A",NA,"AG/CG","A/G","C/T",NA,"GG/TG","CT/CT","T/T","AC/CT","GC/GC","G/G","A/G","C/T","T/T","AG/GG","TT/TT","G/T",NA,"C/C","A/C","G/G",NA,"GA/TA","C/T","G/G","C/C","C/T","A/G",NA,"C/T",NA,"TT/TT","CC/TC","TAC/TAC","G/G","GC/GC","A/A","CA/CA","A/G","GG/GG","G/G","GT/GT","AG/AG","G/G","C/T","C/T","A/G","G/G","C/T","G/G","C/G","C/T","GA/GT","G/G","T/T",NA,"A/G","C/C","C/C","C/T","G/G","C/C","AA/CG","A/G","A/A","CA/CG","T/T","C/C","G/G","T/T","CC/TT","G/G","A/G","A/A","A/G","A/G","C/C","G/G","A/G","G/G","C/C","A/A","C/T","T/T","AGG/CTA","A/C","T/T","A/C","C/T","A/G","T/T","C/T","CC/TC","A/G","C/T","AC/GC","A/A","A/A","G/G","C/C","A/A","A/G","G/G","G/G","A/A","A/T","T/T","C/C","A/A","TC/TT","GC/GC","T/T","A/G","C/G","C/C","C/G","T/T","A/G","G/G","C/T","A/C","G/G","AT/AT","A/A","A/G",NA,"C/T","T/T","C/T","G/G","G/T","A/A","C/C","AT/TT","G/T","G/T","C/C","A/A","A/T","C/C","A/A","C/C","C/T","T/T","C/C","A/G","C/C"
"94","z0016888",NA,NA,"CG/CG","TC/TG","A/G","G/G","A/A","A/G","AG/GA",NA,"AG/CG","CA/CC","CT/CT","CC/CC","A/G","GC/GT","AG/CG","G/G","C/C",NA,"TG/TG","TA/TA","T/T","AT/AT",NA,"G/G","A/A","C/T","C/T","GA/GG",NA,"G/T",NA,"C/C","A/A","G/G",NA,"TA/TA","T/T","G/G","C/C","T/T","A/G",NA,"C/C",NA,"CG/CT","CC/TC","TAC/TAC","G/G","AT/GT","A/G","CA/CC","A/A","GC/GG",NA,"AA/AA","AG/GT","A/G",NA,"C/T","A/A","C/C","T/T","G/G","C/C","C/T","GT/GT","A/G","C/C",NA,"G/G","C/T","T/T","C/T","G/G","C/C","AA/AA","A/G","A/A","CG/CG","C/T","C/C","A/G","T/T","CC/CC","A/A","A/A","A/A","G/G","A/G",NA,"G/G","G/G","G/G","G/G",NA,"C/C","C/T","CTA/CTA","A/C","A/T","A/A","C/T","G/G","G/T",NA,"TC/TC","G/G","C/T","GT/GT","T/T","A/A","G/G","C/C","A/T","A/G","G/G","A/A","A/C","T/T","C/T","C/C","A/C","CC/CC","GC/GC","C/T","A/A","G/G","C/C","C/C","C/T","A/A","G/G","C/C","A/A","G/G","AT/AT","A/C","A/G",NA,"C/C","T/T","T/T","G/G","G/T","A/A","C/C","AT/TT","G/T","G/T","C/C","A/A","A/A","C/T","A/G","A/C","C/C",NA,"C/C","A/A","C/C"
"95","z0134059",NA,NA,"AG/CG","CG/TC","A/G","G/G","A/G","A/G",NA,NA,"AG/CG","CC/TA","CT/TC",NA,"A/G",NA,"AG/CG",NA,"C/C",NA,"GG/TG","CT/CT","T/T",NA,"GC/GC","G/G","A/A",NA,"T/T","GG/GG",NA,"G/G",NA,"C/C","A/A","C/G",NA,"TA/TG","C/T","G/G","C/C","C/C","G/G",NA,"C/C",NA,"CG/TT","CT/TC","TAC/TGA",NA,"GC/GT","G/G","CA/CA","A/G","GG/GG",NA,"GA/GA","AT/AT","A/G","T/T","C/C","A/A","C/C","C/T","G/G","C/G","C/C","GA/GA","G/G","C/T",NA,"A/G","C/C","C/T","C/T",NA,"C/T","AA/AA","G/G","A/A","CG/TG","T/T","C/C","G/G","T/T","CC/TT","G/G","A/G","A/A","A/G","G/G","A/A","G/G","A/G","G/G","C/G",NA,"C/C","C/T","CTA/CTA","A/A","A/A","A/A","C/T","G/G","T/T","C/T","TC/TC","G/G","T/T","GT/GT","T/T","A/A","G/G","C/T","A/A","A/A","A/G","A/G","A/C","A/T","C/T","C/C","A/A","CC/TC","AG/GC","T/T","A/A","C/G","C/C","C/C","C/T","A/G","G/G",NA,"A/A","G/G","AA/GT","C/C","A/G",NA,"C/C","T/T","C/T","T/T","G/G","A/G","C/C","AT/TT","G/G","T/T","C/C","A/A","A/T","T/T","G/G","A/C","C/T","C/T","A/C","A/A","T/T"
"96","z0006801",NA,"A/G","CA/CG","CC/CG","A/A","G/G","A/A","A/A",NA,NA,"AG/CG","CC/TA","CT/TC","CC/CG","A/G",NA,"AA/CG",NA,"C/C","C/C","GG/TG","CT/CT","C/T","AT/AT","GC/GC","G/G","A/A","C/T","C/T","GG/GG","CT/CT","G/T","G/G","C/C","A/C","C/C",NA,"TA/TG","C/T","G/G","C/T","C/C","G/G",NA,"C/C",NA,"CG/CG","TC/TC","CAC/TAC","G/G","AT/AT","A/A","CA/CC","A/A","GG/GG","G/G","GA/GT","GT/GT","G/G","T/T","C/T","A/G","C/C","T/T","G/G","G/G","C/C","GA/GT","A/G","C/T",NA,"A/A","C/C","C/T","T/T","G/G","C/C","AA/AA","A/A","A/G","CA/CG","C/T","C/C","A/G","T/T","CC/TT","G/G","A/G","A/G","A/G","G/G","A/A","G/G","A/G","G/G","G/G","A/A","C/C","C/T","CTA/CTA","A/A","A/T","A/A","T/T","A/G",NA,"C/T","TC/TT","G/G","C/T","AC/GT","T/T","A/A","G/G","C/C","A/A","A/G",NA,"A/G","A/C","T/T","T/T","A/C","A/A","TC/TT","AG/GC","C/C","A/A","C/C","C/C","C/C","C/C","A/G","G/G",NA,"A/A","G/G","AT/AT","A/A","G/G",NA,"C/C","T/T","C/C","T/T","G/G","A/A","C/C","AT/TT","G/G","T/T","C/C","A/A","A/A","C/T","G/G","A/C","T/T","C/T","C/C","A/A","T/T"
"97","z0134095",NA,NA,"CG/CG","CC/CG",NA,"A/G","A/G","A/A",NA,NA,"AG/CA",NA,"CT/TC",NA,"A/A",NA,"AG/AG",NA,"C/C",NA,"TG/TG","CT/CT",NA,NA,"GC/GC",NA,"A/A",NA,"T/T","AG/GG",NA,"G/G",NA,"C/C",NA,"C/G",NA,NA,NA,"G/G","C/C","C/T","A/G",NA,"C/T",NA,"CT/TT","CT/TC","TGA/TGA",NA,"AT/AT","A/G","CA/CA","A/A",NA,NA,"GA/GA","AG/AT","G/G",NA,"C/C","A/A","G/G","T/T","A/G","G/G","C/T","AA/GA","G/G","C/T",NA,"A/A","C/C",NA,"T/T",NA,NA,"AA/AA","A/A","A/A","CG/CG","T/T","C/T","A/A","T/T","CC/CC","G/G","G/G","A/A","A/G","G/G",NA,"G/G","A/A","G/G","C/G",NA,"C/C",NA,"AGG/CTA","A/A","A/T",NA,"C/T","A/G",NA,NA,"CC/TC","G/G","C/C","AC/GT","T/T","A/A","G/G","T/T","A/T",NA,NA,"G/G","A/A","A/T","C/T","A/A","A/C","CC/TT","AG/GC","C/C","A/G","C/C","C/T","C/C","C/T","A/G","A/G",NA,"A/A","G/G","AT/AT","C/C","G/G",NA,NA,"T/T","C/T","G/G",NA,"A/A","C/C","AT/AT","G/T","G/T","C/C","A/A","A/T","T/T","G/G","C/C","T/T",NA,"C/C","A/A","C/T"
"98","z0102589","G/G","A/A","CA/CA","CG/TG","A/G","A/A","G/G","G/G","GA/GG","C/C","AG/CG","CC/TA","CC/TC","CC/CC","G/G","GT/GT","AG/AG","G/G","C/C","C/C","TG/TG","CT/CT","T/T","AC/AT","GC/GC","G/G","A/G","C/T","C/T","GG/GG","TC/TT","G/G","A/G","C/C","A/A","C/G","C/C","TA/TG","C/T","A/G","C/T","C/T","G/G","AG/CA","C/C","TT/TT","TT/TT","CC/TC","TAA/TAA","G/G","GC/GC","A/G","CA/CA","A/A","GG/TG","G/G","GT/GT","AG/AG","G/G",NA,"C/T","A/A","C/G","C/T","G/G","C/G","T/T","GA/GA","A/G","C/T","C/T","A/G","C/T","C/C","T/T","C/G","C/T","AA/AA","G/G","A/A","CG/CG","T/T","C/C","A/G","C/T","CC/CC","G/G","G/G","A/A","A/G","A/G","C/C","G/G","A/G","A/A","C/G","A/A","C/T","C/T","AGG/CTA","A/A",NA,"A/A","C/T","G/G",NA,"C/C","TC/TC","G/G","T/T","GT/GT","T/T","A/A","G/G","T/T","A/A","A/G","A/G","A/G","A/A","T/T","T/T","A/A","A/A","TC/TC","AG/GC","C/T","A/G","C/G","T/T","C/G","C/C","A/G","G/G","C/C","A/A","G/G","AT/AT","C/C","A/G",NA,"C/C","T/T","C/C","T/T","G/T","A/A","C/C","AT/TT","G/T","T/T","C/T","A/A","A/T","C/T","A/G","A/C","C/T","T/T","A/C","A/A","C/T"
"99","z0037463","A/G","A/A","AG/CA","CG/TC","A/A","G/G","A/A","A/G","AG/GA","C/C","AG/CG","TA/TA","CT/TC","CG/CG","A/A","GT/GT","AG/AG","G/G","C/C","G/G","TG/TG","CT/CT","C/T","AC/CT","GC/GC","G/G","A/A","T/T","C/T","AG/GG","TC/TT","G/G","A/G","C/C","A/A","C/G","C/C","TA/TG","T/T","G/G","C/C","C/T","G/G","CA/CA","C/C","TT/TT","CT/TT","TC/TC","TAC/TGA","G/G","GC/GT","A/G","CA/CA","A/G","GC/TG","G/G","GT/GT","AG/AT","G/G","T/T","C/C","A/A","C/C","C/T","A/G","G/G","C/T","AA/GT","A/G","C/T","C/C","A/G","C/C","T/T","T/T","G/G","C/C","AA/AA","A/G","A/A","CA/CG","T/T","C/T","A/G","T/T","TT/TT","A/G","A/G","A/A","A/G","A/G","A/C","G/G","G/G","A/A","G/G","A/T","C/T","T/T","CTA/CTA","A/A",NA,"C/C","T/T","G/G","G/T","C/C","TC/TT","G/G","C/T","GT/GT","A/T","A/A","G/G","T/T","A/A","A/A","A/G","G/G","C/C","A/A","C/C","A/C","A/A","CC/CC","GC/GC","C/C","A/G","C/G","C/T","C/C","C/T","A/A","A/G","C/C","A/A","G/G","AA/AT","A/C","G/G","T/T","T/T","T/T","C/C","G/G","T/T","A/A","C/C","AT/AT","G/T","G/G","C/T","A/A","A/T","C/T","A/G","A/C","T/T","C/T","C/C","A/A","C/T"
"100","z0016882",NA,"A/A","CA/CA","CG/TC","A/G","G/G","G/G","A/G",NA,NA,"AG/CG","CC/TA","CT/CT","CG/TG","A/G",NA,"CG/CG","G/G","C/C",NA,"GG/TG","CT/TA",NA,NA,"GC/GC","G/G","A/A",NA,"T/T","AG/GG",NA,"G/G",NA,"C/C","A/A","C/C",NA,"TA/TA",NA,"G/G","C/T",NA,"G/G",NA,"C/C",NA,"CG/TT","TC/TC","TAC/TAC","G/G","AT/GT","A/G","CC/CC","A/G","GG/GG","A/G","AA/GT","AG/GT","A/A",NA,"C/T","A/A","C/C","T/T","G/G","C/G","C/T","GA/GA","A/G",NA,NA,"G/G","C/C",NA,"T/T","C/G","C/C","AA/AA","G/G","A/G","TG/TG","C/T","C/T","A/G","C/T","CC/TT","G/G","A/G","A/G","A/G","A/G",NA,"G/G","G/G","A/G","G/G",NA,"C/T","T/T","CTA/CTA","A/C","T/T","A/C","C/T","A/G",NA,NA,"TC/TT","A/G","C/C","GT/GT","A/T","A/G","A/G","C/T","A/T","A/G",NA,"G/G","A/C","A/T","C/C","C/C","A/A","TC/TC","GC/GC","C/C","A/A","G/G","C/T","C/C",NA,"G/G","A/G",NA,"A/A","A/G","AT/AT","C/C","A/G",NA,"C/C","T/T","C/C","G/T","G/G","A/A","C/C","AT/TT","G/T","T/T",NA,"A/A","A/A","C/T","G/G","A/A","T/T",NA,"A/C","G/G","C/T"
"101","z0062742","G/G","A/G","CA/CG","CG/CG","A/A","G/G","A/A","A/G","AG/GA","C/C","AG/CG","CC/CC","TC/TC","CG/TG","A/A","GC/GT","AG/AG","G/G","C/T","C/G","GA/TG","CT/TA","C/C","AC/AC","AC/GC","G/G","A/A","C/T","C/T","GG/GG","CT/TT","G/G","G/G","C/C","A/C","C/G","C/C","TG/TG","T/T","G/G","C/C","C/C","A/G","CA/CA","C/C","AC/AC","CT/TT","CC/TC","TAA/TAC","G/G","GC/GT","A/G","CA/CA","A/G","GG/TG","A/G","GA/GT","AT/GT","G/G","T/T","C/C","A/G","C/C","C/T","G/G","G/G","T/T","GA/GT","G/G","C/T","C/C","A/G","C/C","C/T","C/T","G/G","T/T","AA/AA","A/G","A/A","CG/CG","T/T","C/C","A/G","T/T","CC/TT","A/G","A/G","A/A","A/G","A/G","A/C","A/G","A/G","G/G","C/G","A/A","C/T","T/T","CTA/CTA","A/A",NA,"A/C","C/C","A/G","G/T","C/C","TC/TC","A/G","C/C","GC/GT","A/T","A/A","G/G","C/C","A/T","A/A","A/G","A/G","A/A","A/A","T/T","C/C","A/A","TC/TC","AG/AG","C/C","A/G","C/G","C/C","C/G","C/C","A/G","A/G","C/C","A/C","G/G","AT/AT","C/C","G/G","G/T","C/T","T/T","C/T","G/G","G/T","A/A","C/C","AT/AT","T/T","T/T","C/C",NA,"T/T","T/T","A/G","C/C","C/T","C/C","A/C","A/A","C/C"
"102","z0134109",NA,"A/A","AG/CA","CG/TC","A/G","A/G","A/G","A/A",NA,NA,"AG/CA","CC/TA","CT/TC","CC/CG","A/G",NA,"AG/AG",NA,"C/T",NA,"GG/GG","CT/CT","C/C","AC/AC","GC/GC","C/G","A/G","T/T","C/C","GG/GG","TC/TT","G/G","A/G","C/C","A/A","C/G","C/C","TA/TG","T/T","G/G","C/C","T/T","A/G",NA,"C/T",NA,"CG/CT","CC/TC","TAC/TGA","G/G","AT/GT","G/G","CA/CA","A/A","GG/GG","G/G","GT/GT","AG/AG","G/G","T/T","T/T","A/G","C/G","T/T","A/G","C/G","T/T","AA/GA","G/G","C/T",NA,"A/G","C/C","C/C","T/T","C/G","C/T","AA/CG","A/G","A/G","CA/CG","T/T","C/C","G/G","C/T","CC/CC","A/A","G/G","A/G","A/G","G/G","A/C","G/G","A/G","G/G","G/G","A/A","C/C","T/T","CTA/CTA","A/A","T/T","A/C","C/T","G/G","G/T","C/C","TC/TC","G/G","C/C","AC/GT","A/T","A/A","G/G","C/C","A/A","A/A","G/G","A/G","A/C","T/T","T/T","C/C","A/A","TC/TC","AG/GC","C/C","G/G","C/C","C/T","C/G","C/T","A/G","G/G","C/T","A/C","G/G","AT/AT","C/C","A/G",NA,"C/C","T/T","C/C","T/T","G/T","A/G","C/T","AT/TT","T/T","T/T","C/C",NA,"A/T","C/T","A/G","A/C","C/T","T/T","C/C","A/G","C/C"
"103","z0134087",NA,NA,"CA/CG","CG/CG","A/G","G/G","A/G","G/G",NA,NA,"CA/CA","TA/TA","CT/TC",NA,"A/A",NA,"AG/AG",NA,"C/C",NA,"GA/TG","CT/TA","C/C",NA,NA,NA,"A/A",NA,"C/T","GG/GG","TT/TT","G/G",NA,"C/C","A/A","G/G",NA,"TG/TG","C/T","G/G","C/C","C/T","G/G",NA,"C/C",NA,"CT/CT","CC/TC","TAC/TAC",NA,"GC/GT","A/G","CA/CC","G/G","GG/GG",NA,"GA/GA","AG/AG","A/G","T/T","C/T","A/A","C/G","T/T","A/A","C/C","C/T","GA/GA","G/G","C/T",NA,"G/G","C/T","T/T","T/T",NA,"C/T","AA/CG","A/A","A/A","CG/CG","T/T","C/T","G/G","T/T","CC/CC","A/G","A/G","A/A","A/A","G/G","C/C","G/G","A/G","G/G","C/G",NA,"C/C",NA,"CTA/CTA","A/A","T/T",NA,"C/C","G/G",NA,NA,"CC/TC","A/G","C/C","GT/GT","T/T","A/A","G/G","C/T","A/T",NA,NA,"G/G",NA,"T/T","C/T","C/C","A/A","TC/TC","AG/GC","C/C","A/G","C/C","C/C","G/G","C/T","G/G","G/G",NA,"C/C","G/G","AT/AT","A/A","G/G",NA,NA,"T/T","C/T","G/G",NA,"A/A","C/T","AT/TT","G/G","G/T","C/T","A/A","A/T","C/C","A/G","A/C","T/T","T/T","A/A","A/A","C/T"
"104","z0062622","G/G","A/G","CA/CG","CG/TC","A/G","G/G","A/A","A/G","AG/GA","C/C","CA/CG","CC/TA","TC/TC","CC/TG","A/A","GC/GT","AG/CG","A/G","C/C","C/G","GA/GA","CT/CT","T/T","AC/AT","AC/GC","G/G","A/A","C/T","T/T","GG/GG","TC/TT","G/G","G/G","C/T","A/C","C/G","C/C","TA/TA","T/T","A/G","C/T","C/T","G/G","CA/CA","C/C","AT/TT","CT/TT","CC/TC","TAA/TAC","G/G","GC/GT","G/G","CA/CA","A/A","GC/GG","G/G","GA/GA","GT/GT","A/G","C/T","C/T","A/A","C/G","T/T","G/G","C/G","C/C","GA/GA","G/G","C/T","C/T","G/G","C/C","C/T","T/T","G/G","C/C","AA/CG","A/G","A/A","CA/CG","C/T","C/C","A/G","T/T","CC/TT","G/G","G/G","A/A","A/G","G/G","A/C","G/G","A/A","G/G","C/G","A/A","T/T","C/T","CTA/CTA","A/A","A/T","A/C","C/T","G/G","G/T","C/C","TC/TC","G/G","C/C","GT/GT","T/T","A/A","G/G","C/T","A/T","A/G","A/G","A/G","C/C","A/T","C/T","C/C","A/A","TC/TC","GC/GC","C/C","A/G","C/C","C/C","C/C","C/C","A/A","A/G","C/T","A/C","G/G","AA/AT","C/C","G/G","G/T","C/C","T/T","C/T","T/T","G/G","A/A","C/C","AT/AT","T/T","T/T","C/C","A/G","A/A","C/C","A/G","A/C","C/T","T/T","C/C","A/A","C/T"
"105","z0062636","G/G","A/A","CA/CG","CC/CC","G/G","G/G","A/G","A/G",NA,"C/C","AG/CG","CA/TA","CC/CT","CG/TG","G/G",NA,"CG/CG","G/G","C/C","C/G","GA/GA","CT/CT","T/T","AC/AT","AC/GC","G/G","A/A","T/T","T/T","AG/GG","TT/TT","G/G","A/G","C/T","A/A","C/C","C/C","TA/TG","C/T","G/G","C/C","T/T","A/G","AG/CA","C/C","AT/TT","TT/TT","TC/TC","TAA/TGA","G/G","AT/GC","A/G","CA/GC","A/A","TC/TC","A/G","GT/GT","AT/GT","G/G","T/T","C/C","A/G","C/C","T/T","A/G","G/G","T/T","GA/GT","G/G","C/C","T/T","A/A","C/C","C/T","C/T","G/G","C/T","AA/AA","A/A","A/A","CA/CG","T/T","C/C","A/G","T/T","CC/TT","A/G","A/G","A/A","A/A","G/G","A/C","G/G","G/G","G/G","C/G","A/A","C/T","T/T","AGG/CTA","A/A","T/T","A/A","T/T","G/G",NA,"C/C","TC/TC","A/G","C/C","GT/GT","T/T","A/A","G/G","C/C","A/A","A/G","A/G","G/G","A/C","A/T","C/T","A/C","A/C","TC/TT","AG/GC","C/C","G/G","C/G","T/T","G/G","C/T","A/A","G/G","C/T","A/A","A/G","AA/AT","C/C","G/G","T/T","C/T","T/T","C/T","G/G","G/T","A/A","C/C","AT/AT","G/T","T/T","C/C","G/G","A/A","T/T","A/G","C/C","C/T","C/T","C/C","A/A","C/C"
"106","z0012497","G/G","A/A","AG/CA","CC/CG","A/G","A/G","A/G","G/G","GA/GG","C/T","CA/CG","CC/TA","CT/CT","CC/CG","A/G","GC/GC","CG/CG","A/G","C/C","C/C","TG/TG","CT/CT","T/T","AT/AT","AC/GC","G/G","A/A","C/T","C/T","GG/GG","CT/TT","G/G","A/G","C/C","A/A","C/G","C/C","TA/TG","T/T","G/G","C/T","C/C","G/G","AG/CA","C/C","AC/TT","CG/TT","TC/TC","TAA/TGA","G/G","AT/GT","A/A","CA/CA","A/A","GG/TC","G/G","GA/GA","AG/AG","G/G",NA,"C/C","A/A","C/G","C/T","A/G","C/G","T/T","AA/GA","G/G","C/T","C/T","G/G","C/T","C/T","T/T","C/G","C/T","AA/AA","A/G","A/G","CG/CG","T/T","C/T","A/G","C/T","CC/CC","A/G","G/G","A/A","A/A","G/G","A/C","G/G","A/G","G/G","C/G","A/A","C/T","C/T","AGG/AGG","A/C",NA,"A/C","T/T","G/G",NA,"C/T","CC/TT",NA,"T/T","AC/GT","T/T","A/A","G/G","C/C","A/T","A/A","A/G","A/G","A/C","A/A","T/T","A/A","A/C","TT/TT","AG/GC","C/C","A/G","C/C","C/T","C/C",NA,"A/G","G/G","C/C","A/A","G/G","AA/AT","C/C","G/G","G/T","T/T","T/T","C/C","G/T","G/T","A/A","C/T","AT/AT","G/G","T/T","C/C","A/G","A/A","T/T","A/G","A/C","T/T",NA,"A/A","A/A","T/T"
"107","z0216906","A/G","G/G","CA/CG","CC/CG","A/G","G/G","A/G","G/G","GA/GG","C/C","AG/AG","CC/TA","CT/CT","CC/CG","A/G","GC/GT","AA/CG","G/G","C/C","C/C","TG/TG","CT/TA","C/T","AC/AT","GC/GC","G/G","A/A","C/T","C/T","GG/GG","TC/TT","G/G","G/G","C/C","C/C","G/G","C/C","GA/TA","C/T","G/G","C/C","C/T","A/A","CA/CA","C/T","TT/TT","CT/TT","TC/TC","TAC/TGA","G/G","GT/GT","A/G","CA/CA","A/G","GG/TC","G/G","GA/GA","AG/GT","G/G",NA,"C/C","A/A","C/C","T/T","G/G","G/G","C/C","GA/GA","G/G","C/T","C/C","G/G","C/C","C/C","C/T","G/G","C/T","AA/AA","A/G","A/G","CG/TG","T/T","C/C","A/G","T/T",NA,"G/G","G/G","A/A","A/G","G/G","A/C","G/G","A/A","A/G","G/G","A/A","C/C","C/T","AGG/CTA","A/A",NA,"A/C","C/T","A/G",NA,"C/C","TC/TT",NA,"C/T","GT/GT","T/T","A/A","G/G","C/T","A/A","A/A","G/G","G/G","A/A","A/A","C/T","C/C","A/A","CC/TT","AG/GC","C/C","A/A","C/G","C/T","G/G",NA,NA,"G/G","C/C","A/A","A/G","AA/AT","A/C","G/G","T/T","C/T","T/T","C/C","G/T","G/T","A/A","C/T","AT/TT","G/G","T/T","C/T","A/A","A/T","T/T","G/G","A/C","T/T",NA,"A/C","A/A","C/T"
"108","z0012503",NA,"A/A","AG/CG","CG/TC","G/G","G/G","A/G","A/G",NA,NA,"AG/CG","CC/CC","CT/TC","CG/CG","A/A",NA,"AG/AG","G/G","C/C","C/C","GA/TG","CT/TA","C/T","AC/AT","GC/GC","G/G","A/A","T/T","C/C","GG/GG","CT/CT","G/G","G/G","C/C","A/C","G/G",NA,"TA/TA","T/T","G/G","C/T","C/T","A/G",NA,"C/C",NA,"CT/TT","CC/TC","TAA/TAC","G/G","AT/GT","A/A","CA/CA","A/G","GG/GG","G/G","GA/GT","AT/GT","A/G","C/T","C/T","A/A","C/C","T/T","A/G","C/G","C/C","AA/GT","A/G","T/T","T/T","A/G","C/C","C/T","T/T","C/G","C/C","AA/AA","G/G","A/A","CA/CG","T/T","C/C","A/G","T/T","CC/CC","A/A","A/G","A/A","A/G","G/G","A/C","G/G","A/G","A/G","G/G","A/A","C/C","T/T","AGG/CTA","C/C",NA,"A/A","T/T","A/G",NA,"C/C","TC/TT","G/G","C/T","AC/GT","T/T","A/A","G/G","C/C","T/T","G/G","G/G","G/G","A/A","A/T","C/T","C/C","A/A","TC/TT","AG/GC","C/C","A/A","C/C","C/T","C/C","C/C","A/G","A/G","C/T","A/A","G/G","AA/AT","C/C","A/G","T/T","C/C","T/T","C/T","T/T","G/G","A/G","C/C","AT/AT","G/G","T/T","C/C","A/G","A/T","C/T","G/G","C/C","T/T","C/C","A/C","A/G","C/C"
"109","z0037464",NA,"A/A","CA/CG","CG/TC","A/G","A/A","G/G","A/G",NA,"C/C","CA/CA","CC/TA","CC/TC","CG/CG","G/G","CT/GT","AA/AG","A/G","C/T","C/G","GA/TG","TA/TA","C/C","AC/AT","GC/GC","G/G","A/A","C/T","C/C","GG/GG","CT/TT","G/T","G/G","C/T","A/A","C/G","C/C","TA/TA","C/T","G/G","C/C","T/T","G/G","CA/CA","C/C","AT/TT","CG/CT","TC/TC","TAC/TAC","G/G","GC/GT","G/G","CA/CC","A/A","GG/TC","G/G","GT/GT","AG/AT","A/G","T/T","C/T","A/A","C/C","T/T","G/G","C/G","C/C","GA/GA","G/G","C/C","C/C","A/A","C/T","T/T","C/T","G/G","C/C","AA/CG","G/G","A/A","CA/CG","T/T","C/C","G/G","T/T","CC/CC","G/G","A/G","A/G","A/G","G/G","A/A","G/G","A/G","A/A","G/G","A/A","C/T","C/T","AGG/CTA","A/C","A/T","A/A","C/T","G/G","T/T","C/C","TC/TC","A/G","C/T","GT/GT","T/T","A/A","G/G","C/C","A/A","A/A","G/G","G/G","C/C","A/T","C/C","C/C","A/A","CC/CC","AG/AG","C/C","A/A","C/C","C/T","C/G","T/T","A/G","A/G","C/T","A/A","G/G","AT/AT","C/C","G/G","T/T","C/C","T/T","C/C","G/G","G/G","A/A","C/C","AT/TT","G/T","T/T","T/T","A/A","A/T","T/T","G/G","C/C","T/T","T/T","C/C","A/A","C/T"
"110","z0037422","A/A","A/A","CG/CG","CG/TC","A/A","G/G","A/A","A/A","GA/GA","C/C","AG/AG","CC/TA","CT/CT","CC/CG","G/G","GC/GT","AG/AG","G/G","C/C","C/G","GA/TG","CT/CT","T/T","AT/AT","AC/GC","C/G","A/G","C/T","T/T","AG/GG","CT/TC","G/G","A/G","C/T","A/C","C/G","C/C","TA/TG","T/T","A/G","C/C","C/T","A/G","CA/CA","C/C","AC/AT","CT/CT","CC/TC","TGA/TGA","G/G","GC/GT","G/G","CA/CA","A/A","GG/GG","A/G","GA/GT","AG/AT","G/G",NA,"C/T","A/G","C/G","T/T","G/G","C/C","C/C","GA/GT","G/G","T/T",NA,"A/G","C/C","C/C","T/T","G/G","C/C","AA/CG","A/G","A/G","CG/CG","T/T","C/C","G/G","T/T","CC/CC","A/G","A/G","A/A","A/G","A/G","A/A","A/G","A/A",NA,"G/G","A/A","C/C","C/T","CTA/CTA","A/A",NA,"A/C","C/T","G/G",NA,"C/C","TC/TT",NA,"C/T","GT/GT","T/T","A/A","G/G","C/C","A/A","A/G","A/G","G/G","C/C","A/A","C/T","C/C","A/A","TC/TC","AG/GC","T/T","A/A","C/G","C/C","C/G",NA,"A/G","A/G","C/C","A/A","A/G","AA/AT","C/C","A/G",NA,"C/T","T/T","C/T","G/G","G/G","G/G","C/C","AT/TT","T/T","T/T","C/C","A/A","A/T","C/T","G/G","A/C","T/T",NA,"C/C","A/A","C/T"
"111","z0032023",NA,NA,"CA/CA","CC/CG","A/G","A/A","A/G","A/G",NA,NA,"AG/CG",NA,"CC/TC",NA,"A/A",NA,"AA/AG",NA,"C/C",NA,"TG/TG","CT/CT","C/T",NA,NA,"G/G","A/A",NA,"C/T","GG/GG",NA,"T/T",NA,"C/T","A/C","G/G",NA,"TA/TA","C/C","G/G","T/T",NA,"G/G",NA,"C/C",NA,"CT/CT","CC/TC","TAC/TAC","G/G","GT/GT","A/G","CA/CA","A/G","GG/GG",NA,"GA/GT","AG/AG","A/G","C/T","T/T","A/A","C/G","T/T","G/G","C/C","C/C","AA/GA","G/G","C/T",NA,"G/G","C/C","C/C","T/T",NA,"C/T","AA/AA","G/G","A/A","CG/CG","T/T","C/C","A/G","C/T","CC/CC","A/G","A/G","A/A","A/A","A/G","C/C","A/G","A/G","A/G","C/G",NA,"C/C",NA,"CTA/CTA","A/A","T/T","A/A","C/T","G/G",NA,NA,"TC/TC","G/G","C/T","AC/GC","T/T","A/G","A/G","C/C","A/T","A/A",NA,"A/G","A/A","A/T","C/T","A/C","A/A","TC/TT","AG/GC","C/C","A/A","G/G","C/T","G/G",NA,"A/A","G/G",NA,"C/C","A/G","AA/AT","C/C","G/G",NA,"C/T","T/T","C/T","G/G","G/G","A/G","C/C","TT/TT","T/T","T/T","C/C","A/A","A/A","T/T","G/G","A/A","T/T","C/T","A/C","A/A","C/C"
"112","z0216918","A/G","A/A","AG/CA","TC/TG","A/G","G/G","A/A","A/G","AG/GA","C/C","AG/CG","TA/TA","CT/TC","CG/TG","A/G","GT/GT","AA/AG","G/G","C/C","G/G","GA/GA","CT/CT","T/T","AC/AC","GC/GC","G/G","A/A","C/T","C/T","GG/GG","CT/CT","G/T","A/G","C/C","A/C","C/G","C/C","TA/TA","T/T","A/G","C/T","C/C","G/G","AG/CA","C/T","AC/AT","TT/TT","CC/CT","TAC/TAC","G/G","GC/GT","A/G","CA/CA","A/A","GC/GG","G/G","GT/GT","AG/AG","G/G",NA,"C/T","A/A","C/C","T/T","A/G","G/G","T/T","AA/GA","G/G","T/T","C/T","A/A","C/T","C/T","T/T","G/G","C/C","AA/AA","A/G","A/A","CG/CG",NA,"C/C","G/G","T/T",NA,"A/A","A/G","A/G","G/G","A/G","A/C",NA,"A/G",NA,"G/G","A/A","C/C","T/T","AGG/CTA","A/A",NA,"A/A","C/C","A/A",NA,"C/C","TC/TC",NA,NA,"GT/GT","T/T","A/A","G/G","C/C","A/T","G/G","G/G","G/G",NA,"T/T",NA,"A/A","A/C","TC/TT","AG/AG","C/C","A/A",NA,"C/T","C/G",NA,NA,"G/G","C/T","A/A","G/G","AT/AT","A/C","G/G","T/T","C/C","T/T","C/T","G/T","G/G","A/A","C/C","AT/AT","G/T","T/T","C/T","A/G","A/A","C/T","A/G","A/C","T/T",NA,"A/A","A/A",NA
"113","z0076709","A/A","A/A","AG/CA","CG/TG","A/A","G/G","A/G","A/G","GA/GA","C/T","CA/CG","CC/CC","CC/TC","CG/TG","A/A","CT/GT","AA/AG","G/G","C/C","C/G","GG/TG","CT/CT","C/T","AC/AT","GC/GC","G/G","A/A","T/T","T/T","GG/GG","CT/TT","G/G","G/G","C/T","A/C","C/C","C/C","TA/TA","T/T","G/G","C/C","C/T","A/G","AA/AA","C/C","AT/AT","CG/TT","CC/TC","TAA/TAC","G/G","AT/GT","A/G","CA/CA","A/G","GC/GG","A/G","GA/GT","AG/AT","G/G","C/T","C/C","A/G","C/C","C/T","A/G","C/G","C/T","GA/GT","A/G","T/T","C/T","A/G","C/T","T/T","T/T","G/G","C/T","AA/AA","A/A","A/A","CA/CG","T/T","C/C","A/A","T/T","CC/CC","G/G","G/G","A/A","A/A","A/G","A/C","G/G","A/A","A/G","C/G","A/A","C/T","T/T","CTA/CTA","A/A",NA,"A/C","C/T","G/G",NA,"C/C","TC/TC","G/G","C/C","GC/GT","A/T","A/A","G/G","T/T","A/T","G/G","G/G","A/G","A/A","A/T","C/C","C/C","A/A","CC/TC","AG/AG","C/C","A/G","C/C","C/T","C/G",NA,"A/A","G/G","C/C","A/C","A/G","AA/AT","C/C","G/G","T/T","C/T","T/T","C/C","G/T","G/G","A/A","C/C","AT/AT","G/T","T/T","C/C",NA,"A/A","C/T","G/G","A/C","C/T","T/T","C/C","A/A","C/C"
"114","z0062743","G/G","A/G","CA/CG","CC/CG","A/A","A/G","A/G","A/A","AG/GA","C/C","CA/CG","TA/TA","CC/TC","CC/CG","A/G","GT/GT","AG/CG","G/G","C/C","C/C","GG/TG","CT/CT","C/T","AC/CT","GC/GC","G/G","A/A","C/T","T/T","GG/GG","TC/TT","G/T","G/G","C/C","A/A","C/G","C/C","TA/TA","T/T","G/G","C/C","T/T","A/G","CA/CA","C/T","AT/AT","TT/TT","CC/CC","TAC/TAC","G/G","AT/GT","G/G","CA/CA","A/G","GG/GG","G/G","GA/GT","AT/AT","G/G","C/T","C/T","A/A","C/C","T/T","A/G","G/G","T/T","GA/GT","G/G","C/T","C/C","A/A","C/T","C/T","C/T","G/G","C/C","AA/AA","A/A","A/A","CG/CG","T/T","C/C","A/G","C/T","CC/CC","A/G","G/G","A/A","A/G","G/G","A/A","G/G","A/A","G/G","C/C","A/A","C/T","T/T","CTA/CTA","A/A","T/T","A/A","T/T","G/G","T/T","C/T","TC/TT","G/G","C/T","GT/GT","A/T","A/A","G/G","C/T","A/T","A/G","A/G","G/G","A/C","T/T","T/T","C/C","A/A","CC/TT","AG/GC","C/T","A/G","C/C","C/C","C/G","T/T","A/A","G/G","C/T","C/C","G/G","AT/AT","C/C","A/G","G/T","C/C","T/T","C/T","G/G","G/G","A/A","C/T","AT/AT","T/T","T/T","C/C","A/G","A/A","C/T","A/G","A/C","T/T","C/T","C/C","G/G","C/T"
"115","z0076699",NA,"A/A","CA/CA","CC/CG","A/G","G/G","A/G","A/A","AG/GA",NA,"CA/CA","CC/CC","CT/TC","CC/CG","A/A",NA,"AG/CG","G/G","C/C","G/G","GG/TG","CT/CT","C/C","AC/AT","AC/GC","G/G","A/A","T/T","T/T","GG/GG","TT/TT","G/G","G/G","C/C","A/A","C/G","A/C","TA/TA","C/T","G/G","C/T","T/T","A/G","AA/CA","C/T",NA,"TT/TT","CC/TC","TAC/TAC","G/G","AT/GT","A/A","CA/CA","A/A","GC/TC","A/G","GA/GT","AT/AT","G/G","T/T","C/T","A/G","C/C","T/T","A/G","C/G","T/T","AA/AA","A/G","T/T","C/C","G/G","C/T","C/C","T/T","G/G","C/T","AA/AA","G/G","A/G","CA/CG","T/T","C/C","G/G","C/T","CC/CC","A/G","G/G","A/A","A/G","A/G","C/C","G/G","A/G","G/G","C/G","A/A","C/C","T/T","AGG/CTA","A/A","A/A","A/A","C/T","G/G",NA,"C/C","TC/TC","G/G","C/C","GC/GT","T/T","A/A","G/G","C/C","A/A","A/A","G/G","G/G","A/C","A/T","T/T","C/C","A/A","CC/TT","AG/AG","C/C","A/G","C/C","T/T","C/G","C/T","A/A","G/G","C/C","A/A","A/G","AA/AT","C/C","A/G","T/T","C/T","T/T","C/T","G/G","G/G","G/G","C/C","TT/TT","G/T","G/T","C/T","A/A","A/A","C/C","A/A","C/C","C/T","C/T","C/C","A/A","C/C"
"116","z0012499","A/G","A/G","AG/CA","CC/CG","A/G","G/G","A/A","A/G","GA/GG","C/C","CA/CG","CC/CC","CT/TC","CC/CG","A/A","GT/GT","AA/AG","G/G","C/C","C/G","TG/TG","CT/TA","C/C","AC/AC","AC/GC","G/G","A/G","T/T","T/T","GG/GG","TC/TT","G/G","A/G","C/C","A/C","G/G","C/C","TG/TG","T/T","G/G","C/C","C/T","G/G","CA/CA","C/C","TT/TT","TT/TT","TC/TC","TAC/TGA","G/G","AT/AT","G/G","CA/CA","G/G","GG/GG","G/G","AA/GA","AG/AG","G/G","T/T","C/C","A/G","C/C","T/T","A/G","C/G","C/C","AA/AA","G/G","C/C","C/C","G/G","C/C","T/T","T/T","G/G","T/T","AA/CG","A/G","A/A","CA/CG","C/T","C/C","G/G","C/T","CC/TT","A/G","G/G","A/A","A/G","A/G","A/A","G/G","G/G","G/G","C/G","A/A","C/C","C/T","CTA/CTA","A/A",NA,"A/C","T/T","A/G",NA,"C/C","TC/TT","G/G","C/T","GT/GT","A/T","A/A","G/G","C/T","A/A","A/A","G/G","A/G","A/C","A/T","C/C","A/C","A/A","TC/TT","GC/GC","C/C","G/G","C/G","C/C","C/G","C/C","A/A","G/G","C/C","A/C","G/G","AT/GT","A/C","A/G","G/T","C/C","A/T","C/T","G/T","G/G","A/A","C/C","AT/TT","G/G","T/T","C/C","A/A","A/T","C/T","G/G","A/C","T/T","T/T","A/C","A/G","C/T"
"117","z0061457","A/G","A/G","CA/CG","CG/TC","A/G","G/G","A/G","A/G","GA/GA","C/C","CG/CG","TA/TA","CC/TC","CC/TG","A/A",NA,"AG/AG","G/G","C/C","C/C","TG/TG","CT/CT","C/T","AC/AT","GC/GC","G/G","A/A","C/T","T/T","GG/GG","TT/TT","G/G","A/G","C/C","A/A","C/G",NA,"TA/TA","C/C","G/G","C/T","C/T","A/G","AG/CA","C/C","AT/TT","CT/TT","CC/TC","CAC/TAC","G/G","AT/GT","G/G","CA/CA","A/G","GG/GG","G/G","GA/GT","AT/GT","A/G","T/T","C/C","G/G","C/C","T/T","A/G","G/G","C/T","AA/GA","G/G","C/C","T/T","A/G","C/C","C/T","T/T","G/G","C/C","AA/AA","G/G","A/A","CG/CG","T/T","C/C","A/G","T/T","CC/CC","G/G","G/G","A/A","A/A","G/G","A/A","G/G","A/A","G/G","G/G","A/A","C/T","C/T","CTA/CTA","A/A","A/T","A/A","C/T","G/G","T/T","C/C","TC/TC","G/G","T/T","GC/GT","A/T","A/G","A/G","C/T","A/T","A/G","G/G","G/G","A/A","A/T","T/T","C/C","A/A","CC/TT","AG/GC","T/T","A/G","G/G","C/T","C/G",NA,"A/A","G/G","C/T","A/C","G/G","AT/AT","A/C","A/G",NA,"C/C","T/T","C/T","G/T","G/T","A/G","C/C","TT/TT","G/T","T/T","C/T",NA,"A/A","C/T","G/G","A/C","T/T","T/T","C/C","A/A","C/C"
"118","z0216913",NA,"A/A","CG/CG","CG/TC","A/G","G/G","A/G","A/G",NA,NA,"CG/CG","CC/TA","CT/CT","CG/TG","A/A",NA,"AG/CG","A/G","C/C",NA,"GA/TG","CT/CT","C/C","AC/AC","GC/GG","G/G","A/A","C/T","T/T","GG/GG","CT/TT","G/G",NA,"C/C","A/A","C/G","C/C","TA/TG","T/T","G/G","C/C","C/C","G/G","CA/CA","C/C",NA,"CT/TT","TC/TC","CAC/TAA","G/G","AT/GT","G/G","CA/CA","A/G","GG/TC","G/G","GA/GT","GT/GT","G/G",NA,"T/T","A/G","C/G","T/T","G/G","C/C","C/T","GA/GA","G/G","C/C",NA,"A/G","C/C",NA,"T/T","G/G","C/C","AA/AA","G/G","A/A","CA/CG","T/T","C/C","A/A","T/T",NA,"G/G","G/G","A/A","A/G","G/G",NA,NA,NA,NA,"C/G","A/A","C/T","C/T","CTA/CTA","A/A",NA,"A/C","T/T","G/G",NA,"C/C","TC/TC",NA,NA,"GC/GT","T/T","A/A","G/G","C/C","A/T","G/G",NA,"A/G",NA,"T/T",NA,"C/C","A/A",NA,"GC/GC","C/T",NA,NA,"T/T","C/C",NA,NA,"G/G","C/C","C/C","G/G","AT/GT","A/C","G/G","G/T","T/T","T/T","C/C",NA,"G/G","G/G","C/C","AT/AT","T/T","T/T","C/C",NA,"A/A","T/T","G/G","A/C","T/T",NA,"C/C","A/G",NA
"119","z0134070","G/G","A/A","CA/CG","CG/TC","A/A","G/G","A/G","G/G","AG/GG","C/C","AG/AG","TA/TA","CT/CT","CG/TG","A/G",NA,"AG/AG","A/G","C/C","C/C","GA/TG","CT/CT","C/T","AC/AT","GC/GC","G/G","A/A","C/T","T/T","GG/GG","TT/TT","G/G","G/G","C/C","A/A","G/G","A/C","TA/TA","C/T","G/G","C/C","C/C","G/G","AA/CA","C/C","AT/TT","CT/TT","TC/TC","TAC/TAC","G/G","GT/GT","A/A","CA/GC","A/A","GG/GG","G/G","GA/GT","AG/AT","G/G","C/T","C/T","A/G","C/G","T/T","A/G","C/C","C/T","GA/GT","G/G","T/T","C/C","A/G","C/C","C/C","T/T","C/G","C/T","AA/CG","G/G","A/A","CA/CG","C/T","T/T","A/A","C/T","CC/CC","A/G","A/A","A/A","A/G","G/G","C/C","G/G","A/A","G/G","G/G","A/A","C/C","T/T","AGG/AGG","A/A",NA,"A/A","C/T","G/G","G/G","C/C","TC/TC","G/G","C/C","GC/GC","T/T","A/A","G/G","C/C","A/T","A/G","G/G","G/G","A/C","A/A","C/T","A/C","A/A","TC/TT","GC/GC","C/T","A/G","C/C","C/T","C/G","T/T","A/G","G/G","C/C","A/C","A/G","AT/AT","A/C","G/G","T/T","C/T","T/T","C/T","G/G","G/G","A/G","C/C","AT/TT","G/T","T/T","C/C","A/A","A/A","C/T","A/A","A/C","T/T","C/T","C/C","A/A","C/C"
"120","z0032022",NA,NA,"CA/CG",NA,NA,"A/A","A/G","A/G",NA,NA,"CG/CG",NA,"CT/TC",NA,"A/G",NA,"AA/AG",NA,"C/C",NA,NA,"CT/TA",NA,NA,"GC/GC",NA,"A/A",NA,"T/T",NA,NA,"G/T",NA,"C/C",NA,"C/G",NA,NA,NA,NA,NA,NA,NA,NA,NA,NA,"TT/TT","TC/TC",NA,NA,"AT/GT","G/G","CA/GC","A/G",NA,NA,"GT/GT",NA,"A/G","C/T","C/T","A/A","C/C","T/T","A/G","G/G","C/C","GA/GT","G/G","C/T",NA,"A/G","C/C",NA,"T/T",NA,NA,"AA/AA","A/G","A/A","CG/TG","T/T","T/T","A/G","C/T","CC/CC","G/G","G/G","A/A","G/G","A/G",NA,"G/G","A/G","G/G","G/G",NA,"C/C",NA,"AGG/CTA",NA,"T/T",NA,"T/T","G/G",NA,NA,"TC/TT","G/G","C/C","GT/GT","A/T","A/G","A/G","C/T","A/T",NA,NA,"A/G","A/A","T/T","T/T","C/C","A/A","TC/TC","AG/AG","T/T",NA,"C/G",NA,"C/G",NA,"A/A",NA,NA,"A/C","G/G","AA/AA","A/C","G/G",NA,NA,"T/T","C/C","G/G",NA,"A/G","C/C","AT/AT","G/T","T/T","C/T","A/A","A/A","T/T",NA,"C/C","C/T",NA,"C/C","A/G",NA
"121","z0076705",NA,"A/A","CA/CG","CG/CG","A/G","G/G","A/G","G/G",NA,"C/C","CG/CG","CC/CC","CT/TC","CC/CG","A/A",NA,"AA/CG","A/G","C/C","C/G","GA/TG","CT/CT","C/T","AC/AC","GC/GC","G/G","A/A","C/C","C/T","GG/GG","CT/CT","G/G","G/G","C/C","A/C","C/C","C/C","TA/TG","C/T","G/G","C/T","C/T","G/G",NA,"C/C","AT/TT","CT/CT","TC/TC","TGA/TGA","G/G","GC/GC","A/G","CA/CC","A/G","GC/TC","G/G","GA/GT","AT/AT","G/G",NA,"T/T","A/A","C/C","T/T","G/G","G/G","C/T","AA/GA","G/G","C/T","C/C","A/A","C/C","T/T","T/T","G/G","C/T","CG/CG","G/G","A/A","CA/CA","T/T","C/C","G/G","C/T","CC/CC","A/A","G/G","A/A","A/G","G/G","C/C","G/G","G/G","A/G","G/G","A/A","C/C","T/T","AGG/CTA","A/A",NA,"A/A","C/T","G/G",NA,"C/T","TC/TT",NA,"C/C","GC/GT","T/T","A/G","A/G","C/T","A/T","A/A","G/G","A/G",NA,"T/T","C/T","A/C","A/A","TT/TT","GC/GC","T/T","A/G","C/G","C/C","C/G",NA,"G/G","G/G","C/T","A/C","G/G","AT/AT","C/C","G/G",NA,"C/T","T/T","C/C","G/G","G/G","A/A","C/C","AT/AT","T/T","T/T","C/C","A/A","A/A","C/T","G/G","A/C","C/T","C/C","C/C","A/A","C/T"
"122","z0012522","G/G","A/G","CA/CA","TC/TG","A/G","G/G","G/G","A/G","GA/GG","C/C","CG/CG","CA/CC","CT/TC","CG/CG","A/A",NA,"AA/AG","A/G","C/C","C/G","TG/TG","CT/TA","C/C","AC/AT","AC/GC","G/G","A/A","C/C","C/T","GG/GG","CT/TT","G/G","G/G","C/C","A/C","C/G","A/C","GA/TA","C/T","G/G","C/C","C/T","G/G","AG/CA","C/C","TT/TT","TT/TT","CC/TC","TAC/TGA","G/G","AT/AT","A/G","CA/GC","A/G","GC/GG","G/G","GA/GA","AG/AT","G/G",NA,"C/C","A/G","C/C","T/T","A/G","G/G","C/T","GA/GA","A/G","C/C",NA,"A/G","C/C","T/T","T/T","G/G","C/T","AA/AA","A/G","A/A","CA/CG","C/C","C/C","G/G","C/T",NA,"G/G","G/G","A/A","A/A","G/G","C/C",NA,"A/G",NA,"G/G","A/A","C/C","C/T","AGG/CTA","A/A",NA,"A/C","T/T","G/G","G/T","T/T","CC/TC",NA,NA,"GC/GT","T/T","A/G","A/G","C/T","A/T","A/G","A/A","A/A",NA,"T/T",NA,"A/C","A/A","CC/TT","GC/GC","C/C","A/G",NA,"C/T","C/G",NA,NA,"G/G","C/T","A/A","A/G","AT/AT","A/C","G/G","G/T","C/C",NA,"C/T","G/T","G/T","A/G",NA,"AT/TT","G/T","T/T","T/T",NA,NA,"T/T","A/G","A/A","C/T",NA,"A/A","A/G","C/T"
"123","z0037467",NA,NA,"AG/CG","CG/TC","A/A","G/G","A/A","A/A",NA,NA,"AG/CG","TA/TA","CT/CT","CC/CG","A/A",NA,"AG/CG",NA,"C/C",NA,"TG/TG","CT/CT","T/T","AC/AC","AC/GG","G/G","A/A","C/T","T/T","GG/GG","TT/TT","G/G","A/A","C/C","A/C",NA,NA,"TA/TG","C/T","G/G","C/C","C/T","G/G",NA,"C/C","TT/TT","CT/CT","CC/TC","TAC/TAC","G/G","AT/GT","A/G","CA/CA","A/A","GG/TC","A/G","GA/GA","AG/AG","A/G",NA,"C/C","A/G","C/C","T/T","G/G","G/G","C/T","GA/GA","A/G","C/T",NA,"A/A","C/C","C/C","T/T","G/G","C/T","AA/AA","A/A","A/G","CA/CG","T/T","C/T","G/G","T/T","CC/TT","A/A","A/G","A/A","A/A","G/G","A/C","G/G","A/G","G/G","G/G",NA,"C/C","C/C","CTA/CTA","A/A",NA,"A/A","C/C","G/G","G/T","C/C","TC/TC","G/G","C/C","GC/GT","T/T","A/A","G/G","C/T","T/T","A/G","A/G","A/G","A/C","A/T","C/T","A/C","A/A","CC/TC","AG/AG","C/C","A/G","C/C","C/C","C/G",NA,"A/G","G/G","C/C","A/A","G/G","AT/AT","C/C","A/G",NA,"T/T","T/T","C/C","T/T","G/T","A/G","C/C","AT/AT","G/T","T/T","C/T",NA,"T/T","C/T","G/G","A/C","C/C",NA,"C/C","A/G","C/T"
"124","z0062630","A/A","A/G","CA/CG","CC/CC","G/G","A/A","A/A","A/A","GA/GG","C/C","AG/CA","CC/TA","CT/TC","CG/CG","A/G","GT/GT","AG/AG","A/G","C/C","C/G","GG/GG","CT/CT","T/T","AC/AC","AC/GC","G/G","A/A","C/T","C/C","GG/GG","TC/TT","G/G","A/G","C/C","A/C","C/G","C/C","TG/TG","T/T","G/G","C/C","C/T","A/G","AG/AG","C/C","AC/AT","CT/CT","TC/TC","TAC/TAC","G/T","AT/GT","G/G","CA/CC","A/G","GC/GG","G/G","GT/GT","AG/AT","G/G","T/T","C/C","A/A","C/C","C/C","G/G","G/G","T/T","GA/GA","A/G","T/T","C/C","A/G","C/C","C/C","C/T","C/G","C/C","AA/CG","G/G","A/A","CA/CG","T/T","C/T","G/G","T/T","CC/CC","G/G","G/G","A/A","A/G","G/G","A/C","G/G","A/A","G/G","G/G","A/A","C/C","T/T","CTA/CTA","A/A","T/T","A/A","C/T","G/G","G/T","T/T","TC/TC","A/G","C/C","GC/GT","A/T","A/A","G/G","C/C","A/A","G/G","G/G","A/G","A/A","A/A","T/T","A/C","A/C","TT/TT","GC/GC","C/T","A/A","C/G","C/T","C/G",NA,"A/A","G/G","C/C","A/A","G/G","AT/AT","A/C","G/G","G/T","C/C","T/T","C/C","G/T","G/G","A/G","C/C","AT/TT","G/T","T/T","C/C","A/A","A/T","T/T","G/G","A/A","C/C","T/T","C/C","A/A","C/T"
"125","z0134101","A/G","A/A","AG/AG","CG/TC","A/A","A/G","A/G","A/A","GA/GA","C/T","CA/CG","CC/TA","CT/TC","CG/CG","A/G",NA,"AG/AG","G/G","C/C","C/G","GA/TG","CT/TA","T/T","AT/AT","GC/GC","G/G","A/A","T/T","C/T","GA/GG","CT/CT","G/G","G/G","C/C","A/A","G/G","A/C","TA/TA","C/T","G/G","C/C","C/T","G/G","CA/CA","C/C","AC/AT","CG/TT","TC/TC","TGA/TGA","G/G","AT/GC","G/G","CA/CC","A/G","GG/TC","A/G","AA/GT","AG/GT","G/G",NA,"C/T","A/A","C/C","C/T","G/G","G/G","C/T","GA/GT","A/G","C/T","C/C","A/A","C/C","T/T","C/T","C/G","C/C","AA/AA","G/G","A/G","CA/TG","C/T","C/C","A/A","T/T","CC/CC","A/G","A/G","A/A","A/A","G/G","A/A","G/G","A/G","G/G","C/G","A/A","C/T","C/T","AGG/AGG","A/A",NA,"C/C","C/T","A/G",NA,"C/T","TC/TT","G/G","C/C","GT/GT","T/T","A/A","G/G","C/T","A/T","A/G","A/G","G/G","A/C","A/A","T/T","C/C","A/A","TT/TT","AG/GC","C/C","G/G","C/G","C/C","C/C",NA,"A/G","G/G","C/C","A/C","G/G","AT/AT","C/C","A/G","G/T","C/T","T/T","C/C","G/T","G/T","A/A","C/C","AT/TT","G/T","T/T","C/C","A/A","A/T","C/C","A/A","A/A","C/T","C/C","C/C","A/G","C/T"
"126","z0062634",NA,"A/A","AG/CG","CC/CG","A/G","G/G","A/G","A/A",NA,"C/C","CG/CG","CC/TA","CT/TC","CG/TG","A/G",NA,"AA/AG","A/G","C/T","C/G","GG/TG","CT/CT","C/T","AC/AC","GC/GC","G/G","A/A","C/T","T/T","GG/GG","CT/TT","G/G","G/G","C/T","A/A","C/G","C/C","TA/TA","T/T","G/G","C/T","C/T","A/G",NA,"C/C","AT/AT","TT/TT","TC/TC","TAC/TGA","G/G","GC/GT","A/G","CA/CA","A/G","GG/GG","G/G","GT/GT","AG/AG","G/G","T/T","C/T","A/G","C/C","C/C","G/G","G/G","T/T","GA/GT","G/G","C/C","T/T","A/G","C/C","C/T","T/T","G/G","C/C","AA/AA","A/A","A/A","CG/TG","C/C","C/C","A/G","T/T","CC/CC","A/G","G/G","A/A","A/A","G/G","A/C","G/G","G/G","G/G","G/G","A/A","C/C","C/C","CTA/CTA","A/A","A/T","A/A","T/T","A/G","T/T","T/T","TC/TC","A/G","C/T","AC/GT","T/T","A/A","G/G","C/T","A/T","A/A","G/G","G/G","A/A","T/T","T/T","A/C","A/A","TT/TT","AG/GC","C/C","A/G","C/C","C/C","C/C","T/T","A/G","G/G","C/C","A/C","G/G","AT/GT","C/C","A/G","T/T","T/T","T/T","C/C","G/T","G/G","G/G","C/C","TT/TT","G/T","T/T","C/T","A/A","A/T","T/T","G/G","A/C","C/T","C/T","C/C","A/A","C/C"
"127","z0012482","G/G","A/A","CA/CA","CC/CG","A/A","A/A","A/A","G/G","AG/GA","C/C","AG/CA","CA/TA","TC/TC","CC/CG","A/A","GT/GT","AG/CG","A/G","C/C",NA,"GG/TG","CT/CT",NA,"AC/AC","AC/GC","G/G","A/A","T/T","T/T","GG/GG","CT/TC","G/G","G/G","C/C","A/A","G/G","C/C","TA/TG","C/T","G/G","C/C","C/T","G/G","CA/CA","C/C",NA,"TT/TT","CT/TC","TAC/TGA","G/G","AT/GC","A/A","CA/CA","A/G","GG/GG","G/G","GA/GT","AG/AT","G/G",NA,"C/C","A/A","C/G","T/T","A/G","C/G","C/T","GA/GT","G/G","C/C",NA,"G/G","C/T","C/C","T/T","G/G","C/T","AA/AA","G/G","A/A","CA/CG","C/T","C/T","G/G","C/T",NA,"A/A","G/G","A/A","A/G","G/G","A/A","G/G","A/G","G/G","G/G","A/A","C/T","C/T","AGG/CTA","A/A",NA,"A/C","T/T","G/G",NA,"C/C","TC/TC",NA,"T/T","GT/GT","T/T","A/A","G/G","C/C","A/A","A/A","G/G","A/G","A/A","A/T","C/T","C/C","A/A","TC/TT","AG/AG","C/C","A/A","C/G","C/T","G/G",NA,"A/A","G/G","C/C","A/A","G/G","AA/AA","C/C","G/G","T/T","C/C","T/T","T/T","G/T","G/G","A/G","C/C","AT/AT","G/T","G/T","C/C","A/A","A/T","C/T","A/G","A/C","C/T","C/C","A/A","A/A","C/T"
"128","z0134066",NA,NA,"CA/CG","CG/CG","A/A","A/G","G/G","A/G",NA,NA,"AG/CA",NA,"CT/TC",NA,"G/G",NA,"CG/CG",NA,"C/C",NA,"GG/TG","CT/CT",NA,NA,"AC/GC","G/G","A/A",NA,"C/T","GG/GG",NA,"G/G",NA,"C/C",NA,"C/G",NA,"TA/TA",NA,"G/G","C/C","C/C","A/G",NA,"C/C",NA,"CT/TT","TC/TC","CAC/TAA",NA,"GC/GT","A/G","CA/CC","A/G","GG/GG",NA,"GA/GA","AG/GT","A/G","T/T","T/T","A/G","C/C","C/T","G/G","G/G","T/T","GA/GT","G/G","C/T",NA,"A/G",NA,NA,"C/T",NA,NA,"AA/AA","G/G","A/A","CA/CG","T/T","C/T","A/G","T/T","CC/CC","A/G","G/G","A/A","A/G","G/G",NA,"G/G","G/G","A/G","G/G",NA,"C/C",NA,"CTA/CTA","A/A","A/T","A/A","C/C","G/G",NA,"C/C","TC/TT","G/G","C/T","GT/GT","T/T","A/G","A/G","C/C","A/T",NA,NA,"G/G","A/C","A/T","C/T","A/C","A/A","TC/TT","AG/GC","C/C","G/G","C/C","C/T","C/C",NA,"G/G","G/G",NA,"A/C","G/G","AT/AT","C/C","G/G",NA,NA,"T/T","C/C","G/T",NA,"A/G","C/C","AT/TT","G/T","T/T","C/C",NA,"A/T","C/T","A/G","A/C","C/T","C/T","C/C","A/A","C/T"
"129","z0012491","A/A","A/G","CG/CG","CC/CG","A/A","G/G","A/A","A/A","GG/GG","C/C","AG/CG","TA/TA","CT/CT","CC/TG","A/G","GC/GT","AG/CG","G/G","C/T","G/G","GA/TG","CT/TA","C/C","AC/AC","GC/GC","G/G","A/A","C/T","T/T","GG/GG","TC/TT","G/G","G/G","C/C","C/C","C/G","C/C","TA/TA","C/C","G/G","T/T","C/T","A/G","AA/CA","C/T","TT/TT","CT/TT","TC/TC","TAC/TAC","G/G","GC/GT","A/G","CA/CC","A/A","GG/TG","A/G","GT/GT","AG/AG","G/G",NA,"C/T","A/A","C/C","T/T","A/G","G/G","T/T","GA/GA","A/G","C/C","C/T","A/A","C/C","C/T","T/T","G/G","T/T","AA/AA","G/G","A/A","CG/TG","T/T","C/T","G/G","T/T",NA,"G/G","G/G","A/A","A/G","G/G","A/C","G/G","A/A",NA,"G/G","A/A","C/T","C/T","CTA/CTA","A/A",NA,"A/A","T/T","G/G",NA,"T/T","TC/TT",NA,"C/T","GT/GT","A/T","A/A","G/G","C/T","T/T","A/G","G/G","G/G","A/A","T/T",NA,"C/C","A/A","TC/TC","AG/GC","T/T","A/G",NA,"C/C","C/C",NA,NA,"A/A","C/T","A/C","G/G","AA/AA","C/C","G/G","T/T","C/T","T/T","C/C","G/G","G/G","A/A","C/C","AT/TT","T/T","T/T","C/C","A/A","A/T","C/C","A/G","A/A","T/T",NA,"C/C","A/G","C/T"
"130","z0037471","G/G","G/G","CA/CG","TC/TG","G/G","A/G","A/A","A/G",NA,"C/C","AG/CG","CC/CC","CC/CT","CG/CG","A/G","GT/GT","AA/AG","G/G","C/C","C/G","TG/TG","CT/CT","C/C","AC/AC","GC/GC","C/G","A/A","C/T","T/T","GG/GG","CT/TT","G/G","A/G","C/C","A/A","C/C",NA,"TA/TA","C/T","G/G","C/T","C/T","G/G","AA/CA","C/C","AT/TT","TT/TT","TC/TC","TAC/TGA","G/G","GC/GT","G/G","CA/CC","A/A","GG/TC","G/G","GT/GT","AT/GT","G/G",NA,"C/T","A/A","C/G","T/T","A/G","G/G","C/C","AA/AA","A/G","T/T","C/T","A/G","C/C","C/T","T/T","G/G","C/T","AA/AA","G/G","A/A","CG/TG","C/T","C/T","A/G","T/T","CC/TT","A/G","A/G","A/A","A/G","G/G","A/C","G/G","A/A","G/G","G/G","A/A","C/C","T/T","CTA/CTA","A/A",NA,"A/C","C/T","G/G","G/T","C/T","TT/TT","G/G","C/T","GC/GT","T/T","A/A","G/G","C/T","A/A","A/A","A/G","G/G","A/C","A/T","T/T","A/C","A/C","TC/TT","GC/GC","C/T","A/G","C/C","C/T","C/C","T/T","A/A","G/G","C/C","A/C","A/G","AT/AT","A/C","G/G","T/T","C/T","T/T","C/C","T/T","G/G","A/A","C/C","AT/TT","T/T","G/T","C/C",NA,"A/A","T/T","G/G","A/A","T/T","T/T","A/C","A/G","C/C"
"131","z0006805",NA,"A/A","AG/CG","CC/CC","A/G","A/G","A/A","A/G","GA/GG","C/C","AG/CA","CC/TA","CT/TC","CG/CG","A/A","GC/GT","AG/AG","A/G","C/C","C/G","GG/TG","CT/CT","C/T","AC/AT","GC/GC","G/G","A/A","T/T","C/T","GG/GG","CT/TT","G/G","A/G","C/C","A/C","G/G","C/C","GA/TA","C/T","G/G","C/T","C/T","G/G","CA/CA","C/C","AT/TT","TT/TT","TC/TC","TAC/TAC","G/G","GT/GT","A/A","CA/CA","A/G","GG/TC","G/G","GA/GA","AG/AT","G/G","T/T","C/C","A/A","C/G","T/T","A/G","C/C","C/C","GA/GA","G/G","C/T","C/T","G/G","C/T","C/T","T/T","G/G","T/T","AA/AA","A/G","A/G","CG/CG","C/T","C/C","G/G","C/T","CC/CC","G/G","G/G","A/A","A/G","A/G","A/C","G/G","A/A","G/G","G/G","A/A","C/C","C/T","CTA/CTA","A/C",NA,"A/C","C/C","G/G",NA,"C/C","TC/TC","G/G","C/T","AC/GT","T/T","A/G","A/G","C/T","A/A","G/G","G/G","G/G","A/A","A/A","C/T","A/C","A/C","TC/TC","AG/GC","C/T","G/G","C/G","C/T","C/C",NA,"A/G","A/G","C/T","A/A","A/G","AT/AT","A/C","G/G","T/T","C/T","T/T","T/T","G/T","G/T","A/G","C/C","AT/TT","G/T","G/G","C/T","A/A","T/T","C/T","A/G","C/C","T/T","T/T","C/C","A/A","C/C"
"132","z0216931","A/A","A/G","CA/CA","CC/TC","A/G","G/G","G/G","A/G","GA/GA","C/C","AG/AG","TA/TA","CC/TC","CC/CC","A/A","CT/GT","AG/AG","A/G","C/C","C/G","TG/TG","CT/CT","T/T","AC/AT","AC/GC","G/G","A/G","C/T","C/C","GG/GG","TT/TT","G/G","G/G","C/C","A/C","C/G","C/C","TG/TG","T/T","G/G","C/C","T/T","A/A","CA/CA","C/C","AC/AT","CG/CT","TC/TC","TAA/TGA","G/G","GT/GT","A/G","CA/CA","A/G","GG/GG","A/G","GT/GT","AG/GT","G/G",NA,"C/C","A/G","C/G","C/T","G/G","C/G","C/T","GA/GT","G/G","C/T",NA,"G/G","C/C","T/T","T/T","G/G","C/T","AA/CG","A/G","A/A","CG/CG","T/T","C/C","A/G","T/T",NA,"G/G","G/G","A/A","A/G","G/G","A/C",NA,NA,NA,"C/G","A/A","C/C","C/C","CTA/CTA","A/C",NA,"A/A","C/T","G/G",NA,"C/C","TC/TC",NA,"C/T","GC/GT","T/T","A/A","G/G","C/T","T/T","A/A","G/G","A/A",NA,"A/A",NA,"C/C","A/A",NA,"GC/GC","C/T","A/A","C/G","C/C","C/G",NA,NA,"G/G","C/T","A/C","A/G","AA/GT","C/C","G/G","T/T","C/C","T/T","C/T","G/T","G/G","G/G","C/C","AT/AT","G/T","T/T","C/C",NA,"A/T","C/T","G/G","A/C","T/T",NA,"C/C","A/G","C/C"
"133","z0062680","A/A","A/G","CA/CG","CC/CG","A/G","G/G","G/G","A/G","AG/GA","C/C","CG/CG","CC/TA","TC/TC","CG/TG","A/A","CT/GT","CG/CG","G/G","C/C","C/G","TG/TG","CT/CT","C/C","AC/AC","AC/GC","G/G","A/A","C/T","C/T","GG/GG","TC/TT","G/G","G/G","C/T","A/A","C/G",NA,"TA/TG","T/T","G/G","T/T","T/T","A/A","AG/CA","T/T","AC/TT","CT/TT","CC/CC","TAC/TAC","G/G","AT/GC","G/G","CA/CA","A/A","GG/TG","A/A","AA/GA","AG/GT","G/G","T/T","C/C","A/A","C/C","T/T","G/G","C/G","C/T","GT/GT","G/G","T/T","C/T","A/G","C/C","C/C","T/T","C/G","C/C","AA/AA","G/G","A/A","CG/CG","T/T","C/C","G/G","C/T","CC/CC","A/G","A/A","A/A","A/G","G/G","A/A","G/G","G/G","A/G","C/G","A/A","C/T","C/T","CTA/CTA","A/C","A/A","A/C","C/T","G/G","T/T","C/C","TC/TC",NA,"C/C","GC/GT","T/T","A/A","G/G","C/T","A/T","A/G","A/G","G/G",NA,"A/T","C/T","C/C","A/A","TC/TT","GC/GC","C/C","G/G","C/G","C/T","C/C",NA,"A/A","G/G","C/C","A/A","A/G","AT/AT","C/C","G/G",NA,"C/C","A/T","C/T","G/T","G/T","A/G","C/C","AT/TT","G/T","G/T","C/C","A/A","A/A","C/T","G/G","A/A","T/T","T/T","C/C","A/A","C/C"
"134","z0076701","A/G","A/A","CG/CG","CG/CG","A/G","G/G","A/G","A/G","GG/GG",NA,"AG/AG","CA/TA","CC/CT","CG/CG","A/A",NA,"AG/CG","A/A","C/C",NA,"GG/TG","CT/TA","C/T","AC/AC","AC/GC","G/G","A/A","T/T","C/T","GG/GG","CT/TC","G/T","A/A","C/C","A/A","G/G","C/C","GA/TG","T/T","G/G","C/T","C/C","G/G","CA/CA","C/C",NA,"CT/CT","CC/TC","TAC/TGA","G/G","AT/GT","A/G","CA/CA","A/A","GG/GG","A/G","GA/GT","AG/AT","G/G",NA,"C/T","A/G","C/C","C/T","A/G","C/C","C/T","AA/GA","G/G","C/C","C/C","A/G","C/T","C/C","T/T","G/G","C/T","AA/AA","A/G","A/A","CG/CG","T/T","C/C","G/G","T/T","CC/TT","G/G","A/G","A/A","A/G","G/G","A/C","A/G","A/G","G/G","G/G","A/A","C/C","T/T","AGG/CTA","A/A",NA,"A/A","C/T","A/G","G/G","C/C","TC/TC","G/G","C/C","GC/GT","A/T","A/A","G/G","C/T","A/A","A/G","G/G","A/G",NA,"A/T","C/T","C/C","A/A","TT/TT","AG/AG","C/C","A/G","C/C","T/T","C/G",NA,"G/G","G/G","C/C","A/C","G/G","AA/AT","C/C","A/G","T/T","C/T","T/T","T/T","G/G","G/G","A/A","C/C","AT/TT","G/T","G/T","C/C",NA,"A/A","T/T","G/G","A/C","C/C","C/T","C/C","A/A","C/T"
"135","z0076711","G/G","A/G","CA/CA","CC/CG","A/G","A/G","A/G","A/A",NA,"C/C","AG/AG","CA/TA","CT/TC","CG/CG","A/A","CT/GT","AA/AG","G/G","C/T","C/C","TG/TG","CT/CT","C/T","AC/AC","GC/GC","G/G","A/A","T/T","C/T","GG/GG","CT/TT","G/T","A/A","C/C","A/A","C/G","C/C","TA/TG","T/T","G/G","C/C","C/C","G/G",NA,"C/C","TT/TT","CT/CT","TC/TC","TAA/TAC","G/G","GT/GT","A/G","CA/CA","A/G","GG/TC","G/G","AA/GA","AG/AT","G/G","C/T","C/T","A/A","C/C","T/T","A/G","G/G","C/T","AA/GA","G/G","C/C","C/C","A/G","C/C","C/C","T/T","G/G","C/T","AA/AA","A/G","A/A","CG/TG","T/T","C/C","A/G","T/T","CC/CC","A/A","A/G","A/A","A/G","G/G","C/C","G/G","A/A","G/G","C/C","A/A","C/C","C/T","AGG/AGG","A/A",NA,"A/A","C/T","A/G",NA,"C/C","TC/TC","G/G","T/T","GT/GT","A/T","A/A","G/G","C/T","A/T","A/A","G/G","G/G","A/A","T/T","T/T","C/C","A/A","TT/TT","AG/AG","C/T","A/G","G/G","C/T","C/C",NA,"G/G","G/G","C/T","A/C","A/A","AT/AT","C/C","A/G",NA,"C/C","T/T","C/C","G/T","T/T","A/G","C/C","AT/TT","G/T","G/T","C/T","A/A","A/T","C/T","A/A","A/C","T/T","T/T","C/C","A/A","C/T"
"136","z0134061",NA,NA,"AG/AG","TC/TC","A/G","G/G","G/G","A/A",NA,NA,"CA/CG",NA,"CT/CT",NA,"A/G",NA,"AG/AG",NA,"C/T",NA,"TG/TG","CT/CT","C/T",NA,"GC/GC",NA,"A/G",NA,"C/C",NA,NA,"G/G",NA,"C/C",NA,"C/C",NA,"TA/TA","T/T","G/G","C/C","C/C","A/G",NA,"C/C",NA,"CG/TT","CC/TC","TAA/TAC",NA,"GC/GT","A/G","CA/CA","A/A","GG/TC","G/G","GA/GT","AT/AT","G/G","T/T","T/T","A/A","C/C","C/T","G/G","C/G","C/T","AA/GA","G/G","T/T",NA,"A/A","C/C","C/T","T/T",NA,"C/T","AA/CG","A/G","A/A","CA/CG","C/T","C/T","A/G","T/T","CC/CC","A/A","A/G","A/A","A/G","G/G",NA,"G/G","A/G","A/G","G/G",NA,"C/C",NA,"CTA/CTA","A/A","A/T",NA,"T/T","G/G","T/T","C/T","TC/TC","G/G","C/T","GC/GT","T/T","A/A","G/G","C/C","A/T","A/G",NA,"G/G","A/A","A/T","C/T","C/C","A/A","CC/TC","GC/GC","C/C","G/G","C/G","C/C","C/G","C/T","A/A","G/G",NA,"A/C","A/G","AT/GT","C/C","G/G",NA,NA,"T/T","C/T","G/T",NA,"A/G","C/T","AT/TT","G/G","T/T","C/T","A/A","A/T","C/C","G/G","C/C","T/T","T/T","A/C","A/G","C/T"
"137","z0076703",NA,"A/G","CA/CG","CC/TC","A/G","G/G","A/A","A/A",NA,NA,"AG/AG","CC/TA","CT/CT","CC/CG","A/A",NA,"AG/AG","G/G","C/C",NA,"GA/GA","CT/CT","C/C","AC/CT",NA,"G/G","A/A","C/T","T/T","GA/GG","TC/TT","G/G","G/G","C/C","A/A","G/G",NA,"GA/TG","T/T","G/G","C/T","C/C","G/G",NA,"C/C",NA,"CT/TT","TC/TC","TAC/TGA","G/G","AT/GT","A/G","CA/CC","A/A","GG/TG","G/G","GA/GT","AG/AT","G/G","C/T","C/C","A/A","C/C","T/T","G/G","C/G","C/C","GA/GA","A/G","C/T","C/T","G/G","C/T","C/T","T/T","G/G","C/T","AA/CG","A/G","A/A","CA/TG","C/T","C/C","A/G","T/T","CC/CC","G/G","G/G","A/A","A/G","G/G","A/C","G/G","A/G","A/G","C/G","A/A","C/C","C/T","CTA/CTA","A/A",NA,"A/C","C/T","A/G","G/T","C/C","TC/TC",NA,"C/C","GC/GT","T/T","A/A","G/G","C/C","A/T","G/G","A/G","G/G","A/A","A/T","T/T","C/C","A/A","TC/TC","AG/GC","C/T","A/G","C/G","C/C","C/G",NA,"G/G","A/G","C/T","A/C","A/G","AA/AT","C/C","A/G",NA,"C/T","T/T","C/T","G/G","G/T","A/G","C/C","AT/AT","G/T","G/G","C/T","A/A","T/T","C/T","G/G","A/C","T/T","C/T","C/C","A/A","C/T"
"138","z0062737",NA,"A/G","AG/CG","CG/TC","A/A","G/G","A/G","A/A","GA/GA",NA,"AG/CG","CC/TA","TC/TC","CG/TG","A/G",NA,"AG/CG","A/A","C/C",NA,"GA/TG","CT/CT","C/C","AT/CT","GC/GC","G/G","G/G","T/T","C/T","GG/GG","CT/TT","G/G","G/G","C/C","A/A","C/G",NA,"TA/TG","C/T","A/G","C/C","C/C","G/G","AA/CA","C/T","TT/TT","CT/TT","TC/TC","TAA/TAC","G/G","GT/GT","A/G","CA/CA","A/A","GC/TC","G/G","GT/GT","AT/AT","G/G",NA,"C/C","A/G","C/C","T/T","G/G","C/C","T/T","GA/GT","G/G","C/T","C/T","A/G","C/T","C/C","C/T","C/C","C/C","AA/AA","A/G","A/A","CA/TG","C/C","C/C","A/G","T/T","CC/CC","G/G","G/G","A/G","A/G","G/G","A/C","A/G","G/G","A/G","C/G","A/A","C/C","C/T","CTA/CTA","A/A",NA,"A/A","C/T","G/G",NA,"C/C","TC/TC","G/G","C/T","GT/GT","T/T","A/A","G/G","C/T","A/A","A/A","A/G","G/G","A/C","T/T","C/T","A/C","A/C","CC/TT","AG/GC","C/T","A/A","C/C","C/T","C/G","C/C","A/G","G/G","C/C","A/A","A/A","AT/AT","A/C","G/G","G/T","C/T","T/T","T/T","G/T","G/G","A/G","C/C","AT/TT","T/T","T/T","C/C","A/A","T/T","T/T","G/G","C/C","T/T","C/T","A/C","A/A","C/C"
"139","z0062681","G/G","A/A","AG/CG","CG/TC","A/G","G/G","A/G","A/A","GA/GG","C/C","CA/CG","TA/TA","CT/TC","CC/TG","A/A","GC/GT","AG/CG","G/G","C/T","C/G","GA/TG","CT/TA","T/T","AC/AT","AC/GC","G/G","A/A","T/T","T/T","GG/GG","TT/TT","G/G","G/G","C/T","A/A","C/G","C/C","TA/TG","T/T","G/G","C/C","C/T","G/G","CA/CA","C/C","AT/TT","TT/TT","TC/TC","TAC/TGA","G/G","AT/GC","A/G","CA/CC","A/A","GC/TC","A/G","GA/GT","AG/AT","G/G","C/T","C/C","A/G","C/C","T/T","A/G","C/G","C/T","GA/GT","A/G","C/T","C/C","G/G","C/T","C/T","T/T","G/G","C/C","CG/CG","G/G","A/G","CG/TG","C/T","C/C","G/G","T/T",NA,"A/A","G/G","A/A","G/G","G/G","A/A","G/G","A/G","G/G","C/G","A/A","C/T","C/T","CTA/CTA","A/A",NA,"A/A","C/T","G/G",NA,"C/C","TC/TC","G/G","C/T","GT/GT","T/T","A/A","G/G","C/T","A/A","A/G","G/G","G/G","A/A","A/T","T/T","A/C","A/C","CC/TT","AG/AG","C/C","A/G","C/C","C/T","C/C","T/T","A/A","G/G","C/T","A/A","G/G","AT/AT","A/C","G/G","T/T","T/T","T/T","C/C","G/G","G/G","A/G","C/C","AT/TT","G/T","T/T","C/C",NA,"A/A","C/T","A/G","C/C","T/T","T/T","C/C","A/G","C/T"
"140","z0102616","A/A","A/A","CA/CG","CC/CG","G/G","A/G","A/G","A/G","GG/GG","C/T","CA/CA","TA/TA","CC/CT","CG/CG","A/G","CT/GT","AG/AG","G/G","C/C","C/G","GA/GA","CT/CT","T/T","AC/AC","GC/GG","G/G","A/A","C/C","T/T","GG/GG","CT/TC","G/T","G/G","C/C","A/C","G/G","A/C","TA/TA","T/T","G/G","C/T","C/T","A/A","AG/CA","C/C","AC/AT","CT/TT","CC/TC","TAA/TGA","G/G","AT/GT","G/G","CA/CC","A/A","GG/TG","G/G","GA/GT","AG/AT","G/G",NA,"C/C","A/A","G/G","T/T","A/G","G/G","C/C","GA/GT","G/G","C/T","C/T","A/G","C/T","C/T","T/T","C/C","C/C","AA/CG","G/G","A/A","CA/TG","T/T","T/T","A/G","T/T",NA,"A/G","A/G","A/A","A/A","G/G","A/C","G/G","G/G","G/G","C/G","A/A","C/C","C/C","AGG/CTA","A/A",NA,"A/C","C/T","G/G","T/T","C/C","TC/TC","G/G","C/C","GC/GC","T/T","A/A","G/G","T/T","A/A","A/A","G/G","G/G","A/C","A/A","C/T","A/A","C/C","TC/TT","AG/AG","C/T","A/G","C/C","C/C","C/C",NA,"A/G","G/G","C/T","A/A","A/G","AT/AT","C/C","G/G","T/T","C/C","T/T","T/T","G/T","G/T","A/A","C/C","AT/TT","G/T","G/T","C/T","A/A","A/A","C/C","G/G","C/C","C/T",NA,"A/C","A/G","T/T"
"141","z0216927",NA,"A/A","CA/CA","CG/TC","A/G","G/G","A/G","A/G","GA/GG",NA,"CA/CG","TA/TA","CT/TC","CC/CG","A/A",NA,"AG/AG","G/G","C/C",NA,"GG/TG","CT/CT","C/C","AC/AC","AC/GC","G/G","A/A","C/T","C/T","GG/GG","CT/TC","G/G",NA,"C/C","A/A","C/G","C/C","TA/TA","C/T","G/G","C/C","T/T","A/G","CA/CA","C/T","AC/AC","TT/TT","TC/TC","TAC/TAC","G/G","GC/GT","A/A","CA/CA","A/A","GG/GG","A/G","AA/GA","AG/GT","G/G",NA,"C/C","A/G","C/C","C/T",NA,"C/G","T/T","GA/GA","A/G",NA,NA,"G/G","C/T","C/C","T/T","G/G","C/T","AA/AA","A/G","A/A","CA/CG","C/T","C/T","A/G","T/T",NA,"A/G","G/G","A/A","G/G","A/G","A/C",NA,NA,NA,"G/G",NA,"C/C","T/T","AGG/CTA","A/A",NA,"A/A","C/C","A/G",NA,"C/C","TC/TC",NA,NA,"GC/GT","A/T","A/A","G/G","C/C","A/A","A/G","A/G","A/G",NA,"A/T",NA,"C/C","A/A",NA,"AG/GC","C/C",NA,NA,"C/C","G/G",NA,NA,"G/G",NA,"C/C","G/G","AT/AT","C/C","A/G","T/T","T/T","T/T","C/T",NA,"G/G","G/G","C/C","AT/TT","G/T","G/T",NA,"A/A","A/A","T/T","G/G","A/A","T/T",NA,"A/C","A/A",NA
"142","z0076713",NA,"A/A","CA/CA","CC/CG","A/G","G/G","A/A","A/G","GA/GA",NA,"AG/CG","CC/TA","CT/TC","CG/CG","A/A",NA,"AA/AG","A/G","C/C","C/C","GA/TG","CT/CT","C/T","AC/AC","GC/GC","C/G","A/A","T/T","T/T","AG/GG","TT/TT","G/G","G/G","C/C","C/C","G/G",NA,"TA/TG","T/T","G/G","C/C","C/T","G/G",NA,"C/C",NA,"CT/TT","CC/TC","TAC/TAC","G/G","AT/GT","G/G","CA/CA","A/G","GG/GG","A/G","GA/GT","AT/GT","A/G",NA,"C/T","A/A","C/C","C/T","G/G","C/C","T/T","AA/GA","A/G","C/T","C/C","G/G","C/T","C/T","C/T","G/G","T/T","AA/AA","A/G","A/A","CG/TG","C/T","C/C","G/G","C/T","CC/CC","A/G","A/G","A/A","G/G","G/G","A/C","A/G","A/G","G/G","G/G","A/A","C/C","T/T","CTA/CTA","A/C",NA,"A/C","C/T","G/G",NA,"C/T","TC/TT",NA,"C/C","AC/GT","T/T","A/A","G/G","C/T","A/T","A/A","G/G","A/G","A/A","A/T","T/T","A/C","A/C","TC/TC","GC/GC","C/T","G/G","C/C","C/T","G/G",NA,"A/A","G/G","C/C","A/C","G/G","AT/AT","C/C","A/G",NA,"C/T","T/T","C/T","G/T","G/G","A/A","C/C","AT/TT","T/T","T/T","C/T",NA,"A/T","T/T","G/G","A/C","C/T","T/T","A/C","A/G","C/T"
"143","z0216926",NA,NA,"CA/CG","CC/TC","A/A","G/G","A/G","A/A",NA,NA,"CA/CA","CC/TA","TC/TC","CC/CC","A/A",NA,"AA/CG",NA,"C/C","C/C","GA/GG","CT/TA","T/T","AC/AT","GC/GC","G/G","A/A",NA,"C/T","GG/GG",NA,"G/T",NA,"C/C","A/A","C/G","C/C","GA/TG","T/T","G/G","C/T","C/T","G/G",NA,NA,NA,"TT/TT","TC/TC","TAC/TGA","G/G","AT/GT","A/A","CA/CC","A/G","GG/GG","G/G","GA/GA","AG/AT","A/G",NA,"C/C","A/G","C/C","T/T","G/G","G/G","C/T","GA/GT","G/G",NA,NA,"A/G","C/C","C/C","T/T","G/G",NA,"AA/CG","G/G","A/A","CG/CG","T/T","C/T","A/G","T/T",NA,"G/G","A/A","A/A","A/G","A/G",NA,NA,NA,NA,"G/G",NA,"C/T","C/T","AGG/CTA","A/C",NA,"A/A","T/T","G/G",NA,NA,"TT/TT",NA,NA,"AC/GT","T/T","A/A","G/G","C/C","A/A",NA,NA,"G/G",NA,"A/A",NA,"A/C","A/A",NA,"AG/GC","C/C",NA,NA,"C/T","C/G",NA,NA,"G/G",NA,"A/A","G/G","AA/AT","A/C","G/G","G/T","C/T",NA,"C/C","T/T","G/G","A/G",NA,"AT/AT","T/T","G/T",NA,"A/A","A/T","T/T","A/G","A/C","T/T",NA,"A/C",NA,"C/T"
"144","z0216907",NA,NA,"AG/CA","CG/TC","A/G","A/G","A/A","G/G",NA,NA,"CA/CG","CA/TA","CT/TC","CC/TG","A/G",NA,"AG/CG",NA,"C/C",NA,NA,"CT/CT","C/C",NA,"GC/GG","G/G","A/G",NA,"C/T",NA,NA,"G/G","A/G","C/C","A/C","C/C",NA,"GA/TA","C/T","G/G","C/C","C/C","G/G",NA,"C/C",NA,"CG/TT","TC/TC","TAA/TAC","G/G","GT/GT","A/G","CA/CA","A/A","GG/TC",NA,"GT/GT","AG/GT","A/G",NA,"C/T","A/G","C/G","C/C","G/G","G/G","C/T","GA/GA","A/G",NA,NA,"A/G","C/C","T/T","T/T","G/G","C/C","AA/CG","A/G","A/G","CA/CG","T/T","C/C","G/G","T/T",NA,"G/G","G/G","A/G","A/G","G/G",NA,NA,NA,"G/G","G/G",NA,"C/C",NA,"CTA/CTA","A/C",NA,NA,"C/C","A/G",NA,NA,"TC/TC",NA,NA,"GT/GT","A/T","A/G","A/G","C/C","A/A","A/G",NA,"G/G",NA,"A/T",NA,"C/C","A/A",NA,NA,"C/C",NA,NA,"C/T","G/G",NA,NA,"G/G",NA,"A/A","G/G","AA/AT","C/C","A/G","T/T",NA,"T/T","C/T","G/T","G/G","A/A","C/C","AT/AT","G/T","T/T","C/T","A/G","A/T","C/C","A/G","A/C","C/T",NA,"C/C","A/G",NA
