"Locus.1","Locus.2","p.val.Bird's Head-Summer_adj","p.val.Bird's Head-Winter_adj","p.val.HaevoSI-Summer_adj","p.val.HaevoSI-Winter_adj","p.val.In-water, CA_adj","p.val.In-water, Indonesia_adj","p.val.IsabelSI-South_adj","p.val.Malaysia_adj","p.val.PNG_adj","num.sig.adj.p"
"Dc36767","locus280",0.026472,1,NA,NA,1,NA,0.026472,NA,NA,2
"locus013","locus096",0.902748,0.145056,NA,NA,0.902748,1,0.044424,NA,0.044424,2
"locus035","locus189",0.031744,0.744414,1,NA,0.744414,NA,0.0086,NA,NA,2
"locus058","locus191",0.0406,0.861972,NA,NA,0.861972,NA,0.0406,NA,NA,2
"locus139","locus140",0,0.249264,1,NA,0.085872,NA,0,NA,NA,2
"Dc00544","Dc36571",0.778848,1,NA,NA,1,NA,0.036184,NA,NA,1
"Dc00544","Dc36616",0.01754,1,NA,1,1,NA,0.639904,NA,NA,1
"Dc00544","Dc49184",1,1,NA,1,1,NA,0.04881,NA,NA,1
"Dc00544","locus134",0.905286,1,NA,NA,0.038384,NA,0.905286,NA,NA,1
"Dc00544","locus237",0.472578,1,NA,NA,1,NA,0.04316,NA,NA,1
"Dc00544","locus349",0.04132,1,NA,NA,1,NA,1,NA,NA,1
"Dc01018","Dc14022",0.048,1,1,NA,1,NA,1,NA,1,1
"Dc01018","Dc46984",0.02232,1,NA,NA,1,NA,1,NA,1,1
"Dc01018","locus129",0.047928,1,NA,NA,1,NA,1,NA,NA,1
"Dc01018","locus255",0.037056,0.486044,NA,NA,0.096224,NA,NA,NA,NA,1
"Dc01661","locus076",0.336032,1,NA,NA,1,NA,1,NA,0.01021,1
"Dc01661","locus151",0.4899,1,NA,NA,0.340002,NA,0.039792,NA,NA,1
"Dc01661","locus237",0.671718,0.717068,NA,NA,0.717068,NA,0.007088,NA,NA,1
"Dc01661","locus301",0.017688,0.549426,NA,NA,1,NA,1,NA,NA,1
"Dc01707","locus045",1,1,NA,1,1,1,0.011116,NA,1,1
"Dc01707","locus060",0.996116,0.571072,NA,NA,0.942336,NA,0.02038,NA,0.996116,1
"Dc01707","locus161",1,0.9922,NA,NA,1,1,0.02241,NA,NA,1
"Dc01784","Dc05864",1,1,NA,NA,1,NA,0.02467,NA,1,1
"Dc01784","Dc27955",1,1,NA,NA,1,NA,0.03365,NA,1,1
"Dc01784","locus038",0.0484,1,NA,NA,1,NA,1,NA,1,1
"Dc01784","locus186",0.026432,1,NA,NA,1,NA,1,NA,NA,1
"Dc01784","locus256",0.01127,1,NA,NA,1,NA,1,1,NA,1
"Dc02951","Dc08463",0.0378,1,NA,NA,1,NA,1,1,1,1
"Dc02951","Dc47572",1,1,NA,NA,1,NA,0.01952,NA,1,1
"Dc02951","locus014",0.774536,1,NA,NA,1,NA,1,NA,0.02732,1
"Dc02951","locus076",0.829764,0.402798,NA,NA,0.380232,NA,0.402798,NA,0.04669,1
"Dc02951","locus110",1,1,NA,NA,NA,NA,0.002424,NA,0.651282,1
"Dc02951","locus202",0.04432,1,NA,NA,1,NA,1,NA,NA,1
"Dc02951","locus360",1,1,NA,NA,1,NA,0.017912,NA,NA,1
"Dc03456","Dc16747",1,1,NA,NA,1,NA,0.938568,NA,0.01469,1
"Dc03456","locus157",0.041384,1,NA,NA,1,NA,1,NA,NA,1
"Dc03556","Dc08054",0.0267,1,NA,NA,1,NA,1,1,1,1
"Dc03556","locus035",1,1,NA,NA,1,1,0.02191,1,1,1
"Dc03556","locus041",0.03903,0.28716,NA,NA,1,NA,1,NA,1,1
"Dc03556","locus048",0.40428,1,NA,NA,1,NA,0.034032,1,1,1
"Dc03556","locus100",1,1,NA,NA,1,NA,0.01775,NA,0.579584,1
"Dc03556","locus151",1,1,NA,NA,1,1,0.00071,NA,NA,1
"Dc03556","locus170",0.857424,1,NA,NA,1,NA,0.03388,NA,NA,1
"Dc03556","locus188",0.03942,1,NA,1,1,1,0.275,NA,NA,1
"Dc03556","locus195",1,1,NA,NA,1,NA,0.02564,NA,NA,1
"Dc05864","Dc08054",0.02392,0.878332,NA,NA,1,NA,0.40856,NA,0.40856,1
"Dc05864","Dc22883",0.73357,1,1,NA,1,NA,0.003384,NA,1,1
"Dc05864","locus129",0.03944,1,NA,NA,1,NA,0.085776,NA,NA,1
"Dc05864","locus239",0.040888,0.74472,NA,NA,0.74472,NA,0.74472,NA,NA,1
"Dc06503","locus041",1,1,1,1,1,NA,0.043776,NA,NA,1
"Dc07300","Dc48207",0.029778,1,1,NA,1,1,1,NA,1,1
"Dc07300","locus055",1,1,NA,NA,1,NA,0.01937,NA,0.929696,1
"Dc07300","locus263",0.02502,1,NA,1,1,NA,1,NA,NA,1
"Dc07300","locus359",0.013232,0.645702,NA,NA,1,NA,0.859264,NA,NA,1
"Dc07937","locus047",0.275946,1,NA,NA,0.227488,NA,1,NA,0.00276,1
"Dc07937","locus098",0.02829,1,NA,NA,1,NA,1,NA,1,1
"Dc07937","locus292",0.021152,1,NA,NA,1,NA,1,NA,NA,1
"Dc08054","locus083",0.00859,1,NA,NA,1,NA,1,NA,1,1
"Dc08054","locus137",1,1,NA,NA,1,NA,0.027704,NA,NA,1
"Dc08054","locus139",0.04054,1,1,NA,0.572088,NA,1,NA,NA,1
"Dc08054","locus140",0.046692,1,1,NA,0.71478,NA,1,1,NA,1
"Dc08189","Dc14945",0.03003,1,NA,NA,1,NA,0.505456,NA,1,1
"Dc08189","Dc31007",1,1,1,NA,1,NA,0.04166,NA,NA,1
"Dc08189","locus013",0.771582,1,NA,NA,1,NA,0.219776,NA,0.0388,1
"Dc08189","locus083",1,1,NA,NA,1,NA,0.01496,NA,1,1
"Dc08189","locus098",1,1,NA,NA,1,NA,0.026808,1,1,1
"Dc08189","locus130",0.239292,0.93114,NA,NA,0.93114,NA,0.02128,NA,NA,1
"Dc08189","locus137",0.82653,1,NA,NA,1,NA,0.04952,NA,NA,1
"Dc08189","locus191",0.469416,0.913276,NA,NA,0.515304,NA,0.014936,NA,NA,1
"Dc08189","locus236",0.282308,0.915816,NA,NA,0.086316,NA,0.036784,NA,NA,1
"Dc08189","locus248",0.038256,1,NA,NA,1,NA,1,NA,NA,1
"Dc08463","Dc10003",1,1,NA,NA,1,NA,0.047168,NA,NA,1
"Dc08463","Dc11203",0.027336,1,NA,NA,1,1,1,NA,0.95687,1
"Dc08463","Dc14945",0.00895,1,NA,NA,1,NA,0.73968,NA,1,1
"Dc08463","locus146",0.00582,1,NA,1,1,NA,1,NA,NA,1
"Dc08463","locus248",1,1,NA,NA,1,NA,0.0406,NA,NA,1
"Dc08463","locus292",1,1,NA,NA,1,NA,0.036264,NA,NA,1
"Dc08578","locus006",1,1,NA,NA,1,NA,0.037584,NA,NA,1
"Dc08578","locus055",0.014328,1,NA,NA,0.970888,NA,0.528762,NA,NA,1
"Dc08578","locus065",1,1,NA,NA,0.864486,NA,0.036976,NA,NA,1
"Dc08865","Dc62188",1,1,NA,1,1,NA,1,NA,0.006564,1
"Dc08865","locus058",1,0.9952,NA,NA,1,NA,0.03433,NA,1,1
"Dc08865","locus157",1,1,NA,1,1,NA,0.00139,NA,NA,1
"Dc08865","locus170",0.353022,1,NA,NA,1,NA,0.03404,NA,NA,1
"Dc08865","locus235",0.882936,1,NA,NA,1,NA,0.03184,NA,NA,1
"Dc08865","locus280",0.251184,0.98154,NA,NA,0.04684,NA,0.98154,0.98154,NA,1
"Dc08865","locus329",0.946968,1,NA,NA,1,NA,0.02504,NA,NA,1
"Dc10003","locus332",0.290022,1,NA,NA,1,NA,0.0218,NA,NA,1
"Dc10390","locus065",0.01306,1,NA,NA,0.571164,NA,0.19412,NA,0.503472,1
"Dc10390","locus088",0.15544,1,NA,NA,0.429432,NA,0.03894,NA,1,1
"Dc10390","locus280",1,1,NA,NA,1,NA,0.01876,1,NA,1
"Dc10878","locus202",1,0.994614,NA,NA,0.994614,NA,0.049576,NA,NA,1
"Dc10885","locus014",0.03951,1,NA,NA,1,NA,1,NA,1,1
"Dc10885","locus045",0.02011,1,NA,NA,1,NA,0.101904,NA,1,1
"Dc10885","locus058",0.00684,1,NA,NA,1,NA,1,NA,1,1
"Dc10885","locus170",1,1,1,NA,1,NA,0.03522,NA,NA,1
"Dc11203","locus076",0.01449,1,1,NA,1,1,1,NA,1,1
"Dc11203","locus128",1,1,NA,NA,1,NA,0.035088,NA,NA,1
"Dc11714","Dc13592",1,1,1,NA,1,NA,0.006036,NA,1,1
"Dc11714","Dc36571",0.038196,1,NA,1,1,NA,1,NA,1,1
"Dc11714","Dc40235",1,1,1,NA,1,NA,0.022812,NA,1,1
"Dc11714","Dc58248",1,1,NA,NA,1,NA,0.00036,NA,1,1
"Dc11714","locus022",0.04182,1,NA,NA,1,NA,0.127336,NA,1,1
"Dc13159","Dc36767",1,1,1,NA,1,NA,0.00337,NA,NA,1
"Dc13159","locus058",0.03431,1,NA,NA,1,NA,1,NA,1,1
"Dc13159","locus349",0.00898,1,1,NA,1,NA,1,NA,NA,1
"Dc13592","locus003",0.659968,0.802482,NA,NA,1,NA,0.00104,NA,0.802482,1
"Dc13592","locus189",1,0.998776,1,NA,1,NA,0.03049,NA,NA,1
"Dc13592","locus321",0.026628,1,NA,1,1,NA,1,1,NA,1
"Dc14022","locus292",0.003376,1,NA,NA,1,NA,1,NA,NA,1
"Dc14945","Dc22883",0.03087,1,NA,NA,1,NA,1,NA,1,1
"Dc14945","locus321",0.017592,1,NA,1,1,NA,0.86972,1,NA,1
"Dc18951","locus003",0.03833,0.571616,NA,NA,1,NA,0.9305,NA,0.571616,1
"Dc18951","locus053",0.048876,1,NA,1,1,NA,1,NA,1,1
"Dc18951","locus157",0.485238,0.854776,NA,NA,0.854776,NA,0.034224,NA,NA,1
"Dc18951","locus215",0.922016,1,1,NA,1,NA,0.01174,NA,NA,1
"Dc22883","Dc33714",1,1,NA,NA,1,NA,0.904368,NA,0.01562,1
"Dc22883","Dc51020",0.03964,1,NA,NA,1,NA,0.745248,NA,1,1
"Dc22883","locus056",1,1,NA,NA,1,NA,0.00949,NA,1,1
"Dc22883","locus129",0.96198,0.334344,NA,NA,1,NA,0.049056,NA,NA,1
"Dc22887","locus003",0.503224,0.929516,NA,NA,0.929516,NA,0.88122,NA,0.01785,1
"Dc22887","locus004",1,1,NA,NA,1,NA,0.0228,NA,1,1
"Dc22887","locus061",1,1,NA,NA,1,NA,0.01084,NA,1,1
"Dc22887","locus239",1,1,NA,NA,0.429714,NA,0.021872,NA,NA,1
"Dc27955","locus003",1,1,NA,NA,1,NA,0.0219,NA,1,1
"Dc27955","locus013",0.027744,1,NA,NA,1,1,1,NA,1,1
"Dc27955","locus148",0.038216,1,NA,NA,1,NA,1,NA,NA,1
"Dc27955","locus215",0.953844,0.953844,NA,NA,1,NA,0.032424,NA,NA,1
"Dc27955","locus359",1,1,NA,NA,1,NA,0.029376,NA,NA,1
"Dc28124","Dc41234",0.0319,1,NA,NA,1,NA,1,NA,1,1
"Dc28124","locus027",0.01308,0.857904,NA,NA,0.4596,NA,0.4596,NA,1,1
"Dc28124","locus148",1,1,NA,NA,1,NA,0.012936,NA,NA,1
"Dc28124","locus239",1,1,NA,NA,1,NA,0.015768,NA,NA,1
"Dc28776","locus041",0.026088,0.998296,NA,0.9955,1,NA,1,NA,1,1
"Dc28776","locus074",0.099064,1,NA,NA,0.863124,NA,0.313926,NA,0.01228,1
"Dc28776","locus202",0.013072,1,NA,NA,1,NA,1,NA,NA,1
"Dc28776","locus292",1,1,NA,NA,1,NA,0.019984,NA,NA,1
"Dc33714","Dc51020",0.068064,0.572556,NA,NA,1,NA,0.04581,NA,0.068064,1
"Dc33714","locus039",1,1,NA,NA,1,1,0.026928,NA,0.53341,1
"Dc33907","locus038",1,0.99716,NA,NA,1,NA,0.04403,NA,1,1
"Dc33907","locus047",0.015456,1,NA,NA,0.858024,1,0.858024,1,1,1
"Dc33907","locus146",1,1,NA,1,1,NA,0.01053,NA,NA,1
"Dc33907","locus190",1,1,1,NA,1,NA,0.01494,NA,NA,1
"Dc34902","locus137",1,1,NA,NA,1,NA,0.043696,NA,NA,1
"Dc35779","Dc55481",0.014748,1,NA,NA,1,NA,1,1,1,1
"Dc35779","locus296",0.873156,1,NA,NA,1,NA,0.045456,NA,NA,1
"Dc36571","locus065",0.55468,0.709104,NA,NA,1,NA,0.00625,NA,0.907076,1
"Dc36571","locus110",0.02889,1,NA,NA,NA,NA,0.33776,NA,NA,1
"Dc36571","locus137",1,1,NA,NA,1,NA,0.025712,NA,NA,1
"Dc36571","locus282",0.022024,0.676328,NA,NA,0.145674,NA,0.676328,NA,NA,1
"Dc36616","Dc41234",1,1,NA,NA,1,NA,0.00821,NA,1,1
"Dc36616","locus098",0.193544,1,NA,NA,1,NA,0.03357,NA,1,1
"Dc36616","locus282",0.563136,1,NA,NA,1,1,0.03537,NA,NA,1
"Dc36616","locus360",0.440352,0.849256,NA,NA,0.849256,NA,0.001504,NA,NA,1
"Dc36767","locus157",1,1,NA,1,1,NA,0.04157,NA,NA,1
"Dc40235","locus137",1,1,NA,NA,1,NA,0.0306,NA,NA,1
"Dc41234","Dc49080",0.020832,0.163,NA,1,0.277512,NA,0.439668,NA,1,1
"Dc46984","locus129",0.86748,0.86748,NA,NA,0.431934,NA,0.046232,NA,NA,1
"Dc46984","locus176",0.040456,1,NA,NA,1,NA,1,NA,NA,1
"Dc47572","Dc48950",0.9692,1,NA,1,1,NA,0.034428,NA,1,1
"Dc47572","Dc49184",0.04314,1,NA,NA,1,NA,1,NA,1,1
"Dc47572","locus188",0.003744,1,NA,NA,1,NA,1,NA,NA,1
"Dc47572","locus239",0.042976,1,NA,NA,1,NA,1,NA,NA,1
"Dc47572","locus332",1,0.87297,NA,NA,1,NA,0.003968,NA,NA,1
"Dc47572","locus360",0.693552,0.92794,NA,NA,0.849016,NA,0.007352,NA,NA,1
"Dc47935","locus058",0.015696,1,1,NA,1,NA,1,NA,1,1
"Dc48950","Dc58248",1,1,NA,NA,1,NA,0.03582,NA,1,1
"Dc48950","locus058",0.04734,1,NA,NA,1,NA,1,NA,1,1
"Dc48950","locus329",0.028648,0.429956,NA,NA,0.741304,NA,0.119346,NA,NA,1
"Dc49184","locus006",1,1,NA,NA,1,NA,0.004296,1,1,1
"Dc49184","locus039",0.27544,0.27544,NA,NA,1,NA,0.02912,NA,1,1
"Dc49184","locus047",0.006612,1,NA,NA,1,NA,1,1,1,1
"Dc51020","locus065",0.03713,1,NA,NA,1,NA,1,NA,1,1
"Dc51020","locus358",0.00861,1,NA,1,0.11416,NA,0.674034,NA,NA,1
"Dc52523","locus013",0.885384,1,NA,NA,1,NA,0.03909,NA,0.467096,1
"Dc52523","locus093",0.019608,1,1,NA,1,NA,0.82202,NA,1,1
"Dc55481","Dc67011",1,1,NA,1,1,NA,0.016068,NA,1,1
"Dc55481","locus148",1,1,1,NA,1,NA,0.02121,NA,NA,1
"Dc55481","locus329",0.028592,1,NA,NA,1,NA,0.985584,NA,NA,1
"Dc62188","locus003",0.562966,0.391572,NA,NA,0.05432,NA,0.03786,NA,0.183534,1
"Dc62188","locus022",0.01973,0.844072,NA,NA,1,NA,1,NA,1,1
"Dc62188","locus184",1,1,NA,NA,1,NA,0.020352,NA,NA,1
"Dc62188","locus186",0.018024,1,NA,NA,1,NA,1,NA,NA,1
"locus002","locus291",0.04352,1,NA,NA,1,NA,1,NA,NA,1
"locus003","locus184",1,1,NA,NA,1,NA,0.001432,NA,NA,1
"locus003","locus359",1,1,NA,NA,1,NA,0.009984,NA,NA,1
"locus004","locus088",1,0.998104,NA,NA,1,NA,1,NA,0.03461,1
"locus004","locus165",1,1,NA,NA,0.995592,NA,0.008952,NA,NA,1
"locus005","locus064",1,1,NA,NA,1,NA,0.02631,NA,1,1
"locus005","locus080",1,0.573224,NA,NA,1,NA,0.04628,NA,0.573224,1
"locus005","locus151",0.80277,1,NA,NA,1,NA,0.019656,NA,NA,1
"locus005","locus184",0.0256,1,NA,NA,1,NA,1,NA,NA,1
"locus005","locus188",0.015736,0.862128,NA,NA,0.862128,NA,0.862128,NA,NA,1
"locus006","locus074",1,1,NA,NA,1,NA,0.02755,NA,1,1
"locus006","locus100",1,1,NA,NA,1,NA,0.01043,NA,1,1
"locus006","locus128",0.000256,1,NA,NA,1,NA,1,NA,NA,1
"locus006","locus292",1,1,1,NA,1,NA,0.01679,NA,NA,1
"locus008","locus055",1,1,NA,NA,1,NA,0.00098,NA,1,1
"locus008","locus239",0.031712,1,NA,NA,1,NA,0.129798,NA,NA,1
"locus008","locus358",0.234584,0.425256,NA,1,1,NA,0.00771,NA,NA,1
"locus013","locus030",0.012576,1,NA,NA,0.33742,NA,1,1,1,1
"locus013","locus077",0.0457,1,NA,NA,1,NA,1,NA,1,1
"locus013","locus188",0.01394,1,1,NA,0.796592,NA,1,NA,NA,1
"locus014","locus027",0.01756,1,NA,NA,1,NA,1,NA,1,1
"locus014","locus128",1,1,NA,NA,1,NA,0.001168,NA,NA,1
"locus014","locus165",1,1,NA,NA,1,NA,0.00468,NA,NA,1
"locus014","locus191",0.021464,1,NA,NA,0.924888,NA,0.924888,NA,NA,1
"locus022","locus055",1,1,NA,NA,1,NA,1,NA,0.00452,1
"locus022","locus263",1,1,1,1,1,NA,0.045912,NA,NA,1
"locus024","locus157",0.997992,1,NA,NA,0.997992,NA,0.023424,NA,NA,1
"locus024","locus170",1,0.431214,NA,NA,1,NA,0.048248,NA,NA,1
"locus024","locus176",0.006408,1,NA,NA,0.088122,NA,1,NA,NA,1
"locus025","locus039",1,0.806082,NA,NA,1,NA,0.04784,NA,0.152792,1
"locus025","locus058",1,0.573968,NA,NA,1,NA,0.03956,NA,1,1
"locus025","locus116",0.043936,1,NA,NA,1,NA,1,NA,NA,1
"locus025","locus161",1,1,NA,NA,1,NA,0.03301,1,NA,1
"locus025","locus186",1,1,NA,NA,1,NA,0.043696,NA,NA,1
"locus025","locus314",0.02008,1,NA,NA,1,NA,1,NA,NA,1
"locus027","locus076",0.04874,1,NA,NA,1,NA,1,NA,1,1
"locus027","locus286",0.918882,1,NA,NA,1,NA,0.009712,NA,NA,1
"locus030","locus065",1,1,NA,NA,1,NA,0.03808,NA,1,1
"locus030","locus189",1,1,1,NA,0.04608,NA,1,NA,NA,1
"locus030","locus329",0.233592,0.457772,NA,NA,0.457772,NA,0.01228,NA,NA,1
"locus035","locus100",1,1,NA,NA,1,NA,0.01898,NA,0.279576,1
"locus035","locus151",1,1,NA,1,0.190944,NA,0.00341,NA,NA,1
"locus035","locus202",1,1,NA,NA,0.995904,NA,0.030552,NA,NA,1
"locus035","locus255",0.017508,1,NA,NA,1,NA,NA,NA,NA,1
"locus039","locus041",0.042,1,NA,1,1,NA,1,NA,1,1
"locus039","locus148",1,1,NA,NA,1,1,0.02862,NA,NA,1
"locus039","locus161",1,1,NA,NA,1,1,0.003912,0.71645,NA,1
"locus040","locus286",0.02926,1,NA,NA,1,1,1,NA,NA,1
"locus040","locus291",0.003248,1,NA,NA,1,NA,1,NA,NA,1
"locus041","locus202",0.017728,1,NA,NA,1,NA,1,NA,NA,1
"locus047","locus195",1,1,NA,NA,1,NA,0.034848,NA,NA,1
"locus048","locus058",0.03228,1,NA,NA,0.955304,NA,0.955304,NA,1,1
"locus048","locus100",1,1,NA,NA,1,NA,0.04421,NA,1,1
"locus056","locus060",1,1,NA,NA,1,NA,1,NA,0.02356,1
"locus056","locus135",0.016352,1,NA,NA,1,NA,0.881058,NA,NA,1
"locus056","locus301",1,1,1,NA,1,NA,0.04679,NA,NA,1
"locus058","locus148",0.048544,1,NA,NA,1,NA,1,NA,NA,1
"locus060","locus073",0.04118,1,NA,NA,1,NA,1,NA,1,1
"locus060","locus110",0.014718,1,NA,NA,NA,NA,0.710156,NA,NA,1
"locus062","locus100",1,1,NA,NA,0.920448,NA,0.0461,NA,1,1
"locus062","locus191",1,1,NA,NA,1,NA,0.045392,NA,NA,1
"locus064","locus264",0.02736,0.502568,NA,NA,0.427578,NA,0.502568,NA,NA,1
"locus065","locus359",0.496662,1,NA,NA,1,NA,0.014472,NA,NA,1
"locus073","locus146",1,1,NA,1,1,NA,0.04943,NA,NA,1
"locus074","locus080",1,1,NA,NA,1,NA,0.03248,NA,1,1
"locus076","locus116",0.010072,0.749844,NA,NA,1,NA,0.749844,NA,NA,1
"locus076","locus137",0.125244,0.67925,NA,NA,0.1905,NA,0.039176,NA,NA,1
"locus076","locus186",0.040048,1,NA,NA,1,NA,0.41082,NA,NA,1
"locus076","locus191",0.0033,1,1,NA,1,NA,0.269712,NA,NA,1
"locus080","locus137",1,0.103422,NA,NA,1,NA,0.048944,NA,NA,1
"locus080","locus184",1,0.428322,NA,NA,1,NA,0.037728,NA,NA,1
"locus080","locus248",0.028,1,NA,NA,1,NA,0.86384,1,NA,1
"locus080","locus349",0.02484,1,NA,NA,1,NA,1,NA,NA,1
"locus083","locus134",1,0.322872,NA,NA,1,NA,0.033096,NA,NA,1
"locus083","locus301",1,1,NA,NA,1,NA,0.028376,NA,NA,1
"locus096","locus146",1,1,NA,1,1,NA,0.02864,NA,NA,1
"locus096","locus202",1,1,NA,NA,1,NA,0.015104,NA,NA,1
"locus098","locus119",1,1,NA,NA,1,NA,0.040304,NA,NA,1
"locus098","locus215",0.037656,1,NA,NA,1,NA,1,NA,NA,1
"locus100","locus126",0.026784,1,NA,NA,1,NA,1,NA,NA,1
"locus100","locus323",0.087438,1,NA,NA,0.970144,NA,0.035008,NA,NA,1
"locus106","locus126",0.0248,1,NA,NA,1,NA,1,NA,NA,1
"locus106","locus151",0.79686,1,NA,NA,0.432972,NA,0.045416,NA,NA,1
"locus110","locus256",1,1,NA,NA,NA,NA,0.032844,NA,NA,1
"locus116","locus119",0.00784,0.789456,NA,NA,0.433632,NA,0.862314,NA,NA,1
"locus116","locus170",1,1,NA,NA,1,NA,0.03056,NA,NA,1
"locus119","locus256",0.01352,1,NA,1,1,NA,1,NA,NA,1
"locus126","locus236",1,0.427272,NA,NA,1,NA,0.046576,NA,NA,1
"locus126","locus274",0.251848,1,1,NA,1,NA,0.04464,NA,NA,1
"locus126","locus329",0.010992,0.691164,NA,NA,0.691164,NA,0.691164,NA,NA,1
"locus128","locus323",0.005592,1,NA,NA,0.855684,NA,0.68814,NA,NA,1
"locus129","locus184",1,1,NA,NA,1,NA,0.030448,NA,NA,1
"locus134","locus231",1,1,NA,NA,1,NA,0.034776,NA,NA,1
"locus134","locus274",0.019104,1,NA,NA,1,NA,1,NA,NA,1
"locus135","locus236",0.01224,1,NA,NA,1,NA,1,NA,NA,1
"locus146","locus184",0.042904,0.855716,NA,NA,0.855716,NA,0.113178,NA,NA,1
"locus146","locus202",0.156204,0.571076,NA,NA,0.618736,NA,0.047,NA,NA,1
"locus151","locus176",0.015952,0.859312,NA,NA,0.859312,NA,0.187296,NA,NA,1
"locus157","locus256",1,1,NA,1,1,NA,0.00087,NA,NA,1
"locus157","locus314",1,1,1,NA,1,NA,0.04634,NA,NA,1
"locus165","locus188",0.038656,0.852636,NA,NA,0.852636,NA,0.852636,NA,NA,1
"locus165","locus227",0.0081,1,1,NA,1,1,0.10524,NA,NA,1
"locus165","locus349",0.03856,1,NA,NA,0.201528,NA,1,NA,NA,1
"locus176","locus264",0.745854,0.745854,NA,NA,0.745854,NA,0.021216,NA,NA,1
"locus184","locus186",0,0.427502,NA,NA,0.390042,NA,0.390042,NA,NA,1
"locus186","locus195",0.040384,1,NA,NA,1,NA,1,NA,NA,1
"locus186","locus322",0.00888,1,NA,NA,1,NA,1,NA,NA,1
"locus186","locus329",0.014416,1,NA,NA,1,NA,1,NA,NA,1
"locus188","locus329",0.000304,0.998744,NA,NA,1,NA,0.099522,NA,NA,1
"locus189","locus202",1,1,NA,NA,1,NA,0.010144,NA,NA,1
"locus189","locus291",1,1,NA,NA,1,NA,0.009648,NA,NA,1
"locus190","locus192",0.041672,1,NA,NA,1,NA,1,NA,NA,1
"locus190","locus349",1,1,1,NA,1,NA,0.04322,NA,NA,1
"locus192","locus255",0.017298,1,NA,NA,1,NA,NA,NA,NA,1
"locus202","locus248",1,1,NA,NA,1,NA,0.04992,1,NA,1
"locus202","locus282",1,1,NA,NA,1,NA,0.009184,NA,NA,1
"locus215","locus360",0.03977,0.967392,1,NA,0.454096,NA,0.967392,NA,NA,1
"locus237","locus282",0.10353,0.358424,NA,NA,0.041576,NA,0.358424,NA,NA,1
"locus237","locus358",0.03755,1,NA,1,1,NA,1,NA,NA,1
"locus239","locus274",1,1,NA,NA,1,1,0.02796,NA,NA,1
"locus248","locus282",0.02892,1,NA,NA,0.42621,NA,1,NA,NA,1
"locus256","locus360",0.048464,1,NA,NA,1,NA,1,NA,NA,1
"locus282","locus291",0.437684,0.68007,NA,NA,0.14202,NA,0.046256,NA,NA,1
"locus282","locus360",1,1,NA,NA,1,NA,0.02456,NA,NA,1
"locus314","locus323",0.008664,1,NA,NA,0.431472,NA,1,NA,NA,1
"locus323","locus360",1,1,NA,NA,0.768504,NA,0.001472,NA,NA,1
"locus358","locus359",0.049232,1,NA,NA,1,NA,1,NA,NA,1
"Dc00544","Dc01018",1,1,1,1,1,NA,1,NA,NA,0
"Dc00544","Dc01661",1,1,1,NA,1,NA,1,NA,NA,0
"Dc00544","Dc01707",1,1,NA,NA,0.456016,NA,1,NA,NA,0
"Dc00544","Dc01784",1,1,NA,NA,0.457392,NA,1,NA,NA,0
"Dc00544","Dc02951",1,1,NA,NA,1,NA,1,NA,NA,0
"Dc00544","Dc03456",1,1,NA,NA,0.456528,NA,1,NA,NA,0
"Dc00544","Dc03556",1,0.56972,NA,NA,1,NA,1,NA,NA,0
"Dc00544","Dc05864",1,1,NA,NA,1,NA,1,NA,NA,0
"Dc00544","Dc06503",1,1,NA,NA,1,NA,1,NA,NA,0
"Dc00544","Dc07300",1,1,1,NA,1,NA,1,NA,NA,0
"Dc00544","Dc07937",1,1,NA,NA,1,NA,0.756392,NA,NA,0
"Dc00544","Dc08054",1,1,NA,NA,1,NA,1,NA,NA,0
"Dc00544","Dc08189",1,1,1,NA,1,NA,0.14372,NA,NA,0
"Dc00544","Dc08463",1,1,NA,NA,1,NA,1,NA,NA,0
"Dc00544","Dc08578",1,1,NA,NA,1,NA,0.654848,NA,NA,0
"Dc00544","Dc08865",1,1,NA,NA,1,NA,1,NA,NA,0
"Dc00544","Dc10003",1,1,NA,1,1,NA,0.87787,NA,NA,0
"Dc00544","Dc10390",1,1,NA,NA,1,NA,0.736144,NA,NA,0
"Dc00544","Dc10878",0.059712,1,NA,NA,0.427086,NA,1,NA,NA,0
"Dc00544","Dc10885",0.711512,1,NA,NA,1,NA,1,NA,NA,0
"Dc00544","Dc11203",0.51332,1,NA,NA,0.51332,NA,1,NA,NA,0
"Dc00544","Dc11714",1,1,NA,NA,1,NA,1,NA,NA,0
"Dc00544","Dc13159",1,1,NA,NA,1,NA,1,NA,NA,0
"Dc00544","Dc13592",1,1,NA,NA,1,NA,1,NA,NA,0
"Dc00544","Dc14022",1,1,1,NA,1,NA,1,NA,NA,0
"Dc00544","Dc14945",1,1,1,NA,1,NA,1,NA,NA,0
"Dc00544","Dc16747",0.347816,0.860556,NA,NA,0.860556,NA,0.860556,NA,NA,0
"Dc00544","Dc18951",1,1,NA,1,1,NA,0.67598,NA,NA,0
"Dc00544","Dc20232",1,1,NA,NA,1,NA,1,NA,NA,0
"Dc00544","Dc22883",1,1,NA,NA,1,NA,1,NA,NA,0
"Dc00544","Dc22887",1,1,NA,NA,1,NA,1,NA,NA,0
"Dc00544","Dc27955",1,0.23632,NA,1,0.458944,NA,1,NA,NA,0
"Dc00544","Dc28124",1,0.23866,NA,1,1,NA,1,NA,NA,0
"Dc00544","Dc28776",0.54328,1,NA,NA,1,NA,1,NA,NA,0
"Dc00544","Dc30071",1,1,NA,NA,0.556768,NA,0.919818,NA,NA,0
"Dc00544","Dc31007",1,1,NA,NA,1,NA,0.087904,NA,NA,0
"Dc00544","Dc33714",1,1,1,NA,1,NA,1,NA,NA,0
"Dc00544","Dc33907",0.270984,1,NA,NA,1,NA,1,NA,NA,0
"Dc00544","Dc34902",1,1,NA,NA,1,NA,0.403256,NA,NA,0
"Dc00544","Dc35779",1,1,NA,NA,1,NA,1,NA,NA,0
"Dc00544","Dc36767",0.265336,0.999708,NA,NA,0.93372,NA,0.999708,NA,NA,0
"Dc00544","Dc40235",0.826152,1,NA,NA,0.85338,NA,0.826152,NA,NA,0
"Dc00544","Dc41234",1,1,NA,NA,1,NA,1,NA,NA,0
"Dc00544","Dc46984",1,1,NA,NA,1,NA,0.252488,NA,NA,0
"Dc00544","Dc47572",0.937864,1,NA,NA,1,NA,0.937864,NA,NA,0
"Dc00544","Dc47935",1,1,NA,1,0.56831,NA,1,NA,NA,0
"Dc00544","Dc48207",1,1,1,NA,1,NA,1,NA,NA,0
"Dc00544","Dc48950",1,1,1,NA,1,NA,0.88188,NA,NA,0
"Dc00544","Dc49080",1,1,NA,1,1,NA,1,NA,NA,0
"Dc00544","Dc51020",0.560632,1,NA,NA,1,NA,1,NA,NA,0
"Dc00544","Dc52523",1,1,NA,NA,1,NA,1,NA,NA,0
"Dc00544","Dc55481",1,1,NA,NA,1,NA,1,NA,NA,0
"Dc00544","Dc58248",1,1,NA,NA,1,NA,0.993368,NA,NA,0
"Dc00544","Dc62188",0.532728,0.860336,NA,NA,0.69288,NA,0.860336,NA,NA,0
"Dc00544","Dc67011",1,1,NA,1,0.57898,NA,1,NA,NA,0
"Dc00544","locus002",1,1,NA,NA,1,NA,1,NA,NA,0
"Dc00544","locus003",1,1,NA,1,1,NA,1,NA,NA,0
"Dc00544","locus004",1,1,1,NA,1,NA,1,NA,NA,0
"Dc00544","locus005",1,1,NA,NA,1,NA,1,NA,NA,0
"Dc00544","locus006",0.84256,1,NA,NA,1,NA,1,NA,NA,0
"Dc00544","locus008",1,1,NA,NA,0.798456,NA,1,NA,NA,0
"Dc00544","locus013",1,1,NA,NA,1,NA,1,NA,NA,0
"Dc00544","locus014",0.483108,0.572832,NA,NA,1,NA,0.056848,NA,NA,0
"Dc00544","locus022",1,1,NA,NA,1,NA,1,NA,NA,0
"Dc00544","locus024",1,1,1,NA,1,NA,1,NA,NA,0
"Dc00544","locus025",1,1,NA,NA,1,NA,1,NA,NA,0
"Dc00544","locus027",0.577168,0.577168,NA,NA,1,NA,0.577168,NA,NA,0
"Dc00544","locus030",1,1,NA,1,1,NA,0.92462,NA,NA,0
"Dc00544","locus035",1,1,NA,NA,0.574432,NA,1,NA,NA,0
"Dc00544","locus038",1,1,1,NA,1,NA,1,NA,NA,0
"Dc00544","locus039",1,1,NA,NA,1,NA,1,NA,NA,0
"Dc00544","locus040",1,1,NA,NA,0.57836,NA,1,NA,NA,0
"Dc00544","locus041",0.884544,1,NA,NA,1,NA,0.884544,NA,NA,0
"Dc00544","locus045",1,1,NA,1,1,NA,1,NA,NA,0
"Dc00544","locus047",1,1,NA,NA,1,NA,1,NA,NA,0
"Dc00544","locus048",1,1,NA,NA,1,NA,1,NA,NA,0
"Dc00544","locus053",1,1,NA,NA,1,NA,1,NA,NA,0
"Dc00544","locus055",1,1,NA,NA,1,NA,1,NA,NA,0
"Dc00544","locus056",1,1,1,NA,1,NA,1,NA,NA,0
"Dc00544","locus058",1,1,NA,NA,1,NA,1,NA,NA,0
"Dc00544","locus060",0.481184,1,NA,NA,1,NA,0.481184,NA,NA,0
"Dc00544","locus061",0.738018,1,NA,NA,1,NA,0.699408,NA,NA,0
"Dc00544","locus062",1,1,NA,NA,1,NA,1,NA,NA,0
"Dc00544","locus064",1,1,NA,1,1,NA,0.84521,NA,NA,0
"Dc00544","locus065",0.89668,0.89668,NA,NA,0.89668,NA,0.89668,NA,NA,0
"Dc00544","locus073",1,1,NA,NA,1,NA,1,NA,NA,0
"Dc00544","locus074",1,1,NA,NA,0.266776,NA,1,NA,NA,0
"Dc00544","locus076",1,0.569136,NA,NA,1,NA,1,NA,NA,0
"Dc00544","locus077",1,1,NA,NA,1,NA,1,NA,NA,0
"Dc00544","locus080",0.479576,0.479576,NA,NA,0.479576,NA,0.479576,NA,NA,0
"Dc00544","locus083",0.25752,1,NA,NA,1,NA,1,NA,NA,0
"Dc00544","locus088",0.957144,1,NA,NA,1,NA,1,NA,NA,0
"Dc00544","locus093",1,1,1,NA,1,NA,1,NA,NA,0
"Dc00544","locus096",1,1,1,NA,1,NA,1,NA,NA,0
"Dc00544","locus098",1,1,NA,NA,1,NA,1,NA,NA,0
"Dc00544","locus100",1,1,NA,NA,0.775932,NA,0.67976,NA,NA,0
"Dc00544","locus106",0.671552,1,NA,NA,0.992508,NA,1,NA,NA,0
"Dc00544","locus110",0.800344,0.800344,NA,NA,NA,NA,0.29085,NA,NA,0
"Dc00544","locus116",0.91192,0.91192,NA,NA,1,NA,1,NA,NA,0
"Dc00544","locus119",1,1,NA,NA,1,NA,1,NA,NA,0
"Dc00544","locus120",1,1,NA,NA,1,NA,1,NA,NA,0
"Dc00544","locus126",0.560736,1,NA,NA,1,NA,1,NA,NA,0
"Dc00544","locus128",1,1,NA,NA,1,NA,0.868968,NA,NA,0
"Dc00544","locus129",1,1,NA,NA,1,NA,1,NA,NA,0
"Dc00544","locus130",1,1,NA,NA,1,NA,0.250208,NA,NA,0
"Dc00544","locus135",1,1,1,NA,1,NA,1,NA,NA,0
"Dc00544","locus137",1,0.377552,NA,NA,1,NA,1,NA,NA,0
"Dc00544","locus139",1,1,1,NA,1,NA,1,NA,NA,0
"Dc00544","locus140",1,1,1,NA,1,NA,1,NA,NA,0
"Dc00544","locus146",1,1,1,NA,1,NA,1,NA,NA,0
"Dc00544","locus148",1,1,NA,1,1,NA,0.23907,NA,NA,0
"Dc00544","locus151",1,1,NA,NA,1,NA,1,NA,NA,0
"Dc00544","locus157",1,1,NA,NA,1,NA,1,NA,NA,0
"Dc00544","locus161",1,1,NA,NA,1,NA,1,NA,NA,0
"Dc00544","locus165",1,1,NA,NA,1,NA,1,NA,NA,0
"Dc00544","locus170",0.390536,1,NA,NA,1,NA,1,NA,NA,0
"Dc00544","locus176",1,0.863868,NA,NA,0.268976,NA,1,NA,NA,0
"Dc00544","locus184",1,0.577968,NA,NA,1,NA,1,NA,NA,0
"Dc00544","locus186",1,0.858762,NA,NA,1,NA,0.6486,NA,NA,0
"Dc00544","locus188",1,1,NA,NA,1,NA,0.456944,NA,NA,0
"Dc00544","locus189",1,1,1,NA,1,NA,1,NA,NA,0
"Dc00544","locus190",1,1,1,NA,1,NA,1,NA,NA,0
"Dc00544","locus191",0.60842,1,1,NA,1,NA,1,NA,NA,0
"Dc00544","locus192",1,1,NA,NA,1,NA,1,NA,NA,0
"Dc00544","locus195",1,1,NA,NA,1,NA,0.749008,NA,NA,0
"Dc00544","locus202",1,1,NA,NA,1,NA,1,NA,NA,0
"Dc00544","locus210",1,1,NA,NA,1,NA,1,NA,NA,0
"Dc00544","locus215",1,1,NA,NA,1,NA,1,NA,NA,0
"Dc00544","locus227",1,1,1,NA,1,NA,1,NA,NA,0
"Dc00544","locus231",1,1,1,NA,1,NA,1,NA,NA,0
"Dc00544","locus235",1,1,NA,NA,1,NA,1,NA,NA,0
"Dc00544","locus236",0.396352,0.432768,NA,NA,1,NA,1,NA,NA,0
"Dc00544","locus239",1,1,NA,NA,1,NA,0.218152,NA,NA,0
"Dc00544","locus248",1,1,NA,NA,1,NA,1,NA,NA,0
"Dc00544","locus255",0.657942,0.657942,NA,NA,0.657942,NA,NA,NA,NA,0
"Dc00544","locus256",1,1,NA,NA,1,NA,1,NA,NA,0
"Dc00544","locus263",1,1,1,1,1,NA,1,NA,NA,0
"Dc00544","locus264",1,1,NA,1,1,NA,1,NA,NA,0
"Dc00544","locus274",0.428416,0.986778,NA,NA,1,NA,0.986778,NA,NA,0
"Dc00544","locus280",1,1,NA,NA,1,NA,0.367336,NA,NA,0
"Dc00544","locus282",1,1,NA,NA,1,NA,0.350872,NA,NA,0
"Dc00544","locus286",1,1,NA,NA,1,NA,1,NA,NA,0
"Dc00544","locus291",1,1,NA,NA,1,NA,1,NA,NA,0
"Dc00544","locus292",1,1,NA,NA,1,NA,1,NA,NA,0
"Dc00544","locus296",1,1,1,1,1,NA,1,NA,NA,0
"Dc00544","locus301",0.859936,0.566288,NA,NA,0.859936,NA,0.566288,NA,NA,0
"Dc00544","locus314",1,1,1,NA,0.7135,NA,1,NA,NA,0
"Dc00544","locus321",1,1,NA,NA,0.795016,NA,1,NA,NA,0
"Dc00544","locus322",1,1,NA,1,1,NA,1,NA,NA,0
"Dc00544","locus323",0.26793,1,NA,NA,0.115376,NA,0.304276,NA,NA,0
"Dc00544","locus329",1,1,NA,NA,1,NA,1,NA,NA,0
"Dc00544","locus332",1,1,NA,NA,1,NA,1,NA,NA,0
"Dc00544","locus358",1,1,NA,NA,1,NA,0.338752,NA,NA,0
"Dc00544","locus359",1,1,NA,NA,0.569528,NA,1,NA,NA,0
"Dc00544","locus360",1,1,NA,NA,0.273632,NA,0.610902,NA,NA,0
"Dc01018","Dc01661",1,1,NA,NA,1,1,1,1,1,0
"Dc01018","Dc01707",1,1,NA,NA,1,1,1,1,1,0
"Dc01018","Dc01784",0.350268,1,NA,NA,1,NA,1,1,1,0
"Dc01018","Dc02951",1,0.71469,NA,NA,1,NA,0.587388,1,0.799848,0
"Dc01018","Dc03456",1,1,NA,NA,1,NA,1,1,1,0
"Dc01018","Dc03556",1,1,NA,NA,1,NA,1,1,1,0
"Dc01018","Dc05864",1,0.29439,NA,NA,1,NA,1,NA,1,0
"Dc01018","Dc06503",1,1,NA,NA,1,NA,1,NA,NA,0
"Dc01018","Dc07300",1,0.172392,NA,NA,1,NA,0.94918,1,1,0
"Dc01018","Dc07937",0.41251,1,NA,1,1,NA,1,1,1,0
"Dc01018","Dc08054",1,0.123312,NA,NA,1,NA,1,1,1,0
"Dc01018","Dc08189",1,1,NA,NA,1,NA,1,1,1,0
"Dc01018","Dc08463",1,1,NA,NA,1,NA,1,1,1,0
"Dc01018","Dc08578",0.890968,1,NA,NA,1,NA,0.5318,1,NA,0
"Dc01018","Dc08865",1,1,NA,NA,1,NA,1,NA,1,0
"Dc01018","Dc10003",1,1,NA,1,1,NA,1,NA,NA,0
"Dc01018","Dc10390",1,1,NA,NA,1,NA,1,NA,1,0
"Dc01018","Dc10878",1,1,NA,NA,1,NA,1,NA,1,0
"Dc01018","Dc10885",0.58119,0.58119,NA,NA,1,NA,1,NA,1,0
"Dc01018","Dc11203",1,1,NA,NA,1,NA,1,NA,1,0
"Dc01018","Dc11714",0.77375,1,NA,NA,1,1,0.070872,NA,1,0
"Dc01018","Dc13159",1,1,NA,1,1,NA,1,NA,1,0
"Dc01018","Dc13592",1,1,NA,NA,1,NA,1,1,1,0
"Dc01018","Dc14945",1,1,NA,NA,1,NA,1,NA,1,0
"Dc01018","Dc16747",1,1,NA,NA,1,NA,0.49759,NA,1,0
"Dc01018","Dc18951",1,1,NA,1,1,NA,1,NA,1,0
"Dc01018","Dc20232",1,0.21696,NA,NA,1,1,1,NA,1,0
"Dc01018","Dc22883",1,1,1,NA,1,1,1,NA,1,0
"Dc01018","Dc22887",1,1,NA,NA,0.70619,NA,1,NA,1,0
"Dc01018","Dc27955",1,1,NA,1,1,NA,1,NA,1,0
"Dc01018","Dc28124",1,1,NA,1,1,NA,1,NA,1,0
"Dc01018","Dc28776",1,1,NA,NA,0.61374,NA,1,NA,1,0
"Dc01018","Dc30071",1,1,NA,NA,1,NA,1,NA,1,0
"Dc01018","Dc31007",0.579846,0.572968,NA,NA,1,NA,1,NA,NA,0
"Dc01018","Dc33714",1,1,NA,NA,0.681288,NA,1,1,1,0
"Dc01018","Dc33907",1,1,NA,NA,1,NA,1,1,1,0
"Dc01018","Dc34902",1,1,NA,NA,1,NA,1,NA,0.32914,0
"Dc01018","Dc35779",1,1,NA,NA,1,1,1,NA,1,0
"Dc01018","Dc36571",1,1,NA,NA,1,NA,1,NA,1,0
"Dc01018","Dc36616",1,1,NA,1,1,1,1,NA,1,0
"Dc01018","Dc36767",1,1,NA,NA,1,NA,1,NA,NA,0
"Dc01018","Dc40235",1,1,NA,NA,1,1,1,NA,1,0
"Dc01018","Dc41234",1,0.88347,NA,NA,1,NA,0.70019,NA,0.70019,0
"Dc01018","Dc47572",0.6266,1,NA,NA,1,NA,0.46843,NA,1,0
"Dc01018","Dc47935",1,1,NA,NA,1,NA,1,1,1,0
"Dc01018","Dc48207",1,1,1,NA,1,1,1,NA,1,0
"Dc01018","Dc48950",1,1,NA,NA,1,1,1,NA,1,0
"Dc01018","Dc49080",1,0.350424,1,1,0.61641,NA,0.09618,NA,0.632704,0
"Dc01018","Dc49184",1,1,NA,1,1,1,1,NA,1,0
"Dc01018","Dc51020",1,0.865296,1,NA,1,NA,1,NA,1,0
"Dc01018","Dc52523",1,1,NA,NA,1,NA,0.77642,NA,1,0
"Dc01018","Dc55481",1,1,NA,NA,1,NA,1,NA,1,0
"Dc01018","Dc58248",1,1,NA,NA,1,NA,1,NA,1,0
"Dc01018","Dc62188",1,1,1,NA,1,NA,1,NA,1,0
"Dc01018","Dc67011",1,1,NA,1,1,1,1,NA,1,0
"Dc01018","locus002",0.6762,1,NA,NA,0.806712,NA,1,NA,1,0
"Dc01018","locus003",1,0.995554,1,1,1,NA,1,NA,1,0
"Dc01018","locus004",1,1,1,NA,1,NA,1,NA,0.203136,0
"Dc01018","locus005",1,1,NA,NA,1,NA,1,NA,1,0
"Dc01018","locus006",1,1,NA,NA,1,NA,1,NA,1,0
"Dc01018","locus008",1,1,NA,NA,1,NA,1,1,1,0
"Dc01018","locus013",0.79792,1,NA,NA,1,NA,1,NA,1,0
"Dc01018","locus014",1,1,NA,NA,0.69882,NA,1,NA,1,0
"Dc01018","locus022",0.718776,0.653752,NA,NA,1,NA,1,NA,0.24594,0
"Dc01018","locus024",1,1,1,NA,1,NA,1,NA,1,0
"Dc01018","locus025",0.793312,0.804594,NA,NA,0.70475,NA,0.954004,NA,1,0
"Dc01018","locus027",1,1,NA,NA,1,NA,1,NA,1,0
"Dc01018","locus030",1,1,NA,1,1,1,1,NA,1,0
"Dc01018","locus035",1,1,NA,NA,1,1,1,1,1,0
"Dc01018","locus038",1,1,NA,NA,0.6915,1,1,NA,1,0
"Dc01018","locus039",1,1,NA,NA,1,NA,1,NA,1,0
"Dc01018","locus040",1,1,NA,NA,1,NA,1,NA,1,0
"Dc01018","locus041",1,1,NA,NA,1,NA,1,NA,0.53493,0
"Dc01018","locus045",1,0.436224,NA,1,1,NA,1,NA,1,0
"Dc01018","locus047",0.43509,1,NA,NA,0.802736,NA,1,NA,1,0
"Dc01018","locus048",0.564828,1,NA,NA,0.71349,NA,1,1,1,0
"Dc01018","locus053",1,1,NA,NA,0.521364,NA,1,1,1,0
"Dc01018","locus055",0.47456,1,NA,NA,0.77556,NA,1,NA,0.16657,0
"Dc01018","locus056",1,1,NA,NA,1,NA,1,NA,1,0
"Dc01018","locus058",0.39118,1,NA,NA,1,NA,1,NA,1,0
"Dc01018","locus060",1,1,NA,NA,1,NA,1,NA,1,0
"Dc01018","locus061",1,1,1,NA,1,NA,1,NA,1,0
"Dc01018","locus062",1,1,NA,NA,1,NA,0.1287,NA,1,0
"Dc01018","locus064",1,1,NA,1,1,1,1,1,1,0
"Dc01018","locus065",1,1,NA,NA,1,NA,1,NA,1,0
"Dc01018","locus073",0.30606,1,1,NA,1,NA,1,NA,1,0
"Dc01018","locus074",1,0.653552,NA,NA,0.61727,NA,1,NA,1,0
"Dc01018","locus076",1,1,NA,NA,0.80048,NA,0.76017,NA,1,0
"Dc01018","locus077",1,1,NA,NA,0.13996,NA,1,NA,1,0
"Dc01018","locus080",0.50741,1,NA,NA,1,NA,1,NA,1,0
"Dc01018","locus083",0.82175,1,NA,NA,1,NA,1,NA,1,0
"Dc01018","locus088",1,1,NA,NA,1,NA,1,NA,0.16866,0
"Dc01018","locus093",1,1,1,NA,1,NA,1,NA,1,0
"Dc01018","locus096",1,1,1,NA,0.996156,1,1,NA,1,0
"Dc01018","locus098",0.280152,1,NA,NA,1,NA,0.26097,NA,1,0
"Dc01018","locus100",1,0.71331,NA,NA,1,NA,1,NA,1,0
"Dc01018","locus106",1,1,1,NA,1,NA,1,NA,1,0
"Dc01018","locus110",1,1,NA,NA,NA,NA,1,NA,1,0
"Dc01018","locus116",0.25556,1,NA,NA,1,NA,1,NA,NA,0
"Dc01018","locus119",1,1,NA,NA,1,NA,1,NA,NA,0
"Dc01018","locus120",0.45136,1,NA,NA,1,NA,1,NA,NA,0
"Dc01018","locus126",0.981528,1,1,NA,1,NA,1,1,NA,0
"Dc01018","locus128",0.7658,1,NA,NA,1,NA,1,NA,NA,0
"Dc01018","locus130",1,1,NA,NA,1,NA,1,NA,NA,0
"Dc01018","locus134",0.55192,0.814504,NA,NA,1,1,0.814504,NA,NA,0
"Dc01018","locus135",1,1,1,NA,1,1,0.463356,NA,NA,0
"Dc01018","locus137",1,0.71156,1,NA,0.71156,NA,1,NA,NA,0
"Dc01018","locus139",1,1,1,NA,1,NA,1,NA,NA,0
"Dc01018","locus140",1,1,1,NA,1,NA,1,1,NA,0
"Dc01018","locus146",1,1,NA,NA,1,NA,1,NA,NA,0
"Dc01018","locus148",1,1,NA,1,1,NA,1,NA,NA,0
"Dc01018","locus151",1,1,NA,NA,1,NA,1,NA,NA,0
"Dc01018","locus157",1,1,NA,NA,1,NA,1,NA,NA,0
"Dc01018","locus161",1,1,NA,NA,1,NA,1,NA,NA,0
"Dc01018","locus165",1,1,NA,NA,0.33076,NA,1,1,NA,0
"Dc01018","locus170",1,1,NA,NA,1,NA,1,NA,NA,0
"Dc01018","locus176",1,1,NA,NA,1,NA,1,NA,NA,0
"Dc01018","locus184",1,1,NA,NA,1,NA,1,NA,NA,0
"Dc01018","locus186",1,1,NA,NA,1,NA,1,NA,NA,0
"Dc01018","locus188",1,1,NA,NA,1,NA,1,NA,NA,0
"Dc01018","locus189",1,1,1,NA,1,NA,1,1,NA,0
"Dc01018","locus190",1,1,1,NA,0.32867,NA,0.32867,NA,NA,0
"Dc01018","locus191",1,1,NA,NA,1,NA,1,NA,NA,0
"Dc01018","locus192",0.793986,1,NA,NA,0.555528,NA,1,NA,NA,0
"Dc01018","locus195",0.970344,1,NA,NA,1,NA,0.970344,NA,NA,0
"Dc01018","locus202",0.667488,0.859856,NA,NA,0.859856,NA,0.15248,NA,NA,0
"Dc01018","locus210",0.729208,0.749796,NA,NA,0.729208,NA,0.749796,NA,NA,0
"Dc01018","locus215",1,1,NA,NA,1,NA,1,NA,NA,0
"Dc01018","locus227",1,1,1,NA,1,NA,0.11084,NA,NA,0
"Dc01018","locus231",1,1,NA,NA,1,NA,1,NA,NA,0
"Dc01018","locus235",1,1,NA,NA,1,NA,0.398624,NA,NA,0
"Dc01018","locus236",0.8068,1,NA,NA,1,NA,1,NA,NA,0
"Dc01018","locus237",1,0.858072,NA,NA,1,NA,1,NA,NA,0
"Dc01018","locus239",1,1,NA,NA,0.116176,NA,1,NA,NA,0
"Dc01018","locus248",0.846054,1,NA,NA,1,NA,0.156504,NA,NA,0
"Dc01018","locus256",1,1,NA,NA,1,NA,1,1,NA,0
"Dc01018","locus263",1,1,NA,1,1,NA,1,NA,NA,0
"Dc01018","locus264",1,1,NA,1,0.14454,NA,1,NA,NA,0
"Dc01018","locus274",1,1,NA,NA,1,NA,1,NA,NA,0
"Dc01018","locus280",1,1,NA,NA,1,NA,0.142592,NA,NA,0
"Dc01018","locus282",1,1,NA,NA,1,NA,0.38416,1,NA,0
"Dc01018","locus286",1,1,NA,NA,1,NA,1,NA,NA,0
"Dc01018","locus291",0.999324,1,NA,NA,0.999324,NA,0.321368,NA,NA,0
"Dc01018","locus292",0.592808,0.821856,NA,NA,1,NA,1,NA,NA,0
"Dc01018","locus296",1,0.63648,1,1,0.71135,NA,1,NA,NA,0
"Dc01018","locus301",0.74892,0.141128,NA,NA,0.141128,NA,1,NA,NA,0
"Dc01018","locus314",0.36624,1,NA,NA,1,NA,1,NA,NA,0
"Dc01018","locus321",0.459744,1,NA,NA,1,NA,1,NA,NA,0
"Dc01018","locus322",1,1,NA,NA,1,NA,1,1,NA,0
"Dc01018","locus323",1,1,NA,NA,1,1,1,NA,NA,0
"Dc01018","locus329",1,1,NA,NA,1,NA,1,NA,NA,0
"Dc01018","locus332",0.68829,1,1,NA,1,1,0.427812,NA,NA,0
"Dc01018","locus349",1,1,NA,NA,0.778182,NA,0.712232,NA,NA,0
"Dc01018","locus358",1,1,NA,NA,1,NA,1,NA,NA,0
"Dc01018","locus359",1,1,NA,NA,1,NA,1,NA,NA,0
"Dc01018","locus360",1,1,1,NA,1,NA,1,NA,NA,0
"Dc01661","Dc01707",1,1,NA,NA,1,1,1,1,1,0
"Dc01661","Dc01784",1,1,NA,NA,1,NA,0.54018,1,0.1623,0
"Dc01661","Dc02951",1,1,NA,NA,1,NA,1,1,0.390624,0
"Dc01661","Dc03456",1,1,NA,NA,1,NA,1,1,0.936504,0
"Dc01661","Dc03556",1,1,NA,NA,1,NA,1,1,1,0
"Dc01661","Dc05864",1,1,NA,NA,1,NA,1,NA,1,0
"Dc01661","Dc06503",0.602,1,NA,NA,1,NA,1,NA,NA,0
"Dc01661","Dc07300",1,1,NA,NA,1,NA,1,1,1,0
"Dc01661","Dc07937",1,1,NA,1,1,NA,0.559622,1,1,0
"Dc01661","Dc08054",1,1,NA,NA,1,NA,1,1,1,0
"Dc01661","Dc08189",1,1,NA,NA,1,NA,1,1,1,0
"Dc01661","Dc08463",0.597348,1,NA,NA,1,NA,0.597348,1,0.929,0
"Dc01661","Dc08578",1,1,NA,NA,1,NA,1,1,NA,0
"Dc01661","Dc08865",0.65176,1,NA,NA,1,NA,1,NA,0.54895,0
"Dc01661","Dc10003",1,1,NA,1,1,NA,1,NA,NA,0
"Dc01661","Dc10390",1,1,NA,NA,1,NA,1,NA,1,0
"Dc01661","Dc10878",0.551592,1,NA,NA,1,NA,0.16314,NA,1,0
"Dc01661","Dc10885",1,1,NA,NA,1,NA,1,NA,1,0
"Dc01661","Dc11203",1,1,NA,NA,1,NA,1,NA,1,0
"Dc01661","Dc11714",0.787912,1,NA,NA,0.57514,1,0.176748,NA,1,0
"Dc01661","Dc13159",1,1,NA,1,1,NA,1,NA,1,0
"Dc01661","Dc13592",1,1,NA,NA,1,NA,0.192468,1,1,0
"Dc01661","Dc14022",1,1,1,NA,1,NA,1,NA,1,0
"Dc01661","Dc14945",1,1,NA,NA,1,NA,1,NA,1,0
"Dc01661","Dc16747",0.63498,0.63498,NA,NA,1,NA,1,NA,0.974766,0
"Dc01661","Dc18951",1,1,NA,1,1,NA,1,NA,1,0
"Dc01661","Dc20232",1,1,NA,NA,1,1,1,NA,1,0
"Dc01661","Dc22883",0.399014,1,1,NA,1,1,1,NA,1,0
"Dc01661","Dc22887",1,1,NA,NA,1,NA,0.64131,NA,1,0
"Dc01661","Dc27955",0.57481,1,NA,NA,1,NA,1,NA,1,0
"Dc01661","Dc28124",1,1,NA,1,1,NA,1,NA,1,0
"Dc01661","Dc28776",1,1,NA,NA,1,NA,1,NA,1,0
"Dc01661","Dc30071",0.747416,1,NA,NA,1,NA,1,NA,0.41918,0
"Dc01661","Dc31007",0.931912,1,NA,NA,1,NA,1,NA,NA,0
"Dc01661","Dc33714",1,1,NA,NA,1,NA,1,1,1,0
"Dc01661","Dc33907",0.320496,0.98322,NA,NA,1,NA,1,1,1,0
"Dc01661","Dc34902",1,1,NA,NA,1,NA,0.25701,NA,0.790376,0
"Dc01661","Dc35779",1,1,NA,NA,1,1,1,NA,1,0
"Dc01661","Dc36571",1,1,NA,NA,1,NA,0.36137,NA,1,0
"Dc01661","Dc36616",1,1,NA,1,1,1,1,NA,1,0
"Dc01661","Dc36767",1,0.148504,NA,NA,1,NA,1,NA,NA,0
"Dc01661","Dc40235",1,1,NA,NA,1,1,0.585312,NA,0.64042,0
"Dc01661","Dc41234",1,1,NA,NA,1,NA,1,NA,1,0
"Dc01661","Dc46984",0.834656,0.834656,NA,NA,1,NA,0.834656,NA,0.83021,0
"Dc01661","Dc47572",1,1,NA,NA,1,NA,1,NA,1,0
"Dc01661","Dc47935",1,1,NA,NA,1,NA,0.323148,1,1,0
"Dc01661","Dc48207",1,1,1,NA,1,1,1,NA,1,0
"Dc01661","Dc48950",1,1,NA,NA,1,1,1,NA,1,0
"Dc01661","Dc49080",1,1,1,1,1,NA,1,NA,0.24724,0
"Dc01661","Dc49184",0.468622,1,NA,1,1,1,1,NA,1,0
"Dc01661","Dc51020",1,1,1,NA,1,NA,0.595044,NA,1,0
"Dc01661","Dc52523",1,1,NA,NA,1,NA,0.74572,NA,1,0
"Dc01661","Dc55481",0.6292,1,NA,NA,0.861174,NA,1,NA,0.1971,0
"Dc01661","Dc58248",1,1,NA,NA,1,NA,1,NA,1,0
"Dc01661","Dc62188",1,1,1,NA,0.48762,NA,0.058476,NA,1,0
"Dc01661","Dc67011",1,1,NA,1,1,1,1,NA,1,0
"Dc01661","locus002",1,1,NA,NA,1,NA,1,NA,1,0
"Dc01661","locus003",0.14357,1,1,1,0.595692,NA,1,NA,1,0
"Dc01661","locus004",0.412668,1,1,NA,1,NA,1,NA,1,0
"Dc01661","locus005",0.426936,1,NA,NA,1,NA,0.15907,NA,1,0
"Dc01661","locus006",1,1,NA,NA,1,NA,1,NA,1,0
"Dc01661","locus008",0.286164,1,NA,NA,1,NA,1,1,1,0
"Dc01661","locus013",1,1,NA,NA,0.57012,NA,1,NA,1,0
"Dc01661","locus014",1,0.45499,NA,NA,1,NA,0.714904,NA,1,0
"Dc01661","locus022",1,1,NA,NA,0.901432,NA,0.22828,NA,0.930408,0
"Dc01661","locus024",1,1,1,NA,1,NA,0.525876,NA,1,0
"Dc01661","locus025",1,1,NA,NA,1,NA,1,NA,1,0
"Dc01661","locus027",1,0.7162,NA,NA,1,NA,1,NA,1,0
"Dc01661","locus030",1,1,NA,1,1,1,1,NA,1,0
"Dc01661","locus035",1,1,NA,NA,1,1,0.692216,1,1,0
"Dc01661","locus038",1,1,NA,NA,1,1,1,NA,1,0
"Dc01661","locus039",1,1,NA,NA,1,NA,0.28501,NA,1,0
"Dc01661","locus040",0.68584,1,NA,NA,1,NA,1,NA,1,0
"Dc01661","locus041",1,1,NA,NA,1,NA,1,NA,1,0
"Dc01661","locus045",1,1,NA,1,1,NA,1,NA,1,0
"Dc01661","locus047",1,1,NA,NA,1,NA,1,NA,1,0
"Dc01661","locus048",1,1,NA,NA,1,NA,1,1,1,0
"Dc01661","locus053",0.529224,1,NA,NA,1,NA,1,1,1,0
"Dc01661","locus055",0.11049,0.435128,NA,NA,1,NA,1,NA,1,0
"Dc01661","locus056",1,1,NA,NA,0.70411,NA,1,NA,1,0
"Dc01661","locus058",1,1,NA,NA,1,NA,1,NA,0.82761,0
"Dc01661","locus060",0.54709,1,NA,NA,0.93304,NA,1,NA,1,0
"Dc01661","locus061",1,1,1,NA,0.862824,NA,1,NA,1,0
"Dc01661","locus062",1,1,NA,NA,1,NA,0.11428,NA,1,0
"Dc01661","locus064",1,1,NA,1,1,1,1,1,1,0
"Dc01661","locus065",1,0.71361,NA,NA,1,NA,1,NA,1,0
"Dc01661","locus073",1,1,1,NA,1,NA,1,NA,1,0
"Dc01661","locus074",1,1,NA,NA,1,NA,1,NA,1,0
"Dc01661","locus077",1,1,NA,NA,1,NA,1,NA,1,0
"Dc01661","locus080",1,1,NA,NA,1,NA,0.08379,NA,1,0
"Dc01661","locus083",1,1,NA,NA,1,NA,1,NA,1,0
"Dc01661","locus088",1,1,NA,NA,1,NA,1,NA,1,0
"Dc01661","locus093",1,1,1,NA,1,NA,1,NA,1,0
"Dc01661","locus096",1,1,1,NA,1,1,1,NA,1,0
"Dc01661","locus098",1,1,NA,NA,1,NA,1,NA,1,0
"Dc01661","locus100",1,0.43307,NA,NA,1,NA,0.89124,NA,1,0
"Dc01661","locus106",1,1,1,NA,1,NA,1,NA,1,0
"Dc01661","locus110",0.34635,1,NA,NA,NA,NA,0.057912,NA,1,0
"Dc01661","locus116",0.88278,0.88278,NA,NA,0.452416,NA,0.88278,NA,NA,0
"Dc01661","locus119",1,1,NA,NA,1,NA,1,NA,NA,0
"Dc01661","locus120",1,1,NA,NA,1,NA,1,NA,NA,0
"Dc01661","locus126",1,1,1,NA,1,NA,1,1,NA,0
"Dc01661","locus128",0.623368,1,NA,NA,1,NA,1,NA,NA,0
"Dc01661","locus129",1,1,NA,NA,1,NA,1,NA,NA,0
"Dc01661","locus130",0.909384,1,NA,NA,1,NA,1,NA,NA,0
"Dc01661","locus134",1,1,NA,NA,1,1,0.96783,NA,NA,0
"Dc01661","locus135",1,1,1,NA,1,1,1,NA,NA,0
"Dc01661","locus137",1,1,1,NA,1,NA,1,NA,NA,0
"Dc01661","locus139",1,1,1,NA,1,NA,0.72041,NA,NA,0
"Dc01661","locus140",1,1,1,NA,1,NA,0.856992,1,NA,0
"Dc01661","locus146",1,1,NA,NA,1,NA,1,NA,NA,0
"Dc01661","locus148",1,1,NA,1,1,NA,1,NA,NA,0
"Dc01661","locus157",1,1,NA,NA,1,NA,1,NA,NA,0
"Dc01661","locus161",1,1,NA,NA,1,NA,0.284528,NA,NA,0
"Dc01661","locus165",1,1,NA,NA,1,NA,1,1,NA,0
"Dc01661","locus170",1,1,NA,NA,1,NA,1,NA,NA,0
"Dc01661","locus176",0.145344,0.1342,NA,NA,0.656504,NA,0.145344,NA,NA,0
"Dc01661","locus184",0.970352,1,NA,NA,1,NA,1,NA,NA,0
"Dc01661","locus186",1,1,NA,NA,1,NA,1,NA,NA,0
"Dc01661","locus188",1,1,NA,NA,1,NA,1,NA,NA,0
"Dc01661","locus189",1,1,1,NA,1,NA,1,1,NA,0
"Dc01661","locus190",1,1,1,NA,1,NA,1,NA,NA,0
"Dc01661","locus191",0.88572,0.88572,NA,NA,0.88572,NA,0.88572,NA,NA,0
"Dc01661","locus192",1,1,NA,NA,1,NA,0.594048,NA,NA,0
"Dc01661","locus195",0.446736,1,NA,NA,1,NA,1,NA,NA,0
"Dc01661","locus202",1,0.704888,NA,NA,1,NA,1,NA,NA,0
"Dc01661","locus210",1,1,NA,NA,1,NA,1,NA,NA,0
"Dc01661","locus215",1,1,NA,NA,1,NA,1,NA,NA,0
"Dc01661","locus227",1,1,1,NA,1,NA,1,NA,NA,0
"Dc01661","locus231",1,1,NA,NA,1,NA,1,NA,NA,0
"Dc01661","locus235",0.27796,1,NA,NA,1,NA,1,NA,NA,0
"Dc01661","locus236",0.888636,0.38088,NA,NA,0.687678,NA,0.943054,NA,NA,0
"Dc01661","locus239",1,1,NA,NA,1,NA,1,NA,NA,0
"Dc01661","locus248",0.383634,1,NA,NA,1,NA,0.228184,NA,NA,0
"Dc01661","locus255",0.58299,1,NA,NA,1,NA,NA,NA,NA,0
"Dc01661","locus256",1,1,NA,NA,1,NA,1,1,NA,0
"Dc01661","locus263",1,1,NA,1,1,NA,1,NA,NA,0
"Dc01661","locus264",0.803568,1,NA,0.803568,1,NA,0.48501,NA,NA,0
"Dc01661","locus274",0.778026,0.358952,NA,NA,0.9783,NA,0.9783,NA,NA,0
"Dc01661","locus280",1,1,NA,NA,1,NA,1,NA,NA,0
"Dc01661","locus282",1,1,NA,NA,1,NA,1,1,NA,0
"Dc01661","locus286",1,1,NA,NA,1,NA,1,NA,NA,0
"Dc01661","locus291",1,0.35456,NA,NA,1,NA,1,NA,NA,0
"Dc01661","locus292",1,0.87366,NA,NA,0.398424,NA,1,NA,NA,0
"Dc01661","locus296",1,1,1,1,1,NA,1,NA,NA,0
"Dc01661","locus314",1,1,NA,NA,1,NA,1,NA,NA,0
"Dc01661","locus321",1,1,NA,NA,1,NA,0.304448,NA,NA,0
"Dc01661","locus322",0.41011,1,NA,NA,1,NA,0.41011,1,NA,0
"Dc01661","locus323",0.48567,1,NA,NA,1,1,1,NA,NA,0
"Dc01661","locus329",1,1,NA,NA,1,NA,1,NA,NA,0
"Dc01661","locus332",1,1,1,NA,1,1,1,NA,NA,0
"Dc01661","locus349",1,1,NA,NA,1,NA,1,NA,NA,0
"Dc01661","locus358",0.98076,1,NA,NA,0.910512,NA,0.98076,NA,NA,0
"Dc01661","locus359",1,1,NA,NA,1,NA,1,NA,NA,0
"Dc01661","locus360",1,1,1,NA,1,NA,1,NA,NA,0
"Dc01707","Dc01784",0.98538,1,NA,NA,1,NA,1,1,1,0
"Dc01707","Dc02951",1,1,NA,NA,1,NA,1,1,1,0
"Dc01707","Dc03456",1,1,NA,NA,1,1,1,1,1,0
"Dc01707","Dc03556",1,1,NA,NA,1,NA,1,1,1,0
"Dc01707","Dc05864",1,1,NA,1,1,NA,1,NA,1,0
"Dc01707","Dc06503",1,1,NA,NA,1,NA,1,NA,NA,0
"Dc01707","Dc07300",1,1,NA,NA,1,NA,1,1,1,0
"Dc01707","Dc07937",1,1,NA,1,1,NA,1,1,1,0
"Dc01707","Dc08054",0.615228,1,NA,NA,1,NA,0.94239,1,1,0
"Dc01707","Dc08189",1,1,NA,NA,1,NA,1,1,1,0
"Dc01707","Dc08463",1,1,NA,NA,1,NA,1,1,1,0
"Dc01707","Dc08578",0.88456,1,NA,1,0.49755,NA,1,NA,NA,0
"Dc01707","Dc08865",0.33417,1,NA,NA,1,NA,0.33417,NA,1,0
"Dc01707","Dc10003",1,1,NA,1,1,NA,0.77948,NA,NA,0
"Dc01707","Dc10390",1,0.62328,NA,NA,1,NA,1,NA,1,0
"Dc01707","Dc10878",0.958806,0.492568,NA,NA,0.23168,NA,0.974384,NA,0.974384,0
"Dc01707","Dc10885",1,1,NA,NA,1,1,1,NA,1,0
"Dc01707","Dc11203",1,1,NA,NA,1,NA,1,NA,1,0
"Dc01707","Dc11714",1,1,NA,NA,1,NA,1,NA,1,0
"Dc01707","Dc13159",1,1,NA,1,1,NA,1,NA,1,0
"Dc01707","Dc13592",1,0.74694,NA,NA,1,1,1,1,0.22589,0
"Dc01707","Dc14022",0.735828,1,1,NA,1,NA,1,NA,1,0
"Dc01707","Dc14945",1,1,NA,NA,1,NA,0.66615,NA,1,0
"Dc01707","Dc16747",1,1,NA,NA,0.42187,NA,0.493736,NA,1,0
"Dc01707","Dc18951",1,1,NA,1,1,NA,1,NA,1,0
"Dc01707","Dc20232",1,1,NA,NA,1,1,0.153696,NA,1,0
"Dc01707","Dc22883",1,0.56488,1,NA,1,NA,1,NA,0.142788,0
"Dc01707","Dc22887",1,1,NA,NA,1,NA,1,NA,1,0
"Dc01707","Dc27955",0.97696,1,NA,NA,1,NA,1,NA,1,0
"Dc01707","Dc28124",1,1,NA,1,1,NA,1,NA,1,0
"Dc01707","Dc28776",1,0.35604,NA,NA,1,NA,1,NA,1,0
"Dc01707","Dc30071",0.644568,1,NA,NA,1,1,1,NA,1,0
"Dc01707","Dc31007",1,1,NA,NA,1,NA,0.99224,NA,NA,0
"Dc01707","Dc33714",0.37708,1,NA,NA,0.9206,NA,1,1,0.059268,0
"Dc01707","Dc33907",1,0.106008,NA,NA,1,NA,1,1,1,0
"Dc01707","Dc34902",1,1,NA,NA,1,1,1,NA,1,0
"Dc01707","Dc35779",1,1,NA,NA,1,1,1,NA,1,0
"Dc01707","Dc36571",1,1,NA,NA,1,NA,1,NA,1,0
"Dc01707","Dc36616",1,0.122598,NA,1,1,1,1,NA,1,0
"Dc01707","Dc36767",0.103272,1,NA,NA,1,NA,1,NA,NA,0
"Dc01707","Dc40235",1,1,NA,NA,1,NA,1,NA,1,0
"Dc01707","Dc41234",1,1,NA,NA,1,NA,1,NA,1,0
"Dc01707","Dc46984",1,1,NA,NA,1,NA,1,NA,1,0
"Dc01707","Dc47572",1,1,NA,NA,1,NA,1,NA,1,0
"Dc01707","Dc47935",0.866496,1,NA,NA,1,NA,1,1,1,0
"Dc01707","Dc48207",0.66444,1,1,NA,1,1,1,NA,1,0
"Dc01707","Dc48950",1,1,NA,NA,1,NA,0.89013,NA,1,0
"Dc01707","Dc49080",1,1,1,1,1,1,0.450576,NA,0.177136,0
"Dc01707","Dc49184",1,1,NA,1,1,NA,0.691344,NA,1,0
"Dc01707","Dc51020",1,1,1,NA,1,NA,1,NA,1,0
"Dc01707","Dc52523",0.4392,0.4392,NA,NA,0.4392,NA,0.782924,NA,0.461928,0
"Dc01707","Dc55481",1,1,NA,NA,1,NA,1,NA,1,0
"Dc01707","Dc58248",1,0.21516,NA,NA,1,1,1,NA,1,0
"Dc01707","Dc62188",1,1,NA,NA,1,NA,1,NA,1,0
"Dc01707","Dc67011",1,1,NA,1,1,NA,1,NA,1,0
"Dc01707","locus002",0.49531,1,NA,NA,1,NA,1,NA,1,0
"Dc01707","locus003",1,0.50694,1,1,1,NA,1,NA,1,0
"Dc01707","locus004",1,1,1,NA,1,NA,1,NA,1,0
"Dc01707","locus005",1,1,NA,NA,1,NA,1,NA,1,0
"Dc01707","locus006",1,1,NA,NA,1,NA,1,NA,1,0
"Dc01707","locus008",1,1,NA,NA,1,NA,1,1,1,0
"Dc01707","locus013",0.976512,1,NA,NA,1,NA,1,NA,0.47518,0
"Dc01707","locus014",0.55295,1,NA,NA,1,NA,1,NA,1,0
"Dc01707","locus022",1,1,NA,NA,1,1,1,NA,1,0
"Dc01707","locus024",0.242508,1,1,NA,0.42488,NA,1,NA,1,0
"Dc01707","locus025",1,1,1,NA,1,NA,1,NA,1,0
"Dc01707","locus027",1,1,1,NA,1,NA,1,NA,1,0
"Dc01707","locus030",1,1,NA,1,1,NA,1,NA,1,0
"Dc01707","locus035",1,1,NA,NA,0.662774,1,1,1,1,0
"Dc01707","locus038",0.96783,1,NA,NA,1,NA,1,NA,1,0
"Dc01707","locus039",1,1,NA,NA,1,NA,0.05828,NA,0.41692,0
"Dc01707","locus040",1,1,NA,NA,1,NA,1,NA,1,0
"Dc01707","locus041",1,0.27325,NA,NA,1,NA,1,NA,1,0
"Dc01707","locus047",1,1,NA,NA,1,NA,1,NA,1,0
"Dc01707","locus048",0.831168,1,NA,NA,1,NA,1,1,1,0
"Dc01707","locus053",0.46236,1,NA,NA,1,NA,1,1,1,0
"Dc01707","locus055",1,1,NA,NA,0.42573,NA,0.42573,NA,1,0
"Dc01707","locus056",1,1,NA,NA,1,1,1,NA,1,0
"Dc01707","locus058",1,1,NA,NA,1,NA,1,NA,1,0
"Dc01707","locus061",1,1,NA,NA,1,1,1,NA,1,0
"Dc01707","locus062",1,1,NA,NA,1,NA,1,NA,1,0
"Dc01707","locus064",1,1,NA,1,1,NA,1,1,1,0
"Dc01707","locus065",1,1,NA,NA,1,NA,1,NA,1,0
"Dc01707","locus073",1,1,1,NA,1,NA,0.66586,NA,0.57348,0
"Dc01707","locus074",1,1,NA,NA,1,1,0.730212,NA,1,0
"Dc01707","locus076",1,0.423162,NA,NA,1,NA,0.16808,NA,0.39388,0
"Dc01707","locus077",1,1,NA,NA,1,NA,1,NA,1,0
"Dc01707","locus080",1,1,NA,NA,1,1,1,NA,1,0
"Dc01707","locus083",0.33154,1,NA,NA,1,NA,0.430064,NA,0.964464,0
"Dc01707","locus088",1,1,NA,NA,1,NA,1,NA,1,0
"Dc01707","locus093",1,1,1,NA,1,NA,1,NA,1,0
"Dc01707","locus096",1,1,1,NA,1,NA,0.22638,NA,1,0
"Dc01707","locus098",1,1,NA,NA,1,NA,1,NA,1,0
"Dc01707","locus100",1,1,NA,NA,1,NA,1,NA,1,0
"Dc01707","locus106",1,1,1,NA,1,NA,0.997884,NA,1,0
"Dc01707","locus110",1,1,NA,NA,NA,NA,1,NA,1,0
"Dc01707","locus116",1,1,NA,NA,1,NA,1,NA,NA,0
"Dc01707","locus119",0.285632,0.545288,NA,NA,1,NA,0.285632,NA,NA,0
"Dc01707","locus120",1,0.504736,NA,NA,1,NA,0.695406,NA,NA,0
"Dc01707","locus126",1,1,NA,NA,1,NA,0.9558,1,NA,0
"Dc01707","locus128",0.079608,1,NA,NA,1,NA,1,NA,NA,0
"Dc01707","locus129",0.86452,0.86452,NA,NA,1,NA,0.86452,NA,NA,0
"Dc01707","locus130",0.788728,1,NA,NA,1,NA,1,NA,NA,0
"Dc01707","locus134",1,1,NA,NA,0.457456,1,0.38299,NA,NA,0
"Dc01707","locus135",1,1,1,NA,1,NA,1,NA,NA,0
"Dc01707","locus137",1,1,1,NA,1,NA,0.2081,NA,NA,0
"Dc01707","locus139",1,1,1,NA,1,1,0.316956,NA,NA,0
"Dc01707","locus140",1,1,1,NA,1,1,0.364182,1,NA,0
"Dc01707","locus146",0.76945,0.856904,NA,NA,0.856904,1,1,NA,NA,0
"Dc01707","locus148",1,1,NA,1,1,1,1,NA,NA,0
"Dc01707","locus151",0.303896,0.973148,NA,NA,0.348276,NA,0.973148,NA,NA,0
"Dc01707","locus157",0.854598,1,NA,NA,0.854598,NA,0.117104,NA,NA,0
"Dc01707","locus165",1,1,NA,NA,1,NA,1,1,NA,0
"Dc01707","locus170",0.810864,0.810864,NA,NA,1,NA,0.255488,NA,NA,0
"Dc01707","locus176",1,1,NA,NA,0.441176,NA,1,NA,NA,0
"Dc01707","locus184",1,1,NA,NA,1,NA,1,NA,NA,0
"Dc01707","locus186",1,1,NA,NA,1,NA,0.551872,NA,NA,0
"Dc01707","locus188",1,1,NA,NA,1,NA,0.387408,NA,NA,0
"Dc01707","locus189",1,1,1,NA,1,NA,1,1,NA,0
"Dc01707","locus190",1,1,1,NA,1,NA,1,NA,NA,0
"Dc01707","locus191",1,1,NA,NA,1,NA,1,NA,NA,0
"Dc01707","locus192",1,1,NA,NA,1,NA,1,NA,NA,0
"Dc01707","locus195",0.35089,1,NA,NA,1,1,0.409024,NA,NA,0
"Dc01707","locus202",0.40116,1,NA,NA,0.94197,NA,1,NA,NA,0
"Dc01707","locus210",0.427504,0.975188,NA,NA,0.677118,NA,0.975188,NA,NA,0
"Dc01707","locus215",0.12983,1,1,NA,1,NA,1,NA,NA,0
"Dc01707","locus227",0.52384,0.3576,1,NA,1,NA,1,NA,NA,0
"Dc01707","locus231",0.852848,0.97112,NA,NA,1,NA,0.852848,NA,NA,0
"Dc01707","locus235",1,1,NA,NA,1,NA,1,NA,NA,0
"Dc01707","locus236",1,1,NA,NA,1,NA,1,NA,NA,0
"Dc01707","locus237",1,1,NA,NA,1,NA,1,NA,NA,0
"Dc01707","locus239",1,1,NA,NA,1,NA,1,NA,NA,0
"Dc01707","locus248",1,1,NA,NA,1,NA,1,NA,NA,0
"Dc01707","locus255",1,1,NA,NA,1,NA,NA,NA,NA,0
"Dc01707","locus256",1,1,NA,NA,1,NA,1,1,NA,0
"Dc01707","locus263",1,1,NA,1,1,NA,1,NA,NA,0
"Dc01707","locus264",1,1,NA,1,1,NA,0.59325,NA,NA,0
"Dc01707","locus274",0.582918,0.28395,NA,NA,1,1,0.53872,NA,NA,0
"Dc01707","locus280",1,1,NA,NA,1,NA,0.634624,NA,NA,0
"Dc01707","locus282",0.73936,1,NA,NA,1,NA,0.41539,1,NA,0
"Dc01707","locus286",1,1,NA,NA,1,1,1,NA,NA,0
"Dc01707","locus291",1,1,NA,NA,1,NA,0.050256,NA,NA,0
"Dc01707","locus292",1,1,NA,NA,1,1,1,NA,NA,0
"Dc01707","locus296",0.98119,1,1,1,1,NA,0.199692,NA,NA,0
"Dc01707","locus301",1,1,1,NA,1,NA,0.96257,NA,NA,0
"Dc01707","locus314",0.556868,0.427158,NA,NA,0.383224,NA,0.812538,NA,NA,0
"Dc01707","locus321",1,1,NA,NA,1,NA,1,NA,NA,0
"Dc01707","locus322",1,0.71928,NA,NA,1,NA,1,1,NA,0
"Dc01707","locus323",1,0.749262,NA,NA,0.572152,NA,1,NA,NA,0
"Dc01707","locus329",0.138888,0.647292,NA,NA,0.647292,NA,0.647292,NA,NA,0
"Dc01707","locus332",1,1,1,NA,0.43082,NA,1,NA,NA,0
"Dc01707","locus349",1,1,NA,NA,1,NA,1,NA,NA,0
"Dc01707","locus358",1,1,NA,NA,1,NA,1,NA,NA,0
"Dc01707","locus359",1,1,NA,NA,1,NA,1,NA,NA,0
"Dc01707","locus360",1,0.440824,NA,NA,1,NA,1,NA,NA,0
"Dc01784","Dc02951",1,1,NA,NA,1,NA,1,1,1,0
"Dc01784","Dc03456",0.481488,1,NA,NA,1,NA,0.65833,1,1,0
"Dc01784","Dc03556",1,1,NA,NA,1,NA,1,1,1,0
"Dc01784","Dc06503",1,1,NA,NA,1,NA,1,NA,NA,0
"Dc01784","Dc07300",1,1,NA,NA,1,1,1,0.584766,1,0
"Dc01784","Dc07937",1,1,NA,1,1,NA,1,1,1,0
"Dc01784","Dc08054",1,1,NA,NA,1,NA,0.66258,1,1,0
"Dc01784","Dc08189",1,0.424812,NA,NA,1,NA,1,1,1,0
"Dc01784","Dc08463",1,1,NA,NA,1,NA,1,1,1,0
"Dc01784","Dc08578",1,1,NA,NA,1,NA,0.11644,NA,NA,0
"Dc01784","Dc08865",1,1,NA,NA,1,NA,1,NA,1,0
"Dc01784","Dc10003",1,1,NA,NA,1,NA,1,NA,NA,0
"Dc01784","Dc10390",1,1,NA,NA,1,NA,1,NA,1,0
"Dc01784","Dc10878",1,0.47392,NA,NA,1,NA,1,NA,1,0
"Dc01784","Dc10885",1,1,NA,NA,1,NA,1,NA,1,0
"Dc01784","Dc11203",1,1,NA,NA,1,NA,1,NA,1,0
"Dc01784","Dc11714",1,1,NA,NA,0.917288,NA,0.40028,NA,1,0
"Dc01784","Dc13159",1,1,NA,NA,1,NA,1,NA,1,0
"Dc01784","Dc13592",1,1,NA,NA,1,NA,1,1,1,0
"Dc01784","Dc14022",1,1,1,NA,1,NA,1,NA,1,0
"Dc01784","Dc14945",1,1,NA,NA,1,NA,0.56455,NA,1,0
"Dc01784","Dc16747",1,1,NA,NA,1,NA,1,NA,1,0
"Dc01784","Dc18951",1,1,NA,1,1,NA,1,NA,1,0
"Dc01784","Dc20232",1,1,NA,NA,1,1,1,NA,1,0
"Dc01784","Dc22883",1,1,1,NA,1,NA,1,NA,1,0
"Dc01784","Dc22887",0.3071,1,NA,NA,1,NA,1,NA,1,0
"Dc01784","Dc28124",1,1,NA,1,1,NA,1,NA,1,0
"Dc01784","Dc28776",1,0.54256,NA,NA,1,NA,1,NA,0.54256,0
"Dc01784","Dc30071",1,1,NA,NA,1,NA,1,NA,1,0
"Dc01784","Dc31007",1,1,NA,NA,1,NA,1,NA,NA,0
"Dc01784","Dc33714",1,1,NA,NA,1,NA,1,1,1,0
"Dc01784","Dc33907",1,0.748622,NA,NA,1,1,1,1,1,0
"Dc01784","Dc34902",1,1,NA,NA,1,NA,1,NA,1,0
"Dc01784","Dc35779",0.165528,1,NA,NA,1,1,1,NA,1,0
"Dc01784","Dc36571",1,1,NA,NA,1,NA,1,NA,1,0
"Dc01784","Dc36616",1,0.753074,NA,1,1,1,1,NA,1,0
"Dc01784","Dc36767",1,1,NA,NA,1,NA,1,NA,NA,0
"Dc01784","Dc40235",1,1,NA,NA,1,NA,1,NA,1,0
"Dc01784","Dc41234",1,1,NA,1,0.529812,NA,1,NA,1,0
"Dc01784","Dc46984",1,1,NA,NA,1,NA,1,NA,1,0
"Dc01784","Dc47572",1,0.71803,NA,NA,1,NA,1,NA,1,0
"Dc01784","Dc47935",1,1,NA,NA,0.330612,NA,1,1,1,0
"Dc01784","Dc48207",0.751996,1,1,NA,1,1,1,NA,1,0
"Dc01784","Dc48950",1,1,NA,NA,1,NA,1,NA,1,0
"Dc01784","Dc49080",1,1,1,1,1,NA,1,NA,1,0
"Dc01784","Dc49184",1,1,NA,1,1,NA,1,NA,1,0
"Dc01784","Dc51020",1,1,1,NA,1,NA,1,NA,1,0
"Dc01784","Dc52523",1,1,NA,NA,1,NA,0.19636,NA,0.356928,0
"Dc01784","Dc55481",1,1,NA,NA,1,NA,1,NA,1,0
"Dc01784","Dc58248",1,1,NA,NA,1,NA,1,NA,1,0
"Dc01784","Dc62188",0.72368,1,NA,NA,0.50173,NA,1,NA,1,0
"Dc01784","Dc67011",0.1925,1,NA,1,0.082716,NA,1,NA,1,0
"Dc01784","locus002",1,1,1,NA,1,NA,1,NA,1,0
"Dc01784","locus003",1,1,1,1,0.704396,NA,0.828204,NA,1,0
"Dc01784","locus004",1,1,1,NA,1,NA,0.593088,NA,1,0
"Dc01784","locus005",1,0.639228,NA,NA,1,1,1,NA,1,0
"Dc01784","locus006",1,1,NA,NA,1,NA,1,NA,1,0
"Dc01784","locus008",1,1,NA,NA,1,NA,1,1,1,0
"Dc01784","locus013",0.382576,1,NA,NA,1,NA,0.35525,NA,0.726678,0
"Dc01784","locus014",1,1,NA,NA,1,1,1,NA,1,0
"Dc01784","locus022",0.63117,1,NA,NA,1,NA,1,NA,0.63117,0
"Dc01784","locus024",1,1,1,NA,1,NA,0.980076,NA,1,0
"Dc01784","locus025",1,1,NA,NA,1,NA,0.93519,NA,1,0
"Dc01784","locus027",1,1,NA,1,1,NA,1,NA,1,0
"Dc01784","locus030",0.686772,1,NA,1,1,NA,1,NA,1,0
"Dc01784","locus035",0.99575,1,NA,NA,1,1,1,1,1,0
"Dc01784","locus039",1,1,NA,NA,1,NA,1,NA,1,0
"Dc01784","locus040",1,1,NA,NA,1,NA,1,NA,1,0
"Dc01784","locus041",0.74309,1,NA,NA,1,NA,1,NA,1,0
"Dc01784","locus045",1,1,NA,1,1,NA,1,NA,1,0
"Dc01784","locus047",1,1,NA,NA,1,NA,0.05859,NA,1,0
"Dc01784","locus048",1,1,NA,NA,1,NA,1,1,1,0
"Dc01784","locus053",1,1,NA,NA,1,NA,1,1,1,0
"Dc01784","locus055",1,1,NA,NA,1,NA,0.454392,NA,0.30017,0
"Dc01784","locus056",1,1,NA,NA,1,NA,0.36886,NA,1,0
"Dc01784","locus058",0.93052,1,NA,NA,1,NA,1,NA,1,0
"Dc01784","locus060",1,1,NA,NA,1,NA,1,NA,1,0
"Dc01784","locus061",1,1,NA,NA,1,NA,0.97733,NA,1,0
"Dc01784","locus062",0.59908,1,NA,NA,1,NA,1,NA,1,0
"Dc01784","locus064",1,1,NA,1,1,NA,0.863436,1,1,0
"Dc01784","locus065",1,1,NA,NA,1,NA,1,NA,1,0
"Dc01784","locus073",1,1,1,NA,1,NA,1,NA,1,0
"Dc01784","locus074",1,1,NA,NA,1,NA,1,NA,1,0
"Dc01784","locus076",1,1,NA,NA,0.340032,1,1,NA,1,0
"Dc01784","locus077",1,1,NA,NA,1,NA,1,NA,1,0
"Dc01784","locus080",0.244524,1,NA,1,1,NA,1,NA,1,0
"Dc01784","locus083",1,1,NA,NA,1,NA,1,NA,1,0
"Dc01784","locus088",0.949024,1,NA,NA,1,NA,1,NA,0.59986,0
"Dc01784","locus093",1,1,1,NA,1,NA,1,NA,1,0
"Dc01784","locus096",1,1,1,NA,1,NA,1,NA,1,0
"Dc01784","locus098",1,1,NA,NA,1,NA,1,NA,1,0
"Dc01784","locus100",0.86561,1,NA,NA,1,NA,1,NA,1,0
"Dc01784","locus106",1,1,1,NA,1,NA,0.578952,NA,1,0
"Dc01784","locus110",0.584648,1,NA,NA,NA,NA,1,NA,1,0
"Dc01784","locus116",1,1,NA,1,1,NA,1,NA,NA,0
"Dc01784","locus119",1,1,NA,NA,1,1,1,NA,NA,0
"Dc01784","locus120",1,1,NA,NA,1,NA,1,NA,NA,0
"Dc01784","locus126",1,1,NA,NA,1,NA,1,1,NA,0
"Dc01784","locus128",0.429624,0.429624,NA,NA,1,NA,1,NA,NA,0
"Dc01784","locus129",1,1,NA,NA,1,NA,0.266872,NA,NA,0
"Dc01784","locus130",0.927596,1,NA,NA,0.803648,NA,0.803648,NA,NA,0
"Dc01784","locus134",1,1,1,NA,0.6822,1,1,NA,NA,0
"Dc01784","locus135",1,0.1803,1,NA,1,NA,1,NA,NA,0
"Dc01784","locus137",1,1,1,NA,1,NA,1,NA,NA,0
"Dc01784","locus139",1,1,1,NA,1,NA,1,NA,NA,0
"Dc01784","locus140",1,1,1,NA,1,NA,1,1,NA,0
"Dc01784","locus146",0.41072,1,NA,NA,1,NA,0.944976,NA,NA,0
"Dc01784","locus148",1,1,NA,1,1,NA,1,NA,NA,0
"Dc01784","locus151",0.739848,1,NA,NA,1,NA,0.510952,NA,NA,0
"Dc01784","locus157",1,1,NA,NA,1,NA,1,NA,NA,0
"Dc01784","locus161",1,1,NA,NA,1,NA,1,NA,NA,0
"Dc01784","locus165",1,1,NA,NA,1,NA,1,1,NA,0
"Dc01784","locus170",0.25364,0.642294,NA,NA,0.642294,NA,0.642294,NA,NA,0
"Dc01784","locus176",0.135528,1,NA,NA,1,NA,0.782868,NA,NA,0
"Dc01784","locus184",1,1,NA,NA,1,NA,1,NA,NA,0
"Dc01784","locus188",0.1532,1,NA,1,1,NA,0.434912,NA,NA,0
"Dc01784","locus189",1,1,1,1,1,NA,0.304668,1,NA,0
"Dc01784","locus190",0.32903,1,1,NA,1,NA,1,NA,NA,0
"Dc01784","locus191",1,1,NA,NA,1,NA,1,NA,NA,0
"Dc01784","locus192",1,1,NA,NA,1,1,1,NA,NA,0
"Dc01784","locus195",1,1,NA,NA,1,NA,1,NA,NA,0
"Dc01784","locus202",1,0.53892,NA,NA,1,1,0.851672,NA,NA,0
"Dc01784","locus210",1,1,1,NA,1,NA,1,NA,NA,0
"Dc01784","locus215",0.973244,0.353288,NA,NA,0.973244,NA,0.353288,NA,NA,0
"Dc01784","locus227",1,0.53455,1,NA,1,NA,1,NA,NA,0
"Dc01784","locus231",1,1,NA,1,1,NA,1,NA,NA,0
"Dc01784","locus235",0.535872,1,NA,NA,1,NA,0.953304,NA,NA,0
"Dc01784","locus236",1,1,NA,NA,1,NA,1,NA,NA,0
"Dc01784","locus237",0.91979,1,NA,NA,1,1,0.91979,NA,NA,0
"Dc01784","locus239",1,1,NA,NA,0.90728,NA,1,NA,NA,0
"Dc01784","locus248",0.08198,1,NA,NA,1,1,1,NA,NA,0
"Dc01784","locus255",1,1,NA,NA,1,NA,NA,NA,NA,0
"Dc01784","locus263",1,0.17551,NA,1,1,NA,1,NA,NA,0
"Dc01784","locus264",1,1,NA,1,1,NA,1,NA,NA,0
"Dc01784","locus274",0.972712,0.818528,NA,NA,0.972712,NA,0.818528,NA,NA,0
"Dc01784","locus280",1,1,NA,NA,1,NA,1,NA,NA,0
"Dc01784","locus282",1,1,NA,NA,1,NA,1,1,NA,0
"Dc01784","locus286",0.089752,1,NA,NA,1,NA,1,NA,NA,0
"Dc01784","locus291",1,1,NA,NA,1,NA,0.883992,NA,NA,0
"Dc01784","locus292",0.969568,0.641898,NA,NA,0.969568,NA,0.596648,NA,NA,0
"Dc01784","locus296",1,1,1,1,1,NA,1,NA,NA,0
"Dc01784","locus301",1,0.851022,NA,NA,0.22364,NA,1,NA,NA,0
"Dc01784","locus314",1,1,NA,NA,1,NA,0.547256,NA,NA,0
"Dc01784","locus321",1,1,NA,NA,1,1,1,NA,NA,0
"Dc01784","locus322",1,1,NA,NA,1,NA,1,1,NA,0
"Dc01784","locus323",1,1,NA,NA,0.9196,NA,1,NA,NA,0
"Dc01784","locus329",1,1,NA,NA,1,NA,1,NA,NA,0
"Dc01784","locus332",1,1,1,NA,1,NA,1,NA,NA,0
"Dc01784","locus349",1,1,NA,NA,1,NA,0.355536,NA,NA,0
"Dc01784","locus358",1,1,NA,NA,1,NA,1,NA,NA,0
"Dc01784","locus359",0.639276,1,NA,NA,0.432786,NA,0.074912,NA,NA,0
"Dc01784","locus360",0.568026,0.574288,NA,NA,0.444848,NA,0.802086,NA,NA,0
"Dc02951","Dc03456",0.37122,0.71701,NA,NA,1,NA,1,1,0.834592,0
"Dc02951","Dc03556",1,1,NA,NA,1,NA,1,1,1,0
"Dc02951","Dc05864",1,1,NA,NA,1,NA,1,NA,1,0
"Dc02951","Dc06503",1,1,NA,NA,1,NA,1,NA,NA,0
"Dc02951","Dc07300",1,1,NA,NA,1,NA,1,1,1,0
"Dc02951","Dc07937",1,1,NA,1,1,NA,1,1,1,0
"Dc02951","Dc08054",0.20824,1,NA,NA,0.382728,NA,0.068748,1,1,0
"Dc02951","Dc08189",0.851816,1,NA,NA,1,1,1,1,1,0
"Dc02951","Dc08578",1,1,NA,NA,1,NA,0.697664,NA,NA,0
"Dc02951","Dc08865",1,1,NA,NA,1,NA,0.830168,NA,0.13549,0
"Dc02951","Dc10003",1,1,NA,NA,1,NA,1,NA,NA,0
"Dc02951","Dc10390",1,1,NA,NA,1,NA,1,NA,1,0
"Dc02951","Dc10878",1,1,NA,NA,1,NA,0.51375,NA,1,0
"Dc02951","Dc10885",1,1,NA,NA,1,NA,1,NA,1,0
"Dc02951","Dc11203",0.32952,1,NA,NA,1,NA,1,NA,1,0
"Dc02951","Dc11714",0.8098,1,NA,NA,1,NA,0.77448,NA,1,0
"Dc02951","Dc13159",1,1,NA,NA,1,1,1,NA,1,0
"Dc02951","Dc13592",1,1,NA,NA,1,NA,1,1,1,0
"Dc02951","Dc14022",1,1,1,NA,1,NA,1,NA,1,0
"Dc02951","Dc14945",1,1,NA,NA,1,NA,0.46186,NA,1,0
"Dc02951","Dc16747",0.0887,1,NA,NA,0.576336,NA,1,NA,1,0
"Dc02951","Dc18951",1,1,NA,1,1,NA,1,NA,1,0
"Dc02951","Dc20232",1,1,NA,NA,1,1,1,NA,1,0
"Dc02951","Dc22883",1,1,1,NA,1,NA,1,NA,1,0
"Dc02951","Dc22887",1,1,NA,NA,1,NA,1,NA,1,0
"Dc02951","Dc27955",0.88767,1,NA,NA,1,NA,1,NA,1,0
"Dc02951","Dc28124",1,1,NA,1,1,NA,1,NA,1,0
"Dc02951","Dc28776",1,1,NA,NA,1,NA,1,NA,1,0
"Dc02951","Dc30071",1,1,NA,NA,1,NA,1,NA,1,0
"Dc02951","Dc31007",1,1,NA,NA,1,NA,0.181808,NA,NA,0
"Dc02951","Dc33714",1,1,NA,NA,1,1,1,0.99414,1,0
"Dc02951","Dc33907",1,1,NA,NA,1,NA,0.382536,0.70808,0.70808,0
"Dc02951","Dc34902",1,1,NA,NA,1,NA,1,NA,1,0
"Dc02951","Dc35779",1,1,NA,NA,1,1,1,NA,0.471156,0
"Dc02951","Dc36571",1,1,NA,NA,1,NA,1,NA,1,0
"Dc02951","Dc36616",1,1,NA,1,1,1,1,NA,1,0
"Dc02951","Dc36767",1,1,NA,NA,1,NA,0.62264,NA,NA,0
"Dc02951","Dc40235",1,1,NA,NA,1,NA,1,NA,1,0
"Dc02951","Dc41234",1,1,NA,1,1,NA,0.367356,NA,1,0
"Dc02951","Dc46984",1,1,NA,NA,1,NA,1,NA,0.69274,0
"Dc02951","Dc47935",1,1,1,NA,1,NA,1,1,1,0
"Dc02951","Dc48207",1,1,1,NA,1,1,1,NA,1,0
"Dc02951","Dc48950",1,1,NA,NA,1,NA,1,NA,1,0
"Dc02951","Dc49080",1,0.850284,1,1,1,NA,0.832902,NA,1,0
"Dc02951","Dc49184",1,1,NA,1,1,NA,0.257916,NA,1,0
"Dc02951","Dc51020",1,1,1,NA,0.71592,NA,0.39234,NA,1,0
"Dc02951","Dc52523",1,0.847716,NA,NA,1,1,1,NA,1,0
"Dc02951","Dc55481",0.452112,1,NA,NA,1,NA,1,NA,0.40852,0
"Dc02951","Dc58248",0.44505,1,NA,NA,1,NA,1,NA,1,0
"Dc02951","Dc62188",1,1,NA,NA,1,NA,1,NA,1,0
"Dc02951","Dc67011",1,1,NA,1,1,NA,1,NA,0.311796,0
"Dc02951","locus002",1,1,1,NA,1,NA,1,NA,1,0
"Dc02951","locus003",1,1,1,1,1,NA,1,NA,1,0
"Dc02951","locus004",0.960876,1,1,NA,1,NA,1,NA,1,0
"Dc02951","locus005",0.11846,1,NA,NA,1,NA,1,NA,1,0
"Dc02951","locus006",1,1,NA,NA,1,NA,1,NA,0.50347,0
"Dc02951","locus008",0.465768,1,NA,NA,1,1,0.091378,1,1,0
"Dc02951","locus013",0.50922,1,NA,NA,1,1,1,NA,1,0
"Dc02951","locus022",0.845808,0.97028,NA,NA,0.97028,NA,0.37599,NA,0.824328,0
"Dc02951","locus024",1,1,1,NA,1,1,1,NA,0.124922,0
"Dc02951","locus025",1,1,NA,NA,1,NA,1,NA,0.75406,0
"Dc02951","locus027",1,1,NA,1,1,NA,0.18966,NA,1,0
"Dc02951","locus030",1,1,NA,1,1,NA,1,NA,1,0
"Dc02951","locus035",1,1,NA,NA,1,1,0.256788,1,1,0
"Dc02951","locus038",1,1,NA,NA,1,NA,1,NA,1,0
"Dc02951","locus039",1,1,NA,NA,1,NA,1,NA,1,0
"Dc02951","locus040",1,1,NA,NA,1,NA,1,NA,1,0
"Dc02951","locus041",1,1,NA,NA,1,NA,1,NA,1,0
"Dc02951","locus045",1,1,NA,0.601932,1,NA,1,NA,1,0
"Dc02951","locus047",0.23336,1,NA,NA,1,NA,1,NA,1,0
"Dc02951","locus048",1,1,NA,NA,1,NA,1,1,1,0
"Dc02951","locus053",1,1,NA,NA,1,NA,1,1,1,0
"Dc02951","locus055",1,1,NA,NA,1,NA,1,NA,0.15999,0
"Dc02951","locus056",1,1,NA,NA,0.860196,NA,0.8237,NA,0.8237,0
"Dc02951","locus058",1,1,NA,NA,1,NA,1,NA,0.52821,0
"Dc02951","locus060",1,1,NA,NA,1,NA,1,NA,1,0
"Dc02951","locus061",1,1,NA,NA,1,NA,1,NA,1,0
"Dc02951","locus062",1,1,NA,NA,1,NA,1,NA,1,0
"Dc02951","locus064",1,1,NA,1,1,NA,1,1,1,0
"Dc02951","locus065",1,1,NA,NA,1,NA,1,NA,1,0
"Dc02951","locus073",1,1,1,NA,1,NA,1,NA,1,0
"Dc02951","locus074",1,1,NA,NA,1,NA,1,NA,1,0
"Dc02951","locus077",1,1,NA,NA,1,NA,1,NA,1,0
"Dc02951","locus080",1,1,NA,1,1,NA,1,NA,1,0
"Dc02951","locus083",0.28864,1,NA,NA,1,NA,1,NA,1,0
"Dc02951","locus088",1,1,NA,NA,1,NA,1,NA,1,0
"Dc02951","locus093",1,1,1,NA,1,NA,1,NA,1,0
"Dc02951","locus096",1,1,1,NA,1,NA,1,NA,1,0
"Dc02951","locus098",1,1,NA,NA,1,1,1,NA,1,0
"Dc02951","locus100",1,1,NA,NA,1,NA,1,NA,1,0
"Dc02951","locus106",0.62752,1,1,NA,0.285948,NA,1,NA,1,0
"Dc02951","locus116",1,0.71979,NA,1,1,NA,1,NA,NA,0
"Dc02951","locus119",0.250734,1,NA,NA,1,NA,0.110208,NA,NA,0
"Dc02951","locus120",1,1,NA,NA,1,1,1,NA,NA,0
"Dc02951","locus126",1,1,NA,NA,1,NA,1,1,NA,0
"Dc02951","locus128",1,1,NA,NA,1,NA,1,NA,NA,0
"Dc02951","locus129",1,1,NA,NA,1,NA,1,NA,NA,0
"Dc02951","locus130",1,1,NA,NA,1,NA,1,NA,NA,0
"Dc02951","locus134",1,1,1,NA,1,1,0.131712,NA,NA,0
"Dc02951","locus135",1,1,1,NA,1,NA,1,NA,NA,0
"Dc02951","locus137",1,1,1,NA,1,NA,1,NA,NA,0
"Dc02951","locus139",1,1,1,NA,0.71923,NA,1,NA,NA,0
"Dc02951","locus140",1,1,1,NA,0.855372,NA,1,1,NA,0
"Dc02951","locus146",1,1,NA,NA,0.192,NA,1,NA,NA,0
"Dc02951","locus148",1,1,NA,1,1,NA,1,NA,NA,0
"Dc02951","locus151",1,1,NA,NA,0.571304,NA,1,NA,NA,0
"Dc02951","locus157",1,1,NA,NA,1,NA,1,NA,NA,0
"Dc02951","locus161",1,1,NA,NA,1,NA,0.528392,NA,NA,0
"Dc02951","locus165",0.137,0.571352,NA,NA,1,NA,1,1,NA,0
"Dc02951","locus170",1,1,NA,NA,0.57592,NA,1,NA,NA,0
"Dc02951","locus176",0.30252,1,NA,NA,1,1,1,NA,NA,0
"Dc02951","locus184",0.208848,1,NA,NA,1,NA,0.242688,NA,NA,0
"Dc02951","locus186",1,1,NA,NA,1,NA,1,NA,NA,0
"Dc02951","locus188",1,1,NA,1,1,NA,1,NA,NA,0
"Dc02951","locus189",1,1,1,1,1,NA,1,1,NA,0
"Dc02951","locus190",1,1,1,NA,1,NA,1,NA,NA,0
"Dc02951","locus191",0.356648,1,NA,NA,1,NA,1,NA,NA,0
"Dc02951","locus192",1,1,NA,NA,1,NA,1,NA,NA,0
"Dc02951","locus195",1,1,NA,NA,1,NA,1,NA,NA,0
"Dc02951","locus210",1,1,1,NA,1,NA,0.38037,NA,NA,0
"Dc02951","locus215",1,1,NA,NA,1,NA,0.669408,NA,NA,0
"Dc02951","locus227",1,1,1,NA,1,NA,1,NA,NA,0
"Dc02951","locus231",1,1,NA,1,1,NA,1,NA,NA,0
"Dc02951","locus235",0.487674,0.851696,NA,NA,1,NA,0.08148,NA,NA,0
"Dc02951","locus236",0.226856,1,NA,NA,1,NA,1,NA,NA,0
"Dc02951","locus237",1,1,NA,NA,1,NA,1,NA,NA,0
"Dc02951","locus239",1,1,NA,NA,1,NA,0.14724,NA,NA,0
"Dc02951","locus248",1,1,NA,NA,1,NA,1,NA,NA,0
"Dc02951","locus255",1,1,NA,NA,1,NA,NA,NA,NA,0
"Dc02951","locus256",0.11357,1,NA,NA,0.284094,NA,0.123544,1,NA,0
"Dc02951","locus263",1,1,NA,1,1,NA,1,NA,NA,0
"Dc02951","locus264",0.07013,1,NA,1,1,NA,1,NA,NA,0
"Dc02951","locus274",1,1,NA,NA,0.94928,NA,1,NA,NA,0
"Dc02951","locus280",1,1,NA,NA,1,NA,1,NA,NA,0
"Dc02951","locus282",1,1,NA,NA,1,NA,1,1,NA,0
"Dc02951","locus286",1,1,NA,NA,1,NA,0.368128,NA,NA,0
"Dc02951","locus291",0.705328,1,NA,NA,1,NA,1,NA,NA,0
"Dc02951","locus292",1,1,NA,NA,1,NA,1,NA,NA,0
"Dc02951","locus296",1,1,1,1,1,NA,1,NA,NA,0
"Dc02951","locus301",1,0.572584,NA,NA,1,NA,1,NA,NA,0
"Dc02951","locus314",1,1,NA,NA,1,NA,1,NA,NA,0
"Dc02951","locus321",0.465552,0.59814,NA,NA,1,NA,0.631752,NA,NA,0
"Dc02951","locus322",1,1,NA,NA,1,1,0.188976,1,NA,0
"Dc02951","locus323",1,1,NA,NA,1,NA,1,NA,NA,0
"Dc02951","locus329",1,1,NA,NA,1,NA,1,NA,NA,0
"Dc02951","locus332",1,1,1,NA,1,NA,1,NA,NA,0
"Dc02951","locus349",1,1,NA,NA,1,NA,1,NA,NA,0
"Dc02951","locus358",1,1,NA,NA,0.580448,NA,1,NA,NA,0
"Dc02951","locus359",0.602624,1,NA,NA,0.602624,NA,0.602624,NA,NA,0
"Dc03456","Dc03556",1,1,NA,NA,1,NA,1,1,1,0
"Dc03456","Dc05864",0.7566,1,1,NA,1,NA,0.62622,NA,0.52278,0
"Dc03456","Dc06503",1,1,NA,NA,1,NA,0.975672,NA,NA,0
"Dc03456","Dc07300",1,1,NA,NA,1,NA,0.55578,1,1,0
"Dc03456","Dc07937",1,1,NA,1,1,NA,1,1,0.66122,0
"Dc03456","Dc08054",1,1,NA,NA,1,NA,1,1,1,0
"Dc03456","Dc08189",0.703608,1,NA,NA,1,NA,1,0.98204,1,0
"Dc03456","Dc08463",0.23856,1,NA,NA,1,NA,1,1,1,0
"Dc03456","Dc08578",1,1,NA,NA,1,NA,1,NA,NA,0
"Dc03456","Dc08865",1,1,NA,NA,0.80242,NA,0.80242,NA,0.80242,0
"Dc03456","Dc10003",1,1,NA,NA,1,NA,1,NA,NA,0
"Dc03456","Dc10390",0.32489,0.942492,NA,NA,0.942492,NA,0.870984,NA,0.942492,0
"Dc03456","Dc10878",1,1,NA,NA,1,NA,1,NA,1,0
"Dc03456","Dc10885",1,1,NA,NA,1,NA,1,NA,1,0
"Dc03456","Dc11203",0.16169,1,NA,NA,1,NA,1,NA,1,0
"Dc03456","Dc11714",1,1,NA,NA,1,NA,0.43443,NA,1,0
"Dc03456","Dc13159",1,1,NA,NA,1,NA,1,NA,1,0
"Dc03456","Dc13592",1,1,NA,NA,1,NA,1,1,1,0
"Dc03456","Dc14022",1,1,1,NA,1,NA,1,NA,1,0
"Dc03456","Dc14945",0.845352,1,NA,NA,1,NA,0.2568,NA,1,0
"Dc03456","Dc18951",0.28759,1,NA,1,1,NA,0.230244,NA,1,0
"Dc03456","Dc20232",1,1,NA,NA,0.85254,1,0.85254,NA,1,0
"Dc03456","Dc22883",0.524724,1,1,NA,1,NA,1,NA,1,0
"Dc03456","Dc22887",0.21148,1,NA,NA,1,NA,1,NA,1,0
"Dc03456","Dc27955",0.699198,1,NA,NA,0.49041,NA,1,NA,0.668304,0
"Dc03456","Dc28124",1,1,NA,1,1,NA,1,NA,1,0
"Dc03456","Dc28776",1,1,NA,NA,1,NA,1,NA,1,0
"Dc03456","Dc30071",0.83847,1,NA,NA,1,NA,1,NA,1,0
"Dc03456","Dc31007",0.861152,1,NA,NA,1,NA,1,NA,NA,0
"Dc03456","Dc33714",1,1,NA,NA,1,1,1,1,1,0
"Dc03456","Dc33907",0.823296,1,NA,NA,1,NA,1,1,1,0
"Dc03456","Dc34902",1,1,NA,NA,1,NA,1,NA,1,0
"Dc03456","Dc35779",1,0.752148,NA,NA,1,1,1,NA,1,0
"Dc03456","Dc36571",1,1,NA,NA,1,NA,1,NA,1,0
"Dc03456","Dc36616",1,1,NA,1,1,1,1,NA,1,0
"Dc03456","Dc36767",0.404654,0.315204,NA,NA,0.116464,NA,0.315204,NA,NA,0
"Dc03456","Dc40235",0.23271,1,NA,NA,1,NA,0.327048,NA,1,0
"Dc03456","Dc41234",1,1,NA,1,1,NA,1,NA,1,0
"Dc03456","Dc46984",1,1,NA,NA,1,NA,1,NA,1,0
"Dc03456","Dc47572",1,1,NA,NA,1,NA,1,NA,1,0
"Dc03456","Dc47935",1,1,NA,NA,1,NA,1,1,0.7626,0
"Dc03456","Dc48207",1,1,1,NA,1,1,1,NA,1,0
"Dc03456","Dc48950",1,1,NA,NA,0.29403,NA,0.829936,NA,1,0
"Dc03456","Dc49080",1,1,1,1,1,NA,1,NA,1,0
"Dc03456","Dc49184",1,1,NA,1,1,NA,1,NA,1,0
"Dc03456","Dc51020",1,1,1,NA,1,NA,1,NA,1,0
"Dc03456","Dc52523",1,0.91352,NA,NA,1,NA,1,NA,1,0
"Dc03456","Dc55481",0.1255,1,NA,NA,1,NA,1,NA,1,0
"Dc03456","Dc58248",1,1,NA,NA,1,NA,1,NA,1,0
"Dc03456","Dc62188",1,1,NA,NA,1,1,1,NA,1,0
"Dc03456","Dc67011",1,1,NA,1,1,NA,1,NA,1,0
"Dc03456","locus002",1,1,1,NA,1,NA,0.939096,NA,1,0
"Dc03456","locus003",1,1,1,1,1,NA,1,NA,1,0
"Dc03456","locus004",0.724664,1,1,NA,0.70934,NA,0.27306,NA,1,0
"Dc03456","locus005",1,1,NA,NA,1,NA,1,NA,0.25219,0
"Dc03456","locus006",1,1,NA,NA,1,NA,1,NA,1,0
"Dc03456","locus008",0.342888,1,NA,NA,0.34554,1,1,1,1,0
"Dc03456","locus013",1,1,NA,NA,1,NA,1,NA,1,0
"Dc03456","locus014",1,1,NA,NA,1,NA,1,NA,1,0
"Dc03456","locus022",0.283904,1,NA,NA,1,NA,0.12019,NA,1,0
"Dc03456","locus024",1,1,1,NA,1,1,1,NA,0.663334,0
"Dc03456","locus025",1,1,NA,NA,1,NA,1,NA,1,0
"Dc03456","locus027",0.538428,1,NA,1,1,NA,1,NA,1,0
"Dc03456","locus030",1,1,NA,1,1,NA,1,NA,1,0
"Dc03456","locus035",1,1,NA,NA,1,1,1,1,1,0
"Dc03456","locus038",1,1,NA,NA,1,NA,1,NA,1,0
"Dc03456","locus039",1,1,NA,NA,1,NA,1,NA,1,0
"Dc03456","locus040",1,1,NA,NA,1,NA,1,NA,1,0
"Dc03456","locus041",1,1,NA,NA,1,NA,0.66566,NA,1,0
"Dc03456","locus045",1,1,NA,1,1,NA,1,NA,1,0
"Dc03456","locus047",0.22705,1,NA,NA,1,NA,1,NA,0.22705,0
"Dc03456","locus048",0.53556,1,NA,NA,1,NA,1,1,1,0
"Dc03456","locus053",1,1,NA,NA,1,NA,1,1,1,0
"Dc03456","locus055",1,1,NA,NA,1,NA,1,NA,1,0
"Dc03456","locus056",1,1,NA,NA,1,NA,0.86077,NA,1,0
"Dc03456","locus058",1,1,NA,NA,1,NA,1,NA,1,0
"Dc03456","locus060",1,1,NA,NA,1,NA,1,NA,1,0
"Dc03456","locus061",1,1,NA,NA,1,NA,1,NA,1,0
"Dc03456","locus062",1,1,NA,NA,1,NA,1,NA,1,0
"Dc03456","locus064",1,1,NA,1,1,NA,0.159376,1,1,0
"Dc03456","locus065",1,1,NA,NA,1,NA,1,NA,1,0
"Dc03456","locus073",0.227688,1,1,NA,1,NA,0.45192,NA,0.38223,0
"Dc03456","locus074",1,1,NA,NA,1,NA,1,NA,1,0
"Dc03456","locus076",0.547936,1,NA,NA,1,NA,0.45892,NA,1,0
"Dc03456","locus077",1,1,NA,NA,1,NA,1,NA,1,0
"Dc03456","locus080",1,1,NA,1,1,NA,1,NA,1,0
"Dc03456","locus083",1,1,NA,NA,1,NA,1,NA,1,0
"Dc03456","locus088",1,1,NA,NA,1,NA,1,NA,1,0
"Dc03456","locus093",0.511944,1,1,NA,1,NA,1,NA,1,0
"Dc03456","locus096",1,1,1,NA,1,NA,1,NA,1,0
"Dc03456","locus098",1,1,NA,NA,1,1,1,NA,1,0
"Dc03456","locus100",0.50686,1,NA,NA,0.909408,NA,1,NA,1,0
"Dc03456","locus106",1,1,1,NA,1,NA,1,NA,1,0
"Dc03456","locus110",1,1,NA,NA,NA,NA,1,NA,1,0
"Dc03456","locus116",1,0.18231,NA,1,1,NA,1,NA,NA,0
"Dc03456","locus119",1,1,NA,NA,1,NA,0.64392,NA,NA,0
"Dc03456","locus120",0.74184,1,NA,NA,0.7034,1,1,NA,NA,0
"Dc03456","locus126",1,1,NA,NA,1,NA,1,1,NA,0
"Dc03456","locus128",1,1,NA,NA,1,NA,1,NA,NA,0
"Dc03456","locus129",1,1,NA,NA,1,NA,1,NA,NA,0
"Dc03456","locus130",1,1,NA,NA,1,NA,1,NA,NA,0
"Dc03456","locus134",1,1,1,NA,0.68766,1,1,NA,NA,0
"Dc03456","locus135",1,1,1,NA,1,NA,1,NA,NA,0
"Dc03456","locus137",0.44351,1,1,NA,1,NA,1,NA,NA,0
"Dc03456","locus139",0.62485,0.62485,1,NA,1,NA,0.642174,NA,NA,0
"Dc03456","locus140",0.759444,0.759444,1,NA,1,NA,0.86452,1,NA,0
"Dc03456","locus146",1,0.421656,NA,NA,1,NA,1,NA,NA,0
"Dc03456","locus148",0.51114,1,NA,1,1,NA,1,NA,NA,0
"Dc03456","locus151",1,1,NA,NA,1,1,1,NA,NA,0
"Dc03456","locus161",1,0.42744,NA,NA,1,NA,1,NA,NA,0
"Dc03456","locus165",1,0.17362,NA,NA,1,NA,1,1,NA,0
"Dc03456","locus170",0.578096,1,NA,NA,1,NA,0.578096,NA,NA,0
"Dc03456","locus176",1,1,NA,NA,1,1,1,NA,NA,0
"Dc03456","locus184",1,1,NA,NA,1,NA,1,NA,NA,0
"Dc03456","locus186",1,1,NA,NA,1,NA,1,NA,NA,0
"Dc03456","locus188",1,1,NA,1,1,NA,1,NA,NA,0
"Dc03456","locus189",1,1,1,1,1,NA,1,0.808668,NA,0
"Dc03456","locus190",1,1,1,NA,1,NA,1,NA,NA,0
"Dc03456","locus191",1,1,NA,NA,0.462128,NA,1,NA,NA,0
"Dc03456","locus192",1,1,NA,NA,1,NA,0.757904,NA,NA,0
"Dc03456","locus195",1,1,NA,NA,1,NA,1,NA,NA,0
"Dc03456","locus202",1,0.309876,NA,NA,1,NA,0.220704,NA,NA,0
"Dc03456","locus210",1,1,1,NA,1,NA,0.33017,NA,NA,0
"Dc03456","locus215",1,1,NA,NA,1,NA,1,NA,NA,0
"Dc03456","locus227",1,1,1,NA,1,NA,1,NA,NA,0
"Dc03456","locus231",1,1,NA,1,1,NA,1,NA,NA,0
"Dc03456","locus235",1,1,NA,NA,1,NA,0.649272,NA,NA,0
"Dc03456","locus236",1,1,NA,NA,1,NA,1,NA,NA,0
"Dc03456","locus237",0.736432,1,NA,NA,1,NA,1,NA,NA,0
"Dc03456","locus239",1,1,NA,NA,1,NA,1,NA,NA,0
"Dc03456","locus248",1,1,NA,NA,1,NA,1,NA,NA,0
"Dc03456","locus255",1,1,NA,NA,1,NA,NA,NA,NA,0
"Dc03456","locus256",0.63121,1,NA,NA,1,NA,1,0.806624,NA,0
"Dc03456","locus263",0.84344,1,NA,1,1,NA,1,NA,NA,0
"Dc03456","locus264",1,1,NA,1,1,NA,0.72066,NA,NA,0
"Dc03456","locus274",1,1,NA,NA,1,NA,0.617152,NA,NA,0
"Dc03456","locus280",1,1,NA,NA,1,NA,1,NA,NA,0
"Dc03456","locus282",1,1,NA,NA,1,NA,1,1,NA,0
"Dc03456","locus286",1,1,NA,NA,1,NA,1,NA,NA,0
"Dc03456","locus291",1,1,NA,NA,1,NA,1,NA,NA,0
"Dc03456","locus292",1,1,NA,NA,1,NA,0.633104,NA,NA,0
"Dc03456","locus296",1,1,1,1,1,NA,1,NA,NA,0
"Dc03456","locus301",1,1,NA,NA,1,NA,1,NA,NA,0
"Dc03456","locus314",1,1,NA,NA,1,NA,1,NA,NA,0
"Dc03456","locus321",0.347364,1,NA,NA,0.235944,NA,1,NA,NA,0
"Dc03456","locus322",1,1,NA,NA,1,1,1,1,NA,0
"Dc03456","locus323",0.501732,1,NA,NA,0.223488,NA,1,NA,NA,0
"Dc03456","locus329",1,1,NA,NA,1,1,1,NA,NA,0
"Dc03456","locus332",1,1,1,NA,1,NA,1,NA,NA,0
"Dc03456","locus349",1,1,NA,NA,1,NA,1,NA,NA,0
"Dc03456","locus358",1,1,NA,NA,1,NA,1,NA,NA,0
"Dc03456","locus359",1,1,NA,NA,1,NA,1,NA,NA,0
"Dc03456","locus360",0.896272,1,NA,NA,1,NA,0.896272,NA,NA,0
"Dc03556","Dc05864",1,1,NA,NA,1,NA,1,NA,1,0
"Dc03556","Dc06503",1,1,NA,NA,1,NA,1,NA,NA,0
"Dc03556","Dc07300",1,1,NA,NA,1,NA,1,1,1,0
"Dc03556","Dc07937",1,1,NA,1,1,NA,0.64288,1,1,0
"Dc03556","Dc08189",1,1,NA,NA,1,NA,1,1,1,0
"Dc03556","Dc08463",1,1,NA,NA,1,NA,0.408504,1,1,0
"Dc03556","Dc08578",1,1,NA,NA,1,NA,0.83676,NA,NA,0
"Dc03556","Dc08865",0.31917,1,NA,NA,1,NA,1,NA,1,0
"Dc03556","Dc10003",1,1,NA,NA,1,NA,1,NA,NA,0
"Dc03556","Dc10390",0.55843,1,NA,NA,1,NA,1,NA,1,0
"Dc03556","Dc10878",1,1,NA,NA,1,NA,1,NA,1,0
"Dc03556","Dc10885",1,1,NA,NA,1,NA,1,NA,0.59206,0
"Dc03556","Dc11203",1,1,NA,NA,1,NA,1,NA,1,0
"Dc03556","Dc11714",1,1,NA,NA,1,NA,1,NA,1,0
"Dc03556","Dc13159",0.17154,1,NA,NA,1,NA,1,NA,1,0
"Dc03556","Dc13592",1,1,NA,NA,1,NA,1,1,1,0
"Dc03556","Dc14022",1,1,1,NA,1,NA,1,NA,1,0
"Dc03556","Dc14945",0.20897,1,NA,NA,1,NA,0.20897,NA,1,0
"Dc03556","Dc16747",1,1,NA,NA,1,NA,1,NA,1,0
"Dc03556","Dc18951",1,1,NA,1,1,NA,1,NA,1,0
"Dc03556","Dc20232",0.618168,1,NA,NA,1,1,1,NA,0.6388,0
"Dc03556","Dc22883",1,1,1,NA,1,NA,1,NA,1,0
"Dc03556","Dc22887",1,1,NA,NA,1,NA,1,NA,1,0
"Dc03556","Dc27955",1,0.63714,NA,NA,1,1,1,NA,1,0
"Dc03556","Dc28124",0.246888,0.53802,NA,1,1,NA,1,NA,1,0
"Dc03556","Dc28776",1,1,NA,NA,1,NA,1,NA,1,0
"Dc03556","Dc30071",1,1,NA,NA,1,NA,0.90275,NA,1,0
"Dc03556","Dc31007",1,1,NA,NA,1,NA,0.148744,NA,NA,0
"Dc03556","Dc33714",1,1,NA,NA,1,1,1,1,1,0
"Dc03556","Dc33907",1,0.98026,NA,NA,1,NA,1,0.399192,1,0
"Dc03556","Dc34902",1,1,NA,NA,1,NA,0.65255,NA,1,0
"Dc03556","Dc35779",1,1,NA,NA,1,1,1,NA,1,0
"Dc03556","Dc36571",1,1,NA,NA,1,NA,1,NA,0.90882,0
"Dc03556","Dc36616",0.37821,0.98678,NA,1,0.86208,1,1,NA,1,0
"Dc03556","Dc36767",0.286384,1,NA,NA,1,NA,1,NA,NA,0
"Dc03556","Dc40235",1,1,NA,NA,0.62913,NA,1,NA,0.62913,0
"Dc03556","Dc41234",1,1,1,1,1,NA,1,NA,1,0
"Dc03556","Dc46984",1,1,NA,NA,0.96166,NA,1,NA,0.96166,0
"Dc03556","Dc47572",1,1,NA,NA,1,NA,0.31245,NA,1,0
"Dc03556","Dc47935",1,1,NA,NA,1,1,1,1,0.768432,0
"Dc03556","Dc48207",1,1,1,NA,1,1,1,NA,1,0
"Dc03556","Dc48950",1,1,NA,NA,1,NA,1,NA,1,0
"Dc03556","Dc49080",1,1,1,1,1,NA,1,NA,1,0
"Dc03556","Dc49184",1,1,NA,1,1,NA,0.3621,NA,0.54463,0
"Dc03556","Dc51020",1,1,1,NA,1,NA,1,NA,1,0
"Dc03556","Dc52523",0.38174,1,NA,NA,1,NA,1,NA,1,0
"Dc03556","Dc55481",1,1,NA,NA,1,NA,1,NA,0.44554,0
"Dc03556","Dc58248",1,1,NA,NA,1,NA,1,NA,1,0
"Dc03556","Dc62188",1,1,NA,NA,1,NA,1,NA,1,0
"Dc03556","Dc67011",1,1,NA,1,1,NA,1,NA,1,0
"Dc03556","locus002",1,1,1,NA,1,NA,1,NA,1,0
"Dc03556","locus003",1,1,1,1,1,NA,1,NA,1,0
"Dc03556","locus004",1,1,1,NA,1,NA,1,NA,1,0
"Dc03556","locus005",1,0.779296,NA,NA,1,NA,0.06742,NA,1,0
"Dc03556","locus006",0.92636,1,NA,NA,1,NA,0.09956,NA,1,0
"Dc03556","locus008",1,1,NA,NA,1,1,1,1,1,0
"Dc03556","locus013",1,1,NA,NA,1,NA,1,NA,1,0
"Dc03556","locus014",0.67956,1,NA,NA,1,NA,1,NA,1,0
"Dc03556","locus022",1,1,NA,NA,1,NA,1,NA,1,0
"Dc03556","locus024",1,1,1,NA,1,1,0.97034,NA,1,0
"Dc03556","locus025",1,1,NA,NA,1,NA,1,NA,1,0
"Dc03556","locus027",1,1,NA,1,1,NA,0.176928,NA,1,0
"Dc03556","locus030",1,1,NA,1,1,NA,1,NA,1,0
"Dc03556","locus038",1,1,NA,NA,1,NA,1,NA,1,0
"Dc03556","locus039",0.92405,1,NA,NA,1,NA,0.92405,NA,1,0
"Dc03556","locus040",1,1,NA,NA,1,NA,1,NA,1,0
"Dc03556","locus045",1,1,NA,1,1,NA,1,NA,1,0
"Dc03556","locus047",1,1,NA,NA,1,NA,0.66994,NA,1,0
"Dc03556","locus053",1,1,NA,NA,1,NA,1,1,1,0
"Dc03556","locus055",1,1,NA,NA,1,NA,1,NA,1,0
"Dc03556","locus056",1,1,NA,NA,1,NA,1,NA,1,0
"Dc03556","locus058",1,1,NA,NA,1,NA,1,NA,0.95104,0
"Dc03556","locus060",0.770936,1,NA,NA,1,NA,0.05196,NA,1,0
"Dc03556","locus061",1,0.53544,NA,NA,1,NA,1,NA,1,0
"Dc03556","locus062",0.94865,1,NA,NA,1,NA,1,NA,1,0
"Dc03556","locus064",1,0.711032,NA,1,1,NA,0.711032,1,1,0
"Dc03556","locus065",1,1,NA,NA,1,NA,1,NA,1,0
"Dc03556","locus073",1,1,1,NA,0.602832,NA,1,NA,1,0
"Dc03556","locus074",0.914624,0.17807,NA,NA,0.914624,NA,0.914624,NA,0.914624,0
"Dc03556","locus076",0.6761,1,NA,NA,1,NA,1,NA,1,0
"Dc03556","locus077",1,1,NA,NA,1,NA,0.46384,NA,1,0
"Dc03556","locus080",1,1,NA,1,1,NA,1,NA,1,0
"Dc03556","locus083",1,1,NA,NA,0.83456,NA,1,NA,1,0
"Dc03556","locus088",1,1,NA,NA,1,NA,1,NA,0.7086,0
"Dc03556","locus093",1,1,1,NA,1,NA,0.49266,NA,1,0
"Dc03556","locus096",1,1,1,NA,1,NA,1,NA,1,0
"Dc03556","locus098",1,1,NA,NA,1,1,1,NA,1,0
"Dc03556","locus106",0.202368,1,1,NA,1,NA,1,NA,1,0
"Dc03556","locus110",0.96428,1,NA,NA,NA,NA,1,NA,1,0
"Dc03556","locus116",1,1,NA,1,0.919688,NA,0.88505,NA,NA,0
"Dc03556","locus119",0.815632,1,NA,NA,1,NA,1,NA,NA,0
"Dc03556","locus120",1,1,NA,NA,1,1,1,NA,NA,0
"Dc03556","locus126",0.33614,1,NA,NA,1,NA,0.369704,1,NA,0
"Dc03556","locus128",0.968876,0.588372,NA,NA,0.460104,NA,0.968876,NA,NA,0
"Dc03556","locus129",1,1,NA,NA,0.859128,NA,0.79392,NA,NA,0
"Dc03556","locus130",1,1,NA,NA,1,NA,1,NA,NA,0
"Dc03556","locus134",1,1,1,NA,1,1,1,NA,NA,0
"Dc03556","locus135",1,0.17543,1,NA,1,NA,1,NA,NA,0
"Dc03556","locus137",1,1,1,NA,1,NA,1,NA,NA,0
"Dc03556","locus139",1,1,1,NA,1,NA,1,NA,NA,0
"Dc03556","locus140",1,1,1,NA,1,NA,1,1,NA,0
"Dc03556","locus146",1,1,NA,NA,1,NA,1,NA,NA,0
"Dc03556","locus148",1,1,NA,0.5057,1,NA,1,NA,NA,0
"Dc03556","locus157",1,1,NA,NA,1,NA,1,NA,NA,0
"Dc03556","locus161",0.92904,0.92904,NA,NA,0.427416,NA,0.08156,NA,NA,0
"Dc03556","locus165",1,1,NA,NA,0.32304,NA,1,1,NA,0
"Dc03556","locus176",0.28057,1,NA,NA,0.89984,1,1,NA,NA,0
"Dc03556","locus184",1,1,NA,NA,1,NA,0.681216,NA,NA,0
"Dc03556","locus186",1,1,NA,NA,1,NA,1,NA,NA,0
"Dc03556","locus189",1,1,1,1,1,NA,1,1,NA,0
"Dc03556","locus190",1,1,1,NA,1,1,1,NA,NA,0
"Dc03556","locus191",1,1,NA,NA,1,NA,1,NA,NA,0
"Dc03556","locus192",1,1,NA,NA,1,NA,1,NA,NA,0
"Dc03556","locus202",0.29768,1,NA,NA,1,NA,1,NA,NA,0
"Dc03556","locus210",1,1,1,NA,1,NA,1,NA,NA,0
"Dc03556","locus215",0.071496,0.586578,NA,NA,1,NA,0.851928,NA,NA,0
"Dc03556","locus227",1,1,1,NA,1,NA,1,NA,NA,0
"Dc03556","locus231",1,1,NA,1,1,NA,1,NA,NA,0
"Dc03556","locus235",1,1,NA,NA,1,NA,1,NA,NA,0
"Dc03556","locus236",0.918208,0.918208,NA,NA,0.918208,NA,0.918208,NA,NA,0
"Dc03556","locus237",0.71565,1,NA,NA,0.453104,NA,1,NA,NA,0
"Dc03556","locus239",0.332424,1,NA,NA,1,NA,1,NA,NA,0
"Dc03556","locus248",0.609752,0.927436,NA,NA,0.927436,NA,0.700134,NA,NA,0
"Dc03556","locus255",1,1,NA,NA,1,NA,NA,NA,NA,0
"Dc03556","locus256",1,1,NA,NA,1,NA,1,1,NA,0
"Dc03556","locus263",1,1,NA,1,1,NA,1,NA,NA,0
"Dc03556","locus264",1,1,NA,1,1,NA,0.26012,NA,NA,0
"Dc03556","locus274",1,0.991264,NA,NA,1,NA,1,NA,NA,0
"Dc03556","locus280",1,1,NA,NA,1,NA,1,NA,NA,0
"Dc03556","locus282",0.11729,1,NA,NA,0.448,NA,1,0.766158,NA,0
"Dc03556","locus286",1,1,NA,NA,0.56888,NA,0.56888,NA,NA,0
"Dc03556","locus291",1,1,NA,NA,1,NA,1,NA,NA,0
"Dc03556","locus292",1,1,NA,NA,1,NA,1,NA,NA,0
"Dc03556","locus296",1,1,1,1,1,NA,1,NA,NA,0
"Dc03556","locus301",0.972784,0.424144,NA,NA,0.972784,NA,0.968526,NA,NA,0
"Dc03556","locus314",0.430392,1,NA,NA,1,NA,1,NA,NA,0
"Dc03556","locus321",0.74004,1,NA,NA,1,NA,1,NA,NA,0
"Dc03556","locus322",1,1,NA,NA,1,1,1,1,NA,0
"Dc03556","locus323",1,1,NA,NA,1,NA,1,NA,NA,0
"Dc03556","locus329",1,1,NA,NA,1,NA,1,NA,NA,0
"Dc03556","locus332",1,1,1,NA,1,NA,1,NA,NA,0
"Dc03556","locus349",0.253824,0.555996,NA,NA,0.22412,NA,0.555996,NA,NA,0
"Dc03556","locus358",1,1,NA,NA,1,NA,0.442944,NA,NA,0
"Dc03556","locus359",1,1,NA,NA,1,NA,1,NA,NA,0
"Dc03556","locus360",1,1,NA,NA,1,NA,1,NA,NA,0
"Dc05864","Dc06503",1,1,NA,NA,0.568064,NA,1,NA,NA,0
"Dc05864","Dc07300",1,1,NA,NA,0.50953,NA,1,NA,0.50953,0
"Dc05864","Dc07937",0.95902,1,NA,1,0.703548,NA,1,NA,0.95902,0
"Dc05864","Dc08189",1,1,NA,NA,1,NA,1,NA,1,0
"Dc05864","Dc08463",1,1,NA,NA,0.70876,NA,1,NA,1,0
"Dc05864","Dc08578",1,1,NA,NA,1,NA,1,NA,NA,0
"Dc05864","Dc08865",0.467712,0.914264,NA,NA,0.467712,NA,0.311,NA,0.566596,0
"Dc05864","Dc10003",1,0.855368,NA,NA,1,NA,1,NA,NA,0
"Dc05864","Dc10390",1,1,NA,NA,1,NA,0.07943,NA,1,0
"Dc05864","Dc10878",1,1,NA,NA,1,NA,1,NA,1,0
"Dc05864","Dc10885",1,1,NA,NA,1,NA,1,NA,1,0
"Dc05864","Dc11203",0.834216,1,NA,NA,1,NA,0.13359,NA,0.860178,0
"Dc05864","Dc11714",1,1,NA,NA,1,NA,1,NA,1,0
"Dc05864","Dc13159",0.1646,1,NA,NA,0.4706,NA,1,NA,1,0
"Dc05864","Dc13592",1,1,NA,NA,1,NA,1,NA,1,0
"Dc05864","Dc14022",0.415584,1,1,NA,0.72423,NA,1,NA,1,0
"Dc05864","Dc14945",1,1,NA,NA,1,NA,1,NA,1,0
"Dc05864","Dc16747",0.884448,1,NA,NA,0.884448,NA,1,NA,0.43273,0
"Dc05864","Dc18951",1,1,NA,1,1,NA,1,NA,1,0
"Dc05864","Dc20232",1,1,NA,NA,1,NA,1,NA,1,0
"Dc05864","Dc22887",1,1,NA,NA,1,NA,1,NA,1,0
"Dc05864","Dc27955",1,1,NA,NA,1,NA,1,NA,1,0
"Dc05864","Dc28124",1,1,NA,1,0.865632,NA,1,NA,1,0
"Dc05864","Dc28776",1,1,NA,NA,1,NA,1,NA,1,0
"Dc05864","Dc30071",0.61762,1,NA,NA,1,NA,1,NA,1,0
"Dc05864","Dc31007",1,1,NA,NA,1,NA,1,NA,NA,0
"Dc05864","Dc33714",1,1,1,NA,0.694656,NA,1,NA,1,0
"Dc05864","Dc33907",1,1,NA,NA,1,NA,1,NA,1,0
"Dc05864","Dc34902",1,0.2963,NA,NA,1,NA,1,NA,1,0
"Dc05864","Dc35779",1,1,NA,NA,1,NA,1,NA,1,0
"Dc05864","Dc36571",1,1,NA,NA,1,NA,1,NA,1,0
"Dc05864","Dc36616",1,1,NA,1,1,NA,1,NA,1,0
"Dc05864","Dc36767",1,1,NA,NA,1,NA,0.514816,NA,NA,0
"Dc05864","Dc40235",1,1,NA,NA,1,NA,0.543,NA,1,0
"Dc05864","Dc41234",1,1,NA,1,1,NA,1,NA,1,0
"Dc05864","Dc46984",1,1,NA,NA,1,NA,1,NA,1,0
"Dc05864","Dc47572",1,1,NA,NA,0.62057,NA,1,NA,1,0
"Dc05864","Dc47935",1,1,NA,NA,1,NA,1,NA,1,0
"Dc05864","Dc48207",1,1,1,NA,1,NA,1,NA,1,0
"Dc05864","Dc48950",1,1,NA,NA,1,NA,1,NA,1,0
"Dc05864","Dc49080",1,1,1,1,1,NA,1,NA,1,0
"Dc05864","Dc49184",1,1,NA,1,0.869088,NA,0.869088,NA,1,0
"Dc05864","Dc51020",1,0.329136,1,NA,1,NA,1,NA,1,0
"Dc05864","Dc52523",1,1,NA,NA,1,NA,1,NA,1,0
"Dc05864","Dc55481",1,1,NA,NA,0.71218,NA,1,NA,1,0
"Dc05864","Dc58248",0.952312,1,NA,NA,0.58387,NA,0.952312,NA,1,0
"Dc05864","Dc62188",1,1,NA,NA,1,NA,1,NA,1,0
"Dc05864","Dc67011",1,1,NA,1,1,NA,1,NA,1,0
"Dc05864","locus002",1,1,NA,NA,1,NA,1,NA,1,0
"Dc05864","locus003",1,1,1,1,1,NA,1,NA,1,0
"Dc05864","locus004",0.527088,1,1,NA,1,NA,1,NA,1,0
"Dc05864","locus005",1,1,NA,NA,1,NA,1,NA,0.14107,0
"Dc05864","locus006",1,1,NA,NA,1,NA,1,NA,1,0
"Dc05864","locus008",1,1,NA,NA,1,NA,0.52122,NA,1,0
"Dc05864","locus013",1,1,NA,NA,1,NA,1,NA,1,0
"Dc05864","locus014",1,0.56691,NA,NA,1,NA,0.895256,NA,1,0
"Dc05864","locus022",1,1,NA,NA,1,NA,1,NA,1,0
"Dc05864","locus024",1,1,1,NA,1,NA,1,NA,1,0
"Dc05864","locus025",0.86956,1,NA,NA,1,NA,1,NA,0.09523,0
"Dc05864","locus027",1,1,NA,1,0.726288,NA,1,NA,1,0
"Dc05864","locus030",1,1,NA,1,1,NA,0.272244,NA,1,0
"Dc05864","locus035",1,1,NA,NA,1,NA,0.93223,NA,1,0
"Dc05864","locus038",1,0.56734,NA,NA,1,NA,1,NA,1,0
"Dc05864","locus039",1,1,NA,NA,1,NA,1,NA,1,0
"Dc05864","locus040",1,1,NA,NA,1,NA,0.43831,NA,1,0
"Dc05864","locus041",1,1,NA,NA,1,NA,1,NA,1,0
"Dc05864","locus045",1,1,NA,1,1,NA,1,NA,0.573024,0
"Dc05864","locus047",0.948616,0.736176,NA,NA,0.62468,NA,0.62468,NA,0.691704,0
"Dc05864","locus048",1,1,NA,NA,1,NA,0.47363,NA,1,0
"Dc05864","locus053",0.80976,1,NA,NA,1,NA,0.80976,NA,1,0
"Dc05864","locus055",1,1,NA,NA,1,NA,1,NA,1,0
"Dc05864","locus056",1,1,NA,NA,1,NA,1,NA,0.42759,0
"Dc05864","locus058",1,1,NA,NA,0.62107,NA,1,NA,1,0
"Dc05864","locus060",1,1,NA,NA,0.265552,NA,0.18716,NA,0.265552,0
"Dc05864","locus061",0.45042,1,NA,NA,1,NA,1,NA,1,0
"Dc05864","locus062",1,1,NA,NA,1,NA,1,NA,1,0
"Dc05864","locus064",0.200448,1,NA,1,1,NA,0.41542,NA,1,0
"Dc05864","locus065",1,1,NA,NA,1,NA,1,NA,1,0
"Dc05864","locus073",1,1,1,NA,1,NA,1,NA,1,0
"Dc05864","locus074",0.93763,1,NA,NA,1,NA,1,NA,1,0
"Dc05864","locus076",0.44127,1,NA,NA,1,NA,1,NA,1,0
"Dc05864","locus077",1,1,NA,NA,1,NA,1,NA,0.47567,0
"Dc05864","locus080",1,1,NA,1,1,NA,1,NA,0.522804,0
"Dc05864","locus083",1,0.35644,NA,NA,1,NA,1,NA,1,0
"Dc05864","locus088",1,1,NA,NA,1,NA,1,NA,1,0
"Dc05864","locus093",1,1,1,NA,1,NA,0.892668,NA,1,0
"Dc05864","locus096",0.906852,1,1,NA,1,NA,1,NA,1,0
"Dc05864","locus098",1,0.61541,NA,NA,1,NA,1,NA,1,0
"Dc05864","locus100",0.66887,1,NA,NA,1,NA,1,NA,1,0
"Dc05864","locus106",1,1,1,NA,1,NA,1,NA,1,0
"Dc05864","locus110",1,1,NA,NA,NA,NA,1,NA,1,0
"Dc05864","locus116",0.19038,1,NA,1,1,NA,0.239232,NA,NA,0
"Dc05864","locus119",1,1,NA,NA,1,NA,0.355368,NA,NA,0
"Dc05864","locus120",1,1,NA,NA,1,NA,1,NA,NA,0
"Dc05864","locus126",1,1,NA,NA,1,NA,1,NA,NA,0
"Dc05864","locus128",1,1,NA,NA,1,NA,1,NA,NA,0
"Dc05864","locus130",1,1,NA,NA,1,NA,0.21152,NA,NA,0
"Dc05864","locus134",1,1,NA,NA,1,NA,1,NA,NA,0
"Dc05864","locus135",0.916088,1,1,NA,0.916088,NA,0.82054,NA,NA,0
"Dc05864","locus137",1,0.39353,1,NA,1,NA,1,NA,NA,0
"Dc05864","locus139",1,1,1,NA,1,NA,1,NA,NA,0
"Dc05864","locus140",1,1,1,NA,1,NA,1,NA,NA,0
"Dc05864","locus146",1,1,NA,NA,1,NA,1,NA,NA,0
"Dc05864","locus148",1,1,NA,1,1,NA,1,NA,NA,0
"Dc05864","locus151",1,1,NA,NA,1,NA,1,NA,NA,0
"Dc05864","locus157",0.639368,0.640578,NA,NA,1,NA,1,NA,NA,0
"Dc05864","locus161",1,1,NA,NA,1,NA,1,NA,NA,0
"Dc05864","locus165",1,1,NA,NA,1,NA,0.417728,NA,NA,0
"Dc05864","locus170",1,1,NA,NA,1,NA,1,NA,NA,0
"Dc05864","locus176",1,1,NA,NA,1,NA,0.810168,NA,NA,0
"Dc05864","locus184",0.571032,0.571032,NA,NA,0.671764,NA,0.671764,NA,NA,0
"Dc05864","locus186",0.640662,0.640662,NA,NA,0.640662,NA,0.483264,NA,NA,0
"Dc05864","locus188",1,1,NA,1,1,NA,1,NA,NA,0
"Dc05864","locus189",1,1,1,1,1,NA,1,NA,NA,0
"Dc05864","locus190",1,1,1,NA,1,NA,0.53992,NA,NA,0
"Dc05864","locus191",0.216896,1,NA,NA,1,NA,1,NA,NA,0
"Dc05864","locus192",1,1,NA,NA,1,NA,1,NA,NA,0
"Dc05864","locus195",1,1,NA,NA,1,NA,1,NA,NA,0
"Dc05864","locus202",1,0.52128,NA,NA,1,NA,1,NA,NA,0
"Dc05864","locus210",1,1,NA,NA,1,NA,1,NA,NA,0
"Dc05864","locus215",1,1,NA,NA,1,NA,1,NA,NA,0
"Dc05864","locus227",1,1,1,NA,1,NA,1,NA,NA,0
"Dc05864","locus231",1,1,NA,1,1,NA,1,NA,NA,0
"Dc05864","locus235",0.654384,1,NA,NA,1,NA,1,NA,NA,0
"Dc05864","locus236",1,1,NA,NA,1,NA,1,NA,NA,0
"Dc05864","locus237",0.461624,0.28332,NA,NA,1,NA,0.286398,NA,NA,0
"Dc05864","locus248",1,1,NA,NA,1,NA,1,NA,NA,0
"Dc05864","locus255",1,1,NA,NA,1,NA,NA,NA,NA,0
"Dc05864","locus256",1,1,NA,NA,1,NA,1,NA,NA,0
"Dc05864","locus263",1,1,NA,1,0.70932,NA,1,NA,NA,0
"Dc05864","locus264",1,1,NA,1,1,NA,1,NA,NA,0
"Dc05864","locus274",0.90972,1,NA,NA,1,NA,1,NA,NA,0
"Dc05864","locus280",1,1,NA,NA,0.803328,NA,1,NA,NA,0
"Dc05864","locus282",0.950946,0.2468,NA,NA,1,NA,0.950946,NA,NA,0
"Dc05864","locus286",1,1,NA,NA,1,NA,1,NA,NA,0
"Dc05864","locus291",1,1,NA,NA,1,NA,1,NA,NA,0
"Dc05864","locus292",1,1,NA,NA,1,NA,1,NA,NA,0
"Dc05864","locus296",0.843828,1,1,1,1,NA,1,NA,NA,0
"Dc05864","locus301",1,0.2408,NA,NA,1,NA,1,NA,NA,0
"Dc05864","locus314",1,1,NA,NA,1,NA,1,NA,NA,0
"Dc05864","locus321",1,1,NA,NA,1,NA,1,NA,NA,0
"Dc05864","locus322",0.527676,1,NA,NA,1,NA,0.16364,NA,NA,0
"Dc05864","locus323",0.16648,1,NA,NA,1,NA,1,NA,NA,0
"Dc05864","locus329",1,1,NA,NA,1,NA,1,NA,NA,0
"Dc05864","locus332",1,1,1,NA,1,NA,1,NA,NA,0
"Dc05864","locus349",0.981872,0.981872,NA,NA,0.981872,NA,0.981872,NA,NA,0
"Dc05864","locus358",1,0.944382,NA,NA,1,NA,0.6544,NA,NA,0
"Dc05864","locus359",0.736112,1,NA,NA,1,NA,0.928062,NA,NA,0
"Dc05864","locus360",1,1,NA,NA,1,NA,0.55648,NA,NA,0
"Dc06503","Dc07300",0.122144,1,NA,NA,1,NA,1,NA,NA,0
"Dc06503","Dc07937",1,1,NA,NA,1,NA,0.157976,NA,NA,0
"Dc06503","Dc08054",1,1,NA,NA,1,NA,1,NA,NA,0
"Dc06503","Dc08189",1,1,NA,NA,1,NA,1,NA,NA,0
"Dc06503","Dc08463",1,0.853914,NA,NA,0.575472,NA,1,NA,NA,0
"Dc06503","Dc08578",0.47148,0.47148,NA,NA,0.665068,NA,0.665068,NA,NA,0
"Dc06503","Dc08865",1,1,NA,NA,1,NA,1,NA,NA,0
"Dc06503","Dc10003",1,1,NA,NA,1,NA,1,NA,NA,0
"Dc06503","Dc10390",1,1,NA,NA,1,NA,1,NA,NA,0
"Dc06503","Dc10878",1,1,NA,1,1,NA,1,NA,NA,0
"Dc06503","Dc10885",1,1,NA,NA,1,NA,1,NA,NA,0
"Dc06503","Dc11203",1,1,1,NA,1,NA,1,NA,NA,0
"Dc06503","Dc11714",1,1,NA,NA,1,NA,0.544208,NA,NA,0
"Dc06503","Dc13159",1,1,NA,NA,1,NA,0.615728,NA,NA,0
"Dc06503","Dc13592",0.62546,1,1,NA,1,NA,1,NA,NA,0
"Dc06503","Dc14022",1,1,1,NA,0.71189,NA,1,NA,NA,0
"Dc06503","Dc14945",1,1,NA,NA,1,NA,1,NA,NA,0
"Dc06503","Dc16747",0.85734,1,NA,1,1,NA,1,NA,NA,0
"Dc06503","Dc18951",1,1,NA,NA,1,NA,1,NA,NA,0
"Dc06503","Dc20232",0.353504,1,NA,NA,1,NA,1,NA,NA,0
"Dc06503","Dc22883",1,1,NA,NA,1,NA,1,NA,NA,0
"Dc06503","Dc22887",1,1,NA,1,1,NA,1,NA,NA,0
"Dc06503","Dc27955",1,1,NA,NA,1,NA,0.51356,NA,NA,0
"Dc06503","Dc28124",1,1,1,NA,0.71078,NA,0.71078,NA,NA,0
"Dc06503","Dc28776",1,1,NA,NA,1,NA,1,NA,NA,0
"Dc06503","Dc30071",0.15907,1,NA,1,1,NA,1,NA,NA,0
"Dc06503","Dc31007",0.070904,1,NA,NA,1,NA,1,NA,NA,0
"Dc06503","Dc33714",0.69837,1,NA,NA,0.567312,NA,0.69837,NA,NA,0
"Dc06503","Dc33907",1,1,NA,NA,1,NA,1,NA,NA,0
"Dc06503","Dc34902",1,1,NA,NA,1,NA,1,NA,NA,0
"Dc06503","Dc35779",1,1,1,NA,1,NA,0.08241,NA,NA,0
"Dc06503","Dc36571",1,1,NA,1,1,NA,1,NA,NA,0
"Dc06503","Dc36616",1,1,1,NA,1,NA,1,NA,NA,0
"Dc06503","Dc36767",0.506616,1,NA,NA,1,NA,1,NA,NA,0
"Dc06503","Dc40235",1,1,NA,NA,1,NA,0.72784,NA,NA,0
"Dc06503","Dc41234",0.1472,1,NA,NA,1,NA,0.27354,NA,NA,0
"Dc06503","Dc46984",0.35476,1,NA,NA,1,NA,1,NA,NA,0
"Dc06503","Dc47572",1,1,1,NA,0.71899,NA,1,NA,NA,0
"Dc06503","Dc47935",0.280312,1,NA,NA,0.863706,NA,1,NA,NA,0
"Dc06503","Dc48207",1,1,1,NA,1,NA,0.92574,NA,NA,0
"Dc06503","Dc48950",0.971112,0.71039,NA,1,1,NA,1,NA,NA,0
"Dc06503","Dc49080",1,1,NA,1,1,NA,1,NA,NA,0
"Dc06503","Dc49184",1,1,NA,NA,1,NA,1,NA,NA,0
"Dc06503","Dc51020",1,1,NA,NA,1,NA,0.59364,NA,NA,0
"Dc06503","Dc52523",1,1,1,NA,1,NA,1,NA,NA,0
"Dc06503","Dc55481",1,1,NA,NA,1,NA,1,NA,NA,0
"Dc06503","Dc58248",0.094968,1,NA,NA,1,NA,1,NA,NA,0
"Dc06503","Dc62188",1,1,1,1,1,NA,0.651144,NA,NA,0
"Dc06503","Dc67011",1,1,NA,1,1,NA,1,NA,NA,0
"Dc06503","locus002",0.869416,1,NA,NA,1,NA,1,NA,NA,0
"Dc06503","locus003",1,1,NA,NA,1,NA,0.541056,NA,NA,0
"Dc06503","locus004",1,1,NA,NA,1,NA,1,NA,NA,0
"Dc06503","locus005",0.42353,1,1,NA,1,NA,1,NA,NA,0
"Dc06503","locus006",1,1,NA,NA,1,NA,1,NA,NA,0
"Dc06503","locus008",1,1,NA,NA,1,NA,0.580712,NA,NA,0
"Dc06503","locus013",1,1,NA,NA,1,NA,1,NA,NA,0
"Dc06503","locus014",1,1,1,NA,1,NA,1,NA,NA,0
"Dc06503","locus022",1,1,1,NA,1,NA,0.30952,NA,NA,0
"Dc06503","locus024",1,1,NA,NA,1,NA,0.278616,NA,NA,0
"Dc06503","locus025",1,0.72054,NA,1,1,NA,1,NA,NA,0
"Dc06503","locus027",1,1,NA,NA,0.56828,NA,1,NA,NA,0
"Dc06503","locus030",1,1,1,NA,1,NA,1,NA,NA,0
"Dc06503","locus035",1,1,NA,NA,1,NA,1,NA,NA,0
"Dc06503","locus038",0.633282,1,NA,NA,1,NA,0.508344,NA,NA,0
"Dc06503","locus039",1,1,NA,NA,1,NA,1,NA,NA,0
"Dc06503","locus040",0.29112,1,NA,NA,1,NA,0.318912,NA,NA,0
"Dc06503","locus045",1,1,NA,NA,1,NA,0.27668,NA,NA,0
"Dc06503","locus047",0.99517,1,1,NA,1,NA,1,NA,NA,0
"Dc06503","locus048",1,1,NA,NA,1,NA,1,NA,NA,0
"Dc06503","locus053",0.449552,0.858524,NA,NA,1,NA,0.564012,NA,NA,0
"Dc06503","locus055",1,1,1,NA,1,NA,0.95897,NA,NA,0
"Dc06503","locus056",1,1,NA,NA,1,NA,1,NA,NA,0
"Dc06503","locus058",1,1,NA,NA,1,NA,1,NA,NA,0
"Dc06503","locus060",1,1,NA,NA,1,NA,1,NA,NA,0
"Dc06503","locus061",1,1,NA,NA,1,NA,1,NA,NA,0
"Dc06503","locus062",1,1,NA,1,1,NA,1,NA,NA,0
"Dc06503","locus064",1,1,NA,NA,1,NA,0.305976,NA,NA,0
"Dc06503","locus065",1,1,NA,NA,1,NA,0.222328,NA,NA,0
"Dc06503","locus073",0.15296,1,NA,NA,1,NA,1,NA,NA,0
"Dc06503","locus074",1,1,NA,NA,1,NA,1,NA,NA,0
"Dc06503","locus076",1,1,NA,NA,1,NA,1,NA,NA,0
"Dc06503","locus077",1,1,NA,NA,1,NA,0.431592,NA,NA,0
"Dc06503","locus080",1,1,NA,NA,1,NA,1,NA,NA,0
"Dc06503","locus083",1,1,NA,NA,1,NA,1,NA,NA,0
"Dc06503","locus088",0.220648,1,NA,NA,1,NA,1,NA,NA,0
"Dc06503","locus093",1,1,1,NA,1,NA,1,NA,NA,0
"Dc06503","locus096",1,1,1,NA,1,NA,1,NA,NA,0
"Dc06503","locus098",0.889156,0.859608,NA,NA,1,NA,0.366216,NA,NA,0
"Dc06503","locus100",1,1,NA,NA,1,NA,1,NA,NA,0
"Dc06503","locus106",1,1,NA,NA,1,NA,1,NA,NA,0
"Dc06503","locus110",1,1,NA,NA,NA,NA,0.848748,NA,NA,0
"Dc06503","locus116",1,1,NA,NA,1,NA,0.216864,NA,NA,0
"Dc06503","locus119",1,1,NA,NA,1,NA,1,NA,NA,0
"Dc06503","locus120",1,1,NA,NA,1,NA,1,NA,NA,0
"Dc06503","locus126",0.778352,1,NA,NA,1,NA,1,NA,NA,0
"Dc06503","locus128",1,1,1,NA,1,NA,0.44514,NA,NA,0
"Dc06503","locus129",1,1,NA,NA,1,NA,1,NA,NA,0
"Dc06503","locus130",1,1,1,NA,1,NA,1,NA,NA,0
"Dc06503","locus134",0.762576,1,NA,NA,1,NA,1,NA,NA,0
"Dc06503","locus135",1,0.86382,NA,NA,1,NA,0.104928,NA,NA,0
"Dc06503","locus137",1,1,NA,NA,1,NA,0.63276,NA,NA,0
"Dc06503","locus139",1,1,1,NA,1,NA,1,NA,NA,0
"Dc06503","locus140",1,1,1,NA,1,NA,1,NA,NA,0
"Dc06503","locus146",0.73332,1,NA,1,1,NA,1,NA,NA,0
"Dc06503","locus148",1,0.566712,NA,NA,1,NA,1,NA,NA,0
"Dc06503","locus151",1,1,NA,NA,1,NA,1,NA,NA,0
"Dc06503","locus157",1,1,NA,NA,1,NA,1,NA,NA,0
"Dc06503","locus161",1,1,NA,NA,1,NA,1,NA,NA,0
"Dc06503","locus165",1,1,NA,NA,1,NA,1,NA,NA,0
"Dc06503","locus170",1,1,NA,NA,1,NA,1,NA,NA,0
"Dc06503","locus176",1,1,1,NA,1,NA,1,NA,NA,0
"Dc06503","locus184",0.33332,1,NA,NA,1,NA,0.610548,NA,NA,0
"Dc06503","locus186",0.35016,1,NA,NA,1,NA,0.929268,NA,NA,0
"Dc06503","locus188",1,1,1,NA,1,NA,1,NA,NA,0
"Dc06503","locus189",1,1,1,NA,1,NA,1,NA,NA,0
"Dc06503","locus190",1,1,1,NA,1,NA,1,NA,NA,0
"Dc06503","locus191",1,1,NA,1,1,NA,1,NA,NA,0
"Dc06503","locus192",1,1,NA,NA,1,NA,1,NA,NA,0
"Dc06503","locus195",1,1,NA,NA,1,NA,1,NA,NA,0
"Dc06503","locus202",1,1,NA,NA,1,NA,1,NA,NA,0
"Dc06503","locus210",1,1,NA,NA,1,NA,1,NA,NA,0
"Dc06503","locus215",1,1,NA,NA,0.568824,NA,1,NA,NA,0
"Dc06503","locus227",1,1,1,NA,1,NA,1,NA,NA,0
"Dc06503","locus231",1,1,NA,NA,1,NA,1,NA,NA,0
"Dc06503","locus235",1,1,NA,NA,1,NA,1,NA,NA,0
"Dc06503","locus236",1,1,NA,NA,1,NA,1,NA,NA,0
"Dc06503","locus237",1,1,NA,NA,1,NA,1,NA,NA,0
"Dc06503","locus239",0.410592,1,NA,NA,1,NA,1,NA,NA,0
"Dc06503","locus248",1,1,NA,NA,1,NA,1,NA,NA,0
"Dc06503","locus255",1,1,NA,NA,1,NA,NA,NA,NA,0
"Dc06503","locus256",1,1,NA,1,1,NA,1,NA,NA,0
"Dc06503","locus263",1,1,NA,1,0.70826,NA,1,NA,NA,0
"Dc06503","locus264",1,0.570248,NA,NA,1,NA,1,NA,NA,0
"Dc06503","locus274",1,1,NA,NA,1,NA,1,NA,NA,0
"Dc06503","locus280",0.96033,0.569608,NA,NA,1,NA,1,NA,NA,0
"Dc06503","locus282",0.476208,1,NA,NA,1,NA,1,NA,NA,0
"Dc06503","locus286",1,1,NA,NA,1,NA,0.618432,NA,NA,0
"Dc06503","locus291",1,1,NA,NA,1,NA,1,NA,NA,0
"Dc06503","locus292",1,1,NA,NA,1,NA,1,NA,NA,0
"Dc06503","locus296",1,0.86202,NA,NA,1,NA,0.526912,NA,NA,0
"Dc06503","locus301",1,0.572424,NA,NA,1,NA,1,NA,NA,0
"Dc06503","locus314",1,0.66544,NA,NA,1,NA,0.66544,NA,NA,0
"Dc06503","locus321",1,1,NA,1,1,NA,1,NA,NA,0
"Dc06503","locus322",1,1,NA,NA,1,NA,1,NA,NA,0
"Dc06503","locus323",0.878076,1,NA,NA,1,NA,0.819416,NA,NA,0
"Dc06503","locus329",1,1,NA,NA,1,NA,1,NA,NA,0
"Dc06503","locus332",0.568816,1,NA,NA,1,NA,1,NA,NA,0
"Dc06503","locus349",1,1,NA,NA,1,NA,1,NA,NA,0
"Dc06503","locus358",1,1,NA,1,1,NA,1,NA,NA,0
"Dc06503","locus359",1,1,NA,NA,1,NA,0.217904,NA,NA,0
"Dc06503","locus360",1,0.863766,1,NA,0.568496,NA,0.55756,NA,NA,0
"Dc07300","Dc07937",1,1,NA,NA,0.33138,NA,1,1,1,0
"Dc07300","Dc08054",1,0.204666,1,NA,0.98206,NA,0.98206,1,0.300384,0
"Dc07300","Dc08189",1,1,NA,NA,1,NA,0.48402,1,1,0
"Dc07300","Dc08463",1,1,NA,NA,1,NA,0.747708,1,1,0
"Dc07300","Dc08578",0.61356,1,NA,NA,1,NA,1,NA,NA,0
"Dc07300","Dc08865",1,1,NA,NA,0.13295,NA,1,NA,1,0
"Dc07300","Dc10003",1,1,1,NA,1,NA,1,NA,NA,0
"Dc07300","Dc10390",1,1,NA,NA,1,NA,1,NA,0.92889,0
"Dc07300","Dc10878",0.361992,1,NA,1,1,NA,1,NA,1,0
"Dc07300","Dc10885",1,1,NA,NA,1,NA,1,NA,0.08918,0
"Dc07300","Dc11203",1,1,NA,NA,1,NA,1,NA,1,0
"Dc07300","Dc11714",1,1,NA,NA,1,NA,0.984696,NA,0.45227,0
"Dc07300","Dc13159",1,1,NA,NA,1,NA,1,NA,1,0
"Dc07300","Dc13592",1,1,1,NA,0.657972,NA,0.144214,1,1,0
"Dc07300","Dc14022",1,1,1,NA,1,NA,1,NA,1,0
"Dc07300","Dc14945",1,1,NA,NA,1,NA,0.32726,NA,1,0
"Dc07300","Dc16747",1,1,NA,1,1,NA,1,NA,1,0
"Dc07300","Dc18951",0.23117,1,NA,NA,1,NA,0.853888,NA,0.853888,0
"Dc07300","Dc20232",1,1,NA,NA,1,1,0.55164,NA,1,0
"Dc07300","Dc22883",1,1,NA,NA,1,NA,0.75428,NA,1,0
"Dc07300","Dc22887",1,1,NA,1,1,NA,1,NA,1,0
"Dc07300","Dc27955",0.54277,1,NA,NA,0.915696,NA,1,NA,1,0
"Dc07300","Dc28124",0.06232,1,NA,NA,1,NA,1,NA,1,0
"Dc07300","Dc28776",1,1,NA,NA,1,NA,1,NA,1,0
"Dc07300","Dc30071",0.94151,1,NA,1,1,NA,0.48342,NA,1,0
"Dc07300","Dc31007",1,1,1,NA,1,NA,1,NA,NA,0
"Dc07300","Dc33714",1,1,NA,NA,1,1,0.143066,1,1,0
"Dc07300","Dc33907",1,1,NA,NA,1,NA,1,1,1,0
"Dc07300","Dc34902",1,1,NA,NA,1,NA,1,NA,1,0
"Dc07300","Dc35779",1,1,NA,NA,0.513636,1,1,NA,1,0
"Dc07300","Dc36571",1,1,NA,1,1,NA,1,NA,1,0
"Dc07300","Dc36616",1,1,1,NA,1,1,1,NA,1,0
"Dc07300","Dc36767",0.651882,1,NA,NA,1,NA,0.567208,NA,NA,0
"Dc07300","Dc40235",1,1,NA,NA,1,NA,1,NA,1,0
"Dc07300","Dc41234",1,0.36801,NA,NA,1,NA,1,NA,1,0
"Dc07300","Dc46984",1,1,NA,NA,1,NA,1,NA,1,0
"Dc07300","Dc47572",1,1,NA,NA,1,NA,1,NA,0.39566,0
"Dc07300","Dc47935",1,1,NA,NA,1,NA,1,0.67842,1,0
"Dc07300","Dc48950",1,1,NA,1,1,NA,1,NA,1,0
"Dc07300","Dc49080",1,0.084876,NA,1,1,NA,1,NA,1,0
"Dc07300","Dc49184",1,1,NA,NA,1,NA,1,NA,0.34948,0
"Dc07300","Dc51020",1,0.3543,NA,NA,1,NA,1,NA,1,0
"Dc07300","Dc52523",1,1,NA,NA,1,NA,1,NA,1,0
"Dc07300","Dc55481",1,1,NA,NA,1,NA,0.34757,NA,1,0
"Dc07300","Dc58248",0.926862,1,NA,NA,1,NA,0.219328,NA,0.15739,0
"Dc07300","Dc62188",1,0.35609,NA,0.79364,1,NA,0.245496,NA,1,0
"Dc07300","Dc67011",1,1,1,1,1,NA,1,NA,1,0
"Dc07300","locus002",1,1,NA,NA,1,NA,1,NA,1,0
"Dc07300","locus003",0.493272,0.35889,NA,NA,0.828012,NA,0.406752,NA,0.766256,0
"Dc07300","locus004",1,1,NA,NA,1,NA,1,NA,1,0
"Dc07300","locus005",1,1,NA,NA,1,NA,1,NA,1,0
"Dc07300","locus006",0.36923,1,NA,NA,1,NA,0.50048,NA,1,0
"Dc07300","locus008",1,1,NA,NA,1,1,1,1,1,0
"Dc07300","locus013",1,1,NA,NA,1,NA,0.74494,NA,1,0
"Dc07300","locus014",1,1,NA,NA,1,NA,1,NA,1,0
"Dc07300","locus022",1,0.773286,NA,NA,1,NA,0.62133,NA,0.62133,0
"Dc07300","locus024",1,1,NA,NA,1,1,1,NA,1,0
"Dc07300","locus025",1,1,NA,1,1,NA,1,NA,0.361392,0
"Dc07300","locus027",1,1,NA,NA,1,NA,1,NA,1,0
"Dc07300","locus030",1,1,1,NA,1,NA,0.488304,NA,1,0
"Dc07300","locus035",1,1,1,NA,1,1,1,1,1,0
"Dc07300","locus038",0.55268,1,NA,NA,1,NA,1,NA,0.24094,0
"Dc07300","locus039",1,1,NA,NA,1,NA,1,NA,1,0
"Dc07300","locus040",1,1,NA,NA,1,NA,0.44083,NA,1,0
"Dc07300","locus041",1,1,NA,1,1,NA,1,NA,1,0
"Dc07300","locus045",1,1,NA,NA,1,NA,0.74317,NA,1,0
"Dc07300","locus047",1,0.43156,NA,NA,1,NA,1,NA,1,0
"Dc07300","locus048",1,1,NA,NA,1,NA,1,1,0.4218,0
"Dc07300","locus053",0.593568,1,NA,NA,1,NA,1,1,1,0
"Dc07300","locus056",0.53688,1,NA,NA,1,NA,1,NA,1,0
"Dc07300","locus058",1,1,NA,NA,1,NA,0.05198,NA,1,0
"Dc07300","locus060",1,1,NA,NA,0.56312,NA,1,NA,0.56312,0
"Dc07300","locus061",1,1,NA,NA,1,NA,1,NA,1,0
"Dc07300","locus062",1,1,NA,1,1,NA,0.210156,NA,1,0
"Dc07300","locus064",1,1,NA,NA,1,NA,1,1,1,0
"Dc07300","locus065",1,1,NA,NA,1,NA,0.78579,NA,1,0
"Dc07300","locus073",1,1,NA,NA,1,NA,1,NA,1,0
"Dc07300","locus074",1,1,NA,NA,1,NA,1,NA,1,0
"Dc07300","locus076",1,1,NA,NA,1,NA,1,NA,1,0
"Dc07300","locus077",0.31475,0.31475,NA,NA,1,NA,0.646938,NA,0.646938,0
"Dc07300","locus080",0.24792,1,1,NA,1,NA,0.29207,NA,1,0
"Dc07300","locus083",1,1,NA,NA,1,NA,1,NA,1,0
"Dc07300","locus088",0.96867,0.96867,NA,NA,0.986376,NA,0.986376,NA,0.986376,0
"Dc07300","locus093",1,1,1,NA,1,NA,1,NA,1,0
"Dc07300","locus096",0.962964,1,1,NA,1,NA,1,NA,1,0
"Dc07300","locus098",1,1,NA,NA,1,1,0.386244,NA,1,0
"Dc07300","locus100",0.05743,1,NA,NA,1,NA,1,NA,1,0
"Dc07300","locus106",1,1,NA,NA,1,NA,0.26206,NA,1,0
"Dc07300","locus110",1,1,NA,NA,NA,NA,1,NA,NA,0
"Dc07300","locus116",1,1,NA,NA,0.944676,NA,0.940544,NA,NA,0
"Dc07300","locus119",1,1,NA,NA,1,NA,1,NA,NA,0
"Dc07300","locus120",1,1,NA,NA,1,1,1,NA,NA,0
"Dc07300","locus126",0.451032,0.861464,NA,NA,1,NA,0.37847,0.595632,NA,0
"Dc07300","locus128",0.18009,0.57224,NA,NA,0.07972,NA,0.933334,NA,NA,0
"Dc07300","locus129",1,1,NA,NA,1,NA,1,NA,NA,0
"Dc07300","locus130",1,1,NA,NA,1,NA,1,NA,NA,0
"Dc07300","locus134",1,1,NA,NA,1,1,1,NA,NA,0
"Dc07300","locus135",1,1,NA,NA,1,NA,1,NA,NA,0
"Dc07300","locus137",1,1,NA,NA,1,NA,1,NA,NA,0
"Dc07300","locus139",1,1,1,NA,1,NA,1,NA,NA,0
"Dc07300","locus140",1,1,1,NA,1,NA,1,1,NA,0
"Dc07300","locus146",1,1,NA,1,1,NA,0.16569,NA,NA,0
"Dc07300","locus148",0.253912,1,NA,NA,1,NA,0.253912,NA,NA,0
"Dc07300","locus151",0.799792,0.799792,NA,NA,0.799792,NA,0.799792,NA,NA,0
"Dc07300","locus157",0.783696,1,NA,NA,1,NA,0.783696,NA,NA,0
"Dc07300","locus161",1,1,1,NA,1,NA,1,NA,NA,0
"Dc07300","locus165",1,1,1,NA,1,NA,1,1,NA,0
"Dc07300","locus170",1,1,NA,NA,1,NA,1,NA,NA,0
"Dc07300","locus176",1,1,NA,NA,1,1,1,NA,NA,0
"Dc07300","locus184",0.142528,1,NA,NA,1,NA,0.158394,NA,NA,0
"Dc07300","locus186",0.658152,1,NA,NA,0.346528,NA,0.658152,NA,NA,0
"Dc07300","locus188",1,1,NA,NA,1,NA,1,NA,NA,0
"Dc07300","locus189",1,1,1,NA,1,NA,1,1,NA,0
"Dc07300","locus190",1,1,1,NA,1,NA,1,NA,NA,0
"Dc07300","locus191",1,1,NA,1,1,NA,0.46887,NA,NA,0
"Dc07300","locus192",1,1,NA,NA,1,NA,1,NA,NA,0
"Dc07300","locus195",1,1,NA,NA,0.602214,NA,0.204488,NA,NA,0
"Dc07300","locus202",1,1,NA,NA,1,NA,0.409136,NA,NA,0
"Dc07300","locus210",1,0.347648,NA,NA,1,NA,1,NA,NA,0
"Dc07300","locus215",0.6762,0.862188,NA,NA,1,NA,1,NA,NA,0
"Dc07300","locus227",1,1,1,NA,1,1,0.62214,NA,NA,0
"Dc07300","locus231",1,0.804112,NA,NA,1,NA,1,NA,NA,0
"Dc07300","locus235",0.197496,0.368532,NA,NA,1,NA,1,NA,NA,0
"Dc07300","locus236",0.858112,1,NA,NA,1,NA,1,NA,NA,0
"Dc07300","locus237",1,1,NA,NA,1,NA,1,NA,NA,0
"Dc07300","locus239",1,1,NA,NA,1,NA,1,NA,NA,0
"Dc07300","locus248",1,1,NA,NA,1,NA,0.883512,NA,NA,0
"Dc07300","locus255",1,1,NA,NA,1,NA,NA,NA,NA,0
"Dc07300","locus256",1,1,NA,1,1,1,1,1,NA,0
"Dc07300","locus264",1,1,NA,NA,1,NA,0.845248,NA,NA,0
"Dc07300","locus274",0.40164,1,NA,NA,1,NA,0.975618,NA,NA,0
"Dc07300","locus280",1,1,NA,NA,0.113032,NA,1,NA,NA,0
"Dc07300","locus282",0.981952,1,NA,NA,1,NA,0.57194,1,NA,0
"Dc07300","locus286",0.997604,0.997604,NA,NA,0.88948,NA,0.88948,NA,NA,0
"Dc07300","locus291",1,1,NA,NA,1,1,1,NA,NA,0
"Dc07300","locus292",1,1,NA,NA,1,NA,1,NA,NA,0
"Dc07300","locus296",0.726704,1,NA,NA,1,NA,0.726704,NA,NA,0
"Dc07300","locus301",0.637576,1,NA,NA,1,NA,1,NA,NA,0
"Dc07300","locus314",1,1,NA,NA,1,NA,1,NA,NA,0
"Dc07300","locus321",1,0.81213,NA,1,1,NA,1,NA,NA,0
"Dc07300","locus322",0.364728,1,NA,NA,1,1,0.38662,0.807328,NA,0
"Dc07300","locus323",1,1,NA,NA,1,NA,1,NA,NA,0
"Dc07300","locus329",1,0.279144,NA,NA,1,NA,1,NA,NA,0
"Dc07300","locus332",1,1,NA,NA,1,NA,1,NA,NA,0
"Dc07300","locus349",1,1,1,NA,1,NA,0.70282,NA,NA,0
"Dc07300","locus358",1,0.96769,NA,0.96769,1,NA,1,NA,NA,0
"Dc07300","locus360",0.978152,0.35487,NA,NA,1,1,1,NA,NA,0
"Dc07937","Dc08054",1,1,1,NA,1,NA,1,1,0.430584,0
"Dc07937","Dc08189",1,1,NA,NA,1,NA,1,1,1,0
"Dc07937","Dc08463",1,1,NA,NA,1,1,1,1,1,0
"Dc07937","Dc08578",1,1,NA,NA,1,NA,1,NA,NA,0
"Dc07937","Dc08865",0.293736,1,NA,NA,0.14875,NA,1,NA,1,0
"Dc07937","Dc10003",1,1,NA,NA,1,NA,1,NA,NA,0
"Dc07937","Dc10390",1,1,NA,NA,1,NA,1,NA,1,0
"Dc07937","Dc10878",1,1,NA,1,1,NA,1,NA,1,0
"Dc07937","Dc10885",1,1,NA,NA,1,NA,1,NA,1,0
"Dc07937","Dc11203",1,1,NA,NA,1,1,1,NA,1,0
"Dc07937","Dc11714",1,0.3537,NA,NA,1,NA,0.447968,NA,1,0
"Dc07937","Dc13159",1,1,NA,NA,1,NA,1,NA,1,0
"Dc07937","Dc13592",0.974136,1,1,NA,1,NA,0.658826,1,1,0
"Dc07937","Dc14022",0.54222,1,1,NA,1,NA,1,NA,1,0
"Dc07937","Dc14945",1,1,NA,NA,1,NA,1,NA,1,0
"Dc07937","Dc16747",1,1,1,1,1,NA,1,NA,0.667758,0
"Dc07937","Dc18951",0.27282,1,NA,NA,1,1,1,NA,1,0
"Dc07937","Dc20232",1,1,NA,NA,0.855984,1,1,NA,1,0
"Dc07937","Dc22883",1,1,NA,NA,1,NA,0.51865,NA,1,0
"Dc07937","Dc22887",1,1,NA,1,1,NA,1,NA,0.189444,0
"Dc07937","Dc27955",1,1,NA,NA,1,NA,1,NA,1,0
"Dc07937","Dc28124",1,1,NA,NA,1,NA,1,NA,1,0
"Dc07937","Dc28776",1,1,NA,NA,1,NA,1,NA,1,0
"Dc07937","Dc30071",0.42342,1,NA,1,1,NA,1,NA,0.129696,0
"Dc07937","Dc31007",1,1,1,NA,1,NA,1,NA,NA,0
"Dc07937","Dc33714",1,1,NA,NA,1,NA,1,1,1,0
"Dc07937","Dc33907",0.9258,1,NA,NA,0.9258,NA,0.388428,1,1,0
"Dc07937","Dc34902",0.08894,1,NA,NA,1,NA,1,NA,1,0
"Dc07937","Dc35779",0.45342,1,NA,NA,0.343152,1,1,NA,1,0
"Dc07937","Dc36571",0.800736,1,NA,1,1,NA,1,NA,1,0
"Dc07937","Dc36616",1,1,1,NA,1,1,1,NA,1,0
"Dc07937","Dc36767",1,0.279696,NA,NA,1,NA,0.466458,NA,NA,0
"Dc07937","Dc40235",1,1,NA,NA,1,NA,1,NA,0.40915,0
"Dc07937","Dc41234",1,0.81552,NA,NA,1,NA,0.38391,NA,1,0
"Dc07937","Dc46984",0.94566,0.65136,NA,NA,0.94566,NA,0.53226,NA,0.94566,0
"Dc07937","Dc47572",1,1,NA,NA,1,1,1,NA,1,0
"Dc07937","Dc47935",0.736788,1,NA,NA,1,NA,1,1,1,0
"Dc07937","Dc48207",1,1,1,NA,1,1,1,NA,1,0
"Dc07937","Dc48950",1,0.840196,NA,1,1,1,1,NA,1,0
"Dc07937","Dc49080",0.156744,1,NA,1,1,NA,0.78775,NA,1,0
"Dc07937","Dc49184",1,1,NA,NA,1,NA,1,NA,1,0
"Dc07937","Dc51020",1,1,NA,NA,1,NA,1,NA,1,0
"Dc07937","Dc52523",0.682984,1,NA,NA,1,NA,1,NA,0.47908,0
"Dc07937","Dc55481",1,0.848856,NA,NA,1,NA,0.2408,NA,1,0
"Dc07937","Dc58248",1,1,NA,NA,1,NA,0.26708,NA,1,0
"Dc07937","Dc62188",1,1,NA,1,1,NA,1,NA,1,0
"Dc07937","Dc67011",0.875462,1,1,1,1,NA,1,NA,1,0
"Dc07937","locus002",1,1,NA,NA,1,NA,0.06097,NA,1,0
"Dc07937","locus003",1,1,NA,NA,1,NA,1,NA,0.11677,0
"Dc07937","locus004",1,0.17743,NA,NA,0.57696,NA,1,NA,1,0
"Dc07937","locus005",1,1,NA,NA,1,NA,0.80456,NA,0.47845,0
"Dc07937","locus006",1,1,NA,NA,1,NA,1,NA,1,0
"Dc07937","locus008",0.398316,1,NA,NA,1,NA,0.48723,0.948512,1,0
"Dc07937","locus013",1,1,NA,NA,1,NA,0.5882,NA,1,0
"Dc07937","locus014",1,1,NA,NA,1,NA,1,NA,1,0
"Dc07937","locus022",0.12476,1,NA,NA,1,NA,0.238048,NA,1,0
"Dc07937","locus024",1,1,NA,NA,1,NA,1,NA,1,0
"Dc07937","locus025",0.364932,1,NA,1,1,NA,1,NA,1,0
"Dc07937","locus027",1,1,NA,NA,1,NA,1,NA,1,0
"Dc07937","locus030",1,1,1,NA,1,NA,1,NA,1,0
"Dc07937","locus035",1,1,1,NA,1,1,0.441616,1,1,0
"Dc07937","locus038",0.924816,1,NA,NA,1,NA,0.66561,NA,1,0
"Dc07937","locus039",0.10614,1,NA,NA,1,NA,0.22092,NA,0.299658,0
"Dc07937","locus040",1,1,NA,NA,1,NA,1,NA,1,0
"Dc07937","locus041",0.072912,1,NA,1,1,NA,1,NA,1,0
"Dc07937","locus045",1,1,NA,NA,1,NA,1,NA,0.44715,0
"Dc07937","locus048",0.570564,1,NA,NA,1,NA,1,1,1,0
"Dc07937","locus053",1,1,NA,NA,1,NA,0.97875,0.533208,0.97875,0
"Dc07937","locus055",1,1,NA,NA,1,NA,0.49919,NA,1,0
"Dc07937","locus056",0.95035,1,NA,NA,1,NA,1,NA,0.95035,0
"Dc07937","locus058",1,1,NA,NA,1,1,1,NA,1,0
"Dc07937","locus060",1,0.578256,NA,NA,0.57651,NA,0.674334,NA,1,0
"Dc07937","locus061",1,1,NA,NA,1,NA,1,NA,1,0
"Dc07937","locus062",0.34092,1,NA,1,1,NA,0.117072,NA,1,0
"Dc07937","locus064",1,1,NA,NA,1,NA,0.502752,1,1,0
"Dc07937","locus065",1,1,NA,NA,1,NA,1,NA,1,0
"Dc07937","locus073",1,1,NA,NA,1,1,1,NA,1,0
"Dc07937","locus074",1,1,NA,NA,1,NA,1,NA,1,0
"Dc07937","locus076",1,1,NA,NA,1,NA,1,NA,1,0
"Dc07937","locus077",0.961158,1,NA,NA,0.914008,NA,1,NA,0.43932,0
"Dc07937","locus080",1,1,NA,NA,1,NA,1,NA,1,0
"Dc07937","locus083",0.41349,1,NA,NA,1,NA,1,NA,1,0
"Dc07937","locus088",1,1,NA,NA,1,1,1,NA,1,0
"Dc07937","locus093",1,1,1,NA,1,NA,1,NA,1,0
"Dc07937","locus096",1,1,1,NA,1,NA,1,NA,1,0
"Dc07937","locus100",1,1,NA,NA,1,NA,0.13294,NA,1,0
"Dc07937","locus106",0.14956,1,NA,NA,1,NA,1,NA,1,0
"Dc07937","locus110",0.893106,0.893106,NA,NA,NA,NA,0.893106,NA,NA,0
"Dc07937","locus116",1,1,NA,NA,1,NA,1,NA,NA,0
"Dc07937","locus119",1,1,NA,NA,1,NA,1,NA,NA,0
"Dc07937","locus120",0.956142,1,NA,NA,0.573256,NA,0.956142,NA,NA,0
"Dc07937","locus126",0.85934,1,NA,NA,0.918392,NA,1,1,NA,0
"Dc07937","locus128",1,1,NA,NA,0.918496,NA,1,NA,NA,0
"Dc07937","locus129",1,1,NA,NA,1,1,1,NA,NA,0
"Dc07937","locus130",1,0.14528,NA,NA,1,NA,1,NA,NA,0
"Dc07937","locus134",1,0.70222,NA,NA,1,1,0.818848,NA,NA,0
"Dc07937","locus135",0.58486,1,NA,NA,1,1,1,NA,NA,0
"Dc07937","locus137",1,1,NA,NA,1,NA,1,NA,NA,0
"Dc07937","locus139",1,1,1,NA,1,NA,0.69044,NA,NA,0
"Dc07937","locus140",1,1,1,NA,1,NA,0.825588,1,NA,0
"Dc07937","locus146",1,1,NA,1,1,NA,1,NA,NA,0
"Dc07937","locus148",1,1,NA,NA,1,NA,0.531288,NA,NA,0
"Dc07937","locus151",1,1,NA,NA,1,NA,0.349792,NA,NA,0
"Dc07937","locus157",1,1,NA,NA,1,NA,1,NA,NA,0
"Dc07937","locus161",0.85796,1,1,NA,1,NA,0.905328,NA,NA,0
"Dc07937","locus165",1,1,NA,NA,1,NA,1,1,NA,0
"Dc07937","locus170",1,1,NA,NA,1,NA,1,NA,NA,0
"Dc07937","locus176",0.852888,1,NA,NA,1,NA,0.658992,NA,NA,0
"Dc07937","locus184",1,1,NA,NA,1,NA,1,NA,NA,0
"Dc07937","locus186",1,1,NA,NA,0.230848,NA,0.891084,NA,NA,0
"Dc07937","locus188",1,0.825616,NA,NA,0.825616,NA,1,NA,NA,0
"Dc07937","locus189",1,1,1,NA,1,1,1,1,NA,0
"Dc07937","locus190",1,0.28733,1,NA,0.915368,NA,1,NA,NA,0
"Dc07937","locus191",1,0.73115,1,1,0.686928,NA,0.73115,NA,NA,0
"Dc07937","locus192",0.494536,1,NA,NA,1,NA,0.509922,NA,NA,0
"Dc07937","locus195",1,1,NA,NA,1,NA,1,NA,NA,0
"Dc07937","locus202",0.722764,1,NA,NA,0.684576,NA,0.379584,NA,NA,0
"Dc07937","locus210",0.825024,1,NA,NA,1,NA,1,NA,NA,0
"Dc07937","locus215",1,1,NA,NA,1,NA,1,NA,NA,0
"Dc07937","locus227",1,1,1,NA,1,NA,1,NA,NA,0
"Dc07937","locus231",1,1,1,NA,1,NA,1,NA,NA,0
"Dc07937","locus235",0.85768,0.85768,NA,NA,1,NA,0.85768,NA,NA,0
"Dc07937","locus236",1,1,NA,NA,1,NA,1,NA,NA,0
"Dc07937","locus237",1,1,NA,NA,1,NA,0.3042,NA,NA,0
"Dc07937","locus239",0.453512,0.654102,NA,NA,0.654102,NA,0.721694,NA,NA,0
"Dc07937","locus248",1,1,NA,NA,1,NA,1,NA,NA,0
"Dc07937","locus255",1,1,NA,NA,1,NA,NA,NA,NA,0
"Dc07937","locus256",0.473568,1,NA,1,1,NA,1,1,NA,0
"Dc07937","locus263",0.28583,1,NA,1,1,NA,1,NA,NA,0
"Dc07937","locus264",1,1,NA,NA,0.905672,NA,1,NA,NA,0
"Dc07937","locus274",1,1,NA,NA,1,NA,1,NA,NA,0
"Dc07937","locus280",1,0.651904,NA,NA,0.28657,1,1,NA,NA,0
"Dc07937","locus282",1,1,NA,NA,1,NA,1,1,NA,0
"Dc07937","locus286",0.636072,0.754314,NA,NA,1,NA,1,NA,NA,0
"Dc07937","locus291",1,0.141592,NA,NA,1,NA,1,NA,NA,0
"Dc07937","locus296",1,1,NA,NA,1,NA,1,NA,NA,0
"Dc07937","locus301",1,1,NA,NA,1,NA,1,NA,NA,0
"Dc07937","locus314",1,1,NA,NA,1,NA,1,NA,NA,0
"Dc07937","locus321",1,1,NA,1,1,NA,1,NA,NA,0
"Dc07937","locus322",1,0.71387,NA,NA,1,NA,1,1,NA,0
"Dc07937","locus323",1,1,NA,NA,1,1,1,NA,NA,0
"Dc07937","locus329",1,1,NA,NA,1,NA,1,NA,NA,0
"Dc07937","locus332",1,0.056472,NA,NA,1,NA,1,NA,NA,0
"Dc07937","locus349",1,1,NA,NA,1,NA,0.489296,NA,NA,0
"Dc07937","locus358",1,1,NA,1,1,NA,1,NA,NA,0
"Dc07937","locus359",1,1,NA,NA,1,NA,1,NA,NA,0
"Dc07937","locus360",1,1,NA,NA,1,NA,1,NA,NA,0
"Dc08054","Dc08189",1,1,NA,NA,1,NA,1,1,1,0
"Dc08054","Dc08463",1,1,NA,NA,1,1,1,1,1,0
"Dc08054","Dc08578",1,1,NA,NA,1,NA,1,1,NA,0
"Dc08054","Dc08865",1,1,NA,NA,1,NA,0.27271,NA,1,0
"Dc08054","Dc10003",1,1,NA,NA,1,NA,1,NA,NA,0
"Dc08054","Dc10390",1,1,NA,NA,1,NA,0.8411,NA,1,0
"Dc08054","Dc10878",1,1,NA,NA,1,NA,1,NA,1,0
"Dc08054","Dc10885",1,1,NA,NA,1,NA,1,NA,1,0
"Dc08054","Dc11203",1,1,NA,NA,1,1,0.623316,NA,1,0
"Dc08054","Dc11714",1,1,NA,NA,1,NA,0.16924,NA,1,0
"Dc08054","Dc13159",0.63037,1,NA,NA,1,NA,1,NA,1,0
"Dc08054","Dc13592",1,1,1,NA,1,NA,1,1,0.16723,0
"Dc08054","Dc14022",1,1,1,NA,1,NA,1,NA,1,0
"Dc08054","Dc14945",1,1,NA,NA,1,NA,1,NA,1,0
"Dc08054","Dc16747",1,1,1,1,1,NA,1,NA,1,0
"Dc08054","Dc18951",1,1,NA,NA,1,1,1,NA,1,0
"Dc08054","Dc20232",1,0.204792,NA,NA,1,1,0.82812,NA,1,0
"Dc08054","Dc22883",0.847048,1,NA,NA,1,NA,1,NA,0.24099,0
"Dc08054","Dc22887",1,1,NA,1,1,NA,1,NA,1,0
"Dc08054","Dc27955",1,1,NA,NA,1,NA,1,NA,1,0
"Dc08054","Dc28124",0.58948,1,NA,NA,1,NA,0.44758,NA,1,0
"Dc08054","Dc28776",1,1,NA,NA,1,NA,1,NA,1,0
"Dc08054","Dc30071",0.26874,1,NA,1,1,NA,1,NA,0.099984,0
"Dc08054","Dc31007",1,1,1,NA,1,NA,0.51649,NA,NA,0
"Dc08054","Dc33714",1,1,NA,NA,1,NA,1,1,1,0
"Dc08054","Dc33907",1,1,NA,NA,1,NA,1,1,1,0
"Dc08054","Dc34902",1,1,NA,NA,1,NA,1,NA,1,0
"Dc08054","Dc35779",1,1,NA,NA,0.861504,1,1,NA,1,0
"Dc08054","Dc36571",1,1,NA,1,1,NA,1,NA,1,0
"Dc08054","Dc36616",1,1,1,NA,1,1,1,NA,1,0
"Dc08054","Dc36767",1,1,NA,NA,1,NA,1,NA,NA,0
"Dc08054","Dc40235",1,1,NA,NA,1,NA,0.31361,NA,1,0
"Dc08054","Dc41234",1,1,NA,NA,1,NA,1,NA,1,0
"Dc08054","Dc46984",1,0.698448,NA,NA,1,NA,1,NA,0.10263,0
"Dc08054","Dc47572",1,1,NA,NA,0.748032,1,1,NA,0.748032,0
"Dc08054","Dc47935",1,0.297696,1,NA,1,NA,1,1,1,0
"Dc08054","Dc48207",1,1,1,NA,1,1,1,NA,1,0
"Dc08054","Dc48950",1,1,NA,1,1,1,0.31465,NA,1,0
"Dc08054","Dc49080",1,1,NA,1,1,NA,0.168912,NA,1,0
"Dc08054","Dc49184",1,1,NA,NA,1,NA,1,NA,1,0
"Dc08054","Dc51020",0.1136,1,NA,NA,1,NA,1,NA,1,0
"Dc08054","Dc52523",1,1,NA,NA,1,NA,1,NA,0.47454,0
"Dc08054","Dc55481",1,1,NA,NA,1,NA,1,1,1,0
"Dc08054","Dc58248",1,1,NA,NA,1,NA,1,NA,1,0
"Dc08054","Dc62188",0.302928,1,NA,1,1,NA,1,NA,1,0
"Dc08054","Dc67011",1,1,1,1,1,NA,1,NA,1,0
"Dc08054","locus002",1,1,NA,NA,1,NA,1,NA,1,0
"Dc08054","locus003",1,1,NA,NA,1,NA,0.906336,NA,0.46274,0
"Dc08054","locus004",1,1,NA,NA,1,NA,0.13832,NA,1,0
"Dc08054","locus005",1,1,NA,NA,1,NA,1,NA,1,0
"Dc08054","locus006",1,1,NA,NA,1,NA,1,NA,1,0
"Dc08054","locus008",1,1,NA,NA,1,NA,0.56889,1,0.4473,0
"Dc08054","locus013",1,1,NA,NA,1,NA,1,NA,1,0
"Dc08054","locus014",0.67779,1,NA,NA,1,NA,1,NA,0.67779,0
"Dc08054","locus022",1,1,NA,NA,1,NA,1,NA,1,0
"Dc08054","locus024",1,1,NA,NA,1,NA,1,NA,1,0
"Dc08054","locus025",1,1,NA,1,1,NA,1,NA,0.655872,0
"Dc08054","locus027",1,1,NA,NA,1,NA,0.92211,NA,1,0
"Dc08054","locus030",1,1,1,NA,1,NA,1,NA,1,0
"Dc08054","locus035",1,1,1,NA,1,1,1,1,1,0
"Dc08054","locus038",0.20956,1,NA,NA,1,NA,1,NA,0.89336,0
"Dc08054","locus039",1,1,NA,NA,1,NA,1,NA,0.72394,0
"Dc08054","locus040",1,1,NA,NA,1,NA,1,NA,1,0
"Dc08054","locus041",1,1,NA,1,1,NA,1,NA,1,0
"Dc08054","locus045",0.592472,0.53552,NA,NA,1,NA,1,NA,1,0
"Dc08054","locus047",1,0.680248,NA,NA,1,NA,1,NA,0.15722,0
"Dc08054","locus048",1,1,NA,NA,1,NA,1,1,1,0
"Dc08054","locus053",1,1,NA,NA,1,NA,1,1,1,0
"Dc08054","locus055",1,1,NA,NA,1,NA,0.47113,NA,1,0
"Dc08054","locus056",1,1,NA,NA,1,NA,1,NA,1,0
"Dc08054","locus058",1,1,NA,NA,1,1,1,NA,1,0
"Dc08054","locus060",0.27845,1,NA,NA,1,NA,1,NA,1,0
"Dc08054","locus061",0.12628,1,NA,NA,1,NA,1,NA,1,0
"Dc08054","locus062",1,1,NA,1,1,NA,0.86102,NA,0.385152,0
"Dc08054","locus064",0.412584,1,NA,NA,1,NA,1,1,1,0
"Dc08054","locus065",1,1,NA,NA,1,NA,1,NA,1,0
"Dc08054","locus073",1,1,NA,NA,1,1,1,NA,1,0
"Dc08054","locus074",1,1,NA,NA,1,NA,0.08674,NA,1,0
"Dc08054","locus076",1,1,NA,NA,1,NA,1,NA,1,0
"Dc08054","locus077",1,0.71515,NA,NA,1,NA,1,NA,0.71515,0
"Dc08054","locus080",1,1,NA,NA,1,NA,1,NA,1,0
"Dc08054","locus088",1,1,NA,NA,1,1,1,NA,1,0
"Dc08054","locus093",1,1,1,NA,1,NA,0.325644,NA,1,0
"Dc08054","locus096",1,1,1,NA,1,NA,1,NA,1,0
"Dc08054","locus098",1,1,NA,NA,1,NA,1,1,1,0
"Dc08054","locus100",0.731184,0.864452,NA,NA,0.864452,NA,0.83454,NA,0.62824,0
"Dc08054","locus106",1,1,NA,NA,0.47116,NA,1,NA,1,0
"Dc08054","locus110",0.468192,1,NA,NA,NA,NA,0.468956,NA,NA,0
"Dc08054","locus116",1,1,NA,NA,1,NA,1,NA,NA,0
"Dc08054","locus119",1,1,NA,NA,1,NA,0.321832,NA,NA,0
"Dc08054","locus120",1,1,NA,NA,1,NA,0.49304,NA,NA,0
"Dc08054","locus126",1,1,NA,NA,1,NA,1,NA,NA,0
"Dc08054","locus128",1,1,NA,NA,0.491952,NA,1,NA,NA,0
"Dc08054","locus129",1,1,NA,NA,1,1,1,NA,NA,0
"Dc08054","locus130",1,1,NA,NA,1,NA,1,NA,NA,0
"Dc08054","locus134",1,1,NA,NA,1,1,0.24048,NA,NA,0
"Dc08054","locus135",1,1,NA,NA,1,1,1,NA,NA,0
"Dc08054","locus146",0.403404,1,NA,1,0.384944,NA,0.17551,NA,NA,0
"Dc08054","locus148",0.642712,1,NA,NA,1,NA,1,NA,NA,0
"Dc08054","locus151",0.410112,0.77594,NA,NA,0.602898,NA,0.77594,NA,NA,0
"Dc08054","locus157",1,1,NA,NA,1,NA,1,NA,NA,0
"Dc08054","locus161",1,1,1,NA,1,NA,1,NA,NA,0
"Dc08054","locus165",1,1,NA,NA,1,NA,1,1,NA,0
"Dc08054","locus170",1,1,NA,NA,0.57112,NA,1,NA,NA,0
"Dc08054","locus176",1,1,NA,NA,1,NA,0.242088,NA,NA,0
"Dc08054","locus184",1,1,NA,NA,0.292098,NA,0.067712,NA,NA,0
"Dc08054","locus186",1,1,NA,NA,0.578264,NA,1,NA,NA,0
"Dc08054","locus188",1,1,NA,NA,1,NA,1,NA,NA,0
"Dc08054","locus189",1,1,1,NA,1,1,1,1,NA,0
"Dc08054","locus190",1,1,1,NA,1,NA,1,NA,NA,0
"Dc08054","locus191",1,1,1,NA,1,NA,1,NA,NA,0
"Dc08054","locus192",1,1,NA,NA,1,NA,1,NA,NA,0
"Dc08054","locus195",0.790288,1,NA,NA,1,NA,1,NA,NA,0
"Dc08054","locus202",0.37772,1,NA,NA,1,NA,1,NA,NA,0
"Dc08054","locus210",0.2038,0.526878,NA,NA,1,NA,0.698904,NA,NA,0
"Dc08054","locus215",1,1,NA,NA,1,NA,0.142232,NA,NA,0
"Dc08054","locus227",0.96826,1,1,NA,1,NA,1,NA,NA,0
"Dc08054","locus231",1,1,1,NA,1,NA,1,NA,NA,0
"Dc08054","locus235",1,1,NA,NA,1,NA,0.10948,NA,NA,0
"Dc08054","locus236",1,1,NA,NA,1,NA,1,NA,NA,0
"Dc08054","locus237",1,1,NA,NA,0.79612,NA,1,NA,NA,0
"Dc08054","locus239",1,0.861876,NA,NA,1,NA,0.669632,NA,NA,0
"Dc08054","locus248",1,1,NA,NA,1,NA,1,NA,NA,0
"Dc08054","locus255",1,1,NA,NA,1,NA,NA,NA,NA,0
"Dc08054","locus256",1,1,NA,1,1,NA,0.64543,NA,NA,0
"Dc08054","locus263",0.96554,1,NA,1,1,NA,1,NA,NA,0
"Dc08054","locus264",0.59252,1,NA,NA,1,NA,1,NA,NA,0
"Dc08054","locus274",1,1,NA,NA,1,NA,1,NA,NA,0
"Dc08054","locus280",1,1,NA,NA,1,1,1,NA,NA,0
"Dc08054","locus282",0.81156,1,NA,NA,0.81156,NA,1,1,NA,0
"Dc08054","locus286",1,1,NA,NA,1,NA,1,NA,NA,0
"Dc08054","locus291",1,1,NA,NA,1,NA,1,NA,NA,0
"Dc08054","locus292",1,0.773088,NA,NA,1,NA,0.621568,NA,NA,0
"Dc08054","locus296",1,1,NA,NA,1,NA,0.052432,NA,NA,0
"Dc08054","locus301",1,1,NA,NA,1,NA,1,NA,NA,0
"Dc08054","locus314",0.158,1,NA,NA,1,NA,1,NA,NA,0
"Dc08054","locus321",0.259,1,NA,1,1,NA,0.438288,NA,NA,0
"Dc08054","locus322",1,1,NA,NA,1,NA,0.49968,1,NA,0
"Dc08054","locus323",1,1,NA,NA,1,1,0.7132,NA,NA,0
"Dc08054","locus329",0.966356,0.567464,NA,NA,0.966356,NA,0.650574,NA,NA,0
"Dc08054","locus332",1,0.770154,NA,NA,1,NA,0.1334,NA,NA,0
"Dc08054","locus349",1,1,NA,NA,1,NA,1,NA,NA,0
"Dc08054","locus358",1,1,NA,1,1,NA,1,NA,NA,0
"Dc08054","locus359",0.923512,1,NA,NA,1,NA,1,NA,NA,0
"Dc08054","locus360",1,1,NA,NA,1,NA,1,NA,NA,0
"Dc08189","Dc08463",1,1,NA,NA,1,1,1,1,0.86695,0
"Dc08189","Dc08578",0.430856,0.7103,NA,NA,0.7103,NA,0.430856,NA,NA,0
"Dc08189","Dc08865",1,1,NA,NA,1,NA,1,NA,1,0
"Dc08189","Dc10003",1,1,NA,NA,1,NA,1,NA,NA,0
"Dc08189","Dc10390",1,1,NA,NA,1,NA,1,NA,1,0
"Dc08189","Dc10878",0.931344,1,1,NA,1,NA,1,NA,1,0
"Dc08189","Dc10885",1,0.48382,NA,NA,1,NA,1,NA,0.48382,0
"Dc08189","Dc11203",1,1,NA,NA,1,1,0.168996,NA,1,0
"Dc08189","Dc11714",1,0.65164,NA,NA,1,NA,1,NA,1,0
"Dc08189","Dc13159",1,1,NA,NA,1,NA,0.51897,NA,1,0
"Dc08189","Dc13592",1,1,1,NA,1,NA,1,1,1,0
"Dc08189","Dc14022",1,1,1,NA,1,NA,1,NA,1,0
"Dc08189","Dc16747",1,1,1,1,1,NA,1,NA,1,0
"Dc08189","Dc18951",0.74752,0.71846,NA,NA,1,1,0.313836,NA,1,0
"Dc08189","Dc20232",1,1,NA,NA,1,1,1,NA,1,0
"Dc08189","Dc22883",0.72356,1,NA,NA,1,NA,1,NA,1,0
"Dc08189","Dc22887",1,1,NA,1,1,NA,1,NA,1,0
"Dc08189","Dc27955",1,1,NA,NA,1,NA,1,NA,1,0
"Dc08189","Dc28124",1,1,NA,NA,1,NA,1,NA,1,0
"Dc08189","Dc28776",1,1,NA,NA,1,NA,1,NA,1,0
"Dc08189","Dc30071",1,1,NA,1,1,NA,1,NA,1,0
"Dc08189","Dc33714",1,1,NA,NA,1,NA,1,1,1,0
"Dc08189","Dc33907",1,1,NA,NA,1,NA,1,1,0.740208,0
"Dc08189","Dc34902",0.80063,1,NA,NA,1,NA,1,NA,1,0
"Dc08189","Dc35779",1,1,NA,NA,1,1,1,NA,1,0
"Dc08189","Dc36571",1,1,NA,1,0.851844,NA,1,NA,1,0
"Dc08189","Dc36616",1,1,1,NA,1,1,1,NA,1,0
"Dc08189","Dc36767",1,1,NA,NA,1,NA,1,NA,NA,0
"Dc08189","Dc40235",1,1,NA,NA,1,NA,1,NA,1,0
"Dc08189","Dc41234",1,1,NA,NA,0.99609,NA,1,NA,1,0
"Dc08189","Dc46984",0.789318,0.34271,NA,NA,1,NA,0.509928,NA,1,0
"Dc08189","Dc47572",1,1,NA,NA,1,1,1,NA,1,0
"Dc08189","Dc47935",1,0.652656,NA,NA,1,NA,1,1,1,0
"Dc08189","Dc48207",1,1,1,NA,1,1,1,NA,1,0
"Dc08189","Dc48950",1,1,NA,1,1,1,1,NA,0.60312,0
"Dc08189","Dc49080",1,1,NA,1,0.171636,NA,1,NA,1,0
"Dc08189","Dc49184",1,1,NA,NA,1,NA,1,NA,1,0
"Dc08189","Dc51020",1,1,NA,NA,1,NA,1,NA,1,0
"Dc08189","Dc52523",1,1,NA,NA,0.42596,NA,1,NA,1,0
"Dc08189","Dc55481",1,1,NA,NA,1,NA,0.869076,1,1,0
"Dc08189","Dc58248",1,1,NA,NA,0.72285,NA,1,NA,0.736752,0
"Dc08189","Dc62188",1,1,NA,1,1,NA,1,NA,1,0
"Dc08189","Dc67011",1,1,1,1,1,NA,1,NA,1,0
"Dc08189","locus002",0.6166,1,NA,NA,1,NA,0.0635,NA,1,0
"Dc08189","locus003",0.97387,0.97387,NA,NA,0.97387,NA,0.97387,NA,0.97387,0
"Dc08189","locus004",0.638838,0.638838,NA,NA,1,NA,0.578368,NA,0.27158,0
"Dc08189","locus005",1,0.61853,NA,NA,1,NA,1,NA,1,0
"Dc08189","locus006",1,1,NA,NA,1,NA,1,NA,1,0
"Dc08189","locus008",1,0.321252,NA,NA,1,NA,0.52106,1,0.782576,0
"Dc08189","locus014",1,0.56405,NA,NA,1,NA,1,NA,1,0
"Dc08189","locus022",1,1,NA,NA,1,NA,0.39913,NA,1,0
"Dc08189","locus024",1,1,NA,NA,1,NA,1,NA,1,0
"Dc08189","locus025",1,1,NA,1,1,NA,1,NA,1,0
"Dc08189","locus027",1,1,NA,NA,1,NA,1,NA,1,0
"Dc08189","locus030",0.772128,1,1,NA,1,NA,1,NA,1,0
"Dc08189","locus035",1,1,1,NA,1,1,1,1,1,0
"Dc08189","locus038",1,1,NA,NA,1,NA,1,NA,0.66017,0
"Dc08189","locus039",1,0.30515,NA,NA,1,NA,1,NA,1,0
"Dc08189","locus040",1,1,NA,NA,1,NA,1,NA,1,0
"Dc08189","locus041",0.857556,1,NA,1,0.857556,NA,0.857556,NA,1,0
"Dc08189","locus045",1,1,NA,NA,1,NA,0.25512,NA,1,0
"Dc08189","locus047",1,1,NA,NA,1,NA,1,NA,1,0
"Dc08189","locus048",0.351408,1,NA,NA,1,NA,1,1,1,0
"Dc08189","locus053",1,1,NA,NA,1,NA,1,1,1,0
"Dc08189","locus055",1,1,NA,NA,1,NA,0.24514,NA,1,0
"Dc08189","locus056",1,1,NA,NA,1,NA,0.56721,NA,1,0
"Dc08189","locus058",1,1,NA,NA,1,1,1,NA,1,0
"Dc08189","locus060",1,1,NA,NA,1,NA,1,NA,1,0
"Dc08189","locus061",1,1,1,NA,1,NA,1,NA,1,0
"Dc08189","locus062",0.491592,1,NA,1,1,NA,1,NA,1,0
"Dc08189","locus064",1,1,NA,NA,1,NA,1,1,1,0
"Dc08189","locus065",1,1,NA,NA,1,NA,1,NA,1,0
"Dc08189","locus073",1,1,NA,NA,1,1,1,NA,1,0
"Dc08189","locus074",1,1,NA,NA,1,NA,1,NA,1,0
"Dc08189","locus076",1,1,NA,NA,1,NA,1,NA,1,0
"Dc08189","locus077",1,1,NA,NA,1,NA,1,NA,1,0
"Dc08189","locus080",1,1,NA,NA,1,NA,0.80166,NA,1,0
"Dc08189","locus088",1,1,NA,NA,0.71637,1,1,NA,0.398712,0
"Dc08189","locus093",1,1,1,NA,1,NA,1,NA,1,0
"Dc08189","locus096",1,1,1,NA,1,NA,0.515232,NA,1,0
"Dc08189","locus100",1,1,NA,NA,1,NA,0.835,NA,1,0
"Dc08189","locus106",0.91472,1,NA,NA,1,NA,1,NA,1,0
"Dc08189","locus110",1,1,NA,NA,NA,NA,1,NA,NA,0
"Dc08189","locus116",1,1,NA,NA,0.113072,NA,0.146964,NA,NA,0
"Dc08189","locus119",0.570048,1,NA,NA,0.565536,NA,1,NA,NA,0
"Dc08189","locus120",1,1,NA,NA,1,NA,1,NA,NA,0
"Dc08189","locus126",1,1,1,NA,1,NA,1,NA,NA,0
"Dc08189","locus128",1,0.499552,NA,NA,1,NA,1,NA,NA,0
"Dc08189","locus129",1,1,NA,NA,1,1,1,NA,NA,0
"Dc08189","locus134",1,1,NA,NA,1,1,1,NA,NA,0
"Dc08189","locus135",1,1,NA,NA,1,1,1,NA,NA,0
"Dc08189","locus139",1,1,1,NA,1,NA,1,NA,NA,0
"Dc08189","locus140",1,1,1,NA,1,NA,1,1,NA,0
"Dc08189","locus146",0.42741,1,NA,0.793576,1,NA,1,NA,NA,0
"Dc08189","locus148",0.511504,1,NA,NA,1,NA,1,NA,NA,0
"Dc08189","locus151",1,1,NA,NA,1,NA,1,NA,NA,0
"Dc08189","locus157",1,1,NA,1,1,NA,1,NA,NA,0
"Dc08189","locus161",1,1,1,NA,1,NA,0.74792,NA,NA,0
"Dc08189","locus165",1,1,NA,NA,1,NA,1,1,NA,0
"Dc08189","locus170",1,1,NA,NA,1,NA,1,NA,NA,0
"Dc08189","locus176",0.949112,1,NA,NA,1,NA,1,NA,NA,0
"Dc08189","locus184",1,1,NA,NA,1,NA,0.356384,NA,NA,0
"Dc08189","locus186",1,1,NA,NA,1,NA,1,NA,NA,0
"Dc08189","locus188",0.501472,1,NA,NA,1,NA,1,NA,NA,0
"Dc08189","locus189",1,1,1,NA,1,1,0.412048,1,NA,0
"Dc08189","locus190",1,1,1,NA,1,NA,1,NA,NA,0
"Dc08189","locus192",1,1,NA,NA,1,NA,1,NA,NA,0
"Dc08189","locus195",1,1,NA,NA,1,NA,0.697056,NA,NA,0
"Dc08189","locus202",1,0.239872,NA,NA,1,NA,1,NA,NA,0
"Dc08189","locus210",0.670952,1,NA,NA,1,NA,0.670952,NA,NA,0
"Dc08189","locus215",1,0.498672,NA,NA,1,NA,1,NA,NA,0
"Dc08189","locus227",1,1,1,NA,1,NA,1,NA,NA,0
"Dc08189","locus231",0.743752,1,NA,NA,1,NA,1,NA,NA,0
"Dc08189","locus235",1,1,NA,NA,1,NA,0.761648,NA,NA,0
"Dc08189","locus237",0.849856,0.849856,NA,NA,0.849856,NA,0.849856,NA,NA,0
"Dc08189","locus239",1,1,NA,NA,1,NA,1,NA,NA,0
"Dc08189","locus255",1,1,NA,NA,1,NA,NA,NA,NA,0
"Dc08189","locus256",1,1,NA,1,1,NA,1,NA,NA,0
"Dc08189","locus263",1,0.35268,NA,1,1,NA,1,NA,NA,0
"Dc08189","locus264",0.960936,1,NA,NA,1,NA,0.878864,NA,NA,0
"Dc08189","locus274",0.410824,0.969336,NA,NA,0.969336,NA,0.410824,NA,NA,0
"Dc08189","locus280",1,1,NA,NA,1,1,1,NA,NA,0
"Dc08189","locus282",1,1,NA,NA,1,NA,1,1,NA,0
"Dc08189","locus286",1,1,NA,NA,1,NA,1,NA,NA,0
"Dc08189","locus291",0.947154,1,NA,NA,0.566632,NA,1,NA,NA,0
"Dc08189","locus292",1,1,NA,NA,0.230048,NA,1,NA,NA,0
"Dc08189","locus296",1,1,NA,NA,1,NA,1,NA,NA,0
"Dc08189","locus301",1,1,NA,NA,0.93756,NA,0.724208,NA,NA,0
"Dc08189","locus314",0.070776,1,NA,NA,1,NA,1,NA,NA,0
"Dc08189","locus321",0.71007,1,NA,1,1,NA,1,NA,NA,0
"Dc08189","locus322",1,1,NA,NA,1,NA,1,1,NA,0
"Dc08189","locus323",0.64024,1,NA,NA,1,1,0.15406,NA,NA,0
"Dc08189","locus329",1,1,NA,NA,1,NA,0.757096,NA,NA,0
"Dc08189","locus332",1,1,NA,NA,1,NA,1,NA,NA,0
"Dc08189","locus349",1,1,NA,NA,0.573816,NA,1,NA,NA,0
"Dc08189","locus358",0.11259,0.57708,NA,1,1,NA,1,NA,NA,0
"Dc08189","locus359",1,1,NA,NA,1,NA,1,NA,NA,0
"Dc08189","locus360",0.652568,1,NA,NA,1,NA,1,NA,NA,0
"Dc08463","Dc08578",1,1,NA,NA,1,NA,0.921432,NA,NA,0
"Dc08463","Dc08865",1,1,NA,NA,1,NA,1,NA,1,0
"Dc08463","Dc10390",1,1,NA,NA,1,NA,1,NA,1,0
"Dc08463","Dc10878",1,1,1,NA,1,NA,1,NA,1,0
"Dc08463","Dc10885",1,1,NA,NA,1,NA,1,NA,1,0
"Dc08463","Dc11714",1,1,NA,NA,1,NA,1,NA,0.09006,0
"Dc08463","Dc13159",0.18398,1,NA,NA,1,NA,1,NA,1,0
"Dc08463","Dc13592",1,1,1,NA,1,NA,1,1,1,0
"Dc08463","Dc14022",1,1,1,NA,0.867204,NA,1,NA,1,0
"Dc08463","Dc16747",0.77388,1,NA,1,1,NA,1,NA,1,0
"Dc08463","Dc18951",1,1,NA,NA,1,1,1,NA,1,0
"Dc08463","Dc20232",1,1,NA,NA,1,1,1,NA,0.753432,0
"Dc08463","Dc22883",1,1,NA,NA,1,1,0.261576,NA,1,0
"Dc08463","Dc22887",1,1,NA,1,1,NA,0.058836,NA,1,0
"Dc08463","Dc27955",0.30811,1,NA,NA,1,NA,1,NA,1,0
"Dc08463","Dc28124",1,1,NA,NA,0.71188,NA,1,NA,1,0
"Dc08463","Dc28776",0.852668,0.429272,NA,NA,0.852668,NA,0.27255,NA,0.829284,0
"Dc08463","Dc30071",0.647668,1,NA,1,1,1,1,NA,1,0
"Dc08463","Dc31007",1,1,1,NA,1,NA,0.67476,NA,NA,0
"Dc08463","Dc33714",1,1,NA,NA,0.804924,NA,1,1,0.804924,0
"Dc08463","Dc33907",1,1,NA,NA,1,NA,1,1,1,0
"Dc08463","Dc34902",1,1,NA,NA,1,NA,1,NA,1,0
"Dc08463","Dc35779",1,1,NA,NA,1,1,1,NA,1,0
"Dc08463","Dc36571",1,1,NA,1,1,NA,1,NA,1,0
"Dc08463","Dc36616",1,1,1,NA,1,1,1,NA,1,0
"Dc08463","Dc36767",1,1,NA,NA,1,NA,1,NA,NA,0
"Dc08463","Dc40235",0.81068,1,NA,NA,1,NA,0.2045,NA,1,0
"Dc08463","Dc41234",0.78606,1,1,NA,1,NA,1,NA,1,0
"Dc08463","Dc46984",1,1,NA,NA,1,NA,1,NA,1,0
"Dc08463","Dc47572",1,1,NA,NA,0.64669,1,0.210336,NA,0.64669,0
"Dc08463","Dc47935",1,1,NA,NA,1,NA,0.620472,1,1,0
"Dc08463","Dc48207",1,1,1,NA,1,1,1,NA,1,0
"Dc08463","Dc48950",1,1,NA,1,1,NA,1,NA,0.76296,0
"Dc08463","Dc49080",0.273984,1,NA,1,1,NA,0.9778,NA,0.80534,0
"Dc08463","Dc49184",0.54708,1,NA,NA,1,NA,1,NA,1,0
"Dc08463","Dc51020",1,1,NA,NA,1,NA,1,NA,1,0
"Dc08463","Dc52523",1,0.71458,NA,NA,1,NA,1,NA,1,0
"Dc08463","Dc55481",1,0.214656,NA,NA,1,NA,1,1,1,0
"Dc08463","Dc58248",0.94418,1,NA,NA,1,NA,1,NA,1,0
"Dc08463","Dc62188",1,1,NA,1,1,NA,1,NA,1,0
"Dc08463","Dc67011",1,1,1,1,1,NA,1,NA,1,0
"Dc08463","locus002",1,1,NA,NA,1,NA,1,NA,1,0
"Dc08463","locus003",1,1,NA,NA,1,NA,1,NA,1,0
"Dc08463","locus004",1,1,NA,NA,1,NA,1,NA,1,0
"Dc08463","locus005",1,1,NA,NA,1,NA,1,NA,1,0
"Dc08463","locus006",0.484768,0.18117,NA,NA,1,NA,1,NA,1,0
"Dc08463","locus008",1,1,NA,NA,1,NA,1,1,1,0
"Dc08463","locus013",1,1,NA,NA,1,NA,1,NA,0.16043,0
"Dc08463","locus014",1,1,NA,NA,1,NA,1,NA,1,0
"Dc08463","locus022",1,1,NA,NA,1,NA,1,NA,1,0
"Dc08463","locus024",1,1,NA,NA,1,NA,1,NA,1,0
"Dc08463","locus025",1,1,1,1,1,NA,1,NA,0.137186,0
"Dc08463","locus027",1,1,1,NA,0.71448,NA,0.105924,NA,1,0
"Dc08463","locus030",0.69479,1,1,NA,1,NA,0.317088,NA,1,0
"Dc08463","locus035",1,1,1,NA,1,1,1,1,1,0
"Dc08463","locus038",1,1,NA,NA,1,1,1,NA,0.793068,0
"Dc08463","locus039",1,1,NA,NA,1,NA,1,NA,0.70551,0
"Dc08463","locus040",1,1,NA,NA,1,NA,1,NA,1,0
"Dc08463","locus041",1,1,NA,1,1,NA,1,NA,1,0
"Dc08463","locus045",1,1,NA,NA,1,NA,1,NA,1,0
"Dc08463","locus047",1,1,NA,NA,1,NA,1,NA,1,0
"Dc08463","locus048",1,1,NA,NA,1,NA,0.100896,1,1,0
"Dc08463","locus053",1,1,NA,NA,1,NA,0.165,1,1,0
"Dc08463","locus055",0.12982,1,NA,NA,1,NA,0.334632,NA,1,0
"Dc08463","locus056",0.676464,1,NA,NA,1,1,1,NA,1,0
"Dc08463","locus058",1,1,NA,NA,1,NA,0.95482,NA,1,0
"Dc08463","locus060",1,1,NA,NA,1,NA,1,NA,1,0
"Dc08463","locus061",1,1,NA,NA,1,NA,0.79937,NA,1,0
"Dc08463","locus062",1,1,NA,1,1,NA,1,NA,1,0
"Dc08463","locus064",1,1,NA,NA,1,NA,1,0.850068,1,0
"Dc08463","locus065",1,1,NA,NA,1,NA,1,NA,1,0
"Dc08463","locus073",1,1,NA,NA,1,NA,1,NA,1,0
"Dc08463","locus074",1,1,NA,NA,1,NA,0.32988,NA,1,0
"Dc08463","locus076",1,1,NA,NA,1,NA,0.46254,NA,1,0
"Dc08463","locus077",0.62418,1,NA,NA,1,NA,0.62418,NA,1,0
"Dc08463","locus080",1,1,NA,NA,1,NA,1,NA,1,0
"Dc08463","locus083",0.65333,1,NA,NA,1,NA,1,NA,1,0
"Dc08463","locus088",1,0.852136,NA,NA,1,NA,1,NA,0.80364,0
"Dc08463","locus093",1,1,1,NA,1,NA,1,NA,1,0
"Dc08463","locus096",1,1,1,NA,1,NA,1,NA,1,0
"Dc08463","locus098",1,1,NA,NA,1,NA,1,1,1,0
"Dc08463","locus100",1,1,NA,NA,1,NA,1,NA,1,0
"Dc08463","locus106",1,1,NA,NA,1,NA,1,NA,1,0
"Dc08463","locus110",0.969198,1,NA,NA,NA,NA,0.969198,NA,NA,0
"Dc08463","locus116",1,1,NA,NA,1,NA,1,NA,NA,0
"Dc08463","locus119",1,0.648222,NA,NA,1,NA,0.250584,NA,NA,0
"Dc08463","locus120",1,0.993712,NA,NA,1,NA,1,NA,NA,0
"Dc08463","locus126",1,0.427434,NA,NA,1,NA,0.232568,NA,NA,0
"Dc08463","locus128",0.12344,1,NA,NA,1,NA,1,NA,NA,0
"Dc08463","locus129",0.675904,0.675904,NA,NA,1,NA,0.686956,NA,NA,0
"Dc08463","locus130",0.603864,0.428752,NA,NA,0.667492,NA,0.667492,NA,NA,0
"Dc08463","locus134",0.29482,1,NA,NA,1,1,1,NA,NA,0
"Dc08463","locus135",1,1,NA,NA,1,NA,1,NA,NA,0
"Dc08463","locus137",0.27452,1,NA,NA,1,NA,1,NA,NA,0
"Dc08463","locus139",1,1,1,NA,1,NA,0.74954,NA,NA,0
"Dc08463","locus140",1,1,1,NA,1,NA,0.89874,1,NA,0
"Dc08463","locus148",1,1,NA,NA,1,NA,1,NA,NA,0
"Dc08463","locus151",1,1,1,NA,1,NA,1,NA,NA,0
"Dc08463","locus157",1,1,NA,1,1,NA,1,NA,NA,0
"Dc08463","locus161",1,1,1,NA,1,NA,1,NA,NA,0
"Dc08463","locus165",0.94825,1,NA,NA,1,NA,1,1,NA,0
"Dc08463","locus170",0.862864,0.862864,NA,NA,1,NA,0.862864,NA,NA,0
"Dc08463","locus176",1,1,NA,NA,1,NA,1,NA,NA,0
"Dc08463","locus184",1,1,NA,NA,1,NA,1,NA,NA,0
"Dc08463","locus186",1,1,NA,NA,1,NA,1,NA,NA,0
"Dc08463","locus188",1,0.765208,NA,NA,1,NA,0.765208,NA,NA,0
"Dc08463","locus189",1,1,1,NA,1,NA,1,0.858456,NA,0
"Dc08463","locus190",1,1,1,NA,1,NA,1,NA,NA,0
"Dc08463","locus191",1,1,NA,NA,1,NA,1,NA,NA,0
"Dc08463","locus192",1,1,NA,NA,1,NA,1,NA,NA,0
"Dc08463","locus195",1,0.430608,NA,NA,1,NA,1,NA,NA,0
"Dc08463","locus202",1,1,NA,NA,1,NA,0.401464,NA,NA,0
"Dc08463","locus210",1,1,NA,NA,1,NA,1,NA,NA,0
"Dc08463","locus215",0.16467,1,1,NA,0.5738,NA,0.5738,NA,NA,0
"Dc08463","locus227",1,0.53737,1,NA,1,NA,0.578424,NA,NA,0
"Dc08463","locus231",1,1,NA,NA,1,NA,1,NA,NA,0
"Dc08463","locus235",1,1,NA,NA,1,NA,1,NA,NA,0
"Dc08463","locus236",1,1,NA,NA,1,1,1,NA,NA,0
"Dc08463","locus237",1,1,NA,NA,1,NA,1,NA,NA,0
"Dc08463","locus239",1,1,NA,NA,1,1,0.70119,NA,NA,0
"Dc08463","locus255",1,1,NA,NA,1,NA,NA,NA,NA,0
"Dc08463","locus256",0.90861,1,NA,1,1,NA,1,NA,NA,0
"Dc08463","locus263",1,1,NA,1,0.71858,NA,1,NA,NA,0
"Dc08463","locus264",1,1,NA,NA,1,NA,1,NA,NA,0
"Dc08463","locus274",1,1,NA,NA,1,NA,1,NA,NA,0
"Dc08463","locus280",1,1,NA,NA,1,1,1,NA,NA,0
"Dc08463","locus282",1,1,NA,NA,1,NA,0.41198,1,NA,0
"Dc08463","locus286",1,1,NA,NA,1,NA,1,NA,NA,0
"Dc08463","locus291",1,1,NA,NA,1,NA,1,NA,NA,0
"Dc08463","locus296",0.522776,1,NA,NA,1,NA,1,NA,NA,0
"Dc08463","locus301",1,1,1,NA,1,1,1,NA,NA,0
"Dc08463","locus314",1,1,NA,1,1,NA,1,NA,NA,0
"Dc08463","locus321",0.267416,1,NA,1,1,NA,0.07326,NA,NA,0
"Dc08463","locus322",1,1,NA,NA,1,NA,0.96315,1,NA,0
"Dc08463","locus323",1,1,NA,NA,1,NA,0.716064,NA,NA,0
"Dc08463","locus329",1,1,NA,NA,1,NA,1,NA,NA,0
"Dc08463","locus332",1,0.641376,NA,NA,1,NA,0.052168,NA,NA,0
"Dc08463","locus349",0.85738,0.430096,NA,NA,0.85738,NA,0.430096,NA,NA,0
"Dc08463","locus358",0.96454,1,NA,1,1,NA,1,NA,NA,0
"Dc08463","locus359",0.462744,1,NA,NA,1,NA,1,NA,NA,0
"Dc08463","locus360",0.593404,0.42332,NA,NA,0.426138,NA,0.593404,NA,NA,0
"Dc08578","Dc08865",1,1,NA,NA,1,NA,0.576048,NA,NA,0
"Dc08578","Dc10003",1,1,NA,NA,1,NA,1,NA,NA,0
"Dc08578","Dc10390",1,1,NA,NA,1,NA,1,NA,NA,0
"Dc08578","Dc10878",1,1,1,NA,1,NA,1,NA,NA,0
"Dc08578","Dc10885",1,1,NA,NA,1,NA,1,NA,NA,0
"Dc08578","Dc11203",0.492456,1,NA,NA,1,NA,1,NA,NA,0
"Dc08578","Dc11714",1,0.783768,NA,NA,1,NA,1,NA,NA,0
"Dc08578","Dc13159",1,1,NA,NA,1,NA,1,NA,NA,0
"Dc08578","Dc13592",1,1,1,NA,1,NA,1,1,NA,0
"Dc08578","Dc14022",1,1,1,NA,1,NA,1,NA,NA,0
"Dc08578","Dc14945",1,1,NA,NA,1,NA,1,NA,NA,0
"Dc08578","Dc16747",1,1,NA,1,0.43391,NA,1,NA,NA,0
"Dc08578","Dc18951",1,1,NA,NA,1,NA,1,NA,NA,0
"Dc08578","Dc20232",1,1,NA,NA,1,NA,1,NA,NA,0
"Dc08578","Dc22883",1,1,NA,NA,1,NA,1,NA,NA,0
"Dc08578","Dc22887",1,1,NA,1,1,NA,0.4026,NA,NA,0
"Dc08578","Dc27955",0.928112,1,NA,NA,0.928112,NA,0.985052,NA,NA,0
"Dc08578","Dc28124",0.827088,1,NA,NA,1,NA,1,NA,NA,0
"Dc08578","Dc28776",0.947984,1,NA,NA,1,NA,1,NA,NA,0
"Dc08578","Dc30071",1,1,NA,1,1,NA,1,NA,NA,0
"Dc08578","Dc31007",1,1,1,NA,1,NA,1,NA,NA,0
"Dc08578","Dc33714",1,1,NA,NA,1,NA,0.46986,1,NA,0
"Dc08578","Dc33907",1,1,NA,NA,0.572384,NA,0.34474,1,NA,0
"Dc08578","Dc34902",0.971504,1,NA,NA,0.971504,NA,0.971504,NA,NA,0
"Dc08578","Dc35779",1,1,NA,NA,1,NA,1,NA,NA,0
"Dc08578","Dc36571",1,1,NA,1,1,NA,0.06171,NA,NA,0
"Dc08578","Dc36616",1,1,1,NA,1,NA,1,NA,NA,0
"Dc08578","Dc36767",1,1,NA,NA,1,NA,0.69608,NA,NA,0
"Dc08578","Dc40235",1,1,NA,NA,1,NA,1,NA,NA,0
"Dc08578","Dc41234",1,1,1,NA,1,NA,1,NA,NA,0
"Dc08578","Dc46984",1,0.114304,NA,NA,1,NA,1,NA,NA,0
"Dc08578","Dc47572",1,1,NA,NA,0.467744,NA,1,NA,NA,0
"Dc08578","Dc47935",1,1,NA,NA,1,NA,1,1,NA,0
"Dc08578","Dc48207",1,1,1,NA,1,NA,1,NA,NA,0
"Dc08578","Dc48950",1,1,NA,1,1,NA,1,NA,NA,0
"Dc08578","Dc49080",1,1,NA,1,1,NA,1,NA,NA,0
"Dc08578","Dc49184",1,1,NA,NA,1,NA,0.366736,NA,NA,0
"Dc08578","Dc51020",1,1,NA,NA,1,NA,1,NA,NA,0
"Dc08578","Dc52523",0.296058,1,NA,NA,0.296058,NA,0.091848,NA,NA,0
"Dc08578","Dc55481",1,1,NA,NA,1,NA,0.29186,1,NA,0
"Dc08578","Dc58248",0.132104,1,NA,NA,1,NA,1,NA,NA,0
"Dc08578","Dc62188",0.64277,1,NA,1,1,NA,1,NA,NA,0
"Dc08578","Dc67011",1,1,1,1,1,NA,1,NA,NA,0
"Dc08578","locus002",1,1,NA,NA,1,NA,1,NA,NA,0
"Dc08578","locus003",1,1,NA,NA,1,NA,1,NA,NA,0
"Dc08578","locus004",0.736224,1,NA,NA,1,NA,1,NA,NA,0
"Dc08578","locus005",0.549264,0.77187,NA,NA,0.56472,NA,0.549264,NA,NA,0
"Dc08578","locus008",1,1,NA,NA,1,NA,1,1,NA,0
"Dc08578","locus013",1,1,NA,NA,1,NA,1,NA,NA,0
"Dc08578","locus014",0.848838,0.848838,NA,NA,0.848838,NA,0.731536,NA,NA,0
"Dc08578","locus022",1,1,NA,NA,1,NA,1,NA,NA,0
"Dc08578","locus024",0.160584,0.856944,NA,NA,0.856944,NA,0.498114,NA,NA,0
"Dc08578","locus025",1,1,1,1,1,NA,1,NA,NA,0
"Dc08578","locus027",1,1,1,NA,0.4689,NA,0.4689,NA,NA,0
"Dc08578","locus030",1,1,1,NA,1,NA,1,NA,NA,0
"Dc08578","locus035",0.513804,1,1,NA,1,NA,0.58169,1,NA,0
"Dc08578","locus038",1,1,NA,NA,1,NA,1,NA,NA,0
"Dc08578","locus039",0.600248,1,NA,NA,1,NA,1,NA,NA,0
"Dc08578","locus040",1,1,NA,NA,1,NA,1,NA,NA,0
"Dc08578","locus041",0.43989,1,NA,1,1,NA,1,NA,NA,0
"Dc08578","locus045",0.865352,1,NA,NA,1,NA,1,NA,NA,0
"Dc08578","locus047",1,1,NA,NA,1,NA,1,NA,NA,0
"Dc08578","locus048",1,1,NA,NA,1,NA,1,1,NA,0
"Dc08578","locus053",1,1,NA,NA,1,NA,1,1,NA,0
"Dc08578","locus056",0.629616,1,NA,NA,1,NA,1,NA,NA,0
"Dc08578","locus058",1,1,NA,NA,1,NA,1,NA,NA,0
"Dc08578","locus060",0.548892,0.858436,NA,NA,0.885766,NA,0.534048,NA,NA,0
"Dc08578","locus061",1,0.575496,NA,NA,1,NA,1,NA,NA,0
"Dc08578","locus062",1,1,NA,1,1,NA,0.60239,NA,NA,0
"Dc08578","locus064",1,0.71956,NA,NA,1,NA,1,1,NA,0
"Dc08578","locus073",1,1,NA,NA,1,NA,0.712944,NA,NA,0
"Dc08578","locus074",1,1,NA,NA,1,NA,1,NA,NA,0
"Dc08578","locus076",1,1,NA,NA,1,NA,0.511872,NA,NA,0
"Dc08578","locus077",1,1,NA,NA,1,NA,0.420504,NA,NA,0
"Dc08578","locus080",1,1,NA,NA,1,NA,0.82448,NA,NA,0
"Dc08578","locus083",1,1,NA,NA,1,NA,1,NA,NA,0
"Dc08578","locus088",1,1,NA,NA,0.344408,NA,1,NA,NA,0
"Dc08578","locus093",1,1,1,NA,1,NA,1,NA,NA,0
"Dc08578","locus096",1,1,1,NA,1,NA,1,NA,NA,0
"Dc08578","locus098",0.07727,1,NA,NA,1,NA,1,1,NA,0
"Dc08578","locus100",1,1,NA,NA,1,NA,1,NA,NA,0
"Dc08578","locus106",1,1,NA,NA,1,NA,1,NA,NA,0
"Dc08578","locus110",1,0.60057,NA,NA,NA,NA,1,NA,NA,0
"Dc08578","locus116",0.507112,1,NA,NA,1,NA,0.72168,NA,NA,0
"Dc08578","locus119",0.61612,0.61612,NA,NA,0.7917,NA,0.7917,NA,NA,0
"Dc08578","locus120",1,1,NA,NA,1,NA,1,NA,NA,0
"Dc08578","locus126",1,1,NA,NA,0.5716,NA,0.86877,NA,NA,0
"Dc08578","locus128",1,1,NA,NA,1,NA,1,NA,NA,0
"Dc08578","locus129",0.314344,1,NA,NA,1,NA,0.953628,NA,NA,0
"Dc08578","locus130",1,1,NA,NA,1,NA,0.081616,NA,NA,0
"Dc08578","locus134",0.813678,0.569552,NA,NA,1,NA,1,NA,NA,0
"Dc08578","locus135",0.649656,0.346048,NA,NA,1,NA,1,NA,NA,0
"Dc08578","locus137",1,1,NA,NA,1,NA,1,NA,NA,0
"Dc08578","locus139",1,1,1,NA,1,NA,1,NA,NA,0
"Dc08578","locus140",1,1,1,NA,1,NA,1,1,NA,0
"Dc08578","locus146",1,1,NA,1,1,NA,0.399,NA,NA,0
"Dc08578","locus148",1,0.573464,NA,NA,1,NA,1,NA,NA,0
"Dc08578","locus151",0.26488,0.34228,1,NA,1,NA,1,NA,NA,0
"Dc08578","locus157",1,1,NA,1,1,NA,1,NA,NA,0
"Dc08578","locus161",1,1,1,NA,1,NA,1,NA,NA,0
"Dc08578","locus165",1,1,NA,NA,1,NA,1,1,NA,0
"Dc08578","locus170",1,1,NA,NA,1,NA,1,NA,NA,0
"Dc08578","locus176",0.875376,0.539176,NA,NA,0.884238,NA,0.539176,NA,NA,0
"Dc08578","locus184",0.494412,1,NA,NA,0.384624,NA,1,NA,NA,0
"Dc08578","locus186",1,1,NA,NA,1,NA,1,NA,NA,0
"Dc08578","locus188",1,1,NA,NA,1,NA,0.77924,NA,NA,0
"Dc08578","locus189",0.859788,0.859788,1,NA,1,NA,1,1,NA,0
"Dc08578","locus190",0.10706,1,1,NA,1,NA,1,NA,NA,0
"Dc08578","locus191",1,1,NA,NA,1,NA,1,NA,NA,0
"Dc08578","locus192",1,0.794448,NA,NA,1,NA,1,NA,NA,0
"Dc08578","locus195",0.82314,0.82314,NA,NA,0.608988,NA,0.091744,NA,NA,0
"Dc08578","locus202",1,1,NA,NA,0.458576,NA,1,NA,NA,0
"Dc08578","locus210",0.273804,1,NA,NA,1,NA,0.08772,NA,NA,0
"Dc08578","locus215",1,1,1,NA,1,NA,0.71724,NA,NA,0
"Dc08578","locus227",1,1,1,NA,1,NA,1,NA,NA,0
"Dc08578","locus231",1,0.34472,NA,NA,1,NA,1,NA,NA,0
"Dc08578","locus235",1,1,NA,NA,1,NA,1,NA,NA,0
"Dc08578","locus236",0.520056,1,NA,NA,1,NA,1,NA,NA,0
"Dc08578","locus237",1,1,NA,NA,1,NA,1,NA,NA,0
"Dc08578","locus239",0.826512,1,NA,NA,1,NA,1,NA,NA,0
"Dc08578","locus248",1,1,NA,NA,1,NA,1,NA,NA,0
"Dc08578","locus255",0.264618,1,NA,NA,1,NA,NA,NA,NA,0
"Dc08578","locus256",1,1,NA,1,1,NA,1,NA,NA,0
"Dc08578","locus263",1,1,NA,1,1,NA,1,NA,NA,0
"Dc08578","locus264",1,0.900784,NA,NA,1,NA,0.900784,NA,NA,0
"Dc08578","locus274",1,0.786568,NA,NA,1,NA,1,NA,NA,0
"Dc08578","locus280",1,1,NA,NA,1,NA,0.786624,NA,NA,0
"Dc08578","locus282",1,1,NA,NA,1,NA,1,1,NA,0
"Dc08578","locus286",1,1,NA,NA,1,NA,1,NA,NA,0
"Dc08578","locus291",1,1,NA,NA,1,NA,1,NA,NA,0
"Dc08578","locus292",0.647312,0.770298,NA,NA,1,NA,1,NA,NA,0
"Dc08578","locus296",1,1,NA,NA,1,NA,1,NA,NA,0
"Dc08578","locus301",1,1,1,NA,1,NA,1,NA,NA,0
"Dc08578","locus314",0.46013,1,NA,1,1,NA,0.651584,NA,NA,0
"Dc08578","locus321",1,1,NA,1,1,NA,1,NA,NA,0
"Dc08578","locus322",1,1,NA,NA,1,NA,1,1,NA,0
"Dc08578","locus323",0.1996,0.876636,NA,NA,0.876636,NA,0.876636,NA,NA,0
"Dc08578","locus329",1,1,NA,NA,0.229848,NA,1,NA,NA,0
"Dc08578","locus332",1,1,NA,NA,1,NA,1,NA,NA,0
"Dc08578","locus349",1,0.340608,NA,NA,1,NA,1,NA,NA,0
"Dc08578","locus358",1,1,NA,1,1,NA,1,NA,NA,0
"Dc08578","locus359",1,0.603954,NA,NA,1,NA,0.181424,NA,NA,0
"Dc08578","locus360",1,1,NA,NA,1,NA,1,NA,NA,0
"Dc08865","Dc10003",1,0.41884,NA,NA,1,NA,1,NA,NA,0
"Dc08865","Dc10390",0.91791,1,NA,NA,1,NA,0.37757,NA,0.70032,0
"Dc08865","Dc10878",1,1,1,NA,1,NA,1,NA,1,0
"Dc08865","Dc10885",1,1,NA,0.988968,1,NA,1,NA,1,0
"Dc08865","Dc11203",1,1,NA,NA,1,1,0.966048,NA,1,0
"Dc08865","Dc11714",1,1,NA,NA,1,NA,1,NA,1,0
"Dc08865","Dc13159",1,1,NA,NA,0.595884,NA,0.6374,1,1,0
"Dc08865","Dc13592",0.207576,1,1,NA,0.54166,NA,1,NA,1,0
"Dc08865","Dc14022",0.877056,1,1,NA,1,NA,1,NA,1,0
"Dc08865","Dc14945",0.65415,1,NA,NA,1,NA,1,NA,1,0
"Dc08865","Dc16747",1,1,NA,1,1,NA,1,NA,0.53028,0
"Dc08865","Dc18951",0.56376,1,NA,NA,1,1,1,NA,1,0
"Dc08865","Dc20232",0.83946,1,NA,NA,1,1,0.83946,NA,1,0
"Dc08865","Dc22883",0.382728,1,NA,NA,1,NA,0.28229,NA,1,0
"Dc08865","Dc22887",0.210624,1,NA,1,1,NA,1,NA,1,0
"Dc08865","Dc27955",1,1,NA,NA,1,NA,1,NA,1,0
"Dc08865","Dc28124",1,1,NA,NA,1,NA,1,NA,0.96438,0
"Dc08865","Dc28776",1,1,NA,NA,1,NA,1,NA,1,0
"Dc08865","Dc30071",0.786624,1,NA,NA,1,NA,1,1,1,0
"Dc08865","Dc31007",1,1,1,NA,1,NA,1,NA,NA,0
"Dc08865","Dc33714",1,1,NA,NA,1,NA,0.24552,1,1,0
"Dc08865","Dc33907",1,1,NA,NA,1,NA,0.25153,NA,1,0
"Dc08865","Dc34902",1,1,NA,NA,1,NA,1,NA,1,0
"Dc08865","Dc35779",0.920816,1,NA,NA,0.507744,1,0.57885,NA,1,0
"Dc08865","Dc36571",1,1,NA,1,1,NA,1,NA,1,0
"Dc08865","Dc36616",1,1,1,NA,1,1,1,NA,1,0
"Dc08865","Dc36767",0.634368,1,NA,NA,1,NA,0.47584,NA,NA,0
"Dc08865","Dc40235",1,1,NA,NA,1,NA,1,NA,1,0
"Dc08865","Dc41234",1,1,1,NA,1,NA,1,NA,1,0
"Dc08865","Dc46984",1,1,NA,NA,1,NA,1,NA,1,0
"Dc08865","Dc47572",1,1,NA,NA,1,1,1,1,1,0
"Dc08865","Dc47935",1,1,NA,NA,1,NA,1,NA,1,0
"Dc08865","Dc48207",1,1,1,NA,1,1,0.677012,NA,1,0
"Dc08865","Dc48950",1,1,NA,1,1,NA,0.098292,NA,1,0
"Dc08865","Dc49080",1,1,NA,1,1,NA,1,NA,1,0
"Dc08865","Dc49184",1,0.572424,NA,NA,0.862254,NA,0.17599,NA,1,0
"Dc08865","Dc51020",1,1,NA,NA,1,NA,1,NA,0.24154,0
"Dc08865","Dc52523",1,1,NA,NA,1,NA,1,NA,1,0
"Dc08865","Dc55481",1,1,NA,NA,1,NA,0.599196,1,1,0
"Dc08865","Dc58248",1,1,NA,NA,1,NA,1,NA,1,0
"Dc08865","Dc67011",1,1,1,1,1,NA,1,NA,1,0
"Dc08865","locus002",1,0.70767,NA,NA,1,NA,1,NA,1,0
"Dc08865","locus003",0.6664,1,NA,NA,1,NA,1,NA,1,0
"Dc08865","locus004",1,1,NA,NA,1,NA,0.64089,NA,1,0
"Dc08865","locus005",1,1,NA,NA,1,1,0.863988,NA,1,0
"Dc08865","locus006",1,1,NA,NA,1,NA,0.751656,1,1,0
"Dc08865","locus008",0.731056,1,NA,NA,0.731056,NA,0.54931,NA,1,0
"Dc08865","locus013",1,1,NA,NA,1,NA,1,NA,1,0
"Dc08865","locus014",1,1,NA,NA,1,NA,1,NA,1,0
"Dc08865","locus022",1,1,NA,NA,1,NA,0.84531,NA,1,0
"Dc08865","locus024",1,1,NA,NA,1,NA,0.09479,NA,0.225872,0
"Dc08865","locus025",1,1,1,NA,1,NA,1,NA,0.229716,0
"Dc08865","locus027",0.68166,1,1,NA,1,NA,1,NA,1,0
"Dc08865","locus030",1,1,1,NA,1,NA,1,1,1,0
"Dc08865","locus035",1,1,1,NA,1,1,1,NA,1,0
"Dc08865","locus038",1,1,NA,NA,1,NA,1,NA,1,0
"Dc08865","locus039",0.65404,1,NA,NA,1,NA,1,NA,1,0
"Dc08865","locus040",1,1,NA,NA,1,NA,1,NA,1,0
"Dc08865","locus041",1,1,NA,1,1,NA,1,NA,1,0
"Dc08865","locus045",1,1,NA,NA,1,NA,1,NA,1,0
"Dc08865","locus047",1,1,NA,NA,1,NA,1,1,1,0
"Dc08865","locus048",1,1,NA,NA,1,NA,1,1,1,0
"Dc08865","locus053",1,1,NA,NA,1,NA,1,NA,1,0
"Dc08865","locus055",1,1,NA,NA,1,NA,1,NA,1,0
"Dc08865","locus056",1,1,NA,NA,1,NA,1,NA,1,0
"Dc08865","locus060",0.601566,1,NA,NA,0.449784,NA,0.30523,NA,1,0
"Dc08865","locus061",1,1,NA,NA,1,NA,1,NA,1,0
"Dc08865","locus062",1,1,NA,1,1,NA,1,1,1,0
"Dc08865","locus064",0.40606,1,NA,NA,1,NA,1,NA,1,0
"Dc08865","locus065",0.45544,1,NA,NA,1,NA,1,NA,1,0
"Dc08865","locus073",1,0.570368,NA,NA,1,NA,0.28493,NA,0.999396,0
"Dc08865","locus074",1,1,NA,NA,1,NA,0.3261,NA,1,0
"Dc08865","locus076",1,1,NA,NA,1,NA,1,NA,1,0
"Dc08865","locus077",1,1,NA,NA,1,NA,1,NA,1,0
"Dc08865","locus080",1,1,NA,NA,1,NA,0.73229,NA,1,0
"Dc08865","locus083",1,1,NA,NA,1,NA,0.53778,NA,1,0
"Dc08865","locus088",1,1,NA,NA,1,NA,1,NA,1,0
"Dc08865","locus093",1,1,1,NA,1,NA,1,NA,1,0
"Dc08865","locus096",1,1,1,NA,1,NA,1,NA,1,0
"Dc08865","locus098",1,1,NA,NA,1,NA,1,NA,1,0
"Dc08865","locus100",1,1,NA,NA,1,NA,0.49917,NA,1,0
"Dc08865","locus106",0.74405,1,NA,NA,1,NA,1,NA,1,0
"Dc08865","locus110",1,1,NA,NA,NA,NA,1,NA,NA,0
"Dc08865","locus116",1,0.227944,NA,NA,1,NA,1,NA,NA,0
"Dc08865","locus119",0.486544,1,NA,NA,1,NA,1,NA,NA,0
"Dc08865","locus120",1,1,NA,NA,1,NA,1,1,NA,0
"Dc08865","locus126",1,1,NA,NA,1,NA,0.41816,NA,NA,0
"Dc08865","locus128",1,1,NA,NA,0.457944,NA,1,NA,NA,0
"Dc08865","locus129",1,0.817152,NA,NA,0.190432,NA,1,NA,NA,0
"Dc08865","locus130",0.800888,1,NA,NA,1,NA,1,NA,NA,0
"Dc08865","locus134",1,1,NA,NA,1,1,1,NA,NA,0
"Dc08865","locus135",1,1,NA,NA,0.926584,NA,1,NA,NA,0
"Dc08865","locus137",1,1,NA,NA,1,NA,1,NA,NA,0
"Dc08865","locus139",0.64404,1,1,NA,1,NA,1,1,NA,0
"Dc08865","locus140",0.54455,1,1,NA,1,NA,1,NA,NA,0
"Dc08865","locus146",1,1,NA,1,1,NA,1,NA,NA,0
"Dc08865","locus148",1,1,NA,NA,1,NA,1,NA,NA,0
"Dc08865","locus151",1,1,1,NA,1,NA,1,NA,NA,0
"Dc08865","locus161",1,0.863136,1,NA,1,NA,1,1,NA,0
"Dc08865","locus165",1,0.230752,NA,NA,1,NA,1,NA,NA,0
"Dc08865","locus176",0.20384,1,NA,NA,1,NA,1,NA,NA,0
"Dc08865","locus184",1,1,NA,NA,1,NA,0.382952,NA,NA,0
"Dc08865","locus186",1,0.640722,NA,NA,0.35156,NA,1,NA,NA,0
"Dc08865","locus188",1,1,NA,NA,0.42534,NA,0.837456,1,NA,0
"Dc08865","locus189",0.370264,0.18586,1,NA,0.935118,NA,1,NA,NA,0
"Dc08865","locus190",1,1,1,NA,1,NA,1,NA,NA,0
"Dc08865","locus191",0.285856,1,NA,NA,0.929448,NA,0.929448,NA,NA,0
"Dc08865","locus192",1,1,NA,NA,1,NA,1,NA,NA,0
"Dc08865","locus195",0.658176,1,NA,NA,1,NA,1,NA,NA,0
"Dc08865","locus202",1,1,NA,NA,1,NA,1,NA,NA,0
"Dc08865","locus210",0.34476,1,NA,NA,1,NA,1,1,NA,0
"Dc08865","locus215",1,1,1,NA,1,NA,1,NA,NA,0
"Dc08865","locus227",1,1,1,NA,1,NA,0.10989,NA,NA,0
"Dc08865","locus231",1,1,NA,NA,1,NA,1,NA,NA,0
"Dc08865","locus236",1,1,NA,NA,1,1,1,NA,NA,0
"Dc08865","locus237",1,1,NA,NA,1,NA,1,NA,NA,0
"Dc08865","locus239",1,1,NA,NA,1,1,0.28789,NA,NA,0
"Dc08865","locus248",1,1,NA,NA,1,NA,1,1,NA,0
"Dc08865","locus255",1,0.172692,NA,NA,1,NA,NA,NA,NA,0
"Dc08865","locus256",1,1,NA,1,1,NA,0.14424,NA,NA,0
"Dc08865","locus263",0.6268,1,NA,1,1,NA,0.761152,NA,NA,0
"Dc08865","locus264",1,1,NA,NA,1,NA,1,NA,NA,0
"Dc08865","locus274",0.827032,0.808794,NA,NA,0.827032,NA,0.241248,NA,NA,0
"Dc08865","locus282",1,1,NA,NA,1,NA,1,NA,NA,0
"Dc08865","locus286",1,1,NA,NA,1,NA,1,NA,NA,0
"Dc08865","locus291",1,1,NA,NA,1,NA,1,NA,NA,0
"Dc08865","locus292",0.57126,1,NA,1,1,NA,1,NA,NA,0
"Dc08865","locus296",1,1,NA,NA,1,NA,1,NA,NA,0
"Dc08865","locus301",1,1,1,NA,1,1,1,NA,NA,0
"Dc08865","locus314",1,1,NA,NA,1,NA,0.766304,NA,NA,0
"Dc08865","locus321",1,1,NA,1,1,NA,1,1,NA,0
"Dc08865","locus322",0.651216,1,NA,NA,1,NA,0.165664,NA,NA,0
"Dc08865","locus323",1,1,NA,NA,1,NA,0.38616,NA,NA,0
"Dc08865","locus332",1,1,NA,NA,1,NA,1,NA,NA,0
"Dc08865","locus349",1,1,NA,NA,1,NA,1,NA,NA,0
"Dc08865","locus358",1,1,NA,1,1,NA,1,NA,NA,0
"Dc08865","locus359",1,1,NA,NA,1,NA,1,NA,NA,0
"Dc08865","locus360",1,1,NA,NA,1,NA,1,NA,NA,0
"Dc10003","Dc10390",1,1,NA,NA,1,NA,1,NA,NA,0
"Dc10003","Dc10878",1,1,1,NA,1,NA,1,NA,NA,0
"Dc10003","Dc10885",0.32131,1,NA,1,1,NA,1,NA,NA,0
"Dc10003","Dc11203",0.14744,1,NA,NA,1,NA,1,NA,NA,0
"Dc10003","Dc11714",1,1,1,NA,1,NA,1,NA,NA,0
"Dc10003","Dc13159",1,1,NA,NA,1,NA,1,1,NA,0
"Dc10003","Dc13592",1,1,1,NA,1,NA,0.05495,NA,NA,0
"Dc10003","Dc14022",1,1,1,NA,1,NA,1,NA,NA,0
"Dc10003","Dc14945",0.999296,0.999296,NA,NA,1,NA,0.999296,NA,NA,0
"Dc10003","Dc16747",1,1,NA,1,1,NA,1,NA,NA,0
"Dc10003","Dc18951",1,1,NA,NA,1,NA,1,NA,NA,0
"Dc10003","Dc20232",1,1,NA,NA,1,NA,0.751768,NA,NA,0
"Dc10003","Dc22883",0.609856,0.994904,NA,NA,1,NA,0.755118,NA,NA,0
"Dc10003","Dc22887",1,1,NA,1,1,NA,1,NA,NA,0
"Dc10003","Dc27955",0.096384,1,NA,NA,1,NA,1,NA,NA,0
"Dc10003","Dc28124",1,1,NA,NA,1,NA,1,NA,NA,0
"Dc10003","Dc28776",1,1,NA,NA,1,NA,0.636072,NA,NA,0
"Dc10003","Dc30071",1,1,NA,NA,1,NA,1,1,NA,0
"Dc10003","Dc31007",1,1,1,NA,1,NA,1,NA,NA,0
"Dc10003","Dc33714",0.089508,1,1,NA,1,NA,0.60412,1,NA,0
"Dc10003","Dc33907",1,1,NA,NA,1,NA,1,NA,NA,0
"Dc10003","Dc34902",1,1,NA,NA,1,NA,1,NA,NA,0
"Dc10003","Dc35779",1,1,NA,NA,1,NA,0.993792,NA,NA,0
"Dc10003","Dc36571",1,1,NA,1,1,NA,1,NA,NA,0
"Dc10003","Dc36616",1,1,1,NA,1,NA,1,NA,NA,0
"Dc10003","Dc36767",0.500176,1,NA,NA,1,NA,1,NA,NA,0
"Dc10003","Dc40235",1,1,NA,NA,1,NA,1,NA,NA,0
"Dc10003","Dc41234",1,1,NA,NA,1,NA,1,NA,NA,0
"Dc10003","Dc46984",1,1,NA,NA,1,NA,1,NA,NA,0
"Dc10003","Dc47572",1,1,NA,NA,1,NA,1,1,NA,0
"Dc10003","Dc47935",1,1,NA,NA,1,NA,1,NA,NA,0
"Dc10003","Dc48207",1,1,1,NA,1,NA,1,NA,NA,0
"Dc10003","Dc48950",0.70473,0.872064,NA,1,1,NA,1,NA,NA,0
"Dc10003","Dc49080",1,1,NA,1,1,NA,1,NA,NA,0
"Dc10003","Dc49184",1,1,NA,NA,1,NA,1,NA,NA,0
"Dc10003","Dc51020",1,1,NA,NA,1,NA,1,NA,NA,0
"Dc10003","Dc52523",1,1,NA,NA,1,NA,1,NA,NA,0
"Dc10003","Dc55481",1,1,NA,NA,1,NA,1,1,NA,0
"Dc10003","Dc58248",1,1,NA,NA,1,NA,1,NA,NA,0
"Dc10003","Dc62188",1,1,NA,1,1,NA,1,NA,NA,0
"Dc10003","Dc67011",0.779496,1,1,1,1,NA,1,NA,NA,0
"Dc10003","locus002",1,1,NA,NA,1,NA,1,NA,NA,0
"Dc10003","locus003",1,1,NA,NA,1,NA,1,NA,NA,0
"Dc10003","locus004",0.867112,1,NA,NA,1,NA,1,NA,NA,0
"Dc10003","locus005",1,1,NA,NA,1,NA,0.583368,NA,NA,0
"Dc10003","locus006",0.824288,1,NA,NA,1,NA,0.4459,1,NA,0
"Dc10003","locus008",1,0.424504,NA,NA,1,NA,1,NA,NA,0
"Dc10003","locus013",0.092504,1,NA,NA,1,NA,0.618582,NA,NA,0
"Dc10003","locus014",1,0.768918,NA,NA,1,NA,0.633416,NA,NA,0
"Dc10003","locus022",1,1,NA,NA,1,NA,0.962264,NA,NA,0
"Dc10003","locus024",1,1,NA,NA,1,NA,1,NA,NA,0
"Dc10003","locus025",1,1,1,NA,1,NA,1,NA,NA,0
"Dc10003","locus027",0.28183,1,1,NA,1,NA,1,NA,NA,0
"Dc10003","locus030",1,1,1,NA,1,NA,1,1,NA,0
"Dc10003","locus035",1,1,1,NA,1,NA,1,NA,NA,0
"Dc10003","locus038",1,1,NA,NA,1,NA,1,NA,NA,0
"Dc10003","locus039",1,1,NA,NA,1,NA,1,NA,NA,0
"Dc10003","locus040",1,1,NA,NA,1,NA,1,NA,NA,0
"Dc10003","locus041",1,1,NA,1,1,NA,0.57816,NA,NA,0
"Dc10003","locus045",0.805232,1,NA,NA,1,NA,1,NA,NA,0
"Dc10003","locus047",1,1,NA,NA,1,NA,1,1,NA,0
"Dc10003","locus048",1,1,NA,NA,1,NA,1,1,NA,0
"Dc10003","locus053",1,0.749484,NA,NA,1,NA,0.286424,NA,NA,0
"Dc10003","locus055",1,1,NA,NA,1,NA,1,NA,NA,0
"Dc10003","locus056",1,1,NA,NA,1,NA,1,NA,NA,0
"Dc10003","locus058",1,1,NA,NA,1,NA,1,NA,NA,0
"Dc10003","locus060",1,1,NA,NA,1,NA,1,NA,NA,0
"Dc10003","locus061",1,1,NA,NA,1,NA,0.402296,NA,NA,0
"Dc10003","locus062",1,1,NA,1,1,NA,1,1,NA,0
"Dc10003","locus064",1,1,NA,NA,1,NA,1,NA,NA,0
"Dc10003","locus065",1,1,NA,NA,1,NA,0.995432,NA,NA,0
"Dc10003","locus073",1,1,NA,NA,1,NA,1,NA,NA,0
"Dc10003","locus074",1,1,NA,NA,1,NA,0.156864,NA,NA,0
"Dc10003","locus076",1,1,NA,NA,1,NA,1,NA,NA,0
"Dc10003","locus077",1,1,NA,NA,1,NA,1,NA,NA,0
"Dc10003","locus080",1,1,NA,NA,1,NA,0.36572,NA,NA,0
"Dc10003","locus083",1,1,NA,NA,1,NA,1,NA,NA,0
"Dc10003","locus088",1,1,NA,NA,1,NA,1,NA,NA,0
"Dc10003","locus093",1,1,1,NA,1,NA,1,NA,NA,0
"Dc10003","locus096",1,1,1,NA,1,NA,1,NA,NA,0
"Dc10003","locus098",1,1,NA,NA,1,NA,1,NA,NA,0
"Dc10003","locus100",1,1,NA,NA,1,NA,1,NA,NA,0
"Dc10003","locus106",1,1,NA,NA,1,NA,0.117816,NA,NA,0
"Dc10003","locus110",0.881298,1,NA,NA,NA,NA,1,NA,NA,0
"Dc10003","locus116",1,1,NA,NA,1,NA,1,NA,NA,0
"Dc10003","locus119",1,1,NA,NA,1,NA,0.108136,NA,NA,0
"Dc10003","locus120",0.44687,1,NA,NA,1,NA,1,1,NA,0
"Dc10003","locus126",1,1,NA,NA,1,NA,1,NA,NA,0
"Dc10003","locus128",0.283448,1,NA,NA,1,NA,1,NA,NA,0
"Dc10003","locus129",1,0.426712,NA,NA,1,NA,0.5343,NA,NA,0
"Dc10003","locus130",1,1,NA,NA,1,NA,1,NA,NA,0
"Dc10003","locus134",1,1,NA,NA,1,NA,1,NA,NA,0
"Dc10003","locus135",1,1,NA,NA,1,NA,1,NA,NA,0
"Dc10003","locus137",1,1,NA,NA,1,NA,1,NA,NA,0
"Dc10003","locus139",1,1,1,NA,1,NA,1,1,NA,0
"Dc10003","locus140",0.85603,1,1,NA,1,NA,1,NA,NA,0
"Dc10003","locus146",0.95706,1,NA,1,1,NA,1,NA,NA,0
"Dc10003","locus148",0.89156,1,NA,NA,1,NA,1,NA,NA,0
"Dc10003","locus151",1,1,1,NA,1,NA,1,NA,NA,0
"Dc10003","locus157",0.581776,1,NA,NA,1,NA,1,NA,NA,0
"Dc10003","locus161",1,1,1,NA,1,NA,1,1,NA,0
"Dc10003","locus165",1,1,NA,NA,1,NA,1,NA,NA,0
"Dc10003","locus170",1,1,NA,NA,1,NA,1,NA,NA,0
"Dc10003","locus176",1,1,NA,NA,1,NA,1,NA,NA,0
"Dc10003","locus184",1,1,NA,NA,1,NA,1,NA,NA,0
"Dc10003","locus186",1,0.139424,NA,NA,1,NA,0.985416,NA,NA,0
"Dc10003","locus188",0.21111,1,NA,NA,1,NA,1,1,NA,0
"Dc10003","locus189",0.51324,1,1,NA,1,NA,0.29754,NA,NA,0
"Dc10003","locus190",1,1,1,NA,1,NA,1,NA,NA,0
"Dc10003","locus191",1,1,NA,NA,1,NA,0.735456,NA,NA,0
"Dc10003","locus192",0.429496,1,NA,NA,1,NA,1,NA,NA,0
"Dc10003","locus195",0.32052,1,NA,NA,1,NA,1,NA,NA,0
"Dc10003","locus202",1,1,NA,NA,1,NA,1,NA,NA,0
"Dc10003","locus210",1,1,NA,NA,1,NA,1,1,NA,0
"Dc10003","locus215",1,1,1,NA,1,NA,1,NA,NA,0
"Dc10003","locus227",1,1,1,NA,1,NA,1,NA,NA,0
"Dc10003","locus231",1,1,NA,NA,1,NA,1,NA,NA,0
"Dc10003","locus235",1,1,NA,NA,1,NA,1,NA,NA,0
"Dc10003","locus236",0.533236,0.43772,NA,NA,1,NA,0.43772,NA,NA,0
"Dc10003","locus237",1,1,NA,NA,1,NA,1,NA,NA,0
"Dc10003","locus239",1,1,NA,NA,1,NA,1,NA,NA,0
"Dc10003","locus248",1,1,NA,NA,1,NA,1,1,NA,0
"Dc10003","locus255",1,0.745014,NA,NA,1,NA,NA,NA,NA,0
"Dc10003","locus256",1,1,NA,1,1,NA,1,NA,NA,0
"Dc10003","locus263",1,1,NA,1,1,NA,1,NA,NA,0
"Dc10003","locus264",0.78152,1,NA,NA,1,NA,1,NA,NA,0
"Dc10003","locus274",1,0.423552,NA,NA,1,NA,1,NA,NA,0
"Dc10003","locus280",0.28488,1,NA,NA,1,NA,0.642112,1,NA,0
"Dc10003","locus282",1,1,NA,NA,1,NA,0.085112,NA,NA,0
"Dc10003","locus286",1,1,NA,NA,1,NA,1,NA,NA,0
"Dc10003","locus291",1,1,NA,NA,1,NA,0.678248,NA,NA,0
"Dc10003","locus292",1,1,NA,1,1,NA,0.2653,NA,NA,0
"Dc10003","locus296",0.145208,1,NA,NA,1,NA,1,NA,NA,0
"Dc10003","locus301",1,1,1,NA,1,NA,1,NA,NA,0
"Dc10003","locus314",1,1,NA,NA,1,NA,1,NA,NA,0
"Dc10003","locus321",1,1,NA,1,1,NA,1,1,NA,0
"Dc10003","locus322",1,1,NA,NA,1,NA,1,NA,NA,0
"Dc10003","locus323",1,1,NA,NA,1,NA,1,NA,NA,0
"Dc10003","locus329",0.724976,1,NA,NA,1,NA,1,NA,NA,0
"Dc10003","locus349",1,1,NA,NA,1,NA,1,NA,NA,0
"Dc10003","locus358",1,1,NA,1,1,NA,1,NA,NA,0
"Dc10003","locus359",1,1,NA,NA,1,NA,1,NA,NA,0
"Dc10003","locus360",0.756568,1,NA,NA,1,NA,1,NA,NA,0
"Dc10390","Dc10878",1,1,NA,NA,1,NA,0.84715,NA,1,0
"Dc10390","Dc10885",0.544092,1,NA,1,1,NA,1,NA,1,0
"Dc10390","Dc11203",1,1,NA,NA,1,1,1,NA,0.404628,0
"Dc10390","Dc11714",0.58427,1,1,NA,1,NA,0.155352,NA,1,0
"Dc10390","Dc13159",0.381216,1,NA,NA,1,NA,1,1,1,0
"Dc10390","Dc13592",0.756708,0.756708,1,NA,1,NA,0.830968,NA,1,0
"Dc10390","Dc14022",1,1,1,NA,1,NA,1,NA,1,0
"Dc10390","Dc14945",1,1,NA,NA,1,NA,1,NA,1,0
"Dc10390","Dc16747",1,1,NA,1,1,NA,1,NA,1,0
"Dc10390","Dc18951",0.774084,1,NA,NA,0.774084,1,1,NA,1,0
"Dc10390","Dc20232",1,1,NA,NA,1,1,1,NA,1,0
"Dc10390","Dc22883",1,1,NA,NA,1,NA,0.90705,NA,1,0
"Dc10390","Dc22887",1,1,NA,1,1,NA,1,NA,1,0
"Dc10390","Dc27955",1,1,NA,NA,1,NA,1,NA,1,0
"Dc10390","Dc28124",1,1,NA,NA,1,NA,1,NA,1,0
"Dc10390","Dc28776",1,1,NA,NA,1,NA,1,NA,1,0
"Dc10390","Dc30071",1,1,NA,NA,1,NA,1,1,1,0
"Dc10390","Dc31007",1,1,1,NA,1,NA,0.38965,NA,NA,0
"Dc10390","Dc33714",1,1,NA,NA,1,NA,1,1,1,0
"Dc10390","Dc33907",1,1,NA,NA,0.71466,NA,1,NA,1,0
"Dc10390","Dc34902",1,1,NA,NA,1,NA,1,NA,1,0
"Dc10390","Dc35779",1,1,NA,NA,1,1,1,NA,1,0
"Dc10390","Dc36571",1,1,NA,1,1,NA,1,NA,1,0
"Dc10390","Dc36616",1,1,1,NA,1,1,1,NA,1,0
"Dc10390","Dc36767",1,1,NA,NA,1,NA,0.145408,NA,NA,0
"Dc10390","Dc40235",1,1,NA,NA,1,NA,1,NA,1,0
"Dc10390","Dc41234",1,1,NA,NA,1,NA,1,NA,1,0
"Dc10390","Dc46984",0.9346,1,NA,NA,1,NA,1,NA,1,0
"Dc10390","Dc47572",1,1,NA,NA,1,1,1,1,1,0
"Dc10390","Dc47935",1,1,NA,NA,1,NA,1,NA,1,0
"Dc10390","Dc48207",1,1,1,NA,1,1,1,NA,0.705628,0
"Dc10390","Dc48950",1,1,NA,1,1,NA,0.223104,NA,1,0
"Dc10390","Dc49080",1,1,NA,1,1,NA,1,NA,1,0
"Dc10390","Dc49184",1,1,NA,NA,1,NA,1,NA,1,0
"Dc10390","Dc51020",1,1,NA,NA,1,NA,1,NA,1,0
"Dc10390","Dc52523",1,1,NA,NA,1,1,1,NA,1,0
"Dc10390","Dc55481",0.148992,1,NA,NA,1,NA,1,1,1,0
"Dc10390","Dc58248",0.89474,1,NA,NA,1,NA,1,NA,0.91928,0
"Dc10390","Dc62188",1,1,1,1,1,NA,0.784344,NA,0.733796,0
"Dc10390","Dc67011",1,1,1,1,1,NA,1,NA,1,0
"Dc10390","locus002",1,1,1,NA,1,NA,1,NA,1,0
"Dc10390","locus003",0.80727,1,NA,NA,1,NA,1,NA,1,0
"Dc10390","locus004",1,1,NA,NA,1,NA,1,NA,1,0
"Dc10390","locus005",1,1,NA,NA,0.24149,NA,0.926384,NA,0.926384,0
"Dc10390","locus006",1,1,NA,NA,1,NA,1,1,1,0
"Dc10390","locus008",1,1,NA,NA,1,NA,0.59394,NA,1,0
"Dc10390","locus013",0.425676,1,NA,NA,1,1,1,NA,0.6479,0
"Dc10390","locus014",1,1,NA,NA,1,NA,1,NA,1,0
"Dc10390","locus022",1,1,NA,NA,1,NA,0.24485,NA,1,0
"Dc10390","locus024",1,1,NA,NA,1,NA,1,NA,1,0
"Dc10390","locus025",0.44772,1,NA,NA,1,NA,1,NA,0.777232,0
"Dc10390","locus027",1,1,NA,NA,0.24287,NA,1,NA,1,0
"Dc10390","locus030",1,1,1,NA,1,NA,1,1,1,0
"Dc10390","locus035",1,1,1,NA,1,1,1,NA,1,0
"Dc10390","locus038",1,1,NA,NA,1,NA,1,NA,1,0
"Dc10390","locus039",1,1,NA,NA,1,NA,1,NA,1,0
"Dc10390","locus040",1,1,NA,NA,1,NA,1,NA,1,0
"Dc10390","locus041",1,0.739764,NA,1,1,NA,1,NA,1,0
"Dc10390","locus045",1,1,NA,NA,1,NA,1,NA,1,0
"Dc10390","locus047",1,1,NA,NA,1,NA,1,1,1,0
"Dc10390","locus048",1,1,NA,NA,1,NA,1,1,1,0
"Dc10390","locus053",1,1,NA,NA,1,NA,1,NA,1,0
"Dc10390","locus055",1,1,NA,1,1,NA,1,NA,1,0
"Dc10390","locus056",1,1,NA,NA,1,NA,1,NA,1,0
"Dc10390","locus058",0.294336,1,1,NA,0.48177,NA,1,NA,1,0
"Dc10390","locus060",1,1,NA,NA,1,NA,1,NA,1,0
"Dc10390","locus061",1,1,NA,NA,1,NA,1,NA,1,0
"Dc10390","locus062",1,1,NA,1,1,NA,1,1,1,0
"Dc10390","locus064",1,1,NA,NA,1,NA,1,NA,1,0
"Dc10390","locus073",0.82196,1,NA,NA,1,NA,0.24634,NA,1,0
"Dc10390","locus074",0.66457,1,NA,NA,1,NA,1,NA,1,0
"Dc10390","locus076",1,1,NA,NA,1,1,1,NA,1,0
"Dc10390","locus077",1,1,NA,NA,1,NA,1,NA,1,0
"Dc10390","locus080",1,1,NA,NA,1,NA,1,NA,1,0
"Dc10390","locus083",1,1,NA,NA,1,NA,0.666728,NA,0.35511,0
"Dc10390","locus093",1,1,1,NA,1,NA,1,NA,1,0
"Dc10390","locus096",1,1,1,NA,1,NA,1,NA,0.468564,0
"Dc10390","locus098",1,1,NA,NA,1,NA,0.7962,NA,1,0
"Dc10390","locus100",0.772136,1,NA,NA,0.71396,NA,1,NA,1,0
"Dc10390","locus106",1,1,NA,NA,1,NA,1,NA,1,0
"Dc10390","locus110",0.714184,1,NA,NA,NA,NA,0.58959,NA,NA,0
"Dc10390","locus116",0.407904,1,NA,NA,1,NA,1,NA,NA,0
"Dc10390","locus119",0.186288,0.376566,NA,NA,0.666548,NA,0.666548,NA,NA,0
"Dc10390","locus120",1,0.62409,NA,NA,1,NA,1,1,NA,0
"Dc10390","locus126",0.857408,0.857408,NA,NA,0.5754,NA,0.68139,NA,NA,0
"Dc10390","locus128",1,1,NA,NA,1,NA,1,NA,NA,0
"Dc10390","locus129",1,1,NA,NA,1,NA,1,NA,NA,0
"Dc10390","locus130",1,1,NA,NA,1,NA,0.805376,NA,NA,0
"Dc10390","locus134",0.164748,1,1,NA,1,1,1,NA,NA,0
"Dc10390","locus135",1,1,NA,NA,1,NA,1,NA,NA,0
"Dc10390","locus137",1,1,NA,NA,1,NA,0.523112,NA,NA,0
"Dc10390","locus139",1,1,1,NA,1,NA,1,1,NA,0
"Dc10390","locus140",1,1,1,NA,1,NA,1,NA,NA,0
"Dc10390","locus146",1,1,NA,1,1,NA,1,NA,NA,0
"Dc10390","locus148",1,1,NA,NA,1,NA,1,NA,NA,0
"Dc10390","locus151",1,1,1,NA,1,NA,1,NA,NA,0
"Dc10390","locus157",0.530896,1,NA,NA,0.855222,NA,1,NA,NA,0
"Dc10390","locus161",1,1,NA,NA,1,NA,1,1,NA,0
"Dc10390","locus165",0.681752,1,NA,NA,1,NA,1,NA,NA,0
"Dc10390","locus170",0.08195,0.498696,1,NA,0.856304,NA,0.498696,NA,NA,0
"Dc10390","locus176",1,1,NA,NA,1,NA,1,NA,NA,0
"Dc10390","locus184",0.406272,1,NA,NA,1,NA,1,NA,NA,0
"Dc10390","locus186",1,1,NA,NA,1,NA,1,NA,NA,0
"Dc10390","locus188",1,0.998264,NA,NA,1,NA,0.81407,1,NA,0
"Dc10390","locus189",1,1,1,NA,1,NA,1,NA,NA,0
"Dc10390","locus190",1,1,1,NA,0.72123,NA,1,NA,NA,0
"Dc10390","locus191",1,1,NA,NA,0.568328,NA,1,NA,NA,0
"Dc10390","locus192",0.893682,0.501256,NA,NA,1,NA,1,NA,NA,0
"Dc10390","locus195",1,1,NA,NA,1,NA,0.241192,NA,NA,0
"Dc10390","locus202",1,1,NA,NA,0.572672,NA,0.572672,NA,NA,0
"Dc10390","locus210",1,1,1,NA,1,NA,1,1,NA,0
"Dc10390","locus215",1,1,NA,NA,1,NA,1,NA,NA,0
"Dc10390","locus227",1,1,1,NA,1,NA,1,NA,NA,0
"Dc10390","locus231",0.676496,1,NA,NA,1,NA,1,NA,NA,0
"Dc10390","locus235",0.31224,1,NA,NA,0.85887,NA,1,NA,NA,0
"Dc10390","locus236",0.64264,1,NA,NA,1,1,1,NA,NA,0
"Dc10390","locus237",1,1,NA,NA,1,NA,1,NA,NA,0
"Dc10390","locus239",1,1,NA,NA,1,1,1,NA,NA,0
"Dc10390","locus248",1,1,NA,NA,1,NA,0.34351,1,NA,0
"Dc10390","locus255",1,1,NA,NA,1,NA,NA,NA,NA,0
"Dc10390","locus256",0.47459,1,NA,1,0.47459,NA,0.497088,NA,NA,0
"Dc10390","locus263",1,1,NA,1,1,NA,1,NA,NA,0
"Dc10390","locus264",1,1,1,NA,1,NA,1,NA,NA,0
"Dc10390","locus274",1,1,NA,NA,1,NA,1,NA,NA,0
"Dc10390","locus282",1,1,NA,NA,1,NA,1,NA,NA,0
"Dc10390","locus286",1,1,NA,NA,1,NA,1,NA,NA,0
"Dc10390","locus291",1,1,NA,NA,1,NA,1,NA,NA,0
"Dc10390","locus292",1,1,NA,1,1,NA,1,NA,NA,0
"Dc10390","locus296",1,1,NA,NA,1,NA,1,NA,NA,0
"Dc10390","locus301",1,1,NA,NA,1,1,1,NA,NA,0
"Dc10390","locus314",1,1,NA,NA,1,NA,1,NA,NA,0
"Dc10390","locus321",0.567768,1,NA,1,0.567768,NA,1,1,NA,0
"Dc10390","locus322",1,1,NA,NA,0.569976,NA,1,NA,NA,0
"Dc10390","locus323",0.996616,1,NA,NA,1,NA,1,NA,NA,0
"Dc10390","locus329",1,0.999184,NA,NA,1,NA,1,NA,NA,0
"Dc10390","locus332",1,1,NA,NA,1,NA,1,NA,NA,0
"Dc10390","locus349",0.452982,0.751992,NA,NA,1,NA,0.228728,NA,NA,0
"Dc10390","locus358",1,1,NA,1,1,NA,1,NA,NA,0
"Dc10390","locus359",1,1,NA,NA,1,NA,1,NA,NA,0
"Dc10390","locus360",1,1,NA,NA,1,NA,1,NA,NA,0
"Dc10878","Dc10885",1,1,NA,1,1,NA,1,NA,1,0
"Dc10878","Dc11203",1,1,NA,NA,1,NA,1,NA,1,0
"Dc10878","Dc11714",0.727184,1,1,NA,0.70396,NA,0.175872,NA,1,0
"Dc10878","Dc13159",1,1,NA,NA,1,NA,1,NA,1,0
"Dc10878","Dc13592",1,1,1,NA,1,NA,1,NA,1,0
"Dc10878","Dc14022",1,1,1,NA,1,NA,1,NA,1,0
"Dc10878","Dc14945",0.34169,1,NA,NA,1,NA,1,NA,1,0
"Dc10878","Dc16747",1,1,NA,1,1,NA,0.494568,NA,1,0
"Dc10878","Dc18951",1,1,NA,NA,1,NA,0.12073,NA,1,0
"Dc10878","Dc20232",1,1,NA,NA,1,NA,1,NA,1,0
"Dc10878","Dc22883",1,1,NA,NA,1,NA,1,NA,1,0
"Dc10878","Dc22887",0.553716,0.553716,NA,1,1,NA,0.553716,NA,1,0
"Dc10878","Dc27955",1,1,NA,NA,1,NA,0.7573,NA,1,0
"Dc10878","Dc28124",1,1,NA,NA,1,NA,1,NA,1,0
"Dc10878","Dc28776",1,1,NA,NA,1,NA,1,NA,1,0
"Dc10878","Dc30071",1,1,NA,NA,1,NA,1,NA,1,0
"Dc10878","Dc31007",1,1,1,NA,1,NA,1,NA,NA,0
"Dc10878","Dc33714",1,1,NA,NA,1,NA,1,NA,1,0
"Dc10878","Dc33907",1,0.48218,NA,NA,1,NA,1,NA,1,0
"Dc10878","Dc34902",1,1,NA,NA,1,NA,1,NA,1,0
"Dc10878","Dc35779",1,1,NA,NA,0.57548,NA,0.26839,NA,1,0
"Dc10878","Dc36571",1,0.99359,NA,1,1,NA,0.51984,NA,1,0
"Dc10878","Dc36616",1,0.577728,1,NA,1,NA,1,NA,1,0
"Dc10878","Dc36767",0.602316,1,NA,NA,1,NA,0.09712,NA,NA,0
"Dc10878","Dc40235",0.42833,1,NA,NA,1,NA,0.42833,NA,1,0
"Dc10878","Dc41234",1,1,NA,NA,1,NA,1,NA,1,0
"Dc10878","Dc46984",1,1,NA,NA,1,NA,1,NA,1,0
"Dc10878","Dc47572",1,1,NA,NA,1,NA,1,NA,1,0
"Dc10878","Dc47935",1,1,NA,NA,1,NA,1,NA,1,0
"Dc10878","Dc48207",1,1,1,NA,1,NA,1,NA,0.858132,0
"Dc10878","Dc48950",1,1,NA,1,1,NA,1,NA,1,0
"Dc10878","Dc49080",1,1,NA,1,1,NA,1,NA,1,0
"Dc10878","Dc49184",1,1,NA,NA,1,NA,1,NA,1,0
"Dc10878","Dc51020",1,1,NA,NA,1,NA,1,NA,1,0
"Dc10878","Dc52523",1,1,NA,NA,1,NA,1,NA,1,0
"Dc10878","Dc55481",1,1,NA,NA,1,NA,1,NA,1,0
"Dc10878","Dc58248",1,0.33799,NA,NA,1,NA,1,NA,1,0
"Dc10878","Dc62188",1,1,1,1,1,NA,1,NA,1,0
"Dc10878","Dc67011",1,1,1,1,1,NA,1,NA,1,0
"Dc10878","locus002",1,0.578088,1,NA,1,NA,1,NA,1,0
"Dc10878","locus003",1,1,NA,NA,1,NA,1,NA,1,0
"Dc10878","locus004",1,1,NA,NA,1,NA,1,NA,1,0
"Dc10878","locus005",1,1,NA,NA,1,NA,1,NA,1,0
"Dc10878","locus006",1,1,NA,NA,1,NA,1,NA,1,0
"Dc10878","locus008",1,1,NA,NA,0.47764,NA,1,NA,1,0
"Dc10878","locus013",1,1,NA,NA,1,NA,1,NA,1,0
"Dc10878","locus014",1,1,NA,NA,1,NA,1,NA,1,0
"Dc10878","locus022",1,1,NA,NA,1,NA,1,NA,1,0
"Dc10878","locus024",1,1,NA,NA,1,NA,1,NA,1,0
"Dc10878","locus025",1,1,NA,NA,1,NA,1,NA,1,0
"Dc10878","locus027",1,1,NA,NA,1,NA,1,NA,0.995,0
"Dc10878","locus030",1,1,1,NA,1,NA,1,NA,1,0
"Dc10878","locus035",1,1,1,NA,0.24214,NA,0.135432,NA,1,0
"Dc10878","locus038",0.10601,1,NA,NA,1,NA,1,NA,1,0
"Dc10878","locus039",1,1,NA,NA,1,NA,1,NA,1,0
"Dc10878","locus040",1,1,NA,NA,1,NA,1,NA,1,0
"Dc10878","locus041",1,1,NA,1,1,NA,1,NA,1,0
"Dc10878","locus045",1,1,NA,NA,1,NA,1,NA,1,0
"Dc10878","locus047",1,1,NA,NA,0.47317,NA,1,NA,1,0
"Dc10878","locus048",1,1,NA,NA,1,NA,1,NA,1,0
"Dc10878","locus053",1,1,NA,NA,1,NA,1,NA,1,0
"Dc10878","locus055",1,1,NA,1,1,NA,1,NA,1,0
"Dc10878","locus056",1,1,NA,NA,1,NA,1,NA,1,0
"Dc10878","locus058",1,1,1,NA,1,NA,1,NA,0.681084,0
"Dc10878","locus060",0.76565,1,NA,NA,1,NA,1,NA,1,0
"Dc10878","locus061",1,1,NA,NA,1,NA,1,NA,1,0
"Dc10878","locus062",1,1,NA,1,1,NA,1,NA,1,0
"Dc10878","locus064",1,1,NA,NA,1,NA,1,NA,1,0
"Dc10878","locus065",1,1,NA,NA,1,NA,1,NA,0.70989,0
"Dc10878","locus073",0.16288,1,NA,NA,1,NA,0.238464,NA,1,0
"Dc10878","locus074",1,1,NA,NA,1,NA,1,NA,1,0
"Dc10878","locus076",1,1,NA,NA,1,NA,1,NA,1,0
"Dc10878","locus077",1,1,NA,NA,1,NA,1,NA,1,0
"Dc10878","locus080",1,1,NA,NA,1,NA,1,NA,1,0
"Dc10878","locus083",1,1,NA,NA,1,NA,0.05602,NA,1,0
"Dc10878","locus088",1,1,NA,NA,1,NA,1,NA,1,0
"Dc10878","locus093",0.15906,1,1,NA,1,NA,0.86828,NA,1,0
"Dc10878","locus096",1,1,1,NA,1,NA,1,NA,1,0
"Dc10878","locus098",1,1,NA,NA,1,NA,1,NA,1,0
"Dc10878","locus100",1,1,NA,NA,1,NA,1,NA,1,0
"Dc10878","locus106",1,1,NA,NA,1,NA,1,NA,1,0
"Dc10878","locus110",1,1,NA,NA,NA,NA,0.695952,NA,NA,0
"Dc10878","locus116",1,1,NA,NA,1,NA,1,NA,NA,0
"Dc10878","locus119",0.509088,1,NA,NA,1,NA,0.519036,NA,NA,0
"Dc10878","locus120",1,1,NA,NA,1,NA,1,NA,NA,0
"Dc10878","locus126",1,1,NA,NA,1,NA,0.786624,NA,NA,0
"Dc10878","locus128",0.566808,0.566808,NA,NA,1,NA,1,NA,NA,0
"Dc10878","locus129",1,1,NA,NA,1,NA,1,NA,NA,0
"Dc10878","locus130",0.2342,1,NA,NA,1,NA,0.2342,NA,NA,0
"Dc10878","locus134",0.60787,1,1,NA,0.60787,NA,0.60787,NA,NA,0
"Dc10878","locus135",1,1,NA,NA,1,NA,1,NA,NA,0
"Dc10878","locus137",1,1,NA,NA,1,NA,1,NA,NA,0
"Dc10878","locus139",1,1,1,NA,1,NA,1,NA,NA,0
"Dc10878","locus140",1,1,1,NA,1,NA,1,NA,NA,0
"Dc10878","locus146",1,1,NA,1,1,NA,1,NA,NA,0
"Dc10878","locus148",0.199472,1,NA,NA,1,NA,0.27186,NA,NA,0
"Dc10878","locus151",1,1,1,NA,0.71469,NA,1,NA,NA,0
"Dc10878","locus157",0.847134,1,NA,NA,0.847134,NA,0.123352,NA,NA,0
"Dc10878","locus161",1,0.112224,NA,NA,1,NA,1,NA,NA,0
"Dc10878","locus165",1,1,NA,NA,1,NA,1,NA,NA,0
"Dc10878","locus170",1,1,1,NA,1,NA,1,NA,NA,0
"Dc10878","locus176",0.606488,1,NA,NA,1,NA,0.606488,NA,NA,0
"Dc10878","locus184",1,1,NA,NA,1,NA,1,NA,NA,0
"Dc10878","locus186",1,1,NA,NA,0.569336,NA,1,NA,NA,0
"Dc10878","locus188",1,1,NA,NA,1,NA,1,NA,NA,0
"Dc10878","locus189",1,1,1,NA,1,NA,1,NA,NA,0
"Dc10878","locus190",0.897784,1,1,NA,0.72587,NA,1,NA,NA,0
"Dc10878","locus191",1,1,NA,NA,0.571824,NA,1,NA,NA,0
"Dc10878","locus192",1,1,NA,NA,1,NA,1,NA,NA,0
"Dc10878","locus195",0.431136,1,NA,NA,1,NA,0.728586,NA,NA,0
"Dc10878","locus210",1,1,1,NA,1,NA,0.5695,NA,NA,0
"Dc10878","locus215",0.990768,0.57164,NA,NA,1,NA,0.93588,NA,NA,0
"Dc10878","locus227",1,1,1,NA,1,NA,1,NA,NA,0
"Dc10878","locus231",0.15044,1,NA,NA,1,NA,1,NA,NA,0
"Dc10878","locus235",0.851712,0.851712,NA,NA,0.851712,NA,0.584136,NA,NA,0
"Dc10878","locus236",0.392232,1,NA,NA,1,NA,0.820326,NA,NA,0
"Dc10878","locus237",0.717176,1,NA,NA,0.994458,NA,0.994458,NA,NA,0
"Dc10878","locus239",0.364328,1,NA,NA,1,NA,1,NA,NA,0
"Dc10878","locus248",1,1,NA,NA,1,NA,1,NA,NA,0
"Dc10878","locus255",1,1,NA,NA,1,NA,NA,NA,NA,0
"Dc10878","locus256",0.27564,1,NA,1,0.855636,NA,0.27564,NA,NA,0
"Dc10878","locus263",1,0.47595,NA,1,1,NA,1,NA,NA,0
"Dc10878","locus264",1,1,1,NA,1,NA,1,NA,NA,0
"Dc10878","locus274",1,0.150368,NA,NA,1,NA,0.64971,NA,NA,0
"Dc10878","locus280",1,1,NA,NA,1,NA,1,NA,NA,0
"Dc10878","locus282",1,1,NA,NA,1,NA,1,NA,NA,0
"Dc10878","locus286",0.312856,1,NA,NA,1,NA,1,NA,NA,0
"Dc10878","locus291",0.071672,1,NA,NA,1,NA,1,NA,NA,0
"Dc10878","locus292",0.63096,1,NA,1,1,NA,0.63096,NA,NA,0
"Dc10878","locus296",0.5294,1,NA,NA,1,NA,1,NA,NA,0
"Dc10878","locus301",0.301104,1,NA,NA,1,NA,0.463956,NA,NA,0
"Dc10878","locus314",1,1,NA,NA,0.19072,NA,0.492198,NA,NA,0
"Dc10878","locus321",1,1,NA,1,1,NA,1,NA,NA,0
"Dc10878","locus322",1,1,NA,NA,1,NA,1,NA,NA,0
"Dc10878","locus323",0.300032,1,NA,NA,0.43038,NA,1,NA,NA,0
"Dc10878","locus329",0.362568,1,NA,NA,1,NA,0.685206,NA,NA,0
"Dc10878","locus332",1,1,NA,NA,1,NA,1,NA,NA,0
"Dc10878","locus349",1,1,NA,NA,1,NA,1,NA,NA,0
"Dc10878","locus358",0.87711,1,NA,1,1,NA,1,NA,NA,0
"Dc10878","locus359",0.810306,0.804224,NA,NA,0.810306,NA,0.810306,NA,NA,0
"Dc10878","locus360",1,1,NA,NA,1,NA,0.699288,NA,NA,0
"Dc10885","Dc11203",1,1,NA,NA,1,1,1,NA,1,0
"Dc10885","Dc11714",1,0.997524,1,NA,1,NA,1,NA,1,0
"Dc10885","Dc13159",1,1,NA,NA,1,NA,1,1,1,0
"Dc10885","Dc13592",1,1,1,NA,1,NA,1,NA,1,0
"Dc10885","Dc14022",0.830616,1,1,NA,1,NA,1,NA,1,0
"Dc10885","Dc14945",1,1,NA,NA,1,NA,1,NA,1,0
"Dc10885","Dc16747",1,1,NA,1,1,NA,1,NA,1,0
"Dc10885","Dc18951",0.61323,0.172752,NA,NA,0.61323,0.875766,0.875766,NA,0.875766,0
"Dc10885","Dc20232",1,1,NA,NA,1,1,1,NA,1,0
"Dc10885","Dc22883",1,1,NA,NA,1,NA,1,NA,1,0
"Dc10885","Dc22887",1,1,NA,1,1,NA,1,NA,1,0
"Dc10885","Dc27955",0.23857,1,NA,NA,1,NA,0.313056,NA,1,0
"Dc10885","Dc28124",1,1,NA,NA,1,NA,0.33321,NA,1,0
"Dc10885","Dc28776",1,1,NA,NA,0.5605,NA,1,NA,0.791464,0
"Dc10885","Dc30071",1,1,NA,NA,1,NA,1,1,1,0
"Dc10885","Dc31007",0.77547,1,1,NA,1,NA,1,NA,NA,0
"Dc10885","Dc33714",0.36606,1,NA,NA,1,NA,1,1,1,0
"Dc10885","Dc33907",1,1,NA,NA,1,NA,1,NA,1,0
"Dc10885","Dc34902",1,1,NA,NA,1,NA,1,NA,1,0
"Dc10885","Dc35779",1,1,NA,NA,1,1,1,NA,1,0
"Dc10885","Dc36571",1,1,NA,1,1,NA,1,NA,1,0
"Dc10885","Dc36616",1,1,1,NA,1,1,1,NA,1,0
"Dc10885","Dc36767",1,1,1,NA,1,NA,1,NA,NA,0
"Dc10885","Dc40235",1,1,1,NA,1,NA,1,NA,1,0
"Dc10885","Dc41234",0.16222,1,NA,NA,1,NA,0.840336,NA,0.787216,0
"Dc10885","Dc46984",1,1,NA,1,1,NA,1,NA,1,0
"Dc10885","Dc47572",1,1,NA,NA,1,1,1,1,1,0
"Dc10885","Dc47935",1,0.88016,NA,NA,1,NA,1,NA,0.885872,0
"Dc10885","Dc48207",1,1,1,NA,1,1,1,NA,1,0
"Dc10885","Dc48950",1,1,NA,1,1,NA,1,NA,1,0
"Dc10885","Dc49080",1,0.68766,NA,1,1,NA,1,NA,1,0
"Dc10885","Dc49184",0.45162,1,NA,NA,1,NA,1,NA,0.549656,0
"Dc10885","Dc51020",1,1,NA,NA,1,NA,1,NA,1,0
"Dc10885","Dc52523",0.069996,1,NA,NA,1,1,1,NA,1,0
"Dc10885","Dc55481",1,1,NA,NA,1,NA,1,1,1,0
"Dc10885","Dc58248",0.4916,1,NA,NA,1,NA,1,NA,0.08772,0
"Dc10885","Dc62188",1,1,NA,1,1,NA,1,NA,1,0
"Dc10885","Dc67011",1,1,1,1,1,NA,0.997598,NA,1,0
"Dc10885","locus002",0.93688,1,NA,NA,1,NA,0.93688,NA,1,0
"Dc10885","locus003",1,1,NA,NA,1,NA,0.23599,NA,1,0
"Dc10885","locus004",1,0.16559,NA,NA,1,NA,1,NA,1,0
"Dc10885","locus005",1,1,NA,NA,1,NA,1,NA,1,0
"Dc10885","locus006",0.847116,1,NA,NA,1,NA,1,1,1,0
"Dc10885","locus008",1,1,NA,NA,1,NA,1,NA,1,0
"Dc10885","locus013",0.75725,0.349224,NA,NA,1,1,1,NA,1,0
"Dc10885","locus022",1,0.6088,NA,NA,1,NA,1,NA,0.6088,0
"Dc10885","locus024",1,1,NA,NA,1,NA,1,NA,1,0
"Dc10885","locus025",1,1,NA,NA,1,NA,1,NA,1,0
"Dc10885","locus027",0.41203,1,NA,NA,1,NA,1,NA,1,0
"Dc10885","locus030",1,1,1,NA,1,NA,1,1,1,0
"Dc10885","locus035",1,1,1,NA,1,1,1,NA,1,0
"Dc10885","locus038",1,1,NA,NA,1,NA,1,NA,1,0
"Dc10885","locus039",1,0.57683,NA,NA,1,NA,1,NA,1,0
"Dc10885","locus040",1,1,NA,NA,1,NA,1,NA,1,0
"Dc10885","locus041",1,1,NA,1,1,NA,1,NA,1,0
"Dc10885","locus047",1,1,NA,NA,1,NA,1,1,1,0
"Dc10885","locus048",1,1,NA,NA,1,NA,1,0.851976,1,0
"Dc10885","locus053",1,1,NA,0.81907,1,NA,0.195732,NA,1,0
"Dc10885","locus055",1,1,NA,NA,1,NA,1,NA,1,0
"Dc10885","locus056",1,1,NA,NA,1,NA,1,NA,1,0
"Dc10885","locus060",1,1,NA,NA,1,NA,1,NA,1,0
"Dc10885","locus061",0.802568,1,NA,NA,1,NA,0.79756,NA,1,0
"Dc10885","locus062",1,1,NA,1,1,NA,1,1,1,0
"Dc10885","locus064",1,1,NA,NA,1,NA,0.49025,NA,1,0
"Dc10885","locus065",1,1,NA,NA,1,NA,1,NA,1,0
"Dc10885","locus073",1,1,NA,NA,1,NA,1,NA,1,0
"Dc10885","locus074",1,1,NA,NA,1,NA,1,NA,0.93948,0
"Dc10885","locus076",0.850108,1,1,NA,1,1,1,NA,1,0
"Dc10885","locus077",1,1,NA,NA,1,NA,1,NA,1,0
"Dc10885","locus080",1,1,NA,NA,0.57869,NA,1,NA,1,0
"Dc10885","locus083",1,1,NA,NA,1,NA,0.51173,NA,0.51173,0
"Dc10885","locus088",0.64686,1,NA,NA,1,NA,1,NA,1,0
"Dc10885","locus093",1,1,1,NA,1,NA,1,NA,1,0
"Dc10885","locus096",1,1,1,NA,1,NA,1,NA,1,0
"Dc10885","locus098",1,1,NA,NA,1,NA,1,NA,1,0
"Dc10885","locus100",1,1,NA,NA,1,NA,1,NA,1,0
"Dc10885","locus106",1,1,NA,NA,1,NA,1,NA,1,0
"Dc10885","locus110",0.531078,0.899348,NA,NA,NA,NA,0.899348,NA,NA,0
"Dc10885","locus116",1,1,NA,NA,1,NA,1,NA,NA,0
"Dc10885","locus119",1,1,NA,NA,1,NA,0.052176,NA,NA,0
"Dc10885","locus120",1,1,NA,NA,1,NA,1,1,NA,0
"Dc10885","locus126",0.344344,1,NA,NA,1,NA,1,NA,NA,0
"Dc10885","locus128",0.714288,1,NA,NA,1,NA,0.152368,NA,NA,0
"Dc10885","locus129",0.525624,1,NA,NA,1,NA,0.927036,NA,NA,0
"Dc10885","locus130",1,1,NA,NA,0.802064,NA,0.926478,NA,NA,0
"Dc10885","locus134",0.95571,1,NA,NA,1,1,1,NA,NA,0
"Dc10885","locus135",1,1,NA,NA,1,NA,0.913672,NA,NA,0
"Dc10885","locus137",0.394024,1,NA,NA,1,NA,1,NA,NA,0
"Dc10885","locus139",1,1,1,NA,1,NA,1,1,NA,0
"Dc10885","locus140",1,1,1,NA,1,NA,1,NA,NA,0
"Dc10885","locus146",1,1,NA,1,1,NA,1,NA,NA,0
"Dc10885","locus148",0.737464,1,NA,NA,1,NA,1,NA,NA,0
"Dc10885","locus151",1,1,NA,NA,1,NA,0.9354,NA,NA,0
"Dc10885","locus157",0.851016,0.851016,NA,NA,1,NA,0.851016,NA,NA,0
"Dc10885","locus161",1,1,NA,NA,1,NA,1,1,NA,0
"Dc10885","locus165",1,1,NA,NA,1,NA,1,NA,NA,0
"Dc10885","locus176",1,0.235056,NA,NA,1,NA,1,NA,NA,0
"Dc10885","locus184",1,1,NA,NA,1,NA,1,NA,NA,0
"Dc10885","locus186",1,1,NA,NA,1,NA,0.773864,NA,NA,0
"Dc10885","locus188",1,1,NA,NA,1,NA,1,1,NA,0
"Dc10885","locus189",1,1,1,NA,1,NA,1,NA,NA,0
"Dc10885","locus190",1,1,1,NA,1,NA,1,NA,NA,0
"Dc10885","locus191",0.46792,1,NA,NA,1,NA,0.532632,NA,NA,0
"Dc10885","locus192",0.799048,0.902024,NA,NA,0.862818,NA,0.902024,NA,NA,0
"Dc10885","locus195",0.935868,1,NA,NA,1,NA,0.265104,NA,NA,0
"Dc10885","locus202",1,0.6658,NA,NA,1,NA,1,NA,NA,0
"Dc10885","locus210",1,1,NA,NA,1,NA,0.97649,1,NA,0
"Dc10885","locus215",1,1,NA,NA,1,NA,1,NA,NA,0
"Dc10885","locus227",1,1,1,NA,1,NA,1,NA,NA,0
"Dc10885","locus231",1,1,NA,NA,0.572536,NA,1,NA,NA,0
"Dc10885","locus235",1,0.709152,NA,NA,1,NA,0.1382,NA,NA,0
"Dc10885","locus236",1,1,NA,NA,1,1,1,NA,NA,0
"Dc10885","locus237",0.741708,0.28076,NA,NA,1,NA,0.942756,NA,NA,0
"Dc10885","locus239",1,1,NA,NA,1,1,1,NA,NA,0
"Dc10885","locus248",1,1,NA,NA,1,NA,1,1,NA,0
"Dc10885","locus255",0.468168,1,NA,NA,1,NA,NA,NA,NA,0
"Dc10885","locus256",1,1,NA,1,1,NA,1,NA,NA,0
"Dc10885","locus263",1,1,NA,1,1,NA,1,NA,NA,0
"Dc10885","locus264",1,1,1,NA,1,NA,1,NA,NA,0
"Dc10885","locus274",1,1,NA,NA,1,NA,1,NA,NA,0
"Dc10885","locus280",0.90402,1,NA,NA,1,NA,1,1,NA,0
"Dc10885","locus282",1,0.465536,NA,NA,1,NA,1,NA,NA,0
"Dc10885","locus286",1,0.99748,NA,NA,1,NA,1,NA,NA,0
"Dc10885","locus291",0.884496,1,NA,NA,1,NA,0.531944,NA,NA,0
"Dc10885","locus292",1,1,NA,NA,1,NA,1,NA,NA,0
"Dc10885","locus296",1,0.871808,NA,NA,1,NA,0.871808,NA,NA,0
"Dc10885","locus301",1,1,NA,NA,1,1,1,NA,NA,0
"Dc10885","locus314",1,1,NA,NA,1,NA,0.261224,NA,NA,0
"Dc10885","locus321",1,1,NA,1,1,NA,1,1,NA,0
"Dc10885","locus322",1,1,NA,NA,1,NA,1,NA,NA,0
"Dc10885","locus323",1,1,NA,NA,1,NA,1,NA,NA,0
"Dc10885","locus329",1,1,NA,NA,1,NA,1,NA,NA,0
"Dc10885","locus332",0.215248,1,NA,NA,1,NA,0.215248,NA,NA,0
"Dc10885","locus349",1,1,NA,NA,1,NA,1,NA,NA,0
"Dc10885","locus358",1,1,NA,1,1,NA,1,NA,NA,0
"Dc10885","locus359",1,0.708432,NA,NA,1,NA,0.103808,NA,NA,0
"Dc10885","locus360",1,1,1,NA,1,NA,1,NA,NA,0
"Dc11203","Dc11714",1,1,NA,NA,1,NA,0.42296,NA,1,0
"Dc11203","Dc13159",1,1,NA,NA,1,NA,1,0.399984,1,0
"Dc11203","Dc13592",1,1,1,NA,1,NA,1,NA,1,0
"Dc11203","Dc14022",1,1,1,NA,1,NA,1,NA,1,0
"Dc11203","Dc14945",0.6149,1,NA,NA,1,NA,1,NA,1,0
"Dc11203","Dc16747",0.615768,1,NA,1,0.71336,NA,1,NA,1,0
"Dc11203","Dc18951",1,1,NA,NA,1,1,1,NA,1,0
"Dc11203","Dc20232",1,1,NA,NA,1,1,1,NA,1,0
"Dc11203","Dc22883",1,1,NA,NA,1,NA,1,NA,1,0
"Dc11203","Dc22887",1,1,NA,1,1,NA,1,NA,1,0
"Dc11203","Dc27955",1,1,NA,NA,1,NA,1,NA,1,0
"Dc11203","Dc28124",1,1,NA,NA,1,NA,1,NA,1,0
"Dc11203","Dc28776",0.1696,0.571992,NA,NA,1,NA,1,NA,1,0
"Dc11203","Dc30071",0.98118,1,NA,NA,0.283968,NA,0.63965,0.802904,0.98118,0
"Dc11203","Dc31007",1,1,1,NA,1,NA,1,NA,NA,0
"Dc11203","Dc33714",1,1,NA,NA,1,NA,0.056112,1,1,0
"Dc11203","Dc33907",1,1,NA,NA,1,NA,1,NA,1,0
"Dc11203","Dc34902",1,0.71247,NA,NA,1,NA,1,NA,1,0
"Dc11203","Dc35779",1,1,NA,NA,1,1,0.845208,NA,1,0
"Dc11203","Dc36571",1,1,NA,0.796736,1,NA,0.473352,NA,0.6672,0
"Dc11203","Dc36616",1,1,1,NA,1,1,1,NA,1,0
"Dc11203","Dc36767",0.75261,1,1,NA,1,NA,1,NA,NA,0
"Dc11203","Dc40235",1,1,1,NA,1,NA,1,NA,1,0
"Dc11203","Dc41234",1,1,NA,NA,0.94428,NA,0.21008,NA,1,0
"Dc11203","Dc46984",0.848592,0.920984,NA,1,0.848592,NA,1,NA,1,0
"Dc11203","Dc47572",1,1,NA,NA,1,1,1,1,1,0
"Dc11203","Dc47935",1,0.7173,NA,NA,1,NA,1,NA,1,0
"Dc11203","Dc48207",1,1,1,NA,1,1,1,NA,0.706342,0
"Dc11203","Dc48950",1,1,NA,1,1,NA,1,NA,1,0
"Dc11203","Dc49080",1,1,NA,1,1,NA,1,NA,0.290544,0
"Dc11203","Dc49184",1,1,NA,NA,1,NA,1,NA,1,0
"Dc11203","Dc51020",1,1,NA,NA,1,NA,0.63219,NA,0.916376,0
"Dc11203","Dc52523",1,1,NA,NA,1,NA,1,NA,0.4031,0
"Dc11203","Dc55481",1,1,NA,NA,1,NA,1,1,1,0
"Dc11203","Dc58248",0.86403,1,NA,NA,1,NA,1,NA,1,0
"Dc11203","Dc62188",1,1,NA,1,1,1,1,NA,1,0
"Dc11203","Dc67011",1,1,1,1,1,NA,1,NA,1,0
"Dc11203","locus002",1,1,NA,NA,1,NA,1,NA,1,0
"Dc11203","locus003",1,1,NA,NA,1,NA,1,NA,1,0
"Dc11203","locus004",1,1,NA,NA,1,NA,1,NA,1,0
"Dc11203","locus005",1,1,NA,NA,1,NA,1,NA,1,0
"Dc11203","locus006",1,1,NA,NA,1,NA,1,1,1,0
"Dc11203","locus008",0.40645,1,NA,NA,1,NA,0.65848,NA,1,0
"Dc11203","locus013",1,1,NA,NA,1,NA,1,NA,0.94745,0
"Dc11203","locus014",1,1,NA,NA,1,NA,1,NA,1,0
"Dc11203","locus022",1,1,NA,NA,1,NA,1,NA,1,0
"Dc11203","locus024",1,1,NA,NA,1,NA,1,NA,1,0
"Dc11203","locus025",1,1,NA,NA,1,NA,1,NA,0.46742,0
"Dc11203","locus027",0.79467,1,NA,NA,1,NA,1,NA,1,0
"Dc11203","locus030",0.548736,1,1,NA,0.71973,NA,1,1,0.534702,0
"Dc11203","locus035",0.50715,1,1,NA,1,1,1,NA,0.80724,0
"Dc11203","locus038",0.510708,1,NA,1,1,NA,0.90647,NA,1,0
"Dc11203","locus039",0.714544,1,NA,NA,1,NA,1,NA,0.65586,0
"Dc11203","locus040",1,1,NA,NA,0.23869,NA,1,NA,1,0
"Dc11203","locus041",1,1,NA,1,1,NA,1,NA,1,0
"Dc11203","locus045",1,1,NA,NA,1,NA,1,NA,1,0
"Dc11203","locus047",1,1,NA,NA,1,NA,1,1,1,0
"Dc11203","locus048",1,1,NA,NA,1,NA,1,1,1,0
"Dc11203","locus053",1,1,NA,1,1,NA,1,NA,1,0
"Dc11203","locus055",1,1,NA,NA,1,NA,0.12709,NA,1,0
"Dc11203","locus056",1,1,NA,NA,1,NA,1,NA,0.38155,0
"Dc11203","locus058",0.87021,1,NA,NA,1,NA,1,NA,1,0
"Dc11203","locus060",1,1,NA,NA,1,NA,1,NA,1,0
"Dc11203","locus061",1,1,NA,NA,1,NA,1,NA,1,0
"Dc11203","locus062",1,1,NA,1,1,NA,1,1,1,0
"Dc11203","locus064",1,1,NA,NA,1,NA,1,NA,1,0
"Dc11203","locus065",0.20026,0.85808,NA,NA,1,NA,0.39992,NA,0.697752,0
"Dc11203","locus073",1,1,NA,NA,1,NA,0.71232,NA,0.947424,0
"Dc11203","locus074",1,1,NA,NA,1,NA,1,NA,1,0
"Dc11203","locus077",1,1,NA,NA,1,NA,1,NA,1,0
"Dc11203","locus080",1,1,NA,NA,1,NA,1,NA,1,0
"Dc11203","locus083",1,1,NA,NA,1,NA,1,NA,1,0
"Dc11203","locus088",1,1,NA,NA,1,NA,1,NA,1,0
"Dc11203","locus093",1,1,1,NA,1,NA,0.995688,NA,1,0
"Dc11203","locus096",0.749844,1,1,NA,1,NA,1,NA,1,0
"Dc11203","locus098",1,1,NA,NA,1,NA,1,NA,1,0
"Dc11203","locus100",1,1,NA,NA,1,NA,0.77711,NA,0.77711,0
"Dc11203","locus106",1,1,NA,NA,1,NA,1,NA,1,0
"Dc11203","locus110",1,1,NA,NA,NA,NA,1,NA,NA,0
"Dc11203","locus116",1,1,NA,NA,1,NA,1,NA,NA,0
"Dc11203","locus119",1,1,NA,NA,1,NA,1,NA,NA,0
"Dc11203","locus120",1,1,NA,NA,1,NA,1,1,NA,0
"Dc11203","locus126",1,1,NA,NA,1,NA,1,NA,NA,0
"Dc11203","locus129",1,1,NA,NA,1,NA,1,NA,NA,0
"Dc11203","locus130",1,0.71663,1,NA,1,NA,1,NA,NA,0
"Dc11203","locus134",0.57723,0.57723,NA,NA,0.57723,1,0.57723,NA,NA,0
"Dc11203","locus135",0.278864,0.68403,NA,NA,1,NA,1,NA,NA,0
"Dc11203","locus137",1,1,NA,NA,1,NA,1,NA,NA,0
"Dc11203","locus139",1,1,1,NA,1,NA,1,0.744228,NA,0
"Dc11203","locus140",1,1,1,NA,1,NA,1,NA,NA,0
"Dc11203","locus146",1,1,NA,1,1,NA,1,NA,NA,0
"Dc11203","locus148",1,1,NA,NA,1,NA,1,NA,NA,0
"Dc11203","locus151",1,1,NA,NA,1,NA,1,NA,NA,0
"Dc11203","locus157",1,1,NA,NA,1,NA,0.07172,NA,NA,0
"Dc11203","locus161",1,1,NA,NA,1,NA,1,0.4749,NA,0
"Dc11203","locus165",0.434976,1,NA,NA,1,NA,1,NA,NA,0
"Dc11203","locus170",1,0.14142,1,NA,1,NA,1,NA,NA,0
"Dc11203","locus176",1,1,1,NA,1,NA,1,NA,NA,0
"Dc11203","locus184",1,1,NA,NA,1,NA,0.995784,NA,NA,0
"Dc11203","locus186",1,1,NA,NA,1,NA,1,NA,NA,0
"Dc11203","locus188",1,1,1,NA,1,NA,1,1,NA,0
"Dc11203","locus189",1,1,1,NA,0.71451,NA,1,NA,NA,0
"Dc11203","locus190",1,1,1,NA,1,NA,1,NA,NA,0
"Dc11203","locus191",0.64563,0.572312,NA,NA,1,NA,1,NA,NA,0
"Dc11203","locus192",1,0.576904,NA,NA,1,NA,1,NA,NA,0
"Dc11203","locus195",1,1,NA,NA,1,1,1,NA,NA,0
"Dc11203","locus202",1,1,NA,NA,1,NA,0.456352,NA,NA,0
"Dc11203","locus210",1,1,NA,NA,1,NA,1,1,NA,0
"Dc11203","locus215",1,1,NA,NA,1,NA,1,NA,NA,0
"Dc11203","locus227",0.44121,0.572152,1,NA,1,NA,1,NA,NA,0
"Dc11203","locus231",1,1,NA,NA,1,NA,0.317512,NA,NA,0
"Dc11203","locus235",0.055296,1,NA,NA,1,NA,1,NA,NA,0
"Dc11203","locus236",1,1,NA,NA,1,1,1,NA,NA,0
"Dc11203","locus237",1,1,NA,NA,1,NA,1,NA,NA,0
"Dc11203","locus239",1,0.70998,NA,NA,1,1,1,NA,NA,0
"Dc11203","locus248",1,1,NA,NA,1,NA,1,0.70651,NA,0
"Dc11203","locus255",1,1,NA,NA,1,NA,NA,NA,NA,0
"Dc11203","locus256",1,1,NA,1,1,NA,1,NA,NA,0
"Dc11203","locus263",1,1,NA,1,1,NA,1,NA,NA,0
"Dc11203","locus264",1,1,1,NA,1,NA,1,NA,NA,0
"Dc11203","locus274",1,1,NA,NA,1,NA,1,NA,NA,0
"Dc11203","locus280",1,1,NA,NA,1,NA,1,1,NA,0
"Dc11203","locus282",1,1,NA,NA,1,NA,1,NA,NA,0
"Dc11203","locus286",1,1,NA,NA,0.858852,NA,0.70728,NA,NA,0
"Dc11203","locus291",1,1,NA,NA,1,NA,0.121856,NA,NA,0
"Dc11203","locus292",1,0.572648,NA,NA,1,NA,1,NA,NA,0
"Dc11203","locus296",1,1,NA,NA,1,NA,1,NA,NA,0
"Dc11203","locus301",0.23857,1,NA,NA,1,1,1,NA,NA,0
"Dc11203","locus314",1,1,NA,NA,1,NA,1,NA,NA,0
"Dc11203","locus321",1,1,NA,1,0.568464,NA,0.61681,1,NA,0
"Dc11203","locus322",0.409104,1,NA,NA,1,NA,1,NA,NA,0
"Dc11203","locus323",1,1,NA,NA,0.570472,NA,1,NA,NA,0
"Dc11203","locus329",1,1,NA,NA,1,1,1,NA,NA,0
"Dc11203","locus332",1,0.57568,NA,NA,1,NA,1,NA,NA,0
"Dc11203","locus349",0.708152,1,NA,NA,1,NA,1,NA,NA,0
"Dc11203","locus358",1,1,NA,0.998,1,NA,1,NA,NA,0
"Dc11203","locus359",1,0.856988,NA,NA,0.853014,NA,0.58504,NA,NA,0
"Dc11203","locus360",1,1,NA,NA,1,NA,1,NA,NA,0
"Dc11714","Dc13159",1,1,NA,NA,1,NA,1,1,1,0
"Dc11714","Dc14022",1,1,1,NA,1,NA,1,NA,1,0
"Dc11714","Dc14945",1,1,NA,NA,1,NA,1,NA,1,0
"Dc11714","Dc16747",1,1,NA,1,1,NA,0.943044,NA,1,0
"Dc11714","Dc18951",1,1,NA,NA,1,1,1,NA,1,0
"Dc11714","Dc20232",0.951372,1,NA,NA,1,1,1,NA,1,0
"Dc11714","Dc22883",0.862432,0.3486,NA,NA,1,NA,1,NA,1,0
"Dc11714","Dc22887",1,0.6408,NA,1,1,NA,1,NA,1,0
"Dc11714","Dc27955",1,1,NA,NA,1,NA,1,NA,1,0
"Dc11714","Dc28124",1,1,NA,NA,1,NA,1,NA,1,0
"Dc11714","Dc28776",0.6182,1,NA,NA,1,NA,1,NA,1,0
"Dc11714","Dc30071",1,1,NA,NA,1,NA,1,1,1,0
"Dc11714","Dc31007",1,1,1,NA,1,NA,0.56898,NA,NA,0
"Dc11714","Dc33714",1,1,NA,NA,1,NA,1,1,1,0
"Dc11714","Dc33907",1,1,NA,NA,1,NA,1,NA,0.30608,0
"Dc11714","Dc34902",1,1,NA,NA,0.724,NA,1,NA,1,0
"Dc11714","Dc35779",1,1,NA,NA,1,1,0.214776,NA,1,0
"Dc11714","Dc36616",1,1,1,NA,1,1,1,NA,1,0
"Dc11714","Dc36767",1,1,1,NA,1,NA,1,NA,NA,0
"Dc11714","Dc41234",1,1,NA,NA,1,NA,1,NA,1,0
"Dc11714","Dc46984",1,0.35249,NA,1,1,NA,0.32652,NA,1,0
"Dc11714","Dc47572",1,1,NA,NA,1,1,1,1,0.315098,0
"Dc11714","Dc47935",1,1,1,NA,0.788242,1,1,NA,1,0
"Dc11714","Dc48207",1,1,1,NA,1,1,1,NA,1,0
"Dc11714","Dc48950",1,1,NA,1,1,NA,1,NA,1,0
"Dc11714","Dc49080",1,1,NA,1,0.95,NA,0.090864,NA,0.95,0
"Dc11714","Dc49184",0.56488,1,NA,NA,1,NA,1,NA,1,0
"Dc11714","Dc51020",0.32368,1,NA,NA,1,NA,1,NA,1,0
"Dc11714","Dc52523",1,1,NA,NA,1,NA,1,NA,1,0
"Dc11714","Dc55481",1,1,NA,NA,1,NA,1,1,1,0
"Dc11714","Dc62188",1,1,NA,1,0.674088,NA,1,NA,1,0
"Dc11714","Dc67011",1,1,1,1,1,NA,1,NA,1,0
"Dc11714","locus002",1,0.71839,NA,NA,1,NA,1,NA,1,0
"Dc11714","locus003",0.657174,0.92604,NA,NA,0.469952,NA,0.2814,NA,0.92604,0
"Dc11714","locus004",1,0.53727,NA,NA,1,NA,1,NA,1,0
"Dc11714","locus005",0.20236,1,NA,NA,1,NA,1,NA,1,0
"Dc11714","locus006",0.6525,1,NA,NA,1,NA,0.07656,1,1,0
"Dc11714","locus008",1,1,NA,NA,1,NA,1,NA,1,0
"Dc11714","locus013",1,1,NA,NA,1,NA,1,NA,1,0
"Dc11714","locus014",1,0.35258,NA,NA,1,NA,1,NA,1,0
"Dc11714","locus024",1,1,NA,NA,1,NA,1,NA,1,0
"Dc11714","locus025",1,1,NA,NA,1,NA,1,NA,1,0
"Dc11714","locus027",1,1,NA,NA,1,NA,1,NA,1,0
"Dc11714","locus030",1,0.81844,1,NA,1,NA,1,1,1,0
"Dc11714","locus035",1,1,1,NA,0.999418,1,1,NA,1,0
"Dc11714","locus038",1,1,NA,1,1,NA,1,NA,1,0
"Dc11714","locus039",1,1,NA,NA,0.23743,NA,0.23743,NA,1,0
"Dc11714","locus040",1,1,NA,NA,1,NA,1,NA,1,0
"Dc11714","locus041",1,1,NA,1,1,NA,1,NA,1,0
"Dc11714","locus045",1,1,NA,NA,1,NA,1,NA,1,0
"Dc11714","locus047",0.786208,0.60523,NA,NA,1,NA,0.270444,1,1,0
"Dc11714","locus048",0.21384,1,NA,NA,1,NA,1,1,0.72676,0
"Dc11714","locus053",1,1,NA,0.60738,1,NA,1,NA,0.60738,0
"Dc11714","locus055",1,1,NA,NA,1,NA,1,NA,1,0
"Dc11714","locus056",1,1,NA,NA,1,NA,1,NA,1,0
"Dc11714","locus058",1,1,NA,NA,1,NA,1,NA,1,0
"Dc11714","locus060",1,0.09142,NA,NA,1,NA,1,NA,0.71468,0
"Dc11714","locus061",1,1,NA,NA,1,NA,1,NA,1,0
"Dc11714","locus062",1,1,NA,1,1,NA,1,1,1,0
"Dc11714","locus064",1,1,NA,NA,1,NA,1,NA,1,0
"Dc11714","locus065",0.71689,1,NA,NA,0.71689,NA,0.71689,NA,1,0
"Dc11714","locus073",1,1,NA,NA,1,NA,0.90369,NA,1,0
"Dc11714","locus074",1,1,NA,NA,1,NA,1,NA,1,0
"Dc11714","locus076",1,1,1,NA,1,1,1,NA,1,0
"Dc11714","locus077",1,1,NA,NA,1,NA,1,NA,1,0
"Dc11714","locus080",1,1,1,NA,1,NA,1,NA,1,0
"Dc11714","locus083",1,1,NA,NA,1,NA,1,NA,1,0
"Dc11714","locus088",1,1,NA,NA,1,NA,0.95521,NA,0.95521,0
"Dc11714","locus093",1,1,1,NA,1,NA,1,NA,1,0
"Dc11714","locus096",1,1,1,NA,1,NA,1,NA,1,0
"Dc11714","locus098",1,1,NA,NA,0.71119,NA,1,NA,1,0
"Dc11714","locus100",1,1,NA,NA,1,NA,1,NA,1,0
"Dc11714","locus106",1,1,NA,NA,1,NA,1,NA,1,0
"Dc11714","locus110",0.79822,0.79822,NA,NA,NA,NA,0.083898,NA,NA,0
"Dc11714","locus116",1,1,NA,NA,1,NA,1,NA,NA,0
"Dc11714","locus119",1,1,NA,NA,1,NA,1,NA,NA,0
"Dc11714","locus120",1,1,NA,NA,1,NA,1,1,NA,0
"Dc11714","locus126",0.401856,1,NA,NA,1,NA,1,NA,NA,0
"Dc11714","locus128",0.776376,1,NA,NA,1,NA,0.189464,NA,NA,0
"Dc11714","locus129",0.447456,0.278984,NA,NA,1,NA,0.447456,NA,NA,0
"Dc11714","locus130",1,1,NA,NA,0.271592,NA,1,NA,NA,0
"Dc11714","locus134",1,0.421848,NA,NA,1,1,0.38692,NA,NA,0
"Dc11714","locus135",1,1,NA,NA,1,NA,0.73908,NA,NA,0
"Dc11714","locus137",0.67612,1,NA,NA,1,NA,0.67612,NA,NA,0
"Dc11714","locus139",1,1,1,NA,1,NA,1,1,NA,0
"Dc11714","locus140",1,1,1,NA,1,NA,1,NA,NA,0
"Dc11714","locus146",1,1,NA,1,1,NA,1,NA,NA,0
"Dc11714","locus148",1,1,NA,NA,1,NA,1,NA,NA,0
"Dc11714","locus151",1,0.576624,NA,NA,1,NA,1,NA,NA,0
"Dc11714","locus157",0.238936,1,NA,NA,0.428616,NA,1,NA,NA,0
"Dc11714","locus161",0.80889,1,NA,NA,1,NA,0.80889,0.80889,NA,0
"Dc11714","locus165",1,1,1,NA,1,NA,1,NA,NA,0
"Dc11714","locus170",0.4383,1,1,NA,1,NA,1,NA,NA,0
"Dc11714","locus176",1,1,NA,NA,1,NA,1,NA,NA,0
"Dc11714","locus184",0.26052,1,NA,NA,0.995082,NA,1,NA,NA,0
"Dc11714","locus186",1,1,NA,NA,1,NA,1,NA,NA,0
"Dc11714","locus188",1,1,NA,NA,1,1,1,1,NA,0
"Dc11714","locus189",0.88632,1,1,NA,1,NA,0.43217,NA,NA,0
"Dc11714","locus190",1,1,1,NA,1,1,1,NA,NA,0
"Dc11714","locus191",1,1,NA,NA,1,NA,1,NA,NA,0
"Dc11714","locus192",1,1,NA,NA,1,NA,0.44404,NA,NA,0
"Dc11714","locus195",1,1,NA,NA,1,NA,1,NA,NA,0
"Dc11714","locus202",0.526956,0.762708,NA,NA,0.498968,NA,0.526956,NA,NA,0
"Dc11714","locus210",1,1,NA,NA,1,NA,1,1,NA,0
"Dc11714","locus215",0.614808,1,NA,NA,1,NA,1,NA,NA,0
"Dc11714","locus227",1,1,1,NA,1,NA,0.06213,NA,NA,0
"Dc11714","locus231",1,0.573688,NA,NA,1,NA,1,NA,NA,0
"Dc11714","locus235",1,1,NA,NA,0.564632,NA,1,NA,NA,0
"Dc11714","locus236",1,1,NA,NA,1,1,1,NA,NA,0
"Dc11714","locus237",0.561978,1,NA,NA,0.487848,NA,1,NA,NA,0
"Dc11714","locus239",1,1,NA,NA,1,1,1,NA,NA,0
"Dc11714","locus248",1,1,NA,NA,1,NA,0.54254,1,NA,0
"Dc11714","locus255",1,1,NA,NA,1,NA,NA,NA,NA,0
"Dc11714","locus256",1,1,NA,1,1,NA,1,NA,NA,0
"Dc11714","locus263",1,1,NA,1,1,NA,0.65089,NA,NA,0
"Dc11714","locus264",1,1,1,NA,1,NA,1,NA,NA,0
"Dc11714","locus274",0.439788,0.286928,NA,NA,0.615368,NA,0.615368,NA,NA,0
"Dc11714","locus280",0.9079,1,NA,NA,1,NA,1,1,NA,0
"Dc11714","locus282",1,1,NA,NA,0.489968,NA,0.489968,NA,NA,0
"Dc11714","locus286",1,1,NA,NA,1,NA,1,NA,NA,0
"Dc11714","locus291",1,1,NA,NA,1,NA,0.540704,NA,NA,0
"Dc11714","locus292",1,1,NA,NA,0.456984,NA,1,NA,NA,0
"Dc11714","locus296",0.4058,1,NA,NA,1,NA,1,NA,NA,0
"Dc11714","locus301",1,1,NA,NA,1,1,0.4985,NA,NA,0
"Dc11714","locus314",0.796532,0.498488,NA,NA,0.498488,NA,0.796532,NA,NA,0
"Dc11714","locus321",1,1,NA,1,1,NA,1,1,NA,0
"Dc11714","locus322",1,0.072544,NA,NA,0.366684,NA,1,NA,NA,0
"Dc11714","locus323",1,1,NA,NA,1,NA,1,NA,NA,0
"Dc11714","locus329",1,1,NA,NA,1,NA,1,NA,NA,0
"Dc11714","locus332",1,1,NA,NA,1,NA,0.590848,NA,NA,0
"Dc11714","locus349",1,1,1,NA,1,NA,1,NA,NA,0
"Dc11714","locus358",0.16001,1,NA,1,1,NA,1,NA,NA,0
"Dc11714","locus359",1,1,NA,NA,1,NA,1,NA,NA,0
"Dc11714","locus360",1,1,NA,NA,1,NA,1,NA,NA,0
"Dc13159","Dc13592",1,1,1,NA,1,NA,1,NA,1,0
"Dc13159","Dc14022",0.2418,1,1,NA,1,NA,1,NA,1,0
"Dc13159","Dc14945",1,1,NA,NA,1,NA,1,NA,1,0
"Dc13159","Dc16747",1,1,NA,1,1,NA,1,NA,1,0
"Dc13159","Dc18951",1,1,NA,NA,1,1,1,NA,1,0
"Dc13159","Dc20232",0.06138,1,NA,NA,1,1,1,NA,1,0
"Dc13159","Dc22883",1,1,NA,NA,1,NA,0.310848,NA,0.14208,0
"Dc13159","Dc22887",1,1,NA,1,1,NA,0.802104,NA,1,0
"Dc13159","Dc27955",1,1,NA,NA,1,NA,1,NA,1,0
"Dc13159","Dc28124",0.88402,1,NA,NA,1,NA,1,NA,1,0
"Dc13159","Dc28776",1,1,NA,NA,1,NA,1,NA,1,0
"Dc13159","Dc30071",1,1,NA,NA,1,NA,1,1,1,0
"Dc13159","Dc31007",1,1,1,NA,1,NA,1,NA,NA,0
"Dc13159","Dc33714",1,0.70911,NA,NA,0.33714,NA,1,0.800312,1,0
"Dc13159","Dc33907",1,1,NA,NA,1,NA,1,NA,1,0
"Dc13159","Dc34902",1,1,NA,NA,1,NA,1,NA,1,0
"Dc13159","Dc35779",1,1,NA,NA,1,1,1,NA,1,0
"Dc13159","Dc36571",1,1,NA,1,1,NA,1,NA,1,0
"Dc13159","Dc36616",1,1,1,NA,1,1,1,NA,1,0
"Dc13159","Dc40235",1,1,NA,NA,1,NA,1,NA,1,0
"Dc13159","Dc41234",1,1,NA,NA,1,NA,1,NA,1,0
"Dc13159","Dc46984",0.360144,1,NA,1,1,NA,1,NA,1,0
"Dc13159","Dc47572",1,1,NA,NA,1,1,1,1,1,0
"Dc13159","Dc47935",1,1,NA,NA,1,NA,1,NA,1,0
"Dc13159","Dc48207",1,1,1,NA,1,1,1,NA,1,0
"Dc13159","Dc48950",1,1,NA,1,1,NA,1,NA,1,0
"Dc13159","Dc49080",1,1,NA,1,1,NA,0.23592,NA,1,0
"Dc13159","Dc49184",0.0766,1,NA,NA,1,NA,1,NA,1,0
"Dc13159","Dc51020",1,1,NA,NA,1,NA,0.62173,NA,1,0
"Dc13159","Dc52523",1,1,NA,NA,1,NA,1,NA,1,0
"Dc13159","Dc55481",1,1,NA,NA,1,NA,1,1,1,0
"Dc13159","Dc58248",0.8632,1,NA,NA,1,NA,0.59275,NA,1,0
"Dc13159","Dc62188",1,0.444912,NA,1,1,NA,1,NA,1,0
"Dc13159","Dc67011",1,1,1,1,1,NA,1,NA,1,0
"Dc13159","locus002",1,0.73618,NA,NA,1,NA,1,NA,1,0
"Dc13159","locus003",0.85831,1,NA,NA,1,NA,1,NA,1,0
"Dc13159","locus004",1,1,NA,NA,1,NA,1,NA,1,0
"Dc13159","locus005",1,1,NA,NA,1,NA,1,NA,1,0
"Dc13159","locus006",1,1,NA,NA,1,NA,1,1,1,0
"Dc13159","locus008",1,0.18334,NA,NA,1,NA,1,NA,1,0
"Dc13159","locus013",1,0.28238,NA,NA,1,NA,1,NA,1,0
"Dc13159","locus014",1,1,NA,NA,1,NA,1,NA,1,0
"Dc13159","locus022",0.44398,1,NA,NA,0.466896,NA,1,NA,1,0
"Dc13159","locus024",1,1,NA,NA,0.571672,NA,0.44949,NA,1,0
"Dc13159","locus025",1,1,NA,NA,1,NA,1,NA,1,0
"Dc13159","locus027",1,1,NA,NA,1,NA,1,NA,1,0
"Dc13159","locus030",1,1,1,NA,1,NA,1,1,1,0
"Dc13159","locus035",1,1,1,NA,1,1,1,NA,0.913416,0
"Dc13159","locus038",1,1,NA,1,1,NA,1,NA,1,0
"Dc13159","locus039",1,0.55441,NA,NA,1,NA,1,NA,1,0
"Dc13159","locus040",1,1,NA,NA,1,NA,1,NA,1,0
"Dc13159","locus041",1,1,NA,1,1,NA,0.933228,NA,1,0
"Dc13159","locus045",1,1,NA,NA,1,NA,0.56745,NA,1,0
"Dc13159","locus047",1,1,NA,NA,1,NA,1,1,1,0
"Dc13159","locus048",1,1,NA,NA,1,NA,1,1,1,0
"Dc13159","locus053",1,1,1,1,0.19873,NA,1,NA,0.83154,0
"Dc13159","locus055",1,1,NA,NA,0.57188,NA,0.43507,NA,1,0
"Dc13159","locus056",1,1,NA,NA,1,NA,1,NA,1,0
"Dc13159","locus060",1,1,NA,NA,1,NA,1,NA,1,0
"Dc13159","locus061",0.7073,1,NA,NA,1,NA,1,NA,1,0
"Dc13159","locus062",1,1,NA,1,1,NA,1,1,0.259658,0
"Dc13159","locus064",1,1,NA,NA,1,NA,0.73088,NA,1,0
"Dc13159","locus065",0.9874,1,NA,NA,0.9874,NA,0.9874,NA,1,0
"Dc13159","locus073",1,1,NA,NA,1,NA,0.63908,NA,0.779336,0
"Dc13159","locus074",1,1,NA,NA,1,NA,1,NA,0.40689,0
"Dc13159","locus076",0.45857,1,1,NA,1,1,1,NA,1,0
"Dc13159","locus077",1,0.851928,NA,NA,0.43257,NA,1,NA,1,0
"Dc13159","locus080",1,0.690756,1,NA,1,NA,1,NA,1,0
"Dc13159","locus083",1,1,NA,NA,1,NA,1,NA,0.63411,0
"Dc13159","locus088",1,1,NA,NA,1,NA,0.34345,NA,0.34345,0
"Dc13159","locus093",0.850308,1,1,NA,1,NA,1,NA,1,0
"Dc13159","locus096",0.55859,0.425856,1,NA,1,NA,0.971912,NA,1,0
"Dc13159","locus098",1,1,NA,NA,1,NA,1,NA,1,0
"Dc13159","locus100",1,1,NA,NA,1,NA,1,NA,0.95264,0
"Dc13159","locus106",1,1,NA,NA,1,NA,1,NA,1,0
"Dc13159","locus110",1,1,NA,NA,NA,NA,1,NA,NA,0
"Dc13159","locus116",1,1,NA,NA,1,NA,1,NA,NA,0
"Dc13159","locus119",1,1,1,NA,1,NA,1,NA,NA,0
"Dc13159","locus120",1,1,NA,NA,1,NA,1,1,NA,0
"Dc13159","locus126",1,1,NA,NA,1,NA,1,NA,NA,0
"Dc13159","locus128",1,1,NA,NA,1,NA,1,NA,NA,0
"Dc13159","locus129",1,1,NA,NA,1,NA,1,NA,NA,0
"Dc13159","locus130",1,1,NA,NA,1,NA,0.727584,NA,NA,0
"Dc13159","locus134",1,1,NA,NA,1,1,1,NA,NA,0
"Dc13159","locus135",0.91904,1,NA,NA,0.91904,NA,0.91904,NA,NA,0
"Dc13159","locus137",1,1,NA,NA,1,NA,1,NA,NA,0
"Dc13159","locus139",1,1,1,NA,1,NA,1,1,NA,0
"Dc13159","locus140",1,1,1,NA,1,NA,1,NA,NA,0
"Dc13159","locus146",1,1,NA,1,1,NA,1,NA,NA,0
"Dc13159","locus148",1,1,NA,NA,1,NA,0.929952,NA,NA,0
"Dc13159","locus151",0.721856,1,NA,NA,1,NA,1,NA,NA,0
"Dc13159","locus157",1,1,NA,NA,1,NA,1,NA,NA,0
"Dc13159","locus161",1,1,NA,NA,1,NA,1,1,NA,0
"Dc13159","locus165",0.65827,1,1,NA,1,NA,1,NA,NA,0
"Dc13159","locus170",0.799446,1,NA,NA,1,NA,0.688536,NA,NA,0
"Dc13159","locus176",0.854524,0.854524,NA,NA,0.461704,NA,0.648792,NA,NA,0
"Dc13159","locus184",1,1,NA,NA,1,NA,1,NA,NA,0
"Dc13159","locus186",1,0.28952,NA,NA,1,NA,1,NA,NA,0
"Dc13159","locus188",1,1,NA,NA,1,NA,1,1,NA,0
"Dc13159","locus189",1,1,1,NA,1,NA,1,NA,NA,0
"Dc13159","locus190",1,1,1,NA,1,NA,1,NA,NA,0
"Dc13159","locus191",0.340904,1,NA,NA,1,NA,0.53757,NA,NA,0
"Dc13159","locus192",0.604912,1,NA,NA,1,NA,1,NA,NA,0
"Dc13159","locus195",1,1,NA,NA,1,NA,1,NA,NA,0
"Dc13159","locus202",1,1,1,NA,1,NA,0.60846,NA,NA,0
"Dc13159","locus210",0.44087,1,NA,NA,1,NA,1,1,NA,0
"Dc13159","locus215",1,1,NA,NA,1,NA,1,NA,NA,0
"Dc13159","locus227",1,1,1,NA,1,1,1,NA,NA,0
"Dc13159","locus231",1,1,NA,NA,1,NA,1,NA,NA,0
"Dc13159","locus235",0.878696,0.878696,NA,NA,0.8589,NA,0.137544,NA,NA,0
"Dc13159","locus236",1,1,NA,NA,1,1,1,NA,NA,0
"Dc13159","locus237",1,1,NA,NA,1,NA,0.687232,NA,NA,0
"Dc13159","locus239",0.544024,1,NA,NA,0.43019,1,1,NA,NA,0
"Dc13159","locus248",0.71031,1,NA,NA,1,NA,1,1,NA,0
"Dc13159","locus255",0.513522,0.712896,NA,NA,0.714176,NA,NA,NA,NA,0
"Dc13159","locus256",1,1,1,1,1,NA,0.282672,NA,NA,0
"Dc13159","locus263",1,1,NA,1,1,NA,1,NA,NA,0
"Dc13159","locus264",0.680184,1,1,NA,0.42098,NA,0.680184,NA,NA,0
"Dc13159","locus274",1,1,NA,NA,1,NA,1,NA,NA,0
"Dc13159","locus280",0.67407,1,NA,NA,0.810576,NA,1,1,NA,0
"Dc13159","locus282",1,1,NA,NA,1,NA,1,NA,NA,0
"Dc13159","locus286",1,1,NA,NA,1,NA,1,NA,NA,0
"Dc13159","locus291",1,1,NA,NA,1,1,1,NA,NA,0
"Dc13159","locus292",1,1,NA,NA,1,NA,0.694168,NA,NA,0
"Dc13159","locus296",0.059856,1,NA,NA,1,NA,0.059856,NA,NA,0
"Dc13159","locus301",1,1,NA,NA,1,1,1,NA,NA,0
"Dc13159","locus314",1,1,NA,NA,1,NA,1,NA,NA,0
"Dc13159","locus321",1,1,NA,1,1,NA,1,1,NA,0
"Dc13159","locus322",0.911384,1,NA,NA,1,NA,1,NA,NA,0
"Dc13159","locus323",1,1,NA,NA,1,NA,1,NA,NA,0
"Dc13159","locus329",1,0.852264,NA,NA,1,NA,1,NA,NA,0
"Dc13159","locus332",0.810978,1,NA,NA,0.576104,NA,1,NA,NA,0
"Dc13159","locus358",1,1,NA,1,1,NA,1,NA,NA,0
"Dc13159","locus359",1,1,NA,NA,1,NA,1,NA,NA,0
"Dc13159","locus360",0.770096,0.770096,NA,NA,0.452768,NA,0.689532,NA,NA,0
"Dc13592","Dc14022",1,1,1,NA,1,NA,1,NA,1,0
"Dc13592","Dc14945",0.8108,1,NA,NA,1,NA,0.8108,NA,1,0
"Dc13592","Dc16747",0.340164,1,NA,1,1,NA,1,NA,1,0
"Dc13592","Dc18951",1,1,NA,NA,1,1,1,NA,1,0
"Dc13592","Dc20232",1,1,NA,NA,1,1,1,NA,1,0
"Dc13592","Dc22883",1,1,NA,NA,1,NA,1,NA,0.13835,0
"Dc13592","Dc22887",1,1,NA,1,1,NA,1,NA,1,0
"Dc13592","Dc27955",1,1,NA,NA,1,NA,1,NA,1,0
"Dc13592","Dc28124",1,1,NA,NA,1,NA,1,NA,1,0
"Dc13592","Dc28776",1,1,NA,NA,1,NA,1,NA,1,0
"Dc13592","Dc30071",1,1,NA,NA,1,NA,0.12714,0.3366,0.72216,0
"Dc13592","Dc31007",1,1,1,NA,1,NA,1,NA,NA,0
"Dc13592","Dc33714",1,1,NA,NA,1,NA,1,1,1,0
"Dc13592","Dc33907",0.78215,1,NA,NA,1,NA,0.78215,NA,1,0
"Dc13592","Dc34902",1,1,NA,NA,1,NA,0.39686,NA,1,0
"Dc13592","Dc35779",1,1,NA,NA,1,1,1,NA,1,0
"Dc13592","Dc36571",1,1,NA,1,1,NA,1,NA,1,0
"Dc13592","Dc36616",1,1,1,NA,1,1,0.672714,NA,1,0
"Dc13592","Dc36767",1,1,1,NA,0.54959,NA,1,NA,NA,0
"Dc13592","Dc40235",1,1,NA,NA,1,NA,1,NA,1,0
"Dc13592","Dc41234",1,1,1,1,1,NA,1,NA,1,0
"Dc13592","Dc46984",1,1,NA,1,1,1,1,NA,1,0
"Dc13592","Dc47572",0.8256,1,NA,NA,1,1,0.109494,1,0.8256,0
"Dc13592","Dc47935",1,1,NA,NA,1,NA,0.2602,NA,1,0
"Dc13592","Dc48207",1,1,1,NA,1,1,1,NA,1,0
"Dc13592","Dc48950",0.886884,1,NA,1,0.794962,1,1,NA,1,0
"Dc13592","Dc49080",1,1,NA,1,1,NA,0.918792,NA,1,0
"Dc13592","Dc49184",0.564272,1,NA,NA,0.564272,NA,0.29834,NA,1,0
"Dc13592","Dc51020",1,1,NA,NA,1,NA,1,NA,0.76512,0
"Dc13592","Dc52523",1,1,NA,NA,1,NA,1,NA,0.33002,0
"Dc13592","Dc55481",1,1,NA,NA,0.841572,NA,1,1,1,0
"Dc13592","Dc58248",1,1,NA,NA,1,NA,1,NA,0.83796,0
"Dc13592","Dc62188",1,1,NA,1,1,NA,0.19608,NA,1,0
"Dc13592","Dc67011",1,1,1,1,1,NA,1,NA,1,0
"Dc13592","locus002",1,1,NA,NA,1,NA,1,NA,1,0
"Dc13592","locus004",0.12423,1,NA,NA,0.855384,NA,0.337952,NA,0.847674,0
"Dc13592","locus005",1,1,NA,NA,1,NA,0.18239,NA,1,0
"Dc13592","locus006",1,1,NA,NA,1,NA,0.10104,1,1,0
"Dc13592","locus008",1,1,NA,NA,1,NA,1,NA,1,0
"Dc13592","locus013",1,1,NA,NA,1,NA,0.97849,NA,1,0
"Dc13592","locus014",1,1,NA,NA,1,NA,0.39233,NA,1,0
"Dc13592","locus022",1,1,NA,NA,1,NA,1,NA,1,0
"Dc13592","locus024",0.25218,1,NA,NA,1,NA,1,NA,1,0
"Dc13592","locus025",1,1,NA,NA,1,NA,1,NA,0.12436,0
"Dc13592","locus027",1,1,NA,1,1,NA,1,NA,1,0
"Dc13592","locus030",1,1,1,NA,1,NA,1,1,1,0
"Dc13592","locus035",1,1,1,NA,1,1,1,NA,1,0
"Dc13592","locus038",1,1,NA,NA,1,NA,1,NA,1,0
"Dc13592","locus039",1,1,NA,NA,1,NA,0.1463,NA,0.22716,0
"Dc13592","locus040",0.90306,1,NA,NA,1,NA,1,NA,1,0
"Dc13592","locus041",0.859096,0.63278,NA,1,1,NA,0.095136,NA,1,0
"Dc13592","locus045",1,1,NA,NA,0.71482,NA,1,NA,0.71482,0
"Dc13592","locus047",1,1,NA,NA,1,NA,1,1,1,0
"Dc13592","locus048",0.775476,1,NA,NA,1,NA,1,1,1,0
"Dc13592","locus053",1,1,1,1,1,NA,1,NA,1,0
"Dc13592","locus055",1,1,NA,NA,1,NA,1,NA,1,0
"Dc13592","locus056",1,1,NA,NA,1,NA,1,NA,1,0
"Dc13592","locus058",0.87147,1,NA,NA,1,NA,0.87147,NA,1,0
"Dc13592","locus060",1,1,NA,NA,1,NA,1,NA,1,0
"Dc13592","locus061",1,1,NA,NA,1,NA,1,NA,1,0
"Dc13592","locus062",1,1,NA,1,1,NA,1,1,1,0
"Dc13592","locus064",1,1,NA,NA,1,NA,1,NA,1,0
"Dc13592","locus065",1,1,NA,NA,1,NA,1,NA,1,0
"Dc13592","locus073",1,1,NA,NA,1,NA,1,NA,1,0
"Dc13592","locus074",1,1,NA,NA,1,NA,1,NA,1,0
"Dc13592","locus076",1,1,1,NA,1,NA,0.766644,NA,1,0
"Dc13592","locus077",1,1,NA,NA,1,NA,1,NA,1,0
"Dc13592","locus080",1,1,NA,1,1,NA,1,NA,1,0
"Dc13592","locus083",1,1,NA,NA,1,NA,0.95754,NA,1,0
"Dc13592","locus088",1,1,NA,NA,1,NA,1,NA,1,0
"Dc13592","locus093",1,1,1,NA,1,NA,1,NA,1,0
"Dc13592","locus096",1,1,1,NA,1,NA,1,NA,1,0
"Dc13592","locus098",0.25489,1,NA,NA,1,NA,0.324232,NA,1,0
"Dc13592","locus100",0.41572,1,NA,NA,1,NA,0.1878,NA,1,0
"Dc13592","locus106",1,1,NA,NA,1,NA,0.97084,NA,1,0
"Dc13592","locus110",0.566232,1,NA,NA,NA,NA,0.136914,NA,NA,0
"Dc13592","locus116",1,1,NA,NA,1,1,1,NA,NA,0
"Dc13592","locus119",1,0.63215,1,NA,1,NA,0.905672,NA,NA,0
"Dc13592","locus120",1,0.62291,NA,NA,1,NA,1,1,NA,0
"Dc13592","locus126",1,1,NA,NA,1,NA,0.61652,NA,NA,0
"Dc13592","locus128",0.402776,1,NA,NA,1,NA,1,NA,NA,0
"Dc13592","locus129",0.72784,1,NA,NA,1,NA,1,NA,NA,0
"Dc13592","locus130",0.074248,0.750312,NA,NA,1,NA,0.14106,NA,NA,0
"Dc13592","locus134",1,1,NA,NA,1,1,0.31405,NA,NA,0
"Dc13592","locus135",0.42342,1,NA,NA,1,1,1,NA,NA,0
"Dc13592","locus137",1,1,NA,NA,1,NA,1,NA,NA,0
"Dc13592","locus139",1,1,1,NA,1,NA,0.479112,1,NA,0
"Dc13592","locus140",1,1,1,NA,1,NA,0.41421,NA,NA,0
"Dc13592","locus146",1,1,NA,1,1,NA,1,NA,NA,0
"Dc13592","locus148",0.364624,1,NA,NA,1,NA,1,NA,NA,0
"Dc13592","locus151",0.252448,1,NA,NA,1,NA,0.679278,NA,NA,0
"Dc13592","locus157",1,1,NA,NA,1,NA,1,NA,NA,0
"Dc13592","locus161",0.54462,1,NA,NA,1,NA,1,1,NA,0
"Dc13592","locus165",1,1,NA,NA,1,NA,1,NA,NA,0
"Dc13592","locus170",0.27584,0.27584,NA,NA,1,NA,0.27584,NA,NA,0
"Dc13592","locus176",1,1,NA,NA,1,NA,1,NA,NA,0
"Dc13592","locus184",1,1,NA,NA,1,NA,0.763176,NA,NA,0
"Dc13592","locus186",0.956664,1,NA,NA,1,NA,1,NA,NA,0
"Dc13592","locus188",1,1,NA,1,0.42571,NA,1,NA,NA,0
"Dc13592","locus190",1,1,1,NA,1,NA,0.35047,NA,NA,0
"Dc13592","locus191",1,1,1,NA,1,NA,0.88469,NA,NA,0
"Dc13592","locus192",0.930052,0.37698,NA,NA,1,NA,0.179272,NA,NA,0
"Dc13592","locus195",1,1,NA,NA,0.464104,NA,1,NA,NA,0
"Dc13592","locus202",1,1,1,NA,1,NA,1,NA,NA,0
"Dc13592","locus210",1,1,NA,NA,1,NA,1,1,NA,0
"Dc13592","locus215",0.624744,1,NA,NA,0.977588,NA,0.624744,NA,NA,0
"Dc13592","locus227",1,1,1,NA,1,NA,0.84963,NA,NA,0
"Dc13592","locus231",1,1,1,NA,1,NA,1,NA,NA,0
"Dc13592","locus235",0.49568,1,NA,NA,1,1,1,NA,NA,0
"Dc13592","locus236",1,1,NA,NA,1,NA,1,NA,NA,0
"Dc13592","locus237",1,1,NA,NA,1,NA,0.869832,NA,NA,0
"Dc13592","locus239",1,1,NA,NA,1,NA,0.524768,NA,NA,0
"Dc13592","locus248",1,1,NA,NA,1,NA,0.48774,1,NA,0
"Dc13592","locus255",1,1,NA,NA,1,NA,NA,NA,NA,0
"Dc13592","locus256",1,1,1,1,1,NA,1,NA,NA,0
"Dc13592","locus263",1,1,NA,1,1,NA,1,NA,NA,0
"Dc13592","locus264",1,1,1,NA,1,NA,1,NA,NA,0
"Dc13592","locus274",1,1,NA,NA,1,NA,0.773288,NA,NA,0
"Dc13592","locus280",1,1,NA,NA,0.56312,NA,0.981448,1,NA,0
"Dc13592","locus282",1,1,NA,NA,1,NA,1,NA,NA,0
"Dc13592","locus286",1,1,NA,NA,1,NA,1,NA,NA,0
"Dc13592","locus291",1,1,NA,NA,1,NA,0.876536,NA,NA,0
"Dc13592","locus292",1,1,NA,NA,1,NA,0.148008,NA,NA,0
"Dc13592","locus296",1,1,NA,NA,1,NA,1,NA,NA,0
"Dc13592","locus301",0.22388,1,NA,NA,1,NA,1,NA,NA,0
"Dc13592","locus314",1,1,NA,NA,1,NA,1,NA,NA,0
"Dc13592","locus322",1,1,NA,NA,1,NA,0.434664,NA,NA,0
"Dc13592","locus323",1,1,NA,NA,1,1,1,NA,NA,0
"Dc13592","locus329",1,0.998976,NA,NA,1,NA,1,NA,NA,0
"Dc13592","locus332",0.90348,0.997124,NA,NA,1,NA,0.900528,NA,NA,0
"Dc13592","locus349",1,1,NA,NA,1,NA,1,NA,NA,0
"Dc13592","locus358",1,1,NA,1,1,NA,1,NA,NA,0
"Dc13592","locus359",0.916664,1,NA,NA,1,NA,1,NA,NA,0
"Dc13592","locus360",0.500058,0.74988,NA,NA,0.74988,NA,0.22348,NA,NA,0
"Dc14022","Dc14945",1,1,NA,NA,1,NA,1,NA,1,0
"Dc14022","Dc16747",1,1,NA,1,1,NA,1,NA,1,0
"Dc14022","Dc18951",0.172956,1,NA,NA,1,1,1,NA,1,0
"Dc14022","Dc20232",1,1,NA,NA,1,1,1,NA,1,0
"Dc14022","Dc22883",1,1,NA,NA,1,NA,1,NA,1,0
"Dc14022","Dc22887",1,1,NA,1,1,NA,1,NA,1,0
"Dc14022","Dc27955",1,1,NA,NA,1,1,1,NA,1,0
"Dc14022","Dc28124",1,1,NA,NA,0.71076,NA,1,NA,1,0
"Dc14022","Dc28776",1,1,NA,NA,1,NA,1,NA,1,0
"Dc14022","Dc30071",1,1,NA,NA,1,1,1,1,1,0
"Dc14022","Dc31007",1,1,1,NA,1,NA,1,NA,NA,0
"Dc14022","Dc33714",1,1,1,NA,1,NA,1,1,1,0
"Dc14022","Dc33907",1,1,NA,NA,1,NA,1,NA,1,0
"Dc14022","Dc34902",1,1,NA,NA,1,NA,1,NA,1,0
"Dc14022","Dc35779",1,1,NA,NA,1,1,1,NA,1,0
"Dc14022","Dc36571",1,1,NA,1,1,NA,1,NA,1,0
"Dc14022","Dc36616",1,1,1,NA,1,1,1,NA,1,0
"Dc14022","Dc36767",1,1,1,NA,1,NA,1,NA,NA,0
"Dc14022","Dc40235",1,1,NA,NA,1,NA,1,NA,1,0
"Dc14022","Dc41234",1,1,NA,1,1,NA,1,NA,1,0
"Dc14022","Dc46984",1,1,NA,1,1,1,1,NA,1,0
"Dc14022","Dc47572",1,1,NA,NA,0.999124,1,1,1,1,0
"Dc14022","Dc47935",1,1,NA,NA,1,NA,1,NA,1,0
"Dc14022","Dc48207",1,1,1,NA,1,1,1,NA,1,0
"Dc14022","Dc48950",1,1,NA,1,1,NA,1,NA,1,0
"Dc14022","Dc49080",1,1,NA,1,1,NA,1,NA,1,0
"Dc14022","Dc49184",1,1,NA,NA,1,NA,1,NA,1,0
"Dc14022","Dc51020",1,1,NA,NA,1,NA,1,NA,1,0
"Dc14022","Dc52523",1,1,NA,NA,1,NA,1,NA,1,0
"Dc14022","Dc55481",1,1,NA,NA,1,NA,1,1,1,0
"Dc14022","Dc58248",1,1,NA,NA,1,NA,1,NA,1,0
"Dc14022","Dc62188",0.31824,1,NA,1,1,NA,1,NA,1,0
"Dc14022","Dc67011",1,1,1,1,1,NA,1,NA,1,0
"Dc14022","locus002",1,1,NA,NA,1,NA,1,NA,1,0
"Dc14022","locus003",0.98611,1,NA,NA,1,NA,1,NA,1,0
"Dc14022","locus004",1,1,NA,NA,1,NA,1,NA,1,0
"Dc14022","locus005",0.48514,1,NA,NA,1,NA,1,NA,1,0
"Dc14022","locus006",1,1,NA,NA,1,NA,1,1,1,0
"Dc14022","locus008",1,1,NA,NA,1,NA,1,NA,1,0
"Dc14022","locus013",0.86632,1,NA,NA,1,NA,1,NA,1,0
"Dc14022","locus014",0.8861,1,NA,NA,1,NA,1,NA,1,0
"Dc14022","locus022",1,1,NA,NA,1,NA,1,NA,1,0
"Dc14022","locus024",1,1,NA,NA,1,NA,1,NA,1,0
"Dc14022","locus025",1,1,NA,NA,1,NA,1,NA,1,0
"Dc14022","locus027",1,1,NA,1,0.866484,NA,1,NA,1,0
"Dc14022","locus030",1,1,1,NA,1,NA,1,1,1,0
"Dc14022","locus035",1,1,1,NA,1,1,1,NA,1,0
"Dc14022","locus038",0.98166,1,NA,NA,1,NA,1,NA,1,0
"Dc14022","locus039",1,1,NA,NA,1,NA,1,NA,1,0
"Dc14022","locus040",1,1,NA,NA,1,NA,1,NA,1,0
"Dc14022","locus041",1,1,NA,1,1,NA,1,NA,1,0
"Dc14022","locus045",1,1,NA,NA,1,NA,1,NA,1,0
"Dc14022","locus047",1,1,NA,NA,1,NA,1,1,1,0
"Dc14022","locus048",1,1,NA,NA,1,NA,1,1,1,0
"Dc14022","locus053",1,1,1,1,1,NA,1,NA,1,0
"Dc14022","locus055",1,1,NA,NA,1,NA,1,NA,1,0
"Dc14022","locus056",1,1,NA,NA,1,1,1,NA,1,0
"Dc14022","locus058",1,1,NA,NA,1,NA,1,NA,1,0
"Dc14022","locus060",0.93948,1,NA,NA,1,NA,1,NA,1,0
"Dc14022","locus061",1,1,NA,NA,1,NA,1,NA,1,0
"Dc14022","locus062",1,1,NA,1,1,NA,1,1,1,0
"Dc14022","locus064",0.6606,1,NA,NA,1,NA,1,NA,1,0
"Dc14022","locus065",1,1,NA,NA,1,NA,1,NA,1,0
"Dc14022","locus073",1,1,NA,NA,1,NA,1,NA,1,0
"Dc14022","locus074",1,1,NA,NA,1,NA,1,NA,1,0
"Dc14022","locus076",1,1,1,NA,1,NA,1,NA,1,0
"Dc14022","locus077",0.45905,1,NA,NA,1,NA,1,NA,1,0
"Dc14022","locus080",0.529092,1,NA,1,1,NA,1,NA,1,0
"Dc14022","locus083",1,1,NA,NA,1,NA,1,NA,1,0
"Dc14022","locus088",1,1,NA,NA,1,NA,1,NA,1,0
"Dc14022","locus093",1,1,1,NA,1,NA,1,NA,1,0
"Dc14022","locus096",1,1,1,NA,1,NA,1,NA,1,0
"Dc14022","locus098",1,1,NA,NA,1,NA,1,NA,1,0
"Dc14022","locus100",1,1,NA,NA,1,NA,1,NA,1,0
"Dc14022","locus106",1,1,NA,NA,1,NA,1,NA,1,0
"Dc14022","locus110",0.13368,1,NA,NA,NA,NA,1,NA,NA,0
"Dc14022","locus116",0.72599,1,NA,NA,1,1,1,NA,NA,0
"Dc14022","locus119",1,1,1,NA,1,NA,1,NA,NA,0
"Dc14022","locus120",1,1,NA,NA,1,NA,1,1,NA,0
"Dc14022","locus126",0.906624,1,NA,NA,1,NA,1,NA,NA,0
"Dc14022","locus128",1,1,NA,NA,1,NA,1,NA,NA,0
"Dc14022","locus129",0.36492,1,NA,NA,1,NA,1,NA,NA,0
"Dc14022","locus130",0.951488,1,NA,NA,1,NA,1,NA,NA,0
"Dc14022","locus134",1,1,NA,NA,1,1,1,NA,NA,0
"Dc14022","locus135",1,1,NA,NA,1,NA,1,NA,NA,0
"Dc14022","locus137",1,1,NA,NA,1,NA,1,NA,NA,0
"Dc14022","locus139",1,1,1,NA,1,NA,1,1,NA,0
"Dc14022","locus140",1,1,1,NA,1,NA,1,NA,NA,0
"Dc14022","locus146",1,1,NA,1,1,NA,1,NA,NA,0
"Dc14022","locus148",1,1,NA,NA,1,NA,1,NA,NA,0
"Dc14022","locus151",1,1,NA,NA,1,NA,1,NA,NA,0
"Dc14022","locus157",1,1,NA,NA,1,NA,1,NA,NA,0
"Dc14022","locus161",1,1,NA,NA,1,NA,1,1,NA,0
"Dc14022","locus165",1,1,NA,NA,1,NA,1,NA,NA,0
"Dc14022","locus170",1,1,NA,NA,1,NA,1,NA,NA,0
"Dc14022","locus176",1,1,NA,NA,1,NA,1,NA,NA,0
"Dc14022","locus184",1,1,NA,NA,1,NA,1,NA,NA,0
"Dc14022","locus186",1,1,NA,NA,1,NA,1,NA,NA,0
"Dc14022","locus188",1,1,NA,1,1,NA,1,NA,NA,0
"Dc14022","locus189",0.80326,1,1,NA,1,NA,1,NA,NA,0
"Dc14022","locus190",0.31402,1,1,NA,1,NA,1,NA,NA,0
"Dc14022","locus191",0.34441,1,1,NA,1,NA,1,NA,NA,0
"Dc14022","locus192",1,1,NA,NA,1,NA,1,NA,NA,0
"Dc14022","locus195",1,1,NA,NA,1,NA,1,NA,NA,0
"Dc14022","locus202",1,1,1,NA,1,NA,1,NA,NA,0
"Dc14022","locus210",1,1,NA,NA,1,NA,1,1,NA,0
"Dc14022","locus215",1,1,NA,NA,0.572448,NA,1,NA,NA,0
"Dc14022","locus227",1,1,1,NA,1,NA,1,NA,NA,0
"Dc14022","locus231",1,1,1,NA,1,NA,1,NA,NA,0
"Dc14022","locus235",1,1,NA,NA,1,1,1,NA,NA,0
"Dc14022","locus236",1,1,NA,NA,1,NA,1,NA,NA,0
"Dc14022","locus237",1,1,NA,NA,1,NA,1,NA,NA,0
"Dc14022","locus239",0.864208,1,NA,NA,1,NA,1,NA,NA,0
"Dc14022","locus248",1,1,NA,NA,1,NA,1,1,NA,0
"Dc14022","locus255",1,1,NA,NA,1,NA,NA,NA,NA,0
"Dc14022","locus256",1,1,1,1,1,NA,1,NA,NA,0
"Dc14022","locus263",1,1,NA,1,0.71179,NA,1,NA,NA,0
"Dc14022","locus264",1,1,1,NA,1,NA,1,NA,NA,0
"Dc14022","locus274",1,1,NA,NA,1,NA,1,NA,NA,0
"Dc14022","locus280",1,1,NA,NA,1,NA,1,1,NA,0
"Dc14022","locus282",1,1,NA,NA,1,NA,1,NA,NA,0
"Dc14022","locus286",1,1,NA,NA,1,NA,1,NA,NA,0
"Dc14022","locus291",1,1,NA,NA,1,NA,1,NA,NA,0
"Dc14022","locus296",1,1,NA,NA,1,NA,1,NA,NA,0
"Dc14022","locus301",1,1,NA,NA,1,NA,1,NA,NA,0
"Dc14022","locus314",1,1,NA,NA,1,NA,1,NA,NA,0
"Dc14022","locus321",1,1,NA,1,1,NA,1,1,NA,0
"Dc14022","locus322",1,1,NA,NA,1,NA,1,NA,NA,0
"Dc14022","locus323",0.584728,1,NA,NA,1,NA,1,NA,NA,0
"Dc14022","locus329",0.464216,1,NA,NA,1,NA,1,NA,NA,0
"Dc14022","locus332",1,1,NA,NA,1,NA,1,NA,NA,0
"Dc14022","locus349",0.185072,1,NA,NA,1,NA,1,NA,NA,0
"Dc14022","locus358",1,1,NA,1,1,NA,1,NA,NA,0
"Dc14022","locus359",1,1,NA,NA,1,NA,1,NA,NA,0
"Dc14022","locus360",1,1,NA,NA,0.579296,NA,1,NA,NA,0
"Dc14945","Dc16747",1,1,NA,1,1,NA,1,NA,1,0
"Dc14945","Dc18951",1,1,NA,NA,1,1,0.163548,NA,1,0
"Dc14945","Dc20232",1,1,NA,NA,1,1,1,NA,1,0
"Dc14945","Dc22887",1,1,NA,1,1,NA,1,NA,1,0
"Dc14945","Dc27955",0.839868,1,NA,NA,1,1,1,NA,1,0
"Dc14945","Dc28124",1,1,NA,NA,1,NA,1,NA,1,0
"Dc14945","Dc28776",1,1,NA,NA,1,NA,1,NA,1,0
"Dc14945","Dc30071",0.689962,1,NA,NA,1,1,1,1,1,0
"Dc14945","Dc31007",1,1,1,NA,1,NA,1,NA,NA,0
"Dc14945","Dc33714",1,1,1,NA,1,NA,0.921172,1,1,0
"Dc14945","Dc33907",1,1,NA,NA,1,NA,1,NA,1,0
"Dc14945","Dc34902",1,1,NA,NA,1,NA,1,NA,1,0
"Dc14945","Dc35779",1,1,NA,NA,1,1,1,NA,1,0
"Dc14945","Dc36571",1,1,NA,1,1,NA,1,NA,1,0
"Dc14945","Dc36616",0.574994,1,1,NA,1,1,1,NA,1,0
"Dc14945","Dc36767",1,1,1,NA,1,NA,1,NA,NA,0
"Dc14945","Dc40235",1,1,NA,NA,1,NA,1,NA,1,0
"Dc14945","Dc41234",1,1,NA,1,1,NA,1,NA,1,0
"Dc14945","Dc46984",1,1,NA,1,1,1,1,NA,1,0
"Dc14945","Dc47572",1,1,NA,NA,1,1,1,1,1,0
"Dc14945","Dc47935",1,1,NA,NA,1,NA,1,NA,1,0
"Dc14945","Dc48207",1,1,1,NA,1,1,1,NA,1,0
"Dc14945","Dc48950",1,1,NA,1,1,NA,0.943884,NA,1,0
"Dc14945","Dc49080",1,1,NA,1,1,NA,1,NA,1,0
"Dc14945","Dc49184",0.59158,1,NA,NA,1,NA,1,NA,1,0
"Dc14945","Dc51020",1,1,NA,NA,1,NA,1,NA,1,0
"Dc14945","Dc52523",1,1,NA,NA,1,NA,1,NA,1,0
"Dc14945","Dc55481",1,1,NA,NA,1,NA,1,1,1,0
"Dc14945","Dc58248",1,1,NA,NA,1,NA,1,NA,1,0
"Dc14945","Dc62188",1,1,NA,1,1,NA,1,NA,1,0
"Dc14945","Dc67011",1,1,1,1,1,NA,0.438228,NA,1,0
"Dc14945","locus002",1,1,NA,NA,1,NA,1,NA,1,0
"Dc14945","locus003",0.65935,1,NA,NA,1,NA,0.65935,NA,1,0
"Dc14945","locus004",1,1,NA,NA,1,NA,0.58136,NA,1,0
"Dc14945","locus005",1,1,NA,NA,1,NA,1,NA,1,0
"Dc14945","locus006",1,1,NA,NA,1,NA,1,1,1,0
"Dc14945","locus008",0.23693,1,NA,NA,1,NA,1,NA,1,0
"Dc14945","locus013",1,1,NA,NA,1,NA,0.27361,NA,1,0
"Dc14945","locus014",1,1,NA,NA,1,NA,1,NA,1,0
"Dc14945","locus022",1,1,NA,NA,1,NA,1,NA,1,0
"Dc14945","locus024",1,1,NA,NA,1,NA,1,NA,1,0
"Dc14945","locus025",1,1,NA,NA,1,NA,1,NA,1,0
"Dc14945","locus027",1,1,NA,1,1,NA,0.69678,NA,1,0
"Dc14945","locus030",1,1,1,NA,1,NA,1,1,1,0
"Dc14945","locus035",1,1,1,NA,1,1,1,NA,1,0
"Dc14945","locus038",1,1,NA,NA,1,NA,1,NA,1,0
"Dc14945","locus039",0.94928,1,NA,NA,1,NA,1,NA,1,0
"Dc14945","locus040",1,0.61782,NA,NA,1,NA,1,NA,1,0
"Dc14945","locus041",1,1,NA,1,1,NA,1,NA,1,0
"Dc14945","locus045",0.854768,1,NA,NA,1,NA,0.42429,NA,1,0
"Dc14945","locus047",1,1,NA,NA,1,NA,1,1,1,0
"Dc14945","locus048",1,1,NA,NA,1,NA,1,1,1,0
"Dc14945","locus053",1,0.773108,1,1,1,NA,0.773108,NA,1,0
"Dc14945","locus055",1,1,NA,NA,1,NA,1,NA,1,0
"Dc14945","locus056",1,1,NA,NA,1,1,1,NA,1,0
"Dc14945","locus058",1,1,NA,NA,1,NA,1,NA,1,0
"Dc14945","locus060",1,1,NA,NA,1,NA,1,NA,1,0
"Dc14945","locus061",1,1,NA,NA,1,NA,1,NA,1,0
"Dc14945","locus062",0.866124,0.866124,NA,1,1,NA,1,1,1,0
"Dc14945","locus064",1,1,NA,NA,1,NA,1,NA,1,0
"Dc14945","locus065",1,1,NA,NA,1,NA,1,NA,1,0
"Dc14945","locus073",1,1,NA,NA,1,NA,0.92308,NA,1,0
"Dc14945","locus074",1,1,NA,NA,1,NA,0.11225,NA,1,0
"Dc14945","locus076",1,1,1,NA,1,NA,1,NA,1,0
"Dc14945","locus077",0.78987,1,NA,NA,1,NA,1,NA,1,0
"Dc14945","locus080",0.72414,1,NA,1,1,NA,1,NA,1,0
"Dc14945","locus083",1,1,NA,NA,1,NA,1,NA,1,0
"Dc14945","locus088",1,1,NA,NA,1,NA,0.11723,NA,1,0
"Dc14945","locus093",0.399132,1,1,NA,1,NA,1,NA,1,0
"Dc14945","locus096",1,1,1,NA,1,NA,1,NA,1,0
"Dc14945","locus098",1,1,NA,NA,1,NA,0.26132,NA,1,0
"Dc14945","locus100",1,1,NA,NA,1,NA,1,NA,1,0
"Dc14945","locus106",1,1,NA,NA,1,NA,1,NA,1,0
"Dc14945","locus110",1,1,NA,NA,NA,NA,1,NA,NA,0
"Dc14945","locus116",0.25866,1,NA,NA,1,1,1,NA,NA,0
"Dc14945","locus119",1,1,1,NA,1,NA,1,NA,NA,0
"Dc14945","locus120",1,1,NA,NA,1,NA,1,1,NA,0
"Dc14945","locus126",1,1,NA,NA,1,NA,1,NA,NA,0
"Dc14945","locus128",1,1,NA,NA,1,NA,1,NA,NA,0
"Dc14945","locus129",1,1,NA,NA,1,NA,1,NA,NA,0
"Dc14945","locus130",0.362968,1,NA,NA,1,NA,1,NA,NA,0
"Dc14945","locus134",1,1,NA,NA,1,1,1,NA,NA,0
"Dc14945","locus135",1,1,NA,NA,1,NA,1,NA,NA,0
"Dc14945","locus137",1,1,NA,NA,1,NA,1,NA,NA,0
"Dc14945","locus139",1,1,1,NA,1,NA,1,1,NA,0
"Dc14945","locus140",1,1,1,NA,1,NA,1,NA,NA,0
"Dc14945","locus146",0.76317,1,NA,1,1,NA,1,NA,NA,0
"Dc14945","locus148",1,0.998096,NA,NA,1,NA,0.998096,NA,NA,0
"Dc14945","locus151",1,1,NA,NA,1,NA,1,NA,NA,0
"Dc14945","locus157",0.74392,1,NA,NA,1,NA,1,NA,NA,0
"Dc14945","locus161",1,1,NA,NA,1,NA,0.33477,1,NA,0
"Dc14945","locus165",1,1,NA,NA,1,NA,1,NA,NA,0
"Dc14945","locus170",0.125944,1,NA,NA,1,NA,1,NA,NA,0
"Dc14945","locus176",0.497648,1,NA,NA,1,NA,0.838176,NA,NA,0
"Dc14945","locus184",0.133208,1,NA,NA,1,NA,0.674868,NA,NA,0
"Dc14945","locus186",1,1,NA,NA,1,NA,1,NA,NA,0
"Dc14945","locus188",1,1,NA,1,1,NA,1,NA,NA,0
"Dc14945","locus189",1,1,1,NA,1,NA,1,NA,NA,0
"Dc14945","locus190",1,1,1,NA,1,NA,1,NA,NA,0
"Dc14945","locus191",1,1,1,NA,1,NA,1,NA,NA,0
"Dc14945","locus192",1,1,NA,NA,1,NA,1,NA,NA,0
"Dc14945","locus195",1,1,NA,NA,1,NA,1,NA,NA,0
"Dc14945","locus202",1,1,1,NA,1,NA,0.95361,NA,NA,0
"Dc14945","locus210",0.35472,1,NA,NA,1,NA,1,1,NA,0
"Dc14945","locus215",0.16124,1,NA,NA,1,NA,1,NA,NA,0
"Dc14945","locus227",1,1,1,NA,1,NA,1,NA,NA,0
"Dc14945","locus231",1,1,1,NA,1,NA,1,NA,NA,0
"Dc14945","locus235",1,1,NA,NA,1,1,1,NA,NA,0
"Dc14945","locus236",1,0.502432,NA,NA,1,NA,1,NA,NA,0
"Dc14945","locus237",0.939896,1,NA,NA,1,NA,1,NA,NA,0
"Dc14945","locus239",1,1,NA,NA,1,NA,1,NA,NA,0
"Dc14945","locus248",0.40247,1,NA,NA,1,NA,1,1,NA,0
"Dc14945","locus255",1,1,NA,NA,1,NA,NA,NA,NA,0
"Dc14945","locus256",1,1,1,1,1,NA,1,NA,NA,0
"Dc14945","locus263",1,1,NA,1,1,NA,1,NA,NA,0
"Dc14945","locus264",1,0.998208,1,NA,1,NA,0.21601,NA,NA,0
"Dc14945","locus274",1,1,NA,NA,1,NA,1,NA,NA,0
"Dc14945","locus280",1,1,NA,NA,1,NA,1,1,NA,0
"Dc14945","locus282",1,1,NA,NA,1,NA,0.3538,NA,NA,0
"Dc14945","locus286",0.472888,1,NA,NA,1,NA,1,NA,NA,0
"Dc14945","locus291",1,1,NA,NA,1,NA,1,NA,NA,0
"Dc14945","locus292",1,1,NA,NA,1,NA,1,NA,NA,0
"Dc14945","locus296",0.444856,1,NA,NA,1,NA,1,NA,NA,0
"Dc14945","locus301",1,1,NA,NA,1,NA,0.577936,NA,NA,0
"Dc14945","locus314",1,1,NA,NA,1,NA,1,NA,NA,0
"Dc14945","locus322",0.174872,1,NA,NA,1,NA,1,NA,NA,0
"Dc14945","locus323",1,1,NA,NA,1,NA,1,NA,NA,0
"Dc14945","locus329",1,1,NA,NA,1,NA,1,NA,NA,0
"Dc14945","locus332",1,1,NA,NA,1,NA,1,NA,NA,0
"Dc14945","locus349",0.407176,1,NA,NA,1,NA,1,NA,NA,0
"Dc14945","locus358",0.17474,1,NA,1,1,NA,1,NA,NA,0
"Dc14945","locus359",1,1,NA,NA,1,NA,1,NA,NA,0
"Dc14945","locus360",0.901952,1,NA,NA,1,NA,1,NA,NA,0
"Dc16747","Dc18951",1,1,NA,NA,1,NA,1,NA,1,0
"Dc16747","Dc20232",0.65004,1,NA,NA,1,NA,0.65004,NA,1,0
"Dc16747","Dc22883",1,1,NA,NA,1,NA,0.22231,NA,1,0
"Dc16747","Dc22887",1,1,NA,1,1,NA,1,NA,0.662904,0
"Dc16747","Dc27955",1,1,NA,NA,1,NA,1,NA,0.82955,0
"Dc16747","Dc28124",1,1,NA,NA,1,NA,0.49571,NA,1,0
"Dc16747","Dc28776",0.16995,1,NA,NA,1,NA,0.97,NA,1,0
"Dc16747","Dc30071",1,1,NA,NA,0.865344,NA,1,1,1,0
"Dc16747","Dc31007",1,1,1,NA,1,NA,1,NA,NA,0
"Dc16747","Dc33714",1,1,NA,NA,1,NA,1,1,1,0
"Dc16747","Dc33907",1,1,NA,NA,0.71925,NA,1,NA,1,0
"Dc16747","Dc34902",1,0.429744,NA,NA,1,NA,0.34811,NA,1,0
"Dc16747","Dc35779",1,1,NA,NA,1,NA,1,NA,1,0
"Dc16747","Dc36571",1,1,NA,1,1,NA,1,NA,1,0
"Dc16747","Dc36616",1,1,1,NA,1,NA,1,NA,1,0
"Dc16747","Dc36767",0.348888,0.18008,1,NA,1,NA,1,NA,NA,0
"Dc16747","Dc40235",0.51115,1,NA,NA,1,NA,1,NA,1,0
"Dc16747","Dc41234",1,1,NA,1,1,NA,1,NA,1,0
"Dc16747","Dc46984",1,1,NA,1,1,NA,0.73968,NA,1,0
"Dc16747","Dc47572",1,0.85578,NA,NA,1,NA,1,1,1,0
"Dc16747","Dc47935",1,1,NA,NA,1,NA,0.774152,NA,0.07514,0
"Dc16747","Dc48207",1,1,1,NA,1,NA,1,NA,1,0
"Dc16747","Dc48950",1,1,NA,1,1,NA,1,NA,1,0
"Dc16747","Dc49080",1,1,NA,1,1,NA,1,NA,1,0
"Dc16747","Dc49184",1,1,NA,NA,1,NA,0.47547,NA,1,0
"Dc16747","Dc51020",1,1,NA,NA,1,NA,1,NA,0.17957,0
"Dc16747","Dc52523",1,1,NA,NA,0.41921,NA,1,NA,1,0
"Dc16747","Dc55481",1,1,NA,NA,1,NA,1,1,1,0
"Dc16747","Dc58248",1,1,NA,NA,1,NA,1,NA,1,0
"Dc16747","Dc62188",1,1,1,1,1,NA,1,NA,1,0
"Dc16747","Dc67011",1,1,1,1,1,NA,1,NA,1,0
"Dc16747","locus002",1,1,NA,NA,1,NA,1,NA,0.82997,0
"Dc16747","locus003",1,1,NA,NA,1,NA,1,NA,1,0
"Dc16747","locus004",1,1,NA,NA,1,NA,1,NA,1,0
"Dc16747","locus005",1,1,NA,NA,1,NA,0.643976,NA,0.15102,0
"Dc16747","locus006",1,1,NA,NA,1,NA,1,1,1,0
"Dc16747","locus008",0.82891,1,NA,NA,1,NA,1,NA,1,0
"Dc16747","locus013",1,1,NA,NA,1,NA,1,NA,1,0
"Dc16747","locus014",1,1,NA,NA,1,NA,1,NA,1,0
"Dc16747","locus022",1,1,NA,NA,1,NA,0.65307,NA,1,0
"Dc16747","locus024",1,1,NA,NA,1,NA,1,NA,0.62165,0
"Dc16747","locus025",1,1,NA,NA,1,NA,1,NA,0.51745,0
"Dc16747","locus027",1,1,NA,1,1,NA,1,NA,1,0
"Dc16747","locus030",1,1,1,NA,1,NA,1,1,1,0
"Dc16747","locus035",1,1,1,NA,1,NA,1,NA,1,0
"Dc16747","locus038",1,1,NA,NA,1,NA,1,NA,1,0
"Dc16747","locus039",0.9894,1,NA,NA,1,NA,1,NA,1,0
"Dc16747","locus040",0.32303,0.74868,NA,NA,0.571032,NA,1,NA,1,0
"Dc16747","locus041",1,1,NA,1,1,NA,1,NA,1,0
"Dc16747","locus045",0.5161,1,NA,NA,1,NA,1,NA,1,0
"Dc16747","locus047",1,1,NA,NA,1,NA,1,1,0.724104,0
"Dc16747","locus048",1,1,NA,NA,1,NA,1,1,1,0
"Dc16747","locus053",0.127932,1,1,1,1,NA,1,NA,1,0
"Dc16747","locus055",1,0.17988,NA,NA,1,NA,1,NA,1,0
"Dc16747","locus056",0.869824,0.869824,NA,NA,0.869824,NA,0.869824,NA,0.53846,0
"Dc16747","locus058",1,1,NA,NA,1,NA,1,NA,1,0
"Dc16747","locus060",1,1,NA,NA,1,NA,1,NA,1,0
"Dc16747","locus061",1,1,1,NA,1,NA,1,NA,1,0
"Dc16747","locus062",1,1,NA,1,1,NA,1,1,1,0
"Dc16747","locus064",1,1,NA,NA,1,NA,1,NA,1,0
"Dc16747","locus065",1,0.18063,NA,NA,1,NA,1,NA,1,0
"Dc16747","locus073",1,1,NA,NA,1,NA,0.07254,NA,0.359624,0
"Dc16747","locus074",1,1,NA,NA,1,NA,1,NA,1,0
"Dc16747","locus076",1,1,1,NA,1,NA,1,NA,1,0
"Dc16747","locus077",1,1,NA,NA,1,NA,0.76364,NA,1,0
"Dc16747","locus080",1,1,NA,1,1,NA,1,NA,1,0
"Dc16747","locus083",0.95887,1,NA,NA,1,NA,1,NA,1,0
"Dc16747","locus088",1,1,NA,NA,0.71149,NA,1,NA,1,0
"Dc16747","locus093",1,1,1,NA,1,NA,1,NA,1,0
"Dc16747","locus096",1,1,1,NA,1,NA,1,NA,1,0
"Dc16747","locus098",0.75464,1,NA,NA,1,NA,0.09005,NA,1,0
"Dc16747","locus100",1,1,NA,NA,1,NA,1,NA,1,0
"Dc16747","locus106",0.71549,1,NA,NA,0.71549,NA,1,NA,1,0
"Dc16747","locus110",0.69936,1,NA,NA,NA,NA,1,NA,NA,0
"Dc16747","locus116",0.604944,1,NA,NA,1,NA,1,NA,NA,0
"Dc16747","locus119",0.999,0.999,1,NA,1,NA,1,NA,NA,0
"Dc16747","locus120",0.51708,1,NA,NA,1,NA,1,1,NA,0
"Dc16747","locus126",0.67914,1,1,NA,0.62956,NA,0.62956,NA,NA,0
"Dc16747","locus128",1,1,NA,NA,1,NA,1,NA,NA,0
"Dc16747","locus129",0.737144,1,NA,NA,1,NA,1,NA,NA,0
"Dc16747","locus130",0.869904,1,NA,NA,1,NA,1,NA,NA,0
"Dc16747","locus134",0.808688,1,NA,NA,1,NA,0.808688,NA,NA,0
"Dc16747","locus135",1,1,NA,NA,0.911712,NA,1,NA,NA,0
"Dc16747","locus137",0.769568,0.769568,NA,NA,0.769568,NA,0.769568,NA,NA,0
"Dc16747","locus139",1,1,1,NA,1,NA,1,1,NA,0
"Dc16747","locus140",1,1,1,NA,1,NA,1,NA,NA,0
"Dc16747","locus146",1,1,NA,1,0.576856,NA,0.38458,NA,NA,0
"Dc16747","locus148",1,1,NA,NA,1,NA,1,NA,NA,0
"Dc16747","locus151",0.323096,1,NA,NA,1,NA,1,NA,NA,0
"Dc16747","locus157",1,1,NA,NA,1,NA,0.51224,NA,NA,0
"Dc16747","locus161",1,1,NA,NA,1,NA,1,1,NA,0
"Dc16747","locus165",1,1,NA,NA,1,NA,1,NA,NA,0
"Dc16747","locus170",1,1,NA,NA,1,NA,1,NA,NA,0
"Dc16747","locus176",0.470202,1,NA,NA,1,NA,0.38412,NA,NA,0
"Dc16747","locus184",1,1,NA,NA,1,NA,1,NA,NA,0
"Dc16747","locus186",0.509704,1,NA,NA,1,NA,1,NA,NA,0
"Dc16747","locus188",1,1,NA,1,1,NA,1,NA,NA,0
"Dc16747","locus189",0.26396,1,1,NA,1,NA,0.17403,NA,NA,0
"Dc16747","locus190",1,1,1,NA,1,NA,0.41641,NA,NA,0
"Dc16747","locus191",0.729896,0.729896,NA,NA,1,NA,0.729896,NA,NA,0
"Dc16747","locus192",1,1,NA,NA,1,NA,0.40504,NA,NA,0
"Dc16747","locus195",0.801312,1,NA,NA,1,NA,1,NA,NA,0
"Dc16747","locus202",1,1,1,NA,1,NA,0.39903,NA,NA,0
"Dc16747","locus210",1,1,NA,NA,1,NA,1,1,NA,0
"Dc16747","locus215",1,1,NA,NA,1,NA,1,NA,NA,0
"Dc16747","locus227",0.24031,1,1,NA,1,NA,0.24031,NA,NA,0
"Dc16747","locus231",0.988356,0.988356,NA,NA,1,NA,0.951552,NA,NA,0
"Dc16747","locus235",1,1,NA,NA,1,NA,1,NA,NA,0
"Dc16747","locus236",0.913926,0.859792,NA,NA,0.913926,NA,0.913926,NA,NA,0
"Dc16747","locus237",1,1,NA,NA,1,NA,1,NA,NA,0
"Dc16747","locus239",1,0.142544,NA,NA,1,NA,1,NA,NA,0
"Dc16747","locus248",1,1,NA,NA,1,NA,1,1,NA,0
"Dc16747","locus255",0.674598,1,NA,NA,1,NA,NA,NA,NA,0
"Dc16747","locus256",1,1,1,1,1,NA,0.608124,NA,NA,0
"Dc16747","locus263",1,1,NA,1,1,NA,1,NA,NA,0
"Dc16747","locus264",1,1,1,NA,1,NA,1,NA,NA,0
"Dc16747","locus274",1,1,NA,NA,1,NA,1,NA,NA,0
"Dc16747","locus280",1,1,NA,NA,1,NA,0.62091,1,NA,0
"Dc16747","locus282",1,0.864848,NA,NA,1,NA,1,NA,NA,0
"Dc16747","locus286",1,1,NA,NA,1,NA,1,NA,NA,0
"Dc16747","locus291",1,0.426608,NA,NA,1,NA,1,NA,NA,0
"Dc16747","locus292",1,1,NA,NA,1,NA,1,NA,NA,0
"Dc16747","locus296",1,1,NA,NA,1,NA,1,NA,NA,0
"Dc16747","locus301",1,1,NA,NA,1,NA,0.55532,NA,NA,0
"Dc16747","locus314",1,1,NA,NA,1,NA,1,NA,NA,0
"Dc16747","locus321",1,1,NA,1,1,NA,0.279852,1,NA,0
"Dc16747","locus322",1,1,NA,NA,1,NA,1,NA,NA,0
"Dc16747","locus323",0.395776,1,NA,NA,1,NA,1,NA,NA,0
"Dc16747","locus329",1,1,NA,NA,0.22912,NA,1,NA,NA,0
"Dc16747","locus332",1,1,NA,NA,1,NA,1,NA,NA,0
"Dc16747","locus349",1,1,NA,NA,1,NA,0.468736,NA,NA,0
"Dc16747","locus358",1,1,NA,1,1,NA,1,NA,NA,0
"Dc16747","locus359",1,1,NA,NA,1,NA,1,NA,NA,0
"Dc16747","locus360",1,1,NA,NA,1,NA,1,NA,NA,0
"Dc18951","Dc20232",1,1,NA,NA,1,1,1,NA,1,0
"Dc18951","Dc22883",0.86955,1,NA,NA,1,NA,1,NA,1,0
"Dc18951","Dc22887",0.471432,1,NA,1,1,NA,1,NA,1,0
"Dc18951","Dc27955",0.387156,1,NA,NA,1,1,1,NA,1,0
"Dc18951","Dc28124",1,1,NA,NA,1,NA,1,NA,1,0
"Dc18951","Dc28776",1,1,NA,NA,1,NA,1,NA,1,0
"Dc18951","Dc30071",1,1,NA,NA,1,1,0.82201,1,0.82201,0
"Dc18951","Dc31007",1,1,1,NA,1,NA,1,NA,NA,0
"Dc18951","Dc33714",1,1,NA,NA,1,NA,1,1,1,0
"Dc18951","Dc33907",1,1,NA,NA,1,NA,1,NA,1,0
"Dc18951","Dc34902",1,1,NA,NA,1,NA,1,NA,1,0
"Dc18951","Dc35779",0.61326,1,NA,NA,1,1,1,NA,1,0
"Dc18951","Dc36571",0.762072,1,NA,1,1,NA,1,NA,1,0
"Dc18951","Dc36616",1,1,1,NA,1,1,1,NA,1,0
"Dc18951","Dc36767",1,1,1,NA,1,NA,1,NA,NA,0
"Dc18951","Dc40235",1,1,NA,NA,1,NA,0.42806,NA,1,0
"Dc18951","Dc41234",1,1,NA,1,1,NA,1,NA,1,0
"Dc18951","Dc46984",1,1,1,1,1,1,0.500624,NA,1,0
"Dc18951","Dc47572",1,1,NA,NA,1,1,1,1,1,0
"Dc18951","Dc47935",1,1,NA,NA,1,NA,1,NA,1,0
"Dc18951","Dc48207",1,1,1,NA,1,1,1,NA,1,0
"Dc18951","Dc48950",1,1,NA,1,1,NA,1,NA,1,0
"Dc18951","Dc49080",1,0.861192,NA,1,1,NA,1,NA,1,0
"Dc18951","Dc49184",1,1,NA,NA,1,NA,1,NA,1,0
"Dc18951","Dc51020",0.721984,1,NA,NA,1,NA,1,NA,0.24529,0
"Dc18951","Dc52523",1,1,NA,NA,1,NA,1,NA,1,0
"Dc18951","Dc55481",0.651996,1,NA,NA,1,NA,1,1,1,0
"Dc18951","Dc58248",1,1,NA,NA,1,NA,1,NA,1,0
"Dc18951","Dc62188",1,0.861432,NA,1,1,NA,1,NA,1,0
"Dc18951","Dc67011",1,1,1,1,1,NA,1,NA,1,0
"Dc18951","locus002",1,1,NA,NA,1,NA,0.84281,NA,1,0
"Dc18951","locus004",1,1,NA,NA,1,NA,1,NA,1,0
"Dc18951","locus005",1,1,NA,NA,0.573096,NA,1,NA,0.465,0
"Dc18951","locus006",1,1,NA,NA,0.857472,NA,1,1,1,0
"Dc18951","locus008",0.774336,0.71596,NA,NA,1,NA,1,NA,1,0
"Dc18951","locus013",1,0.29165,NA,NA,1,NA,0.384976,NA,1,0
"Dc18951","locus014",1,1,NA,NA,1,NA,1,NA,1,0
"Dc18951","locus022",1,1,NA,NA,1,NA,1,NA,1,0
"Dc18951","locus024",1,1,NA,NA,1,NA,1,NA,1,0
"Dc18951","locus025",0.703056,1,1,NA,1,NA,1,NA,1,0
"Dc18951","locus027",1,1,1,1,1,NA,1,NA,1,0
"Dc18951","locus030",1,1,1,NA,1,NA,1,1,0.223454,0
"Dc18951","locus035",1,1,1,NA,1,1,0.656082,NA,1,0
"Dc18951","locus038",1,1,NA,NA,1,NA,1,NA,1,0
"Dc18951","locus039",1,1,NA,NA,1,NA,1,NA,1,0
"Dc18951","locus040",1,1,NA,NA,1,NA,1,NA,1,0
"Dc18951","locus041",1,1,NA,1,1,NA,1,NA,1,0
"Dc18951","locus045",0.39271,1,NA,NA,0.567776,NA,1,NA,1,0
"Dc18951","locus047",1,1,NA,NA,1,NA,1,1,0.854712,0
"Dc18951","locus048",1,1,NA,NA,1,NA,1,1,0.859224,0
"Dc18951","locus055",1,1,NA,NA,1,NA,0.33183,NA,0.960488,0
"Dc18951","locus056",1,1,NA,NA,1,1,1,NA,1,0
"Dc18951","locus058",1,1,NA,NA,0.65702,NA,0.65702,NA,0.91539,0
"Dc18951","locus060",1,1,NA,NA,1,NA,0.69096,NA,1,0
"Dc18951","locus061",1,1,NA,NA,1,NA,1,NA,1,0
"Dc18951","locus062",1,1,NA,1,1,NA,1,1,1,0
"Dc18951","locus064",1,1,NA,NA,1,NA,1,NA,1,0
"Dc18951","locus065",0.588,1,NA,NA,1,NA,1,NA,1,0
"Dc18951","locus073",1,1,NA,NA,1,NA,1,NA,1,0
"Dc18951","locus074",1,1,NA,NA,1,NA,1,NA,1,0
"Dc18951","locus076",0.55356,1,1,NA,1,NA,1,NA,1,0
"Dc18951","locus077",1,1,NA,NA,1,NA,1,NA,1,0
"Dc18951","locus080",1,1,NA,1,1,NA,1,NA,1,0
"Dc18951","locus083",0.17827,1,NA,NA,1,NA,1,NA,1,0
"Dc18951","locus088",1,1,NA,NA,1,NA,1,NA,1,0
"Dc18951","locus093",0.77814,1,1,NA,1,NA,1,NA,0.77814,0
"Dc18951","locus096",1,1,1,NA,1,NA,1,NA,1,0
"Dc18951","locus098",1,1,NA,NA,1,NA,1,NA,1,0
"Dc18951","locus100",0.67381,1,NA,NA,1,NA,1,NA,1,0
"Dc18951","locus106",1,1,NA,NA,1,NA,1,NA,1,0
"Dc18951","locus110",1,1,NA,NA,NA,NA,1,NA,NA,0
"Dc18951","locus116",1,1,NA,NA,1,1,1,NA,NA,0
"Dc18951","locus119",1,1,NA,NA,1,NA,1,NA,NA,0
"Dc18951","locus120",0.1162,1,NA,NA,1,NA,1,1,NA,0
"Dc18951","locus126",1,1,NA,NA,1,NA,1,NA,NA,0
"Dc18951","locus128",1,1,NA,NA,1,NA,1,NA,NA,0
"Dc18951","locus129",1,1,NA,NA,1,NA,1,NA,NA,0
"Dc18951","locus130",1,1,NA,NA,1,NA,0.13904,NA,NA,0
"Dc18951","locus134",1,1,NA,NA,1,1,1,NA,NA,0
"Dc18951","locus135",1,1,NA,NA,1,NA,1,NA,NA,0
"Dc18951","locus137",0.464624,1,NA,NA,1,NA,1,NA,NA,0
"Dc18951","locus139",0.31737,1,1,NA,1,NA,0.10032,1,NA,0
"Dc18951","locus140",0.247368,1,1,NA,1,NA,0.08799,NA,NA,0
"Dc18951","locus146",1,1,NA,1,1,NA,1,NA,NA,0
"Dc18951","locus148",1,1,NA,NA,1,NA,0.182872,NA,NA,0
"Dc18951","locus151",1,1,NA,NA,1,NA,1,NA,NA,0
"Dc18951","locus161",1,1,NA,NA,1,NA,1,1,NA,0
"Dc18951","locus165",1,1,NA,NA,1,NA,1,NA,NA,0
"Dc18951","locus170",0.172544,1,NA,NA,1,NA,1,NA,NA,0
"Dc18951","locus176",1,0.688134,NA,NA,1,NA,0.081784,NA,NA,0
"Dc18951","locus184",1,1,NA,NA,1,NA,0.314752,NA,NA,0
"Dc18951","locus186",1,1,NA,NA,1,NA,1,NA,NA,0
"Dc18951","locus188",0.37493,1,NA,1,1,NA,1,NA,NA,0
"Dc18951","locus189",1,1,1,NA,1,NA,1,NA,NA,0
"Dc18951","locus190",1,1,1,NA,1,NA,1,NA,NA,0
"Dc18951","locus191",1,1,NA,NA,1,NA,1,NA,NA,0
"Dc18951","locus192",1,0.565832,NA,NA,1,NA,1,NA,NA,0
"Dc18951","locus195",0.572816,1,NA,NA,0.572816,NA,1,NA,NA,0
"Dc18951","locus202",1,1,NA,NA,1,NA,1,NA,NA,0
"Dc18951","locus210",1,0.802104,NA,NA,0.802104,NA,0.45618,1,NA,0
"Dc18951","locus227",1,1,1,NA,1,NA,1,NA,NA,0
"Dc18951","locus231",1,1,NA,NA,0.574208,NA,0.599292,NA,NA,0
"Dc18951","locus235",1,1,NA,NA,1,1,1,NA,NA,0
"Dc18951","locus236",0.161904,1,NA,NA,1,NA,1,NA,NA,0
"Dc18951","locus237",1,1,NA,NA,1,NA,1,NA,NA,0
"Dc18951","locus239",1,1,NA,NA,1,NA,1,NA,NA,0
"Dc18951","locus248",1,1,NA,NA,0.71516,NA,1,1,NA,0
"Dc18951","locus255",1,1,NA,NA,1,NA,NA,NA,NA,0
"Dc18951","locus256",0.24726,1,NA,1,0.57312,NA,0.791412,NA,NA,0
"Dc18951","locus263",1,1,NA,1,1,NA,1,NA,NA,0
"Dc18951","locus264",1,1,NA,NA,1,NA,1,NA,NA,0
"Dc18951","locus274",1,1,NA,NA,1,NA,1,NA,NA,0
"Dc18951","locus280",1,1,NA,NA,1,NA,0.14067,1,NA,0
"Dc18951","locus282",1,1,NA,NA,1,NA,1,NA,NA,0
"Dc18951","locus286",0.604904,1,NA,NA,1,NA,1,NA,NA,0
"Dc18951","locus291",1,1,NA,NA,1,NA,1,NA,NA,0
"Dc18951","locus292",0.882632,1,NA,NA,1,NA,1,NA,NA,0
"Dc18951","locus296",1,1,NA,NA,1,NA,1,NA,NA,0
"Dc18951","locus301",0.05487,1,1,NA,1,NA,1,NA,NA,0
"Dc18951","locus314",1,1,NA,NA,1,NA,0.307688,NA,NA,0
"Dc18951","locus321",0.924936,0.99578,NA,1,1,NA,1,1,NA,0
"Dc18951","locus322",1,1,NA,NA,0.11528,NA,0.709704,NA,NA,0
"Dc18951","locus323",0.757752,1,NA,NA,1,NA,1,NA,NA,0
"Dc18951","locus329",1,1,NA,NA,1,NA,1,NA,NA,0
"Dc18951","locus332",1,1,NA,NA,1,NA,1,NA,NA,0
"Dc18951","locus349",0.768832,1,NA,NA,1,NA,0.768832,NA,NA,0
"Dc18951","locus358",1,1,NA,1,1,NA,1,NA,NA,0
"Dc18951","locus359",1,1,NA,NA,1,NA,1,NA,NA,0
"Dc18951","locus360",1,1,NA,NA,1,NA,1,NA,NA,0
"Dc20232","Dc22883",1,0.83015,NA,NA,1,NA,1,NA,1,0
"Dc20232","Dc22887",1,1,NA,1,1,NA,1,NA,1,0
"Dc20232","Dc27955",0.97328,1,NA,NA,1,NA,1,NA,1,0
"Dc20232","Dc28124",0.46451,1,NA,NA,1,NA,0.72908,NA,0.72908,0
"Dc20232","Dc28776",0.79372,1,NA,NA,1,NA,1,NA,0.38534,0
"Dc20232","Dc30071",1,1,NA,NA,1,NA,1,1,1,0
"Dc20232","Dc31007",0.41614,0.57052,1,NA,1,NA,1,NA,NA,0
"Dc20232","Dc33714",0.85962,1,NA,NA,1,NA,0.41118,1,1,0
"Dc20232","Dc33907",1,1,NA,NA,1,NA,0.43291,NA,1,0
"Dc20232","Dc34902",1,1,NA,NA,1,NA,1,NA,1,0
"Dc20232","Dc35779",1,1,NA,NA,1,1,1,NA,1,0
"Dc20232","Dc36571",1,1,NA,1,1,NA,1,NA,1,0
"Dc20232","Dc36616",1,1,1,NA,1,1,1,NA,1,0
"Dc20232","Dc36767",1,1,1,NA,1,NA,1,NA,NA,0
"Dc20232","Dc40235",1,1,NA,NA,1,NA,1,NA,1,0
"Dc20232","Dc41234",1,1,NA,1,1,NA,1,NA,1,0
"Dc20232","Dc46984",1,1,1,1,1,1,1,NA,1,0
"Dc20232","Dc47572",1,1,NA,NA,1,1,1,1,1,0
"Dc20232","Dc47935",1,1,NA,NA,1,NA,1,NA,1,0
"Dc20232","Dc48207",1,1,1,NA,1,1,1,NA,1,0
"Dc20232","Dc48950",1,1,NA,1,1,NA,0.46722,NA,1,0
"Dc20232","Dc49080",1,1,NA,1,1,NA,1,NA,1,0
"Dc20232","Dc49184",1,1,NA,NA,1,NA,0.44479,NA,0.73196,0
"Dc20232","Dc51020",1,1,NA,NA,1,NA,1,NA,1,0
"Dc20232","Dc52523",0.61767,1,NA,NA,1,NA,1,NA,1,0
"Dc20232","Dc55481",1,1,NA,NA,1,NA,1,1,1,0
"Dc20232","Dc58248",1,1,NA,NA,1,NA,1,NA,1,0
"Dc20232","Dc62188",1,1,NA,1,1,NA,1,NA,1,0
"Dc20232","Dc67011",1,1,1,1,1,NA,1,NA,1,0
"Dc20232","locus002",1,1,1,NA,1,NA,1,NA,1,0
"Dc20232","locus003",1,1,NA,NA,1,NA,1,NA,1,0
"Dc20232","locus004",1,0.876066,NA,NA,0.70982,NA,0.70982,NA,1,0
"Dc20232","locus005",1,1,NA,NA,1,1,1,NA,1,0
"Dc20232","locus006",1,1,NA,NA,1,NA,1,1,1,0
"Dc20232","locus008",1,1,NA,NA,1,NA,0.75657,NA,1,0
"Dc20232","locus013",1,1,NA,NA,1,NA,1,NA,1,0
"Dc20232","locus014",1,1,NA,NA,1,NA,1,NA,1,0
"Dc20232","locus022",0.38526,0.924096,NA,NA,1,NA,0.38526,NA,0.891852,0
"Dc20232","locus024",1,0.72142,NA,NA,1,NA,1,NA,1,0
"Dc20232","locus025",1,1,NA,NA,1,NA,1,NA,1,0
"Dc20232","locus027",1,1,NA,1,1,NA,1,NA,1,0
"Dc20232","locus030",1,1,1,NA,1,NA,1,1,1,0
"Dc20232","locus035",1,1,1,NA,1,1,1,NA,1,0
"Dc20232","locus038",1,1,NA,NA,1,NA,1,NA,1,0
"Dc20232","locus039",0.738144,1,NA,NA,1,NA,0.1509,NA,1,0
"Dc20232","locus040",1,1,NA,NA,1,NA,1,NA,1,0
"Dc20232","locus041",1,1,NA,1,1,NA,1,NA,1,0
"Dc20232","locus045",1,0.0893,NA,NA,1,NA,1,NA,1,0
"Dc20232","locus047",1,1,NA,NA,1,NA,1,1,1,0
"Dc20232","locus048",1,1,NA,NA,1,NA,1,1,1,0
"Dc20232","locus053",0.078408,1,NA,1,1,NA,0.51441,NA,1,0
"Dc20232","locus055",1,1,NA,NA,1,NA,1,NA,1,0
"Dc20232","locus056",1,0.433592,NA,NA,1,NA,0.32268,NA,1,0
"Dc20232","locus058",1,1,NA,NA,1,NA,1,NA,1,0
"Dc20232","locus060",1,1,NA,NA,0.568088,NA,0.31547,NA,1,0
"Dc20232","locus061",1,1,NA,NA,1,NA,1,NA,0.07142,0
"Dc20232","locus062",1,1,NA,1,1,NA,1,1,0.197274,0
"Dc20232","locus064",1,1,NA,NA,1,NA,1,NA,1,0
"Dc20232","locus065",1,1,NA,NA,1,NA,1,NA,1,0
"Dc20232","locus073",1,1,NA,NA,0.71458,NA,1,NA,1,0
"Dc20232","locus074",0.852048,0.852048,NA,NA,1,NA,1,NA,0.18534,0
"Dc20232","locus076",0.422184,1,1,NA,1,NA,1,NA,1,0
"Dc20232","locus077",0.63214,1,NA,NA,1,NA,0.673232,NA,1,0
"Dc20232","locus080",1,1,NA,1,1,NA,0.948696,NA,1,0
"Dc20232","locus083",1,1,NA,NA,1,NA,1,NA,1,0
"Dc20232","locus088",1,1,NA,NA,1,NA,1,NA,1,0
"Dc20232","locus093",1,1,1,NA,1,NA,1,NA,1,0
"Dc20232","locus096",1,1,1,NA,1,NA,1,NA,0.540264,0
"Dc20232","locus098",0.463968,1,NA,NA,1,NA,0.2026,NA,1,0
"Dc20232","locus100",1,1,NA,NA,1,NA,1,NA,1,0
"Dc20232","locus106",1,1,NA,NA,1,NA,1,NA,0.91489,0
"Dc20232","locus110",0.95511,1,NA,NA,NA,NA,0.95511,NA,NA,0
"Dc20232","locus116",1,1,NA,NA,1,1,0.94961,NA,NA,0
"Dc20232","locus119",1,1,NA,NA,1,NA,1,NA,NA,0
"Dc20232","locus120",1,1,NA,NA,0.69256,NA,0.69256,1,NA,0
"Dc20232","locus126",1,1,NA,NA,1,NA,1,NA,NA,0
"Dc20232","locus128",1,1,NA,NA,1,NA,0.299616,NA,NA,0
"Dc20232","locus129",1,1,NA,NA,0.853194,NA,0.615536,NA,NA,0
"Dc20232","locus130",1,0.425952,NA,NA,1,NA,1,NA,NA,0
"Dc20232","locus134",1,1,1,NA,1,1,1,NA,NA,0
"Dc20232","locus135",1,1,NA,NA,1,NA,1,NA,NA,0
"Dc20232","locus137",0.919744,0.851816,NA,NA,0.860208,NA,0.919744,NA,NA,0
"Dc20232","locus139",1,1,1,NA,1,NA,1,1,NA,0
"Dc20232","locus140",0.8996,1,1,NA,1,NA,1,NA,NA,0
"Dc20232","locus146",1,1,NA,1,1,NA,1,NA,NA,0
"Dc20232","locus148",1,1,NA,NA,1,NA,1,NA,NA,0
"Dc20232","locus151",1,1,NA,NA,1,NA,1,NA,NA,0
"Dc20232","locus157",0.612008,1,NA,NA,1,NA,1,NA,NA,0
"Dc20232","locus161",1,1,NA,NA,1,NA,1,1,NA,0
"Dc20232","locus165",1,1,NA,NA,1,NA,0.924912,NA,NA,0
"Dc20232","locus170",1,1,NA,NA,1,NA,1,NA,NA,0
"Dc20232","locus176",1,1,NA,NA,1,NA,1,NA,NA,0
"Dc20232","locus184",1,1,NA,NA,1,NA,1,NA,NA,0
"Dc20232","locus186",0.877232,1,NA,NA,1,NA,1,NA,NA,0
"Dc20232","locus188",1,0.37063,NA,1,0.567928,NA,1,NA,NA,0
"Dc20232","locus189",1,1,1,NA,1,NA,1,NA,NA,0
"Dc20232","locus190",1,0.71,1,NA,1,NA,0.71,NA,NA,0
"Dc20232","locus191",1,1,NA,NA,0.57752,NA,1,NA,NA,0
"Dc20232","locus192",0.872272,1,NA,NA,1,NA,0.872272,NA,NA,0
"Dc20232","locus195",0.726192,1,NA,NA,1,NA,1,NA,NA,0
"Dc20232","locus202",0.519384,1,NA,NA,1,NA,1,NA,NA,0
"Dc20232","locus210",0.692616,0.856808,1,NA,0.71108,NA,1,1,NA,0
"Dc20232","locus215",0.29512,1,NA,NA,1,NA,1,NA,NA,0
"Dc20232","locus227",0.16013,1,1,NA,1,NA,1,NA,NA,0
"Dc20232","locus231",1,1,NA,NA,1,NA,1,NA,NA,0
"Dc20232","locus235",1,1,NA,NA,1,1,1,NA,NA,0
"Dc20232","locus236",1,1,NA,NA,1,NA,1,NA,NA,0
"Dc20232","locus237",1,1,NA,NA,1,NA,1,NA,NA,0
"Dc20232","locus239",1,0.420144,NA,NA,0.85722,NA,0.420144,NA,NA,0
"Dc20232","locus248",1,1,NA,NA,1,NA,1,1,NA,0
"Dc20232","locus255",0.858564,0.858564,NA,NA,0.858564,NA,NA,NA,NA,0
"Dc20232","locus256",1,1,NA,1,1,NA,1,NA,NA,0
"Dc20232","locus263",1,1,NA,1,1,NA,1,NA,NA,0
"Dc20232","locus264",1,1,NA,NA,1,NA,0.95696,NA,NA,0
"Dc20232","locus274",1,1,NA,NA,1,NA,1,NA,NA,0
"Dc20232","locus280",0.373,0.373,NA,NA,0.970276,NA,0.2129,0.970276,NA,0
"Dc20232","locus282",0.149152,1,NA,NA,1,NA,1,NA,NA,0
"Dc20232","locus286",1,1,NA,NA,1,NA,1,NA,NA,0
"Dc20232","locus291",1,1,NA,NA,1,NA,1,NA,NA,0
"Dc20232","locus292",0.938396,0.146016,NA,NA,0.42447,NA,0.938396,NA,NA,0
"Dc20232","locus296",0.73557,0.436336,NA,NA,0.73557,NA,0.832762,NA,NA,0
"Dc20232","locus301",1,1,NA,NA,1,NA,1,NA,NA,0
"Dc20232","locus314",1,1,NA,NA,1,NA,1,NA,NA,0
"Dc20232","locus321",0.84313,1,NA,1,1,NA,0.463332,1,NA,0
"Dc20232","locus322",0.426832,0.877944,NA,NA,0.877944,NA,0.877944,NA,NA,0
"Dc20232","locus323",0.753088,1,NA,NA,1,NA,1,NA,NA,0
"Dc20232","locus329",1,1,NA,NA,0.56792,NA,1,NA,NA,0
"Dc20232","locus332",1,0.141448,NA,NA,1,NA,1,NA,NA,0
"Dc20232","locus349",1,1,NA,NA,1,NA,1,NA,NA,0
"Dc20232","locus358",1,1,NA,1,1,NA,1,NA,NA,0
"Dc20232","locus359",1,1,NA,NA,1,NA,1,NA,NA,0
"Dc20232","locus360",1,1,NA,NA,1,1,1,NA,NA,0
"Dc22883","Dc22887",1,1,NA,1,1,NA,1,NA,1,0
"Dc22883","Dc27955",1,1,NA,NA,1,NA,1,NA,1,0
"Dc22883","Dc28124",1,1,NA,NA,1,NA,1,NA,1,0
"Dc22883","Dc28776",1,1,NA,NA,1,NA,0.22604,NA,1,0
"Dc22883","Dc30071",1,1,NA,NA,1,NA,1,NA,1,0
"Dc22883","Dc31007",1,1,1,NA,1,NA,1,NA,NA,0
"Dc22883","Dc33907",0.55242,1,NA,NA,1,NA,1,NA,1,0
"Dc22883","Dc34902",1,1,NA,NA,1,NA,0.27451,NA,1,0
"Dc22883","Dc35779",1,1,NA,NA,1,1,1,NA,1,0
"Dc22883","Dc36571",1,1,NA,1,1,NA,1,NA,1,0
"Dc22883","Dc36616",1,1,1,NA,1,1,1,NA,1,0
"Dc22883","Dc36767",0.606072,1,0.999216,NA,1,NA,0.5011,NA,NA,0
"Dc22883","Dc40235",1,1,NA,NA,1,NA,1,NA,1,0
"Dc22883","Dc41234",1,1,NA,1,1,NA,1,NA,1,0
"Dc22883","Dc46984",1,1,1,1,1,1,1,NA,1,0
"Dc22883","Dc47572",1,1,NA,NA,0.55863,1,0.334416,NA,1,0
"Dc22883","Dc47935",0.60286,0.707392,NA,NA,1,NA,1,NA,1,0
"Dc22883","Dc48207",1,1,1,NA,1,1,0.958328,NA,1,0
"Dc22883","Dc48950",1,1,NA,1,1,NA,1,NA,1,0
"Dc22883","Dc49080",1,1,NA,1,1,NA,1,NA,1,0
"Dc22883","Dc49184",1,1,NA,NA,1,NA,1,NA,1,0
"Dc22883","Dc52523",1,0.90969,NA,NA,1,NA,1,NA,1,0
"Dc22883","Dc55481",1,1,NA,NA,1,NA,1,NA,1,0
"Dc22883","Dc58248",0.835344,0.835344,NA,NA,0.835344,NA,0.74569,NA,0.835344,0
"Dc22883","Dc62188",0.733956,1,NA,1,1,NA,1,NA,1,0
"Dc22883","Dc67011",1,1,1,1,1,NA,1,NA,1,0
"Dc22883","locus002",1,1,1,NA,1,NA,1,NA,1,0
"Dc22883","locus003",1,1,NA,NA,1,NA,1,NA,1,0
"Dc22883","locus004",1,1,NA,NA,1,NA,1,NA,1,0
"Dc22883","locus005",1,1,NA,NA,1,1,1,NA,1,0
"Dc22883","locus006",1,1,NA,NA,1,NA,1,NA,1,0
"Dc22883","locus008",1,1,NA,NA,1,NA,1,NA,1,0
"Dc22883","locus013",0.97927,1,NA,NA,1,NA,1,NA,1,0
"Dc22883","locus014",1,1,NA,NA,1,NA,1,NA,1,0
"Dc22883","locus022",1,1,NA,NA,0.58014,NA,1,NA,1,0
"Dc22883","locus024",1,1,NA,NA,1,NA,1,NA,1,0
"Dc22883","locus025",0.25244,1,NA,NA,1,NA,1,NA,1,0
"Dc22883","locus027",0.091344,1,NA,1,1,NA,1,NA,1,0
"Dc22883","locus030",1,1,1,NA,1,NA,1,NA,1,0
"Dc22883","locus035",1,1,1,NA,1,1,0.326704,NA,0.672432,0
"Dc22883","locus038",1,1,NA,NA,0.28169,NA,1,NA,1,0
"Dc22883","locus039",1,1,NA,NA,1,NA,1,NA,1,0
"Dc22883","locus040",0.21757,1,NA,NA,1,NA,1,NA,1,0
"Dc22883","locus041",1,1,NA,1,1,NA,1,NA,1,0
"Dc22883","locus045",1,1,NA,NA,1,NA,1,NA,1,0
"Dc22883","locus047",1,1,NA,NA,1,NA,1,NA,1,0
"Dc22883","locus048",1,1,NA,NA,1,NA,1,NA,1,0
"Dc22883","locus053",1,1,NA,0.85446,1,NA,0.85446,NA,1,0
"Dc22883","locus055",0.67439,1,NA,NA,1,NA,1,NA,1,0
"Dc22883","locus058",1,1,NA,NA,1,NA,1,NA,1,0
"Dc22883","locus060",1,0.35514,NA,NA,1,NA,1,NA,1,0
"Dc22883","locus061",1,1,NA,NA,1,NA,0.80548,NA,1,0
"Dc22883","locus062",1,1,NA,1,1,NA,1,NA,1,0
"Dc22883","locus064",1,1,NA,NA,1,NA,1,NA,1,0
"Dc22883","locus065",1,1,NA,NA,1,NA,1,NA,1,0
"Dc22883","locus073",0.66232,1,NA,NA,1,NA,1,NA,0.10332,0
"Dc22883","locus074",1,1,NA,NA,1,NA,0.70937,NA,0.70937,0
"Dc22883","locus076",0.79966,0.210852,1,NA,1,NA,1,NA,1,0
"Dc22883","locus077",0.22018,1,NA,NA,1,NA,1,NA,1,0
"Dc22883","locus080",1,1,NA,1,1,NA,1,NA,1,0
"Dc22883","locus083",1,1,NA,NA,1,NA,1,NA,1,0
"Dc22883","locus088",1,1,NA,NA,1,NA,0.1049,NA,1,0
"Dc22883","locus093",1,1,1,NA,1,NA,1,NA,1,0
"Dc22883","locus096",1,1,1,NA,1,NA,1,NA,1,0
"Dc22883","locus098",1,1,NA,NA,1,NA,1,NA,1,0
"Dc22883","locus100",1,1,NA,NA,1,NA,1,NA,0.27692,0
"Dc22883","locus106",1,1,NA,NA,1,NA,1,NA,1,0
"Dc22883","locus110",1,1,NA,NA,NA,NA,1,NA,NA,0
"Dc22883","locus116",1,1,NA,NA,1,1,1,NA,NA,0
"Dc22883","locus119",1,1,NA,NA,0.849972,NA,0.601752,NA,NA,0
"Dc22883","locus120",0.1672,1,NA,NA,1,NA,1,NA,NA,0
"Dc22883","locus126",1,1,NA,NA,1,NA,1,NA,NA,0
"Dc22883","locus128",1,1,NA,NA,1,NA,1,NA,NA,0
"Dc22883","locus130",1,1,NA,NA,1,NA,1,NA,NA,0
"Dc22883","locus134",1,1,1,NA,1,1,1,NA,NA,0
"Dc22883","locus135",1,1,NA,NA,1,NA,0.504776,NA,NA,0
"Dc22883","locus137",0.3068,1,NA,NA,1,NA,1,NA,NA,0
"Dc22883","locus139",0.14783,1,1,NA,1,NA,1,NA,NA,0
"Dc22883","locus140",0.13742,1,1,NA,1,NA,1,NA,NA,0
"Dc22883","locus146",1,1,NA,1,1,NA,1,NA,NA,0
"Dc22883","locus148",1,1,NA,NA,1,NA,1,NA,NA,0
"Dc22883","locus151",1,1,NA,NA,1,NA,1,NA,NA,0
"Dc22883","locus157",1,1,NA,NA,1,NA,0.294408,NA,NA,0
"Dc22883","locus161",1,1,NA,NA,1,NA,1,NA,NA,0
"Dc22883","locus165",0.82221,0.622824,NA,NA,1,NA,1,NA,NA,0
"Dc22883","locus170",1,1,NA,NA,1,NA,1,NA,NA,0
"Dc22883","locus176",0.727944,1,NA,NA,1,NA,1,NA,NA,0
"Dc22883","locus184",0.699832,1,NA,NA,0.873462,NA,1,NA,NA,0
"Dc22883","locus186",1,1,NA,NA,1,NA,1,NA,NA,0
"Dc22883","locus188",1,1,NA,1,1,NA,0.77133,NA,NA,0
"Dc22883","locus189",1,1,1,NA,1,NA,0.05563,NA,NA,0
"Dc22883","locus190",1,1,1,NA,1,NA,1,NA,NA,0
"Dc22883","locus191",1,1,NA,NA,1,NA,1,NA,NA,0
"Dc22883","locus192",1,1,NA,NA,1,NA,1,NA,NA,0
"Dc22883","locus195",1,1,NA,NA,1,NA,1,NA,NA,0
"Dc22883","locus202",0.544608,1,NA,NA,1,NA,0.391272,NA,NA,0
"Dc22883","locus210",1,1,1,NA,1,NA,1,NA,NA,0
"Dc22883","locus215",1,1,NA,NA,1,NA,1,NA,NA,0
"Dc22883","locus227",1,1,1,NA,1,NA,1,NA,NA,0
"Dc22883","locus231",1,1,NA,NA,1,NA,0.891448,NA,NA,0
"Dc22883","locus235",1,1,NA,NA,1,1,1,NA,NA,0
"Dc22883","locus236",0.139496,1,NA,NA,1,NA,1,NA,NA,0
"Dc22883","locus237",0.408712,1,NA,NA,0.408712,NA,1,NA,NA,0
"Dc22883","locus239",1,1,NA,NA,1,NA,1,NA,NA,0
"Dc22883","locus248",1,1,NA,NA,1,NA,1,NA,NA,0
"Dc22883","locus255",0.934782,0.934782,NA,NA,1,NA,NA,NA,NA,0
"Dc22883","locus256",0.30314,1,NA,1,1,NA,0.372344,NA,NA,0
"Dc22883","locus263",1,1,NA,1,1,NA,0.66666,NA,NA,0
"Dc22883","locus264",0.199344,0.9694,NA,NA,1,NA,0.952194,NA,NA,0
"Dc22883","locus274",0.935454,0.47068,NA,NA,1,NA,1,NA,NA,0
"Dc22883","locus280",0.233248,1,NA,NA,1,NA,0.692796,NA,NA,0
"Dc22883","locus282",0.869656,0.869656,NA,NA,0.453928,NA,0.772878,NA,NA,0
"Dc22883","locus286",0.625072,1,NA,NA,1,NA,1,NA,NA,0
"Dc22883","locus291",1,1,NA,NA,0.862794,NA,0.43936,NA,NA,0
"Dc22883","locus292",1,0.61568,NA,NA,1,NA,0.61568,NA,NA,0
"Dc22883","locus296",1,1,NA,NA,1,NA,0.749752,NA,NA,0
"Dc22883","locus301",0.450592,1,NA,NA,1,NA,1,NA,NA,0
"Dc22883","locus314",0.918912,1,NA,NA,1,NA,1,NA,NA,0
"Dc22883","locus321",1,1,NA,1,1,NA,1,NA,NA,0
"Dc22883","locus322",1,0.285808,NA,NA,1,NA,1,NA,NA,0
"Dc22883","locus323",0.321432,0.856308,NA,NA,1,NA,1,NA,NA,0
"Dc22883","locus329",1,1,NA,NA,1,NA,1,NA,NA,0
"Dc22883","locus332",1,0.617128,NA,NA,1,NA,1,NA,NA,0
"Dc22883","locus349",0.378056,1,NA,NA,1,NA,1,NA,NA,0
"Dc22883","locus358",1,1,NA,1,1,NA,1,NA,NA,0
"Dc22883","locus359",1,1,NA,NA,1,NA,1,NA,NA,0
"Dc22883","locus360",0.75541,1,NA,NA,1,1,1,NA,NA,0
"Dc22887","Dc27955",0.386112,1,NA,1,1,NA,0.386112,NA,1,0
"Dc22887","Dc28124",1,1,NA,NA,1,NA,1,NA,0.76945,0
"Dc22887","Dc28776",1,1,NA,NA,1,NA,1,NA,1,0
"Dc22887","Dc30071",1,1,NA,NA,1,NA,1,1,1,0
"Dc22887","Dc31007",1,1,1,NA,1,NA,1,NA,NA,0
"Dc22887","Dc33714",1,1,NA,NA,1,NA,1,1,1,0
"Dc22887","Dc33907",1,1,NA,NA,0.71279,NA,0.71279,NA,1,0
"Dc22887","Dc34902",1,1,NA,NA,1,NA,1,NA,1,0
"Dc22887","Dc35779",1,1,NA,NA,1,1,0.4817,NA,0.455724,0
"Dc22887","Dc36571",1,0.57834,NA,1,1,NA,1,NA,1,0
"Dc22887","Dc36616",1,1,1,NA,1,1,1,NA,1,0
"Dc22887","Dc36767",1,1,1,NA,1,NA,1,NA,NA,0
"Dc22887","Dc40235",1,1,NA,NA,1,1,1,NA,1,0
"Dc22887","Dc41234",1,1,NA,NA,1,NA,1,NA,1,0
"Dc22887","Dc46984",1,1,NA,1,1,NA,1,NA,1,0
"Dc22887","Dc47572",1,1,NA,NA,1,1,1,1,1,0
"Dc22887","Dc47935",1,1,1,NA,1,NA,0.24264,NA,1,0
"Dc22887","Dc48207",1,1,1,NA,1,1,1,NA,1,0
"Dc22887","Dc48950",1,1,NA,1,1,NA,1,NA,1,0
"Dc22887","Dc49080",1,1,NA,1,1,NA,1,NA,1,0
"Dc22887","Dc49184",1,1,NA,NA,1,1,1,NA,1,0
"Dc22887","Dc51020",1,1,NA,NA,1,NA,1,NA,1,0
"Dc22887","Dc52523",1,1,NA,NA,1,1,0.662388,NA,1,0
"Dc22887","Dc55481",1,1,NA,NA,1,NA,1,1,1,0
"Dc22887","Dc58248",0.96896,0.96896,NA,NA,1,NA,1,NA,0.25428,0
"Dc22887","Dc62188",0.54804,1,NA,1,1,NA,1,NA,1,0
"Dc22887","Dc67011",1,1,1,1,1,1,1,NA,0.549392,0
"Dc22887","locus002",1,0.283128,NA,NA,1,NA,1,1,0.67174,0
"Dc22887","locus005",1,1,NA,NA,1,NA,0.28604,NA,0.847632,0
"Dc22887","locus006",1,1,NA,NA,1,NA,1,1,1,0
"Dc22887","locus008",0.06653,1,NA,NA,1,NA,1,NA,1,0
"Dc22887","locus013",1,1,NA,NA,0.857988,1,1,NA,1,0
"Dc22887","locus014",0.629028,0.713864,NA,NA,0.23494,NA,0.267968,NA,0.713864,0
"Dc22887","locus022",1,1,NA,NA,1,NA,1,NA,1,0
"Dc22887","locus024",1,1,NA,NA,1,NA,1,NA,1,0
"Dc22887","locus025",0.773262,1,NA,NA,0.24446,NA,1,NA,0.316872,0
"Dc22887","locus027",1,1,NA,NA,1,NA,1,NA,1,0
"Dc22887","locus030",1,0.496258,1,NA,1,1,1,1,0.435888,0
"Dc22887","locus035",1,1,1,NA,1,1,1,NA,1,0
"Dc22887","locus038",1,1,1,NA,1,NA,1,NA,1,0
"Dc22887","locus039",1,1,NA,NA,1,NA,1,NA,1,0
"Dc22887","locus040",1,1,NA,NA,1,NA,1,NA,1,0
"Dc22887","locus041",0.611856,1,NA,1,1,NA,1,NA,1,0
"Dc22887","locus045",0.72241,1,NA,NA,1,NA,1,NA,1,0
"Dc22887","locus047",1,1,NA,NA,0.571176,NA,0.991088,1,0.571176,0
"Dc22887","locus048",1,1,NA,NA,1,NA,1,1,1,0
"Dc22887","locus053",1,1,NA,1,1,NA,1,NA,1,0
"Dc22887","locus055",1,1,NA,NA,1,NA,1,NA,1,0
"Dc22887","locus056",1,1,NA,NA,1,NA,1,NA,1,0
"Dc22887","locus058",1,1,NA,NA,1,NA,1,NA,1,0
"Dc22887","locus060",0.25503,0.426176,NA,NA,0.666076,NA,1,NA,0.426176,0
"Dc22887","locus062",1,1,NA,1,1,NA,0.6181,1,1,0
"Dc22887","locus064",0.23479,1,NA,NA,0.23479,1,0.109068,NA,0.23479,0
"Dc22887","locus065",1,1,NA,NA,1,NA,0.84864,NA,1,0
"Dc22887","locus073",1,1,NA,NA,1,NA,1,NA,1,0
"Dc22887","locus074",0.76912,1,NA,NA,1,NA,1,NA,1,0
"Dc22887","locus076",1,0.566616,1,NA,0.566616,NA,1,NA,1,0
"Dc22887","locus077",0.67353,0.966084,NA,NA,0.67353,NA,0.966084,NA,0.966084,0
"Dc22887","locus080",1,1,NA,NA,1,NA,1,NA,1,0
"Dc22887","locus083",1,1,NA,NA,1,NA,1,NA,1,0
"Dc22887","locus088",0.86085,1,NA,NA,1,NA,1,NA,1,0
"Dc22887","locus093",1,1,1,NA,1,NA,1,NA,1,0
"Dc22887","locus096",1,1,1,NA,1,1,1,NA,1,0
"Dc22887","locus098",0.36251,1,NA,NA,1,NA,1,NA,1,0
"Dc22887","locus100",1,1,NA,NA,1,NA,1,NA,1,0
"Dc22887","locus106",0.18702,1,NA,NA,1,NA,1,NA,1,0
"Dc22887","locus110",1,1,NA,NA,NA,NA,1,NA,NA,0
"Dc22887","locus116",1,1,NA,NA,1,NA,1,NA,NA,0
"Dc22887","locus119",1,1,NA,NA,1,NA,1,NA,NA,0
"Dc22887","locus120",1,1,NA,NA,1,NA,1,1,NA,0
"Dc22887","locus126",1,1,NA,NA,0.576416,NA,1,NA,NA,0
"Dc22887","locus128",1,1,NA,NA,1,NA,1,NA,NA,0
"Dc22887","locus129",1,1,NA,NA,1,NA,1,NA,NA,0
"Dc22887","locus130",1,1,NA,NA,1,NA,1,NA,NA,0
"Dc22887","locus134",1,1,NA,NA,1,1,1,NA,NA,0
"Dc22887","locus135",1,1,NA,NA,1,NA,0.776512,NA,NA,0
"Dc22887","locus137",1,1,NA,NA,0.189232,NA,1,NA,NA,0
"Dc22887","locus139",1,1,1,NA,1,NA,1,1,NA,0
"Dc22887","locus140",1,1,1,NA,1,NA,1,NA,NA,0
"Dc22887","locus146",1,1,NA,1,1,NA,0.17367,NA,NA,0
"Dc22887","locus148",1,1,NA,NA,1,NA,1,NA,NA,0
"Dc22887","locus151",1,1,NA,NA,1,1,1,NA,NA,0
"Dc22887","locus157",0.510504,1,NA,NA,1,NA,1,NA,NA,0
"Dc22887","locus161",1,1,NA,NA,1,NA,1,0.72138,NA,0
"Dc22887","locus165",1,1,NA,NA,1,NA,0.947184,NA,NA,0
"Dc22887","locus170",0.319104,1,NA,NA,1,NA,1,NA,NA,0
"Dc22887","locus176",1,1,NA,NA,1,NA,1,NA,NA,0
"Dc22887","locus184",1,1,NA,NA,1,NA,1,NA,NA,0
"Dc22887","locus186",1,1,NA,NA,1,NA,1,NA,NA,0
"Dc22887","locus188",1,1,NA,NA,1,NA,1,NA,NA,0
"Dc22887","locus189",0.25485,1,1,NA,1,NA,1,NA,NA,0
"Dc22887","locus190",1,1,1,NA,1,NA,1,NA,NA,0
"Dc22887","locus191",1,1,NA,1,1,NA,1,NA,NA,0
"Dc22887","locus192",1,1,NA,NA,1,NA,1,NA,NA,0
"Dc22887","locus195",1,1,NA,NA,1,NA,1,NA,NA,0
"Dc22887","locus202",1,1,NA,NA,0.17944,NA,0.17944,NA,NA,0
"Dc22887","locus210",1,1,NA,NA,1,NA,1,1,NA,0
"Dc22887","locus215",1,1,NA,NA,1,NA,0.409928,NA,NA,0
"Dc22887","locus227",1,1,1,NA,1,NA,1,NA,NA,0
"Dc22887","locus231",0.546384,1,NA,NA,1,NA,1,NA,NA,0
"Dc22887","locus235",1,0.861276,NA,NA,1,NA,0.311408,NA,NA,0
"Dc22887","locus236",1,1,NA,NA,1,NA,1,NA,NA,0
"Dc22887","locus237",1,1,NA,NA,1,NA,1,NA,NA,0
"Dc22887","locus248",1,1,NA,NA,1,NA,1,1,NA,0
"Dc22887","locus255",1,1,NA,NA,1,NA,NA,NA,NA,0
"Dc22887","locus256",0.50572,0.7518,NA,1,1,NA,0.726744,NA,NA,0
"Dc22887","locus263",1,1,NA,1,1,NA,0.78982,NA,NA,0
"Dc22887","locus264",0.159032,1,NA,NA,0.427938,NA,1,NA,NA,0
"Dc22887","locus274",1,1,NA,NA,1,NA,1,NA,NA,0
"Dc22887","locus280",1,1,NA,NA,1,NA,1,1,NA,0
"Dc22887","locus282",1,1,1,NA,1,NA,1,NA,NA,0
"Dc22887","locus286",0.363832,0.502396,NA,NA,1,NA,0.363832,NA,NA,0
"Dc22887","locus291",1,1,NA,NA,1,NA,1,NA,NA,0
"Dc22887","locus292",0.102328,1,NA,NA,1,NA,1,NA,NA,0
"Dc22887","locus296",0.13836,1,NA,NA,0.142458,NA,1,NA,NA,0
"Dc22887","locus301",1,1,NA,NA,1,NA,1,NA,NA,0
"Dc22887","locus314",1,1,NA,1,1,NA,1,NA,NA,0
"Dc22887","locus321",1,1,NA,1,1,NA,1,1,NA,0
"Dc22887","locus322",0.976848,0.42872,NA,NA,1,NA,0.668814,NA,NA,0
"Dc22887","locus323",0.436304,1,NA,NA,1,NA,1,NA,NA,0
"Dc22887","locus329",0.407192,1,NA,NA,1,NA,1,NA,NA,0
"Dc22887","locus332",1,1,NA,NA,1,1,1,NA,NA,0
"Dc22887","locus349",1,1,NA,NA,1,NA,1,NA,NA,0
"Dc22887","locus358",1,1,NA,1,1,NA,1,NA,NA,0
"Dc22887","locus359",1,0.425472,NA,NA,1,NA,0.937524,NA,NA,0
"Dc22887","locus360",1,1,1,NA,1,1,1,NA,NA,0
"Dc27955","Dc28124",1,0.18182,NA,NA,1,NA,1,NA,1,0
"Dc27955","Dc28776",1,1,NA,NA,1,NA,1,NA,1,0
"Dc27955","Dc30071",0.11239,1,NA,NA,1,NA,1,NA,1,0
"Dc27955","Dc31007",0.12614,1,1,NA,1,NA,1,NA,NA,0
"Dc27955","Dc33714",0.22015,1,NA,NA,1,NA,1,NA,1,0
"Dc27955","Dc33907",1,1,NA,NA,1,NA,1,NA,1,0
"Dc27955","Dc34902",1,1,NA,NA,1,NA,1,NA,1,0
"Dc27955","Dc35779",1,1,NA,NA,1,1,1,NA,1,0
"Dc27955","Dc36571",1,1,NA,1,1,NA,1,NA,0.281496,0
"Dc27955","Dc36616",0.384636,1,1,NA,1,1,1,NA,1,0
"Dc27955","Dc36767",1,1,1,NA,0.28433,NA,1,NA,NA,0
"Dc27955","Dc40235",1,1,NA,NA,1,1,1,NA,1,0
"Dc27955","Dc41234",0.06348,1,NA,NA,1,NA,0.373096,NA,1,0
"Dc27955","Dc46984",1,1,NA,1,1,NA,1,NA,1,0
"Dc27955","Dc47572",1,1,NA,NA,1,1,1,NA,1,0
"Dc27955","Dc47935",1,1,NA,NA,1,NA,1,NA,1,0
"Dc27955","Dc48207",1,1,1,NA,1,1,1,NA,1,0
"Dc27955","Dc48950",1,1,NA,1,0.354312,NA,1,NA,1,0
"Dc27955","Dc49080",0.49266,1,NA,1,1,NA,1,NA,0.8293,0
"Dc27955","Dc49184",1,1,NA,NA,1,1,1,NA,1,0
"Dc27955","Dc51020",1,1,NA,NA,1,NA,1,NA,1,0
"Dc27955","Dc52523",1,1,NA,NA,1,1,0.470472,NA,1,0
"Dc27955","Dc55481",1,1,NA,NA,1,NA,1,NA,1,0
"Dc27955","Dc58248",0.85397,1,NA,NA,1,NA,1,NA,1,0
"Dc27955","Dc62188",0.704652,1,NA,1,1,NA,1,NA,1,0
"Dc27955","Dc67011",1,1,1,1,1,1,1,NA,1,0
"Dc27955","locus002",1,1,NA,NA,1,NA,1,NA,1,0
"Dc27955","locus004",0.73749,1,NA,NA,1,NA,1,NA,0.995616,0
"Dc27955","locus005",1,1,NA,NA,1,NA,1,NA,1,0
"Dc27955","locus006",1,1,NA,NA,1,NA,0.74085,NA,1,0
"Dc27955","locus008",1,1,NA,NA,1,NA,1,NA,1,0
"Dc27955","locus014",0.857862,0.855328,NA,NA,0.857862,NA,0.23546,NA,1,0
"Dc27955","locus022",1,1,NA,NA,1,NA,1,NA,1,0
"Dc27955","locus024",1,1,NA,NA,1,NA,0.973328,NA,0.82305,0
"Dc27955","locus025",1,1,NA,NA,1,NA,0.56069,NA,1,0
"Dc27955","locus027",1,1,NA,NA,1,NA,1,NA,1,0
"Dc27955","locus030",1,1,1,NA,1,1,0.357238,NA,1,0
"Dc27955","locus035",1,1,1,NA,1,1,1,NA,1,0
"Dc27955","locus038",1,1,1,NA,1,NA,1,NA,1,0
"Dc27955","locus039",1,1,NA,NA,1,NA,1,NA,1,0
"Dc27955","locus040",1,1,NA,NA,1,NA,1,NA,1,0
"Dc27955","locus041",1,1,NA,1,1,NA,1,NA,1,0
"Dc27955","locus045",1,1,NA,NA,1,NA,0.83426,NA,1,0
"Dc27955","locus047",1,1,NA,NA,1,NA,0.8175,NA,1,0
"Dc27955","locus048",1,1,NA,NA,1,NA,1,NA,1,0
"Dc27955","locus053",1,1,NA,1,1,NA,0.378468,NA,1,0
"Dc27955","locus055",0.70903,1,NA,NA,1,NA,1,NA,1,0
"Dc27955","locus056",1,1,NA,NA,1,NA,1,NA,1,0
"Dc27955","locus058",1,1,NA,NA,1,NA,1,NA,1,0
"Dc27955","locus060",1,1,NA,NA,1,NA,1,NA,1,0
"Dc27955","locus061",0.25764,1,NA,NA,1,NA,1,NA,1,0
"Dc27955","locus062",1,1,NA,1,1,NA,1,NA,1,0
"Dc27955","locus064",0.567492,1,NA,NA,1,1,1,NA,1,0
"Dc27955","locus065",1,1,NA,NA,1,NA,1,NA,1,0
"Dc27955","locus073",0.81636,1,NA,NA,1,NA,1,NA,1,0
"Dc27955","locus074",0.873124,0.746358,NA,NA,0.56397,NA,0.56397,NA,0.873124,0
"Dc27955","locus076",1,0.639744,1,NA,1,NA,1,NA,1,0
"Dc27955","locus077",1,1,NA,NA,1,NA,1,NA,1,0
"Dc27955","locus080",0.90929,0.90929,NA,NA,1,NA,1,NA,1,0
"Dc27955","locus083",0.60639,1,NA,NA,1,NA,1,NA,1,0
"Dc27955","locus088",1,1,NA,NA,1,NA,1,NA,1,0
"Dc27955","locus093",1,1,1,NA,1,NA,1,NA,1,0
"Dc27955","locus096",1,1,1,NA,1,1,1,NA,1,0
"Dc27955","locus098",1,1,NA,NA,1,NA,1,NA,0.23764,0
"Dc27955","locus100",1,1,NA,NA,1,NA,1,NA,0.48137,0
"Dc27955","locus106",1,1,NA,NA,1,NA,1,NA,1,0
"Dc27955","locus110",0.178092,0.798952,NA,NA,NA,NA,1,NA,NA,0
"Dc27955","locus116",1,1,NA,NA,1,NA,1,NA,NA,0
"Dc27955","locus119",0.844332,1,NA,NA,1,NA,0.442288,NA,NA,0
"Dc27955","locus120",0.649864,1,NA,NA,1,NA,1,NA,NA,0
"Dc27955","locus126",1,1,NA,NA,1,NA,1,NA,NA,0
"Dc27955","locus128",1,1,NA,NA,1,NA,1,NA,NA,0
"Dc27955","locus129",1,1,NA,NA,1,NA,0.50656,NA,NA,0
"Dc27955","locus130",1,1,NA,NA,1,NA,1,NA,NA,0
"Dc27955","locus134",1,1,NA,NA,0.5835,1,1,NA,NA,0
"Dc27955","locus135",0.996272,1,NA,NA,1,NA,0.996272,NA,NA,0
"Dc27955","locus137",0.524416,0.748512,NA,NA,1,NA,1,NA,NA,0
"Dc27955","locus139",1,1,1,NA,1,NA,1,NA,NA,0
"Dc27955","locus140",1,1,1,NA,1,NA,1,NA,NA,0
"Dc27955","locus146",1,1,NA,1,1,NA,1,NA,NA,0
"Dc27955","locus151",1,1,NA,NA,1,1,0.79333,NA,NA,0
"Dc27955","locus157",1,1,NA,NA,1,NA,1,NA,NA,0
"Dc27955","locus161",1,1,NA,NA,1,NA,1,NA,NA,0
"Dc27955","locus165",1,1,NA,NA,1,NA,1,NA,NA,0
"Dc27955","locus170",1,1,NA,NA,1,NA,1,NA,NA,0
"Dc27955","locus176",1,1,NA,NA,1,NA,0.224984,NA,NA,0
"Dc27955","locus184",1,1,NA,NA,1,NA,1,NA,NA,0
"Dc27955","locus186",1,1,NA,NA,0.915016,NA,1,NA,NA,0
"Dc27955","locus188",1,1,NA,NA,1,NA,1,NA,NA,0
"Dc27955","locus189",0.80559,1,1,NA,1,NA,1,NA,NA,0
"Dc27955","locus190",1,1,1,NA,1,NA,1,NA,NA,0
"Dc27955","locus191",1,1,NA,1,1,NA,1,NA,NA,0
"Dc27955","locus192",0.314648,1,NA,NA,0.849816,NA,1,NA,NA,0
"Dc27955","locus195",1,1,NA,NA,1,NA,1,NA,NA,0
"Dc27955","locus202",1,1,NA,NA,1,NA,0.318344,NA,NA,0
"Dc27955","locus210",0.908368,1,NA,NA,1,NA,1,NA,NA,0
"Dc27955","locus227",1,1,1,NA,1,NA,1,NA,NA,0
"Dc27955","locus231",1,1,NA,NA,1,NA,1,NA,NA,0
"Dc27955","locus235",1,1,NA,NA,1,NA,1,NA,NA,0
"Dc27955","locus236",0.450512,0.643506,NA,NA,1,NA,1,NA,NA,0
"Dc27955","locus237",1,1,NA,NA,1,NA,1,NA,NA,0
"Dc27955","locus239",1,1,NA,NA,1,NA,1,NA,NA,0
"Dc27955","locus248",1,1,NA,NA,1,NA,1,NA,NA,0
"Dc27955","locus255",0.825952,0.64176,NA,NA,1,NA,NA,NA,NA,0
"Dc27955","locus256",1,1,NA,1,1,NA,1,NA,NA,0
"Dc27955","locus263",1,1,NA,1,1,NA,1,NA,NA,0
"Dc27955","locus264",1,1,NA,NA,1,NA,1,NA,NA,0
"Dc27955","locus274",1,1,NA,NA,1,NA,1,NA,NA,0
"Dc27955","locus280",0.76768,1,NA,NA,1,NA,1,NA,NA,0
"Dc27955","locus282",1,1,1,NA,1,NA,1,NA,NA,0
"Dc27955","locus286",1,1,NA,NA,1,NA,1,NA,NA,0
"Dc27955","locus291",1,1,NA,NA,1,NA,1,NA,NA,0
"Dc27955","locus292",1,1,NA,NA,1,NA,1,NA,NA,0
"Dc27955","locus296",1,1,NA,NA,1,NA,1,NA,NA,0
"Dc27955","locus301",1,0.140192,NA,NA,1,NA,1,NA,NA,0
"Dc27955","locus314",1,1,NA,1,1,NA,0.75136,NA,NA,0
"Dc27955","locus321",1,1,NA,1,1,NA,1,NA,NA,0
"Dc27955","locus322",1,1,NA,NA,1,NA,1,NA,NA,0
"Dc27955","locus323",1,1,NA,NA,0.230536,NA,1,NA,NA,0
"Dc27955","locus329",1,1,NA,NA,1,NA,0.63652,NA,NA,0
"Dc27955","locus332",1,1,NA,NA,1,1,1,NA,NA,0
"Dc27955","locus349",1,1,NA,NA,1,NA,1,NA,NA,0
"Dc27955","locus358",1,1,NA,1,1,NA,1,NA,NA,0
"Dc27955","locus360",1,1,NA,NA,1,1,1,NA,NA,0
"Dc28124","Dc28776",1,1,NA,NA,1,NA,1,NA,1,0
"Dc28124","Dc30071",1,1,NA,NA,1,NA,1,1,1,0
"Dc28124","Dc31007",1,1,1,NA,1,NA,1,NA,NA,0
"Dc28124","Dc33714",1,1,NA,NA,0.855864,NA,1,1,1,0
"Dc28124","Dc33907",1,1,NA,NA,1,NA,0.73667,NA,1,0
"Dc28124","Dc34902",1,1,NA,NA,1,NA,1,NA,1,0
"Dc28124","Dc35779",1,1,NA,NA,1,1,1,NA,1,0
"Dc28124","Dc36571",1,1,NA,1,1,NA,1,NA,1,0
"Dc28124","Dc36616",1,1,1,NA,1,1,1,NA,1,0
"Dc28124","Dc36767",1,1,1,NA,1,NA,1,NA,NA,0
"Dc28124","Dc40235",1,1,NA,NA,1,1,1,NA,1,0
"Dc28124","Dc46984",1,1,NA,NA,1,NA,0.54074,NA,1,0
"Dc28124","Dc47572",1,1,NA,NA,0.770352,NA,1,1,0.770352,0
"Dc28124","Dc47935",1,1,NA,NA,1,NA,0.82771,NA,1,0
"Dc28124","Dc48207",1,1,1,NA,1,1,1,NA,1,0
"Dc28124","Dc48950",1,1,NA,1,1,NA,0.682512,NA,1,0
"Dc28124","Dc49080",1,1,NA,1,1,NA,0.976992,NA,1,0
"Dc28124","Dc49184",1,1,NA,NA,1,NA,0.44582,NA,1,0
"Dc28124","Dc51020",1,1,NA,NA,1,NA,1,NA,1,0
"Dc28124","Dc52523",1,1,NA,NA,1,NA,1,NA,1,0
"Dc28124","Dc55481",0.68748,1,NA,NA,1,NA,1,1,1,0
"Dc28124","Dc58248",1,1,NA,NA,1,NA,1,NA,1,0
"Dc28124","Dc62188",0.956354,1,NA,1,1,1,1,NA,0.956354,0
"Dc28124","Dc67011",1,1,1,1,1,1,1,NA,1,0
"Dc28124","locus002",1,1,NA,NA,1,NA,1,1,1,0
"Dc28124","locus003",1,1,NA,NA,1,NA,1,NA,1,0
"Dc28124","locus004",1,1,NA,NA,1,NA,1,NA,1,0
"Dc28124","locus005",1,1,NA,NA,1,NA,0.8081,NA,1,0
"Dc28124","locus006",1,1,NA,NA,1,NA,0.697944,1,1,0
"Dc28124","locus008",1,1,NA,NA,1,NA,1,NA,1,0
"Dc28124","locus013",1,1,NA,NA,1,NA,1,NA,1,0
"Dc28124","locus014",1,1,NA,NA,1,NA,1,NA,1,0
"Dc28124","locus022",0.20888,1,NA,NA,1,NA,0.31272,NA,1,0
"Dc28124","locus024",1,1,NA,NA,1,NA,1,NA,1,0
"Dc28124","locus025",0.759708,1,NA,NA,1,1,1,NA,1,0
"Dc28124","locus030",1,1,1,NA,1,1,1,1,1,0
"Dc28124","locus035",1,1,1,NA,1,1,1,NA,1,0
"Dc28124","locus038",1,1,1,NA,1,NA,1,NA,1,0
"Dc28124","locus039",1,1,NA,NA,1,NA,0.07562,NA,1,0
"Dc28124","locus040",1,1,NA,NA,1,NA,1,NA,1,0
"Dc28124","locus041",0.069036,1,NA,1,1,NA,1,NA,1,0
"Dc28124","locus045",1,1,NA,NA,1,1,0.210996,NA,1,0
"Dc28124","locus047",1,1,NA,NA,1,NA,1,1,1,0
"Dc28124","locus048",1,1,NA,NA,1,NA,1,1,1,0
"Dc28124","locus053",1,1,NA,1,1,NA,1,NA,1,0
"Dc28124","locus055",1,1,NA,NA,1,NA,1,NA,1,0
"Dc28124","locus056",0.45227,1,NA,NA,1,NA,1,NA,1,0
"Dc28124","locus058",1,1,NA,NA,1,NA,1,NA,1,0
"Dc28124","locus060",1,1,NA,NA,1,NA,1,NA,1,0
"Dc28124","locus061",1,1,NA,NA,1,NA,1,NA,1,0
"Dc28124","locus062",1,1,NA,1,1,NA,1,1,1,0
"Dc28124","locus064",0.53313,1,NA,NA,1,NA,1,NA,1,0
"Dc28124","locus065",1,1,NA,NA,1,NA,1,NA,1,0
"Dc28124","locus073",0.88627,1,NA,NA,1,NA,1,NA,1,0
"Dc28124","locus074",0.888176,0.888176,NA,NA,1,NA,1,NA,0.77593,0
"Dc28124","locus076",1,0.650448,1,NA,1,NA,1,NA,1,0
"Dc28124","locus077",1,1,NA,NA,1,NA,1,NA,1,0
"Dc28124","locus080",1,1,NA,NA,1,1,1,NA,1,0
"Dc28124","locus083",1,1,NA,NA,1,NA,1,NA,0.95906,0
"Dc28124","locus088",1,1,NA,NA,1,NA,1,NA,0.32146,0
"Dc28124","locus093",1,1,1,NA,1,NA,1,NA,1,0
"Dc28124","locus096",0.205176,1,1,NA,1,NA,1,NA,1,0
"Dc28124","locus098",1,1,NA,NA,1,NA,1,NA,1,0
"Dc28124","locus100",0.415784,1,NA,NA,1,NA,0.33713,NA,1,0
"Dc28124","locus106",1,1,NA,NA,1,NA,1,NA,1,0
"Dc28124","locus110",1,1,NA,NA,NA,NA,1,NA,NA,0
"Dc28124","locus116",1,1,NA,NA,1,NA,1,NA,NA,0
"Dc28124","locus119",0.285168,1,NA,NA,1,NA,1,NA,NA,0
"Dc28124","locus120",1,1,NA,NA,1,NA,1,1,NA,0
"Dc28124","locus126",1,1,NA,NA,1,NA,1,NA,NA,0
"Dc28124","locus128",1,1,NA,NA,1,NA,1,NA,NA,0
"Dc28124","locus129",1,1,NA,NA,1,NA,1,NA,NA,0
"Dc28124","locus130",0.169088,1,NA,NA,0.99867,NA,1,NA,NA,0
"Dc28124","locus134",1,1,NA,NA,1,1,1,NA,NA,0
"Dc28124","locus135",1,1,NA,NA,1,NA,1,NA,NA,0
"Dc28124","locus137",1,0.992504,NA,NA,1,NA,1,NA,NA,0
"Dc28124","locus139",0.788172,1,1,NA,1,NA,1,1,NA,0
"Dc28124","locus140",0.65488,1,1,NA,1,NA,1,NA,NA,0
"Dc28124","locus146",1,1,NA,1,1,NA,1,NA,NA,0
"Dc28124","locus151",1,1,NA,NA,1,1,1,NA,NA,0
"Dc28124","locus157",1,1,NA,NA,1,NA,1,NA,NA,0
"Dc28124","locus161",1,1,NA,NA,1,NA,0.51661,1,NA,0
"Dc28124","locus165",1,1,NA,NA,1,NA,1,NA,NA,0
"Dc28124","locus170",1,1,NA,NA,1,NA,0.759168,NA,NA,0
"Dc28124","locus176",1,1,NA,NA,1,NA,0.837456,NA,NA,0
"Dc28124","locus184",1,1,NA,NA,1,1,1,NA,NA,0
"Dc28124","locus186",1,1,NA,NA,1,NA,0.286072,NA,NA,0
"Dc28124","locus188",0.850912,0.99466,NA,NA,1,NA,0.850912,NA,NA,0
"Dc28124","locus189",1,1,1,NA,1,NA,1,NA,NA,0
"Dc28124","locus190",1,1,1,NA,1,NA,1,NA,NA,0
"Dc28124","locus191",1,1,NA,1,1,NA,1,NA,NA,0
"Dc28124","locus192",1,1,NA,NA,1,NA,0.771728,NA,NA,0
"Dc28124","locus195",1,1,NA,NA,1,NA,1,NA,NA,0
"Dc28124","locus202",0.857176,1,NA,NA,1,NA,1,NA,NA,0
"Dc28124","locus210",1,1,NA,NA,1,NA,1,1,NA,0
"Dc28124","locus215",0.366896,0.92906,NA,NA,0.428022,NA,0.92906,NA,NA,0
"Dc28124","locus227",1,1,1,NA,1,NA,1,NA,NA,0
"Dc28124","locus231",1,1,NA,NA,1,NA,1,NA,NA,0
"Dc28124","locus235",1,1,NA,NA,1,NA,1,NA,NA,0
"Dc28124","locus236",1,0.86168,NA,NA,1,NA,1,NA,NA,0
"Dc28124","locus237",0.66128,1,NA,NA,1,NA,1,NA,NA,0
"Dc28124","locus248",1,1,NA,NA,1,NA,1,1,NA,0
"Dc28124","locus255",0.391158,0.427488,NA,NA,1,NA,NA,NA,NA,0
"Dc28124","locus256",1,1,NA,1,1,NA,1,NA,NA,0
"Dc28124","locus263",1,1,NA,1,0.71501,NA,1,NA,NA,0
"Dc28124","locus264",1,1,NA,NA,1,1,1,NA,NA,0
"Dc28124","locus274",1,1,NA,NA,1,NA,1,NA,NA,0
"Dc28124","locus280",1,1,NA,NA,1,1,1,1,NA,0
"Dc28124","locus282",0.16937,1,1,NA,1,NA,1,NA,NA,0
"Dc28124","locus286",1,1,NA,NA,1,NA,0.449272,NA,NA,0
"Dc28124","locus291",1,1,NA,NA,1,NA,1,NA,NA,0
"Dc28124","locus292",1,1,NA,NA,1,NA,0.177384,NA,NA,0
"Dc28124","locus296",1,1,NA,NA,1,NA,0.739592,NA,NA,0
"Dc28124","locus301",1,0.143344,NA,NA,1,NA,1,NA,NA,0
"Dc28124","locus314",1,1,NA,1,1,NA,1,NA,NA,0
"Dc28124","locus321",1,1,NA,1,1,NA,1,1,NA,0
"Dc28124","locus322",1,1,NA,NA,1,NA,1,NA,NA,0
"Dc28124","locus323",1,1,NA,NA,1,NA,1,NA,NA,0
"Dc28124","locus329",1,1,NA,NA,1,1,0.98333,NA,NA,0
"Dc28124","locus332",1,1,NA,NA,1,NA,1,NA,NA,0
"Dc28124","locus349",0.878142,1,NA,NA,0.878142,NA,0.202392,NA,NA,0
"Dc28124","locus358",1,1,NA,1,1,NA,0.62802,NA,NA,0
"Dc28124","locus359",0.509624,1,NA,NA,1,NA,1,NA,NA,0
"Dc28124","locus360",0.391144,1,NA,NA,0.428082,NA,1,NA,NA,0
"Dc28776","Dc30071",1,1,NA,NA,1,NA,1,1,1,0
"Dc28776","Dc31007",1,1,1,NA,1,NA,1,NA,NA,0
"Dc28776","Dc33714",1,1,NA,NA,1,NA,1,1,1,0
"Dc28776","Dc33907",1,1,NA,NA,1,NA,1,NA,1,0
"Dc28776","Dc34902",1,1,NA,NA,1,NA,1,NA,1,0
"Dc28776","Dc35779",1,1,NA,NA,1,1,0.815352,NA,1,0
"Dc28776","Dc36571",0.163668,1,NA,0.9986,1,NA,1,NA,1,0
"Dc28776","Dc36616",1,1,1,NA,1,1,1,NA,1,0
"Dc28776","Dc36767",1,1,1,NA,1,NA,1,NA,NA,0
"Dc28776","Dc40235",1,1,NA,NA,1,1,1,NA,1,0
"Dc28776","Dc41234",1,1,NA,NA,1,NA,1,NA,1,0
"Dc28776","Dc46984",1,1,NA,NA,1,NA,1,NA,1,0
"Dc28776","Dc47572",1,1,NA,NA,1,NA,1,1,1,0
"Dc28776","Dc47935",1,1,NA,NA,1,NA,1,NA,1,0
"Dc28776","Dc48207",1,1,1,NA,1,1,1,NA,1,0
"Dc28776","Dc48950",1,1,NA,1,1,NA,1,NA,1,0
"Dc28776","Dc49080",1,1,NA,1,1,NA,1,NA,1,0
"Dc28776","Dc49184",1,1,NA,NA,1,NA,1,NA,0.30202,0
"Dc28776","Dc51020",1,1,NA,NA,1,NA,1,NA,1,0
"Dc28776","Dc52523",1,0.270396,NA,NA,1,NA,0.18305,NA,0.198352,0
"Dc28776","Dc55481",1,0.642036,NA,NA,1,NA,1,1,1,0
"Dc28776","Dc58248",1,1,NA,NA,0.54651,NA,1,NA,1,0
"Dc28776","Dc62188",1,1,NA,1,1,1,1,NA,1,0
"Dc28776","Dc67011",1,1,1,1,1,1,1,NA,1,0
"Dc28776","locus002",1,1,NA,NA,1,NA,1,1,1,0
"Dc28776","locus003",0.97501,1,NA,NA,1,NA,1,NA,1,0
"Dc28776","locus004",1,1,NA,NA,1,NA,0.39844,NA,1,0
"Dc28776","locus005",0.82264,1,NA,NA,1,NA,1,NA,1,0
"Dc28776","locus006",0.580992,0.580992,NA,NA,1,NA,1,1,1,0
"Dc28776","locus008",1,1,NA,NA,1,NA,1,NA,0.07553,0
"Dc28776","locus013",1,1,NA,NA,1,NA,1,NA,1,0
"Dc28776","locus014",1,1,NA,NA,1,NA,1,NA,0.97415,0
"Dc28776","locus022",1,1,NA,NA,1,NA,1,NA,1,0
"Dc28776","locus024",0.99386,1,NA,NA,1,NA,1,NA,1,0
"Dc28776","locus025",1,1,NA,NA,1,1,1,NA,1,0
"Dc28776","locus027",1,1,NA,NA,1,NA,1,NA,1,0
"Dc28776","locus030",1,1,1,NA,1,1,1,1,1,0
"Dc28776","locus035",1,1,1,NA,1,1,1,NA,1,0
"Dc28776","locus038",1,1,1,NA,1,NA,1,NA,1,0
"Dc28776","locus039",1,1,NA,NA,1,NA,1,NA,1,0
"Dc28776","locus040",0.81988,1,NA,NA,1,NA,1,NA,1,0
"Dc28776","locus045",1,1,NA,NA,1,1,1,NA,1,0
"Dc28776","locus047",1,1,NA,NA,1,NA,1,0.847536,1,0
"Dc28776","locus048",1,1,NA,NA,1,NA,1,1,1,0
"Dc28776","locus053",0.184008,1,NA,1,1,NA,1,NA,0.68613,0
"Dc28776","locus055",1,1,NA,NA,1,NA,1,NA,1,0
"Dc28776","locus056",1,1,NA,NA,1,NA,0.73794,NA,1,0
"Dc28776","locus058",1,1,NA,NA,1,NA,1,NA,0.7194,0
"Dc28776","locus060",1,0.98806,NA,NA,1,NA,1,NA,1,0
"Dc28776","locus061",1,1,NA,NA,1,NA,1,NA,1,0
"Dc28776","locus062",0.579376,1,NA,1,1,NA,1,1,1,0
"Dc28776","locus064",0.72394,1,NA,NA,1,NA,1,NA,1,0
"Dc28776","locus065",1,1,NA,NA,1,NA,1,NA,0.75444,0
"Dc28776","locus073",1,1,NA,NA,1,NA,0.20737,NA,1,0
"Dc28776","locus076",1,1,1,NA,1,NA,1,NA,1,0
"Dc28776","locus077",1,1,NA,NA,1,NA,1,NA,1,0
"Dc28776","locus080",1,0.856596,NA,NA,1,1,1,NA,1,0
"Dc28776","locus083",0.73644,1,NA,NA,1,NA,1,NA,1,0
"Dc28776","locus088",1,1,NA,NA,1,NA,1,NA,0.88762,0
"Dc28776","locus093",1,1,1,NA,1,NA,1,NA,1,0
"Dc28776","locus096",0.442572,1,1,NA,1,NA,1,NA,0.7597,0
"Dc28776","locus098",1,1,NA,NA,1,NA,1,NA,1,0
"Dc28776","locus100",1,1,NA,NA,1,NA,1,NA,1,0
"Dc28776","locus106",1,1,NA,NA,1,NA,1,NA,1,0
"Dc28776","locus110",0.118368,1,NA,NA,NA,NA,1,NA,NA,0
"Dc28776","locus116",1,1,NA,NA,1,NA,1,NA,NA,0
"Dc28776","locus119",0.647142,0.678976,NA,NA,0.6665,NA,0.138904,NA,NA,0
"Dc28776","locus120",1,1,NA,NA,1,NA,0.94117,1,NA,0
"Dc28776","locus126",1,1,NA,NA,1,NA,1,NA,NA,0
"Dc28776","locus128",1,1,NA,NA,1,NA,0.924368,NA,NA,0
"Dc28776","locus129",1,1,NA,NA,1,NA,0.506688,NA,NA,0
"Dc28776","locus130",1,1,1,NA,1,NA,1,NA,NA,0
"Dc28776","locus134",0.41087,0.587844,NA,NA,1,1,0.575728,NA,NA,0
"Dc28776","locus135",0.110672,1,NA,NA,1,NA,1,NA,NA,0
"Dc28776","locus137",1,1,NA,NA,1,NA,0.225584,NA,NA,0
"Dc28776","locus139",0.524928,1,1,NA,1,NA,1,1,NA,0
"Dc28776","locus140",0.42797,1,1,NA,1,NA,1,NA,NA,0
"Dc28776","locus146",1,0.53994,NA,1,1,NA,1,NA,NA,0
"Dc28776","locus148",1,1,NA,NA,1,NA,1,NA,NA,0
"Dc28776","locus151",1,1,NA,NA,1,1,1,NA,NA,0
"Dc28776","locus157",1,1,NA,NA,1,NA,1,NA,NA,0
"Dc28776","locus161",1,1,NA,NA,1,NA,1,1,NA,0
"Dc28776","locus165",0.379224,1,NA,NA,1,NA,0.379224,NA,NA,0
"Dc28776","locus170",0.856396,0.287528,NA,NA,0.856396,NA,0.484428,NA,NA,0
"Dc28776","locus176",1,1,1,NA,1,NA,1,NA,NA,0
"Dc28776","locus184",1,0.72274,NA,NA,1,1,1,NA,NA,0
"Dc28776","locus186",1,1,NA,NA,1,NA,1,NA,NA,0
"Dc28776","locus188",1,1,1,NA,1,NA,1,NA,NA,0
"Dc28776","locus189",1,1,1,NA,1,NA,1,NA,NA,0
"Dc28776","locus190",1,1,1,NA,1,NA,1,NA,NA,0
"Dc28776","locus191",1,1,NA,1,1,NA,1,NA,NA,0
"Dc28776","locus192",0.99408,0.99408,NA,NA,0.99408,NA,0.094944,NA,NA,0
"Dc28776","locus195",1,1,NA,NA,1,NA,1,NA,NA,0
"Dc28776","locus210",1,1,NA,NA,1,NA,1,1,NA,0
"Dc28776","locus215",1,1,NA,NA,1,NA,1,NA,NA,0
"Dc28776","locus227",1,0.08817,1,NA,1,NA,0.34696,NA,NA,0
"Dc28776","locus231",1,1,NA,NA,0.114184,NA,0.323322,NA,NA,0
"Dc28776","locus235",1,1,NA,NA,1,NA,1,NA,NA,0
"Dc28776","locus236",1,1,NA,NA,1,NA,0.440344,NA,NA,0
"Dc28776","locus237",0.805216,1,NA,NA,1,NA,1,NA,NA,0
"Dc28776","locus239",1,1,NA,NA,1,NA,1,NA,NA,0
"Dc28776","locus248",1,1,NA,NA,1,NA,1,1,NA,0
"Dc28776","locus255",1,1,NA,NA,1,NA,NA,NA,NA,0
"Dc28776","locus256",1,1,NA,1,0.62045,NA,1,NA,NA,0
"Dc28776","locus263",1,0.53825,NA,1,1,NA,1,NA,NA,0
"Dc28776","locus264",0.8516,1,NA,NA,1,1,1,NA,NA,0
"Dc28776","locus274",1,1,NA,NA,1,NA,1,NA,NA,0
"Dc28776","locus280",1,1,NA,NA,1,1,1,1,NA,0
"Dc28776","locus282",1,1,1,NA,1,NA,0.79087,NA,NA,0
"Dc28776","locus286",1,1,NA,NA,1,NA,1,NA,NA,0
"Dc28776","locus291",1,1,NA,NA,1,NA,1,NA,NA,0
"Dc28776","locus296",1,1,NA,NA,1,NA,1,NA,NA,0
"Dc28776","locus301",0.154808,1,NA,NA,1,NA,1,NA,NA,0
"Dc28776","locus314",0.15647,1,NA,1,1,NA,1,NA,NA,0
"Dc28776","locus321",1,1,NA,1,1,NA,1,0.173976,NA,0
"Dc28776","locus322",0.66904,0.66904,NA,NA,1,NA,1,NA,NA,0
"Dc28776","locus323",0.706896,1,NA,NA,1,NA,0.622024,NA,NA,0
"Dc28776","locus329",1,1,NA,NA,1,1,1,NA,NA,0
"Dc28776","locus332",1,1,NA,NA,1,NA,1,NA,NA,0
"Dc28776","locus349",1,1,NA,NA,1,NA,1,NA,NA,0
"Dc28776","locus358",1,1,NA,1,1,NA,1,NA,NA,0
"Dc28776","locus359",1,1,NA,NA,1,NA,1,NA,NA,0
"Dc28776","locus360",1,1,NA,NA,1,NA,1,NA,NA,0
"Dc30071","Dc31007",0.59608,1,1,NA,1,NA,1,NA,NA,0
"Dc30071","Dc33714",0.429814,1,1,NA,1,NA,1,1,1,0
"Dc30071","Dc33907",1,1,NA,NA,1,NA,1,NA,1,0
"Dc30071","Dc34902",1,1,NA,NA,1,NA,1,NA,1,0
"Dc30071","Dc35779",1,1,NA,NA,1,1,1,NA,1,0
"Dc30071","Dc36571",0.709176,1,NA,0.99843,1,NA,1,NA,1,0
"Dc30071","Dc36616",0.225008,1,1,NA,1,1,1,NA,1,0
"Dc30071","Dc36767",1,1,1,NA,1,NA,1,NA,NA,0
"Dc30071","Dc40235",1,1,NA,NA,1,1,0.586452,NA,0.79316,0
"Dc30071","Dc41234",0.753072,1,1,NA,0.753072,NA,1,NA,1,0
"Dc30071","Dc46984",0.573944,1,NA,NA,0.573944,NA,0.42859,NA,1,0
"Dc30071","Dc47572",1,1,NA,NA,1,NA,1,1,1,0
"Dc30071","Dc47935",1,1,NA,NA,1,1,0.574416,NA,1,0
"Dc30071","Dc48207",1,1,1,NA,1,1,1,NA,1,0
"Dc30071","Dc48950",1,1,NA,1,1,NA,1,NA,1,0
"Dc30071","Dc49080",1,1,NA,1,1,NA,1,NA,1,0
"Dc30071","Dc49184",1,1,NA,NA,1,NA,0.8416,NA,1,0
"Dc30071","Dc51020",1,1,NA,NA,1,NA,1,NA,1,0
"Dc30071","Dc52523",1,1,NA,NA,1,NA,1,NA,1,0
"Dc30071","Dc55481",1,1,NA,NA,1,NA,0.486876,1,1,0
"Dc30071","Dc58248",0.45797,1,NA,NA,1,NA,0.45797,NA,1,0
"Dc30071","Dc62188",1,1,NA,1,1,NA,1,NA,1,0
"Dc30071","Dc67011",1,1,1,1,1,1,1,NA,1,0
"Dc30071","locus002",1,1,NA,NA,1,NA,1,1,1,0
"Dc30071","locus003",1,1,NA,NA,1,NA,1,NA,0.27124,0
"Dc30071","locus004",0.25196,1,NA,NA,1,NA,1,NA,1,0
"Dc30071","locus005",1,1,NA,NA,1,NA,1,NA,1,0
"Dc30071","locus006",1,1,NA,NA,1,NA,1,1,1,0
"Dc30071","locus008",0.96498,1,NA,NA,1,NA,1,NA,1,0
"Dc30071","locus013",1,1,NA,NA,1,NA,1,NA,1,0
"Dc30071","locus014",1,1,NA,NA,1,NA,1,NA,1,0
"Dc30071","locus022",1,1,NA,NA,1,NA,1,NA,1,0
"Dc30071","locus024",1,1,NA,NA,1,NA,1,NA,1,0
"Dc30071","locus025",1,1,NA,NA,1,1,1,NA,1,0
"Dc30071","locus027",1,1,NA,NA,1,NA,1,NA,1,0
"Dc30071","locus030",1,1,1,NA,1,1,1,1,1,0
"Dc30071","locus035",1,1,1,NA,1,1,1,NA,1,0
"Dc30071","locus038",0.587124,1,1,NA,1,NA,1,NA,1,0
"Dc30071","locus039",1,1,NA,NA,1,NA,1,NA,0.31816,0
"Dc30071","locus040",0.433576,1,NA,NA,0.241,NA,1,NA,1,0
"Dc30071","locus041",0.601104,1,NA,0.99634,1,NA,1,NA,1,0
"Dc30071","locus045",1,1,NA,NA,1,1,1,NA,1,0
"Dc30071","locus047",1,1,NA,NA,1,NA,1,1,0.15354,0
"Dc30071","locus048",1,1,NA,NA,1,NA,1,1,1,0
"Dc30071","locus053",0.53964,1,NA,1,1,NA,0.58433,NA,1,0
"Dc30071","locus055",0.624344,1,NA,NA,1,NA,0.15376,NA,1,0
"Dc30071","locus056",0.95803,1,NA,NA,1,NA,0.95803,NA,1,0
"Dc30071","locus058",1,1,NA,NA,1,NA,1,NA,1,0
"Dc30071","locus060",1,1,NA,NA,1,NA,1,NA,1,0
"Dc30071","locus061",1,1,NA,NA,1,NA,1,NA,1,0
"Dc30071","locus062",1,1,NA,1,1,NA,0.111272,1,1,0
"Dc30071","locus064",1,1,NA,NA,1,NA,1,NA,1,0
"Dc30071","locus065",1,1,NA,NA,1,NA,1,NA,1,0
"Dc30071","locus073",1,1,NA,NA,1,NA,1,NA,1,0
"Dc30071","locus074",1,1,NA,NA,1,NA,1,NA,1,0
"Dc30071","locus076",1,1,1,NA,1,NA,1,NA,1,0
"Dc30071","locus077",1,1,NA,NA,1,NA,1,NA,1,0
"Dc30071","locus080",1,1,1,NA,1,1,1,NA,1,0
"Dc30071","locus083",1,1,NA,NA,1,NA,1,NA,1,0
"Dc30071","locus088",1,1,NA,NA,1,NA,1,NA,1,0
"Dc30071","locus093",1,1,1,NA,1,NA,1,NA,1,0
"Dc30071","locus096",1,1,1,NA,1,NA,1,NA,1,0
"Dc30071","locus098",0.94163,1,NA,NA,1,NA,1,NA,1,0
"Dc30071","locus100",0.66548,1,NA,NA,1,NA,0.42522,NA,1,0
"Dc30071","locus106",1,1,NA,NA,1,NA,0.38674,NA,1,0
"Dc30071","locus110",1,1,NA,NA,NA,NA,1,NA,NA,0
"Dc30071","locus116",1,1,NA,NA,1,NA,0.253784,NA,NA,0
"Dc30071","locus119",1,1,NA,NA,1,NA,0.510088,NA,NA,0
"Dc30071","locus120",0.91202,1,NA,NA,1,NA,1,1,NA,0
"Dc30071","locus126",0.382912,1,NA,NA,1,NA,1,NA,NA,0
"Dc30071","locus128",1,1,NA,NA,1,NA,1,NA,NA,0
"Dc30071","locus129",1,1,NA,NA,1,NA,1,NA,NA,0
"Dc30071","locus130",1,1,NA,NA,0.997332,NA,0.067552,NA,NA,0
"Dc30071","locus134",0.72192,1,NA,NA,0.72192,1,1,NA,NA,0
"Dc30071","locus135",0.857656,1,NA,NA,0.859464,NA,1,NA,NA,0
"Dc30071","locus137",1,1,NA,NA,1,NA,1,NA,NA,0
"Dc30071","locus139",0.73373,1,1,NA,1,NA,0.336492,1,NA,0
"Dc30071","locus140",0.581736,1,1,NA,1,NA,0.27959,NA,NA,0
"Dc30071","locus146",1,1,NA,1,1,NA,1,NA,NA,0
"Dc30071","locus148",1,1,NA,NA,1,NA,1,NA,NA,0
"Dc30071","locus151",1,1,NA,NA,1,1,0.57528,NA,NA,0
"Dc30071","locus157",1,1,NA,NA,1,NA,1,NA,NA,0
"Dc30071","locus161",1,1,NA,NA,1,NA,1,1,NA,0
"Dc30071","locus165",1,1,1,NA,1,NA,1,NA,NA,0
"Dc30071","locus170",1,1,NA,NA,1,NA,0.957768,NA,NA,0
"Dc30071","locus176",1,1,NA,NA,1,NA,0.850664,NA,NA,0
"Dc30071","locus184",1,1,NA,NA,1,1,1,NA,NA,0
"Dc30071","locus186",1,1,NA,NA,1,NA,1,NA,NA,0
"Dc30071","locus188",1,1,NA,NA,1,1,1,NA,NA,0
"Dc30071","locus189",1,1,1,NA,0.58509,NA,0.58509,NA,NA,0
"Dc30071","locus190",1,1,1,NA,1,1,1,NA,NA,0
"Dc30071","locus191",1,1,NA,NA,1,NA,1,NA,NA,0
"Dc30071","locus192",1,1,NA,NA,1,NA,1,NA,NA,0
"Dc30071","locus195",1,1,NA,NA,1,NA,0.775888,NA,NA,0
"Dc30071","locus202",1,1,NA,NA,1,NA,1,NA,NA,0
"Dc30071","locus210",1,1,NA,NA,1,NA,1,1,NA,0
"Dc30071","locus215",1,1,NA,NA,1,NA,1,NA,NA,0
"Dc30071","locus227",0.79854,1,1,NA,1,NA,1,NA,NA,0
"Dc30071","locus231",1,1,NA,NA,1,NA,1,NA,NA,0
"Dc30071","locus235",0.083744,1,NA,NA,1,NA,1,NA,NA,0
"Dc30071","locus236",0.888384,1,NA,NA,1,NA,0.216,NA,NA,0
"Dc30071","locus237",1,1,NA,NA,1,NA,1,NA,NA,0
"Dc30071","locus239",1,1,NA,NA,1,NA,1,NA,NA,0
"Dc30071","locus248",1,1,NA,NA,1,NA,1,1,NA,0
"Dc30071","locus255",0.271542,1,NA,NA,1,NA,NA,NA,NA,0
"Dc30071","locus256",0.40555,1,NA,1,1,NA,1,NA,NA,0
"Dc30071","locus263",1,1,NA,1,1,NA,1,NA,NA,0
"Dc30071","locus264",1,1,NA,NA,1,1,1,NA,NA,0
"Dc30071","locus274",0.867008,1,NA,NA,1,NA,1,NA,NA,0
"Dc30071","locus280",1,1,NA,NA,1,NA,1,1,NA,0
"Dc30071","locus282",1,1,1,NA,1,NA,1,NA,NA,0
"Dc30071","locus286",1,1,NA,NA,1,NA,1,NA,NA,0
"Dc30071","locus291",1,1,NA,NA,1,NA,0.982312,NA,NA,0
"Dc30071","locus292",1,1,NA,NA,1,NA,1,NA,NA,0
"Dc30071","locus296",1,1,NA,NA,1,NA,0.689088,NA,NA,0
"Dc30071","locus301",1,1,NA,NA,1,NA,0.123528,NA,NA,0
"Dc30071","locus314",0.90709,1,NA,1,1,NA,1,NA,NA,0
"Dc30071","locus321",0.70486,1,NA,1,0.568008,NA,1,1,NA,0
"Dc30071","locus322",1,1,NA,NA,1,NA,1,NA,NA,0
"Dc30071","locus323",1,1,NA,NA,0.57092,NA,0.57092,NA,NA,0
"Dc30071","locus329",1,1,NA,NA,1,NA,1,NA,NA,0
"Dc30071","locus332",1,1,NA,NA,1,NA,1,NA,NA,0
"Dc30071","locus349",1,1,1,NA,1,NA,1,NA,NA,0
"Dc30071","locus358",0.77945,1,NA,1,1,NA,1,NA,NA,0
"Dc30071","locus359",0.760776,1,NA,NA,0.849474,NA,1,NA,NA,0
"Dc30071","locus360",1,1,NA,NA,1,NA,1,NA,NA,0
"Dc31007","Dc33714",0.08747,1,1,NA,1,NA,1,NA,NA,0
"Dc31007","Dc33907",1,1,NA,NA,1,NA,1,NA,NA,0
"Dc31007","Dc34902",1,1,NA,NA,1,1,0.66357,NA,NA,0
"Dc31007","Dc35779",1,1,NA,NA,1,1,1,NA,NA,0
"Dc31007","Dc36571",1,1,NA,1,1,NA,1,NA,NA,0
"Dc31007","Dc36616",0.280392,1,1,NA,1,1,1,NA,NA,0
"Dc31007","Dc36767",1,1,1,NA,1,NA,1,NA,NA,0
"Dc31007","Dc40235",1,1,NA,NA,1,NA,0.89528,NA,NA,0
"Dc31007","Dc41234",1,1,1,NA,1,NA,0.36695,NA,NA,0
"Dc31007","Dc46984",1,1,NA,NA,1,NA,0.87036,NA,NA,0
"Dc31007","Dc47572",1,1,NA,NA,1,NA,1,NA,NA,0
"Dc31007","Dc47935",1,1,NA,NA,1,NA,1,NA,NA,0
"Dc31007","Dc48207",1,1,1,NA,1,1,1,NA,NA,0
"Dc31007","Dc48950",1,1,NA,1,1,NA,1,NA,NA,0
"Dc31007","Dc49080",0.52242,1,NA,1,1,NA,1,NA,NA,0
"Dc31007","Dc49184",0.332568,0.859548,NA,NA,1,NA,0.332568,NA,NA,0
"Dc31007","Dc51020",1,1,NA,NA,1,NA,1,NA,NA,0
"Dc31007","Dc52523",1,1,NA,NA,1,NA,1,NA,NA,0
"Dc31007","Dc55481",1,0.56872,NA,NA,1,NA,1,NA,NA,0
"Dc31007","Dc58248",1,1,NA,NA,1,1,1,NA,NA,0
"Dc31007","Dc62188",1,1,NA,1,1,NA,1,NA,NA,0
"Dc31007","Dc67011",1,1,1,1,1,NA,1,NA,NA,0
"Dc31007","locus002",1,1,NA,NA,1,NA,1,NA,NA,0
"Dc31007","locus003",1,1,NA,NA,1,NA,1,NA,NA,0
"Dc31007","locus004",1,1,NA,NA,1,NA,1,NA,NA,0
"Dc31007","locus005",1,1,NA,NA,1,NA,1,NA,NA,0
"Dc31007","locus006",1,1,NA,NA,1,NA,1,NA,NA,0
"Dc31007","locus008",1,1,NA,NA,1,NA,1,NA,NA,0
"Dc31007","locus013",1,1,NA,NA,1,NA,1,NA,NA,0
"Dc31007","locus014",1,1,NA,NA,1,1,0.9856,NA,NA,0
"Dc31007","locus022",1,1,NA,NA,1,NA,1,NA,NA,0
"Dc31007","locus024",0.702232,1,NA,NA,1,NA,0.702232,NA,NA,0
"Dc31007","locus025",1,1,NA,NA,1,NA,1,NA,NA,0
"Dc31007","locus027",1,1,NA,NA,1,NA,0.555608,NA,NA,0
"Dc31007","locus030",1,1,1,NA,1,NA,1,NA,NA,0
"Dc31007","locus035",1,1,1,NA,1,1,1,NA,NA,0
"Dc31007","locus038",1,1,1,NA,1,NA,1,NA,NA,0
"Dc31007","locus039",1,0.71391,NA,NA,1,1,1,NA,NA,0
"Dc31007","locus040",0.27232,1,NA,NA,1,NA,1,NA,NA,0
"Dc31007","locus041",0.83034,1,NA,1,1,NA,0.83034,NA,NA,0
"Dc31007","locus045",1,1,NA,NA,1,NA,1,NA,NA,0
"Dc31007","locus047",1,1,NA,NA,1,1,0.96096,NA,NA,0
"Dc31007","locus048",1,1,NA,NA,1,NA,1,NA,NA,0
"Dc31007","locus053",1,1,NA,1,1,NA,0.31008,NA,NA,0
"Dc31007","locus055",1,1,NA,NA,1,NA,0.447504,NA,NA,0
"Dc31007","locus056",0.391304,0.856062,NA,NA,1,NA,1,NA,NA,0
"Dc31007","locus058",1,1,NA,NA,1,NA,1,NA,NA,0
"Dc31007","locus060",0.903904,1,NA,NA,1,NA,1,NA,NA,0
"Dc31007","locus061",1,1,NA,NA,1,1,1,NA,NA,0
"Dc31007","locus062",1,1,NA,1,1,1,1,NA,NA,0
"Dc31007","locus064",0.200696,1,NA,NA,1,NA,1,NA,NA,0
"Dc31007","locus065",1,1,NA,NA,1,NA,0.327664,NA,NA,0
"Dc31007","locus073",1,1,NA,NA,1,NA,1,NA,NA,0
"Dc31007","locus074",1,1,NA,NA,1,NA,1,NA,NA,0
"Dc31007","locus076",0.89138,1,1,NA,1,NA,1,NA,NA,0
"Dc31007","locus077",1,1,NA,NA,1,NA,1,NA,NA,0
"Dc31007","locus080",1,1,1,NA,1,NA,1,NA,NA,0
"Dc31007","locus083",1,0.57052,NA,NA,1,NA,1,NA,NA,0
"Dc31007","locus088",1,1,NA,NA,1,NA,1,NA,NA,0
"Dc31007","locus093",1,1,1,NA,1,NA,1,NA,NA,0
"Dc31007","locus096",1,1,1,NA,1,NA,1,NA,NA,0
"Dc31007","locus098",1,1,NA,NA,1,NA,1,NA,NA,0
"Dc31007","locus100",0.095768,1,NA,NA,1,NA,1,NA,NA,0
"Dc31007","locus106",1,1,NA,NA,1,NA,1,NA,NA,0
"Dc31007","locus110",0.575144,1,NA,NA,NA,NA,0.08931,NA,NA,0
"Dc31007","locus116",1,1,NA,NA,1,NA,1,NA,NA,0
"Dc31007","locus119",1,1,NA,NA,1,NA,1,NA,NA,0
"Dc31007","locus120",1,1,NA,NA,1,NA,1,NA,NA,0
"Dc31007","locus126",0.685112,1,NA,NA,1,NA,1,NA,NA,0
"Dc31007","locus128",1,1,NA,NA,1,NA,1,NA,NA,0
"Dc31007","locus129",1,1,NA,NA,1,NA,1,NA,NA,0
"Dc31007","locus130",1,1,NA,NA,1,NA,1,NA,NA,0
"Dc31007","locus134",1,1,NA,NA,1,1,1,NA,NA,0
"Dc31007","locus135",1,1,NA,NA,1,NA,1,NA,NA,0
"Dc31007","locus137",1,1,NA,NA,1,NA,1,NA,NA,0
"Dc31007","locus139",1,1,1,NA,1,NA,0.68425,NA,NA,0
"Dc31007","locus140",1,1,1,NA,1,NA,0.68264,NA,NA,0
"Dc31007","locus146",1,1,NA,1,1,NA,1,NA,NA,0
"Dc31007","locus148",1,1,NA,NA,1,1,1,NA,NA,0
"Dc31007","locus151",1,1,NA,NA,1,NA,1,NA,NA,0
"Dc31007","locus157",1,1,NA,1,1,NA,0.15887,NA,NA,0
"Dc31007","locus161",0.10542,1,NA,NA,1,1,0.148288,NA,NA,0
"Dc31007","locus165",1,1,1,NA,1,NA,1,NA,NA,0
"Dc31007","locus170",1,1,NA,NA,1,NA,1,NA,NA,0
"Dc31007","locus176",1,1,NA,NA,1,NA,1,NA,NA,0
"Dc31007","locus184",1,1,NA,NA,1,NA,1,NA,NA,0
"Dc31007","locus186",0.327024,1,NA,NA,1,NA,1,NA,NA,0
"Dc31007","locus188",1,1,NA,NA,1,NA,1,NA,NA,0
"Dc31007","locus189",1,1,1,NA,1,NA,1,NA,NA,0
"Dc31007","locus190",0.23242,1,1,NA,1,NA,1,NA,NA,0
"Dc31007","locus191",1,1,NA,NA,1,NA,1,NA,NA,0
"Dc31007","locus192",1,1,NA,NA,1,1,1,NA,NA,0
"Dc31007","locus195",1,1,NA,NA,1,1,1,NA,NA,0
"Dc31007","locus202",1,1,NA,NA,1,NA,1,NA,NA,0
"Dc31007","locus210",1,1,NA,NA,1,NA,0.488168,NA,NA,0
"Dc31007","locus215",1,1,NA,NA,1,NA,1,NA,NA,0
"Dc31007","locus227",1,1,1,NA,1,1,1,NA,NA,0
"Dc31007","locus231",1,1,NA,NA,1,NA,1,NA,NA,0
"Dc31007","locus235",1,1,NA,NA,1,NA,1,NA,NA,0
"Dc31007","locus236",1,1,NA,NA,1,NA,1,NA,NA,0
"Dc31007","locus237",1,1,NA,NA,1,NA,1,NA,NA,0
"Dc31007","locus239",1,1,NA,NA,1,NA,1,NA,NA,0
"Dc31007","locus248",1,1,NA,NA,1,NA,1,NA,NA,0
"Dc31007","locus255",1,1,NA,NA,1,NA,NA,NA,NA,0
"Dc31007","locus256",1,1,NA,1,1,1,1,NA,NA,0
"Dc31007","locus263",1,1,NA,1,1,NA,1,NA,NA,0
"Dc31007","locus264",1,1,NA,NA,1,NA,1,NA,NA,0
"Dc31007","locus274",1,1,NA,NA,1,1,1,NA,NA,0
"Dc31007","locus280",1,1,NA,NA,1,NA,0.257104,NA,NA,0
"Dc31007","locus282",1,0.862032,1,NA,1,1,1,NA,NA,0
"Dc31007","locus286",1,1,NA,NA,1,1,1,NA,NA,0
"Dc31007","locus291",0.18733,1,NA,NA,1,1,0.635624,NA,NA,0
"Dc31007","locus292",1,0.7136,NA,NA,1,1,1,NA,NA,0
"Dc31007","locus296",1,1,NA,NA,1,NA,1,NA,NA,0
"Dc31007","locus301",1,1,NA,NA,1,NA,0.293512,NA,NA,0
"Dc31007","locus314",1,1,NA,NA,1,NA,1,NA,NA,0
"Dc31007","locus321",1,1,NA,1,1,NA,1,NA,NA,0
"Dc31007","locus322",0.613648,1,NA,NA,1,NA,1,NA,NA,0
"Dc31007","locus323",0.161408,1,NA,NA,1,NA,1,NA,NA,0
"Dc31007","locus329",1,1,NA,NA,1,NA,1,NA,NA,0
"Dc31007","locus332",0.810282,0.574896,NA,NA,1,NA,1,NA,NA,0
"Dc31007","locus349",1,1,1,NA,1,NA,1,NA,NA,0
"Dc31007","locus358",1,1,NA,1,1,1,1,NA,NA,0
"Dc31007","locus359",1,1,NA,NA,1,NA,1,NA,NA,0
"Dc31007","locus360",1,1,NA,NA,1,NA,0.81604,NA,NA,0
"Dc33714","Dc33907",1,1,NA,NA,1,NA,1,NA,1,0
"Dc33714","Dc34902",1,1,NA,NA,1,1,0.9912,NA,1,0
"Dc33714","Dc35779",0.90474,1,NA,NA,1,1,1,NA,1,0
"Dc33714","Dc36571",1,1,NA,1,1,NA,1,NA,1,0
"Dc33714","Dc36616",1,1,1,NA,1,1,1,NA,1,0
"Dc33714","Dc36767",0.67618,1,1,NA,1,NA,1,NA,NA,0
"Dc33714","Dc40235",1,1,NA,NA,1,NA,1,NA,1,0
"Dc33714","Dc41234",1,0.08383,NA,NA,1,NA,1,NA,1,0
"Dc33714","Dc46984",1,1,NA,NA,1,NA,0.63989,NA,1,0
"Dc33714","Dc47572",1,1,NA,NA,1,NA,0.701064,1,1,0
"Dc33714","Dc47935",0.57981,0.735784,NA,NA,1,NA,1,NA,1,0
"Dc33714","Dc48207",0.43631,1,1,NA,1,1,1,NA,1,0
"Dc33714","Dc48950",0.803928,1,NA,1,1,NA,1,NA,1,0
"Dc33714","Dc49080",1,1,NA,1,1,NA,1,NA,1,0
"Dc33714","Dc49184",0.77227,1,NA,NA,1,NA,1,NA,1,0
"Dc33714","Dc52523",1,1,NA,NA,1,NA,1,NA,1,0
"Dc33714","Dc55481",1,1,NA,NA,1,NA,1,1,1,0
"Dc33714","Dc58248",1,1,NA,NA,1,1,1,NA,1,0
"Dc33714","Dc62188",1,1,1,0.464688,1,NA,1,NA,1,0
"Dc33714","Dc67011",1,1,1,1,1,NA,1,NA,1,0
"Dc33714","locus002",1,1,NA,NA,1,NA,1,1,1,0
"Dc33714","locus003",1,1,NA,NA,1,NA,1,NA,1,0
"Dc33714","locus004",1,1,NA,NA,1,NA,1,NA,1,0
"Dc33714","locus005",0.41222,1,NA,NA,1,NA,1,NA,1,0
"Dc33714","locus006",1,1,NA,NA,1,NA,1,1,1,0
"Dc33714","locus008",1,1,NA,NA,1,NA,0.55492,NA,1,0
"Dc33714","locus013",1,0.7092,NA,NA,1,NA,1,NA,1,0
"Dc33714","locus014",1,1,NA,NA,1,1,1,NA,1,0
"Dc33714","locus022",1,1,NA,NA,1,NA,1,NA,1,0
"Dc33714","locus024",1,0.570232,NA,NA,0.28608,NA,1,NA,1,0
"Dc33714","locus025",1,1,NA,NA,1,NA,1,NA,1,0
"Dc33714","locus027",1,1,NA,NA,1,NA,1,NA,1,0
"Dc33714","locus030",1,1,1,NA,1,NA,0.130396,1,0.21162,0
"Dc33714","locus035",1,1,1,NA,1,1,1,NA,0.431592,0
"Dc33714","locus038",1,1,1,NA,1,NA,1,NA,1,0
"Dc33714","locus040",1,1,NA,NA,1,NA,1,NA,1,0
"Dc33714","locus041",1,1,NA,1,1,NA,1,NA,1,0
"Dc33714","locus045",1,1,NA,NA,1,NA,1,NA,1,0
"Dc33714","locus047",1,1,NA,NA,1,1,1,1,1,0
"Dc33714","locus048",1,1,NA,NA,1,NA,1,1,1,0
"Dc33714","locus053",1,1,NA,1,1,NA,1,NA,1,0
"Dc33714","locus055",0.989478,1,NA,NA,0.230992,NA,0.13018,NA,1,0
"Dc33714","locus056",1,1,NA,NA,1,NA,1,NA,1,0
"Dc33714","locus058",0.44127,1,NA,NA,1,NA,0.635304,NA,1,0
"Dc33714","locus060",1,1,NA,NA,1,NA,1,NA,1,0
"Dc33714","locus061",1,0.63834,NA,NA,1,1,1,NA,1,0
"Dc33714","locus062",1,1,NA,1,1,1,1,1,1,0
"Dc33714","locus064",1,0.53377,NA,NA,1,NA,1,NA,1,0
"Dc33714","locus065",1,1,NA,NA,1,NA,1,NA,1,0
"Dc33714","locus073",1,1,NA,NA,1,NA,0.510968,NA,0.08406,0
"Dc33714","locus074",1,1,NA,NA,1,NA,0.40646,NA,1,0
"Dc33714","locus076",0.671172,1,1,NA,1,NA,1,NA,1,0
"Dc33714","locus077",0.842808,1,NA,NA,0.28626,NA,1,NA,1,0
"Dc33714","locus080",1,1,NA,NA,0.91408,NA,0.19471,NA,1,0
"Dc33714","locus083",1,1,NA,NA,1,NA,0.626856,NA,0.55842,0
"Dc33714","locus088",1,1,NA,NA,1,NA,0.50446,NA,1,0
"Dc33714","locus093",1,1,1,NA,1,NA,1,NA,1,0
"Dc33714","locus096",1,0.639144,1,NA,1,NA,1,NA,1,0
"Dc33714","locus098",1,1,NA,NA,1,NA,1,NA,1,0
"Dc33714","locus100",1,1,NA,NA,1,NA,1,NA,1,0
"Dc33714","locus106",1,1,NA,NA,1,NA,1,NA,1,0
"Dc33714","locus110",0.15936,1,NA,NA,NA,NA,1,NA,NA,0
"Dc33714","locus116",1,1,NA,NA,1,NA,1,NA,NA,0
"Dc33714","locus119",0.601856,1,NA,NA,1,NA,1,NA,NA,0
"Dc33714","locus120",0.49715,1,NA,NA,1,NA,1,1,NA,0
"Dc33714","locus126",1,1,NA,NA,1,NA,1,NA,NA,0
"Dc33714","locus128",1,1,NA,NA,1,NA,0.406944,NA,NA,0
"Dc33714","locus129",1,1,NA,NA,1,NA,0.232728,NA,NA,0
"Dc33714","locus130",0.706768,1,NA,NA,1,NA,0.837936,NA,NA,0
"Dc33714","locus134",0.74148,1,NA,NA,1,1,1,NA,NA,0
"Dc33714","locus135",1,1,NA,NA,1,NA,1,NA,NA,0
"Dc33714","locus137",0.880304,1,NA,NA,1,NA,0.880304,NA,NA,0
"Dc33714","locus139",1,1,1,NA,1,NA,1,1,NA,0
"Dc33714","locus140",1,1,1,NA,1,NA,1,NA,NA,0
"Dc33714","locus146",1,1,NA,1,1,NA,1,NA,NA,0
"Dc33714","locus148",1,1,NA,NA,1,1,0.47944,NA,NA,0
"Dc33714","locus151",0.11896,1,NA,NA,1,NA,0.11896,NA,NA,0
"Dc33714","locus157",1,1,NA,1,1,NA,1,NA,NA,0
"Dc33714","locus161",1,1,NA,NA,1,1,1,1,NA,0
"Dc33714","locus165",1,1,NA,NA,1,NA,0.313776,NA,NA,0
"Dc33714","locus170",0.800368,0.800368,NA,NA,1,NA,0.800368,NA,NA,0
"Dc33714","locus176",1,1,NA,NA,0.454552,NA,1,NA,NA,0
"Dc33714","locus184",1,1,NA,NA,1,NA,1,NA,NA,0
"Dc33714","locus186",1,1,NA,NA,1,NA,1,NA,NA,0
"Dc33714","locus188",1,1,NA,NA,1,NA,0.15596,NA,NA,0
"Dc33714","locus189",1,0.71375,1,NA,1,NA,1,NA,NA,0
"Dc33714","locus190",1,1,1,NA,1,NA,1,NA,NA,0
"Dc33714","locus191",1,1,1,NA,1,NA,1,NA,NA,0
"Dc33714","locus192",1,1,NA,NA,1,1,1,NA,NA,0
"Dc33714","locus195",1,1,NA,NA,1,1,1,NA,NA,0
"Dc33714","locus202",1,1,NA,NA,1,NA,1,NA,NA,0
"Dc33714","locus210",1,1,NA,NA,0.50105,NA,1,1,NA,0
"Dc33714","locus215",1,1,NA,NA,1,NA,1,NA,NA,0
"Dc33714","locus227",0.660432,1,1,NA,1,1,1,NA,NA,0
"Dc33714","locus231",1,1,1,NA,1,NA,1,NA,NA,0
"Dc33714","locus235",1,1,NA,NA,1,NA,1,NA,NA,0
"Dc33714","locus236",1,1,NA,NA,1,NA,1,NA,NA,0
"Dc33714","locus237",1,1,NA,NA,1,NA,1,NA,NA,0
"Dc33714","locus239",0.457314,1,NA,NA,0.227536,NA,1,NA,NA,0
"Dc33714","locus248",0.708616,1,NA,NA,1,NA,0.50801,1,NA,0
"Dc33714","locus255",0.159636,1,NA,NA,1,NA,NA,NA,NA,0
"Dc33714","locus256",1,1,NA,1,1,1,1,NA,NA,0
"Dc33714","locus263",1,1,NA,1,0.71597,NA,1,NA,NA,0
"Dc33714","locus264",0.512294,0.434598,NA,NA,0.223696,NA,0.434598,NA,NA,0
"Dc33714","locus274",1,1,NA,NA,1,1,1,NA,NA,0
"Dc33714","locus280",1,1,NA,NA,1,NA,1,1,NA,0
"Dc33714","locus282",1,1,1,NA,1,1,1,NA,NA,0
"Dc33714","locus286",1,1,NA,NA,1,1,1,NA,NA,0
"Dc33714","locus291",1,1,NA,NA,1,1,1,NA,NA,0
"Dc33714","locus292",1,1,NA,NA,1,1,1,NA,NA,0
"Dc33714","locus296",1,1,NA,NA,1,NA,1,NA,NA,0
"Dc33714","locus301",1,1,NA,NA,1,NA,1,NA,NA,0
"Dc33714","locus314",1,1,NA,NA,1,NA,1,NA,NA,0
"Dc33714","locus321",1,1,NA,1,1,NA,1,1,NA,0
"Dc33714","locus322",1,1,NA,NA,1,NA,1,NA,NA,0
"Dc33714","locus323",0.749568,0.070936,NA,NA,1,NA,1,NA,NA,0
"Dc33714","locus329",1,1,NA,NA,1,NA,0.467136,NA,NA,0
"Dc33714","locus332",1,1,NA,NA,0.22736,NA,1,NA,NA,0
"Dc33714","locus349",0.528104,0.692286,NA,NA,0.692286,NA,0.692286,NA,NA,0
"Dc33714","locus358",1,1,NA,1,1,1,1,NA,NA,0
"Dc33714","locus359",1,1,NA,NA,1,NA,1,NA,NA,0
"Dc33714","locus360",1,1,NA,NA,0.450336,NA,1,NA,NA,0
"Dc33907","Dc34902",1,1,NA,NA,1,1,1,NA,1,0
"Dc33907","Dc35779",1,1,NA,NA,1,1,1,NA,1,0
"Dc33907","Dc36571",1,1,NA,1,1,NA,1,NA,0.302052,0
"Dc33907","Dc36616",1,0.105936,NA,NA,1,1,1,NA,1,0
"Dc33907","Dc36767",1,1,NA,NA,1,NA,0.549464,NA,NA,0
"Dc33907","Dc40235",1,1,NA,NA,1,NA,1,NA,1,0
"Dc33907","Dc41234",1,1,NA,NA,1,NA,1,NA,1,0
"Dc33907","Dc46984",1,1,NA,NA,1,NA,1,NA,1,0
"Dc33907","Dc47572",0.384336,0.793408,NA,NA,0.793408,NA,0.793408,0.793408,0.384336,0
"Dc33907","Dc47935",1,1,NA,NA,1,NA,1,NA,1,0
"Dc33907","Dc48207",1,1,1,NA,1,1,1,NA,1,0
"Dc33907","Dc48950",0.483048,1,NA,1,1,1,0.061222,NA,1,0
"Dc33907","Dc49080",0.268226,1,1,1,1,NA,1,NA,0.820572,0
"Dc33907","Dc49184",0.34432,1,NA,NA,1,NA,1,NA,1,0
"Dc33907","Dc51020",0.899312,1,NA,NA,0.71048,NA,0.899312,NA,1,0
"Dc33907","Dc52523",1,0.97183,NA,NA,1,NA,1,NA,1,0
"Dc33907","Dc55481",1,1,NA,NA,1,NA,1,1,0.206652,0
"Dc33907","Dc58248",1,0.213408,NA,NA,1,1,1,NA,1,0
"Dc33907","Dc62188",1,1,NA,0.99763,1,NA,0.840696,NA,1,0
"Dc33907","Dc67011",0.234636,1,NA,1,1,NA,1,NA,1,0
"Dc33907","locus002",1,1,NA,NA,1,NA,1,1,1,0
"Dc33907","locus003",1,1,NA,NA,1,NA,1,NA,1,0
"Dc33907","locus004",1,1,NA,NA,1,NA,1,NA,1,0
"Dc33907","locus005",1,1,NA,NA,0.71081,NA,0.793616,NA,1,0
"Dc33907","locus006",1,1,1,NA,1,NA,1,1,1,0
"Dc33907","locus008",1,1,NA,NA,1,NA,1,NA,0.67577,0
"Dc33907","locus013",1,1,NA,NA,1,NA,0.1617,NA,1,0
"Dc33907","locus014",1,1,NA,NA,0.8541,1,1,NA,1,0
"Dc33907","locus022",0.4063,1,NA,NA,1,NA,1,NA,1,0
"Dc33907","locus024",1,1,NA,NA,1,NA,0.25174,NA,1,0
"Dc33907","locus025",0.5384,1,NA,NA,0.572456,NA,1,NA,1,0
"Dc33907","locus027",1,1,NA,NA,1,NA,1,NA,1,0
"Dc33907","locus030",1,1,NA,NA,1,NA,1,1,1,0
"Dc33907","locus035",1,1,NA,NA,1,1,1,NA,1,0
"Dc33907","locus039",1,1,NA,NA,1,1,1,NA,1,0
"Dc33907","locus040",1,1,NA,NA,1,NA,1,NA,1,0
"Dc33907","locus041",0.70977,0.70977,NA,1,1,NA,0.5301,NA,1,0
"Dc33907","locus045",1,1,NA,NA,1,NA,1,NA,1,0
"Dc33907","locus048",1,1,NA,NA,1,NA,1,1,1,0
"Dc33907","locus053",1,1,NA,1,1,NA,1,NA,1,0
"Dc33907","locus055",1,1,NA,NA,1,NA,1,NA,1,0
"Dc33907","locus056",1,1,NA,NA,1,NA,1,NA,1,0
"Dc33907","locus058",1,1,NA,NA,1,NA,1,NA,1,0
"Dc33907","locus060",1,0.97933,NA,NA,1,NA,1,NA,1,0
"Dc33907","locus061",1,1,1,NA,1,1,1,NA,1,0
"Dc33907","locus062",1,1,NA,1,0.457648,1,1,1,1,0
"Dc33907","locus064",1,1,1,NA,0.854472,NA,1,NA,1,0
"Dc33907","locus065",1,1,NA,NA,1,NA,1,NA,1,0
"Dc33907","locus073",1,1,NA,NA,1,NA,1,NA,1,0
"Dc33907","locus074",1,1,NA,NA,1,NA,1,NA,1,0
"Dc33907","locus076",0.36204,0.589218,NA,NA,0.589218,NA,0.589218,NA,0.15882,0
"Dc33907","locus077",0.73937,1,NA,NA,0.980312,NA,0.980312,NA,0.980312,0
"Dc33907","locus080",1,1,NA,NA,1,NA,1,NA,1,0
"Dc33907","locus083",1,1,NA,NA,1,NA,1,NA,1,0
"Dc33907","locus088",1,1,NA,NA,1,NA,1,NA,1,0
"Dc33907","locus093",1,1,1,NA,1,NA,1,NA,1,0
"Dc33907","locus096",1,1,NA,NA,1,NA,1,NA,0.45977,0
"Dc33907","locus098",1,1,NA,NA,1,NA,1,NA,1,0
"Dc33907","locus100",1,1,NA,NA,1,NA,0.99576,NA,0.20796,0
"Dc33907","locus106",1,1,NA,NA,1,NA,0.79,NA,1,0
"Dc33907","locus110",0.356148,1,NA,NA,NA,NA,1,NA,NA,0
"Dc33907","locus116",0.287352,1,NA,NA,1,NA,0.949056,NA,NA,0
"Dc33907","locus119",1,1,NA,NA,1,NA,1,NA,NA,0
"Dc33907","locus120",1,1,NA,NA,1,NA,1,1,NA,0
"Dc33907","locus126",1,1,1,NA,0.14196,NA,1,NA,NA,0
"Dc33907","locus128",1,1,NA,NA,1,NA,0.241616,NA,NA,0
"Dc33907","locus129",1,1,1,NA,1,NA,0.07792,NA,NA,0
"Dc33907","locus130",1,1,NA,NA,1,NA,0.56076,NA,NA,0
"Dc33907","locus134",0.27687,1,NA,NA,1,1,1,NA,NA,0
"Dc33907","locus135",0.28775,1,NA,NA,0.28775,1,1,NA,NA,0
"Dc33907","locus137",1,1,NA,NA,0.568368,NA,0.734814,NA,NA,0
"Dc33907","locus139",1,1,1,NA,1,NA,1,1,NA,0
"Dc33907","locus140",1,1,1,NA,1,NA,1,NA,NA,0
"Dc33907","locus148",0.49107,0.49107,NA,NA,0.68886,0.68886,0.765794,NA,NA,0
"Dc33907","locus151",1,1,NA,NA,1,NA,0.134208,NA,NA,0
"Dc33907","locus157",0.42924,1,NA,1,1,NA,0.55184,NA,NA,0
"Dc33907","locus161",1,1,NA,NA,1,1,1,1,NA,0
"Dc33907","locus165",0.261688,1,NA,NA,1,NA,1,NA,NA,0
"Dc33907","locus170",1,1,NA,NA,1,NA,0.055424,NA,NA,0
"Dc33907","locus176",1,1,NA,NA,1,NA,1,NA,NA,0
"Dc33907","locus184",1,1,1,NA,0.71487,NA,1,NA,NA,0
"Dc33907","locus186",1,1,NA,NA,1,NA,1,NA,NA,0
"Dc33907","locus188",1,1,NA,NA,1,NA,1,NA,NA,0
"Dc33907","locus189",1,1,1,NA,1,NA,1,NA,NA,0
"Dc33907","locus191",1,1,NA,NA,1,NA,1,NA,NA,0
"Dc33907","locus192",1,1,NA,NA,1,1,1,NA,NA,0
"Dc33907","locus195",1,1,1,NA,1,1,1,NA,NA,0
"Dc33907","locus202",1,1,NA,NA,0.116536,NA,1,NA,NA,0
"Dc33907","locus210",1,1,NA,NA,1,NA,0.71534,1,NA,0
"Dc33907","locus215",1,1,NA,NA,1,NA,0.659712,NA,NA,0
"Dc33907","locus227",0.61108,1,1,NA,1,NA,0.61108,NA,NA,0
"Dc33907","locus231",0.453584,1,NA,NA,1,NA,0.453584,NA,NA,0
"Dc33907","locus235",0.8571,0.429384,NA,NA,0.8571,NA,0.831474,NA,NA,0
"Dc33907","locus236",1,1,NA,NA,1,NA,1,NA,NA,0
"Dc33907","locus237",1,1,NA,NA,1,NA,0.384736,NA,NA,0
"Dc33907","locus239",1,1,NA,NA,1,NA,1,NA,NA,0
"Dc33907","locus248",1,1,NA,NA,1,NA,1,1,NA,0
"Dc33907","locus255",1,1,1,NA,1,NA,NA,NA,NA,0
"Dc33907","locus256",1,1,NA,1,1,NA,1,NA,NA,0
"Dc33907","locus263",1,0.640488,1,1,1,NA,1,NA,NA,0
"Dc33907","locus264",1,0.567184,NA,NA,1,NA,1,NA,NA,0
"Dc33907","locus274",0.313912,0.09074,NA,NA,1,0.972606,0.972606,NA,NA,0
"Dc33907","locus280",1,1,NA,NA,1,NA,1,1,NA,0
"Dc33907","locus282",0.77749,1,NA,NA,1,1,1,NA,NA,0
"Dc33907","locus286",1,1,NA,NA,1,1,1,NA,NA,0
"Dc33907","locus291",1,1,1,NA,1,NA,1,NA,NA,0
"Dc33907","locus292",1,1,NA,NA,1,1,1,NA,NA,0
"Dc33907","locus296",1,1,NA,NA,0.573752,NA,1,NA,NA,0
"Dc33907","locus301",1,1,NA,NA,1,NA,1,NA,NA,0
"Dc33907","locus314",0.565552,0.565552,NA,NA,1,NA,1,NA,NA,0
"Dc33907","locus321",1,1,NA,0.598356,1,NA,1,1,NA,0
"Dc33907","locus322",0.78592,0.78592,1,NA,1,NA,0.73084,NA,NA,0
"Dc33907","locus323",1,0.97689,NA,NA,1,1,1,NA,NA,0
"Dc33907","locus329",1,1,NA,NA,0.91756,NA,1,NA,NA,0
"Dc33907","locus332",1,1,NA,NA,1,NA,1,NA,NA,0
"Dc33907","locus349",1,1,NA,NA,1,NA,1,NA,NA,0
"Dc33907","locus358",1,1,NA,1,0.839916,1,0.839916,NA,NA,0
"Dc33907","locus359",1,1,NA,NA,1,NA,1,NA,NA,0
"Dc33907","locus360",1,1,NA,NA,1,NA,0.232024,NA,NA,0
"Dc34902","Dc35779",1,1,NA,NA,1,1,1,NA,1,0
"Dc34902","Dc36571",1,1,NA,1,1,NA,0.739572,NA,1,0
"Dc34902","Dc36616",1,1,NA,NA,1,1,1,NA,1,0
"Dc34902","Dc36767",1,1,NA,NA,1,NA,1,NA,NA,0
"Dc34902","Dc40235",1,1,NA,NA,1,NA,0.06498,NA,1,0
"Dc34902","Dc41234",1,1,NA,NA,1,NA,1,NA,0.7135,0
"Dc34902","Dc46984",1,1,NA,NA,1,NA,1,NA,1,0
"Dc34902","Dc47572",0.846696,1,NA,NA,0.846696,NA,1,1,1,0
"Dc34902","Dc47935",0.25922,0.7048,NA,NA,0.84996,NA,0.986296,NA,1,0
"Dc34902","Dc48207",1,1,1,NA,1,1,1,NA,1,0
"Dc34902","Dc48950",1,1,NA,1,1,NA,1,NA,1,0
"Dc34902","Dc49080",1,1,1,1,0.660072,NA,1,NA,1,0
"Dc34902","Dc49184",0.21784,1,NA,NA,1,NA,1,NA,1,0
"Dc34902","Dc51020",1,1,NA,NA,1,NA,0.53809,NA,1,0
"Dc34902","Dc52523",1,1,NA,NA,1,NA,0.64112,NA,1,0
"Dc34902","Dc55481",1,1,NA,NA,1,NA,0.265836,1,1,0
"Dc34902","Dc58248",1,1,NA,NA,1,1,1,NA,1,0
"Dc34902","Dc62188",0.473856,1,NA,1,1,NA,1,NA,1,0
"Dc34902","Dc67011",1,1,NA,1,1,NA,0.183876,NA,1,0
"Dc34902","locus002",0.999504,1,NA,NA,1,NA,1,1,1,0
"Dc34902","locus003",1,1,NA,NA,1,NA,1,NA,1,0
"Dc34902","locus004",1,1,NA,NA,1,NA,1,NA,0.45576,0
"Dc34902","locus005",0.36822,1,NA,NA,1,NA,0.25357,NA,0.304632,0
"Dc34902","locus006",1,1,1,NA,1,NA,0.686574,1,1,0
"Dc34902","locus008",1,1,NA,NA,1,NA,1,NA,1,0
"Dc34902","locus013",0.08429,1,NA,NA,1,NA,1,NA,1,0
"Dc34902","locus014",1,1,NA,NA,1,1,1,NA,1,0
"Dc34902","locus022",0.918728,1,NA,NA,0.71146,NA,1,NA,1,0
"Dc34902","locus024",1,1,NA,NA,1,NA,0.70841,NA,1,0
"Dc34902","locus025",1,1,1,NA,1,NA,1,NA,1,0
"Dc34902","locus027",1,1,1,NA,0.860052,NA,1,NA,1,0
"Dc34902","locus030",1,1,NA,NA,1,NA,1,1,1,0
"Dc34902","locus035",1,1,NA,NA,1,1,0.140016,NA,1,0
"Dc34902","locus038",1,1,NA,NA,1,1,1,NA,1,0
"Dc34902","locus039",1,1,NA,NA,1,1,1,NA,1,0
"Dc34902","locus040",1,1,NA,NA,1,NA,1,NA,1,0
"Dc34902","locus041",1,1,NA,1,1,NA,0.251028,NA,1,0
"Dc34902","locus045",1,1,NA,NA,1,NA,1,NA,1,0
"Dc34902","locus047",1,1,NA,NA,1,1,1,1,1,0
"Dc34902","locus048",0.213996,1,NA,NA,1,NA,1,1,1,0
"Dc34902","locus053",1,1,NA,1,1,NA,1,NA,1,0
"Dc34902","locus055",1,0.441104,NA,NA,1,NA,1,NA,0.37961,0
"Dc34902","locus056",1,1,NA,NA,1,1,1,NA,1,0
"Dc34902","locus058",1,1,NA,NA,1,NA,0.72668,NA,0.67764,0
"Dc34902","locus060",1,1,NA,NA,1,NA,0.65743,NA,1,0
"Dc34902","locus061",1,1,NA,NA,1,1,1,NA,1,0
"Dc34902","locus062",1,1,NA,1,1,1,1,1,1,0
"Dc34902","locus064",1,1,1,NA,1,NA,1,NA,1,0
"Dc34902","locus065",1,0.53888,NA,NA,0.8517,NA,0.53888,NA,1,0
"Dc34902","locus073",0.70801,1,NA,NA,1,NA,1,NA,1,0
"Dc34902","locus074",1,1,NA,NA,1,NA,0.15063,NA,1,0
"Dc34902","locus076",1,1,NA,NA,1,NA,0.31184,NA,1,0
"Dc34902","locus077",1,1,NA,NA,1,NA,1,NA,1,0
"Dc34902","locus080",1,1,NA,NA,1,NA,1,NA,1,0
"Dc34902","locus083",0.14904,0.14904,NA,NA,1,NA,1,NA,1,0
"Dc34902","locus088",1,1,NA,NA,0.71782,NA,1,NA,1,0
"Dc34902","locus093",1,1,1,NA,1,NA,0.835212,NA,1,0
"Dc34902","locus096",0.67557,1,NA,NA,1,NA,1,NA,1,0
"Dc34902","locus098",0.859404,0.52814,NA,NA,0.854622,NA,0.840448,NA,0.859404,0
"Dc34902","locus100",1,1,NA,NA,1,NA,1,NA,1,0
"Dc34902","locus106",1,1,NA,NA,1,NA,1,NA,1,0
"Dc34902","locus110",1,1,NA,NA,NA,NA,0.759834,NA,NA,0
"Dc34902","locus116",1,1,NA,NA,1,NA,1,NA,NA,0
"Dc34902","locus119",1,1,NA,NA,1,NA,0.446504,NA,NA,0
"Dc34902","locus120",1,1,NA,NA,1,NA,1,1,NA,0
"Dc34902","locus126",1,1,NA,NA,1,NA,1,NA,NA,0
"Dc34902","locus128",0.288304,1,NA,NA,1,NA,1,NA,NA,0
"Dc34902","locus129",1,1,1,NA,1,NA,1,NA,NA,0
"Dc34902","locus130",1,1,NA,NA,1,NA,1,NA,NA,0
"Dc34902","locus134",1,0.54167,NA,NA,1,1,1,NA,NA,0
"Dc34902","locus135",0.408912,1,NA,NA,1,NA,1,NA,NA,0
"Dc34902","locus139",1,1,1,NA,1,NA,0.464304,1,NA,0
"Dc34902","locus140",1,1,1,NA,1,NA,0.38234,NA,NA,0
"Dc34902","locus146",1,1,NA,1,1,NA,1,NA,NA,0
"Dc34902","locus148",1,1,NA,NA,1,1,1,NA,NA,0
"Dc34902","locus151",0.595446,1,NA,NA,1,NA,0.1504,NA,NA,0
"Dc34902","locus157",0.55271,1,NA,1,1,NA,1,NA,NA,0
"Dc34902","locus161",1,1,NA,NA,1,1,1,1,NA,0
"Dc34902","locus165",1,1,NA,NA,1,NA,1,NA,NA,0
"Dc34902","locus170",1,1,NA,NA,1,NA,1,NA,NA,0
"Dc34902","locus176",1,1,NA,NA,1,NA,1,NA,NA,0
"Dc34902","locus184",1,0.70234,1,NA,1,NA,1,NA,NA,0
"Dc34902","locus186",0.757752,1,NA,NA,1,NA,0.133224,NA,NA,0
"Dc34902","locus188",0.281864,1,NA,NA,1,NA,1,NA,NA,0
"Dc34902","locus189",1,1,1,NA,1,NA,0.58496,NA,NA,0
"Dc34902","locus190",0.72469,1,1,NA,1,NA,1,NA,NA,0
"Dc34902","locus191",0.068368,0.109086,NA,NA,1,NA,1,NA,NA,0
"Dc34902","locus192",1,1,NA,NA,1,1,0.22379,NA,NA,0
"Dc34902","locus195",1,1,1,NA,1,1,1,NA,NA,0
"Dc34902","locus202",1,1,NA,NA,0.998868,NA,0.203952,NA,NA,0
"Dc34902","locus210",1,1,NA,NA,1,NA,1,1,NA,0
"Dc34902","locus215",1,1,1,NA,1,NA,1,NA,NA,0
"Dc34902","locus227",1,1,1,NA,1,NA,1,NA,NA,0
"Dc34902","locus231",1,1,NA,NA,1,NA,1,NA,NA,0
"Dc34902","locus235",0.276864,1,NA,NA,0.850458,NA,0.912572,NA,NA,0
"Dc34902","locus236",1,1,NA,NA,1,NA,1,NA,NA,0
"Dc34902","locus237",0.768006,0.768006,NA,NA,0.768006,NA,0.597936,NA,NA,0
"Dc34902","locus239",0.78519,0.0708,NA,NA,1,NA,0.78519,NA,NA,0
"Dc34902","locus248",1,1,NA,NA,1,NA,1,1,NA,0
"Dc34902","locus255",1,1,1,NA,1,NA,NA,NA,NA,0
"Dc34902","locus256",1,1,NA,1,1,NA,1,NA,NA,0
"Dc34902","locus263",1,1,1,1,1,NA,1,NA,NA,0
"Dc34902","locus264",1,1,NA,NA,1,NA,1,NA,NA,0
"Dc34902","locus274",1,1,NA,NA,0.46549,1,1,NA,NA,0
"Dc34902","locus280",1,1,NA,NA,1,NA,0.20933,1,NA,0
"Dc34902","locus282",0.650844,0.46988,NA,NA,0.672828,1,0.46988,NA,NA,0
"Dc34902","locus286",1,1,NA,NA,1,1,1,NA,NA,0
"Dc34902","locus291",1,1,1,NA,1,NA,0.09646,NA,NA,0
"Dc34902","locus292",0.05588,1,NA,NA,1,1,0.73976,NA,NA,0
"Dc34902","locus296",1,1,NA,NA,1,NA,1,NA,NA,0
"Dc34902","locus301",0.86207,1,1,NA,1,NA,1,NA,NA,0
"Dc34902","locus314",1,1,NA,NA,1,NA,1,NA,NA,0
"Dc34902","locus321",1,1,NA,1,1,NA,1,1,NA,0
"Dc34902","locus322",1,1,1,NA,1,NA,0.55295,NA,NA,0
"Dc34902","locus323",0.640768,1,NA,NA,1,NA,1,NA,NA,0
"Dc34902","locus329",1,1,NA,NA,1,NA,1,NA,NA,0
"Dc34902","locus332",1,1,NA,NA,1,NA,1,NA,NA,0
"Dc34902","locus349",1,1,NA,NA,1,NA,1,NA,NA,0
"Dc34902","locus358",1,1,NA,1,1,1,1,NA,NA,0
"Dc34902","locus359",0.712524,1,NA,NA,1,NA,0.063736,NA,NA,0
"Dc34902","locus360",0.669824,1,NA,NA,0.43521,NA,0.269496,NA,NA,0
"Dc35779","Dc36571",1,1,NA,1,1,NA,1,NA,1,0
"Dc35779","Dc36616",0.9894,1,NA,NA,1,1,0.590988,NA,1,0
"Dc35779","Dc36767",1,0.497424,NA,NA,1,NA,1,NA,NA,0
"Dc35779","Dc40235",0.42737,1,NA,NA,1,NA,1,NA,1,0
"Dc35779","Dc41234",1,1,NA,NA,1,NA,0.63996,NA,1,0
"Dc35779","Dc46984",0.87836,1,NA,NA,1,NA,1,NA,0.87836,0
"Dc35779","Dc47572",0.54846,1,NA,NA,1,NA,1,1,1,0
"Dc35779","Dc47935",1,1,NA,NA,1,NA,1,NA,1,0
"Dc35779","Dc48207",1,1,1,NA,1,1,1,NA,1,0
"Dc35779","Dc48950",1,1,NA,1,1,NA,1,NA,1,0
"Dc35779","Dc49080",1,1,1,1,1,NA,0.50869,NA,1,0
"Dc35779","Dc49184",1,1,NA,NA,1,NA,1,NA,1,0
"Dc35779","Dc51020",1,1,NA,NA,1,NA,1,NA,1,0
"Dc35779","Dc52523",1,1,NA,NA,1,NA,1,NA,1,0
"Dc35779","Dc58248",1,1,NA,NA,1,1,1,NA,1,0
"Dc35779","Dc62188",1,1,NA,1,1,NA,0.05532,NA,1,0
"Dc35779","Dc67011",1,1,NA,1,1,NA,1,NA,1,0
"Dc35779","locus002",1,1,NA,NA,1,NA,1,1,1,0
"Dc35779","locus003",1,1,NA,NA,1,NA,1,NA,0.63869,0
"Dc35779","locus004",1,1,NA,NA,1,NA,1,NA,1,0
"Dc35779","locus005",1,1,NA,NA,1,1,1,NA,1,0
"Dc35779","locus006",1,1,1,NA,1,NA,1,1,1,0
"Dc35779","locus008",1,1,NA,NA,1,NA,1,NA,1,0
"Dc35779","locus013",1,1,NA,NA,1,NA,1,NA,1,0
"Dc35779","locus014",1,1,NA,NA,1,1,1,NA,1,0
"Dc35779","locus022",0.09936,1,NA,NA,1,NA,0.523368,NA,1,0
"Dc35779","locus024",0.891552,1,NA,NA,1,NA,0.8537,NA,1,0
"Dc35779","locus025",1,1,1,NA,1,NA,1,NA,1,0
"Dc35779","locus027",1,1,1,NA,1,NA,0.832632,NA,1,0
"Dc35779","locus030",1,1,NA,NA,1,NA,1,1,1,0
"Dc35779","locus035",1,1,NA,NA,0.858744,1,1,NA,1,0
"Dc35779","locus038",0.498848,0.498848,NA,NA,1,NA,0.498848,NA,0.33664,0
"Dc35779","locus039",1,1,NA,NA,1,1,1,NA,1,0
"Dc35779","locus040",0.3232,1,NA,NA,1,NA,1,NA,1,0
"Dc35779","locus041",1,1,NA,1,1,NA,0.709908,NA,1,0
"Dc35779","locus045",1,1,NA,NA,1,NA,1,NA,1,0
"Dc35779","locus047",1,1,NA,NA,0.881076,1,1,1,0.881076,0
"Dc35779","locus048",1,1,NA,NA,0.855984,NA,1,1,1,0
"Dc35779","locus053",1,1,NA,1,1,NA,1,NA,1,0
"Dc35779","locus055",1,1,NA,NA,1,NA,0.61248,NA,1,0
"Dc35779","locus056",1,1,NA,NA,1,NA,1,NA,1,0
"Dc35779","locus058",0.61425,1,NA,NA,1,NA,1,NA,0.923152,0
"Dc35779","locus060",1,1,NA,NA,1,NA,1,NA,1,0
"Dc35779","locus061",1,1,NA,NA,1,1,1,NA,1,0
"Dc35779","locus062",1,1,NA,1,1,1,1,1,1,0
"Dc35779","locus064",0.550248,1,1,NA,1,NA,0.981256,NA,0.90577,0
"Dc35779","locus065",1,1,NA,NA,1,NA,1,NA,1,0
"Dc35779","locus073",0.90073,1,NA,NA,1,NA,1,NA,1,0
"Dc35779","locus074",1,1,NA,NA,1,NA,1,NA,1,0
"Dc35779","locus076",1,1,NA,NA,1,NA,1,NA,1,0
"Dc35779","locus077",1,1,NA,NA,1,NA,1,NA,1,0
"Dc35779","locus080",1,1,NA,NA,1,NA,0.46839,NA,1,0
"Dc35779","locus083",1,1,NA,NA,1,NA,1,NA,1,0
"Dc35779","locus088",1,1,NA,NA,1,NA,1,NA,1,0
"Dc35779","locus093",1,1,1,NA,1,NA,1,NA,1,0
"Dc35779","locus096",1,1,NA,NA,0.70517,NA,1,NA,1,0
"Dc35779","locus098",1,1,NA,NA,1,NA,1,NA,1,0
"Dc35779","locus100",1,1,NA,NA,1,NA,1,NA,1,0
"Dc35779","locus106",0.95127,1,NA,NA,1,NA,1,NA,1,0
"Dc35779","locus110",0.143712,1,NA,NA,NA,NA,1,NA,NA,0
"Dc35779","locus116",1,1,NA,NA,1,NA,0.251952,NA,NA,0
"Dc35779","locus119",0.99888,1,NA,NA,1,NA,1,NA,NA,0
"Dc35779","locus120",1,1,NA,NA,1,NA,1,1,NA,0
"Dc35779","locus126",1,1,NA,NA,1,NA,1,NA,NA,0
"Dc35779","locus128",0.842108,0.77511,NA,NA,0.77511,NA,0.375888,NA,NA,0
"Dc35779","locus129",1,1,1,NA,1,NA,0.76553,NA,NA,0
"Dc35779","locus130",1,1,NA,NA,1,NA,1,NA,NA,0
"Dc35779","locus134",1,1,NA,NA,1,1,1,NA,NA,0
"Dc35779","locus135",0.749994,0.749994,NA,NA,1,NA,0.22268,NA,NA,0
"Dc35779","locus137",1,1,NA,NA,1,NA,1,NA,NA,0
"Dc35779","locus139",1,0.747588,1,NA,1,NA,1,1,NA,0
"Dc35779","locus140",1,0.61786,1,NA,1,NA,1,NA,NA,0
"Dc35779","locus146",1,1,NA,1,1,NA,1,NA,NA,0
"Dc35779","locus148",1,1,NA,NA,1,1,1,NA,NA,0
"Dc35779","locus151",1,1,NA,NA,0.769266,NA,0.104552,NA,NA,0
"Dc35779","locus157",1,1,NA,1,1,NA,1,NA,NA,0
"Dc35779","locus161",0.449496,1,NA,NA,1,1,1,1,NA,0
"Dc35779","locus165",1,1,NA,NA,1,NA,1,NA,NA,0
"Dc35779","locus170",1,1,NA,NA,1,NA,1,NA,NA,0
"Dc35779","locus176",1,1,NA,NA,1,NA,1,NA,NA,0
"Dc35779","locus184",1,1,1,NA,0.71787,NA,1,NA,NA,0
"Dc35779","locus186",1,1,NA,NA,0.112824,NA,1,NA,NA,0
"Dc35779","locus188",0.727744,1,NA,NA,1,NA,1,NA,NA,0
"Dc35779","locus189",1,1,1,NA,1,NA,0.3407,NA,NA,0
"Dc35779","locus190",1,1,1,NA,1,NA,1,NA,NA,0
"Dc35779","locus191",0.389976,0.389976,NA,NA,0.52012,NA,0.685592,NA,NA,0
"Dc35779","locus192",0.967448,1,NA,NA,0.70969,1,1,NA,NA,0
"Dc35779","locus195",0.11928,1,1,NA,1,1,1,NA,NA,0
"Dc35779","locus202",1,0.49312,NA,NA,1,NA,1,NA,NA,0
"Dc35779","locus210",1,1,NA,NA,1,NA,1,1,NA,0
"Dc35779","locus215",1,1,1,NA,1,NA,1,NA,NA,0
"Dc35779","locus227",1,1,1,NA,1,NA,0.48112,NA,NA,0
"Dc35779","locus231",1,1,NA,NA,1,NA,1,NA,NA,0
"Dc35779","locus235",1,1,NA,NA,1,NA,1,NA,NA,0
"Dc35779","locus236",0.90284,1,NA,NA,1,NA,1,NA,NA,0
"Dc35779","locus237",1,1,NA,NA,1,NA,0.117888,NA,NA,0
"Dc35779","locus239",1,1,NA,NA,1,NA,1,NA,NA,0
"Dc35779","locus248",1,1,NA,NA,1,NA,1,1,NA,0
"Dc35779","locus255",1,1,1,NA,1,NA,NA,NA,NA,0
"Dc35779","locus256",1,1,NA,1,1,NA,1,NA,NA,0
"Dc35779","locus263",0.514128,1,1,1,1,NA,1,NA,NA,0
"Dc35779","locus264",1,1,NA,NA,1,NA,1,NA,NA,0
"Dc35779","locus274",0.89714,1,NA,NA,1,1,1,NA,NA,0
"Dc35779","locus280",1,1,NA,NA,0.14459,NA,1,1,NA,0
"Dc35779","locus282",1,1,NA,NA,1,1,1,NA,NA,0
"Dc35779","locus286",1,1,NA,NA,1,1,1,NA,NA,0
"Dc35779","locus291",1,1,1,NA,1,NA,1,NA,NA,0
"Dc35779","locus292",1,1,NA,NA,1,1,0.39408,NA,NA,0
"Dc35779","locus301",1,1,1,NA,1,NA,1,NA,NA,0
"Dc35779","locus314",1,1,NA,NA,0.573464,NA,1,NA,NA,0
"Dc35779","locus321",1,1,NA,1,1,NA,1,1,NA,0
"Dc35779","locus322",1,1,1,NA,1,NA,0.84105,NA,NA,0
"Dc35779","locus323",1,1,NA,NA,1,NA,1,NA,NA,0
"Dc35779","locus329",1,1,NA,NA,1,NA,0.75256,NA,NA,0
"Dc35779","locus332",1,1,NA,NA,1,NA,1,NA,NA,0
"Dc35779","locus349",1,1,NA,NA,1,NA,1,NA,NA,0
"Dc35779","locus358",1,1,NA,1,1,1,1,NA,NA,0
"Dc35779","locus359",1,1,NA,NA,1,NA,0.978216,NA,NA,0
"Dc35779","locus360",1,1,NA,NA,1,NA,0.781056,NA,NA,0
"Dc36571","Dc36616",1,1,NA,NA,1,NA,1,NA,1,0
"Dc36571","Dc36767",0.855444,0.855444,NA,NA,0.855444,NA,0.64916,NA,NA,0
"Dc36571","Dc40235",0.43168,1,NA,NA,1,NA,1,NA,1,0
"Dc36571","Dc41234",1,1,NA,NA,0.940608,NA,0.81473,NA,1,0
"Dc36571","Dc46984",0.669504,0.42404,NA,NA,1,NA,1,NA,1,0
"Dc36571","Dc47572",1,1,NA,NA,1,NA,1,1,1,0
"Dc36571","Dc47935",1,1,1,NA,1,NA,1,NA,0.885468,0
"Dc36571","Dc48207",1,1,1,NA,1,NA,1,NA,1,0
"Dc36571","Dc48950",1,1,NA,1,1,NA,1,NA,1,0
"Dc36571","Dc49080",1,1,1,1,1,NA,1,NA,1,0
"Dc36571","Dc49184",1,1,NA,NA,1,NA,1,NA,1,0
"Dc36571","Dc51020",0.39544,1,NA,NA,1,NA,0.41356,NA,1,0
"Dc36571","Dc52523",1,1,NA,NA,1,NA,1,NA,1,0
"Dc36571","Dc55481",1,1,NA,NA,1,NA,1,1,0.965568,0
"Dc36571","Dc58248",1,1,NA,NA,1,NA,1,NA,1,0
"Dc36571","Dc62188",1,1,NA,1,1,NA,1,NA,1,0
"Dc36571","Dc67011",1,1,NA,1,1,NA,1,NA,1,0
"Dc36571","locus002",1,1,1,NA,1,NA,1,1,1,0
"Dc36571","locus003",1,1,NA,NA,1,NA,1,NA,1,0
"Dc36571","locus004",0.424192,0.863028,NA,NA,1,NA,0.863028,NA,0.32113,0
"Dc36571","locus005",1,0.388376,NA,NA,1,NA,0.06229,NA,1,0
"Dc36571","locus006",0.314636,1,1,NA,1,NA,1,1,1,0
"Dc36571","locus008",1,1,NA,NA,1,NA,1,NA,1,0
"Dc36571","locus013",1,1,NA,NA,1,NA,1,NA,1,0
"Dc36571","locus014",1,1,NA,NA,1,NA,1,NA,1,0
"Dc36571","locus022",1,1,NA,NA,1,NA,0.39911,NA,1,0
"Dc36571","locus024",1,0.724,NA,NA,1,NA,1,NA,1,0
"Dc36571","locus025",0.32107,1,NA,NA,1,NA,1,NA,1,0
"Dc36571","locus027",1,1,NA,NA,1,NA,1,NA,1,0
"Dc36571","locus030",1,0.059436,NA,NA,1,NA,0.516376,0.999522,0.2917,0
"Dc36571","locus035",1,1,NA,NA,1,NA,1,NA,0.91121,0
"Dc36571","locus038",0.47096,1,NA,NA,1,NA,1,NA,1,0
"Dc36571","locus039",0.65572,1,NA,NA,1,NA,1,NA,1,0
"Dc36571","locus040",1,1,NA,NA,1,NA,1,NA,1,0
"Dc36571","locus041",0.61062,1,NA,0.793744,0.285132,NA,1,NA,0.980868,0
"Dc36571","locus045",0.68053,1,NA,NA,1,NA,1,NA,1,0
"Dc36571","locus047",1,0.51366,NA,NA,1,NA,1,1,1,0
"Dc36571","locus048",1,1,NA,NA,1,NA,0.60708,1,1,0
"Dc36571","locus053",1,1,NA,1,1,NA,1,NA,0.660024,0
"Dc36571","locus055",0.4593,1,NA,NA,1,NA,1,NA,1,0
"Dc36571","locus056",1,1,NA,NA,1,NA,1,NA,0.46137,0
"Dc36571","locus058",1,0.7102,NA,NA,1,NA,1,NA,0.821112,0
"Dc36571","locus060",0.08511,0.563728,NA,NA,1,NA,0.563728,NA,0.563728,0
"Dc36571","locus061",1,1,NA,NA,1,NA,1,NA,1,0
"Dc36571","locus062",1,1,NA,1,1,NA,1,1,1,0
"Dc36571","locus064",1,1,1,NA,1,NA,1,NA,1,0
"Dc36571","locus073",0.99653,1,NA,NA,1,NA,1,NA,1,0
"Dc36571","locus074",1,1,NA,NA,1,NA,0.96116,NA,1,0
"Dc36571","locus076",1,1,NA,NA,1,NA,1,NA,1,0
"Dc36571","locus077",1,1,NA,NA,1,NA,1,NA,1,0
"Dc36571","locus080",1,1,NA,NA,1,NA,1,NA,1,0
"Dc36571","locus083",1,1,NA,NA,1,NA,1,NA,1,0
"Dc36571","locus088",1,1,NA,NA,1,NA,1,NA,0.27672,0
"Dc36571","locus093",1,1,1,NA,1,NA,0.858276,NA,1,0
"Dc36571","locus096",1,1,NA,NA,1,NA,0.21972,NA,1,0
"Dc36571","locus098",1,1,NA,NA,1,NA,0.22971,NA,0.415352,0
"Dc36571","locus100",1,1,NA,NA,1,NA,1,NA,1,0
"Dc36571","locus106",1,1,NA,NA,1,NA,1,NA,0.55068,0
"Dc36571","locus116",1,1,NA,NA,0.56612,NA,1,NA,NA,0
"Dc36571","locus119",0.545446,0.243404,NA,NA,0.140322,NA,0.12492,NA,NA,0
"Dc36571","locus120",0.66413,1,NA,NA,1,NA,0.66413,1,NA,0
"Dc36571","locus126",1,1,NA,NA,1,NA,1,NA,NA,0
"Dc36571","locus128",1,1,NA,NA,1,NA,1,NA,NA,0
"Dc36571","locus129",1,1,1,NA,1,NA,1,NA,NA,0
"Dc36571","locus130",1,1,NA,NA,1,NA,1,NA,NA,0
"Dc36571","locus134",1,1,1,NA,1,NA,1,NA,NA,0
"Dc36571","locus135",1,1,NA,NA,1,NA,0.768312,NA,NA,0
"Dc36571","locus139",1,1,1,NA,0.85932,NA,0.89575,0.89575,NA,0
"Dc36571","locus140",1,1,1,NA,0.71047,NA,0.735904,NA,NA,0
"Dc36571","locus146",0.16582,1,NA,1,1,NA,1,NA,NA,0
"Dc36571","locus148",1,1,NA,NA,1,NA,1,NA,NA,0
"Dc36571","locus151",0.842134,0.11396,NA,NA,0.666704,NA,0.18369,NA,NA,0
"Dc36571","locus157",1,1,NA,1,1,NA,1,NA,NA,0
"Dc36571","locus161",1,1,NA,NA,1,NA,1,1,NA,0
"Dc36571","locus165",0.591072,0.935772,NA,NA,0.935772,NA,0.796956,NA,NA,0
"Dc36571","locus170",0.975936,1,NA,NA,0.573224,NA,1,NA,NA,0
"Dc36571","locus176",1,1,NA,NA,1,NA,1,NA,NA,0
"Dc36571","locus184",1,1,1,NA,1,NA,1,NA,NA,0
"Dc36571","locus186",1,1,NA,NA,1,NA,0.055896,NA,NA,0
"Dc36571","locus188",0.609968,1,NA,NA,1,NA,1,NA,NA,0
"Dc36571","locus189",1,1,1,NA,1,NA,1,NA,NA,0
"Dc36571","locus190",1,1,1,NA,1,NA,0.52693,NA,NA,0
"Dc36571","locus191",1,1,NA,NA,1,NA,1,NA,NA,0
"Dc36571","locus192",1,1,NA,NA,1,NA,1,NA,NA,0
"Dc36571","locus195",0.24612,1,1,NA,1,NA,1,NA,NA,0
"Dc36571","locus202",1,1,NA,NA,1,NA,0.72952,NA,NA,0
"Dc36571","locus210",1,1,1,NA,1,NA,1,1,NA,0
"Dc36571","locus215",1,1,NA,NA,1,NA,1,NA,NA,0
"Dc36571","locus227",1,1,1,NA,1,NA,1,NA,NA,0
"Dc36571","locus231",1,0.114064,NA,NA,1,NA,1,NA,NA,0
"Dc36571","locus235",0.456152,1,NA,NA,1,NA,1,NA,NA,0
"Dc36571","locus236",1,1,NA,NA,0.5834,NA,1,NA,NA,0
"Dc36571","locus237",1,1,NA,NA,0.192336,NA,0.451542,NA,NA,0
"Dc36571","locus239",1,1,NA,NA,1,NA,1,NA,NA,0
"Dc36571","locus248",1,1,NA,NA,1,NA,0.80086,1,NA,0
"Dc36571","locus255",0.576592,1,1,NA,1,NA,NA,NA,NA,0
"Dc36571","locus256",1,1,NA,1,1,NA,1,NA,NA,0
"Dc36571","locus263",1,1,1,1,1,NA,1,NA,NA,0
"Dc36571","locus264",1,1,NA,NA,1,NA,1,NA,NA,0
"Dc36571","locus274",1,1,NA,NA,0.952336,NA,1,NA,NA,0
"Dc36571","locus280",1,1,NA,NA,1,NA,0.6347,1,NA,0
"Dc36571","locus286",0.999448,1,NA,NA,1,NA,0.999448,NA,NA,0
"Dc36571","locus291",1,1,1,NA,0.24192,NA,1,NA,NA,0
"Dc36571","locus292",1,0.790408,NA,NA,1,NA,1,NA,NA,0
"Dc36571","locus296",1,1,NA,NA,1,NA,1,NA,NA,0
"Dc36571","locus301",0.381952,1,NA,NA,0.381952,NA,1,NA,NA,0
"Dc36571","locus314",1,1,NA,NA,1,NA,1,NA,NA,0
"Dc36571","locus321",1,1,NA,1,1,NA,0.278736,1,NA,0
"Dc36571","locus322",1,0.71069,1,NA,1,NA,1,NA,NA,0
"Dc36571","locus323",0.363896,1,NA,NA,1,NA,1,NA,NA,0
"Dc36571","locus329",1,0.951872,NA,NA,1,NA,1,NA,NA,0
"Dc36571","locus332",1,1,NA,NA,1,NA,0.218224,NA,NA,0
"Dc36571","locus349",1,0.952824,NA,NA,1,NA,1,NA,NA,0
"Dc36571","locus358",1,1,NA,1,1,NA,1,NA,NA,0
"Dc36571","locus359",0.830004,0.791056,NA,NA,1,NA,0.912252,NA,NA,0
"Dc36571","locus360",1,1,1,NA,1,NA,1,NA,NA,0
"Dc36616","Dc36767",0.69224,1,NA,NA,1,NA,1,NA,NA,0
"Dc36616","Dc40235",1,1,NA,NA,0.63319,NA,1,NA,0.63319,0
"Dc36616","Dc46984",1,1,NA,NA,1,NA,1,NA,1,0
"Dc36616","Dc47572",1,1,NA,NA,1,NA,1,1,1,0
"Dc36616","Dc47935",1,1,NA,NA,1,NA,1,NA,1,0
"Dc36616","Dc48207",1,1,1,NA,1,1,1,NA,1,0
"Dc36616","Dc48950",1,1,NA,1,1,NA,0.822792,NA,1,0
"Dc36616","Dc49080",1,1,1,1,1,NA,1,NA,1,0
"Dc36616","Dc49184",1,1,NA,NA,1,NA,1,NA,1,0
"Dc36616","Dc51020",1,1,NA,NA,1,NA,1,NA,1,0
"Dc36616","Dc52523",1,0.98227,NA,NA,1,NA,1,NA,1,0
"Dc36616","Dc55481",1,1,NA,NA,1,NA,1,1,1,0
"Dc36616","Dc58248",1,0.210132,NA,NA,1,1,1,NA,1,0
"Dc36616","Dc62188",1,1,NA,1,0.71335,NA,0.467148,NA,1,0
"Dc36616","Dc67011",1,1,NA,1,1,NA,1,NA,1,0
"Dc36616","locus002",0.13461,1,NA,NA,1,NA,1,NA,1,0
"Dc36616","locus003",1,1,NA,NA,0.569488,NA,0.29005,NA,1,0
"Dc36616","locus004",0.13094,1,NA,NA,1,NA,1,NA,1,0
"Dc36616","locus005",0.715692,1,NA,NA,1,1,1,NA,1,0
"Dc36616","locus006",1,1,1,NA,1,NA,1,1,1,0
"Dc36616","locus008",1,1,NA,NA,1,NA,1,NA,1,0
"Dc36616","locus013",1,1,NA,NA,1,NA,1,NA,1,0
"Dc36616","locus014",1,1,NA,NA,1,1,1,NA,1,0
"Dc36616","locus022",1,1,NA,NA,1,NA,1,NA,0.63481,0
"Dc36616","locus024",1,1,NA,NA,1,NA,1,NA,1,0
"Dc36616","locus025",0.77619,1,NA,NA,1,NA,1,NA,1,0
"Dc36616","locus027",0.82539,1,NA,NA,1,NA,1,NA,1,0
"Dc36616","locus030",1,1,NA,NA,1,NA,1,1,1,0
"Dc36616","locus035",1,1,NA,NA,1,1,1,NA,1,0
"Dc36616","locus038",1,1,NA,NA,1,NA,1,NA,1,0
"Dc36616","locus039",1,1,NA,NA,1,1,1,NA,1,0
"Dc36616","locus040",0.28085,1,NA,NA,1,NA,1,NA,1,0
"Dc36616","locus041",0.465924,0.7111,NA,0.75948,1,NA,0.75948,NA,1,0
"Dc36616","locus045",1,1,NA,NA,1,NA,1,NA,1,0
"Dc36616","locus047",0.393302,1,NA,NA,1,1,1,1,1,0
"Dc36616","locus048",1,1,NA,NA,1,NA,1,1,1,0
"Dc36616","locus053",1,1,NA,1,1,NA,0.37866,NA,1,0
"Dc36616","locus055",1,1,NA,NA,1,NA,0.62001,NA,0.992992,0
"Dc36616","locus056",1,1,NA,NA,1,NA,1,NA,1,0
"Dc36616","locus058",1,1,NA,NA,1,NA,1,NA,1,0
"Dc36616","locus060",0.789488,0.789488,NA,NA,0.789488,NA,0.41534,NA,0.789488,0
"Dc36616","locus061",1,1,NA,NA,1,1,1,NA,1,0
"Dc36616","locus062",1,1,NA,1,1,1,1,1,1,0
"Dc36616","locus064",0.666912,1,1,NA,1,NA,1,NA,1,0
"Dc36616","locus065",1,1,NA,NA,1,NA,1,NA,1,0
"Dc36616","locus073",0.09728,1,NA,NA,1,NA,1,NA,1,0
"Dc36616","locus074",0.44335,1,NA,NA,1,NA,1,NA,0.44335,0
"Dc36616","locus076",0.98275,0.98275,NA,NA,1,NA,1,NA,1,0
"Dc36616","locus077",1,1,NA,NA,1,NA,1,NA,1,0
"Dc36616","locus080",1,1,NA,NA,1,NA,1,NA,1,0
"Dc36616","locus083",1,1,NA,NA,0.82911,NA,1,NA,1,0
"Dc36616","locus088",1,1,NA,NA,1,NA,1,NA,1,0
"Dc36616","locus093",1,1,1,NA,1,NA,1,NA,1,0
"Dc36616","locus096",1,1,NA,NA,1,NA,1,NA,1,0
"Dc36616","locus100",1,1,NA,NA,1,NA,1,NA,1,0
"Dc36616","locus106",1,1,NA,NA,1,NA,0.89835,NA,1,0
"Dc36616","locus110",1,1,NA,NA,NA,NA,1,NA,NA,0
"Dc36616","locus116",0.088656,1,NA,NA,0.854024,NA,0.786804,NA,NA,0
"Dc36616","locus119",1,1,NA,NA,1,NA,1,NA,NA,0
"Dc36616","locus120",1,1,NA,NA,1,NA,1,1,NA,0
"Dc36616","locus126",0.499448,1,NA,NA,1,NA,1,NA,NA,0
"Dc36616","locus128",1,1,NA,NA,0.566104,NA,1,NA,NA,0
"Dc36616","locus129",1,1,1,NA,1,NA,1,NA,NA,0
"Dc36616","locus130",1,1,NA,NA,1,NA,1,NA,NA,0
"Dc36616","locus134",1,1,NA,NA,1,1,1,NA,NA,0
"Dc36616","locus135",0.484528,0.715188,NA,NA,0.484528,NA,0.715188,NA,NA,0
"Dc36616","locus137",1,1,NA,NA,1,NA,1,NA,NA,0
"Dc36616","locus139",1,1,1,NA,1,NA,0.357048,1,NA,0
"Dc36616","locus140",1,1,1,NA,1,NA,0.30909,NA,NA,0
"Dc36616","locus146",1,1,NA,1,1,NA,1,NA,NA,0
"Dc36616","locus148",1,0.425288,NA,NA,1,1,0.05029,NA,NA,0
"Dc36616","locus151",1,1,NA,NA,1,NA,1,NA,NA,0
"Dc36616","locus157",1,1,NA,1,1,NA,1,NA,NA,0
"Dc36616","locus161",0.86103,0.86103,NA,NA,0.855576,1,0.86103,1,NA,0
"Dc36616","locus165",1,1,NA,NA,1,NA,1,NA,NA,0
"Dc36616","locus170",1,1,NA,NA,1,NA,1,NA,NA,0
"Dc36616","locus176",1,1,NA,NA,1,NA,1,NA,NA,0
"Dc36616","locus184",1,1,1,NA,1,NA,1,NA,NA,0
"Dc36616","locus186",0.692256,1,NA,NA,1,NA,1,NA,NA,0
"Dc36616","locus188",0.809712,1,NA,NA,1,NA,1,NA,NA,0
"Dc36616","locus189",1,1,1,NA,1,NA,0.13453,NA,NA,0
"Dc36616","locus190",1,1,1,NA,1,NA,1,NA,NA,0
"Dc36616","locus191",0.1396,1,NA,NA,1,NA,1,NA,NA,0
"Dc36616","locus192",1,1,NA,NA,1,1,0.28774,NA,NA,0
"Dc36616","locus195",1,1,1,NA,1,1,1,NA,NA,0
"Dc36616","locus202",1,1,NA,NA,1,NA,1,NA,NA,0
"Dc36616","locus210",1,1,NA,NA,1,NA,1,1,NA,0
"Dc36616","locus215",1,1,NA,NA,1,NA,0.839072,NA,NA,0
"Dc36616","locus227",1,1,1,NA,1,NA,1,NA,NA,0
"Dc36616","locus231",1,1,NA,NA,1,NA,0.540656,NA,NA,0
"Dc36616","locus235",1,0.427584,NA,NA,1,NA,1,NA,NA,0
"Dc36616","locus236",1,1,NA,NA,1,NA,0.709992,NA,NA,0
"Dc36616","locus237",1,1,NA,NA,1,NA,1,NA,NA,0
"Dc36616","locus239",1,1,NA,NA,1,NA,1,NA,NA,0
"Dc36616","locus248",1,1,NA,NA,1,NA,1,1,NA,0
"Dc36616","locus255",1,1,1,NA,1,NA,NA,NA,NA,0
"Dc36616","locus256",1,1,NA,1,1,NA,1,NA,NA,0
"Dc36616","locus263",0.77985,0.646824,1,1,1,NA,1,NA,NA,0
"Dc36616","locus264",0.778644,0.570104,NA,NA,1,NA,1,NA,NA,0
"Dc36616","locus274",0.13208,0.09053,NA,NA,1,1,0.729768,NA,NA,0
"Dc36616","locus280",1,1,NA,NA,1,NA,1,1,NA,0
"Dc36616","locus286",0.31654,1,NA,NA,0.5704,1,1,NA,NA,0
"Dc36616","locus291",1,1,1,NA,1,NA,1,NA,NA,0
"Dc36616","locus292",0.428488,1,NA,NA,1,1,0.12945,NA,NA,0
"Dc36616","locus296",1,1,NA,NA,1,NA,1,NA,NA,0
"Dc36616","locus301",1,1,NA,NA,1,NA,1,NA,NA,0
"Dc36616","locus314",1,0.576576,NA,NA,1,NA,1,NA,NA,0
"Dc36616","locus321",1,1,NA,1,1,NA,1,1,NA,0
"Dc36616","locus322",1,0.98386,1,NA,1,NA,1,NA,NA,0
"Dc36616","locus323",1,0.789792,NA,NA,1,NA,1,NA,NA,0
"Dc36616","locus329",0.144304,1,NA,NA,1,NA,1,NA,NA,0
"Dc36616","locus332",0.62094,1,NA,NA,0.855228,NA,0.311712,NA,NA,0
"Dc36616","locus349",1,1,NA,NA,1,NA,1,NA,NA,0
"Dc36616","locus358",1,1,NA,1,1,1,1,NA,NA,0
"Dc36616","locus359",0.544464,1,NA,NA,1,NA,0.544464,NA,NA,0
"Dc36767","Dc40235",1,1,NA,NA,1,NA,1,NA,NA,0
"Dc36767","Dc41234",1,0.705712,NA,NA,1,NA,1,NA,NA,0
"Dc36767","Dc46984",1,1,NA,NA,1,NA,1,NA,NA,0
"Dc36767","Dc47572",1,0.131112,NA,NA,1,NA,1,NA,NA,0
"Dc36767","Dc47935",1,1,NA,NA,1,NA,0.43464,NA,NA,0
"Dc36767","Dc48207",0.35031,1,1,NA,1,NA,1,NA,NA,0
"Dc36767","Dc48950",0.9926,1,NA,1,0.1324,NA,1,NA,NA,0
"Dc36767","Dc49080",1,1,1,1,1,NA,1,NA,NA,0
"Dc36767","Dc49184",0.854778,0.854778,NA,NA,0.854778,NA,0.490656,NA,NA,0
"Dc36767","Dc51020",1,1,NA,NA,1,NA,1,NA,NA,0
"Dc36767","Dc52523",1,1,NA,NA,1,NA,1,NA,NA,0
"Dc36767","Dc55481",1,1,NA,NA,1,NA,1,NA,NA,0
"Dc36767","Dc58248",1,1,NA,NA,1,NA,0.67112,NA,NA,0
"Dc36767","Dc62188",1,1,NA,1,1,NA,0.1987,NA,NA,0
"Dc36767","Dc67011",1,1,NA,1,1,NA,1,NA,NA,0
"Dc36767","locus002",0.121624,1,NA,NA,1,NA,1,NA,NA,0
"Dc36767","locus003",0.955566,1,NA,NA,1,NA,0.45396,NA,NA,0
"Dc36767","locus004",1,1,NA,NA,1,NA,1,NA,NA,0
"Dc36767","locus005",1,1,NA,NA,1,NA,1,NA,NA,0
"Dc36767","locus006",1,1,1,NA,1,NA,1,NA,NA,0
"Dc36767","locus008",1,1,NA,NA,0.815592,NA,0.815592,NA,NA,0
"Dc36767","locus013",1,1,NA,NA,1,NA,1,NA,NA,0
"Dc36767","locus014",1,1,NA,NA,1,NA,1,NA,NA,0
"Dc36767","locus022",1,1,NA,NA,1,NA,1,NA,NA,0
"Dc36767","locus024",0.315496,0.854632,NA,NA,0.854632,NA,0.315496,NA,NA,0
"Dc36767","locus025",0.514216,1,NA,NA,0.851664,NA,1,NA,NA,0
"Dc36767","locus027",0.695238,0.5716,NA,NA,0.987316,NA,0.987316,NA,NA,0
"Dc36767","locus030",1,1,NA,NA,1,NA,1,NA,NA,0
"Dc36767","locus035",1,1,NA,NA,1,NA,1,NA,NA,0
"Dc36767","locus038",0.311628,0.28744,NA,NA,1,NA,1,NA,NA,0
"Dc36767","locus039",1,1,NA,NA,1,NA,1,NA,NA,0
"Dc36767","locus040",1,1,NA,NA,1,NA,1,NA,NA,0
"Dc36767","locus041",1,1,NA,1,1,NA,1,NA,NA,0
"Dc36767","locus045",1,1,NA,NA,0.38232,NA,1,NA,NA,0
"Dc36767","locus047",1,1,NA,NA,1,NA,1,NA,NA,0
"Dc36767","locus048",1,1,NA,NA,1,NA,1,NA,NA,0
"Dc36767","locus053",1,1,NA,1,1,NA,1,NA,NA,0
"Dc36767","locus055",0.939738,0.430776,NA,NA,0.96856,NA,0.96856,NA,NA,0
"Dc36767","locus056",1,1,NA,NA,1,NA,1,NA,NA,0
"Dc36767","locus058",1,1,NA,NA,1,NA,1,NA,NA,0
"Dc36767","locus060",1,1,NA,NA,1,NA,1,NA,NA,0
"Dc36767","locus061",1,1,NA,NA,1,NA,1,NA,NA,0
"Dc36767","locus062",1,1,NA,1,1,NA,1,NA,NA,0
"Dc36767","locus064",1,1,1,NA,1,NA,1,NA,NA,0
"Dc36767","locus065",1,0.142072,NA,NA,1,NA,1,NA,NA,0
"Dc36767","locus073",0.840832,1,NA,NA,1,NA,1,NA,NA,0
"Dc36767","locus074",1,1,NA,NA,1,NA,1,NA,NA,0
"Dc36767","locus076",1,1,NA,NA,1,NA,1,NA,NA,0
"Dc36767","locus077",1,1,NA,NA,1,NA,1,NA,NA,0
"Dc36767","locus080",0.844152,0.844152,NA,NA,0.844152,NA,0.844152,NA,NA,0
"Dc36767","locus083",1,1,NA,NA,1,NA,0.970696,NA,NA,0
"Dc36767","locus088",0.963832,1,NA,NA,1,NA,1,NA,NA,0
"Dc36767","locus093",1,1,1,NA,1,NA,1,NA,NA,0
"Dc36767","locus096",1,1,NA,NA,1,NA,1,NA,NA,0
"Dc36767","locus098",1,1,NA,NA,1,NA,1,NA,NA,0
"Dc36767","locus100",1,1,NA,NA,1,NA,1,NA,NA,0
"Dc36767","locus106",1,1,NA,NA,1,NA,1,NA,NA,0
"Dc36767","locus110",0.799988,0.799988,NA,NA,NA,NA,0.62856,NA,NA,0
"Dc36767","locus116",1,1,NA,NA,1,NA,1,NA,NA,0
"Dc36767","locus119",1,1,NA,NA,1,NA,1,NA,NA,0
"Dc36767","locus120",1,1,NA,NA,1,NA,1,NA,NA,0
"Dc36767","locus126",0.880326,1,NA,NA,1,NA,0.381552,NA,NA,0
"Dc36767","locus128",0.550096,1,NA,NA,1,NA,1,NA,NA,0
"Dc36767","locus129",1,1,1,NA,1,NA,0.71578,NA,NA,0
"Dc36767","locus130",1,1,NA,NA,1,NA,1,NA,NA,0
"Dc36767","locus134",1,1,NA,NA,1,NA,1,NA,NA,0
"Dc36767","locus135",0.731568,1,NA,NA,1,NA,0.731568,NA,NA,0
"Dc36767","locus137",0.718048,0.86316,NA,NA,0.86316,NA,0.86316,NA,NA,0
"Dc36767","locus139",1,0.6235,1,NA,1,NA,1,NA,NA,0
"Dc36767","locus140",1,0.62527,1,NA,1,NA,1,NA,NA,0
"Dc36767","locus146",0.6402,1,NA,1,1,NA,1,NA,NA,0
"Dc36767","locus148",1,1,NA,NA,1,NA,1,NA,NA,0
"Dc36767","locus151",0.830376,0.948198,NA,NA,0.948198,NA,0.948198,NA,NA,0
"Dc36767","locus161",0.60416,1,NA,NA,1,NA,1,NA,NA,0
"Dc36767","locus165",1,1,NA,NA,1,NA,1,NA,NA,0
"Dc36767","locus170",1,1,NA,NA,1,NA,1,NA,NA,0
"Dc36767","locus176",1,1,NA,NA,1,NA,1,NA,NA,0
"Dc36767","locus184",1,1,1,NA,1,NA,1,NA,NA,0
"Dc36767","locus186",1,1,NA,NA,1,NA,1,NA,NA,0
"Dc36767","locus188",0.691134,0.9582,NA,NA,0.9582,NA,0.226528,NA,NA,0
"Dc36767","locus189",0.17608,1,1,NA,1,NA,1,NA,NA,0
"Dc36767","locus190",0.728096,0.71651,1,NA,1,NA,1,NA,NA,0
"Dc36767","locus191",0.631808,0.14424,NA,NA,0.631808,NA,0.403296,NA,NA,0
"Dc36767","locus192",1,1,NA,NA,1,NA,1,NA,NA,0
"Dc36767","locus195",1,1,1,NA,1,NA,1,NA,NA,0
"Dc36767","locus202",1,1,NA,NA,1,NA,1,NA,NA,0
"Dc36767","locus210",1,1,NA,NA,0.91764,NA,1,NA,NA,0
"Dc36767","locus215",1,1,NA,NA,1,NA,1,NA,NA,0
"Dc36767","locus227",0.47826,1,1,NA,1,NA,1,NA,NA,0
"Dc36767","locus231",1,1,NA,NA,1,NA,0.928176,NA,NA,0
"Dc36767","locus235",1,1,NA,NA,1,NA,1,NA,NA,0
"Dc36767","locus236",0.08652,0.317736,NA,NA,1,NA,1,NA,NA,0
"Dc36767","locus237",1,1,NA,NA,1,NA,1,NA,NA,0
"Dc36767","locus239",1,0.188832,NA,NA,1,NA,0.950868,NA,NA,0
"Dc36767","locus248",1,1,NA,NA,1,NA,0.341448,NA,NA,0
"Dc36767","locus255",1,1,1,NA,1,NA,NA,NA,NA,0
"Dc36767","locus256",0.09033,1,NA,1,1,NA,0.450016,NA,NA,0
"Dc36767","locus263",1,1,1,1,1,NA,1,NA,NA,0
"Dc36767","locus264",1,1,NA,NA,1,NA,0.795632,NA,NA,0
"Dc36767","locus274",1,1,NA,NA,1,NA,0.979616,NA,NA,0
"Dc36767","locus282",1,1,NA,NA,1,NA,1,NA,NA,0
"Dc36767","locus286",0.997056,1,NA,NA,1,NA,1,NA,NA,0
"Dc36767","locus291",0.05864,0.073408,1,NA,0.857556,NA,1,NA,NA,0
"Dc36767","locus292",1,1,NA,NA,1,NA,0.712848,NA,NA,0
"Dc36767","locus296",1,1,NA,NA,1,NA,1,NA,NA,0
"Dc36767","locus301",1,1,NA,NA,1,NA,1,NA,NA,0
"Dc36767","locus314",1,0.789464,NA,NA,1,NA,0.799188,NA,NA,0
"Dc36767","locus321",1,1,NA,1,0.99955,NA,1,NA,NA,0
"Dc36767","locus322",1,1,1,NA,1,NA,0.29081,NA,NA,0
"Dc36767","locus323",0.738216,1,NA,NA,0.342368,NA,0.888304,NA,NA,0
"Dc36767","locus329",1,1,NA,NA,0.918888,NA,1,NA,NA,0
"Dc36767","locus332",0.390816,1,NA,NA,1,NA,1,NA,NA,0
"Dc36767","locus349",1,1,NA,NA,1,NA,0.51192,NA,NA,0
"Dc36767","locus358",1,1,NA,1,1,NA,1,NA,NA,0
"Dc36767","locus359",1,1,NA,NA,1,NA,1,NA,NA,0
"Dc36767","locus360",1,1,NA,NA,1,NA,0.372368,NA,NA,0
"Dc40235","Dc41234",0.360816,1,1,NA,1,NA,1,NA,0.70804,0
"Dc40235","Dc46984",1,1,NA,NA,1,NA,1,NA,1,0
"Dc40235","Dc47572",0.992268,1,NA,NA,1,NA,1,1,1,0
"Dc40235","Dc47935",1,1,NA,NA,1,NA,1,NA,1,0
"Dc40235","Dc48207",1,1,1,NA,1,1,1,NA,1,0
"Dc40235","Dc48950",1,1,NA,1,1,NA,1,NA,1,0
"Dc40235","Dc49080",1,1,NA,1,1,NA,1,NA,1,0
"Dc40235","Dc49184",1,1,NA,NA,1,NA,1,NA,0.22749,0
"Dc40235","Dc51020",1,1,NA,NA,1,NA,0.42773,NA,1,0
"Dc40235","Dc52523",1,1,NA,NA,1,NA,1,NA,1,0
"Dc40235","Dc55481",1,1,NA,NA,1,NA,0.531264,1,1,0
"Dc40235","Dc58248",0.653076,1,NA,NA,1,1,1,NA,1,0
"Dc40235","Dc62188",1,0.85728,NA,1,0.85728,NA,1,NA,1,0
"Dc40235","Dc67011",1,1,NA,1,1,NA,1,NA,1,0
"Dc40235","locus002",1,1,NA,NA,1,NA,1,NA,1,0
"Dc40235","locus003",1,1,NA,NA,0.69952,NA,1,NA,1,0
"Dc40235","locus004",0.9704,1,NA,NA,1,NA,1,NA,1,0
"Dc40235","locus005",0.55102,1,NA,NA,1,1,0.436032,NA,1,0
"Dc40235","locus006",1,1,1,NA,1,NA,1,1,1,0
"Dc40235","locus008",1,1,NA,NA,1,NA,1,NA,1,0
"Dc40235","locus013",0.97862,1,NA,NA,1,NA,1,NA,1,0
"Dc40235","locus014",1,1,1,NA,1,1,1,NA,1,0
"Dc40235","locus022",1,1,NA,NA,1,NA,0.73825,NA,1,0
"Dc40235","locus024",1,1,NA,NA,1,NA,1,NA,1,0
"Dc40235","locus025",1,1,NA,NA,1,NA,1,NA,1,0
"Dc40235","locus027",1,1,NA,NA,1,NA,1,NA,1,0
"Dc40235","locus030",1,1,NA,NA,1,NA,0.179676,1,1,0
"Dc40235","locus035",1,0.213504,NA,NA,1,1,1,NA,1,0
"Dc40235","locus038",1,1,NA,NA,1,NA,1,NA,1,0
"Dc40235","locus039",1,1,NA,NA,1,1,1,NA,1,0
"Dc40235","locus040",1,1,NA,NA,1,NA,1,NA,1,0
"Dc40235","locus041",1,1,NA,1,1,NA,1,NA,1,0
"Dc40235","locus045",1,1,NA,NA,1,NA,1,NA,1,0
"Dc40235","locus047",1,1,NA,NA,1,1,1,0.990598,1,0
"Dc40235","locus048",0.933996,1,NA,NA,1,NA,1,1,1,0
"Dc40235","locus053",1,1,NA,0.600612,1,NA,1,NA,1,0
"Dc40235","locus055",1,1,NA,NA,1,NA,1,NA,1,0
"Dc40235","locus056",1,1,NA,NA,1,NA,1,NA,1,0
"Dc40235","locus058",1,1,NA,NA,1,NA,1,NA,0.61886,0
"Dc40235","locus060",0.2627,1,NA,NA,1,NA,0.752064,NA,1,0
"Dc40235","locus061",1,1,NA,NA,1,1,1,NA,1,0
"Dc40235","locus062",1,1,NA,1,1,1,1,1,1,0
"Dc40235","locus064",1,1,1,NA,1,NA,1,NA,1,0
"Dc40235","locus065",0.15932,1,NA,NA,1,NA,1,NA,1,0
"Dc40235","locus073",0.14506,1,NA,NA,1,NA,1,NA,1,0
"Dc40235","locus074",1,1,NA,NA,1,NA,1,NA,0.45717,0
"Dc40235","locus076",0.37136,1,NA,NA,1,NA,0.37136,NA,0.11142,0
"Dc40235","locus077",1,1,NA,NA,1,NA,0.42911,NA,1,0
"Dc40235","locus080",1,1,NA,NA,1,NA,1,NA,1,0
"Dc40235","locus083",1,1,NA,NA,0.83254,NA,1,NA,1,0
"Dc40235","locus088",1,0.640446,NA,NA,1,NA,0.11815,NA,0.639488,0
"Dc40235","locus093",1,1,1,NA,1,NA,1,NA,1,0
"Dc40235","locus096",1,1,NA,NA,1,NA,1,NA,1,0
"Dc40235","locus098",1,1,NA,NA,1,NA,1,NA,1,0
"Dc40235","locus100",1,1,NA,NA,1,NA,1,NA,1,0
"Dc40235","locus106",0.857076,1,1,NA,1,NA,1,NA,1,0
"Dc40235","locus110",0.874614,1,NA,NA,NA,NA,0.874614,NA,NA,0
"Dc40235","locus116",1,1,NA,NA,1,NA,0.772504,NA,NA,0
"Dc40235","locus119",1,1,NA,NA,1,NA,0.191072,NA,NA,0
"Dc40235","locus120",1,1,NA,NA,1,NA,1,1,NA,0
"Dc40235","locus126",1,1,NA,NA,1,NA,1,NA,NA,0
"Dc40235","locus128",1,1,NA,NA,0.56852,NA,1,NA,NA,0
"Dc40235","locus129",1,1,1,NA,1,NA,1,NA,NA,0
"Dc40235","locus130",1,1,1,NA,1,NA,1,NA,NA,0
"Dc40235","locus134",1,0.53606,NA,NA,1,1,1,NA,NA,0
"Dc40235","locus135",0.819308,0.819308,NA,NA,0.425214,NA,0.266872,NA,NA,0
"Dc40235","locus139",1,1,1,NA,1,NA,0.2313,1,NA,0
"Dc40235","locus140",1,1,1,NA,1,NA,0.191,NA,NA,0
"Dc40235","locus146",1,1,NA,1,1,NA,1,NA,NA,0
"Dc40235","locus148",1,1,NA,NA,1,1,1,NA,NA,0
"Dc40235","locus151",1,1,NA,NA,1,NA,0.412192,NA,NA,0
"Dc40235","locus157",1,1,NA,1,1,NA,1,NA,NA,0
"Dc40235","locus161",1,1,NA,NA,0.856248,1,1,1,NA,0
"Dc40235","locus165",0.914502,1,NA,NA,1,NA,0.263368,NA,NA,0
"Dc40235","locus170",1,1,NA,NA,1,NA,1,NA,NA,0
"Dc40235","locus176",1,1,1,NA,1,NA,1,NA,NA,0
"Dc40235","locus184",1,1,1,NA,1,NA,1,NA,NA,0
"Dc40235","locus186",1,1,NA,NA,1,NA,1,NA,NA,0
"Dc40235","locus188",0.33948,1,1,NA,1,NA,1,NA,NA,0
"Dc40235","locus189",1,1,1,NA,1,NA,1,NA,NA,0
"Dc40235","locus190",1,1,1,NA,1,NA,1,NA,NA,0
"Dc40235","locus191",0.744258,1,NA,NA,1,NA,0.288008,NA,NA,0
"Dc40235","locus192",1,1,NA,NA,1,1,0.16126,NA,NA,0
"Dc40235","locus195",1,1,1,NA,1,1,1,NA,NA,0
"Dc40235","locus202",0.63908,1,NA,NA,1,NA,1,NA,NA,0
"Dc40235","locus210",1,1,NA,NA,1,NA,0.98004,1,NA,0
"Dc40235","locus215",0.776288,1,NA,NA,1,NA,0.776288,NA,NA,0
"Dc40235","locus227",1,1,1,NA,1,NA,0.77669,NA,NA,0
"Dc40235","locus231",0.251232,1,NA,NA,1,NA,1,NA,NA,0
"Dc40235","locus235",1,0.429904,NA,NA,1,NA,1,NA,NA,0
"Dc40235","locus236",0.530192,1,NA,NA,1,NA,1,NA,NA,0
"Dc40235","locus237",1,1,NA,NA,1,NA,1,NA,NA,0
"Dc40235","locus239",1,1,NA,NA,1,NA,0.60184,NA,NA,0
"Dc40235","locus248",1,1,NA,NA,1,NA,1,1,NA,0
"Dc40235","locus255",1,1,1,NA,1,NA,NA,NA,NA,0
"Dc40235","locus256",1,1,NA,1,1,NA,1,NA,NA,0
"Dc40235","locus263",1,1,1,1,1,NA,1,NA,NA,0
"Dc40235","locus264",0.305648,1,NA,NA,1,NA,1,NA,NA,0
"Dc40235","locus274",1,1,NA,NA,1,1,0.19378,NA,NA,0
"Dc40235","locus280",1,1,NA,NA,1,NA,1,1,NA,0
"Dc40235","locus282",1,1,NA,NA,1,1,1,NA,NA,0
"Dc40235","locus286",0.99987,0.993624,NA,NA,0.71267,0.99987,0.99987,NA,NA,0
"Dc40235","locus291",1,1,1,NA,1,NA,1,NA,NA,0
"Dc40235","locus292",1,1,NA,NA,1,1,1,NA,NA,0
"Dc40235","locus296",1,1,NA,NA,1,NA,1,NA,NA,0
"Dc40235","locus301",1,1,NA,NA,1,NA,1,NA,NA,0
"Dc40235","locus314",1,1,NA,NA,1,NA,0.511224,NA,NA,0
"Dc40235","locus321",1,1,NA,1,1,NA,1,0.170508,NA,0
"Dc40235","locus322",1,1,1,NA,1,NA,1,NA,NA,0
"Dc40235","locus323",1,1,NA,NA,1,NA,0.782392,NA,NA,0
"Dc40235","locus329",1,1,NA,NA,1,NA,1,NA,NA,0
"Dc40235","locus332",1,1,NA,NA,1,NA,0.952232,NA,NA,0
"Dc40235","locus349",1,1,NA,NA,1,NA,1,NA,NA,0
"Dc40235","locus358",1,1,NA,1,1,1,0.273696,NA,NA,0
"Dc40235","locus359",1,1,NA,NA,1,NA,1,NA,NA,0
"Dc40235","locus360",0.855024,1,NA,NA,0.855024,NA,0.855024,NA,NA,0
"Dc41234","Dc46984",1,1,NA,NA,0.12482,NA,0.12482,NA,1,0
"Dc41234","Dc47572",1,1,NA,NA,1,NA,1,NA,1,0
"Dc41234","Dc47935",1,1,NA,NA,1,NA,1,NA,1,0
"Dc41234","Dc48207",0.887388,1,1,NA,1,NA,1,NA,1,0
"Dc41234","Dc48950",1,1,NA,1,1,NA,1,NA,1,0
"Dc41234","Dc49184",1,1,NA,NA,1,NA,1,NA,1,0
"Dc41234","Dc51020",1,0.96776,NA,NA,1,NA,1,NA,1,0
"Dc41234","Dc52523",0.54221,1,NA,NA,1,NA,1,NA,1,0
"Dc41234","Dc55481",1,1,NA,NA,1,NA,1,NA,1,0
"Dc41234","Dc58248",0.707376,1,NA,NA,1,NA,0.50252,NA,0.791886,0
"Dc41234","Dc62188",1,1,1,1,0.610764,NA,1,NA,1,0
"Dc41234","Dc67011",1,1,NA,1,0.508044,NA,1,NA,1,0
"Dc41234","locus002",1,1,NA,NA,1,NA,1,NA,1,0
"Dc41234","locus003",1,0.4401,NA,NA,0.4401,NA,1,NA,1,0
"Dc41234","locus004",1,1,NA,NA,1,NA,1,NA,1,0
"Dc41234","locus005",1,1,NA,NA,1,NA,1,NA,1,0
"Dc41234","locus006",0.97477,1,1,NA,1,NA,0.877944,NA,1,0
"Dc41234","locus008",1,1,NA,NA,1,NA,0.19457,NA,1,0
"Dc41234","locus013",1,1,NA,NA,1,NA,1,NA,1,0
"Dc41234","locus014",1,1,NA,NA,1,NA,1,NA,1,0
"Dc41234","locus022",1,1,NA,NA,1,NA,1,NA,1,0
"Dc41234","locus024",1,0.70706,NA,NA,1,NA,1,NA,1,0
"Dc41234","locus025",1,1,NA,NA,1,NA,1,NA,1,0
"Dc41234","locus027",1,1,NA,NA,1,NA,0.32465,NA,1,0
"Dc41234","locus030",0.703136,1,NA,NA,0.426,NA,0.703136,NA,0.703136,0
"Dc41234","locus035",1,1,NA,NA,1,NA,0.791832,NA,0.70256,0
"Dc41234","locus038",1,1,NA,NA,1,NA,1,NA,1,0
"Dc41234","locus039",0.71903,1,NA,NA,1,NA,1,NA,0.71903,0
"Dc41234","locus040",1,1,NA,NA,1,NA,1,NA,1,0
"Dc41234","locus041",0.841956,1,NA,1,1,NA,1,NA,1,0
"Dc41234","locus045",0.44866,0.44866,NA,NA,1,NA,1,NA,1,0
"Dc41234","locus047",1,1,NA,NA,1,NA,1,NA,1,0
"Dc41234","locus048",1,1,NA,NA,1,NA,1,NA,1,0
"Dc41234","locus053",0.38809,1,NA,1,1,NA,0.38809,NA,0.381612,0
"Dc41234","locus055",0.08196,1,1,NA,1,NA,0.99749,NA,1,0
"Dc41234","locus056",1,1,NA,NA,1,NA,1,NA,1,0
"Dc41234","locus058",1,1,NA,NA,1,NA,1,NA,1,0
"Dc41234","locus060",0.05288,1,NA,NA,1,NA,1,NA,1,0
"Dc41234","locus061",1,0.70799,NA,NA,1,NA,1,NA,1,0
"Dc41234","locus062",1,1,NA,1,1,NA,0.892032,NA,1,0
"Dc41234","locus064",0.436224,0.72154,1,NA,1,NA,1,NA,1,0
"Dc41234","locus065",1,1,NA,NA,1,NA,1,NA,1,0
"Dc41234","locus073",1,1,NA,NA,1,NA,1,NA,1,0
"Dc41234","locus074",0.11193,0.838304,NA,NA,1,NA,1,NA,1,0
"Dc41234","locus076",1,1,NA,NA,1,NA,0.8413,NA,1,0
"Dc41234","locus077",1,1,NA,NA,1,NA,1,NA,1,0
"Dc41234","locus080",1,1,1,NA,1,NA,1,NA,1,0
"Dc41234","locus083",1,1,NA,NA,1,NA,1,NA,1,0
"Dc41234","locus088",1,1,NA,NA,1,NA,1,NA,1,0
"Dc41234","locus093",1,1,1,NA,1,NA,1,NA,1,0
"Dc41234","locus096",1,0.72487,NA,NA,1,NA,1,NA,1,0
"Dc41234","locus098",1,1,NA,NA,1,NA,1,NA,1,0
"Dc41234","locus100",1,1,NA,NA,1,NA,1,NA,1,0
"Dc41234","locus106",0.45426,1,NA,NA,1,NA,0.807016,NA,1,0
"Dc41234","locus110",0.572688,1,NA,NA,NA,NA,1,NA,NA,0
"Dc41234","locus116",1,1,NA,NA,1,NA,1,NA,NA,0
"Dc41234","locus119",0.581968,1,NA,NA,0.71625,NA,1,NA,NA,0
"Dc41234","locus120",0.332888,1,NA,NA,1,NA,1,NA,NA,0
"Dc41234","locus126",1,1,NA,NA,1,NA,1,NA,NA,0
"Dc41234","locus128",1,1,NA,NA,1,NA,1,NA,NA,0
"Dc41234","locus129",1,1,1,NA,0.70913,NA,1,NA,NA,0
"Dc41234","locus130",1,1,NA,NA,1,NA,1,NA,NA,0
"Dc41234","locus134",1,1,NA,NA,1,NA,1,NA,NA,0
"Dc41234","locus135",0.638816,1,NA,NA,1,NA,1,NA,NA,0
"Dc41234","locus137",1,1,NA,NA,1,NA,1,NA,NA,0
"Dc41234","locus139",1,1,1,NA,0.99969,NA,1,NA,NA,0
"Dc41234","locus140",1,1,1,NA,0.98765,NA,1,NA,NA,0
"Dc41234","locus146",1,1,NA,1,1,NA,1,NA,NA,0
"Dc41234","locus148",1,1,NA,NA,1,NA,0.845032,NA,NA,0
"Dc41234","locus151",0.503562,1,NA,NA,1,NA,0.188512,NA,NA,0
"Dc41234","locus157",1,1,NA,1,1,NA,1,NA,NA,0
"Dc41234","locus161",1,1,NA,NA,1,NA,1,NA,NA,0
"Dc41234","locus165",1,1,1,NA,1,NA,1,NA,NA,0
"Dc41234","locus170",0.299888,0.87166,NA,NA,0.608016,NA,0.777072,NA,NA,0
"Dc41234","locus176",1,1,NA,NA,1,NA,1,NA,NA,0
"Dc41234","locus184",0.15162,1,1,NA,1,NA,1,NA,NA,0
"Dc41234","locus186",0.142384,1,NA,NA,1,NA,0.675024,NA,NA,0
"Dc41234","locus188",1,0.712672,NA,NA,1,NA,1,NA,NA,0
"Dc41234","locus189",1,1,1,NA,0.43984,NA,0.77532,NA,NA,0
"Dc41234","locus190",1,0.42304,1,NA,1,NA,1,NA,NA,0
"Dc41234","locus191",1,1,NA,NA,1,NA,1,NA,NA,0
"Dc41234","locus192",0.403456,1,NA,NA,1,NA,1,NA,NA,0
"Dc41234","locus195",1,1,1,NA,1,NA,1,NA,NA,0
"Dc41234","locus202",1,1,NA,NA,1,NA,1,NA,NA,0
"Dc41234","locus210",0.99592,1,NA,NA,1,NA,1,NA,NA,0
"Dc41234","locus215",0.87328,1,NA,NA,1,NA,1,NA,NA,0
"Dc41234","locus227",1,1,1,NA,1,NA,1,NA,NA,0
"Dc41234","locus231",0.376912,1,NA,NA,1,NA,0.376912,NA,NA,0
"Dc41234","locus235",0.894654,0.131192,NA,NA,1,NA,1,NA,NA,0
"Dc41234","locus236",1,1,NA,NA,0.790272,NA,1,NA,NA,0
"Dc41234","locus237",1,1,NA,NA,1,NA,0.532488,NA,NA,0
"Dc41234","locus239",1,1,NA,NA,1,NA,1,NA,NA,0
"Dc41234","locus248",1,1,NA,NA,1,NA,1,NA,NA,0
"Dc41234","locus255",0.468792,1,1,NA,0.706992,NA,NA,NA,NA,0
"Dc41234","locus256",1,1,NA,1,1,NA,1,NA,NA,0
"Dc41234","locus263",0.320568,1,1,1,1,NA,1,NA,NA,0
"Dc41234","locus264",1,1,NA,NA,1,NA,1,NA,NA,0
"Dc41234","locus274",0.283578,1,NA,NA,0.260072,NA,1,NA,NA,0
"Dc41234","locus280",0.198144,0.884712,NA,NA,1,NA,1,NA,NA,0
"Dc41234","locus282",1,1,NA,NA,1,NA,0.702304,NA,NA,0
"Dc41234","locus286",1,1,NA,NA,1,NA,0.132832,NA,NA,0
"Dc41234","locus291",0.944608,0.44521,1,NA,0.944608,NA,1,NA,NA,0
"Dc41234","locus292",1,1,NA,NA,0.330968,NA,1,NA,NA,0
"Dc41234","locus296",1,1,NA,NA,1,NA,1,NA,NA,0
"Dc41234","locus301",1,1,NA,NA,0.264576,NA,1,NA,NA,0
"Dc41234","locus314",1,1,NA,NA,1,NA,0.603744,NA,NA,0
"Dc41234","locus321",1,1,NA,1,1,NA,1,NA,NA,0
"Dc41234","locus322",0.82896,1,1,NA,1,NA,1,NA,NA,0
"Dc41234","locus323",1,0.265218,NA,NA,1,NA,0.07496,NA,NA,0
"Dc41234","locus329",0.515552,1,NA,NA,1,NA,1,NA,NA,0
"Dc41234","locus332",1,0.963192,NA,NA,1,NA,0.963192,NA,NA,0
"Dc41234","locus349",1,1,1,NA,1,NA,0.52809,NA,NA,0
"Dc41234","locus358",1,1,NA,1,1,NA,1,NA,NA,0
"Dc41234","locus359",1,1,NA,NA,1,NA,0.871168,NA,NA,0
"Dc41234","locus360",1,1,NA,NA,1,NA,0.340048,NA,NA,0
"Dc46984","Dc47572",1,1,NA,1,1,NA,1,1,1,0
"Dc46984","Dc47935",1,0.06992,NA,NA,1,NA,0.378224,NA,1,0
"Dc46984","Dc48207",1,1,1,NA,1,1,1,NA,1,0
"Dc46984","Dc48950",1,1,NA,1,1,NA,1,NA,1,0
"Dc46984","Dc49080",0.626028,1,NA,1,1,NA,1,NA,1,0
"Dc46984","Dc49184",1,1,NA,NA,1,NA,1,NA,1,0
"Dc46984","Dc51020",0.48947,1,NA,NA,1,NA,1,NA,1,0
"Dc46984","Dc52523",0.855096,1,NA,NA,1,1,1,NA,1,0
"Dc46984","Dc55481",0.566286,1,1,NA,1,NA,1,1,1,0
"Dc46984","Dc58248",1,1,NA,NA,1,1,1,NA,1,0
"Dc46984","Dc62188",1,1,NA,1,1,NA,0.460752,NA,1,0
"Dc46984","Dc67011",1,1,NA,1,1,NA,1,NA,1,0
"Dc46984","locus002",1,1,NA,NA,1,NA,1,NA,1,0
"Dc46984","locus003",1,1,NA,NA,1,NA,0.99106,NA,1,0
"Dc46984","locus004",1,0.17838,NA,NA,1,NA,1,NA,1,0
"Dc46984","locus005",1,1,NA,NA,1,NA,1,NA,1,0
"Dc46984","locus006",1,1,1,NA,1,NA,1,1,1,0
"Dc46984","locus008",1,1,NA,NA,0.5719,NA,1,NA,1,0
"Dc46984","locus013",1,1,NA,NA,1,1,1,NA,1,0
"Dc46984","locus014",1,1,NA,NA,1,1,1,NA,0.228888,0
"Dc46984","locus022",1,1,NA,NA,1,NA,1,NA,1,0
"Dc46984","locus024",1,0.28865,NA,NA,1,NA,1,NA,1,0
"Dc46984","locus025",0.110672,1,NA,NA,1,NA,0.06718,NA,1,0
"Dc46984","locus027",1,1,NA,NA,1,NA,1,NA,1,0
"Dc46984","locus030",1,1,NA,NA,0.170184,NA,1,1,1,0
"Dc46984","locus035",1,1,NA,NA,1,1,1,NA,1,0
"Dc46984","locus038",0.45642,1,NA,NA,0.783088,NA,0.783088,NA,1,0
"Dc46984","locus039",1,1,NA,NA,1,1,1,NA,1,0
"Dc46984","locus040",1,1,1,NA,0.864276,NA,1,NA,1,0
"Dc46984","locus041",1,1,1,1,1,NA,1,NA,1,0
"Dc46984","locus045",1,1,NA,NA,1,NA,0.77312,NA,1,0
"Dc46984","locus047",1,1,NA,NA,1,1,0.611548,1,1,0
"Dc46984","locus048",1,1,NA,NA,1,NA,0.260304,1,1,0
"Dc46984","locus053",1,1,NA,NA,1,NA,1,NA,1,0
"Dc46984","locus055",1,1,NA,NA,1,NA,1,NA,1,0
"Dc46984","locus056",1,1,NA,NA,1,NA,1,NA,1,0
"Dc46984","locus058",0.18306,1,0.83203,NA,1,NA,1,NA,0.984032,0
"Dc46984","locus060",0.56268,0.56268,NA,NA,0.74722,NA,0.15869,NA,0.74722,0
"Dc46984","locus061",1,1,NA,NA,1,1,1,NA,1,0
"Dc46984","locus062",0.650672,1,NA,1,1,1,1,1,1,0
"Dc46984","locus064",1,1,1,NA,1,NA,1,NA,1,0
"Dc46984","locus065",0.303624,1,1,NA,1,NA,1,NA,1,0
"Dc46984","locus073",0.93809,1,NA,NA,0.93809,NA,1,NA,1,0
"Dc46984","locus074",1,1,NA,NA,1,NA,1,NA,1,0
"Dc46984","locus076",1,1,NA,NA,1,1,1,NA,1,0
"Dc46984","locus077",0.96562,0.753144,NA,NA,0.96562,NA,0.442688,NA,0.19216,0
"Dc46984","locus080",1,1,NA,NA,1,NA,1,NA,1,0
"Dc46984","locus083",1,1,NA,NA,1,NA,1,NA,0.9012,0
"Dc46984","locus088",1,1,1,NA,1,NA,1,NA,1,0
"Dc46984","locus093",1,1,1,NA,1,NA,1,NA,1,0
"Dc46984","locus096",1,1,NA,NA,1,NA,1,NA,1,0
"Dc46984","locus098",1,1,NA,NA,1,NA,1,NA,1,0
"Dc46984","locus100",1,0.915,NA,NA,1,NA,0.11225,NA,1,0
"Dc46984","locus106",0.69246,1,NA,NA,1,NA,1,NA,1,0
"Dc46984","locus110",1,1,NA,NA,NA,NA,1,NA,NA,0
"Dc46984","locus116",1,1,1,NA,1,NA,1,NA,NA,0
"Dc46984","locus119",1,1,NA,NA,1,NA,1,NA,NA,0
"Dc46984","locus120",1,1,NA,1,1,NA,1,1,NA,0
"Dc46984","locus126",1,1,NA,NA,1,NA,1,NA,NA,0
"Dc46984","locus128",0.974256,1,NA,NA,1,NA,1,NA,NA,0
"Dc46984","locus130",0.476376,1,NA,NA,1,NA,0.937092,NA,NA,0
"Dc46984","locus134",1,0.71807,NA,NA,1,1,0.866224,NA,NA,0
"Dc46984","locus135",1,1,NA,NA,1,NA,1,NA,NA,0
"Dc46984","locus137",1,1,NA,NA,1,NA,1,NA,NA,0
"Dc46984","locus139",1,1,1,NA,1,NA,0.511836,1,NA,0
"Dc46984","locus140",1,1,1,NA,1,NA,0.43715,NA,NA,0
"Dc46984","locus146",1,1,NA,1,1,NA,0.10263,NA,NA,0
"Dc46984","locus148",1,1,NA,NA,1,1,1,NA,NA,0
"Dc46984","locus151",1,0.922376,NA,NA,1,NA,1,NA,NA,0
"Dc46984","locus157",1,1,1,1,1,NA,0.146616,NA,NA,0
"Dc46984","locus161",1,1,1,NA,1,1,1,1,NA,0
"Dc46984","locus165",1,1,NA,NA,0.79572,NA,0.81516,NA,NA,0
"Dc46984","locus170",1,0.18136,1,NA,1,NA,1,NA,NA,0
"Dc46984","locus184",1,1,1,NA,1,NA,1,NA,NA,0
"Dc46984","locus186",0.306184,1,NA,NA,1,NA,1,NA,NA,0
"Dc46984","locus188",0.090144,1,NA,NA,1,NA,1,NA,NA,0
"Dc46984","locus189",1,1,1,NA,0.14676,NA,1,NA,NA,0
"Dc46984","locus190",1,1,1,NA,1,NA,1,NA,NA,0
"Dc46984","locus191",1,1,1,NA,1,NA,0.45629,NA,NA,0
"Dc46984","locus192",1,1,NA,NA,1,1,1,NA,NA,0
"Dc46984","locus195",1,1,1,NA,1,1,1,NA,NA,0
"Dc46984","locus202",0.993808,1,NA,NA,1,NA,1,NA,NA,0
"Dc46984","locus210",1,1,NA,NA,1,NA,1,1,NA,0
"Dc46984","locus215",0.735342,0.735342,NA,NA,1,NA,0.05492,NA,NA,0
"Dc46984","locus227",0.22108,1,1,NA,1,NA,1,NA,NA,0
"Dc46984","locus231",0.25964,0.910088,1,NA,1,NA,1,NA,NA,0
"Dc46984","locus235",1,1,1,NA,1,NA,1,NA,NA,0
"Dc46984","locus236",1,1,NA,NA,1,NA,0.1098,NA,NA,0
"Dc46984","locus237",1,1,1,NA,1,NA,1,NA,NA,0
"Dc46984","locus239",1,0.857576,NA,NA,1,NA,1,NA,NA,0
"Dc46984","locus248",1,1,NA,NA,1,NA,1,1,NA,0
"Dc46984","locus255",1,1,1,NA,0.568376,NA,NA,NA,NA,0
"Dc46984","locus256",1,1,NA,1,1,NA,0.20328,NA,NA,0
"Dc46984","locus263",1,1,NA,1,1,NA,1,NA,NA,0
"Dc46984","locus264",1,1,NA,NA,1,NA,1,NA,NA,0
"Dc46984","locus274",0.30566,0.86871,NA,NA,0.86871,1,0.30566,NA,NA,0
"Dc46984","locus280",1,1,NA,NA,0.936996,NA,0.65191,0.790792,NA,0
"Dc46984","locus282",1,1,NA,NA,1,1,0.70403,NA,NA,0
"Dc46984","locus286",0.59702,1,NA,NA,1,1,1,NA,NA,0
"Dc46984","locus291",1,1,1,NA,1,NA,1,NA,NA,0
"Dc46984","locus292",1,0.07063,NA,NA,1,1,1,NA,NA,0
"Dc46984","locus296",1,1,NA,NA,1,NA,1,NA,NA,0
"Dc46984","locus301",1,1,NA,NA,1,NA,1,NA,NA,0
"Dc46984","locus314",0.9266,1,NA,NA,1,NA,1,NA,NA,0
"Dc46984","locus321",1,1,NA,1,0.693288,NA,1,1,NA,0
"Dc46984","locus322",1,0.565072,NA,NA,1,NA,1,NA,NA,0
"Dc46984","locus323",1,1,NA,NA,1,NA,1,NA,NA,0
"Dc46984","locus329",1,0.911312,NA,NA,0.911312,NA,1,NA,NA,0
"Dc46984","locus332",0.854312,1,NA,NA,1,NA,0.94278,NA,NA,0
"Dc46984","locus349",1,1,NA,NA,1,NA,1,NA,NA,0
"Dc46984","locus358",1,1,NA,1,1,1,1,NA,NA,0
"Dc46984","locus359",1,0.862424,NA,NA,1,NA,1,NA,NA,0
"Dc46984","locus360",1,1,NA,NA,1,NA,1,NA,NA,0
"Dc47572","Dc47935",1,1,NA,NA,1,NA,1,NA,1,0
"Dc47572","Dc48207",1,1,1,NA,1,1,1,NA,1,0
"Dc47572","Dc49080",1,1,NA,1,1,NA,1,NA,1,0
"Dc47572","Dc51020",1,1,NA,NA,1,NA,1,NA,1,0
"Dc47572","Dc52523",1,1,NA,NA,1,NA,1,NA,1,0
"Dc47572","Dc55481",0.537992,1,1,NA,1,NA,1,1,1,0
"Dc47572","Dc58248",0.355872,1,NA,NA,1,1,1,NA,1,0
"Dc47572","Dc62188",1,1,NA,1,1,1,1,NA,0.161308,0
"Dc47572","Dc67011",1,1,NA,1,1,NA,1,NA,1,0
"Dc47572","locus002",1,1,NA,NA,1,NA,1,NA,1,0
"Dc47572","locus003",1,1,NA,NA,1,NA,1,NA,0.18617,0
"Dc47572","locus004",1,1,NA,NA,1,NA,1,NA,1,0
"Dc47572","locus005",1,1,NA,NA,1,NA,1,NA,1,0
"Dc47572","locus006",1,1,1,NA,1,NA,1,1,1,0
"Dc47572","locus008",1,1,NA,NA,1,NA,0.80949,NA,1,0
"Dc47572","locus013",1,1,NA,NA,1,NA,1,NA,1,0
"Dc47572","locus014",1,1,NA,NA,1,1,1,NA,1,0
"Dc47572","locus022",1,1,NA,NA,1,NA,1,NA,1,0
"Dc47572","locus024",1,1,NA,NA,1,NA,1,NA,1,0
"Dc47572","locus025",0.58945,1,NA,NA,1,NA,0.958472,NA,1,0
"Dc47572","locus027",1,1,NA,NA,1,NA,1,NA,1,0
"Dc47572","locus030",1,1,NA,NA,1,NA,1,1,1,0
"Dc47572","locus035",0.933624,1,NA,NA,1,1,1,NA,1,0
"Dc47572","locus038",0.96642,0.96642,NA,NA,0.96642,NA,1,NA,1,0
"Dc47572","locus039",1,1,NA,NA,1,1,1,NA,1,0
"Dc47572","locus040",1,1,1,NA,1,NA,1,NA,1,0
"Dc47572","locus041",1,1,NA,1,1,NA,1,NA,1,0
"Dc47572","locus045",1,1,NA,NA,1,NA,1,NA,1,0
"Dc47572","locus047",1,1,NA,NA,1,1,1,1,1,0
"Dc47572","locus048",0.769092,1,NA,NA,1,NA,1,1,1,0
"Dc47572","locus053",1,1,NA,NA,1,NA,1,NA,1,0
"Dc47572","locus055",0.86682,1,NA,NA,1,NA,1,NA,0.86682,0
"Dc47572","locus056",1,1,NA,NA,1,NA,1,NA,1,0
"Dc47572","locus058",1,1,1,NA,1,NA,1,NA,1,0
"Dc47572","locus060",1,1,NA,NA,1,NA,1,NA,1,0
"Dc47572","locus061",1,1,1,NA,1,1,1,NA,1,0
"Dc47572","locus062",1,1,NA,1,1,1,0.82784,1,1,0
"Dc47572","locus064",0.83444,1,1,NA,1,NA,0.49614,NA,1,0
"Dc47572","locus065",1,0.842028,1,NA,1,NA,1,NA,1,0
"Dc47572","locus073",1,1,NA,NA,1,NA,1,NA,1,0
"Dc47572","locus074",1,1,NA,NA,1,NA,1,NA,1,0
"Dc47572","locus076",1,1,NA,NA,1,NA,0.97113,NA,1,0
"Dc47572","locus077",1,1,NA,NA,1,NA,1,NA,1,0
"Dc47572","locus080",0.10753,1,NA,NA,1,NA,1,NA,1,0
"Dc47572","locus083",1,1,NA,NA,1,NA,1,NA,1,0
"Dc47572","locus088",1,1,1,NA,1,NA,1,NA,0.782592,0
"Dc47572","locus093",1,1,1,NA,1,NA,1,NA,1,0
"Dc47572","locus096",0.791748,1,NA,NA,1,NA,0.592864,NA,0.52723,0
"Dc47572","locus098",1,1,NA,NA,1,NA,1,NA,1,0
"Dc47572","locus100",1,1,NA,NA,1,NA,0.21172,NA,1,0
"Dc47572","locus106",1,1,NA,NA,1,NA,1,NA,1,0
"Dc47572","locus110",0.488332,1,NA,NA,NA,NA,0.147552,NA,NA,0
"Dc47572","locus116",1,1,1,NA,1,NA,1,NA,NA,0
"Dc47572","locus119",1,1,NA,NA,1,NA,1,NA,NA,0
"Dc47572","locus120",1,1,NA,1,1,NA,1,1,NA,0
"Dc47572","locus126",1,1,1,NA,1,NA,1,NA,NA,0
"Dc47572","locus128",1,0.44662,1,NA,1,NA,1,NA,NA,0
"Dc47572","locus129",1,1,NA,NA,1,NA,1,NA,NA,0
"Dc47572","locus130",1,1,NA,NA,1,NA,1,NA,NA,0
"Dc47572","locus134",1,1,NA,NA,1,1,0.80383,NA,NA,0
"Dc47572","locus135",1,1,NA,NA,1,NA,1,NA,NA,0
"Dc47572","locus137",1,1,NA,NA,1,NA,1,NA,NA,0
"Dc47572","locus139",1,1,1,NA,1,NA,1,1,NA,0
"Dc47572","locus140",1,1,1,NA,1,NA,1,NA,NA,0
"Dc47572","locus146",1,1,NA,1,1,NA,0.33591,NA,NA,0
"Dc47572","locus148",1,1,NA,NA,1,1,0.9522,NA,NA,0
"Dc47572","locus151",1,1,NA,NA,1,NA,1,NA,NA,0
"Dc47572","locus157",0.57824,0.706768,NA,NA,0.706768,NA,0.57824,NA,NA,0
"Dc47572","locus161",1,1,1,NA,1,1,1,1,NA,0
"Dc47572","locus165",0.9608,0.873936,NA,NA,0.934536,NA,0.21904,NA,NA,0
"Dc47572","locus170",1,1,1,NA,1,NA,1,NA,NA,0
"Dc47572","locus176",1,1,NA,NA,1,NA,1,NA,NA,0
"Dc47572","locus184",0.858368,1,1,NA,0.23986,NA,1,NA,NA,0
"Dc47572","locus186",0.919336,1,NA,NA,0.919336,NA,0.919336,NA,NA,0
"Dc47572","locus189",0.47081,1,1,NA,1,NA,1,NA,NA,0
"Dc47572","locus190",1,0.42454,1,NA,1,NA,1,NA,NA,0
"Dc47572","locus191",1,1,NA,NA,1,NA,1,NA,NA,0
"Dc47572","locus192",1,1,NA,NA,1,1,1,NA,NA,0
"Dc47572","locus195",1,1,1,NA,1,NA,1,NA,NA,0
"Dc47572","locus202",0.494652,0.494652,NA,NA,0.494652,NA,0.193624,NA,NA,0
"Dc47572","locus210",0.35471,1,NA,NA,1,NA,1,1,NA,0
"Dc47572","locus215",1,0.318112,NA,NA,1,NA,0.318112,NA,NA,0
"Dc47572","locus227",1,1,1,NA,1,NA,0.66393,NA,NA,0
"Dc47572","locus231",1,1,NA,NA,1,NA,0.615976,NA,NA,0
"Dc47572","locus235",0.87002,0.87002,1,NA,0.87002,NA,0.87002,NA,NA,0
"Dc47572","locus236",1,1,NA,NA,1,NA,1,NA,NA,0
"Dc47572","locus237",0.89913,1,1,NA,1,NA,1,NA,NA,0
"Dc47572","locus248",1,0.72081,NA,NA,1,NA,1,1,NA,0
"Dc47572","locus255",1,1,1,NA,1,NA,NA,NA,NA,0
"Dc47572","locus256",1,1,NA,1,1,NA,0.92145,NA,NA,0
"Dc47572","locus263",0.7025,0.568512,NA,1,0.568512,NA,0.40105,NA,NA,0
"Dc47572","locus264",1,1,NA,NA,1,NA,1,NA,NA,0
"Dc47572","locus274",1,1,1,NA,1,1,1,NA,NA,0
"Dc47572","locus280",1,0.17331,NA,NA,1,NA,1,1,NA,0
"Dc47572","locus282",1,1,NA,NA,1,1,0.69635,NA,NA,0
"Dc47572","locus286",1,1,NA,NA,1,1,1,NA,NA,0
"Dc47572","locus291",1,0.44076,1,NA,1,NA,1,NA,NA,0
"Dc47572","locus292",0.53005,1,NA,NA,1,1,1,NA,NA,0
"Dc47572","locus296",1,1,NA,NA,1,NA,0.83192,NA,NA,0
"Dc47572","locus301",1,1,NA,NA,1,NA,0.842096,NA,NA,0
"Dc47572","locus314",1,1,NA,NA,1,NA,1,NA,NA,0
"Dc47572","locus321",1,1,NA,1,1,NA,1,1,NA,0
"Dc47572","locus322",0.09824,1,NA,NA,1,NA,1,NA,NA,0
"Dc47572","locus323",1,1,NA,NA,1,NA,1,NA,NA,0
"Dc47572","locus329",1,1,NA,NA,0.56928,1,1,NA,NA,0
"Dc47572","locus349",1,1,NA,NA,1,NA,1,NA,NA,0
"Dc47572","locus358",1,0.84852,NA,1,1,1,1,NA,NA,0
"Dc47572","locus359",1,1,NA,NA,1,NA,1,NA,NA,0
"Dc47935","Dc48207",1,1,1,NA,1,1,1,NA,1,0
"Dc47935","Dc48950",0.230856,1,NA,1,1,NA,1,NA,1,0
"Dc47935","Dc49080",1,1,NA,1,1,NA,1,NA,1,0
"Dc47935","Dc49184",1,1,NA,NA,1,NA,1,NA,1,0
"Dc47935","Dc51020",1,1,NA,NA,1,NA,1,NA,0.90211,0
"Dc47935","Dc52523",0.2744,1,NA,NA,1,NA,1,NA,1,0
"Dc47935","Dc55481",1,1,1,NA,1,NA,1,1,1,0
"Dc47935","Dc58248",1,1,NA,NA,1,1,1,NA,1,0
"Dc47935","Dc62188",1,1,NA,1,0.165864,NA,0.99356,NA,1,0
"Dc47935","Dc67011",1,1,NA,1,0.344016,NA,0.66956,NA,1,0
"Dc47935","locus002",1,1,NA,NA,1,NA,0.298408,NA,0.24492,0
"Dc47935","locus003",1,1,NA,NA,0.14532,NA,0.645256,NA,1,0
"Dc47935","locus004",1,0.53115,NA,NA,1,NA,1,NA,0.53115,0
"Dc47935","locus005",1,1,NA,NA,1,NA,1,NA,1,0
"Dc47935","locus006",1,1,1,NA,1,NA,0.750526,1,1,0
"Dc47935","locus008",1,1,NA,NA,0.99862,NA,1,NA,1,0
"Dc47935","locus013",1,1,NA,NA,1,NA,1,NA,1,0
"Dc47935","locus014",1,1,NA,NA,1,1,1,NA,1,0
"Dc47935","locus022",1,1,NA,NA,1,NA,1,NA,1,0
"Dc47935","locus024",1,0.42707,NA,NA,1,NA,1,NA,1,0
"Dc47935","locus025",1,1,1,NA,1,NA,1,NA,1,0
"Dc47935","locus027",1,1,1,NA,1,NA,1,NA,1,0
"Dc47935","locus030",1,1,NA,NA,1,NA,1,1,1,0
"Dc47935","locus035",1,1,NA,NA,0.57396,1,1,NA,1,0
"Dc47935","locus038",0.85783,1,NA,NA,1,NA,1,NA,1,0
"Dc47935","locus039",0.55794,1,NA,NA,1,1,0.74746,NA,1,0
"Dc47935","locus040",0.256716,1,1,NA,1,NA,1,NA,1,0
"Dc47935","locus041",1,1,NA,1,1,NA,1,NA,1,0
"Dc47935","locus045",1,1,NA,NA,1,NA,0.89539,NA,1,0
"Dc47935","locus047",1,1,NA,NA,1,1,1,1,1,0
"Dc47935","locus048",1,1,NA,NA,1,NA,1,1,1,0
"Dc47935","locus053",1,1,NA,NA,1,NA,1,NA,1,0
"Dc47935","locus055",1,1,NA,NA,1,NA,1,NA,1,0
"Dc47935","locus056",1,1,NA,NA,1,NA,1,NA,1,0
"Dc47935","locus060",0.642568,1,NA,NA,1,NA,0.39286,NA,1,0
"Dc47935","locus061",1,1,NA,NA,1,1,1,NA,1,0
"Dc47935","locus062",1,1,NA,1,1,1,1,1,1,0
"Dc47935","locus064",1,1,1,NA,1,NA,1,NA,1,0
"Dc47935","locus065",1,1,1,NA,1,NA,1,NA,1,0
"Dc47935","locus073",1,1,NA,NA,1,NA,1,NA,1,0
"Dc47935","locus074",1,1,NA,NA,1,NA,1,NA,1,0
"Dc47935","locus076",1,1,NA,NA,1,NA,1,NA,1,0
"Dc47935","locus077",1,0.72106,NA,NA,1,NA,1,NA,0.820528,0
"Dc47935","locus080",1,1,NA,NA,1,NA,0.75496,NA,1,0
"Dc47935","locus083",1,1,NA,NA,0.84362,NA,1,NA,1,0
"Dc47935","locus088",1,1,1,NA,1,NA,1,NA,1,0
"Dc47935","locus093",1,1,1,NA,1,NA,1,NA,1,0
"Dc47935","locus096",1,1,NA,NA,1,NA,0.9872,NA,1,0
"Dc47935","locus098",1,1,NA,NA,1,NA,1,NA,1,0
"Dc47935","locus100",1,0.43217,NA,NA,1,NA,1,NA,1,0
"Dc47935","locus106",0.990792,1,NA,NA,1,NA,0.75439,NA,1,0
"Dc47935","locus110",0.716784,1,NA,NA,NA,NA,0.163614,NA,NA,0
"Dc47935","locus116",1,1,1,NA,1,NA,1,NA,NA,0
"Dc47935","locus119",0.470912,1,NA,NA,1,NA,1,NA,NA,0
"Dc47935","locus120",0.099312,1,NA,1,1,NA,1,1,NA,0
"Dc47935","locus126",1,1,NA,NA,1,NA,0.426152,NA,NA,0
"Dc47935","locus128",1,1,1,NA,1,NA,1,NA,NA,0
"Dc47935","locus129",0.230072,1,NA,NA,1,NA,1,NA,NA,0
"Dc47935","locus130",0.784336,1,NA,NA,0.784336,NA,1,NA,NA,0
"Dc47935","locus134",1,0.790472,NA,NA,0.57585,1,1,NA,NA,0
"Dc47935","locus135",1,1,NA,NA,1,NA,0.799288,NA,NA,0
"Dc47935","locus137",1,1,NA,NA,1,NA,1,NA,NA,0
"Dc47935","locus139",1,1,1,NA,1,NA,1,0.751308,NA,0
"Dc47935","locus140",1,1,1,NA,1,NA,1,NA,NA,0
"Dc47935","locus146",1,1,NA,1,1,NA,1,NA,NA,0
"Dc47935","locus148",1,1,NA,NA,1,1,1,NA,NA,0
"Dc47935","locus151",1,1,NA,NA,1,NA,1,NA,NA,0
"Dc47935","locus157",1,1,NA,NA,1,NA,1,NA,NA,0
"Dc47935","locus161",1,1,1,NA,1,1,1,1,NA,0
"Dc47935","locus165",1,1,NA,NA,1,NA,0.302464,NA,NA,0
"Dc47935","locus170",1,0.44319,1,NA,1,NA,1,NA,NA,0
"Dc47935","locus176",1,1,NA,NA,1,NA,1,NA,NA,0
"Dc47935","locus184",0.92444,1,1,NA,1,NA,1,NA,NA,0
"Dc47935","locus186",1,1,NA,NA,1,NA,1,NA,NA,0
"Dc47935","locus188",1,1,NA,NA,1,1,1,NA,NA,0
"Dc47935","locus189",0.12684,1,1,NA,1,NA,1,NA,NA,0
"Dc47935","locus190",1,1,1,NA,1,1,1,NA,NA,0
"Dc47935","locus191",1,1,NA,NA,1,NA,1,NA,NA,0
"Dc47935","locus192",1,1,NA,NA,1,1,0.38611,NA,NA,0
"Dc47935","locus195",1,1,1,NA,1,NA,1,NA,NA,0
"Dc47935","locus202",1,1,NA,NA,1,NA,0.15716,NA,NA,0
"Dc47935","locus210",1,1,NA,NA,1,NA,1,1,NA,0
"Dc47935","locus215",1,1,1,NA,1,NA,0.06455,NA,NA,0
"Dc47935","locus227",0.56857,1,1,NA,1,NA,1,NA,NA,0
"Dc47935","locus231",0.423904,0.974656,NA,NA,0.974656,NA,0.526128,NA,NA,0
"Dc47935","locus235",1,1,1,NA,1,NA,1,NA,NA,0
"Dc47935","locus236",1,1,NA,NA,1,NA,1,NA,NA,0
"Dc47935","locus237",1,1,1,NA,1,NA,1,NA,NA,0
"Dc47935","locus239",0.943824,0.743224,NA,NA,1,NA,0.743224,NA,NA,0
"Dc47935","locus248",1,1,NA,NA,1,NA,1,1,NA,0
"Dc47935","locus255",1,1,1,NA,1,NA,NA,NA,NA,0
"Dc47935","locus256",1,1,NA,1,1,NA,1,NA,NA,0
"Dc47935","locus263",1,1,NA,1,1,NA,1,NA,NA,0
"Dc47935","locus264",1,1,NA,NA,1,NA,1,NA,NA,0
"Dc47935","locus274",1,1,1,NA,1,1,1,NA,NA,0
"Dc47935","locus280",1,1,NA,NA,1,NA,1,1,NA,0
"Dc47935","locus282",1,1,NA,NA,1,1,0.42061,NA,NA,0
"Dc47935","locus286",0.92185,1,NA,NA,1,1,1,NA,NA,0
"Dc47935","locus291",1,1,1,NA,1,NA,1,NA,NA,0
"Dc47935","locus292",1,0.16523,NA,NA,0.910584,1,1,NA,NA,0
"Dc47935","locus296",1,1,NA,NA,1,NA,0.248176,NA,NA,0
"Dc47935","locus301",1,1,1,NA,1,NA,1,NA,NA,0
"Dc47935","locus314",1,1,NA,NA,0.38484,NA,1,NA,NA,0
"Dc47935","locus321",1,1,NA,1,1,NA,1,1,NA,0
"Dc47935","locus322",0.701864,1,NA,NA,1,NA,1,NA,NA,0
"Dc47935","locus323",0.863892,0.589656,NA,NA,0.348024,NA,0.863892,NA,NA,0
"Dc47935","locus329",1,0.567672,NA,NA,1,NA,1,NA,NA,0
"Dc47935","locus332",1,1,NA,NA,1,NA,0.22684,NA,NA,0
"Dc47935","locus349",0.39452,1,NA,NA,1,NA,1,NA,NA,0
"Dc47935","locus358",1,1,NA,1,1,1,0.855396,NA,NA,0
"Dc47935","locus359",1,1,NA,NA,1,NA,1,NA,NA,0
"Dc47935","locus360",0.84726,0.84726,NA,NA,0.464424,NA,0.793428,NA,NA,0
"Dc48207","Dc48950",1,1,NA,1,1,NA,1,NA,1,0
"Dc48207","Dc49080",1,1,NA,1,1,NA,1,NA,1,0
"Dc48207","Dc49184",1,1,NA,NA,1,NA,0.97121,NA,1,0
"Dc48207","Dc51020",1,1,NA,NA,1,NA,1,NA,1,0
"Dc48207","Dc52523",1,1,NA,NA,1,NA,1,NA,1,0
"Dc48207","Dc55481",1,1,NA,NA,1,NA,1,1,1,0
"Dc48207","Dc58248",0.27493,1,NA,NA,1,NA,1,NA,1,0
"Dc48207","Dc62188",1,1,NA,1,1,NA,1,NA,1,0
"Dc48207","Dc67011",1,1,NA,1,1,NA,1,NA,1,0
"Dc48207","locus002",1,1,1,NA,1,NA,1,NA,1,0
"Dc48207","locus003",0.45819,1,NA,NA,1,NA,1,NA,1,0
"Dc48207","locus004",1,1,NA,NA,1,NA,0.73587,NA,1,0
"Dc48207","locus005",1,1,NA,NA,1,NA,1,NA,1,0
"Dc48207","locus006",0.62202,1,NA,NA,1,NA,1,1,1,0
"Dc48207","locus008",1,1,NA,NA,1,1,1,NA,1,0
"Dc48207","locus013",1,1,NA,NA,1,NA,1,NA,1,0
"Dc48207","locus014",1,1,NA,NA,1,NA,1,NA,1,0
"Dc48207","locus022",1,1,NA,NA,1,NA,1,NA,1,0
"Dc48207","locus024",1,1,NA,NA,1,NA,1,NA,1,0
"Dc48207","locus025",1,1,NA,NA,1,NA,1,NA,1,0
"Dc48207","locus027",1,1,NA,NA,1,NA,1,NA,1,0
"Dc48207","locus030",1,1,NA,NA,1,NA,1,1,1,0
"Dc48207","locus035",1,1,NA,NA,1,1,1,NA,1,0
"Dc48207","locus038",1,1,NA,NA,1,NA,1,NA,1,0
"Dc48207","locus039",1,1,NA,NA,1,NA,1,NA,1,0
"Dc48207","locus040",1,1,NA,NA,1,NA,1,NA,1,0
"Dc48207","locus041",1,1,NA,1,1,NA,1,NA,1,0
"Dc48207","locus045",1,1,NA,NA,1,NA,1,NA,1,0
"Dc48207","locus047",1,1,NA,NA,1,NA,1,1,1,0
"Dc48207","locus048",1,1,NA,NA,1,NA,1,1,1,0
"Dc48207","locus053",1,1,1,NA,1,NA,1,NA,1,0
"Dc48207","locus055",1,1,NA,NA,1,NA,1,NA,1,0
"Dc48207","locus056",1,1,NA,NA,1,NA,1,NA,1,0
"Dc48207","locus058",1,1,NA,NA,1,NA,1,NA,0.99351,0
"Dc48207","locus060",1,1,NA,NA,1,NA,1,NA,1,0
"Dc48207","locus061",1,1,NA,NA,1,NA,1,NA,1,0
"Dc48207","locus062",1,1,NA,1,1,NA,1,1,1,0
"Dc48207","locus064",1,1,NA,NA,1,NA,1,NA,1,0
"Dc48207","locus065",1,1,NA,NA,1,NA,0.99714,NA,0.99714,0
"Dc48207","locus073",1,1,NA,NA,1,NA,1,NA,1,0
"Dc48207","locus074",1,1,1,NA,1,NA,1,NA,1,0
"Dc48207","locus076",1,1,NA,NA,1,NA,1,NA,1,0
"Dc48207","locus077",1,1,NA,NA,1,NA,1,NA,1,0
"Dc48207","locus080",1,1,NA,NA,1,NA,1,NA,1,0
"Dc48207","locus083",1,1,NA,NA,1,NA,1,NA,1,0
"Dc48207","locus088",1,1,NA,NA,1,NA,1,NA,1,0
"Dc48207","locus093",1,1,1,NA,1,NA,1,NA,1,0
"Dc48207","locus096",1,1,NA,NA,1,NA,1,NA,1,0
"Dc48207","locus098",1,1,1,NA,1,1,1,NA,1,0
"Dc48207","locus100",1,1,NA,NA,1,NA,1,NA,1,0
"Dc48207","locus106",1,1,NA,NA,1,NA,1,NA,1,0
"Dc48207","locus110",1,1,NA,NA,NA,NA,1,NA,NA,0
"Dc48207","locus116",1,1,NA,NA,1,NA,1,NA,NA,0
"Dc48207","locus119",1,1,1,NA,1,NA,1,NA,NA,0
"Dc48207","locus120",1,1,1,1,1,NA,1,1,NA,0
"Dc48207","locus126",1,1,NA,NA,1,NA,1,NA,NA,0
"Dc48207","locus128",1,1,NA,NA,1,NA,1,NA,NA,0
"Dc48207","locus129",1,1,NA,NA,1,NA,1,NA,NA,0
"Dc48207","locus130",1,1,NA,NA,1,NA,1,NA,NA,0
"Dc48207","locus134",1,1,1,NA,1,1,1,NA,NA,0
"Dc48207","locus135",0.9434,1,NA,NA,1,NA,1,NA,NA,0
"Dc48207","locus137",1,1,NA,NA,1,NA,1,NA,NA,0
"Dc48207","locus139",1,1,1,NA,1,NA,1,1,NA,0
"Dc48207","locus140",1,1,1,NA,1,NA,1,NA,NA,0
"Dc48207","locus146",1,1,NA,1,1,NA,1,NA,NA,0
"Dc48207","locus148",1,1,1,NA,1,NA,1,NA,NA,0
"Dc48207","locus151",1,1,NA,NA,1,1,1,NA,NA,0
"Dc48207","locus157",1,1,NA,NA,1,NA,1,NA,NA,0
"Dc48207","locus161",0.19573,1,NA,NA,1,NA,1,1,NA,0
"Dc48207","locus165",1,1,NA,NA,1,NA,1,NA,NA,0
"Dc48207","locus170",1,1,NA,NA,1,NA,1,NA,NA,0
"Dc48207","locus176",1,1,NA,NA,1,NA,1,NA,NA,0
"Dc48207","locus184",1,1,NA,NA,1,NA,1,NA,NA,0
"Dc48207","locus186",0.627272,1,NA,NA,1,NA,1,NA,NA,0
"Dc48207","locus188",0.980928,1,NA,NA,1,NA,0.801056,NA,NA,0
"Dc48207","locus189",1,1,1,NA,1,NA,1,NA,NA,0
"Dc48207","locus190",0.42768,1,1,NA,1,NA,1,NA,NA,0
"Dc48207","locus191",1,1,NA,NA,1,NA,1,NA,NA,0
"Dc48207","locus192",1,1,NA,NA,1,NA,1,NA,NA,0
"Dc48207","locus195",1,1,NA,NA,1,NA,1,NA,NA,0
"Dc48207","locus202",1,1,1,NA,1,NA,1,NA,NA,0
"Dc48207","locus210",1,1,1,NA,1,NA,1,1,NA,0
"Dc48207","locus215",1,1,NA,NA,1,NA,0.431384,NA,NA,0
"Dc48207","locus227",1,1,1,NA,1,1,1,NA,NA,0
"Dc48207","locus231",1,1,NA,NA,1,NA,1,NA,NA,0
"Dc48207","locus235",1,1,NA,NA,1,NA,1,NA,NA,0
"Dc48207","locus236",1,1,NA,NA,1,NA,1,NA,NA,0
"Dc48207","locus237",1,1,NA,NA,1,NA,1,NA,NA,0
"Dc48207","locus239",0.35717,1,1,NA,1,NA,1,NA,NA,0
"Dc48207","locus248",1,1,NA,NA,1,NA,1,1,NA,0
"Dc48207","locus255",0.18102,1,NA,NA,1,NA,NA,NA,NA,0
"Dc48207","locus256",1,1,1,1,1,NA,1,NA,NA,0
"Dc48207","locus263",1,1,NA,1,1,NA,1,NA,NA,0
"Dc48207","locus264",1,1,1,NA,1,NA,1,NA,NA,0
"Dc48207","locus274",1,1,NA,NA,1,NA,1,NA,NA,0
"Dc48207","locus280",1,1,NA,NA,1,NA,1,1,NA,0
"Dc48207","locus282",1,1,NA,NA,1,NA,1,NA,NA,0
"Dc48207","locus286",1,1,NA,NA,1,NA,1,NA,NA,0
"Dc48207","locus291",1,1,NA,NA,1,1,1,NA,NA,0
"Dc48207","locus292",1,1,NA,NA,1,NA,1,NA,NA,0
"Dc48207","locus296",1,1,NA,NA,1,NA,1,NA,NA,0
"Dc48207","locus301",1,1,NA,NA,1,NA,1,NA,NA,0
"Dc48207","locus314",1,1,NA,NA,1,NA,1,NA,NA,0
"Dc48207","locus321",1,1,NA,1,1,NA,1,1,NA,0
"Dc48207","locus322",1,1,NA,NA,1,NA,0.586112,NA,NA,0
"Dc48207","locus323",1,1,1,NA,1,NA,1,NA,NA,0
"Dc48207","locus329",0.18284,1,NA,NA,1,NA,1,NA,NA,0
"Dc48207","locus332",1,1,NA,NA,1,NA,1,NA,NA,0
"Dc48207","locus349",1,1,NA,NA,1,NA,1,NA,NA,0
"Dc48207","locus358",1,1,NA,1,1,NA,1,NA,NA,0
"Dc48207","locus359",1,1,NA,NA,1,NA,1,NA,NA,0
"Dc48207","locus360",1,1,1,NA,1,NA,1,NA,NA,0
"Dc48950","Dc49080",1,1,NA,1,1,NA,1,NA,1,0
"Dc48950","Dc49184",1,1,NA,NA,1,NA,1,NA,1,0
"Dc48950","Dc51020",1,1,NA,NA,1,NA,1,NA,1,0
"Dc48950","Dc52523",1,1,NA,NA,1,NA,1,NA,1,0
"Dc48950","Dc55481",0.425112,1,NA,NA,1,NA,1,1,1,0
"Dc48950","Dc62188",1,1,NA,1,1,NA,1,NA,1,0
"Dc48950","Dc67011",0.841896,1,NA,1,1,NA,1,NA,1,0
"Dc48950","locus002",0.405348,1,1,NA,1,NA,1,NA,1,0
"Dc48950","locus003",1,1,NA,NA,1,NA,1,NA,1,0
"Dc48950","locus004",1,1,NA,NA,1,NA,1,NA,1,0
"Dc48950","locus005",0.67515,1,NA,NA,1,NA,1,NA,1,0
"Dc48950","locus006",1,1,NA,NA,1,NA,1,1,0.350496,0
"Dc48950","locus008",1,0.209628,NA,NA,1,1,1,NA,0.27516,0
"Dc48950","locus013",1,1,NA,NA,1,NA,1,NA,0.08703,0
"Dc48950","locus014",0.210832,1,NA,NA,0.874818,NA,0.18695,NA,1,0
"Dc48950","locus022",1,1,NA,NA,1,NA,1,NA,1,0
"Dc48950","locus024",1,1,NA,NA,1,NA,1,NA,1,0
"Dc48950","locus025",1,1,NA,NA,1,NA,1,NA,1,0
"Dc48950","locus027",1,1,NA,NA,1,NA,0.61451,NA,0.61451,0
"Dc48950","locus030",1,1,NA,NA,1,NA,1,1,1,0
"Dc48950","locus035",0.438864,1,NA,NA,1,1,1,NA,1,0
"Dc48950","locus038",1,1,NA,NA,1,NA,1,NA,0.66931,0
"Dc48950","locus039",0.972108,1,NA,NA,1,NA,0.75827,NA,0.75827,0
"Dc48950","locus040",1,1,NA,NA,1,NA,1,NA,1,0
"Dc48950","locus041",1,1,NA,1,1,NA,1,NA,1,0
"Dc48950","locus045",1,1,NA,NA,0.858894,NA,0.401592,NA,0.14291,0
"Dc48950","locus047",1,1,NA,NA,1,NA,1,0.6981,1,0
"Dc48950","locus048",1,1,NA,NA,1,NA,1,1,1,0
"Dc48950","locus053",0.54513,1,1,NA,1,NA,1,NA,0.524844,0
"Dc48950","locus055",1,1,NA,NA,1,NA,1,NA,1,0
"Dc48950","locus056",1,1,NA,NA,1,NA,1,NA,0.90238,0
"Dc48950","locus060",0.42427,1,NA,NA,1,NA,0.587096,NA,0.587096,0
"Dc48950","locus061",1,1,NA,NA,1,NA,0.37403,NA,0.61852,0
"Dc48950","locus062",1,1,NA,1,1,NA,1,1,1,0
"Dc48950","locus064",1,1,NA,NA,1,NA,1,NA,1,0
"Dc48950","locus065",1,1,NA,NA,1,NA,1,NA,0.76678,0
"Dc48950","locus073",1,1,NA,NA,1,NA,0.84723,NA,1,0
"Dc48950","locus074",1,1,1,NA,1,NA,1,NA,1,0
"Dc48950","locus076",0.57676,1,NA,NA,1,NA,1,NA,1,0
"Dc48950","locus077",1,1,NA,NA,1,NA,1,NA,1,0
"Dc48950","locus080",1,1,NA,NA,1,NA,1,NA,1,0
"Dc48950","locus083",1,1,NA,NA,1,NA,1,NA,1,0
"Dc48950","locus088",1,1,NA,NA,1,NA,0.89684,NA,0.89684,0
"Dc48950","locus093",1,1,1,NA,1,NA,1,NA,1,0
"Dc48950","locus096",1,1,NA,NA,1,NA,1,NA,0.27158,0
"Dc48950","locus098",1,1,1,NA,1,1,1,NA,1,0
"Dc48950","locus100",1,1,NA,NA,1,NA,1,NA,1,0
"Dc48950","locus106",1,1,NA,NA,1,NA,1,NA,1,0
"Dc48950","locus110",0.767364,1,NA,NA,NA,NA,0.89684,NA,NA,0
"Dc48950","locus116",0.406424,1,NA,NA,1,NA,0.643272,NA,NA,0
"Dc48950","locus119",1,1,1,NA,1,NA,1,NA,NA,0
"Dc48950","locus120",0.330666,1,1,1,1,NA,1,1,NA,0
"Dc48950","locus126",0.466488,1,NA,NA,1,NA,0.980184,NA,NA,0
"Dc48950","locus128",1,1,NA,NA,1,NA,1,NA,NA,0
"Dc48950","locus129",0.454816,0.057384,NA,NA,0.856742,NA,0.11784,NA,NA,0
"Dc48950","locus130",0.644532,0.143376,NA,NA,1,NA,1,NA,NA,0
"Dc48950","locus134",0.177792,1,1,NA,1,1,1,NA,NA,0
"Dc48950","locus135",1,1,NA,NA,1,NA,1,NA,NA,0
"Dc48950","locus137",1,1,NA,NA,1,NA,1,NA,NA,0
"Dc48950","locus139",1,1,1,NA,1,NA,1,1,NA,0
"Dc48950","locus140",1,1,1,NA,1,NA,1,NA,NA,0
"Dc48950","locus146",1,1,NA,1,1,NA,1,NA,NA,0
"Dc48950","locus148",1,0.18436,1,NA,1,NA,1,NA,NA,0
"Dc48950","locus151",1,1,NA,NA,1,1,1,NA,NA,0
"Dc48950","locus157",0.153992,1,NA,NA,1,NA,1,NA,NA,0
"Dc48950","locus161",0.73906,1,NA,NA,1,NA,1,1,NA,0
"Dc48950","locus165",0.395778,1,NA,NA,1,NA,0.23148,NA,NA,0
"Dc48950","locus170",1,1,NA,NA,1,NA,0.10748,NA,NA,0
"Dc48950","locus176",1,1,NA,NA,1,NA,1,NA,NA,0
"Dc48950","locus184",1,1,NA,NA,1,NA,1,NA,NA,0
"Dc48950","locus186",0.849224,0.849224,NA,NA,1,NA,0.849224,NA,NA,0
"Dc48950","locus188",0.441736,0.769392,NA,NA,0.840524,NA,0.840524,NA,NA,0
"Dc48950","locus189",1,1,1,NA,1,NA,1,NA,NA,0
"Dc48950","locus190",1,1,1,NA,1,NA,1,NA,NA,0
"Dc48950","locus191",1,1,NA,NA,1,NA,1,NA,NA,0
"Dc48950","locus192",1,1,NA,NA,1,NA,0.509488,NA,NA,0
"Dc48950","locus195",0.575568,1,NA,NA,1,NA,1,NA,NA,0
"Dc48950","locus202",0.39809,1,1,NA,1,NA,1,NA,NA,0
"Dc48950","locus210",1,1,1,NA,1,NA,0.081,1,NA,0
"Dc48950","locus215",1,1,NA,NA,1,NA,0.325512,NA,NA,0
"Dc48950","locus227",0.437856,1,1,NA,1,1,1,NA,NA,0
"Dc48950","locus231",1,1,NA,NA,1,NA,1,NA,NA,0
"Dc48950","locus235",1,1,NA,NA,1,NA,1,NA,NA,0
"Dc48950","locus236",1,1,NA,NA,1,NA,1,NA,NA,0
"Dc48950","locus237",1,1,NA,NA,1,NA,0.376592,NA,NA,0
"Dc48950","locus239",1,1,1,NA,1,NA,1,NA,NA,0
"Dc48950","locus248",1,1,NA,NA,1,NA,1,1,NA,0
"Dc48950","locus255",1,1,NA,NA,1,NA,NA,NA,NA,0
"Dc48950","locus256",1,1,1,1,1,NA,1,NA,NA,0
"Dc48950","locus263",1,1,NA,1,1,NA,1,NA,NA,0
"Dc48950","locus264",1,1,1,NA,1,NA,1,NA,NA,0
"Dc48950","locus274",1,1,NA,NA,1,NA,1,NA,NA,0
"Dc48950","locus280",1,0.57194,NA,NA,1,NA,1,1,NA,0
"Dc48950","locus282",1,1,NA,NA,1,NA,1,NA,NA,0
"Dc48950","locus286",0.605536,1,NA,NA,1,NA,1,NA,NA,0
"Dc48950","locus291",1,1,NA,NA,1,1,0.53837,NA,NA,0
"Dc48950","locus292",0.555888,1,NA,NA,1,NA,0.597804,NA,NA,0
"Dc48950","locus296",0.999912,0.999912,NA,NA,0.861264,NA,0.301184,NA,NA,0
"Dc48950","locus301",1,1,NA,NA,1,NA,1,NA,NA,0
"Dc48950","locus314",1,1,NA,NA,1,NA,1,NA,NA,0
"Dc48950","locus321",1,1,NA,1,1,NA,1,0.173508,NA,0
"Dc48950","locus322",1,1,NA,NA,1,NA,0.533352,NA,NA,0
"Dc48950","locus323",0.933128,1,1,NA,0.71485,NA,0.933128,NA,NA,0
"Dc48950","locus332",0.329392,0.345444,NA,NA,1,NA,1,NA,NA,0
"Dc48950","locus349",1,1,NA,NA,1,NA,1,NA,NA,0
"Dc48950","locus358",1,1,NA,1,1,NA,1,NA,NA,0
"Dc48950","locus359",0.951584,1,NA,NA,1,NA,1,NA,NA,0
"Dc48950","locus360",1,0.3458,1,NA,1,NA,1,NA,NA,0
"Dc49080","Dc49184",1,1,NA,NA,1,NA,1,NA,1,0
"Dc49080","Dc51020",1,0.35472,NA,NA,1,NA,1,NA,1,0
"Dc49080","Dc52523",1,1,NA,NA,1,NA,1,NA,1,0
"Dc49080","Dc55481",0.580548,1,NA,NA,1,NA,1,1,0.580548,0
"Dc49080","Dc58248",1,1,NA,NA,1,NA,1,NA,1,0
"Dc49080","Dc62188",1,0.528132,NA,0.99504,1,NA,1,NA,1,0
"Dc49080","Dc67011",1,1,NA,1,1,NA,1,NA,0.107328,0
"Dc49080","locus002",1,1,NA,NA,1,NA,0.28947,NA,1,0
"Dc49080","locus003",0.860488,0.09067,NA,NA,1,NA,1,NA,1,0
"Dc49080","locus004",1,0.999872,NA,NA,1,NA,0.31379,NA,1,0
"Dc49080","locus005",1,1,NA,NA,1,NA,1,NA,1,0
"Dc49080","locus006",1,1,NA,NA,1,NA,1,1,1,0
"Dc49080","locus008",1,1,NA,NA,1,NA,1,NA,1,0
"Dc49080","locus013",1,0.658376,NA,NA,1,NA,0.658376,NA,0.25748,0
"Dc49080","locus014",1,1,NA,NA,1,NA,1,NA,1,0
"Dc49080","locus022",1,1,NA,NA,1,1,0.397692,NA,1,0
"Dc49080","locus024",1,1,NA,NA,1,NA,1,NA,0.65802,0
"Dc49080","locus025",1,1,NA,NA,1,NA,1,NA,1,0
"Dc49080","locus027",1,1,NA,NA,0.817888,NA,0.0631,NA,1,0
"Dc49080","locus030",1,1,NA,NA,1,NA,1,1,1,0
"Dc49080","locus035",1,1,NA,NA,1,1,0.5115,NA,1,0
"Dc49080","locus038",1,1,NA,NA,1,NA,1,NA,1,0
"Dc49080","locus039",1,1,NA,NA,1,NA,1,NA,1,0
"Dc49080","locus040",1,1,NA,NA,1,NA,0.0618,NA,1,0
"Dc49080","locus041",0.138084,1,NA,1,1,NA,0.58008,NA,1,0
"Dc49080","locus045",1,0.72223,NA,NA,1,NA,1,NA,1,0
"Dc49080","locus047",0.207396,1,NA,NA,1,NA,1,1,1,0
"Dc49080","locus048",1,1,NA,NA,1,NA,1,1,1,0
"Dc49080","locus053",1,1,1,NA,1,NA,1,NA,1,0
"Dc49080","locus055",1,1,NA,NA,1,NA,0.46806,NA,1,0
"Dc49080","locus056",1,1,NA,NA,1,NA,1,NA,1,0
"Dc49080","locus058",1,1,NA,NA,1,1,0.59454,NA,1,0
"Dc49080","locus060",0.67969,1,NA,NA,1,NA,1,NA,1,0
"Dc49080","locus061",1,1,NA,NA,1,NA,1,NA,1,0
"Dc49080","locus062",1,1,NA,1,1,NA,0.429632,1,1,0
"Dc49080","locus064",1,1,NA,NA,1,NA,0.36731,NA,0.554768,0
"Dc49080","locus065",1,1,NA,NA,1,NA,1,NA,1,0
"Dc49080","locus073",1,1,NA,NA,1,1,1,NA,1,0
"Dc49080","locus074",0.612318,1,1,NA,1,1,1,NA,1,0
"Dc49080","locus076",0.929768,0.929768,NA,NA,0.929768,NA,0.929768,NA,0.39471,0
"Dc49080","locus077",1,1,NA,NA,1,NA,1,NA,1,0
"Dc49080","locus080",1,1,NA,NA,1,NA,0.82147,NA,1,0
"Dc49080","locus083",1,1,NA,NA,1,NA,1,NA,1,0
"Dc49080","locus088",1,1,NA,NA,0.858432,1,1,NA,1,0
"Dc49080","locus093",1,1,1,NA,1,NA,1,NA,1,0
"Dc49080","locus096",1,1,NA,NA,1,NA,1,NA,1,0
"Dc49080","locus098",0.295476,1,1,NA,1,NA,1,NA,1,0
"Dc49080","locus100",1,1,NA,NA,1,NA,0.08611,NA,1,0
"Dc49080","locus106",1,1,NA,NA,1,NA,1,NA,1,0
"Dc49080","locus110",1,1,NA,NA,NA,NA,0.320406,NA,NA,0
"Dc49080","locus116",0.480336,1,NA,NA,0.480336,NA,1,NA,NA,0
"Dc49080","locus119",0.5158,1,1,NA,0.708852,NA,0.658504,NA,NA,0
"Dc49080","locus120",1,1,1,1,1,NA,0.074494,1,NA,0
"Dc49080","locus126",0.683304,1,NA,NA,1,NA,1,NA,NA,0
"Dc49080","locus128",0.346752,1,NA,NA,1,NA,0.870996,NA,NA,0
"Dc49080","locus129",1,1,NA,NA,1,1,0.37666,NA,NA,0
"Dc49080","locus130",1,1,NA,NA,1,NA,1,NA,NA,0
"Dc49080","locus134",1,1,NA,NA,1,1,0.09663,NA,NA,0
"Dc49080","locus135",0.8399,1,NA,NA,1,1,1,NA,NA,0
"Dc49080","locus137",0.474168,0.769458,NA,NA,1,NA,0.769458,NA,NA,0
"Dc49080","locus139",0.3731,1,1,NA,1,1,1,1,NA,0
"Dc49080","locus140",0.30504,1,1,NA,1,1,1,NA,NA,0
"Dc49080","locus146",1,1,NA,1,1,1,0.215244,NA,NA,0
"Dc49080","locus148",1,1,1,NA,1,NA,1,NA,NA,0
"Dc49080","locus151",1,1,NA,NA,1,NA,1,NA,NA,0
"Dc49080","locus157",0.668936,1,NA,NA,1,NA,0.668936,NA,NA,0
"Dc49080","locus161",1,1,NA,NA,1,NA,1,1,NA,0
"Dc49080","locus165",0.311814,1,NA,NA,0.266912,NA,1,NA,NA,0
"Dc49080","locus170",1,1,NA,NA,1,NA,1,NA,NA,0
"Dc49080","locus176",1,1,NA,NA,1,1,0.84146,NA,NA,0
"Dc49080","locus184",1,1,NA,NA,1,NA,1,NA,NA,0
"Dc49080","locus186",1,1,NA,NA,1,NA,1,NA,NA,0
"Dc49080","locus188",0.790504,1,NA,NA,1,NA,1,NA,NA,0
"Dc49080","locus189",1,1,1,NA,1,NA,0.70229,NA,NA,0
"Dc49080","locus190",1,1,1,NA,0.1869,NA,1,NA,NA,0
"Dc49080","locus191",1,1,NA,NA,0.60054,NA,0.094296,NA,NA,0
"Dc49080","locus192",1,1,NA,NA,1,NA,1,NA,NA,0
"Dc49080","locus195",1,1,NA,NA,1,NA,1,NA,NA,0
"Dc49080","locus202",1,1,1,NA,1,NA,0.95292,NA,NA,0
"Dc49080","locus210",1,1,NA,NA,1,NA,1,1,NA,0
"Dc49080","locus215",0.708072,1,NA,NA,1,NA,0.246544,NA,NA,0
"Dc49080","locus227",1,1,1,NA,1,NA,1,NA,NA,0
"Dc49080","locus231",1,1,NA,NA,1,NA,1,NA,NA,0
"Dc49080","locus235",1,0.143624,NA,NA,1,NA,0.429798,NA,NA,0
"Dc49080","locus236",1,1,NA,NA,0.1136,NA,1,NA,NA,0
"Dc49080","locus237",1,1,NA,NA,1,NA,0.660472,NA,NA,0
"Dc49080","locus239",1,1,1,NA,1,NA,1,NA,NA,0
"Dc49080","locus248",1,1,NA,NA,1,NA,1,1,NA,0
"Dc49080","locus255",0.791376,1,NA,NA,0.28569,NA,NA,NA,NA,0
"Dc49080","locus256",1,0.882504,1,1,1,1,1,NA,NA,0
"Dc49080","locus263",0.24578,1,NA,1,1,NA,0.908784,NA,NA,0
"Dc49080","locus264",1,1,1,NA,1,NA,1,NA,NA,0
"Dc49080","locus274",0.22912,1,NA,NA,0.949638,NA,1,NA,NA,0
"Dc49080","locus280",1,1,NA,NA,1,NA,0.88013,1,NA,0
"Dc49080","locus282",1,1,NA,NA,1,NA,1,NA,NA,0
"Dc49080","locus286",0.664096,0.503456,NA,NA,1,NA,0.581478,NA,NA,0
"Dc49080","locus291",0.24812,0.786044,NA,NA,0.720066,NA,0.786044,NA,NA,0
"Dc49080","locus292",0.884742,1,NA,NA,0.22392,NA,1,NA,NA,0
"Dc49080","locus296",1,1,NA,NA,1,NA,0.305336,NA,NA,0
"Dc49080","locus301",1,1,NA,NA,0.271192,NA,1,NA,NA,0
"Dc49080","locus314",0.833056,1,NA,NA,1,NA,1,NA,NA,0
"Dc49080","locus321",1,1,NA,1,1,NA,1,0.859512,NA,0
"Dc49080","locus322",1,1,NA,NA,1,1,1,NA,NA,0
"Dc49080","locus323",0.68567,1,1,NA,1,1,0.124044,NA,NA,0
"Dc49080","locus329",1,0.854024,NA,NA,1,NA,1,NA,NA,0
"Dc49080","locus332",1,1,NA,NA,1,NA,1,NA,NA,0
"Dc49080","locus349",0.57272,1,NA,NA,0.57272,NA,0.57272,NA,NA,0
"Dc49080","locus358",1,1,NA,1,1,NA,1,NA,NA,0
"Dc49080","locus359",1,1,NA,NA,1,NA,1,NA,NA,0
"Dc49080","locus360",1,1,NA,NA,1,1,1,NA,NA,0
"Dc49184","Dc51020",1,1,NA,NA,0.7137,NA,0.865016,NA,0.865016,0
"Dc49184","Dc52523",1,1,NA,NA,1,NA,1,NA,1,0
"Dc49184","Dc55481",1,1,NA,NA,0.288144,NA,1,1,1,0
"Dc49184","Dc58248",1,0.72181,NA,NA,1,NA,1,NA,1,0
"Dc49184","Dc62188",1,1,NA,1,1,NA,1,NA,1,0
"Dc49184","Dc67011",1,0.85764,NA,1,1,NA,1,NA,1,0
"Dc49184","locus002",1,1,NA,NA,1,NA,1,NA,1,0
"Dc49184","locus003",1,1,NA,NA,1,NA,1,NA,1,0
"Dc49184","locus004",1,1,NA,NA,1,NA,1,NA,1,0
"Dc49184","locus005",1,1,NA,NA,1,NA,0.99282,NA,1,0
"Dc49184","locus008",1,0.762648,NA,NA,1,NA,0.47989,NA,0.762648,0
"Dc49184","locus013",1,1,NA,NA,1,NA,0.38585,NA,1,0
"Dc49184","locus014",1,1,NA,NA,1,NA,1,NA,1,0
"Dc49184","locus022",1,1,NA,NA,0.869352,1,1,NA,1,0
"Dc49184","locus024",1,1,NA,NA,1,NA,0.88113,NA,1,0
"Dc49184","locus025",0.576584,0.576584,NA,NA,1,NA,0.54671,NA,1,0
"Dc49184","locus027",1,1,NA,NA,1,NA,1,NA,1,0
"Dc49184","locus030",1,1,NA,NA,1,NA,0.9893,0.747084,1,0
"Dc49184","locus035",1,1,NA,NA,1,1,1,NA,1,0
"Dc49184","locus038",1,1,NA,NA,1,NA,1,NA,1,0
"Dc49184","locus040",1,1,NA,NA,1,NA,1,NA,1,0
"Dc49184","locus041",1,1,NA,1,1,NA,0.266232,NA,1,0
"Dc49184","locus045",1,1,NA,NA,1,NA,0.54636,NA,1,0
"Dc49184","locus048",0.91054,1,NA,NA,1,NA,1,0.278916,1,0
"Dc49184","locus053",1,0.853368,1,NA,1,NA,1,NA,0.88451,0
"Dc49184","locus055",0.89518,1,NA,NA,1,NA,1,NA,1,0
"Dc49184","locus056",1,1,NA,NA,1,1,1,NA,0.427284,0
"Dc49184","locus058",0.750072,1,NA,NA,1,1,1,NA,0.9573,0
"Dc49184","locus060",1,1,NA,NA,1,NA,1,NA,1,0
"Dc49184","locus061",0.75324,1,NA,NA,0.85242,NA,0.15957,NA,1,0
"Dc49184","locus062",1,1,NA,1,1,NA,1,0.48272,1,0
"Dc49184","locus064",0.50677,1,NA,NA,1,NA,1,NA,1,0
"Dc49184","locus065",1,1,NA,NA,1,NA,1,NA,1,0
"Dc49184","locus073",1,0.860028,NA,NA,1,1,1,NA,1,0
"Dc49184","locus074",1,1,1,NA,1,1,1,NA,1,0
"Dc49184","locus076",1,1,NA,NA,1,NA,1,NA,0.99149,0
"Dc49184","locus077",1,1,NA,NA,1,NA,1,NA,1,0
"Dc49184","locus080",1,1,NA,NA,1,NA,1,NA,1,0
"Dc49184","locus083",1,1,NA,NA,1,NA,1,NA,1,0
"Dc49184","locus088",1,0.863868,NA,NA,1,1,1,NA,0.863868,0
"Dc49184","locus093",1,1,1,NA,1,NA,1,NA,1,0
"Dc49184","locus096",1,1,NA,NA,1,NA,1,NA,1,0
"Dc49184","locus098",1,1,1,NA,1,NA,1,NA,1,0
"Dc49184","locus100",1,1,NA,NA,1,NA,0.61511,NA,1,0
"Dc49184","locus106",1,1,NA,NA,1,NA,1,NA,1,0
"Dc49184","locus110",1,1,NA,NA,NA,NA,1,NA,NA,0
"Dc49184","locus116",0.982194,0.283032,NA,NA,0.982194,NA,0.982194,NA,NA,0
"Dc49184","locus119",1,1,1,NA,1,NA,1,NA,NA,0
"Dc49184","locus120",1,1,1,1,1,NA,1,1,NA,0
"Dc49184","locus126",0.676608,1,NA,NA,1,NA,0.32312,NA,NA,0
"Dc49184","locus128",1,1,NA,NA,1,NA,0.096856,NA,NA,0
"Dc49184","locus129",1,0.71911,NA,NA,1,1,0.81788,NA,NA,0
"Dc49184","locus130",1,0.99106,1,NA,1,NA,1,NA,NA,0
"Dc49184","locus134",1,1,NA,NA,1,1,1,NA,NA,0
"Dc49184","locus135",1,1,NA,NA,1,NA,1,NA,NA,0
"Dc49184","locus137",1,1,NA,NA,1,NA,1,NA,NA,0
"Dc49184","locus139",1,1,1,NA,1,1,0.77987,1,NA,0
"Dc49184","locus140",1,1,1,NA,1,1,0.670704,NA,NA,0
"Dc49184","locus146",0.41376,1,NA,1,1,1,0.322392,NA,NA,0
"Dc49184","locus148",1,1,1,NA,1,NA,0.37982,NA,NA,0
"Dc49184","locus151",1,1,NA,NA,1,NA,1,NA,NA,0
"Dc49184","locus157",0.913578,1,NA,NA,1,NA,0.464752,NA,NA,0
"Dc49184","locus161",0.11163,0.9975,NA,NA,1,NA,0.844416,0.9975,NA,0
"Dc49184","locus165",1,1,NA,NA,1,NA,1,NA,NA,0
"Dc49184","locus170",1,1,NA,NA,1,NA,0.16088,NA,NA,0
"Dc49184","locus176",1,1,1,NA,1,1,1,NA,NA,0
"Dc49184","locus184",1,1,NA,NA,1,NA,1,NA,NA,0
"Dc49184","locus186",0.95742,0.95742,NA,NA,1,NA,0.87116,NA,NA,0
"Dc49184","locus188",1,1,1,NA,1,NA,1,NA,NA,0
"Dc49184","locus189",1,1,1,NA,1,NA,1,NA,NA,0
"Dc49184","locus190",1,1,1,NA,1,NA,1,NA,NA,0
"Dc49184","locus191",1,0.280048,NA,NA,1,NA,1,NA,NA,0
"Dc49184","locus192",1,1,NA,NA,1,NA,1,NA,NA,0
"Dc49184","locus195",0.785224,0.785224,NA,NA,0.785224,NA,0.919374,NA,NA,0
"Dc49184","locus202",1,1,1,NA,1,NA,1,NA,NA,0
"Dc49184","locus210",0.42614,1,NA,NA,1,NA,1,1,NA,0
"Dc49184","locus215",1,1,NA,NA,1,NA,1,NA,NA,0
"Dc49184","locus227",1,1,1,NA,1,NA,1,NA,NA,0
"Dc49184","locus231",1,1,NA,NA,1,NA,1,NA,NA,0
"Dc49184","locus235",1,1,NA,NA,1,NA,1,NA,NA,0
"Dc49184","locus236",1,1,NA,NA,1,NA,1,NA,NA,0
"Dc49184","locus237",1,1,NA,NA,1,NA,1,NA,NA,0
"Dc49184","locus239",0.9912,1,1,NA,1,NA,0.95347,NA,NA,0
"Dc49184","locus248",0.53693,1,NA,NA,1,NA,1,1,NA,0
"Dc49184","locus255",0.894352,0.052362,NA,NA,1,NA,NA,NA,NA,0
"Dc49184","locus256",1,1,1,1,1,1,0.252112,NA,NA,0
"Dc49184","locus263",1,1,NA,1,1,NA,1,NA,NA,0
"Dc49184","locus264",0.18537,1,1,NA,1,NA,1,NA,NA,0
"Dc49184","locus274",1,1,NA,NA,1,NA,1,NA,NA,0
"Dc49184","locus280",1,1,NA,NA,0.566088,1,1,1,NA,0
"Dc49184","locus282",1,1,NA,NA,1,NA,1,NA,NA,0
"Dc49184","locus286",1,1,NA,NA,1,NA,1,NA,NA,0
"Dc49184","locus291",0.523728,1,NA,NA,1,NA,1,NA,NA,0
"Dc49184","locus292",1,1,NA,NA,1,NA,1,NA,NA,0
"Dc49184","locus296",1,1,NA,NA,1,NA,1,NA,NA,0
"Dc49184","locus301",1,1,NA,NA,1,NA,0.536104,NA,NA,0
"Dc49184","locus314",1,1,NA,NA,1,NA,1,NA,NA,0
"Dc49184","locus321",1,1,NA,1,1,NA,1,1,NA,0
"Dc49184","locus322",1,1,NA,NA,1,1,1,NA,NA,0
"Dc49184","locus323",1,1,1,NA,1,NA,0.07308,NA,NA,0
"Dc49184","locus329",1,1,NA,NA,1,NA,0.86736,NA,NA,0
"Dc49184","locus332",1,0.99552,NA,NA,1,NA,1,NA,NA,0
"Dc49184","locus349",1,1,NA,NA,1,NA,0.093992,NA,NA,0
"Dc49184","locus358",1,1,NA,1,0.71217,NA,1,NA,NA,0
"Dc49184","locus359",1,1,NA,NA,1,NA,1,NA,NA,0
"Dc49184","locus360",0.502056,0.665164,NA,NA,0.665164,NA,0.073304,NA,NA,0
"Dc51020","Dc52523",1,1,NA,NA,1,NA,1,NA,1,0
"Dc51020","Dc55481",1,1,NA,NA,0.863808,NA,0.863808,1,0.875432,0
"Dc51020","Dc58248",1,1,NA,NA,1,NA,1,NA,1,0
"Dc51020","Dc62188",1,1,1,1,1,NA,1,NA,1,0
"Dc51020","Dc67011",0.99789,1,NA,1,1,NA,0.715176,NA,1,0
"Dc51020","locus002",1,1,NA,NA,1,NA,1,NA,1,0
"Dc51020","locus003",1,1,NA,NA,1,NA,1,NA,1,0
"Dc51020","locus004",1,1,NA,NA,1,NA,1,NA,1,0
"Dc51020","locus005",1,1,NA,NA,1,1,1,NA,1,0
"Dc51020","locus006",0.083832,1,NA,NA,1,NA,1,1,1,0
"Dc51020","locus008",0.77874,1,NA,NA,1,NA,1,NA,1,0
"Dc51020","locus013",0.48689,0.574208,NA,NA,0.770706,NA,0.845276,NA,0.908292,0
"Dc51020","locus014",0.761184,1,NA,NA,1,NA,0.06854,NA,0.761184,0
"Dc51020","locus022",0.758448,1,NA,NA,1,1,0.98701,NA,0.98701,0
"Dc51020","locus024",0.74953,1,NA,NA,1,NA,1,NA,1,0
"Dc51020","locus025",1,1,NA,NA,1,NA,1,NA,1,0
"Dc51020","locus027",1,1,NA,NA,1,NA,1,NA,1,0
"Dc51020","locus030",1,1,NA,NA,1,NA,1,1,0.438876,0
"Dc51020","locus035",1,1,NA,NA,1,1,1,NA,1,0
"Dc51020","locus038",1,0.35764,NA,NA,1,NA,1,NA,1,0
"Dc51020","locus039",0.44318,1,NA,NA,0.44318,NA,0.47116,NA,0.44318,0
"Dc51020","locus040",1,1,NA,NA,1,NA,1,NA,1,0
"Dc51020","locus041",1,1,NA,1,1,NA,0.766476,NA,1,0
"Dc51020","locus045",1,0.97899,NA,NA,1,NA,1,NA,1,0
"Dc51020","locus047",1,1,NA,NA,1,NA,1,1,1,0
"Dc51020","locus048",0.868212,1,NA,NA,1,NA,1,1,1,0
"Dc51020","locus053",1,1,1,NA,1,NA,1,NA,1,0
"Dc51020","locus055",1,1,NA,NA,1,NA,1,NA,1,0
"Dc51020","locus056",0.32132,1,NA,NA,1,NA,1,NA,1,0
"Dc51020","locus058",1,1,NA,NA,1,1,1,NA,1,0
"Dc51020","locus060",1,1,NA,NA,1,NA,1,NA,1,0
"Dc51020","locus061",1,1,NA,NA,1,NA,1,NA,1,0
"Dc51020","locus062",1,1,NA,1,0.386428,NA,1,1,1,0
"Dc51020","locus064",0.50525,1,NA,NA,1,NA,0.874328,NA,1,0
"Dc51020","locus073",1,1,NA,NA,1,1,1,NA,1,0
"Dc51020","locus074",1,1,1,NA,1,1,1,NA,1,0
"Dc51020","locus076",1,1,NA,NA,1,NA,0.92675,NA,1,0
"Dc51020","locus077",1,1,NA,NA,1,NA,1,NA,1,0
"Dc51020","locus080",1,1,NA,NA,1,NA,1,NA,1,0
"Dc51020","locus083",1,1,NA,NA,1,NA,1,NA,1,0
"Dc51020","locus088",1,1,NA,NA,1,1,0.1011,NA,1,0
"Dc51020","locus093",1,1,1,NA,1,NA,1,NA,1,0
"Dc51020","locus096",1,0.53204,NA,NA,1,NA,0.763064,NA,1,0
"Dc51020","locus098",1,1,1,NA,1,NA,1,NA,1,0
"Dc51020","locus100",1,1,NA,NA,0.71602,NA,1,NA,1,0
"Dc51020","locus106",1,1,NA,NA,0.71526,NA,1,NA,1,0
"Dc51020","locus110",0.482406,1,NA,NA,NA,NA,1,NA,NA,0
"Dc51020","locus116",1,1,NA,NA,1,NA,1,NA,NA,0
"Dc51020","locus119",1,1,1,NA,1,NA,1,NA,NA,0
"Dc51020","locus120",1,1,1,1,1,NA,1,1,NA,0
"Dc51020","locus126",1,1,NA,NA,0.565728,NA,1,NA,NA,0
"Dc51020","locus128",0.084936,1,NA,NA,1,NA,1,NA,NA,0
"Dc51020","locus129",0.320048,1,NA,NA,1,1,0.16124,NA,NA,0
"Dc51020","locus130",1,1,1,NA,1,NA,1,NA,NA,0
"Dc51020","locus134",1,1,NA,NA,1,1,1,NA,NA,0
"Dc51020","locus135",1,1,NA,NA,0.22888,NA,1,NA,NA,0
"Dc51020","locus137",0.85688,0.14504,NA,NA,0.85688,NA,0.444588,NA,NA,0
"Dc51020","locus139",0.421932,1,1,NA,1,1,0.86244,1,NA,0
"Dc51020","locus140",0.34908,1,1,NA,1,1,0.7039,NA,NA,0
"Dc51020","locus146",1,0.640308,NA,1,0.71398,1,1,NA,NA,0
"Dc51020","locus148",0.354576,1,1,NA,0.28073,NA,0.941526,NA,NA,0
"Dc51020","locus151",0.189584,1,NA,NA,1,NA,1,NA,NA,0
"Dc51020","locus157",1,1,NA,NA,1,NA,1,NA,NA,0
"Dc51020","locus161",1,1,NA,NA,1,NA,1,1,NA,0
"Dc51020","locus165",1,1,NA,NA,1,NA,1,NA,NA,0
"Dc51020","locus170",0.228264,0.971492,NA,NA,0.971492,NA,0.45027,NA,NA,0
"Dc51020","locus176",1,1,1,NA,1,1,1,NA,NA,0
"Dc51020","locus184",0.60075,0.575752,NA,NA,0.816664,NA,0.816664,NA,NA,0
"Dc51020","locus186",1,1,NA,NA,1,NA,0.985696,NA,NA,0
"Dc51020","locus188",1,1,1,NA,1,NA,1,NA,NA,0
"Dc51020","locus189",1,1,1,NA,1,NA,1,NA,NA,0
"Dc51020","locus190",1,1,1,NA,1,NA,1,NA,NA,0
"Dc51020","locus191",1,1,NA,NA,1,NA,1,NA,NA,0
"Dc51020","locus192",1,1,NA,NA,1,NA,0.232968,NA,NA,0
"Dc51020","locus195",1,1,NA,NA,1,NA,1,NA,NA,0
"Dc51020","locus202",1,1,1,NA,1,NA,1,NA,NA,0
"Dc51020","locus210",1,1,NA,NA,1,NA,1,1,NA,0
"Dc51020","locus215",0.913276,0.913276,NA,NA,0.907848,NA,0.907848,NA,NA,0
"Dc51020","locus227",1,1,1,NA,1,NA,1,NA,NA,0
"Dc51020","locus231",0.213608,1,NA,NA,1,NA,1,NA,NA,0
"Dc51020","locus235",1,1,NA,NA,1,NA,1,NA,NA,0
"Dc51020","locus236",0.157272,1,NA,NA,1,NA,1,NA,NA,0
"Dc51020","locus237",1,1,NA,NA,1,NA,1,NA,NA,0
"Dc51020","locus239",0.30353,1,1,NA,1,NA,1,NA,NA,0
"Dc51020","locus248",1,1,NA,NA,1,NA,1,1,NA,0
"Dc51020","locus255",0.239604,1,NA,NA,1,NA,NA,NA,NA,0
"Dc51020","locus256",1,1,1,1,1,NA,1,NA,NA,0
"Dc51020","locus263",1,1,NA,1,1,NA,0.22321,NA,NA,0
"Dc51020","locus264",1,1,1,NA,1,NA,0.248,NA,NA,0
"Dc51020","locus274",1,1,NA,NA,1,NA,1,NA,NA,0
"Dc51020","locus280",0.08377,1,NA,NA,1,NA,1,1,NA,0
"Dc51020","locus282",1,0.567896,NA,NA,1,NA,1,NA,NA,0
"Dc51020","locus286",0.235968,0.749412,NA,NA,1,NA,0.240768,NA,NA,0
"Dc51020","locus291",1,1,NA,NA,1,NA,1,NA,NA,0
"Dc51020","locus292",1,1,NA,NA,1,NA,0.95936,NA,NA,0
"Dc51020","locus296",0.257464,1,NA,NA,1,NA,1,NA,NA,0
"Dc51020","locus301",1,1,NA,NA,1,NA,1,NA,NA,0
"Dc51020","locus314",0.766008,1,NA,NA,1,NA,0.951678,NA,NA,0
"Dc51020","locus321",1,1,NA,1,1,NA,1,1,NA,0
"Dc51020","locus322",1,1,NA,NA,1,1,1,NA,NA,0
"Dc51020","locus323",1,1,1,NA,1,NA,0.36766,NA,NA,0
"Dc51020","locus329",1,1,NA,NA,1,NA,1,NA,NA,0
"Dc51020","locus332",1,1,NA,NA,1,NA,1,NA,NA,0
"Dc51020","locus349",1,1,NA,NA,1,NA,1,NA,NA,0
"Dc51020","locus359",0.642328,1,NA,NA,1,NA,1,NA,NA,0
"Dc51020","locus360",1,1,NA,NA,1,NA,0.647608,NA,NA,0
"Dc52523","Dc55481",1,0.202704,NA,NA,1,NA,1,1,1,0
"Dc52523","Dc58248",1,1,NA,NA,1,NA,1,NA,1,0
"Dc52523","Dc62188",1,1,NA,1,1,NA,1,NA,1,0
"Dc52523","Dc67011",1,1,NA,1,1,NA,1,NA,1,0
"Dc52523","locus002",1,1,NA,NA,1,NA,1,NA,0.43343,0
"Dc52523","locus003",1,0.99102,NA,NA,1,NA,1,NA,1,0
"Dc52523","locus004",1,1,NA,NA,1,NA,0.499,NA,1,0
"Dc52523","locus005",1,1,NA,NA,1,1,1,NA,1,0
"Dc52523","locus006",0.86436,0.86436,NA,NA,1,NA,1,1,0.964136,0
"Dc52523","locus008",1,1,NA,NA,1,NA,1,NA,0.12375,0
"Dc52523","locus014",1,1,NA,NA,1,NA,1,NA,1,0
"Dc52523","locus022",1,1,NA,NA,1,1,1,NA,1,0
"Dc52523","locus024",0.18132,1,NA,NA,1,NA,1,NA,1,0
"Dc52523","locus025",1,1,NA,NA,1,NA,1,NA,1,0
"Dc52523","locus027",0.10772,1,NA,NA,1,NA,1,NA,1,0
"Dc52523","locus030",0.281472,1,NA,NA,1,NA,1,1,1,0
"Dc52523","locus035",0.57372,1,NA,NA,1,1,0.74374,NA,1,0
"Dc52523","locus038",1,1,NA,NA,1,NA,1,NA,1,0
"Dc52523","locus039",1,1,NA,NA,1,NA,1,NA,0.07619,0
"Dc52523","locus040",1,1,NA,NA,1,NA,1,NA,1,0
"Dc52523","locus041",1,1,NA,1,1,NA,0.62874,NA,1,0
"Dc52523","locus045",0.804936,1,NA,NA,1,NA,0.804936,NA,0.22255,0
"Dc52523","locus047",1,1,NA,NA,1,NA,0.762816,1,0.88061,0
"Dc52523","locus048",0.545976,1,NA,NA,0.545976,NA,1,0.573152,1,0
"Dc52523","locus053",0.064644,1,1,NA,1,NA,1,NA,1,0
"Dc52523","locus055",1,1,NA,NA,1,NA,1,NA,1,0
"Dc52523","locus056",0.38846,1,NA,NA,1,NA,1,NA,1,0
"Dc52523","locus058",0.468828,1,NA,NA,0.99333,1,1,NA,1,0
"Dc52523","locus060",0.25332,1,NA,NA,1,NA,1,NA,1,0
"Dc52523","locus061",1,1,NA,NA,1,NA,1,NA,1,0
"Dc52523","locus062",0.999712,1,NA,1,1,NA,1,1,1,0
"Dc52523","locus064",0.36327,1,NA,NA,1,NA,1,NA,1,0
"Dc52523","locus065",1,1,NA,NA,1,NA,1,NA,1,0
"Dc52523","locus073",1,1,NA,NA,1,1,1,NA,1,0
"Dc52523","locus074",1,1,1,NA,1,1,0.325542,NA,0.383952,0
"Dc52523","locus076",0.88266,0.4536,NA,NA,0.88266,NA,0.874104,NA,0.874104,0
"Dc52523","locus077",1,1,NA,NA,1,NA,1,NA,1,0
"Dc52523","locus080",0.363276,1,1,NA,1,NA,1,NA,1,0
"Dc52523","locus083",0.759472,0.71206,NA,NA,1,NA,1,NA,1,0
"Dc52523","locus088",0.61104,0.87468,NA,NA,0.518232,1,0.61104,NA,1,0
"Dc52523","locus096",0.15422,1,NA,NA,0.376472,NA,0.578876,NA,0.425802,0
"Dc52523","locus098",1,1,1,NA,1,NA,1,NA,1,0
"Dc52523","locus100",1,1,NA,NA,1,NA,1,NA,1,0
"Dc52523","locus106",1,1,NA,NA,1,NA,1,NA,1,0
"Dc52523","locus110",0.296082,1,NA,NA,NA,NA,0.329288,NA,NA,0
"Dc52523","locus116",0.530196,1,NA,NA,0.471496,NA,1,NA,NA,0
"Dc52523","locus119",1,1,1,NA,1,NA,1,NA,NA,0
"Dc52523","locus120",1,1,1,1,1,NA,1,1,NA,0
"Dc52523","locus126",0.5111,0.342968,NA,NA,0.5111,NA,0.342968,NA,NA,0
"Dc52523","locus128",1,1,NA,NA,1,NA,1,NA,NA,0
"Dc52523","locus129",1,1,NA,NA,1,1,1,NA,NA,0
"Dc52523","locus130",0.412664,1,NA,NA,1,NA,1,NA,NA,0
"Dc52523","locus134",1,1,NA,NA,1,1,1,NA,NA,0
"Dc52523","locus135",1,1,NA,NA,1,NA,0.96024,NA,NA,0
"Dc52523","locus137",0.25372,1,NA,NA,1,NA,0.662928,NA,NA,0
"Dc52523","locus139",1,1,1,NA,0.908376,1,0.908376,0.99236,NA,0
"Dc52523","locus140",1,1,1,NA,0.767196,1,0.767196,NA,NA,0
"Dc52523","locus146",0.122928,1,NA,1,1,1,0.86643,NA,NA,0
"Dc52523","locus148",1,1,1,NA,1,NA,1,NA,NA,0
"Dc52523","locus151",1,1,NA,NA,1,NA,1,NA,NA,0
"Dc52523","locus157",1,1,NA,NA,1,NA,1,NA,NA,0
"Dc52523","locus161",1,1,NA,NA,1,NA,1,1,NA,0
"Dc52523","locus165",1,1,1,NA,1,NA,0.1505,NA,NA,0
"Dc52523","locus170",1,1,NA,NA,0.574648,NA,1,NA,NA,0
"Dc52523","locus176",1,1,NA,NA,1,1,1,NA,NA,0
"Dc52523","locus184",1,1,NA,NA,1,NA,1,NA,NA,0
"Dc52523","locus186",1,1,NA,NA,1,NA,1,NA,NA,0
"Dc52523","locus188",0.423528,1,NA,NA,1,NA,1,NA,NA,0
"Dc52523","locus189",0.93017,1,1,NA,1,NA,1,NA,NA,0
"Dc52523","locus190",1,1,1,NA,1,NA,1,NA,NA,0
"Dc52523","locus191",1,1,NA,NA,1,NA,1,NA,NA,0
"Dc52523","locus192",1,1,NA,NA,0.186416,NA,1,NA,NA,0
"Dc52523","locus195",1,1,NA,NA,1,NA,0.284552,NA,NA,0
"Dc52523","locus202",1,1,1,NA,1,NA,1,NA,NA,0
"Dc52523","locus210",1,0.35002,NA,NA,1,NA,1,1,NA,0
"Dc52523","locus215",0.288712,1,NA,NA,1,NA,1,NA,NA,0
"Dc52523","locus227",1,0.44385,1,NA,1,NA,1,NA,NA,0
"Dc52523","locus231",1,1,NA,NA,1,NA,1,NA,NA,0
"Dc52523","locus235",0.498016,1,NA,NA,1,NA,1,NA,NA,0
"Dc52523","locus236",0.722332,0.585892,NA,NA,0.257592,NA,0.20792,NA,NA,0
"Dc52523","locus237",1,1,NA,NA,1,NA,1,NA,NA,0
"Dc52523","locus239",1,1,1,NA,1,NA,1,NA,NA,0
"Dc52523","locus248",1,1,NA,NA,1,NA,1,1,NA,0
"Dc52523","locus255",1,1,NA,NA,1,NA,NA,NA,NA,0
"Dc52523","locus256",1,1,1,1,1,NA,1,NA,NA,0
"Dc52523","locus263",1,1,NA,1,1,NA,0.37555,NA,NA,0
"Dc52523","locus264",1,1,1,NA,1,NA,1,NA,NA,0
"Dc52523","locus274",0.682608,1,NA,NA,1,NA,1,NA,NA,0
"Dc52523","locus280",0.19108,1,NA,NA,1,NA,0.68252,1,NA,0
"Dc52523","locus282",1,1,NA,NA,1,NA,1,NA,NA,0
"Dc52523","locus286",1,1,NA,NA,1,NA,1,NA,NA,0
"Dc52523","locus291",1,1,NA,NA,1,NA,1,NA,NA,0
"Dc52523","locus292",1,1,NA,NA,0.912864,NA,1,NA,NA,0
"Dc52523","locus296",1,1,NA,NA,1,NA,1,NA,NA,0
"Dc52523","locus301",1,1,NA,NA,1,NA,1,NA,NA,0
"Dc52523","locus314",1,1,NA,NA,1,NA,1,NA,NA,0
"Dc52523","locus321",0.625668,1,NA,1,1,NA,1,0.99675,NA,0
"Dc52523","locus322",1,1,NA,NA,1,1,1,NA,NA,0
"Dc52523","locus323",1,1,1,NA,1,NA,1,NA,NA,0
"Dc52523","locus329",0.7122,0.7122,NA,NA,0.667428,NA,0.243248,NA,NA,0
"Dc52523","locus332",1,1,NA,NA,1,NA,1,NA,NA,0
"Dc52523","locus349",0.75629,1,1,NA,1,NA,1,NA,NA,0
"Dc52523","locus358",1,1,NA,0.99604,1,NA,1,NA,NA,0
"Dc52523","locus359",1,1,NA,NA,0.859872,NA,0.0804,NA,NA,0
"Dc52523","locus360",1,0.709696,NA,NA,1,NA,1,NA,NA,0
"Dc55481","Dc58248",1,1,NA,NA,1,NA,1,NA,1,0
"Dc55481","Dc62188",1,1,NA,1,1,NA,1,NA,1,0
"Dc55481","locus002",1,1,NA,NA,1,NA,1,NA,1,0
"Dc55481","locus003",1,1,NA,NA,1,NA,1,NA,1,0
"Dc55481","locus004",0.09525,1,NA,NA,1,NA,1,NA,1,0
"Dc55481","locus005",0.29758,1,NA,NA,1,NA,1,NA,1,0
"Dc55481","locus006",1,0.212004,NA,NA,1,NA,0.71238,1,1,0
"Dc55481","locus008",1,1,NA,NA,1,NA,1,NA,1,0
"Dc55481","locus013",1,1,NA,NA,1,NA,1,NA,1,0
"Dc55481","locus014",0.81279,1,NA,NA,1,NA,1,NA,1,0
"Dc55481","locus022",0.772136,1,NA,NA,0.70237,NA,0.772136,NA,0.772136,0
"Dc55481","locus024",1,1,NA,NA,1,NA,1,NA,1,0
"Dc55481","locus025",1,1,NA,NA,1,NA,1,NA,1,0
"Dc55481","locus027",1,0.70526,NA,NA,1,NA,1,NA,1,0
"Dc55481","locus030",1,1,NA,NA,1,NA,1,1,1,0
"Dc55481","locus035",1,1,NA,NA,1,NA,1,NA,1,0
"Dc55481","locus038",1,1,NA,NA,1,NA,1,NA,1,0
"Dc55481","locus039",1,1,NA,NA,1,NA,0.36334,NA,1,0
"Dc55481","locus040",1,1,NA,NA,1,NA,1,NA,1,0
"Dc55481","locus041",1,1,NA,1,1,NA,1,NA,1,0
"Dc55481","locus045",0.12569,1,NA,NA,1,NA,1,NA,1,0
"Dc55481","locus047",0.523812,1,NA,NA,1,NA,1,1,1,0
"Dc55481","locus048",0.483372,1,NA,NA,1,NA,1,1,1,0
"Dc55481","locus053",1,1,1,NA,1,NA,1,NA,1,0
"Dc55481","locus055",1,1,NA,NA,1,NA,0.74685,NA,1,0
"Dc55481","locus056",1,0.53679,NA,NA,0.855978,NA,0.755576,NA,1,0
"Dc55481","locus058",1,1,NA,NA,1,NA,1,NA,1,0
"Dc55481","locus060",1,1,NA,NA,1,NA,0.82046,NA,1,0
"Dc55481","locus061",1,1,NA,NA,1,NA,1,NA,0.9927,0
"Dc55481","locus062",0.45882,1,NA,1,1,NA,0.255794,1,0.95468,0
"Dc55481","locus064",1,1,NA,NA,1,NA,1,NA,1,0
"Dc55481","locus065",1,1,NA,NA,1,NA,1,NA,1,0
"Dc55481","locus073",0.11835,1,NA,NA,1,NA,1,NA,1,0
"Dc55481","locus074",0.453648,1,1,NA,1,NA,1,NA,1,0
"Dc55481","locus076",1,1,NA,NA,1,NA,1,NA,0.08381,0
"Dc55481","locus077",1,1,NA,NA,1,NA,1,NA,1,0
"Dc55481","locus080",1,1,NA,NA,1,NA,1,NA,1,0
"Dc55481","locus083",1,1,NA,NA,1,NA,1,NA,1,0
"Dc55481","locus088",1,1,NA,NA,1,NA,1,NA,1,0
"Dc55481","locus093",1,1,1,NA,1,NA,1,NA,1,0
"Dc55481","locus096",1,1,NA,NA,1,NA,1,NA,1,0
"Dc55481","locus098",1,1,1,NA,1,NA,0.294192,NA,1,0
"Dc55481","locus100",1,1,NA,NA,1,NA,1,NA,0.8029,0
"Dc55481","locus106",1,1,NA,NA,1,NA,1,NA,1,0
"Dc55481","locus110",0.375084,0.801936,NA,NA,NA,NA,0.801936,NA,NA,0
"Dc55481","locus116",0.699344,1,NA,NA,1,NA,1,NA,NA,0
"Dc55481","locus119",1,1,1,NA,1,NA,1,NA,NA,0
"Dc55481","locus120",1,1,1,1,1,NA,1,1,NA,0
"Dc55481","locus126",1,0.11236,NA,NA,1,NA,1,NA,NA,0
"Dc55481","locus128",1,1,NA,NA,1,NA,1,NA,NA,0
"Dc55481","locus129",1,1,NA,NA,1,NA,1,NA,NA,0
"Dc55481","locus130",1,0.426632,NA,NA,1,NA,0.426632,NA,NA,0
"Dc55481","locus134",0.658696,1,NA,NA,1,NA,1,NA,NA,0
"Dc55481","locus135",1,1,NA,NA,1,NA,1,NA,NA,0
"Dc55481","locus137",1,0.849976,NA,NA,1,NA,1,NA,NA,0
"Dc55481","locus139",1,1,1,NA,1,NA,1,1,NA,0
"Dc55481","locus140",1,1,1,NA,1,NA,1,NA,NA,0
"Dc55481","locus146",1,1,NA,1,1,NA,1,NA,NA,0
"Dc55481","locus151",1,1,NA,NA,1,NA,1,NA,NA,0
"Dc55481","locus157",0.504336,1,NA,NA,1,NA,1,NA,NA,0
"Dc55481","locus161",1,1,NA,NA,1,NA,1,1,NA,0
"Dc55481","locus165",1,1,NA,NA,1,NA,1,NA,NA,0
"Dc55481","locus170",1,1,NA,NA,1,NA,1,NA,NA,0
"Dc55481","locus176",1,1,NA,NA,1,NA,1,NA,NA,0
"Dc55481","locus184",1,1,NA,NA,1,NA,1,NA,NA,0
"Dc55481","locus186",0.924128,1,NA,NA,1,NA,0.924128,NA,NA,0
"Dc55481","locus188",1,0.280512,NA,NA,1,NA,1,NA,NA,0
"Dc55481","locus189",0.55379,1,1,NA,1,NA,1,NA,NA,0
"Dc55481","locus190",1,0.71665,1,NA,1,NA,1,NA,NA,0
"Dc55481","locus191",1,1,1,NA,1,NA,1,NA,NA,0
"Dc55481","locus192",1,1,NA,NA,1,NA,1,NA,NA,0
"Dc55481","locus195",0.675068,0.429992,NA,NA,0.576024,NA,0.429992,NA,NA,0
"Dc55481","locus202",1,1,1,NA,1,NA,1,NA,NA,0
"Dc55481","locus210",1,0.59237,NA,NA,1,NA,1,1,NA,0
"Dc55481","locus215",1,1,NA,NA,1,NA,1,NA,NA,0
"Dc55481","locus227",1,0.54151,1,NA,1,NA,1,NA,NA,0
"Dc55481","locus231",1,1,1,NA,1,NA,1,NA,NA,0
"Dc55481","locus235",0.05956,1,NA,NA,1,NA,1,NA,NA,0
"Dc55481","locus236",0.993016,1,NA,NA,1,NA,1,NA,NA,0
"Dc55481","locus237",1,1,NA,NA,1,NA,1,NA,NA,0
"Dc55481","locus239",1,0.54303,0.81132,NA,1,NA,0.81132,NA,NA,0
"Dc55481","locus248",1,1,NA,NA,1,NA,1,1,NA,0
"Dc55481","locus255",0.396186,1,NA,NA,1,NA,NA,NA,NA,0
"Dc55481","locus256",1,1,1,1,1,NA,1,NA,NA,0
"Dc55481","locus263",0.30585,1,NA,1,1,NA,1,NA,NA,0
"Dc55481","locus264",1,1,1,NA,1,NA,1,NA,NA,0
"Dc55481","locus274",1,1,NA,NA,1,NA,1,NA,NA,0
"Dc55481","locus280",1,0.47363,NA,NA,0.47363,NA,1,1,NA,0
"Dc55481","locus282",0.785048,1,NA,NA,1,NA,1,NA,NA,0
"Dc55481","locus286",1,1,NA,NA,1,NA,1,NA,NA,0
"Dc55481","locus291",1,1,NA,NA,1,NA,1,NA,NA,0
"Dc55481","locus292",1,1,NA,NA,1,NA,1,NA,NA,0
"Dc55481","locus296",1,0.428,NA,NA,1,NA,1,NA,NA,0
"Dc55481","locus301",1,1,NA,NA,1,NA,1,NA,NA,0
"Dc55481","locus314",0.320304,1,NA,NA,1,NA,1,NA,NA,0
"Dc55481","locus321",1,1,NA,1,1,NA,1,1,NA,0
"Dc55481","locus322",1,1,NA,NA,1,NA,1,NA,NA,0
"Dc55481","locus323",1,1,0.998792,NA,1,NA,0.48949,NA,NA,0
"Dc55481","locus332",0.90777,0.13964,NA,NA,1,NA,0.90777,NA,NA,0
"Dc55481","locus349",1,0.428664,NA,NA,1,NA,1,NA,NA,0
"Dc55481","locus358",1,1,NA,1,0.70401,NA,1,NA,NA,0
"Dc55481","locus359",1,1,NA,NA,1,NA,0.518256,NA,NA,0
"Dc55481","locus360",0.299456,0.668056,NA,NA,0.668056,NA,0.299456,NA,NA,0
"Dc58248","Dc62188",1,1,NA,1,1,NA,1,NA,1,0
"Dc58248","Dc67011",1,1,NA,1,1,NA,1,NA,1,0
"Dc58248","locus002",0.17609,0.955544,NA,NA,1,NA,1,NA,1,0
"Dc58248","locus003",1,1,NA,NA,1,NA,1,NA,1,0
"Dc58248","locus004",1,1,NA,NA,1,NA,1,NA,0.79922,0
"Dc58248","locus005",1,1,NA,NA,1,NA,1,NA,1,0
"Dc58248","locus006",0.200076,1,NA,NA,1,NA,1,1,1,0
"Dc58248","locus008",1,1,NA,NA,1,NA,0.69355,NA,1,0
"Dc58248","locus013",0.422748,0.8308,NA,NA,1,1,1,NA,1,0
"Dc58248","locus014",1,1,NA,NA,1,NA,1,NA,1,0
"Dc58248","locus022",1,1,NA,NA,1,NA,1,NA,0.15929,0
"Dc58248","locus024",1,1,NA,NA,1,NA,1,NA,1,0
"Dc58248","locus025",0.64843,1,NA,NA,1,NA,0.64843,NA,1,0
"Dc58248","locus027",1,1,NA,NA,1,NA,1,NA,1,0
"Dc58248","locus030",1,1,NA,NA,1,NA,1,1,0.559872,0
"Dc58248","locus035",1,1,NA,NA,1,1,1,NA,1,0
"Dc58248","locus038",1,0.214344,NA,NA,1,1,1,NA,0.58695,0
"Dc58248","locus039",1,0.80986,NA,NA,1,NA,1,NA,1,0
"Dc58248","locus040",1,1,NA,NA,1,NA,1,NA,1,0
"Dc58248","locus041",1,0.989136,NA,1,1,NA,0.989136,NA,1,0
"Dc58248","locus045",1,1,NA,NA,1,NA,1,NA,1,0
"Dc58248","locus047",1,1,NA,NA,1,NA,1,1,1,0
"Dc58248","locus048",1,1,NA,NA,1,NA,1,1,1,0
"Dc58248","locus053",1,1,1,NA,1,NA,1,NA,0.795804,0
"Dc58248","locus055",1,1,NA,NA,1,NA,1,NA,0.05883,0
"Dc58248","locus056",1,1,NA,NA,1,NA,1,NA,1,0
"Dc58248","locus058",1,1,NA,NA,1,NA,1,NA,1,0
"Dc58248","locus060",1,1,NA,NA,1,NA,0.54073,NA,1,0
"Dc58248","locus061",0.449608,1,NA,NA,1,NA,0.2886,NA,1,0
"Dc58248","locus062",1,1,NA,1,1,NA,1,1,1,0
"Dc58248","locus064",1,1,NA,NA,1,NA,1,NA,1,0
"Dc58248","locus065",1,1,NA,NA,1,NA,0.75741,NA,1,0
"Dc58248","locus073",1,1,NA,NA,1,NA,0.45814,NA,1,0
"Dc58248","locus074",1,1,1,NA,1,NA,1,NA,1,0
"Dc58248","locus076",1,1,NA,NA,1,NA,1,NA,1,0
"Dc58248","locus077",1,1,NA,NA,1,NA,1,NA,1,0
"Dc58248","locus080",1,1,NA,NA,1,NA,1,NA,1,0
"Dc58248","locus083",0.558736,1,NA,NA,1,NA,1,NA,0.50545,0
"Dc58248","locus088",1,1,NA,NA,1,NA,1,NA,1,0
"Dc58248","locus093",1,1,1,NA,1,NA,1,NA,1,0
"Dc58248","locus096",1,1,NA,NA,1,NA,0.81639,NA,1,0
"Dc58248","locus098",0.202032,1,1,NA,1,NA,1,NA,1,0
"Dc58248","locus100",1,1,NA,NA,1,NA,1,NA,0.79983,0
"Dc58248","locus106",0.51473,1,NA,NA,1,NA,0.702632,NA,1,0
"Dc58248","locus110",0.417648,1,NA,NA,NA,NA,0.417648,NA,NA,0
"Dc58248","locus116",1,1,NA,NA,0.439528,NA,1,NA,NA,0
"Dc58248","locus119",0.065496,1,1,NA,1,1,1,NA,NA,0
"Dc58248","locus120",1,1,1,1,1,NA,1,1,NA,0
"Dc58248","locus126",0.928768,1,NA,NA,1,NA,1,NA,NA,0
"Dc58248","locus128",0.665,1,NA,NA,1,NA,0.926334,NA,NA,0
"Dc58248","locus129",1,1,NA,NA,1,NA,1,NA,NA,0
"Dc58248","locus130",1,1,NA,NA,1,NA,1,NA,NA,0
"Dc58248","locus134",0.78629,1,NA,NA,1,1,1,NA,NA,0
"Dc58248","locus135",1,1,NA,NA,1,NA,1,NA,NA,0
"Dc58248","locus137",0.063712,1,NA,NA,1,NA,1,NA,NA,0
"Dc58248","locus139",1,1,1,NA,1,NA,1,1,NA,0
"Dc58248","locus140",1,1,1,NA,1,NA,1,NA,NA,0
"Dc58248","locus146",1,1,NA,1,1,NA,0.48218,NA,NA,0
"Dc58248","locus148",0.12843,1,1,NA,1,NA,1,NA,NA,0
"Dc58248","locus151",1,1,NA,NA,1,NA,1,NA,NA,0
"Dc58248","locus157",1,1,NA,NA,1,NA,1,NA,NA,0
"Dc58248","locus161",1,0.71627,NA,NA,1,NA,1,1,NA,0
"Dc58248","locus165",1,1,NA,NA,1,NA,0.907232,NA,NA,0
"Dc58248","locus170",0.858,1,NA,NA,1,NA,1,NA,NA,0
"Dc58248","locus176",0.26468,1,NA,NA,1,NA,0.498954,NA,NA,0
"Dc58248","locus184",1,1,NA,NA,1,NA,1,NA,NA,0
"Dc58248","locus186",1,1,NA,NA,1,NA,1,NA,NA,0
"Dc58248","locus188",1,1,NA,NA,1,NA,1,NA,NA,0
"Dc58248","locus189",0.896736,1,1,NA,1,1,0.95271,NA,NA,0
"Dc58248","locus190",1,1,1,NA,1,NA,1,NA,NA,0
"Dc58248","locus191",1,0.665104,1,NA,1,NA,0.14269,NA,NA,0
"Dc58248","locus192",1,1,NA,NA,1,NA,1,NA,NA,0
"Dc58248","locus195",1,1,NA,NA,1,1,0.68962,NA,NA,0
"Dc58248","locus202",1,1,1,NA,1,1,1,NA,NA,0
"Dc58248","locus210",0.47529,1,NA,NA,1,NA,1,1,NA,0
"Dc58248","locus215",0.984952,1,NA,NA,1,NA,0.984952,NA,NA,0
"Dc58248","locus227",1,1,1,NA,1,NA,1,NA,NA,0
"Dc58248","locus231",1,1,1,NA,0.71706,NA,0.71706,NA,NA,0
"Dc58248","locus235",0.74292,0.963468,NA,NA,1,NA,1,NA,NA,0
"Dc58248","locus236",0.70826,1,NA,NA,0.70826,1,1,NA,NA,0
"Dc58248","locus237",1,1,NA,NA,1,1,0.43447,NA,NA,0
"Dc58248","locus239",1,1,1,NA,1,1,0.673332,NA,NA,0
"Dc58248","locus248",1,1,NA,NA,1,1,1,1,NA,0
"Dc58248","locus255",0.31257,0.58606,NA,NA,1,NA,NA,NA,NA,0
"Dc58248","locus256",1,1,1,1,1,NA,0.719892,NA,NA,0
"Dc58248","locus263",0.999944,0.999944,NA,1,1,NA,0.35425,NA,NA,0
"Dc58248","locus264",1,1,1,NA,1,NA,1,NA,NA,0
"Dc58248","locus274",0.081408,0.109656,NA,NA,1,NA,0.593876,NA,NA,0
"Dc58248","locus280",1,1,NA,NA,1,NA,1,1,NA,0
"Dc58248","locus282",1,0.670384,NA,NA,1,NA,1,NA,NA,0
"Dc58248","locus286",1,1,NA,NA,1,NA,0.971928,NA,NA,0
"Dc58248","locus291",1,1,NA,NA,1,NA,1,NA,NA,0
"Dc58248","locus292",1,1,NA,NA,1,NA,1,NA,NA,0
"Dc58248","locus296",1,1,NA,NA,1,NA,1,NA,NA,0
"Dc58248","locus301",1,1,NA,NA,1,NA,1,NA,NA,0
"Dc58248","locus314",1,1,NA,NA,1,NA,1,NA,NA,0
"Dc58248","locus321",1,1,NA,1,1,1,1,1,NA,0
"Dc58248","locus322",0.443088,1,NA,NA,1,NA,1,NA,NA,0
"Dc58248","locus323",0.36501,1,1,NA,1,NA,1,NA,NA,0
"Dc58248","locus329",1,1,NA,NA,1,NA,1,NA,NA,0
"Dc58248","locus332",1,1,NA,NA,1,NA,1,NA,NA,0
"Dc58248","locus349",1,1,NA,NA,1,NA,1,NA,NA,0
"Dc58248","locus358",1,1,NA,1,1,NA,1,NA,NA,0
"Dc58248","locus359",1,1,NA,NA,1,NA,0.067248,NA,NA,0
"Dc58248","locus360",0.944856,1,NA,NA,1,NA,1,NA,NA,0
"Dc62188","Dc67011",1,1,NA,1,0.602304,NA,1,NA,0.69075,0
"Dc62188","locus002",1,1,NA,NA,1,NA,0.41088,NA,1,0
"Dc62188","locus004",1,1,NA,NA,1,NA,1,NA,1,0
"Dc62188","locus005",0.784496,1,NA,NA,1,NA,0.6983,NA,0.784496,0
"Dc62188","locus006",1,1,NA,NA,1,NA,1,1,1,0
"Dc62188","locus008",1,0.98355,NA,NA,1,NA,1,NA,1,0
"Dc62188","locus013",0.9924,0.17396,NA,NA,0.917072,NA,0.917072,NA,0.9924,0
"Dc62188","locus014",0.37162,1,NA,NA,1,NA,1,NA,1,0
"Dc62188","locus024",1,1,NA,NA,1,NA,1,NA,0.18083,0
"Dc62188","locus025",1,1,NA,NA,1,NA,1,NA,1,0
"Dc62188","locus027",1,1,NA,NA,1,NA,1,NA,1,0
"Dc62188","locus030",1,1,NA,NA,1,NA,0.602556,1,1,0
"Dc62188","locus035",1,0.840192,NA,NA,1,1,0.840192,NA,0.960456,0
"Dc62188","locus038",1,0.45696,NA,NA,1,NA,1,NA,1,0
"Dc62188","locus039",1,1,NA,NA,1,NA,1,NA,1,0
"Dc62188","locus040",1,1,NA,NA,1,NA,1,NA,1,0
"Dc62188","locus041",0.087876,1,NA,1,1,NA,0.77203,NA,1,0
"Dc62188","locus045",1,1,NA,NA,1,NA,1,NA,1,0
"Dc62188","locus047",1,1,NA,NA,1,NA,1,1,1,0
"Dc62188","locus048",1,1,NA,NA,1,NA,1,1,1,0
"Dc62188","locus053",1,1,1,NA,1,NA,1,NA,1,0
"Dc62188","locus055",0.61785,1,NA,NA,1,NA,1,NA,1,0
"Dc62188","locus056",1,1,NA,NA,1,NA,0.54955,NA,1,0
"Dc62188","locus058",1,1,NA,NA,1,NA,1,NA,0.60369,0
"Dc62188","locus060",1,1,NA,NA,1,NA,1,NA,1,0
"Dc62188","locus061",0.82021,1,NA,NA,1,NA,1,NA,1,0
"Dc62188","locus062",1,1,NA,1,1,NA,1,1,0.567154,0
"Dc62188","locus064",1,1,NA,NA,1,NA,0.42302,NA,1,0
"Dc62188","locus065",0.9228,1,NA,NA,1,NA,0.61723,NA,0.90536,0
"Dc62188","locus073",1,1,NA,NA,1,NA,1,NA,0.33676,0
"Dc62188","locus074",1,1,1,NA,1,NA,1,NA,1,0
"Dc62188","locus076",0.34711,1,NA,NA,1,NA,1,NA,1,0
"Dc62188","locus077",1,1,NA,NA,1,NA,1,NA,1,0
"Dc62188","locus080",1,1,NA,NA,1,NA,0.12666,NA,1,0
"Dc62188","locus083",1,1,NA,NA,0.82792,NA,1,NA,1,0
"Dc62188","locus088",1,1,NA,NA,1,NA,0.63851,NA,1,0
"Dc62188","locus093",1,1,1,NA,1,NA,1,NA,1,0
"Dc62188","locus096",1,1,NA,NA,1,NA,0.06989,NA,1,0
"Dc62188","locus098",1,1,1,NA,1,NA,1,NA,1,0
"Dc62188","locus100",1,1,NA,NA,1,NA,0.76101,NA,1,0
"Dc62188","locus106",1,1,NA,NA,1,NA,0.47275,NA,1,0
"Dc62188","locus110",0.490494,1,NA,NA,NA,NA,0.490494,NA,NA,0
"Dc62188","locus116",0.853288,0.869898,NA,NA,0.853288,NA,0.853288,NA,NA,0
"Dc62188","locus119",1,1,1,NA,1,1,1,NA,NA,0
"Dc62188","locus120",1,1,1,1,1,NA,1,1,NA,0
"Dc62188","locus126",1,1,NA,NA,1,NA,0.839536,NA,NA,0
"Dc62188","locus128",1,1,NA,NA,1,NA,0.207512,NA,NA,0
"Dc62188","locus129",1,1,NA,NA,0.857214,NA,0.825472,NA,NA,0
"Dc62188","locus130",1,1,NA,NA,1,NA,1,NA,NA,0
"Dc62188","locus134",1,1,NA,NA,1,1,1,NA,NA,0
"Dc62188","locus135",1,1,NA,NA,1,NA,0.374224,NA,NA,0
"Dc62188","locus137",0.673904,1,NA,NA,1,NA,1,NA,NA,0
"Dc62188","locus139",0.622368,1,1,NA,1,NA,0.622368,1,NA,0
"Dc62188","locus140",0.50604,1,1,NA,1,NA,0.50604,NA,NA,0
"Dc62188","locus146",1,0.72563,NA,1,1,NA,0.794944,NA,NA,0
"Dc62188","locus148",0.44546,1,1,NA,1,NA,1,NA,NA,0
"Dc62188","locus151",1,1,NA,NA,1,NA,0.139056,NA,NA,0
"Dc62188","locus157",1,1,NA,NA,1,NA,1,NA,NA,0
"Dc62188","locus161",1,1,NA,NA,0.564144,NA,0.49001,1,NA,0
"Dc62188","locus165",0.661284,0.661284,NA,NA,1,NA,0.28776,NA,NA,0
"Dc62188","locus170",1,1,NA,NA,1,NA,1,NA,NA,0
"Dc62188","locus176",1,1,NA,NA,1,NA,0.213824,NA,NA,0
"Dc62188","locus188",1,0.708872,NA,NA,1,NA,1,NA,NA,0
"Dc62188","locus189",1,1,1,NA,1,1,1,NA,NA,0
"Dc62188","locus190",0.74596,1,1,NA,1,NA,1,NA,NA,0
"Dc62188","locus191",1,1,1,NA,1,NA,1,NA,NA,0
"Dc62188","locus192",1,0.141376,NA,NA,1,NA,1,NA,NA,0
"Dc62188","locus195",1,1,NA,NA,1,1,1,NA,NA,0
"Dc62188","locus202",1,1,1,NA,1,1,1,NA,NA,0
"Dc62188","locus210",1,1,NA,NA,1,NA,1,1,NA,0
"Dc62188","locus215",1,1,NA,NA,1,NA,1,NA,NA,0
"Dc62188","locus227",0.19921,1,1,NA,1,NA,1,NA,NA,0
"Dc62188","locus231",1,1,1,NA,1,NA,1,NA,NA,0
"Dc62188","locus235",1,0.727896,NA,NA,1,NA,1,NA,NA,0
"Dc62188","locus236",0.49096,1,NA,NA,0.913616,1,1,NA,NA,0
"Dc62188","locus237",1,1,NA,NA,1,1,1,NA,NA,0
"Dc62188","locus239",1,1,1,NA,1,1,1,NA,NA,0
"Dc62188","locus248",1,1,NA,NA,1,1,1,1,NA,0
"Dc62188","locus255",1,0.887166,NA,NA,1,NA,NA,NA,NA,0
"Dc62188","locus256",1,1,1,1,1,NA,1,NA,NA,0
"Dc62188","locus263",1,1,NA,1,1,NA,1,NA,NA,0
"Dc62188","locus264",1,1,1,NA,1,NA,1,NA,NA,0
"Dc62188","locus274",0.073968,1,NA,NA,1,NA,1,NA,NA,0
"Dc62188","locus280",0.21643,1,NA,NA,1,NA,1,1,NA,0
"Dc62188","locus282",1,1,NA,NA,1,NA,0.127488,NA,NA,0
"Dc62188","locus286",1,1,NA,NA,0.567336,NA,1,NA,NA,0
"Dc62188","locus291",1,1,NA,NA,1,NA,1,NA,NA,0
"Dc62188","locus292",0.80247,1,NA,NA,0.407136,NA,1,NA,NA,0
"Dc62188","locus296",1,1,NA,NA,1,NA,1,NA,NA,0
"Dc62188","locus301",1,1,NA,NA,1,NA,1,NA,NA,0
"Dc62188","locus314",0.95008,1,NA,NA,1,NA,1,NA,NA,0
"Dc62188","locus321",1,1,NA,1,1,1,1,0.8015,NA,0
"Dc62188","locus322",0.949176,1,NA,NA,1,NA,0.949176,NA,NA,0
"Dc62188","locus323",1,1,1,NA,0.95649,NA,0.95649,NA,NA,0
"Dc62188","locus329",1,1,NA,NA,1,1,1,NA,NA,0
"Dc62188","locus332",1,1,NA,NA,1,NA,1,NA,NA,0
"Dc62188","locus349",0.969396,1,NA,NA,1,NA,0.471288,NA,NA,0
"Dc62188","locus358",0.63842,1,NA,1,1,NA,1,NA,NA,0
"Dc62188","locus359",1,0.715144,NA,NA,1,NA,1,NA,NA,0
"Dc62188","locus360",1,1,NA,NA,0.698412,NA,0.458088,NA,NA,0
"Dc67011","locus002",1,1,NA,NA,1,NA,1,NA,0.91704,0
"Dc67011","locus003",1,1,NA,NA,0.41332,NA,1,NA,0.08514,0
"Dc67011","locus004",1,1,NA,NA,1,NA,1,NA,1,0
"Dc67011","locus005",1,1,NA,NA,1,NA,1,NA,1,0
"Dc67011","locus006",1,1,NA,NA,1,NA,1,1,1,0
"Dc67011","locus008",1,1,NA,NA,1,NA,1,NA,1,0
"Dc67011","locus013",0.743664,1,NA,NA,1,NA,1,NA,0.19413,0
"Dc67011","locus014",1,1,NA,NA,1,NA,1,NA,1,0
"Dc67011","locus022",0.08679,0.23292,NA,NA,1,NA,1,NA,1,0
"Dc67011","locus024",1,1,NA,NA,1,1,1,NA,1,0
"Dc67011","locus025",0.339768,0.13954,NA,NA,1,NA,1,NA,1,0
"Dc67011","locus027",1,1,NA,NA,1,NA,0.10764,NA,1,0
"Dc67011","locus030",0.692868,1,NA,NA,1,NA,1,1,1,0
"Dc67011","locus035",1,1,NA,NA,1,1,1,NA,1,0
"Dc67011","locus038",1,1,NA,NA,1,NA,1,NA,1,0
"Dc67011","locus039",1,1,NA,NA,1,NA,0.61753,NA,1,0
"Dc67011","locus040",1,1,NA,NA,1,NA,1,NA,1,0
"Dc67011","locus041",1,0.867168,NA,1,1,NA,1,NA,1,0
"Dc67011","locus045",1,1,NA,NA,1,NA,1,NA,1,0
"Dc67011","locus047",1,1,NA,NA,1,NA,0.352884,1,1,0
"Dc67011","locus048",1,1,NA,NA,1,NA,1,1,1,0
"Dc67011","locus053",1,0.14694,NA,NA,1,NA,1,NA,1,0
"Dc67011","locus055",1,1,NA,NA,1,NA,1,NA,1,0
"Dc67011","locus056",1,1,1,NA,1,NA,1,NA,1,0
"Dc67011","locus058",1,0.51776,NA,NA,1,NA,0.30539,NA,0.51776,0
"Dc67011","locus060",1,1,NA,NA,1,NA,1,NA,1,0
"Dc67011","locus061",1,1,1,NA,1,NA,1,NA,1,0
"Dc67011","locus062",1,1,NA,1,1,NA,0.400106,1,1,0
"Dc67011","locus064",0.13193,1,NA,NA,1,NA,1,NA,1,0
"Dc67011","locus065",1,1,NA,NA,1,NA,1,NA,1,0
"Dc67011","locus073",1,0.14246,NA,NA,1,NA,1,NA,1,0
"Dc67011","locus074",1,1,NA,NA,1,NA,0.72542,NA,1,0
"Dc67011","locus076",1,1,NA,NA,0.337908,1,1,NA,1,0
"Dc67011","locus077",1,1,NA,NA,0.904224,NA,0.41658,NA,1,0
"Dc67011","locus080",0.82629,1,NA,NA,1,NA,1,NA,1,0
"Dc67011","locus083",1,1,NA,NA,1,NA,0.7277,NA,1,0
"Dc67011","locus088",1,0.14065,NA,NA,1,NA,1,NA,1,0
"Dc67011","locus093",1,1,1,NA,1,NA,1,NA,1,0
"Dc67011","locus096",1,1,NA,NA,1,NA,1,NA,1,0
"Dc67011","locus098",1,1,NA,NA,1,NA,1,NA,1,0
"Dc67011","locus100",0.86489,1,NA,NA,1,NA,1,NA,1,0
"Dc67011","locus106",1,1,NA,NA,1,NA,1,NA,1,0
"Dc67011","locus110",1,1,NA,NA,NA,NA,1,NA,NA,0
"Dc67011","locus116",1,1,NA,NA,1,1,1,NA,NA,0
"Dc67011","locus119",0.844616,0.968184,NA,NA,0.968184,NA,0.844616,NA,NA,0
"Dc67011","locus120",1,1,NA,1,1,1,1,0.988274,NA,0
"Dc67011","locus126",1,1,1,NA,1,NA,1,NA,NA,0
"Dc67011","locus128",1,1,NA,NA,1,NA,1,NA,NA,0
"Dc67011","locus129",1,0.57492,NA,NA,1,NA,1,NA,NA,0
"Dc67011","locus130",1,1,NA,NA,0.799736,NA,1,NA,NA,0
"Dc67011","locus134",1,1,NA,NA,0.58142,1,1,NA,NA,0
"Dc67011","locus135",1,1,NA,NA,1,NA,1,NA,NA,0
"Dc67011","locus137",1,1,NA,NA,1,NA,1,NA,NA,0
"Dc67011","locus139",1,1,1,NA,1,NA,1,1,NA,0
"Dc67011","locus140",1,1,1,NA,1,NA,1,NA,NA,0
"Dc67011","locus146",0.371412,1,1,1,1,NA,1,NA,NA,0
"Dc67011","locus148",1,1,NA,NA,1,NA,1,NA,NA,0
"Dc67011","locus151",1,1,1,NA,1,NA,1,NA,NA,0
"Dc67011","locus157",1,1,NA,NA,1,NA,1,NA,NA,0
"Dc67011","locus161",1,1,NA,NA,1,NA,1,1,NA,0
"Dc67011","locus165",0.942176,1,NA,NA,1,NA,1,NA,NA,0
"Dc67011","locus170",0.563848,1,NA,NA,0.690708,NA,0.935984,NA,NA,0
"Dc67011","locus176",1,1,NA,NA,1,NA,1,NA,NA,0
"Dc67011","locus184",1,1,NA,NA,1,NA,1,NA,NA,0
"Dc67011","locus186",1,1,NA,NA,1,NA,1,NA,NA,0
"Dc67011","locus188",1,1,NA,NA,1,1,1,NA,NA,0
"Dc67011","locus189",1,0.28553,1,NA,1,NA,1,NA,NA,0
"Dc67011","locus190",1,1,1,NA,1,1,1,NA,NA,0
"Dc67011","locus191",0.614312,1,NA,NA,1,NA,1,NA,NA,0
"Dc67011","locus192",1,1,NA,NA,1,NA,1,NA,NA,0
"Dc67011","locus195",0.44924,0.44924,NA,NA,1,NA,0.642072,NA,NA,0
"Dc67011","locus202",1,1,NA,NA,1,NA,1,NA,NA,0
"Dc67011","locus210",1,1,NA,NA,1,NA,1,1,NA,0
"Dc67011","locus215",1,1,NA,NA,1,NA,1,NA,NA,0
"Dc67011","locus227",1,1,1,NA,1,NA,0.78233,NA,NA,0
"Dc67011","locus231",0.212984,1,NA,NA,1,NA,1,NA,NA,0
"Dc67011","locus235",1,1,NA,NA,1,NA,1,NA,NA,0
"Dc67011","locus236",0.837456,0.567408,NA,NA,1,NA,0.992276,NA,NA,0
"Dc67011","locus237",1,1,NA,NA,1,NA,1,NA,NA,0
"Dc67011","locus239",0.487648,1,NA,NA,0.68805,NA,0.756636,NA,NA,0
"Dc67011","locus248",1,1,NA,NA,1,NA,1,1,NA,0
"Dc67011","locus255",0.257732,0.085698,NA,NA,0.572786,NA,NA,NA,NA,0
"Dc67011","locus256",1,1,NA,1,1,NA,1,NA,NA,0
"Dc67011","locus263",1,1,NA,1,1,NA,1,NA,NA,0
"Dc67011","locus264",0.90977,0.83416,NA,NA,0.83416,NA,0.83416,NA,NA,0
"Dc67011","locus274",1,1,NA,NA,1,NA,1,NA,NA,0
"Dc67011","locus280",1,1,NA,NA,1,NA,1,1,NA,0
"Dc67011","locus282",0.327752,1,NA,NA,1,NA,1,NA,NA,0
"Dc67011","locus286",1,1,NA,NA,1,NA,1,NA,NA,0
"Dc67011","locus291",1,1,NA,NA,1,NA,1,NA,NA,0
"Dc67011","locus292",1,1,1,NA,1,NA,1,NA,NA,0
"Dc67011","locus296",1,1,NA,NA,1,NA,0.743328,NA,NA,0
"Dc67011","locus301",1,1,NA,NA,0.28813,1,1,NA,NA,0
"Dc67011","locus314",1,1,NA,NA,1,NA,1,NA,NA,0
"Dc67011","locus321",0.64436,0.173052,NA,1,1,NA,1,1,NA,0
"Dc67011","locus322",1,1,NA,NA,1,NA,1,NA,NA,0
"Dc67011","locus323",1,1,NA,NA,0.887448,NA,0.887448,NA,NA,0
"Dc67011","locus329",0.45384,0.854696,NA,NA,1,NA,0.496326,NA,NA,0
"Dc67011","locus332",0.399552,1,NA,NA,1,NA,1,NA,NA,0
"Dc67011","locus349",1,1,NA,NA,1,NA,1,NA,NA,0
"Dc67011","locus358",1,1,NA,1,1,NA,1,NA,NA,0
"Dc67011","locus359",1,1,NA,NA,0.577384,NA,1,NA,NA,0
"Dc67011","locus360",1,0.54738,1,NA,0.54738,NA,0.54738,NA,NA,0
"locus002","locus003",1,1,NA,NA,1,NA,1,NA,1,0
"locus002","locus004",1,1,NA,NA,1,NA,1,NA,1,0
"locus002","locus005",1,1,NA,NA,1,NA,1,NA,1,0
"locus002","locus006",1,1,NA,NA,1,NA,1,1,1,0
"locus002","locus008",1,1,NA,NA,1,NA,1,NA,1,0
"locus002","locus013",1,1,NA,NA,1,NA,1,NA,0.55568,0
"locus002","locus014",1,1,NA,NA,1,NA,1,NA,1,0
"locus002","locus022",1,1,NA,NA,1,NA,1,NA,1,0
"locus002","locus024",1,1,NA,NA,1,NA,1,NA,1,0
"locus002","locus025",1,1,1,NA,1,NA,1,NA,1,0
"locus002","locus027",1,1,1,NA,1,NA,1,NA,1,0
"locus002","locus030",1,0.573276,NA,NA,1,NA,1,1,1,0
"locus002","locus035",1,1,NA,NA,1,NA,0.70185,NA,1,0
"locus002","locus038",1,1,NA,NA,1,NA,1,NA,1,0
"locus002","locus039",1,1,NA,NA,1,NA,1,NA,1,0
"locus002","locus040",1,1,NA,NA,1,NA,1,NA,1,0
"locus002","locus041",0.72555,1,NA,NA,1,NA,1,NA,1,0
"locus002","locus045",1,1,NA,NA,1,NA,1,NA,1,0
"locus002","locus047",1,1,NA,NA,1,NA,0.3114,1,1,0
"locus002","locus048",1,1,NA,NA,1,NA,1,1,1,0
"locus002","locus053",1,1,NA,NA,1,NA,1,NA,1,0
"locus002","locus055",0.44104,1,NA,NA,1,NA,1,NA,1,0
"locus002","locus056",1,1,1,NA,1,NA,1,NA,1,0
"locus002","locus058",1,1,NA,NA,1,NA,1,NA,1,0
"locus002","locus060",1,0.70323,NA,NA,1,NA,1,NA,1,0
"locus002","locus061",1,1,NA,NA,1,NA,1,NA,1,0
"locus002","locus062",1,1,NA,NA,1,NA,0.68079,1,0.635496,0
"locus002","locus064",1,1,NA,NA,1,NA,1,NA,1,0
"locus002","locus065",1,1,NA,NA,1,NA,1,NA,1,0
"locus002","locus073",1,1,NA,NA,1,NA,0.77859,NA,1,0
"locus002","locus074",1,1,NA,NA,1,NA,0.70316,NA,0.40067,0
"locus002","locus076",1,0.568648,NA,NA,1,NA,0.22123,NA,1,0
"locus002","locus077",1,1,NA,NA,1,NA,1,NA,1,0
"locus002","locus080",0.480744,0.480744,NA,NA,0.802584,NA,0.32707,NA,0.802584,0
"locus002","locus083",1,1,NA,NA,1,NA,1,NA,1,0
"locus002","locus088",1,1,NA,NA,1,NA,1,NA,1,0
"locus002","locus093",1,1,1,NA,1,NA,1,NA,1,0
"locus002","locus096",1,1,NA,NA,1,NA,0.37036,NA,1,0
"locus002","locus098",1,1,NA,NA,1,NA,1,NA,1,0
"locus002","locus100",1,1,NA,NA,1,NA,0.18448,NA,1,0
"locus002","locus106",0.16298,1,NA,NA,1,NA,1,NA,1,0
"locus002","locus110",0.7968,1,NA,NA,NA,NA,0.7968,NA,NA,0
"locus002","locus116",1,1,NA,NA,1,NA,1,NA,NA,0
"locus002","locus119",0.079112,1,NA,NA,1,NA,1,NA,NA,0
"locus002","locus120",0.2736,1,NA,NA,1,NA,1,1,NA,0
"locus002","locus126",0.124096,1,NA,NA,1,NA,1,NA,NA,0
"locus002","locus128",1,1,NA,NA,1,NA,1,NA,NA,0
"locus002","locus129",1,0.999702,NA,NA,1,NA,0.470144,NA,NA,0
"locus002","locus130",0.116608,1,NA,NA,1,NA,1,NA,NA,0
"locus002","locus134",1,1,NA,NA,1,NA,1,NA,NA,0
"locus002","locus135",1,1,NA,NA,1,NA,1,NA,NA,0
"locus002","locus137",1,1,NA,NA,1,NA,0.849096,NA,NA,0
"locus002","locus139",1,1,1,NA,1,NA,1,1,NA,0
"locus002","locus140",1,1,1,NA,1,NA,1,NA,NA,0
"locus002","locus146",1,1,1,NA,1,NA,1,NA,NA,0
"locus002","locus148",0.231776,1,NA,NA,0.401276,NA,0.231776,NA,NA,0
"locus002","locus151",1,1,1,NA,1,NA,1,NA,NA,0
"locus002","locus157",1,1,NA,NA,1,NA,1,NA,NA,0
"locus002","locus161",1,1,NA,NA,1,NA,1,1,NA,0
"locus002","locus165",1,1,NA,NA,1,NA,1,NA,NA,0
"locus002","locus170",1,1,NA,NA,1,NA,1,NA,NA,0
"locus002","locus176",1,1,NA,NA,1,NA,1,NA,NA,0
"locus002","locus184",1,1,NA,NA,1,NA,1,NA,NA,0
"locus002","locus186",1,0.861198,NA,NA,1,NA,0.456016,NA,NA,0
"locus002","locus188",1,1,NA,NA,1,NA,0.08788,NA,NA,0
"locus002","locus189",0.67131,1,1,NA,1,NA,1,NA,NA,0
"locus002","locus190",1,1,1,NA,1,NA,1,NA,NA,0
"locus002","locus191",0.153112,1,NA,NA,1,NA,0.16152,NA,NA,0
"locus002","locus192",0.784952,1,NA,NA,0.803068,NA,0.784952,NA,NA,0
"locus002","locus195",0.758264,1,NA,NA,1,NA,1,NA,NA,0
"locus002","locus202",1,1,NA,NA,1,NA,0.218624,NA,NA,0
"locus002","locus210",0.74948,1,NA,NA,1,NA,1,1,NA,0
"locus002","locus215",1,1,1,NA,1,NA,0.72448,NA,NA,0
"locus002","locus227",1,1,1,NA,1,NA,1,NA,NA,0
"locus002","locus231",1,1,NA,NA,0.805696,NA,1,NA,NA,0
"locus002","locus235",1,1,NA,NA,1,NA,1,NA,NA,0
"locus002","locus236",0.412872,1,NA,NA,1,NA,1,NA,NA,0
"locus002","locus237",1,1,NA,NA,1,NA,0.814504,NA,NA,0
"locus002","locus239",1,1,NA,NA,1,NA,1,NA,NA,0
"locus002","locus248",1,1,NA,NA,1,NA,1,1,NA,0
"locus002","locus255",1,1,NA,NA,1,NA,NA,NA,NA,0
"locus002","locus256",0.854712,0.854712,NA,NA,0.799144,NA,0.854712,NA,NA,0
"locus002","locus263",1,1,NA,NA,1,NA,1,NA,NA,0
"locus002","locus264",1,1,NA,NA,1,NA,1,NA,NA,0
"locus002","locus274",1,1,NA,NA,1,NA,1,NA,NA,0
"locus002","locus280",1,1,NA,NA,1,NA,1,1,NA,0
"locus002","locus282",1,1,NA,NA,1,NA,0.649496,NA,NA,0
"locus002","locus286",0.13156,0.85734,NA,NA,1,NA,1,NA,NA,0
"locus002","locus292",1,1,1,NA,1,NA,1,NA,NA,0
"locus002","locus296",1,1,NA,NA,1,NA,0.300248,NA,NA,0
"locus002","locus301",1,1,1,NA,1,NA,1,NA,NA,0
"locus002","locus314",1,1,NA,NA,1,NA,1,NA,NA,0
"locus002","locus321",1,1,NA,NA,1,NA,1,1,NA,0
"locus002","locus322",1,0.573608,NA,NA,1,NA,1,NA,NA,0
"locus002","locus323",1,1,NA,NA,1,NA,1,NA,NA,0
"locus002","locus329",0.124744,1,NA,NA,1,NA,1,NA,NA,0
"locus002","locus332",0.730248,1,NA,NA,1,NA,1,NA,NA,0
"locus002","locus349",1,1,NA,NA,1,NA,1,NA,NA,0
"locus002","locus358",1,1,NA,NA,1,NA,1,NA,NA,0
"locus002","locus359",1,0.571848,NA,NA,1,NA,1,NA,NA,0
"locus002","locus360",1,1,NA,NA,1,NA,1,NA,NA,0
"locus003","locus004",1,1,NA,NA,1,NA,1,NA,1,0
"locus003","locus005",0.39792,1,NA,NA,1,NA,1,NA,1,0
"locus003","locus006",1,1,NA,NA,1,NA,1,1,1,0
"locus003","locus008",1,1,NA,NA,1,NA,0.38439,NA,0.38439,0
"locus003","locus013",1,1,NA,NA,1,NA,1,NA,1,0
"locus003","locus014",1,1,NA,NA,1,NA,1,NA,1,0
"locus003","locus022",1,1,1,NA,1,NA,1,NA,1,0
"locus003","locus024",0.81392,1,NA,NA,1,1,0.221904,NA,1,0
"locus003","locus025",1,1,NA,NA,1,NA,0.21528,NA,0.550224,0
"locus003","locus027",1,1,NA,NA,1,NA,1,NA,1,0
"locus003","locus030",1,1,NA,NA,1,NA,1,1,0.547812,0
"locus003","locus035",0.855732,1,NA,NA,1,1,1,NA,0.855732,0
"locus003","locus038",1,1,1,NA,1,NA,1,NA,1,0
"locus003","locus039",1,1,NA,NA,1,NA,1,NA,1,0
"locus003","locus040",1,1,NA,NA,1,NA,1,NA,1,0
"locus003","locus041",1,1,NA,1,1,NA,0.715824,NA,1,0
"locus003","locus045",0.973914,0.782328,NA,NA,1,NA,1,NA,0.29821,0
"locus003","locus047",1,1,1,NA,1,NA,1,1,1,0
"locus003","locus048",1,1,NA,NA,1,NA,1,1,1,0
"locus003","locus053",0.837192,1,NA,NA,1,NA,0.72707,NA,0.72707,0
"locus003","locus055",1,1,NA,NA,1,NA,1,NA,1,0
"locus003","locus056",1,1,NA,NA,1,NA,1,NA,1,0
"locus003","locus058",1,1,NA,NA,1,NA,1,NA,1,0
"locus003","locus060",0.98627,0.98627,NA,NA,0.98627,NA,0.98627,NA,0.98627,0
"locus003","locus061",1,1,NA,NA,1,NA,1,NA,1,0
"locus003","locus062",0.13132,1,NA,1,1,NA,1,1,0.87576,0
"locus003","locus064",1,1,NA,NA,1,NA,1,NA,1,0
"locus003","locus065",1,1,NA,NA,1,NA,1,NA,1,0
"locus003","locus073",1,1,1,NA,1,NA,1,NA,1,0
"locus003","locus074",1,1,NA,NA,1,NA,1,NA,1,0
"locus003","locus076",1,1,1,NA,1,NA,1,NA,1,0
"locus003","locus077",0.16066,0.428608,NA,NA,1,NA,1,NA,0.638874,0
"locus003","locus080",1,1,NA,NA,1,NA,1,NA,1,0
"locus003","locus083",1,1,NA,NA,0.6654,NA,0.11583,NA,1,0
"locus003","locus088",1,1,NA,NA,1,NA,1,NA,1,0
"locus003","locus093",1,1,1,NA,1,NA,1,NA,1,0
"locus003","locus096",0.05847,1,NA,NA,1,NA,0.977992,NA,0.977992,0
"locus003","locus098",1,1,NA,NA,1,NA,0.18963,NA,0.381432,0
"locus003","locus100",1,1,NA,NA,1,NA,1,NA,1,0
"locus003","locus106",1,1,NA,NA,1,NA,1,NA,1,0
"locus003","locus110",1,1,NA,NA,NA,NA,1,NA,NA,0
"locus003","locus116",1,1,NA,NA,1,1,1,NA,NA,0
"locus003","locus119",1,1,NA,NA,1,NA,0.591832,NA,NA,0
"locus003","locus120",0.801374,1,NA,1,1,1,0.801374,1,NA,0
"locus003","locus126",1,1,NA,NA,1,NA,1,NA,NA,0
"locus003","locus128",1,1,NA,NA,1,NA,1,NA,NA,0
"locus003","locus129",0.339496,1,NA,NA,0.86355,NA,1,NA,NA,0
"locus003","locus130",0.333632,1,NA,NA,1,NA,1,NA,NA,0
"locus003","locus134",1,1,1,NA,1,1,1,NA,NA,0
"locus003","locus135",1,1,NA,NA,1,NA,0.474072,NA,NA,0
"locus003","locus137",1,1,1,NA,1,NA,1,NA,NA,0
"locus003","locus139",0.596484,1,1,NA,1,NA,0.76242,1,NA,0
"locus003","locus140",0.49941,1,1,NA,1,NA,0.614936,NA,NA,0
"locus003","locus146",0.47,0.47,NA,0.597606,1,NA,0.597606,NA,NA,0
"locus003","locus148",0.778032,1,NA,NA,1,NA,1,NA,NA,0
"locus003","locus151",1,1,NA,NA,1,NA,1,NA,NA,0
"locus003","locus157",1,1,NA,NA,1,NA,1,NA,NA,0
"locus003","locus161",1,1,NA,NA,0.64048,NA,0.64048,1,NA,0
"locus003","locus165",1,1,NA,NA,1,NA,1,NA,NA,0
"locus003","locus170",0.082576,1,NA,NA,1,NA,1,NA,NA,0
"locus003","locus176",0.838912,1,NA,NA,1,NA,1,NA,NA,0
"locus003","locus186",1,1,NA,NA,1,NA,1,NA,NA,0
"locus003","locus188",0.750248,1,NA,NA,1,NA,1,NA,NA,0
"locus003","locus189",1,1,1,NA,1,NA,0.85961,NA,NA,0
"locus003","locus190",1,1,1,NA,1,NA,1,NA,NA,0
"locus003","locus191",0.624496,1,NA,NA,1,NA,0.96885,NA,NA,0
"locus003","locus192",0.793024,1,NA,NA,1,NA,1,NA,NA,0
"locus003","locus195",1,1,NA,NA,1,NA,1,NA,NA,0
"locus003","locus202",1,1,NA,NA,1,NA,1,NA,NA,0
"locus003","locus210",1,1,1,NA,1,NA,1,0.601572,NA,0
"locus003","locus215",1,1,NA,NA,1,NA,1,NA,NA,0
"locus003","locus227",1,1,1,NA,1,1,1,NA,NA,0
"locus003","locus231",1,1,NA,NA,1,NA,1,NA,NA,0
"locus003","locus235",0.437448,0.437448,NA,NA,1,NA,0.735008,NA,NA,0
"locus003","locus236",1,1,NA,NA,0.888912,NA,0.888912,NA,NA,0
"locus003","locus237",1,1,NA,NA,1,NA,1,NA,NA,0
"locus003","locus239",1,1,NA,NA,1,NA,1,NA,NA,0
"locus003","locus248",0.73674,1,NA,NA,1,NA,1,1,NA,0
"locus003","locus255",1,1,NA,NA,1,NA,NA,NA,NA,0
"locus003","locus256",1,1,NA,0.83814,1,NA,0.83814,NA,NA,0
"locus003","locus263",0.66929,1,NA,1,1,NA,1,NA,NA,0
"locus003","locus264",1,1,NA,NA,1,NA,1,NA,NA,0
"locus003","locus274",1,1,NA,NA,1,NA,1,NA,NA,0
"locus003","locus280",1,1,NA,NA,1,NA,1,1,NA,0
"locus003","locus282",1,1,1,NA,1,NA,1,NA,NA,0
"locus003","locus286",1,1,NA,NA,0.508184,NA,0.508184,NA,NA,0
"locus003","locus291",0.38633,1,NA,NA,1,1,1,NA,NA,0
"locus003","locus292",1,1,1,NA,0.50585,NA,1,NA,NA,0
"locus003","locus296",1,1,NA,NA,1,NA,1,NA,NA,0
"locus003","locus301",0.63978,1,NA,NA,1,1,1,NA,NA,0
"locus003","locus314",0.89432,1,NA,NA,1,NA,1,NA,NA,0
"locus003","locus321",0.688632,1,NA,1,1,NA,1,1,NA,0
"locus003","locus322",0.585924,0.585924,NA,NA,0.659344,NA,0.082696,NA,NA,0
"locus003","locus323",0.96078,1,NA,NA,0.912192,NA,1,NA,NA,0
"locus003","locus329",1,0.433544,NA,NA,1,NA,1,NA,NA,0
"locus003","locus332",1,1,1,NA,1,NA,1,NA,NA,0
"locus003","locus349",1,1,NA,NA,1,NA,1,NA,NA,0
"locus003","locus358",1,1,NA,1,1,NA,1,NA,NA,0
"locus003","locus360",1,0.428736,NA,NA,0.690492,NA,1,NA,NA,0
"locus004","locus005",1,1,NA,NA,1,NA,1,NA,1,0
"locus004","locus006",1,1,NA,NA,1,NA,0.183444,1,1,0
"locus004","locus008",1,1,NA,NA,1,NA,1,NA,1,0
"locus004","locus013",1,1,NA,NA,1,NA,1,NA,1,0
"locus004","locus014",1,1,NA,NA,1,NA,1,NA,1,0
"locus004","locus022",1,1,1,NA,1,NA,1,NA,1,0
"locus004","locus024",1,1,NA,NA,1,1,0.875712,NA,1,0
"locus004","locus025",1,1,NA,NA,1,NA,0.7154,NA,1,0
"locus004","locus027",0.97193,1,NA,NA,1,NA,1,NA,1,0
"locus004","locus030",1,1,NA,NA,1,NA,1,1,1,0
"locus004","locus035",1,1,NA,NA,1,1,1,NA,1,0
"locus004","locus038",1,1,1,NA,1,NA,1,NA,1,0
"locus004","locus039",1,1,NA,NA,1,NA,0.17716,NA,1,0
"locus004","locus040",1,1,NA,NA,1,NA,1,NA,1,0
"locus004","locus041",1,1,NA,1,1,NA,1,NA,0.800484,0
"locus004","locus045",1,1,NA,NA,1,NA,0.63421,NA,1,0
"locus004","locus047",1,1,1,NA,1,NA,0.99988,1,1,0
"locus004","locus048",0.945192,1,NA,NA,1,NA,1,1,1,0
"locus004","locus053",1,1,NA,NA,1,NA,1,NA,0.98137,0
"locus004","locus055",1,1,NA,NA,1,NA,1,NA,1,0
"locus004","locus056",1,1,NA,NA,1,NA,0.10398,NA,0.470672,0
"locus004","locus058",1,1,NA,NA,1,NA,1,NA,1,0
"locus004","locus060",1,0.52266,NA,NA,0.52266,NA,1,NA,0.52266,0
"locus004","locus061",0.84172,1,NA,NA,1,NA,1,NA,1,0
"locus004","locus062",1,1,NA,1,1,NA,0.389592,1,1,0
"locus004","locus064",1,1,NA,NA,1,NA,1,NA,1,0
"locus004","locus065",1,1,NA,NA,1,NA,1,NA,1,0
"locus004","locus073",1,1,1,NA,0.861156,NA,1,NA,1,0
"locus004","locus074",1,1,NA,NA,1,NA,1,NA,1,0
"locus004","locus076",1,1,1,NA,1,NA,1,NA,1,0
"locus004","locus077",1,1,NA,NA,1,NA,1,NA,1,0
"locus004","locus080",1,0.998536,NA,NA,1,NA,0.62723,NA,0.998536,0
"locus004","locus083",1,1,NA,NA,1,NA,1,NA,1,0
"locus004","locus093",1,1,1,NA,1,NA,1,NA,1,0
"locus004","locus096",1,1,NA,NA,1,NA,1,NA,1,0
"locus004","locus098",1,1,NA,NA,1,NA,1,NA,1,0
"locus004","locus100",1,1,NA,NA,1,NA,1,NA,1,0
"locus004","locus106",1,1,NA,NA,1,NA,1,NA,1,0
"locus004","locus110",1,1,NA,NA,NA,NA,1,NA,NA,0
"locus004","locus116",1,1,NA,NA,1,1,1,NA,NA,0
"locus004","locus119",1,1,NA,NA,1,NA,0.616208,NA,NA,0
"locus004","locus120",0.319732,1,NA,1,0.862236,1,1,1,NA,0
"locus004","locus126",1,1,NA,NA,1,NA,1,NA,NA,0
"locus004","locus128",1,1,NA,NA,1,NA,1,NA,NA,0
"locus004","locus129",1,1,NA,NA,1,NA,1,NA,NA,0
"locus004","locus130",1,1,NA,NA,1,NA,1,NA,NA,0
"locus004","locus134",0.844264,0.52539,NA,NA,1,1,1,NA,NA,0
"locus004","locus135",1,1,NA,NA,1,NA,1,NA,NA,0
"locus004","locus137",1,1,1,NA,1,NA,0.4222,NA,NA,0
"locus004","locus139",1,1,1,NA,1,NA,1,1,NA,0
"locus004","locus140",1,1,1,NA,1,NA,1,NA,NA,0
"locus004","locus146",1,1,NA,1,1,NA,0.93943,NA,NA,0
"locus004","locus148",1,1,NA,NA,1,NA,1,NA,NA,0
"locus004","locus151",0.838362,0.853348,NA,NA,1,NA,0.682912,NA,NA,0
"locus004","locus157",0.188144,1,NA,NA,1,NA,1,NA,NA,0
"locus004","locus161",1,1,NA,NA,1,NA,0.06558,1,NA,0
"locus004","locus170",1,1,NA,NA,1,NA,1,NA,NA,0
"locus004","locus176",1,1,NA,NA,1,NA,1,NA,NA,0
"locus004","locus184",0.181264,1,NA,NA,1,NA,0.407958,NA,NA,0
"locus004","locus186",1,1,NA,NA,1,NA,1,NA,NA,0
"locus004","locus188",1,1,NA,NA,0.427968,NA,0.07012,NA,NA,0
"locus004","locus189",0.25206,1,1,NA,1,NA,0.827056,NA,NA,0
"locus004","locus190",1,1,1,NA,1,NA,1,NA,NA,0
"locus004","locus191",1,1,NA,NA,0.427848,NA,0.082384,NA,NA,0
"locus004","locus192",1,1,NA,NA,1,NA,0.620816,NA,NA,0
"locus004","locus195",0.754584,1,NA,NA,1,NA,0.385928,NA,NA,0
"locus004","locus202",1,1,NA,NA,1,NA,1,NA,NA,0
"locus004","locus210",1,1,NA,NA,0.71618,NA,1,1,NA,0
"locus004","locus215",1,1,NA,NA,1,NA,0.74988,NA,NA,0
"locus004","locus227",1,1,1,NA,1,1,1,NA,NA,0
"locus004","locus231",1,1,NA,NA,1,NA,1,NA,NA,0
"locus004","locus235",1,1,NA,NA,1,NA,1,NA,NA,0
"locus004","locus236",1,1,NA,NA,1,NA,1,NA,NA,0
"locus004","locus237",1,1,NA,NA,1,NA,1,NA,NA,0
"locus004","locus239",0.856504,0.853464,NA,NA,0.856504,NA,0.112496,NA,NA,0
"locus004","locus248",1,1,NA,NA,1,NA,1,0.14014,NA,0
"locus004","locus255",0.388326,1,NA,NA,0.569488,NA,NA,NA,NA,0
"locus004","locus256",0.909608,0.909608,NA,1,1,NA,0.83132,NA,NA,0
"locus004","locus263",1,1,NA,1,1,NA,1,NA,NA,0
"locus004","locus264",1,1,NA,NA,1,NA,1,NA,NA,0
"locus004","locus274",1,1,NA,NA,1,NA,0.956112,NA,NA,0
"locus004","locus280",1,1,NA,NA,1,NA,0.39799,1,NA,0
"locus004","locus282",0.77345,0.993776,1,NA,1,NA,1,NA,NA,0
"locus004","locus286",1,0.997936,NA,NA,1,NA,1,NA,NA,0
"locus004","locus291",1,1,NA,NA,1,1,0.65804,NA,NA,0
"locus004","locus292",1,0.754026,1,NA,0.570048,NA,0.13362,NA,NA,0
"locus004","locus296",0.510832,0.943952,NA,NA,0.860496,NA,0.943952,NA,NA,0
"locus004","locus301",1,1,NA,NA,1,1,1,NA,NA,0
"locus004","locus314",1,1,NA,NA,1,NA,1,NA,NA,0
"locus004","locus321",1,1,NA,1,1,NA,1,1,NA,0
"locus004","locus322",1,0.42648,NA,NA,1,NA,1,NA,NA,0
"locus004","locus323",1,1,NA,NA,1,NA,1,NA,NA,0
"locus004","locus329",1,1,NA,NA,0.575592,NA,1,NA,NA,0
"locus004","locus332",1,1,1,NA,1,NA,1,NA,NA,0
"locus004","locus349",1,1,NA,NA,1,NA,1,NA,NA,0
"locus004","locus358",0.85379,1,NA,0.85379,1,NA,1,NA,NA,0
"locus004","locus359",1,1,NA,NA,1,NA,1,NA,NA,0
"locus004","locus360",0.96832,1,NA,NA,1,NA,1,NA,NA,0
"locus005","locus006",1,1,NA,NA,1,NA,0.684168,1,0.84997,0
"locus005","locus008",1,0.785016,NA,NA,1,NA,0.30031,NA,1,0
"locus005","locus013",0.64107,1,NA,NA,1,NA,1,NA,1,0
"locus005","locus014",1,1,NA,NA,1,NA,1,NA,1,0
"locus005","locus022",1,1,1,NA,1,NA,1,NA,1,0
"locus005","locus024",0.598068,0.71695,NA,NA,1,1,1,NA,1,0
"locus005","locus025",1,1,NA,NA,1,NA,1,NA,1,0
"locus005","locus027",1,1,NA,NA,0.2296,NA,1,NA,1,0
"locus005","locus030",1,1,NA,NA,1,NA,1,1,1,0
"locus005","locus035",1,1,NA,NA,1,1,0.582168,NA,1,0
"locus005","locus038",1,1,1,NA,1,NA,0.410436,NA,1,0
"locus005","locus039",0.27267,0.287656,NA,NA,1,NA,1,NA,1,0
"locus005","locus040",0.545,1,NA,NA,1,NA,1,NA,1,0
"locus005","locus041",1,1,NA,1,1,NA,1,NA,1,0
"locus005","locus045",0.83863,1,NA,NA,1,NA,1,NA,0.923032,0
"locus005","locus047",1,1,1,NA,1,NA,1,1,1,0
"locus005","locus048",1,1,NA,NA,1,NA,1,1,1,0
"locus005","locus053",1,1,NA,NA,1,NA,1,NA,1,0
"locus005","locus055",1,1,NA,NA,1,NA,1,NA,0.76358,0
"locus005","locus056",0.5595,0.431088,NA,NA,1,NA,1,NA,0.07636,0
"locus005","locus058",1,1,NA,NA,0.47711,NA,0.579056,NA,1,0
"locus005","locus060",0.44046,1,NA,NA,0.996876,NA,1,NA,0.692072,0
"locus005","locus061",1,1,NA,NA,1,NA,0.61701,NA,0.61701,0
"locus005","locus062",1,1,NA,1,1,NA,0.694162,1,1,0
"locus005","locus065",0.92777,1,NA,NA,1,NA,1,NA,1,0
"locus005","locus073",1,1,1,NA,1,NA,1,NA,1,0
"locus005","locus074",1,0.72076,NA,NA,1,NA,1,NA,1,0
"locus005","locus076",0.20466,0.98047,1,NA,1,NA,1,NA,1,0
"locus005","locus077",1,1,NA,NA,1,NA,0.19162,NA,1,0
"locus005","locus083",1,1,NA,NA,1,NA,1,NA,1,0
"locus005","locus088",1,1,NA,NA,0.71572,NA,1,NA,1,0
"locus005","locus093",1,1,1,NA,1,NA,1,NA,0.851232,0
"locus005","locus096",1,1,NA,NA,1,NA,1,NA,1,0
"locus005","locus098",0.96469,1,NA,NA,1,NA,1,NA,1,0
"locus005","locus100",1,1,NA,NA,0.567328,NA,0.24071,NA,1,0
"locus005","locus106",1,1,NA,NA,1,NA,1,NA,1,0
"locus005","locus110",1,1,NA,NA,NA,NA,0.49683,NA,NA,0
"locus005","locus116",1,1,NA,NA,1,1,0.47778,NA,NA,0
"locus005","locus119",1,1,NA,NA,1,NA,1,NA,NA,0
"locus005","locus120",0.776566,1,NA,1,1,1,0.926472,1,NA,0
"locus005","locus126",0.97294,0.97294,NA,NA,0.42378,NA,0.053432,NA,NA,0
"locus005","locus128",1,1,NA,NA,1,NA,1,NA,NA,0
"locus005","locus129",1,1,NA,NA,1,NA,1,NA,NA,0
"locus005","locus130",1,1,NA,NA,1,NA,0.363912,NA,NA,0
"locus005","locus134",1,1,NA,NA,1,1,1,NA,NA,0
"locus005","locus135",0.393248,1,NA,NA,1,NA,1,NA,NA,0
"locus005","locus137",0.573688,0.573688,1,NA,1,NA,0.08331,NA,NA,0
"locus005","locus139",0.777228,1,1,NA,1,NA,1,1,NA,0
"locus005","locus140",0.63572,1,1,NA,1,NA,1,NA,NA,0
"locus005","locus146",1,1,NA,1,1,NA,1,NA,NA,0
"locus005","locus148",1,1,NA,NA,1,NA,1,NA,NA,0
"locus005","locus157",0.214104,0.854682,NA,NA,0.854682,NA,0.854682,NA,NA,0
"locus005","locus161",1,1,NA,NA,1,NA,1,1,NA,0
"locus005","locus165",1,1,NA,NA,1,NA,1,NA,NA,0
"locus005","locus170",1,1,NA,NA,1,NA,0.895808,NA,NA,0
"locus005","locus176",0.286908,1,NA,NA,1,NA,0.199328,NA,NA,0
"locus005","locus186",0.11988,0.927556,NA,NA,1,NA,0.127686,NA,NA,0
"locus005","locus189",0.62837,1,1,NA,1,NA,1,NA,NA,0
"locus005","locus190",1,1,1,NA,0.70855,NA,0.70855,NA,NA,0
"locus005","locus191",1,1,NA,NA,0.5664,NA,1,NA,NA,0
"locus005","locus192",1,1,NA,NA,1,NA,1,NA,NA,0
"locus005","locus195",1,1,NA,NA,1,NA,1,NA,NA,0
"locus005","locus202",0.725442,0.964184,NA,NA,0.569824,NA,0.964184,NA,NA,0
"locus005","locus210",1,1,NA,NA,1,NA,1,1,NA,0
"locus005","locus215",0.531672,1,NA,NA,1,NA,1,NA,NA,0
"locus005","locus227",1,1,1,NA,1,1,1,NA,NA,0
"locus005","locus231",1,1,NA,NA,1,NA,1,NA,NA,0
"locus005","locus235",1,1,NA,NA,1,NA,1,NA,NA,0
"locus005","locus236",1,1,NA,NA,1,NA,1,NA,NA,0
"locus005","locus237",1,1,NA,NA,1,NA,1,NA,NA,0
"locus005","locus239",1,1,NA,NA,1,NA,1,NA,NA,0
"locus005","locus248",1,1,NA,NA,1,NA,0.25014,1,NA,0
"locus005","locus255",1,1,NA,NA,1,NA,NA,NA,NA,0
"locus005","locus256",1,1,NA,1,0.46857,NA,1,NA,NA,0
"locus005","locus263",0.921672,0.53395,NA,1,1,NA,1,NA,NA,0
"locus005","locus264",0.752464,1,NA,NA,1,NA,1,NA,NA,0
"locus005","locus274",1,1,NA,NA,1,NA,0.996552,NA,NA,0
"locus005","locus280",1,1,NA,NA,1,NA,0.72142,1,NA,0
"locus005","locus282",1,1,1,NA,1,NA,1,NA,NA,0
"locus005","locus286",0.891664,1,NA,NA,1,NA,1,NA,NA,0
"locus005","locus291",1,1,NA,NA,1,1,1,NA,NA,0
"locus005","locus292",0.677504,0.3657,1,NA,1,NA,0.90186,NA,NA,0
"locus005","locus296",1,0.428448,NA,NA,1,NA,1,NA,NA,0
"locus005","locus301",1,1,NA,NA,1,1,1,NA,NA,0
"locus005","locus314",0.56904,1,NA,NA,1,NA,1,NA,NA,0
"locus005","locus321",1,1,NA,1,0.571728,NA,1,1,NA,0
"locus005","locus322",1,1,NA,NA,0.571336,NA,0.984348,NA,NA,0
"locus005","locus323",1,0.59292,NA,NA,1,NA,0.360672,NA,NA,0
"locus005","locus329",1,1,NA,NA,1,NA,1,NA,NA,0
"locus005","locus332",1,1,1,NA,1,NA,1,NA,NA,0
"locus005","locus349",1,1,NA,NA,1,NA,0.4154,NA,NA,0
"locus005","locus358",1,1,NA,0.80376,1,NA,0.3858,NA,NA,0
"locus005","locus359",1,1,NA,NA,1,NA,1,NA,NA,0
"locus005","locus360",0.835592,1,NA,NA,1,NA,1,NA,NA,0
"locus006","locus008",1,1,NA,NA,1,NA,1,NA,1,0
"locus006","locus013",1,1,NA,NA,1,NA,1,NA,1,0
"locus006","locus014",1,1,NA,NA,1,NA,1,NA,0.30257,0
"locus006","locus022",1,1,1,NA,0.874116,NA,1,NA,1,0
"locus006","locus024",0.653112,1,NA,NA,0.60107,NA,0.60107,NA,1,0
"locus006","locus025",1,0.756968,NA,NA,1,NA,0.756968,NA,0.15217,0
"locus006","locus027",1,1,NA,NA,1,NA,1,NA,1,0
"locus006","locus030",0.24998,0.956296,NA,NA,0.956296,NA,0.956296,0.169404,0.956296,0
"locus006","locus035",1,1,NA,NA,1,1,1,NA,1,0
"locus006","locus038",1,1,1,NA,1,NA,1,NA,1,0
"locus006","locus039",1,1,NA,NA,1,NA,1,NA,0.63862,0
"locus006","locus040",1,1,NA,NA,1,NA,1,NA,1,0
"locus006","locus041",0.336936,1,NA,1,1,NA,1,NA,1,0
"locus006","locus045",1,1,NA,NA,1,NA,1,NA,0.17209,0
"locus006","locus047",1,1,1,NA,1,NA,1,1,1,0
"locus006","locus048",1,1,NA,NA,1,NA,0.706464,1,1,0
"locus006","locus053",1,1,NA,NA,1,NA,1,NA,1,0
"locus006","locus055",1,1,NA,NA,0.66887,NA,0.911646,NA,0.66887,0
"locus006","locus056",1,1,NA,NA,1,NA,1,NA,1,0
"locus006","locus058",1,1,NA,NA,1,NA,1,NA,1,0
"locus006","locus060",1,1,NA,NA,1,NA,1,NA,1,0
"locus006","locus061",1,1,NA,NA,1,NA,1,NA,1,0
"locus006","locus062",1,1,NA,1,1,NA,1,1,1,0
"locus006","locus064",0.489528,1,NA,NA,1,1,1,NA,1,0
"locus006","locus065",1,1,NA,NA,0.852384,NA,0.24088,NA,0.514936,0
"locus006","locus073",1,1,1,NA,1,NA,1,NA,1,0
"locus006","locus076",1,1,1,NA,1,NA,1,NA,0.513228,0
"locus006","locus077",1,1,NA,NA,1,NA,1,NA,1,0
"locus006","locus080",0.46892,1,NA,NA,1,NA,0.71056,NA,1,0
"locus006","locus083",1,1,NA,NA,1,NA,1,NA,1,0
"locus006","locus088",1,1,NA,NA,1,NA,1,NA,1,0
"locus006","locus093",1,1,1,NA,1,NA,1,NA,1,0
"locus006","locus096",1,1,NA,NA,1,1,1,NA,1,0
"locus006","locus098",1,1,NA,NA,1,NA,1,NA,1,0
"locus006","locus106",1,1,NA,NA,1,NA,1,NA,1,0
"locus006","locus110",0.581502,1,NA,NA,NA,NA,0.581502,NA,NA,0
"locus006","locus116",0.141808,1,NA,NA,0.667376,NA,0.413046,NA,NA,0
"locus006","locus119",0.3584,0.64146,NA,NA,1,NA,1,NA,NA,0
"locus006","locus120",1,1,NA,1,1,NA,1,1,NA,0
"locus006","locus126",1,0.569368,NA,NA,1,NA,0.6702,NA,NA,0
"locus006","locus129",1,0.856584,NA,NA,1,NA,1,NA,NA,0
"locus006","locus130",0.17972,0.434248,1,NA,0.930704,NA,0.759726,NA,NA,0
"locus006","locus134",1,1,NA,NA,1,1,1,NA,NA,0
"locus006","locus135",1,1,NA,NA,1,1,1,NA,NA,0
"locus006","locus137",1,1,1,NA,1,NA,1,NA,NA,0
"locus006","locus139",1,1,1,NA,1,NA,1,1,NA,0
"locus006","locus140",1,1,1,NA,1,NA,1,NA,NA,0
"locus006","locus146",1,1,NA,1,1,NA,0.81345,NA,NA,0
"locus006","locus148",0.715842,0.930584,NA,NA,1,NA,0.508008,NA,NA,0
"locus006","locus151",0.610536,0.8561,NA,NA,0.569344,1,0.54575,NA,NA,0
"locus006","locus157",1,1,NA,NA,1,NA,1,NA,NA,0
"locus006","locus161",0.07987,1,NA,NA,1,NA,0.950336,1,NA,0
"locus006","locus165",0.888024,1,NA,NA,1,NA,1,NA,NA,0
"locus006","locus170",0.786712,0.65196,NA,NA,1,NA,0.32888,NA,NA,0
"locus006","locus176",1,1,1,NA,0.7056,NA,1,NA,NA,0
"locus006","locus184",1,1,NA,NA,1,NA,1,NA,NA,0
"locus006","locus186",1,1,NA,NA,1,NA,1,NA,NA,0
"locus006","locus188",1,1,1,NA,1,NA,1,NA,NA,0
"locus006","locus189",1,1,1,NA,1,NA,1,NA,NA,0
"locus006","locus190",1,1,1,NA,1,NA,1,NA,NA,0
"locus006","locus191",1,1,NA,NA,1,NA,1,NA,NA,0
"locus006","locus192",1,1,NA,NA,1,NA,1,NA,NA,0
"locus006","locus195",1,0.374088,NA,NA,0.374088,NA,1,NA,NA,0
"locus006","locus202",1,1,NA,NA,1,NA,1,NA,NA,0
"locus006","locus210",0.59477,1,NA,NA,1,NA,0.982136,1,NA,0
"locus006","locus215",1,1,NA,NA,1,NA,1,NA,NA,0
"locus006","locus227",1,0.53338,1,NA,1,NA,1,NA,NA,0
"locus006","locus231",0.35196,0.858,NA,NA,0.858,NA,0.158064,NA,NA,0
"locus006","locus235",1,1,NA,NA,1,1,1,NA,NA,0
"locus006","locus236",1,1,NA,NA,1,NA,1,NA,NA,0
"locus006","locus237",0.616398,1,NA,NA,0.565568,NA,1,NA,NA,0
"locus006","locus239",1,1,NA,NA,1,NA,1,NA,NA,0
"locus006","locus248",1,1,NA,NA,0.23831,NA,0.5066,1,NA,0
"locus006","locus255",1,1,NA,NA,1,NA,NA,NA,NA,0
"locus006","locus256",1,1,NA,1,1,NA,1,NA,NA,0
"locus006","locus263",1,1,NA,1,1,NA,1,NA,NA,0
"locus006","locus264",1,1,NA,NA,1,NA,1,NA,NA,0
"locus006","locus274",1,1,NA,NA,1,NA,0.637304,NA,NA,0
"locus006","locus280",1,1,NA,NA,1,NA,1,1,NA,0
"locus006","locus282",1,1,1,NA,0.70992,NA,1,NA,NA,0
"locus006","locus286",1,1,NA,NA,1,NA,1,NA,NA,0
"locus006","locus291",1,1,NA,NA,1,NA,1,NA,NA,0
"locus006","locus296",1,1,NA,NA,1,NA,1,NA,NA,0
"locus006","locus301",1,1,NA,NA,1,NA,1,NA,NA,0
"locus006","locus314",1,1,NA,NA,1,NA,1,NA,NA,0
"locus006","locus321",1,1,NA,1,1,NA,1,1,NA,0
"locus006","locus322",1,1,NA,NA,0.574536,NA,1,NA,NA,0
"locus006","locus323",0.676096,1,NA,NA,1,1,0.06765,NA,NA,0
"locus006","locus329",1,1,NA,NA,1,NA,1,NA,NA,0
"locus006","locus332",0.715416,0.850792,1,NA,0.715416,1,1,NA,NA,0
"locus006","locus349",1,0.428984,NA,NA,1,NA,1,NA,NA,0
"locus006","locus358",1,1,NA,1,1,NA,1,NA,NA,0
"locus006","locus359",1,1,NA,NA,1,NA,0.13008,NA,NA,0
"locus006","locus360",0.201312,0.322518,NA,NA,1,NA,0.730452,NA,NA,0
"locus008","locus013",1,1,NA,NA,0.61607,NA,1,NA,0.618008,0
"locus008","locus014",1,1,NA,NA,1,NA,1,NA,1,0
"locus008","locus022",0.3282,1,1,NA,1,NA,0.063708,NA,1,0
"locus008","locus024",1,1,NA,NA,1,NA,1,NA,1,0
"locus008","locus025",1,1,NA,NA,1,NA,1,NA,1,0
"locus008","locus027",1,1,NA,NA,1,NA,1,NA,1,0
"locus008","locus030",1,1,NA,NA,0.23292,NA,1,1,1,0
"locus008","locus035",1,1,NA,NA,0.579456,1,0.579456,NA,1,0
"locus008","locus038",1,1,1,NA,1,NA,1,NA,1,0
"locus008","locus039",1,0.57088,NA,NA,1,NA,0.05737,NA,0.580824,0
"locus008","locus040",1,1,NA,NA,1,NA,1,NA,1,0
"locus008","locus041",0.88308,1,NA,1,1,NA,0.601596,NA,1,0
"locus008","locus045",1,1,NA,NA,1,NA,1,NA,0.3482,0
"locus008","locus047",1,1,1,NA,1,NA,1,0.667674,1,0
"locus008","locus048",1,1,NA,NA,1,NA,1,1,1,0
"locus008","locus053",1,1,NA,NA,1,NA,1,NA,1,0
"locus008","locus056",1,1,NA,NA,1,NA,0.57335,NA,1,0
"locus008","locus058",1,1,NA,NA,1,NA,1,NA,1,0
"locus008","locus060",0.50751,1,NA,NA,1,NA,1,NA,1,0
"locus008","locus061",1,1,NA,NA,1,NA,0.11008,NA,0.771616,0
"locus008","locus062",1,1,NA,1,1,NA,1,1,1,0
"locus008","locus064",1,1,NA,NA,1,1,1,NA,1,0
"locus008","locus065",1,1,NA,NA,1,NA,1,NA,1,0
"locus008","locus073",1,1,1,NA,1,NA,0.2214,NA,1,0
"locus008","locus074",1,1,NA,NA,1,NA,1,NA,0.8141,0
"locus008","locus076",1,1,1,NA,1,NA,1,NA,1,0
"locus008","locus077",1,0.43012,NA,NA,1,NA,1,NA,0.34886,0
"locus008","locus080",1,1,NA,NA,1,NA,1,NA,1,0
"locus008","locus083",1,1,NA,NA,1,NA,1,NA,1,0
"locus008","locus088",0.84962,1,NA,NA,1,NA,1,NA,1,0
"locus008","locus093",0.29958,1,1,NA,1,NA,1,NA,1,0
"locus008","locus096",1,1,NA,NA,1,1,1,NA,0.125844,0
"locus008","locus098",1,1,NA,NA,1,NA,1,NA,0.47152,0
"locus008","locus100",1,1,NA,NA,0.71684,NA,1,NA,1,0
"locus008","locus106",1,1,NA,NA,1,NA,1,NA,1,0
"locus008","locus110",1,1,NA,NA,NA,NA,1,NA,NA,0
"locus008","locus116",1,1,NA,NA,1,NA,1,NA,NA,0
"locus008","locus119",1,1,NA,NA,0.945296,NA,1,NA,NA,0
"locus008","locus120",1,1,NA,0.810036,1,NA,0.810036,0.810036,NA,0
"locus008","locus126",1,1,NA,NA,1,NA,1,NA,NA,0
"locus008","locus128",1,0.788016,NA,NA,1,NA,1,NA,NA,0
"locus008","locus129",1,0.286592,NA,NA,0.286592,NA,1,NA,NA,0
"locus008","locus130",0.13414,1,1,NA,1,NA,1,NA,NA,0
"locus008","locus134",1,1,NA,NA,0.99794,1,1,NA,NA,0
"locus008","locus135",1,1,NA,NA,1,1,1,NA,NA,0
"locus008","locus137",1,1,1,NA,1,NA,1,NA,NA,0
"locus008","locus139",1,1,1,NA,1,NA,1,1,NA,0
"locus008","locus140",1,1,1,NA,1,NA,1,NA,NA,0
"locus008","locus146",1,1,NA,1,1,NA,1,NA,NA,0
"locus008","locus148",1,1,NA,NA,1,NA,1,NA,NA,0
"locus008","locus151",1,1,NA,NA,0.61472,1,1,NA,NA,0
"locus008","locus157",0.162816,1,NA,NA,1,NA,0.936006,NA,NA,0
"locus008","locus161",1,1,NA,NA,1,NA,1,1,NA,0
"locus008","locus165",0.876856,1,NA,NA,1,NA,1,NA,NA,0
"locus008","locus170",1,1,NA,NA,1,NA,1,NA,NA,0
"locus008","locus176",1,1,1,NA,1,NA,1,NA,NA,0
"locus008","locus184",1,1,NA,NA,1,NA,1,NA,NA,0
"locus008","locus186",0.632952,0.42784,NA,NA,0.632952,NA,0.507936,NA,NA,0
"locus008","locus188",0.7237,0.862554,1,NA,0.7237,NA,1,NA,NA,0
"locus008","locus189",0.283384,1,1,NA,0.18372,NA,0.82245,NA,NA,0
"locus008","locus190",0.50838,1,1,NA,0.787592,NA,0.787592,NA,NA,0
"locus008","locus191",0.672156,1,NA,NA,0.149976,NA,1,NA,NA,0
"locus008","locus192",0.941224,1,NA,NA,1,NA,0.941224,NA,NA,0
"locus008","locus195",1,1,NA,NA,1,NA,1,NA,NA,0
"locus008","locus202",1,1,NA,NA,1,NA,1,NA,NA,0
"locus008","locus210",1,1,NA,NA,1,NA,1,1,NA,0
"locus008","locus215",0.6251,0.585366,NA,NA,0.6251,NA,0.409608,NA,NA,0
"locus008","locus227",1,1,1,NA,1,NA,1,NA,NA,0
"locus008","locus231",1,1,NA,NA,1,NA,1,NA,NA,0
"locus008","locus235",0.65254,1,NA,NA,1,1,1,NA,NA,0
"locus008","locus236",1,1,NA,NA,1,NA,1,NA,NA,0
"locus008","locus237",1,1,NA,NA,1,NA,1,NA,NA,0
"locus008","locus248",1,1,NA,NA,1,NA,0.24159,1,NA,0
"locus008","locus255",0.51969,0.51969,NA,NA,0.51969,NA,NA,NA,NA,0
"locus008","locus256",1,1,NA,1,1,NA,1,NA,NA,0
"locus008","locus263",1,1,NA,1,1,NA,1,NA,NA,0
"locus008","locus264",1,1,NA,NA,1,NA,1,NA,NA,0
"locus008","locus274",1,1,NA,NA,1,NA,1,NA,NA,0
"locus008","locus280",1,1,NA,NA,0.33278,NA,1,1,NA,0
"locus008","locus282",1,1,1,NA,1,NA,1,NA,NA,0
"locus008","locus286",0.746016,1,NA,NA,1,NA,0.746016,NA,NA,0
"locus008","locus291",1,1,NA,NA,0.959192,NA,1,NA,NA,0
"locus008","locus292",0.0778,1,1,NA,1,NA,1,NA,NA,0
"locus008","locus296",1,1,NA,NA,1,NA,1,NA,NA,0
"locus008","locus301",1,1,NA,NA,1,NA,1,NA,NA,0
"locus008","locus314",1,1,NA,NA,0.382592,NA,1,NA,NA,0
"locus008","locus321",0.204396,0.854814,NA,1,0.341904,NA,0.854814,0.23912,NA,0
"locus008","locus322",0.613304,1,NA,NA,1,NA,1,NA,NA,0
"locus008","locus323",0.21206,1,NA,NA,0.432438,1,0.415328,NA,NA,0
"locus008","locus329",0.433016,0.433016,NA,NA,1,NA,1,NA,NA,0
"locus008","locus332",1,1,1,NA,1,1,1,NA,NA,0
"locus008","locus349",1,1,NA,NA,1,NA,1,NA,NA,0
"locus008","locus359",1,1,NA,NA,1,NA,1,NA,NA,0
"locus008","locus360",0.154536,0.32406,NA,NA,1,NA,1,NA,NA,0
"locus013","locus014",1,1,NA,NA,0.71291,NA,1,NA,1,0
"locus013","locus022",1,0.999648,1,NA,1,NA,1,NA,1,0
"locus013","locus024",1,1,NA,NA,1,NA,1,NA,1,0
"locus013","locus025",1,1,NA,NA,0.7204,NA,1,NA,1,0
"locus013","locus027",1,1,NA,NA,1,NA,1,NA,1,0
"locus013","locus035",1,1,NA,NA,1,1,1,NA,1,0
"locus013","locus038",1,0.84819,1,NA,0.672492,NA,1,NA,1,0
"locus013","locus039",1,1,NA,NA,1,NA,0.24045,NA,1,0
"locus013","locus040",1,1,NA,NA,1,NA,1,NA,1,0
"locus013","locus041",1,1,NA,1,1,NA,0.21798,NA,1,0
"locus013","locus045",1,1,NA,NA,1,NA,1,NA,0.30271,0
"locus013","locus047",1,1,1,NA,1,NA,1,1,1,0
"locus013","locus048",1,1,NA,NA,1,NA,1,1,1,0
"locus013","locus053",1,1,NA,NA,1,NA,1,NA,1,0
"locus013","locus055",1,1,NA,NA,1,NA,0.25812,NA,1,0
"locus013","locus056",0.76375,1,NA,NA,1,1,1,NA,0.747696,0
"locus013","locus058",1,1,NA,NA,1,NA,0.91126,NA,1,0
"locus013","locus060",0.82236,1,NA,NA,1,NA,1,NA,1,0
"locus013","locus061",0.703432,1,NA,NA,1,NA,0.703432,NA,0.70217,0
"locus013","locus062",0.62174,1,NA,1,1,NA,1,1,1,0
"locus013","locus064",1,1,NA,NA,0.841788,1,1,NA,1,0
"locus013","locus065",0.08076,1,NA,NA,1,NA,1,NA,1,0
"locus013","locus073",0.26334,1,1,NA,1,NA,1,NA,1,0
"locus013","locus074",1,1,NA,NA,1,NA,1,NA,1,0
"locus013","locus076",1,1,1,NA,1,NA,1,NA,1,0
"locus013","locus080",0.11502,1,NA,NA,1,NA,1,NA,1,0
"locus013","locus083",1,1,NA,NA,1,NA,1,NA,1,0
"locus013","locus088",1,1,NA,NA,1,NA,0.85792,NA,1,0
"locus013","locus093",1,1,1,NA,1,NA,1,NA,1,0
"locus013","locus098",0.05565,1,NA,NA,1,NA,0.372376,NA,1,0
"locus013","locus100",1,1,NA,NA,1,NA,1,NA,1,0
"locus013","locus106",1,1,NA,NA,1,NA,0.3527,NA,1,0
"locus013","locus110",1,1,NA,NA,NA,NA,1,NA,NA,0
"locus013","locus116",1,1,NA,NA,1,NA,1,NA,NA,0
"locus013","locus119",1,1,NA,NA,1,NA,0.580728,NA,NA,0
"locus013","locus120",1,1,NA,1,1,NA,1,0.86058,NA,0
"locus013","locus126",0.440424,1,NA,NA,1,NA,1,NA,NA,0
"locus013","locus128",0.768144,1,NA,NA,0.855816,NA,0.768144,NA,NA,0
"locus013","locus129",0.4994,1,NA,NA,0.4994,NA,1,NA,NA,0
"locus013","locus130",1,1,1,NA,1,NA,1,NA,NA,0
"locus013","locus134",1,1,NA,NA,1,1,1,NA,NA,0
"locus013","locus135",0.802628,1,NA,NA,0.686592,NA,0.566152,NA,NA,0
"locus013","locus137",1,0.71437,1,NA,0.71437,NA,1,NA,NA,0
"locus013","locus139",0.189756,1,1,NA,1,NA,1,1,NA,0
"locus013","locus140",0.15459,1,1,NA,1,NA,1,NA,NA,0
"locus013","locus146",1,1,NA,1,1,NA,1,NA,NA,0
"locus013","locus148",1,1,NA,NA,0.462576,NA,1,NA,NA,0
"locus013","locus151",1,1,NA,NA,1,NA,1,NA,NA,0
"locus013","locus157",1,1,NA,NA,1,NA,1,NA,NA,0
"locus013","locus161",1,1,NA,NA,1,NA,1,1,NA,0
"locus013","locus165",1,1,NA,NA,1,NA,1,NA,NA,0
"locus013","locus170",0.695168,0.849572,NA,NA,0.849572,NA,0.695168,NA,NA,0
"locus013","locus176",1,0.12602,1,NA,1,NA,1,NA,NA,0
"locus013","locus184",0.366008,1,NA,NA,1,NA,1,NA,NA,0
"locus013","locus186",1,1,NA,NA,1,NA,1,NA,NA,0
"locus013","locus189",1,1,1,NA,0.33361,NA,1,NA,NA,0
"locus013","locus190",1,1,1,NA,1,NA,1,NA,NA,0
"locus013","locus191",1,1,NA,NA,1,NA,0.2068,NA,NA,0
"locus013","locus192",0.851224,0.851224,NA,NA,0.851224,NA,0.897442,NA,NA,0
"locus013","locus195",1,0.570872,NA,NA,1,NA,1,NA,NA,0
"locus013","locus202",1,1,NA,NA,1,NA,1,NA,NA,0
"locus013","locus210",1,1,NA,NA,1,NA,1,1,NA,0
"locus013","locus215",1,1,NA,NA,1,NA,1,NA,NA,0
"locus013","locus227",1,1,1,NA,1,NA,1,NA,NA,0
"locus013","locus231",1,1,NA,NA,1,NA,1,NA,NA,0
"locus013","locus235",1,1,NA,NA,1,1,1,NA,NA,0
"locus013","locus236",0.9114,0.871944,NA,NA,0.9114,NA,0.132224,NA,NA,0
"locus013","locus237",1,0.996736,NA,NA,1,NA,0.996736,NA,NA,0
"locus013","locus239",1,1,NA,NA,1,NA,1,NA,NA,0
"locus013","locus248",1,1,NA,NA,1,NA,0.59671,1,NA,0
"locus013","locus255",0.433536,1,NA,NA,1,NA,NA,NA,NA,0
"locus013","locus256",1,1,NA,1,1,1,1,NA,NA,0
"locus013","locus263",1,1,NA,1,1,NA,1,NA,NA,0
"locus013","locus264",0.942642,1,NA,NA,1,NA,0.097896,NA,NA,0
"locus013","locus274",1,0.872004,NA,NA,0.494264,NA,1,NA,NA,0
"locus013","locus280",0.19047,1,NA,NA,0.501208,NA,1,1,NA,0
"locus013","locus282",1,1,1,NA,1,NA,1,NA,NA,0
"locus013","locus286",0.992016,0.992016,NA,NA,0.992016,NA,0.992016,NA,NA,0
"locus013","locus291",1,1,NA,NA,0.994572,NA,0.879376,NA,NA,0
"locus013","locus292",1,1,1,NA,1,NA,1,NA,NA,0
"locus013","locus296",1,1,NA,NA,0.573416,NA,1,NA,NA,0
"locus013","locus301",1,1,NA,NA,1,NA,1,NA,NA,0
"locus013","locus314",1,1,NA,NA,1,NA,1,NA,NA,0
"locus013","locus321",1,1,NA,1,1,NA,1,1,NA,0
"locus013","locus322",1,1,NA,NA,1,NA,1,NA,NA,0
"locus013","locus323",1,0.57152,NA,NA,1,NA,0.580338,NA,NA,0
"locus013","locus329",0.250136,1,NA,NA,1,NA,0.979302,NA,NA,0
"locus013","locus332",1,1,1,NA,1,1,1,NA,NA,0
"locus013","locus349",1,1,NA,NA,1,NA,0.137576,NA,NA,0
"locus013","locus358",1,1,NA,1,1,NA,1,NA,NA,0
"locus013","locus359",1,0.863328,NA,NA,1,NA,1,NA,NA,0
"locus013","locus360",1,1,NA,NA,1,NA,1,NA,NA,0
"locus014","locus022",1,0.98466,1,NA,1,NA,1,NA,1,0
"locus014","locus024",1,1,NA,NA,1,NA,1,NA,0.36764,0
"locus014","locus025",0.817242,0.817242,NA,NA,0.278808,1,0.278808,NA,0.278808,0
"locus014","locus030",1,1,NA,NA,1,1,0.16359,0.177012,1,0
"locus014","locus035",1,1,NA,NA,1,1,1,NA,1,0
"locus014","locus038",0.520668,1,1,NA,1,NA,1,NA,1,0
"locus014","locus039",1,0.28236,NA,NA,1,NA,0.5422,NA,0.927636,0
"locus014","locus040",0.06522,1,NA,NA,1,NA,1,NA,1,0
"locus014","locus041",1,1,NA,0.99902,1,NA,0.103344,NA,1,0
"locus014","locus045",1,1,NA,NA,1,1,1,NA,1,0
"locus014","locus047",1,1,1,NA,0.665294,NA,1,1,1,0
"locus014","locus048",1,1,NA,NA,1,NA,1,1,0.773688,0
"locus014","locus053",1,1,NA,NA,1,NA,1,NA,1,0
"locus014","locus055",0.334,1,NA,NA,1,NA,1,NA,0.74312,0
"locus014","locus056",1,1,NA,NA,1,NA,1,NA,1,0
"locus014","locus058",1,1,NA,NA,1,NA,1,NA,1,0
"locus014","locus060",1,1,NA,NA,1,NA,1,NA,1,0
"locus014","locus061",1,1,NA,NA,1,NA,1,NA,1,0
"locus014","locus062",1,1,NA,1,1,NA,1,1,1,0
"locus014","locus064",0.919504,1,NA,NA,0.24238,NA,1,NA,1,0
"locus014","locus065",1,1,NA,NA,1,NA,0.75777,NA,1,0
"locus014","locus073",1,1,1,NA,1,NA,1,NA,1,0
"locus014","locus074",1,1,NA,NA,1,NA,1,NA,0.40089,0
"locus014","locus076",1,1,1,NA,0.573744,NA,1,NA,1,0
"locus014","locus077",1,1,NA,NA,0.7117,NA,0.89668,NA,1,0
"locus014","locus080",1,1,NA,NA,1,1,1,NA,1,0
"locus014","locus083",1,1,NA,NA,1,NA,1,NA,0.40246,0
"locus014","locus088",1,1,NA,NA,1,NA,1,NA,1,0
"locus014","locus093",1,1,1,NA,1,NA,1,NA,1,0
"locus014","locus096",1,1,NA,NA,1,NA,0.87304,NA,1,0
"locus014","locus098",1,1,NA,NA,1,NA,1,NA,1,0
"locus014","locus100",1,0.1436,NA,NA,1,NA,1,NA,1,0
"locus014","locus106",1,1,NA,NA,1,NA,1,NA,1,0
"locus014","locus110",1,1,NA,NA,NA,NA,1,NA,NA,0
"locus014","locus116",1,1,NA,NA,1,NA,0.970608,NA,NA,0
"locus014","locus119",1,1,NA,NA,1,NA,1,NA,NA,0
"locus014","locus120",1,1,NA,1,1,NA,0.12024,1,NA,0
"locus014","locus126",0.691536,1,NA,NA,0.421818,NA,0.29848,NA,NA,0
"locus014","locus129",1,1,NA,NA,1,NA,1,NA,NA,0
"locus014","locus130",1,1,1,NA,1,NA,0.18767,NA,NA,0
"locus014","locus134",1,0.70922,NA,NA,1,1,0.775992,NA,NA,0
"locus014","locus135",0.489102,0.489102,NA,NA,0.572696,NA,0.254336,NA,NA,0
"locus014","locus137",1,1,1,NA,0.23462,NA,1,NA,NA,0
"locus014","locus139",1,1,1,NA,1,NA,0.631884,1,NA,0
"locus014","locus140",1,1,1,NA,1,NA,0.52885,NA,NA,0
"locus014","locus146",0.7366,1,NA,1,1,NA,1,NA,NA,0
"locus014","locus148",1,1,NA,NA,1,NA,1,NA,NA,0
"locus014","locus151",1,1,NA,NA,1,NA,1,NA,NA,0
"locus014","locus157",1,1,NA,NA,1,NA,1,NA,NA,0
"locus014","locus161",1,1,NA,NA,1,NA,1,1,NA,0
"locus014","locus170",1,1,NA,NA,1,NA,1,NA,NA,0
"locus014","locus176",0.649496,0.649496,1,NA,1,NA,0.44689,NA,NA,0
"locus014","locus184",1,1,NA,NA,1,1,1,NA,NA,0
"locus014","locus186",1,1,NA,NA,1,NA,1,NA,NA,0
"locus014","locus188",1,1,1,NA,1,NA,0.77649,NA,NA,0
"locus014","locus189",1,1,1,NA,1,NA,1,NA,NA,0
"locus014","locus190",1,1,1,NA,1,NA,0.73414,NA,NA,0
"locus014","locus192",1,1,NA,NA,1,NA,0.430864,NA,NA,0
"locus014","locus195",0.58392,1,NA,NA,1,NA,1,NA,NA,0
"locus014","locus202",1,0.13472,NA,NA,0.437982,NA,1,NA,NA,0
"locus014","locus210",0.27796,1,NA,NA,0.848796,NA,0.475856,1,NA,0
"locus014","locus215",1,1,NA,NA,1,NA,0.683048,NA,NA,0
"locus014","locus227",0.86418,1,1,NA,1,NA,1,NA,NA,0
"locus014","locus231",1,1,NA,NA,1,NA,0.223832,NA,NA,0
"locus014","locus235",1,1,NA,NA,1,NA,1,NA,NA,0
"locus014","locus236",1,0.816018,NA,NA,1,NA,0.55492,NA,NA,0
"locus014","locus237",1,0.85868,NA,NA,1,NA,1,NA,NA,0
"locus014","locus239",0.728976,1,NA,NA,0.42633,NA,0.172128,NA,NA,0
"locus014","locus248",1,1,NA,NA,1,NA,1,1,NA,0
"locus014","locus255",0.821478,0.821478,NA,NA,0.821478,NA,NA,NA,NA,0
"locus014","locus256",1,1,NA,1,1,NA,1,NA,NA,0
"locus014","locus263",1,1,NA,1,1,NA,1,NA,NA,0
"locus014","locus264",0.698376,1,NA,NA,0.571488,1,0.13557,NA,NA,0
"locus014","locus274",0.696232,0.81174,NA,NA,1,NA,0.857584,NA,NA,0
"locus014","locus280",1,1,NA,NA,1,NA,1,1,NA,0
"locus014","locus282",1,1,1,NA,1,NA,1,NA,NA,0
"locus014","locus286",1,1,NA,NA,1,NA,1,NA,NA,0
"locus014","locus291",0.468768,1,NA,NA,1,NA,1,NA,NA,0
"locus014","locus292",1,1,1,NA,1,NA,1,NA,NA,0
"locus014","locus296",0.964602,1,NA,NA,0.189464,NA,0.964602,NA,NA,0
"locus014","locus301",0.312008,0.318432,NA,NA,0.511476,NA,0.511476,NA,NA,0
"locus014","locus314",0.813656,1,NA,NA,1,NA,1,NA,NA,0
"locus014","locus321",1,1,NA,1,1,NA,1,1,NA,0
"locus014","locus322",1,0.746742,NA,NA,1,NA,0.496312,NA,NA,0
"locus014","locus323",1,1,NA,NA,1,NA,1,NA,NA,0
"locus014","locus329",0.96056,0.96056,NA,NA,0.858192,NA,0.63136,NA,NA,0
"locus014","locus332",0.719224,1,1,NA,1,NA,0.2221,NA,NA,0
"locus014","locus349",1,1,NA,NA,1,NA,0.77316,NA,NA,0
"locus014","locus358",1,0.56856,NA,0.33898,1,NA,1,NA,NA,0
"locus014","locus359",1,1,NA,NA,1,NA,0.235736,NA,NA,0
"locus014","locus360",1,1,1,NA,1,1,0.902748,NA,NA,0
"locus022","locus024",1,0.28497,NA,NA,1,NA,1,NA,0.937512,0
"locus022","locus025",1,0.08544,NA,NA,1,1,0.44551,NA,1,0
"locus022","locus027",1,1,NA,NA,1,NA,1,NA,1,0
"locus022","locus030",1,1,NA,NA,1,1,1,0.46725,1,0
"locus022","locus035",1,1,NA,NA,1,1,1,NA,1,0
"locus022","locus038",1,1,1,NA,1,1,1,NA,1,0
"locus022","locus039",1,0.653408,NA,NA,1,NA,0.0651,NA,1,0
"locus022","locus040",1,1,NA,NA,1,NA,1,NA,1,0
"locus022","locus041",0.5148,1,NA,1,1,NA,1,NA,1,0
"locus022","locus045",1,1,NA,NA,1,1,1,NA,1,0
"locus022","locus047",1,1,1,NA,1,NA,1,1,1,0
"locus022","locus048",1,1,NA,NA,1,NA,1,1,0.718272,0
"locus022","locus053",1,0.84097,NA,NA,1,NA,1,NA,1,0
"locus022","locus056",1,1,NA,NA,1,NA,1,NA,1,0
"locus022","locus058",1,0.17668,NA,NA,1,NA,0.516808,NA,1,0
"locus022","locus060",1,1,NA,NA,1,NA,1,NA,1,0
"locus022","locus061",0.624592,0.85976,NA,NA,0.85976,NA,0.748932,NA,0.38025,0
"locus022","locus062",1,1,NA,1,1,NA,1,1,0.567322,0
"locus022","locus064",1,1,NA,NA,1,NA,1,NA,1,0
"locus022","locus065",1,1,NA,NA,1,NA,0.82184,NA,1,0
"locus022","locus073",0.36489,0.343956,1,NA,1,NA,1,NA,1,0
"locus022","locus074",1,1,NA,NA,1,NA,1,NA,1,0
"locus022","locus076",1,1,NA,NA,1,NA,1,NA,1,0
"locus022","locus077",0.994,0.994,NA,NA,0.994,NA,0.89327,NA,0.994,0
"locus022","locus080",1,1,1,NA,1,1,1,NA,1,0
"locus022","locus083",0.276176,1,NA,NA,1,NA,0.929274,NA,0.17169,0
"locus022","locus088",1,0.83134,NA,NA,1,NA,1,NA,1,0
"locus022","locus093",0.071856,1,1,NA,1,NA,1,NA,1,0
"locus022","locus096",0.74877,0.998568,NA,NA,1,NA,1,NA,1,0
"locus022","locus098",0.3961,1,NA,NA,1,NA,1,NA,1,0
"locus022","locus100",1,0.922896,NA,NA,1,NA,0.59908,NA,1,0
"locus022","locus106",1,1,NA,NA,1,NA,1,NA,1,0
"locus022","locus110",0.50673,1,NA,NA,NA,NA,1,NA,NA,0
"locus022","locus116",1,1,NA,NA,1,NA,1,NA,NA,0
"locus022","locus119",1,0.654616,NA,NA,1,NA,1,NA,NA,0
"locus022","locus120",1,1,NA,1,1,NA,0.795576,1,NA,0
"locus022","locus126",1,1,NA,NA,1,NA,1,NA,NA,0
"locus022","locus128",1,1,NA,NA,1,NA,1,NA,NA,0
"locus022","locus129",1,1,NA,NA,1,NA,1,NA,NA,0
"locus022","locus130",0.502728,1,NA,NA,1,NA,1,NA,NA,0
"locus022","locus134",1,1,NA,NA,1,1,1,NA,NA,0
"locus022","locus135",0.360888,1,NA,NA,1,NA,1,NA,NA,0
"locus022","locus137",1,1,1,NA,1,NA,0.26327,NA,NA,0
"locus022","locus139",1,1,1,NA,1,NA,1,1,NA,0
"locus022","locus140",1,1,1,NA,1,NA,1,NA,NA,0
"locus022","locus146",1,1,NA,1,1,NA,1,NA,NA,0
"locus022","locus148",0.150904,1,NA,NA,1,NA,0.231612,NA,NA,0
"locus022","locus151",0.730684,0.692256,NA,NA,0.730684,NA,0.5584,NA,NA,0
"locus022","locus157",0.651144,0.144528,NA,NA,0.651144,NA,0.337644,NA,NA,0
"locus022","locus161",0.25641,1,NA,NA,1,NA,0.81668,1,NA,0
"locus022","locus165",0.45772,1,1,NA,1,NA,1,NA,NA,0
"locus022","locus170",0.845512,1,NA,NA,1,NA,0.937668,NA,NA,0
"locus022","locus176",0.731548,0.63068,NA,NA,0.731548,NA,0.63068,NA,NA,0
"locus022","locus184",1,1,NA,NA,1,1,1,NA,NA,0
"locus022","locus186",1,1,NA,NA,1,NA,1,NA,NA,0
"locus022","locus188",1,1,NA,NA,1,NA,1,NA,NA,0
"locus022","locus189",1,0.33839,1,NA,1,NA,1,NA,NA,0
"locus022","locus190",1,1,1,NA,1,NA,1,NA,NA,0
"locus022","locus191",1,1,NA,NA,1,NA,1,NA,NA,0
"locus022","locus192",0.796432,0.965886,NA,NA,1,NA,0.986016,NA,NA,0
"locus022","locus195",1,1,NA,NA,0.457672,NA,1,NA,NA,0
"locus022","locus202",1,0.28252,NA,NA,1,NA,1,NA,NA,0
"locus022","locus210",1,1,NA,NA,1,NA,1,1,NA,0
"locus022","locus215",1,1,NA,NA,1,NA,1,NA,NA,0
"locus022","locus227",0.37022,1,1,NA,1,NA,1,NA,NA,0
"locus022","locus231",0.536904,0.683538,NA,NA,1,NA,1,NA,NA,0
"locus022","locus235",1,1,NA,NA,1,NA,1,NA,NA,0
"locus022","locus236",1,1,NA,NA,1,NA,1,NA,NA,0
"locus022","locus237",1,0.142864,NA,NA,1,NA,1,NA,NA,0
"locus022","locus239",1,1,NA,NA,1,NA,1,NA,NA,0
"locus022","locus248",1,1,NA,NA,0.71555,NA,1,1,NA,0
"locus022","locus255",0.434154,0.434154,NA,NA,1,NA,NA,NA,NA,0
"locus022","locus256",0.520576,1,NA,1,1,NA,0.49741,NA,NA,0
"locus022","locus264",1,0.32869,NA,NA,1,1,1,NA,NA,0
"locus022","locus274",1,1,NA,NA,1,NA,1,NA,NA,0
"locus022","locus280",0.725688,1,NA,NA,1,1,1,1,NA,0
"locus022","locus282",1,1,1,NA,1,NA,1,NA,NA,0
"locus022","locus286",1,1,NA,NA,1,NA,0.070528,NA,NA,0
"locus022","locus291",1,1,NA,NA,1,NA,1,NA,NA,0
"locus022","locus292",1,0.660912,1,NA,1,NA,0.62303,NA,NA,0
"locus022","locus296",0.194824,1,NA,NA,1,NA,1,NA,NA,0
"locus022","locus301",1,0.854088,NA,NA,1,NA,0.99618,NA,NA,0
"locus022","locus314",1,1,NA,NA,1,NA,1,NA,NA,0
"locus022","locus321",0.222768,0.43252,NA,1,1,NA,1,1,NA,0
"locus022","locus322",1,1,NA,NA,1,NA,1,NA,NA,0
"locus022","locus323",1,1,NA,NA,1,NA,1,NA,NA,0
"locus022","locus329",1,0.996968,NA,NA,1,NA,1,NA,NA,0
"locus022","locus332",1,1,1,NA,1,NA,1,NA,NA,0
"locus022","locus349",1,0.71912,1,NA,1,NA,1,NA,NA,0
"locus022","locus358",1,1,NA,0.800832,1,NA,0.36055,NA,NA,0
"locus022","locus359",1,0.969966,NA,NA,1,NA,0.615872,NA,NA,0
"locus022","locus360",0.148584,0.644496,NA,NA,0.749288,NA,0.928382,NA,NA,0
"locus024","locus025",1,0.852648,NA,NA,1,1,1,NA,1,0
"locus024","locus027",1,1,NA,NA,1,NA,1,NA,1,0
"locus024","locus030",1,1,NA,NA,1,1,1,1,1,0
"locus024","locus035",1,1,NA,NA,1,1,0.807084,NA,1,0
"locus024","locus038",1,1,1,NA,1,1,1,NA,1,0
"locus024","locus039",1,1,NA,NA,1,NA,1,NA,1,0
"locus024","locus040",1,1,NA,NA,1,NA,1,NA,1,0
"locus024","locus041",0.297804,1,NA,1,1,NA,1,NA,1,0
"locus024","locus045",1,0.849384,NA,NA,1,1,1,NA,1,0
"locus024","locus047",1,1,1,NA,1,NA,1,1,1,0
"locus024","locus048",1,1,NA,NA,1,NA,1,1,1,0
"locus024","locus053",1,1,NA,NA,1,NA,1,NA,1,0
"locus024","locus055",1,1,NA,NA,0.13983,NA,1,NA,1,0
"locus024","locus056",0.85289,1,NA,NA,1,NA,1,NA,1,0
"locus024","locus058",1,0.71282,NA,NA,0.71282,NA,1,NA,0.71282,0
"locus024","locus060",1,1,NA,NA,1,NA,1,NA,1,0
"locus024","locus061",1,1,NA,NA,1,NA,1,NA,1,0
"locus024","locus062",1,1,NA,1,1,NA,1,1,1,0
"locus024","locus064",1,1,NA,NA,1,NA,1,NA,1,0
"locus024","locus065",1,1,NA,NA,1,NA,1,NA,1,0
"locus024","locus073",1,1,1,NA,1,NA,1,NA,1,0
"locus024","locus074",0.45162,1,NA,NA,1,NA,1,NA,1,0
"locus024","locus076",1,1,NA,NA,1,NA,1,NA,1,0
"locus024","locus077",1,1,NA,NA,0.71902,NA,1,NA,1,0
"locus024","locus080",1,1,NA,NA,1,1,1,NA,1,0
"locus024","locus083",0.354248,1,NA,NA,1,NA,0.09781,NA,0.381486,0
"locus024","locus088",1,1,NA,NA,1,NA,1,NA,1,0
"locus024","locus093",1,1,1,NA,1,NA,1,NA,1,0
"locus024","locus096",1,1,NA,NA,1,NA,1,NA,1,0
"locus024","locus098",1,1,NA,NA,1,NA,0.75026,NA,0.930248,0
"locus024","locus100",1,1,NA,NA,1,NA,0.57147,NA,1,0
"locus024","locus106",1,1,NA,NA,1,NA,0.2126,NA,1,0
"locus024","locus110",0.896592,1,NA,NA,NA,NA,1,NA,NA,0
"locus024","locus116",0.508976,1,NA,NA,1,NA,1,NA,NA,0
"locus024","locus119",1,1,NA,NA,1,NA,1,NA,NA,0
"locus024","locus120",1,1,NA,1,1,NA,1,1,NA,0
"locus024","locus126",0.320832,1,NA,NA,1,NA,1,NA,NA,0
"locus024","locus128",1,1,NA,NA,1,NA,0.30416,NA,NA,0
"locus024","locus129",1,1,NA,NA,1,NA,0.59408,NA,NA,0
"locus024","locus130",1,1,NA,NA,1,NA,1,NA,NA,0
"locus024","locus134",1,1,NA,NA,1,1,1,NA,NA,0
"locus024","locus135",1,1,NA,NA,1,NA,1,NA,NA,0
"locus024","locus137",1,1,1,NA,1,NA,0.20145,NA,NA,0
"locus024","locus139",0.836136,1,1,NA,1,NA,1,1,NA,0
"locus024","locus140",0.67636,1,1,NA,1,NA,1,NA,NA,0
"locus024","locus146",1,1,NA,1,1,NA,1,NA,NA,0
"locus024","locus148",0.79096,1,NA,NA,1,NA,1,NA,NA,0
"locus024","locus151",0.562544,0.970308,NA,NA,0.970308,NA,0.592248,NA,NA,0
"locus024","locus161",1,1,NA,NA,1,NA,1,1,NA,0
"locus024","locus165",0.379232,1,NA,NA,1,NA,1,NA,NA,0
"locus024","locus184",1,1,NA,NA,1,1,0.99045,NA,NA,0
"locus024","locus186",1,1,NA,NA,1,NA,1,NA,NA,0
"locus024","locus188",0.581776,0.769308,NA,NA,1,NA,1,NA,NA,0
"locus024","locus189",1,1,1,NA,1,NA,1,NA,NA,0
"locus024","locus190",0.75712,1,1,NA,1,NA,1,NA,NA,0
"locus024","locus191",0.84762,1,1,NA,1,NA,1,NA,NA,0
"locus024","locus192",1,1,NA,NA,1,NA,1,NA,NA,0
"locus024","locus195",1,1,NA,NA,1,NA,1,NA,NA,0
"locus024","locus202",1,1,NA,NA,1,NA,1,NA,NA,0
"locus024","locus210",0.94252,0.806312,NA,NA,0.29195,NA,0.869466,1,NA,0
"locus024","locus215",0.455864,1,NA,NA,1,NA,1,NA,NA,0
"locus024","locus227",1,1,1,NA,1,NA,1,NA,NA,0
"locus024","locus231",0.75196,1,1,NA,1,NA,1,NA,NA,0
"locus024","locus235",1,1,NA,NA,1,NA,0.381464,NA,NA,0
"locus024","locus236",1,1,NA,NA,1,NA,1,NA,NA,0
"locus024","locus237",1,1,NA,NA,1,NA,0.978816,NA,NA,0
"locus024","locus239",0.64734,0.64734,NA,NA,0.570912,NA,0.61731,NA,NA,0
"locus024","locus248",1,1,NA,NA,0.71051,NA,1,1,NA,0
"locus024","locus255",0.600066,0.854372,NA,NA,0.854372,NA,NA,NA,NA,0
"locus024","locus256",1,1,NA,1,1,NA,1,NA,NA,0
"locus024","locus263",1,1,1,1,1,NA,1,NA,NA,0
"locus024","locus264",0.789738,0.28425,NA,NA,0.57292,0.789738,0.789738,NA,NA,0
"locus024","locus274",1,1,NA,NA,1,NA,0.553824,NA,NA,0
"locus024","locus280",1,1,NA,NA,1,NA,1,1,NA,0
"locus024","locus282",1,1,1,NA,1,NA,1,NA,NA,0
"locus024","locus286",1,1,NA,NA,1,NA,1,NA,NA,0
"locus024","locus291",1,1,NA,NA,1,NA,1,NA,NA,0
"locus024","locus292",1,0.14391,0.994216,NA,1,NA,1,NA,NA,0
"locus024","locus296",1,1,NA,NA,1,NA,1,NA,NA,0
"locus024","locus301",1,1,NA,NA,1,NA,1,NA,NA,0
"locus024","locus314",1,1,NA,NA,1,NA,1,NA,NA,0
"locus024","locus321",0.46782,1,NA,1,1,NA,1,1,NA,0
"locus024","locus322",1,1,NA,NA,1,NA,0.923872,NA,NA,0
"locus024","locus323",0.425472,0.425472,NA,NA,0.48482,NA,0.41928,NA,NA,0
"locus024","locus329",0.57467,1,NA,NA,1,1,1,NA,NA,0
"locus024","locus332",1,1,1,NA,0.13986,NA,1,NA,NA,0
"locus024","locus349",1,1,NA,NA,0.572992,NA,1,NA,NA,0
"locus024","locus358",1,1,NA,1,1,NA,1,NA,NA,0
"locus024","locus359",1,1,NA,NA,1,NA,1,NA,NA,0
"locus024","locus360",1,1,NA,NA,1,NA,1,NA,NA,0
"locus025","locus027",0.43006,1,NA,NA,1,NA,0.57444,NA,1,0
"locus025","locus030",1,1,NA,NA,1,1,1,1,1,0
"locus025","locus035",1,1,NA,NA,1,1,0.656748,NA,1,0
"locus025","locus038",0.847868,1,1,NA,1,1,1,NA,1,0
"locus025","locus040",1,1,NA,NA,1,NA,1,NA,1,0
"locus025","locus041",1,1,NA,1,1,NA,1,NA,1,0
"locus025","locus045",1,1,NA,NA,1,1,1,NA,1,0
"locus025","locus047",1,1,1,NA,0.665714,NA,1,1,1,0
"locus025","locus048",0.444888,1,NA,NA,1,NA,0.64245,1,1,0
"locus025","locus053",1,0.06831,NA,NA,1,NA,1,NA,1,0
"locus025","locus055",0.07087,1,NA,NA,1,NA,1,NA,1,0
"locus025","locus056",1,1,NA,NA,1,NA,0.7252,NA,0.57745,0
"locus025","locus060",0.860872,1,NA,NA,0.99201,NA,1,NA,0.05776,0
"locus025","locus061",1,1,NA,NA,1,NA,1,NA,1,0
"locus025","locus062",1,1,NA,1,1,NA,1,1,1,0
"locus025","locus064",0.53388,1,NA,NA,0.23899,NA,0.927492,NA,0.927492,0
"locus025","locus065",0.56928,1,NA,NA,1,NA,1,NA,1,0
"locus025","locus073",1,0.167868,1,NA,1,NA,1,NA,1,0
"locus025","locus074",0.34454,1,NA,NA,1,NA,1,NA,1,0
"locus025","locus076",1,1,NA,NA,0.47787,NA,1,NA,1,0
"locus025","locus077",1,0.867136,NA,NA,0.72716,NA,1,NA,1,0
"locus025","locus080",0.106116,1,NA,NA,1,1,0.46799,NA,0.77564,0
"locus025","locus083",1,1,NA,NA,1,NA,1,NA,1,0
"locus025","locus088",0.4646,0.0748,NA,NA,1,NA,0.9708,NA,1,0
"locus025","locus093",1,1,1,NA,1,NA,1,NA,1,0
"locus025","locus096",1,1,NA,NA,1,NA,1,NA,1,0
"locus025","locus098",1,1,NA,NA,1,NA,0.65043,NA,1,0
"locus025","locus100",1,0.575072,NA,NA,1,NA,0.09931,NA,1,0
"locus025","locus106",1,1,NA,NA,1,NA,1,NA,1,0
"locus025","locus110",1,1,NA,NA,NA,NA,1,NA,NA,0
"locus025","locus119",1,1,NA,NA,1,NA,0.979232,NA,NA,0
"locus025","locus120",0.45684,0.99584,NA,0.656136,0.85728,NA,0.50848,1,NA,0
"locus025","locus126",0.52874,0.656862,NA,NA,0.424914,NA,0.123176,NA,NA,0
"locus025","locus128",0.135024,1,NA,NA,1,NA,1,NA,NA,0
"locus025","locus129",1,1,NA,NA,1,NA,1,NA,NA,0
"locus025","locus130",1,1,NA,NA,1,NA,1,NA,NA,0
"locus025","locus134",1,1,NA,NA,1,1,1,NA,NA,0
"locus025","locus135",0.970188,1,NA,NA,1,NA,0.888472,NA,NA,0
"locus025","locus137",0.30224,1,1,NA,0.2356,NA,1,NA,NA,0
"locus025","locus139",1,1,1,NA,1,NA,1,1,NA,0
"locus025","locus140",1,1,1,NA,1,NA,1,NA,NA,0
"locus025","locus146",0.21229,1,NA,1,1,NA,1,NA,NA,0
"locus025","locus148",1,0.434312,NA,NA,0.85941,NA,1,NA,NA,0
"locus025","locus151",1,1,NA,NA,1,NA,1,NA,NA,0
"locus025","locus157",1,1,NA,NA,1,NA,1,NA,NA,0
"locus025","locus165",1,1,NA,NA,1,NA,1,NA,NA,0
"locus025","locus170",1,1,NA,NA,1,NA,1,NA,NA,0
"locus025","locus176",1,1,NA,NA,1,NA,1,NA,NA,0
"locus025","locus184",0.95415,1,NA,NA,1,1,1,NA,NA,0
"locus025","locus188",1,1,NA,NA,1,1,0.95509,NA,NA,0
"locus025","locus189",1,0.81389,1,NA,1,NA,1,NA,NA,0
"locus025","locus190",1,1,1,NA,1,1,1,NA,NA,0
"locus025","locus191",1,1,1,NA,1,NA,1,NA,NA,0
"locus025","locus192",1,1,NA,NA,1,NA,1,NA,NA,0
"locus025","locus195",1,0.3575,NA,NA,1,1,1,NA,NA,0
"locus025","locus202",1,1,NA,NA,0.570432,NA,1,NA,NA,0
"locus025","locus210",0.99748,0.99748,NA,NA,0.99748,NA,1,1,NA,0
"locus025","locus215",0.21896,1,NA,NA,1,NA,0.21896,NA,NA,0
"locus025","locus227",0.21443,1,1,NA,1,NA,0.415696,NA,NA,0
"locus025","locus231",1,1,1,NA,1,NA,1,NA,NA,0
"locus025","locus235",1,1,NA,NA,1,NA,1,NA,NA,0
"locus025","locus236",0.650928,0.807798,NA,NA,1,NA,1,NA,NA,0
"locus025","locus237",1,1,NA,NA,1,NA,1,NA,NA,0
"locus025","locus239",1,1,NA,NA,0.433188,NA,0.266264,NA,NA,0
"locus025","locus248",1,1,NA,NA,1,NA,1,1,NA,0
"locus025","locus255",1,0.17316,NA,NA,1,NA,NA,NA,NA,0
"locus025","locus256",1,1,NA,1,1,NA,1,NA,NA,0
"locus025","locus263",1,1,1,1,1,NA,1,NA,NA,0
"locus025","locus264",1,0.72465,NA,NA,0.72465,1,1,NA,NA,0
"locus025","locus274",1,1,NA,NA,1,NA,1,NA,NA,0
"locus025","locus280",1,1,NA,NA,1,NA,1,1,NA,0
"locus025","locus282",1,1,1,NA,1,NA,1,NA,NA,0
"locus025","locus286",0.646208,1,NA,NA,1,NA,1,NA,NA,0
"locus025","locus291",1,1,NA,NA,1,NA,1,NA,NA,0
"locus025","locus292",1,1,1,NA,1,NA,1,NA,NA,0
"locus025","locus296",0.912144,0.752268,NA,NA,0.187728,NA,0.919986,NA,NA,0
"locus025","locus301",0.606612,0.282152,NA,NA,0.606612,NA,0.606612,NA,NA,0
"locus025","locus321",1,0.084948,NA,1,1,NA,1,1,NA,0
"locus025","locus322",0.200912,1,NA,NA,1,NA,1,NA,NA,0
"locus025","locus323",0.479624,1,NA,NA,1,NA,1,NA,NA,0
"locus025","locus329",0.826272,0.826272,NA,NA,0.826272,NA,0.826272,NA,NA,0
"locus025","locus332",1,1,1,NA,1,NA,1,NA,NA,0
"locus025","locus349",0.80007,1,NA,NA,1,NA,0.258056,NA,NA,0
"locus025","locus358",1,1,NA,1,1,NA,1,NA,NA,0
"locus025","locus359",0.917488,1,NA,NA,1,NA,1,NA,NA,0
"locus025","locus360",1,0.142136,NA,NA,1,NA,1,NA,NA,0
"locus027","locus030",1,1,NA,NA,1,NA,0.96414,NA,1,0
"locus027","locus035",1,1,NA,NA,1,NA,0.56335,NA,1,0
"locus027","locus038",1,1,NA,NA,1,NA,1,NA,1,0
"locus027","locus039",1,1,NA,NA,1,NA,0.54355,NA,1,0
"locus027","locus040",1,1,NA,NA,1,NA,1,NA,1,0
"locus027","locus041",1,1,1,1,1,NA,1,NA,1,0
"locus027","locus045",1,1,NA,NA,1,NA,1,NA,0.2393,0
"locus027","locus047",0.587488,1,NA,NA,1,NA,0.1677,NA,1,0
"locus027","locus048",0.898256,1,NA,NA,1,NA,0.6168,NA,1,0
"locus027","locus053",1,0.71665,NA,NA,1,NA,1,NA,0.80188,0
"locus027","locus055",0.1612,1,NA,NA,1,NA,0.1612,NA,1,0
"locus027","locus056",1,1,NA,NA,1,NA,1,NA,1,0
"locus027","locus058",1,1,NA,NA,0.4968,NA,0.2949,NA,1,0
"locus027","locus060",1,1,NA,NA,1,NA,1,NA,1,0
"locus027","locus061",1,1,1,NA,1,NA,1,NA,1,0
"locus027","locus062",1,1,NA,1,1,NA,0.96744,NA,1,0
"locus027","locus064",1,1,NA,NA,1,NA,1,NA,1,0
"locus027","locus065",1,1,NA,NA,1,NA,1,NA,1,0
"locus027","locus073",0.63997,1,NA,NA,1,NA,1,NA,1,0
"locus027","locus074",1,1,NA,NA,1,NA,1,NA,1,0
"locus027","locus077",1,1,NA,NA,1,NA,1,NA,0.23706,0
"locus027","locus080",1,0.857508,NA,1,1,NA,1,NA,1,0
"locus027","locus083",1,1,NA,NA,1,NA,1,NA,1,0
"locus027","locus088",1,1,NA,NA,0.14599,NA,0.668056,NA,1,0
"locus027","locus093",1,1,1,NA,1,NA,1,NA,1,0
"locus027","locus096",1,1,NA,NA,1,NA,1,NA,1,0
"locus027","locus098",0.71267,1,NA,NA,1,NA,1,NA,1,0
"locus027","locus100",1,1,NA,NA,1,NA,0.38595,NA,1,0
"locus027","locus106",1,1,NA,NA,1,NA,1,NA,0.71975,0
"locus027","locus110",0.80335,0.303012,NA,NA,NA,NA,0.76018,NA,NA,0
"locus027","locus116",1,1,NA,NA,1,NA,1,NA,NA,0
"locus027","locus119",0.556088,1,NA,NA,1,NA,1,NA,NA,0
"locus027","locus120",1,1,NA,1,1,NA,1,NA,NA,0
"locus027","locus126",1,0.71225,1,NA,1,NA,1,NA,NA,0
"locus027","locus128",1,1,NA,NA,1,NA,1,NA,NA,0
"locus027","locus129",1,1,NA,NA,1,NA,1,NA,NA,0
"locus027","locus130",1,1,NA,NA,1,NA,1,NA,NA,0
"locus027","locus134",1,1,NA,NA,1,NA,0.81248,NA,NA,0
"locus027","locus135",1,1,NA,NA,1,NA,1,NA,NA,0
"locus027","locus137",1,0.910656,NA,NA,1,NA,1,NA,NA,0
"locus027","locus139",1,1,1,NA,1,NA,1,NA,NA,0
"locus027","locus140",1,1,1,NA,1,NA,1,NA,NA,0
"locus027","locus146",0.50965,1,NA,1,1,NA,1,NA,NA,0
"locus027","locus148",1,1,NA,NA,1,NA,0.557632,NA,NA,0
"locus027","locus151",1,1,NA,NA,1,NA,1,NA,NA,0
"locus027","locus157",0.957352,1,NA,NA,1,NA,1,NA,NA,0
"locus027","locus161",0.804474,1,NA,NA,1,NA,0.696104,NA,NA,0
"locus027","locus165",1,1,NA,NA,1,NA,1,NA,NA,0
"locus027","locus170",1,1,NA,NA,1,NA,1,NA,NA,0
"locus027","locus176",1,0.2276,NA,NA,1,NA,1,NA,NA,0
"locus027","locus184",0.367,0.973168,NA,NA,1,NA,0.949284,NA,NA,0
"locus027","locus186",1,1,NA,NA,1,NA,1,NA,NA,0
"locus027","locus188",0.67233,1,NA,1,1,NA,1,NA,NA,0
"locus027","locus189",1,1,1,NA,1,NA,0.78643,NA,NA,0
"locus027","locus190",1,1,1,NA,1,NA,1,NA,NA,0
"locus027","locus191",1,1,NA,NA,1,NA,1,NA,NA,0
"locus027","locus192",1,1,NA,NA,1,NA,1,NA,NA,0
"locus027","locus195",0.600318,0.563144,NA,NA,0.600318,NA,0.600318,NA,NA,0
"locus027","locus202",0.935432,1,NA,NA,1,NA,1,NA,NA,0
"locus027","locus210",0.500864,1,NA,NA,1,NA,0.89034,NA,NA,0
"locus027","locus215",1,1,NA,NA,0.456392,NA,0.874608,NA,NA,0
"locus027","locus227",1,1,1,NA,1,NA,1,NA,NA,0
"locus027","locus231",1,1,NA,NA,1,NA,1,NA,NA,0
"locus027","locus235",1,1,NA,NA,1,NA,1,NA,NA,0
"locus027","locus236",0.775932,0.113976,NA,NA,0.775932,NA,0.775932,NA,NA,0
"locus027","locus237",1,1,NA,NA,1,NA,1,NA,NA,0
"locus027","locus239",1,1,NA,NA,1,NA,0.089544,NA,NA,0
"locus027","locus248",1,1,NA,NA,1,NA,1,NA,NA,0
"locus027","locus255",1,1,NA,NA,1,NA,NA,NA,NA,0
"locus027","locus256",1,1,NA,1,0.61368,NA,1,NA,NA,0
"locus027","locus263",1,1,NA,1,0.71596,NA,1,NA,NA,0
"locus027","locus264",1,1,NA,NA,1,NA,1,NA,NA,0
"locus027","locus274",0.717336,0.9699,NA,NA,0.717336,NA,0.9699,NA,NA,0
"locus027","locus280",0.714368,1,NA,NA,1,NA,1,NA,NA,0
"locus027","locus282",1,1,NA,NA,1,NA,1,NA,NA,0
"locus027","locus291",0.809316,0.42864,NA,NA,0.809316,NA,0.338912,NA,NA,0
"locus027","locus292",0.63751,1,1,NA,0.909944,NA,1,NA,NA,0
"locus027","locus296",1,1,NA,NA,1,NA,1,NA,NA,0
"locus027","locus301",1,1,NA,NA,1,NA,1,NA,NA,0
"locus027","locus314",0.25248,1,NA,1,1,NA,0.462376,NA,NA,0
"locus027","locus321",1,1,NA,1,0.62829,NA,1,NA,NA,0
"locus027","locus322",1,1,NA,NA,1,NA,1,NA,NA,0
"locus027","locus323",0.365016,1,NA,NA,1,NA,0.365016,NA,NA,0
"locus027","locus329",1,1,NA,NA,0.912536,NA,1,NA,NA,0
"locus027","locus332",0.090816,1,NA,NA,1,NA,1,NA,NA,0
"locus027","locus349",0.255,1,NA,NA,1,NA,1,NA,NA,0
"locus027","locus358",1,1,NA,1,1,NA,1,NA,NA,0
"locus027","locus359",1,1,NA,NA,1,NA,1,NA,NA,0
"locus027","locus360",0.696036,1,NA,NA,0.857144,NA,0.562208,NA,NA,0
"locus030","locus035",0.26887,1,1,NA,1,1,1,NA,0.445884,0
"locus030","locus038",0.88748,0.88748,NA,NA,0.676512,1,1,NA,1,0
"locus030","locus039",0.72259,1,NA,NA,1,NA,1,NA,1,0
"locus030","locus040",1,1,NA,NA,0.72279,NA,1,NA,1,0
"locus030","locus041",0.7359,1,NA,1,1,NA,0.610272,NA,1,0
"locus030","locus045",1,1,NA,NA,1,1,0.368592,NA,1,0
"locus030","locus047",1,0.506376,NA,NA,1,NA,1,1,1,0
"locus030","locus048",1,1,NA,NA,1,NA,1,1,1,0
"locus030","locus053",0.801136,1,NA,NA,1,NA,1,NA,0.10836,0
"locus030","locus055",1,1,NA,NA,1,NA,1,NA,1,0
"locus030","locus056",1,1,NA,NA,1,NA,0.63338,NA,1,0
"locus030","locus058",1,0.34303,NA,NA,1,NA,0.34303,NA,0.913866,0
"locus030","locus060",0.5702,0.3508,NA,NA,1,NA,1,NA,1,0
"locus030","locus061",1,1,NA,NA,1,NA,1,NA,1,0
"locus030","locus062",1,1,NA,1,1,NA,1,1,1,0
"locus030","locus064",1,1,NA,NA,1,NA,1,NA,1,0
"locus030","locus073",1,1,NA,NA,0.844712,NA,0.1827,NA,0.844712,0
"locus030","locus074",0.64071,1,NA,NA,1,NA,0.64071,NA,1,0
"locus030","locus076",1,1,NA,NA,1,NA,1,NA,1,0
"locus030","locus077",1,1,NA,NA,1,NA,1,NA,1,0
"locus030","locus080",1,1,NA,1,0.859264,1,1,NA,1,0
"locus030","locus083",1,1,NA,NA,1,NA,1,NA,1,0
"locus030","locus088",1,0.795952,NA,NA,1,NA,0.06688,NA,1,0
"locus030","locus093",1,1,1,NA,1,NA,1,NA,0.856944,0
"locus030","locus096",1,1,NA,NA,1,NA,1,NA,1,0
"locus030","locus098",1,1,NA,NA,1,NA,1,NA,1,0
"locus030","locus100",1,1,NA,NA,1,NA,1,NA,1,0
"locus030","locus106",1,1,1,NA,1,NA,1,NA,1,0
"locus030","locus110",1,1,NA,NA,NA,NA,1,NA,NA,0
"locus030","locus116",1,1,NA,NA,1,NA,1,NA,NA,0
"locus030","locus119",1,0.110992,NA,NA,1,NA,0.814968,NA,NA,0
"locus030","locus120",1,1,NA,NA,1,NA,1,1,NA,0
"locus030","locus126",1,1,NA,NA,1,NA,0.973816,NA,NA,0
"locus030","locus128",0.67422,1,1,NA,1,NA,1,NA,NA,0
"locus030","locus129",1,0.601014,NA,NA,0.574704,NA,1,NA,NA,0
"locus030","locus130",1,1,NA,NA,1,NA,1,NA,NA,0
"locus030","locus134",1,1,NA,NA,1,1,1,NA,NA,0
"locus030","locus135",1,1,NA,NA,1,NA,1,NA,NA,0
"locus030","locus137",1,1,NA,NA,1,NA,1,NA,NA,0
"locus030","locus139",1,1,1,NA,1,NA,1,1,NA,0
"locus030","locus140",1,1,1,NA,1,NA,1,NA,NA,0
"locus030","locus146",1,1,NA,1,1,NA,1,NA,NA,0
"locus030","locus148",0.518,1,NA,NA,1,NA,1,NA,NA,0
"locus030","locus151",1,0.14654,NA,1,1,NA,0.1824,NA,NA,0
"locus030","locus157",1,1,NA,NA,1,NA,1,NA,NA,0
"locus030","locus161",1,1,NA,NA,1,NA,1,1,NA,0
"locus030","locus165",0.648832,0.593508,NA,NA,0.593508,NA,0.496144,NA,NA,0
"locus030","locus170",1,1,NA,1,1,NA,1,NA,NA,0
"locus030","locus176",1,1,NA,NA,1,NA,0.9628,NA,NA,0
"locus030","locus184",1,1,NA,NA,1,1,1,NA,NA,0
"locus030","locus186",1,1,NA,NA,1,NA,1,NA,NA,0
"locus030","locus188",0.54796,1,NA,1,1,NA,0.06169,NA,NA,0
"locus030","locus190",1,1,1,NA,1,NA,1,NA,NA,0
"locus030","locus191",1,1,NA,NA,1,NA,1,NA,NA,0
"locus030","locus192",0.130408,0.789264,NA,NA,0.789264,NA,0.789264,NA,NA,0
"locus030","locus195",1,1,NA,NA,1,NA,1,NA,NA,0
"locus030","locus202",0.852512,1,NA,NA,1,NA,1,NA,NA,0
"locus030","locus210",1,1,NA,NA,1,NA,1,1,NA,0
"locus030","locus215",1,1,1,NA,1,NA,1,NA,NA,0
"locus030","locus227",1,1,1,NA,1,1,1,NA,NA,0
"locus030","locus231",1,0.11184,NA,NA,1,NA,1,NA,NA,0
"locus030","locus235",1,1,NA,NA,1,NA,1,NA,NA,0
"locus030","locus236",1,1,NA,NA,1,NA,1,NA,NA,0
"locus030","locus237",0.961976,1,NA,NA,1,NA,1,NA,NA,0
"locus030","locus239",1,1,NA,NA,1,NA,1,NA,NA,0
"locus030","locus248",1,1,NA,NA,1,NA,1,1,NA,0
"locus030","locus255",0.435798,0.435798,NA,NA,0.435798,NA,NA,NA,NA,0
"locus030","locus256",0.8381,1,NA,0.8381,1,NA,1,NA,NA,0
"locus030","locus263",1,1,NA,1,1,NA,1,NA,NA,0
"locus030","locus264",1,1,NA,NA,1,1,1,NA,NA,0
"locus030","locus274",1,1,NA,NA,0.493528,NA,1,NA,NA,0
"locus030","locus280",1,1,NA,NA,0.63463,NA,1,1,NA,0
"locus030","locus282",1,0.801224,NA,NA,1,NA,1,NA,NA,0
"locus030","locus286",1,1,NA,NA,1,NA,1,NA,NA,0
"locus030","locus291",1,1,NA,NA,1,1,1,NA,NA,0
"locus030","locus292",1,1,1,NA,1,NA,0.53836,NA,NA,0
"locus030","locus296",1,1,NA,NA,1,NA,1,NA,NA,0
"locus030","locus301",0.52298,1,1,NA,1,NA,1,NA,NA,0
"locus030","locus314",0.29675,1,1,NA,1,NA,1,NA,NA,0
"locus030","locus321",0.86224,1,NA,1,0.86224,NA,0.709476,1,NA,0
"locus030","locus322",0.340128,0.28256,NA,NA,1,NA,0.404496,NA,NA,0
"locus030","locus323",1,1,NA,NA,1,NA,0.529936,NA,NA,0
"locus030","locus332",1,1,NA,NA,1,NA,1,NA,NA,0
"locus030","locus349",0.60942,0.60942,NA,NA,0.65622,NA,0.386384,NA,NA,0
"locus030","locus358",1,1,NA,1,1,NA,0.51151,NA,NA,0
"locus030","locus359",0.804142,0.475792,NA,NA,0.475792,NA,0.715444,NA,NA,0
"locus030","locus360",1,1,NA,NA,1,NA,0.816592,NA,NA,0
"locus035","locus038",1,1,NA,NA,1,NA,1,NA,1,0
"locus035","locus039",1,1,NA,NA,1,NA,0.47109,NA,1,0
"locus035","locus040",1,1,NA,NA,1,NA,1,NA,1,0
"locus035","locus041",1,1,NA,1,1,NA,1,NA,1,0
"locus035","locus045",1,1,NA,NA,1,1,1,NA,1,0
"locus035","locus047",1,1,NA,NA,0.571548,NA,1,1,1,0
"locus035","locus048",1,1,NA,NA,1,NA,0.462324,1,1,0
"locus035","locus053",1,0.859008,NA,NA,1,NA,1,NA,0.45432,0
"locus035","locus055",1,1,NA,NA,1,NA,0.67675,NA,1,0
"locus035","locus056",1,1,NA,NA,1,NA,1,NA,1,0
"locus035","locus058",1,1,NA,NA,1,NA,1,NA,1,0
"locus035","locus060",0.29376,1,NA,NA,1,NA,1,NA,1,0
"locus035","locus061",1,1,NA,NA,1,NA,1,NA,1,0
"locus035","locus062",1,1,NA,1,1,NA,1,1,1,0
"locus035","locus064",1,1,NA,NA,1,NA,1,NA,1,0
"locus035","locus065",1,1,NA,NA,1,NA,1,NA,1,0
"locus035","locus073",1,1,NA,NA,1,NA,0.92462,NA,1,0
"locus035","locus074",1,0.997048,NA,NA,1,NA,0.65497,NA,1,0
"locus035","locus076",1,1,NA,NA,1,NA,1,NA,1,0
"locus035","locus077",1,1,NA,NA,1,NA,1,NA,1,0
"locus035","locus080",0.752196,1,NA,1,1,1,0.069412,NA,1,0
"locus035","locus083",1,1,NA,NA,1,NA,1,NA,1,0
"locus035","locus088",1,1,NA,NA,1,NA,1,NA,1,0
"locus035","locus093",1,1,1,NA,1,NA,0.835716,NA,1,0
"locus035","locus096",1,1,NA,NA,1,NA,1,NA,1,0
"locus035","locus098",1,1,NA,NA,1,NA,1,NA,1,0
"locus035","locus106",1,1,1,NA,1,NA,1,NA,1,0
"locus035","locus110",1,1,NA,NA,NA,NA,1,NA,NA,0
"locus035","locus116",0.446088,1,NA,NA,1,NA,0.098744,NA,NA,0
"locus035","locus119",0.059512,1,NA,NA,1,NA,1,NA,NA,0
"locus035","locus120",1,1,NA,NA,1,NA,1,0.71774,NA,0
"locus035","locus126",1,1,NA,NA,1,NA,1,NA,NA,0
"locus035","locus128",0.81374,1,1,NA,1,NA,1,NA,NA,0
"locus035","locus129",1,1,NA,NA,1,NA,1,NA,NA,0
"locus035","locus130",1,1,NA,NA,1,NA,1,NA,NA,0
"locus035","locus134",0.665976,0.429352,NA,NA,0.429352,1,0.15351,NA,NA,0
"locus035","locus135",1,1,NA,NA,1,1,1,NA,NA,0
"locus035","locus137",1,1,NA,NA,1,NA,0.263608,NA,NA,0
"locus035","locus139",1,1,1,NA,1,NA,1,1,NA,0
"locus035","locus140",1,1,1,NA,1,NA,1,NA,NA,0
"locus035","locus146",1,1,NA,1,1,NA,1,NA,NA,0
"locus035","locus148",1,1,NA,NA,1,NA,1,NA,NA,0
"locus035","locus157",0.216592,1,NA,NA,0.857778,NA,1,NA,NA,0
"locus035","locus161",1,1,NA,NA,1,NA,0.722744,0.7155,NA,0
"locus035","locus165",1,1,NA,NA,1,NA,0.2664,NA,NA,0
"locus035","locus170",1,1,NA,1,1,NA,1,NA,NA,0
"locus035","locus176",1,1,NA,NA,1,NA,1,NA,NA,0
"locus035","locus184",1,1,NA,NA,1,1,1,NA,NA,0
"locus035","locus186",1,1,NA,NA,0.57252,NA,1,NA,NA,0
"locus035","locus188",1,1,NA,1,0.569952,NA,0.09179,NA,NA,0
"locus035","locus190",0.43604,0.857276,1,NA,0.43604,NA,0.43604,NA,NA,0
"locus035","locus191",0.329976,1,NA,NA,0.191568,NA,0.793548,NA,NA,0
"locus035","locus192",0.077496,1,NA,NA,1,NA,1,NA,NA,0
"locus035","locus195",0.455872,1,NA,NA,1,NA,0.513144,NA,NA,0
"locus035","locus210",1,1,NA,NA,1,NA,1,1,NA,0
"locus035","locus215",0.68798,1,1,NA,1,NA,1,NA,NA,0
"locus035","locus227",1,1,1,NA,1,NA,1,NA,NA,0
"locus035","locus231",1,1,NA,NA,1,NA,1,NA,NA,0
"locus035","locus235",0.822516,0.431456,NA,NA,0.822516,NA,0.822516,NA,NA,0
"locus035","locus236",1,1,NA,NA,1,NA,0.232968,NA,NA,0
"locus035","locus237",1,1,NA,NA,1,NA,1,NA,NA,0
"locus035","locus239",0.133672,1,NA,NA,1,NA,1,NA,NA,0
"locus035","locus248",1,1,NA,NA,1,NA,1,1,NA,0
"locus035","locus256",1,1,NA,1,1,NA,1,NA,NA,0
"locus035","locus263",0.38267,1,NA,1,1,NA,1,NA,NA,0
"locus035","locus264",1,1,NA,NA,1,1,0.42299,NA,NA,0
"locus035","locus274",0.502344,1,NA,NA,1,NA,0.841632,NA,NA,0
"locus035","locus280",1,1,NA,NA,1,NA,1,1,NA,0
"locus035","locus282",1,1,NA,NA,1,NA,0.74132,NA,NA,0
"locus035","locus286",1,0.996272,NA,NA,1,NA,1,NA,NA,0
"locus035","locus291",1,1,NA,NA,1,NA,0.214696,NA,NA,0
"locus035","locus292",1,1,1,NA,1,NA,1,NA,NA,0
"locus035","locus296",1,1,NA,NA,1,NA,1,NA,NA,0
"locus035","locus301",1,1,1,NA,1,NA,1,NA,NA,0
"locus035","locus314",1,1,1,NA,0.23834,NA,1,NA,NA,0
"locus035","locus321",1,1,NA,1,1,NA,1,1,NA,0
"locus035","locus322",1,1,NA,NA,1,NA,0.686088,NA,NA,0
"locus035","locus323",1,1,NA,NA,0.71072,1,1,NA,NA,0
"locus035","locus329",0.315264,1,NA,NA,1,NA,0.829698,NA,NA,0
"locus035","locus332",1,1,NA,NA,1,NA,1,NA,NA,0
"locus035","locus349",1,1,NA,NA,1,NA,0.429392,NA,NA,0
"locus035","locus358",1,1,NA,1,1,NA,1,NA,NA,0
"locus035","locus359",1,1,NA,NA,1,NA,1,NA,NA,0
"locus035","locus360",1,1,NA,NA,1,NA,0.993352,NA,NA,0
"locus038","locus039",1,1,NA,NA,1,NA,0.78215,NA,1,0
"locus038","locus040",0.27347,1,NA,NA,1,NA,1,NA,1,0
"locus038","locus041",1,1,NA,1,1,NA,1,NA,1,0
"locus038","locus045",1,1,NA,NA,1,1,0.358224,NA,1,0
"locus038","locus047",1,1,NA,NA,1,NA,1,1,1,0
"locus038","locus048",1,1,NA,NA,1,NA,1,1,1,0
"locus038","locus053",0.44253,1,NA,NA,0.44253,NA,1,NA,1,0
"locus038","locus055",1,1,NA,NA,1,NA,1,NA,1,0
"locus038","locus056",1,1,NA,NA,1,NA,1,NA,1,0
"locus038","locus058",1,1,NA,NA,1,NA,1,NA,1,0
"locus038","locus060",1,1,NA,NA,1,NA,1,NA,1,0
"locus038","locus061",0.63993,1,NA,NA,1,NA,1,NA,1,0
"locus038","locus062",1,1,NA,1,1,NA,0.45486,1,1,0
"locus038","locus064",1,1,NA,NA,1,NA,1,NA,0.45674,0
"locus038","locus065",0.06798,1,NA,NA,1,NA,1,NA,1,0
"locus038","locus073",1,1,NA,NA,1,NA,0.43069,NA,1,0
"locus038","locus074",1,1,NA,NA,1,NA,1,NA,1,0
"locus038","locus076",1,1,NA,NA,1,NA,1,NA,1,0
"locus038","locus077",0.720136,1,NA,NA,0.720136,NA,0.39655,NA,1,0
"locus038","locus080",1,1,NA,1,1,1,0.552062,NA,1,0
"locus038","locus083",1,1,NA,NA,1,NA,1,NA,1,0
"locus038","locus088",1,1,NA,NA,1,NA,1,NA,1,0
"locus038","locus093",1,1,1,NA,1,NA,1,NA,1,0
"locus038","locus096",1,1,NA,NA,1,NA,1,NA,1,0
"locus038","locus098",1,0.70542,NA,NA,1,NA,1,NA,1,0
"locus038","locus100",1,1,NA,NA,1,NA,1,NA,1,0
"locus038","locus106",1,1,1,NA,1,NA,1,NA,1,0
"locus038","locus110",1,1,NA,NA,NA,NA,0.554874,NA,NA,0
"locus038","locus116",0.332454,1,NA,NA,1,NA,0.19208,NA,NA,0
"locus038","locus119",0.405824,0.80466,NA,NA,1,NA,1,NA,NA,0
"locus038","locus120",1,1,NA,NA,1,NA,1,1,NA,0
"locus038","locus126",1,1,NA,NA,1,NA,1,NA,NA,0
"locus038","locus128",1,1,1,NA,1,NA,1,NA,NA,0
"locus038","locus129",0.467616,1,NA,NA,1,NA,0.40552,NA,NA,0
"locus038","locus130",1,1,NA,NA,1,NA,1,NA,NA,0
"locus038","locus134",1,1,1,NA,1,1,1,NA,NA,0
"locus038","locus135",1,1,NA,NA,1,1,0.13838,NA,NA,0
"locus038","locus137",1,1,NA,NA,1,NA,1,NA,NA,0
"locus038","locus139",1,0.61706,1,NA,1,NA,0.206928,1,NA,0
"locus038","locus140",1,0.505288,1,NA,1,NA,0.16997,NA,NA,0
"locus038","locus146",0.799456,0.799456,NA,1,1,NA,0.16348,NA,NA,0
"locus038","locus148",1,1,NA,NA,1,NA,1,NA,NA,0
"locus038","locus151",1,1,NA,1,1,NA,1,NA,NA,0
"locus038","locus157",1,1,NA,NA,1,NA,1,NA,NA,0
"locus038","locus161",1,1,NA,NA,1,NA,1,1,NA,0
"locus038","locus165",0.522944,0.97368,NA,NA,0.97368,NA,0.522944,NA,NA,0
"locus038","locus170",1,1,NA,1,1,NA,1,NA,NA,0
"locus038","locus176",1,1,NA,NA,1,NA,0.581056,NA,NA,0
"locus038","locus184",1,1,NA,NA,1,1,1,NA,NA,0
"locus038","locus186",1,1,NA,NA,1,NA,1,NA,NA,0
"locus038","locus188",1,1,NA,1,1,NA,1,NA,NA,0
"locus038","locus189",1,1,1,NA,0.57116,NA,0.57116,NA,NA,0
"locus038","locus190",1,1,1,NA,1,NA,0.95242,NA,NA,0
"locus038","locus191",1,0.23,NA,NA,1,NA,1,NA,NA,0
"locus038","locus192",0.704032,0.326028,NA,NA,0.574956,NA,0.125904,NA,NA,0
"locus038","locus195",0.790616,1,NA,NA,1,NA,1,NA,NA,0
"locus038","locus202",0.635616,0.287216,NA,NA,1,NA,1,NA,NA,0
"locus038","locus210",1,1,1,NA,1,NA,1,1,NA,0
"locus038","locus215",1,1,NA,NA,1,NA,0.384584,NA,NA,0
"locus038","locus227",1,1,1,NA,1,NA,1,NA,NA,0
"locus038","locus231",1,1,NA,NA,1,NA,1,NA,NA,0
"locus038","locus235",1,1,NA,NA,1,NA,1,NA,NA,0
"locus038","locus236",1,1,NA,NA,1,NA,1,NA,NA,0
"locus038","locus237",1,1,NA,NA,0.918008,NA,1,NA,NA,0
"locus038","locus239",1,1,NA,NA,0.741704,NA,0.741704,NA,NA,0
"locus038","locus248",1,1,NA,NA,1,NA,1,1,NA,0
"locus038","locus255",1,1,NA,NA,1,NA,NA,NA,NA,0
"locus038","locus256",1,1,NA,1,1,NA,1,NA,NA,0
"locus038","locus263",1,1,NA,1,1,NA,1,NA,NA,0
"locus038","locus264",1,1,NA,NA,1,1,1,NA,NA,0
"locus038","locus274",0.98416,0.98416,NA,NA,0.98416,NA,0.98416,NA,NA,0
"locus038","locus280",1,1,NA,NA,1,NA,1,1,NA,0
"locus038","locus282",0.468504,0.23072,NA,NA,0.468504,NA,0.468504,NA,NA,0
"locus038","locus286",1,1,NA,NA,1,NA,1,NA,NA,0
"locus038","locus291",0.3638,0.754404,NA,NA,1,NA,1,NA,NA,0
"locus038","locus292",1,1,1,NA,1,NA,1,NA,NA,0
"locus038","locus296",1,1,NA,NA,1,NA,0.43696,NA,NA,0
"locus038","locus301",1,1,NA,NA,1,NA,1,NA,NA,0
"locus038","locus314",1,1,1,NA,1,NA,1,NA,NA,0
"locus038","locus321",1,1,NA,1,1,NA,1,1,NA,0
"locus038","locus322",0.96356,1,NA,NA,1,NA,1,NA,NA,0
"locus038","locus323",1,1,NA,NA,1,1,1,NA,NA,0
"locus038","locus329",1,1,NA,NA,1,NA,1,NA,NA,0
"locus038","locus332",1,1,NA,NA,1,NA,1,NA,NA,0
"locus038","locus349",1,1,NA,NA,1,NA,1,NA,NA,0
"locus038","locus358",0.52435,1,NA,0.659304,1,NA,1,NA,NA,0
"locus038","locus359",1,0.421848,NA,NA,1,NA,0.95367,NA,NA,0
"locus038","locus360",0.22192,1,NA,NA,1,NA,1,NA,NA,0
"locus039","locus040",0.30989,1,NA,NA,1,NA,1,NA,1,0
"locus039","locus045",1,1,NA,NA,1,NA,1,NA,0.19849,0
"locus039","locus047",1,1,NA,NA,1,NA,1,1,1,0
"locus039","locus048",1,1,NA,NA,1,NA,1,1,1,0
"locus039","locus053",1,1,NA,NA,1,NA,1,NA,0.63844,0
"locus039","locus055",1,1,NA,NA,1,NA,0.4276,NA,1,0
"locus039","locus056",1,1,NA,NA,1,1,1,NA,1,0
"locus039","locus058",1,1,NA,NA,0.948856,NA,0.86593,NA,1,0
"locus039","locus060",1,1,NA,NA,1,NA,1,NA,1,0
"locus039","locus061",1,1,NA,NA,1,1,1,NA,1,0
"locus039","locus062",1,1,NA,1,1,NA,1,1,1,0
"locus039","locus064",1,1,NA,NA,1,NA,1,NA,1,0
"locus039","locus065",1,1,NA,NA,1,NA,1,NA,1,0
"locus039","locus073",1,1,NA,NA,1,NA,1,NA,1,0
"locus039","locus074",0.912272,1,NA,NA,1,NA,0.67961,NA,1,0
"locus039","locus076",0.083484,1,NA,NA,1,1,1,NA,1,0
"locus039","locus077",1,1,NA,NA,1,NA,1,NA,1,0
"locus039","locus080",1,1,NA,1,0.873372,NA,1,NA,1,0
"locus039","locus083",1,1,NA,NA,1,NA,0.86205,NA,1,0
"locus039","locus088",1,1,NA,NA,1,NA,1,NA,1,0
"locus039","locus093",1,1,1,NA,1,NA,1,NA,1,0
"locus039","locus096",1,1,NA,NA,1,NA,1,NA,1,0
"locus039","locus098",1,1,NA,NA,1,NA,1,NA,1,0
"locus039","locus100",1,0.57232,NA,NA,1,NA,0.50854,NA,1,0
"locus039","locus106",1,1,1,NA,1,NA,1,NA,1,0
"locus039","locus110",1,1,NA,NA,NA,NA,1,NA,NA,0
"locus039","locus116",1,1,NA,NA,1,NA,1,NA,NA,0
"locus039","locus119",1,1,NA,NA,1,NA,1,NA,NA,0
"locus039","locus120",1,1,NA,NA,1,NA,1,0.7145,NA,0
"locus039","locus126",0.58664,1,NA,NA,1,NA,1,NA,NA,0
"locus039","locus128",1,1,NA,NA,1,NA,0.810408,NA,NA,0
"locus039","locus129",1,1,NA,NA,1,NA,1,NA,NA,0
"locus039","locus130",0.49125,1,NA,NA,0.265608,NA,0.94346,NA,NA,0
"locus039","locus134",1,0.999832,NA,NA,0.999832,1,0.83346,NA,NA,0
"locus039","locus135",1,1,NA,NA,1,NA,1,NA,NA,0
"locus039","locus137",1,1,NA,NA,1,NA,1,NA,NA,0
"locus039","locus139",1,1,1,NA,1,NA,1,0.176772,NA,0
"locus039","locus140",1,1,1,NA,1,NA,1,NA,NA,0
"locus039","locus146",1,1,NA,1,1,NA,1,NA,NA,0
"locus039","locus151",1,1,NA,0.99662,1,NA,1,NA,NA,0
"locus039","locus157",1,1,NA,NA,1,NA,1,NA,NA,0
"locus039","locus165",1,1,NA,NA,1,NA,1,NA,NA,0
"locus039","locus170",1,1,NA,0.7928,1,NA,0.14816,NA,NA,0
"locus039","locus176",0.871578,0.871578,NA,NA,0.871578,NA,0.117392,NA,NA,0
"locus039","locus184",0.28766,1,NA,NA,1,1,1,NA,NA,0
"locus039","locus186",0.205008,1,NA,NA,1,NA,1,NA,NA,0
"locus039","locus188",1,1,NA,1,1,NA,1,NA,NA,0
"locus039","locus189",0.899532,1,1,1,1,NA,1,NA,NA,0
"locus039","locus190",1,1,1,NA,1,NA,0.37594,NA,NA,0
"locus039","locus191",0.380048,1,NA,NA,1,NA,1,NA,NA,0
"locus039","locus192",1,1,NA,NA,1,1,1,NA,NA,0
"locus039","locus195",1,1,NA,NA,1,NA,1,NA,NA,0
"locus039","locus202",0.084824,0.1071,NA,NA,1,NA,1,NA,NA,0
"locus039","locus210",1,1,NA,NA,1,NA,1,1,NA,0
"locus039","locus215",1,1,NA,NA,1,NA,1,NA,NA,0
"locus039","locus227",1,1,1,NA,1,NA,1,NA,NA,0
"locus039","locus231",1,1,NA,NA,1,NA,1,NA,NA,0
"locus039","locus235",1,1,NA,NA,1,NA,1,NA,NA,0
"locus039","locus236",0.445304,1,NA,NA,1,NA,1,NA,NA,0
"locus039","locus237",1,0.864848,NA,NA,1,NA,1,NA,NA,0
"locus039","locus239",1,1,NA,NA,1,NA,0.730872,NA,NA,0
"locus039","locus248",1,1,NA,NA,1,NA,1,1,NA,0
"locus039","locus255",0.654978,0.654978,NA,NA,1,NA,NA,NA,NA,0
"locus039","locus256",1,1,NA,1,1,NA,1,NA,NA,0
"locus039","locus263",1,1,NA,1,1,NA,1,NA,NA,0
"locus039","locus264",1,1,NA,NA,1,1,1,NA,NA,0
"locus039","locus274",1,1,NA,NA,1,1,1,NA,NA,0
"locus039","locus280",1,1,NA,NA,1,NA,1,1,NA,0
"locus039","locus282",1,1,NA,NA,1,NA,1,NA,NA,0
"locus039","locus286",1,1,NA,NA,1,1,1,NA,NA,0
"locus039","locus291",0.520448,1,NA,NA,1,NA,0.520448,NA,NA,0
"locus039","locus292",1,1,1,NA,1,1,1,NA,NA,0
"locus039","locus296",0.291968,0.323556,NA,NA,1,NA,1,NA,NA,0
"locus039","locus301",0.636768,1,NA,NA,1,NA,1,NA,NA,0
"locus039","locus314",1,1,1,NA,1,NA,1,NA,NA,0
"locus039","locus321",1,1,NA,1,1,NA,0.904944,1,NA,0
"locus039","locus322",0.176896,0.500824,NA,NA,0.620176,NA,0.45291,NA,NA,0
"locus039","locus323",1,1,NA,NA,1,NA,1,NA,NA,0
"locus039","locus329",1,1,NA,NA,1,NA,1,NA,NA,0
"locus039","locus332",0.753904,0.80172,NA,NA,0.80172,NA,0.753904,NA,NA,0
"locus039","locus349",1,1,NA,NA,0.431898,NA,0.330048,NA,NA,0
"locus039","locus358",1,0.70021,NA,0.70021,0.70021,NA,1,NA,NA,0
"locus039","locus359",1,1,NA,NA,1,NA,1,NA,NA,0
"locus039","locus360",0.916808,0.916808,NA,NA,0.916808,NA,0.916808,NA,NA,0
"locus040","locus041",1,1,NA,1,1,NA,1,NA,1,0
"locus040","locus045",1,1,NA,NA,1,NA,1,NA,1,0
"locus040","locus047",1,1,NA,NA,1,NA,1,1,1,0
"locus040","locus048",1,1,NA,NA,1,NA,1,1,1,0
"locus040","locus053",0.42221,0.497512,NA,NA,1,NA,1,NA,1,0
"locus040","locus055",1,1,NA,NA,1,NA,1,NA,1,0
"locus040","locus056",0.08111,1,NA,NA,1,NA,1,NA,1,0
"locus040","locus058",1,1,NA,NA,1,NA,1,NA,1,0
"locus040","locus060",1,1,NA,NA,1,NA,1,NA,1,0
"locus040","locus061",1,1,NA,NA,1,1,1,NA,1,0
"locus040","locus062",1,0.871696,NA,1,1,NA,1,1,1,0
"locus040","locus064",1,1,NA,NA,1,NA,0.3161,NA,1,0
"locus040","locus065",1,1,NA,NA,1,NA,1,NA,1,0
"locus040","locus073",1,1,NA,NA,1,NA,1,NA,1,0
"locus040","locus074",1,1,NA,NA,1,NA,1,NA,1,0
"locus040","locus076",1,1,NA,NA,1,1,0.58578,NA,1,0
"locus040","locus077",1,0.994104,NA,NA,1,NA,0.57206,NA,1,0
"locus040","locus080",1,1,NA,1,1,NA,1,NA,1,0
"locus040","locus083",1,1,NA,NA,1,NA,1,NA,1,0
"locus040","locus088",1,1,NA,NA,1,NA,1,NA,1,0
"locus040","locus093",1,1,1,NA,1,NA,1,NA,1,0
"locus040","locus096",1,1,NA,NA,1,NA,1,NA,1,0
"locus040","locus098",0.47689,1,NA,NA,1,NA,1,NA,1,0
"locus040","locus100",1,1,NA,NA,1,NA,1,NA,1,0
"locus040","locus106",1,1,1,NA,1,NA,0.864696,NA,1,0
"locus040","locus110",1,1,NA,NA,NA,NA,0.401742,NA,NA,0
"locus040","locus116",1,1,NA,NA,1,NA,1,NA,NA,0
"locus040","locus119",0.334192,1,NA,NA,1,NA,1,NA,NA,0
"locus040","locus120",1,1,NA,NA,1,NA,0.73648,1,NA,0
"locus040","locus126",1,1,NA,NA,1,NA,1,NA,NA,0
"locus040","locus128",1,1,NA,NA,1,NA,0.332136,NA,NA,0
"locus040","locus129",1,1,NA,NA,1,NA,0.370528,NA,NA,0
"locus040","locus130",0.652704,1,NA,NA,0.664768,NA,0.155456,NA,NA,0
"locus040","locus134",1,1,NA,NA,0.572896,1,0.20545,NA,NA,0
"locus040","locus135",1,1,NA,NA,1,NA,1,NA,NA,0
"locus040","locus137",1,1,NA,NA,1,NA,0.48772,NA,NA,0
"locus040","locus139",1,1,1,NA,1,NA,1,1,NA,0
"locus040","locus140",1,1,1,NA,1,NA,1,NA,NA,0
"locus040","locus146",1,1,NA,1,1,NA,1,NA,NA,0
"locus040","locus148",1,1,NA,NA,1,1,1,NA,NA,0
"locus040","locus151",1,1,NA,1,1,NA,1,NA,NA,0
"locus040","locus157",1,1,NA,NA,1,NA,1,NA,NA,0
"locus040","locus161",1,1,NA,NA,1,1,1,1,NA,0
"locus040","locus165",1,1,NA,NA,1,NA,1,NA,NA,0
"locus040","locus170",0.6599,1,NA,1,1,NA,1,NA,NA,0
"locus040","locus176",1,1,NA,NA,1,NA,0.968288,NA,NA,0
"locus040","locus184",0.18336,1,NA,NA,1,1,0.281656,NA,NA,0
"locus040","locus186",0.118864,0.498204,NA,NA,1,NA,0.118864,NA,NA,0
"locus040","locus188",1,1,NA,1,1,NA,1,NA,NA,0
"locus040","locus189",1,1,1,1,0.85842,NA,1,NA,NA,0
"locus040","locus190",1,1,1,NA,1,NA,1,NA,NA,0
"locus040","locus191",1,1,NA,NA,1,NA,1,NA,NA,0
"locus040","locus192",0.51497,1,NA,NA,1,1,1,NA,NA,0
"locus040","locus195",0.950808,1,NA,NA,0.950808,NA,0.950808,NA,NA,0
"locus040","locus202",1,1,NA,NA,1,NA,0.170752,NA,NA,0
"locus040","locus210",1,1,NA,NA,1,NA,1,1,NA,0
"locus040","locus215",0.454992,1,NA,NA,1,NA,1,NA,NA,0
"locus040","locus227",0.93003,1,1,NA,1,NA,1,NA,NA,0
"locus040","locus231",0.149016,1,NA,NA,1,NA,0.185598,NA,NA,0
"locus040","locus235",1,1,NA,NA,1,NA,0.286712,NA,NA,0
"locus040","locus236",1,0.5022,NA,NA,1,NA,1,NA,NA,0
"locus040","locus237",1,1,NA,NA,1,NA,1,NA,NA,0
"locus040","locus239",1,1,NA,NA,1,NA,1,NA,NA,0
"locus040","locus248",1,1,NA,NA,1,NA,0.08164,1,NA,0
"locus040","locus255",0.115698,1,NA,NA,1,NA,NA,NA,NA,0
"locus040","locus256",0.25928,1,NA,1,1,NA,1,NA,NA,0
"locus040","locus263",1,1,NA,1,1,NA,1,NA,NA,0
"locus040","locus264",1,1,NA,NA,1,1,1,NA,NA,0
"locus040","locus274",1,1,NA,NA,1,1,1,NA,NA,0
"locus040","locus280",1,1,NA,NA,1,NA,1,1,NA,0
"locus040","locus282",1,1,NA,NA,1,NA,1,NA,NA,0
"locus040","locus292",1,1,1,NA,1,1,1,NA,NA,0
"locus040","locus296",1,1,NA,NA,1,NA,1,NA,NA,0
"locus040","locus301",0.35088,1,NA,NA,1,NA,0.459408,NA,NA,0
"locus040","locus314",1,1,1,NA,1,NA,0.18285,NA,NA,0
"locus040","locus321",1,1,NA,1,0.568272,NA,1,1,NA,0
"locus040","locus322",0.808528,1,NA,NA,1,NA,1,NA,NA,0
"locus040","locus323",1,1,NA,NA,0.570848,NA,1,NA,NA,0
"locus040","locus329",1,1,NA,NA,1,NA,1,NA,NA,0
"locus040","locus332",1,1,NA,NA,1,NA,0.592088,NA,NA,0
"locus040","locus349",1,1,NA,NA,1,NA,1,NA,NA,0
"locus040","locus358",0.96302,1,NA,1,1,NA,1,NA,NA,0
"locus040","locus359",1,1,NA,NA,1,NA,1,NA,NA,0
"locus040","locus360",1,1,NA,NA,1,NA,1,NA,NA,0
"locus041","locus045",1,1,NA,NA,1,NA,0.95457,NA,0.96464,0
"locus041","locus047",1,1,NA,NA,1,NA,1,1,1,0
"locus041","locus048",1,1,NA,NA,1,NA,1,1,1,0
"locus041","locus053",1,1,NA,NA,1,NA,1,NA,1,0
"locus041","locus055",1,1,NA,NA,1,NA,1,NA,1,0
"locus041","locus056",1,1,NA,NA,1,NA,1,NA,1,0
"locus041","locus058",1,1,NA,NA,1,NA,1,NA,1,0
"locus041","locus060",1,1,NA,NA,1,NA,1,NA,1,0
"locus041","locus061",1,1,NA,NA,1,NA,1,NA,1,0
"locus041","locus062",1,1,NA,1,1,NA,1,1,1,0
"locus041","locus064",1,1,NA,NA,1,NA,1,NA,1,0
"locus041","locus065",1,1,NA,NA,1,NA,0.68586,NA,1,0
"locus041","locus073",1,0.71133,NA,NA,1,NA,1,NA,1,0
"locus041","locus074",0.978018,0.82791,NA,NA,0.978018,NA,0.978018,NA,0.82791,0
"locus041","locus076",0.98192,1,NA,NA,1,NA,1,NA,1,0
"locus041","locus077",0.80315,1,NA,NA,1,NA,1,NA,1,0
"locus041","locus080",1,1,NA,1,1,NA,1,NA,1,0
"locus041","locus083",1,1,NA,NA,1,NA,1,NA,1,0
"locus041","locus088",1,1,NA,NA,1,NA,1,NA,1,0
"locus041","locus093",1,1,1,NA,1,NA,1,NA,1,0
"locus041","locus096",1,1,NA,NA,1,NA,1,NA,1,0
"locus041","locus098",0.760808,1,NA,NA,1,NA,0.16421,NA,1,0
"locus041","locus100",1,1,NA,NA,1,NA,1,NA,1,0
"locus041","locus106",0.161448,1,1,NA,1,NA,1,NA,0.49872,0
"locus041","locus110",0.280032,1,NA,NA,NA,NA,1,NA,NA,0
"locus041","locus116",1,1,NA,NA,0.572368,NA,1,NA,NA,0
"locus041","locus119",0.974754,0.974754,NA,NA,0.189952,NA,0.974754,NA,NA,0
"locus041","locus120",1,0.63451,NA,NA,1,NA,1,1,NA,0
"locus041","locus126",1,1,NA,NA,1,NA,1,NA,NA,0
"locus041","locus128",0.936536,0.428964,NA,NA,1,NA,0.343768,NA,NA,0
"locus041","locus129",0.603504,1,NA,NA,1,NA,1,NA,NA,0
"locus041","locus130",1,1,1,NA,1,NA,1,NA,NA,0
"locus041","locus134",1,1,NA,NA,1,NA,1,NA,NA,0
"locus041","locus135",1,1,NA,NA,1,NA,0.762376,NA,NA,0
"locus041","locus137",1,1,NA,NA,1,NA,0.490032,NA,NA,0
"locus041","locus139",1,1,1,NA,0.85758,NA,1,1,NA,0
"locus041","locus140",1,1,1,NA,0.71157,NA,1,NA,NA,0
"locus041","locus146",1,1,NA,1,1,NA,0.22114,NA,NA,0
"locus041","locus148",1,1,NA,NA,1,NA,1,NA,NA,0
"locus041","locus151",1,1,NA,0.9896,1,NA,1,NA,NA,0
"locus041","locus157",1,1,NA,NA,1,NA,0.33,NA,NA,0
"locus041","locus161",1,0.35722,NA,NA,1,NA,1,1,NA,0
"locus041","locus165",0.079048,1,NA,NA,1,NA,1,NA,NA,0
"locus041","locus170",0.963816,0.963816,NA,0.801768,0.71496,NA,0.963816,NA,NA,0
"locus041","locus176",1,1,1,NA,1,NA,1,NA,NA,0
"locus041","locus184",0.43336,0.43336,NA,NA,1,NA,1,NA,NA,0
"locus041","locus186",1,1,NA,NA,1,NA,1,NA,NA,0
"locus041","locus188",1,1,1,1,1,NA,1,NA,NA,0
"locus041","locus189",1,0.99432,1,1,1,NA,1,NA,NA,0
"locus041","locus190",0.25492,1,1,NA,1,NA,0.777552,NA,NA,0
"locus041","locus191",1,1,NA,NA,1,NA,1,NA,NA,0
"locus041","locus192",1,1,NA,NA,1,NA,1,NA,NA,0
"locus041","locus195",0.825296,0.825296,NA,NA,1,NA,0.825296,NA,NA,0
"locus041","locus210",1,1,NA,NA,1,NA,1,1,NA,0
"locus041","locus215",0.570472,0.570472,NA,NA,1,NA,1,NA,NA,0
"locus041","locus227",1,1,1,NA,1,NA,1,NA,NA,0
"locus041","locus231",1,1,NA,NA,1,NA,1,NA,NA,0
"locus041","locus235",1,1,NA,NA,1,NA,1,NA,NA,0
"locus041","locus236",0.574224,1,NA,NA,0.566392,NA,0.634352,NA,NA,0
"locus041","locus237",1,1,NA,NA,0.57652,NA,1,NA,NA,0
"locus041","locus239",1,1,NA,NA,1,NA,1,NA,NA,0
"locus041","locus248",1,1,NA,NA,1,NA,1,1,NA,0
"locus041","locus255",1,0.821532,NA,NA,1,NA,NA,NA,NA,0
"locus041","locus256",1,1,NA,1,1,NA,1,NA,NA,0
"locus041","locus263",1,1,NA,1,1,NA,1,NA,NA,0
"locus041","locus264",0.614008,1,NA,NA,1,NA,1,NA,NA,0
"locus041","locus274",0.813384,0.813384,NA,NA,1,NA,0.268248,NA,NA,0
"locus041","locus280",1,1,NA,NA,1,NA,0.92937,1,NA,0
"locus041","locus282",1,1,NA,NA,0.568024,NA,1,NA,NA,0
"locus041","locus286",1,1,NA,NA,1,NA,1,NA,NA,0
"locus041","locus291",1,1,NA,NA,0.143892,NA,0.089648,NA,NA,0
"locus041","locus292",1,1,1,NA,1,NA,1,NA,NA,0
"locus041","locus296",1,1,NA,NA,1,NA,1,NA,NA,0
"locus041","locus301",1,1,NA,NA,0.39304,NA,1,NA,NA,0
"locus041","locus314",0.956728,1,1,NA,1,NA,0.42838,NA,NA,0
"locus041","locus321",0.44694,0.99977,NA,1,1,NA,1,1,NA,0
"locus041","locus322",1,1,NA,NA,1,NA,1,NA,NA,0
"locus041","locus323",1,1,NA,NA,1,NA,0.446328,NA,NA,0
"locus041","locus329",0.523568,1,NA,NA,1,NA,1,NA,NA,0
"locus041","locus332",0.52892,1,NA,NA,1,NA,1,NA,NA,0
"locus041","locus349",1,1,NA,NA,1,NA,0.637496,NA,NA,0
"locus041","locus358",1,1,NA,1,1,NA,1,NA,NA,0
"locus041","locus359",1,1,NA,NA,1,NA,0.088784,NA,NA,0
"locus041","locus360",1,1,1,NA,1,NA,0.91654,NA,NA,0
"locus045","locus047",1,1,NA,NA,1,NA,1,1,1,0
"locus045","locus048",1,1,NA,NA,1,NA,1,1,1,0
"locus045","locus053",1,1,NA,NA,1,NA,0.597696,NA,0.1003,0
"locus045","locus055",1,1,1,NA,1,NA,1,NA,1,0
"locus045","locus056",0.39654,0.39654,NA,NA,0.5715,NA,0.39654,NA,0.591542,0
"locus045","locus058",1,1,NA,NA,1,NA,1,NA,0.55807,0
"locus045","locus060",0.70928,1,NA,NA,0.70928,NA,1,NA,1,0
"locus045","locus061",1,1,NA,NA,1,1,1,NA,1,0
"locus045","locus062",1,1,NA,1,1,NA,1,1,1,0
"locus045","locus064",1,1,NA,NA,1,NA,1,NA,1,0
"locus045","locus065",1,1,NA,NA,1,NA,1,NA,1,0
"locus045","locus073",1,1,NA,NA,1,NA,1,NA,1,0
"locus045","locus074",0.783392,0.72447,NA,NA,1,NA,0.852918,NA,1,0
"locus045","locus076",1,1,NA,NA,1,1,1,NA,1,0
"locus045","locus077",1,1,NA,NA,1,NA,1,NA,0.19001,0
"locus045","locus080",1,1,1,1,1,NA,1,NA,1,0
"locus045","locus083",1,1,NA,NA,1,NA,0.52966,NA,1,0
"locus045","locus088",1,1,NA,NA,1,NA,0.56211,NA,1,0
"locus045","locus093",1,1,1,NA,1,NA,1,NA,1,0
"locus045","locus096",1,1,NA,NA,1,NA,1,NA,0.38598,0
"locus045","locus098",1,1,NA,NA,1,NA,1,NA,1,0
"locus045","locus100",1,1,NA,NA,1,NA,1,NA,1,0
"locus045","locus106",1,1,NA,NA,1,NA,1,NA,1,0
"locus045","locus110",0.281612,1,NA,NA,NA,NA,0.086802,NA,NA,0
"locus045","locus116",1,1,NA,NA,1,NA,1,NA,NA,0
"locus045","locus119",1,1,NA,NA,1,NA,0.259112,NA,NA,0
"locus045","locus120",0.91297,1,NA,NA,1,NA,1,1,NA,0
"locus045","locus126",1,1,NA,NA,1,NA,1,NA,NA,0
"locus045","locus128",1,1,NA,NA,1,NA,1,NA,NA,0
"locus045","locus129",1,1,NA,NA,1,NA,1,NA,NA,0
"locus045","locus130",1,1,NA,NA,1,NA,0.868648,NA,NA,0
"locus045","locus134",1,1,NA,NA,1,1,1,NA,NA,0
"locus045","locus135",1,1,NA,NA,1,NA,0.432128,NA,NA,0
"locus045","locus137",1,0.5714,NA,NA,1,NA,1,NA,NA,0
"locus045","locus139",0.13854,1,1,NA,1,NA,1,1,NA,0
"locus045","locus140",0.11842,1,1,NA,1,NA,1,NA,NA,0
"locus045","locus146",0.48779,1,NA,1,1,NA,1,NA,NA,0
"locus045","locus148",1,1,NA,NA,1,1,1,NA,NA,0
"locus045","locus151",1,1,NA,1,1,NA,1,NA,NA,0
"locus045","locus157",0.323,1,NA,NA,1,NA,0.888402,NA,NA,0
"locus045","locus161",1,1,NA,NA,1,1,1,1,NA,0
"locus045","locus165",1,1,1,NA,1,NA,1,NA,NA,0
"locus045","locus170",1,1,NA,1,1,NA,0.3252,NA,NA,0
"locus045","locus176",1,1,NA,NA,1,NA,1,NA,NA,0
"locus045","locus184",1,1,NA,NA,1,1,1,NA,NA,0
"locus045","locus186",1,1,NA,NA,1,NA,1,NA,NA,0
"locus045","locus188",1,0.176,NA,1,1,NA,1,NA,NA,0
"locus045","locus189",1,1,1,1,1,NA,1,NA,NA,0
"locus045","locus190",1,0.71447,1,NA,1,NA,1,NA,NA,0
"locus045","locus191",1,1,NA,NA,1,NA,1,NA,NA,0
"locus045","locus192",1,1,NA,NA,1,1,1,NA,NA,0
"locus045","locus195",0.750276,1,NA,NA,0.857136,NA,0.447824,NA,NA,0
"locus045","locus202",1,1,NA,NA,1,NA,1,NA,NA,0
"locus045","locus210",1,1,NA,NA,1,NA,1,1,NA,0
"locus045","locus215",1,1,NA,NA,1,NA,1,NA,NA,0
"locus045","locus227",0.56205,1,1,NA,1,NA,1,NA,NA,0
"locus045","locus231",1,1,NA,NA,1,NA,1,NA,NA,0
"locus045","locus235",1,1,NA,NA,1,NA,1,NA,NA,0
"locus045","locus236",1,1,NA,NA,1,NA,1,NA,NA,0
"locus045","locus237",1,1,NA,NA,1,NA,1,NA,NA,0
"locus045","locus239",1,1,NA,NA,1,NA,1,NA,NA,0
"locus045","locus248",1,1,NA,NA,1,NA,1,1,NA,0
"locus045","locus255",1,1,NA,NA,1,NA,NA,NA,NA,0
"locus045","locus256",1,1,NA,1,1,NA,1,NA,NA,0
"locus045","locus263",1,1,NA,1,1,NA,1,NA,NA,0
"locus045","locus264",0.96106,1,NA,NA,1,1,1,NA,NA,0
"locus045","locus274",1,1,NA,NA,1,1,1,NA,NA,0
"locus045","locus280",1,0.35699,NA,NA,1,NA,1,1,NA,0
"locus045","locus282",1,1,NA,NA,1,NA,1,NA,NA,0
"locus045","locus286",0.16162,1,NA,NA,1,1,1,NA,NA,0
"locus045","locus291",1,0.788824,NA,NA,1,NA,1,NA,NA,0
"locus045","locus292",1,0.429768,1,NA,1,1,1,NA,NA,0
"locus045","locus296",1,0.322962,NA,NA,1,NA,0.181312,NA,NA,0
"locus045","locus301",1,1,NA,NA,1,NA,1,NA,NA,0
"locus045","locus314",1,1,1,NA,1,NA,1,NA,NA,0
"locus045","locus321",1,1,NA,1,1,NA,1,1,NA,0
"locus045","locus322",0.227502,0.92638,NA,NA,0.189528,NA,0.92638,NA,NA,0
"locus045","locus323",0.85884,0.779512,NA,NA,0.85884,NA,0.779512,NA,NA,0
"locus045","locus329",1,1,NA,NA,1,NA,0.133496,NA,NA,0
"locus045","locus332",1,0.287512,NA,NA,1,NA,0.583434,NA,NA,0
"locus045","locus349",1,1,1,NA,1,NA,1,NA,NA,0
"locus045","locus358",1,1,NA,1,1,NA,1,NA,NA,0
"locus045","locus359",1,1,NA,NA,1,NA,1,NA,NA,0
"locus045","locus360",1,1,NA,NA,1,NA,0.829192,NA,NA,0
"locus047","locus048",1,1,NA,NA,1,NA,1,1,1,0
"locus047","locus053",1,1,NA,NA,1,NA,1,NA,1,0
"locus047","locus055",0.136668,1,1,NA,1,NA,1,NA,1,0
"locus047","locus056",0.84883,1,NA,NA,1,NA,1,NA,1,0
"locus047","locus058",1,0.35843,NA,NA,1,NA,1,NA,1,0
"locus047","locus060",1,0.36057,NA,NA,1,NA,1,NA,1,0
"locus047","locus061",1,1,NA,NA,1,1,0.862152,NA,1,0
"locus047","locus062",1,1,NA,1,1,NA,1,1,1,0
"locus047","locus064",1,1,NA,NA,0.4875,NA,1,NA,0.764336,0
"locus047","locus065",1,1,NA,NA,1,NA,1,NA,1,0
"locus047","locus073",0.11636,1,NA,NA,1,NA,1,NA,1,0
"locus047","locus074",1,1,NA,NA,1,NA,1,NA,1,0
"locus047","locus076",0.68898,1,NA,NA,0.943062,NA,0.838704,NA,1,0
"locus047","locus077",0.651888,0.651888,NA,NA,0.442064,NA,0.442064,NA,0.13423,0
"locus047","locus080",1,1,1,1,1,NA,1,NA,1,0
"locus047","locus083",1,1,NA,NA,1,NA,1,NA,1,0
"locus047","locus088",1,0.799896,NA,NA,1,NA,0.57779,NA,1,0
"locus047","locus093",1,1,1,NA,1,NA,1,NA,1,0
"locus047","locus096",1,1,NA,NA,1,NA,1,NA,1,0
"locus047","locus098",1,1,NA,NA,1,NA,1,NA,1,0
"locus047","locus100",1,1,NA,NA,1,NA,0.59377,NA,1,0
"locus047","locus106",0.25473,1,NA,NA,1,NA,1,NA,1,0
"locus047","locus110",0.678684,1,NA,NA,NA,NA,1,NA,NA,0
"locus047","locus116",0.520158,1,NA,NA,1,NA,0.473544,NA,NA,0
"locus047","locus119",1,0.11224,NA,NA,1,NA,1,NA,NA,0
"locus047","locus120",1,1,NA,NA,1,NA,1,1,NA,0
"locus047","locus126",1,1,NA,NA,0.569408,NA,1,NA,NA,0
"locus047","locus128",1,1,NA,NA,1,NA,1,NA,NA,0
"locus047","locus129",1,0.6282,NA,NA,1,NA,0.6282,NA,NA,0
"locus047","locus130",1,1,NA,NA,1,NA,1,NA,NA,0
"locus047","locus134",1,1,NA,NA,1,1,1,NA,NA,0
"locus047","locus135",1,1,NA,NA,1,NA,1,NA,NA,0
"locus047","locus137",1,1,NA,NA,0.382736,NA,0.626178,NA,NA,0
"locus047","locus139",1,1,1,NA,1,NA,1,1,NA,0
"locus047","locus140",1,1,1,NA,1,NA,1,NA,NA,0
"locus047","locus146",1,1,NA,1,1,NA,1,NA,NA,0
"locus047","locus148",0.15656,1,NA,NA,1,1,1,NA,NA,0
"locus047","locus151",1,0.1438,NA,1,0.49696,NA,1,NA,NA,0
"locus047","locus157",1,1,NA,NA,1,NA,1,NA,NA,0
"locus047","locus161",1,1,NA,NA,1,1,1,1,NA,0
"locus047","locus165",1,1,1,NA,1,NA,1,NA,NA,0
"locus047","locus170",1,1,NA,1,1,NA,1,NA,NA,0
"locus047","locus176",1,1,NA,NA,1,NA,1,NA,NA,0
"locus047","locus184",1,0.99901,NA,NA,1,1,1,NA,NA,0
"locus047","locus186",1,1,NA,NA,0.573632,NA,1,NA,NA,0
"locus047","locus188",1,1,NA,1,0.71785,NA,1,NA,NA,0
"locus047","locus189",1,1,1,1,1,NA,0.406032,NA,NA,0
"locus047","locus190",1,0.99771,1,NA,0.99771,NA,1,NA,NA,0
"locus047","locus191",0.343368,0.83142,NA,NA,0.11052,NA,0.070256,NA,NA,0
"locus047","locus192",1,1,NA,NA,1,1,1,NA,NA,0
"locus047","locus202",1,1,NA,NA,0.153352,NA,1,NA,NA,0
"locus047","locus210",1,1,NA,NA,1,NA,1,1,NA,0
"locus047","locus215",0.983428,0.86013,NA,NA,1,NA,0.268584,NA,NA,0
"locus047","locus227",0.63951,1,1,NA,1,NA,0.63951,NA,NA,0
"locus047","locus231",0.540828,0.11616,NA,NA,0.802024,NA,0.802024,NA,NA,0
"locus047","locus235",1,0.856848,NA,NA,1,NA,0.856848,NA,NA,0
"locus047","locus236",1,1,NA,NA,1,NA,1,NA,NA,0
"locus047","locus237",1,1,NA,NA,1,NA,1,NA,NA,0
"locus047","locus239",1,1,NA,NA,0.573856,NA,1,NA,NA,0
"locus047","locus248",1,1,NA,NA,1,NA,1,1,NA,0
"locus047","locus255",0.998946,0.998946,NA,NA,0.998946,NA,NA,NA,NA,0
"locus047","locus256",0.35033,1,NA,1,1,NA,1,NA,NA,0
"locus047","locus263",1,1,NA,1,1,NA,1,NA,NA,0
"locus047","locus264",0.781848,0.781848,NA,NA,0.71818,0.781848,0.781848,NA,NA,0
"locus047","locus274",1,1,NA,NA,1,1,1,NA,NA,0
"locus047","locus280",1,1,NA,NA,1,NA,1,1,NA,0
"locus047","locus282",1,0.805952,NA,NA,1,NA,1,NA,NA,0
"locus047","locus286",0.34721,1,NA,NA,1,1,1,NA,NA,0
"locus047","locus291",0.571112,1,NA,NA,1,NA,0.605304,NA,NA,0
"locus047","locus292",1,1,1,NA,1,1,1,NA,NA,0
"locus047","locus296",1,1,NA,NA,0.385976,NA,1,NA,NA,0
"locus047","locus301",1,1,NA,NA,1,NA,1,NA,NA,0
"locus047","locus314",1,1,1,NA,0.47366,NA,1,NA,NA,0
"locus047","locus321",1,1,NA,1,1,NA,1,0.229584,NA,0
"locus047","locus322",1,0.228104,NA,NA,1,NA,0.228104,NA,NA,0
"locus047","locus323",1,1,NA,NA,1,NA,1,NA,NA,0
"locus047","locus329",1,1,NA,NA,1,NA,1,NA,NA,0
"locus047","locus332",1,1,NA,NA,1,NA,1,NA,NA,0
"locus047","locus349",1,1,1,NA,1,NA,1,NA,NA,0
"locus047","locus358",0.84568,0.84568,NA,1,1,NA,1,NA,NA,0
"locus047","locus359",1,0.472472,NA,NA,1,NA,1,NA,NA,0
"locus047","locus360",1,1,NA,NA,1,NA,1,NA,NA,0
"locus048","locus053",1,1,NA,NA,1,NA,1,NA,1,0
"locus048","locus055",1,1,1,NA,1,NA,1,NA,1,0
"locus048","locus056",1,1,NA,NA,1,NA,1,NA,1,0
"locus048","locus060",1,1,NA,NA,1,NA,1,NA,1,0
"locus048","locus061",1,1,NA,NA,1,1,1,NA,1,0
"locus048","locus062",0.089222,1,NA,1,1,NA,1,0.286992,1,0
"locus048","locus064",1,1,NA,NA,1,NA,1,NA,1,0
"locus048","locus065",1,1,NA,NA,1,NA,1,NA,1,0
"locus048","locus073",1,1,NA,NA,1,NA,1,NA,1,0
"locus048","locus074",1,1,NA,NA,1,NA,0.65364,NA,1,0
"locus048","locus076",1,1,NA,NA,1,NA,1,NA,1,0
"locus048","locus077",1,1,NA,NA,0.71886,NA,1,NA,1,0
"locus048","locus080",0.60783,1,NA,0.943152,0.60783,NA,0.943152,NA,0.425496,0
"locus048","locus083",0.3656,1,NA,NA,1,NA,1,NA,1,0
"locus048","locus088",1,1,NA,NA,1,NA,1,NA,1,0
"locus048","locus093",1,1,1,NA,1,NA,0.502968,NA,1,0
"locus048","locus096",1,1,NA,NA,0.23873,NA,1,NA,1,0
"locus048","locus098",1,1,NA,NA,1,NA,1,NA,0.41477,0
"locus048","locus106",1,1,NA,NA,1,NA,1,NA,1,0
"locus048","locus110",1,1,NA,NA,NA,NA,0.535248,NA,NA,0
"locus048","locus116",1,1,NA,NA,1,NA,1,NA,NA,0
"locus048","locus119",1,1,NA,NA,1,NA,1,NA,NA,0
"locus048","locus120",1,1,NA,NA,1,NA,1,1,NA,0
"locus048","locus126",1,1,NA,NA,1,NA,1,NA,NA,0
"locus048","locus128",0.717384,1,NA,NA,1,NA,1,NA,NA,0
"locus048","locus129",1,1,NA,NA,1,NA,1,NA,NA,0
"locus048","locus130",1,1,NA,NA,1,NA,1,NA,NA,0
"locus048","locus134",1,1,NA,NA,1,1,1,NA,NA,0
"locus048","locus135",1,1,NA,NA,1,NA,0.06804,NA,NA,0
"locus048","locus137",0.58868,1,NA,NA,1,NA,1,NA,NA,0
"locus048","locus139",1,1,1,NA,0.868848,NA,1,1,NA,0
"locus048","locus140",1,1,1,NA,0.71475,NA,1,NA,NA,0
"locus048","locus146",1,1,NA,1,1,NA,1,NA,NA,0
"locus048","locus148",1,1,NA,NA,1,1,1,NA,NA,0
"locus048","locus151",1,1,NA,1,1,NA,1,NA,NA,0
"locus048","locus157",1,1,NA,NA,1,NA,1,NA,NA,0
"locus048","locus161",1,1,NA,NA,1,1,0.36996,1,NA,0
"locus048","locus165",1,1,NA,NA,1,NA,1,NA,NA,0
"locus048","locus170",1,1,NA,1,0.714,NA,1,NA,NA,0
"locus048","locus176",1,1,NA,NA,1,NA,1,NA,NA,0
"locus048","locus184",1,1,NA,NA,1,1,1,NA,NA,0
"locus048","locus186",1,1,NA,NA,0.571752,NA,1,NA,NA,0
"locus048","locus188",1,1,NA,1,1,NA,1,NA,NA,0
"locus048","locus189",0.92808,1,1,1,1,NA,1,NA,NA,0
"locus048","locus190",1,1,1,NA,1,NA,1,NA,NA,0
"locus048","locus191",1,1,1,NA,1,NA,1,NA,NA,0
"locus048","locus192",1,1,NA,NA,0.24295,1,0.39416,NA,NA,0
"locus048","locus195",1,1,NA,NA,0.95232,NA,1,NA,NA,0
"locus048","locus202",1,1,NA,NA,1,NA,0.77252,NA,NA,0
"locus048","locus210",1,1,NA,NA,1,NA,1,1,NA,0
"locus048","locus215",1,1,NA,NA,1,NA,0.212192,NA,NA,0
"locus048","locus227",1,1,1,NA,1,NA,1,NA,NA,0
"locus048","locus231",1,1,1,NA,1,NA,1,NA,NA,0
"locus048","locus235",0.787456,1,NA,NA,1,NA,1,NA,NA,0
"locus048","locus236",1,1,NA,NA,1,NA,1,NA,NA,0
"locus048","locus237",1,1,NA,NA,1,NA,1,NA,NA,0
"locus048","locus239",1,1,NA,NA,0.438024,NA,0.438024,NA,NA,0
"locus048","locus248",0.91038,1,NA,NA,1,NA,1,1,NA,0
"locus048","locus255",1,1,NA,NA,1,NA,NA,NA,NA,0
"locus048","locus256",0.819168,1,NA,1,1,NA,0.52756,NA,NA,0
"locus048","locus263",1,1,NA,1,1,NA,1,NA,NA,0
"locus048","locus264",0.71097,1,NA,NA,0.71097,1,1,NA,NA,0
"locus048","locus274",1,1,NA,NA,1,1,1,NA,NA,0
"locus048","locus280",1,1,NA,NA,1,NA,1,1,NA,0
"locus048","locus282",0.340456,1,NA,NA,1,NA,0.597576,NA,NA,0
"locus048","locus286",1,1,NA,NA,1,1,1,NA,NA,0
"locus048","locus291",1,1,NA,NA,1,NA,1,NA,NA,0
"locus048","locus292",1,1,1,NA,1,1,0.05004,NA,NA,0
"locus048","locus296",0.527968,1,NA,NA,1,NA,1,NA,NA,0
"locus048","locus301",1,1,NA,NA,1,NA,1,NA,NA,0
"locus048","locus314",1,1,1,NA,1,NA,1,NA,NA,0
"locus048","locus321",1,1,NA,0.593892,1,NA,0.93635,1,NA,0
"locus048","locus322",1,1,NA,NA,1,NA,1,NA,NA,0
"locus048","locus323",0.851424,1,NA,NA,1,NA,1,NA,NA,0
"locus048","locus329",1,1,NA,NA,1,1,1,NA,NA,0
"locus048","locus332",1,1,NA,NA,1,NA,1,NA,NA,0
"locus048","locus349",1,1,NA,NA,1,NA,1,NA,NA,0
"locus048","locus358",1,1,NA,1,1,NA,1,NA,NA,0
"locus048","locus359",1,1,NA,NA,1,NA,1,NA,NA,0
"locus048","locus360",0.598296,1,NA,NA,1,1,0.08309,NA,NA,0
"locus053","locus055",1,1,1,NA,1,NA,0.875556,NA,1,0
"locus053","locus056",1,1,NA,NA,1,NA,1,NA,1,0
"locus053","locus058",0.69403,0.69403,NA,NA,1,NA,1,NA,1,0
"locus053","locus060",1,1,NA,NA,1,NA,1,NA,1,0
"locus053","locus061",1,1,NA,NA,1,1,1,NA,1,0
"locus053","locus062",1,0.6282,NA,1,1,NA,1,0.463358,0.463358,0
"locus053","locus064",1,1,NA,NA,1,NA,1,NA,1,0
"locus053","locus065",1,1,NA,NA,1,NA,1,NA,1,0
"locus053","locus073",1,0.14236,NA,NA,1,NA,1,NA,1,0
"locus053","locus074",1,1,NA,NA,0.41911,NA,1,NA,1,0
"locus053","locus076",1,1,NA,NA,1,NA,1,NA,1,0
"locus053","locus077",1,0.99902,NA,NA,0.99902,NA,1,NA,1,0
"locus053","locus080",1,1,NA,1,1,NA,1,NA,1,0
"locus053","locus083",1,1,NA,NA,1,NA,0.8967,NA,1,0
"locus053","locus088",1,0.06781,NA,NA,1,NA,1,NA,1,0
"locus053","locus093",1,1,1,NA,1,NA,1,NA,1,0
"locus053","locus096",1,1,NA,NA,1,NA,1,NA,1,0
"locus053","locus098",0.16132,1,NA,NA,1,NA,1,NA,1,0
"locus053","locus100",1,1,NA,NA,1,NA,1,NA,0.37172,0
"locus053","locus106",1,1,NA,NA,1,NA,0.66521,NA,1,0
"locus053","locus110",1,1,NA,NA,NA,NA,1,NA,NA,0
"locus053","locus116",1,1,NA,NA,1,NA,1,NA,NA,0
"locus053","locus119",1,1,NA,NA,1,NA,1,NA,NA,0
"locus053","locus120",1,1,NA,NA,1,NA,0.85212,1,NA,0
"locus053","locus126",1,1,NA,NA,1,NA,1,NA,NA,0
"locus053","locus128",1,1,NA,NA,1,NA,1,NA,NA,0
"locus053","locus129",1,1,NA,NA,1,NA,1,NA,NA,0
"locus053","locus130",1,1,NA,NA,1,NA,1,NA,NA,0
"locus053","locus134",0.89849,1,NA,NA,1,1,1,NA,NA,0
"locus053","locus135",1,1,NA,NA,1,NA,0.474488,NA,NA,0
"locus053","locus137",1,1,NA,NA,1,NA,1,NA,NA,0
"locus053","locus139",1,1,1,NA,1,NA,1,1,NA,0
"locus053","locus140",1,1,1,NA,1,NA,1,NA,NA,0
"locus053","locus146",0.40392,1,NA,1,1,NA,1,NA,NA,0
"locus053","locus148",1,0.53597,NA,NA,1,1,1,NA,NA,0
"locus053","locus151",1,1,NA,1,1,NA,1,NA,NA,0
"locus053","locus157",1,1,NA,NA,1,NA,1,NA,NA,0
"locus053","locus161",1,1,NA,NA,1,1,1,1,NA,0
"locus053","locus165",1,1,NA,NA,1,NA,1,NA,NA,0
"locus053","locus170",1,1,NA,1,1,NA,1,NA,NA,0
"locus053","locus176",1,1,NA,NA,1,NA,1,NA,NA,0
"locus053","locus184",0.94168,0.70144,NA,NA,0.94168,1,0.94168,NA,NA,0
"locus053","locus186",0.866032,1,NA,NA,1,NA,1,NA,NA,0
"locus053","locus188",1,1,NA,1,1,NA,1,NA,NA,0
"locus053","locus189",1,0.82401,1,0.82401,1,NA,0.22884,NA,NA,0
"locus053","locus190",0.81716,1,1,NA,0.4327,NA,1,NA,NA,0
"locus053","locus191",1,1,1,NA,1,NA,1,NA,NA,0
"locus053","locus192",1,1,NA,NA,1,1,1,NA,NA,0
"locus053","locus195",0.085614,0.071328,NA,NA,1,NA,1,NA,NA,0
"locus053","locus202",0.192344,1,NA,NA,1,NA,1,NA,NA,0
"locus053","locus210",1,1,NA,NA,1,NA,0.07995,1,NA,0
"locus053","locus215",1,1,NA,NA,1,NA,1,NA,NA,0
"locus053","locus227",1,1,1,NA,1,NA,1,NA,NA,0
"locus053","locus231",1,1,1,NA,1,NA,1,NA,NA,0
"locus053","locus235",0.437848,1,NA,NA,1,NA,1,NA,NA,0
"locus053","locus236",1,0.232064,NA,NA,1,NA,0.731916,NA,NA,0
"locus053","locus237",1,1,NA,NA,1,NA,1,NA,NA,0
"locus053","locus239",1,1,NA,NA,0.794176,NA,0.858966,NA,NA,0
"locus053","locus248",0.865576,0.865576,NA,NA,0.865576,NA,0.51177,0.865576,NA,0
"locus053","locus255",1,0.174762,NA,NA,0.474048,NA,NA,NA,NA,0
"locus053","locus256",1,1,NA,1,1,NA,0.33113,NA,NA,0
"locus053","locus263",1,1,NA,1,1,NA,0.92686,NA,NA,0
"locus053","locus264",1,0.8216,NA,NA,0.8216,1,1,NA,NA,0
"locus053","locus274",1,1,NA,NA,1,1,1,NA,NA,0
"locus053","locus280",0.6524,1,NA,NA,1,NA,0.05149,1,NA,0
"locus053","locus282",1,1,NA,NA,1,NA,0.56836,NA,NA,0
"locus053","locus286",1,1,NA,NA,1,1,1,NA,NA,0
"locus053","locus291",1,0.747954,NA,NA,1,NA,0.179976,NA,NA,0
"locus053","locus292",1,1,1,NA,1,1,1,NA,NA,0
"locus053","locus296",0.551,1,NA,NA,1,NA,0.551,NA,NA,0
"locus053","locus301",1,1,NA,NA,1,NA,0.330304,NA,NA,0
"locus053","locus314",1,1,1,NA,1,NA,1,NA,NA,0
"locus053","locus321",1,0.084444,NA,1,1,NA,0.12206,1,NA,0
"locus053","locus322",0.676008,1,NA,NA,1,NA,1,NA,NA,0
"locus053","locus323",0.23564,1,NA,NA,1,NA,1,NA,NA,0
"locus053","locus329",1,0.88191,NA,NA,1,1,0.88191,NA,NA,0
"locus053","locus332",0.764632,1,NA,NA,1,NA,0.854424,NA,NA,0
"locus053","locus349",1,1,NA,NA,1,NA,1,NA,NA,0
"locus053","locus358",1,1,NA,1,1,NA,1,NA,NA,0
"locus053","locus359",1,1,NA,NA,1,NA,1,NA,NA,0
"locus053","locus360",1,0.54408,NA,NA,1,1,1,NA,NA,0
"locus055","locus056",1,1,NA,NA,1,NA,1,NA,1,0
"locus055","locus058",1,1,NA,NA,0.70736,NA,1,NA,1,0
"locus055","locus060",0.27868,1,NA,NA,0.769686,NA,0.51848,NA,1,0
"locus055","locus061",1,1,1,NA,1,1,1,NA,1,0
"locus055","locus062",1,1,NA,1,1,NA,1,1,1,0
"locus055","locus064",1,1,NA,NA,1,NA,1,NA,1,0
"locus055","locus065",1,0.17907,NA,NA,1,NA,1,NA,1,0
"locus055","locus073",1,1,NA,NA,1,NA,0.36627,NA,1,0
"locus055","locus074",1,1,NA,NA,1,NA,1,NA,1,0
"locus055","locus076",1,1,NA,NA,1,NA,1,NA,1,0
"locus055","locus077",1,1,NA,NA,0.564944,NA,0.23347,NA,1,0
"locus055","locus080",1,1,NA,NA,1,NA,1,NA,1,0
"locus055","locus083",1,1,NA,NA,1,NA,1,NA,1,0
"locus055","locus088",1,1,NA,NA,1,NA,1,NA,1,0
"locus055","locus093",1,1,1,NA,1,NA,1,NA,1,0
"locus055","locus096",0.991824,1,NA,NA,0.991824,NA,0.630832,NA,0.48442,0
"locus055","locus098",0.940752,1,NA,NA,1,NA,0.92016,NA,1,0
"locus055","locus100",1,1,NA,NA,1,NA,1,NA,1,0
"locus055","locus106",0.68031,1,NA,NA,1,NA,1,NA,1,0
"locus055","locus110",0.178614,1,NA,NA,NA,NA,1,NA,NA,0
"locus055","locus116",0.879776,0.879776,NA,NA,1,NA,1,NA,NA,0
"locus055","locus119",1,1,NA,NA,1,NA,0.614008,NA,NA,0
"locus055","locus120",1,1,NA,NA,1,NA,1,1,NA,0
"locus055","locus126",1,1,1,NA,1,NA,1,NA,NA,0
"locus055","locus128",0.105432,1,NA,NA,1,NA,1,NA,NA,0
"locus055","locus129",1,1,NA,NA,1,NA,1,NA,NA,0
"locus055","locus130",1,1,NA,NA,1,NA,1,NA,NA,0
"locus055","locus134",0.59551,1,NA,NA,1,1,1,NA,NA,0
"locus055","locus135",0.193992,1,NA,NA,1,NA,1,NA,NA,0
"locus055","locus137",1,1,NA,NA,1,NA,1,NA,NA,0
"locus055","locus139",1,1,1,NA,1,NA,1,1,NA,0
"locus055","locus140",1,1,1,NA,1,NA,1,NA,NA,0
"locus055","locus146",1,1,NA,1,1,NA,1,NA,NA,0
"locus055","locus148",1,1,NA,NA,1,1,0.28359,NA,NA,0
"locus055","locus151",1,1,NA,1,1,NA,1,NA,NA,0
"locus055","locus157",1,1,1,NA,1,NA,0.0625,NA,NA,0
"locus055","locus161",1,1,NA,NA,1,1,0.67116,1,NA,0
"locus055","locus165",1,1,NA,NA,1,NA,1,NA,NA,0
"locus055","locus170",1,1,NA,1,1,NA,1,NA,NA,0
"locus055","locus176",1,1,NA,NA,0.11328,NA,0.75045,NA,NA,0
"locus055","locus184",0.34167,1,NA,NA,1,1,0.811184,NA,NA,0
"locus055","locus186",1,1,NA,NA,1,NA,1,NA,NA,0
"locus055","locus188",1,1,NA,NA,1,NA,1,NA,NA,0
"locus055","locus189",1,1,1,1,1,NA,1,NA,NA,0
"locus055","locus190",1,1,1,NA,1,NA,1,NA,NA,0
"locus055","locus191",1,1,NA,1,1,NA,0.71918,NA,NA,0
"locus055","locus192",1,1,NA,NA,1,1,1,NA,NA,0
"locus055","locus195",1,1,NA,NA,1,NA,1,NA,NA,0
"locus055","locus202",1,1,NA,NA,1,NA,1,NA,NA,0
"locus055","locus210",1,1,NA,NA,0.28659,NA,1,1,NA,0
"locus055","locus215",1,1,NA,NA,1,NA,1,NA,NA,0
"locus055","locus227",1,1,1,NA,1,NA,0.84151,NA,NA,0
"locus055","locus231",1,1,NA,NA,1,NA,1,NA,NA,0
"locus055","locus235",1,1,NA,NA,1,NA,0.787784,NA,NA,0
"locus055","locus236",0.969804,0.433744,NA,NA,0.969804,NA,0.822312,NA,NA,0
"locus055","locus237",0.429248,1,NA,NA,1,NA,1,NA,NA,0
"locus055","locus239",0.793308,0.425216,NA,NA,0.427104,NA,0.786656,NA,NA,0
"locus055","locus248",1,1,NA,NA,0.71449,NA,0.939888,1,NA,0
"locus055","locus255",1,1,NA,NA,1,NA,NA,NA,NA,0
"locus055","locus256",1,1,NA,1,1,NA,1,NA,NA,0
"locus055","locus263",1,1,NA,1,1,NA,1,NA,NA,0
"locus055","locus264",1,1,NA,NA,0.71396,1,1,NA,NA,0
"locus055","locus274",1,1,NA,NA,1,1,1,NA,NA,0
"locus055","locus280",1,1,NA,NA,1,NA,1,1,NA,0
"locus055","locus282",1,1,NA,NA,1,NA,1,NA,NA,0
"locus055","locus286",1,1,NA,NA,1,1,1,NA,NA,0
"locus055","locus291",0.426872,0.426872,NA,NA,1,NA,0.473608,NA,NA,0
"locus055","locus292",1,1,1,NA,1,1,1,NA,NA,0
"locus055","locus296",1,1,NA,NA,1,NA,1,NA,NA,0
"locus055","locus301",0.401256,1,NA,NA,1,NA,1,NA,NA,0
"locus055","locus314",0.3701,1,1,NA,1,NA,1,NA,NA,0
"locus055","locus321",1,1,NA,1,1,NA,0.828552,1,NA,0
"locus055","locus322",1,1,NA,NA,1,NA,1,NA,NA,0
"locus055","locus323",1,1,NA,NA,1,NA,1,NA,NA,0
"locus055","locus329",1,1,NA,NA,1,1,1,NA,NA,0
"locus055","locus332",0.057408,1,NA,NA,0.085212,NA,0.475036,NA,NA,0
"locus055","locus349",1,1,NA,NA,0.570112,NA,1,NA,NA,0
"locus055","locus358",1,1,NA,1,1,NA,1,NA,NA,0
"locus055","locus359",0.34584,1,NA,NA,1,NA,1,NA,NA,0
"locus055","locus360",1,1,NA,NA,1,1,1,NA,NA,0
"locus056","locus058",1,1,NA,NA,1,NA,1,NA,1,0
"locus056","locus061",1,1,NA,NA,0.722868,1,0.722868,NA,1,0
"locus056","locus062",1,1,NA,1,1,NA,1,1,1,0
"locus056","locus064",1,1,NA,NA,1,NA,1,NA,1,0
"locus056","locus065",1,1,NA,NA,1,NA,1,NA,1,0
"locus056","locus073",1,1,NA,NA,1,NA,1,NA,1,0
"locus056","locus074",1,0.17831,NA,NA,1,NA,0.89784,NA,1,0
"locus056","locus076",1,1,NA,NA,1,NA,1,NA,1,0
"locus056","locus077",0.8851,1,NA,NA,1,NA,1,NA,1,0
"locus056","locus080",1,1,NA,NA,1,NA,1,NA,0.58321,0
"locus056","locus083",1,1,NA,NA,1,NA,1,NA,1,0
"locus056","locus088",1,1,NA,NA,1,NA,1,NA,1,0
"locus056","locus093",1,1,1,NA,1,NA,1,NA,1,0
"locus056","locus096",1,1,NA,NA,1,NA,1,NA,1,0
"locus056","locus098",0.560776,0.53111,NA,NA,1,NA,1,NA,1,0
"locus056","locus100",1,1,NA,NA,1,NA,1,NA,1,0
"locus056","locus106",1,1,NA,NA,1,NA,1,NA,0.74756,0
"locus056","locus110",0.630156,0.630156,NA,NA,NA,NA,0.365652,NA,NA,0
"locus056","locus116",1,1,NA,NA,0.56748,NA,1,NA,NA,0
"locus056","locus119",0.872352,1,NA,NA,0.872352,NA,1,NA,NA,0
"locus056","locus120",1,1,NA,NA,1,NA,1,1,NA,0
"locus056","locus126",1,0.433308,NA,NA,1,NA,0.199232,NA,NA,0
"locus056","locus128",1,1,NA,NA,1,NA,1,NA,NA,0
"locus056","locus129",1,1,NA,NA,1,NA,1,NA,NA,0
"locus056","locus130",1,1,NA,NA,1,NA,0.20348,NA,NA,0
"locus056","locus134",0.96518,1,NA,NA,1,1,1,NA,NA,0
"locus056","locus137",1,0.14556,NA,NA,1,NA,0.324888,NA,NA,0
"locus056","locus139",1,1,1,NA,1,NA,0.998892,1,NA,0
"locus056","locus140",1,1,1,NA,1,NA,0.83489,NA,NA,0
"locus056","locus146",1,1,NA,1,1,NA,0.57044,NA,NA,0
"locus056","locus148",1,1,NA,NA,1,1,1,NA,NA,0
"locus056","locus151",1,1,1,1,0.862248,NA,1,NA,NA,0
"locus056","locus157",1,1,NA,NA,1,NA,1,NA,NA,0
"locus056","locus161",1,1,NA,NA,1,1,1,1,NA,0
"locus056","locus165",1,1,NA,NA,1,NA,1,NA,NA,0
"locus056","locus170",0.33311,1,NA,1,1,NA,1,NA,NA,0
"locus056","locus176",0.67329,1,NA,NA,0.574088,NA,1,NA,NA,0
"locus056","locus184",0.61523,1,NA,NA,1,1,1,NA,NA,0
"locus056","locus186",0.259424,1,NA,NA,1,NA,0.698838,NA,NA,0
"locus056","locus188",0.886452,0.212862,NA,NA,1,NA,0.087576,NA,NA,0
"locus056","locus189",1,1,1,1,1,NA,1,NA,NA,0
"locus056","locus190",0.2372,1,1,NA,1,NA,1,NA,NA,0
"locus056","locus191",1,1,NA,NA,1,NA,1,NA,NA,0
"locus056","locus192",1,1,NA,NA,1,1,1,NA,NA,0
"locus056","locus195",1,1,NA,NA,1,NA,1,NA,NA,0
"locus056","locus202",1,1,NA,NA,1,NA,1,NA,NA,0
"locus056","locus210",1,0.35383,NA,NA,1,NA,0.736576,1,NA,0
"locus056","locus215",0.12051,1,1,NA,1,NA,1,NA,NA,0
"locus056","locus227",1,1,1,NA,1,NA,1,NA,NA,0
"locus056","locus231",0.625428,1,NA,NA,1,NA,0.61368,NA,NA,0
"locus056","locus235",0.882656,1,NA,NA,1,NA,1,NA,NA,0
"locus056","locus236",0.42252,1,NA,NA,1,NA,1,NA,NA,0
"locus056","locus237",1,1,NA,NA,1,NA,1,NA,NA,0
"locus056","locus239",1,1,NA,NA,1,NA,1,NA,NA,0
"locus056","locus248",1,1,NA,NA,1,NA,1,1,NA,0
"locus056","locus255",1,1,NA,NA,1,NA,NA,NA,NA,0
"locus056","locus256",1,1,NA,1,1,NA,1,NA,NA,0
"locus056","locus263",1,1,NA,1,1,NA,1,NA,NA,0
"locus056","locus264",1,1,NA,NA,1,1,1,NA,NA,0
"locus056","locus274",1,1,NA,NA,1,1,1,NA,NA,0
"locus056","locus280",1,1,NA,NA,1,NA,1,1,NA,0
"locus056","locus282",1,0.85384,NA,NA,1,NA,1,NA,NA,0
"locus056","locus286",0.50006,1,NA,NA,1,1,0.610488,NA,NA,0
"locus056","locus291",1,1,NA,NA,1,NA,1,NA,NA,0
"locus056","locus292",1,1,1,NA,1,1,1,NA,NA,0
"locus056","locus296",1,0.14428,NA,NA,1,NA,1,NA,NA,0
"locus056","locus314",1,1,1,NA,1,NA,1,NA,NA,0
"locus056","locus321",1,1,NA,1,1,NA,1,1,NA,0
"locus056","locus322",1,1,NA,NA,1,NA,0.962664,NA,NA,0
"locus056","locus323",1,1,NA,NA,1,NA,1,NA,NA,0
"locus056","locus329",1,1,NA,NA,1,1,1,NA,NA,0
"locus056","locus332",0.85736,0.85736,NA,NA,0.85736,NA,0.85736,NA,NA,0
"locus056","locus349",1,1,NA,NA,1,NA,1,NA,NA,0
"locus056","locus358",1,1,NA,1,1,NA,1,NA,NA,0
"locus056","locus359",1,1,NA,NA,1,NA,0.641072,NA,NA,0
"locus056","locus360",0.1374,0.965352,NA,NA,1,1,0.965352,NA,NA,0
"locus058","locus060",1,1,NA,NA,0.18505,NA,1,NA,1,0
"locus058","locus061",1,1,NA,NA,1,NA,1,NA,1,0
"locus058","locus062",1,1,NA,1,1,1,0.126224,1,1,0
"locus058","locus064",1,1,NA,NA,1,NA,1,NA,1,0
"locus058","locus065",0.500568,1,NA,NA,1,NA,1,NA,0.19427,0
"locus058","locus073",1,0.71302,NA,NA,1,NA,1,NA,0.729504,0
"locus058","locus074",1,1,NA,NA,1,NA,0.43994,NA,0.43994,0
"locus058","locus076",0.557832,1,NA,NA,1,NA,1,NA,0.09157,0
"locus058","locus077",1,1,NA,NA,1,NA,1,NA,1,0
"locus058","locus080",0.62451,1,NA,NA,0.62451,NA,1,NA,1,0
"locus058","locus083",1,1,NA,NA,1,NA,1,NA,1,0
"locus058","locus088",1,0.71451,NA,NA,1,NA,1,NA,1,0
"locus058","locus093",1,1,1,NA,1,NA,1,NA,1,0
"locus058","locus096",1,1,NA,NA,1,NA,1,NA,1,0
"locus058","locus098",1,1,NA,NA,1,1,1,NA,1,0
"locus058","locus100",1,1,NA,NA,0.71002,NA,1,NA,1,0
"locus058","locus106",1,1,NA,NA,1,NA,1,NA,1,0
"locus058","locus110",0.60456,1,NA,NA,NA,NA,1,NA,NA,0
"locus058","locus116",1,1,NA,NA,1,NA,1,NA,NA,0
"locus058","locus119",0.167552,0.431508,NA,NA,1,NA,1,NA,NA,0
"locus058","locus120",1,1,NA,NA,1,NA,1,1,NA,0
"locus058","locus126",1,1,NA,NA,1,NA,1,NA,NA,0
"locus058","locus128",1,1,NA,NA,1,NA,1,NA,NA,0
"locus058","locus129",0.751176,0.751176,NA,NA,0.751176,NA,0.751176,NA,NA,0
"locus058","locus130",0.061448,1,NA,NA,1,NA,1,NA,NA,0
"locus058","locus134",1,1,1,NA,1,1,0.933,NA,NA,0
"locus058","locus135",1,1,NA,NA,1,NA,1,NA,NA,0
"locus058","locus137",0.500032,1,NA,NA,1,NA,1,NA,NA,0
"locus058","locus139",1,1,1,NA,1,NA,0.83964,1,NA,0
"locus058","locus140",1,1,1,NA,1,NA,0.67611,NA,NA,0
"locus058","locus146",1,1,NA,0.99748,1,NA,1,NA,NA,0
"locus058","locus151",1,0.99638,1,1,1,1,1,NA,NA,0
"locus058","locus157",1,1,NA,NA,1,NA,0.63944,NA,NA,0
"locus058","locus161",1,1,NA,NA,1,NA,1,1,NA,0
"locus058","locus165",1,0.285168,NA,NA,1,NA,0.983238,NA,NA,0
"locus058","locus170",1,1,NA,1,1,NA,1,NA,NA,0
"locus058","locus176",1,1,NA,NA,0.807392,NA,1,NA,NA,0
"locus058","locus184",0.91944,1,NA,NA,1,NA,1,NA,NA,0
"locus058","locus186",1,1,NA,NA,1,NA,1,NA,NA,0
"locus058","locus188",1,1,NA,NA,1,1,0.0919,NA,NA,0
"locus058","locus189",1,0.21444,1,1,1,NA,1,NA,NA,0
"locus058","locus190",1,1,1,NA,1,1,1,NA,NA,0
"locus058","locus192",1,0.434584,NA,NA,1,NA,0.85635,NA,NA,0
"locus058","locus195",1,0.786128,NA,NA,1,NA,1,NA,NA,0
"locus058","locus202",1,1,NA,NA,1,NA,0.58012,NA,NA,0
"locus058","locus210",1,1,1,NA,0.344556,NA,0.93171,1,NA,0
"locus058","locus215",1,1,NA,NA,1,NA,1,NA,NA,0
"locus058","locus227",1,1,1,NA,1,NA,0.31534,NA,NA,0
"locus058","locus231",0.599922,0.571432,NA,NA,1,NA,1,NA,NA,0
"locus058","locus235",1,1,NA,NA,1,NA,1,NA,NA,0
"locus058","locus236",1,1,NA,NA,1,NA,1,NA,NA,0
"locus058","locus237",1,1,NA,NA,1,NA,0.875024,NA,NA,0
"locus058","locus239",1,1,NA,NA,1,NA,1,NA,NA,0
"locus058","locus248",1,1,NA,NA,1,NA,1,1,NA,0
"locus058","locus255",1,0.213702,NA,NA,1,NA,NA,NA,NA,0
"locus058","locus256",0.26176,1,NA,0.656312,0.939018,NA,1,NA,NA,0
"locus058","locus263",1,1,NA,1,1,NA,0.24332,NA,NA,0
"locus058","locus264",1,0.143856,NA,NA,1,NA,1,NA,NA,0
"locus058","locus274",1,1,NA,NA,1,NA,1,NA,NA,0
"locus058","locus280",1,1,NA,NA,1,1,1,0.857424,NA,0
"locus058","locus282",1,1,NA,NA,1,1,0.85016,NA,NA,0
"locus058","locus286",1,1,NA,NA,1,NA,1,NA,NA,0
"locus058","locus291",1,1,NA,NA,1,NA,1,NA,NA,0
"locus058","locus292",0.62376,0.36385,1,NA,1,NA,1,NA,NA,0
"locus058","locus296",1,1,NA,NA,1,NA,1,NA,NA,0
"locus058","locus301",1,1,NA,NA,1,NA,1,NA,NA,0
"locus058","locus314",1,1,1,NA,1,NA,1,NA,NA,0
"locus058","locus321",1,1,NA,1,1,NA,1,1,NA,0
"locus058","locus322",0.930132,0.930132,NA,NA,0.5982,NA,0.3044,NA,NA,0
"locus058","locus323",0.587262,0.587262,NA,NA,1,NA,0.511728,NA,NA,0
"locus058","locus329",1,1,NA,NA,1,NA,0.051928,NA,NA,0
"locus058","locus332",1,1,NA,NA,0.571288,NA,1,NA,NA,0
"locus058","locus349",1,0.59205,NA,NA,1,NA,0.291376,NA,NA,0
"locus058","locus358",0.418128,1,NA,1,1,1,1,NA,NA,0
"locus058","locus359",0.911404,0.421384,NA,NA,1,NA,0.450636,NA,NA,0
"locus058","locus360",0.23744,0.932108,NA,NA,1,NA,0.247188,NA,NA,0
"locus060","locus061",1,1,NA,NA,1,NA,1,NA,1,0
"locus060","locus062",1,1,NA,1,1,1,1,1,1,0
"locus060","locus064",0.49735,1,NA,NA,1,NA,1,NA,0.507928,0
"locus060","locus065",1,1,NA,NA,1,NA,1,NA,1,0
"locus060","locus074",1,1,NA,NA,1,NA,1,NA,1,0
"locus060","locus076",0.42258,1,1,NA,1,NA,1,NA,1,0
"locus060","locus077",1,1,NA,NA,1,NA,1,NA,1,0
"locus060","locus080",1,1,NA,NA,1,NA,1,NA,0.26958,0
"locus060","locus083",1,1,NA,NA,1,NA,1,NA,1,0
"locus060","locus088",1,1,NA,NA,1,NA,1,NA,1,0
"locus060","locus093",1,1,1,NA,1,NA,1,NA,1,0
"locus060","locus096",1,1,NA,NA,1,NA,1,NA,1,0
"locus060","locus098",0.658056,1,NA,NA,1,1,1,NA,1,0
"locus060","locus100",1,1,NA,NA,1,NA,1,NA,1,0
"locus060","locus106",1,1,NA,NA,1,NA,1,NA,1,0
"locus060","locus116",1,1,NA,NA,1,NA,0.123984,NA,NA,0
"locus060","locus119",1,0.576064,NA,NA,1,NA,1,NA,NA,0
"locus060","locus120",0.11494,1,NA,NA,0.572928,NA,1,1,NA,0
"locus060","locus126",1,1,NA,NA,1,NA,1,NA,NA,0
"locus060","locus128",1,1,NA,NA,1,NA,1,NA,NA,0
"locus060","locus129",0.104048,0.498612,NA,NA,0.427062,NA,0.840952,NA,NA,0
"locus060","locus130",0.43196,1,NA,NA,1,NA,1,NA,NA,0
"locus060","locus134",1,1,NA,NA,1,1,1,NA,NA,0
"locus060","locus135",1,1,NA,NA,1,NA,1,NA,NA,0
"locus060","locus137",0.377226,1,NA,NA,0.668156,NA,0.251472,NA,NA,0
"locus060","locus139",0.497784,1,1,NA,1,NA,1,1,NA,0
"locus060","locus140",0.40632,1,1,NA,1,NA,1,NA,NA,0
"locus060","locus146",1,1,NA,1,1,NA,1,NA,NA,0
"locus060","locus148",1,1,NA,NA,1,NA,0.464384,NA,NA,0
"locus060","locus151",1,0.71099,NA,1,1,NA,1,NA,NA,0
"locus060","locus157",0.341632,1,NA,NA,1,NA,1,NA,NA,0
"locus060","locus161",1,1,NA,NA,1,NA,1,1,NA,0
"locus060","locus165",1,1,NA,NA,1,NA,0.818864,NA,NA,0
"locus060","locus170",1,1,NA,1,1,NA,1,NA,NA,0
"locus060","locus176",1,1,NA,NA,1,NA,1,NA,NA,0
"locus060","locus184",1,1,NA,NA,1,NA,1,NA,NA,0
"locus060","locus186",1,1,NA,NA,1,NA,1,NA,NA,0
"locus060","locus188",0.664638,1,NA,NA,1,NA,0.603328,NA,NA,0
"locus060","locus189",1,1,1,1,1,NA,1,NA,NA,0
"locus060","locus190",1,1,1,NA,1,NA,1,NA,NA,0
"locus060","locus191",1,1,NA,NA,0.493168,NA,1,NA,NA,0
"locus060","locus192",1,1,NA,NA,1,NA,1,NA,NA,0
"locus060","locus195",0.334272,1,NA,NA,1,NA,0.262472,NA,NA,0
"locus060","locus202",0.854648,1,NA,NA,1,NA,1,NA,NA,0
"locus060","locus210",1,1,NA,NA,0.57705,NA,1,1,NA,0
"locus060","locus215",1,1,NA,NA,1,NA,1,NA,NA,0
"locus060","locus227",0.389556,0.98309,1,NA,1,1,1,NA,NA,0
"locus060","locus231",1,0.430446,NA,NA,1,NA,0.186456,NA,NA,0
"locus060","locus235",1,1,NA,NA,1,NA,1,NA,NA,0
"locus060","locus236",0.882136,1,NA,NA,0.882136,NA,1,NA,NA,0
"locus060","locus237",0.57176,1,NA,NA,1,NA,1,NA,NA,0
"locus060","locus239",1,1,NA,NA,1,NA,1,NA,NA,0
"locus060","locus248",1,1,NA,NA,1,NA,1,1,NA,0
"locus060","locus255",0.787668,0.787668,NA,NA,0.787668,NA,NA,NA,NA,0
"locus060","locus256",1,1,NA,1,1,1,1,NA,NA,0
"locus060","locus263",1,1,NA,1,1,NA,1,NA,NA,0
"locus060","locus264",1,1,NA,NA,1,NA,0.9954,NA,NA,0
"locus060","locus274",1,0.999296,1,NA,1,NA,0.32754,NA,NA,0
"locus060","locus280",1,1,NA,NA,0.791696,NA,0.50947,1,NA,0
"locus060","locus282",1,1,NA,NA,1,1,1,NA,NA,0
"locus060","locus286",1,1,NA,NA,1,NA,1,NA,NA,0
"locus060","locus291",1,0.784408,NA,NA,1,1,0.29621,NA,NA,0
"locus060","locus292",0.56696,1,1,NA,0.56696,NA,1,NA,NA,0
"locus060","locus296",1,1,NA,NA,1,NA,1,NA,NA,0
"locus060","locus301",1,1,NA,NA,1,NA,1,NA,NA,0
"locus060","locus314",1,0.14386,1,NA,1,NA,1,NA,NA,0
"locus060","locus321",1,1,NA,1,1,NA,1,1,NA,0
"locus060","locus322",0.858216,0.071128,NA,NA,0.858216,NA,0.140508,NA,NA,0
"locus060","locus323",1,1,NA,NA,1,NA,1,NA,NA,0
"locus060","locus329",1,1,NA,NA,0.45344,NA,1,NA,NA,0
"locus060","locus332",0.254888,1,NA,NA,0.770712,NA,1,NA,NA,0
"locus060","locus349",0.878092,0.786568,NA,NA,0.855096,NA,0.786568,NA,NA,0
"locus060","locus358",1,1,NA,1,1,1,0.375612,NA,NA,0
"locus060","locus359",1,1,NA,NA,1,NA,0.689224,NA,NA,0
"locus060","locus360",1,1,1,NA,1,NA,1,NA,NA,0
"locus061","locus062",1,1,NA,NA,1,1,1,1,1,0
"locus061","locus064",1,0.18449,NA,NA,1,NA,1,NA,1,0
"locus061","locus065",1,1,NA,NA,1,NA,1,NA,1,0
"locus061","locus073",1,1,NA,NA,1,NA,0.9839,NA,1,0
"locus061","locus074",0.41583,1,NA,NA,1,NA,1,NA,1,0
"locus061","locus076",1,1,1,NA,1,NA,1,NA,1,0
"locus061","locus077",1,1,NA,NA,1,NA,1,NA,1,0
"locus061","locus080",1,1,NA,NA,1,NA,1,NA,1,0
"locus061","locus083",0.58727,1,NA,NA,1,NA,1,NA,1,0
"locus061","locus088",1,1,NA,NA,1,NA,1,NA,1,0
"locus061","locus093",0.314592,1,1,NA,1,NA,1,NA,1,0
"locus061","locus096",1,1,NA,NA,1,NA,1,NA,0.38442,0
"locus061","locus098",1,1,NA,NA,1,1,1,NA,1,0
"locus061","locus100",0.7279,1,NA,NA,1,NA,0.890784,NA,0.7279,0
"locus061","locus106",0.41979,1,NA,NA,1,NA,1,NA,1,0
"locus061","locus110",0.668106,1,NA,NA,NA,NA,1,NA,NA,0
"locus061","locus116",0.302776,0.429396,NA,NA,0.425664,NA,0.78045,NA,NA,0
"locus061","locus119",0.859692,0.855008,NA,NA,0.859692,NA,0.859692,NA,NA,0
"locus061","locus120",1,0.749544,NA,NA,1,NA,0.362168,0.14328,NA,0
"locus061","locus126",1,1,NA,NA,1,NA,1,NA,NA,0
"locus061","locus128",1,1,NA,NA,1,NA,0.816488,NA,NA,0
"locus061","locus129",1,1,NA,NA,1,NA,1,NA,NA,0
"locus061","locus130",1,1,NA,NA,1,NA,1,NA,NA,0
"locus061","locus134",1,1,NA,NA,1,1,1,NA,NA,0
"locus061","locus135",0.79908,1,NA,NA,1,NA,0.79908,NA,NA,0
"locus061","locus137",1,1,NA,NA,1,NA,1,NA,NA,0
"locus061","locus139",1,1,1,NA,1,NA,1,1,NA,0
"locus061","locus140",1,1,1,NA,1,NA,1,NA,NA,0
"locus061","locus146",0.746586,1,NA,NA,0.746586,NA,0.578696,NA,NA,0
"locus061","locus148",0.859184,1,NA,NA,1,NA,0.859184,NA,NA,0
"locus061","locus151",1,1,NA,NA,0.578024,NA,1,NA,NA,0
"locus061","locus157",0.668904,0.92694,NA,NA,1,NA,0.8847,NA,NA,0
"locus061","locus161",1,0.53206,NA,NA,1,NA,1,1,NA,0
"locus061","locus165",0.062328,1,NA,NA,1,NA,1,NA,NA,0
"locus061","locus170",1,1,NA,NA,1,NA,1,NA,NA,0
"locus061","locus176",0.2562,1,NA,NA,0.424872,NA,1,NA,NA,0
"locus061","locus184",1,1,NA,NA,1,NA,1,NA,NA,0
"locus061","locus186",1,1,NA,NA,1,NA,1,NA,NA,0
"locus061","locus188",1,1,NA,NA,1,NA,1,NA,NA,0
"locus061","locus189",1,0.18609,1,NA,1,NA,1,NA,NA,0
"locus061","locus190",1,1,1,NA,1,NA,1,NA,NA,0
"locus061","locus191",1,1,NA,NA,1,NA,1,NA,NA,0
"locus061","locus192",1,1,NA,NA,1,NA,1,NA,NA,0
"locus061","locus195",1,1,NA,NA,1,NA,0.463184,NA,NA,0
"locus061","locus202",1,1,NA,NA,1,NA,1,NA,NA,0
"locus061","locus210",0.44443,1,NA,NA,1,NA,0.509792,1,NA,0
"locus061","locus215",1,1,NA,NA,1,NA,0.07552,NA,NA,0
"locus061","locus227",1,1,1,NA,1,1,1,NA,NA,0
"locus061","locus231",1,1,NA,NA,1,NA,1,NA,NA,0
"locus061","locus235",1,1,NA,NA,1,NA,1,NA,NA,0
"locus061","locus236",1,1,NA,NA,1,NA,1,NA,NA,0
"locus061","locus237",1,1,NA,NA,1,NA,1,NA,NA,0
"locus061","locus239",1,1,NA,NA,1,NA,1,NA,NA,0
"locus061","locus248",1,1,NA,NA,1,NA,1,1,NA,0
"locus061","locus255",1,1,NA,NA,1,NA,NA,NA,NA,0
"locus061","locus256",0.75562,1,NA,NA,1,1,1,NA,NA,0
"locus061","locus263",1,1,NA,NA,1,NA,0.632304,NA,NA,0
"locus061","locus264",0.841736,0.841736,NA,NA,1,NA,0.841736,NA,NA,0
"locus061","locus274",1,1,1,NA,1,NA,1,NA,NA,0
"locus061","locus280",0.52112,1,NA,NA,1,NA,1,0.573176,NA,0
"locus061","locus282",1,1,NA,NA,1,1,0.70125,NA,NA,0
"locus061","locus286",1,1,NA,NA,1,NA,1,NA,NA,0
"locus061","locus291",1,1,NA,NA,1,1,0.22369,NA,NA,0
"locus061","locus292",1,1,1,NA,1,NA,1,NA,NA,0
"locus061","locus296",0.346832,1,NA,NA,1,NA,1,NA,NA,0
"locus061","locus301",0.53156,1,NA,NA,1,NA,0.53156,NA,NA,0
"locus061","locus314",1,1,1,NA,1,NA,1,NA,NA,0
"locus061","locus321",1,1,NA,NA,1,NA,0.89584,1,NA,0
"locus061","locus322",0.155248,1,NA,NA,1,NA,1,NA,NA,0
"locus061","locus323",1,0.424872,NA,NA,1,NA,1,NA,NA,0
"locus061","locus329",1,1,NA,NA,1,NA,1,NA,NA,0
"locus061","locus332",1,1,NA,NA,1,NA,1,NA,NA,0
"locus061","locus349",1,0.433408,NA,NA,1,NA,1,NA,NA,0
"locus061","locus358",1,1,NA,NA,1,1,1,NA,NA,0
"locus061","locus359",1,1,NA,NA,1,NA,0.1332,NA,NA,0
"locus061","locus360",1,1,1,NA,1,NA,1,NA,NA,0
"locus062","locus064",0.49177,1,NA,NA,1,NA,1,NA,1,0
"locus062","locus065",1,1,NA,NA,1,NA,1,NA,1,0
"locus062","locus073",0.62181,1,NA,NA,1,NA,1,NA,0.62181,0
"locus062","locus074",1,1,NA,NA,1,NA,1,NA,1,0
"locus062","locus076",1,1,NA,NA,1,NA,1,NA,1,0
"locus062","locus077",1,1,NA,NA,1,NA,1,NA,1,0
"locus062","locus080",0.409136,1,NA,NA,1,NA,0.21255,NA,1,0
"locus062","locus083",1,0.83292,NA,NA,0.83292,NA,1,NA,0.83292,0
"locus062","locus088",0.31061,1,NA,NA,1,NA,0.79712,NA,0.79712,0
"locus062","locus093",1,1,1,NA,1,NA,1,NA,1,0
"locus062","locus096",1,1,NA,NA,1,NA,1,NA,1,0
"locus062","locus098",1,1,NA,NA,1,1,1,NA,1,0
"locus062","locus106",0.74748,1,NA,NA,1,NA,0.37358,NA,1,0
"locus062","locus110",1,1,NA,NA,NA,NA,1,NA,NA,0
"locus062","locus116",0.397568,1,NA,NA,1,NA,1,NA,NA,0
"locus062","locus119",0.759056,0.998928,NA,NA,1,NA,0.880212,NA,NA,0
"locus062","locus120",1,1,NA,NA,1,NA,0.97264,1,NA,0
"locus062","locus126",1,1,NA,NA,0.22848,NA,0.232716,NA,NA,0
"locus062","locus128",1,1,NA,NA,1,NA,1,NA,NA,0
"locus062","locus129",1,1,1,NA,1,NA,1,NA,NA,0
"locus062","locus130",1,1,1,NA,1,NA,1,NA,NA,0
"locus062","locus134",0.97133,1,NA,NA,1,1,0.97133,NA,NA,0
"locus062","locus135",1,1,NA,NA,0.06763,1,1,NA,NA,0
"locus062","locus137",1,1,NA,NA,1,NA,1,NA,NA,0
"locus062","locus139",1,1,1,NA,1,NA,1,1,NA,0
"locus062","locus140",1,1,1,NA,1,NA,1,NA,NA,0
"locus062","locus146",1,1,NA,1,1,NA,1,NA,NA,0
"locus062","locus148",0.892016,0.748302,NA,NA,0.410824,NA,0.748302,NA,NA,0
"locus062","locus151",1,1,NA,1,1,NA,0.24376,NA,NA,0
"locus062","locus157",1,1,NA,NA,1,NA,1,NA,NA,0
"locus062","locus161",1,1,1,NA,0.862764,NA,1,1,NA,0
"locus062","locus165",1,1,NA,NA,1,NA,0.630544,NA,NA,0
"locus062","locus170",0.866472,1,1,1,1,NA,1,NA,NA,0
"locus062","locus176",1,1,1,NA,1,NA,1,NA,NA,0
"locus062","locus184",0.96016,1,NA,NA,1,NA,1,NA,NA,0
"locus062","locus186",0.864248,0.864248,NA,NA,1,NA,0.864248,NA,NA,0
"locus062","locus188",1,1,1,NA,1,NA,1,NA,NA,0
"locus062","locus189",1,1,1,1,1,NA,1,NA,NA,0
"locus062","locus190",1,1,1,NA,1,NA,1,NA,NA,0
"locus062","locus192",1,1,NA,NA,1,NA,1,NA,NA,0
"locus062","locus195",1,1,NA,NA,1,NA,1,NA,NA,0
"locus062","locus202",0.556056,1,NA,NA,0.45244,NA,0.556056,NA,NA,0
"locus062","locus210",1,1,NA,NA,1,NA,1,1,NA,0
"locus062","locus215",1,1,NA,NA,1,NA,1,NA,NA,0
"locus062","locus227",1,1,1,NA,1,NA,1,NA,NA,0
"locus062","locus231",1,1,NA,NA,1,NA,1,NA,NA,0
"locus062","locus235",1,1,NA,NA,1,NA,0.953088,NA,NA,0
"locus062","locus236",1,0.50092,NA,NA,1,NA,1,NA,NA,0
"locus062","locus237",1,1,NA,NA,1,NA,1,NA,NA,0
"locus062","locus239",1,1,NA,NA,1,NA,1,NA,NA,0
"locus062","locus248",1,1,NA,NA,1,NA,1,1,NA,0
"locus062","locus255",0.36663,1,NA,NA,1,NA,NA,NA,NA,0
"locus062","locus256",1,1,NA,1,1,NA,1,NA,NA,0
"locus062","locus263",1,1,1,1,1,NA,1,NA,NA,0
"locus062","locus264",0.415728,0.49712,NA,NA,1,NA,0.362568,NA,NA,0
"locus062","locus274",1,1,1,NA,1,NA,1,NA,NA,0
"locus062","locus280",1,1,NA,NA,1,NA,1,1,NA,0
"locus062","locus282",1,1,NA,NA,1,1,1,NA,NA,0
"locus062","locus286",1,1,NA,NA,0.56524,NA,1,NA,NA,0
"locus062","locus291",1,1,NA,NA,1,NA,1,NA,NA,0
"locus062","locus292",1,1,1,NA,1,NA,1,NA,NA,0
"locus062","locus296",1,1,NA,NA,1,NA,1,NA,NA,0
"locus062","locus301",1,1,NA,NA,1,NA,1,NA,NA,0
"locus062","locus314",0.880524,1,NA,NA,1,NA,0.27424,NA,NA,0
"locus062","locus321",1,1,NA,1,1,NA,1,1,NA,0
"locus062","locus322",0.32492,1,NA,NA,1,NA,0.65442,NA,NA,0
"locus062","locus323",1,1,NA,NA,1,1,1,NA,NA,0
"locus062","locus329",0.560736,0.560736,NA,NA,0.560736,NA,0.22504,NA,NA,0
"locus062","locus332",1,1,NA,NA,1,NA,1,NA,NA,0
"locus062","locus349",1,1,NA,NA,1,NA,0.119088,NA,NA,0
"locus062","locus358",1,1,NA,1,0.343668,1,1,NA,NA,0
"locus062","locus359",1,1,NA,NA,1,NA,1,NA,NA,0
"locus062","locus360",0.996632,1,NA,NA,1,NA,1,NA,NA,0
"locus064","locus065",1,1,NA,NA,1,NA,0.6463,NA,1,0
"locus064","locus073",1,1,NA,NA,1,NA,1,NA,1,0
"locus064","locus074",1,1,NA,NA,1,NA,1,NA,1,0
"locus064","locus076",0.852496,1,NA,NA,0.4828,NA,1,NA,1,0
"locus064","locus077",0.67534,1,NA,NA,0.67534,NA,0.954264,NA,1,0
"locus064","locus080",1,1,NA,NA,1,NA,1,NA,1,0
"locus064","locus083",1,1,NA,NA,1,NA,1,NA,1,0
"locus064","locus088",1,1,NA,NA,1,NA,1,NA,1,0
"locus064","locus093",1,1,1,NA,1,NA,1,NA,1,0
"locus064","locus096",1,1,NA,NA,1,NA,1,NA,1,0
"locus064","locus098",1,1,NA,NA,1,1,1,NA,1,0
"locus064","locus100",1,1,NA,NA,1,NA,1,NA,1,0
"locus064","locus106",1,1,NA,NA,1,NA,1,NA,1,0
"locus064","locus110",0.322344,1,NA,NA,NA,NA,0.538112,NA,NA,0
"locus064","locus116",0.868216,0.788616,NA,NA,1,NA,0.788616,NA,NA,0
"locus064","locus119",1,0.85492,NA,NA,1,NA,1,NA,NA,0
"locus064","locus120",1,1,NA,NA,1,NA,1,1,NA,0
"locus064","locus126",0.710574,1,NA,NA,0.570304,NA,1,NA,NA,0
"locus064","locus128",0.598712,1,NA,NA,1,NA,1,NA,NA,0
"locus064","locus129",0.41189,1,1,NA,1,NA,1,NA,NA,0
"locus064","locus130",1,1,1,NA,1,NA,0.15385,NA,NA,0
"locus064","locus134",1,1,NA,NA,1,1,1,NA,NA,0
"locus064","locus135",0.528512,1,NA,NA,1,NA,1,NA,NA,0
"locus064","locus137",1,1,NA,NA,0.185096,NA,0.37476,NA,NA,0
"locus064","locus139",1,1,1,NA,1,NA,1,1,NA,0
"locus064","locus140",1,1,1,NA,1,NA,1,NA,NA,0
"locus064","locus146",1,1,NA,1,1,NA,0.59897,NA,NA,0
"locus064","locus148",1,1,NA,NA,1,NA,1,NA,NA,0
"locus064","locus151",1,1,NA,1,1,NA,1,NA,NA,0
"locus064","locus157",1,1,NA,NA,1,NA,1,NA,NA,0
"locus064","locus161",0.976224,0.640572,1,NA,1,NA,0.78484,1,NA,0
"locus064","locus165",1,1,NA,NA,1,NA,1,NA,NA,0
"locus064","locus170",1,1,1,1,1,NA,1,NA,NA,0
"locus064","locus176",1,1,1,NA,1,NA,1,NA,NA,0
"locus064","locus184",1,1,NA,NA,1,NA,1,NA,NA,0
"locus064","locus186",1,1,NA,NA,1,NA,0.20212,NA,NA,0
"locus064","locus188",1,1,1,NA,1,NA,1,NA,NA,0
"locus064","locus189",1,0.20706,1,1,1,NA,1,NA,NA,0
"locus064","locus190",1,1,1,NA,1,NA,1,NA,NA,0
"locus064","locus191",1,1,NA,NA,1,NA,1,NA,NA,0
"locus064","locus192",0.446262,0.566496,NA,NA,0.566496,NA,0.321864,NA,NA,0
"locus064","locus195",1,1,NA,NA,1,1,1,NA,NA,0
"locus064","locus202",1,1,NA,NA,0.189576,NA,1,NA,NA,0
"locus064","locus210",1,1,NA,NA,1,NA,1,1,NA,0
"locus064","locus215",1,1,NA,NA,1,NA,1,NA,NA,0
"locus064","locus227",1,1,1,NA,1,NA,1,NA,NA,0
"locus064","locus231",1,1,NA,NA,1,NA,1,NA,NA,0
"locus064","locus235",1,1,NA,NA,1,NA,1,NA,NA,0
"locus064","locus236",1,1,NA,NA,1,NA,1,NA,NA,0
"locus064","locus237",1,1,NA,NA,1,NA,0.46964,NA,NA,0
"locus064","locus239",1,1,NA,NA,0.575264,NA,1,NA,NA,0
"locus064","locus248",1,1,NA,NA,1,NA,0.64601,1,NA,0
"locus064","locus255",1,1,NA,NA,1,NA,NA,NA,NA,0
"locus064","locus256",1,1,NA,1,1,NA,1,NA,NA,0
"locus064","locus263",1,1,1,1,1,NA,1,NA,NA,0
"locus064","locus274",1,1,1,NA,1,NA,1,NA,NA,0
"locus064","locus280",1,1,NA,NA,1,NA,1,1,NA,0
"locus064","locus282",1,1,NA,NA,1,1,1,NA,NA,0
"locus064","locus286",1,1,NA,NA,1,NA,1,NA,NA,0
"locus064","locus291",1,1,NA,NA,1,NA,1,NA,NA,0
"locus064","locus292",1,1,1,NA,1,NA,1,NA,NA,0
"locus064","locus296",1,1,NA,NA,0.19112,NA,1,NA,NA,0
"locus064","locus301",1,1,NA,NA,1,NA,1,NA,NA,0
"locus064","locus314",1,1,NA,NA,1,NA,1,NA,NA,0
"locus064","locus321",1,1,NA,1,1,NA,1,1,NA,0
"locus064","locus322",1,1,NA,NA,1,NA,1,NA,NA,0
"locus064","locus323",1,0.43148,NA,NA,1,NA,1,NA,NA,0
"locus064","locus329",1,1,NA,NA,1,NA,1,NA,NA,0
"locus064","locus332",1,1,NA,NA,1,NA,1,NA,NA,0
"locus064","locus349",1,0.42512,NA,NA,1,NA,1,NA,NA,0
"locus064","locus358",1,1,NA,1,1,1,1,NA,NA,0
"locus064","locus359",1,1,NA,NA,1,NA,0.320376,NA,NA,0
"locus064","locus360",0.369656,1,NA,NA,1,NA,0.812208,NA,NA,0
"locus065","locus073",1,1,NA,NA,1,NA,1,NA,1,0
"locus065","locus074",1,1,NA,NA,1,NA,1,NA,1,0
"locus065","locus076",1,1,NA,NA,1,NA,1,NA,1,0
"locus065","locus077",1,1,NA,NA,1,NA,1,NA,1,0
"locus065","locus080",1,1,NA,NA,1,NA,1,NA,1,0
"locus065","locus083",1,1,NA,NA,1,NA,1,NA,1,0
"locus065","locus088",1,1,NA,NA,1,NA,1,NA,1,0
"locus065","locus093",1,1,1,NA,1,NA,1,NA,1,0
"locus065","locus096",1,1,NA,NA,1,NA,1,NA,1,0
"locus065","locus098",1,1,NA,NA,0.860172,1,1,NA,1,0
"locus065","locus100",1,1,NA,NA,1,NA,1,NA,1,0
"locus065","locus106",0.28383,1,NA,NA,1,NA,0.63124,NA,1,0
"locus065","locus110",0.769944,1,NA,NA,NA,NA,0.769944,NA,NA,0
"locus065","locus116",1,1,NA,NA,1,NA,0.06248,NA,NA,0
"locus065","locus119",1,0.858336,NA,NA,1,NA,1,NA,NA,0
"locus065","locus120",1,1,NA,NA,1,NA,1,1,NA,0
"locus065","locus126",1,1,NA,NA,1,NA,1,NA,NA,0
"locus065","locus128",1,1,NA,NA,1,NA,0.936168,NA,NA,0
"locus065","locus129",1,1,1,NA,1,NA,1,NA,NA,0
"locus065","locus130",1,1,1,NA,1,NA,1,NA,NA,0
"locus065","locus134",1,1,NA,NA,1,1,1,NA,NA,0
"locus065","locus135",1,1,NA,NA,1,NA,1,NA,NA,0
"locus065","locus137",1,0.754782,NA,NA,1,NA,0.68504,NA,NA,0
"locus065","locus139",1,1,1,NA,1,NA,1,1,NA,0
"locus065","locus140",1,1,1,NA,1,NA,1,NA,NA,0
"locus065","locus146",1,1,NA,1,1,NA,1,NA,NA,0
"locus065","locus148",0.403664,1,NA,NA,1,NA,1,NA,NA,0
"locus065","locus151",1,1,NA,1,1,NA,1,NA,NA,0
"locus065","locus157",1,1,NA,NA,0.574896,NA,1,NA,NA,0
"locus065","locus161",1,1,1,NA,1,NA,1,1,NA,0
"locus065","locus165",1,1,NA,NA,1,NA,0.475592,NA,NA,0
"locus065","locus170",0.986448,1,1,1,1,NA,1,NA,NA,0
"locus065","locus176",1,1,1,NA,1,NA,1,NA,NA,0
"locus065","locus184",0.884808,0.884808,NA,NA,0.884808,NA,0.884808,NA,NA,0
"locus065","locus186",1,1,NA,NA,1,NA,1,NA,NA,0
"locus065","locus188",1,1,1,NA,1,NA,1,NA,NA,0
"locus065","locus189",1,1,1,1,1,NA,1,NA,NA,0
"locus065","locus190",1,1,1,NA,0.70699,NA,0.822184,NA,NA,0
"locus065","locus191",1,0.855424,NA,NA,1,NA,1,NA,NA,0
"locus065","locus192",1,1,NA,NA,1,NA,1,NA,NA,0
"locus065","locus195",1,1,NA,NA,1,NA,1,NA,NA,0
"locus065","locus202",1,1,NA,NA,0.565192,NA,1,NA,NA,0
"locus065","locus210",1,1,NA,NA,1,NA,1,1,NA,0
"locus065","locus215",1,1,NA,NA,1,NA,1,NA,NA,0
"locus065","locus227",1,1,1,NA,1,NA,1,NA,NA,0
"locus065","locus231",0.718248,0.901452,NA,NA,1,NA,0.901452,NA,NA,0
"locus065","locus235",1,1,NA,NA,0.57148,NA,1,NA,NA,0
"locus065","locus236",1,0.867464,NA,NA,1,NA,1,NA,NA,0
"locus065","locus237",1,1,NA,NA,0.449224,NA,0.449224,NA,NA,0
"locus065","locus239",1,0.141016,NA,NA,1,NA,1,NA,NA,0
"locus065","locus248",1,1,NA,NA,1,NA,1,1,NA,0
"locus065","locus255",1,1,NA,NA,1,NA,NA,NA,NA,0
"locus065","locus256",1,1,NA,1,1,NA,1,NA,NA,0
"locus065","locus263",1,1,1,1,1,NA,1,NA,NA,0
"locus065","locus264",1,1,NA,NA,1,NA,1,NA,NA,0
"locus065","locus274",1,1,1,NA,1,NA,1,NA,NA,0
"locus065","locus280",1,1,NA,NA,1,NA,1,1,NA,0
"locus065","locus282",1,0.853,NA,NA,0.71169,1,1,NA,NA,0
"locus065","locus286",1,1,NA,NA,1,NA,1,NA,NA,0
"locus065","locus291",1,0.42544,NA,NA,1,NA,0.630618,NA,NA,0
"locus065","locus292",1,1,1,NA,1,NA,1,NA,NA,0
"locus065","locus296",1,1,NA,NA,1,NA,1,NA,NA,0
"locus065","locus301",1,1,NA,NA,1,NA,1,NA,NA,0
"locus065","locus314",0.5362,0.861846,NA,NA,0.861846,NA,1,NA,NA,0
"locus065","locus321",1,1,NA,1,1,NA,1,1,NA,0
"locus065","locus322",0.926412,0.926412,NA,NA,0.573184,NA,0.812802,NA,NA,0
"locus065","locus323",0.802384,1,NA,NA,1,NA,1,NA,NA,0
"locus065","locus329",1,1,NA,NA,1,NA,1,NA,NA,0
"locus065","locus332",1,1,NA,NA,1,NA,0.075912,NA,NA,0
"locus065","locus349",1,1,NA,NA,1,NA,1,NA,NA,0
"locus065","locus358",1,1,NA,1,1,1,1,NA,NA,0
"locus065","locus360",1,1,NA,NA,1,NA,1,NA,NA,0
"locus073","locus074",1,1,NA,NA,1,NA,1,NA,1,0
"locus073","locus076",1,1,NA,NA,1,NA,0.41119,NA,1,0
"locus073","locus077",1,1,NA,NA,1,NA,1,NA,1,0
"locus073","locus080",1,1,1,NA,1,NA,1,NA,1,0
"locus073","locus083",0.91655,1,NA,NA,1,NA,1,NA,1,0
"locus073","locus088",1,0.14424,NA,NA,1,NA,1,NA,1,0
"locus073","locus093",1,1,1,NA,1,NA,1,NA,1,0
"locus073","locus096",1,1,NA,NA,1,NA,0.14156,NA,1,0
"locus073","locus098",0.122844,1,NA,NA,1,1,1,NA,1,0
"locus073","locus100",1,1,NA,NA,1,NA,1,NA,1,0
"locus073","locus106",1,1,NA,NA,1,NA,1,NA,1,0
"locus073","locus110",0.800308,0.800308,NA,NA,NA,NA,0.456552,NA,NA,0
"locus073","locus116",1,1,NA,NA,1,NA,1,NA,NA,0
"locus073","locus119",1,1,NA,NA,1,NA,1,NA,NA,0
"locus073","locus120",1,1,NA,NA,0.7096,NA,1,1,NA,0
"locus073","locus126",1,1,NA,NA,0.907672,NA,1,NA,NA,0
"locus073","locus128",0.894152,1,NA,NA,0.894152,NA,1,NA,NA,0
"locus073","locus129",0.899024,0.71316,0.899024,NA,0.899024,NA,0.899024,NA,NA,0
"locus073","locus130",0.76113,1,NA,NA,0.264048,NA,1,NA,NA,0
"locus073","locus134",0.874584,1,NA,NA,1,1,0.45282,NA,NA,0
"locus073","locus135",1,1,NA,NA,1,NA,1,NA,NA,0
"locus073","locus137",1,1,NA,NA,1,NA,1,NA,NA,0
"locus073","locus139",1,1,1,NA,1,NA,0.06744,1,NA,0
"locus073","locus140",1,1,1,NA,1,NA,0.0531,NA,NA,0
"locus073","locus148",1,1,NA,NA,1,NA,0.601144,NA,NA,0
"locus073","locus151",1,1,NA,1,1,NA,1,NA,NA,0
"locus073","locus157",1,1,NA,NA,1,NA,1,NA,NA,0
"locus073","locus161",1,1,1,NA,1,NA,1,1,NA,0
"locus073","locus165",1,1,1,NA,1,NA,1,NA,NA,0
"locus073","locus170",1,1,1,1,1,NA,0.166356,NA,NA,0
"locus073","locus176",1,1,NA,NA,1,NA,1,NA,NA,0
"locus073","locus184",1,1,NA,NA,1,NA,1,NA,NA,0
"locus073","locus186",0.559584,1,NA,NA,1,NA,1,NA,NA,0
"locus073","locus188",1,1,NA,NA,1,NA,0.347544,NA,NA,0
"locus073","locus189",1,0.34428,1,1,1,NA,1,NA,NA,0
"locus073","locus190",0.59402,1,1,NA,1,NA,0.902104,NA,NA,0
"locus073","locus191",1,1,NA,NA,1,NA,1,NA,NA,0
"locus073","locus192",1,1,NA,NA,1,NA,0.092464,NA,NA,0
"locus073","locus195",0.43011,0.43011,NA,NA,0.485322,NA,0.42684,NA,NA,0
"locus073","locus202",0.90546,1,NA,NA,0.678996,NA,0.493272,NA,NA,0
"locus073","locus210",1,1,NA,NA,1,NA,1,1,NA,0
"locus073","locus215",1,1,NA,NA,1,NA,1,NA,NA,0
"locus073","locus227",0.78802,1,1,NA,1,NA,0.905152,NA,NA,0
"locus073","locus231",1,1,NA,NA,1,NA,1,NA,NA,0
"locus073","locus235",1,1,NA,NA,1,NA,1,NA,NA,0
"locus073","locus236",0.945114,0.569496,NA,NA,1,NA,0.945114,NA,NA,0
"locus073","locus237",1,1,NA,NA,0.453944,NA,1,NA,NA,0
"locus073","locus239",0.540744,1,NA,NA,1,NA,1,NA,NA,0
"locus073","locus248",1,1,NA,NA,1,NA,0.69843,1,NA,0
"locus073","locus255",1,0.084726,NA,NA,1,NA,NA,NA,NA,0
"locus073","locus256",1,1,NA,1,1,NA,1,NA,NA,0
"locus073","locus263",1,1,1,1,1,NA,0.983088,NA,NA,0
"locus073","locus264",1,0.91208,NA,NA,1,NA,1,NA,NA,0
"locus073","locus274",1,1,1,NA,1,NA,1,NA,NA,0
"locus073","locus280",1,1,NA,NA,1,NA,1,1,NA,0
"locus073","locus282",1,1,NA,NA,0.5712,1,1,NA,NA,0
"locus073","locus286",1,1,NA,NA,1,NA,1,NA,NA,0
"locus073","locus291",1,1,NA,NA,1,NA,1,NA,NA,0
"locus073","locus292",1,1,1,NA,1,NA,0.84958,NA,NA,0
"locus073","locus296",1,1,NA,NA,1,NA,1,NA,NA,0
"locus073","locus301",1,1,NA,NA,1,NA,1,NA,NA,0
"locus073","locus314",0.917016,0.936012,NA,NA,1,NA,1,NA,NA,0
"locus073","locus321",1,0.174612,NA,1,1,NA,1,1,NA,0
"locus073","locus322",1,1,NA,NA,0.92084,NA,1,NA,NA,0
"locus073","locus323",1,1,NA,NA,1,NA,1,NA,NA,0
"locus073","locus329",1,1,NA,NA,1,NA,0.561368,NA,NA,0
"locus073","locus332",0.547,1,NA,NA,1,NA,0.937038,NA,NA,0
"locus073","locus349",1,1,1,NA,1,NA,1,NA,NA,0
"locus073","locus358",1,1,NA,1,1,1,1,NA,NA,0
"locus073","locus359",0.367768,1,NA,NA,1,NA,1,NA,NA,0
"locus073","locus360",1,0.577608,NA,NA,1,NA,1,NA,NA,0
"locus074","locus076",1,1,NA,NA,1,NA,1,NA,1,0
"locus074","locus077",1,1,NA,NA,1,NA,1,NA,1,0
"locus074","locus083",0.56746,1,NA,NA,1,NA,1,NA,1,0
"locus074","locus088",1,1,NA,NA,1,NA,0.20721,NA,0.648928,0
"locus074","locus093",0.72244,1,1,NA,1,NA,0.328044,NA,1,0
"locus074","locus096",0.75186,1,NA,NA,1,NA,1,NA,1,0
"locus074","locus098",1,0.865788,NA,NA,1,1,1,NA,1,0
"locus074","locus100",1,1,NA,NA,1,NA,1,NA,1,0
"locus074","locus106",1,1,NA,NA,1,NA,1,NA,0.83559,0
"locus074","locus110",1,1,NA,NA,NA,NA,1,NA,NA,0
"locus074","locus116",0.581176,1,NA,NA,1,NA,1,NA,NA,0
"locus074","locus119",1,1,NA,NA,1,NA,1,NA,NA,0
"locus074","locus120",1,1,NA,NA,1,NA,1,1,NA,0
"locus074","locus126",0.677154,0.677154,NA,NA,0.677154,NA,0.293664,NA,NA,0
"locus074","locus128",1,1,NA,NA,1,NA,0.654952,NA,NA,0
"locus074","locus129",1,1,1,NA,1,NA,1,NA,NA,0
"locus074","locus130",0.50824,1,NA,NA,1,NA,1,NA,NA,0
"locus074","locus134",1,1,NA,NA,0.33746,1,0.535376,NA,NA,0
"locus074","locus135",0.7961,0.271064,NA,NA,0.68628,NA,0.7961,NA,NA,0
"locus074","locus137",0.655048,0.655048,NA,NA,0.668832,NA,0.668832,NA,NA,0
"locus074","locus139",1,1,1,NA,1,NA,1,1,NA,0
"locus074","locus140",1,1,1,NA,1,NA,1,NA,NA,0
"locus074","locus146",1,1,NA,1,1,NA,1,NA,NA,0
"locus074","locus148",1,1,NA,NA,0.45144,NA,0.531852,NA,NA,0
"locus074","locus151",1,1,NA,1,1,NA,0.62636,NA,NA,0
"locus074","locus157",1,1,NA,NA,1,NA,1,NA,NA,0
"locus074","locus161",1,1,1,NA,1,NA,1,1,NA,0
"locus074","locus165",1,1,NA,NA,1,NA,1,NA,NA,0
"locus074","locus170",1,1,1,1,1,NA,1,NA,NA,0
"locus074","locus176",0.73527,0.870766,NA,NA,0.269616,NA,0.73527,NA,NA,0
"locus074","locus184",1,1,NA,NA,0.56928,NA,1,NA,NA,0
"locus074","locus186",0.765792,1,NA,NA,1,NA,0.533008,NA,NA,0
"locus074","locus188",1,0.228808,NA,NA,1,NA,1,NA,NA,0
"locus074","locus189",1,1,1,1,1,NA,0.709152,NA,NA,0
"locus074","locus190",1,1,1,NA,1,NA,1,NA,NA,0
"locus074","locus191",1,1,1,NA,1,NA,1,NA,NA,0
"locus074","locus192",1,1,NA,NA,1,NA,1,NA,NA,0
"locus074","locus195",1,1,NA,NA,1,NA,0.7132,NA,NA,0
"locus074","locus202",1,1,NA,NA,1,NA,1,NA,NA,0
"locus074","locus210",1,1,NA,NA,1,NA,1,1,NA,0
"locus074","locus215",0.472232,1,NA,NA,1,NA,1,NA,NA,0
"locus074","locus227",0.30074,1,1,NA,1,NA,1,NA,NA,0
"locus074","locus231",1,1,1,NA,1,NA,1,NA,NA,0
"locus074","locus235",0.866928,0.289136,NA,NA,0.866928,NA,0.923746,NA,NA,0
"locus074","locus236",1,1,NA,NA,1,NA,1,NA,NA,0
"locus074","locus237",1,1,NA,NA,1,NA,0.440984,NA,NA,0
"locus074","locus239",1,1,NA,NA,1,NA,1,NA,NA,0
"locus074","locus248",1,1,NA,NA,1,NA,1,1,NA,0
"locus074","locus255",1,1,NA,NA,1,NA,NA,NA,NA,0
"locus074","locus256",1,1,NA,1,1,NA,1,NA,NA,0
"locus074","locus263",1,1,1,1,1,NA,1,NA,NA,0
"locus074","locus264",1,1,NA,NA,1,NA,0.844152,NA,NA,0
"locus074","locus274",1,1,1,NA,1,NA,1,NA,NA,0
"locus074","locus280",1,0.8143,NA,NA,1,NA,1,1,NA,0
"locus074","locus282",1,1,NA,NA,1,1,1,NA,NA,0
"locus074","locus286",1,1,NA,NA,1,NA,1,NA,NA,0
"locus074","locus291",0.285612,0.680304,NA,NA,0.667076,NA,0.1648,NA,NA,0
"locus074","locus292",1,1,1,NA,1,NA,0.09404,NA,NA,0
"locus074","locus296",0.757584,0.141904,NA,NA,0.665368,NA,0.638952,NA,NA,0
"locus074","locus301",0.853536,0.84476,NA,NA,0.853536,NA,0.84476,NA,NA,0
"locus074","locus314",0.923384,1,NA,NA,1,NA,0.923384,NA,NA,0
"locus074","locus321",1,1,NA,1,1,NA,1,1,NA,0
"locus074","locus322",0.237368,1,NA,NA,1,NA,1,NA,NA,0
"locus074","locus323",1,1,NA,NA,1,NA,1,NA,NA,0
"locus074","locus329",1,1,NA,NA,1,NA,1,NA,NA,0
"locus074","locus332",1,0.655896,NA,NA,0.770406,NA,1,NA,NA,0
"locus074","locus349",1,1,NA,NA,1,NA,1,NA,NA,0
"locus074","locus358",1,1,NA,1,1,1,1,NA,NA,0
"locus074","locus359",1,1,NA,NA,1,NA,1,NA,NA,0
"locus074","locus360",0.869784,1,NA,NA,0.265288,NA,0.869784,NA,NA,0
"locus076","locus077",1,1,NA,NA,0.71988,NA,1,NA,1,0
"locus076","locus080",1,0.3626,NA,NA,1,NA,1,NA,1,0
"locus076","locus083",1,1,NA,NA,1,NA,1,NA,1,0
"locus076","locus088",0.45225,1,NA,NA,1,NA,1,NA,1,0
"locus076","locus093",1,1,1,NA,1,NA,1,NA,1,0
"locus076","locus096",1,1,NA,NA,1,NA,1,NA,1,0
"locus076","locus098",0.543444,0.98636,NA,NA,1,1,1,NA,1,0
"locus076","locus100",0.21932,1,NA,NA,1,NA,0.899304,NA,1,0
"locus076","locus106",1,1,NA,NA,0.47134,NA,1,NA,1,0
"locus076","locus110",1,1,NA,NA,NA,NA,0.09327,NA,NA,0
"locus076","locus119",1,1,NA,NA,1,NA,1,NA,NA,0
"locus076","locus120",1,1,NA,NA,1,NA,1,NA,NA,0
"locus076","locus126",0.22272,0.430662,NA,NA,0.47744,NA,0.47744,NA,NA,0
"locus076","locus128",1,1,NA,NA,1,NA,1,NA,NA,0
"locus076","locus129",1,1,1,NA,1,NA,1,NA,NA,0
"locus076","locus130",1,1,NA,NA,1,NA,1,NA,NA,0
"locus076","locus134",0.260784,1,NA,NA,1,1,0.06787,NA,NA,0
"locus076","locus135",1,1,NA,NA,1,NA,1,NA,NA,0
"locus076","locus139",1,1,1,NA,0.71621,NA,0.826784,NA,NA,0
"locus076","locus140",1,1,1,NA,0.71493,NA,0.825,NA,NA,0
"locus076","locus146",1,1,NA,1,0.47476,NA,1,NA,NA,0
"locus076","locus148",1,1,NA,NA,1,NA,0.714344,NA,NA,0
"locus076","locus151",1,1,NA,1,1,NA,1,NA,NA,0
"locus076","locus157",1,1,NA,NA,1,NA,1,NA,NA,0
"locus076","locus161",0.90745,1,1,NA,1,NA,1,NA,NA,0
"locus076","locus165",1,1,NA,NA,1,NA,1,NA,NA,0
"locus076","locus170",1,1,1,1,0.855996,NA,1,NA,NA,0
"locus076","locus176",1,1,NA,NA,1,NA,1,NA,NA,0
"locus076","locus184",0.46839,1,NA,NA,1,NA,0.054216,NA,NA,0
"locus076","locus188",1,1,NA,NA,1,NA,1,NA,NA,0
"locus076","locus189",1,1,1,1,1,NA,1,NA,NA,0
"locus076","locus190",0.36914,1,1,NA,1,NA,0.36914,NA,NA,0
"locus076","locus192",0.66836,1,NA,NA,0.851442,NA,0.851442,NA,NA,0
"locus076","locus195",0.29436,1,NA,NA,1,NA,0.29436,NA,NA,0
"locus076","locus202",0.147896,1,NA,NA,0.37077,NA,1,NA,NA,0
"locus076","locus210",1,1,NA,NA,1,NA,1,NA,NA,0
"locus076","locus215",1,1,NA,NA,1,NA,0.064608,NA,NA,0
"locus076","locus227",0.525152,0.59403,1,NA,1,NA,0.29592,NA,NA,0
"locus076","locus231",1,1,1,NA,1,NA,1,NA,NA,0
"locus076","locus235",1,1,NA,NA,1,NA,0.51492,NA,NA,0
"locus076","locus236",1,1,NA,NA,1,NA,1,NA,NA,0
"locus076","locus237",0.715368,1,NA,NA,1,NA,1,NA,NA,0
"locus076","locus239",1,1,NA,NA,0.431202,NA,0.204096,NA,NA,0
"locus076","locus248",1,1,NA,NA,1,NA,1,NA,NA,0
"locus076","locus255",1,1,NA,NA,1,NA,NA,NA,NA,0
"locus076","locus256",1,1,NA,1,1,NA,1,NA,NA,0
"locus076","locus263",1,1,1,1,1,NA,1,NA,NA,0
"locus076","locus264",0.606492,1,NA,NA,0.570712,NA,1,NA,NA,0
"locus076","locus274",1,1,1,NA,1,NA,1,NA,NA,0
"locus076","locus280",1,1,NA,NA,1,NA,1,NA,NA,0
"locus076","locus282",1,1,NA,NA,1,1,1,NA,NA,0
"locus076","locus286",1,1,NA,NA,1,NA,1,NA,NA,0
"locus076","locus291",1,1,NA,NA,1,NA,1,NA,NA,0
"locus076","locus292",1,1,1,NA,1,NA,1,NA,NA,0
"locus076","locus296",1,1,NA,NA,0.37904,NA,1,NA,NA,0
"locus076","locus301",0.14864,0.261948,NA,NA,0.261948,NA,0.309882,NA,NA,0
"locus076","locus314",1,1,NA,NA,1,NA,1,NA,NA,0
"locus076","locus321",1,1,NA,1,1,NA,1,NA,NA,0
"locus076","locus322",1,1,NA,NA,1,NA,1,NA,NA,0
"locus076","locus323",0.942712,1,NA,NA,1,NA,1,NA,NA,0
"locus076","locus329",1,1,NA,NA,1,1,1,NA,NA,0
"locus076","locus332",1,1,NA,NA,1,NA,0.583976,NA,NA,0
"locus076","locus349",1,1,NA,NA,1,NA,1,NA,NA,0
"locus076","locus358",1,1,NA,1,1,1,0.62676,NA,NA,0
"locus076","locus359",1,1,NA,NA,1,NA,1,NA,NA,0
"locus076","locus360",1,1,NA,NA,0.49112,NA,1,NA,NA,0
"locus077","locus080",1,1,NA,NA,1,NA,1,NA,1,0
"locus077","locus083",1,1,NA,NA,1,NA,1,NA,1,0
"locus077","locus088",1,1,NA,NA,1,1,1,NA,1,0
"locus077","locus093",1,1,1,NA,1,NA,1,NA,1,0
"locus077","locus096",1,1,NA,NA,0.7167,NA,1,NA,1,0
"locus077","locus098",1,1,NA,NA,1,NA,1,NA,1,0
"locus077","locus100",1,1,NA,NA,1,NA,1,NA,1,0
"locus077","locus106",1,1,NA,NA,1,NA,1,NA,1,0
"locus077","locus110",1,1,NA,NA,NA,NA,1,NA,NA,0
"locus077","locus116",1,1,NA,NA,1,NA,0.055856,NA,NA,0
"locus077","locus119",1,1,1,NA,1,NA,1,NA,NA,0
"locus077","locus120",1,1,NA,NA,1,NA,1,1,NA,0
"locus077","locus126",0.34083,1,1,NA,1,NA,1,NA,NA,0
"locus077","locus128",1,1,NA,NA,1,NA,0.604976,NA,NA,0
"locus077","locus129",0.872688,1,1,NA,1,1,1,NA,NA,0
"locus077","locus130",1,1,NA,NA,1,NA,0.415408,NA,NA,0
"locus077","locus134",1,1,NA,NA,1,1,1,NA,NA,0
"locus077","locus135",1,1,NA,NA,1,NA,1,NA,NA,0
"locus077","locus137",1,1,NA,NA,0.574152,NA,1,NA,NA,0
"locus077","locus139",1,1,1,NA,1,NA,1,1,NA,0
"locus077","locus140",1,1,1,NA,1,NA,1,NA,NA,0
"locus077","locus146",1,1,NA,NA,1,NA,0.607384,NA,NA,0
"locus077","locus148",1,1,NA,NA,1,NA,1,NA,NA,0
"locus077","locus151",1,1,NA,NA,1,NA,1,NA,NA,0
"locus077","locus157",1,1,NA,NA,1,NA,1,NA,NA,0
"locus077","locus161",1,1,NA,NA,1,NA,0.56358,1,NA,0
"locus077","locus165",1,1,NA,NA,1,NA,1,NA,NA,0
"locus077","locus170",1,1,NA,NA,1,NA,0.41244,NA,NA,0
"locus077","locus176",1,1,NA,NA,1,1,0.306,NA,NA,0
"locus077","locus184",1,1,NA,NA,1,NA,1,NA,NA,0
"locus077","locus186",1,1,NA,NA,1,NA,0.345712,NA,NA,0
"locus077","locus188",1,1,NA,NA,1,1,1,NA,NA,0
"locus077","locus189",1,1,1,NA,1,NA,1,NA,NA,0
"locus077","locus190",1,1,1,NA,1,1,1,NA,NA,0
"locus077","locus191",1,1,NA,NA,1,NA,1,NA,NA,0
"locus077","locus192",1,0.857652,NA,NA,0.57564,NA,1,NA,NA,0
"locus077","locus195",1,1,NA,NA,1,NA,1,NA,NA,0
"locus077","locus202",0.60533,1,1,NA,1,NA,1,NA,NA,0
"locus077","locus210",1,0.36381,NA,NA,0.915128,NA,1,1,NA,0
"locus077","locus215",1,1,NA,NA,1,NA,1,NA,NA,0
"locus077","locus227",1,1,1,NA,1,NA,1,NA,NA,0
"locus077","locus231",0.483024,0.856344,NA,NA,1,NA,0.084376,NA,NA,0
"locus077","locus235",1,1,NA,NA,1,NA,1,NA,NA,0
"locus077","locus236",1,1,NA,NA,1,NA,1,NA,NA,0
"locus077","locus237",1,1,NA,NA,1,NA,1,NA,NA,0
"locus077","locus239",1,1,NA,NA,0.112648,NA,1,NA,NA,0
"locus077","locus248",0.2164,1,NA,NA,1,NA,0.958888,1,NA,0
"locus077","locus255",1,1,NA,NA,0.424782,NA,NA,NA,NA,0
"locus077","locus256",0.35035,1,1,NA,1,NA,1,NA,NA,0
"locus077","locus263",1,1,1,NA,1,NA,1,NA,NA,0
"locus077","locus264",0.792368,1,1,NA,0.14341,NA,1,NA,NA,0
"locus077","locus274",1,1,1,NA,1,NA,1,NA,NA,0
"locus077","locus280",0.60548,1,NA,NA,1,NA,0.758912,1,NA,0
"locus077","locus282",1,1,NA,NA,1,1,1,NA,NA,0
"locus077","locus286",1,1,NA,NA,1,NA,1,NA,NA,0
"locus077","locus291",0.491872,1,NA,NA,1,NA,1,NA,NA,0
"locus077","locus292",1,1,1,NA,1,NA,1,NA,NA,0
"locus077","locus296",1,1,NA,NA,0.568976,NA,1,NA,NA,0
"locus077","locus301",1,1,NA,NA,0.574736,NA,0.71652,NA,NA,0
"locus077","locus314",1,1,NA,NA,1,NA,1,NA,NA,0
"locus077","locus321",1,0.35908,NA,NA,1,NA,0.651392,1,NA,0
"locus077","locus322",1,1,NA,NA,1,1,1,NA,NA,0
"locus077","locus323",1,1,NA,NA,1,NA,1,NA,NA,0
"locus077","locus329",0.357762,0.141576,NA,NA,1,NA,1,NA,NA,0
"locus077","locus332",0.766944,1,NA,NA,0.573472,NA,1,NA,NA,0
"locus077","locus349",1,1,NA,NA,1,NA,1,NA,NA,0
"locus077","locus358",1,1,NA,NA,1,1,1,NA,NA,0
"locus077","locus359",1,1,NA,NA,1,NA,1,NA,NA,0
"locus077","locus360",1,0.18075,1,NA,1,NA,1,NA,NA,0
"locus080","locus083",1,1,NA,NA,1,NA,1,NA,1,0
"locus080","locus088",1,1,NA,NA,1,1,1,NA,0.560928,0
"locus080","locus093",0.814428,1,1,NA,1,NA,1,NA,1,0
"locus080","locus096",1,1,NA,NA,0.56704,NA,0.07987,NA,1,0
"locus080","locus098",1,1,NA,NA,1,NA,1,NA,1,0
"locus080","locus100",1,1,NA,NA,1,NA,0.29226,NA,1,0
"locus080","locus106",0.7231,1,NA,NA,1,NA,1,NA,1,0
"locus080","locus110",1,1,NA,NA,NA,NA,1,NA,NA,0
"locus080","locus116",1,0.80022,NA,NA,1,NA,0.070664,NA,NA,0
"locus080","locus119",0.37672,1,1,NA,1,NA,1,NA,NA,0
"locus080","locus120",1,1,NA,NA,1,NA,1,1,NA,0
"locus080","locus126",1,1,1,NA,1,NA,0.53009,NA,NA,0
"locus080","locus128",1,0.994176,NA,NA,1,NA,1,NA,NA,0
"locus080","locus129",1,1,1,NA,1,1,1,NA,NA,0
"locus080","locus130",1,1,NA,NA,0.794808,NA,1,NA,NA,0
"locus080","locus134",1,1,NA,NA,0.62575,1,1,NA,NA,0
"locus080","locus135",1,1,NA,NA,1,NA,1,NA,NA,0
"locus080","locus139",1,1,1,NA,1,NA,0.488628,1,NA,0
"locus080","locus140",1,1,1,NA,1,NA,0.41226,NA,NA,0
"locus080","locus146",1,1,NA,1,1,NA,1,NA,NA,0
"locus080","locus148",1,1,NA,NA,0.926104,NA,1,NA,NA,0
"locus080","locus151",1,1,NA,1,1,NA,1,NA,NA,0
"locus080","locus157",1,1,NA,NA,1,NA,1,NA,NA,0
"locus080","locus161",1,1,NA,NA,1,NA,0.41629,1,NA,0
"locus080","locus165",1,1,NA,NA,1,NA,1,NA,NA,0
"locus080","locus170",0.75931,1,NA,1,1,NA,1,NA,NA,0
"locus080","locus176",1,1,NA,NA,1,1,1,NA,NA,0
"locus080","locus186",0.86648,0.86648,NA,NA,1,NA,1,NA,NA,0
"locus080","locus188",0.73718,1,NA,NA,1,1,1,NA,NA,0
"locus080","locus189",1,1,1,1,0.736752,NA,1,NA,NA,0
"locus080","locus190",1,1,1,NA,1,1,1,NA,NA,0
"locus080","locus191",1,1,NA,NA,1,NA,1,NA,NA,0
"locus080","locus192",0.982484,1,NA,NA,0.573768,NA,0.958032,NA,NA,0
"locus080","locus195",0.39572,0.744186,NA,NA,1,NA,1,NA,NA,0
"locus080","locus202",1,1,1,NA,1,NA,0.21291,NA,NA,0
"locus080","locus210",0.901888,1,NA,NA,0.5816,NA,1,1,NA,0
"locus080","locus215",0.965246,0.856816,NA,NA,0.856816,NA,0.856816,NA,NA,0
"locus080","locus227",1,0.72007,1,NA,1,NA,1,NA,NA,0
"locus080","locus231",1,1,NA,NA,0.766896,NA,0.128416,NA,NA,0
"locus080","locus235",1,1,NA,NA,1,NA,0.617952,NA,NA,0
"locus080","locus236",1,1,NA,NA,1,NA,1,NA,NA,0
"locus080","locus237",1,1,NA,NA,1,NA,1,NA,NA,0
"locus080","locus239",1,1,NA,NA,1,NA,0.92444,NA,NA,0
"locus080","locus255",1,1,NA,NA,1,NA,NA,NA,NA,0
"locus080","locus256",1,0.62998,1,1,1,NA,0.486876,NA,NA,0
"locus080","locus263",1,1,1,1,1,NA,1,NA,NA,0
"locus080","locus264",1,1,1,NA,1,NA,1,NA,NA,0
"locus080","locus274",0.698408,1,1,NA,1,NA,0.06281,NA,NA,0
"locus080","locus280",0.36761,1,NA,NA,1,NA,1,1,NA,0
"locus080","locus282",1,1,NA,NA,1,1,1,NA,NA,0
"locus080","locus286",1,0.500528,NA,NA,1,NA,1,NA,NA,0
"locus080","locus291",1,1,NA,NA,1,NA,1,NA,NA,0
"locus080","locus292",1,1,1,NA,1,NA,1,NA,NA,0
"locus080","locus296",1,1,NA,NA,1,NA,0.966632,NA,NA,0
"locus080","locus301",1,1,NA,NA,1,NA,1,NA,NA,0
"locus080","locus314",0.208856,1,NA,NA,1,NA,1,NA,NA,0
"locus080","locus321",1,1,NA,1,1,NA,1,1,NA,0
"locus080","locus322",1,1,NA,NA,1,1,1,NA,NA,0
"locus080","locus323",1,1,NA,NA,1,NA,1,NA,NA,0
"locus080","locus329",0.897616,1,NA,NA,1,NA,1,NA,NA,0
"locus080","locus332",1,1,NA,NA,1,NA,1,NA,NA,0
"locus080","locus358",1,1,NA,1,1,1,1,NA,NA,0
"locus080","locus359",1,1,NA,NA,0.568864,NA,1,NA,NA,0
"locus080","locus360",1,1,1,NA,1,NA,1,NA,NA,0
"locus083","locus088",1,1,NA,NA,1,NA,1,NA,1,0
"locus083","locus093",0.58329,1,NA,NA,1,NA,1,NA,1,0
"locus083","locus096",0.0626,1,NA,NA,1,NA,0.129576,NA,1,0
"locus083","locus098",0.839752,0.53879,NA,NA,1,NA,1,NA,0.839752,0
"locus083","locus100",1,1,NA,NA,1,NA,1,NA,1,0
"locus083","locus106",1,1,NA,NA,1,NA,1,NA,1,0
"locus083","locus110",1,1,NA,NA,NA,NA,1,NA,NA,0
"locus083","locus116",0.095104,1,NA,NA,1,NA,0.143922,NA,NA,0
"locus083","locus119",1,1,NA,NA,1,NA,1,NA,NA,0
"locus083","locus120",1,1,NA,NA,1,NA,1,1,NA,0
"locus083","locus126",1,1,NA,NA,1,NA,1,NA,NA,0
"locus083","locus128",1,1,NA,NA,1,NA,1,NA,NA,0
"locus083","locus129",1,1,NA,NA,1,NA,1,NA,NA,0
"locus083","locus130",1,1,NA,NA,1,NA,1,NA,NA,0
"locus083","locus135",0.316048,1,NA,NA,0.502188,NA,1,NA,NA,0
"locus083","locus137",1,1,NA,NA,1,NA,0.351312,NA,NA,0
"locus083","locus139",0.12696,1,NA,NA,1,NA,1,1,NA,0
"locus083","locus140",0.101048,1,NA,NA,1,NA,1,NA,NA,0
"locus083","locus146",0.797528,1,NA,NA,1,NA,1,NA,NA,0
"locus083","locus148",0.236224,1,NA,NA,1,NA,1,NA,NA,0
"locus083","locus151",0.55372,1,NA,NA,1,NA,1,NA,NA,0
"locus083","locus157",1,1,NA,NA,1,NA,1,NA,NA,0
"locus083","locus161",1,1,NA,NA,0.671512,NA,0.32854,1,NA,0
"locus083","locus165",1,1,NA,NA,1,NA,1,NA,NA,0
"locus083","locus170",1,1,NA,NA,1,NA,1,NA,NA,0
"locus083","locus176",0.994256,1,NA,NA,1,NA,1,NA,NA,0
"locus083","locus184",1,1,NA,NA,1,NA,1,NA,NA,0
"locus083","locus186",1,1,NA,NA,1,NA,1,NA,NA,0
"locus083","locus188",0.730392,1,NA,NA,1,NA,1,NA,NA,0
"locus083","locus189",1,1,NA,NA,1,NA,1,NA,NA,0
"locus083","locus190",1,1,NA,NA,1,NA,1,NA,NA,0
"locus083","locus191",0.223976,0.63738,NA,NA,1,NA,0.7848,NA,NA,0
"locus083","locus192",1,1,NA,NA,1,NA,1,NA,NA,0
"locus083","locus195",1,1,NA,NA,1,NA,1,NA,NA,0
"locus083","locus202",0.56928,1,NA,NA,1,NA,1,NA,NA,0
"locus083","locus210",1,1,NA,NA,1,NA,1,1,NA,0
"locus083","locus215",1,1,NA,NA,1,NA,1,NA,NA,0
"locus083","locus227",1,1,NA,NA,1,NA,1,NA,NA,0
"locus083","locus231",1,1,NA,NA,1,NA,1,NA,NA,0
"locus083","locus235",0.668808,1,NA,NA,1,NA,1,NA,NA,0
"locus083","locus236",1,1,NA,NA,1,NA,1,NA,NA,0
"locus083","locus237",1,1,NA,NA,1,NA,1,NA,NA,0
"locus083","locus239",1,0.425648,NA,NA,1,NA,0.559854,NA,NA,0
"locus083","locus248",1,1,NA,NA,1,NA,1,1,NA,0
"locus083","locus255",0.398778,1,NA,NA,1,NA,NA,NA,NA,0
"locus083","locus256",1,1,NA,NA,1,NA,1,NA,NA,0
"locus083","locus263",1,1,NA,NA,1,NA,1,NA,NA,0
"locus083","locus264",1,1,NA,NA,1,NA,1,NA,NA,0
"locus083","locus274",1,1,NA,NA,1,NA,1,NA,NA,0
"locus083","locus280",1,1,NA,NA,1,NA,1,1,NA,0
"locus083","locus282",0.852824,0.852824,NA,NA,1,NA,1,NA,NA,0
"locus083","locus286",1,1,NA,NA,0.66464,NA,1,NA,NA,0
"locus083","locus291",1,1,NA,NA,1,NA,1,NA,NA,0
"locus083","locus292",0.615672,1,NA,NA,1,NA,1,NA,NA,0
"locus083","locus296",0.208128,0.93514,NA,NA,1,NA,0.299832,NA,NA,0
"locus083","locus314",1,1,NA,NA,1,NA,1,NA,NA,0
"locus083","locus321",0.42797,1,NA,NA,1,NA,1,1,NA,0
"locus083","locus322",0.88324,1,NA,NA,1,NA,0.88324,NA,NA,0
"locus083","locus323",1,1,NA,NA,1,NA,0.821784,NA,NA,0
"locus083","locus329",1,1,NA,NA,1,NA,1,NA,NA,0
"locus083","locus332",1,1,NA,NA,1,NA,1,NA,NA,0
"locus083","locus349",1,1,NA,NA,1,NA,1,NA,NA,0
"locus083","locus358",1,1,NA,NA,1,NA,1,NA,NA,0
"locus083","locus359",1,1,NA,NA,1,NA,1,NA,NA,0
"locus083","locus360",1,1,NA,NA,1,NA,1,NA,NA,0
"locus088","locus093",1,1,1,NA,1,NA,1,NA,1,0
"locus088","locus096",0.13763,0.86184,NA,NA,1,NA,1,NA,1,0
"locus088","locus098",1,1,NA,NA,1,NA,1,NA,1,0
"locus088","locus100",0.52462,1,NA,NA,1,NA,1,NA,1,0
"locus088","locus106",1,1,NA,NA,1,NA,0.83155,NA,0.83155,0
"locus088","locus110",1,1,NA,NA,NA,NA,1,NA,NA,0
"locus088","locus116",1,1,NA,NA,1,NA,1,NA,NA,0
"locus088","locus119",1,1,NA,NA,1,NA,1,NA,NA,0
"locus088","locus120",1,1,NA,NA,1,NA,1,1,NA,0
"locus088","locus126",0.973188,0.914712,NA,NA,0.973188,NA,0.914712,NA,NA,0
"locus088","locus128",1,1,NA,NA,0.78344,NA,0.78344,NA,NA,0
"locus088","locus129",1,0.27925,NA,NA,1,1,1,NA,NA,0
"locus088","locus130",1,1,NA,NA,1,NA,1,NA,NA,0
"locus088","locus134",0.38267,1,NA,NA,1,1,1,NA,NA,0
"locus088","locus135",1,1,NA,NA,1,NA,0.273064,NA,NA,0
"locus088","locus137",0.574776,1,NA,NA,1,NA,0.05208,NA,NA,0
"locus088","locus139",1,1,1,NA,0.851172,NA,1,1,NA,0
"locus088","locus140",1,1,1,NA,0.70899,NA,0.955248,NA,NA,0
"locus088","locus146",1,1,NA,1,1,NA,1,NA,NA,0
"locus088","locus148",1,1,NA,NA,1,NA,1,NA,NA,0
"locus088","locus151",1,0.425862,NA,NA,1,NA,0.201424,NA,NA,0
"locus088","locus157",1,1,NA,NA,1,NA,1,NA,NA,0
"locus088","locus161",1,1,NA,NA,1,NA,1,1,NA,0
"locus088","locus165",1,1,NA,NA,1,NA,1,NA,NA,0
"locus088","locus170",1,1,NA,NA,0.573664,NA,1,NA,NA,0
"locus088","locus176",1,1,NA,NA,1,1,1,NA,NA,0
"locus088","locus184",0.05012,1,NA,NA,1,NA,1,NA,NA,0
"locus088","locus186",1,1,NA,NA,1,NA,1,NA,NA,0
"locus088","locus188",1,1,NA,NA,1,NA,1,NA,NA,0
"locus088","locus189",1,0.81547,1,NA,1,NA,1,NA,NA,0
"locus088","locus190",1,1,1,NA,1,NA,1,NA,NA,0
"locus088","locus191",1,1,NA,NA,1,NA,1,NA,NA,0
"locus088","locus192",0.103848,1,NA,NA,1,NA,0.103848,NA,NA,0
"locus088","locus195",1,0.286752,NA,NA,0.428526,NA,1,NA,NA,0
"locus088","locus202",1,1,NA,NA,1,NA,1,NA,NA,0
"locus088","locus210",1,1,NA,NA,1,NA,1,1,NA,0
"locus088","locus215",1,1,1,NA,1,NA,1,NA,NA,0
"locus088","locus227",1,1,1,NA,1,1,1,NA,NA,0
"locus088","locus231",0.439152,0.439152,NA,NA,1,NA,0.439152,NA,NA,0
"locus088","locus235",1,1,NA,NA,1,NA,1,NA,NA,0
"locus088","locus236",0.211872,0.547644,NA,NA,0.428448,NA,0.899372,NA,NA,0
"locus088","locus237",1,1,1,NA,1,NA,1,NA,NA,0
"locus088","locus239",0.114432,1,NA,NA,1,NA,0.391344,NA,NA,0
"locus088","locus248",1,1,NA,NA,1,NA,1,1,NA,0
"locus088","locus255",1,0.177456,NA,NA,1,NA,NA,NA,NA,0
"locus088","locus256",1,0.63084,NA,1,1,NA,1,NA,NA,0
"locus088","locus263",1,1,NA,1,1,NA,1,NA,NA,0
"locus088","locus264",1,0.659464,NA,NA,1,NA,1,NA,NA,0
"locus088","locus274",1,1,1,NA,0.57124,NA,0.06978,NA,NA,0
"locus088","locus280",0.30876,1,NA,NA,1,NA,0.30876,0.425952,NA,0
"locus088","locus282",1,1,NA,NA,1,1,1,NA,NA,0
"locus088","locus286",1,0.497264,NA,NA,1,NA,1,NA,NA,0
"locus088","locus291",1,1,NA,NA,1,1,1,NA,NA,0
"locus088","locus292",1,1,1,NA,0.92304,NA,0.62566,NA,NA,0
"locus088","locus296",1,1,NA,NA,1,NA,1,NA,NA,0
"locus088","locus301",1,1,1,NA,1,NA,1,NA,NA,0
"locus088","locus314",1,0.503632,NA,NA,1,NA,1,NA,NA,0
"locus088","locus321",1,0.079236,NA,1,1,NA,1,1,NA,0
"locus088","locus322",0.687516,1,NA,1,1,1,0.687516,NA,NA,0
"locus088","locus323",1,1,NA,NA,1,NA,0.19608,NA,NA,0
"locus088","locus329",0.922936,0.849904,NA,NA,0.849904,NA,0.849904,NA,NA,0
"locus088","locus332",1,1,NA,NA,1,NA,1,NA,NA,0
"locus088","locus349",1,1,NA,NA,1,NA,1,NA,NA,0
"locus088","locus358",1,1,NA,1,1,1,1,NA,NA,0
"locus088","locus359",1,0.285648,NA,NA,1,NA,1,NA,NA,0
"locus088","locus360",1,0.17704,NA,NA,1,1,1,NA,NA,0
"locus093","locus096",1,1,NA,NA,1,NA,1,NA,1,0
"locus093","locus098",1,1,NA,NA,1,NA,1,NA,1,0
"locus093","locus100",1,1,NA,NA,1,NA,0.28075,NA,1,0
"locus093","locus106",1,1,NA,NA,1,NA,1,NA,1,0
"locus093","locus110",1,1,NA,NA,NA,NA,1,NA,NA,0
"locus093","locus116",1,1,NA,NA,1,NA,1,NA,NA,0
"locus093","locus119",1,1,NA,NA,1,NA,0.674504,NA,NA,0
"locus093","locus120",1,1,NA,NA,1,NA,1,NA,NA,0
"locus093","locus126",1,1,NA,NA,1,NA,1,NA,NA,0
"locus093","locus128",1,1,NA,NA,1,NA,1,NA,NA,0
"locus093","locus129",1,1,NA,NA,1,NA,1,NA,NA,0
"locus093","locus130",0.229632,1,NA,NA,1,NA,0.83475,NA,NA,0
"locus093","locus134",0.72623,1,1,NA,1,NA,1,NA,NA,0
"locus093","locus135",1,1,NA,NA,1,NA,1,NA,NA,0
"locus093","locus137",0.382088,1,NA,NA,1,NA,0.382088,NA,NA,0
"locus093","locus139",1,1,1,NA,1,NA,1,NA,NA,0
"locus093","locus140",1,1,1,NA,1,NA,1,NA,NA,0
"locus093","locus146",1,1,NA,1,1,NA,1,NA,NA,0
"locus093","locus148",1,1,NA,NA,1,NA,1,NA,NA,0
"locus093","locus151",1,1,NA,NA,1,NA,1,NA,NA,0
"locus093","locus157",1,1,NA,NA,1,NA,1,NA,NA,0
"locus093","locus161",1,1,NA,NA,1,NA,1,NA,NA,0
"locus093","locus165",1,1,NA,NA,1,NA,1,NA,NA,0
"locus093","locus170",0.133872,1,NA,NA,1,NA,1,NA,NA,0
"locus093","locus176",1,1,NA,NA,1,NA,0.669728,NA,NA,0
"locus093","locus184",1,1,NA,NA,1,NA,1,NA,NA,0
"locus093","locus186",1,1,NA,NA,1,NA,1,NA,NA,0
"locus093","locus188",1,1,NA,NA,1,NA,1,NA,NA,0
"locus093","locus189",1,1,1,NA,1,NA,0.69126,NA,NA,0
"locus093","locus190",1,1,1,NA,1,NA,1,NA,NA,0
"locus093","locus191",1,1,NA,NA,1,NA,1,NA,NA,0
"locus093","locus192",1,1,NA,NA,1,NA,1,NA,NA,0
"locus093","locus195",1,1,NA,NA,1,NA,1,NA,NA,0
"locus093","locus202",0.608488,1,NA,NA,1,NA,1,NA,NA,0
"locus093","locus210",1,1,1,NA,1,NA,1,NA,NA,0
"locus093","locus215",1,1,NA,NA,1,NA,1,NA,NA,0
"locus093","locus227",1,1,1,NA,1,NA,1,NA,NA,0
"locus093","locus231",1,1,NA,NA,1,NA,1,NA,NA,0
"locus093","locus235",1,1,NA,NA,1,NA,1,NA,NA,0
"locus093","locus236",1,1,NA,NA,1,NA,1,NA,NA,0
"locus093","locus237",1,1,1,NA,1,NA,1,NA,NA,0
"locus093","locus239",0.740328,1,NA,NA,1,NA,0.740328,NA,NA,0
"locus093","locus248",1,1,NA,NA,1,NA,1,NA,NA,0
"locus093","locus255",1,1,NA,NA,1,NA,NA,NA,NA,0
"locus093","locus256",1,1,NA,1,1,NA,1,NA,NA,0
"locus093","locus263",1,1,NA,1,1,NA,1,NA,NA,0
"locus093","locus264",0.743984,1,NA,NA,1,NA,1,NA,NA,0
"locus093","locus274",1,1,1,NA,1,NA,1,NA,NA,0
"locus093","locus280",0.572584,1,NA,NA,1,NA,1,NA,NA,0
"locus093","locus282",1,1,NA,NA,1,NA,1,NA,NA,0
"locus093","locus286",1,1,NA,NA,1,NA,1,NA,NA,0
"locus093","locus291",0.475794,1,NA,NA,1,NA,0.4434,NA,NA,0
"locus093","locus292",1,1,1,NA,1,NA,0.97104,NA,NA,0
"locus093","locus296",0.888848,1,NA,NA,1,NA,0.888848,NA,NA,0
"locus093","locus301",0.888312,1,NA,NA,1,NA,1,NA,NA,0
"locus093","locus314",1,1,NA,NA,1,NA,1,NA,NA,0
"locus093","locus321",0.47464,1,NA,1,1,NA,1,NA,NA,0
"locus093","locus322",1,1,NA,1,1,NA,1,NA,NA,0
"locus093","locus323",0.445616,1,NA,NA,1,NA,0.445616,NA,NA,0
"locus093","locus329",1,1,NA,NA,1,NA,1,NA,NA,0
"locus093","locus332",1,1,NA,NA,1,NA,1,NA,NA,0
"locus093","locus349",0.972616,1,NA,NA,1,NA,1,NA,NA,0
"locus093","locus358",1,1,NA,1,1,NA,1,NA,NA,0
"locus093","locus359",1,1,NA,NA,1,NA,1,NA,NA,0
"locus093","locus360",1,1,NA,NA,1,NA,0.999,NA,NA,0
"locus096","locus098",1,1,NA,NA,1,NA,1,NA,0.46712,0
"locus096","locus100",1,1,NA,NA,1,NA,1,NA,1,0
"locus096","locus106",1,1,NA,NA,1,NA,1,NA,1,0
"locus096","locus110",1,1,NA,NA,NA,NA,1,NA,NA,0
"locus096","locus116",1,1,NA,NA,1,NA,1,NA,NA,0
"locus096","locus119",1,1,NA,NA,1,NA,0.79324,NA,NA,0
"locus096","locus120",1,1,NA,NA,1,NA,0.20868,1,NA,0
"locus096","locus126",1,1,NA,NA,1,NA,1,NA,NA,0
"locus096","locus128",0.855552,1,NA,NA,1,NA,1,NA,NA,0
"locus096","locus129",1,1,NA,NA,1,1,1,NA,NA,0
"locus096","locus130",1,1,NA,NA,1,NA,1,NA,NA,0
"locus096","locus134",1,1,1,NA,1,1,0.750768,NA,NA,0
"locus096","locus135",1,1,NA,NA,1,1,1,NA,NA,0
"locus096","locus137",1,0.990688,NA,NA,1,NA,1,NA,NA,0
"locus096","locus139",1,1,1,NA,0.862656,NA,1,1,NA,0
"locus096","locus140",1,1,1,NA,0.71465,NA,1,NA,NA,0
"locus096","locus148",1,1,NA,NA,1,NA,1,NA,NA,0
"locus096","locus151",1,1,NA,NA,1,1,1,NA,NA,0
"locus096","locus157",1,1,NA,NA,1,NA,1,NA,NA,0
"locus096","locus161",1,1,NA,NA,1,NA,0.57052,1,NA,0
"locus096","locus165",1,1,NA,NA,1,NA,1,NA,NA,0
"locus096","locus170",0.419008,0.5457,NA,NA,0.424416,NA,0.5457,NA,NA,0
"locus096","locus176",1,1,NA,NA,1,1,1,NA,NA,0
"locus096","locus184",1,1,NA,NA,1,NA,0.809208,NA,NA,0
"locus096","locus186",1,1,NA,NA,0.563944,NA,0.563944,NA,NA,0
"locus096","locus188",1,1,NA,NA,1,NA,1,NA,NA,0
"locus096","locus189",1,1,1,NA,1,NA,1,NA,NA,0
"locus096","locus190",1,1,1,NA,1,NA,1,NA,NA,0
"locus096","locus191",1,1,NA,NA,1,NA,1,NA,NA,0
"locus096","locus192",0.500238,0.500238,NA,NA,0.193768,NA,0.500238,NA,NA,0
"locus096","locus195",0.735444,0.427632,NA,NA,0.71826,NA,0.735444,NA,NA,0
"locus096","locus210",1,1,1,NA,1,NA,1,1,NA,0
"locus096","locus215",0.17268,1,NA,NA,1,NA,1,NA,NA,0
"locus096","locus227",1,1,1,NA,1,NA,1,NA,NA,0
"locus096","locus231",1,1,NA,NA,1,NA,1,NA,NA,0
"locus096","locus235",1,1,NA,NA,1,NA,1,NA,NA,0
"locus096","locus236",1,1,NA,NA,1,NA,1,NA,NA,0
"locus096","locus237",1,1,1,NA,1,NA,1,NA,NA,0
"locus096","locus239",1,1,NA,NA,0.553072,NA,0.553072,NA,NA,0
"locus096","locus248",1,1,NA,NA,1,NA,1,1,NA,0
"locus096","locus255",1,1,NA,NA,1,NA,NA,NA,NA,0
"locus096","locus256",1,1,NA,1,1,NA,1,NA,NA,0
"locus096","locus263",1,1,NA,1,1,NA,0.79089,NA,NA,0
"locus096","locus264",0.431368,0.500556,NA,NA,0.432048,NA,0.724622,NA,NA,0
"locus096","locus274",1,1,1,NA,1,NA,1,NA,NA,0
"locus096","locus280",1,1,NA,NA,1,1,1,1,NA,0
"locus096","locus282",1,1,NA,NA,1,1,1,NA,NA,0
"locus096","locus286",1,0.996056,NA,NA,1,NA,1,NA,NA,0
"locus096","locus291",1,1,NA,NA,1,NA,1,NA,NA,0
"locus096","locus292",1,1,1,NA,1,NA,1,NA,NA,0
"locus096","locus296",1,1,NA,NA,1,NA,1,NA,NA,0
"locus096","locus301",1,1,NA,NA,1,NA,0.147912,NA,NA,0
"locus096","locus314",0.592704,1,NA,NA,1,NA,1,NA,NA,0
"locus096","locus321",1,1,NA,1,1,NA,1,1,NA,0
"locus096","locus322",1,1,NA,1,1,1,1,NA,NA,0
"locus096","locus323",1,0.54299,NA,NA,1,1,0.81184,NA,NA,0
"locus096","locus329",1,1,NA,NA,1,NA,1,NA,NA,0
"locus096","locus332",1,1,NA,NA,1,NA,1,NA,NA,0
"locus096","locus349",0.826488,1,NA,NA,1,NA,1,NA,NA,0
"locus096","locus358",1,1,NA,1,1,1,1,NA,NA,0
"locus096","locus359",1,1,NA,NA,1,NA,1,NA,NA,0
"locus096","locus360",1,1,NA,NA,1,NA,1,NA,NA,0
"locus098","locus100",1,1,NA,NA,1,NA,1,NA,1,0
"locus098","locus106",1,1,NA,NA,1,NA,0.92318,NA,1,0
"locus098","locus110",0.326184,0.670968,NA,NA,NA,NA,0.670968,NA,NA,0
"locus098","locus116",1,1,NA,NA,1,NA,0.105504,NA,NA,0
"locus098","locus120",1,1,NA,NA,1,NA,1,1,NA,0
"locus098","locus126",1,0.570592,NA,NA,1,NA,1,NA,NA,0
"locus098","locus128",1,1,NA,NA,1,NA,1,NA,NA,0
"locus098","locus129",1,1,NA,NA,1,1,1,NA,NA,0
"locus098","locus130",1,1,NA,NA,1,NA,0.504632,NA,NA,0
"locus098","locus134",1,1,1,NA,1,1,1,NA,NA,0
"locus098","locus135",0.54464,0.710328,NA,NA,1,NA,0.614358,NA,NA,0
"locus098","locus137",0.294624,0.294624,NA,NA,1,NA,0.294624,NA,NA,0
"locus098","locus139",1,1,1,NA,1,NA,1,1,NA,0
"locus098","locus140",1,1,1,NA,1,NA,1,NA,NA,0
"locus098","locus146",1,1,NA,1,1,NA,1,NA,NA,0
"locus098","locus148",0.802482,0.431032,NA,NA,1,NA,0.966416,NA,NA,0
"locus098","locus151",1,1,NA,NA,1,NA,1,NA,NA,0
"locus098","locus157",1,1,NA,NA,0.568168,NA,1,NA,NA,0
"locus098","locus161",1,1,NA,NA,1,NA,1,1,NA,0
"locus098","locus165",1,1,NA,NA,1,NA,1,NA,NA,0
"locus098","locus170",1,1,NA,NA,1,NA,1,NA,NA,0
"locus098","locus176",1,1,NA,NA,1,1,1,NA,NA,0
"locus098","locus184",0.19908,1,NA,NA,0.85278,NA,0.85278,NA,NA,0
"locus098","locus186",0.472384,1,NA,NA,1,NA,1,NA,NA,0
"locus098","locus188",1,1,NA,NA,1,NA,1,NA,NA,0
"locus098","locus189",0.80104,1,1,NA,1,NA,1,NA,NA,0
"locus098","locus190",1,1,1,NA,0.71554,NA,1,NA,NA,0
"locus098","locus191",1,1,NA,NA,1,NA,0.376696,NA,NA,0
"locus098","locus192",0.226544,1,NA,NA,1,NA,1,NA,NA,0
"locus098","locus195",0.14668,1,NA,NA,1,NA,0.564012,NA,NA,0
"locus098","locus202",1,1,NA,NA,0.571904,NA,1,NA,NA,0
"locus098","locus210",0.70145,0.42372,1,NA,1,NA,1,1,NA,0
"locus098","locus227",1,1,1,NA,1,NA,1,NA,NA,0
"locus098","locus231",1,1,NA,NA,1,NA,1,NA,NA,0
"locus098","locus235",1,1,NA,NA,0.569416,NA,1,NA,NA,0
"locus098","locus236",1,1,NA,NA,1,NA,1,NA,NA,0
"locus098","locus237",1,1,1,NA,0.71213,NA,1,NA,NA,0
"locus098","locus239",0.644392,1,NA,NA,1,NA,1,NA,NA,0
"locus098","locus248",1,1,NA,NA,1,NA,1,1,NA,0
"locus098","locus255",0.190752,1,NA,NA,1,NA,NA,NA,NA,0
"locus098","locus256",1,1,NA,1,1,1,1,NA,NA,0
"locus098","locus263",1,1,NA,1,1,NA,1,NA,NA,0
"locus098","locus264",0.946284,0.571096,NA,NA,1,NA,1,NA,NA,0
"locus098","locus274",1,1,1,NA,1,NA,1,NA,NA,0
"locus098","locus280",1,1,NA,NA,1,NA,1,1,NA,0
"locus098","locus282",1,0.3539,NA,NA,0.56476,1,1,NA,NA,0
"locus098","locus286",1,1,NA,NA,1,NA,1,NA,NA,0
"locus098","locus291",1,1,NA,NA,1,NA,1,NA,NA,0
"locus098","locus292",1,1,1,NA,1,NA,1,NA,NA,0
"locus098","locus296",1,0.4294,NA,NA,1,NA,0.981762,NA,NA,0
"locus098","locus301",0.549672,1,NA,NA,1,NA,1,NA,NA,0
"locus098","locus314",0.9848,0.9848,NA,NA,0.9848,NA,0.9848,NA,NA,0
"locus098","locus321",1,1,NA,1,1,NA,1,1,NA,0
"locus098","locus322",1,1,NA,1,0.852108,1,1,NA,NA,0
"locus098","locus323",0.594944,0.594944,NA,NA,0.859932,NA,0.859932,NA,NA,0
"locus098","locus329",1,1,NA,NA,1,NA,1,NA,NA,0
"locus098","locus332",1,1,NA,NA,1,NA,1,NA,NA,0
"locus098","locus349",1,1,NA,NA,1,NA,1,NA,NA,0
"locus098","locus358",1,1,NA,1,1,1,1,NA,NA,0
"locus098","locus359",1,1,NA,NA,1,NA,1,NA,NA,0
"locus098","locus360",1,1,NA,NA,1,NA,1,NA,NA,0
"locus100","locus106",1,1,NA,NA,1,NA,0.94086,NA,1,0
"locus100","locus110",0.819786,0.819786,NA,NA,NA,NA,1,NA,NA,0
"locus100","locus116",0.382552,1,NA,NA,1,NA,0.765666,NA,NA,0
"locus100","locus119",1,1,NA,NA,1,NA,1,NA,NA,0
"locus100","locus120",1,1,NA,NA,1,NA,1,1,NA,0
"locus100","locus128",1,1,NA,NA,1,NA,1,NA,NA,0
"locus100","locus129",1,1,NA,NA,0.71252,1,1,NA,NA,0
"locus100","locus130",1,1,NA,NA,1,NA,1,NA,NA,0
"locus100","locus134",1,0.854148,1,NA,1,1,1,NA,NA,0
"locus100","locus135",0.115744,0.681816,NA,NA,0.681816,NA,0.9324,NA,NA,0
"locus100","locus137",1,1,NA,NA,1,NA,0.277304,NA,NA,0
"locus100","locus139",1,1,1,NA,0.70642,NA,0.535392,1,NA,0
"locus100","locus140",1,1,1,NA,0.576016,NA,0.44451,NA,NA,0
"locus100","locus146",1,1,NA,1,1,NA,1,NA,NA,0
"locus100","locus148",0.228432,1,NA,NA,0.228432,NA,0.293844,NA,NA,0
"locus100","locus151",0.162208,1,NA,NA,1,NA,0.38244,NA,NA,0
"locus100","locus157",1,1,NA,NA,1,NA,1,NA,NA,0
"locus100","locus161",1,1,NA,NA,1,NA,0.98549,1,NA,0
"locus100","locus165",1,1,NA,NA,1,NA,1,NA,NA,0
"locus100","locus170",0.573488,0.573488,NA,NA,0.573488,NA,0.573488,NA,NA,0
"locus100","locus176",1,1,NA,NA,1,1,1,NA,NA,0
"locus100","locus184",0.478648,1,NA,NA,1,NA,1,NA,NA,0
"locus100","locus186",1,1,NA,NA,1,NA,1,NA,NA,0
"locus100","locus188",1,1,NA,NA,1,NA,1,NA,NA,0
"locus100","locus189",1,1,1,NA,1,NA,1,NA,NA,0
"locus100","locus190",1,1,1,NA,1,NA,1,NA,NA,0
"locus100","locus191",1,1,NA,NA,1,NA,1,NA,NA,0
"locus100","locus192",1,1,NA,NA,1,NA,0.271864,NA,NA,0
"locus100","locus195",1,1,NA,NA,1,1,0.11535,NA,NA,0
"locus100","locus202",0.462232,0.462232,NA,NA,0.754824,NA,0.754824,NA,NA,0
"locus100","locus210",1,1,1,NA,1,NA,1,1,NA,0
"locus100","locus215",1,1,NA,NA,0.23092,NA,0.646494,NA,NA,0
"locus100","locus227",1,1,1,NA,1,NA,1,NA,NA,0
"locus100","locus231",0.319912,1,NA,NA,1,NA,1,NA,NA,0
"locus100","locus235",0.121352,1,NA,NA,0.857688,NA,0.693762,NA,NA,0
"locus100","locus236",1,0.57104,NA,NA,1,NA,1,NA,NA,0
"locus100","locus237",1,1,1,NA,1,NA,1,NA,NA,0
"locus100","locus239",1,1,NA,NA,1,NA,1,NA,NA,0
"locus100","locus248",1,1,NA,NA,1,NA,1,1,NA,0
"locus100","locus255",1,1,NA,NA,1,NA,NA,NA,NA,0
"locus100","locus256",1,1,NA,1,1,NA,1,NA,NA,0
"locus100","locus263",0.46429,1,NA,1,1,NA,1,NA,NA,0
"locus100","locus264",1,1,NA,NA,1,NA,1,NA,NA,0
"locus100","locus274",0.16558,0.664248,0.664248,NA,0.49284,NA,0.49284,NA,NA,0
"locus100","locus280",1,1,NA,NA,1,NA,1,0.72011,NA,0
"locus100","locus282",1,1,NA,NA,1,1,0.33408,NA,NA,0
"locus100","locus286",1,1,NA,NA,1,NA,1,NA,NA,0
"locus100","locus291",1,1,NA,NA,1,NA,1,NA,NA,0
"locus100","locus292",0.67281,0.67281,1,NA,1,NA,0.67281,NA,NA,0
"locus100","locus296",1,1,NA,NA,1,NA,1,NA,NA,0
"locus100","locus301",1,0.545424,NA,NA,1,NA,0.545424,NA,NA,0
"locus100","locus314",1,1,NA,NA,1,NA,1,NA,NA,0
"locus100","locus321",0.97063,1,NA,1,0.853068,NA,1,1,NA,0
"locus100","locus322",1,1,NA,1,1,1,1,NA,NA,0
"locus100","locus329",0.273264,1,NA,NA,1,NA,1,NA,NA,0
"locus100","locus332",1,1,NA,NA,1,NA,0.42636,NA,NA,0
"locus100","locus349",1,1,NA,NA,1,NA,1,NA,NA,0
"locus100","locus358",1,1,NA,1,0.85242,1,1,NA,NA,0
"locus100","locus359",1,1,NA,NA,1,NA,1,NA,NA,0
"locus100","locus360",0.882954,0.856012,NA,NA,0.773064,NA,0.264072,NA,NA,0
"locus106","locus110",1,1,NA,NA,NA,NA,1,NA,NA,0
"locus106","locus116",1,1,NA,NA,1,NA,1,NA,NA,0
"locus106","locus119",1,1,NA,NA,1,NA,1,NA,NA,0
"locus106","locus120",1,1,NA,NA,1,NA,0.68412,1,NA,0
"locus106","locus128",1,1,NA,NA,1,NA,0.6332,NA,NA,0
"locus106","locus129",0.79881,1,NA,NA,1,1,0.993496,NA,NA,0
"locus106","locus130",0.150024,1,NA,NA,1,NA,1,NA,NA,0
"locus106","locus134",1,1,1,NA,1,1,1,NA,NA,0
"locus106","locus135",1,1,NA,NA,1,NA,0.591384,NA,NA,0
"locus106","locus137",1,1,NA,NA,1,NA,1,NA,NA,0
"locus106","locus139",1,1,1,NA,0.864876,NA,1,1,NA,0
"locus106","locus140",1,1,1,NA,0.71574,NA,1,NA,NA,0
"locus106","locus146",1,1,NA,1,0.23711,NA,1,NA,NA,0
"locus106","locus148",1,1,NA,NA,1,NA,1,NA,NA,0
"locus106","locus157",1,1,NA,NA,1,NA,1,NA,NA,0
"locus106","locus161",1,1,NA,NA,1,NA,1,1,NA,0
"locus106","locus165",1,1,NA,NA,1,NA,1,NA,NA,0
"locus106","locus170",0.59326,1,NA,NA,0.432252,NA,0.167936,NA,NA,0
"locus106","locus176",1,1,NA,NA,1,1,1,NA,NA,0
"locus106","locus184",0.787176,1,NA,NA,1,NA,1,NA,NA,0
"locus106","locus186",1,1,NA,NA,1,NA,1,NA,NA,0
"locus106","locus188",1,1,NA,NA,1,NA,1,NA,NA,0
"locus106","locus189",1,1,1,NA,1,NA,1,NA,NA,0
"locus106","locus190",1,1,1,NA,1,NA,1,NA,NA,0
"locus106","locus191",0.264224,1,NA,NA,1,NA,1,NA,NA,0
"locus106","locus192",1,1,NA,NA,1,NA,1,NA,NA,0
"locus106","locus195",1,1,NA,NA,1,1,1,NA,NA,0
"locus106","locus202",1,1,NA,NA,1,NA,0.464592,NA,NA,0
"locus106","locus210",0.99444,1,1,NA,1,NA,1,1,NA,0
"locus106","locus215",0.74776,1,NA,NA,1,NA,1,NA,NA,0
"locus106","locus227",1,1,1,NA,1,NA,1,NA,NA,0
"locus106","locus231",0.535032,1,NA,NA,0.859912,NA,0.649608,NA,NA,0
"locus106","locus235",1,1,NA,NA,1,NA,1,NA,NA,0
"locus106","locus236",1,1,NA,NA,1,NA,1,NA,NA,0
"locus106","locus237",1,1,1,NA,1,NA,0.29516,NA,NA,0
"locus106","locus239",1,1,NA,NA,1,NA,1,NA,NA,0
"locus106","locus248",1,1,NA,NA,1,NA,1,1,NA,0
"locus106","locus255",1,1,NA,NA,1,NA,NA,NA,NA,0
"locus106","locus256",1,1,NA,1,0.48003,NA,0.76376,NA,NA,0
"locus106","locus263",0.28469,1,NA,1,1,NA,1,NA,NA,0
"locus106","locus264",1,1,NA,NA,1,NA,1,NA,NA,0
"locus106","locus274",1,1,1,NA,1,NA,1,NA,NA,0
"locus106","locus280",1,1,NA,NA,1,NA,1,1,NA,0
"locus106","locus282",1,1,NA,NA,1,1,1,NA,NA,0
"locus106","locus286",0.367064,1,NA,NA,1,NA,1,NA,NA,0
"locus106","locus291",1,1,NA,NA,1,NA,1,NA,NA,0
"locus106","locus292",1,1,1,NA,1,NA,1,NA,NA,0
"locus106","locus296",1,1,NA,NA,1,NA,0.963184,NA,NA,0
"locus106","locus301",1,1,NA,NA,1,NA,1,NA,NA,0
"locus106","locus314",1,1,NA,NA,1,NA,0.47096,NA,NA,0
"locus106","locus321",1,1,NA,1,1,NA,1,1,NA,0
"locus106","locus322",1,1,NA,1,1,1,1,NA,NA,0
"locus106","locus323",1,1,NA,NA,1,NA,1,NA,NA,0
"locus106","locus329",1,1,NA,NA,1,NA,1,NA,NA,0
"locus106","locus332",1,1,NA,NA,1,NA,1,NA,NA,0
"locus106","locus349",1,1,NA,NA,1,NA,0.168744,NA,NA,0
"locus106","locus358",1,1,NA,1,0.86142,1,1,NA,NA,0
"locus106","locus359",1,1,NA,NA,1,NA,1,NA,NA,0
"locus106","locus360",0.80802,1,NA,NA,1,NA,0.630328,NA,NA,0
"locus110","locus116",1,1,NA,NA,NA,NA,1,NA,NA,0
"locus110","locus119",1,1,NA,NA,NA,NA,0.286212,NA,NA,0
"locus110","locus120",1,1,NA,NA,NA,NA,1,1,NA,0
"locus110","locus126",0.338538,0.800304,NA,NA,NA,NA,0.873064,NA,NA,0
"locus110","locus128",1,1,NA,NA,NA,NA,1,NA,NA,0
"locus110","locus129",1,1,NA,NA,NA,NA,0.711024,NA,NA,0
"locus110","locus130",0.506946,1,NA,NA,NA,NA,1,NA,NA,0
"locus110","locus134",1,1,NA,NA,NA,NA,1,NA,NA,0
"locus110","locus135",0.59247,0.59247,NA,NA,NA,NA,0.59247,NA,NA,0
"locus110","locus137",0.98902,0.98902,NA,NA,NA,NA,0.798294,NA,NA,0
"locus110","locus139",1,1,NA,NA,NA,NA,1,1,NA,0
"locus110","locus140",1,1,NA,NA,NA,NA,0.76713,NA,NA,0
"locus110","locus146",1,1,NA,NA,NA,NA,1,NA,NA,0
"locus110","locus148",0.42909,1,NA,NA,NA,NA,0.53892,NA,NA,0
"locus110","locus151",1,1,NA,NA,NA,NA,1,NA,NA,0
"locus110","locus157",1,1,NA,NA,NA,NA,1,NA,NA,0
"locus110","locus161",1,1,NA,NA,NA,NA,1,1,NA,0
"locus110","locus165",0.227712,1,NA,NA,NA,NA,1,NA,NA,0
"locus110","locus170",0.671874,1,NA,NA,NA,NA,1,NA,NA,0
"locus110","locus176",0.962532,0.962532,NA,NA,NA,NA,0.592758,NA,NA,0
"locus110","locus184",1,1,NA,NA,NA,NA,1,NA,NA,0
"locus110","locus186",1,1,NA,NA,NA,NA,1,NA,NA,0
"locus110","locus188",0.571326,0.798708,NA,NA,NA,NA,0.818612,NA,NA,0
"locus110","locus189",0.866206,0.797772,NA,NA,NA,NA,0.11106,NA,NA,0
"locus110","locus190",0.082836,1,NA,NA,NA,NA,1,NA,NA,0
"locus110","locus191",1,1,NA,NA,NA,NA,1,NA,NA,0
"locus110","locus192",0.663708,0.663708,NA,NA,NA,NA,0.087444,NA,NA,0
"locus110","locus195",0.564236,0.564236,NA,NA,NA,NA,0.180618,NA,NA,0
"locus110","locus202",0.963894,1,NA,NA,NA,NA,0.963894,NA,NA,0
"locus110","locus210",1,1,NA,NA,NA,NA,1,1,NA,0
"locus110","locus215",1,1,NA,NA,NA,NA,1,NA,NA,0
"locus110","locus227",0.94539,1,NA,NA,NA,NA,0.94539,NA,NA,0
"locus110","locus231",0.265992,1,NA,NA,NA,NA,0.81532,NA,NA,0
"locus110","locus235",0.419142,1,NA,NA,NA,NA,1,NA,NA,0
"locus110","locus236",0.4868,0.30099,NA,NA,NA,NA,0.556002,NA,NA,0
"locus110","locus237",1,1,NA,NA,NA,NA,1,NA,NA,0
"locus110","locus239",1,1,NA,NA,NA,NA,0.282348,NA,NA,0
"locus110","locus248",1,1,NA,NA,NA,NA,1,1,NA,0
"locus110","locus255",1,0.801976,NA,NA,NA,NA,NA,NA,NA,0
"locus110","locus263",1,1,NA,NA,NA,NA,1,NA,NA,0
"locus110","locus264",0.2019,1,NA,NA,NA,NA,1,NA,NA,0
"locus110","locus274",1,1,NA,NA,NA,NA,1,NA,NA,0
"locus110","locus280",0.198936,1,NA,NA,NA,NA,1,1,NA,0
"locus110","locus282",1,1,NA,NA,NA,NA,1,NA,NA,0
"locus110","locus286",1,1,NA,NA,NA,NA,1,NA,NA,0
"locus110","locus291",0.905896,0.79834,NA,NA,NA,NA,0.249252,NA,NA,0
"locus110","locus292",1,1,NA,NA,NA,NA,0.554406,NA,NA,0
"locus110","locus296",0.424734,0.801744,NA,NA,NA,NA,1,NA,NA,0
"locus110","locus301",0.95079,0.936696,NA,NA,NA,NA,0.936696,NA,NA,0
"locus110","locus314",1,1,NA,NA,NA,NA,1,NA,NA,0
"locus110","locus321",1,1,NA,NA,NA,NA,1,1,NA,0
"locus110","locus322",1,1,NA,NA,NA,NA,1,NA,NA,0
"locus110","locus323",1,1,NA,NA,NA,NA,1,NA,NA,0
"locus110","locus329",1,1,NA,NA,NA,NA,1,NA,NA,0
"locus110","locus332",0.781488,1,NA,NA,NA,NA,1,NA,NA,0
"locus110","locus349",1,1,NA,NA,NA,NA,1,NA,NA,0
"locus110","locus358",0.990408,1,NA,NA,NA,NA,0.728916,NA,NA,0
"locus110","locus359",1,1,NA,NA,NA,NA,1,NA,NA,0
"locus110","locus360",1,1,NA,NA,NA,NA,0.68673,NA,NA,0
"locus116","locus120",1,1,NA,NA,1,NA,1,1,NA,0
"locus116","locus126",0.560664,1,NA,NA,1,NA,0.68925,NA,NA,0
"locus116","locus128",1,1,1,NA,1,NA,1,NA,NA,0
"locus116","locus129",1,1,NA,NA,1,1,1,NA,NA,0
"locus116","locus130",1,1,NA,NA,1,NA,0.146784,NA,NA,0
"locus116","locus134",1,1,NA,NA,1,1,1,NA,NA,0
"locus116","locus135",1,1,NA,NA,1,NA,0.68208,NA,NA,0
"locus116","locus137",1,1,NA,NA,1,NA,0.095512,NA,NA,0
"locus116","locus139",1,1,1,NA,1,NA,1,1,NA,0
"locus116","locus140",1,1,1,NA,1,NA,1,NA,NA,0
"locus116","locus146",1,1,NA,1,1,NA,1,NA,NA,0
"locus116","locus148",0.885688,1,NA,NA,1,NA,1,NA,NA,0
"locus116","locus151",1,1,NA,NA,0.496072,NA,1,NA,NA,0
"locus116","locus157",0.470312,0.754602,NA,NA,1,NA,1,NA,NA,0
"locus116","locus161",1,0.36168,NA,NA,1,NA,1,1,NA,0
"locus116","locus165",1,0.23068,NA,NA,1,NA,0.291588,NA,NA,0
"locus116","locus176",1,1,NA,NA,1,1,1,NA,NA,0
"locus116","locus184",1,1,NA,NA,1,NA,1,NA,NA,0
"locus116","locus186",1,1,NA,NA,1,NA,1,NA,NA,0
"locus116","locus188",1,1,NA,NA,0.798592,NA,1,NA,NA,0
"locus116","locus189",1,0.6528,1,NA,1,NA,0.36554,NA,NA,0
"locus116","locus190",1,1,1,NA,1,NA,0.11491,NA,NA,0
"locus116","locus191",0.338808,1,NA,NA,1,NA,1,NA,NA,0
"locus116","locus192",1,1,NA,NA,1,NA,1,NA,NA,0
"locus116","locus195",1,1,NA,NA,1,1,1,NA,NA,0
"locus116","locus202",1,1,NA,NA,1,NA,0.96524,NA,NA,0
"locus116","locus210",1,1,NA,NA,1,NA,1,1,NA,0
"locus116","locus215",1,1,NA,NA,1,NA,1,NA,NA,0
"locus116","locus227",0.93223,1,1,NA,1,NA,0.996256,NA,NA,0
"locus116","locus231",1,1,NA,NA,1,NA,1,NA,NA,0
"locus116","locus235",1,1,NA,NA,1,NA,1,NA,NA,0
"locus116","locus236",0.573906,1,NA,NA,0.111832,NA,0.677612,NA,NA,0
"locus116","locus237",1,1,1,NA,1,NA,1,NA,NA,0
"locus116","locus239",1,1,NA,NA,1,NA,1,NA,NA,0
"locus116","locus248",1,1,NA,NA,1,NA,0.52404,1,NA,0
"locus116","locus255",0.442224,0.545016,NA,NA,0.620816,NA,NA,NA,NA,0
"locus116","locus256",1,1,NA,1,1,NA,1,NA,NA,0
"locus116","locus263",0.21914,1,NA,1,1,NA,1,NA,NA,0
"locus116","locus264",1,1,NA,NA,1,NA,1,NA,NA,0
"locus116","locus274",1,1,1,NA,1,NA,0.05123,NA,NA,0
"locus116","locus280",1,1,NA,NA,1,NA,1,1,NA,0
"locus116","locus282",1,1,NA,NA,1,1,0.9047,NA,NA,0
"locus116","locus286",0.113312,1,NA,NA,1,NA,1,NA,NA,0
"locus116","locus291",1,1,NA,NA,0.56704,NA,1,NA,NA,0
"locus116","locus292",1,1,1,NA,0.56404,NA,1,NA,NA,0
"locus116","locus296",1,1,NA,NA,1,NA,0.926728,NA,NA,0
"locus116","locus301",1,1,NA,NA,1,NA,1,NA,NA,0
"locus116","locus314",1,1,NA,NA,1,NA,1,NA,NA,0
"locus116","locus321",1,1,NA,1,1,NA,1,1,NA,0
"locus116","locus322",0.454716,1,NA,1,1,1,1,NA,NA,0
"locus116","locus323",0.432384,1,NA,NA,1,NA,0.721932,NA,NA,0
"locus116","locus329",1,1,NA,NA,1,NA,1,NA,NA,0
"locus116","locus332",1,1,NA,NA,1,NA,1,NA,NA,0
"locus116","locus349",1,1,NA,NA,1,NA,1,NA,NA,0
"locus116","locus358",0.19362,1,NA,1,1,1,0.44816,NA,NA,0
"locus116","locus359",1,1,NA,NA,1,NA,1,NA,NA,0
"locus116","locus360",0.445832,1,NA,NA,1,NA,0.662982,NA,NA,0
"locus119","locus120",1,0.62838,NA,NA,1,NA,1,1,NA,0
"locus119","locus126",1,1,NA,NA,1,NA,1,NA,NA,0
"locus119","locus128",1,1,1,NA,1,NA,1,NA,NA,0
"locus119","locus129",1,1,NA,NA,1,1,1,NA,NA,0
"locus119","locus130",1,1,NA,NA,1,NA,1,NA,NA,0
"locus119","locus134",1,1,NA,NA,1,1,0.73562,NA,NA,0
"locus119","locus135",1,1,NA,NA,1,NA,0.5238,NA,NA,0
"locus119","locus137",1,1,NA,NA,1,NA,0.208472,NA,NA,0
"locus119","locus139",0.930664,1,1,NA,0.72148,NA,0.601584,1,NA,0
"locus119","locus140",0.703134,1,1,NA,0.572896,NA,0.49482,NA,NA,0
"locus119","locus146",1,1,NA,1,1,NA,1,NA,NA,0
"locus119","locus148",0.4468,0.734244,NA,NA,0.734244,NA,0.734244,NA,NA,0
"locus119","locus151",0.880554,0.115176,NA,NA,0.880554,NA,0.880554,NA,NA,0
"locus119","locus157",1,1,NA,NA,1,NA,1,NA,NA,0
"locus119","locus161",1,1,NA,NA,1,NA,1,1,NA,0
"locus119","locus165",1,1,NA,NA,1,NA,1,NA,NA,0
"locus119","locus170",0.883452,0.883452,NA,NA,0.576968,NA,0.883452,NA,NA,0
"locus119","locus176",0.60676,1,NA,NA,1,1,1,NA,NA,0
"locus119","locus184",1,1,NA,NA,1,NA,1,NA,NA,0
"locus119","locus186",1,1,NA,NA,1,NA,1,NA,NA,0
"locus119","locus188",1,1,NA,NA,1,NA,0.405168,NA,NA,0
"locus119","locus189",0.42976,0.482712,1,NA,1,NA,0.42976,NA,NA,0
"locus119","locus190",1,1,1,NA,1,NA,1,NA,NA,0
"locus119","locus191",1,1,NA,NA,1,NA,0.453984,NA,NA,0
"locus119","locus192",1,0.283976,NA,NA,1,NA,1,NA,NA,0
"locus119","locus195",1,1,NA,NA,1,NA,1,NA,NA,0
"locus119","locus202",1,1,NA,NA,1,NA,1,NA,NA,0
"locus119","locus210",1,1,NA,NA,1,NA,1,1,NA,0
"locus119","locus215",0.693672,1,NA,NA,1,NA,1,NA,NA,0
"locus119","locus227",1,1,1,NA,1,NA,0.71296,NA,NA,0
"locus119","locus231",1,0.113952,NA,NA,1,NA,1,NA,NA,0
"locus119","locus235",1,1,NA,NA,1,NA,1,NA,NA,0
"locus119","locus236",1,1,NA,NA,0.56816,NA,0.838284,NA,NA,0
"locus119","locus237",0.880536,0.861112,0.880536,NA,0.23402,NA,0.880536,NA,NA,0
"locus119","locus239",1,1,NA,NA,1,NA,1,NA,NA,0
"locus119","locus248",1,1,NA,NA,1,NA,1,1,NA,0
"locus119","locus255",0.705906,1,NA,NA,1,NA,NA,NA,NA,0
"locus119","locus263",1,1,NA,1,1,NA,1,NA,NA,0
"locus119","locus264",1,0.655056,NA,NA,1,NA,1,NA,NA,0
"locus119","locus274",1,1,1,NA,1,NA,1,NA,NA,0
"locus119","locus280",1,1,NA,NA,1,NA,0.54171,1,NA,0
"locus119","locus282",1,0.23504,NA,NA,0.23504,1,1,NA,NA,0
"locus119","locus286",1,1,NA,NA,1,NA,0.569712,NA,NA,0
"locus119","locus291",0.642192,0.675572,NA,NA,0.189952,NA,0.189952,NA,NA,0
"locus119","locus292",1,1,1,NA,1,NA,0.13779,NA,NA,0
"locus119","locus296",1,1,NA,NA,1,NA,1,NA,NA,0
"locus119","locus301",1,1,NA,NA,0.380592,NA,1,NA,NA,0
"locus119","locus314",1,0.72233,NA,1,1,NA,1,NA,NA,0
"locus119","locus321",1,1,NA,1,1,NA,1,1,NA,0
"locus119","locus322",0.832404,0.832404,NA,1,1,1,1,NA,NA,0
"locus119","locus323",0.343472,1,NA,NA,1,NA,1,NA,NA,0
"locus119","locus329",1,0.852384,NA,NA,1,NA,1,NA,NA,0
"locus119","locus332",1,1,NA,NA,1,NA,0.66192,NA,NA,0
"locus119","locus349",1,0.284,NA,NA,1,NA,1,NA,NA,0
"locus119","locus358",1,1,NA,1,1,1,0.393012,NA,NA,0
"locus119","locus359",1,1,NA,NA,1,NA,1,NA,NA,0
"locus119","locus360",0.098976,0.321114,NA,NA,0.780808,NA,0.780808,NA,NA,0
"locus120","locus126",0.211944,0.856164,NA,NA,0.856164,NA,0.2253,NA,NA,0
"locus120","locus128",1,1,NA,NA,1,NA,0.486288,NA,NA,0
"locus120","locus129",1,1,NA,NA,1,1,1,NA,NA,0
"locus120","locus130",1,1,1,NA,1,NA,0.85071,NA,NA,0
"locus120","locus134",1,1,NA,NA,1,1,1,NA,NA,0
"locus120","locus135",1,1,NA,NA,1,NA,1,NA,NA,0
"locus120","locus137",1,1,NA,NA,1,NA,1,NA,NA,0
"locus120","locus139",0.22332,1,1,NA,1,NA,1,1,NA,0
"locus120","locus140",0.18611,1,1,NA,1,NA,1,NA,NA,0
"locus120","locus146",1,1,NA,1,1,NA,1,NA,NA,0
"locus120","locus148",1,1,NA,NA,1,NA,1,NA,NA,0
"locus120","locus151",0.486728,1,NA,NA,1,NA,1,NA,NA,0
"locus120","locus157",0.200848,1,NA,NA,1,NA,0.50118,NA,NA,0
"locus120","locus161",1,1,NA,NA,1,NA,0.70482,1,NA,0
"locus120","locus165",1,1,NA,NA,1,NA,1,NA,NA,0
"locus120","locus170",1,0.497952,NA,NA,1,NA,1,NA,NA,0
"locus120","locus176",1,1,1,NA,1,1,1,NA,NA,0
"locus120","locus184",0.84016,1,NA,NA,1,NA,0.914616,NA,NA,0
"locus120","locus186",1,1,NA,NA,1,NA,0.90776,NA,NA,0
"locus120","locus188",0.622734,0.622734,1,NA,0.568992,NA,0.53196,NA,NA,0
"locus120","locus189",1,1,1,NA,1,NA,1,NA,NA,0
"locus120","locus190",1,1,1,NA,1,NA,1,NA,NA,0
"locus120","locus191",0.992196,1,NA,NA,0.572224,NA,1,NA,NA,0
"locus120","locus192",0.649194,0.49628,NA,NA,1,NA,0.649194,NA,NA,0
"locus120","locus195",1,1,NA,NA,1,NA,1,NA,NA,0
"locus120","locus202",1,1,NA,NA,1,NA,1,NA,NA,0
"locus120","locus210",0.928192,1,NA,NA,0.71294,NA,1,1,NA,0
"locus120","locus215",1,1,NA,NA,1,NA,1,NA,NA,0
"locus120","locus227",1,1,1,NA,1,NA,1,NA,NA,0
"locus120","locus231",1,1,NA,NA,1,NA,0.877952,NA,NA,0
"locus120","locus235",0.9936,1,NA,NA,1,NA,0.9936,NA,NA,0
"locus120","locus236",0.069048,1,NA,NA,1,NA,1,NA,NA,0
"locus120","locus237",1,1,1,NA,1,NA,1,NA,NA,0
"locus120","locus239",1,1,NA,NA,1,NA,1,NA,NA,0
"locus120","locus248",1,1,NA,NA,1,NA,1,1,NA,0
"locus120","locus255",0.95188,1,NA,NA,0.857724,NA,NA,NA,NA,0
"locus120","locus256",1,1,NA,1,1,NA,1,NA,NA,0
"locus120","locus263",0.47678,1,NA,1,1,NA,1,NA,NA,0
"locus120","locus264",1,1,NA,NA,1,NA,1,NA,NA,0
"locus120","locus274",1,1,1,NA,1,NA,1,NA,NA,0
"locus120","locus280",1,1,NA,NA,1,NA,1,0.71525,NA,0
"locus120","locus282",1,1,NA,NA,1,1,1,NA,NA,0
"locus120","locus286",1,1,NA,NA,1,NA,1,NA,NA,0
"locus120","locus291",1,1,NA,NA,1,NA,1,NA,NA,0
"locus120","locus292",0.27378,1,1,NA,0.574552,NA,0.701778,NA,NA,0
"locus120","locus296",0.333024,1,NA,NA,0.855498,NA,1,NA,NA,0
"locus120","locus301",1,1,NA,NA,1,NA,1,NA,NA,0
"locus120","locus314",1,1,NA,1,1,NA,1,NA,NA,0
"locus120","locus321",1,1,NA,1,1,NA,1,1,NA,0
"locus120","locus322",0.93913,1,NA,1,1,1,0.588432,NA,NA,0
"locus120","locus323",1,1,NA,NA,1,NA,1,NA,NA,0
"locus120","locus329",1,0.904504,NA,NA,0.71288,1,0.904504,NA,NA,0
"locus120","locus332",0.16096,1,NA,NA,1,NA,0.964398,NA,NA,0
"locus120","locus349",1,1,NA,NA,1,NA,0.307488,NA,NA,0
"locus120","locus358",1,1,NA,1,1,1,1,NA,NA,0
"locus120","locus359",0.917064,1,NA,NA,1,NA,0.917064,NA,NA,0
"locus120","locus360",0.20062,1,1,NA,1,NA,1,NA,NA,0
"locus126","locus128",1,1,NA,NA,1,NA,1,NA,NA,0
"locus126","locus129",1,1,NA,NA,1,NA,1,NA,NA,0
"locus126","locus130",1,1,NA,NA,1,NA,0.175496,NA,NA,0
"locus126","locus134",0.74904,1,NA,NA,1,NA,1,NA,NA,0
"locus126","locus135",1,1,NA,NA,0.229952,NA,1,NA,NA,0
"locus126","locus137",0.947892,0.947892,NA,NA,0.568704,NA,0.947892,NA,NA,0
"locus126","locus139",1,1,1,NA,1,NA,1,1,NA,0
"locus126","locus140",1,1,1,NA,1,NA,1,NA,NA,0
"locus126","locus146",1,1,NA,NA,1,NA,1,NA,NA,0
"locus126","locus148",1,1,NA,NA,0.909208,NA,1,NA,NA,0
"locus126","locus151",0.15048,1,NA,NA,1,NA,1,NA,NA,0
"locus126","locus157",1,1,NA,NA,1,NA,1,NA,NA,0
"locus126","locus161",1,1,NA,NA,1,NA,1,1,NA,0
"locus126","locus165",1,1,1,NA,1,NA,1,NA,NA,0
"locus126","locus170",1,1,NA,NA,1,NA,0.619088,NA,NA,0
"locus126","locus176",1,1,NA,NA,1,NA,1,NA,NA,0
"locus126","locus184",1,1,NA,NA,0.572512,NA,1,NA,NA,0
"locus126","locus186",1,1,NA,NA,1,NA,0.527632,NA,NA,0
"locus126","locus188",1,0.261678,NA,NA,1,NA,0.119432,NA,NA,0
"locus126","locus189",1,1,1,NA,1,NA,1,NA,NA,0
"locus126","locus190",1,0.71832,1,NA,1,NA,1,NA,NA,0
"locus126","locus191",0.878416,1,NA,NA,1,NA,1,NA,NA,0
"locus126","locus192",1,1,NA,NA,1,NA,1,NA,NA,0
"locus126","locus195",1,1,NA,NA,1,NA,0.9798,NA,NA,0
"locus126","locus202",1,1,NA,NA,0.116088,NA,1,NA,NA,0
"locus126","locus210",1,0.1438,NA,NA,1,NA,1,1,NA,0
"locus126","locus215",1,1,NA,NA,1,NA,1,NA,NA,0
"locus126","locus227",1,1,1,NA,1,NA,1,NA,NA,0
"locus126","locus231",1,1,NA,NA,1,NA,1,NA,NA,0
"locus126","locus235",0.24492,1,NA,NA,1,NA,1,NA,NA,0
"locus126","locus237",1,1,1,NA,1,NA,1,NA,NA,0
"locus126","locus239",1,1,NA,NA,1,NA,1,NA,NA,0
"locus126","locus248",1,1,NA,NA,1,NA,1,0.99695,NA,0
"locus126","locus255",1,1,NA,NA,1,NA,NA,NA,NA,0
"locus126","locus256",1,1,NA,NA,1,NA,1,NA,NA,0
"locus126","locus263",1,1,NA,NA,1,NA,1,NA,NA,0
"locus126","locus264",1,1,NA,NA,1,NA,0.13352,NA,NA,0
"locus126","locus280",1,0.79096,NA,NA,1,NA,0.40575,0.79096,NA,0
"locus126","locus282",1,1,NA,NA,1,NA,0.16484,NA,NA,0
"locus126","locus286",1,1,NA,NA,1,NA,1,NA,NA,0
"locus126","locus291",0.473696,1,NA,NA,1,NA,1,NA,NA,0
"locus126","locus292",1,1,1,NA,1,NA,1,NA,NA,0
"locus126","locus296",0.192456,0.42735,NA,NA,0.42735,NA,0.872388,NA,NA,0
"locus126","locus301",0.89412,1,NA,NA,1,NA,1,NA,NA,0
"locus126","locus314",0.90268,1,NA,NA,1,NA,1,NA,NA,0
"locus126","locus321",1,1,NA,NA,1,NA,0.26393,1,NA,0
"locus126","locus322",1,1,NA,NA,1,NA,1,NA,NA,0
"locus126","locus323",1,1,NA,NA,1,NA,1,NA,NA,0
"locus126","locus332",0.142472,0.687378,NA,NA,1,NA,1,NA,NA,0
"locus126","locus349",1,1,1,NA,1,NA,0.25602,NA,NA,0
"locus126","locus358",0.587298,0.951244,NA,NA,0.563912,NA,0.951244,NA,NA,0
"locus126","locus359",1,1,NA,NA,1,NA,1,NA,NA,0
"locus126","locus360",1,0.573576,NA,NA,1,NA,0.584916,NA,NA,0
"locus128","locus129",1,1,NA,NA,0.70594,1,1,NA,NA,0
"locus128","locus130",0.860706,1,NA,NA,1,NA,0.518632,NA,NA,0
"locus128","locus134",1,1,NA,NA,1,1,1,NA,NA,0
"locus128","locus135",1,1,NA,NA,1,NA,1,NA,NA,0
"locus128","locus137",1,1,NA,NA,1,NA,1,NA,NA,0
"locus128","locus139",1,1,1,NA,1,NA,1,NA,NA,0
"locus128","locus140",1,1,1,NA,1,NA,1,NA,NA,0
"locus128","locus146",1,1,NA,1,1,NA,1,NA,NA,0
"locus128","locus148",1,1,1,NA,1,NA,0.56376,NA,NA,0
"locus128","locus151",0.639816,1,NA,NA,1,NA,1,NA,NA,0
"locus128","locus157",1,1,NA,1,1,NA,0.91952,NA,NA,0
"locus128","locus161",0.882296,0.58016,NA,NA,0.58016,NA,0.58016,NA,NA,0
"locus128","locus165",1,1,NA,NA,1,NA,0.53924,NA,NA,0
"locus128","locus170",0.773536,0.773536,NA,NA,0.773536,NA,0.773536,NA,NA,0
"locus128","locus176",0.11037,1,NA,NA,1,1,0.11037,NA,NA,0
"locus128","locus184",1,0.569056,NA,NA,1,NA,1,NA,NA,0
"locus128","locus186",1,1,NA,NA,1,NA,1,NA,NA,0
"locus128","locus188",1,1,NA,NA,1,1,1,NA,NA,0
"locus128","locus189",1,1,1,NA,1,NA,1,NA,NA,0
"locus128","locus190",0.69108,1,1,NA,1,1,1,NA,NA,0
"locus128","locus191",1,1,1,NA,1,NA,1,NA,NA,0
"locus128","locus192",1,1,NA,NA,1,NA,1,NA,NA,0
"locus128","locus195",1,1,NA,NA,0.496056,NA,1,NA,NA,0
"locus128","locus202",1,1,NA,NA,1,NA,1,NA,NA,0
"locus128","locus210",0.23328,1,NA,NA,1,NA,1,NA,NA,0
"locus128","locus215",1,0.070768,NA,NA,0.686142,NA,1,NA,NA,0
"locus128","locus227",1,1,1,NA,1,NA,1,NA,NA,0
"locus128","locus231",1,1,1,NA,1,NA,1,NA,NA,0
"locus128","locus235",1,1,NA,NA,1,NA,1,NA,NA,0
"locus128","locus236",1,1,NA,NA,1,NA,1,NA,NA,0
"locus128","locus237",1,1,NA,NA,1,NA,1,NA,NA,0
"locus128","locus239",1,1,NA,NA,1,NA,1,NA,NA,0
"locus128","locus248",1,0.430792,NA,NA,1,NA,1,NA,NA,0
"locus128","locus255",1,1,NA,NA,1,NA,NA,NA,NA,0
"locus128","locus256",1,1,NA,1,1,NA,0.98684,NA,NA,0
"locus128","locus263",1,0.53029,NA,1,1,NA,1,NA,NA,0
"locus128","locus264",1,1,NA,NA,1,NA,1,NA,NA,0
"locus128","locus274",1,1,1,NA,0.99276,NA,1,NA,NA,0
"locus128","locus280",0.815016,0.815016,NA,NA,0.815016,NA,0.815016,NA,NA,0
"locus128","locus282",1,1,1,NA,1,1,1,NA,NA,0
"locus128","locus286",1,1,NA,NA,0.572968,NA,1,NA,NA,0
"locus128","locus291",1,1,NA,NA,1,NA,1,NA,NA,0
"locus128","locus292",1,1,1,NA,1,NA,1,NA,NA,0
"locus128","locus296",1,1,NA,NA,1,NA,0.917664,NA,NA,0
"locus128","locus301",1,1,NA,NA,1,NA,1,NA,NA,0
"locus128","locus314",1,1,NA,1,1,NA,1,NA,NA,0
"locus128","locus321",0.88195,1,NA,1,1,NA,1,NA,NA,0
"locus128","locus322",0.464832,1,NA,1,1,1,1,NA,NA,0
"locus128","locus329",1,1,NA,NA,1,NA,1,NA,NA,0
"locus128","locus332",0.572928,1,NA,NA,0.87444,NA,0.87444,NA,NA,0
"locus128","locus349",1,1,NA,NA,0.770436,NA,0.693648,NA,NA,0
"locus128","locus358",0.674256,0.71909,NA,1,1,1,1,NA,NA,0
"locus128","locus359",0.445792,1,NA,NA,1,NA,1,NA,NA,0
"locus128","locus360",1,1,NA,NA,1,NA,0.332288,NA,NA,0
"locus129","locus130",0.547236,0.286128,NA,NA,1,NA,1,NA,NA,0
"locus129","locus134",0.68743,1,NA,NA,1,1,0.70516,NA,NA,0
"locus129","locus135",1,1,NA,NA,1,NA,1,NA,NA,0
"locus129","locus137",1,1,NA,NA,1,NA,1,NA,NA,0
"locus129","locus139",0.101496,1,1,NA,1,NA,1,1,NA,0
"locus129","locus140",0.09008,1,1,NA,1,NA,1,NA,NA,0
"locus129","locus146",1,1,NA,0.50373,1,NA,1,NA,NA,0
"locus129","locus148",1,1,1,NA,1,NA,1,NA,NA,0
"locus129","locus151",1,0.576376,NA,NA,1,NA,1,NA,NA,0
"locus129","locus157",0.39912,1,NA,1,1,NA,0.27286,NA,NA,0
"locus129","locus161",1,1,NA,NA,1,NA,0.65267,1,NA,0
"locus129","locus165",1,1,NA,NA,1,NA,0.23764,NA,NA,0
"locus129","locus170",0.610016,1,NA,NA,1,NA,1,NA,NA,0
"locus129","locus176",1,1,NA,NA,1,1,1,NA,NA,0
"locus129","locus186",1,0.854048,NA,NA,1,NA,1,NA,NA,0
"locus129","locus188",0.44772,1,NA,NA,1,1,1,NA,NA,0
"locus129","locus189",0.42269,1,1,NA,0.561136,NA,1,NA,NA,0
"locus129","locus190",1,1,1,NA,1,1,1,NA,NA,0
"locus129","locus191",1,1,NA,NA,1,NA,1,NA,NA,0
"locus129","locus192",0.724008,1,NA,NA,1,NA,0.945024,NA,NA,0
"locus129","locus195",1,1,NA,NA,1,NA,1,NA,NA,0
"locus129","locus202",0.07208,1,NA,NA,1,NA,1,NA,NA,0
"locus129","locus210",1,1,NA,NA,1,NA,1,1,NA,0
"locus129","locus215",1,1,NA,NA,1,NA,1,NA,NA,0
"locus129","locus227",1,1,1,NA,1,NA,0.91495,NA,NA,0
"locus129","locus231",0.8004,0.572592,NA,NA,1,NA,1,NA,NA,0
"locus129","locus235",0.391264,1,NA,NA,1,NA,1,NA,NA,0
"locus129","locus236",0.216832,1,NA,NA,1,NA,1,NA,NA,0
"locus129","locus237",1,1,NA,NA,1,NA,1,NA,NA,0
"locus129","locus239",0.589328,1,NA,NA,1,NA,1,NA,NA,0
"locus129","locus248",1,1,NA,NA,1,NA,1,1,NA,0
"locus129","locus255",1,0.172662,NA,NA,1,NA,NA,NA,NA,0
"locus129","locus256",1,1,NA,1,1,NA,0.38481,NA,NA,0
"locus129","locus263",1,1,NA,1,1,NA,1,NA,NA,0
"locus129","locus264",0.613648,0.884952,NA,NA,1,NA,0.884952,NA,NA,0
"locus129","locus274",0.42651,0.813612,1,NA,0.42651,NA,1,NA,NA,0
"locus129","locus280",1,1,NA,NA,0.47384,NA,1,1,NA,0
"locus129","locus282",1,1,NA,NA,1,1,0.77033,NA,NA,0
"locus129","locus286",0.87908,1,NA,NA,0.87908,NA,0.87908,NA,NA,0
"locus129","locus291",1,1,NA,NA,1,NA,1,NA,NA,0
"locus129","locus292",1,1,1,NA,1,NA,1,NA,NA,0
"locus129","locus296",0.634392,1,NA,NA,1,NA,1,NA,NA,0
"locus129","locus301",1,1,NA,NA,1,NA,1,NA,NA,0
"locus129","locus314",1,0.48864,NA,1,1,NA,0.48554,NA,NA,0
"locus129","locus321",1,1,NA,1,1,NA,1,1,NA,0
"locus129","locus322",1,1,NA,1,1,1,1,NA,NA,0
"locus129","locus323",1,1,NA,NA,1,NA,1,NA,NA,0
"locus129","locus329",0.280648,0.63999,NA,NA,0.63999,NA,0.684352,NA,NA,0
"locus129","locus332",1,1,NA,NA,1,NA,1,NA,NA,0
"locus129","locus349",1,1,NA,NA,1,NA,1,NA,NA,0
"locus129","locus358",0.361704,1,NA,1,1,1,0.63254,NA,NA,0
"locus129","locus359",1,1,NA,NA,1,NA,1,NA,NA,0
"locus129","locus360",0.18735,0.14428,NA,NA,1,NA,1,NA,NA,0
"locus130","locus134",1,0.784344,NA,NA,1,NA,1,NA,NA,0
"locus130","locus135",1,1,NA,NA,1,NA,0.223936,NA,NA,0
"locus130","locus137",0.656256,1,NA,NA,1,NA,1,NA,NA,0
"locus130","locus139",1,1,1,NA,1,NA,1,1,NA,0
"locus130","locus140",1,1,1,NA,1,NA,1,NA,NA,0
"locus130","locus146",1,1,NA,NA,1,NA,1,NA,NA,0
"locus130","locus148",1,1,1,NA,1,NA,1,NA,NA,0
"locus130","locus151",1,1,NA,NA,1,NA,1,NA,NA,0
"locus130","locus157",1,1,NA,NA,1,NA,1,NA,NA,0
"locus130","locus161",1,1,NA,NA,1,NA,0.86709,1,NA,0
"locus130","locus165",1,1,NA,NA,1,NA,1,NA,NA,0
"locus130","locus170",1,0.281432,NA,NA,1,NA,1,NA,NA,0
"locus130","locus176",1,1,NA,NA,1,NA,0.610768,NA,NA,0
"locus130","locus184",1,1,NA,NA,1,NA,0.579056,NA,NA,0
"locus130","locus186",1,1,NA,NA,1,NA,1,NA,NA,0
"locus130","locus188",0.683836,0.279368,NA,NA,1,NA,0.376998,NA,NA,0
"locus130","locus189",1,1,1,NA,1,NA,1,NA,NA,0
"locus130","locus190",1,0.71221,1,NA,1,NA,1,NA,NA,0
"locus130","locus191",0.618018,0.565504,NA,NA,1,NA,1,NA,NA,0
"locus130","locus192",1,1,NA,NA,1,NA,1,NA,NA,0
"locus130","locus195",1,1,NA,NA,1,NA,1,NA,NA,0
"locus130","locus202",0.853232,1,NA,NA,1,NA,1,NA,NA,0
"locus130","locus210",1,1,NA,NA,1,NA,1,1,NA,0
"locus130","locus215",1,1,1,NA,1,NA,1,NA,NA,0
"locus130","locus227",1,1,1,NA,1,NA,1,NA,NA,0
"locus130","locus231",1,1,NA,NA,1,NA,1,NA,NA,0
"locus130","locus235",1,1,NA,NA,1,NA,0.50052,NA,NA,0
"locus130","locus236",1,1,NA,NA,1,NA,1,NA,NA,0
"locus130","locus237",1,1,NA,NA,1,NA,1,NA,NA,0
"locus130","locus239",1,1,NA,NA,1,NA,1,NA,NA,0
"locus130","locus248",1,1,NA,NA,1,NA,0.53038,1,NA,0
"locus130","locus255",1,0.747132,NA,NA,1,NA,NA,NA,NA,0
"locus130","locus256",1,1,NA,NA,1,NA,1,NA,NA,0
"locus130","locus263",1,1,NA,NA,1,NA,1,NA,NA,0
"locus130","locus264",1,1,NA,NA,1,NA,1,NA,NA,0
"locus130","locus274",0.298986,1,NA,NA,1,NA,0.08116,NA,NA,0
"locus130","locus280",1,0.36144,NA,NA,1,NA,0.36144,1,NA,0
"locus130","locus282",1,1,NA,NA,1,NA,1,NA,NA,0
"locus130","locus286",0.888168,1,NA,NA,1,NA,1,NA,NA,0
"locus130","locus291",0.877104,0.7888,NA,NA,0.930792,NA,0.930792,NA,NA,0
"locus130","locus292",1,1,1,NA,1,NA,1,NA,NA,0
"locus130","locus296",1,1,NA,NA,1,NA,1,NA,NA,0
"locus130","locus301",1,1,1,NA,1,NA,1,NA,NA,0
"locus130","locus314",1,1,NA,NA,1,NA,1,NA,NA,0
"locus130","locus321",0.40086,1,NA,NA,1,NA,1,1,NA,0
"locus130","locus322",1,1,NA,NA,1,NA,0.799096,NA,NA,0
"locus130","locus323",1,1,NA,NA,1,NA,1,NA,NA,0
"locus130","locus329",1,1,NA,NA,1,NA,0.376016,NA,NA,0
"locus130","locus332",0.903332,0.073112,NA,NA,0.903332,NA,0.612552,NA,NA,0
"locus130","locus349",0.945424,0.945424,NA,NA,0.945424,NA,0.945424,NA,NA,0
"locus130","locus358",1,1,NA,NA,1,NA,1,NA,NA,0
"locus130","locus359",1,1,NA,NA,1,NA,1,NA,NA,0
"locus130","locus360",1,1,NA,NA,1,NA,1,NA,NA,0
"locus134","locus135",0.270114,0.143384,NA,NA,1,NA,1,NA,NA,0
"locus134","locus137",1,1,NA,NA,1,NA,0.081392,NA,NA,0
"locus134","locus139",1,1,1,NA,1,NA,1,1,NA,0
"locus134","locus140",1,1,1,NA,1,NA,1,NA,NA,0
"locus134","locus146",1,1,1,NA,1,NA,1,NA,NA,0
"locus134","locus148",1,1,NA,NA,1,NA,1,NA,NA,0
"locus134","locus151",1,1,1,NA,1,NA,0.95673,NA,NA,0
"locus134","locus157",1,1,NA,NA,1,NA,1,NA,NA,0
"locus134","locus161",0.05534,1,NA,NA,1,NA,1,1,NA,0
"locus134","locus165",1,1,NA,NA,1,NA,1,NA,NA,0
"locus134","locus170",1,0.575944,NA,NA,1,NA,1,NA,NA,0
"locus134","locus176",1,1,NA,NA,0.32963,1,1,NA,NA,0
"locus134","locus184",1,1,NA,NA,1,NA,1,NA,NA,0
"locus134","locus186",1,1,NA,NA,1,NA,1,NA,NA,0
"locus134","locus188",1,1,NA,NA,1,NA,0.588608,NA,NA,0
"locus134","locus189",1,1,1,NA,1,NA,0.29496,NA,NA,0
"locus134","locus190",1,1,1,NA,1,NA,1,NA,NA,0
"locus134","locus191",1,1,NA,NA,1,NA,0.533824,NA,NA,0
"locus134","locus192",1,1,NA,NA,1,NA,1,NA,NA,0
"locus134","locus195",1,1,NA,NA,1,NA,0.662968,NA,NA,0
"locus134","locus202",1,1,NA,NA,1,NA,1,NA,NA,0
"locus134","locus210",1,1,1,NA,1,NA,1,1,NA,0
"locus134","locus215",1,1,NA,NA,1,NA,1,NA,NA,0
"locus134","locus227",1,1,1,NA,1,1,1,NA,NA,0
"locus134","locus235",1,1,NA,NA,1,NA,0.675336,NA,NA,0
"locus134","locus236",0.967848,0.967848,NA,NA,1,NA,1,NA,NA,0
"locus134","locus237",0.194544,0.929596,NA,NA,0.929596,NA,0.098992,NA,NA,0
"locus134","locus239",1,1,NA,NA,1,NA,1,NA,NA,0
"locus134","locus248",0.62319,1,NA,NA,1,NA,1,1,NA,0
"locus134","locus255",0.997836,1,NA,NA,0.997836,NA,NA,NA,NA,0
"locus134","locus256",0.209416,1,NA,NA,1,NA,1,NA,NA,0
"locus134","locus263",1,1,NA,NA,1,NA,1,NA,NA,0
"locus134","locus264",0.764808,1,NA,NA,0.952758,NA,0.952758,NA,NA,0
"locus134","locus280",1,1,NA,NA,1,NA,1,1,NA,0
"locus134","locus282",1,1,NA,NA,1,1,1,NA,NA,0
"locus134","locus286",1,1,NA,NA,1,NA,0.929184,NA,NA,0
"locus134","locus291",1,1,NA,NA,1,1,1,NA,NA,0
"locus134","locus292",1,1,1,NA,1,NA,1,NA,NA,0
"locus134","locus296",1,1,NA,NA,1,NA,1,NA,NA,0
"locus134","locus301",1,1,NA,NA,1,NA,0.585296,NA,NA,0
"locus134","locus314",1,1,NA,NA,0.57536,NA,1,NA,NA,0
"locus134","locus321",1,1,NA,NA,0.9984,NA,1,1,NA,0
"locus134","locus322",1,1,NA,NA,1,1,1,NA,NA,0
"locus134","locus323",1,1,NA,NA,0.11656,NA,1,NA,NA,0
"locus134","locus329",0.72768,1,NA,NA,1,NA,0.248064,NA,NA,0
"locus134","locus332",0.997912,0.997912,NA,NA,0.997912,NA,0.997912,NA,NA,0
"locus134","locus349",1,0.784928,NA,NA,1,NA,1,NA,NA,0
"locus134","locus358",1,1,NA,NA,1,1,0.62387,NA,NA,0
"locus134","locus359",1,1,NA,NA,0.57268,NA,1,NA,NA,0
"locus134","locus360",1,1,NA,NA,0.33386,1,1,NA,NA,0
"locus135","locus137",0.684,1,1,NA,1,NA,0.35551,NA,NA,0
"locus135","locus139",1,1,1,NA,1,NA,0.147432,1,NA,0
"locus135","locus140",1,1,1,NA,1,NA,0.12207,NA,NA,0
"locus135","locus146",1,1,NA,1,1,NA,0.24182,NA,NA,0
"locus135","locus148",1,1,NA,NA,0.408144,NA,1,NA,NA,0
"locus135","locus151",0.10736,1,NA,NA,1,NA,1,NA,NA,0
"locus135","locus157",1,1,NA,1,1,NA,1,NA,NA,0
"locus135","locus161",1,1,NA,NA,0.71315,NA,1,1,NA,0
"locus135","locus165",1,1,NA,NA,1,NA,1,NA,NA,0
"locus135","locus170",1,0.64924,NA,NA,1,NA,1,NA,NA,0
"locus135","locus176",1,1,NA,NA,1,1,1,NA,NA,0
"locus135","locus184",1,1,NA,NA,1,NA,0.4672,NA,NA,0
"locus135","locus186",0.823912,1,NA,NA,1,NA,1,NA,NA,0
"locus135","locus188",1,1,NA,NA,1,NA,1,NA,NA,0
"locus135","locus189",0.441056,1,1,NA,1,NA,0.10412,NA,NA,0
"locus135","locus190",0.754952,1,1,NA,1,NA,0.45094,NA,NA,0
"locus135","locus191",1,1,NA,NA,1,NA,0.982624,NA,NA,0
"locus135","locus192",0.805296,0.96177,NA,NA,1,NA,0.96177,NA,NA,0
"locus135","locus195",1,1,NA,NA,1,NA,0.14564,NA,NA,0
"locus135","locus202",0.4268,0.4268,NA,NA,0.344118,NA,0.229656,NA,NA,0
"locus135","locus210",1,1,NA,NA,1,NA,0.3295,1,NA,0
"locus135","locus215",0.529206,0.718068,NA,NA,0.718068,NA,0.071344,NA,NA,0
"locus135","locus227",1,1,1,NA,1,1,1,NA,NA,0
"locus135","locus231",1,1,NA,NA,1,NA,1,NA,NA,0
"locus135","locus235",1,1,NA,NA,1,NA,1,NA,NA,0
"locus135","locus237",0.547024,1,NA,NA,1,NA,1,NA,NA,0
"locus135","locus239",1,1,NA,NA,1,NA,1,NA,NA,0
"locus135","locus248",1,1,NA,NA,1,NA,1,1,NA,0
"locus135","locus255",1,1,NA,NA,1,NA,NA,NA,NA,0
"locus135","locus256",1,1,NA,1,1,NA,1,NA,NA,0
"locus135","locus263",1,0.17472,NA,1,1,NA,1,NA,NA,0
"locus135","locus264",1,1,NA,NA,1,NA,1,NA,NA,0
"locus135","locus274",1,1,NA,NA,1,NA,1,NA,NA,0
"locus135","locus280",1,1,NA,NA,1,NA,1,1,NA,0
"locus135","locus282",1,1,NA,NA,1,1,1,NA,NA,0
"locus135","locus286",1,1,NA,NA,0.569392,NA,1,NA,NA,0
"locus135","locus291",1,1,NA,NA,1,1,0.5245,NA,NA,0
"locus135","locus292",1,1,1,NA,1,NA,0.68797,NA,NA,0
"locus135","locus296",1,1,NA,NA,1,NA,0.513752,NA,NA,0
"locus135","locus301",0.869488,0.869488,NA,NA,1,NA,1,NA,NA,0
"locus135","locus314",1,1,1,1,1,NA,0.340116,NA,NA,0
"locus135","locus321",1,1,NA,1,1,NA,1,0.68664,NA,0
"locus135","locus322",1,1,NA,1,1,1,1,NA,NA,0
"locus135","locus323",0.996456,1,NA,NA,1,NA,1,NA,NA,0
"locus135","locus329",1,1,NA,NA,1,NA,1,NA,NA,0
"locus135","locus332",1,1,1,NA,1,NA,0.48864,NA,NA,0
"locus135","locus349",1,1,NA,NA,1,NA,1,NA,NA,0
"locus135","locus358",1,1,NA,1,0.338016,1,1,NA,NA,0
"locus135","locus359",0.552264,1,NA,NA,1,NA,1,NA,NA,0
"locus135","locus360",1,1,NA,NA,1,1,1,NA,NA,0
"locus137","locus139",0.61985,1,1,NA,1,NA,0.308964,0.61985,NA,0
"locus137","locus140",0.53092,1,1,NA,1,NA,0.25809,NA,NA,0
"locus137","locus146",0.5062,1,NA,1,1,NA,1,NA,NA,0
"locus137","locus148",0.413776,1,NA,NA,1,NA,1,NA,NA,0
"locus137","locus151",1,1,NA,NA,1,NA,1,NA,NA,0
"locus137","locus157",1,1,NA,1,1,NA,1,NA,NA,0
"locus137","locus161",1,1,NA,NA,1,NA,1,1,NA,0
"locus137","locus165",1,1,NA,NA,1,NA,1,NA,NA,0
"locus137","locus170",1,1,NA,NA,1,NA,0.904008,NA,NA,0
"locus137","locus176",0.116256,1,NA,NA,1,NA,1,NA,NA,0
"locus137","locus184",0.796688,0.225768,NA,NA,1,NA,0.37743,NA,NA,0
"locus137","locus186",1,1,NA,NA,1,NA,1,NA,NA,0
"locus137","locus188",1,0.482584,NA,NA,1,NA,1,NA,NA,0
"locus137","locus189",1,1,1,NA,1,1,1,NA,NA,0
"locus137","locus190",0.885832,1,1,NA,1,NA,0.56408,NA,NA,0
"locus137","locus191",1,1,NA,NA,1,NA,0.129664,NA,NA,0
"locus137","locus192",1,1,NA,NA,1,NA,1,NA,NA,0
"locus137","locus195",0.653992,0.707868,NA,NA,1,NA,0.653992,NA,NA,0
"locus137","locus202",1,1,NA,NA,0.191784,NA,1,NA,NA,0
"locus137","locus210",1,1,NA,NA,1,NA,1,1,NA,0
"locus137","locus215",1,1,NA,NA,1,NA,0.161344,NA,NA,0
"locus137","locus227",1,1,1,NA,1,NA,1,NA,NA,0
"locus137","locus231",1,1,NA,NA,1,NA,1,NA,NA,0
"locus137","locus235",1,1,NA,NA,1,NA,0.890608,NA,NA,0
"locus137","locus236",0.13794,1,NA,NA,1,1,1,NA,NA,0
"locus137","locus237",1,1,NA,NA,1,NA,1,NA,NA,0
"locus137","locus239",1,0.853984,NA,NA,0.71439,1,0.916038,NA,NA,0
"locus137","locus248",1,1,NA,NA,1,NA,1,1,NA,0
"locus137","locus255",1,1,NA,NA,1,NA,NA,NA,NA,0
"locus137","locus256",0.96514,1,NA,1,1,NA,1,NA,NA,0
"locus137","locus263",1,1,NA,1,1,NA,1,NA,NA,0
"locus137","locus264",0.3922,1,NA,NA,0.425592,NA,1,NA,NA,0
"locus137","locus274",1,1,NA,NA,1,NA,1,NA,NA,0
"locus137","locus280",1,1,NA,NA,1,1,0.621072,1,NA,0
"locus137","locus282",1,0.666544,NA,NA,1,NA,1,NA,NA,0
"locus137","locus286",1,1,NA,NA,1,NA,1,NA,NA,0
"locus137","locus291",1,1,NA,NA,1,NA,1,NA,NA,0
"locus137","locus292",1,1,1,NA,1,NA,1,NA,NA,0
"locus137","locus296",0.774422,0.144224,NA,NA,0.144224,NA,0.26472,NA,NA,0
"locus137","locus301",1,0.861848,NA,NA,1,NA,1,NA,NA,0
"locus137","locus314",1,1,1,1,1,NA,1,NA,NA,0
"locus137","locus321",1,1,NA,1,1,NA,0.547968,1,NA,0
"locus137","locus322",1,1,NA,1,1,NA,1,NA,NA,0
"locus137","locus323",1,1,NA,NA,1,1,0.2513,NA,NA,0
"locus137","locus329",1,1,NA,NA,1,NA,1,NA,NA,0
"locus137","locus332",1,1,1,NA,1,NA,1,NA,NA,0
"locus137","locus349",1,1,NA,NA,1,NA,1,NA,NA,0
"locus137","locus358",1,1,NA,1,1,NA,0.80054,NA,NA,0
"locus137","locus359",1,1,NA,NA,1,NA,1,NA,NA,0
"locus137","locus360",1,1,1,NA,1,NA,1,NA,NA,0
"locus139","locus146",1,0.998128,NA,1,0.71228,NA,1,NA,NA,0
"locus139","locus148",0.683928,1,NA,NA,0.683928,NA,0.129536,NA,NA,0
"locus139","locus151",1,1,NA,NA,1,NA,1,NA,NA,0
"locus139","locus157",0.05278,1,NA,1,1,NA,1,NA,NA,0
"locus139","locus161",1,1,NA,NA,1,NA,1,0.72141,NA,0
"locus139","locus165",0.989964,0.99704,NA,NA,1,NA,0.17236,NA,NA,0
"locus139","locus170",1,1,NA,NA,0.11736,NA,1,NA,NA,0
"locus139","locus176",1,1,1,NA,1,NA,1,NA,NA,0
"locus139","locus184",1,1,NA,NA,1,NA,1,NA,NA,0
"locus139","locus186",1,1,NA,NA,1,NA,1,NA,NA,0
"locus139","locus188",0.728064,1,1,NA,1,NA,0.43782,NA,NA,0
"locus139","locus189",1,1,1,NA,1,1,1,NA,NA,0
"locus139","locus190",1,1,1,NA,1,NA,1,NA,NA,0
"locus139","locus191",1,0.503464,NA,NA,1,NA,0.870486,NA,NA,0
"locus139","locus192",1,0.752992,NA,NA,0.5692,NA,0.5692,NA,NA,0
"locus139","locus195",1,1,NA,NA,1,NA,0.114432,NA,NA,0
"locus139","locus202",1,0.503936,NA,NA,1,NA,1,NA,NA,0
"locus139","locus210",0.08411,1,NA,NA,1,NA,1,1,NA,0
"locus139","locus215",0.223936,0.510408,NA,NA,0.223936,NA,0.510408,NA,NA,0
"locus139","locus227",1,1,1,NA,1,NA,1,NA,NA,0
"locus139","locus231",1,1,NA,NA,1,NA,1,NA,NA,0
"locus139","locus235",0.284776,0.91416,NA,NA,1,NA,0.91416,NA,NA,0
"locus139","locus236",0.12886,1,NA,NA,1,1,1,NA,NA,0
"locus139","locus237",0.5648,1,NA,NA,0.770832,NA,1,NA,NA,0
"locus139","locus239",1,1,NA,NA,1,1,1,NA,NA,0
"locus139","locus248",1,1,NA,NA,1,NA,1,1,NA,0
"locus139","locus255",1,1,NA,NA,1,NA,NA,NA,NA,0
"locus139","locus256",1,1,NA,1,1,NA,1,NA,NA,0
"locus139","locus263",0.72304,0.999656,NA,1,1,NA,1,NA,NA,0
"locus139","locus264",1,1,NA,NA,1,NA,1,NA,NA,0
"locus139","locus274",1,1,NA,NA,0.112112,NA,1,NA,NA,0
"locus139","locus280",0.893652,1,NA,NA,1,1,1,1,NA,0
"locus139","locus282",1,1,NA,NA,1,NA,1,NA,NA,0
"locus139","locus286",1,1,NA,NA,1,NA,1,NA,NA,0
"locus139","locus291",1,1,NA,NA,0.575864,NA,1,NA,NA,0
"locus139","locus292",1,1,1,NA,1,NA,1,NA,NA,0
"locus139","locus296",1,1,NA,NA,1,NA,1,NA,NA,0
"locus139","locus301",0.573552,1,NA,NA,0.573552,NA,1,NA,NA,0
"locus139","locus314",1,1,1,1,1,NA,1,NA,NA,0
"locus139","locus321",1,1,NA,1,1,NA,1,0.745128,NA,0
"locus139","locus322",1,1,NA,1,1,NA,1,NA,NA,0
"locus139","locus323",1,1,NA,NA,1,1,1,NA,NA,0
"locus139","locus329",1,1,NA,NA,1,NA,1,NA,NA,0
"locus139","locus332",1,1,1,NA,1,NA,1,NA,NA,0
"locus139","locus349",0.052448,1,NA,NA,1,NA,1,NA,NA,0
"locus139","locus358",0.923304,1,NA,1,1,NA,0.11891,NA,NA,0
"locus139","locus359",1,1,NA,NA,1,NA,1,NA,NA,0
"locus139","locus360",0.379968,1,NA,NA,0.776304,NA,0.958048,NA,NA,0
"locus140","locus146",1,1,NA,1,0.71265,NA,1,NA,NA,0
"locus140","locus148",0.674796,1,NA,NA,0.674796,NA,0.1256,NA,NA,0
"locus140","locus151",1,1,NA,NA,1,NA,1,NA,NA,0
"locus140","locus157",0.05414,1,NA,1,1,NA,1,NA,NA,0
"locus140","locus161",1,1,NA,NA,1,NA,1,0.71811,NA,0
"locus140","locus165",0.996108,1,NA,NA,1,NA,0.174304,NA,NA,0
"locus140","locus170",1,1,NA,NA,0.115,NA,1,NA,NA,0
"locus140","locus176",1,1,1,NA,1,NA,1,NA,NA,0
"locus140","locus184",1,1,NA,NA,1,NA,1,NA,NA,0
"locus140","locus186",1,1,NA,NA,1,NA,1,NA,NA,0
"locus140","locus188",0.717488,1,1,NA,1,NA,0.42646,NA,NA,0
"locus140","locus189",1,1,1,NA,1,1,1,NA,NA,0
"locus140","locus190",1,1,1,NA,1,NA,1,NA,NA,0
"locus140","locus191",1,0.49904,NA,NA,1,NA,0.870396,NA,NA,0
"locus140","locus192",1,0.749456,NA,NA,0.58116,NA,0.58116,NA,NA,0
"locus140","locus195",1,1,NA,NA,1,NA,0.11676,NA,NA,0
"locus140","locus202",1,0.500088,NA,NA,1,NA,1,NA,NA,0
"locus140","locus210",0.07665,1,NA,NA,1,NA,1,1,NA,0
"locus140","locus215",0.222528,0.503476,NA,NA,0.222528,NA,0.503476,NA,NA,0
"locus140","locus227",1,1,1,NA,1,NA,1,NA,NA,0
"locus140","locus231",1,1,NA,NA,1,NA,1,NA,NA,0
"locus140","locus235",0.28836,0.915294,NA,NA,1,NA,0.915294,NA,NA,0
"locus140","locus236",0.12584,1,NA,NA,1,1,1,NA,NA,0
"locus140","locus237",0.568184,1,NA,NA,0.770148,NA,1,NA,NA,0
"locus140","locus239",1,1,NA,NA,1,1,1,NA,NA,0
"locus140","locus248",1,1,NA,NA,1,NA,1,1,NA,0
"locus140","locus255",1,1,NA,NA,1,NA,NA,NA,NA,0
"locus140","locus256",1,1,NA,1,1,NA,1,NA,NA,0
"locus140","locus263",0.72985,0.998496,NA,1,1,NA,1,NA,NA,0
"locus140","locus264",1,1,NA,NA,1,NA,1,NA,NA,0
"locus140","locus274",1,1,NA,NA,0.113232,NA,1,NA,NA,0
"locus140","locus280",0.73802,1,NA,NA,1,NA,1,1,NA,0
"locus140","locus282",1,1,NA,NA,1,NA,1,NA,NA,0
"locus140","locus286",1,1,NA,NA,1,NA,1,NA,NA,0
"locus140","locus291",1,1,NA,NA,0.570384,NA,1,NA,NA,0
"locus140","locus292",1,1,1,NA,1,NA,1,NA,NA,0
"locus140","locus296",1,1,NA,NA,1,NA,1,NA,NA,0
"locus140","locus301",0.569416,1,NA,NA,0.569416,NA,1,NA,NA,0
"locus140","locus314",1,1,1,1,1,NA,1,NA,NA,0
"locus140","locus321",1,1,NA,1,1,NA,1,0.747936,NA,0
"locus140","locus322",1,1,NA,1,1,NA,1,NA,NA,0
"locus140","locus323",1,1,NA,NA,1,NA,1,NA,NA,0
"locus140","locus329",1,1,NA,NA,1,NA,1,NA,NA,0
"locus140","locus332",1,1,1,NA,1,NA,1,NA,NA,0
"locus140","locus349",0.055616,1,NA,NA,1,NA,1,NA,NA,0
"locus140","locus358",0.915496,1,NA,1,1,NA,0.1143,NA,NA,0
"locus140","locus359",1,1,NA,NA,1,NA,1,NA,NA,0
"locus140","locus360",0.371648,1,NA,NA,0.770616,NA,0.949896,NA,NA,0
"locus146","locus148",0.863768,1,NA,NA,1,NA,1,NA,NA,0
"locus146","locus151",0.386112,1,NA,NA,0.421326,NA,1,NA,NA,0
"locus146","locus157",1,1,NA,1,1,NA,1,NA,NA,0
"locus146","locus161",1,1,NA,NA,1,NA,1,1,NA,0
"locus146","locus165",1,0.860632,NA,NA,1,NA,1,NA,NA,0
"locus146","locus170",0.9747,0.64815,NA,NA,0.575792,NA,0.9747,NA,NA,0
"locus146","locus176",1,1,1,NA,1,NA,1,NA,NA,0
"locus146","locus186",1,1,NA,NA,1,NA,1,NA,NA,0
"locus146","locus188",1,1,1,NA,1,NA,1,NA,NA,0
"locus146","locus189",1,1,1,NA,1,1,1,NA,NA,0
"locus146","locus190",1,1,1,NA,1,NA,1,NA,NA,0
"locus146","locus191",1,1,NA,NA,1,NA,1,NA,NA,0
"locus146","locus192",1,0.429072,NA,NA,1,NA,0.429072,NA,NA,0
"locus146","locus195",1,1,NA,NA,1,1,1,NA,NA,0
"locus146","locus210",0.0871,1,NA,NA,1,NA,1,1,NA,0
"locus146","locus215",1,1,NA,NA,1,NA,0.139792,NA,NA,0
"locus146","locus227",1,0.5362,1,NA,1,NA,1,NA,NA,0
"locus146","locus231",1,1,NA,NA,1,NA,1,NA,NA,0
"locus146","locus235",0.330944,1,NA,NA,1,NA,0.355518,NA,NA,0
"locus146","locus236",0.121616,1,NA,NA,1,1,0.07736,NA,NA,0
"locus146","locus237",1,1,NA,NA,1,NA,1,NA,NA,0
"locus146","locus239",1,1,NA,NA,1,1,0.76917,NA,NA,0
"locus146","locus248",1,1,NA,NA,1,NA,1,1,NA,0
"locus146","locus255",1,1,NA,NA,1,NA,NA,NA,NA,0
"locus146","locus256",0.09999,1,NA,0.998532,0.3746,NA,0.998532,NA,NA,0
"locus146","locus263",0.50964,1,NA,1,1,NA,1,NA,NA,0
"locus146","locus264",1,1,NA,NA,1,NA,1,NA,NA,0
"locus146","locus274",1,1,NA,NA,0.775296,NA,0.775296,NA,NA,0
"locus146","locus280",1,1,NA,NA,1,NA,1,1,NA,0
"locus146","locus282",1,1,NA,NA,1,NA,1,NA,NA,0
"locus146","locus286",0.587436,1,NA,NA,1,NA,0.497944,NA,NA,0
"locus146","locus291",1,1,NA,NA,1,NA,0.814344,NA,NA,0
"locus146","locus292",1,1,1,NA,1,NA,1,NA,NA,0
"locus146","locus296",0.525616,1,NA,NA,1,NA,1,NA,NA,0
"locus146","locus301",1,1,NA,NA,1,NA,1,NA,NA,0
"locus146","locus314",1,1,1,1,1,NA,1,NA,NA,0
"locus146","locus321",1,1,NA,1,1,NA,0.92538,1,NA,0
"locus146","locus322",1,1,NA,1,1,NA,1,NA,NA,0
"locus146","locus323",1,1,NA,NA,1,NA,1,NA,NA,0
"locus146","locus329",0.794376,1,NA,NA,1,NA,1,NA,NA,0
"locus146","locus332",1,1,1,NA,1,NA,1,NA,NA,0
"locus146","locus349",0.623784,1,NA,NA,1,NA,0.623784,NA,NA,0
"locus146","locus358",1,1,NA,1,0.71489,NA,1,NA,NA,0
"locus146","locus359",1,1,NA,NA,1,NA,1,NA,NA,0
"locus146","locus360",1,1,NA,NA,1,NA,1,NA,NA,0
"locus148","locus151",1,1,NA,NA,1,NA,1,NA,NA,0
"locus148","locus157",1,1,NA,1,1,NA,1,NA,NA,0
"locus148","locus161",1,1,NA,NA,1,NA,0.1047,1,NA,0
"locus148","locus165",1,1,1,NA,1,NA,1,NA,NA,0
"locus148","locus170",1,1,NA,NA,0.906328,NA,1,NA,NA,0
"locus148","locus176",1,1,NA,NA,1,NA,0.891208,NA,NA,0
"locus148","locus184",1,1,NA,NA,1,NA,1,NA,NA,0
"locus148","locus186",1,1,NA,NA,1,NA,1,NA,NA,0
"locus148","locus188",1,1,NA,NA,1,NA,1,NA,NA,0
"locus148","locus189",1,1,1,NA,1,1,1,NA,NA,0
"locus148","locus190",1,1,1,NA,1,NA,1,NA,NA,0
"locus148","locus191",0.060688,1,NA,NA,1,NA,1,NA,NA,0
"locus148","locus192",1,1,NA,NA,1,NA,1,NA,NA,0
"locus148","locus195",0.070736,1,NA,NA,1,NA,1,NA,NA,0
"locus148","locus202",1,1,NA,NA,0.919704,NA,1,NA,NA,0
"locus148","locus210",1,1,NA,NA,1,NA,1,1,NA,0
"locus148","locus215",1,1,NA,NA,0.397024,NA,0.838272,NA,NA,0
"locus148","locus227",1,1,1,NA,1,NA,1,NA,NA,0
"locus148","locus231",0.699546,0.858972,NA,NA,1,NA,0.159456,NA,NA,0
"locus148","locus235",0.077856,1,NA,NA,1,NA,1,NA,NA,0
"locus148","locus236",1,1,NA,NA,1,1,1,NA,NA,0
"locus148","locus237",1,1,NA,NA,1,NA,1,NA,NA,0
"locus148","locus239",1,1,NA,NA,1,1,0.42949,NA,NA,0
"locus148","locus248",0.40601,1,NA,NA,1,NA,1,1,NA,0
"locus148","locus255",1,1,NA,NA,1,NA,NA,NA,NA,0
"locus148","locus256",0.6796,1,NA,1,1,NA,1,NA,NA,0
"locus148","locus263",1,1,NA,1,1,NA,1,NA,NA,0
"locus148","locus264",0.559548,0.14468,NA,NA,1,NA,1,NA,NA,0
"locus148","locus274",0.6144,1,NA,NA,1,NA,1,NA,NA,0
"locus148","locus280",1,1,NA,NA,1,NA,1,1,NA,0
"locus148","locus282",1,1,NA,NA,1,NA,1,NA,NA,0
"locus148","locus286",1,1,NA,NA,1,NA,1,NA,NA,0
"locus148","locus291",0.099648,1,NA,NA,1,NA,1,NA,NA,0
"locus148","locus292",1,1,1,NA,1,NA,1,NA,NA,0
"locus148","locus296",1,1,NA,NA,1,NA,1,NA,NA,0
"locus148","locus301",1,1,NA,NA,1,NA,1,NA,NA,0
"locus148","locus314",1,0.566352,1,1,1,NA,1,NA,NA,0
"locus148","locus321",0.864632,0.795504,NA,0.50377,0.864632,NA,0.35892,0.795504,NA,0
"locus148","locus322",1,1,NA,1,1,NA,1,NA,NA,0
"locus148","locus323",1,1,NA,NA,1,NA,1,NA,NA,0
"locus148","locus329",1,1,NA,NA,1,NA,1,NA,NA,0
"locus148","locus332",1,1,1,NA,1,NA,1,NA,NA,0
"locus148","locus349",1,1,1,NA,1,NA,1,NA,NA,0
"locus148","locus358",1,1,NA,1,0.28415,NA,1,NA,NA,0
"locus148","locus359",0.064696,1,NA,NA,1,NA,1,NA,NA,0
"locus148","locus360",1,0.434536,NA,NA,1,NA,1,NA,NA,0
"locus151","locus157",1,1,NA,1,1,NA,1,NA,NA,0
"locus151","locus161",1,1,NA,NA,1,NA,1,1,NA,0
"locus151","locus165",0.838904,1,NA,NA,1,NA,1,NA,NA,0
"locus151","locus170",1,1,NA,NA,1,NA,0.093504,NA,NA,0
"locus151","locus184",1,1,NA,NA,1,NA,1,NA,NA,0
"locus151","locus186",1,1,NA,NA,1,NA,1,NA,NA,0
"locus151","locus188",1,1,NA,NA,0.803112,NA,0.874614,NA,NA,0
"locus151","locus189",1,1,1,NA,1,1,0.278868,NA,NA,0
"locus151","locus190",1,1,1,NA,1,NA,0.60934,NA,NA,0
"locus151","locus191",1,1,1,NA,0.33451,NA,1,NA,NA,0
"locus151","locus192",1,1,NA,NA,1,NA,1,NA,NA,0
"locus151","locus195",1,1,NA,NA,1,NA,1,NA,NA,0
"locus151","locus202",1,1,NA,NA,1,NA,1,NA,NA,0
"locus151","locus210",1,1,NA,NA,1,NA,1,1,NA,0
"locus151","locus215",1,1,NA,NA,1,NA,1,NA,NA,0
"locus151","locus227",1,1,1,NA,1,NA,1,NA,NA,0
"locus151","locus231",1,0.14294,1,NA,1,NA,1,NA,NA,0
"locus151","locus235",1,1,NA,NA,1,NA,1,NA,NA,0
"locus151","locus236",1,1,NA,NA,1,1,1,NA,NA,0
"locus151","locus237",1,1,NA,NA,1,NA,0.726056,NA,NA,0
"locus151","locus239",0.96008,1,NA,NA,1,1,0.96008,NA,NA,0
"locus151","locus248",1,1,NA,NA,0.70692,NA,0.70692,1,NA,0
"locus151","locus255",1,1,NA,NA,1,NA,NA,NA,NA,0
"locus151","locus256",1,1,NA,1,1,NA,1,NA,NA,0
"locus151","locus263",0.20223,1,NA,1,1,NA,1,NA,NA,0
"locus151","locus264",0.67884,0.685554,NA,NA,1,NA,0.685554,NA,NA,0
"locus151","locus274",1,1,NA,NA,1,NA,1,NA,NA,0
"locus151","locus280",0.867624,1,NA,NA,1,NA,0.46471,1,NA,0
"locus151","locus282",1,0.570616,NA,NA,1,NA,1,NA,NA,0
"locus151","locus286",1,1,NA,NA,1,NA,0.599696,NA,NA,0
"locus151","locus291",1,1,NA,NA,1,NA,1,NA,NA,0
"locus151","locus292",1,1,1,NA,1,NA,1,NA,NA,0
"locus151","locus296",0.20508,1,NA,NA,1,NA,1,NA,NA,0
"locus151","locus301",1,1,NA,NA,1,NA,1,NA,NA,0
"locus151","locus314",1,0.7145,1,1,0.278568,NA,0.862064,NA,NA,0
"locus151","locus321",1,1,NA,1,1,NA,1,1,NA,0
"locus151","locus322",0.985782,0.71482,NA,0.985782,0.985782,NA,0.979704,NA,NA,0
"locus151","locus323",0.963392,1,NA,NA,0.963392,NA,0.963392,NA,NA,0
"locus151","locus329",1,1,NA,NA,1,1,0.91591,NA,NA,0
"locus151","locus332",0.62702,1,1,NA,1,NA,1,NA,NA,0
"locus151","locus349",1,0.571992,NA,NA,1,NA,1,NA,NA,0
"locus151","locus358",1,1,NA,1,1,NA,1,NA,NA,0
"locus151","locus359",0.391224,0.425634,NA,NA,0.863568,NA,0.863568,NA,NA,0
"locus151","locus360",1,0.564888,NA,NA,1,NA,0.564888,NA,NA,0
"locus157","locus161",1,1,1,NA,1,NA,1,1,NA,0
"locus157","locus165",0.748216,1,NA,NA,1,NA,1,NA,NA,0
"locus157","locus170",1,1,1,NA,1,NA,1,NA,NA,0
"locus157","locus176",1,0.150712,NA,NA,1,NA,1,NA,NA,0
"locus157","locus184",1,1,NA,NA,0.859614,NA,0.571392,NA,NA,0
"locus157","locus186",1,1,NA,NA,1,NA,1,NA,NA,0
"locus157","locus188",1,1,NA,NA,1,NA,1,NA,NA,0
"locus157","locus189",0.20829,1,1,NA,1,NA,1,NA,NA,0
"locus157","locus190",1,1,1,NA,0.70681,NA,1,NA,NA,0
"locus157","locus191",1,1,NA,NA,1,NA,1,NA,NA,0
"locus157","locus192",0.832024,1,NA,NA,1,NA,0.880326,NA,NA,0
"locus157","locus195",1,1,NA,NA,1,NA,1,NA,NA,0
"locus157","locus202",1,0.42772,NA,NA,0.434454,NA,1,NA,NA,0
"locus157","locus210",0.33672,1,NA,NA,1,NA,1,1,NA,0
"locus157","locus215",1,1,NA,NA,1,NA,1,NA,NA,0
"locus157","locus227",1,1,1,NA,1,NA,1,NA,NA,0
"locus157","locus231",1,1,NA,NA,1,NA,1,NA,NA,0
"locus157","locus235",1,1,NA,NA,0.573776,NA,1,NA,NA,0
"locus157","locus236",0.122104,1,NA,NA,1,NA,1,NA,NA,0
"locus157","locus237",0.137672,0.137672,NA,NA,0.282828,NA,0.801604,NA,NA,0
"locus157","locus239",1,1,NA,NA,1,NA,0.900728,NA,NA,0
"locus157","locus248",1,1,NA,NA,1,NA,1,1,NA,0
"locus157","locus255",1,1,NA,NA,1,NA,NA,NA,NA,0
"locus157","locus263",0.2041,1,NA,1,1,NA,1,NA,NA,0
"locus157","locus264",1,1,NA,NA,1,NA,1,NA,NA,0
"locus157","locus274",0.26396,1,NA,NA,1,NA,0.26396,NA,NA,0
"locus157","locus280",1,1,NA,NA,1,NA,1,0.49957,NA,0
"locus157","locus282",0.570264,0.570264,NA,NA,0.570264,NA,0.570264,NA,NA,0
"locus157","locus286",0.813472,1,NA,NA,1,NA,1,NA,NA,0
"locus157","locus291",1,1,NA,NA,1,NA,0.611136,NA,NA,0
"locus157","locus292",0.06916,1,1,NA,1,NA,1,NA,NA,0
"locus157","locus296",1,1,NA,NA,1,NA,1,NA,NA,0
"locus157","locus301",1,0.424992,NA,NA,1,NA,0.913572,NA,NA,0
"locus157","locus321",1,1,NA,1,1,NA,1,1,NA,0
"locus157","locus322",1,1,NA,1,0.70876,NA,0.888304,NA,NA,0
"locus157","locus323",0.531576,0.854824,NA,NA,0.854824,NA,0.531576,NA,NA,0
"locus157","locus329",0.917166,1,NA,NA,1,NA,0.47852,NA,NA,0
"locus157","locus332",1,1,1,NA,1,NA,0.61546,NA,NA,0
"locus157","locus349",1,0.430472,NA,NA,1,NA,1,NA,NA,0
"locus157","locus358",1,1,NA,1,1,NA,0.33052,NA,NA,0
"locus157","locus359",1,1,NA,NA,1,NA,1,NA,NA,0
"locus157","locus360",0.859746,0.859746,NA,NA,0.859746,NA,0.278072,NA,NA,0
"locus161","locus165",1,1,NA,NA,1,NA,1,NA,NA,0
"locus161","locus170",0.808496,0.808496,NA,NA,1,NA,1,NA,NA,0
"locus161","locus176",1,1,NA,NA,1,NA,0.402632,NA,NA,0
"locus161","locus184",1,1,NA,NA,1,NA,0.475688,NA,NA,0
"locus161","locus186",1,1,NA,NA,1,NA,1,NA,NA,0
"locus161","locus188",0.87425,1,NA,NA,1,1,1,NA,NA,0
"locus161","locus189",1,0.71848,1,NA,1,NA,1,NA,NA,0
"locus161","locus190",1,1,1,NA,1,1,1,NA,NA,0
"locus161","locus191",1,1,NA,NA,1,NA,1,NA,NA,0
"locus161","locus192",1,1,NA,NA,1,NA,1,NA,NA,0
"locus161","locus195",1,1,NA,NA,1,NA,1,NA,NA,0
"locus161","locus202",1,1,1,NA,1,NA,1,NA,NA,0
"locus161","locus210",0.318728,1,NA,NA,1,NA,0.30957,1,NA,0
"locus161","locus215",1,0.78636,NA,NA,1,NA,1,NA,NA,0
"locus161","locus227",1,1,1,NA,1,NA,1,NA,NA,0
"locus161","locus231",1,1,NA,NA,1,NA,1,NA,NA,0
"locus161","locus235",1,1,NA,NA,1,NA,1,NA,NA,0
"locus161","locus236",0.768088,1,NA,NA,0.857372,NA,0.79653,NA,NA,0
"locus161","locus237",1,1,NA,NA,1,NA,1,NA,NA,0
"locus161","locus239",1,1,NA,NA,1,NA,1,NA,NA,0
"locus161","locus248",1,1,NA,NA,1,NA,0.28958,1,NA,0
"locus161","locus255",0.70923,1,NA,NA,1,NA,NA,NA,NA,0
"locus161","locus256",1,1,1,1,1,NA,1,NA,NA,0
"locus161","locus263",1,1,NA,1,1,NA,1,NA,NA,0
"locus161","locus264",1,1,0.83211,NA,1,NA,1,NA,NA,0
"locus161","locus274",0.209568,0.43293,NA,NA,1,NA,1,NA,NA,0
"locus161","locus280",0.93151,1,NA,NA,1,NA,1,1,NA,0
"locus161","locus282",1,1,NA,NA,1,NA,1,NA,NA,0
"locus161","locus286",1,1,NA,NA,0.568112,NA,1,NA,NA,0
"locus161","locus291",0.519864,1,NA,NA,1,NA,1,NA,NA,0
"locus161","locus292",1,1,1,NA,1,NA,1,NA,NA,0
"locus161","locus296",1,1,NA,NA,1,NA,1,NA,NA,0
"locus161","locus301",1,1,NA,NA,1,1,1,NA,NA,0
"locus161","locus314",0.34087,1,1,NA,1,NA,1,NA,NA,0
"locus161","locus321",1,1,NA,1,1,NA,0.21288,1,NA,0
"locus161","locus322",0.596936,1,NA,NA,1,NA,1,NA,NA,0
"locus161","locus323",1,1,NA,NA,1,NA,1,NA,NA,0
"locus161","locus329",1,1,NA,NA,1,NA,1,NA,NA,0
"locus161","locus332",1,1,1,NA,1,NA,1,NA,NA,0
"locus161","locus349",1,1,NA,NA,1,NA,1,NA,NA,0
"locus161","locus358",1,1,NA,1,1,NA,1,NA,NA,0
"locus161","locus359",1,1,NA,NA,1,NA,1,NA,NA,0
"locus161","locus360",1,1,NA,NA,1,NA,1,NA,NA,0
"locus165","locus170",1,1,NA,NA,1,NA,0.99428,NA,NA,0
"locus165","locus176",0.63848,1,NA,NA,1,NA,1,NA,NA,0
"locus165","locus184",1,1,NA,NA,1,NA,1,NA,NA,0
"locus165","locus186",1,1,NA,NA,1,NA,1,NA,NA,0
"locus165","locus189",1,0.81398,1,NA,0.81398,NA,1,NA,NA,0
"locus165","locus190",1,1,1,NA,0.33047,NA,0.990488,NA,NA,0
"locus165","locus191",0.840172,1,NA,NA,0.598392,NA,0.350408,NA,NA,0
"locus165","locus192",0.34056,0.34056,NA,NA,0.602512,NA,0.34056,NA,NA,0
"locus165","locus195",1,1,NA,NA,1,NA,1,NA,NA,0
"locus165","locus202",0.96522,1,1,NA,1,NA,0.96522,NA,NA,0
"locus165","locus210",1,1,NA,NA,0.801376,NA,1,0.5017,NA,0
"locus165","locus215",1,1,1,NA,1,NA,0.69974,NA,NA,0
"locus165","locus231",1,1,NA,NA,1,NA,1,NA,NA,0
"locus165","locus235",1,1,NA,NA,1,NA,1,NA,NA,0
"locus165","locus236",1,1,NA,NA,1,NA,1,NA,NA,0
"locus165","locus237",1,1,NA,NA,1,NA,0.560016,NA,NA,0
"locus165","locus239",1,1,NA,NA,1,NA,0.810072,NA,NA,0
"locus165","locus248",1,1,NA,NA,1,NA,1,1,NA,0
"locus165","locus255",0.694986,0.543496,NA,NA,0.20241,NA,NA,NA,NA,0
"locus165","locus256",1,1,1,NA,1,1,1,NA,NA,0
"locus165","locus263",1,1,1,NA,1,NA,1,NA,NA,0
"locus165","locus264",1,1,1,NA,1,NA,0.63899,NA,NA,0
"locus165","locus274",1,1,NA,NA,1,NA,1,NA,NA,0
"locus165","locus280",1,1,NA,NA,1,NA,1,1,NA,0
"locus165","locus282",0.197712,0.810618,NA,NA,0.87964,NA,0.87964,NA,NA,0
"locus165","locus286",0.876512,1,NA,NA,1,NA,1,NA,NA,0
"locus165","locus291",1,1,NA,NA,1,1,1,NA,NA,0
"locus165","locus292",1,1,1,NA,0.810912,NA,0.68062,NA,NA,0
"locus165","locus296",1,1,NA,NA,1,NA,1,NA,NA,0
"locus165","locus301",1,1,1,NA,1,1,0.940128,NA,NA,0
"locus165","locus314",1,1,1,NA,1,NA,1,NA,NA,0
"locus165","locus321",1,1,NA,NA,1,NA,1,1,NA,0
"locus165","locus322",1,1,NA,NA,1,NA,1,NA,NA,0
"locus165","locus323",1,1,NA,NA,1,NA,1,NA,NA,0
"locus165","locus329",1,1,NA,NA,1,NA,1,NA,NA,0
"locus165","locus332",1,1,1,NA,1,NA,0.86489,NA,NA,0
"locus165","locus358",1,1,NA,NA,1,NA,1,NA,NA,0
"locus165","locus359",1,1,NA,NA,1,NA,1,NA,NA,0
"locus165","locus360",0.396822,1,NA,NA,0.93396,NA,0.390008,NA,NA,0
"locus170","locus176",1,1,NA,NA,1,NA,1,NA,NA,0
"locus170","locus184",1,1,NA,NA,1,NA,0.445264,NA,NA,0
"locus170","locus186",1,1,NA,NA,1,NA,1,NA,NA,0
"locus170","locus188",1,1,NA,NA,1,NA,0.15331,1,NA,0
"locus170","locus189",0.4223,1,1,NA,1,NA,0.464048,NA,NA,0
"locus170","locus190",1,1,1,NA,1,NA,1,NA,NA,0
"locus170","locus191",1,1,NA,NA,1,NA,1,NA,NA,0
"locus170","locus192",0.959352,0.136888,NA,NA,0.430596,NA,0.959352,NA,NA,0
"locus170","locus195",1,1,NA,NA,1,NA,1,NA,NA,0
"locus170","locus202",1,1,NA,NA,1,NA,1,NA,NA,0
"locus170","locus210",1,1,1,NA,1,NA,1,1,NA,0
"locus170","locus215",0.223168,1,NA,NA,0.223168,NA,1,NA,NA,0
"locus170","locus227",1,0.422916,1,NA,1,1,1,NA,NA,0
"locus170","locus231",1,1,NA,NA,1,NA,1,NA,NA,0
"locus170","locus235",1,1,NA,NA,1,NA,0.281288,NA,NA,0
"locus170","locus236",0.377952,1,NA,NA,0.970744,NA,0.192168,NA,NA,0
"locus170","locus237",0.521232,1,NA,NA,0.521232,NA,0.33992,NA,NA,0
"locus170","locus239",1,1,NA,NA,1,NA,1,NA,NA,0
"locus170","locus248",1,1,NA,NA,1,NA,0.12464,1,NA,0
"locus170","locus255",1,1,NA,NA,1,NA,NA,NA,NA,0
"locus170","locus256",1,1,NA,1,1,1,1,NA,NA,0
"locus170","locus263",1,1,NA,1,1,NA,1,NA,NA,0
"locus170","locus264",1,1,NA,NA,1,NA,0.82092,NA,NA,0
"locus170","locus274",1,0.805602,NA,NA,0.116016,NA,1,NA,NA,0
"locus170","locus280",1,1,NA,NA,1,NA,1,1,NA,0
"locus170","locus282",1,1,NA,NA,0.775086,NA,0.319496,NA,NA,0
"locus170","locus286",0.238392,1,NA,NA,1,NA,1,NA,NA,0
"locus170","locus291",0.815868,1,NA,NA,0.5676,1,0.5676,NA,NA,0
"locus170","locus292",1,0.28597,1,NA,1,NA,1,NA,NA,0
"locus170","locus296",0.755288,1,NA,NA,1,NA,1,NA,NA,0
"locus170","locus301",1,1,NA,NA,0.71477,1,1,NA,NA,0
"locus170","locus314",1,1,NA,NA,1,NA,1,NA,NA,0
"locus170","locus321",1,1,NA,1,1,NA,1,1,NA,0
"locus170","locus322",1,1,NA,NA,1,NA,1,NA,NA,0
"locus170","locus323",1,0.992536,NA,NA,1,NA,1,NA,NA,0
"locus170","locus329",1,1,NA,NA,1,NA,1,NA,NA,0
"locus170","locus332",1,1,NA,NA,1,NA,1,NA,NA,0
"locus170","locus349",1,1,NA,NA,1,NA,1,NA,NA,0
"locus170","locus358",0.83216,1,NA,1,1,NA,1,NA,NA,0
"locus170","locus359",1,1,NA,NA,1,NA,1,NA,NA,0
"locus170","locus360",0.775356,0.775356,NA,NA,0.775356,NA,0.312736,NA,NA,0
"locus176","locus184",1,1,NA,NA,1,NA,1,NA,NA,0
"locus176","locus186",1,0.74445,NA,NA,1,NA,0.290408,NA,NA,0
"locus176","locus188",0.20004,1,NA,NA,1,NA,1,1,NA,0
"locus176","locus189",1,1,1,NA,1,NA,0.89503,NA,NA,0
"locus176","locus190",0.59615,1,1,NA,1,NA,1,NA,NA,0
"locus176","locus191",1,1,NA,NA,1,NA,1,NA,NA,0
"locus176","locus192",1,1,NA,NA,1,NA,1,NA,NA,0
"locus176","locus195",1,1,NA,NA,1,NA,1,NA,NA,0
"locus176","locus202",1,0.290328,NA,NA,1,NA,1,NA,NA,0
"locus176","locus210",0.768552,1,NA,NA,0.57742,NA,1,1,NA,0
"locus176","locus215",0.827024,1,NA,NA,1,NA,1,NA,NA,0
"locus176","locus227",1,1,1,NA,1,1,1,NA,NA,0
"locus176","locus231",1,1,NA,NA,1,NA,1,NA,NA,0
"locus176","locus235",1,1,NA,NA,1,NA,1,NA,NA,0
"locus176","locus236",0.9386,0.490632,NA,NA,0.9386,NA,0.37544,NA,NA,0
"locus176","locus237",0.851784,0.141712,NA,NA,0.851784,NA,0.482196,NA,NA,0
"locus176","locus239",1,1,NA,NA,1,NA,1,NA,NA,0
"locus176","locus248",0.30455,1,NA,NA,0.568408,NA,1,0.94026,NA,0
"locus176","locus255",1,1,NA,NA,1,NA,NA,NA,NA,0
"locus176","locus256",1,1,NA,NA,1,1,1,NA,NA,0
"locus176","locus263",1,1,NA,NA,1,NA,1,NA,NA,0
"locus176","locus274",1,0.647768,NA,NA,1,NA,1,NA,NA,0
"locus176","locus280",1,1,NA,NA,1,NA,1,1,NA,0
"locus176","locus282",1,1,NA,NA,1,NA,1,NA,NA,0
"locus176","locus286",1,1,NA,NA,1,NA,1,NA,NA,0
"locus176","locus291",1,1,NA,NA,1,1,1,NA,NA,0
"locus176","locus292",1,1,1,NA,1,NA,1,NA,NA,0
"locus176","locus296",1,1,NA,NA,1,NA,1,NA,NA,0
"locus176","locus301",0.999432,0.859704,NA,NA,0.999432,0.999432,0.33628,NA,NA,0
"locus176","locus314",1,1,NA,NA,1,NA,1,NA,NA,0
"locus176","locus321",0.50645,1,NA,NA,1,NA,1,1,NA,0
"locus176","locus322",1,1,NA,NA,1,NA,1,NA,NA,0
"locus176","locus323",0.406104,0.768672,NA,NA,0.768672,NA,0.927526,NA,NA,0
"locus176","locus329",1,1,NA,NA,1,NA,1,NA,NA,0
"locus176","locus332",1,1,NA,NA,0.116168,NA,1,NA,NA,0
"locus176","locus349",0.881706,0.572592,NA,NA,0.703284,NA,0.703284,NA,NA,0
"locus176","locus358",1,1,NA,NA,1,NA,1,NA,NA,0
"locus176","locus359",0.930792,0.930792,NA,NA,1,NA,0.526072,NA,NA,0
"locus176","locus360",1,1,1,NA,0.33613,NA,1,NA,NA,0
"locus184","locus188",1,1,1,NA,1,NA,1,1,NA,0
"locus184","locus189",1,1,1,NA,1,NA,1,NA,NA,0
"locus184","locus190",1,1,1,NA,1,NA,1,NA,NA,0
"locus184","locus191",0.988596,0.427572,NA,NA,1,NA,0.28664,NA,NA,0
"locus184","locus192",1,1,NA,NA,1,NA,1,NA,NA,0
"locus184","locus195",1,0.570528,NA,NA,1,NA,1,NA,NA,0
"locus184","locus202",1,1,NA,NA,0.572104,NA,1,NA,NA,0
"locus184","locus210",1,1,NA,NA,1,NA,1,1,NA,0
"locus184","locus215",0.343936,0.43017,NA,NA,1,NA,1,NA,NA,0
"locus184","locus227",1,0.572496,1,NA,1,NA,0.43903,NA,NA,0
"locus184","locus231",1,1,NA,NA,1,NA,1,NA,NA,0
"locus184","locus235",0.239784,1,NA,NA,0.569084,NA,0.24942,NA,NA,0
"locus184","locus236",1,1,NA,NA,1,NA,1,NA,NA,0
"locus184","locus237",0.266232,1,NA,NA,0.431514,NA,1,NA,NA,0
"locus184","locus239",0.344336,0.427386,NA,NA,1,NA,1,NA,NA,0
"locus184","locus248",1,1,NA,NA,1,NA,1,1,NA,0
"locus184","locus255",1,1,NA,NA,1,NA,NA,NA,NA,0
"locus184","locus256",0.699456,1,NA,1,1,NA,0.26289,NA,NA,0
"locus184","locus263",1,1,NA,1,1,NA,1,NA,NA,0
"locus184","locus264",1,1,NA,NA,1,NA,1,NA,NA,0
"locus184","locus274",1,1,NA,NA,1,NA,1,NA,NA,0
"locus184","locus280",1,1,NA,NA,1,NA,1,1,NA,0
"locus184","locus282",1,1,1,NA,0.71716,NA,1,NA,NA,0
"locus184","locus286",1,1,NA,NA,1,NA,0.170824,NA,NA,0
"locus184","locus291",1,1,NA,NA,1,NA,0.886536,NA,NA,0
"locus184","locus292",1,1,1,NA,1,NA,1,NA,NA,0
"locus184","locus296",1,1,NA,NA,1,NA,1,NA,NA,0
"locus184","locus301",1,1,NA,NA,1,1,1,NA,NA,0
"locus184","locus314",1,1,NA,NA,1,NA,1,NA,NA,0
"locus184","locus321",1,1,NA,1,1,NA,1,1,NA,0
"locus184","locus322",0.653028,1,NA,NA,0.667012,NA,0.588512,NA,NA,0
"locus184","locus323",1,1,NA,NA,1,1,1,NA,NA,0
"locus184","locus329",1,1,NA,NA,1,NA,1,NA,NA,0
"locus184","locus332",1,1,NA,NA,1,NA,1,NA,NA,0
"locus184","locus349",1,1,NA,NA,1,NA,0.977024,NA,NA,0
"locus184","locus358",1,1,NA,1,1,NA,0.65979,NA,NA,0
"locus184","locus359",1,1,NA,NA,1,NA,0.142896,NA,NA,0
"locus184","locus360",1,1,NA,NA,1,NA,1,NA,NA,0
"locus186","locus188",1,1,1,NA,1,NA,1,1,NA,0
"locus186","locus189",1,1,1,NA,1,NA,1,NA,NA,0
"locus186","locus190",1,1,1,NA,1,NA,1,NA,NA,0
"locus186","locus191",1,1,NA,NA,0.770004,NA,0.121776,NA,NA,0
"locus186","locus192",1,1,NA,NA,0.566848,NA,1,NA,NA,0
"locus186","locus202",1,1,NA,NA,1,NA,1,NA,NA,0
"locus186","locus210",1,1,NA,NA,1,NA,1,1,NA,0
"locus186","locus215",0.576152,1,NA,NA,1,NA,1,NA,NA,0
"locus186","locus227",1,1,1,NA,1,NA,1,NA,NA,0
"locus186","locus231",0.86244,1,NA,NA,1,NA,0.375472,NA,NA,0
"locus186","locus235",0.42856,1,NA,NA,1,NA,1,NA,NA,0
"locus186","locus236",1,0.859296,NA,NA,1,NA,1,NA,NA,0
"locus186","locus237",1,1,NA,NA,1,NA,1,NA,NA,0
"locus186","locus239",1,1,NA,NA,1,NA,1,NA,NA,0
"locus186","locus248",1,1,NA,NA,1,NA,1,1,NA,0
"locus186","locus255",1,1,NA,NA,1,NA,NA,NA,NA,0
"locus186","locus256",1,1,NA,1,1,NA,1,NA,NA,0
"locus186","locus263",1,1,NA,1,1,NA,1,NA,NA,0
"locus186","locus264",1,1,NA,NA,1,NA,0.510848,NA,NA,0
"locus186","locus274",1,0.643884,NA,NA,1,NA,0.533864,NA,NA,0
"locus186","locus280",0.809064,1,NA,NA,0.13952,NA,1,1,NA,0
"locus186","locus282",1,1,1,NA,1,NA,1,NA,NA,0
"locus186","locus286",1,1,NA,NA,1,NA,1,NA,NA,0
"locus186","locus291",1,1,NA,NA,1,NA,0.730496,NA,NA,0
"locus186","locus292",1,1,1,NA,1,NA,1,NA,NA,0
"locus186","locus296",1,1,NA,NA,1,NA,1,NA,NA,0
"locus186","locus301",1,1,NA,NA,1,1,1,NA,NA,0
"locus186","locus314",1,1,NA,NA,0.51072,NA,0.51072,NA,NA,0
"locus186","locus321",1,1,NA,1,1,NA,1,1,NA,0
"locus186","locus323",1,1,NA,NA,1,NA,1,NA,NA,0
"locus186","locus332",1,1,NA,NA,1,NA,1,NA,NA,0
"locus186","locus349",0.431176,0.927224,NA,NA,1,NA,0.662484,NA,NA,0
"locus186","locus358",1,1,NA,1,1,NA,1,NA,NA,0
"locus186","locus359",0.740152,1,NA,NA,1,NA,1,NA,NA,0
"locus186","locus360",1,1,NA,NA,1,NA,1,NA,NA,0
"locus188","locus189",1,1,1,NA,1,NA,1,NA,NA,0
"locus188","locus190",1,0.14401,1,NA,0.80432,NA,1,NA,NA,0
"locus188","locus191",1,1,NA,NA,0.11584,NA,1,NA,NA,0
"locus188","locus192",0.653936,0.653936,NA,NA,1,NA,1,NA,NA,0
"locus188","locus195",1,1,NA,NA,1,NA,0.077904,NA,NA,0
"locus188","locus202",1,1,NA,NA,1,NA,1,NA,NA,0
"locus188","locus210",1,0.26467,NA,NA,1,NA,0.461168,1,NA,0
"locus188","locus215",1,1,NA,NA,1,NA,0.930272,NA,NA,0
"locus188","locus227",1,1,1,NA,1,NA,1,NA,NA,0
"locus188","locus231",1,1,NA,NA,1,NA,1,NA,NA,0
"locus188","locus235",0.44632,1,NA,NA,1,NA,1,NA,NA,0
"locus188","locus236",0.67064,1,NA,NA,1,NA,1,NA,NA,0
"locus188","locus237",1,1,NA,NA,1,NA,1,NA,NA,0
"locus188","locus239",1,1,NA,NA,1,NA,1,NA,NA,0
"locus188","locus248",1,1,NA,NA,1,NA,0.88873,1,NA,0
"locus188","locus255",0.933576,0.933576,NA,NA,0.933576,NA,NA,NA,NA,0
"locus188","locus256",1,1,NA,1,1,NA,1,NA,NA,0
"locus188","locus263",1,1,NA,1,1,NA,1,NA,NA,0
"locus188","locus264",1,1,NA,NA,1,NA,1,NA,NA,0
"locus188","locus274",0.600352,1,NA,NA,1,NA,1,NA,NA,0
"locus188","locus280",0.780228,0.07413,NA,NA,0.590704,NA,0.838296,1,NA,0
"locus188","locus282",0.730368,1,1,NA,1,NA,0.66789,NA,NA,0
"locus188","locus286",1,1,NA,NA,1,NA,1,NA,NA,0
"locus188","locus291",1,1,NA,NA,1,NA,1,NA,NA,0
"locus188","locus292",0.48942,0.767376,1,NA,0.767376,NA,0.48942,NA,NA,0
"locus188","locus296",0.213008,0.499902,NA,NA,0.499902,NA,0.499902,NA,NA,0
"locus188","locus301",1,1,NA,NA,1,1,1,NA,NA,0
"locus188","locus314",1,1,NA,NA,0.5724,NA,1,NA,NA,0
"locus188","locus321",0.267324,1,NA,1,1,NA,1,1,NA,0
"locus188","locus322",1,1,NA,NA,1,NA,1,NA,NA,0
"locus188","locus323",1,1,NA,NA,1,NA,1,NA,NA,0
"locus188","locus332",1,0.05784,NA,NA,1,NA,1,NA,NA,0
"locus188","locus349",1,1,NA,NA,1,NA,1,NA,NA,0
"locus188","locus358",1,1,NA,1,1,NA,1,NA,NA,0
"locus188","locus359",1,1,NA,NA,1,NA,1,NA,NA,0
"locus188","locus360",0.9036,1,NA,NA,1,NA,1,NA,NA,0
"locus189","locus190",0.91873,1,1,NA,1,NA,1,NA,NA,0
"locus189","locus191",0.610408,1,NA,NA,0.855564,NA,0.717708,NA,NA,0
"locus189","locus192",1,0.85632,NA,NA,1,NA,1,NA,NA,0
"locus189","locus195",1,1,NA,NA,1,NA,1,NA,NA,0
"locus189","locus210",1,1,NA,NA,1,NA,0.709256,NA,NA,0
"locus189","locus215",0.26656,1,NA,NA,1,NA,1,NA,NA,0
"locus189","locus227",1,1,1,NA,1,NA,1,NA,NA,0
"locus189","locus231",1,0.918496,NA,NA,1,NA,1,NA,NA,0
"locus189","locus235",1,1,NA,NA,1,1,1,NA,NA,0
"locus189","locus236",0.545888,1,NA,NA,1,NA,0.545888,NA,NA,0
"locus189","locus237",1,1,NA,NA,1,NA,0.061192,NA,NA,0
"locus189","locus239",0.502256,1,NA,NA,1,NA,1,NA,NA,0
"locus189","locus248",1,1,NA,NA,1,NA,1,1,NA,0
"locus189","locus255",0.265536,0.288504,NA,NA,0.288504,NA,NA,NA,NA,0
"locus189","locus256",1,1,NA,1,1,NA,1,NA,NA,0
"locus189","locus263",1,1,NA,1,1,NA,1,NA,NA,0
"locus189","locus264",0.304512,0.096064,NA,NA,0.655036,NA,0.61426,NA,NA,0
"locus189","locus274",1,1,NA,NA,0.504288,NA,1,NA,NA,0
"locus189","locus280",1,1,NA,NA,0.495432,NA,0.32689,1,NA,0
"locus189","locus282",1,1,NA,NA,1,NA,1,NA,NA,0
"locus189","locus286",1,1,NA,NA,1,NA,0.3578,NA,NA,0
"locus189","locus292",0.79914,0.873996,1,NA,1,NA,0.79914,NA,NA,0
"locus189","locus296",1,1,NA,NA,1,NA,1,NA,NA,0
"locus189","locus301",1,1,NA,NA,1,NA,1,NA,NA,0
"locus189","locus314",1,1,NA,NA,1,NA,0.246344,NA,NA,0
"locus189","locus321",0.154452,0.43375,NA,1,0.607506,NA,1,0.454488,NA,0
"locus189","locus322",1,1,NA,NA,1,NA,1,NA,NA,0
"locus189","locus323",1,0.568736,NA,NA,1,NA,1,NA,NA,0
"locus189","locus329",0.166816,1,NA,NA,0.678948,NA,1,NA,NA,0
"locus189","locus332",1,1,NA,NA,1,1,1,NA,NA,0
"locus189","locus349",1,0.70641,1,NA,1,NA,1,NA,NA,0
"locus189","locus358",1,1,NA,1,1,NA,1,NA,NA,0
"locus189","locus359",0.906654,0.906654,NA,NA,0.571904,NA,0.906654,NA,NA,0
"locus189","locus360",1,1,NA,NA,1,NA,1,NA,NA,0
"locus190","locus191",0.45894,0.97346,NA,NA,0.11452,NA,0.97346,NA,NA,0
"locus190","locus195",0.544602,1,NA,NA,1,NA,0.423872,NA,NA,0
"locus190","locus202",1,1,NA,NA,1,NA,1,NA,NA,0
"locus190","locus210",1,1,NA,NA,1,NA,1,NA,NA,0
"locus190","locus215",0.485832,1,NA,NA,1,NA,1,NA,NA,0
"locus190","locus227",1,1,1,NA,1,NA,0.80581,NA,NA,0
"locus190","locus231",1,1,NA,NA,0.802976,NA,0.802976,NA,NA,0
"locus190","locus235",1,0.71379,NA,NA,0.71379,1,1,NA,NA,0
"locus190","locus236",0.972008,0.972008,NA,NA,0.7683,NA,0.282296,NA,NA,0
"locus190","locus237",0.532776,1,NA,NA,0.498776,NA,0.516312,NA,NA,0
"locus190","locus239",1,1,NA,NA,1,NA,1,NA,NA,0
"locus190","locus248",1,1,NA,NA,1,NA,0.9832,1,NA,0
"locus190","locus255",0.939708,1,NA,NA,0.14499,NA,NA,NA,NA,0
"locus190","locus256",1,1,NA,1,0.98272,NA,1,NA,NA,0
"locus190","locus263",1,1,NA,1,1,NA,1,NA,NA,0
"locus190","locus264",1,1,NA,NA,1,NA,1,NA,NA,0
"locus190","locus274",1,1,NA,NA,1,NA,1,NA,NA,0
"locus190","locus280",1,0.13894,NA,NA,1,NA,1,1,NA,0
"locus190","locus282",1,1,NA,NA,0.498792,NA,1,NA,NA,0
"locus190","locus286",1,1,NA,NA,1,NA,1,NA,NA,0
"locus190","locus291",1,0.56952,NA,NA,1,NA,1,NA,NA,0
"locus190","locus292",0.26936,1,1,NA,0.90608,NA,1,NA,NA,0
"locus190","locus296",1,1,NA,NA,1,NA,0.81284,NA,NA,0
"locus190","locus301",1,1,NA,NA,0.494464,NA,1,NA,NA,0
"locus190","locus314",1,1,NA,NA,0.568232,NA,1,NA,NA,0
"locus190","locus321",1,1,NA,1,1,NA,1,1,NA,0
"locus190","locus322",1,1,NA,NA,1,NA,1,NA,NA,0
"locus190","locus323",0.429584,1,NA,NA,1,NA,1,NA,NA,0
"locus190","locus329",1,1,NA,NA,1,NA,1,NA,NA,0
"locus190","locus332",0.663136,0.14387,NA,NA,1,1,1,NA,NA,0
"locus190","locus358",1,1,NA,1,1,NA,0.47332,NA,NA,0
"locus190","locus359",0.74712,1,NA,NA,0.8592,NA,0.839526,NA,NA,0
"locus190","locus360",1,1,NA,NA,1,NA,1,NA,NA,0
"locus191","locus192",1,1,NA,NA,1,NA,1,NA,NA,0
"locus191","locus195",0.7687,0.429138,NA,NA,1,NA,0.379064,NA,NA,0
"locus191","locus202",1,1,NA,NA,1,NA,1,NA,NA,0
"locus191","locus210",1,1,NA,NA,1,NA,0.175992,NA,NA,0
"locus191","locus215",1,1,NA,NA,1,NA,1,NA,NA,0
"locus191","locus227",1,1,1,NA,1,NA,1,NA,NA,0
"locus191","locus231",1,1,NA,NA,1,NA,1,NA,NA,0
"locus191","locus235",1,1,NA,NA,1,NA,0.169496,NA,NA,0
"locus191","locus236",1,1,NA,NA,1,NA,1,NA,NA,0
"locus191","locus237",0.859696,1,NA,NA,1,NA,1,NA,NA,0
"locus191","locus239",1,0.145248,NA,NA,1,NA,0.953976,NA,NA,0
"locus191","locus248",1,1,NA,NA,1,NA,1,1,NA,0
"locus191","locus255",0.439436,0.439436,NA,NA,0.437268,NA,NA,NA,NA,0
"locus191","locus256",1,1,NA,1,1,NA,1,NA,NA,0
"locus191","locus263",0.56634,1,NA,1,1,NA,1,NA,NA,0
"locus191","locus264",1,1,NA,NA,1,NA,0.968024,NA,NA,0
"locus191","locus274",0.567408,1,NA,NA,1,NA,0.418128,NA,NA,0
"locus191","locus280",0.249928,1,NA,NA,1,NA,0.06981,1,NA,0
"locus191","locus282",1,1,NA,NA,1,NA,1,NA,NA,0
"locus191","locus286",1,1,NA,NA,1,NA,1,NA,NA,0
"locus191","locus291",0.732702,0.28864,NA,NA,0.911324,NA,0.911324,NA,NA,0
"locus191","locus292",1,1,1,NA,0.5652,NA,1,NA,NA,0
"locus191","locus296",1,1,NA,NA,1,NA,1,NA,NA,0
"locus191","locus301",1,1,NA,NA,1,NA,1,NA,NA,0
"locus191","locus314",1,1,NA,NA,0.189192,NA,1,NA,NA,0
"locus191","locus321",1,1,NA,1,1,NA,1,1,NA,0
"locus191","locus322",0.582496,1,NA,NA,1,NA,1,NA,NA,0
"locus191","locus323",1,1,NA,NA,1,NA,1,NA,NA,0
"locus191","locus329",1,1,NA,NA,1,NA,1,NA,NA,0
"locus191","locus332",0.955488,0.955488,NA,NA,1,NA,1,NA,NA,0
"locus191","locus349",1,1,1,NA,1,NA,0.33591,NA,NA,0
"locus191","locus358",1,1,NA,1,1,NA,1,NA,NA,0
"locus191","locus359",1,1,NA,NA,1,NA,1,NA,NA,0
"locus191","locus360",1,1,NA,NA,1,NA,1,NA,NA,0
"locus192","locus195",1,1,NA,NA,1,NA,1,NA,NA,0
"locus192","locus202",1,1,NA,NA,1,1,1,NA,NA,0
"locus192","locus210",1,1,NA,NA,1,NA,1,NA,NA,0
"locus192","locus215",1,1,NA,NA,1,NA,1,NA,NA,0
"locus192","locus227",1,1,1,NA,1,NA,1,NA,NA,0
"locus192","locus231",0.32053,1,1,NA,1,NA,1,NA,NA,0
"locus192","locus235",1,1,NA,NA,1,NA,0.095056,NA,NA,0
"locus192","locus236",0.614728,1,NA,NA,1,NA,0.977328,NA,NA,0
"locus192","locus237",1,1,1,NA,1,1,1,NA,NA,0
"locus192","locus239",1,1,NA,NA,0.43224,NA,0.203072,NA,NA,0
"locus192","locus248",1,1,NA,NA,1,1,0.875448,1,NA,0
"locus192","locus256",0.734048,1,NA,NA,1,NA,1,NA,NA,0
"locus192","locus263",1,1,NA,NA,1,NA,1,NA,NA,0
"locus192","locus264",0.963306,0.963306,NA,NA,0.57412,NA,0.963306,NA,NA,0
"locus192","locus274",1,1,NA,NA,1,NA,0.786376,NA,NA,0
"locus192","locus280",0.24717,1,NA,NA,1,NA,1,1,NA,0
"locus192","locus282",1,1,NA,NA,1,NA,1,NA,NA,0
"locus192","locus286",1,1,NA,NA,1,NA,1,NA,NA,0
"locus192","locus291",1,1,NA,NA,1,NA,1,NA,NA,0
"locus192","locus292",1,1,1,NA,1,NA,0.57952,NA,NA,0
"locus192","locus296",1,1,NA,NA,1,NA,1,NA,NA,0
"locus192","locus301",1,1,NA,NA,1,NA,1,NA,NA,0
"locus192","locus314",1,1,NA,NA,1,NA,1,NA,NA,0
"locus192","locus321",1,1,NA,NA,1,1,1,0.857532,NA,0
"locus192","locus322",1,1,NA,NA,1,NA,1,NA,NA,0
"locus192","locus323",1,1,NA,NA,1,NA,1,NA,NA,0
"locus192","locus329",0.33356,1,NA,NA,1,1,1,NA,NA,0
"locus192","locus332",1,1,NA,NA,1,NA,1,NA,NA,0
"locus192","locus349",1,1,NA,NA,1,NA,1,NA,NA,0
"locus192","locus358",1,1,NA,NA,1,NA,1,NA,NA,0
"locus192","locus359",0.750168,0.187088,NA,NA,0.750168,NA,0.765956,NA,NA,0
"locus192","locus360",1,1,NA,NA,1,1,0.16187,NA,NA,0
"locus195","locus202",1,1,NA,NA,1,1,1,NA,NA,0
"locus195","locus210",1,1,NA,NA,1,NA,1,NA,NA,0
"locus195","locus215",1,1,NA,NA,1,NA,1,NA,NA,0
"locus195","locus227",0.75454,1,1,NA,1,NA,1,NA,NA,0
"locus195","locus231",1,1,1,NA,1,NA,1,NA,NA,0
"locus195","locus235",1,1,NA,NA,1,NA,1,NA,NA,0
"locus195","locus236",1,0.560744,NA,NA,1,NA,1,NA,NA,0
"locus195","locus237",1,1,1,NA,1,1,1,NA,NA,0
"locus195","locus239",0.77212,0.929852,NA,NA,0.929852,NA,0.927912,NA,NA,0
"locus195","locus248",1,0.564852,NA,NA,0.564852,1,1,1,NA,0
"locus195","locus255",0.45678,0.43122,NA,NA,1,NA,NA,NA,NA,0
"locus195","locus256",1,1,NA,1,1,NA,1,NA,NA,0
"locus195","locus263",1,1,NA,1,1,NA,1,NA,NA,0
"locus195","locus264",1,1,NA,NA,1,NA,1,NA,NA,0
"locus195","locus274",1,1,NA,NA,1,NA,1,NA,NA,0
"locus195","locus280",1,1,NA,NA,1,1,0.619104,1,NA,0
"locus195","locus282",1,1,NA,NA,1,NA,1,NA,NA,0
"locus195","locus286",1,1,NA,NA,1,NA,1,NA,NA,0
"locus195","locus291",1,0.588252,NA,NA,1,NA,0.576496,NA,NA,0
"locus195","locus292",1,1,1,1,1,NA,1,NA,NA,0
"locus195","locus296",1,1,NA,NA,1,NA,0.751504,NA,NA,0
"locus195","locus301",0.826768,0.923156,NA,NA,1,NA,0.826768,NA,NA,0
"locus195","locus314",1,1,NA,NA,1,NA,1,NA,NA,0
"locus195","locus321",1,0.501998,NA,1,1,1,1,1,NA,0
"locus195","locus322",1,1,NA,NA,0.792216,NA,1,NA,NA,0
"locus195","locus323",1,1,NA,NA,1,NA,0.514848,NA,NA,0
"locus195","locus329",1,1,NA,NA,1,NA,1,NA,NA,0
"locus195","locus332",0.386648,1,NA,NA,0.94374,NA,1,NA,NA,0
"locus195","locus349",0.947664,0.947664,NA,NA,0.947664,NA,0.348576,NA,NA,0
"locus195","locus358",1,1,NA,1,1,NA,0.43611,NA,NA,0
"locus195","locus359",1,1,NA,NA,1,NA,1,NA,NA,0
"locus195","locus360",1,1,NA,NA,1,NA,1,NA,NA,0
"locus202","locus210",1,1,NA,NA,1,NA,1,NA,NA,0
"locus202","locus215",1,1,NA,NA,1,NA,1,NA,NA,0
"locus202","locus227",1,1,1,NA,1,1,1,NA,NA,0
"locus202","locus231",1,1,1,NA,1,NA,1,NA,NA,0
"locus202","locus235",0.966966,0.966966,NA,NA,0.576808,NA,0.966966,NA,NA,0
"locus202","locus236",0.900032,1,NA,NA,1,NA,1,NA,NA,0
"locus202","locus237",1,0.18412,1,NA,1,NA,0.938256,NA,NA,0
"locus202","locus239",0.703504,1,NA,NA,0.775356,NA,0.847352,NA,NA,0
"locus202","locus255",1,1,NA,NA,1,NA,NA,NA,NA,0
"locus202","locus256",1,1,NA,1,1,NA,1,NA,NA,0
"locus202","locus263",1,0.54538,NA,1,1,NA,0.94952,NA,NA,0
"locus202","locus264",1,1,NA,NA,1,NA,1,NA,NA,0
"locus202","locus274",0.715152,1,NA,NA,1,NA,1,NA,NA,0
"locus202","locus280",1,1,NA,NA,1,NA,1,1,NA,0
"locus202","locus286",0.720728,1,NA,NA,1,NA,1,NA,NA,0
"locus202","locus291",1,1,NA,NA,1,1,0.15005,NA,NA,0
"locus202","locus292",1,1,1,1,1,NA,0.230868,NA,NA,0
"locus202","locus296",1,1,NA,NA,0.185656,NA,1,NA,NA,0
"locus202","locus301",0.360144,0.69006,NA,NA,1,NA,0.508176,NA,NA,0
"locus202","locus314",0.848292,0.804408,NA,NA,0.848292,NA,0.848292,NA,NA,0
"locus202","locus321",1,1,NA,1,1,NA,1,1,NA,0
"locus202","locus322",1,1,NA,NA,1,NA,1,NA,NA,0
"locus202","locus323",1,1,NA,NA,1,NA,1,NA,NA,0
"locus202","locus329",1,1,NA,NA,0.930344,NA,1,NA,NA,0
"locus202","locus332",1,1,NA,NA,1,NA,1,NA,NA,0
"locus202","locus349",1,0.321312,NA,NA,1,NA,0.104776,NA,NA,0
"locus202","locus358",1,0.713,NA,1,1,NA,1,NA,NA,0
"locus202","locus359",1,1,NA,NA,1,NA,0.674184,NA,NA,0
"locus202","locus360",0.403704,1,NA,NA,1,NA,1,NA,NA,0
"locus210","locus215",1,1,NA,NA,1,NA,0.35488,NA,NA,0
"locus210","locus227",1,1,1,NA,1,NA,1,NA,NA,0
"locus210","locus231",0.7372,1,NA,NA,1,NA,1,NA,NA,0
"locus210","locus235",1,1,NA,NA,1,NA,0.536568,NA,NA,0
"locus210","locus236",0.404744,0.598212,NA,NA,1,NA,0.997388,NA,NA,0
"locus210","locus237",1,1,1,NA,1,NA,1,NA,NA,0
"locus210","locus239",1,1,NA,NA,0.911544,NA,1,NA,NA,0
"locus210","locus248",1,1,NA,NA,1,NA,1,1,NA,0
"locus210","locus255",1,1,NA,NA,1,NA,NA,NA,NA,0
"locus210","locus256",1,1,NA,NA,1,NA,1,NA,NA,0
"locus210","locus263",1,1,NA,NA,1,NA,1,NA,NA,0
"locus210","locus264",1,1,NA,NA,0.918944,NA,0.942198,NA,NA,0
"locus210","locus274",1,1,NA,NA,1,NA,1,NA,NA,0
"locus210","locus280",0.69991,1,NA,NA,1,NA,1,1,NA,0
"locus210","locus282",1,1,NA,NA,1,NA,1,NA,NA,0
"locus210","locus286",1,1,NA,NA,1,NA,0.454312,NA,NA,0
"locus210","locus291",1,1,NA,NA,1,NA,0.653736,NA,NA,0
"locus210","locus292",0.8983,1,1,NA,1,NA,1,NA,NA,0
"locus210","locus296",0.920468,0.286672,NA,NA,0.920468,NA,0.349386,NA,NA,0
"locus210","locus301",0.51324,0.858596,NA,NA,0.858596,NA,0.21476,NA,NA,0
"locus210","locus314",1,1,NA,NA,1,NA,0.291184,NA,NA,0
"locus210","locus321",0.61648,0.658912,NA,NA,1,NA,1,1,NA,0
"locus210","locus322",1,1,NA,NA,0.920816,NA,1,NA,NA,0
"locus210","locus323",1,1,NA,NA,1,1,1,NA,NA,0
"locus210","locus329",0.482766,0.29004,NA,NA,0.973036,NA,1,NA,NA,0
"locus210","locus332",0.975832,0.975832,NA,NA,0.229376,NA,0.850854,NA,NA,0
"locus210","locus349",1,1,NA,NA,0.913888,NA,1,NA,NA,0
"locus210","locus358",1,1,NA,NA,1,NA,1,NA,NA,0
"locus210","locus359",1,1,NA,NA,1,NA,1,NA,NA,0
"locus210","locus360",0.728808,0.096312,NA,NA,1,NA,1,NA,NA,0
"locus215","locus227",1,1,1,NA,1,NA,1,NA,NA,0
"locus215","locus231",1,1,NA,NA,1,NA,0.801832,NA,NA,0
"locus215","locus235",0.775896,1,NA,NA,1,NA,1,NA,NA,0
"locus215","locus236",1,1,NA,NA,1,NA,0.64548,NA,NA,0
"locus215","locus237",0.220536,1,NA,NA,1,NA,1,NA,NA,0
"locus215","locus239",0.3572,0.928204,NA,NA,1,NA,0.3572,NA,NA,0
"locus215","locus248",1,0.54713,NA,NA,1,NA,1,1,NA,0
"locus215","locus255",1,1,NA,NA,1,NA,NA,NA,NA,0
"locus215","locus256",1,1,NA,NA,1,NA,1,NA,NA,0
"locus215","locus263",1,0.53897,1,NA,0.573784,NA,1,NA,NA,0
"locus215","locus264",1,1,NA,NA,1,NA,1,NA,NA,0
"locus215","locus274",0.520936,0.678432,NA,NA,0.230224,NA,0.405198,NA,NA,0
"locus215","locus280",1,0.99064,NA,NA,1,NA,0.58832,1,NA,0
"locus215","locus282",1,1,NA,NA,1,NA,1,NA,NA,0
"locus215","locus286",1,1,NA,NA,1,NA,1,NA,NA,0
"locus215","locus291",1,1,NA,NA,1,NA,1,NA,NA,0
"locus215","locus292",1,1,1,NA,1,NA,1,NA,NA,0
"locus215","locus296",1,1,NA,NA,1,NA,1,NA,NA,0
"locus215","locus301",1,1,1,NA,1,NA,1,NA,NA,0
"locus215","locus314",1,1,NA,NA,1,NA,1,NA,NA,0
"locus215","locus321",1,1,NA,NA,1,NA,1,1,NA,0
"locus215","locus322",1,1,NA,NA,1,NA,0.07196,NA,NA,0
"locus215","locus323",1,1,NA,NA,1,1,1,NA,NA,0
"locus215","locus329",0.945592,1,NA,NA,1,NA,1,NA,NA,0
"locus215","locus332",1,1,NA,NA,1,NA,1,NA,NA,0
"locus215","locus349",1,1,NA,NA,1,NA,1,NA,NA,0
"locus215","locus358",0.428784,0.428784,NA,NA,0.428784,NA,0.428784,NA,NA,0
"locus215","locus359",0.210864,1,NA,NA,1,NA,0.451734,NA,NA,0
"locus227","locus231",1,1,NA,NA,1,NA,1,NA,NA,0
"locus227","locus235",1,1,NA,NA,1,NA,1,NA,NA,0
"locus227","locus236",1,1,NA,NA,1,NA,1,NA,NA,0
"locus227","locus237",1,1,NA,NA,1,NA,1,NA,NA,0
"locus227","locus239",1,1,NA,NA,1,NA,1,NA,NA,0
"locus227","locus248",1,1,NA,NA,1,NA,0.38607,1,NA,0
"locus227","locus255",1,1,NA,NA,1,NA,NA,NA,NA,0
"locus227","locus256",1,1,NA,1,1,NA,0.63492,NA,NA,0
"locus227","locus263",1,0.5338,NA,1,1,NA,1,NA,NA,0
"locus227","locus264",1,1,NA,NA,1,NA,1,NA,NA,0
"locus227","locus274",0.067104,1,NA,NA,1,NA,1,NA,NA,0
"locus227","locus280",1,1,NA,NA,1,NA,1,1,NA,0
"locus227","locus282",1,1,NA,NA,1,NA,1,NA,NA,0
"locus227","locus286",0.181352,1,NA,NA,1,NA,1,NA,NA,0
"locus227","locus291",0.072392,1,NA,NA,1,NA,1,NA,NA,0
"locus227","locus292",1,1,1,1,1,NA,1,NA,NA,0
"locus227","locus296",0.89016,1,NA,NA,1,NA,1,NA,NA,0
"locus227","locus301",0.536984,1,NA,NA,1,NA,1,NA,NA,0
"locus227","locus314",1,1,1,NA,1,NA,1,NA,NA,0
"locus227","locus321",1,1,NA,1,1,NA,1,1,NA,0
"locus227","locus322",1,0.792592,NA,NA,1,NA,1,NA,NA,0
"locus227","locus323",1,1,NA,NA,1,1,1,NA,NA,0
"locus227","locus329",1,1,NA,NA,1,NA,1,NA,NA,0
"locus227","locus332",0.846064,1,NA,NA,1,NA,1,NA,NA,0
"locus227","locus349",1,1,NA,NA,1,NA,0.743664,NA,NA,0
"locus227","locus358",1,1,NA,1,1,NA,1,NA,NA,0
"locus227","locus359",1,1,NA,NA,1,NA,1,NA,NA,0
"locus227","locus360",0.698952,1,NA,NA,1,NA,1,NA,NA,0
"locus231","locus235",1,1,NA,NA,1,NA,1,NA,NA,0
"locus231","locus236",1,1,NA,NA,1,NA,1,NA,NA,0
"locus231","locus237",0.364744,1,NA,NA,1,NA,1,NA,NA,0
"locus231","locus239",1,1,NA,NA,1,NA,1,NA,NA,0
"locus231","locus248",1,1,NA,NA,1,NA,1,NA,NA,0
"locus231","locus255",0.81153,0.8551,NA,NA,0.8551,NA,NA,NA,NA,0
"locus231","locus256",0.232896,1,NA,1,0.14395,NA,1,NA,NA,0
"locus231","locus263",1,1,NA,1,1,NA,1,NA,NA,0
"locus231","locus264",1,0.918184,NA,NA,1,NA,1,NA,NA,0
"locus231","locus274",1,1,NA,NA,1,NA,0.535112,NA,NA,0
"locus231","locus280",1,1,NA,NA,1,NA,1,NA,NA,0
"locus231","locus282",0.803508,0.566864,NA,NA,1,NA,1,NA,NA,0
"locus231","locus286",0.83576,1,NA,NA,1,NA,1,NA,NA,0
"locus231","locus291",1,1,NA,NA,1,NA,1,NA,NA,0
"locus231","locus292",1,1,1,1,1,NA,1,NA,NA,0
"locus231","locus296",1,1,NA,NA,1,NA,1,NA,NA,0
"locus231","locus301",1,1,NA,NA,1,NA,1,NA,NA,0
"locus231","locus314",1,0.71762,1,NA,1,NA,1,NA,NA,0
"locus231","locus321",1,1,NA,1,1,NA,0.13213,NA,NA,0
"locus231","locus322",0.750498,0.570384,NA,NA,0.750498,NA,0.750498,NA,NA,0
"locus231","locus323",1,1,NA,NA,1,NA,1,NA,NA,0
"locus231","locus329",0.256224,1,NA,NA,1,NA,1,NA,NA,0
"locus231","locus332",1,1,NA,NA,1,NA,1,NA,NA,0
"locus231","locus349",1,0.569016,NA,NA,1,NA,1,NA,NA,0
"locus231","locus358",1,1,NA,1,1,NA,1,NA,NA,0
"locus231","locus359",1,0.573392,NA,NA,1,NA,1,NA,NA,0
"locus231","locus360",1,0.571592,NA,NA,1,NA,1,NA,NA,0
"locus235","locus236",0.844644,1,NA,NA,1,NA,0.33348,NA,NA,0
"locus235","locus237",0.948048,1,NA,NA,0.578064,NA,1,NA,NA,0
"locus235","locus239",0.160712,1,NA,NA,1,NA,1,NA,NA,0
"locus235","locus248",0.14149,1,NA,NA,1,NA,1,1,NA,0
"locus235","locus255",1,1,NA,NA,1,NA,NA,NA,NA,0
"locus235","locus256",1,0.747012,1,1,1,NA,1,NA,NA,0
"locus235","locus263",1,1,NA,1,1,NA,1,NA,NA,0
"locus235","locus264",1,1,1,NA,1,NA,1,NA,NA,0
"locus235","locus274",1,1,NA,NA,1,1,1,NA,NA,0
"locus235","locus280",1,1,NA,NA,1,NA,1,1,NA,0
"locus235","locus282",1,1,NA,NA,0.572064,NA,1,NA,NA,0
"locus235","locus286",0.31544,0.506824,NA,NA,1,0.99783,1,NA,NA,0
"locus235","locus291",1,0.417808,NA,NA,1,NA,1,NA,NA,0
"locus235","locus292",1,1,1,1,1,1,1,NA,NA,0
"locus235","locus296",1,1,NA,NA,1,NA,1,NA,NA,0
"locus235","locus301",1,1,NA,NA,1,NA,1,NA,NA,0
"locus235","locus314",1,1,NA,NA,1,NA,1,NA,NA,0
"locus235","locus321",1,1,NA,1,1,NA,1,1,NA,0
"locus235","locus322",0.973404,0.92988,NA,NA,0.574536,NA,0.913128,NA,NA,0
"locus235","locus323",0.284912,0.855976,NA,NA,0.855976,NA,0.663366,NA,NA,0
"locus235","locus329",0.425064,1,NA,NA,1,NA,1,NA,NA,0
"locus235","locus332",1,1,1,NA,1,NA,1,NA,NA,0
"locus235","locus349",1,1,NA,NA,1,NA,1,NA,NA,0
"locus235","locus358",1,1,NA,1,1,NA,1,NA,NA,0
"locus235","locus359",1,1,NA,NA,1,NA,1,NA,NA,0
"locus235","locus360",1,1,NA,NA,1,NA,1,NA,NA,0
"locus236","locus237",1,1,NA,NA,0.771078,NA,0.432,NA,NA,0
"locus236","locus239",1,1,NA,NA,1,NA,1,NA,NA,0
"locus236","locus248",0.73445,1,NA,NA,1,NA,1,1,NA,0
"locus236","locus255",0.707778,0.707778,NA,NA,0.707778,NA,NA,NA,NA,0
"locus236","locus256",0.12572,1,1,1,1,1,1,NA,NA,0
"locus236","locus263",1,1,NA,1,1,NA,1,NA,NA,0
"locus236","locus264",0.11291,1,1,NA,1,NA,0.424304,NA,NA,0
"locus236","locus274",1,1,NA,NA,1,1,1,NA,NA,0
"locus236","locus280",0.5537,1,NA,NA,1,NA,1,0.572168,NA,0
"locus236","locus282",1,1,NA,NA,1,NA,1,NA,NA,0
"locus236","locus286",1,1,NA,NA,1,1,0.88506,NA,NA,0
"locus236","locus291",0.788004,0.286208,NA,NA,0.4338,NA,0.443824,NA,NA,0
"locus236","locus292",1,1,1,1,0.40257,1,1,NA,NA,0
"locus236","locus296",1,1,NA,NA,1,NA,1,NA,NA,0
"locus236","locus301",1,1,NA,NA,1,NA,1,NA,NA,0
"locus236","locus314",1,1,NA,NA,1,NA,1,NA,NA,0
"locus236","locus321",1,1,NA,1,1,NA,0.10398,1,NA,0
"locus236","locus322",0.951576,1,NA,NA,1,NA,1,NA,NA,0
"locus236","locus323",0.548296,1,NA,NA,1,NA,1,NA,NA,0
"locus236","locus329",0.830408,0.830408,NA,NA,1,NA,0.830408,NA,NA,0
"locus236","locus332",0.20722,1,1,NA,1,NA,0.831512,NA,NA,0
"locus236","locus349",1,1,NA,NA,0.56448,NA,1,NA,NA,0
"locus236","locus358",1,1,NA,1,1,NA,1,NA,NA,0
"locus236","locus359",1,1,NA,NA,1,NA,1,NA,NA,0
"locus236","locus360",0.180904,1,NA,NA,1,NA,0.74979,NA,NA,0
"locus237","locus239",1,1,NA,NA,1,NA,0.957032,NA,NA,0
"locus237","locus248",1,1,NA,NA,0.570376,NA,0.31641,1,NA,0
"locus237","locus255",0.64326,1,NA,NA,1,NA,NA,NA,NA,0
"locus237","locus256",1,1,1,1,1,NA,1,NA,NA,0
"locus237","locus263",1,1,NA,1,1,NA,1,NA,NA,0
"locus237","locus264",1,1,1,NA,1,NA,0.74373,NA,NA,0
"locus237","locus274",0.54462,1,NA,NA,1,1,1,NA,NA,0
"locus237","locus280",1,1,NA,NA,1,NA,0.24286,0.573464,NA,0
"locus237","locus286",0.80258,1,NA,NA,1,1,1,NA,NA,0
"locus237","locus291",0.466482,1,NA,NA,0.185952,NA,0.477264,NA,NA,0
"locus237","locus292",0.982212,1,1,1,1,1,1,NA,NA,0
"locus237","locus296",0.668704,1,NA,NA,1,NA,1,NA,NA,0
"locus237","locus301",0.745592,0.435392,NA,NA,0.435392,NA,0.9874,NA,NA,0
"locus237","locus314",1,1,NA,NA,1,NA,1,NA,NA,0
"locus237","locus321",1,1,NA,1,1,NA,0.94644,1,NA,0
"locus237","locus322",1,1,NA,NA,1,NA,1,NA,NA,0
"locus237","locus323",1,1,NA,NA,1,NA,0.986968,NA,NA,0
"locus237","locus329",0.157296,1,NA,NA,1,NA,0.46929,NA,NA,0
"locus237","locus332",1,1,1,NA,1,NA,1,NA,NA,0
"locus237","locus349",0.094544,0.321708,NA,NA,0.491384,NA,0.491384,NA,NA,0
"locus237","locus359",1,1,NA,NA,1,NA,1,NA,NA,0
"locus237","locus360",0.66792,0.859362,NA,NA,1,NA,1,NA,NA,0
"locus239","locus248",0.456752,0.856824,NA,NA,0.856824,NA,0.43014,0.456752,NA,0
"locus239","locus255",1,1,NA,NA,0.436374,NA,NA,NA,NA,0
"locus239","locus256",1,1,1,1,1,NA,1,NA,NA,0
"locus239","locus263",1,1,NA,1,1,NA,1,NA,NA,0
"locus239","locus264",1,1,1,NA,0.14458,NA,1,NA,NA,0
"locus239","locus280",1,1,NA,NA,1,NA,1,1,NA,0
"locus239","locus282",1,0.144936,NA,NA,1,NA,1,NA,NA,0
"locus239","locus286",0.39944,1,NA,NA,1,1,0.492024,NA,NA,0
"locus239","locus291",1,0.419584,NA,NA,1,NA,1,NA,NA,0
"locus239","locus292",1,0.499184,1,1,1,1,1,NA,NA,0
"locus239","locus296",1,0.856734,NA,NA,0.5712,NA,1,NA,NA,0
"locus239","locus301",1,1,NA,NA,0.564584,NA,0.601284,NA,NA,0
"locus239","locus314",1,1,NA,NA,1,NA,1,NA,NA,0
"locus239","locus321",1,1,NA,1,1,NA,1,1,NA,0
"locus239","locus322",1,1,NA,NA,1,NA,1,NA,NA,0
"locus239","locus323",1,1,NA,NA,1,NA,0.054576,NA,NA,0
"locus239","locus329",1,1,NA,NA,1,1,1,NA,NA,0
"locus239","locus332",1,0.35934,1,NA,0.576392,NA,1,NA,NA,0
"locus239","locus349",1,1,NA,NA,1,NA,1,NA,NA,0
"locus239","locus358",0.17326,1,NA,1,1,NA,1,NA,NA,0
"locus239","locus359",0.660624,1,NA,NA,1,NA,1,NA,NA,0
"locus239","locus360",1,1,NA,NA,1,NA,1,NA,NA,0
"locus248","locus255",1,1,NA,NA,1,NA,NA,NA,NA,0
"locus248","locus256",1,1,1,1,1,NA,0.552168,NA,NA,0
"locus248","locus263",1,1,NA,1,1,NA,1,NA,NA,0
"locus248","locus264",1,1,1,NA,1,NA,1,NA,NA,0
"locus248","locus274",0.93993,1,NA,NA,1,1,1,NA,NA,0
"locus248","locus280",1,1,NA,NA,1,NA,1,1,NA,0
"locus248","locus286",1,1,NA,NA,1,1,1,NA,NA,0
"locus248","locus291",1,1,NA,NA,1,NA,1,NA,NA,0
"locus248","locus292",1,1,1,1,1,1,1,NA,NA,0
"locus248","locus296",1,1,NA,NA,1,NA,0.947272,NA,NA,0
"locus248","locus301",1,1,NA,NA,1,NA,1,NA,NA,0
"locus248","locus314",1,1,NA,NA,1,NA,1,NA,NA,0
"locus248","locus321",1,0.42822,NA,1,1,NA,1,1,NA,0
"locus248","locus322",1,1,NA,NA,0.569552,NA,1,NA,NA,0
"locus248","locus323",1,1,NA,NA,1,NA,1,NA,NA,0
"locus248","locus329",1,1,NA,NA,1,NA,1,NA,NA,0
"locus248","locus332",1,1,1,NA,0.71314,NA,1,NA,NA,0
"locus248","locus349",1,1,NA,NA,1,NA,1,NA,NA,0
"locus248","locus358",1,1,NA,1,1,NA,0.45114,NA,NA,0
"locus248","locus359",1,1,NA,NA,1,NA,1,NA,NA,0
"locus248","locus360",1,1,NA,NA,1,1,1,NA,NA,0
"locus255","locus256",1,1,1,1,1,NA,NA,NA,NA,0
"locus255","locus263",1,1,NA,1,1,NA,NA,NA,NA,0
"locus255","locus264",1,0.873588,1,NA,0.573376,NA,NA,NA,NA,0
"locus255","locus274",1,1,NA,NA,1,NA,NA,NA,NA,0
"locus255","locus280",1,1,NA,NA,1,NA,NA,NA,NA,0
"locus255","locus282",0.14391,1,NA,NA,1,NA,NA,NA,NA,0
"locus255","locus286",0.490422,1,NA,NA,1,NA,NA,NA,NA,0
"locus255","locus291",1,1,NA,NA,1,NA,NA,NA,NA,0
"locus255","locus292",1,1,1,1,1,NA,NA,NA,NA,0
"locus255","locus296",1,1,NA,NA,1,NA,NA,NA,NA,0
"locus255","locus301",1,1,NA,NA,0.283752,NA,NA,NA,NA,0
"locus255","locus314",1,1,NA,NA,1,NA,NA,NA,NA,0
"locus255","locus321",1,0.109472,NA,1,1,NA,NA,NA,NA,0
"locus255","locus322",0.398472,1,NA,NA,1,NA,NA,NA,NA,0
"locus255","locus323",1,1,NA,NA,1,NA,NA,NA,NA,0
"locus255","locus329",0.28794,1,NA,NA,1,NA,NA,NA,NA,0
"locus255","locus332",1,1,1,NA,1,NA,NA,NA,NA,0
"locus255","locus349",0.105942,1,NA,NA,0.285516,NA,NA,NA,NA,0
"locus255","locus358",1,1,NA,1,1,NA,NA,NA,NA,0
"locus255","locus359",0.707712,0.707712,NA,NA,0.707712,NA,NA,NA,NA,0
"locus255","locus360",0.050256,1,NA,NA,1,NA,NA,NA,NA,0
"locus256","locus263",1,1,NA,1,1,NA,1,NA,NA,0
"locus256","locus264",1,1,1,NA,1,NA,1,NA,NA,0
"locus256","locus274",1,1,NA,NA,1,1,1,NA,NA,0
"locus256","locus280",0.95292,1,NA,NA,1,1,1,1,NA,0
"locus256","locus282",1,1,NA,NA,1,NA,0.61216,NA,NA,0
"locus256","locus286",1,0.62685,NA,NA,1,1,0.695032,NA,NA,0
"locus256","locus291",0.35083,1,NA,NA,1,1,1,NA,NA,0
"locus256","locus292",1,1,1,1,1,1,1,NA,NA,0
"locus256","locus296",1,1,NA,NA,1,NA,0.446664,NA,NA,0
"locus256","locus301",0.560088,1,NA,NA,1,NA,1,NA,NA,0
"locus256","locus314",1,1,NA,NA,1,NA,0.214072,NA,NA,0
"locus256","locus321",1,1,NA,1,1,NA,1,1,NA,0
"locus256","locus322",0.970534,0.787776,NA,NA,0.787776,NA,0.787776,NA,NA,0
"locus256","locus323",0.41644,1,NA,NA,1,NA,1,NA,NA,0
"locus256","locus329",1,1,NA,NA,1,NA,1,NA,NA,0
"locus256","locus332",1,1,1,NA,1,NA,1,NA,NA,0
"locus256","locus349",0.114056,1,NA,NA,1,NA,0.658902,NA,NA,0
"locus256","locus358",1,1,NA,1,1,NA,1,NA,NA,0
"locus256","locus359",0.509412,0.498216,NA,NA,1,NA,1,NA,NA,0
"locus263","locus264",0.48458,1,1,NA,1,NA,0.960976,NA,NA,0
"locus263","locus274",1,0.849608,NA,NA,1,NA,1,NA,NA,0
"locus263","locus280",0.632964,1,NA,NA,1,1,1,1,NA,0
"locus263","locus282",1,1,NA,NA,1,NA,1,NA,NA,0
"locus263","locus286",1,1,NA,NA,1,NA,1,NA,NA,0
"locus263","locus291",1,1,NA,NA,1,NA,1,NA,NA,0
"locus263","locus292",1,1,1,1,1,NA,1,NA,NA,0
"locus263","locus296",1,1,NA,NA,1,NA,1,NA,NA,0
"locus263","locus301",1,1,NA,NA,1,NA,1,NA,NA,0
"locus263","locus314",1,1,NA,NA,1,NA,1,NA,NA,0
"locus263","locus321",1,1,NA,1,1,NA,1,0.291072,NA,0
"locus263","locus322",1,1,NA,NA,1,NA,1,NA,NA,0
"locus263","locus323",1,1,NA,NA,1,1,1,NA,NA,0
"locus263","locus329",1,1,NA,NA,1,NA,0.641248,NA,NA,0
"locus263","locus332",1,1,1,NA,1,NA,1,NA,NA,0
"locus263","locus349",1,1,1,NA,1,NA,1,NA,NA,0
"locus263","locus358",1,1,NA,1,1,NA,1,NA,NA,0
"locus263","locus359",1,1,NA,NA,1,NA,0.806248,NA,NA,0
"locus263","locus360",0.880324,0.861444,NA,NA,0.56344,NA,0.880324,NA,NA,0
"locus264","locus274",0.651264,0.651264,NA,NA,1,NA,1,NA,NA,0
"locus264","locus280",1,1,NA,NA,1,1,1,1,NA,0
"locus264","locus282",0.571664,0.867858,NA,NA,1,NA,1,NA,NA,0
"locus264","locus286",1,1,NA,NA,1,NA,1,NA,NA,0
"locus264","locus291",1,1,NA,NA,1,NA,0.354032,NA,NA,0
"locus264","locus292",0.35802,0.83478,1,0.83478,1,NA,1,NA,NA,0
"locus264","locus296",0.147432,1,NA,NA,0.424548,NA,1,NA,NA,0
"locus264","locus301",1,1,NA,NA,0.572128,NA,1,NA,NA,0
"locus264","locus314",1,1,NA,NA,1,NA,1,NA,NA,0
"locus264","locus321",1,1,NA,1,1,NA,1,1,NA,0
"locus264","locus322",1,1,NA,NA,1,NA,1,NA,NA,0
"locus264","locus323",1,0.17729,NA,NA,1,1,1,NA,NA,0
"locus264","locus329",1,1,NA,NA,1,NA,1,NA,NA,0
"locus264","locus332",1,1,1,NA,0.71539,NA,1,NA,NA,0
"locus264","locus349",1,1,NA,NA,1,NA,1,NA,NA,0
"locus264","locus358",1,1,NA,1,1,NA,1,NA,NA,0
"locus264","locus359",1,1,NA,NA,1,NA,1,NA,NA,0
"locus264","locus360",0.85952,0.85952,1,NA,0.85952,NA,0.4677,NA,NA,0
"locus274","locus280",0.869136,0.95268,NA,NA,0.95268,NA,0.59182,0.95268,NA,0
"locus274","locus282",1,1,NA,NA,1,NA,0.540152,NA,NA,0
"locus274","locus286",1,1,NA,NA,1,NA,0.971624,NA,NA,0
"locus274","locus291",0.948816,1,NA,NA,0.948816,NA,1,NA,NA,0
"locus274","locus292",1,1,1,1,1,NA,1,NA,NA,0
"locus274","locus296",0.762472,1,NA,NA,1,NA,1,NA,NA,0
"locus274","locus301",1,1,NA,NA,1,NA,1,NA,NA,0
"locus274","locus314",1,1,NA,NA,1,NA,1,NA,NA,0
"locus274","locus321",1,1,NA,1,1,NA,0.981168,1,NA,0
"locus274","locus322",1,1,NA,NA,1,NA,1,NA,NA,0
"locus274","locus323",1,0.43116,NA,NA,1,NA,0.073816,NA,NA,0
"locus274","locus329",0.546712,1,NA,NA,1,NA,1,NA,NA,0
"locus274","locus332",0.63923,1,1,NA,1,NA,1,NA,NA,0
"locus274","locus349",1,1,NA,NA,1,NA,1,NA,NA,0
"locus274","locus358",1,1,NA,1,1,NA,1,NA,NA,0
"locus274","locus359",0.748352,1,NA,NA,1,NA,1,NA,NA,0
"locus274","locus360",1,1,NA,NA,0.689744,NA,0.689744,NA,NA,0
"locus280","locus282",1,1,NA,NA,1,NA,0.32644,NA,NA,0
"locus280","locus286",1,1,NA,NA,1,NA,1,NA,NA,0
"locus280","locus291",1,0.576104,NA,NA,1,NA,1,NA,NA,0
"locus280","locus292",1,1,1,1,1,NA,1,NA,NA,0
"locus280","locus296",1,0.43416,NA,NA,1,NA,1,NA,NA,0
"locus280","locus301",0.222936,1,NA,NA,1,NA,1,NA,NA,0
"locus280","locus314",1,1,NA,NA,0.944648,NA,1,NA,NA,0
"locus280","locus321",1,1,NA,1,1,NA,0.265104,1,NA,0
"locus280","locus322",0.354816,1,NA,NA,1,NA,1,NA,NA,0
"locus280","locus323",1,1,NA,NA,1,NA,1,NA,NA,0
"locus280","locus329",1,1,NA,NA,1,NA,1,NA,NA,0
"locus280","locus332",0.168944,0.07725,1,NA,1,NA,1,NA,NA,0
"locus280","locus349",1,1,NA,NA,1,NA,0.413392,NA,NA,0
"locus280","locus358",0.942978,0.7244,NA,0.804728,0.942978,NA,0.942978,NA,NA,0
"locus280","locus359",1,1,NA,NA,1,NA,1,NA,NA,0
"locus280","locus360",1,1,NA,NA,1,NA,1,NA,NA,0
"locus282","locus286",0.5066,1,NA,NA,1,NA,1,NA,NA,0
"locus282","locus292",1,1,1,1,1,NA,1,NA,NA,0
"locus282","locus296",1,0.428624,NA,NA,1,NA,1,NA,NA,0
"locus282","locus301",1,1,NA,NA,0.443616,NA,0.443616,NA,NA,0
"locus282","locus314",1,1,NA,NA,1,NA,1,NA,NA,0
"locus282","locus321",1,1,NA,1,1,NA,1,0.059064,NA,0
"locus282","locus322",1,1,NA,NA,1,NA,1,NA,NA,0
"locus282","locus323",1,1,NA,NA,1,NA,1,NA,NA,0
"locus282","locus329",0.74788,1,NA,NA,1,NA,1,NA,NA,0
"locus282","locus332",0.40935,1,1,NA,1,NA,0.48188,NA,NA,0
"locus282","locus349",0.675688,0.678394,NA,NA,0.675688,NA,0.675688,NA,NA,0
"locus282","locus358",1,1,NA,1,1,NA,1,NA,NA,0
"locus282","locus359",0.264832,1,NA,NA,1,NA,1,NA,NA,0
"locus286","locus291",0.380288,1,NA,NA,1,NA,1,NA,NA,0
"locus286","locus292",1,1,1,1,1,NA,1,NA,NA,0
"locus286","locus296",1,1,NA,NA,1,NA,1,NA,NA,0
"locus286","locus301",1,1,1,NA,1,NA,0.81436,NA,NA,0
"locus286","locus314",1,1,NA,NA,1,NA,1,NA,NA,0
"locus286","locus321",1,1,NA,1,1,NA,1,1,NA,0
"locus286","locus322",1,1,NA,NA,1,NA,1,NA,NA,0
"locus286","locus323",1,1,NA,NA,1,NA,1,NA,NA,0
"locus286","locus329",1,1,NA,NA,1,1,1,NA,NA,0
"locus286","locus332",1,1,1,NA,1,NA,1,NA,NA,0
"locus286","locus349",1,1,NA,NA,1,NA,1,NA,NA,0
"locus286","locus358",1,1,NA,1,1,NA,1,NA,NA,0
"locus286","locus359",1,0.498488,NA,NA,1,NA,1,NA,NA,0
"locus286","locus360",1,1,NA,NA,1,NA,1,NA,NA,0
"locus291","locus292",1,1,1,0.99015,1,NA,0.926664,NA,NA,0
"locus291","locus296",1,1,NA,NA,1,NA,1,NA,NA,0
"locus291","locus301",1,1,1,NA,0.47175,NA,1,NA,NA,0
"locus291","locus314",0.584428,0.495976,NA,NA,0.584428,NA,0.495976,NA,NA,0
"locus291","locus321",0.478212,1,NA,1,0.955536,NA,0.7771,1,NA,0
"locus291","locus322",1,0.787376,NA,NA,1,NA,1,NA,NA,0
"locus291","locus323",1,1,NA,NA,1,NA,1,NA,NA,0
"locus291","locus329",1,1,NA,NA,1,NA,1,NA,NA,0
"locus291","locus332",1,0.68004,1,NA,1,NA,0.68004,NA,NA,0
"locus291","locus349",0.34856,1,NA,NA,1,NA,1,NA,NA,0
"locus291","locus358",1,1,NA,1,1,NA,1,NA,NA,0
"locus291","locus359",1,1,NA,NA,1,NA,0.509056,NA,NA,0
"locus291","locus360",1,1,NA,NA,1,NA,1,NA,NA,0
"locus292","locus296",1,0.42036,NA,NA,1,NA,1,NA,NA,0
"locus292","locus301",0.43606,1,1,NA,1,NA,1,NA,NA,0
"locus292","locus314",1,1,NA,NA,1,NA,1,NA,NA,0
"locus292","locus321",0.98579,1,NA,1,1,NA,0.975528,1,NA,0
"locus292","locus322",1,1,NA,NA,1,1,1,NA,NA,0
"locus292","locus323",1,0.573016,NA,NA,1,NA,1,NA,NA,0
"locus292","locus329",1,1,NA,NA,1,NA,1,NA,NA,0
"locus292","locus332",1,1,1,NA,1,NA,1,NA,NA,0
"locus292","locus349",1,1,NA,NA,0.916288,NA,1,NA,NA,0
"locus292","locus358",0.27276,1,NA,1,1,1,1,NA,NA,0
"locus292","locus359",1,1,NA,NA,1,NA,1,NA,NA,0
"locus292","locus360",1,1,NA,NA,1,NA,1,NA,NA,0
"locus296","locus301",0.14779,1,1,NA,1,NA,1,NA,NA,0
"locus296","locus314",1,1,NA,NA,1,NA,1,NA,NA,0
"locus296","locus321",0.168684,1,NA,1,1,NA,1,1,NA,0
"locus296","locus322",1,1,NA,NA,1,1,1,NA,NA,0
"locus296","locus323",1,1,NA,NA,1,1,1,NA,NA,0
"locus296","locus329",0.754744,1,NA,NA,1,NA,1,NA,NA,0
"locus296","locus332",1,0.53524,1,NA,1,NA,1,NA,NA,0
"locus296","locus349",0.370984,1,NA,NA,1,NA,1,NA,NA,0
"locus296","locus358",0.669876,1,NA,1,1,1,1,NA,NA,0
"locus296","locus359",1,1,NA,NA,1,NA,1,NA,NA,0
"locus296","locus360",1,1,NA,NA,1,NA,1,NA,NA,0
"locus301","locus314",1,1,NA,NA,1,NA,1,NA,NA,0
"locus301","locus321",1,1,NA,1,1,NA,1,1,NA,0
"locus301","locus322",0.99785,1,NA,NA,1,1,1,NA,NA,0
"locus301","locus323",1,1,NA,NA,1,1,0.1536,NA,NA,0
"locus301","locus329",0.496424,1,NA,NA,1,NA,0.645666,NA,NA,0
"locus301","locus332",1,1,1,NA,1,NA,0.74464,NA,NA,0
"locus301","locus349",1,1,NA,NA,1,NA,1,NA,NA,0
"locus301","locus358",1,1,NA,1,1,1,1,NA,NA,0
"locus301","locus359",1,1,NA,NA,1,NA,1,NA,NA,0
"locus301","locus360",0.50727,0.425032,NA,NA,0.425032,NA,0.476848,NA,NA,0
"locus314","locus321",1,1,NA,1,1,NA,1,1,NA,0
"locus314","locus322",1,0.14737,NA,NA,1,1,1,NA,NA,0
"locus314","locus329",1,1,NA,NA,1,NA,1,NA,NA,0
"locus314","locus332",1,1,NA,NA,1,NA,1,NA,NA,0
"locus314","locus349",0.44356,1,NA,NA,1,NA,1,NA,NA,0
"locus314","locus358",1,1,NA,1,1,1,1,NA,NA,0
"locus314","locus359",1,1,NA,NA,1,NA,1,NA,NA,0
"locus314","locus360",1,0.378024,NA,NA,1,NA,1,NA,NA,0
"locus321","locus322",1,1,NA,NA,1,1,1,NA,NA,0
"locus321","locus323",1,1,NA,NA,0.568376,NA,1,NA,NA,0
"locus321","locus329",0.3093,0.290472,NA,NA,0.974396,NA,0.974396,NA,NA,0
"locus321","locus332",1,1,NA,NA,1,NA,1,NA,NA,0
"locus321","locus349",0.792738,1,NA,NA,1,NA,0.264552,NA,NA,0
"locus321","locus358",1,1,NA,NA,1,1,1,NA,NA,0
"locus321","locus359",1,1,NA,NA,1,NA,0.415496,NA,NA,0
"locus321","locus360",0.571074,0.0958,NA,NA,1,NA,1,NA,NA,0
"locus322","locus323",1,1,NA,NA,1,NA,1,NA,NA,0
"locus322","locus329",1,1,NA,NA,1,NA,1,NA,NA,0
"locus322","locus332",1,1,NA,NA,1,NA,1,NA,NA,0
"locus322","locus349",0.263288,0.591174,NA,NA,1,NA,1,NA,NA,0
"locus322","locus358",1,1,NA,NA,1,1,1,NA,NA,0
"locus322","locus359",1,1,NA,NA,1,NA,0.940048,NA,NA,0
"locus322","locus360",1,1,1,NA,1,NA,1,NA,NA,0
"locus323","locus329",1,1,NA,NA,1,NA,0.613328,NA,NA,0
"locus323","locus332",1,1,NA,NA,1,NA,1,NA,NA,0
"locus323","locus349",1,1,NA,NA,1,NA,0.876744,NA,NA,0
"locus323","locus358",0.7067,1,NA,NA,1,1,1,NA,NA,0
"locus323","locus359",1,1,NA,NA,1,NA,0.948704,NA,NA,0
"locus329","locus332",0.42498,1,NA,NA,1,1,1,NA,NA,0
"locus329","locus349",0.944336,1,NA,NA,1,NA,0.944336,NA,NA,0
"locus329","locus358",1,1,NA,NA,1,NA,1,NA,NA,0
"locus329","locus359",0.850432,1,NA,NA,1,NA,1,NA,NA,0
"locus329","locus360",1,0.17601,NA,NA,1,1,1,NA,NA,0
"locus332","locus349",1,1,NA,NA,0.569176,NA,1,NA,NA,0
"locus332","locus358",1,1,NA,NA,1,NA,1,NA,NA,0
"locus332","locus359",1,1,NA,NA,1,NA,1,NA,NA,0
"locus332","locus360",1,1,NA,NA,1,NA,1,NA,NA,0
"locus349","locus358",1,1,NA,NA,1,NA,0.826456,NA,NA,0
"locus349","locus359",1,1,NA,NA,1,NA,1,NA,NA,0
"locus349","locus360",1,1,NA,NA,1,NA,1,NA,NA,0
"locus358","locus360",0.466656,1,NA,NA,1,NA,1,NA,NA,0
"locus359","locus360",1,1,NA,NA,1,NA,1,NA,NA,0
