"Locus.1","Locus.2","p.val.Bird's Head-Summer","p.val.Bird's Head-Winter","p.val.HaevoSI-Summer","p.val.HaevoSI-Winter","p.val.In-water, CA","p.val.In-water, Indonesia","p.val.IsabelSI-South","p.val.Malaysia","p.val.PNG","num.sig.p"
"Dc00544","Dc01018",0.391164,0.571484,Inf,Inf,0.772006,NA,0.638988,NA,NA,0
"Dc00544","Dc01661",0.877244,0.283712,Inf,NA,1,NA,0.305302,NA,NA,0
"Dc00544","Dc01707",0.491824,1,NA,NA,0.114004,NA,0.796294,NA,NA,0
"Dc00544","Dc01784",0.809538,1,NA,NA,0.114348,NA,0.743416,NA,NA,0
"Dc00544","Dc02951",0.783704,1,NA,NA,0.333632,NA,0.820294,NA,NA,0
"Dc00544","Dc03456",0.822694,1,NA,NA,0.114132,NA,0.616702,NA,NA,0
"Dc00544","Dc03556",0.554916,0.14243,NA,NA,0.658954,NA,0.515752,NA,NA,0
"Dc00544","Dc05864",0.693598,0.28373,NA,NA,1,NA,0.373032,NA,NA,0
"Dc00544","Dc06503",0.64364,1,NA,NA,1,NA,0.505044,NA,NA,0
"Dc00544","Dc07300",0.751208,1,Inf,NA,0.887286,NA,0.826456,NA,NA,0
"Dc00544","Dc07937",0.801082,1,NA,NA,1,NA,0.189098,NA,NA,0
"Dc00544","Dc08054",0.854466,0.813032,NA,NA,1,NA,1,NA,NA,0
"Dc00544","Dc08189",0.749202,0.431634,Inf,NA,1,NA,0.028744,NA,NA,1
"Dc00544","Dc08463",0.727056,1,NA,NA,1,NA,0.63709,NA,NA,0
"Dc00544","Dc08578",0.631214,1,NA,NA,0.887916,NA,0.163712,NA,NA,0
"Dc00544","Dc08865",0.449154,0.33171,NA,NA,0.88543,NA,0.833558,NA,NA,0
"Dc00544","Dc10003",1,0.28717,NA,0.332578,Inf,NA,0.175574,NA,NA,0
"Dc00544","Dc10390",0.377672,1,NA,NA,1,NA,0.184036,NA,NA,0
"Dc00544","Dc10878",0.014928,1,NA,NA,0.142362,NA,0.60302,NA,NA,1
"Dc00544","Dc10885",0.177878,1,NA,NA,0.762632,NA,0.896954,NA,NA,0
"Dc00544","Dc11203",0.12833,1,NA,NA,0.144366,NA,1,NA,NA,0
"Dc00544","Dc11714",0.828474,0.33607,NA,NA,0.426196,NA,0.50506,NA,NA,0
"Dc00544","Dc13159",0.339542,0.714818,NA,NA,0.31843,NA,0.698424,NA,NA,0
"Dc00544","Dc13592",0.600722,1,NA,NA,1,NA,0.414004,NA,NA,0
"Dc00544","Dc14022",0.507612,Inf,Inf,NA,1,NA,Inf,NA,NA,0
"Dc00544","Dc14945",1,Inf,Inf,NA,Inf,NA,1,NA,NA,0
"Dc00544","Dc16747",0.086954,0.286852,NA,NA,0.658464,NA,0.378732,NA,NA,0
"Dc00544","Dc18951",0.330126,1,NA,0.334078,1,NA,0.135196,NA,NA,0
"Dc00544","Dc20232",0.576828,0.709944,NA,NA,1,NA,0.811372,NA,NA,0
"Dc00544","Dc22883",0.402282,0.287236,NA,NA,1,NA,0.718434,NA,NA,0
"Dc00544","Dc22887",0.352676,0.522236,NA,NA,0.618532,NA,0.681296,NA,NA,0
"Dc00544","Dc27955",0.7746,0.047264,NA,1,0.114736,NA,1,NA,NA,1
"Dc00544","Dc28124",0.56061,0.047732,NA,0.333674,1,NA,0.278968,NA,NA,1
"Dc00544","Dc28776",0.13582,1,NA,NA,1,NA,0.400302,NA,NA,0
"Dc00544","Dc30071",0.744192,Inf,NA,NA,0.139192,NA,0.306606,NA,NA,0
"Dc00544","Dc31007",0.70526,1,NA,NA,Inf,NA,0.021976,NA,NA,1
"Dc00544","Dc33714",0.817394,0.71488,Inf,NA,0.657666,NA,0.403442,NA,NA,0
"Dc00544","Dc33907",0.067746,1,NA,NA,1,NA,0.4512,NA,NA,0
"Dc00544","Dc34902",0.50505,0.526868,NA,NA,0.717178,NA,0.100814,NA,NA,0
"Dc00544","Dc35779",0.510342,1,NA,NA,0.658488,NA,0.517678,NA,NA,0
"Dc00544","Dc36571",0.259616,1,NA,NA,0.618028,NA,0.009046,NA,NA,1
"Dc00544","Dc36616",0.003508,1,NA,1,0.431246,NA,0.159976,NA,NA,1
"Dc00544","Dc36767",0.066334,0.520158,NA,NA,0.31124,NA,0.499854,NA,NA,0
"Dc00544","Dc40235",0.206538,1,NA,NA,0.42669,NA,0.216796,NA,NA,0
"Dc00544","Dc41234",0.34697,0.856256,NA,NA,0.58154,NA,0.664446,NA,NA,0
"Dc00544","Dc46984",0.35831,1,NA,NA,0.370128,NA,0.063122,NA,NA,0
"Dc00544","Dc47572",0.255024,0.85851,NA,NA,1,NA,0.234466,NA,NA,0
"Dc00544","Dc47935",0.777732,0.858462,NA,Inf,0.113662,NA,0.960954,NA,NA,0
"Dc00544","Dc48207",0.678804,Inf,Inf,NA,Inf,NA,Inf,NA,NA,0
"Dc00544","Dc48950",0.98019,0.717984,Inf,NA,0.770606,NA,0.176376,NA,NA,0
"Dc00544","Dc49080",0.39535,1,NA,Inf,1,NA,0.465198,NA,NA,0
"Dc00544","Dc49184",0.537948,1,NA,0.333298,1,NA,0.009762,NA,NA,1
"Dc00544","Dc51020",0.140158,1,NA,NA,0.42996,NA,1,NA,NA,0
"Dc00544","Dc52523",0.868014,1,NA,NA,0.885722,NA,0.917492,NA,NA,0
"Dc00544","Dc55481",0.653634,1,NA,NA,1,NA,0.31012,NA,NA,0
"Dc00544","Dc58248",0.497758,1,NA,NA,1,NA,0.248342,NA,NA,0
"Dc00544","Dc62188",0.133182,0.855812,NA,NA,0.23096,NA,0.430168,NA,NA,0
"Dc00544","Dc67011",0.574024,1,NA,Inf,0.115796,NA,0.804846,NA,NA,0
"Dc00544","locus002",0.266334,0.521978,NA,NA,1,NA,0.370444,NA,NA,0
"Dc00544","locus003",0.461838,1,NA,1,0.228514,NA,0.726584,NA,NA,0
"Dc00544","locus004",1,1,Inf,NA,1,NA,0.604362,NA,NA,0
"Dc00544","locus005",0.64047,1,NA,NA,1,NA,0.560876,NA,NA,0
"Dc00544","locus006",0.21064,1,NA,NA,1,NA,1,NA,NA,0
"Dc00544","locus008",0.629184,0.524654,NA,NA,0.199614,NA,0.850098,NA,NA,0
"Dc00544","locus013",0.867614,1,NA,NA,1,NA,0.51247,NA,NA,0
"Dc00544","locus014",0.161036,0.286416,NA,NA,1,NA,0.014212,NA,NA,1
"Dc00544","locus022",0.648398,1,NA,NA,1,NA,0.566,NA,NA,0
"Dc00544","locus024",0.51442,1,Inf,NA,0.254434,NA,0.447202,NA,NA,0
"Dc00544","locus025",0.300624,1,NA,NA,1,NA,0.551818,NA,NA,0
"Dc00544","locus027",0.237448,0.144292,NA,NA,1,NA,0.19191,NA,NA,0
"Dc00544","locus030",0.381876,1,NA,1,0.429838,NA,0.184924,NA,NA,0
"Dc00544","locus035",1,1,NA,NA,0.143608,NA,0.583584,NA,NA,0
"Dc00544","locus038",0.28094,1,Inf,NA,1,NA,0.867702,NA,NA,0
"Dc00544","locus039",0.355564,1,NA,NA,0.334538,NA,0.340668,NA,NA,0
"Dc00544","locus040",0.652658,Inf,NA,NA,0.14459,NA,0.94769,NA,NA,0
"Dc00544","locus041",0.275314,0.570136,NA,NA,1,NA,0.221136,NA,NA,0
"Dc00544","locus045",0.858256,1,NA,0.33169,0.618706,NA,0.83837,NA,NA,0
"Dc00544","locus047",0.554662,1,NA,NA,0.430416,NA,1,NA,NA,0
"Dc00544","locus048",1,Inf,NA,NA,0.33192,NA,1,NA,NA,0
"Dc00544","locus053",0.600838,1,NA,NA,0.579944,NA,0.422226,NA,NA,0
"Dc00544","locus055",0.307536,0.287192,NA,NA,0.2583,NA,0.642956,NA,NA,0
"Dc00544","locus056",0.616486,1,Inf,NA,1,NA,1,NA,NA,0
"Dc00544","locus058",0.375916,1,NA,NA,1,NA,0.564816,NA,NA,0
"Dc00544","locus060",0.133316,1,NA,NA,1,NA,0.120296,NA,NA,0
"Dc00544","locus061",0.246006,0.522954,NA,NA,1,NA,0.174852,NA,NA,0
"Dc00544","locus062",0.476958,Inf,NA,NA,0.658508,NA,0.64955,NA,NA,0
"Dc00544","locus064",0.316004,0.526842,NA,1,0.618282,NA,0.169042,NA,NA,0
"Dc00544","locus065",0.339766,0.284222,NA,NA,0.426472,NA,0.22417,NA,NA,0
"Dc00544","locus073",0.265352,1,NA,NA,1,NA,0.583592,NA,NA,0
"Dc00544","locus074",0.946898,1,NA,NA,0.066694,NA,0.503912,NA,NA,0
"Dc00544","locus076",0.753212,0.142284,NA,NA,0.428672,NA,0.653544,NA,NA,0
"Dc00544","locus077",0.412926,1,NA,NA,0.429064,NA,1,NA,NA,0
"Dc00544","locus080",0.181476,0.144754,NA,NA,0.122202,NA,0.119894,NA,NA,0
"Dc00544","locus083",0.06438,1,NA,NA,0.49591,NA,0.707224,NA,NA,0
"Dc00544","locus088",0.239286,1,NA,NA,1,NA,0.861778,NA,NA,0
"Dc00544","locus093",0.340876,Inf,Inf,NA,Inf,NA,1,NA,NA,0
"Dc00544","locus096",0.716708,1,Inf,NA,0.33324,NA,0.550882,NA,NA,0
"Dc00544","locus098",0.654622,1,NA,NA,0.429454,NA,0.462468,NA,NA,0
"Dc00544","locus100",0.748098,1,NA,NA,0.258644,NA,0.16994,NA,NA,0
"Dc00544","locus106",0.167888,Inf,NA,NA,0.330836,NA,0.719556,NA,NA,0
"Dc00544","locus110",0.6935,0.400172,NA,NA,NA,NA,0.09695,NA,NA,0
"Dc00544","locus116",0.22798,0.28917,NA,NA,1,NA,0.741262,NA,NA,0
"Dc00544","locus119",0.257032,0.71631,NA,NA,0.618252,NA,0.648618,NA,NA,0
"Dc00544","locus120",0.266348,1,NA,NA,1,NA,0.534036,NA,NA,0
"Dc00544","locus126",0.140184,1,NA,NA,1,NA,0.339898,NA,NA,0
"Dc00544","locus128",0.885212,1,NA,NA,0.775628,NA,0.217242,NA,NA,0
"Dc00544","locus129",0.304544,0.336982,NA,NA,0.713,NA,0.694842,NA,NA,0
"Dc00544","locus130",0.745662,1,NA,NA,0.598462,NA,0.062552,NA,NA,0
"Dc00544","locus134",0.301762,1,NA,NA,0.009596,NA,0.366598,NA,NA,1
"Dc00544","locus135",0.443,1,Inf,NA,0.655816,NA,0.99144,NA,NA,0
"Dc00544","locus137",0.884032,0.094388,NA,NA,0.620338,NA,0.514438,NA,NA,0
"Dc00544","locus139",1,1,Inf,NA,0.427806,NA,0.233762,NA,NA,0
"Dc00544","locus140",1,1,Inf,NA,0.42905,NA,0.235374,NA,NA,0
"Dc00544","locus146",0.389994,1,Inf,NA,0.333838,NA,0.821278,NA,NA,0
"Dc00544","locus148",0.436742,1,NA,1,0.656144,NA,0.047814,NA,NA,1
"Dc00544","locus151",0.41958,1,NA,NA,0.428382,NA,0.35548,NA,NA,0
"Dc00544","locus157",0.386276,0.52095,NA,NA,0.427338,NA,0.607956,NA,NA,0
"Dc00544","locus161",0.48817,1,NA,NA,0.42817,NA,0.40485,NA,NA,0
"Dc00544","locus165",0.571436,0.289432,NA,NA,0.599468,NA,0.376452,NA,NA,0
"Dc00544","locus170",0.097634,1,NA,NA,0.429206,NA,0.524052,NA,NA,0
"Dc00544","locus176",0.890672,0.287956,NA,NA,0.067244,NA,1,NA,NA,0
"Dc00544","locus184",0.825246,0.144492,NA,NA,1,NA,0.94595,NA,NA,0
"Dc00544","locus186",0.50967,0.286254,NA,NA,0.65708,NA,0.16215,NA,NA,0
"Dc00544","locus188",0.968568,0.573528,NA,NA,0.770542,NA,0.114236,NA,NA,0
"Dc00544","locus189",0.639486,1,Inf,NA,0.427778,NA,0.826712,NA,NA,0
"Dc00544","locus190",0.224924,1,Inf,NA,0.429524,NA,0.617816,NA,NA,0
"Dc00544","locus191",0.121684,0.713504,Inf,NA,0.428714,NA,0.4773,NA,NA,0
"Dc00544","locus192",0.397314,0.715552,NA,NA,0.331514,NA,1,NA,NA,0
"Dc00544","locus195",0.616752,1,NA,NA,1,NA,0.187252,NA,NA,0
"Dc00544","locus202",0.671172,0.718368,NA,NA,0.774358,NA,0.797284,NA,NA,0
"Dc00544","locus210",1,1,NA,NA,0.660734,NA,0.665384,NA,NA,0
"Dc00544","locus215",0.765356,1,NA,NA,0.657414,NA,0.349466,NA,NA,0
"Dc00544","locus227",0.829052,1,Inf,NA,Inf,NA,0.838326,NA,NA,0
"Dc00544","locus231",0.456686,1,Inf,NA,1,NA,0.568972,NA,NA,0
"Dc00544","locus235",0.479348,1,NA,NA,0.428204,NA,0.394692,NA,NA,0
"Dc00544","locus236",0.099088,0.144256,NA,NA,1,NA,0.76696,NA,NA,0
"Dc00544","locus237",0.157526,0.525324,NA,NA,0.773164,NA,0.01079,NA,NA,1
"Dc00544","locus239",0.43798,0.520718,NA,NA,0.42818,NA,0.054538,NA,NA,0
"Dc00544","locus248",0.750796,1,NA,NA,1,NA,0.45528,NA,NA,0
"Dc00544","locus255",0.219314,0.288016,NA,NA,0.332532,NA,NA,NA,NA,0
"Dc00544","locus256",0.380464,1,NA,NA,1,NA,0.64256,NA,NA,0
"Dc00544","locus263",0.412792,1,Inf,Inf,1,NA,1,NA,NA,0
"Dc00544","locus264",0.83522,1,NA,1,0.42828,NA,0.917934,NA,NA,0
"Dc00544","locus274",0.107104,0.328926,NA,NA,1,NA,0.430102,NA,NA,0
"Dc00544","locus280",0.911948,1,NA,NA,1,NA,0.091834,NA,NA,0
"Dc00544","locus282",0.37978,0.715194,NA,NA,0.771764,NA,0.087718,NA,NA,0
"Dc00544","locus286",0.340822,1,NA,NA,0.427194,NA,1,NA,NA,0
"Dc00544","locus291",0.465684,0.523754,NA,NA,0.618476,NA,0.413922,NA,NA,0
"Dc00544","locus292",0.438148,1,NA,NA,1,NA,0.480814,NA,NA,0
"Dc00544","locus296",0.620218,1,Inf,0.3343,0.620174,NA,0.884294,NA,NA,0
"Dc00544","locus301",0.48097,0.141572,NA,NA,0.429968,NA,0.182932,NA,NA,0
"Dc00544","locus314",1,1,Inf,NA,0.1427,NA,0.399262,NA,NA,0
"Dc00544","locus321",0.952702,1,NA,NA,0.198754,NA,0.56031,NA,NA,0
"Dc00544","locus322",0.719526,1,NA,Inf,0.771636,NA,0.842594,NA,NA,0
"Dc00544","locus323",0.08931,1,NA,NA,0.028844,NA,0.152138,NA,NA,1
"Dc00544","locus329",0.685658,1,NA,NA,1,NA,0.59441,NA,NA,0
"Dc00544","locus332",0.87215,1,NA,NA,0.255444,NA,0.704352,NA,NA,0
"Dc00544","locus349",0.01033,1,NA,NA,0.427702,NA,0.584154,NA,NA,1
"Dc00544","locus358",0.379362,1,NA,NA,0.431078,NA,0.084688,NA,NA,0
"Dc00544","locus359",0.693222,0.715286,NA,NA,0.142382,NA,0.581152,NA,NA,0
"Dc00544","locus360",0.731786,1,NA,NA,0.068408,NA,0.203634,NA,NA,0
"Dc01018","Dc01661",0.502334,0.294458,NA,NA,1,Inf,0.491746,Inf,0.183968,0
"Dc01018","Dc01707",0.61231,1,NA,NA,0.884462,Inf,0.72328,Inf,0.700168,0
"Dc01018","Dc01784",0.058378,1,NA,NA,0.230906,NA,0.50807,Inf,0.444682,0
"Dc01018","Dc02951",0.915934,0.142938,NA,NA,1,NA,0.097898,Inf,0.199962,0
"Dc01018","Dc03456",0.814642,0.534038,NA,NA,0.661268,NA,0.41282,Inf,1,0
"Dc01018","Dc03556",0.405736,0.678206,NA,NA,0.656876,NA,1,Inf,0.533668,0
"Dc01018","Dc05864",0.806334,0.058878,NA,NA,0.76963,NA,0.967812,NA,0.733976,0
"Dc01018","Dc06503",0.38036,1,NA,NA,1,NA,0.63859,NA,NA,0
"Dc01018","Dc07300",0.991244,0.028732,NA,NA,1,NA,0.189836,Inf,0.733428,1
"Dc01018","Dc07937",0.05893,0.741004,NA,1,0.225248,NA,0.364996,Inf,1,0
"Dc01018","Dc08054",0.860704,0.020552,NA,NA,1,NA,0.766918,Inf,1,1
"Dc01018","Dc08189",0.924494,0.916262,NA,NA,0.429716,NA,0.820578,Inf,0.283698,0
"Dc01018","Dc08463",0.503094,1,NA,NA,1,NA,0.26008,Inf,1,0
"Dc01018","Dc08578",0.222742,1,NA,NA,0.886672,NA,0.10636,Inf,NA,0
"Dc01018","Dc08865",0.98032,1,NA,NA,0.88676,NA,0.380716,NA,0.586238,0
"Dc01018","Dc10003",0.232158,1,NA,1,Inf,NA,0.592416,NA,NA,0
"Dc01018","Dc10390",0.886112,1,NA,NA,1,NA,0.404774,NA,1,0
"Dc01018","Dc10878",0.527564,1,NA,NA,0.719526,NA,0.424542,NA,1,0
"Dc01018","Dc10885",0.122324,0.116238,NA,NA,0.770182,NA,0.964618,NA,0.416172,0
"Dc01018","Dc11203",0.653316,1,NA,NA,1,NA,1,NA,1,0
"Dc01018","Dc11714",0.15475,0.536096,NA,NA,1,Inf,0.011812,NA,0.625382,1
"Dc01018","Dc13159",0.369226,1,NA,0.169962,0.314168,NA,0.792136,NA,0.556166,0
"Dc01018","Dc13592",0.68252,1,NA,NA,1,NA,0.172246,Inf,0.226252,0
"Dc01018","Dc14022",0.008,Inf,Inf,NA,1,NA,Inf,NA,Inf,1
"Dc01018","Dc14945",0.44487,1,NA,NA,Inf,NA,1,NA,Inf,0
"Dc01018","Dc16747",0.339522,1,NA,NA,1,NA,0.099518,NA,1,0
"Dc01018","Dc18951",0.754452,0.486598,NA,1,1,NA,0.277536,NA,0.415838,0
"Dc01018","Dc20232",0.91845,0.03616,NA,NA,0.428642,Inf,1,NA,1,1
"Dc01018","Dc22883",0.58547,0.360112,Inf,NA,0.771092,Inf,0.798834,NA,0.67653,0
"Dc01018","Dc22887",0.565394,1,NA,NA,0.141238,NA,0.658108,NA,0.474976,0
"Dc01018","Dc27955",0.305108,0.21538,NA,Inf,0.658076,NA,0.412618,NA,0.4643,0
"Dc01018","Dc28124",0.388976,0.21604,NA,0.498184,1,NA,1,NA,1,0
"Dc01018","Dc28776",0.791522,1,NA,NA,0.122748,NA,0.413546,NA,1,0
"Dc01018","Dc30071",0.810866,Inf,NA,NA,0.714812,NA,0.607024,NA,1,0
"Dc01018","Dc31007",0.193282,0.143242,NA,NA,Inf,NA,1,NA,NA,0
"Dc01018","Dc33714",0.993218,1,NA,NA,0.113548,NA,0.669472,Inf,0.733668,0
"Dc01018","Dc33907",0.5357,1,NA,NA,0.65607,NA,0.790034,Inf,0.748886,0
"Dc01018","Dc34902",0.763646,0.53436,NA,NA,1,NA,1,NA,0.065828,0
"Dc01018","Dc35779",0.443212,1,NA,NA,0.656398,Inf,1,NA,1,0
"Dc01018","Dc36571",0.868264,1,NA,NA,0.330716,NA,0.26868,NA,0.208162,0
"Dc01018","Dc36616",0.796308,1,NA,0.50213,1,Inf,0.493068,NA,0.47485,0
"Dc01018","Dc36767",0.59109,1,NA,NA,0.884756,NA,0.36866,NA,NA,0
"Dc01018","Dc40235",0.95404,0.570354,NA,NA,1,Inf,0.260794,NA,0.533632,0
"Dc01018","Dc41234",0.897044,0.29449,NA,NA,0.578394,NA,0.140038,NA,0.141428,0
"Dc01018","Dc46984",0.004464,0.742564,NA,NA,0.376672,NA,0.8536,NA,0.49991,1
"Dc01018","Dc47572",0.15665,1,NA,NA,0.770832,NA,0.093686,NA,0.501226,0
"Dc01018","Dc47935",0.938176,0.291646,NA,NA,1,NA,0.591322,Inf,1,0
"Dc01018","Dc48207",0.277782,Inf,Inf,NA,Inf,Inf,Inf,NA,1,0
"Dc01018","Dc48950",0.530312,1,NA,NA,0.77387,Inf,0.867976,NA,0.732104,0
"Dc01018","Dc49080",0.513326,0.058404,Inf,1,0.123282,NA,0.01374,NA,0.158176,1
"Dc01018","Dc49184",0.1714,0.680776,NA,0.503354,1,Inf,0.464428,NA,1,0
"Dc01018","Dc51020",0.290528,0.144216,Inf,NA,1,NA,1,NA,1,0
"Dc01018","Dc52523",0.66833,0.875526,NA,NA,0.313646,NA,0.155284,NA,0.601254,0
"Dc01018","Dc55481",0.273256,0.534666,NA,NA,1,NA,1,NA,0.281612,0
"Dc01018","Dc58248",0.680658,0.745504,NA,NA,0.7719,NA,0.743788,NA,0.301154,0
"Dc01018","Dc62188",0.242422,0.290696,Inf,NA,1,NA,0.377838,NA,0.835216,0
"Dc01018","Dc67011",1,0.48419,NA,Inf,0.230286,Inf,1,NA,0.300262,0
"Dc01018","locus002",0.13524,1,NA,NA,0.201678,NA,1,NA,1,0
"Dc01018","locus003",0.211692,0.142222,Inf,1,1,NA,1,NA,0.626078,0
"Dc01018","locus004",0.863046,0.24764,Inf,NA,0.42779,NA,0.242334,NA,0.033856,1
"Dc01018","locus005",0.269696,0.679314,NA,NA,1,NA,0.793602,NA,0.416776,0
"Dc01018","locus006",0.912476,1,NA,NA,0.620202,NA,0.44638,NA,0.624606,0
"Dc01018","locus008",0.408772,1,NA,NA,1,NA,1,Inf,1,0
"Dc01018","locus013",0.159584,0.293776,NA,NA,0.429362,NA,0.397116,NA,0.416314,0
"Dc01018","locus014",0.529598,0.273314,NA,NA,0.139764,NA,0.266958,NA,0.50169,0
"Dc01018","locus022",0.239592,0.163438,NA,NA,1,NA,0.523382,NA,0.049188,1
"Dc01018","locus024",0.682202,0.485002,Inf,NA,0.255714,NA,0.737702,NA,0.206804,0
"Dc01018","locus025",0.198328,0.268198,NA,NA,0.14095,NA,0.477002,NA,1,0
"Dc01018","locus027",0.726048,1,NA,NA,1,NA,1,NA,1,0
"Dc01018","locus030",0.331348,0.829424,NA,1,0.4293,Inf,0.830942,NA,0.249254,0
"Dc01018","locus035",0.411696,0.57089,NA,NA,1,Inf,0.404982,Inf,0.475234,0
"Dc01018","locus038",0.555378,1,NA,NA,0.11525,Inf,0.602452,NA,0.473652,0
"Dc01018","locus039",0.597134,0.26725,NA,NA,1,NA,1,NA,1,0
"Dc01018","locus040",0.654902,1,NA,NA,1,NA,0.309652,NA,Inf,0
"Dc01018","locus041",0.383688,0.273378,NA,NA,0.331844,NA,0.263934,NA,0.106986,0
"Dc01018","locus045",0.905006,0.072704,NA,0.499172,1,NA,1,NA,0.356988,0
"Dc01018","locus047",0.087018,0.372048,NA,NA,0.200684,NA,0.83019,NA,1,0
"Dc01018","locus048",0.094138,Inf,NA,NA,0.142698,NA,1,Inf,0.474392,0
"Dc01018","locus053",0.83579,1,NA,NA,0.086894,NA,0.504702,Inf,0.249006,0
"Dc01018","locus055",0.11864,1,NA,NA,0.25852,NA,1,NA,0.033314,1
"Dc01018","locus056",0.79159,0.21615,NA,NA,1,NA,0.497102,NA,0.47564,0
"Dc01018","locus058",0.078236,0.680226,NA,NA,1,NA,1,NA,0.736396,0
"Dc01018","locus060",0.427618,0.68012,NA,NA,0.77299,NA,1,NA,0.533462,0
"Dc01018","locus061",1,1,Inf,NA,1,NA,1,NA,1,0
"Dc01018","locus062",0.26382,1,NA,NA,1,NA,0.02574,NA,1,1
"Dc01018","locus064",0.66029,1,NA,1,0.140032,Inf,0.290454,Inf,Inf,0
"Dc01018","locus065",0.676676,1,NA,NA,1,NA,1,NA,1,0
"Dc01018","locus073",0.05101,0.486428,Inf,NA,0.659796,NA,0.621278,NA,0.668262,0
"Dc01018","locus074",1,0.163388,NA,NA,0.123454,NA,1,NA,1,0
"Dc01018","locus076",0.902448,0.678436,NA,NA,0.20012,NA,0.152034,NA,0.570848,0
"Dc01018","locus077",0.384182,0.568568,NA,NA,0.027992,NA,0.64811,NA,1,1
"Dc01018","locus080",0.101482,1,NA,NA,0.433768,NA,1,NA,0.748716,0
"Dc01018","locus083",0.16435,0.35835,NA,NA,1,NA,0.699474,NA,1,0
"Dc01018","locus088",0.396744,1,NA,NA,1,NA,1,NA,0.033732,1
"Dc01018","locus093",1,Inf,Inf,NA,Inf,NA,1,NA,0.284456,0
"Dc01018","locus096",0.451634,0.569778,Inf,NA,0.142308,Inf,0.744112,NA,1,0
"Dc01018","locus098",0.070038,0.68044,NA,NA,1,NA,0.052194,NA,0.55647,0
"Dc01018","locus100",0.78774,0.142662,NA,NA,1,NA,0.777684,NA,1,0
"Dc01018","locus106",0.567394,Inf,Inf,NA,1,NA,1,NA,0.533598,0
"Dc01018","locus110",1,1,NA,NA,NA,NA,0.679138,NA,0.485654,0
"Dc01018","locus116",0.06389,0.40004,NA,NA,0.766626,NA,0.53335,NA,NA,0
"Dc01018","locus119",0.794548,1,NA,NA,0.334352,NA,0.632636,NA,NA,0
"Dc01018","locus120",0.11284,1,NA,NA,0.428342,NA,1,NA,NA,0
"Dc01018","locus126",0.163588,1,Inf,NA,0.659092,NA,0.72098,Inf,NA,0
"Dc01018","locus128",0.19145,1,NA,NA,1,NA,0.539432,NA,NA,0
"Dc01018","locus129",0.011982,1,NA,NA,0.71452,NA,0.814958,NA,NA,1
"Dc01018","locus130",0.68294,0.677478,NA,NA,1,NA,1,NA,NA,0
"Dc01018","locus134",0.110384,0.25182,NA,NA,0.767472,Inf,0.203626,NA,NA,0
"Dc01018","locus135",0.924658,0.616106,Inf,NA,1,Inf,0.077226,NA,NA,0
"Dc01018","locus137",0.587024,0.1626,Inf,NA,0.142312,NA,0.806338,NA,NA,0
"Dc01018","locus139",0.315086,1,Inf,NA,0.658076,NA,0.314702,NA,NA,0
"Dc01018","locus140",0.313184,1,Inf,NA,0.65653,NA,0.313494,Inf,NA,0
"Dc01018","locus146",0.901828,0.574826,NA,NA,1,NA,0.308022,NA,NA,0
"Dc01018","locus148",0.828192,1,NA,0.498002,0.658712,NA,0.800586,NA,NA,0
"Dc01018","locus151",0.814278,1,NA,NA,1,NA,0.79957,NA,NA,0
"Dc01018","locus157",0.56579,0.35779,NA,NA,1,NA,1,NA,NA,0
"Dc01018","locus161",0.357636,0.676928,NA,NA,1,NA,1,NA,NA,0
"Dc01018","locus165",1,0.401818,NA,NA,0.066152,NA,0.464056,Inf,NA,0
"Dc01018","locus170",0.720666,1,NA,NA,0.656704,NA,0.705716,NA,NA,0
"Dc01018","locus176",0.26494,0.297802,NA,NA,0.7736,NA,0.66717,NA,NA,0
"Dc01018","locus184",0.82924,0.486518,NA,NA,0.333778,NA,1,NA,NA,0
"Dc01018","locus186",1,1,NA,NA,0.655746,NA,0.660726,NA,NA,0
"Dc01018","locus188",0.56358,0.361588,NA,NA,0.772084,NA,0.396456,NA,NA,0
"Dc01018","locus189",0.970354,1,Inf,NA,0.428452,NA,0.372854,Inf,NA,0
"Dc01018","locus190",0.357102,0.485064,Inf,NA,0.065734,NA,0.075298,NA,NA,0
"Dc01018","locus191",0.934216,1,NA,NA,0.424074,NA,1,NA,NA,0
"Dc01018","locus192",0.264662,1,NA,NA,0.138882,NA,1,NA,NA,0
"Dc01018","locus195",0.271222,1,NA,NA,1,NA,0.242586,NA,NA,0
"Dc01018","locus202",0.222496,0.536352,NA,NA,0.429928,NA,0.03812,NA,NA,1
"Dc01018","locus210",0.182302,0.374898,NA,NA,0.229772,NA,0.682304,NA,NA,0
"Dc01018","locus215",0.462898,1,NA,NA,1,NA,0.634552,NA,NA,0
"Dc01018","locus227",0.347606,1,Inf,NA,Inf,NA,0.022168,NA,NA,1
"Dc01018","locus231",1,1,NA,NA,0.428066,NA,0.392536,NA,NA,0
"Dc01018","locus235",1,0.532284,NA,NA,1,NA,0.099656,NA,NA,0
"Dc01018","locus236",0.2017,1,NA,NA,0.428356,NA,1,NA,NA,0
"Dc01018","locus237",0.823446,0.214518,NA,NA,0.769446,NA,0.408104,NA,NA,0
"Dc01018","locus239",1,0.539286,NA,NA,0.029044,NA,0.363858,NA,NA,1
"Dc01018","locus248",0.282018,1,NA,NA,0.62015,NA,0.039126,NA,NA,1
"Dc01018","locus255",0.012352,0.486044,NA,NA,0.048112,NA,NA,NA,NA,2
"Dc01018","locus256",0.513118,1,NA,NA,1,NA,0.79892,Inf,NA,0
"Dc01018","locus263",0.636944,1,NA,Inf,1,NA,0.60127,NA,NA,0
"Dc01018","locus264",0.921128,1,NA,1,0.028908,NA,1,NA,NA,1
"Dc01018","locus274",0.564994,1,NA,NA,1,NA,0.568088,NA,NA,0
"Dc01018","locus280",1,0.485258,NA,NA,1,NA,0.035648,NA,NA,1
"Dc01018","locus282",0.482444,0.27428,NA,NA,0.775778,NA,0.076832,Inf,NA,0
"Dc01018","locus286",1,1,NA,NA,1,NA,0.406504,NA,NA,0
"Dc01018","locus291",0.359234,1,NA,NA,0.333108,NA,0.080342,NA,NA,0
"Dc01018","locus292",0.148202,0.273952,NA,NA,0.660128,NA,0.840074,NA,NA,0
"Dc01018","locus296",0.46711,0.10608,Inf,0.50023,0.14227,NA,0.714348,NA,NA,0
"Dc01018","locus301",0.37446,0.035282,NA,NA,0.038414,NA,1,NA,NA,2
"Dc01018","locus314",0.09156,1,NA,NA,1,NA,0.487298,NA,NA,0
"Dc01018","locus321",0.114936,0.830054,NA,NA,1,NA,0.89087,NA,NA,0
"Dc01018","locus322",0.966328,0.67866,NA,NA,1,NA,0.297474,Inf,NA,0
"Dc01018","locus323",0.71489,1,NA,NA,1,Inf,0.73813,NA,NA,0
"Dc01018","locus329",0.61893,0.571232,NA,NA,0.653288,NA,0.32379,NA,NA,0
"Dc01018","locus332",0.137658,0.269054,Inf,NA,0.258048,Inf,0.071302,NA,NA,0
"Dc01018","locus349",0.729212,0.67779,NA,NA,0.259394,NA,0.178058,NA,NA,0
"Dc01018","locus358",0.863604,1,NA,NA,1,NA,1,NA,NA,0
"Dc01018","locus359",1,1,NA,NA,0.427894,NA,0.38103,NA,NA,0
"Dc01018","locus360",0.446616,0.641112,Inf,NA,0.76959,NA,0.708104,NA,NA,0
"Dc01661","Dc01707",0.728434,0.871362,NA,NA,0.827464,Inf,0.923786,0.707214,0.413666,0
"Dc01661","Dc01784",0.799232,0.356602,NA,NA,0.487034,NA,0.108036,1,0.02705,1
"Dc01661","Dc02951",0.961196,0.484784,NA,NA,0.57086,NA,0.577954,1,0.065104,0
"Dc01661","Dc03456",0.808464,0.42539,NA,NA,1,NA,0.43656,0.334504,0.156084,0
"Dc01661","Dc03556",0.671684,1,NA,NA,1,NA,0.938794,1,0.71986,0
"Dc01661","Dc05864",0.225338,0.578846,NA,NA,0.658072,NA,0.413698,NA,1,0
"Dc01661","Dc06503",0.1505,0.570442,NA,NA,1,NA,0.781252,NA,NA,0
"Dc01661","Dc07300",0.654386,0.79874,NA,NA,0.82946,NA,0.50095,1,0.992696,0
"Dc01661","Dc07937",0.936492,0.207558,NA,1,1,NA,0.079946,0.811344,0.193328,0
"Dc01661","Dc08054",0.965426,0.387506,NA,NA,0.82783,NA,0.1984,0.289804,0.458912,0
"Dc01661","Dc08189",0.825746,0.59189,NA,NA,0.228706,NA,0.764046,0.597764,0.643636,0
"Dc01661","Dc08463",0.118498,1,NA,NA,1,NA,0.099558,1,0.23225,0
"Dc01661","Dc08578",0.971764,0.489304,NA,NA,1,NA,0.592034,Inf,NA,0
"Dc01661","Dc08865",0.16294,0.872976,NA,NA,0.82988,NA,0.529652,NA,0.10979,0
"Dc01661","Dc10003",0.216864,0.35972,NA,1,Inf,NA,0.422218,NA,NA,0
"Dc01661","Dc10390",0.768416,1,NA,NA,1,NA,0.584016,NA,1,0
"Dc01661","Dc10878",0.137898,0.71854,NA,NA,0.573012,NA,0.032628,NA,1,1
"Dc01661","Dc10885",0.662952,1,NA,NA,1,NA,0.291916,NA,0.898194,0
"Dc01661","Dc11203",0.553984,0.485648,NA,NA,1,NA,0.31192,NA,0.812864,0
"Dc01661","Dc11714",0.196978,0.929302,NA,NA,0.115028,Inf,0.029458,NA,0.653318,1
"Dc01661","Dc13159",0.173058,1,NA,1,0.833466,NA,0.467234,NA,0.976568,0
"Dc01661","Dc13592",0.249238,1,NA,NA,0.483052,NA,0.032078,0.33377,0.889514,1
"Dc01661","Dc14022",0.494928,Inf,Inf,NA,1,NA,Inf,NA,Inf,0
"Dc01661","Dc14945",0.864534,0.372906,NA,NA,Inf,NA,0.733192,NA,Inf,0
"Dc01661","Dc16747",0.126996,0.143286,NA,NA,1,NA,0.768288,NA,0.324922,0
"Dc01661","Dc18951",0.549706,1,NA,0.600832,1,NA,0.54977,NA,0.84803,0
"Dc01661","Dc20232",0.261628,0.428178,NA,NA,1,Inf,0.452164,NA,1,0
"Dc01661","Dc22883",0.057002,1,1,NA,0.744678,Inf,0.854936,NA,1,0
"Dc01661","Dc22887",0.727554,1,NA,NA,0.570238,NA,0.128262,NA,0.270462,0
"Dc01661","Dc27955",0.114962,0.357234,NA,NA,1,NA,0.284366,NA,0.808664,0
"Dc01661","Dc28124",0.756064,0.35545,NA,1,1,NA,0.484704,NA,0.793872,0
"Dc01661","Dc28776",0.802112,1,NA,NA,1,NA,0.30732,NA,0.875602,0
"Dc01661","Dc30071",0.186854,Inf,NA,NA,1,NA,0.441356,NA,0.083836,0
"Dc01661","Dc31007",0.232978,1,NA,NA,Inf,NA,0.678976,NA,NA,0
"Dc01661","Dc33714",0.261672,0.890222,NA,NA,1,NA,0.494084,1,0.916756,0
"Dc01661","Dc33907",0.053416,0.196644,NA,NA,1,NA,0.299068,1,0.512212,0
"Dc01661","Dc34902",0.463314,0.425166,NA,NA,0.572924,NA,0.051402,NA,0.197594,0
"Dc01661","Dc35779",0.820324,0.377374,NA,NA,1,Inf,0.606088,NA,0.26232,0
"Dc01661","Dc36571",0.82371,1,NA,NA,0.571424,NA,0.072274,NA,0.939222,0
"Dc01661","Dc36616",0.908518,0.1965,NA,0.201004,1,Inf,0.474226,NA,0.21032,0
"Dc01661","Dc36767",0.369516,0.037126,NA,NA,0.82935,NA,0.834498,NA,NA,1
"Dc01661","Dc40235",0.475504,0.783948,NA,NA,1,Inf,0.097552,NA,0.128084,0
"Dc01661","Dc41234",0.54416,0.491302,NA,NA,0.483908,NA,0.970864,NA,0.540756,0
"Dc01661","Dc46984",0.267384,0.208664,NA,NA,1,NA,0.272806,NA,0.166042,0
"Dc01661","Dc47572",0.648166,0.491096,NA,NA,1,NA,0.313742,NA,1,0
"Dc01661","Dc47935",0.590878,0.498528,NA,NA,0.230516,NA,0.053858,0.710084,0.781314,0
"Dc01661","Dc48207",0.697412,Inf,Inf,NA,Inf,Inf,0.300188,NA,1,0
"Dc01661","Dc48950",0.58798,0.74057,NA,NA,0.740834,Inf,0.876052,NA,0.906688,0
"Dc01661","Dc49080",0.930022,0.873084,1,1,0.484984,NA,0.179004,NA,0.03532,1
"Dc01661","Dc49184",0.066946,0.570402,NA,1,0.286416,Inf,0.295982,NA,0.256826,0
"Dc01661","Dc51020",0.821476,0.575818,0.33171,NA,0.229648,NA,0.099174,NA,0.769226,0
"Dc01661","Dc52523",0.982696,1,NA,NA,0.83056,NA,0.149144,NA,0.309298,0
"Dc01661","Dc55481",0.1573,1,NA,NA,0.287058,NA,0.92125,NA,0.03942,1
"Dc01661","Dc58248",0.862398,0.746008,NA,NA,0.741808,NA,0.634046,NA,0.870186,0
"Dc01661","Dc62188",0.58256,1,Inf,NA,0.097524,NA,0.009746,NA,0.257174,1
"Dc01661","Dc67011",0.496986,1,NA,1,0.483912,Inf,0.6672,NA,0.720534,0
"Dc01661","locus002",0.940218,1,NA,NA,1,NA,0.23375,NA,1,0
"Dc01661","locus003",0.02051,0.570612,1,0.334856,0.099282,NA,0.326734,NA,0.233564,1
"Dc01661","locus004",0.068778,1,1,NA,1,NA,0.303462,NA,0.464208,0
"Dc01661","locus005",0.106734,1,NA,NA,1,NA,0.031814,NA,0.689876,1
"Dc01661","locus006",0.583266,1,NA,NA,0.573314,NA,0.214666,NA,0.274746,0
"Dc01661","locus008",0.047694,1,NA,NA,0.484604,NA,0.327186,0.526184,0.87682,1
"Dc01661","locus013",0.790428,0.739248,NA,NA,0.114024,NA,0.483502,NA,0.846002,0
"Dc01661","locus014",0.688688,0.090998,NA,NA,0.570096,NA,0.178726,NA,0.723408,0
"Dc01661","locus022",0.888786,0.741452,NA,NA,0.225358,NA,0.045656,NA,0.310136,1
"Dc01661","locus024",0.228736,0.486698,1,NA,1,NA,0.087646,NA,0.215408,0
"Dc01661","locus025",0.941218,0.870544,NA,NA,0.570184,NA,0.2128,NA,0.971576,0
"Dc01661","locus027",0.75965,0.14324,NA,NA,1,NA,0.749188,NA,1,0
"Dc01661","locus030",0.586404,1,NA,1,0.655764,Inf,0.510726,NA,0.642348,0
"Dc01661","locus035",0.50662,0.785848,NA,NA,0.573242,Inf,0.098888,1,0.38321,0
"Dc01661","locus038",0.511668,0.87238,NA,NA,0.488874,Inf,0.418178,NA,0.730496,0
"Dc01661","locus039",1,0.869772,NA,NA,0.569504,NA,0.057002,NA,0.485822,0
"Dc01661","locus040",0.137168,0.373744,NA,NA,1,NA,0.994996,NA,Inf,0
"Dc01661","locus041",0.957278,1,NA,NA,0.289612,NA,0.373678,NA,1,0
"Dc01661","locus045",0.80111,0.572244,NA,1,0.569504,NA,0.203714,NA,0.636402,0
"Dc01661","locus047",0.423,1,NA,NA,0.48435,NA,0.32811,NA,0.769736,0
"Dc01661","locus048",0.635086,Inf,NA,NA,1,NA,1,1,1,0
"Dc01661","locus053",0.088204,0.87197,NA,NA,1,NA,0.646408,1,0.59764,0
"Dc01661","locus055",0.022098,0.108782,NA,NA,1,NA,0.45207,NA,0.584902,1
"Dc01661","locus056",0.67793,1,NA,NA,0.140822,NA,0.542084,NA,0.91467,0
"Dc01661","locus058",0.646528,1,NA,NA,0.82869,NA,0.624722,NA,0.165522,0
"Dc01661","locus060",0.109418,1,NA,NA,0.23326,NA,0.56675,NA,1,0
"Dc01661","locus061",0.489314,0.787088,Inf,NA,0.143804,NA,0.748932,NA,0.792,0
"Dc01661","locus062",0.913634,0.37565,NA,NA,0.486268,NA,0.022856,NA,0.771418,1
"Dc01661","locus064",0.872554,0.788642,NA,1,0.57167,Inf,0.191552,1,0.283812,0
"Dc01661","locus065",0.303238,0.142722,NA,NA,1,NA,0.79359,NA,0.484394,0
"Dc01661","locus073",0.227842,1,1,NA,1,NA,0.285662,NA,0.848956,0
"Dc01661","locus074",0.230878,1,NA,NA,1,NA,0.76296,NA,1,0
"Dc01661","locus076",0.084008,1,NA,NA,0.49027,NA,0.479222,NA,0.002042,1
"Dc01661","locus077",0.406298,0.785398,NA,NA,1,NA,0.511474,NA,1,0
"Dc01661","locus080",0.792626,0.870152,NA,NA,1,NA,0.016758,NA,0.755334,1
"Dc01661","locus083",0.78328,0.785524,NA,NA,1,NA,0.585132,NA,0.596212,0
"Dc01661","locus088",0.778956,1,NA,NA,1,NA,0.29638,NA,0.603376,0
"Dc01661","locus093",0.489342,Inf,Inf,NA,Inf,NA,0.524932,NA,1,0
"Dc01661","locus096",0.941478,0.783908,1,NA,1,Inf,0.43918,NA,0.865764,0
"Dc01661","locus098",0.33125,1,NA,NA,1,NA,0.553902,NA,1,0
"Dc01661","locus100",0.721454,0.086614,NA,NA,1,NA,0.22281,NA,0.409112,0
"Dc01661","locus106",0.824668,Inf,0.33327,NA,0.5738,NA,0.510236,NA,1,0
"Dc01661","locus110",0.11545,0.600968,NA,NA,NA,NA,0.014478,NA,0.830016,1
"Dc01661","locus116",0.429784,0.29426,NA,NA,0.113104,NA,0.806322,NA,NA,0
"Dc01661","locus119",0.981532,0.870606,NA,NA,0.570606,NA,0.37513,NA,NA,0
"Dc01661","locus120",0.77775,1,NA,NA,1,NA,0.44452,NA,NA,0
"Dc01661","locus126",0.74749,1,Inf,NA,1,NA,0.839144,1,NA,0
"Dc01661","locus128",0.155842,1,NA,NA,1,NA,0.586548,NA,NA,0
"Dc01661","locus129",0.571466,0.871508,NA,NA,0.569828,NA,0.602248,NA,NA,0
"Dc01661","locus130",0.227346,0.568732,NA,NA,0.601866,NA,0.74535,NA,NA,0
"Dc01661","locus134",0.299654,0.572408,NA,NA,1,Inf,0.193566,NA,NA,0
"Dc01661","locus135",0.94156,0.6851,1,NA,0.485176,Inf,0.408928,NA,NA,0
"Dc01661","locus137",0.322422,0.74401,0.33207,NA,0.57044,NA,0.534986,NA,NA,0
"Dc01661","locus139",0.927384,0.3778,Inf,NA,1,NA,0.144082,NA,NA,0
"Dc01661","locus140",0.92452,0.374254,Inf,NA,1,NA,0.142832,0.715206,NA,0
"Dc01661","locus146",0.906806,0.791546,NA,NA,0.571762,NA,0.889132,NA,NA,0
"Dc01661","locus148",0.925452,0.353276,NA,0.601692,0.484882,NA,0.661084,NA,NA,0
"Dc01661","locus151",0.24495,1,NA,NA,0.113334,NA,0.009948,NA,NA,1
"Dc01661","locus157",0.873968,0.359322,NA,NA,1,NA,0.348426,NA,NA,0
"Dc01661","locus161",0.557972,0.572198,NA,NA,1,NA,0.071132,NA,NA,0
"Dc01661","locus165",0.965216,0.86867,NA,NA,1,NA,0.740786,1,NA,0
"Dc01661","locus170",0.884808,0.293466,NA,NA,1,NA,0.707598,NA,NA,0
"Dc01661","locus176",0.048448,0.03355,NA,NA,0.656504,NA,0.053644,NA,NA,2
"Dc01661","locus184",0.242588,1,NA,NA,1,NA,0.60003,NA,NA,0
"Dc01661","locus186",0.773282,0.357164,NA,NA,1,NA,0.459274,NA,NA,0
"Dc01661","locus188",0.343332,1,NA,NA,0.261298,NA,0.660538,NA,NA,0
"Dc01661","locus189",0.582762,1,Inf,NA,0.656674,NA,0.292318,1,NA,0
"Dc01661","locus190",0.495736,0.485224,Inf,NA,1,NA,0.693936,NA,NA,0
"Dc01661","locus191",0.22143,0.290572,NA,NA,0.65949,NA,0.412432,NA,NA,0
"Dc01661","locus192",0.474822,0.930116,NA,NA,1,NA,0.148512,NA,NA,0
"Dc01661","locus195",0.111684,1,NA,NA,0.830024,NA,0.647476,NA,NA,0
"Dc01661","locus202",0.661928,0.176222,NA,NA,0.657982,NA,0.72131,NA,NA,0
"Dc01661","locus210",0.347188,1,NA,NA,1,NA,0.519982,NA,NA,0
"Dc01661","locus215",0.708652,1,NA,NA,1,NA,0.860976,NA,NA,0
"Dc01661","locus227",0.83409,1,Inf,NA,Inf,NA,0.353118,NA,NA,0
"Dc01661","locus231",0.500034,1,NA,NA,1,NA,0.837202,NA,NA,0
"Dc01661","locus235",0.06949,0.42322,NA,NA,1,NA,0.347266,NA,NA,0
"Dc01661","locus236",0.444318,0.09522,NA,NA,0.229226,NA,0.943054,NA,NA,0
"Dc01661","locus237",0.223906,0.358534,NA,NA,0.656798,NA,0.001772,NA,NA,1
"Dc01661","locus239",0.717286,0.426932,NA,NA,1,NA,0.67169,NA,NA,0
"Dc01661","locus248",0.127878,1,NA,NA,0.570466,NA,0.057046,NA,NA,0
"Dc01661","locus255",0.19433,0.869842,NA,NA,1,NA,NA,NA,NA,0
"Dc01661","locus256",0.70544,1,NA,NA,0.830214,NA,0.625944,1,NA,0
"Dc01661","locus263",0.532978,0.359458,NA,Inf,1,NA,0.415932,NA,NA,0
"Dc01661","locus264",0.227228,0.741,NA,0.200892,1,NA,0.097002,NA,NA,0
"Dc01661","locus274",0.259342,0.089738,NA,NA,0.48915,NA,0.74051,NA,NA,0
"Dc01661","locus280",0.306964,0.869106,NA,NA,0.486028,NA,0.940658,NA,NA,0
"Dc01661","locus282",0.635744,0.869782,NA,NA,0.658172,NA,0.863082,0.715508,NA,0
"Dc01661","locus286",0.719264,1,NA,NA,1,NA,0.701416,NA,NA,0
"Dc01661","locus291",0.81483,0.08864,NA,NA,0.568922,NA,0.346592,NA,NA,0
"Dc01661","locus292",0.621064,0.29122,NA,NA,0.099606,NA,0.644236,NA,NA,0
"Dc01661","locus296",0.883464,1,1,1,0.574038,NA,0.509614,NA,NA,0
"Dc01661","locus301",0.004422,0.183142,NA,NA,0.83054,NA,0.97297,NA,NA,1
"Dc01661","locus314",0.407676,0.406582,NA,NA,0.573918,NA,1,NA,NA,0
"Dc01661","locus321",0.91367,1,NA,NA,1,NA,0.076112,NA,NA,0
"Dc01661","locus322",0.097014,1,NA,NA,0.657104,NA,0.082022,1,NA,0
"Dc01661","locus323",0.097134,0.572432,NA,NA,1,Inf,0.579654,NA,NA,0
"Dc01661","locus329",0.388964,0.785522,NA,NA,1,NA,0.408198,NA,NA,0
"Dc01661","locus332",0.918658,0.874858,1,NA,1,Inf,0.396156,NA,NA,0
"Dc01661","locus349",0.885868,1,NA,NA,1,NA,0.262592,NA,NA,0
"Dc01661","locus358",0.364974,1,NA,NA,0.227628,NA,0.32692,NA,NA,0
"Dc01661","locus359",0.307956,0.929532,NA,NA,1,NA,0.782952,NA,NA,0
"Dc01661","locus360",0.666694,0.929938,Inf,NA,1,NA,0.642988,NA,NA,0
"Dc01707","Dc01784",0.16423,0.214356,NA,NA,0.829568,NA,0.741376,0.488,0.208404,0
"Dc01707","Dc02951",0.192092,0.484554,NA,NA,0.285532,NA,0.94058,0.432634,0.908418,0
"Dc01707","Dc03456",0.900604,0.533732,NA,NA,0.825504,Inf,0.614346,0.540618,0.362996,0
"Dc01707","Dc03556",0.312832,0.250416,NA,NA,0.827486,NA,0.802492,1,1,0
"Dc01707","Dc05864",0.987306,1,NA,Inf,0.313928,NA,0.663148,NA,1,0
"Dc01707","Dc06503",0.71047,0.431122,NA,NA,1,NA,0.359948,NA,NA,0
"Dc01707","Dc07300",0.515746,0.484876,NA,NA,0.627206,NA,0.251206,0.831408,1,0
"Dc01707","Dc07937",0.272208,0.742978,NA,1,0.82692,NA,0.253628,1,0.942834,0
"Dc01707","Dc08054",0.102538,1,NA,NA,0.71214,NA,0.188478,1,0.548788,0
"Dc01707","Dc08189",0.632618,0.48153,NA,NA,0.48359,NA,0.897708,0.599422,0.66234,0
"Dc01707","Dc08463",0.873368,0.21443,NA,NA,1,NA,0.335052,1,0.352772,0
"Dc01707","Dc08578",0.22114,0.76852,NA,Inf,0.09951,NA,0.44152,NA,NA,0
"Dc01707","Dc08865",0.082116,1,NA,NA,1,NA,0.066834,NA,1,0
"Dc01707","Dc10003",0.776764,1,NA,Inf,Inf,NA,0.155896,NA,NA,0
"Dc01707","Dc10390",0.555326,0.124656,NA,NA,0.712622,NA,0.51505,NA,0.862834,0
"Dc01707","Dc10878",0.319602,0.123142,NA,NA,0.046336,NA,0.94416,NA,0.487192,1
"Dc01707","Dc10885",0.176388,1,NA,NA,1,Inf,0.816072,NA,0.735548,0
"Dc01707","Dc11203",0.997014,0.48479,NA,NA,0.286776,NA,0.209112,NA,0.631988,0
"Dc01707","Dc11714",0.29545,0.537582,NA,NA,0.31508,NA,0.628886,NA,0.432806,0
"Dc01707","Dc13159",0.438842,0.739808,NA,Inf,0.627438,NA,0.387996,NA,0.271432,0
"Dc01707","Dc13592",0.225254,0.12449,NA,NA,1,Inf,0.563178,1,0.03227,1
"Dc01707","Dc14022",0.122638,Inf,Inf,NA,1,NA,Inf,NA,Inf,0
"Dc01707","Dc14945",0.772254,0.500678,NA,NA,Inf,NA,0.13323,NA,Inf,0
"Dc01707","Dc16747",0.34593,1,NA,NA,0.084374,NA,0.123434,NA,0.4178,0
"Dc01707","Dc18951",0.379292,0.486862,NA,1,1,NA,0.933578,NA,0.768418,0
"Dc01707","Dc20232",0.437428,1,NA,NA,1,Inf,0.025616,NA,0.858868,1
"Dc01707","Dc22883",0.997274,0.112976,1,NA,1,NA,0.833688,NA,0.023798,1
"Dc01707","Dc22887",0.51504,0.572298,NA,NA,0.713492,NA,0.970134,NA,1,0
"Dc01707","Dc27955",0.195392,0.573284,NA,NA,0.830436,NA,0.458734,NA,0.904188,0
"Dc01707","Dc28124",0.882556,0.568742,NA,0.596946,1,NA,0.270528,NA,1,0
"Dc01707","Dc28776",0.90755,0.071208,NA,NA,1,NA,0.839604,NA,0.906172,0
"Dc01707","Dc30071",0.107428,Inf,NA,NA,0.282432,Inf,0.221642,NA,0.229494,0
"Dc01707","Dc31007",0.514236,1,NA,NA,Inf,NA,0.24806,NA,NA,0
"Dc01707","Dc33714",0.075416,0.3881,NA,NA,0.23015,NA,0.945282,0.431058,0.009878,1
"Dc01707","Dc33907",0.612352,0.017668,NA,NA,0.483812,NA,0.695916,0.69993,0.237104,1
"Dc01707","Dc34902",0.264082,1,NA,NA,0.565342,Inf,0.554548,NA,0.677322,0
"Dc01707","Dc35779",0.577728,0.499062,NA,NA,0.484726,Inf,0.750348,NA,0.300766,0
"Dc01707","Dc36571",0.957906,1,NA,NA,1,NA,0.53628,NA,0.424424,0
"Dc01707","Dc36616",0.522278,0.017514,NA,0.600916,0.576146,Inf,0.61631,NA,0.918134,1
"Dc01707","Dc36767",0.025818,0.784864,NA,NA,0.63074,NA,0.76053,NA,NA,1
"Dc01707","Dc40235",0.532114,1,NA,NA,0.576744,NA,0.914056,NA,0.91853,0
"Dc01707","Dc41234",0.790268,0.288732,NA,NA,1,NA,0.535858,NA,1,0
"Dc01707","Dc46984",0.462564,0.74263,NA,NA,0.83326,NA,0.976432,NA,0.593702,0
"Dc01707","Dc47572",0.935832,0.874072,NA,NA,0.89005,NA,0.383004,NA,0.66164,0
"Dc01707","Dc47935",0.144416,0.87056,NA,NA,0.627684,NA,0.978676,0.540996,0.418434,0
"Dc01707","Dc48207",0.09492,Inf,Inf,NA,Inf,Inf,0.408884,NA,0.70328,0
"Dc01707","Dc48950",0.864974,0.35775,NA,NA,1,NA,0.178026,NA,0.943746,0
"Dc01707","Dc49080",0.307356,0.27182,1,1,0.714286,Inf,0.064368,NA,0.022142,1
"Dc01707","Dc49184",0.796502,1,NA,0.601494,1,NA,0.115224,NA,1,0
"Dc01707","Dc51020",0.236948,0.67802,0.331058,NA,1,NA,0.899296,NA,0.168108,0
"Dc01707","Dc52523",0.098096,0.08784,NA,NA,0.102154,NA,0.782924,NA,0.230964,0
"Dc01707","Dc55481",0.778708,0.534582,NA,NA,1,NA,0.671064,NA,0.303284,0
"Dc01707","Dc58248",0.482682,0.03586,NA,NA,1,Inf,0.482732,NA,1,1
"Dc01707","Dc62188",0.918902,0.870316,NA,NA,0.827452,NA,0.336624,NA,1,0
"Dc01707","Dc67011",0.497938,0.487138,NA,1,0.828268,NA,0.480666,NA,0.676656,0
"Dc01707","locus002",0.099062,0.620858,NA,NA,1,NA,0.585754,NA,0.520076,0
"Dc01707","locus003",0.977826,0.07242,0.50048,1,0.83023,NA,0.986038,NA,0.978354,0
"Dc01707","locus004",0.666338,1,1,NA,1,NA,0.682868,NA,0.781654,0
"Dc01707","locus005",0.84185,0.679486,NA,NA,0.713178,NA,0.909634,NA,1,0
"Dc01707","locus006",0.219612,0.211602,NA,NA,0.282898,NA,0.871594,NA,0.909302,0
"Dc01707","locus008",0.633862,0.67897,NA,NA,0.717844,NA,0.893076,0.713038,0.609256,0
"Dc01707","locus013",0.244128,0.740468,NA,NA,1,NA,0.368052,NA,0.095036,0
"Dc01707","locus014",0.11059,1,NA,NA,1,NA,0.845868,NA,1,0
"Dc01707","locus022",0.920774,1,NA,NA,0.82806,Inf,0.810596,NA,0.89912,0
"Dc01707","locus024",0.040418,1,1,NA,0.084976,NA,0.654814,NA,0.84331,1
"Dc01707","locus025",0.745728,0.484088,Inf,NA,1,NA,0.41595,NA,0.941468,0
"Dc01707","locus027",0.471672,1,Inf,NA,0.887228,NA,0.538154,NA,1,0
"Dc01707","locus030",0.371304,0.827664,NA,0.19843,0.883916,NA,0.468314,NA,0.97426,0
"Dc01707","locus035",0.2315,1,NA,NA,0.094682,Inf,0.37994,1,0.670512,0
"Dc01707","locus038",0.193566,0.403482,NA,NA,1,NA,0.688352,NA,0.982684,0
"Dc01707","locus039",0.528804,1,NA,NA,0.714594,NA,0.011656,NA,0.10423,1
"Dc01707","locus040",0.94166,0.500722,NA,NA,0.283742,NA,0.922426,NA,Inf,0
"Dc01707","locus041",0.784612,0.05465,NA,NA,1,NA,0.814596,NA,0.292562,0
"Dc01707","locus045",0.808288,1,NA,1,1,Inf,0.001588,NA,0.303862,1
"Dc01707","locus047",0.240264,0.829232,NA,NA,0.200346,NA,0.37475,NA,0.980168,0
"Dc01707","locus048",0.138528,Inf,NA,NA,0.715922,NA,0.70312,0.71328,0.669708,0
"Dc01707","locus053",0.07706,0.489484,NA,NA,1,NA,0.5281,1,0.796294,0
"Dc01707","locus055",0.6413,1,NA,NA,0.085146,NA,0.103116,NA,0.870288,0
"Dc01707","locus056",0.863212,1,NA,NA,0.570278,Inf,0.688224,NA,1,0
"Dc01707","locus058",0.92211,1,NA,NA,0.201468,NA,0.860472,NA,0.232738,0
"Dc01707","locus060",0.895968,0.142768,NA,NA,0.314112,NA,0.004076,NA,0.498058,1
"Dc01707","locus061",0.191906,0.358568,NA,NA,0.572764,Inf,0.334458,NA,0.861226,0
"Dc01707","locus062",0.465288,0.501732,NA,NA,0.831036,NA,0.246302,NA,0.768306,0
"Dc01707","locus064",0.199182,0.358086,NA,0.597308,0.716678,NA,0.61997,1,0.683034,0
"Dc01707","locus065",0.619276,1,NA,NA,0.283782,NA,0.91771,NA,1,0
"Dc01707","locus073",0.916056,0.485222,1,NA,1,NA,0.133172,NA,0.09558,0
"Dc01707","locus074",0.394364,0.74673,NA,NA,0.888122,Inf,0.121702,NA,0.871652,0
"Dc01707","locus076",0.914466,0.141054,NA,NA,0.71402,NA,0.033616,NA,0.09847,1
"Dc01707","locus077",0.821106,0.214156,NA,NA,0.488332,NA,0.304012,NA,0.916466,0
"Dc01707","locus080",0.60383,1,NA,NA,0.32322,Inf,0.791088,NA,0.963854,0
"Dc01707","locus083",0.066308,1,NA,NA,1,NA,0.107516,NA,0.321488,0
"Dc01707","locus088",0.607166,0.270066,NA,NA,0.485136,NA,0.822206,NA,0.868552,0
"Dc01707","locus093",1,Inf,Inf,NA,Inf,NA,0.419488,NA,0.714716,0
"Dc01707","locus096",0.20301,0.358988,0.498998,NA,0.71229,NA,0.03773,NA,0.245144,1
"Dc01707","locus098",0.781962,0.680386,NA,NA,0.28757,NA,0.388836,NA,0.943778,0
"Dc01707","locus100",0.716754,1,NA,NA,1,NA,0.55267,NA,0.866006,0
"Dc01707","locus106",0.572666,Inf,1,NA,0.285836,NA,0.166314,NA,0.679272,0
"Dc01707","locus110",0.267868,1,NA,NA,NA,NA,0.53926,NA,1,0
"Dc01707","locus116",0.60801,1,NA,NA,0.884272,NA,0.785926,NA,NA,0
"Dc01707","locus119",0.071408,0.272644,NA,NA,1,NA,0.083858,NA,NA,0
"Dc01707","locus120",0.68626,0.126184,NA,NA,1,NA,0.231802,NA,NA,0
"Dc01707","locus126",0.463936,0.653092,NA,NA,0.485568,NA,0.19116,0.603162,NA,0
"Dc01707","locus128",0.019902,0.677572,NA,NA,0.884114,NA,0.45944,NA,NA,1
"Dc01707","locus129",0.362524,0.271256,NA,NA,1,NA,0.21613,NA,NA,0
"Dc01707","locus130",0.197182,0.677246,NA,NA,1,NA,0.884304,NA,NA,0
"Dc01707","locus134",0.970898,1,NA,NA,0.114364,Inf,0.076598,NA,NA,0
"Dc01707","locus135",0.83618,0.616044,1,NA,0.827558,NA,0.783882,NA,NA,0
"Dc01707","locus137",0.974906,1,0.332338,NA,0.714884,NA,0.04162,NA,NA,1
"Dc01707","locus139",0.295022,0.499298,Inf,NA,1,Inf,0.052826,NA,NA,0
"Dc01707","locus140",0.286222,0.499928,Inf,NA,1,Inf,0.052026,0.374428,NA,0
"Dc01707","locus146",0.15389,0.214226,NA,NA,0.285004,Inf,0.544858,NA,NA,0
"Dc01707","locus148",0.8725,0.352212,NA,1,1,Inf,0.7202,NA,NA,0
"Dc01707","locus151",0.075974,0.486574,NA,NA,0.116092,NA,0.749742,NA,NA,0
"Dc01707","locus157",0.346778,1,NA,NA,0.284866,NA,0.029276,NA,NA,1
"Dc01707","locus161",0.43476,0.24805,NA,NA,0.571078,Inf,0.004482,NA,NA,1
"Dc01707","locus165",0.343792,1,NA,NA,0.733616,NA,0.920618,0.59998,NA,0
"Dc01707","locus170",0.369256,0.270288,NA,NA,1,NA,0.063872,NA,NA,0
"Dc01707","locus176",0.546454,0.740432,NA,NA,0.110294,NA,0.78544,NA,NA,0
"Dc01707","locus184",0.261708,0.486384,NA,NA,0.714954,NA,0.848898,NA,NA,0
"Dc01707","locus186",0.35238,1,NA,NA,0.48552,NA,0.137968,NA,NA,0
"Dc01707","locus188",0.480472,0.74042,NA,NA,1,NA,0.096852,NA,NA,0
"Dc01707","locus189",0.521634,0.742698,Inf,NA,0.884684,NA,0.230082,1,NA,0
"Dc01707","locus190",0.346814,1,Inf,NA,0.315764,NA,0.668756,NA,NA,0
"Dc01707","locus191",0.67204,1,NA,NA,0.314482,NA,0.333072,NA,NA,0
"Dc01707","locus192",0.562126,0.535442,NA,NA,0.573152,NA,0.995976,NA,NA,0
"Dc01707","locus195",0.070178,0.67928,NA,NA,0.714102,Inf,0.102256,NA,NA,0
"Dc01707","locus202",0.10029,0.784764,NA,NA,0.31399,NA,0.767482,NA,NA,0
"Dc01707","locus210",0.106876,0.487594,NA,NA,0.225706,NA,0.82175,NA,NA,0
"Dc01707","locus215",0.025966,0.678124,Inf,NA,1,NA,0.909958,NA,NA,1
"Dc01707","locus227",0.13096,0.07152,Inf,NA,Inf,NA,0.849968,NA,NA,0
"Dc01707","locus231",0.246756,0.48556,NA,NA,1,NA,0.213212,NA,NA,0
"Dc01707","locus235",0.845786,0.53624,NA,NA,0.28743,NA,0.788056,NA,NA,0
"Dc01707","locus236",0.829412,1,NA,NA,0.482654,NA,0.438092,NA,NA,0
"Dc01707","locus237",0.899724,1,NA,NA,0.885388,NA,0.539464,NA,NA,0
"Dc01707","locus239",0.640746,1,NA,NA,0.487382,NA,0.500728,NA,NA,0
"Dc01707","locus248",0.838692,1,NA,NA,0.285526,NA,0.448634,NA,NA,0
"Dc01707","locus255",0.768846,1,NA,NA,0.715186,NA,NA,NA,NA,0
"Dc01707","locus256",0.61381,1,NA,NA,0.711932,NA,0.779732,1,NA,0
"Dc01707","locus263",0.769326,0.214108,NA,Inf,1,NA,0.469904,NA,NA,0
"Dc01707","locus264",0.414054,0.289574,NA,1,0.486328,NA,0.11865,NA,NA,0
"Dc01707","locus274",0.194306,0.05679,NA,NA,1,Inf,0.13468,NA,NA,0
"Dc01707","locus280",0.902382,0.39814,NA,NA,1,NA,0.158656,NA,NA,0
"Dc01707","locus282",0.18484,1,NA,NA,0.884804,NA,0.083078,0.372252,NA,0
"Dc01707","locus286",0.348348,1,NA,NA,0.572696,Inf,0.600172,NA,NA,0
"Dc01707","locus291",0.389906,0.681838,NA,NA,1,NA,0.012564,NA,NA,1
"Dc01707","locus292",0.339944,1,NA,NA,0.825892,Inf,0.819728,NA,NA,0
"Dc01707","locus296",0.196238,1,1,0.601114,0.714328,NA,0.033282,NA,NA,1
"Dc01707","locus301",0.599818,0.641156,Inf,NA,1,NA,0.192514,NA,NA,0
"Dc01707","locus314",0.278434,0.142386,NA,NA,0.095806,NA,0.812538,NA,NA,0
"Dc01707","locus321",0.315874,0.485656,NA,NA,0.718052,NA,0.571902,NA,NA,0
"Dc01707","locus322",0.306948,0.143856,NA,NA,0.88812,NA,0.599796,1,NA,0
"Dc01707","locus323",0.881602,0.249754,NA,NA,0.143038,NA,0.586214,NA,NA,0
"Dc01707","locus329",0.034722,0.215764,NA,NA,0.227748,NA,0.374834,NA,NA,1
"Dc01707","locus332",0.84039,1,0.497818,NA,0.086164,NA,0.297798,NA,NA,0
"Dc01707","locus349",0.744644,0.678648,NA,NA,0.487434,NA,0.562554,NA,NA,0
"Dc01707","locus358",0.670256,1,NA,NA,1,NA,0.361902,NA,NA,0
"Dc01707","locus359",0.509904,1,NA,NA,0.283842,NA,0.7318,NA,NA,0
"Dc01707","locus360",0.644348,0.110206,NA,NA,0.887904,NA,0.709388,NA,NA,0
"Dc01784","Dc02951",0.301964,1,NA,NA,0.571308,NA,0.82172,0.428554,0.191948,0
"Dc01784","Dc03456",0.080248,0.28671,NA,NA,0.483074,NA,0.131666,0.657786,1,0
"Dc01784","Dc03556",0.829972,0.464684,NA,NA,1,NA,0.71225,0.485512,0.490172,0
"Dc01784","Dc05864",0.684998,1,NA,NA,1,NA,0.004934,NA,1,1
"Dc01784","Dc06503",0.450276,0.28432,NA,NA,1,NA,1,NA,NA,0
"Dc01784","Dc07300",0.27656,1,NA,NA,1,Inf,0.925186,0.083538,0.834766,0
"Dc01784","Dc07937",0.580558,1,NA,0.601242,1,NA,0.917948,1,0.335946,0
"Dc01784","Dc08054",0.2599,1,NA,NA,0.830626,NA,0.11043,1,0.315196,0
"Dc01784","Dc08189",0.540154,0.070802,NA,NA,1,NA,0.54358,0.400564,0.426258,0
"Dc01784","Dc08463",0.235174,1,NA,NA,1,NA,0.793846,1,0.54476,0
"Dc01784","Dc08578",0.660406,0.428764,NA,NA,1,NA,0.02911,NA,NA,1
"Dc01784","Dc08865",0.89257,1,NA,NA,1,NA,0.86091,NA,1,0
"Dc01784","Dc10003",0.432394,1,NA,NA,Inf,NA,0.562638,NA,NA,0
"Dc01784","Dc10390",0.730976,1,NA,NA,1,NA,0.890068,NA,1,0
"Dc01784","Dc10878",0.350594,0.094784,NA,NA,0.286432,NA,0.308096,NA,1,0
"Dc01784","Dc10885",0.279328,1,NA,NA,0.742598,NA,0.73979,NA,0.818156,0
"Dc01784","Dc11203",0.741658,0.42948,NA,NA,0.568846,NA,0.531338,NA,1,0
"Dc01784","Dc11714",0.661876,0.642402,NA,NA,0.229322,NA,0.080056,NA,0.660178,0
"Dc01784","Dc13159",0.682168,0.714036,NA,NA,0.830184,NA,0.461504,NA,1,0
"Dc01784","Dc13592",0.947692,1,NA,NA,1,NA,0.52754,1,1,0
"Dc01784","Dc14022",0.56569,Inf,Inf,NA,1,NA,Inf,NA,Inf,0
"Dc01784","Dc14945",0.401608,1,NA,NA,Inf,NA,0.11291,NA,Inf,0
"Dc01784","Dc16747",1,0.572932,NA,NA,1,NA,0.613516,NA,1,0
"Dc01784","Dc18951",0.711496,1,NA,0.398338,1,NA,0.475772,NA,0.574188,0
"Dc01784","Dc20232",0.778468,1,NA,NA,1,Inf,0.206936,NA,0.662134,0
"Dc01784","Dc22883",0.506974,0.714064,Inf,NA,1,NA,0.336334,NA,0.713312,0
"Dc01784","Dc22887",0.06142,0.571482,NA,NA,0.571208,NA,0.321668,NA,1,0
"Dc01784","Dc27955",0.762022,0.572338,NA,NA,0.489044,NA,0.00673,NA,1,1
"Dc01784","Dc28124",1,0.57098,NA,0.200234,1,NA,0.801898,NA,1,0
"Dc01784","Dc28776",0.828954,0.108512,NA,NA,0.660164,NA,0.607664,NA,0.121816,0
"Dc01784","Dc30071",0.60286,Inf,NA,NA,0.29,NA,0.642774,NA,0.483948,0
"Dc01784","Dc31007",0.628592,1,NA,NA,Inf,NA,1,NA,NA,0
"Dc01784","Dc33714",0.96161,1,NA,NA,0.4828,NA,0.328118,0.428474,0.544256,0
"Dc01784","Dc33907",0.9194,0.106946,NA,NA,1,Inf,0.923112,0.200296,0.562624,0
"Dc01784","Dc34902",0.414446,0.642626,NA,NA,0.57177,NA,0.23802,NA,0.492078,0
"Dc01784","Dc35779",0.027588,0.249864,NA,NA,1,Inf,0.891286,NA,0.490528,1
"Dc01784","Dc36571",0.278526,0.571008,NA,NA,0.571262,NA,0.527562,NA,0.74305,0
"Dc01784","Dc36616",0.959346,0.107582,NA,1,1,Inf,1,NA,0.490762,0
"Dc01784","Dc36767",0.260234,0.28542,NA,NA,0.830438,NA,0.815684,NA,NA,0
"Dc01784","Dc40235",0.515562,0.571892,NA,NA,1,NA,0.742874,NA,0.490668,0
"Dc01784","Dc41234",0.448068,1,NA,1,0.088302,NA,0.378592,NA,0.771336,0
"Dc01784","Dc46984",0.291384,0.250998,NA,NA,0.481394,NA,0.608348,NA,0.513284,0
"Dc01784","Dc47572",0.871652,0.143606,NA,NA,1,NA,0.961464,NA,1,0
"Dc01784","Dc47935",0.633246,0.78596,NA,NA,0.055102,NA,0.87227,0.255598,0.503182,0
"Dc01784","Dc48207",0.107428,Inf,Inf,NA,Inf,Inf,1,NA,1,0
"Dc01784","Dc48950",0.829514,0.49987,NA,NA,0.744504,NA,0.508486,NA,0.728358,0
"Dc01784","Dc49080",0.282628,1,1,1,0.485078,NA,0.631054,NA,1,0
"Dc01784","Dc49184",0.625644,1,NA,0.200466,1,NA,0.26527,NA,1,0
"Dc01784","Dc51020",1,1,1,NA,1,NA,0.704668,NA,0.546214,0
"Dc01784","Dc52523",0.478546,0.358584,NA,NA,0.826316,NA,0.039272,NA,0.089232,1
"Dc01784","Dc55481",0.288356,1,NA,NA,1,NA,0.460624,NA,0.238162,0
"Dc01784","Dc58248",0.306752,0.250528,NA,NA,1,NA,0.440722,NA,0.347308,0
"Dc01784","Dc62188",0.18092,0.785668,NA,NA,0.100346,NA,0.639354,NA,1,0
"Dc01784","Dc67011",0.0385,1,NA,1,0.013786,NA,0.884996,NA,1,2
"Dc01784","locus002",0.886656,0.523884,Inf,NA,1,NA,0.368194,NA,1,0
"Dc01784","locus003",0.889824,1,1,1,0.100628,NA,0.138034,NA,1,0
"Dc01784","locus004",0.560546,1,1,NA,1,NA,0.098848,NA,0.235984,0
"Dc01784","locus005",0.567038,0.106538,NA,NA,1,Inf,0.640802,NA,1,0
"Dc01784","locus006",0.554452,1,NA,NA,1,NA,0.493222,NA,1,0
"Dc01784","locus008",0.375812,0.464634,NA,NA,0.829952,NA,0.272094,1,0.242296,0
"Dc01784","locus013",0.095644,1,NA,NA,1,NA,0.07105,NA,0.242226,0
"Dc01784","locus014",0.605126,0.214498,NA,NA,0.569058,Inf,0.760914,NA,0.454092,0
"Dc01784","locus022",0.126234,0.679058,NA,NA,1,NA,0.881056,NA,0.151422,0
"Dc01784","locus024",0.758586,0.429862,1,NA,1,NA,0.163346,NA,0.547424,0
"Dc01784","locus025",0.519016,0.356208,NA,NA,0.573258,NA,0.187038,NA,0.75855,0
"Dc01784","locus027",0.756476,1,NA,1,1,NA,0.397314,NA,1,0
"Dc01784","locus030",0.114462,1,NA,1,0.6562,NA,0.629404,NA,0.576968,0
"Dc01784","locus035",0.14225,0.571324,NA,NA,0.570566,Inf,0.622576,1,1,0
"Dc01784","locus038",0.00968,0.356076,NA,NA,1,NA,0.884008,NA,0.714094,1
"Dc01784","locus039",0.91102,0.212828,NA,NA,0.570208,NA,0.51711,NA,0.362954,0
"Dc01784","locus040",0.280502,1,NA,NA,0.57297,NA,0.382932,NA,Inf,0
"Dc01784","locus041",0.148618,0.57265,NA,NA,0.57211,NA,0.62049,NA,1,0
"Dc01784","locus045",0.43359,1,NA,0.399964,0.570256,NA,0.518194,NA,1,0
"Dc01784","locus047",0.36902,1,NA,NA,0.484934,NA,0.011718,NA,0.75782,1
"Dc01784","locus048",0.21962,Inf,NA,NA,0.5729,NA,1,1,1,0
"Dc01784","locus053",0.977996,1,NA,NA,1,NA,0.68992,1,0.892198,0
"Dc01784","locus055",0.879126,1,NA,NA,1,NA,0.113598,NA,0.060034,0
"Dc01784","locus056",0.276588,1,NA,NA,1,NA,0.073772,NA,1,0
"Dc01784","locus058",0.186104,1,NA,NA,1,NA,0.469248,NA,1,0
"Dc01784","locus060",0.748584,0.464374,NA,NA,1,NA,0.44934,NA,1,0
"Dc01784","locus061",0.401294,0.570934,NA,NA,1,NA,0.195466,NA,1,0
"Dc01784","locus062",0.119816,1,NA,NA,1,NA,0.493966,NA,1,0
"Dc01784","locus064",0.882158,0.571394,NA,1,0.572582,NA,0.123348,1,0.490586,0
"Dc01784","locus065",0.28606,0.571212,NA,NA,1,NA,0.449496,NA,0.490446,0
"Dc01784","locus073",0.361706,1,1,NA,0.485774,NA,0.24582,NA,0.697252,0
"Dc01784","locus074",1,0.67943,NA,NA,0.655818,NA,0.450918,NA,0.696776,0
"Dc01784","locus076",0.637162,0.465024,NA,NA,0.056672,Inf,0.58017,NA,0.334756,0
"Dc01784","locus077",0.828308,0.572194,NA,NA,0.227702,NA,1,NA,1,0
"Dc01784","locus080",0.040754,0.571064,NA,1,0.658388,NA,0.69097,NA,1,1
"Dc01784","locus083",0.937392,0.571056,NA,NA,0.498838,NA,0.51502,NA,1,0
"Dc01784","locus088",0.237256,1,NA,NA,1,NA,0.692674,NA,0.119972,0
"Dc01784","locus093",1,Inf,Inf,NA,Inf,NA,1,NA,1,0
"Dc01784","locus096",0.53824,0.5708,0.249552,NA,0.56859,NA,0.938698,NA,0.192972,0
"Dc01784","locus098",0.7277,1,NA,NA,1,NA,0.261096,NA,0.711434,0
"Dc01784","locus100",0.173122,0.428396,NA,NA,1,NA,0.810618,NA,0.695862,0
"Dc01784","locus106",0.47775,Inf,1,NA,0.572708,NA,0.096492,NA,1,0
"Dc01784","locus110",0.146162,1,NA,NA,NA,NA,1,NA,0.427724,0
"Dc01784","locus116",0.456424,1,NA,1,1,NA,0.887734,NA,NA,0
"Dc01784","locus119",0.718594,1,NA,NA,0.571998,Inf,0.303338,NA,NA,0
"Dc01784","locus120",0.678768,1,NA,NA,1,NA,1,NA,NA,0
"Dc01784","locus126",0.49688,1,NA,NA,1,NA,0.32243,1,NA,0
"Dc01784","locus128",0.12362,0.107406,NA,NA,1,NA,0.685706,NA,NA,0
"Dc01784","locus129",0.69041,1,NA,NA,1,NA,0.066718,NA,NA,0
"Dc01784","locus130",0.463798,1,NA,NA,0.200912,NA,0.221248,NA,NA,0
"Dc01784","locus134",0.804118,0.464832,Inf,NA,0.1137,Inf,0.948812,NA,NA,0
"Dc01784","locus135",0.805012,0.03606,0.49991,NA,1,NA,0.52141,NA,NA,1
"Dc01784","locus137",0.538532,0.677984,1,NA,0.569936,NA,0.84084,NA,NA,0
"Dc01784","locus139",1,0.250586,Inf,NA,0.228418,NA,0.522164,NA,NA,0
"Dc01784","locus140",1,0.25041,Inf,NA,0.231716,NA,0.522248,1,NA,0
"Dc01784","locus146",0.10268,1,NA,NA,0.571238,NA,0.314992,NA,NA,0
"Dc01784","locus148",0.62124,0.468842,NA,1,1,NA,0.499166,NA,NA,0
"Dc01784","locus151",0.246616,1,NA,NA,0.656808,NA,0.127738,NA,NA,0
"Dc01784","locus157",0.26466,0.466174,NA,NA,1,NA,0.876168,NA,NA,0
"Dc01784","locus161",0.496014,0.464348,NA,NA,1,NA,0.314408,NA,NA,0
"Dc01784","locus165",0.42269,1,NA,NA,0.599986,NA,0.778368,1,NA,0
"Dc01784","locus170",0.06341,0.214098,NA,NA,0.225878,NA,0.523616,NA,NA,0
"Dc01784","locus176",0.033882,0.67874,NA,NA,0.661624,NA,0.260956,NA,NA,1
"Dc01784","locus184",0.35087,0.427534,NA,NA,1,NA,0.424794,NA,NA,0
"Dc01784","locus186",0.006608,0.570904,NA,NA,1,NA,0.492716,NA,NA,1
"Dc01784","locus188",0.03064,1,NA,1,1,NA,0.108728,NA,NA,1
"Dc01784","locus189",0.904738,1,Inf,1,0.656518,NA,0.043524,1,NA,1
"Dc01784","locus190",0.065806,1,Inf,NA,0.65665,NA,0.850866,NA,NA,0
"Dc01784","locus191",0.974518,0.356626,NA,NA,0.654772,NA,0.343968,NA,NA,0
"Dc01784","locus192",0.779162,1,NA,NA,0.28277,Inf,0.929512,NA,NA,0
"Dc01784","locus195",0.94002,1,NA,NA,1,NA,0.877142,NA,NA,0
"Dc01784","locus202",0.772246,0.107784,NA,NA,0.658714,Inf,0.212918,NA,NA,0
"Dc01784","locus210",0.824702,1,Inf,NA,1,NA,0.693752,NA,NA,0
"Dc01784","locus215",0.678312,0.107922,NA,NA,0.486622,NA,0.088322,NA,NA,0
"Dc01784","locus227",0.95299,0.10691,Inf,NA,Inf,NA,0.302068,NA,NA,0
"Dc01784","locus231",0.251628,1,NA,1,1,NA,1,NA,NA,0
"Dc01784","locus235",0.133968,1,NA,NA,1,NA,0.317768,NA,NA,0
"Dc01784","locus236",0.596036,1,NA,NA,1,NA,0.656576,NA,NA,0
"Dc01784","locus237",0.204216,1,NA,NA,0.659004,Inf,0.183958,NA,NA,0
"Dc01784","locus239",0.543976,0.641514,NA,NA,0.22682,NA,0.518344,NA,NA,0
"Dc01784","locus248",0.016396,1,NA,NA,1,Inf,0.653208,NA,NA,1
"Dc01784","locus255",0.60196,1,NA,NA,0.570476,NA,NA,NA,NA,0
"Dc01784","locus256",0.002254,1,NA,NA,0.832218,NA,0.607896,0.400386,NA,1
"Dc01784","locus263",0.64046,0.035102,NA,Inf,1,NA,0.677678,NA,NA,1
"Dc01784","locus264",0.906378,0.6784,NA,1,0.227762,NA,0.694756,NA,NA,0
"Dc01784","locus274",0.801284,0.214754,NA,NA,0.486356,NA,0.204632,NA,NA,0
"Dc01784","locus280",1,0.356792,NA,NA,1,NA,0.63151,NA,NA,0
"Dc01784","locus282",0.317858,1,NA,NA,0.656646,NA,0.907734,1,NA,0
"Dc01784","locus286",0.022438,1,NA,NA,1,NA,0.425486,NA,NA,1
"Dc01784","locus291",0.425906,1,NA,NA,0.570292,NA,0.220998,NA,NA,0
"Dc01784","locus292",0.702282,0.213966,NA,NA,0.484784,NA,0.149162,NA,NA,0
"Dc01784","locus296",0.77167,0.464332,1,0.201088,0.571114,NA,0.323818,NA,NA,0
"Dc01784","locus301",0.941964,0.283674,NA,NA,0.05591,NA,0.90883,NA,NA,0
"Dc01784","locus314",0.882128,0.42898,NA,NA,0.571384,NA,0.136814,NA,NA,0
"Dc01784","locus321",0.80423,1,NA,NA,0.829796,Inf,0.35599,NA,NA,0
"Dc01784","locus322",0.374818,0.464872,NA,NA,0.658792,NA,0.65886,0.656288,NA,0
"Dc01784","locus323",0.372768,0.464778,NA,NA,0.2299,NA,1,NA,NA,0
"Dc01784","locus329",0.40273,0.572686,NA,NA,1,NA,0.527952,NA,NA,0
"Dc01784","locus332",0.49887,1,1,NA,1,NA,0.80364,NA,NA,0
"Dc01784","locus349",0.941188,1,NA,NA,1,NA,0.088884,NA,NA,0
"Dc01784","locus358",0.560126,0.428668,NA,NA,1,NA,1,NA,NA,0
"Dc01784","locus359",0.319638,1,NA,NA,0.144262,NA,0.018728,NA,NA,1
"Dc01784","locus360",0.189342,0.287144,NA,NA,0.111212,NA,0.802086,NA,NA,0
"Dc02951","Dc03456",0.06187,0.143402,NA,NA,1,NA,0.454344,1,0.208648,0
"Dc02951","Dc03556",0.289548,1,NA,NA,1,NA,0.55132,1,0.511766,0
"Dc02951","Dc05864",0.41272,0.312632,NA,NA,1,NA,0.501902,NA,1,0
"Dc02951","Dc06503",0.5664,1,NA,NA,1,NA,0.298862,NA,NA,0
"Dc02951","Dc07300",0.927532,0.657738,NA,NA,0.716986,NA,0.376768,1,0.516302,0
"Dc02951","Dc07937",0.621646,1,NA,0.30239,1,NA,0.15335,1,1,0
"Dc02951","Dc08054",0.041648,0.433296,NA,NA,0.095682,NA,0.011458,1,0.662278,2
"Dc02951","Dc08189",0.121688,1,NA,NA,1,Inf,0.890662,1,1,0
"Dc02951","Dc08463",0.0063,1,NA,NA,1,NA,0.333872,1,1,1
"Dc02951","Dc08578",0.415356,1,NA,NA,0.715838,NA,0.174416,NA,NA,0
"Dc02951","Dc08865",0.936066,0.486048,NA,NA,1,NA,0.207542,NA,0.027098,1
"Dc02951","Dc10003",0.677,1,NA,NA,Inf,NA,0.62204,NA,NA,0
"Dc02951","Dc10390",1,1,NA,NA,0.523514,NA,0.921792,NA,1,0
"Dc02951","Dc10878",0.79147,0.656894,NA,NA,0.52242,NA,0.10275,NA,0.5729,0
"Dc02951","Dc10885",0.33287,0.257264,NA,NA,1,NA,0.68498,NA,1,0
"Dc02951","Dc11203",0.065904,1,NA,NA,1,NA,0.60489,NA,1,0
"Dc02951","Dc11714",0.20245,1,NA,NA,1,NA,0.154896,NA,0.789564,0
"Dc02951","Dc13159",0.81368,1,NA,NA,1,Inf,0.31035,NA,0.429776,0
"Dc02951","Dc13592",0.573184,1,NA,NA,0.711914,NA,0.222176,1,1,0
"Dc02951","Dc14022",0.866758,Inf,Inf,NA,1,NA,Inf,NA,Inf,0
"Dc02951","Dc14945",0.754818,1,NA,NA,Inf,NA,0.092372,NA,Inf,0
"Dc02951","Dc16747",0.01774,1,NA,NA,0.144084,NA,1,NA,0.575422,1
"Dc02951","Dc18951",0.266518,0.485632,NA,0.697648,1,NA,0.429332,NA,0.838256,0
"Dc02951","Dc20232",0.912744,0.427034,NA,NA,1,Inf,0.237254,NA,0.74755,0
"Dc02951","Dc22883",0.248354,0.257194,1,NA,1,NA,0.342642,NA,0.522472,0
"Dc02951","Dc22887",1,0.428032,NA,NA,0.52333,NA,0.770744,NA,0.280644,0
"Dc02951","Dc27955",0.177534,0.42865,NA,NA,1,NA,0.380108,NA,1,0
"Dc02951","Dc28124",0.757088,0.427724,NA,0.396094,1,NA,0.772142,NA,0.191116,0
"Dc02951","Dc28776",0.752934,1,NA,NA,0.621878,NA,0.307766,NA,0.69949,0
"Dc02951","Dc30071",0.394336,Inf,NA,NA,0.525306,NA,0.773172,NA,1,0
"Dc02951","Dc31007",0.70066,0.429558,NA,NA,Inf,NA,0.045452,NA,NA,1
"Dc02951","Dc33714",0.590044,1,NA,NA,1,0.33311,0.896166,0.14202,1,0
"Dc02951","Dc33907",0.400206,1,NA,NA,0.427466,NA,0.063756,0.16693,0.141616,0
"Dc02951","Dc34902",0.22383,0.427102,NA,NA,1,NA,0.753098,NA,0.578758,0
"Dc02951","Dc35779",0.91023,1,NA,NA,1,Inf,0.384254,NA,0.078526,0
"Dc02951","Dc36571",0.696936,0.314674,NA,NA,1,NA,0.663984,NA,0.726478,0
"Dc02951","Dc36616",1,1,NA,1,1,Inf,0.923712,NA,0.618386,0
"Dc02951","Dc36767",0.551254,1,NA,NA,0.71528,NA,0.15566,NA,NA,0
"Dc02951","Dc40235",0.628476,1,NA,NA,1,NA,0.65615,NA,1,0
"Dc02951","Dc41234",0.81514,0.485724,NA,1,0.810864,NA,0.061226,NA,0.430892,0
"Dc02951","Dc46984",0.76989,1,NA,NA,0.714178,NA,0.711386,NA,0.138548,0
"Dc02951","Dc47572",0.927752,1,NA,NA,0.618296,NA,0.003904,NA,1,1
"Dc02951","Dc47935",0.43235,0.484166,Inf,NA,1,NA,0.950174,1,1,0
"Dc02951","Dc48207",0.217732,Inf,Inf,NA,Inf,Inf,1,NA,1,0
"Dc02951","Dc48950",0.870846,1,NA,NA,1,NA,0.293398,NA,1,0
"Dc02951","Dc49080",0.424854,0.141714,0.335554,1,1,NA,0.118986,NA,0.626606,0
"Dc02951","Dc49184",0.381326,1,NA,0.400322,0.523934,NA,0.042986,NA,1,1
"Dc02951","Dc51020",0.707604,1,1,NA,0.143184,NA,0.06539,NA,0.73354,0
"Dc02951","Dc52523",0.751394,0.141286,NA,NA,0.288758,Inf,0.246952,NA,0.39213,0
"Dc02951","Dc55481",0.113028,1,NA,NA,0.523978,NA,0.792098,NA,0.081704,0
"Dc02951","Dc58248",0.08901,1,NA,NA,1,NA,0.313726,NA,0.886554,0
"Dc02951","Dc62188",0.683424,1,NA,NA,1,NA,0.67144,NA,0.221264,0
"Dc02951","Dc67011",0.87194,1,NA,0.400534,0.57106,NA,0.433438,NA,0.051966,0
"Dc02951","locus002",0.234626,0.42666,Inf,NA,1,NA,0.319628,NA,0.698444,0
"Dc02951","locus003",0.914362,0.143202,1,1,1,NA,0.316598,NA,0.521568,0
"Dc02951","locus004",0.160146,1,0.334044,NA,1,NA,0.843158,NA,0.766944,0
"Dc02951","locus005",0.023692,1,NA,NA,0.523352,NA,0.957,NA,1,1
"Dc02951","locus006",0.899368,1,NA,NA,1,NA,0.543158,NA,0.100694,0
"Dc02951","locus008",0.077628,1,NA,NA,1,1,0.013054,0.285496,1,1
"Dc02951","locus013",0.08487,1,NA,NA,0.61773,Inf,0.452276,NA,0.769926,0
"Dc02951","locus014",0.193634,0.4848,NA,NA,1,NA,0.822286,NA,0.005464,1
"Dc02951","locus022",0.281936,0.48514,NA,NA,0.715696,NA,0.075198,NA,0.206082,0
"Dc02951","locus024",0.641964,1,1,NA,1,1,0.3701,NA,0.017846,1
"Dc02951","locus025",0.96349,1,NA,NA,1,NA,0.522842,NA,0.150812,0
"Dc02951","locus027",0.909262,1,NA,1,0.61956,NA,0.03161,NA,0.617964,1
"Dc02951","locus030",0.467402,0.199052,NA,1,0.335,NA,0.331052,NA,0.838312,0
"Dc02951","locus035",0.668722,1,NA,NA,1,Inf,0.036684,1,0.806816,1
"Dc02951","locus038",0.378392,1,NA,NA,1,NA,0.832388,NA,0.283838,0
"Dc02951","locus039",0.330314,1,NA,NA,1,NA,0.634296,NA,0.463518,0
"Dc02951","locus040",0.260666,1,NA,NA,1,NA,0.339388,NA,Inf,0
"Dc02951","locus041",0.435344,1,NA,NA,0.523054,NA,0.901032,NA,0.77243,0
"Dc02951","locus045",0.75013,1,NA,0.100322,1,NA,0.324688,NA,0.609098,0
"Dc02951","locus047",0.046672,1,NA,NA,1,NA,0.484546,NA,0.734326,1
"Dc02951","locus048",0.67943,Inf,NA,NA,1,NA,1,1,0.509356,0
"Dc02951","locus053",0.810236,1,NA,NA,1,NA,0.984082,1,0.716752,0
"Dc02951","locus055",0.561194,1,NA,NA,1,NA,0.259226,NA,0.031998,1
"Dc02951","locus056",1,1,NA,NA,0.286732,NA,0.16474,NA,0.198938,0
"Dc02951","locus058",0.645228,1,NA,NA,1,NA,0.509084,NA,0.105642,0
"Dc02951","locus060",0.885892,1,NA,NA,1,NA,1,NA,0.270514,0
"Dc02951","locus061",0.705714,1,NA,NA,0.284674,NA,0.909988,NA,1,0
"Dc02951","locus062",0.260924,1,NA,NA,0.573914,NA,0.607626,NA,1,0
"Dc02951","locus064",0.569616,1,NA,1,0.523928,NA,0.209694,1,0.639068,0
"Dc02951","locus065",0.727178,1,NA,NA,1,NA,0.760912,NA,0.460746,0
"Dc02951","locus073",0.452316,1,1,NA,1,NA,0.944738,NA,0.492678,0
"Dc02951","locus074",0.408686,1,NA,NA,0.618594,NA,0.749532,NA,0.525804,0
"Dc02951","locus076",0.829764,0.142144,NA,NA,0.095058,NA,0.134266,NA,0.009338,1
"Dc02951","locus077",0.42798,0.427152,NA,NA,1,NA,0.577212,NA,0.366364,0
"Dc02951","locus080",0.611272,0.485992,NA,1,0.332786,NA,0.628866,NA,0.594688,0
"Dc02951","locus083",0.057728,0.428866,NA,NA,1,NA,0.654488,NA,0.59192,0
"Dc02951","locus088",0.527262,1,NA,NA,0.428042,NA,0.45873,NA,0.771998,0
"Dc02951","locus093",0.681108,Inf,Inf,NA,Inf,NA,1,NA,1,0
"Dc02951","locus096",0.647192,1,1,NA,1,NA,1,NA,0.449896,0
"Dc02951","locus098",0.9172,1,NA,NA,1,1,0.510148,NA,0.331754,0
"Dc02951","locus100",0.649302,0.48591,NA,NA,0.428422,NA,0.714464,NA,0.772114,0
"Dc02951","locus106",0.125504,Inf,1,NA,0.047658,NA,0.544376,NA,1,1
"Dc02951","locus110",0.665554,1,NA,NA,NA,NA,0.000606,NA,0.217094,1
"Dc02951","locus116",0.4224,0.143958,NA,1,0.332528,NA,0.95549,NA,NA,0
"Dc02951","locus119",0.083578,1,NA,NA,1,NA,0.027552,NA,NA,1
"Dc02951","locus120",0.349082,1,NA,NA,1,1,0.775446,NA,NA,0
"Dc02951","locus126",0.46806,0.48556,NA,NA,0.427914,NA,0.799216,Inf,NA,0
"Dc02951","locus128",0.335308,1,NA,NA,0.618136,NA,0.668168,NA,NA,0
"Dc02951","locus129",0.883156,1,NA,NA,1,NA,0.796756,NA,NA,0
"Dc02951","locus130",0.253616,1,NA,NA,1,NA,0.384124,NA,NA,0
"Dc02951","locus134",0.254788,1,Inf,NA,0.335184,Inf,0.021952,NA,NA,1
"Dc02951","locus135",0.867982,1,0.335556,NA,0.57173,NA,0.908866,NA,NA,0
"Dc02951","locus137",0.870008,1,1,NA,0.523438,NA,0.906984,NA,NA,0
"Dc02951","locus139",0.426456,1,Inf,NA,0.143846,NA,0.682852,NA,NA,0
"Dc02951","locus140",0.424174,1,Inf,NA,0.142562,NA,0.683688,1,NA,0
"Dc02951","locus146",0.448176,0.428262,NA,NA,0.048,NA,0.965314,NA,NA,1
"Dc02951","locus148",0.228884,1,NA,1,0.570222,NA,0.365072,NA,NA,0
"Dc02951","locus151",0.655092,1,NA,NA,0.142826,NA,0.677668,NA,NA,0
"Dc02951","locus157",0.491786,0.42787,NA,NA,1,NA,0.745552,NA,NA,0
"Dc02951","locus161",0.410098,1,NA,NA,1,NA,0.132098,NA,NA,0
"Dc02951","locus165",0.0274,0.142838,NA,NA,1,NA,0.569314,0.334062,NA,1
"Dc02951","locus170",0.736254,1,NA,NA,0.14398,NA,0.454416,NA,NA,0
"Dc02951","locus176",0.060504,0.486964,NA,NA,0.33499,0.332848,0.72145,NA,NA,0
"Dc02951","locus184",0.052212,1,NA,NA,0.523992,NA,0.080896,NA,NA,0
"Dc02951","locus186",0.470374,1,NA,NA,1,NA,0.922046,NA,NA,0
"Dc02951","locus188",0.796072,1,NA,1,1,NA,0.774718,NA,NA,0
"Dc02951","locus189",0.964208,1,Inf,1,0.336078,NA,0.233566,1,NA,0
"Dc02951","locus190",0.597974,1,Inf,NA,1,NA,0.900906,NA,NA,0
"Dc02951","locus191",0.089162,0.487368,NA,NA,1,NA,0.77315,NA,NA,0
"Dc02951","locus192",0.292818,1,NA,NA,0.519684,NA,0.625894,NA,NA,0
"Dc02951","locus195",0.271326,1,NA,NA,1,NA,0.501936,NA,NA,0
"Dc02951","locus202",0.01108,0.426986,NA,NA,0.61755,NA,0.46687,NA,NA,1
"Dc02951","locus210",0.629434,0.654706,Inf,NA,1,NA,0.076074,NA,NA,0
"Dc02951","locus215",0.408658,1,NA,NA,0.571544,NA,0.167352,NA,NA,0
"Dc02951","locus227",0.557638,1,Inf,NA,Inf,NA,0.66007,NA,NA,0
"Dc02951","locus231",0.959542,1,NA,1,0.429156,NA,0.47363,NA,NA,0
"Dc02951","locus235",0.162558,0.425848,NA,NA,1,NA,0.02037,NA,NA,1
"Dc02951","locus236",0.056714,1,NA,NA,1,NA,0.54192,NA,NA,0
"Dc02951","locus237",0.429076,0.428908,NA,NA,1,NA,0.61998,NA,NA,0
"Dc02951","locus239",1,1,NA,NA,1,NA,0.03681,NA,NA,1
"Dc02951","locus248",0.964312,0.427336,NA,NA,1,NA,0.399622,NA,NA,0
"Dc02951","locus255",0.683484,1,NA,NA,1,NA,NA,NA,NA,0
"Dc02951","locus256",0.022714,1,NA,NA,0.094698,NA,0.030886,Inf,NA,2
"Dc02951","locus263",1,1,NA,Inf,1,NA,0.662566,NA,NA,0
"Dc02951","locus264",0.014026,1,NA,1,1,NA,0.724858,NA,NA,1
"Dc02951","locus274",0.518506,1,NA,NA,0.23732,NA,0.53997,NA,NA,0
"Dc02951","locus280",0.861486,1,NA,NA,1,NA,0.946052,NA,NA,0
"Dc02951","locus282",0.928886,1,NA,NA,1,NA,0.24272,0.429666,NA,0
"Dc02951","locus286",0.668058,1,NA,NA,1,NA,0.092032,NA,NA,0
"Dc02951","locus291",0.176332,1,NA,NA,1,NA,1,NA,NA,0
"Dc02951","locus292",0.767638,1,NA,NA,1,NA,0.69628,NA,NA,0
"Dc02951","locus296",0.662202,1,0.334002,0.401454,0.524204,NA,0.799154,NA,NA,0
"Dc02951","locus301",0.53429,0.143146,NA,NA,0.427984,NA,0.402468,NA,NA,0
"Dc02951","locus314",0.762954,1,NA,NA,1,NA,1,NA,NA,0
"Dc02951","locus321",0.116388,0.19938,NA,NA,1,NA,0.315876,NA,NA,0
"Dc02951","locus322",0.749414,1,NA,NA,1,0.33445,0.031496,0.56998,NA,1
"Dc02951","locus323",0.705268,1,NA,NA,1,NA,0.86346,NA,NA,0
"Dc02951","locus329",0.843082,0.428062,NA,NA,0.57099,NA,0.467188,NA,NA,0
"Dc02951","locus332",0.983656,1,1,NA,1,NA,0.72613,NA,NA,0
"Dc02951","locus349",0.478234,1,NA,NA,1,NA,0.313476,NA,NA,0
"Dc02951","locus358",0.8571,0.486198,NA,NA,0.145112,NA,0.361706,NA,NA,0
"Dc02951","locus359",0.165008,1,NA,NA,0.284376,NA,0.150656,NA,NA,0
"Dc02951","locus360",0.546862,0.429076,NA,NA,0.617876,NA,0.004478,NA,NA,1
"Dc03456","Dc03556",1,1,NA,NA,1,NA,0.366858,0.657214,1,0
"Dc03456","Dc05864",0.18915,1,Inf,NA,1,NA,0.125244,NA,0.08713,0
"Dc03456","Dc06503",0.794192,1,NA,NA,1,NA,0.243918,NA,NA,0
"Dc03456","Dc07300",0.76438,0.714982,NA,NA,0.82622,NA,0.09263,1,0.874732,0
"Dc03456","Dc07937",0.464176,1,NA,0.400942,0.486688,NA,0.451144,0.580352,0.09446,0
"Dc03456","Dc08054",0.592666,0.857286,NA,NA,1,NA,0.764062,1,0.75218,0
"Dc03456","Dc08189",0.117268,1,NA,NA,1,NA,0.961024,0.196408,1,0
"Dc03456","Dc08463",0.03976,1,NA,NA,1,NA,0.487662,1,1,1
"Dc03456","Dc08578",0.926082,1,NA,NA,0.829244,NA,0.899772,NA,NA,0
"Dc03456","Dc08865",0.516084,0.537568,NA,NA,0.228718,NA,0.172838,NA,0.160484,0
"Dc03456","Dc10003",0.802536,1,NA,NA,Inf,NA,0.330582,NA,NA,0
"Dc03456","Dc10390",0.064978,0.375124,NA,NA,0.57137,NA,0.217746,NA,0.314164,0
"Dc03456","Dc10878",0.895488,0.42995,NA,NA,0.572588,NA,0.765296,NA,1,0
"Dc03456","Dc10885",0.818478,0.857242,NA,NA,1,NA,0.551952,NA,0.621228,0
"Dc03456","Dc11203",0.032338,1,NA,NA,0.572792,NA,0.784214,NA,0.394554,1
"Dc03456","Dc11714",0.731688,1,NA,NA,1,NA,0.086886,NA,1,0
"Dc03456","Dc13159",0.91571,0.85859,NA,NA,0.82939,NA,0.224326,NA,0.428258,0
"Dc03456","Dc13592",0.27204,0.374628,NA,NA,0.227724,NA,0.416328,1,0.543874,0
"Dc03456","Dc14022",0.23385,Inf,Inf,NA,1,NA,Inf,NA,Inf,0
"Dc03456","Dc14945",0.211338,1,NA,NA,Inf,NA,0.05136,NA,Inf,0
"Dc03456","Dc16747",0.775304,0.643602,NA,NA,1,NA,0.234642,NA,0.002938,1
"Dc03456","Dc18951",0.057518,1,NA,1,1,NA,0.038374,NA,0.504062,1
"Dc03456","Dc20232",0.640288,0.582942,NA,NA,0.14209,Inf,0.15601,NA,1,0
"Dc03456","Dc22883",0.087454,0.859946,1,NA,0.741986,NA,0.685306,NA,0.381784,0
"Dc03456","Dc22887",0.042296,0.643718,NA,NA,0.570122,NA,0.314472,NA,0.266158,1
"Dc03456","Dc27955",0.233066,0.640246,NA,NA,0.098082,NA,0.903136,NA,0.167076,0
"Dc03456","Dc28124",0.594346,0.643424,NA,1,1,NA,0.617154,NA,1,0
"Dc03456","Dc28776",0.984764,0.641418,NA,NA,1,NA,0.92892,NA,1,0
"Dc03456","Dc30071",0.167694,Inf,NA,NA,0.568472,NA,0.38658,NA,0.38792,0
"Dc03456","Dc31007",0.215288,0.427,NA,NA,Inf,NA,0.503674,NA,NA,0
"Dc03456","Dc33714",0.480438,0.823826,NA,NA,1,1,0.428982,1,1,0
"Dc03456","Dc33907",0.137216,0.465574,NA,NA,1,NA,0.202084,1,0.467372,0
"Dc03456","Dc34902",0.593862,1,NA,NA,1,NA,0.940842,NA,1,0
"Dc03456","Dc35779",0.399678,0.125358,NA,NA,1,Inf,0.628122,NA,0.682254,0
"Dc03456","Dc36571",0.460332,0.431128,NA,NA,0.57069,NA,0.98784,NA,0.45176,0
"Dc03456","Dc36616",0.971898,0.466918,NA,0.400222,1,Inf,0.611214,NA,0.523416,0
"Dc03456","Dc36767",0.404654,0.105068,NA,NA,0.029116,NA,0.145102,NA,NA,1
"Dc03456","Dc40235",0.046542,0.643884,NA,NA,1,NA,0.081762,NA,1,1
"Dc03456","Dc41234",0.874536,0.925812,NA,1,0.487846,NA,0.458084,NA,1,0
"Dc03456","Dc46984",0.358524,1,NA,NA,0.227474,NA,0.648486,NA,0.858894,0
"Dc03456","Dc47572",0.762204,0.430736,NA,NA,1,NA,0.420714,NA,1,0
"Dc03456","Dc47935",0.65815,0.928582,NA,NA,0.230146,NA,0.29099,0.77189,0.1271,0
"Dc03456","Dc48207",1,Inf,Inf,NA,Inf,Inf,1,NA,1,0
"Dc03456","Dc48950",0.686252,1,NA,NA,0.058806,NA,0.207484,NA,0.78859,0
"Dc03456","Dc49080",0.782756,0.78865,0.334838,0.401614,0.82792,NA,0.362812,NA,0.153486,0
"Dc03456","Dc49184",0.75265,0.642934,NA,1,0.572888,NA,0.259932,NA,1,0
"Dc03456","Dc51020",0.975202,0.642762,1,NA,1,NA,0.580456,NA,0.20822,0
"Dc03456","Dc52523",0.712948,0.182704,NA,NA,1,NA,0.734754,NA,1,0
"Dc03456","Dc55481",0.0251,0.343738,NA,NA,0.570344,NA,0.44685,NA,0.333146,1
"Dc03456","Dc58248",0.455078,1,NA,NA,0.740446,NA,0.298256,NA,1,0
"Dc03456","Dc62188",0.69178,0.4238,NA,NA,0.48358,Inf,0.268526,NA,0.424004,0
"Dc03456","Dc67011",0.247232,1,NA,1,0.484182,NA,0.191904,NA,0.559634,0
"Dc03456","locus002",0.463576,0.61775,Inf,NA,1,NA,0.156516,NA,0.566128,0
"Dc03456","locus003",0.792944,0.64068,1,0.600028,0.485562,NA,0.952378,NA,1,0
"Dc03456","locus004",0.181166,0.638876,0.334464,NA,0.141868,NA,0.04551,NA,1,1
"Dc03456","locus005",0.59642,0.641244,NA,NA,0.571814,NA,0.784942,NA,0.050438,0
"Dc03456","locus006",0.274912,1,NA,NA,1,NA,0.432542,NA,0.394152,0
"Dc03456","locus008",0.048984,1,NA,NA,0.05759,1,0.429312,0.616492,1,1
"Dc03456","locus013",0.325136,1,NA,NA,0.653862,NA,0.435816,NA,1,0
"Dc03456","locus014",0.896694,0.644044,NA,NA,0.285158,NA,0.915774,NA,1,0
"Dc03456","locus022",0.070976,1,NA,NA,1,NA,0.024038,NA,1,1
"Dc03456","locus024",0.715518,1,1,NA,1,0.33486,0.662502,NA,0.094762,0
"Dc03456","locus025",0.487136,1,NA,NA,0.28353,NA,0.335118,NA,0.494534,0
"Dc03456","locus027",0.089738,0.42958,NA,0.334486,0.657006,NA,0.829408,NA,1,0
"Dc03456","locus030",0.553488,0.214578,NA,1,0.2291,NA,0.474344,NA,0.388668,0
"Dc03456","locus035",0.509006,0.641494,NA,NA,0.572132,Inf,0.704134,0.657856,1,0
"Dc03456","locus038",0.845256,0.535074,NA,NA,0.483254,NA,0.895026,NA,1,0
"Dc03456","locus039",0.298412,0.535488,NA,NA,1,NA,0.666908,NA,1,0
"Dc03456","locus040",1,1,NA,NA,0.570588,NA,0.507014,NA,Inf,0
"Dc03456","locus041",0.67699,0.53959,NA,NA,0.570376,NA,0.133132,NA,0.468218,0
"Dc03456","locus045",0.621546,1,NA,1,0.568698,NA,0.865728,NA,1,0
"Dc03456","locus047",0.055554,0.71571,NA,NA,0.488784,NA,0.637304,NA,0.04541,1
"Dc03456","locus048",0.08926,Inf,NA,NA,1,NA,0.59771,1,1,0
"Dc03456","locus053",0.793892,1,NA,NA,0.486912,NA,0.980244,0.430338,1,0
"Dc03456","locus055",0.922912,1,NA,NA,1,NA,0.78371,NA,1,0
"Dc03456","locus056",0.44647,1,NA,NA,1,NA,0.172154,NA,0.265984,0
"Dc03456","locus058",0.209984,0.641414,NA,NA,0.829508,NA,0.704798,NA,0.239024,0
"Dc03456","locus060",0.506878,1,NA,NA,0.662,NA,0.742644,NA,1,0
"Dc03456","locus061",0.511354,1,NA,NA,1,NA,0.419854,NA,1,0
"Dc03456","locus062",0.774116,1,NA,NA,1,NA,0.55661,NA,0.494382,0
"Dc03456","locus064",0.961692,1,NA,1,0.571154,NA,0.022768,1,1,1
"Dc03456","locus065",0.843682,0.641962,NA,NA,1,NA,0.445506,NA,0.461554,0
"Dc03456","locus073",0.037948,1,1,NA,0.486002,NA,0.11298,NA,0.076446,1
"Dc03456","locus074",0.454704,1,NA,NA,0.657906,NA,0.451754,NA,1,0
"Dc03456","locus076",0.136984,0.462438,NA,NA,0.831206,NA,0.091784,NA,0.71466,0
"Dc03456","locus077",0.52764,1,NA,NA,1,NA,0.8599,NA,0.558896,0
"Dc03456","locus080",0.210918,0.534158,NA,0.334154,0.657982,NA,0.25885,NA,0.214982,0
"Dc03456","locus083",0.422644,1,NA,NA,1,NA,0.5946,NA,0.593192,0
"Dc03456","locus088",0.42046,1,NA,NA,1,NA,0.616074,NA,1,0
"Dc03456","locus093",0.085324,Inf,Inf,NA,Inf,NA,1,NA,0.42794,0
"Dc03456","locus096",0.81995,1,1,NA,1,NA,0.7124,NA,1,0
"Dc03456","locus098",0.632456,1,NA,NA,1,1,0.181988,NA,0.712726,0
"Dc03456","locus100",0.101372,0.425784,NA,NA,0.227352,NA,0.37043,NA,1,0
"Dc03456","locus106",0.791002,Inf,1,NA,1,NA,0.191136,NA,0.469488,0
"Dc03456","locus110",0.91348,1,NA,NA,NA,NA,0.534662,NA,1,0
"Dc03456","locus116",0.642748,0.036462,NA,0.3328,1,NA,1,NA,NA,1
"Dc03456","locus119",0.791946,0.532616,NA,NA,0.572668,NA,0.16098,NA,NA,0
"Dc03456","locus120",0.18546,0.372732,NA,NA,0.14068,0.33395,0.76531,NA,NA,0
"Dc03456","locus126",0.702708,0.257466,NA,NA,1,NA,1,1,NA,0
"Dc03456","locus128",0.78712,0.462824,NA,NA,0.657122,NA,0.430908,NA,NA,0
"Dc03456","locus129",0.956694,1,NA,NA,0.284978,NA,0.734296,NA,NA,0
"Dc03456","locus130",0.256162,1,NA,NA,1,NA,0.428658,NA,NA,0
"Dc03456","locus134",0.958972,1,Inf,NA,0.11461,Inf,0.814124,NA,NA,0
"Dc03456","locus135",0.284288,0.784694,0.334012,NA,1,NA,0.584944,NA,NA,0
"Dc03456","locus137",0.088702,0.463538,1,NA,0.572828,NA,0.675546,NA,NA,0
"Dc03456","locus139",0.147764,0.12497,Inf,NA,1,NA,0.214058,NA,NA,0
"Dc03456","locus140",0.14731,0.126574,Inf,NA,1,NA,0.21613,0.43044,NA,0
"Dc03456","locus146",0.80592,0.105414,NA,NA,1,NA,0.48855,NA,NA,0
"Dc03456","locus148",0.102228,1,NA,1,0.4832,NA,0.654522,NA,NA,0
"Dc03456","locus151",0.522028,1,NA,NA,0.654452,Inf,0.464826,NA,NA,0
"Dc03456","locus157",0.010346,1,NA,NA,1,NA,0.500004,NA,NA,1
"Dc03456","locus161",0.716696,0.10686,NA,NA,1,NA,0.673998,NA,NA,0
"Dc03456","locus165",0.48313,0.034724,NA,NA,0.599924,NA,0.487934,1,NA,1
"Dc03456","locus170",0.144524,0.536334,NA,NA,1,NA,0.187498,NA,NA,0
"Dc03456","locus176",0.892002,0.323384,NA,NA,0.654958,1,0.36834,NA,NA,0
"Dc03456","locus184",0.412586,1,NA,NA,1,NA,0.960194,NA,NA,0
"Dc03456","locus186",0.61197,0.642206,NA,NA,1,NA,1,NA,NA,0
"Dc03456","locus188",0.25876,0.572778,NA,0.332896,0.252882,NA,0.549488,NA,NA,0
"Dc03456","locus189",0.544026,0.467098,Inf,1,0.229688,NA,0.645266,0.115524,NA,0
"Dc03456","locus190",0.35143,0.430086,Inf,NA,0.227416,NA,0.612446,NA,NA,0
"Dc03456","locus191",0.607954,0.53323,NA,NA,0.115532,NA,0.810974,NA,NA,0
"Dc03456","locus192",0.485102,0.347088,NA,NA,1,NA,0.189476,NA,NA,0
"Dc03456","locus195",0.857748,1,NA,NA,0.826188,NA,0.87,NA,NA,0
"Dc03456","locus202",0.921284,0.103292,NA,NA,0.659446,NA,0.055176,NA,NA,0
"Dc03456","locus210",0.345506,0.714266,Inf,NA,0.484418,NA,0.066034,NA,NA,0
"Dc03456","locus215",0.801938,0.463332,NA,NA,0.483332,NA,0.272088,NA,NA,0
"Dc03456","locus227",0.395782,0.643694,Inf,NA,Inf,NA,0.796284,NA,NA,0
"Dc03456","locus231",0.863482,1,NA,1,1,NA,0.441914,NA,NA,0
"Dc03456","locus235",0.414604,0.584822,NA,NA,1,NA,0.162318,NA,NA,0
"Dc03456","locus236",0.861434,0.6444,NA,NA,1,NA,0.95958,NA,NA,0
"Dc03456","locus237",0.184108,0.64581,NA,NA,0.656844,NA,0.802588,NA,NA,0
"Dc03456","locus239",0.682606,0.582472,NA,NA,1,NA,0.572156,NA,NA,0
"Dc03456","locus248",0.784784,0.641626,NA,NA,1,NA,0.921,NA,NA,0
"Dc03456","locus255",0.735118,0.785398,NA,NA,0.57056,NA,NA,NA,NA,0
"Dc03456","locus256",0.126242,1,NA,NA,0.829284,NA,0.662034,0.201656,NA,0
"Dc03456","locus263",0.168688,0.284642,NA,Inf,1,NA,0.680316,NA,NA,0
"Dc03456","locus264",0.621416,1,NA,0.400518,1,NA,0.144132,NA,NA,0
"Dc03456","locus274",0.649988,0.643042,NA,NA,0.827694,NA,0.154288,NA,NA,0
"Dc03456","locus280",0.381088,0.53513,NA,NA,0.484202,NA,0.392668,NA,NA,0
"Dc03456","locus282",0.987464,0.5327,NA,NA,0.657112,NA,0.457716,0.772064,NA,0
"Dc03456","locus286",0.661474,1,NA,NA,1,NA,0.267702,NA,NA,0
"Dc03456","locus291",0.647988,0.466986,NA,NA,0.57314,NA,0.653332,NA,NA,0
"Dc03456","locus292",0.70179,0.53861,NA,NA,0.481656,NA,0.158276,NA,NA,0
"Dc03456","locus296",0.77353,0.642328,0.333572,1,0.569598,NA,1,NA,NA,0
"Dc03456","locus301",0.975134,0.763024,NA,NA,0.484404,NA,0.969482,NA,NA,0
"Dc03456","locus314",0.944578,1,NA,NA,0.571054,NA,0.268692,NA,NA,0
"Dc03456","locus321",0.115788,1,NA,NA,0.058986,NA,0.802474,NA,NA,0
"Dc03456","locus322",0.982054,1,NA,NA,0.65922,1,0.624384,1,NA,0
"Dc03456","locus323",0.167244,1,NA,NA,0.055872,NA,0.576268,NA,NA,0
"Dc03456","locus329",0.84589,1,NA,NA,0.483252,Inf,0.714032,NA,NA,0
"Dc03456","locus332",0.60717,0.53626,1,NA,1,NA,0.89608,NA,NA,0
"Dc03456","locus349",0.359536,1,NA,NA,1,NA,0.533204,NA,NA,0
"Dc03456","locus358",0.948134,0.42751,NA,NA,1,NA,0.977372,NA,NA,0
"Dc03456","locus359",0.621174,0.58294,NA,NA,1,NA,0.394658,NA,NA,0
"Dc03456","locus360",0.224068,1,NA,NA,0.65311,NA,0.248458,NA,NA,0
"Dc03556","Dc05864",0.313756,0.783906,NA,NA,0.658576,NA,0.210228,NA,1,0
"Dc03556","Dc06503",1,1,NA,NA,1,NA,1,NA,NA,0
"Dc03556","Dc07300",0.195652,0.714662,NA,NA,0.226896,NA,0.684866,0.486552,0.25861,0
"Dc03556","Dc07937",0.51326,0.68048,NA,1,1,NA,0.09184,0.654572,0.665682,0
"Dc03556","Dc08054",0.00445,0.858742,NA,NA,0.491118,NA,0.787112,1,0.903432,1
"Dc03556","Dc08189",0.638236,0.287878,NA,NA,0.22857,NA,0.96024,0.40131,0.746526,0
"Dc03556","Dc08463",0.809378,1,NA,NA,1,NA,0.068084,0.427188,0.319316,0
"Dc03556","Dc08578",0.580694,0.430062,NA,NA,0.829896,NA,0.20919,NA,NA,0
"Dc03556","Dc08865",0.063834,0.25084,NA,NA,0.823028,NA,0.52734,NA,1,0
"Dc03556","Dc10003",0.855226,0.641582,NA,NA,Inf,NA,0.783226,NA,NA,0
"Dc03556","Dc10390",0.111686,0.375056,NA,NA,1,NA,0.650324,NA,0.685982,0
"Dc03556","Dc10878",0.724532,0.658312,NA,NA,1,NA,0.765556,NA,1,0
"Dc03556","Dc10885",0.3819,1,NA,NA,0.74281,NA,0.97128,NA,0.118412,0
"Dc03556","Dc11203",0.942976,1,NA,NA,0.572044,NA,0.744138,NA,0.440294,0
"Dc03556","Dc11714",0.738526,0.465568,NA,NA,0.655136,NA,1,NA,1,0
"Dc03556","Dc13159",0.034308,0.7846,NA,NA,0.824998,NA,0.253862,NA,1,1
"Dc03556","Dc13592",0.194168,0.376598,NA,NA,1,NA,0.250542,0.601858,1,0
"Dc03556","Dc14022",0.721082,Inf,Inf,NA,1,NA,Inf,NA,Inf,0
"Dc03556","Dc14945",0.044562,1,NA,NA,Inf,NA,0.041794,NA,Inf,2
"Dc03556","Dc16747",0.31137,1,NA,NA,1,NA,0.676036,NA,1,0
"Dc03556","Dc18951",0.251154,1,NA,1,1,NA,0.575372,NA,0.21426,0
"Dc03556","Dc20232",0.103028,1,NA,NA,1,Inf,0.821452,NA,0.12776,0
"Dc03556","Dc22883",0.881366,0.786306,0.333818,NA,0.740798,NA,0.385192,NA,0.71515,0
"Dc03556","Dc22887",0.396294,1,NA,NA,1,NA,0.65632,NA,1,0
"Dc03556","Dc27955",0.551586,0.10619,NA,NA,1,Inf,0.91358,NA,0.500482,0
"Dc03556","Dc28124",0.041148,0.107604,NA,1,1,NA,0.659234,NA,1,1
"Dc03556","Dc28776",0.31053,1,NA,NA,0.656944,NA,0.870576,NA,0.430334,0
"Dc03556","Dc30071",0.921546,Inf,NA,NA,0.28482,NA,0.18055,NA,1,0
"Dc03556","Dc31007",0.718426,1,NA,NA,Inf,NA,0.037186,NA,NA,1
"Dc03556","Dc33714",0.73698,0.283648,NA,NA,0.484172,1,0.176294,1,0.34659,0
"Dc03556","Dc33907",0.3447,0.196052,NA,NA,1,NA,0.886942,0.066532,1,0
"Dc03556","Dc34902",0.598976,0.463808,NA,NA,1,NA,0.13051,NA,0.590626,0
"Dc03556","Dc35779",1,1,NA,NA,1,Inf,0.491956,NA,0.67453,0
"Dc03556","Dc36571",0.801222,0.656744,NA,NA,0.569444,NA,0.744412,NA,0.181764,0
"Dc03556","Dc36616",0.05403,0.197356,NA,0.40099,0.14368,Inf,0.770338,NA,1,0
"Dc03556","Dc36767",0.071596,1,NA,NA,1,NA,0.589244,NA,NA,0
"Dc03556","Dc40235",0.832496,0.465224,NA,NA,0.140394,NA,0.586438,NA,0.125826,0
"Dc03556","Dc41234",0.663524,0.570096,Inf,1,0.488818,NA,0.829502,NA,1,0
"Dc03556","Dc46984",0.97376,0.68012,NA,NA,0.23388,NA,0.366394,NA,0.192332,0
"Dc03556","Dc47572",0.797512,1,NA,NA,0.65608,NA,0.06249,NA,1,0
"Dc03556","Dc47935",0.265978,1,NA,NA,0.827666,Inf,0.701302,1,0.109776,0
"Dc03556","Dc48207",1,Inf,Inf,NA,Inf,Inf,0.388138,NA,1,0
"Dc03556","Dc48950",0.314278,0.286836,NA,NA,1,NA,0.288512,NA,1,0
"Dc03556","Dc49080",0.76859,1,1,1,0.484478,NA,0.531564,NA,0.529254,0
"Dc03556","Dc49184",0.333146,1,NA,1,1,NA,0.06035,NA,0.108926,0
"Dc03556","Dc51020",0.662922,1,1,NA,1,NA,0.398784,NA,0.363948,0
"Dc03556","Dc52523",0.076348,1,NA,NA,0.829696,NA,0.553748,NA,1,0
"Dc03556","Dc55481",0.431988,1,NA,NA,1,NA,0.836726,NA,0.089108,0
"Dc03556","Dc58248",0.994394,0.355356,NA,NA,0.7426,NA,0.67339,NA,0.790486,0
"Dc03556","Dc62188",0.889028,0.569256,NA,NA,0.487174,NA,0.553016,NA,1,0
"Dc03556","Dc67011",0.176692,1,NA,0.400612,1,NA,0.92995,NA,0.527654,0
"Dc03556","locus002",0.8902,1,Inf,NA,1,NA,0.192656,NA,0.45484,0
"Dc03556","locus003",0.960742,1,1,1,0.487342,NA,0.878274,NA,0.789456,0
"Dc03556","locus004",0.414282,1,1,NA,1,NA,0.637874,NA,0.306426,0
"Dc03556","locus005",0.495684,0.194824,NA,NA,1,NA,0.013484,NA,1,1
"Dc03556","locus006",0.23159,1,NA,NA,0.571136,NA,0.019912,NA,1,1
"Dc03556","locus008",0.282542,0.464864,NA,NA,0.825668,0.332296,0.813336,0.430426,1,0
"Dc03556","locus013",0.598408,1,NA,NA,0.6563,NA,0.748434,NA,0.790196,0
"Dc03556","locus014",0.135912,0.678638,NA,NA,1,NA,0.778804,NA,0.53809,0
"Dc03556","locus022",0.67072,1,NA,NA,1,NA,0.919944,NA,0.439712,0
"Dc03556","locus024",0.490434,1,1,NA,0.228758,1,0.13862,NA,0.706714,0
"Dc03556","locus025",0.407702,1,NA,NA,1,NA,0.258154,NA,0.379324,0
"Dc03556","locus027",0.450032,1,NA,0.334038,1,NA,0.029488,NA,Inf,1
"Dc03556","locus030",0.990614,0.71638,NA,1,0.227756,NA,0.207624,NA,0.211456,0
"Dc03556","locus035",0.507512,0.463392,NA,NA,1,Inf,0.00313,0.48648,1,1
"Dc03556","locus038",0.251524,0.676462,NA,NA,0.487424,NA,0.867378,NA,0.618868,0
"Dc03556","locus039",0.18481,1,NA,NA,0.569308,NA,0.214682,NA,0.615584,0
"Dc03556","locus040",0.57618,1,NA,NA,0.573052,NA,0.525748,NA,Inf,0
"Dc03556","locus041",0.007806,0.07179,NA,NA,0.565868,NA,0.704746,NA,1,1
"Dc03556","locus045",0.172872,1,NA,1,1,NA,0.322102,NA,0.685804,0
"Dc03556","locus047",0.832146,0.71674,NA,NA,1,NA,0.133988,NA,0.51167,0
"Dc03556","locus048",0.080856,Inf,NA,NA,1,NA,0.005672,1,0.529228,1
"Dc03556","locus053",0.884248,1,NA,NA,0.483664,NA,0.66595,1,0.539488,0
"Dc03556","locus055",0.885238,0.641236,NA,NA,0.226886,NA,0.261916,NA,1,0
"Dc03556","locus056",0.717564,0.464724,NA,NA,1,NA,0.2077,NA,0.637852,0
"Dc03556","locus058",0.739046,1,NA,NA,0.829278,NA,0.87458,NA,0.190208,0
"Dc03556","locus060",0.192734,1,NA,NA,0.659728,NA,0.010392,NA,1,1
"Dc03556","locus061",0.817508,0.107088,NA,NA,1,NA,0.778204,NA,1,0
"Dc03556","locus062",0.18973,1,NA,NA,0.488524,NA,0.391548,NA,1,0
"Dc03556","locus064",0.460804,0.107752,NA,1,1,NA,0.101576,1,1,0
"Dc03556","locus065",0.298718,1,NA,NA,1,NA,0.865656,NA,1,0
"Dc03556","locus073",0.661754,1,0.333338,NA,0.100472,NA,0.93579,NA,0.78864,0
"Dc03556","locus074",0.906012,0.035614,NA,NA,0.228656,NA,0.242916,NA,0.386986,1
"Dc03556","locus076",0.13522,0.464918,NA,NA,1,NA,0.336396,NA,0.645186,0
"Dc03556","locus077",0.819362,1,NA,NA,1,NA,0.092768,NA,0.528048,0
"Dc03556","locus080",0.179122,0.67791,NA,0.333326,1,NA,0.295986,NA,1,0
"Dc03556","locus083",0.742114,0.463896,NA,NA,0.166912,NA,0.428814,NA,1,0
"Dc03556","locus088",0.475176,1,NA,NA,1,NA,0.780632,NA,0.14172,0
"Dc03556","locus093",1,Inf,Inf,NA,Inf,NA,0.08211,NA,1,0
"Dc03556","locus096",0.630544,1,1,NA,1,NA,1,NA,1,0
"Dc03556","locus098",0.734214,0.197474,NA,NA,1,0.333084,0.53303,NA,1,0
"Dc03556","locus100",0.485734,1,NA,NA,1,NA,0.00355,NA,0.144896,1
"Dc03556","locus106",0.033728,Inf,1,NA,1,NA,0.570132,NA,1,1
"Dc03556","locus110",0.24107,0.3998,NA,NA,NA,NA,0.359094,NA,1,0
"Dc03556","locus116",0.475736,0.675028,NA,1,0.229922,NA,0.17701,NA,NA,0
"Dc03556","locus119",0.203908,0.67781,NA,NA,0.572218,NA,0.441726,NA,NA,0
"Dc03556","locus120",0.683392,0.374564,NA,NA,1,1,1,NA,NA,0
"Dc03556","locus126",0.067228,1,NA,NA,1,NA,0.092426,0.600256,NA,0
"Dc03556","locus128",0.484438,0.196124,NA,NA,0.115026,NA,0.676008,NA,NA,0
"Dc03556","locus129",0.98659,0.67871,NA,NA,0.286376,NA,0.19848,NA,NA,0
"Dc03556","locus130",0.89079,0.465102,NA,NA,0.400062,NA,0.67552,NA,NA,0
"Dc03556","locus134",0.957504,0.196564,Inf,NA,0.659588,Inf,0.491494,NA,NA,0
"Dc03556","locus135",0.515334,0.035086,1,NA,0.485868,NA,0.992654,NA,NA,1
"Dc03556","locus137",0.466318,0.677334,1,NA,1,NA,0.548774,NA,NA,0
"Dc03556","locus139",0.759754,1,Inf,NA,1,NA,0.242972,NA,NA,0
"Dc03556","locus140",0.76032,1,Inf,NA,1,NA,0.24491,1,NA,0
"Dc03556","locus146",0.566514,1,NA,NA,1,NA,0.656796,NA,NA,0
"Dc03556","locus148",0.955444,1,NA,0.10114,1,NA,0.970704,NA,NA,0
"Dc03556","locus151",0.750918,1,NA,NA,1,Inf,0.000142,NA,NA,1
"Dc03556","locus157",0.616826,0.643702,NA,NA,1,NA,0.711498,NA,NA,0
"Dc03556","locus161",0.844454,0.46452,NA,NA,0.142472,NA,0.02039,NA,NA,1
"Dc03556","locus165",0.3256,0.677376,NA,NA,0.064608,NA,0.765826,0.4004,NA,0
"Dc03556","locus170",0.285808,0.678048,NA,NA,1,NA,0.00847,NA,NA,1
"Dc03556","locus176",0.056114,1,NA,NA,0.22496,1,0.731936,NA,NA,0
"Dc03556","locus184",0.687754,1,NA,NA,0.572348,NA,0.170304,NA,NA,0
"Dc03556","locus186",0.94584,1,NA,NA,1,NA,0.854566,NA,NA,0
"Dc03556","locus188",0.00657,0.287224,NA,0.333668,1,Inf,0.055,NA,NA,1
"Dc03556","locus189",0.181622,0.14355,Inf,0.500392,0.226134,NA,0.3011,0.226276,NA,0
"Dc03556","locus190",0.270852,1,Inf,NA,0.65921,Inf,0.788132,NA,NA,0
"Dc03556","locus191",0.93487,1,NA,NA,1,NA,0.737202,NA,NA,0
"Dc03556","locus192",0.599026,0.643978,NA,NA,1,NA,0.90483,NA,NA,0
"Dc03556","locus195",0.788942,1,NA,NA,0.482568,NA,0.00641,NA,NA,1
"Dc03556","locus202",0.07442,1,NA,NA,1,NA,0.702346,NA,NA,0
"Dc03556","locus210",0.957994,0.715434,Inf,NA,0.486274,NA,0.604574,NA,NA,0
"Dc03556","locus215",0.017874,0.195526,NA,NA,1,NA,0.425964,NA,NA,1
"Dc03556","locus227",0.88702,1,Inf,NA,Inf,NA,0.264152,NA,NA,0
"Dc03556","locus231",0.605728,1,NA,1,1,NA,0.953188,NA,NA,0
"Dc03556","locus235",0.61969,0.462328,NA,NA,1,NA,0.900014,NA,NA,0
"Dc03556","locus236",0.292508,0.678176,NA,NA,0.229552,NA,0.298792,NA,NA,0
"Dc03556","locus237",0.23855,1,NA,NA,0.113276,NA,0.922946,NA,NA,0
"Dc03556","locus239",0.083106,1,NA,NA,1,NA,0.914204,NA,NA,0
"Dc03556","locus248",0.152438,0.463718,NA,NA,0.570776,NA,0.233378,NA,NA,0
"Dc03556","locus255",0.626316,0.679924,NA,NA,0.57359,NA,NA,NA,NA,0
"Dc03556","locus256",0.828258,1,NA,NA,1,NA,0.310438,1,NA,0
"Dc03556","locus263",0.848326,0.463748,NA,Inf,1,NA,0.85886,NA,NA,0
"Dc03556","locus264",0.699276,0.678462,NA,1,1,NA,0.052024,NA,NA,0
"Dc03556","locus274",0.82774,0.247816,NA,NA,0.82735,NA,0.804854,NA,NA,0
"Dc03556","locus280",0.667392,0.678406,NA,NA,0.826848,NA,0.833266,NA,NA,0
"Dc03556","locus282",0.023458,1,NA,NA,0.112,NA,0.627954,0.255386,NA,1
"Dc03556","locus286",1,1,NA,NA,0.14222,NA,0.155806,NA,NA,0
"Dc03556","locus291",0.547732,1,NA,NA,0.571528,NA,0.461444,NA,NA,0
"Dc03556","locus292",0.899162,1,NA,NA,0.487168,NA,0.505078,NA,NA,0
"Dc03556","locus296",0.867414,1,1,1,1,NA,0.188228,NA,NA,0
"Dc03556","locus301",0.735838,0.106036,NA,NA,0.486392,NA,0.322842,NA,NA,0
"Dc03556","locus314",0.107598,1,NA,NA,1,NA,1,NA,NA,0
"Dc03556","locus321",0.18501,0.713656,NA,NA,0.831366,NA,0.663148,NA,NA,0
"Dc03556","locus322",0.333812,1,NA,NA,1,1,0.294572,0.657334,NA,0
"Dc03556","locus323",0.89751,0.465224,NA,NA,1,NA,0.888992,NA,NA,0
"Dc03556","locus329",0.626564,1,NA,NA,1,NA,1,NA,NA,0
"Dc03556","locus332",0.54562,0.678354,1,NA,0.228388,NA,0.752656,NA,NA,0
"Dc03556","locus349",0.084608,0.464248,NA,NA,0.05603,NA,0.277998,NA,NA,0
"Dc03556","locus358",0.515976,1,NA,NA,1,NA,0.110736,NA,NA,0
"Dc03556","locus359",0.375904,1,NA,NA,1,NA,0.64934,NA,NA,0
"Dc03556","locus360",0.37348,1,NA,NA,0.656482,NA,0.886058,NA,NA,0
"Dc05864","Dc06503",0.634866,0.570676,NA,NA,0.142016,NA,1,NA,NA,0
"Dc05864","Dc07300",0.760664,0.370054,NA,NA,0.111886,NA,0.390586,NA,0.101906,0
"Dc05864","Dc07937",0.191804,1,NA,Inf,0.117258,NA,0.99288,NA,0.227562,0
"Dc05864","Dc08054",0.004784,0.439166,NA,NA,1,NA,0.10214,NA,0.112422,1
"Dc05864","Dc08189",0.902078,1,NA,NA,0.257442,NA,0.338368,NA,1,0
"Dc05864","Dc08463",0.819336,1,NA,NA,0.141752,NA,0.328666,NA,0.88876,0
"Dc05864","Dc08578",0.716096,1,NA,NA,0.889272,NA,0.666486,NA,NA,0
"Dc05864","Dc08865",0.125312,0.914264,NA,NA,0.116928,NA,0.0622,NA,0.283298,0
"Dc05864","Dc10003",0.954924,0.213842,NA,NA,Inf,NA,0.93247,NA,NA,0
"Dc05864","Dc10390",1,1,NA,NA,0.619908,NA,0.015886,NA,0.713578,1
"Dc05864","Dc10878",0.553774,1,NA,NA,1,NA,0.673578,NA,0.598854,0
"Dc05864","Dc10885",0.945878,0.283642,NA,NA,0.772556,NA,0.453486,NA,1,0
"Dc05864","Dc11203",0.208554,0.65902,NA,NA,1,NA,0.026718,NA,0.286726,1
"Dc05864","Dc11714",0.582238,0.640176,NA,NA,0.770892,NA,0.833312,NA,1,0
"Dc05864","Dc13159",0.03292,0.856594,NA,NA,0.11765,NA,0.880274,NA,0.828858,1
"Dc05864","Dc13592",0.837256,1,NA,NA,0.367698,NA,0.83447,NA,0.28772,0
"Dc05864","Dc14022",0.069264,Inf,Inf,NA,0.144846,NA,Inf,NA,Inf,0
"Dc05864","Dc14945",0.882448,0.622862,NA,NA,Inf,NA,0.760612,NA,Inf,0
"Dc05864","Dc16747",0.221112,0.569052,NA,NA,0.257812,NA,0.982778,NA,0.086546,0
"Dc05864","Dc18951",0.986678,0.6564,NA,Inf,1,NA,0.876544,NA,0.196042,0
"Dc05864","Dc20232",0.368768,0.24497,NA,NA,1,NA,0.250094,NA,0.28715,0
"Dc05864","Dc22883",0.146714,0.858566,Inf,NA,0.773382,NA,0.000564,NA,0.714712,1
"Dc05864","Dc22887",0.788266,0.425368,NA,NA,0.61855,NA,0.390184,NA,0.48435,0
"Dc05864","Dc27955",0.774462,0.214676,NA,NA,1,NA,0.223486,NA,0.71415,0
"Dc05864","Dc28124",0.712426,0.213808,NA,Inf,0.144272,NA,0.517398,NA,Inf,0
"Dc05864","Dc28776",0.740274,0.78709,NA,NA,0.427906,NA,0.51366,NA,1,0
"Dc05864","Dc30071",0.123524,Inf,NA,NA,0.715444,NA,0.624778,NA,0.883802,0
"Dc05864","Dc31007",0.276492,0.286334,NA,NA,Inf,NA,0.644102,NA,NA,0
"Dc05864","Dc33714",0.395112,1,Inf,NA,0.115776,NA,0.23608,NA,1,0
"Dc05864","Dc33907",0.939506,1,NA,NA,0.256638,NA,0.596232,NA,1,0
"Dc05864","Dc34902",0.453774,0.05926,NA,NA,0.335698,NA,0.331354,NA,0.289316,0
"Dc05864","Dc35779",0.279432,1,NA,NA,0.257698,NA,0.346564,NA,1,0
"Dc05864","Dc36571",0.837348,1,NA,NA,1,NA,0.688366,NA,0.823862,0
"Dc05864","Dc36616",0.406796,1,NA,Inf,0.430004,NA,0.880312,NA,0.284784,0
"Dc05864","Dc36767",0.69564,1,NA,NA,0.888772,NA,0.128704,NA,NA,0
"Dc05864","Dc40235",0.771584,1,NA,NA,0.428908,NA,0.1086,NA,0.711912,0
"Dc05864","Dc41234",0.649324,1,NA,Inf,1,NA,0.659532,NA,1,0
"Dc05864","Dc46984",0.553892,1,NA,NA,1,NA,0.620962,NA,0.625132,0
"Dc05864","Dc47572",0.303476,1,NA,NA,0.124114,NA,0.39101,NA,0.570756,0
"Dc05864","Dc47935",0.812354,1,NA,NA,0.313378,NA,0.732442,NA,0.631208,0
"Dc05864","Dc48207",0.389476,Inf,Inf,NA,Inf,NA,Inf,NA,Inf,0
"Dc05864","Dc48950",0.649216,0.855508,NA,NA,0.774904,NA,0.240776,NA,0.714676,0
"Dc05864","Dc49080",0.328758,0.48813,Inf,Inf,0.428736,NA,0.678968,NA,1,0
"Dc05864","Dc49184",0.341896,1,NA,Inf,0.144848,NA,0.168804,NA,1,0
"Dc05864","Dc51020",0.642034,0.054856,Inf,NA,0.65836,NA,0.4203,NA,0.200092,0
"Dc05864","Dc52523",0.747964,1,NA,NA,0.313182,NA,0.24479,NA,0.83048,0
"Dc05864","Dc55481",0.623504,1,NA,NA,0.142436,NA,0.616602,NA,0.82886,0
"Dc05864","Dc58248",0.238078,0.787514,NA,NA,0.116774,NA,0.285106,NA,1,0
"Dc05864","Dc62188",0.476432,0.584594,NA,NA,0.656216,NA,0.280474,NA,0.572836,0
"Dc05864","Dc67011",0.823046,1,NA,Inf,1,NA,0.591308,NA,Inf,0
"Dc05864","locus002",0.947196,0.714362,NA,NA,1,NA,0.891452,NA,1,0
"Dc05864","locus003",0.35667,0.786338,Inf,Inf,0.65898,NA,0.538632,NA,0.486836,0
"Dc05864","locus004",0.087848,1,Inf,NA,1,NA,0.814862,NA,0.286368,0
"Dc05864","locus005",0.44143,1,NA,NA,0.618062,NA,0.964452,NA,0.028214,1
"Dc05864","locus006",0.78173,1,NA,NA,1,NA,0.815706,NA,0.312826,0
"Dc05864","locus008",0.536268,0.78756,NA,NA,1,NA,0.104244,NA,1,0
"Dc05864","locus013",0.286838,0.35747,NA,NA,1,NA,0.67018,NA,1,0
"Dc05864","locus014",0.95144,0.113382,NA,NA,1,NA,0.223814,NA,0.889718,0
"Dc05864","locus022",0.692702,0.35564,NA,NA,0.370912,NA,0.576348,NA,0.631432,0
"Dc05864","locus024",0.22992,1,Inf,NA,0.254652,NA,1,NA,1,0
"Dc05864","locus025",0.21739,0.915058,NA,NA,1,NA,0.502252,NA,0.019046,1
"Dc05864","locus027",0.784458,1,NA,Inf,0.121048,NA,0.822288,NA,1,0
"Dc05864","locus030",0.838044,0.886588,NA,Inf,1,NA,0.045374,NA,1,1
"Dc05864","locus035",0.51321,1,NA,NA,0.618244,NA,0.186446,NA,1,0
"Dc05864","locus038",0.927176,0.113468,NA,NA,1,NA,0.276262,NA,0.731054,0
"Dc05864","locus039",0.334768,0.481482,NA,NA,0.334718,NA,0.546878,NA,0.28448,0
"Dc05864","locus040",0.425446,0.62716,NA,NA,1,NA,0.087662,NA,Inf,0
"Dc05864","locus041",0.962384,0.913614,NA,NA,0.713582,NA,0.647776,NA,0.7989,0
"Dc05864","locus045",0.996468,0.35776,NA,Inf,1,NA,0.821462,NA,0.095504,0
"Dc05864","locus047",0.948616,0.368088,NA,NA,0.124936,NA,0.12892,NA,0.230568,0
"Dc05864","locus048",0.376228,Inf,NA,NA,0.619974,NA,0.094726,NA,0.714416,0
"Dc05864","locus053",0.161952,0.914284,NA,NA,0.57613,NA,0.19817,NA,0.486954,0
"Dc05864","locus055",0.371322,0.464016,NA,NA,0.256772,NA,0.81745,NA,0.886978,0
"Dc05864","locus056",0.438982,0.572792,NA,NA,0.426964,NA,0.502098,NA,0.085518,0
"Dc05864","locus058",0.338344,0.787394,NA,NA,0.124214,NA,0.634428,NA,1,0
"Dc05864","locus060",0.979226,0.787946,NA,NA,0.066388,NA,0.037432,NA,0.084814,1
"Dc05864","locus061",0.090084,1,NA,NA,0.427992,NA,0.335902,NA,0.28619,0
"Dc05864","locus062",0.225934,0.62402,NA,NA,0.229024,NA,0.252504,NA,0.282786,0
"Dc05864","locus064",0.033408,1,NA,Inf,0.619842,NA,0.083084,NA,1,1
"Dc05864","locus065",0.526662,0.570262,NA,NA,1,NA,1,NA,1,0
"Dc05864","locus073",0.913458,1,Inf,NA,1,NA,0.626494,NA,0.715992,0
"Dc05864","locus074",0.187526,0.783828,NA,NA,1,NA,0.379744,NA,1,0
"Dc05864","locus076",0.088254,0.784066,NA,NA,1,NA,0.956554,NA,1,0
"Dc05864","locus077",0.59409,1,NA,NA,0.259202,NA,1,NA,0.095134,0
"Dc05864","locus080",0.68411,0.913868,NA,Inf,0.769694,NA,0.723026,NA,0.087134,0
"Dc05864","locus083",0.842852,0.071288,NA,NA,0.332904,NA,0.730082,NA,0.716168,0
"Dc05864","locus088",0.782908,1,NA,NA,0.428102,NA,0.278496,NA,0.285034,0
"Dc05864","locus093",0.854176,Inf,Inf,NA,Inf,NA,0.148778,NA,0.331748,0
"Dc05864","locus096",0.151142,0.427136,Inf,NA,0.621344,NA,0.836526,NA,1,0
"Dc05864","locus098",0.694594,0.123082,NA,NA,1,NA,0.666674,NA,1,0
"Dc05864","locus100",0.133774,0.315932,NA,NA,1,NA,0.49944,NA,0.82708,0
"Dc05864","locus106",0.364992,Inf,Inf,NA,1,NA,0.567688,NA,1,0
"Dc05864","locus110",0.4567,1,NA,NA,NA,NA,1,NA,Inf,0
"Dc05864","locus116",0.038076,0.914038,NA,Inf,0.431356,NA,0.059808,NA,NA,1
"Dc05864","locus119",0.991434,0.488434,NA,NA,1,NA,0.088842,NA,NA,0
"Dc05864","locus120",0.477394,1,NA,NA,1,NA,0.648818,NA,NA,0
"Dc05864","locus126",0.745102,1,NA,NA,0.25599,NA,0.32247,NA,NA,0
"Dc05864","locus128",0.487568,0.786362,NA,NA,0.424068,NA,0.440018,NA,NA,0
"Dc05864","locus129",0.00986,0.914082,NA,NA,0.712342,NA,0.028592,NA,NA,2
"Dc05864","locus130",0.765152,0.784634,NA,NA,0.600668,NA,0.05288,NA,NA,0
"Dc05864","locus134",0.424722,0.286424,NA,NA,1,NA,0.947604,NA,NA,0
"Dc05864","locus135",0.243634,0.741956,Inf,NA,0.229022,NA,0.164108,NA,NA,0
"Dc05864","locus137",0.576596,0.078706,Inf,NA,0.617922,NA,0.627058,NA,NA,0
"Dc05864","locus139",0.654228,1,Inf,NA,1,NA,1,NA,NA,0
"Dc05864","locus140",0.651104,1,Inf,NA,1,NA,1,NA,NA,0
"Dc05864","locus146",0.972778,0.43157,NA,NA,1,NA,0.583236,NA,NA,0
"Dc05864","locus148",0.42956,0.463552,NA,Inf,1,NA,0.330604,NA,NA,0
"Dc05864","locus151",0.985104,0.654162,NA,NA,0.77433,NA,0.589362,NA,NA,0
"Dc05864","locus157",0.159842,0.213526,NA,NA,1,NA,0.871004,NA,NA,0
"Dc05864","locus161",0.616018,1,NA,NA,0.43078,NA,0.526796,NA,NA,0
"Dc05864","locus165",0.722676,0.484384,NA,NA,0.466458,NA,0.104432,NA,NA,0
"Dc05864","locus170",0.99741,0.913642,NA,NA,1,NA,0.84449,NA,NA,0
"Dc05864","locus176",0.635926,0.35488,NA,NA,0.42798,NA,0.202542,NA,NA,0
"Dc05864","locus184",0.187518,0.142758,NA,NA,0.61898,NA,0.335882,NA,NA,0
"Dc05864","locus186",0.2961,0.213554,NA,NA,0.256946,NA,0.120816,NA,NA,0
"Dc05864","locus188",0.304778,0.859638,NA,Inf,0.772768,NA,0.20062,NA,NA,0
"Dc05864","locus189",0.1696,1,Inf,Inf,1,NA,0.56676,NA,NA,0
"Dc05864","locus190",0.465984,1,Inf,NA,0.769752,NA,0.107984,NA,NA,0
"Dc05864","locus191",0.054224,0.486742,NA,NA,0.774376,NA,0.710126,NA,NA,0
"Dc05864","locus192",0.538838,0.641364,NA,NA,1,NA,0.93223,NA,NA,0
"Dc05864","locus195",0.472508,0.786698,NA,NA,1,NA,0.653064,NA,NA,0
"Dc05864","locus202",0.782228,0.13032,NA,NA,0.76947,NA,0.699304,NA,NA,0
"Dc05864","locus210",0.751416,0.882774,NA,NA,0.657244,NA,0.454302,NA,NA,0
"Dc05864","locus215",0.791578,0.787952,NA,NA,0.659422,NA,0.282822,NA,NA,0
"Dc05864","locus227",0.942392,0.786596,Inf,NA,Inf,NA,0.35553,NA,NA,0
"Dc05864","locus231",0.973216,0.657786,NA,Inf,0.65625,NA,0.895812,NA,NA,0
"Dc05864","locus235",0.163596,1,NA,NA,1,NA,0.430144,NA,NA,0
"Dc05864","locus236",0.9663,0.914284,NA,NA,0.25694,NA,0.9901,NA,NA,0
"Dc05864","locus237",0.230812,0.07083,NA,NA,1,NA,0.095466,NA,NA,0
"Dc05864","locus239",0.010222,0.24824,NA,NA,0.25588,NA,0.559352,NA,NA,1
"Dc05864","locus248",0.42003,1,NA,NA,1,NA,0.738956,NA,NA,0
"Dc05864","locus255",0.391262,0.914572,NA,NA,0.617982,NA,NA,NA,NA,0
"Dc05864","locus256",0.963368,1,NA,NA,1,NA,0.935594,NA,NA,0
"Dc05864","locus263",0.429962,1,NA,Inf,0.141864,NA,0.320516,NA,NA,0
"Dc05864","locus264",0.473262,0.790004,NA,Inf,0.25587,NA,0.277652,NA,NA,0
"Dc05864","locus274",0.22743,0.912372,NA,NA,1,NA,0.72818,NA,NA,0
"Dc05864","locus280",0.96541,0.91614,NA,NA,0.200832,NA,0.46594,NA,NA,0
"Dc05864","locus282",0.316982,0.0617,NA,NA,1,NA,0.416616,NA,NA,0
"Dc05864","locus286",0.722464,1,NA,NA,0.427172,NA,0.918934,NA,NA,0
"Dc05864","locus291",0.940492,1,NA,NA,1,NA,0.830786,NA,NA,0
"Dc05864","locus292",0.521776,0.915948,NA,NA,0.656228,NA,0.296222,NA,NA,0
"Dc05864","locus296",0.140638,0.46903,Inf,Inf,0.619874,NA,0.821766,NA,NA,0
"Dc05864","locus301",0.703158,0.0602,NA,NA,1,NA,0.555858,NA,NA,0
"Dc05864","locus314",0.614776,1,NA,NA,0.617692,NA,0.335852,NA,NA,0
"Dc05864","locus321",0.851322,1,NA,NA,1,NA,0.65528,NA,NA,0
"Dc05864","locus322",0.175892,0.786404,NA,NA,1,NA,0.04091,NA,NA,1
"Dc05864","locus323",0.04162,0.7851,NA,NA,1,NA,0.917576,NA,NA,1
"Dc05864","locus329",0.980674,1,NA,NA,0.658492,NA,0.385152,NA,NA,0
"Dc05864","locus332",0.977632,0.91461,Inf,NA,0.256182,NA,0.941652,NA,NA,0
"Dc05864","locus349",0.764146,0.287146,NA,NA,0.429326,NA,0.245468,NA,NA,0
"Dc05864","locus358",0.706884,0.314794,NA,NA,0.65926,NA,0.1636,NA,NA,0
"Dc05864","locus359",0.184028,0.63872,NA,NA,1,NA,0.309354,NA,NA,0
"Dc05864","locus360",0.697902,1,NA,NA,0.42808,NA,0.13912,NA,NA,0
"Dc06503","Dc07300",0.030536,1,NA,NA,0.571494,NA,0.477806,NA,NA,1
"Dc06503","Dc07937",0.649242,1,NA,NA,1,NA,0.039494,NA,NA,1
"Dc06503","Dc08054",0.514752,1,NA,NA,1,NA,1,NA,NA,0
"Dc06503","Dc08189",0.722354,1,NA,NA,1,NA,1,NA,NA,0
"Dc06503","Dc08463",0.68541,0.284638,NA,NA,0.143868,NA,0.592382,NA,NA,0
"Dc06503","Dc08578",0.11787,0.143582,NA,NA,0.568966,NA,0.332534,NA,NA,0
"Dc06503","Dc08865",0.746536,0.42594,NA,NA,0.57037,NA,0.808666,NA,NA,0
"Dc06503","Dc10003",0.368126,1,NA,NA,Inf,NA,1,NA,NA,0
"Dc06503","Dc10390",0.30419,1,NA,NA,1,NA,0.669744,NA,NA,0
"Dc06503","Dc10878",0.225198,0.57145,NA,Inf,1,NA,0.783688,NA,NA,0
"Dc06503","Dc10885",0.394102,0.572106,NA,NA,0.574764,NA,0.430606,NA,NA,0
"Dc06503","Dc11203",1,1,Inf,NA,1,NA,0.561472,NA,NA,0
"Dc06503","Dc11714",0.665108,1,NA,NA,0.425978,NA,0.136052,NA,NA,0
"Dc06503","Dc13159",0.80288,1,NA,NA,0.5712,NA,0.153932,NA,NA,0
"Dc06503","Dc13592",0.125092,1,Inf,NA,0.425464,NA,0.692596,NA,NA,0
"Dc06503","Dc14022",1,Inf,Inf,NA,0.142378,NA,Inf,NA,NA,0
"Dc06503","Dc14945",0.673336,Inf,NA,NA,Inf,NA,1,NA,NA,0
"Dc06503","Dc16747",0.171468,1,NA,Inf,1,NA,0.81238,NA,NA,0
"Dc06503","Dc18951",0.495042,1,NA,NA,1,NA,0.485932,NA,NA,0
"Dc06503","Dc20232",0.088376,0.429388,NA,NA,1,NA,0.678708,NA,NA,0
"Dc06503","Dc22883",0.865766,1,NA,NA,0.573836,NA,0.714204,NA,NA,0
"Dc06503","Dc22887",1,1,NA,Inf,1,NA,1,NA,NA,0
"Dc06503","Dc27955",0.350336,1,NA,NA,1,NA,0.12839,NA,NA,0
"Dc06503","Dc28124",0.602314,1,Inf,NA,0.142156,NA,0.144616,NA,NA,0
"Dc06503","Dc28776",1,0.42905,NA,NA,0.428488,NA,1,NA,NA,0
"Dc06503","Dc30071",0.031814,Inf,NA,Inf,1,NA,1,NA,NA,1
"Dc06503","Dc31007",0.017726,1,NA,NA,Inf,NA,1,NA,NA,1
"Dc06503","Dc33714",0.23279,1,NA,NA,0.141828,NA,0.303886,NA,NA,0
"Dc06503","Dc33907",1,0.287242,NA,NA,1,NA,0.629446,NA,NA,0
"Dc06503","Dc34902",1,1,NA,NA,0.285754,NA,0.638338,NA,NA,0
"Dc06503","Dc35779",1,1,Inf,NA,1,NA,0.016482,NA,NA,1
"Dc06503","Dc36571",0.321058,Inf,NA,Inf,1,NA,0.370474,NA,NA,0
"Dc06503","Dc36616",1,0.286564,Inf,NA,1,NA,0.42963,NA,NA,0
"Dc06503","Dc36767",0.126654,1,NA,NA,0.57364,NA,0.648124,NA,NA,0
"Dc06503","Dc40235",1,1,NA,NA,1,NA,0.18196,NA,NA,0
"Dc06503","Dc41234",0.0368,1,NA,NA,1,NA,0.09118,NA,NA,1
"Dc06503","Dc46984",0.08869,1,NA,NA,1,NA,0.720228,NA,NA,0
"Dc06503","Dc47572",0.606694,0.573518,Inf,NA,0.143798,NA,0.849278,NA,NA,0
"Dc06503","Dc47935",0.070078,1,NA,NA,0.287902,NA,0.677432,NA,NA,0
"Dc06503","Dc48207",1,Inf,Inf,NA,Inf,NA,0.185148,NA,NA,0
"Dc06503","Dc48950",0.242778,0.142078,NA,Inf,0.574504,NA,0.60182,NA,NA,0
"Dc06503","Dc49080",0.825298,1,NA,Inf,0.570882,NA,0.666164,NA,NA,0
"Dc06503","Dc49184",0.849194,1,NA,NA,0.283882,NA,1,NA,NA,0
"Dc06503","Dc51020",0.37331,1,NA,NA,0.428204,NA,0.14841,NA,NA,0
"Dc06503","Dc52523",1,0.571878,Inf,NA,1,NA,0.638088,NA,NA,0
"Dc06503","Dc55481",0.586676,0.428528,NA,NA,0.282506,NA,1,NA,NA,0
"Dc06503","Dc58248",0.023742,0.573506,NA,NA,0.57418,NA,0.938222,NA,NA,1
"Dc06503","Dc62188",0.952464,1,Inf,Inf,1,NA,0.108524,NA,NA,0
"Dc06503","Dc67011",1,0.429434,NA,Inf,1,NA,0.64012,NA,NA,0
"Dc06503","locus002",0.217354,1,NA,NA,Inf,NA,1,NA,NA,0
"Dc06503","locus003",0.362072,1,NA,NA,1,NA,0.135264,NA,NA,0
"Dc06503","locus004",1,1,NA,NA,1,NA,1,NA,NA,0
"Dc06503","locus005",0.084706,0.428334,Inf,NA,1,NA,0.760616,NA,NA,0
"Dc06503","locus006",0.514888,0.285766,NA,NA,1,NA,1,NA,NA,0
"Dc06503","locus008",1,1,NA,NA,1,NA,0.145178,NA,NA,0
"Dc06503","locus013",1,1,NA,NA,1,NA,1,NA,NA,0
"Dc06503","locus014",0.70263,1,Inf,NA,1,NA,0.32439,NA,NA,0
"Dc06503","locus022",0.909994,0.57218,Inf,NA,0.428228,NA,0.061904,NA,NA,0
"Dc06503","locus024",1,1,NA,NA,1,NA,0.069654,NA,NA,0
"Dc06503","locus025",1,0.144108,NA,Inf,1,NA,0.818272,NA,NA,0
"Dc06503","locus027",1,1,NA,NA,0.14207,NA,1,NA,NA,0
"Dc06503","locus030",0.624412,1,Inf,NA,1,NA,0.823046,NA,NA,0
"Dc06503","locus035",0.552492,1,NA,NA,1,NA,1,NA,NA,0
"Dc06503","locus038",0.211094,1,NA,NA,1,NA,0.127086,NA,NA,0
"Dc06503","locus039",1,1,NA,NA,0.284546,NA,0.587124,NA,NA,0
"Dc06503","locus040",0.07278,Inf,NA,NA,1,NA,0.106304,NA,NA,0
"Dc06503","locus041",1,1,Inf,Inf,1,NA,0.007296,NA,NA,1
"Dc06503","locus045",1,0.426942,NA,NA,1,NA,0.06917,NA,NA,0
"Dc06503","locus047",0.199034,1,Inf,NA,1,NA,0.572548,NA,NA,0
"Dc06503","locus048",1,Inf,NA,NA,1,NA,0.343462,NA,NA,0
"Dc06503","locus053",0.112388,0.429262,NA,NA,1,NA,0.188004,NA,NA,0
"Dc06503","locus055",1,1,Inf,NA,1,NA,0.191794,NA,NA,0
"Dc06503","locus056",0.455728,0.28518,NA,NA,1,NA,1,NA,NA,0
"Dc06503","locus058",0.49596,1,NA,NA,1,NA,1,NA,NA,0
"Dc06503","locus060",1,1,NA,NA,1,NA,1,NA,NA,0
"Dc06503","locus061",0.602186,1,NA,NA,1,NA,0.576328,NA,NA,0
"Dc06503","locus062",0.6865,Inf,NA,Inf,1,NA,0.687908,NA,NA,0
"Dc06503","locus064",0.623794,1,NA,NA,1,NA,0.076494,NA,NA,0
"Dc06503","locus065",1,1,NA,NA,1,NA,0.055582,NA,NA,0
"Dc06503","locus073",0.03824,0.428274,NA,NA,1,NA,0.371232,NA,NA,1
"Dc06503","locus074",1,0.571198,NA,NA,1,NA,1,NA,NA,0
"Dc06503","locus076",1,1,NA,NA,1,NA,0.331556,NA,NA,0
"Dc06503","locus077",1,1,NA,NA,1,NA,0.107898,NA,NA,0
"Dc06503","locus080",0.81637,1,NA,NA,0.427674,NA,0.481454,NA,NA,0
"Dc06503","locus083",1,1,NA,NA,Inf,NA,1,NA,NA,0
"Dc06503","locus088",0.055162,0.428114,NA,NA,0.428094,NA,0.628538,NA,NA,0
"Dc06503","locus093",1,Inf,Inf,NA,Inf,NA,1,NA,NA,0
"Dc06503","locus096",0.387794,1,Inf,NA,1,NA,0.617708,NA,NA,0
"Dc06503","locus098",0.444578,0.286536,NA,NA,1,NA,0.091554,NA,NA,0
"Dc06503","locus100",0.387126,1,NA,NA,1,NA,0.729128,NA,NA,0
"Dc06503","locus106",0.636368,Inf,NA,NA,1,NA,0.281332,NA,NA,0
"Dc06503","locus110",0.500558,1,NA,NA,NA,NA,0.282916,NA,NA,0
"Dc06503","locus116",0.81666,1,NA,NA,1,NA,0.054216,NA,NA,0
"Dc06503","locus119",0.409594,0.427388,NA,NA,1,NA,0.574452,NA,NA,0
"Dc06503","locus120",0.559054,1,NA,NA,1,NA,0.554838,NA,NA,0
"Dc06503","locus126",0.194588,0.428092,NA,NA,1,NA,0.60479,NA,NA,0
"Dc06503","locus128",1,0.4292,Inf,NA,0.426284,NA,0.089028,NA,NA,0
"Dc06503","locus129",1,0.426454,NA,NA,1,NA,0.50355,NA,NA,0
"Dc06503","locus130",0.201446,0.427722,Inf,NA,0.333346,NA,0.549494,NA,NA,0
"Dc06503","locus134",0.190644,1,NA,NA,1,NA,1,NA,NA,0
"Dc06503","locus135",0.529506,0.28794,NA,NA,1,NA,0.026232,NA,NA,1
"Dc06503","locus137",0.593476,0.570738,NA,NA,1,NA,0.15819,NA,NA,0
"Dc06503","locus139",1,1,Inf,NA,1,NA,0.635432,NA,NA,0
"Dc06503","locus140",1,1,Inf,NA,1,NA,0.635712,NA,NA,0
"Dc06503","locus146",0.146664,1,NA,Inf,1,NA,0.675196,NA,NA,0
"Dc06503","locus148",1,0.141678,NA,NA,1,NA,1,NA,NA,0
"Dc06503","locus151",0.847448,0.428832,NA,NA,1,NA,0.74516,NA,NA,0
"Dc06503","locus157",1,0.286354,NA,NA,1,NA,1,NA,NA,0
"Dc06503","locus161",1,1,NA,NA,1,NA,0.341648,NA,NA,0
"Dc06503","locus165",0.817956,1,NA,NA,Inf,NA,0.54076,NA,NA,0
"Dc06503","locus170",0.253192,1,NA,NA,1,NA,0.46736,NA,NA,0
"Dc06503","locus176",0.654062,0.570342,Inf,NA,1,NA,0.585766,NA,NA,0
"Dc06503","locus184",0.08333,1,NA,NA,1,NA,0.203516,NA,NA,0
"Dc06503","locus186",0.08754,1,NA,NA,1,NA,0.309756,NA,NA,0
"Dc06503","locus188",0.423932,0.56721,Inf,NA,1,NA,0.863574,NA,NA,0
"Dc06503","locus189",0.658072,0.571196,Inf,NA,1,NA,1,NA,NA,0
"Dc06503","locus190",1,1,Inf,NA,1,NA,0.502196,NA,NA,0
"Dc06503","locus191",1,1,NA,Inf,1,NA,1,NA,NA,0
"Dc06503","locus192",1,1,NA,NA,1,NA,0.506426,NA,NA,0
"Dc06503","locus195",0.276694,0.428476,NA,NA,0.570862,NA,0.354664,NA,NA,0
"Dc06503","locus202",0.66391,0.427804,NA,NA,1,NA,0.674902,NA,NA,0
"Dc06503","locus210",1,0.42693,NA,NA,1,NA,0.755022,NA,NA,0
"Dc06503","locus215",0.703178,0.428062,NA,NA,0.142206,NA,1,NA,NA,0
"Dc06503","locus227",0.43266,0.428866,Inf,NA,Inf,NA,0.627454,NA,NA,0
"Dc06503","locus231",0.43882,0.427842,NA,NA,0.429678,NA,1,NA,NA,0
"Dc06503","locus235",0.389982,1,NA,NA,1,NA,1,NA,NA,0
"Dc06503","locus236",0.681784,1,NA,NA,1,NA,1,NA,NA,0
"Dc06503","locus237",0.515244,0.285294,NA,NA,1,NA,0.654486,NA,NA,0
"Dc06503","locus239",0.102648,1,NA,NA,1,NA,0.673276,NA,NA,0
"Dc06503","locus248",0.70281,0.286462,NA,NA,1,NA,0.29585,NA,NA,0
"Dc06503","locus255",1,1,NA,NA,1,NA,NA,NA,NA,0
"Dc06503","locus256",0.687626,1,NA,Inf,1,NA,0.443116,NA,NA,0
"Dc06503","locus263",1,0.285014,NA,Inf,0.141652,NA,1,NA,NA,0
"Dc06503","locus264",1,0.142562,NA,NA,1,NA,0.518112,NA,NA,0
"Dc06503","locus274",0.321696,0.42793,NA,NA,0.570732,NA,0.591674,NA,NA,0
"Dc06503","locus280",0.32011,0.142402,NA,NA,0.571826,NA,1,NA,NA,0
"Dc06503","locus282",0.119052,0.431206,NA,NA,1,NA,0.348876,NA,NA,0
"Dc06503","locus286",1,1,NA,NA,1,NA,0.154608,NA,NA,0
"Dc06503","locus291",0.615042,1,NA,NA,1,NA,0.67422,NA,NA,0
"Dc06503","locus292",1,1,NA,NA,1,NA,1,NA,NA,0
"Dc06503","locus296",0.668572,0.28734,NA,NA,1,NA,0.131728,NA,NA,0
"Dc06503","locus301",1,0.143106,NA,NA,1,NA,1,NA,NA,0
"Dc06503","locus314",1,0.16636,NA,NA,1,NA,0.19896,NA,NA,0
"Dc06503","locus321",1,0.428096,NA,Inf,1,NA,0.447836,NA,NA,0
"Dc06503","locus322",0.38679,1,NA,NA,1,NA,0.847534,NA,NA,0
"Dc06503","locus323",0.292692,1,NA,NA,1,NA,0.204854,NA,NA,0
"Dc06503","locus329",1,1,NA,NA,1,NA,0.575302,NA,NA,0
"Dc06503","locus332",0.142204,1,NA,NA,1,NA,0.42891,NA,NA,0
"Dc06503","locus349",0.374908,0.42743,NA,NA,0.429368,NA,0.592782,NA,NA,0
"Dc06503","locus358",1,1,NA,Inf,0.427276,NA,0.4223,NA,NA,0
"Dc06503","locus359",0.57171,1,NA,NA,1,NA,0.054476,NA,NA,0
"Dc06503","locus360",1,0.287922,Inf,NA,0.142124,NA,0.111512,NA,NA,0
"Dc07300","Dc07937",0.352654,1,NA,NA,0.05523,NA,0.937324,1,0.73445,0
"Dc07300","Dc08054",0.855608,0.029238,1,NA,0.196412,NA,0.230704,0.571082,0.050064,1
"Dc07300","Dc08189",0.30026,0.885234,NA,NA,0.485074,NA,0.08067,1,0.316132,0
"Dc07300","Dc08463",0.41411,1,NA,NA,0.571222,NA,0.124618,0.287538,0.645558,0
"Dc07300","Dc08578",0.15339,1,NA,NA,0.630618,NA,0.811474,NA,NA,0
"Dc07300","Dc08865",0.920372,1,NA,NA,0.02659,NA,0.624524,NA,0.843216,1
"Dc07300","Dc10003",0.436454,0.786846,Inf,NA,Inf,NA,0.966364,NA,NA,0
"Dc07300","Dc10390",0.774608,0.503228,NA,NA,1,NA,0.455174,NA,0.185778,0
"Dc07300","Dc10878",0.060332,1,NA,0.331622,1,NA,0.81068,NA,0.484908,0
"Dc07300","Dc10885",0.899492,0.600492,NA,NA,1,NA,0.466852,NA,0.017836,1
"Dc07300","Dc11203",0.200698,1,NA,NA,0.715072,NA,0.556118,NA,0.910702,0
"Dc07300","Dc11714",0.733364,1,NA,NA,1,NA,0.246174,NA,0.090454,0
"Dc07300","Dc13159",0.941568,0.316776,NA,NA,0.629012,NA,0.54553,NA,0.976576,0
"Dc07300","Dc13592",0.359568,0.501502,0.498874,NA,0.109662,NA,0.020602,0.73232,0.227906,1
"Dc07300","Dc14022",0.293426,Inf,Inf,NA,0.573278,NA,Inf,NA,Inf,0
"Dc07300","Dc14945",0.327988,0.500716,NA,NA,Inf,NA,0.065452,NA,Inf,0
"Dc07300","Dc16747",0.843192,1,NA,1,0.483192,NA,0.610656,NA,1,0
"Dc07300","Dc18951",0.046234,0.65686,NA,NA,1,NA,0.213472,NA,0.230826,1
"Dc07300","Dc20232",0.790826,0.42587,NA,NA,0.573904,Inf,0.09194,NA,1,0
"Dc07300","Dc22883",0.788894,1,NA,NA,1,NA,0.150856,NA,0.828174,0
"Dc07300","Dc22887",0.47841,1,NA,1,1,NA,0.411896,NA,0.27071,0
"Dc07300","Dc27955",0.108554,0.42968,NA,NA,0.228924,NA,0.61139,NA,0.808494,0
"Dc07300","Dc28124",0.012464,0.427018,NA,NA,0.571378,NA,0.36146,NA,0.79473,1
"Dc07300","Dc28776",0.497716,1,NA,NA,0.88445,NA,0.93561,NA,0.89161,0
"Dc07300","Dc30071",0.188302,Inf,NA,1,0.5687,NA,0.08057,NA,0.748402,0
"Dc07300","Dc31007",0.381512,1,1,NA,Inf,NA,0.737358,NA,NA,0
"Dc07300","Dc33714",0.166898,0.503642,NA,NA,0.829208,Inf,0.020438,1,1,1
"Dc07300","Dc33907",0.346388,1,NA,NA,1,NA,0.896278,0.464968,0.639176,0
"Dc07300","Dc34902",0.943342,1,NA,NA,1,NA,0.451892,NA,1,0
"Dc07300","Dc35779",0.46998,0.498438,NA,NA,0.085606,Inf,0.563666,NA,1,0
"Dc07300","Dc36571",0.516212,0.77218,NA,0.599594,0.71449,NA,0.851452,NA,1,0
"Dc07300","Dc36616",0.486342,1,0.502656,NA,0.286232,Inf,0.351836,NA,1,0
"Dc07300","Dc36767",0.217294,0.711706,NA,NA,0.623392,NA,0.141802,NA,NA,0
"Dc07300","Dc40235",0.54615,0.42967,NA,NA,0.285604,NA,0.76083,NA,0.331354,0
"Dc07300","Dc41234",0.39371,0.073602,NA,NA,1,NA,0.699118,NA,0.77162,0
"Dc07300","Dc46984",0.45125,0.570134,NA,NA,0.829558,NA,0.582256,NA,0.617014,0
"Dc07300","Dc47572",0.941054,0.802702,NA,NA,0.88326,NA,0.754206,NA,0.079132,0
"Dc07300","Dc47935",0.597312,0.25704,NA,NA,0.625598,NA,0.88808,0.11307,0.664878,0
"Dc07300","Dc48207",0.004254,Inf,Inf,NA,Inf,Inf,1,NA,0.601608,1
"Dc07300","Dc48950",0.295968,0.603818,NA,1,0.513482,NA,0.920902,NA,0.664626,0
"Dc07300","Dc49080",0.768358,0.014146,NA,0.60113,1,NA,0.45666,NA,0.64562,1
"Dc07300","Dc49184",0.770202,0.714986,NA,NA,0.288134,NA,0.750122,NA,0.069896,0
"Dc07300","Dc51020",0.522828,0.07086,NA,NA,1,NA,0.83348,NA,0.516434,0
"Dc07300","Dc52523",0.833036,0.796262,NA,NA,0.632436,NA,0.443838,NA,1,0
"Dc07300","Dc55481",0.651664,1,NA,NA,0.28504,NA,0.069514,NA,0.736324,0
"Dc07300","Dc58248",0.308954,1,NA,NA,0.515984,NA,0.054832,NA,0.031478,1
"Dc07300","Dc62188",0.654704,0.071218,NA,0.19841,0.827008,NA,0.040916,NA,0.694092,1
"Dc07300","Dc67011",0.643978,0.656108,1,0.602886,1,NA,0.153556,NA,0.720836,0
"Dc07300","locus002",0.406766,1,NA,NA,1,NA,0.613256,NA,1,0
"Dc07300","locus003",0.164424,0.071778,NA,NA,0.828012,NA,0.101688,NA,0.383128,0
"Dc07300","locus004",0.675478,0.7847,NA,NA,0.572516,NA,0.618318,NA,0.360476,0
"Dc07300","locus005",0.977132,0.714168,NA,NA,1,NA,0.313072,NA,1,0
"Dc07300","locus006",0.073846,1,NA,NA,0.713052,NA,0.12512,NA,0.507248,0
"Dc07300","locus008",0.42869,0.285236,NA,NA,0.71455,Inf,0.826342,1,0.594312,0
"Dc07300","locus013",0.395382,0.309922,NA,NA,0.883368,NA,0.148988,NA,0.848386,0
"Dc07300","locus014",0.363852,0.832252,NA,NA,1,NA,0.878906,NA,0.309642,0
"Dc07300","locus022",0.690216,0.257762,NA,NA,0.83111,NA,0.154066,NA,0.124266,0
"Dc07300","locus024",0.327518,0.655764,NA,NA,0.48435,Inf,0.868088,NA,1,0
"Dc07300","locus025",0.922906,0.202134,NA,1,1,NA,0.80939,NA,0.060232,0
"Dc07300","locus027",0.383586,1,NA,NA,0.885934,NA,0.863676,NA,1,0
"Dc07300","locus030",0.314378,0.771032,0.49759,NA,0.886544,NA,0.081384,NA,0.848428,0
"Dc07300","locus035",0.379104,0.428926,1,NA,0.712856,Inf,0.231584,1,1,0
"Dc07300","locus038",0.13817,0.486484,NA,NA,1,NA,0.478114,NA,0.048188,1
"Dc07300","locus039",0.403932,0.829822,NA,NA,1,NA,0.913508,NA,0.794378,0
"Dc07300","locus040",0.643198,0.49937,NA,NA,0.71475,NA,0.088166,NA,Inf,0
"Dc07300","locus041",0.289614,0.201028,NA,0.599896,0.576032,NA,0.772274,NA,0.900106,0
"Dc07300","locus045",0.288116,0.285316,NA,NA,0.285524,NA,0.148634,NA,1,0
"Dc07300","locus047",0.897754,0.086312,NA,NA,0.714324,NA,0.95129,NA,0.447414,0
"Dc07300","locus048",0.750224,Inf,NA,NA,0.715512,NA,1,0.716192,0.0703,0
"Dc07300","locus053",0.098928,0.48595,NA,NA,1,NA,0.515458,0.887386,0.616122,0
"Dc07300","locus055",0.760322,0.787036,NA,NA,0.488014,NA,0.003874,NA,0.232424,1
"Dc07300","locus056",0.107376,0.427592,NA,NA,0.287262,NA,0.457346,NA,0.597876,0
"Dc07300","locus058",0.680062,0.715618,NA,NA,0.715484,NA,0.010396,NA,0.971808,1
"Dc07300","locus060",0.925364,0.713372,NA,NA,0.112624,NA,0.387092,NA,0.117918,0
"Dc07300","locus061",0.358934,1,NA,NA,0.289604,NA,0.414916,NA,1,0
"Dc07300","locus062",0.631346,0.49964,NA,1,0.82831,NA,0.035026,NA,0.444794,1
"Dc07300","locus064",0.394872,1,NA,NA,1,NA,0.95848,0.828654,0.281992,0
"Dc07300","locus065",0.692944,1,NA,NA,1,NA,0.157158,NA,0.280476,0
"Dc07300","locus073",0.833648,0.65713,NA,NA,0.82722,NA,0.90349,NA,0.848734,0
"Dc07300","locus074",0.835652,0.257596,NA,NA,0.887112,NA,0.241912,NA,0.916146,0
"Dc07300","locus076",0.598368,0.714544,NA,NA,1,NA,0.666464,NA,0.908886,0
"Dc07300","locus077",0.06295,0.073468,NA,NA,1,NA,0.215646,NA,0.26101,0
"Dc07300","locus080",0.04132,0.827734,Inf,NA,1,NA,0.058414,NA,0.352996,1
"Dc07300","locus083",0.918892,1,NA,NA,0.496142,NA,0.98558,NA,0.361844,0
"Dc07300","locus088",0.193734,0.198274,NA,NA,0.482,NA,0.328792,NA,0.747292,0
"Dc07300","locus093",0.680882,Inf,Inf,NA,Inf,NA,1,NA,1,0
"Dc07300","locus096",0.160494,0.429136,1,NA,0.714368,NA,0.539282,NA,0.863906,0
"Dc07300","locus098",0.643884,0.713442,NA,NA,1,Inf,0.064374,NA,1,0
"Dc07300","locus100",0.011486,0.657542,NA,NA,1,NA,0.848572,NA,0.74719,1
"Dc07300","locus106",0.721528,Inf,NA,NA,0.71285,NA,0.052412,NA,1,0
"Dc07300","locus110",0.859478,1,NA,NA,NA,NA,0.492516,NA,NA,0
"Dc07300","locus116",0.688834,1,NA,NA,0.314892,NA,0.235136,NA,NA,0
"Dc07300","locus119",0.36873,0.37401,NA,NA,0.715688,NA,0.580474,NA,NA,0
"Dc07300","locus120",0.833276,0.499914,NA,NA,0.573284,Inf,0.301614,NA,NA,0
"Dc07300","locus126",0.112758,0.430732,NA,NA,1,NA,0.075694,0.198544,NA,0
"Dc07300","locus128",0.06003,0.28612,NA,NA,0.01993,NA,0.933334,NA,NA,1
"Dc07300","locus129",0.919166,0.37281,NA,NA,0.282748,NA,0.275934,NA,NA,0
"Dc07300","locus130",0.747808,0.715796,NA,NA,1,NA,0.35102,NA,NA,0
"Dc07300","locus134",0.646636,1,NA,NA,0.88874,Inf,0.489442,NA,NA,0
"Dc07300","locus135",0.837006,0.912124,NA,NA,0.825276,NA,0.273612,NA,NA,0
"Dc07300","locus137",0.78787,0.255986,NA,NA,1,NA,0.706074,NA,NA,0
"Dc07300","locus139",0.292846,0.498706,Inf,NA,0.485992,NA,0.414152,NA,NA,0
"Dc07300","locus140",0.289302,0.50153,Inf,NA,0.48646,NA,0.416626,0.885102,NA,0
"Dc07300","locus146",0.563538,0.42648,NA,1,0.71764,NA,0.033138,NA,NA,1
"Dc07300","locus148",0.065762,0.785712,NA,NA,1,NA,0.063478,NA,NA,0
"Dc07300","locus151",0.464696,0.199948,NA,NA,0.306408,NA,0.250782,NA,NA,0
"Dc07300","locus157",0.195924,1,NA,NA,1,NA,0.243132,NA,NA,0
"Dc07300","locus161",0.32205,0.7144,1,NA,0.28223,NA,0.494454,NA,NA,0
"Dc07300","locus165",0.458008,1,Inf,NA,1,NA,0.806802,1,NA,0
"Dc07300","locus170",0.935388,0.828708,NA,NA,0.484806,NA,0.662174,NA,NA,0
"Dc07300","locus176",0.837248,1,NA,NA,0.313828,Inf,0.697088,NA,NA,0
"Dc07300","locus184",0.035632,0.659138,NA,NA,0.71528,NA,0.052798,NA,NA,1
"Dc07300","locus186",0.219384,1,NA,NA,0.086632,NA,0.288254,NA,NA,0
"Dc07300","locus188",0.729298,0.601778,NA,NA,0.48449,NA,0.320126,NA,NA,0
"Dc07300","locus189",0.686364,1,Inf,NA,0.883054,NA,0.17438,0.827064,NA,0
"Dc07300","locus190",0.339132,0.656336,Inf,NA,1,NA,0.815222,NA,NA,0
"Dc07300","locus191",0.984196,0.829308,NA,1,0.886376,NA,0.093774,NA,NA,0
"Dc07300","locus192",0.619742,0.71412,NA,NA,1,NA,0.947008,NA,NA,0
"Dc07300","locus195",0.538486,1,NA,NA,0.200738,NA,0.051122,NA,NA,0
"Dc07300","locus202",0.508632,0.427832,NA,NA,1,NA,0.102284,NA,NA,0
"Dc07300","locus210",0.611676,0.086912,NA,NA,0.829678,NA,0.465606,NA,NA,0
"Dc07300","locus215",0.16905,0.287396,NA,NA,0.828688,NA,0.804844,NA,NA,0
"Dc07300","locus227",0.726534,1,Inf,NA,Inf,Inf,0.10369,NA,NA,0
"Dc07300","locus231",0.537752,0.201028,NA,NA,1,NA,0.45836,NA,NA,0
"Dc07300","locus235",0.049374,0.122844,NA,NA,1,NA,0.815078,NA,NA,1
"Dc07300","locus236",0.214528,0.830558,NA,NA,0.4853,NA,0.42856,NA,NA,0
"Dc07300","locus237",0.57332,0.427936,NA,NA,0.88377,NA,0.80941,NA,NA,0
"Dc07300","locus239",0.615524,1,NA,NA,1,NA,0.486512,NA,NA,0
"Dc07300","locus248",0.478596,1,NA,NA,0.714016,NA,0.220878,NA,NA,0
"Dc07300","locus255",0.449116,0.826888,NA,NA,1,NA,NA,NA,NA,0
"Dc07300","locus256",0.249406,0.502462,NA,1,1,Inf,0.428402,0.60161,NA,0
"Dc07300","locus263",0.005004,1,NA,Inf,0.57164,NA,0.77246,NA,NA,1
"Dc07300","locus264",0.89848,1,NA,NA,1,NA,0.211312,NA,NA,0
"Dc07300","locus274",0.10041,1,NA,NA,0.715844,NA,0.325206,NA,NA,0
"Dc07300","locus280",0.993296,0.828696,NA,NA,0.028258,NA,0.51724,NA,NA,1
"Dc07300","locus282",0.245488,0.828594,NA,NA,0.887036,NA,0.114388,0.888692,NA,0
"Dc07300","locus286",0.94066,0.498802,NA,NA,0.284252,NA,0.22237,NA,NA,0
"Dc07300","locus291",0.982494,1,NA,NA,0.716212,Inf,0.33123,NA,NA,0
"Dc07300","locus292",0.474794,0.829898,NA,NA,0.828,NA,0.844262,NA,NA,0
"Dc07300","locus296",0.181676,1,NA,NA,1,NA,0.223398,NA,NA,0
"Dc07300","locus301",0.159394,0.428372,NA,NA,1,NA,0.387762,NA,NA,0
"Dc07300","locus314",0.514434,1,NA,NA,0.713496,NA,0.560776,NA,NA,0
"Dc07300","locus321",0.965824,0.162426,NA,0.400798,1,NA,0.850696,NA,NA,0
"Dc07300","locus322",0.060788,0.714744,NA,NA,0.886302,Inf,0.077324,0.201832,NA,0
"Dc07300","locus323",0.356766,1,NA,NA,0.485096,NA,0.714632,NA,NA,0
"Dc07300","locus329",0.554036,0.069786,NA,NA,0.827578,NA,0.421502,NA,NA,0
"Dc07300","locus332",0.907502,0.828444,NA,NA,0.48559,NA,0.934192,NA,NA,0
"Dc07300","locus349",0.886644,0.713168,Inf,NA,0.484318,NA,0.140564,NA,NA,0
"Dc07300","locus358",0.415816,0.199988,NA,0.193538,1,NA,0.989894,NA,NA,0
"Dc07300","locus359",0.003308,0.215234,NA,NA,1,NA,0.429632,NA,NA,1
"Dc07300","locus360",0.244538,0.070974,NA,NA,0.887892,Inf,0.83639,NA,NA,0
"Dc07937","Dc08054",0.710346,0.555354,1,NA,0.484422,NA,0.321752,1,0.061512,0
"Dc07937","Dc08189",0.595312,0.35604,NA,NA,1,NA,0.797624,0.402164,1,0
"Dc07937","Dc08463",0.462202,0.251008,NA,NA,1,Inf,0.430466,0.426332,0.857096,0
"Dc07937","Dc08578",0.343842,0.547728,NA,NA,0.827348,NA,0.646386,NA,NA,0
"Dc07937","Dc08865",0.073434,1,NA,NA,0.02975,NA,0.969656,NA,0.63159,1
"Dc07937","Dc10003",0.370246,1,NA,NA,Inf,NA,0.726928,NA,NA,0
"Dc07937","Dc10390",1,1,NA,NA,0.57351,NA,0.444346,NA,0.498018,0
"Dc07937","Dc10878",0.434008,1,NA,Inf,0.571686,NA,0.864298,NA,1,0
"Dc07937","Dc10885",0.592348,0.489616,NA,NA,1,NA,0.252154,NA,1,0
"Dc07937","Dc11203",0.798198,0.22841,NA,NA,1,Inf,0.68058,NA,0.334926,0
"Dc07937","Dc11714",0.74337,0.07074,NA,NA,1,NA,0.111992,NA,0.777158,0
"Dc07937","Dc13159",0.706686,1,NA,NA,0.227208,NA,0.34466,NA,0.449236,0
"Dc07937","Dc13592",0.162356,1,0.249778,NA,0.22862,NA,0.094118,0.732642,0.226404,0
"Dc07937","Dc14022",0.09037,Inf,Inf,NA,1,NA,Inf,NA,Inf,0
"Dc07937","Dc14945",0.603426,1,NA,NA,Inf,NA,0.866296,NA,Inf,0
"Dc07937","Dc16747",0.312144,0.249256,1,0.501552,1,NA,0.29022,NA,0.095394,0
"Dc07937","Dc18951",0.04547,0.486226,NA,NA,1,Inf,0.451784,NA,0.446112,1
"Dc07937","Dc20232",0.739034,0.217406,NA,NA,0.142664,Inf,0.725778,NA,0.77678,0
"Dc07937","Dc22883",0.67461,0.484978,NA,NA,1,NA,0.10373,NA,0.428494,0
"Dc07937","Dc22887",0.330678,0.680148,NA,0.602058,0.57076,NA,0.795302,NA,0.031574,1
"Dc07937","Dc27955",0.729264,1,NA,NA,0.483646,NA,0.315286,NA,1,0
"Dc07937","Dc28124",0.8116,1,NA,NA,1,NA,0.591802,NA,0.497156,0
"Dc07937","Dc28776",0.981162,0.67723,NA,NA,0.657526,NA,0.830688,NA,0.857978,0
"Dc07937","Dc30071",0.084684,Inf,NA,1,1,NA,0.527614,NA,0.021616,1
"Dc07937","Dc31007",0.76588,0.570782,1,NA,Inf,NA,0.937094,NA,NA,0
"Dc07937","Dc33714",0.78123,1,NA,NA,0.4856,NA,0.897006,1,0.592028,0
"Dc07937","Dc33907",0.18516,0.678908,NA,NA,0.226916,NA,0.064738,1,0.772294,0
"Dc07937","Dc34902",0.017788,0.464024,NA,NA,1,NA,0.56911,NA,1,1
"Dc07937","Dc35779",0.090684,1,NA,NA,0.057192,Inf,0.76711,NA,0.5578,0
"Dc07937","Dc36571",0.133456,0.770442,NA,1,1,NA,0.890688,NA,1,0
"Dc07937","Dc36616",0.63718,0.677772,0.249752,NA,1,Inf,0.515316,NA,0.416782,0
"Dc07937","Dc36767",0.840438,0.069924,NA,NA,0.82766,NA,0.155486,NA,NA,0
"Dc07937","Dc40235",0.50915,0.677614,NA,NA,1,NA,0.280618,NA,0.08183,0
"Dc07937","Dc41234",0.672474,0.20388,NA,NA,1,NA,0.076782,NA,0.771254,0
"Dc07937","Dc46984",0.418152,0.16284,NA,NA,0.482702,NA,0.106452,NA,0.31522,0
"Dc07937","Dc47572",0.911196,0.202592,NA,NA,0.658084,Inf,0.338662,NA,1,0
"Dc07937","Dc47935",0.122798,0.744274,NA,NA,0.826092,NA,0.535672,1,0.321046,0
"Dc07937","Dc48207",0.707344,Inf,Inf,NA,Inf,Inf,1,NA,1,0
"Dc07937","Dc48950",0.569024,0.120028,NA,1,0.738496,Inf,0.29218,NA,0.570908,0
"Dc07937","Dc49080",0.026124,0.743502,NA,1,0.82981,NA,0.15755,NA,0.71446,1
"Dc07937","Dc49184",0.77944,0.356758,NA,NA,0.572178,NA,0.44643,NA,0.336308,0
"Dc07937","Dc51020",0.404742,1,NA,NA,1,NA,0.499746,NA,0.595734,0
"Dc07937","Dc52523",0.170746,0.737722,NA,NA,0.830452,NA,0.813802,NA,0.095816,0
"Dc07937","Dc55481",0.534578,0.212214,NA,NA,0.57325,NA,0.04816,NA,0.714036,1
"Dc07937","Dc58248",0.305988,0.613882,NA,NA,0.741584,NA,0.053416,NA,0.902976,0
"Dc07937","Dc62188",0.880988,1,NA,1,1,NA,0.1782,NA,0.668944,0
"Dc07937","Dc67011",0.125066,1,1,0.601058,1,NA,0.91768,NA,Inf,0
"Dc07937","locus002",0.76056,1,NA,NA,1,NA,0.012194,NA,0.68012,1
"Dc07937","locus003",0.872546,0.678692,NA,NA,1,NA,0.753432,NA,0.023354,1
"Dc07937","locus004",0.879906,0.035486,NA,NA,0.14424,NA,0.907796,NA,1,1
"Dc07937","locus005",0.431528,1,NA,NA,0.570438,NA,0.20114,NA,0.09569,0
"Dc07937","locus006",0.85013,0.25378,NA,NA,1,NA,0.5725,NA,0.474312,0
"Dc07937","locus008",0.066386,0.678158,NA,NA,0.485192,NA,0.097446,0.237128,0.334148,0
"Dc07937","locus013",0.821854,0.871532,NA,NA,0.654878,NA,0.11764,NA,1,0
"Dc07937","locus014",0.238918,0.744228,NA,NA,0.2863,NA,0.618904,NA,0.856622,0
"Dc07937","locus022",0.024952,1,NA,NA,1,NA,0.059512,NA,1,1
"Dc07937","locus024",0.416042,1,NA,NA,1,NA,0.403082,NA,0.665908,0
"Dc07937","locus025",0.060822,1,NA,1,0.286726,NA,0.543304,NA,0.216924,0
"Dc07937","locus027",0.796072,0.226956,NA,NA,0.655452,NA,0.588862,NA,0.427582,0
"Dc07937","locus030",0.94966,0.572322,0.248418,NA,0.658788,NA,0.625668,NA,0.448158,0
"Dc07937","locus035",0.846038,0.676342,1,NA,0.57263,Inf,0.055202,0.202066,0.250166,0
"Dc07937","locus038",0.231204,0.745158,NA,NA,1,NA,0.133122,NA,0.642212,0
"Dc07937","locus039",0.021228,0.74239,NA,NA,1,NA,0.05523,NA,0.099886,1
"Dc07937","locus040",0.367826,1,NA,NA,1,NA,0.713538,NA,Inf,0
"Dc07937","locus041",0.012152,1,NA,1,1,NA,0.327292,NA,1,1
"Dc07937","locus045",0.472124,0.360236,NA,NA,0.570486,NA,0.525238,NA,0.08943,0
"Dc07937","locus047",0.091982,0.575784,NA,NA,0.056872,NA,0.942022,NA,0.000552,1
"Dc07937","locus048",0.095094,Inf,NA,NA,0.570218,NA,0.213534,0.236942,1,0
"Dc07937","locus053",0.536768,0.739394,NA,NA,0.486348,NA,0.233282,0.088868,0.19575,0
"Dc07937","locus055",0.839398,0.678928,NA,NA,1,NA,0.099838,NA,1,0
"Dc07937","locus056",0.222624,0.67903,NA,NA,1,NA,0.820608,NA,0.19007,0
"Dc07937","locus058",0.63342,1,NA,NA,0.482388,Inf,0.388728,NA,1,0
"Dc07937","locus060",0.68523,0.144564,NA,NA,0.115302,NA,0.224778,NA,0.66723,0
"Dc07937","locus061",0.44477,1,NA,NA,1,NA,0.672626,NA,1,0
"Dc07937","locus062",0.068184,1,NA,0.60181,0.484292,NA,0.019512,NA,0.301376,1
"Dc07937","locus064",0.946434,1,NA,NA,0.569938,NA,0.083792,0.491744,0.502954,0
"Dc07937","locus065",0.240496,0.249412,NA,NA,1,NA,0.776166,NA,1,0
"Dc07937","locus073",0.580466,1,NA,NA,0.483774,Inf,0.170674,NA,0.37884,0
"Dc07937","locus074",0.457396,0.611262,NA,NA,1,NA,0.887092,NA,0.85785,0
"Dc07937","locus076",0.641838,1,NA,NA,0.830454,NA,0.739588,NA,0.402716,0
"Dc07937","locus077",0.320386,1,NA,NA,0.228502,NA,0.80159,NA,0.087864,0
"Dc07937","locus080",0.550604,0.741778,NA,NA,1,NA,0.235448,NA,0.857262,0
"Dc07937","locus083",0.082698,0.679666,NA,NA,0.499022,NA,0.725382,NA,0.524594,0
"Dc07937","locus088",0.797706,0.740834,NA,NA,1,Inf,0.71495,NA,1,0
"Dc07937","locus093",0.232692,Inf,Inf,NA,Inf,NA,1,NA,0.425738,0
"Dc07937","locus096",0.875452,0.679802,1,NA,0.569616,NA,0.175386,NA,0.334012,0
"Dc07937","locus098",0.005658,1,NA,NA,1,NA,0.981794,NA,0.856552,1
"Dc07937","locus100",0.323606,0.485482,NA,NA,1,NA,0.026588,NA,0.382488,1
"Dc07937","locus106",0.029912,Inf,NA,NA,1,NA,0.559816,NA,1,1
"Dc07937","locus110",0.297702,0.59921,NA,NA,NA,NA,0.356118,NA,NA,0
"Dc07937","locus116",0.348956,1,NA,NA,1,NA,0.297526,NA,NA,0
"Dc07937","locus119",0.761574,0.743194,NA,NA,1,NA,0.968012,NA,NA,0
"Dc07937","locus120",0.318714,1,NA,NA,0.143314,NA,0.401852,NA,NA,0
"Dc07937","locus126",0.171868,0.655944,NA,NA,0.229598,NA,0.397342,Inf,NA,0
"Dc07937","locus128",0.826018,1,NA,NA,0.229624,NA,0.723234,NA,NA,0
"Dc07937","locus129",0.240912,0.292702,NA,NA,0.283452,Inf,0.47667,NA,NA,0
"Dc07937","locus130",0.333908,0.03632,NA,NA,1,NA,0.425198,NA,NA,1
"Dc07937","locus134",0.727828,0.140444,NA,NA,1,Inf,0.204712,NA,NA,0
"Dc07937","locus135",0.116972,0.485488,NA,NA,0.487284,Inf,0.469358,NA,NA,0
"Dc07937","locus137",0.551846,0.871046,NA,NA,0.57078,NA,0.334636,NA,NA,0
"Dc07937","locus139",0.844828,1,Inf,NA,1,NA,0.138088,NA,NA,0
"Dc07937","locus140",0.847364,1,Inf,NA,1,NA,0.137598,0.579164,NA,0
"Dc07937","locus146",0.982,1,NA,1,1,NA,0.873266,NA,NA,0
"Dc07937","locus148",0.82847,1,NA,NA,1,NA,0.132822,NA,NA,0
"Dc07937","locus151",0.566828,0.485768,NA,NA,0.658428,NA,0.087448,NA,NA,0
"Dc07937","locus157",0.80429,1,NA,NA,1,NA,0.395166,NA,NA,0
"Dc07937","locus161",0.171592,1,0.500256,NA,1,NA,0.226332,NA,NA,0
"Dc07937","locus165",0.546326,1,NA,NA,0.598886,NA,0.642936,1,NA,0
"Dc07937","locus170",0.593368,0.296656,NA,NA,1,NA,0.583938,NA,NA,0
"Dc07937","locus176",0.284296,0.61612,NA,NA,1,NA,0.164748,NA,NA,0
"Dc07937","locus184",0.955856,1,NA,NA,0.57129,NA,0.69223,NA,NA,0
"Dc07937","locus186",0.82215,1,NA,NA,0.057712,NA,0.297028,NA,NA,0
"Dc07937","locus188",0.693224,0.206404,NA,NA,0.261752,NA,0.802354,NA,NA,0
"Dc07937","locus189",0.9781,1,Inf,NA,0.65583,Inf,0.690154,0.485716,NA,0
"Dc07937","locus190",0.513798,0.057466,Inf,NA,0.228842,NA,0.855732,NA,NA,0
"Dc07937","locus191",0.645434,0.165524,Inf,Inf,0.114488,NA,0.14623,NA,NA,0
"Dc07937","locus192",0.123634,1,NA,NA,0.571514,NA,0.169974,NA,NA,0
"Dc07937","locus195",0.804542,0.359142,NA,NA,0.827864,NA,0.324482,NA,NA,0
"Dc07937","locus202",0.361382,1,NA,NA,0.228192,NA,0.094896,NA,NA,0
"Dc07937","locus210",0.206256,1,NA,NA,0.486282,NA,0.389074,NA,NA,0
"Dc07937","locus215",0.34807,1,NA,NA,1,NA,0.771804,NA,NA,0
"Dc07937","locus227",0.612242,0.678584,Inf,NA,Inf,NA,0.621376,NA,NA,0
"Dc07937","locus231",0.610586,0.485432,Inf,NA,1,NA,0.790522,NA,NA,0
"Dc07937","locus235",0.34684,0.21442,NA,NA,1,NA,0.248524,NA,NA,0
"Dc07937","locus236",0.567252,0.290638,NA,NA,1,NA,0.969802,NA,NA,0
"Dc07937","locus237",0.632588,1,NA,NA,1,NA,0.07605,NA,NA,0
"Dc07937","locus239",0.113378,0.218034,NA,NA,0.226438,NA,0.721694,NA,NA,0
"Dc07937","locus248",0.347262,0.678576,NA,NA,1,NA,0.42471,NA,NA,0
"Dc07937","locus255",0.416726,0.743948,NA,NA,0.570722,NA,NA,NA,NA,0
"Dc07937","locus256",0.078928,0.25124,NA,1,0.827786,NA,0.318728,Inf,NA,0
"Dc07937","locus263",0.057166,1,NA,Inf,1,NA,0.68374,NA,NA,0
"Dc07937","locus264",0.999074,1,NA,NA,0.226418,NA,0.481252,NA,NA,0
"Dc07937","locus274",0.37615,0.743536,NA,NA,0.828842,NA,0.631674,NA,NA,0
"Dc07937","locus280",0.710156,0.162976,NA,NA,0.057314,Inf,0.573994,NA,NA,0
"Dc07937","locus282",0.460672,0.744954,NA,NA,1,NA,0.394034,0.589238,NA,0
"Dc07937","locus286",0.159018,0.251438,NA,NA,1,NA,0.612638,NA,NA,0
"Dc07937","locus291",0.87477,0.035398,NA,NA,1,NA,0.413588,NA,NA,1
"Dc07937","locus292",0.005288,0.742922,NA,NA,0.48618,NA,0.963038,NA,NA,1
"Dc07937","locus296",0.63267,0.675808,NA,NA,0.567964,NA,0.940962,NA,NA,0
"Dc07937","locus301",0.27702,1,NA,NA,0.83018,NA,0.686342,NA,NA,0
"Dc07937","locus314",0.731892,0.315122,NA,NA,0.571916,NA,0.732474,NA,NA,0
"Dc07937","locus321",0.362834,1,NA,1,0.829858,NA,0.662298,NA,NA,0
"Dc07937","locus322",0.864756,0.142774,NA,NA,0.658842,NA,0.776102,0.413118,NA,0
"Dc07937","locus323",0.777146,1,NA,NA,1,Inf,0.21705,NA,NA,0
"Dc07937","locus329",0.783964,1,NA,NA,0.48516,NA,0.51304,NA,NA,0
"Dc07937","locus332",0.635284,0.014118,NA,NA,1,NA,0.993362,NA,NA,1
"Dc07937","locus349",0.975626,0.67924,NA,NA,1,NA,0.122324,NA,NA,0
"Dc07937","locus358",0.863644,1,NA,1,1,NA,0.267656,NA,NA,0
"Dc07937","locus359",0.573654,1,NA,NA,1,NA,0.425092,NA,NA,0
"Dc07937","locus360",0.671384,1,NA,NA,1,NA,0.313708,NA,NA,0
"Dc08054","Dc08189",0.226158,0.448054,NA,NA,1,NA,0.36684,1,0.91439,0
"Dc08054","Dc08463",0.935696,1,NA,NA,1,Inf,0.287956,1,0.808336,0
"Dc08054","Dc08578",0.640636,1,NA,NA,0.204758,NA,0.819844,Inf,NA,0
"Dc08054","Dc08865",0.535158,1,NA,NA,0.71284,NA,0.054542,NA,0.331434,0
"Dc08054","Dc10003",0.885708,1,NA,NA,Inf,NA,0.716884,NA,NA,0
"Dc08054","Dc10390",0.85151,1,NA,NA,1,NA,0.16822,NA,0.58488,0
"Dc08054","Dc10878",0.955686,1,NA,NA,0.290292,NA,0.525668,NA,0.827104,0
"Dc08054","Dc10885",0.93969,0.626172,NA,NA,1,NA,0.417942,NA,0.580752,0
"Dc08054","Dc11203",0.587122,0.770428,NA,NA,1,Inf,0.103886,NA,0.575114,0
"Dc08054","Dc11714",0.739402,0.858316,NA,NA,1,NA,0.033848,NA,1,1
"Dc08054","Dc13159",0.126074,1,NA,NA,1,NA,0.280838,NA,1,0
"Dc08054","Dc13592",0.90536,1,1,NA,1,NA,0.643592,0.334792,0.02389,1
"Dc08054","Dc14022",0.614452,Inf,Inf,NA,1,NA,Inf,NA,Inf,0
"Dc08054","Dc14945",0.565074,1,NA,NA,Inf,NA,0.648632,NA,Inf,0
"Dc08054","Dc16747",0.523346,0.574548,0.333776,0.498472,0.312544,NA,0.181048,NA,0.57558,0
"Dc08054","Dc18951",0.245266,0.771438,NA,NA,1,Inf,0.700088,NA,0.677106,0
"Dc08054","Dc20232",0.658274,0.034132,NA,NA,1,Inf,0.165624,NA,1,1
"Dc08054","Dc22883",0.211762,0.625088,NA,NA,0.660098,NA,0.770102,NA,0.048198,1
"Dc08054","Dc22887",0.168484,1,NA,1,1,NA,0.519694,NA,0.279286,0
"Dc08054","Dc27955",0.22142,0.57024,NA,NA,0.829206,NA,0.422446,NA,1,0
"Dc08054","Dc28124",0.14737,0.575684,NA,NA,1,NA,0.089516,NA,0.370526,0
"Dc08054","Dc28776",0.701062,1,NA,NA,0.427036,NA,0.44892,NA,0.470908,0
"Dc08054","Dc30071",0.053748,Inf,NA,1,1,NA,0.763838,NA,0.016664,1
"Dc08054","Dc31007",0.882772,0.425536,1,NA,Inf,NA,0.103298,NA,NA,0
"Dc08054","Dc33714",0.803254,0.862646,NA,NA,1,NA,0.95078,1,0.76608,0
"Dc08054","Dc33907",0.904344,1,NA,NA,0.314388,NA,0.420802,1,0.46708,0
"Dc08054","Dc34902",0.750944,0.29251,NA,NA,1,NA,0.803086,NA,1,0
"Dc08054","Dc35779",0.3248,1,NA,NA,0.143584,Inf,0.707458,NA,0.436564,0
"Dc08054","Dc36571",0.744024,0.411658,NA,1,0.429766,NA,0.26839,NA,1,0
"Dc08054","Dc36616",0.332822,1,1,NA,1,Inf,0.439672,NA,0.30767,0
"Dc08054","Dc36767",0.985626,0.860604,NA,NA,1,NA,0.586124,NA,NA,0
"Dc08054","Dc40235",0.597382,1,NA,NA,1,NA,0.062722,NA,0.308258,0
"Dc08054","Dc41234",0.970752,0.379086,NA,NA,1,NA,0.866172,NA,0.767988,0
"Dc08054","Dc46984",0.7701,0.174612,NA,NA,1,NA,0.453274,NA,0.020526,1
"Dc08054","Dc47572",0.890236,1,NA,NA,0.124672,Inf,0.700008,NA,0.148322,0
"Dc08054","Dc47935",0.858632,0.042528,Inf,NA,1,NA,0.491598,0.428428,0.741022,1
"Dc08054","Dc48207",0.81375,Inf,Inf,NA,Inf,Inf,1,NA,0.499546,0
"Dc08054","Dc48950",0.74512,0.622354,NA,1,1,Inf,0.04495,NA,0.326428,1
"Dc08054","Dc49080",0.630144,0.2569,NA,1,1,NA,0.028152,NA,0.485758,1
"Dc08054","Dc49184",0.396724,0.427888,NA,NA,1,NA,0.427012,NA,0.606168,0
"Dc08054","Dc51020",0.02272,0.432152,NA,NA,0.31538,NA,0.949244,NA,0.256184,1
"Dc08054","Dc52523",0.684554,1,NA,NA,0.716216,NA,0.838022,NA,0.094908,0
"Dc08054","Dc55481",0.479242,0.858728,NA,NA,1,NA,0.831422,1,0.313324,0
"Dc08054","Dc58248",0.356646,1,NA,NA,1,NA,0.680504,NA,0.30073,0
"Dc08054","Dc62188",0.050488,1,NA,1,1,NA,0.382292,NA,0.544902,0
"Dc08054","Dc67011",0.888826,0.769228,0.33685,1,0.82889,NA,0.266202,NA,0.48897,0
"Dc08054","locus002",0.948106,1,NA,NA,1,NA,0.249442,NA,1,0
"Dc08054","locus003",0.905686,0.431268,NA,NA,1,NA,0.226584,NA,0.092548,0
"Dc08054","locus004",0.48411,0.573918,NA,NA,1,NA,0.027664,NA,1,1
"Dc08054","locus005",0.335092,0.85713,NA,NA,1,NA,0.335834,NA,0.7437,0
"Dc08054","locus006",0.89411,1,NA,NA,0.429744,NA,0.691498,NA,0.84661,0
"Dc08054","locus008",0.547152,0.430688,NA,NA,0.771368,NA,0.113778,0.284326,0.07455,0
"Dc08054","locus013",0.21516,1,NA,NA,0.428198,NA,0.769416,NA,0.804754,0
"Dc08054","locus014",0.152628,0.688542,NA,NA,1,NA,0.35246,NA,0.135558,0
"Dc08054","locus022",0.949986,0.554556,NA,NA,1,NA,0.59009,NA,0.367372,0
"Dc08054","locus024",0.488322,0.430824,NA,NA,1,NA,0.92368,NA,1,0
"Dc08054","locus025",0.414984,0.681072,NA,1,1,NA,0.783952,NA,0.109312,0
"Dc08054","locus027",0.4071,1,NA,NA,1,NA,0.184422,NA,0.771344,0
"Dc08054","locus030",0.386692,0.6511,1,NA,0.428954,NA,0.956322,NA,1,0
"Dc08054","locus035",0.475624,1,0.333022,NA,0.430714,Inf,0.461654,1,1,0
"Dc08054","locus038",0.041912,1,NA,NA,0.826638,NA,0.898796,NA,0.22334,1
"Dc08054","locus039",0.922054,0.684786,NA,NA,1,NA,0.684892,NA,0.144788,0
"Dc08054","locus040",0.353648,1,NA,NA,1,NA,0.68217,NA,Inf,0
"Dc08054","locus041",0.544262,0.68846,NA,1,0.28241,NA,0.862068,NA,0.809088,0
"Dc08054","locus045",0.148118,0.107104,NA,NA,1,NA,0.714558,NA,0.381378,0
"Dc08054","locus047",0.403166,0.170062,NA,NA,0.77001,NA,0.68297,NA,0.031444,1
"Dc08054","locus048",0.347002,Inf,NA,NA,0.42639,NA,0.526898,1,0.608912,0
"Dc08054","locus053",0.706338,1,NA,NA,1,NA,0.428236,1,0.460338,0
"Dc08054","locus055",0.414894,0.571188,NA,NA,1,NA,0.094226,NA,0.739148,0
"Dc08054","locus056",0.548676,0.571532,NA,NA,0.574572,NA,0.736108,NA,0.339854,0
"Dc08054","locus058",0.702018,0.858344,NA,NA,1,Inf,0.47432,NA,0.583802,0
"Dc08054","locus060",0.05569,0.856538,NA,NA,1,NA,0.639974,NA,0.281796,0
"Dc08054","locus061",0.025256,0.57249,NA,NA,0.572692,NA,0.404594,NA,1,1
"Dc08054","locus062",0.264622,1,NA,1,0.488844,NA,0.172204,NA,0.064192,0
"Dc08054","locus064",0.068764,0.573066,NA,NA,1,NA,0.851954,1,0.370524,0
"Dc08054","locus065",0.713316,0.572918,NA,NA,0.572778,NA,0.485768,NA,1,0
"Dc08054","locus073",0.31957,0.772974,NA,NA,0.48861,Inf,0.71398,NA,1,0
"Dc08054","locus074",0.539288,0.555976,NA,NA,0.427636,NA,0.017348,NA,0.346356,1
"Dc08054","locus076",0.90814,0.857032,NA,NA,0.317312,NA,0.52384,NA,0.475846,0
"Dc08054","locus077",0.928468,0.14303,NA,NA,1,NA,0.347638,NA,0.143828,0
"Dc08054","locus080",0.20699,1,NA,NA,1,NA,0.677128,NA,0.72569,0
"Dc08054","locus083",0.001718,0.56878,NA,NA,1,NA,0.774926,NA,0.704968,1
"Dc08054","locus088",0.997276,0.686872,NA,NA,0.658136,Inf,0.369828,NA,0.945136,0
"Dc08054","locus093",1,Inf,Inf,NA,Inf,NA,0.054274,NA,1,0
"Dc08054","locus096",0.435846,1,0.500348,NA,0.42922,NA,0.926132,NA,0.608538,0
"Dc08054","locus098",0.435094,0.85685,NA,NA,0.57112,NA,0.978192,0.400054,1,0
"Dc08054","locus100",0.182796,0.432226,NA,NA,0.658516,NA,0.27818,NA,0.125648,0
"Dc08054","locus106",0.253742,Inf,NA,NA,0.094232,NA,0.302492,NA,0.641412,0
"Dc08054","locus110",0.156064,1,NA,NA,NA,NA,0.234478,NA,NA,0
"Dc08054","locus116",0.635684,0.685726,NA,NA,1,NA,0.911586,NA,NA,0
"Dc08054","locus119",0.717836,0.685084,NA,NA,0.428484,NA,0.080458,NA,NA,0
"Dc08054","locus120",0.351934,1,NA,NA,1,NA,0.12326,NA,NA,0
"Dc08054","locus126",0.918756,0.65855,NA,NA,0.314678,NA,0.899864,NA,NA,0
"Dc08054","locus128",0.831164,0.431272,NA,NA,0.122988,NA,0.530086,NA,NA,0
"Dc08054","locus129",0.23837,0.259792,NA,NA,1,Inf,0.493136,NA,NA,0
"Dc08054","locus130",0.996424,0.428028,NA,NA,1,NA,0.979334,NA,NA,0
"Dc08054","locus134",0.853722,0.856222,NA,NA,1,Inf,0.048096,NA,NA,1
"Dc08054","locus135",0.412066,1,NA,NA,0.4863,Inf,0.69992,NA,NA,0
"Dc08054","locus137",0.594188,0.554952,NA,NA,1,NA,0.006926,NA,NA,1
"Dc08054","locus139",0.008108,1,Inf,NA,0.143022,NA,0.951572,NA,NA,1
"Dc08054","locus140",0.007782,1,Inf,NA,0.142956,NA,0.952554,1,NA,1
"Dc08054","locus146",0.134468,1,NA,0.600216,0.096236,NA,0.035102,NA,NA,1
"Dc08054","locus148",0.160678,1,NA,NA,0.485822,NA,0.863248,NA,NA,0
"Dc08054","locus151",0.102528,0.427986,NA,NA,0.200966,NA,0.38797,NA,NA,0
"Dc08054","locus157",0.463812,0.566506,NA,NA,0.572538,NA,0.401782,NA,NA,0
"Dc08054","locus161",0.570778,0.427074,1,NA,1,NA,0.262692,NA,NA,0
"Dc08054","locus165",0.336016,1,NA,NA,1,NA,0.278906,1,NA,0
"Dc08054","locus170",0.977514,0.683586,NA,NA,0.14278,NA,0.981764,NA,NA,0
"Dc08054","locus176",0.6416,1,NA,NA,1,NA,0.060522,NA,NA,0
"Dc08054","locus184",0.599148,0.771502,NA,NA,0.097366,NA,0.016928,NA,NA,1
"Dc08054","locus186",0.41539,1,NA,NA,0.144566,NA,0.931428,NA,NA,0
"Dc08054","locus188",0.531632,0.634048,NA,NA,1,NA,0.534466,NA,NA,0
"Dc08054","locus189",0.426842,1,Inf,NA,0.42734,Inf,0.852432,1,NA,0
"Dc08054","locus190",0.934184,0.428054,Inf,NA,1,NA,0.66052,NA,NA,0
"Dc08054","locus191",0.753324,0.689074,Inf,NA,1,NA,0.444182,NA,NA,0
"Dc08054","locus192",0.993316,1,NA,NA,0.28525,NA,0.477124,NA,NA,0
"Dc08054","locus195",0.197572,1,NA,NA,0.771576,NA,0.516474,NA,NA,0
"Dc08054","locus202",0.09443,0.856044,NA,NA,0.429108,NA,0.521278,NA,NA,0
"Dc08054","locus210",0.05095,0.175626,NA,NA,1,NA,0.349452,NA,NA,0
"Dc08054","locus215",0.755296,0.42692,NA,NA,0.487744,NA,0.035558,NA,NA,1
"Dc08054","locus227",0.193652,1,Inf,NA,Inf,NA,0.659266,NA,NA,0
"Dc08054","locus231",0.921116,0.431254,Inf,NA,0.658054,NA,0.767624,NA,NA,0
"Dc08054","locus235",0.541656,0.85928,NA,NA,0.572454,NA,0.02737,NA,NA,1
"Dc08054","locus236",0.294236,1,NA,NA,1,NA,0.614562,NA,NA,0
"Dc08054","locus237",0.613014,0.570346,NA,NA,0.19903,NA,0.466944,NA,NA,0
"Dc08054","locus239",0.852826,0.287292,NA,NA,1,NA,0.167408,NA,NA,0
"Dc08054","locus248",0.426486,1,NA,NA,0.42681,NA,0.930208,NA,NA,0
"Dc08054","locus255",0.858576,0.681586,NA,NA,1,NA,NA,NA,NA,0
"Dc08054","locus256",0.354922,1,NA,1,0.312224,NA,0.129086,NA,NA,0
"Dc08054","locus263",0.193108,1,NA,Inf,1,NA,0.816718,NA,NA,0
"Dc08054","locus264",0.14813,1,NA,NA,1,NA,0.907836,NA,NA,0
"Dc08054","locus274",0.985446,1,NA,NA,0.313742,NA,0.997778,NA,NA,0
"Dc08054","locus280",0.392056,0.686502,NA,NA,0.313604,Inf,0.23446,NA,NA,0
"Dc08054","locus282",0.162312,0.682688,NA,NA,0.20045,NA,0.44036,0.429482,NA,0
"Dc08054","locus286",0.381066,1,NA,NA,1,NA,0.407246,NA,NA,0
"Dc08054","locus291",0.37147,0.854944,NA,NA,0.43058,NA,0.288906,NA,NA,0
"Dc08054","locus292",0.616282,0.257696,NA,NA,1,NA,0.155392,NA,NA,0
"Dc08054","locus296",0.50623,0.575032,NA,NA,1,NA,0.013108,NA,NA,1
"Dc08054","locus301",0.337508,0.284026,NA,NA,0.771812,NA,0.666792,NA,NA,0
"Dc08054","locus314",0.0395,1,NA,NA,0.428696,NA,0.537224,NA,NA,1
"Dc08054","locus321",0.0518,0.655536,NA,1,1,NA,0.109572,NA,NA,0
"Dc08054","locus322",0.498176,0.857016,NA,NA,1,NA,0.099936,0.57226,NA,0
"Dc08054","locus323",0.970816,0.85454,NA,NA,1,Inf,0.14264,NA,NA,0
"Dc08054","locus329",0.53203,0.141866,NA,NA,0.483178,NA,0.216858,NA,NA,0
"Dc08054","locus332",0.535546,0.256718,NA,NA,1,NA,0.03335,NA,NA,1
"Dc08054","locus349",0.28172,0.859206,NA,NA,0.655974,NA,0.991824,NA,NA,0
"Dc08054","locus358",0.86324,0.427726,NA,1,0.316218,NA,0.837062,NA,NA,0
"Dc08054","locus359",0.230878,0.85848,NA,NA,0.572698,NA,0.94527,NA,NA,0
"Dc08054","locus360",0.807484,0.291146,NA,NA,1,NA,0.311488,NA,NA,0
"Dc08189","Dc08463",0.351898,1,NA,NA,1,Inf,0.76471,1,0.12385,0
"Dc08189","Dc08578",0.115746,0.35515,NA,NA,0.486888,NA,0.107714,NA,NA,0
"Dc08189","Dc08865",0.690008,1,NA,NA,1,NA,0.755774,NA,1,0
"Dc08189","Dc10003",0.92818,1,NA,NA,Inf,NA,0.653806,NA,NA,0
"Dc08189","Dc10390",0.723646,1,NA,NA,0.426362,NA,0.327872,NA,0.927938,0
"Dc08189","Dc10878",0.155224,0.544888,1,NA,1,NA,0.474452,NA,1,0
"Dc08189","Dc10885",0.849872,0.097542,NA,NA,1,NA,0.89097,NA,0.096764,0
"Dc08189","Dc11203",1,0.315336,NA,NA,1,Inf,0.028166,NA,0.721704,1
"Dc08189","Dc11714",0.866074,0.130328,NA,NA,0.256458,NA,0.72237,NA,0.354154,0
"Dc08189","Dc13159",0.885396,0.281272,NA,NA,1,NA,0.103794,NA,0.32654,0
"Dc08189","Dc13592",0.53539,1,0.500758,NA,1,NA,0.345032,1,0.593304,0
"Dc08189","Dc14022",0.728642,Inf,Inf,NA,1,NA,Inf,NA,Inf,0
"Dc08189","Dc14945",0.006006,1,NA,NA,Inf,NA,0.126364,NA,Inf,1
"Dc08189","Dc16747",0.83735,0.429616,Inf,1,0.485414,NA,0.311,NA,1,0
"Dc08189","Dc18951",0.18688,0.143692,NA,NA,1,Inf,0.052306,NA,0.55508,0
"Dc08189","Dc20232",0.878816,1,NA,NA,1,Inf,0.660708,NA,0.92911,0
"Dc08189","Dc22883",0.144712,0.282922,NA,NA,1,NA,0.43651,NA,0.62836,0
"Dc08189","Dc22887",0.62605,1,NA,1,1,NA,0.83656,NA,0.256734,0
"Dc08189","Dc27955",0.321392,0.429026,NA,NA,1,NA,0.786084,NA,0.807604,0
"Dc08189","Dc28124",0.587712,0.429276,NA,NA,1,NA,0.582074,NA,0.634814,0
"Dc08189","Dc28776",0.933586,0.288472,NA,NA,0.654952,NA,0.875294,NA,0.844184,0
"Dc08189","Dc30071",0.589032,Inf,NA,0.330412,1,NA,0.809044,NA,1,0
"Dc08189","Dc31007",0.919742,1,1,NA,Inf,NA,0.008332,NA,NA,1
"Dc08189","Dc33714",0.613072,0.57235,NA,NA,1,NA,0.261786,1,0.93782,0
"Dc08189","Dc33907",0.844324,0.285178,NA,NA,1,NA,0.474546,1,0.123368,0
"Dc08189","Dc34902",0.160126,0.640096,NA,NA,1,NA,0.772728,NA,0.638778,0
"Dc08189","Dc35779",0.770374,0.629118,NA,NA,1,Inf,0.25143,NA,0.2698,0
"Dc08189","Dc36571",0.408762,0.713668,NA,1,0.141974,NA,0.270752,NA,0.506998,0
"Dc08189","Dc36616",0.327964,0.287042,0.498604,NA,0.427638,Inf,0.404346,NA,1,0
"Dc08189","Dc36767",0.581692,0.647354,NA,NA,1,NA,0.520362,NA,NA,0
"Dc08189","Dc40235",0.260444,1,NA,NA,0.42927,NA,0.889048,NA,0.748486,0
"Dc08189","Dc41234",0.735582,1,NA,NA,0.199218,NA,0.818142,NA,1,0
"Dc08189","Dc46984",0.263106,0.068542,NA,NA,1,NA,0.127482,NA,1,0
"Dc08189","Dc47572",0.97633,0.591142,NA,NA,1,Inf,0.63223,NA,0.505458,0
"Dc08189","Dc47935",0.290994,0.108776,NA,NA,0.484838,NA,0.653504,1,0.917706,0
"Dc08189","Dc48207",0.323252,Inf,Inf,NA,Inf,Inf,1,NA,1,0
"Dc08189","Dc48950",0.518294,0.290592,NA,0.59874,1,Inf,0.787882,NA,0.08616,0
"Dc08189","Dc49080",0.940544,0.91266,NA,1,0.028606,NA,0.81349,NA,0.24201,1
"Dc08189","Dc49184",0.443782,0.353894,NA,NA,1,NA,0.26432,NA,0.274546,0
"Dc08189","Dc51020",0.76657,1,NA,NA,1,NA,0.425392,NA,0.938112,0
"Dc08189","Dc52523",0.904098,1,NA,NA,0.085192,NA,0.485236,NA,0.904424,0
"Dc08189","Dc55481",0.519938,1,NA,NA,1,NA,0.144846,0.250312,0.886766,0
"Dc08189","Dc58248",0.52641,0.358778,NA,NA,0.14457,NA,0.984114,NA,0.184188,0
"Dc08189","Dc62188",0.243338,1,NA,1,0.22715,NA,0.331416,NA,0.913902,0
"Dc08189","Dc67011",0.19726,1,1,0.20037,1,NA,0.37618,NA,0.186332,0
"Dc08189","locus002",0.15415,1,NA,NA,0.399136,NA,0.0127,NA,0.71537,1
"Dc08189","locus003",0.333582,0.784044,NA,NA,0.228674,NA,0.194774,NA,0.241494,0
"Dc08189","locus004",0.2775,0.212946,NA,NA,1,NA,0.144592,NA,0.054316,0
"Dc08189","locus005",0.632216,0.123706,NA,NA,0.428986,NA,0.500842,NA,0.469082,0
"Dc08189","locus006",0.92473,1,NA,NA,1,NA,0.733802,NA,0.239704,0
"Dc08189","locus008",0.940098,0.053542,NA,NA,0.656168,NA,0.104212,1,0.195644,0
"Dc08189","locus013",0.257194,0.78368,NA,NA,0.65739,NA,0.054944,NA,0.00776,1
"Dc08189","locus014",0.694052,0.11281,NA,NA,1,NA,0.745014,NA,0.735462,0
"Dc08189","locus022",0.799738,0.786426,NA,NA,1,NA,0.079826,NA,0.812482,0
"Dc08189","locus024",0.797986,0.65618,NA,NA,0.48728,NA,0.4672,NA,0.96897,0
"Dc08189","locus025",0.48795,0.915772,NA,1,1,NA,0.811336,NA,0.850456,0
"Dc08189","locus027",0.278156,0.656336,NA,NA,0.256824,NA,0.205924,NA,1,0
"Dc08189","locus030",0.128688,0.885428,0.504738,NA,1,NA,0.64161,NA,0.553646,0
"Dc08189","locus035",0.92755,1,1,NA,0.42875,Inf,0.13979,1,0.854838,0
"Dc08189","locus038",0.54697,0.914468,NA,NA,1,NA,0.491786,NA,0.132034,0
"Dc08189","locus039",0.293962,0.06103,NA,NA,0.42783,NA,0.469718,NA,0.416634,0
"Dc08189","locus040",0.547588,1,NA,NA,1,NA,0.378338,NA,Inf,0
"Dc08189","locus041",0.198824,0.915566,NA,1,0.142926,NA,0.150892,NA,0.335464,0
"Dc08189","locus045",0.624882,1,NA,NA,1,NA,0.051024,NA,0.36364,0
"Dc08189","locus047",0.61322,0.88604,NA,NA,0.654958,NA,0.453374,NA,1,0
"Dc08189","locus048",0.058568,Inf,NA,NA,1,NA,0.656826,0.331092,1,0
"Dc08189","locus053",0.40484,1,NA,NA,0.653146,NA,0.557584,0.602822,0.891728,0
"Dc08189","locus055",0.291588,0.32567,NA,NA,0.487066,NA,0.049028,NA,0.54057,1
"Dc08189","locus056",0.875022,0.570284,NA,NA,0.42814,NA,0.113442,NA,0.507052,0
"Dc08189","locus058",0.339566,1,NA,NA,0.315142,Inf,0.430072,NA,0.851908,0
"Dc08189","locus060",0.73809,0.286782,NA,NA,0.255472,NA,0.835116,NA,0.745946,0
"Dc08189","locus061",0.968612,0.428482,Inf,NA,0.42954,NA,0.795748,NA,0.78348,0
"Dc08189","locus062",0.081932,1,NA,1,1,NA,0.717946,NA,0.66369,0
"Dc08189","locus064",0.595208,0.426956,NA,NA,1,NA,0.932226,1,0.182206,0
"Dc08189","locus065",0.254582,0.424314,NA,NA,1,NA,0.952786,NA,0.418098,0
"Dc08189","locus073",0.412038,1,NA,NA,1,Inf,0.751444,NA,0.471928,0
"Dc08189","locus074",0.422916,0.783662,NA,NA,0.659876,NA,0.319094,NA,1,0
"Dc08189","locus076",0.773776,0.78515,NA,NA,1,NA,0.768098,NA,0.696584,0
"Dc08189","locus077",0.766974,0.427868,NA,NA,1,NA,1,NA,0.78408,0
"Dc08189","locus080",0.790868,0.479514,NA,NA,1,NA,0.160332,NA,0.563078,0
"Dc08189","locus083",0.477752,1,NA,NA,1,NA,0.002992,NA,0.5556,1
"Dc08189","locus088",0.59917,0.915454,NA,NA,0.143274,Inf,0.254196,NA,0.066452,0
"Dc08189","locus093",0.379166,Inf,Inf,NA,Inf,NA,0.304326,NA,0.572272,0
"Dc08189","locus096",0.360746,1,1,NA,1,NA,0.085872,NA,0.254582,0
"Dc08189","locus098",0.785096,1,NA,NA,1,NA,0.004468,1,1,1
"Dc08189","locus100",0.64625,0.315232,NA,NA,1,NA,0.167,NA,0.800464,0
"Dc08189","locus106",0.182944,Inf,NA,NA,1,NA,0.870792,NA,0.27443,0
"Dc08189","locus110",1,0.60204,NA,NA,NA,NA,0.757456,NA,NA,0
"Dc08189","locus116",0.762434,0.914174,NA,NA,0.028268,NA,0.048988,NA,NA,2
"Dc08189","locus119",0.190016,0.914544,NA,NA,0.141384,NA,0.780846,NA,NA,0
"Dc08189","locus120",0.763164,1,NA,NA,1,NA,0.88537,NA,NA,0
"Dc08189","locus126",0.32743,1,Inf,NA,1,NA,0.672422,NA,NA,0
"Dc08189","locus128",0.709558,0.124888,NA,NA,0.42939,NA,0.947332,NA,NA,0
"Dc08189","locus129",0.949228,0.486764,NA,NA,1,Inf,0.711856,NA,NA,0
"Dc08189","locus130",0.079764,0.786532,NA,NA,0.46557,NA,0.00532,NA,NA,1
"Dc08189","locus134",0.924912,0.284108,NA,NA,1,Inf,0.516636,NA,NA,0
"Dc08189","locus135",0.834866,0.26959,NA,NA,1,Inf,0.68825,NA,NA,0
"Dc08189","locus137",0.27551,0.782894,NA,NA,1,NA,0.01238,NA,NA,1
"Dc08189","locus139",0.284044,0.623548,Inf,NA,0.485314,NA,0.43436,NA,NA,0
"Dc08189","locus140",0.28775,0.627866,Inf,NA,0.486256,NA,0.43384,0.599304,NA,0
"Dc08189","locus146",0.085482,1,NA,0.198394,1,NA,0.479434,NA,NA,0
"Dc08189","locus148",0.127876,1,NA,NA,1,NA,0.476834,NA,NA,0
"Dc08189","locus151",0.941672,0.656142,NA,NA,0.428846,NA,0.484646,NA,NA,0
"Dc08189","locus157",0.606022,0.21678,NA,1,1,NA,0.231346,NA,NA,0
"Dc08189","locus161",0.51811,0.78528,1,NA,0.428672,NA,0.149584,NA,NA,0
"Dc08189","locus165",0.66942,1,NA,NA,0.400478,NA,0.233636,1,NA,0
"Dc08189","locus170",0.483304,0.483944,NA,NA,0.485562,NA,0.96345,NA,NA,0
"Dc08189","locus176",0.237278,0.36047,NA,NA,0.65721,NA,0.594602,NA,NA,0
"Dc08189","locus184",0.775122,0.654556,NA,NA,1,NA,0.089096,NA,NA,0
"Dc08189","locus186",0.563126,0.427982,NA,NA,1,NA,0.98472,NA,NA,0
"Dc08189","locus188",0.125368,1,NA,NA,0.42765,NA,0.69632,NA,NA,0
"Dc08189","locus189",0.43531,1,Inf,NA,1,Inf,0.058864,1,NA,0
"Dc08189","locus190",0.663606,1,Inf,NA,0.25927,NA,0.387778,NA,NA,0
"Dc08189","locus191",0.156472,0.913276,NA,NA,0.257652,NA,0.003734,NA,NA,1
"Dc08189","locus192",0.624688,1,NA,NA,1,NA,0.760184,NA,NA,0
"Dc08189","locus195",0.635024,1,NA,NA,0.658118,NA,0.174264,NA,NA,0
"Dc08189","locus202",0.683618,0.059968,NA,NA,1,NA,0.87982,NA,NA,0
"Dc08189","locus210",0.167738,0.88407,NA,NA,1,NA,0.189872,NA,NA,0
"Dc08189","locus215",0.79177,0.124668,NA,NA,1,NA,0.606164,NA,NA,0
"Dc08189","locus227",0.679866,0.28512,Inf,NA,Inf,NA,0.757002,NA,NA,0
"Dc08189","locus231",0.185938,0.65778,NA,NA,0.486054,NA,0.607742,NA,NA,0
"Dc08189","locus235",0.510842,1,NA,NA,1,NA,0.190412,NA,NA,0
"Dc08189","locus236",0.141154,0.915816,NA,NA,0.028772,NA,0.009196,NA,NA,2
"Dc08189","locus237",0.248498,0.212464,NA,NA,0.2574,NA,0.63276,NA,NA,0
"Dc08189","locus239",0.8519,0.638282,NA,NA,1,NA,0.583564,NA,NA,0
"Dc08189","locus248",0.009564,0.571578,NA,NA,1,NA,0.862604,NA,NA,1
"Dc08189","locus255",0.708996,0.912206,NA,NA,0.428024,NA,NA,NA,NA,0
"Dc08189","locus256",0.439798,0.623078,NA,0.333898,0.65683,NA,0.714272,NA,NA,0
"Dc08189","locus263",0.889344,0.070536,NA,Inf,1,NA,0.508332,NA,NA,0
"Dc08189","locus264",0.320312,1,NA,NA,1,NA,0.219716,NA,NA,0
"Dc08189","locus274",0.102976,0.484668,NA,NA,0.657084,NA,0.102706,NA,NA,0
"Dc08189","locus280",0.46431,0.914492,NA,NA,1,Inf,0.700714,NA,NA,0
"Dc08189","locus282",0.607108,0.912268,NA,NA,0.256406,NA,0.321842,1,NA,0
"Dc08189","locus286",0.889946,0.623962,NA,NA,0.428392,NA,0.565898,NA,NA,0
"Dc08189","locus291",0.315718,0.786214,NA,NA,0.141658,NA,0.628358,NA,NA,0
"Dc08189","locus292",0.479858,0.484998,NA,NA,0.057512,NA,0.767312,NA,NA,0
"Dc08189","locus296",0.28537,0.46997,NA,NA,1,NA,0.46486,NA,NA,0
"Dc08189","locus301",0.7463,0.643368,NA,NA,0.31252,NA,0.181052,NA,NA,0
"Dc08189","locus314",0.017694,0.54776,NA,NA,0.429634,NA,0.500692,NA,NA,1
"Dc08189","locus321",0.142014,0.884986,NA,0.600432,0.655416,NA,0.926592,NA,NA,0
"Dc08189","locus322",0.68245,0.286144,NA,NA,1,NA,0.572146,0.201074,NA,0
"Dc08189","locus323",0.16006,0.787096,NA,NA,1,Inf,0.030812,NA,NA,1
"Dc08189","locus329",0.364892,0.427326,NA,NA,1,NA,0.189274,NA,NA,0
"Dc08189","locus332",0.677044,0.915764,NA,NA,0.486556,NA,0.592392,NA,NA,0
"Dc08189","locus349",0.618186,0.785174,NA,NA,0.143454,NA,0.719092,NA,NA,0
"Dc08189","locus358",0.022518,0.14427,NA,1,1,NA,0.483956,NA,NA,1
"Dc08189","locus359",0.378646,1,NA,NA,1,NA,0.672586,NA,NA,0
"Dc08189","locus360",0.163142,0.642614,NA,NA,1,NA,0.769246,NA,NA,0
"Dc08463","Dc08578",1,0.430532,NA,NA,0.571202,NA,0.230358,NA,NA,0
"Dc08463","Dc08865",0.761122,1,NA,NA,0.572988,NA,0.274524,NA,0.33295,0
"Dc08463","Dc10003",0.626474,1,NA,NA,Inf,NA,0.011792,NA,NA,1
"Dc08463","Dc10390",0.464632,0.24756,NA,NA,1,NA,0.907872,NA,0.827122,0
"Dc08463","Dc10878",0.60152,1,Inf,NA,1,NA,0.553384,NA,1,0
"Dc08463","Dc10885",0.551312,1,NA,NA,0.573368,NA,0.756556,NA,0.515758,0
"Dc08463","Dc11203",0.004556,0.430128,NA,NA,1,1,0.6491,NA,0.191374,1
"Dc08463","Dc11714",0.341096,0.644646,NA,NA,0.43088,NA,0.404816,NA,0.018012,1
"Dc08463","Dc13159",0.036796,0.503958,NA,NA,0.57283,NA,0.369214,NA,0.943788,1
"Dc08463","Dc13592",0.838876,0.24866,Inf,NA,0.42925,NA,0.45888,0.33348,0.150114,0
"Dc08463","Dc14022",1,Inf,Inf,NA,0.144534,NA,Inf,NA,Inf,0
"Dc08463","Dc14945",0.00179,1,NA,NA,Inf,NA,0.18492,NA,Inf,1
"Dc08463","Dc16747",0.12898,0.570846,NA,1,1,NA,0.489542,NA,1,0
"Dc08463","Dc18951",0.905636,1,NA,NA,1,1,0.800366,NA,0.208986,0
"Dc08463","Dc20232",0.88011,1,NA,NA,1,Inf,0.369176,NA,0.125572,0
"Dc08463","Dc22883",0.326996,0.714316,NA,NA,0.57344,Inf,0.043596,NA,0.394286,1
"Dc08463","Dc22887",0.531258,0.57067,NA,1,1,NA,0.009806,NA,0.604806,1
"Dc08463","Dc27955",0.061622,0.571382,NA,NA,1,NA,0.434288,NA,0.645308,0
"Dc08463","Dc28124",0.55154,0.57196,NA,NA,0.142376,NA,0.731682,NA,0.614628,0
"Dc08463","Dc28776",0.651342,0.107318,NA,NA,0.426334,NA,0.05451,NA,0.276428,0
"Dc08463","Dc30071",0.092524,Inf,NA,1,1,Inf,0.2862,NA,0.362952,0
"Dc08463","Dc31007",0.446846,1,Inf,NA,Inf,NA,0.134952,NA,NA,0
"Dc08463","Dc33714",0.289046,0.642702,NA,NA,0.14237,NA,0.424964,1,0.134154,0
"Dc08463","Dc33907",0.287628,1,NA,NA,1,NA,1,0.502076,0.562098,0
"Dc08463","Dc34902",0.519374,0.63988,NA,NA,0.287576,NA,1,NA,0.637016,0
"Dc08463","Dc35779",0.87247,1,NA,NA,1,Inf,0.243374,NA,0.709998,0
"Dc08463","Dc36571",0.61789,1,NA,1,1,NA,0.849322,NA,1,0
"Dc08463","Dc36616",0.904818,1,Inf,NA,1,Inf,0.864146,NA,1,0
"Dc08463","Dc36767",0.650518,0.643174,NA,NA,0.572342,NA,0.963362,NA,NA,0
"Dc08463","Dc40235",0.20267,0.570656,NA,NA,1,NA,0.0409,NA,1,1
"Dc08463","Dc41234",0.13101,0.78744,Inf,NA,1,NA,0.608114,NA,0.77377,0
"Dc08463","Dc46984",0.978156,1,NA,NA,1,NA,0.320512,NA,0.606556,0
"Dc08463","Dc47572",0.748068,0.783296,NA,NA,0.142636,1,0.035056,NA,0.129338,1
"Dc08463","Dc47935",0.628102,1,NA,NA,0.28431,NA,0.103412,0.42907,0.557098,0
"Dc08463","Dc48207",0.561298,Inf,Inf,NA,Inf,Inf,0.31739,NA,0.399016,0
"Dc08463","Dc48950",0.527454,0.213606,NA,1,0.574154,NA,0.602012,NA,0.12716,0
"Dc08463","Dc49080",0.045664,1,NA,0.400838,0.572462,NA,0.24445,NA,0.161068,1
"Dc08463","Dc49184",0.109416,0.46464,NA,NA,0.28671,NA,0.52823,NA,1,0
"Dc08463","Dc51020",0.879306,1,NA,NA,0.427118,NA,0.363808,NA,0.489356,0
"Dc08463","Dc52523",0.897808,0.142916,NA,NA,1,NA,0.30175,NA,0.759304,0
"Dc08463","Dc55481",0.82003,0.035776,NA,NA,0.287972,NA,0.553682,1,1,1
"Dc08463","Dc58248",0.188836,1,NA,NA,0.570872,NA,0.850064,NA,0.45898,0
"Dc08463","Dc62188",0.621986,0.787916,NA,0.600214,1,NA,0.858508,NA,0.884304,0
"Dc08463","Dc67011",0.824642,0.427512,Inf,1,1,NA,1,NA,0.529282,0
"Dc08463","locus002",0.345554,0.523902,NA,NA,Inf,NA,1,NA,0.352526,0
"Dc08463","locus003",0.717296,1,NA,NA,1,NA,0.719664,NA,0.700892,0
"Dc08463","locus004",1,1,NA,NA,1,NA,0.917512,NA,1,0
"Dc08463","locus005",0.527798,1,NA,NA,1,NA,0.382698,NA,1,0
"Dc08463","locus006",0.121192,0.036234,NA,NA,1,NA,0.595456,NA,0.437212,1
"Dc08463","locus008",0.492926,1,NA,NA,1,NA,0.471172,1,0.502984,0
"Dc08463","locus013",0.68892,0.678236,NA,NA,1,NA,0.587274,NA,0.032086,1
"Dc08463","locus014",0.25004,1,NA,NA,1,NA,0.672766,NA,0.7594,0
"Dc08463","locus022",0.50414,0.679118,NA,NA,0.428686,NA,0.512656,NA,1,0
"Dc08463","locus024",0.86826,1,NA,NA,1,NA,0.895456,NA,0.267438,0
"Dc08463","locus025",0.99174,0.214018,Inf,0.336252,1,NA,0.216894,NA,0.019598,1
"Dc08463","locus027",0.422588,0.428964,Inf,NA,0.142896,NA,0.017654,NA,1,1
"Dc08463","locus030",0.138958,0.429158,Inf,NA,1,NA,0.052848,NA,0.338584,0
"Dc08463","locus035",0.655248,0.571542,Inf,NA,1,Inf,0.17582,0.427532,0.790876,0
"Dc08463","locus038",0.38656,1,NA,NA,1,Inf,0.598002,NA,0.132178,0
"Dc08463","locus039",0.47016,1,NA,NA,0.287258,NA,0.736002,NA,0.141102,0
"Dc08463","locus040",0.672144,1,NA,NA,1,NA,0.643818,NA,Inf,0
"Dc08463","locus041",0.98605,0.35696,NA,1,1,NA,0.897582,NA,1,0
"Dc08463","locus045",0.819976,1,NA,NA,1,NA,0.384608,NA,0.826766,0
"Dc08463","locus047",0.445502,0.426522,NA,NA,1,NA,0.94528,NA,1,0
"Dc08463","locus048",1,Inf,NA,NA,1,NA,0.016816,1,0.791198,1
"Dc08463","locus053",0.600604,0.216368,NA,NA,1,NA,0.0275,1,0.265204,1
"Dc08463","locus055",0.025964,1,NA,NA,1,NA,0.083658,NA,1,1
"Dc08463","locus056",0.112744,1,NA,NA,1,Inf,0.48961,NA,0.79612,0
"Dc08463","locus058",0.87068,0.46439,NA,NA,1,NA,0.190964,NA,0.763112,0
"Dc08463","locus060",0.804378,0.46409,NA,NA,1,NA,0.86878,NA,0.61153,0
"Dc08463","locus061",1,1,NA,NA,1,NA,0.159874,NA,0.333714,0
"Dc08463","locus062",0.827978,1,NA,1,1,NA,0.58296,NA,0.770988,0
"Dc08463","locus064",0.890258,1,NA,NA,1,NA,0.807688,0.141678,0.332166,0
"Dc08463","locus065",0.726082,0.572754,NA,NA,1,NA,1,NA,1,0
"Dc08463","locus073",1,0.428962,NA,NA,1,NA,0.212372,NA,1,0
"Dc08463","locus074",0.52692,0.676432,NA,NA,1,NA,0.065976,NA,0.36748,0
"Dc08463","locus076",0.773616,0.46454,NA,NA,1,NA,0.092508,NA,1,0
"Dc08463","locus077",0.153248,1,NA,NA,1,NA,0.124836,NA,0.790874,0
"Dc08463","locus080",0.792918,0.573386,NA,NA,0.430362,NA,0.641078,NA,1,0
"Dc08463","locus083",0.130666,0.571676,NA,NA,Inf,NA,0.863796,NA,1,0
"Dc08463","locus088",0.574786,0.213034,NA,NA,0.428168,NA,0.429594,NA,0.160728,0
"Dc08463","locus093",0.362262,Inf,Inf,NA,Inf,NA,0.334016,NA,1,0
"Dc08463","locus096",0.244226,1,Inf,NA,1,NA,0.243926,NA,0.622058,0
"Dc08463","locus098",0.684384,1,NA,NA,1,NA,0.245282,1,0.85673,0
"Dc08463","locus100",0.37369,1,NA,NA,1,NA,0.34273,NA,1,0
"Dc08463","locus106",0.789952,Inf,NA,NA,1,NA,0.69153,NA,0.636754,0
"Dc08463","locus110",0.407628,1,NA,NA,NA,NA,0.323066,NA,NA,0
"Dc08463","locus116",0.723008,1,NA,NA,1,NA,0.497792,NA,NA,0
"Dc08463","locus119",0.950204,0.216074,NA,NA,1,NA,0.062646,NA,NA,0
"Dc08463","locus120",0.904928,0.248428,NA,NA,1,NA,0.766162,NA,NA,0
"Dc08463","locus126",0.94835,0.142478,NA,NA,1,NA,0.058142,NA,NA,0
"Dc08463","locus128",0.03086,1,NA,NA,0.429358,NA,0.93117,NA,NA,1
"Dc08463","locus129",0.168976,0.216268,NA,NA,1,NA,0.343478,NA,NA,0
"Dc08463","locus130",0.201288,0.107188,NA,NA,0.333746,NA,0.631024,NA,NA,0
"Dc08463","locus134",0.058964,0.463844,NA,NA,1,Inf,0.53013,NA,NA,0
"Dc08463","locus135",0.79243,0.677636,NA,NA,1,NA,0.70597,NA,NA,0
"Dc08463","locus137",0.06863,0.681034,NA,NA,1,NA,0.413934,NA,NA,0
"Dc08463","locus139",0.402678,1,Inf,NA,1,NA,0.149908,NA,NA,0
"Dc08463","locus140",0.404374,1,Inf,NA,1,NA,0.14979,1,NA,0
"Dc08463","locus146",0.001164,1,NA,1,1,NA,0.899298,NA,NA,1
"Dc08463","locus148",0.891368,0.462718,NA,NA,1,NA,0.909152,NA,NA,0
"Dc08463","locus151",1,0.429168,Inf,NA,1,NA,0.629634,NA,NA,0
"Dc08463","locus157",0.247112,0.46246,NA,0.334612,1,NA,0.801894,NA,NA,0
"Dc08463","locus161",0.412462,1,Inf,NA,1,NA,0.677444,NA,NA,0
"Dc08463","locus165",0.18965,1,NA,NA,Inf,NA,0.55485,1,NA,0
"Dc08463","locus170",0.344942,0.215716,NA,NA,1,NA,0.243498,NA,NA,0
"Dc08463","locus176",0.385584,0.679834,NA,NA,1,NA,1,NA,NA,0
"Dc08463","locus184",0.954294,0.428388,NA,NA,1,NA,0.930762,NA,NA,0
"Dc08463","locus186",0.706986,0.570736,NA,NA,1,NA,0.908788,NA,NA,0
"Dc08463","locus188",0.769678,0.212136,NA,NA,1,NA,0.191302,NA,NA,0
"Dc08463","locus189",0.677622,0.679844,Inf,NA,1,NA,0.617832,0.143076,NA,0
"Dc08463","locus190",0.921892,0.43004,Inf,NA,1,NA,0.627112,NA,NA,0
"Dc08463","locus191",0.596838,0.572636,NA,NA,1,NA,0.385912,NA,NA,0
"Dc08463","locus192",0.868122,0.284134,NA,NA,1,NA,0.50087,NA,NA,0
"Dc08463","locus195",0.481012,0.107652,NA,NA,0.574256,NA,0.560198,NA,NA,0
"Dc08463","locus202",0.81752,1,NA,NA,1,NA,0.100366,NA,NA,0
"Dc08463","locus210",0.894006,0.42772,NA,NA,1,NA,0.671662,NA,NA,0
"Dc08463","locus215",0.032934,1,Inf,NA,0.14345,NA,0.167564,NA,NA,1
"Dc08463","locus227",0.493574,0.107474,Inf,NA,Inf,NA,0.144606,NA,NA,0
"Dc08463","locus231",1,0.428736,NA,NA,0.42763,NA,0.543986,NA,NA,0
"Dc08463","locus235",0.423232,0.640968,NA,NA,1,NA,0.355152,NA,NA,0
"Dc08463","locus236",0.970834,0.571888,NA,NA,1,0.332874,0.6926,NA,NA,0
"Dc08463","locus237",0.272866,1,NA,NA,1,NA,0.667712,NA,NA,0
"Dc08463","locus239",0.866626,0.643054,NA,NA,1,0.335252,0.140238,NA,NA,0
"Dc08463","locus248",0.861668,1,NA,NA,1,NA,0.01015,NA,NA,1
"Dc08463","locus255",1,0.571994,NA,NA,1,NA,NA,NA,NA,0
"Dc08463","locus256",0.181722,1,NA,1,1,NA,0.91979,NA,NA,0
"Dc08463","locus263",0.380754,1,NA,Inf,0.143716,NA,0.707408,NA,NA,0
"Dc08463","locus264",0.370948,0.67816,NA,NA,1,NA,0.369158,NA,NA,0
"Dc08463","locus274",0.704838,1,NA,NA,0.567834,NA,0.612218,NA,NA,0
"Dc08463","locus280",0.365342,0.215066,NA,NA,0.574122,Inf,0.511404,NA,NA,0
"Dc08463","locus282",0.977858,1,NA,NA,1,NA,0.082396,1,NA,0
"Dc08463","locus286",0.85694,1,NA,NA,1,NA,1,NA,NA,0
"Dc08463","locus291",0.544536,0.463516,NA,NA,1,NA,0.290866,NA,NA,0
"Dc08463","locus292",0.565526,1,NA,NA,1,NA,0.009066,NA,NA,1
"Dc08463","locus296",0.130694,0.461548,NA,NA,1,NA,0.559206,NA,NA,0
"Dc08463","locus301",0.642824,0.28828,Inf,NA,1,1,0.24977,NA,NA,0
"Dc08463","locus314",0.402102,0.574368,NA,Inf,1,NA,0.839782,NA,NA,0
"Dc08463","locus321",0.066854,0.429456,NA,0.400996,1,NA,0.014652,NA,NA,1
"Dc08463","locus322",0.921054,0.464962,NA,NA,1,NA,0.19263,0.569872,NA,0
"Dc08463","locus323",0.907116,1,NA,NA,1,NA,0.179016,NA,NA,0
"Dc08463","locus329",0.594176,1,NA,NA,1,NA,0.359292,NA,NA,0
"Dc08463","locus332",0.821632,0.213792,NA,NA,1,NA,0.013042,NA,NA,1
"Dc08463","locus349",0.673142,0.107524,NA,NA,0.42869,NA,0.142944,NA,NA,0
"Dc08463","locus358",0.192908,1,NA,1,0.42775,NA,0.697964,NA,NA,0
"Dc08463","locus359",0.115686,0.645228,NA,NA,1,NA,0.963646,NA,NA,0
"Dc08463","locus360",0.296702,0.10583,NA,NA,0.142046,NA,0.374,NA,NA,0
"Dc08578","Dc08865",0.794704,0.776586,NA,NA,1,NA,0.144012,NA,NA,0
"Dc08578","Dc10003",1,1,NA,NA,Inf,NA,0.924026,NA,NA,0
"Dc08578","Dc10390",1,1,NA,NA,0.284932,NA,0.85386,NA,NA,0
"Dc08578","Dc10878",0.963082,0.544146,Inf,NA,0.577402,NA,0.204486,NA,NA,0
"Dc08578","Dc10885",0.423392,0.48398,NA,NA,1,NA,0.936254,NA,NA,0
"Dc08578","Dc11203",0.123114,0.42737,NA,NA,0.714104,NA,1,NA,NA,0
"Dc08578","Dc11714",0.747342,0.195942,NA,NA,0.885342,NA,0.910954,NA,NA,0
"Dc08578","Dc13159",0.748332,1,NA,NA,1,NA,0.46454,NA,NA,0
"Dc08578","Dc13592",0.374224,1,Inf,NA,0.827244,NA,0.774002,Inf,NA,0
"Dc08578","Dc14022",0.33508,Inf,Inf,NA,0.571088,NA,Inf,NA,NA,0
"Dc08578","Dc14945",0.430552,Inf,NA,NA,Inf,NA,0.540532,NA,NA,0
"Dc08578","Dc16747",1,1,NA,1,0.086782,NA,0.952808,NA,NA,0
"Dc08578","Dc18951",0.575814,0.42869,NA,NA,1,NA,0.985902,NA,NA,0
"Dc08578","Dc20232",0.270692,0.770932,NA,NA,0.570002,NA,0.76887,NA,NA,0
"Dc08578","Dc22883",0.519482,1,NA,NA,0.520238,NA,0.770126,NA,NA,0
"Dc08578","Dc22887",0.476772,1,NA,0.334612,0.283892,NA,0.08052,NA,NA,0
"Dc08578","Dc27955",0.300966,1,NA,NA,0.232028,NA,0.492526,NA,NA,0
"Dc08578","Dc28124",0.206772,1,NA,NA,0.572346,NA,0.75067,NA,NA,0
"Dc08578","Dc28776",0.236996,0.772686,NA,NA,0.88449,NA,0.561528,NA,NA,0
"Dc08578","Dc30071",0.968082,Inf,NA,Inf,1,NA,0.425856,NA,NA,0
"Dc08578","Dc31007",0.57334,1,Inf,NA,Inf,NA,0.261404,NA,NA,0
"Dc08578","Dc33714",0.95129,0.771748,NA,NA,0.827368,NA,0.093972,Inf,NA,0
"Dc08578","Dc33907",1,0.427642,NA,NA,0.143096,NA,0.068948,Inf,NA,0
"Dc08578","Dc34902",0.271926,1,NA,NA,0.2878,NA,0.242876,NA,NA,0
"Dc08578","Dc35779",0.5823,1,NA,NA,0.48661,NA,0.899312,NA,NA,0
"Dc08578","Dc36571",0.353082,0.465888,NA,1,0.712116,NA,0.012342,NA,NA,1
"Dc08578","Dc36616",0.491878,0.42921,Inf,NA,1,NA,0.8572,NA,NA,0
"Dc08578","Dc36767",0.394192,1,NA,NA,0.631912,NA,0.17402,NA,NA,0
"Dc08578","Dc40235",0.673962,1,NA,NA,1,NA,0.90687,NA,NA,0
"Dc08578","Dc41234",0.317816,1,Inf,NA,1,NA,0.505482,NA,NA,0
"Dc08578","Dc46984",0.79307,0.028576,NA,NA,1,NA,0.816114,NA,NA,1
"Dc08578","Dc47572",0.73695,1,NA,NA,0.116936,NA,0.44174,NA,NA,0
"Dc08578","Dc47935",0.915898,0.429128,NA,NA,1,NA,0.589518,Inf,NA,0
"Dc08578","Dc48207",0.48019,Inf,Inf,NA,Inf,NA,Inf,NA,NA,0
"Dc08578","Dc48950",0.869594,0.77117,NA,0.333714,0.515614,NA,0.479056,NA,NA,0
"Dc08578","Dc49080",0.234154,1,NA,Inf,0.715404,NA,0.381854,NA,NA,0
"Dc08578","Dc49184",0.883226,1,NA,NA,1,NA,0.091684,NA,NA,0
"Dc08578","Dc51020",0.507138,1,NA,NA,1,NA,0.834128,NA,NA,0
"Dc08578","Dc52523",0.117628,1,NA,NA,0.098686,NA,0.022962,NA,NA,1
"Dc08578","Dc55481",0.516854,0.76754,NA,NA,1,NA,0.058372,Inf,NA,0
"Dc08578","Dc58248",0.033026,1,NA,NA,1,NA,0.594822,NA,NA,1
"Dc08578","Dc62188",0.128554,1,NA,1,1,NA,0.672924,NA,NA,0
"Dc08578","Dc67011",0.672552,0.771188,Inf,Inf,1,NA,0.306066,NA,NA,0
"Dc08578","locus002",0.30289,1,NA,NA,0.598506,NA,1,NA,NA,0
"Dc08578","locus003",0.93866,1,NA,NA,1,NA,0.287334,NA,NA,0
"Dc08578","locus004",0.184056,0.426794,NA,NA,0.568326,NA,0.38915,NA,NA,0
"Dc08578","locus005",0.142538,0.77187,NA,NA,0.28236,NA,0.137316,NA,NA,0
"Dc08578","locus006",0.562314,0.428832,NA,NA,0.710534,NA,0.009396,NA,NA,1
"Dc08578","locus008",0.837838,1,NA,NA,1,NA,0.29312,Inf,NA,0
"Dc08578","locus013",0.754846,0.544178,NA,NA,0.8842,NA,0.49259,NA,NA,0
"Dc08578","locus014",0.305852,0.59554,NA,NA,0.282946,NA,0.182884,NA,NA,0
"Dc08578","locus022",0.842364,0.545752,NA,NA,0.832446,NA,0.778442,NA,NA,0
"Dc08578","locus024",0.040146,0.428472,NA,NA,0.485956,NA,0.166038,NA,NA,1
"Dc08578","locus025",0.253788,0.772168,Inf,Inf,0.287908,NA,0.360458,NA,NA,0
"Dc08578","locus027",0.653236,0.42701,Inf,NA,0.11146,NA,0.09378,NA,NA,0
"Dc08578","locus030",0.35943,0.545506,Inf,NA,1,NA,0.98397,NA,NA,0
"Dc08578","locus035",0.085634,1,Inf,NA,0.71308,NA,0.116338,Inf,NA,0
"Dc08578","locus038",0.788886,1,NA,NA,0.825084,NA,0.580594,NA,NA,0
"Dc08578","locus039",0.150062,1,NA,NA,1,NA,0.53972,NA,NA,0
"Dc08578","locus040",0.407854,Inf,NA,NA,0.716704,NA,0.281168,NA,NA,0
"Dc08578","locus041",0.087978,1,NA,1,0.571388,NA,0.75705,NA,NA,0
"Dc08578","locus045",0.216338,0.771126,NA,NA,1,NA,0.645674,NA,NA,0
"Dc08578","locus047",0.513618,0.539722,NA,NA,0.712012,NA,0.60771,NA,NA,0
"Dc08578","locus048",0.222424,Inf,NA,NA,0.71327,NA,0.317544,Inf,NA,0
"Dc08578","locus053",0.822874,0.76911,NA,NA,1,NA,0.344064,Inf,NA,0
"Dc08578","locus055",0.003582,1,NA,NA,0.485444,NA,0.176254,NA,NA,1
"Dc08578","locus056",0.157404,0.427704,NA,NA,1,NA,0.88367,NA,NA,0
"Dc08578","locus058",0.314514,0.429284,NA,NA,0.711354,NA,0.71494,NA,NA,0
"Dc08578","locus060",0.182964,0.429218,NA,NA,0.885766,NA,0.133512,NA,NA,0
"Dc08578","locus061",0.830552,0.143874,NA,NA,1,NA,0.629336,NA,NA,0
"Dc08578","locus062",0.86778,Inf,NA,0.333932,0.829194,NA,0.120478,NA,NA,0
"Dc08578","locus064",1,0.143912,NA,NA,0.283092,NA,0.28087,Inf,NA,0
"Dc08578","locus065",0.670604,1,NA,NA,0.288162,NA,0.009244,NA,NA,1
"Dc08578","locus073",0.656934,0.772372,NA,NA,0.827536,NA,0.178236,NA,NA,0
"Dc08578","locus074",0.935216,0.54548,NA,NA,0.31978,NA,0.55025,NA,NA,0
"Dc08578","locus076",0.976952,1,NA,NA,0.714628,NA,0.127968,NA,NA,0
"Dc08578","locus077",0.721744,1,NA,NA,1,NA,0.105126,NA,NA,0
"Dc08578","locus080",0.617208,1,NA,NA,0.888254,NA,0.20612,NA,NA,0
"Dc08578","locus083",0.75667,1,NA,NA,1,NA,0.946472,NA,NA,0
"Dc08578","locus088",0.75322,0.775908,NA,NA,0.086102,NA,0.534636,NA,NA,0
"Dc08578","locus093",0.480186,Inf,Inf,NA,Inf,NA,0.395862,NA,NA,0
"Dc08578","locus096",0.608506,1,Inf,NA,0.714766,NA,0.524558,NA,NA,0
"Dc08578","locus098",0.015454,0.42869,NA,NA,0.285804,NA,0.310778,Inf,NA,1
"Dc08578","locus100",1,0.425806,NA,NA,1,NA,0.51962,NA,NA,0
"Dc08578","locus106",0.816556,Inf,NA,NA,0.71231,NA,0.97153,NA,NA,0
"Dc08578","locus110",0.572878,0.20019,NA,NA,NA,NA,0.887846,NA,NA,0
"Dc08578","locus116",0.126778,1,NA,NA,0.887066,NA,0.24056,NA,NA,0
"Dc08578","locus119",0.15403,0.200818,NA,NA,0.713896,NA,0.39585,NA,NA,0
"Dc08578","locus120",0.83301,1,NA,NA,0.571876,NA,0.555774,NA,NA,0
"Dc08578","locus126",0.658778,0.773128,NA,NA,0.1429,NA,0.28959,NA,NA,0
"Dc08578","locus128",0.877378,0.773872,NA,NA,0.3165,NA,0.547192,NA,NA,0
"Dc08578","locus129",0.078586,0.76858,NA,NA,1,NA,0.317876,NA,NA,0
"Dc08578","locus130",1,0.770278,NA,NA,1,NA,0.020404,NA,NA,1
"Dc08578","locus134",0.271226,0.142388,NA,NA,0.884324,NA,0.815066,NA,NA,0
"Dc08578","locus135",0.216552,0.086512,NA,NA,0.829046,NA,0.75879,NA,NA,0
"Dc08578","locus137",0.654992,1,NA,NA,0.283832,NA,0.45612,NA,NA,0
"Dc08578","locus139",0.479784,1,Inf,NA,0.487496,NA,0.38137,NA,NA,0
"Dc08578","locus140",0.481666,1,Inf,NA,0.484958,NA,0.38363,Inf,NA,0
"Dc08578","locus146",0.544786,1,NA,0.333906,0.712964,NA,0.0798,NA,NA,0
"Dc08578","locus148",0.782452,0.143366,NA,NA,0.832522,NA,0.362244,NA,NA,0
"Dc08578","locus151",0.052976,0.08557,Inf,NA,0.882582,NA,0.78318,NA,NA,0
"Dc08578","locus157",0.595678,0.430136,NA,1,0.287526,NA,0.567498,NA,NA,0
"Dc08578","locus161",0.433924,0.432152,Inf,NA,1,NA,0.473698,NA,NA,0
"Dc08578","locus165",0.845508,1,NA,NA,1,NA,0.576342,Inf,NA,0
"Dc08578","locus170",0.774956,0.258952,NA,NA,0.485404,NA,0.395474,NA,NA,0
"Dc08578","locus176",0.437688,0.1402,NA,NA,0.884238,NA,0.134794,NA,NA,0
"Dc08578","locus184",0.164804,1,NA,NA,0.096156,NA,0.54525,NA,NA,0
"Dc08578","locus186",0.38988,1,NA,NA,0.483476,NA,0.325194,NA,NA,0
"Dc08578","locus188",0.56957,1,NA,NA,1,NA,0.19481,NA,NA,0
"Dc08578","locus189",0.143298,0.14485,Inf,NA,1,NA,0.525704,Inf,NA,0
"Dc08578","locus190",0.021412,1,Inf,NA,0.886252,NA,0.974038,NA,NA,1
"Dc08578","locus191",0.929026,1,NA,NA,0.885034,NA,0.944268,NA,NA,0
"Dc08578","locus192",0.343386,0.198612,NA,NA,0.56957,NA,0.803096,NA,NA,0
"Dc08578","locus195",0.41157,0.774108,NA,NA,0.202996,NA,0.022936,NA,NA,1
"Dc08578","locus202",0.508612,0.773628,NA,NA,0.114644,NA,0.663684,NA,NA,0
"Dc08578","locus210",0.091268,0.76743,NA,NA,0.82863,NA,0.02193,NA,NA,1
"Dc08578","locus215",0.476578,0.772866,Inf,NA,0.828956,NA,0.143448,NA,NA,0
"Dc08578","locus227",0.86647,0.771928,Inf,NA,Inf,NA,0.300878,NA,NA,0
"Dc08578","locus231",0.748538,0.08618,NA,NA,1,NA,0.605648,NA,NA,0
"Dc08578","locus235",0.875222,1,NA,NA,0.285276,NA,1,NA,NA,0
"Dc08578","locus236",0.130014,0.426292,NA,NA,0.485042,NA,0.866644,NA,NA,0
"Dc08578","locus237",0.465644,0.428308,NA,NA,0.311478,NA,0.841054,NA,NA,0
"Dc08578","locus239",0.206628,1,NA,NA,1,NA,0.480312,NA,NA,0
"Dc08578","locus248",0.699956,0.429326,NA,NA,0.714932,NA,0.522578,NA,NA,0
"Dc08578","locus255",0.088206,1,NA,NA,1,NA,NA,NA,NA,0
"Dc08578","locus256",0.571388,1,NA,0.333412,0.71084,NA,0.365722,NA,NA,0
"Dc08578","locus263",1,0.430698,NA,Inf,0.571188,NA,1,NA,NA,0
"Dc08578","locus264",0.548396,0.2584,NA,NA,1,NA,0.225196,NA,NA,0
"Dc08578","locus274",0.39342,0.196642,NA,NA,0.712034,NA,0.657276,NA,NA,0
"Dc08578","locus280",0.861982,1,NA,NA,1,NA,0.196656,NA,NA,0
"Dc08578","locus282",0.498148,0.771996,NA,NA,0.317862,NA,0.834536,Inf,NA,0
"Dc08578","locus286",0.720096,1,NA,NA,1,NA,0.25051,NA,NA,0
"Dc08578","locus291",0.858482,1,NA,NA,0.71254,NA,0.704822,NA,NA,0
"Dc08578","locus292",0.161828,0.256766,NA,NA,0.830072,NA,0.900374,NA,NA,0
"Dc08578","locus296",0.293572,0.431236,NA,NA,0.28725,NA,0.543138,NA,NA,0
"Dc08578","locus301",0.75279,0.767854,Inf,NA,1,NA,0.478116,NA,NA,0
"Dc08578","locus314",0.092026,0.466878,NA,Inf,0.716036,NA,0.162896,NA,NA,0
"Dc08578","locus321",0.313868,0.771078,NA,1,0.715798,NA,0.80275,NA,NA,0
"Dc08578","locus322",1,0.429032,NA,NA,0.885098,NA,0.225534,Inf,NA,0
"Dc08578","locus323",0.0499,0.429566,NA,NA,0.485086,NA,0.292212,NA,NA,1
"Dc08578","locus329",0.976404,1,NA,NA,0.057462,NA,0.847654,NA,NA,0
"Dc08578","locus332",0.560732,1,NA,NA,0.48568,NA,0.532818,NA,NA,0
"Dc08578","locus349",0.669742,0.085152,NA,NA,0.486576,NA,0.748046,NA,NA,0
"Dc08578","locus358",0.219212,1,NA,1,1,NA,0.806352,NA,NA,0
"Dc08578","locus359",0.747686,0.201318,NA,NA,1,NA,0.045356,NA,NA,1
"Dc08578","locus360",0.573224,0.431778,NA,NA,0.882618,NA,0.96676,NA,NA,0
"Dc08865","Dc10003",0.885552,0.10471,NA,NA,Inf,NA,0.798822,NA,NA,0
"Dc08865","Dc10390",0.30597,1,NA,NA,0.716448,NA,0.075514,NA,0.17508,0
"Dc08865","Dc10878",0.191696,0.201214,1,NA,1,NA,0.181796,NA,0.230642,0
"Dc08865","Dc10885",0.686612,1,NA,0.164828,1,NA,0.278362,NA,0.884094,0
"Dc08865","Dc11203",0.61423,1,NA,NA,0.713376,1,0.161008,NA,0.585572,0
"Dc08865","Dc11714",0.476812,0.536562,NA,NA,1,NA,0.337306,NA,0.816028,0
"Dc08865","Dc13159",0.354888,0.355378,NA,NA,0.099314,NA,0.12748,0.59953,0.78815,0
"Dc08865","Dc13592",0.034596,1,0.500642,NA,0.108332,NA,0.44072,NA,0.368644,1
"Dc08865","Dc14022",0.146176,Inf,Inf,NA,0.573048,NA,Inf,NA,Inf,0
"Dc08865","Dc14945",0.13083,0.49875,NA,NA,Inf,NA,0.582138,NA,Inf,0
"Dc08865","Dc16747",0.737192,1,NA,1,1,NA,0.508082,NA,0.08838,0
"Dc08865","Dc18951",0.09396,1,NA,NA,1,1,0.756014,NA,0.241886,0
"Dc08865","Dc20232",0.13991,0.531332,NA,NA,0.284676,Inf,0.140514,NA,0.729144,0
"Dc08865","Dc22883",0.095682,0.74805,NA,NA,1,NA,0.056458,NA,1,0
"Dc08865","Dc22887",0.035104,0.21461,NA,0.398572,0.715456,NA,0.201982,NA,0.47359,1
"Dc08865","Dc27955",0.818972,0.35642,NA,NA,0.224388,NA,0.933578,NA,0.523386,0
"Dc08865","Dc28124",0.374488,0.357526,NA,NA,0.567662,NA,0.618354,NA,0.192876,0
"Dc08865","Dc28776",0.278158,1,NA,NA,0.88535,NA,0.840682,NA,0.300726,0
"Dc08865","Dc30071",0.131104,Inf,NA,NA,0.568468,NA,0.348138,0.43134,0.746174,0
"Dc08865","Dc31007",0.319534,1,1,NA,Inf,NA,0.831988,NA,NA,0
"Dc08865","Dc33714",0.63108,1,NA,NA,0.827394,NA,0.04092,1,0.643892,1
"Dc08865","Dc33907",1,0.677382,NA,NA,0.486786,NA,0.050306,NA,0.897238,0
"Dc08865","Dc34902",0.400724,1,NA,NA,1,NA,0.514688,NA,0.350186,0
"Dc08865","Dc35779",0.230204,1,NA,NA,0.084624,Inf,0.11577,NA,0.43944,0
"Dc08865","Dc36571",0.194822,0.430616,NA,0.405266,1,NA,0.663376,NA,0.864054,0
"Dc08865","Dc36616",0.207076,0.681256,0.498898,NA,0.286034,Inf,0.407772,NA,1,0
"Dc08865","Dc36767",0.211456,1,NA,NA,0.626334,NA,0.11896,NA,NA,0
"Dc08865","Dc40235",0.577896,0.215418,NA,NA,0.28485,NA,0.505508,NA,0.892178,0
"Dc08865","Dc41234",0.762288,1,Inf,NA,1,NA,0.881062,NA,1,0
"Dc08865","Dc46984",0.59952,1,NA,NA,0.205142,NA,0.393012,NA,0.46058,0
"Dc08865","Dc47572",0.577762,0.873858,NA,NA,0.88509,1,0.897306,0.146856,0.192424,0
"Dc08865","Dc47935",0.26405,1,NA,NA,0.626086,NA,0.914706,NA,0.362824,0
"Dc08865","Dc48207",0.849018,Inf,Inf,NA,Inf,Inf,0.096716,NA,0.301478,0
"Dc08865","Dc48950",0.73781,0.35151,NA,0.700114,0.512,NA,0.016382,NA,0.693482,1
"Dc08865","Dc49080",0.887354,1,NA,1,1,NA,0.368608,NA,0.885718,0
"Dc08865","Dc49184",0.999746,0.143106,NA,NA,0.287418,NA,0.035198,NA,0.613778,1
"Dc08865","Dc51020",0.57851,1,NA,NA,0.486482,NA,0.278338,NA,0.048308,1
"Dc08865","Dc52523",0.216634,1,NA,NA,1,NA,0.500184,NA,0.929802,0
"Dc08865","Dc55481",0.223832,1,NA,NA,0.286902,NA,0.099866,1,0.478278,0
"Dc08865","Dc58248",0.551356,0.74318,NA,NA,0.510396,NA,0.649914,NA,0.94608,0
"Dc08865","Dc62188",0.206662,0.286584,NA,1,0.828184,NA,0.509096,NA,0.001094,1
"Dc08865","Dc67011",0.28107,0.14514,1,1,1,NA,0.153748,NA,0.609134,0
"Dc08865","locus002",0.262652,0.141534,NA,NA,1,NA,0.310046,NA,0.475846,0
"Dc08865","locus003",0.13328,1,NA,NA,0.830248,NA,0.429298,NA,0.573038,0
"Dc08865","locus004",0.71439,1,NA,NA,0.288216,NA,0.128178,NA,0.393486,0
"Dc08865","locus005",0.334494,1,NA,NA,0.71422,Inf,0.143998,NA,0.43788,0
"Dc08865","locus006",0.993204,1,NA,NA,1,NA,0.125276,0.42849,0.382438,0
"Dc08865","locus008",0.182764,0.67814,NA,NA,0.198638,NA,0.109862,NA,0.791946,0
"Dc08865","locus013",0.74682,1,NA,NA,0.311088,NA,0.582214,NA,0.883708,0
"Dc08865","locus014",0.571134,0.401544,NA,NA,0.57101,NA,0.955422,NA,0.768126,0
"Dc08865","locus022",0.41084,0.74314,NA,NA,0.833204,NA,0.169062,NA,0.765446,0
"Dc08865","locus024",0.754642,1,NA,NA,1,NA,0.018958,NA,0.056468,1
"Dc08865","locus025",0.43997,0.271622,Inf,NA,0.5716,NA,0.480228,NA,0.038286,1
"Dc08865","locus027",0.11361,1,Inf,NA,0.884998,NA,0.728876,NA,1,0
"Dc08865","locus030",0.906664,0.370866,0.50001,NA,0.319104,NA,0.456784,0.774742,0.882718,0
"Dc08865","locus035",0.66635,0.21323,1,NA,0.712216,Inf,0.296656,NA,0.352672,0
"Dc08865","locus038",0.303834,1,NA,NA,0.826728,NA,0.88192,NA,0.468028,0
"Dc08865","locus039",0.130808,1,NA,NA,1,NA,0.275726,NA,0.613746,0
"Dc08865","locus040",0.92733,0.498652,NA,NA,0.713852,NA,0.994168,NA,Inf,0
"Dc08865","locus041",0.528394,0.269478,NA,0.399398,1,NA,0.841262,NA,1,0
"Dc08865","locus045",0.28328,0.677974,NA,NA,0.288274,NA,0.52844,NA,0.826268,0
"Dc08865","locus047",0.782868,0.82675,NA,NA,0.202876,NA,0.586292,1,0.921324,0
"Dc08865","locus048",0.81054,Inf,NA,NA,0.713336,NA,0.292484,1,0.716662,0
"Dc08865","locus053",0.207412,0.269214,NA,NA,0.355806,NA,0.202976,NA,0.5085,0
"Dc08865","locus055",0.491582,1,NA,NA,1,NA,0.24224,NA,0.720662,0
"Dc08865","locus056",0.791346,1,NA,NA,0.572804,NA,0.247572,NA,0.272694,0
"Dc08865","locus058",0.718626,0.2488,NA,NA,0.71315,NA,0.006866,NA,0.355456,1
"Dc08865","locus060",0.200522,0.679652,NA,NA,0.112446,NA,0.061046,NA,0.696962,0
"Dc08865","locus061",0.27464,0.572098,NA,NA,0.568376,NA,0.263136,NA,0.770292,0
"Dc08865","locus062",0.43221,0.496984,NA,0.40127,0.231594,NA,0.906084,1,0.971974,0
"Dc08865","locus064",0.081212,0.5721,NA,NA,0.71204,NA,0.832202,NA,1,0
"Dc08865","locus065",0.091088,1,NA,NA,1,NA,0.78517,NA,0.347614,0
"Dc08865","locus073",0.814888,0.142592,NA,NA,0.826774,NA,0.056986,NA,0.333132,0
"Dc08865","locus074",0.45352,0.74232,NA,NA,0.884736,NA,0.06522,NA,0.465004,0
"Dc08865","locus076",0.458514,0.678936,NA,NA,1,NA,0.467866,NA,0.478816,0
"Dc08865","locus077",0.864456,1,NA,NA,0.487818,NA,0.411176,NA,0.873814,0
"Dc08865","locus080",0.269548,0.484656,NA,NA,1,NA,0.146458,NA,0.85969,0
"Dc08865","locus083",0.392152,1,NA,NA,0.499964,NA,0.107556,NA,0.79295,0
"Dc08865","locus088",0.409212,0.273378,NA,NA,1,NA,0.307392,NA,0.832796,0
"Dc08865","locus093",1,Inf,Inf,NA,Inf,NA,0.666234,NA,1,0
"Dc08865","locus096",0.820266,1,0.500792,NA,0.715528,NA,0.691424,NA,0.451356,0
"Dc08865","locus098",0.92906,0.6752,NA,NA,1,NA,0.997826,NA,0.858552,0
"Dc08865","locus100",0.561892,1,NA,NA,0.484054,NA,0.099834,NA,0.471008,0
"Dc08865","locus106",0.14881,Inf,NA,NA,1,NA,0.900042,NA,1,0
"Dc08865","locus110",0.470934,0.399052,NA,NA,NA,NA,0.76103,NA,NA,0
"Dc08865","locus116",0.51282,0.056986,NA,NA,0.886208,NA,0.381746,NA,NA,0
"Dc08865","locus119",0.121636,1,NA,NA,1,NA,0.647804,NA,NA,0
"Dc08865","locus120",0.636042,1,NA,NA,0.286118,NA,0.585222,0.257534,NA,0
"Dc08865","locus126",0.747398,1,NA,NA,0.483538,NA,0.10454,NA,NA,0
"Dc08865","locus128",0.950806,0.677562,NA,NA,0.114486,NA,0.660278,NA,NA,0
"Dc08865","locus129",0.577,0.272384,NA,NA,0.047608,NA,0.52408,NA,NA,1
"Dc08865","locus130",0.200222,0.677648,NA,NA,1,NA,0.546132,NA,NA,0
"Dc08865","locus134",0.948546,0.678996,NA,NA,0.887692,Inf,0.423864,NA,NA,0
"Dc08865","locus135",0.858804,0.611924,NA,NA,0.231646,NA,0.91135,NA,NA,0
"Dc08865","locus137",0.52128,1,NA,NA,0.713822,NA,0.45648,NA,NA,0
"Dc08865","locus139",0.10734,1,Inf,NA,1,NA,0.638064,0.769746,NA,0
"Dc08865","locus140",0.10891,1,Inf,NA,1,NA,0.636388,NA,NA,0
"Dc08865","locus146",0.377368,0.571876,NA,1,1,NA,0.435252,NA,NA,0
"Dc08865","locus148",0.772762,0.355866,NA,NA,0.83029,NA,0.28378,NA,NA,0
"Dc08865","locus151",0.7882,1,1,NA,0.884114,NA,0.94872,NA,NA,0
"Dc08865","locus157",0.36175,1,NA,Inf,1,NA,0.000278,NA,NA,1
"Dc08865","locus161",0.531066,0.143856,1,NA,0.286568,NA,0.799258,1,NA,0
"Dc08865","locus165",0.526906,0.057688,NA,NA,1,NA,0.878644,NA,NA,0
"Dc08865","locus170",0.117674,1,NA,NA,1,NA,0.00851,NA,NA,1
"Dc08865","locus176",0.05096,1,NA,NA,0.884094,NA,0.870228,NA,NA,0
"Dc08865","locus184",0.406754,1,NA,NA,0.712512,NA,0.095738,NA,NA,0
"Dc08865","locus186",0.955246,0.213574,NA,NA,0.08789,NA,0.772856,NA,NA,0
"Dc08865","locus188",0.515844,0.740838,NA,NA,0.085068,NA,0.209364,1,NA,0
"Dc08865","locus189",0.092566,0.037172,Inf,NA,0.311706,NA,0.583912,NA,NA,1
"Dc08865","locus190",0.226664,1,Inf,NA,0.883682,NA,0.834998,NA,NA,0
"Dc08865","locus191",0.071464,1,NA,NA,0.309816,NA,0.44975,NA,NA,0
"Dc08865","locus192",0.577986,0.533162,NA,NA,1,NA,0.491502,NA,NA,0
"Dc08865","locus195",0.164544,0.677612,NA,NA,0.713756,NA,0.848438,NA,NA,0
"Dc08865","locus202",0.529588,1,NA,NA,0.886414,NA,0.847272,NA,NA,0
"Dc08865","locus210",0.068952,1,NA,NA,0.82965,NA,0.856496,1,NA,0
"Dc08865","locus215",0.60737,0.678868,Inf,NA,0.824514,NA,0.609802,NA,NA,0
"Dc08865","locus227",0.813654,1,Inf,NA,Inf,NA,0.021978,NA,NA,1
"Dc08865","locus231",0.724948,1,NA,NA,1,NA,0.555972,NA,NA,0
"Dc08865","locus235",0.294312,0.785736,NA,NA,1,NA,0.00796,NA,NA,1
"Dc08865","locus236",0.249764,0.395946,NA,NA,1,1,0.637944,NA,NA,0
"Dc08865","locus237",0.736224,1,NA,NA,1,NA,0.2602,NA,NA,0
"Dc08865","locus239",0.317652,1,NA,NA,0.487658,1,0.057578,NA,NA,0
"Dc08865","locus248",0.3527,0.213718,NA,NA,1,NA,0.448452,0.659488,NA,0
"Dc08865","locus255",0.77743,0.057564,NA,NA,0.713952,NA,NA,NA,NA,0
"Dc08865","locus256",0.877348,0.498808,NA,1,1,NA,0.028848,NA,NA,1
"Dc08865","locus263",0.12536,1,NA,Inf,0.57207,NA,0.190288,NA,NA,0
"Dc08865","locus264",0.344698,0.294904,NA,NA,0.488976,NA,0.334152,NA,NA,0
"Dc08865","locus274",0.413516,0.269598,NA,NA,0.71658,NA,0.060312,NA,NA,0
"Dc08865","locus280",0.062796,0.40426,NA,NA,0.009368,NA,0.32718,0.428148,NA,1
"Dc08865","locus282",0.832566,1,NA,NA,1,NA,0.753084,NA,NA,0
"Dc08865","locus286",0.966638,0.500578,NA,NA,0.28553,NA,0.94088,NA,NA,0
"Dc08865","locus291",0.775396,1,NA,NA,1,NA,0.32427,NA,NA,0
"Dc08865","locus292",0.114252,1,NA,0.596424,0.826718,NA,0.956962,NA,NA,0
"Dc08865","locus296",0.855726,1,NA,NA,0.717296,NA,0.441714,NA,NA,0
"Dc08865","locus301",0.5604,0.540352,Inf,NA,1,0.333404,0.555996,NA,NA,0
"Dc08865","locus314",0.697762,0.486838,NA,NA,0.714348,NA,0.191576,NA,NA,0
"Dc08865","locus321",0.459372,0.199408,NA,1,0.71364,NA,0.286174,1,NA,0
"Dc08865","locus322",0.217072,0.677976,NA,NA,0.887346,NA,0.041416,NA,NA,1
"Dc08865","locus323",0.910328,1,NA,NA,0.487572,NA,0.09654,NA,NA,0
"Dc08865","locus329",0.315656,1,NA,NA,0.8294,NA,0.00626,NA,NA,1
"Dc08865","locus332",0.318704,1,NA,NA,1,NA,0.507692,NA,NA,0
"Dc08865","locus349",0.553702,1,NA,NA,1,NA,0.606532,NA,NA,0
"Dc08865","locus358",0.841586,1,NA,0.60018,0.486316,NA,0.381982,NA,NA,0
"Dc08865","locus359",0.579786,0.529506,NA,NA,1,NA,0.941092,NA,NA,0
"Dc08865","locus360",0.450848,0.788126,NA,NA,0.889116,NA,0.523002,NA,NA,0
"Dc10003","Dc10390",1,1,NA,NA,Inf,NA,0.82323,NA,NA,0
"Dc10003","Dc10878",0.937406,0.56765,Inf,NA,Inf,NA,0.580714,NA,NA,0
"Dc10003","Dc10885",0.064262,1,NA,1,Inf,NA,0.607238,NA,NA,0
"Dc10003","Dc11203",0.03686,1,NA,NA,Inf,NA,0.682972,NA,NA,1
"Dc10003","Dc11714",0.86147,0.287024,Inf,NA,Inf,NA,0.411396,NA,NA,0
"Dc10003","Dc13159",0.517676,0.21485,NA,NA,Inf,NA,0.767628,Inf,NA,0
"Dc10003","Dc13592",0.669138,1,1,NA,Inf,NA,0.01099,NA,NA,1
"Dc10003","Dc14022",0.516016,Inf,Inf,NA,Inf,NA,Inf,NA,NA,0
"Dc10003","Dc14945",0.286308,0.249824,NA,NA,Inf,NA,0.262848,NA,NA,0
"Dc10003","Dc16747",0.375476,0.45943,NA,0.49847,Inf,NA,0.615714,NA,NA,0
"Dc10003","Dc18951",0.272574,0.427838,NA,NA,Inf,NA,0.814196,NA,NA,0
"Dc10003","Dc20232",0.415794,0.643756,NA,NA,Inf,NA,0.187942,NA,NA,0
"Dc10003","Dc22883",0.152464,0.497452,NA,NA,Inf,NA,0.251706,NA,NA,0
"Dc10003","Dc22887",1,0.463542,NA,1,Inf,NA,1,NA,NA,0
"Dc10003","Dc27955",0.024096,0.466972,NA,NA,Inf,NA,0.83364,NA,NA,1
"Dc10003","Dc28124",0.486952,0.462576,NA,NA,Inf,NA,0.258444,NA,NA,0
"Dc10003","Dc28776",0.61733,1,NA,NA,Inf,NA,0.159018,NA,NA,0
"Dc10003","Dc30071",0.966902,Inf,NA,NA,Inf,NA,0.386858,Inf,NA,0
"Dc10003","Dc31007",0.247336,1,0.335516,NA,Inf,NA,1,NA,NA,0
"Dc10003","Dc33714",0.014918,1,Inf,NA,Inf,NA,0.120824,Inf,NA,1
"Dc10003","Dc33907",0.395828,0.641986,NA,NA,Inf,NA,0.624322,NA,NA,0
"Dc10003","Dc34902",1,0.646554,NA,NA,Inf,NA,0.603922,NA,NA,0
"Dc10003","Dc35779",0.616338,1,NA,NA,Inf,NA,0.248448,NA,NA,0
"Dc10003","Dc36571",0.307492,1,NA,1,Inf,NA,0.661564,NA,NA,0
"Dc10003","Dc36616",0.250626,0.642022,1,NA,Inf,NA,0.787858,NA,NA,0
"Dc10003","Dc36767",0.125044,0.638008,NA,NA,Inf,NA,0.90464,NA,NA,0
"Dc10003","Dc40235",0.666354,0.465992,NA,NA,Inf,NA,0.79225,NA,NA,0
"Dc10003","Dc41234",0.809716,1,NA,NA,Inf,NA,0.771902,NA,NA,0
"Dc10003","Dc46984",0.496466,1,NA,NA,Inf,NA,0.251898,NA,NA,0
"Dc10003","Dc47572",1,1,NA,NA,Inf,NA,0.345188,Inf,NA,0
"Dc10003","Dc47935",0.862704,1,NA,NA,Inf,NA,0.843556,NA,NA,0
"Dc10003","Dc48207",0.6092,Inf,Inf,NA,Inf,NA,1,NA,NA,0
"Dc10003","Dc48950",0.140946,0.218016,NA,1,Inf,NA,0.550944,NA,NA,0
"Dc10003","Dc49080",0.665878,1,NA,0.501224,Inf,NA,0.752414,NA,NA,0
"Dc10003","Dc49184",0.949444,1,NA,NA,Inf,NA,0.670334,NA,NA,0
"Dc10003","Dc51020",0.415292,1,NA,NA,Inf,NA,0.932416,NA,NA,0
"Dc10003","Dc52523",0.495556,0.682306,NA,NA,Inf,NA,0.56604,NA,NA,0
"Dc10003","Dc55481",0.473922,1,NA,NA,Inf,NA,0.561732,Inf,NA,0
"Dc10003","Dc58248",0.797286,1,NA,NA,Inf,NA,0.61314,NA,NA,0
"Dc10003","Dc62188",0.915006,0.359046,NA,1,Inf,NA,0.84969,NA,NA,0
"Dc10003","Dc67011",0.129916,1,1,Inf,Inf,NA,0.328442,NA,NA,0
"Dc10003","locus002",0.652834,0.286696,NA,NA,Inf,NA,0.78647,NA,NA,0
"Dc10003","locus003",0.39338,0.641298,NA,NA,Inf,NA,1,NA,NA,0
"Dc10003","locus004",0.216778,1,NA,NA,Inf,NA,0.747678,NA,NA,0
"Dc10003","locus005",0.373422,1,NA,NA,Inf,NA,0.145842,NA,NA,0
"Dc10003","locus006",0.206072,1,NA,NA,Inf,NA,0.08918,Inf,NA,0
"Dc10003","locus008",0.907206,0.106126,NA,NA,Inf,NA,0.675482,NA,NA,0
"Dc10003","locus013",0.023126,0.675338,NA,NA,Inf,NA,0.206194,NA,NA,1
"Dc10003","locus014",0.581444,0.256306,NA,NA,Inf,NA,0.158354,NA,NA,0
"Dc10003","locus022",0.394152,1,NA,NA,Inf,NA,0.240566,NA,NA,0
"Dc10003","locus024",0.629646,1,NA,NA,Inf,NA,0.402072,NA,NA,0
"Dc10003","locus025",0.249662,1,Inf,NA,Inf,NA,0.450782,NA,NA,0
"Dc10003","locus027",0.056366,0.429952,Inf,NA,Inf,NA,0.3508,NA,NA,0
"Dc10003","locus030",0.370606,0.789472,1,NA,Inf,NA,0.346992,Inf,NA,0
"Dc10003","locus035",1,0.465512,1,NA,Inf,NA,1,NA,NA,0
"Dc10003","locus038",0.531572,1,NA,NA,Inf,NA,0.709374,NA,NA,0
"Dc10003","locus039",0.771456,1,NA,NA,Inf,NA,0.396342,NA,NA,0
"Dc10003","locus040",0.59083,0.251038,NA,NA,Inf,NA,0.56172,NA,NA,0
"Dc10003","locus041",0.679226,1,NA,1,Inf,NA,0.115632,NA,NA,0
"Dc10003","locus045",0.201308,0.639976,NA,NA,Inf,NA,0.755076,NA,NA,0
"Dc10003","locus047",1,0.78721,NA,NA,Inf,NA,0.29671,Inf,NA,0
"Dc10003","locus048",0.344868,Inf,NA,NA,Inf,NA,1,Inf,NA,0
"Dc10003","locus053",0.874622,0.249828,NA,NA,Inf,NA,0.071606,NA,NA,0
"Dc10003","locus055",0.257456,0.465436,NA,NA,Inf,NA,0.673382,NA,NA,0
"Dc10003","locus056",0.605512,1,NA,NA,Inf,NA,0.534094,NA,NA,0
"Dc10003","locus058",0.599386,0.645292,NA,NA,Inf,NA,0.597116,NA,NA,0
"Dc10003","locus060",0.761882,0.642726,NA,NA,Inf,NA,0.377156,NA,NA,0
"Dc10003","locus061",1,1,NA,NA,Inf,NA,0.100574,NA,NA,0
"Dc10003","locus062",0.930884,0.249804,NA,1,Inf,NA,0.853524,Inf,NA,0
"Dc10003","locus064",0.765232,1,NA,NA,Inf,NA,0.75775,NA,NA,0
"Dc10003","locus065",1,0.46374,NA,NA,Inf,NA,0.248858,NA,NA,0
"Dc10003","locus073",0.861582,1,NA,NA,Inf,NA,0.774496,NA,NA,0
"Dc10003","locus074",0.836278,1,NA,NA,Inf,NA,0.039216,NA,NA,1
"Dc10003","locus076",0.85239,0.64203,NA,NA,Inf,NA,0.44831,NA,NA,0
"Dc10003","locus077",0.426584,0.46337,NA,NA,Inf,NA,0.69369,NA,NA,0
"Dc10003","locus080",0.758862,0.357238,NA,NA,Inf,NA,0.09143,NA,NA,0
"Dc10003","locus083",0.733456,0.466036,NA,NA,Inf,NA,0.311266,NA,NA,0
"Dc10003","locus088",0.41267,1,NA,NA,Inf,NA,0.395686,NA,NA,0
"Dc10003","locus093",0.613918,Inf,Inf,NA,Inf,NA,1,NA,NA,0
"Dc10003","locus096",0.748656,1,Inf,NA,Inf,NA,0.555766,NA,NA,0
"Dc10003","locus098",0.64812,0.641538,NA,NA,Inf,NA,1,NA,NA,0
"Dc10003","locus100",0.816862,1,NA,NA,Inf,NA,0.684254,NA,NA,0
"Dc10003","locus106",0.888846,Inf,NA,NA,Inf,NA,0.029454,NA,NA,1
"Dc10003","locus110",0.293766,1,NA,NA,NA,NA,1,NA,NA,0
"Dc10003","locus116",0.369774,1,NA,NA,Inf,NA,0.675002,NA,NA,0
"Dc10003","locus119",0.857868,1,NA,NA,Inf,NA,0.027034,NA,NA,1
"Dc10003","locus120",0.089374,1,NA,NA,Inf,NA,1,Inf,NA,0
"Dc10003","locus126",0.366972,1,NA,NA,Inf,NA,0.514158,NA,NA,0
"Dc10003","locus128",0.070862,1,NA,NA,Inf,NA,0.508326,NA,NA,0
"Dc10003","locus129",0.960816,0.106678,NA,NA,Inf,NA,0.1781,NA,NA,0
"Dc10003","locus130",0.479884,0.641524,NA,NA,Inf,NA,0.290198,NA,NA,0
"Dc10003","locus134",0.741168,0.644366,NA,NA,Inf,NA,0.295518,NA,NA,0
"Dc10003","locus135",0.896848,1,NA,NA,Inf,NA,0.905342,NA,NA,0
"Dc10003","locus137",0.44375,0.678796,NA,NA,Inf,NA,0.912856,NA,NA,0
"Dc10003","locus139",0.167024,1,Inf,NA,Inf,NA,0.396672,Inf,NA,0
"Dc10003","locus140",0.171206,1,Inf,NA,Inf,NA,0.39852,NA,NA,0
"Dc10003","locus146",0.191412,1,NA,1,Inf,NA,0.888534,NA,NA,0
"Dc10003","locus148",0.22289,0.46247,NA,NA,Inf,NA,0.58806,NA,NA,0
"Dc10003","locus151",0.433038,1,0.333182,NA,Inf,NA,0.491392,NA,NA,0
"Dc10003","locus157",0.145444,1,NA,NA,Inf,NA,0.750496,NA,NA,0
"Dc10003","locus161",0.29861,1,Inf,NA,Inf,NA,0.457962,Inf,NA,0
"Dc10003","locus165",0.952026,0.25105,NA,NA,Inf,NA,1,NA,NA,0
"Dc10003","locus170",0.942324,1,NA,NA,Inf,NA,0.960212,NA,NA,0
"Dc10003","locus176",0.424756,0.678404,NA,NA,Inf,NA,0.55165,NA,NA,0
"Dc10003","locus184",0.49326,0.428638,NA,NA,Inf,NA,1,NA,NA,0
"Dc10003","locus186",0.73487,0.034856,NA,NA,Inf,NA,0.328472,NA,NA,1
"Dc10003","locus188",0.042222,0.50358,NA,NA,Inf,NA,0.783062,Inf,NA,1
"Dc10003","locus189",0.12831,1,Inf,NA,Inf,NA,0.059508,NA,NA,0
"Dc10003","locus190",0.681146,1,Inf,NA,Inf,NA,0.550534,NA,NA,0
"Dc10003","locus191",0.948148,1,NA,NA,Inf,NA,0.183864,NA,NA,0
"Dc10003","locus192",0.107374,0.641506,NA,NA,Inf,NA,0.802182,NA,NA,0
"Dc10003","locus195",0.08013,1,NA,NA,Inf,NA,0.664848,NA,NA,0
"Dc10003","locus202",0.65944,1,NA,NA,Inf,NA,0.470048,NA,NA,0
"Dc10003","locus210",0.266378,0.786696,NA,NA,Inf,NA,0.678102,Inf,NA,0
"Dc10003","locus215",0.594114,1,Inf,NA,Inf,NA,0.498534,NA,NA,0
"Dc10003","locus227",1,1,Inf,NA,Inf,NA,0.357664,NA,NA,0
"Dc10003","locus231",0.864192,1,NA,NA,Inf,NA,0.263318,NA,NA,0
"Dc10003","locus235",0.744628,0.650398,NA,NA,Inf,NA,0.74581,NA,NA,0
"Dc10003","locus236",0.266618,0.10943,NA,NA,Inf,NA,0.111436,NA,NA,0
"Dc10003","locus237",0.321422,1,NA,NA,Inf,NA,0.82221,NA,NA,0
"Dc10003","locus239",0.53737,0.63664,NA,NA,Inf,NA,0.673936,NA,NA,0
"Dc10003","locus248",0.80325,1,NA,NA,Inf,NA,0.41893,Inf,NA,0
"Dc10003","locus255",0.542676,0.248338,NA,NA,Inf,NA,NA,NA,NA,0
"Dc10003","locus256",0.963526,1,NA,1,Inf,NA,0.450108,NA,NA,0
"Dc10003","locus263",0.745964,1,NA,Inf,Inf,NA,1,NA,NA,0
"Dc10003","locus264",0.19538,0.679902,NA,NA,Inf,NA,0.603042,NA,NA,0
"Dc10003","locus274",1,0.105888,NA,NA,Inf,NA,0.575474,NA,NA,0
"Dc10003","locus280",0.056976,1,NA,NA,Inf,NA,0.160528,Inf,NA,0
"Dc10003","locus282",0.581322,1,NA,NA,Inf,NA,0.021278,NA,NA,1
"Dc10003","locus286",1,1,NA,NA,Inf,NA,0.505014,NA,NA,0
"Dc10003","locus291",0.957878,0.644626,NA,NA,Inf,NA,0.169562,NA,NA,0
"Dc10003","locus292",0.354272,1,NA,1,Inf,NA,0.05306,NA,NA,0
"Dc10003","locus296",0.036302,1,NA,NA,Inf,NA,0.682386,NA,NA,1
"Dc10003","locus301",0.491456,0.645106,Inf,NA,Inf,NA,0.475728,NA,NA,0
"Dc10003","locus314",1,1,NA,NA,Inf,NA,1,NA,NA,0
"Dc10003","locus321",0.897472,0.782898,NA,1,Inf,NA,0.81693,Inf,NA,0
"Dc10003","locus322",0.470174,0.645452,NA,NA,Inf,NA,0.539142,NA,NA,0
"Dc10003","locus323",0.361228,1,NA,NA,Inf,NA,0.944974,NA,NA,0
"Dc10003","locus329",0.181244,0.461364,NA,NA,Inf,NA,0.547514,NA,NA,0
"Dc10003","locus332",0.096674,1,NA,NA,Inf,NA,0.00545,NA,NA,1
"Dc10003","locus349",0.867182,1,NA,NA,Inf,NA,0.92044,NA,NA,0
"Dc10003","locus358",0.20138,0.429134,NA,1,Inf,NA,0.459984,NA,NA,0
"Dc10003","locus359",0.38674,0.636862,NA,NA,Inf,NA,0.669382,NA,NA,0
"Dc10003","locus360",0.189142,0.647602,NA,NA,Inf,NA,0.831518,NA,NA,0
"Dc10390","Dc10878",1,1,NA,NA,0.522678,NA,0.16943,NA,0.660534,0
"Dc10390","Dc10885",0.090682,1,NA,1,1,NA,0.90498,NA,0.706206,0
"Dc10390","Dc11203",0.269168,1,NA,NA,0.523822,Inf,1,NA,0.067438,0
"Dc10390","Dc11714",0.116854,1,Inf,NA,0.334426,NA,0.025892,NA,0.289948,1
"Dc10390","Dc13159",0.063536,0.25247,NA,NA,0.713556,NA,0.232392,Inf,0.900398,0
"Dc10390","Dc13592",0.13833,0.126118,Inf,NA,0.717264,NA,0.207742,NA,1,0
"Dc10390","Dc14022",1,Inf,Inf,NA,1,NA,Inf,NA,Inf,0
"Dc10390","Dc14945",0.51791,1,NA,NA,Inf,NA,0.214616,NA,Inf,0
"Dc10390","Dc16747",0.882262,1,NA,0.249632,0.428606,NA,0.530664,NA,0.493112,0
"Dc10390","Dc18951",0.129014,1,NA,NA,0.1433,Inf,0.423776,NA,0.686208,0
"Dc10390","Dc20232",0.398888,1,NA,NA,0.284612,Inf,0.251124,NA,0.621914,0
"Dc10390","Dc22883",0.733846,1,NA,NA,1,NA,0.18141,NA,1,0
"Dc10390","Dc22887",0.201228,1,NA,1,1,NA,0.18833,NA,0.350054,0
"Dc10390","Dc27955",0.682562,1,NA,NA,1,NA,1,NA,0.400794,0
"Dc10390","Dc28124",0.730516,1,NA,NA,1,NA,1,NA,1,0
"Dc10390","Dc28776",0.416234,0.374148,NA,NA,0.619762,NA,0.242224,NA,0.456998,0
"Dc10390","Dc30071",0.50018,Inf,NA,NA,1,NA,1,Inf,0.589606,0
"Dc10390","Dc31007",0.702164,1,Inf,NA,Inf,NA,0.07793,NA,NA,0
"Dc10390","Dc33714",0.853386,0.372402,NA,NA,1,NA,0.322424,Inf,1,0
"Dc10390","Dc33907",0.323656,1,NA,NA,0.142932,NA,0.355892,NA,0.878424,0
"Dc10390","Dc34902",1,1,NA,NA,0.523816,NA,1,NA,0.45277,0
"Dc10390","Dc35779",0.614302,1,NA,NA,1,Inf,0.263816,NA,1,0
"Dc10390","Dc36571",0.236868,1,NA,1,0.523832,NA,0.743582,NA,0.757,0
"Dc10390","Dc36616",1,1,Inf,NA,1,Inf,0.15648,NA,0.674548,0
"Dc10390","Dc36767",0.74127,1,NA,NA,0.717752,NA,0.036352,NA,NA,1
"Dc10390","Dc40235",0.548496,1,NA,NA,1,NA,0.223638,NA,0.672536,0
"Dc10390","Dc41234",0.355778,0.378694,NA,NA,0.808522,NA,0.747938,NA,1,0
"Dc10390","Dc46984",0.18692,1,NA,NA,0.713556,NA,0.452642,NA,0.337844,0
"Dc10390","Dc47572",0.320342,1,NA,NA,1,Inf,0.72525,Inf,0.29281,0
"Dc10390","Dc47935",0.25078,0.628688,NA,NA,1,NA,0.479014,NA,0.745516,0
"Dc10390","Dc48207",0.554996,Inf,Inf,NA,Inf,Inf,1,NA,0.100804,0
"Dc10390","Dc48950",0.700934,0.502932,NA,1,1,NA,0.037184,NA,0.394936,1
"Dc10390","Dc49080",0.667502,0.49882,NA,1,0.428958,NA,0.38868,NA,0.274384,0
"Dc10390","Dc49184",0.499316,1,NA,NA,1,NA,1,NA,0.685714,0
"Dc10390","Dc51020",0.789944,0.375384,NA,NA,0.428916,NA,0.691458,NA,1,0
"Dc10390","Dc52523",0.54519,0.630648,NA,NA,0.7152,Inf,0.867898,NA,0.697294,0
"Dc10390","Dc55481",0.024832,0.377348,NA,NA,1,NA,0.704236,Inf,1,1
"Dc10390","Dc58248",0.178948,1,NA,NA,1,NA,0.4119,NA,0.22982,0
"Dc10390","Dc62188",0.21745,0.37169,Inf,1,1,NA,0.130724,NA,0.104828,0
"Dc10390","Dc67011",1,1,Inf,1,1,NA,0.422292,NA,0.683628,0
"Dc10390","locus002",1,1,Inf,NA,1,NA,1,NA,0.302728,0
"Dc10390","locus003",0.161454,0.374532,NA,NA,1,NA,0.692114,NA,0.272198,0
"Dc10390","locus004",0.53929,1,NA,NA,0.28576,NA,0.694996,NA,1,0
"Dc10390","locus005",0.580092,1,NA,NA,0.048298,NA,0.273294,NA,0.231596,1
"Dc10390","locus006",0.797944,0.250322,NA,NA,1,NA,1,Inf,0.180622,0
"Dc10390","locus008",0.603116,0.375116,NA,NA,0.427492,NA,0.118788,NA,0.312286,0
"Dc10390","locus013",0.070946,0.251094,NA,NA,1,Inf,0.564292,NA,0.12958,0
"Dc10390","locus014",0.839106,1,NA,NA,0.52459,NA,0.638896,NA,0.755388,0
"Dc10390","locus022",0.561726,1,NA,NA,0.71229,NA,0.04897,NA,0.517366,1
"Dc10390","locus024",0.80903,1,NA,NA,1,NA,1,NA,0.378666,0
"Dc10390","locus025",0.089544,0.497462,NA,NA,0.522902,NA,0.651428,NA,0.194308,0
"Dc10390","locus027",0.464196,1,NA,NA,0.048574,NA,0.585786,NA,1,1
"Dc10390","locus030",0.456884,1,Inf,NA,1,NA,0.283594,Inf,0.686106,0
"Dc10390","locus035",0.48161,1,Inf,NA,1,Inf,0.370422,NA,0.26482,0
"Dc10390","locus038",0.78214,0.500414,NA,NA,1,NA,0.7886,NA,0.528368,0
"Dc10390","locus039",1,1,NA,NA,0.523516,NA,1,NA,1,0
"Dc10390","locus040",0.606496,1,NA,NA,0.523584,NA,0.415086,NA,Inf,0
"Dc10390","locus041",0.788944,0.123294,NA,1,1,NA,0.372358,NA,1,0
"Dc10390","locus045",0.267736,1,NA,NA,1,NA,1,NA,0.582374,0
"Dc10390","locus047",0.919538,1,NA,NA,0.427032,NA,0.736706,Inf,0.188066,0
"Dc10390","locus048",1,Inf,NA,NA,0.52314,NA,0.670132,Inf,1,0
"Dc10390","locus053",0.329948,0.49816,NA,NA,0.811616,NA,0.700358,NA,1,0
"Dc10390","locus055",0.897784,1,NA,0.249712,1,NA,0.398102,NA,0.230862,0
"Dc10390","locus056",0.304978,1,NA,NA,1,NA,0.329694,NA,1,0
"Dc10390","locus058",0.049056,1,Inf,NA,0.096354,NA,0.33035,NA,0.760542,1
"Dc10390","locus060",0.64625,1,NA,NA,0.331536,NA,0.290378,NA,1,0
"Dc10390","locus061",0.291108,0.251164,NA,NA,1,NA,0.369702,NA,0.421524,0
"Dc10390","locus062",0.401688,1,NA,1,0.571892,NA,0.925408,Inf,0.487902,0
"Dc10390","locus064",0.273908,0.250134,NA,NA,1,NA,0.346528,NA,1,0
"Dc10390","locus065",0.002612,1,NA,NA,0.285582,NA,0.04853,NA,0.167824,2
"Dc10390","locus073",0.20549,1,NA,NA,0.574378,NA,0.049268,NA,1,1
"Dc10390","locus074",0.132914,1,NA,NA,1,NA,0.91981,NA,0.592478,0
"Dc10390","locus076",0.613322,1,NA,NA,1,Inf,0.763332,NA,1,0
"Dc10390","locus077",1,0.248908,NA,NA,1,NA,1,NA,1,0
"Dc10390","locus080",0.91611,1,NA,NA,0.618246,NA,0.665444,NA,1,0
"Dc10390","locus083",0.76627,1,NA,NA,1,NA,0.166682,NA,0.071022,0
"Dc10390","locus088",0.03886,0.501344,NA,NA,0.143144,NA,0.007788,NA,1,2
"Dc10390","locus093",0.597722,Inf,Inf,NA,Inf,NA,1,NA,0.286284,0
"Dc10390","locus096",0.458426,0.25003,Inf,NA,0.523174,NA,0.310992,NA,0.078094,0
"Dc10390","locus098",0.412714,1,NA,NA,0.286188,NA,0.15924,NA,0.32665,0
"Dc10390","locus100",0.193034,1,NA,NA,0.142792,NA,0.833366,NA,0.753406,0
"Dc10390","locus106",1,Inf,NA,NA,0.523952,NA,1,NA,1,0
"Dc10390","locus110",0.357092,Inf,NA,NA,NA,NA,0.19653,NA,NA,0
"Dc10390","locus116",0.101976,0.495498,NA,NA,0.61663,NA,0.890446,NA,NA,0
"Dc10390","locus119",0.046572,0.125522,NA,NA,0.5238,NA,0.333274,NA,NA,1
"Dc10390","locus120",0.468278,0.124818,NA,NA,0.286766,NA,1,Inf,NA,0
"Dc10390","locus126",0.738442,0.428704,NA,NA,0.14385,NA,0.22713,NA,NA,0
"Dc10390","locus128",1,1,NA,NA,1,NA,0.484266,NA,NA,0
"Dc10390","locus129",0.881508,0.502534,NA,NA,0.52472,NA,0.524196,NA,NA,0
"Dc10390","locus130",0.543862,0.374772,NA,NA,0.46674,NA,0.201344,NA,NA,0
"Dc10390","locus134",0.027458,1,Inf,NA,1,Inf,0.796736,NA,NA,1
"Dc10390","locus135",0.636418,1,NA,NA,0.57152,NA,0.72833,NA,NA,0
"Dc10390","locus137",0.73,1,NA,NA,1,NA,0.130778,NA,NA,0
"Dc10390","locus139",0.671734,1,Inf,NA,0.428534,NA,0.359614,Inf,NA,0
"Dc10390","locus140",0.671806,1,Inf,NA,0.42875,NA,0.357386,NA,NA,0
"Dc10390","locus146",0.58668,0.249428,NA,0.399244,0.524072,NA,0.520648,NA,NA,0
"Dc10390","locus148",1,1,NA,NA,0.57302,NA,0.934896,NA,NA,0
"Dc10390","locus151",0.649182,1,Inf,NA,1,NA,0.939426,NA,NA,0
"Dc10390","locus157",0.132724,1,NA,NA,0.285074,NA,1,NA,NA,0
"Dc10390","locus161",0.50592,0.37645,NA,NA,1,NA,0.878414,Inf,NA,0
"Dc10390","locus165",0.170438,0.499522,NA,NA,1,NA,0.495294,NA,NA,0
"Dc10390","locus170",0.01639,0.124674,Inf,NA,0.428152,NA,0.157758,NA,NA,1
"Dc10390","locus176",0.90895,1,NA,NA,1,NA,0.40749,NA,NA,0
"Dc10390","locus184",0.101568,1,NA,NA,1,NA,0.871646,NA,NA,0
"Dc10390","locus186",0.78884,1,NA,NA,1,NA,1,NA,NA,0
"Dc10390","locus188",0.684398,0.249566,NA,NA,0.428314,NA,0.162814,Inf,NA,0
"Dc10390","locus189",0.84288,0.251554,Inf,NA,1,NA,0.64138,NA,NA,0
"Dc10390","locus190",0.454538,1,Inf,NA,0.144246,NA,0.415122,NA,NA,0
"Dc10390","locus191",1,1,NA,NA,0.142082,NA,0.876708,NA,NA,0
"Dc10390","locus192",0.297894,0.125314,NA,NA,1,NA,0.685226,NA,NA,0
"Dc10390","locus195",0.741546,0.375174,NA,NA,0.4288,NA,0.060298,NA,NA,0
"Dc10390","locus202",0.64282,1,NA,NA,0.143168,NA,0.166902,NA,NA,0
"Dc10390","locus210",0.301996,0.501446,Inf,NA,0.572072,NA,0.873612,Inf,NA,0
"Dc10390","locus215",0.67077,1,NA,NA,0.571928,NA,0.3192,NA,NA,0
"Dc10390","locus227",1,0.374918,Inf,NA,Inf,NA,0.388158,NA,NA,0
"Dc10390","locus231",0.169124,1,NA,NA,0.428858,NA,0.808416,NA,NA,0
"Dc10390","locus235",0.07806,1,NA,NA,0.28629,NA,0.690556,NA,NA,0
"Dc10390","locus236",0.128528,1,NA,NA,0.428346,Inf,0.369392,NA,NA,0
"Dc10390","locus237",0.598686,1,NA,NA,0.332628,NA,0.696,NA,NA,0
"Dc10390","locus239",1,1,NA,NA,1,Inf,0.462612,NA,NA,0
"Dc10390","locus248",0.900972,1,NA,NA,1,NA,0.068702,Inf,NA,0
"Dc10390","locus255",1,1,NA,NA,1,NA,NA,NA,NA,0
"Dc10390","locus256",0.109674,1,NA,1,0.094918,NA,0.165696,NA,NA,0
"Dc10390","locus263",1,1,NA,Inf,1,NA,0.625042,NA,NA,0
"Dc10390","locus264",0.455398,1,Inf,NA,1,NA,0.393756,NA,NA,0
"Dc10390","locus274",0.334648,1,NA,NA,0.427146,NA,0.287714,NA,NA,0
"Dc10390","locus280",0.881294,0.50269,NA,NA,1,NA,0.003752,Inf,NA,1
"Dc10390","locus282",0.3021,1,NA,NA,0.336874,NA,0.466704,NA,NA,0
"Dc10390","locus286",0.34709,1,NA,NA,1,NA,1,NA,NA,0
"Dc10390","locus291",0.797272,1,NA,NA,0.523442,NA,0.76424,NA,NA,0
"Dc10390","locus292",0.795226,1,NA,1,0.570542,NA,0.254406,NA,NA,0
"Dc10390","locus296",0.62919,1,NA,NA,1,NA,0.792956,NA,NA,0
"Dc10390","locus301",0.885222,1,NA,NA,1,Inf,1,NA,NA,0
"Dc10390","locus314",1,Inf,NA,NA,1,NA,1,NA,NA,0
"Dc10390","locus321",0.104706,0.499474,NA,1,0.094628,NA,0.460044,Inf,NA,0
"Dc10390","locus322",1,1,NA,NA,0.142494,NA,0.630846,NA,NA,0
"Dc10390","locus323",0.249154,0.37394,NA,NA,1,NA,0.606836,NA,NA,0
"Dc10390","locus329",0.566614,0.249796,NA,NA,0.573516,NA,0.488612,NA,NA,0
"Dc10390","locus332",0.829592,0.499888,NA,NA,1,NA,0.615058,NA,NA,0
"Dc10390","locus349",0.150994,0.375996,NA,NA,1,NA,0.057182,NA,NA,0
"Dc10390","locus358",0.895584,1,NA,1,0.428696,NA,0.25101,NA,NA,0
"Dc10390","locus359",0.502448,1,NA,NA,1,NA,0.356832,NA,NA,0
"Dc10390","locus360",0.298604,0.376088,NA,NA,1,NA,0.640958,NA,NA,0
"Dc10878","Dc10885",0.660882,1,NA,Inf,0.858908,NA,0.866748,NA,1,0
"Dc10878","Dc11203",0.255928,0.655174,NA,NA,0.525408,NA,0.842174,NA,0.28681,0
"Dc10878","Dc11714",0.181796,0.42691,Inf,NA,0.140792,NA,0.029312,NA,0.57307,1
"Dc10878","Dc13159",0.672646,0.317324,NA,NA,0.570156,NA,0.541306,NA,1,0
"Dc10878","Dc13592",0.466878,1,Inf,NA,1,NA,0.18633,NA,1,0
"Dc10878","Dc14022",0.38812,Inf,Inf,NA,1,NA,Inf,NA,Inf,0
"Dc10878","Dc14945",0.068338,Inf,NA,NA,Inf,NA,0.732874,NA,Inf,0
"Dc10878","Dc16747",0.31265,1,NA,1,1,NA,0.082428,NA,1,0
"Dc10878","Dc18951",0.791846,1,NA,NA,1,NA,0.024146,NA,0.485062,1
"Dc10878","Dc20232",1,1,NA,NA,1,NA,0.313462,NA,1,0
"Dc10878","Dc22883",0.3547,0.708824,NA,NA,0.856356,NA,0.212116,NA,1,0
"Dc10878","Dc22887",0.134108,0.095708,NA,1,1,NA,0.092286,NA,1,0
"Dc10878","Dc27955",1,1,NA,NA,0.570392,NA,0.15146,NA,1,0
"Dc10878","Dc28124",0.531396,1,NA,NA,1,NA,0.576082,NA,Inf,0
"Dc10878","Dc28776",1,0.311434,NA,NA,1,NA,0.452236,NA,0.569136,0
"Dc10878","Dc30071",0.602766,Inf,NA,NA,0.521224,NA,0.731916,NA,1,0
"Dc10878","Dc31007",1,1,0.333032,NA,Inf,NA,0.330494,NA,NA,0
"Dc10878","Dc33714",0.665976,1,NA,NA,1,NA,0.744784,NA,0.827914,0
"Dc10878","Dc33907",0.72768,0.096436,NA,NA,1,NA,0.322046,NA,0.488088,0
"Dc10878","Dc34902",0.600086,1,NA,NA,0.522546,NA,0.512292,NA,1,0
"Dc10878","Dc35779",0.60836,0.57578,NA,NA,0.14387,NA,0.053678,NA,1,0
"Dc10878","Dc36571",0.360296,0.198718,NA,0.333914,1,NA,0.08664,NA,0.482112,0
"Dc10878","Dc36616",0.93904,0.096288,Inf,NA,1,NA,0.900264,NA,1,0
"Dc10878","Dc36767",0.200772,1,NA,NA,1,NA,0.02428,NA,NA,1
"Dc10878","Dc40235",0.09187,0.570722,NA,NA,1,NA,0.085666,NA,1,0
"Dc10878","Dc41234",0.572676,1,NA,NA,0.808162,NA,0.849762,NA,1,0
"Dc10878","Dc46984",0.378772,0.314636,NA,NA,0.715848,NA,0.29324,NA,0.261222,0
"Dc10878","Dc47572",0.697478,0.658372,NA,NA,0.71229,NA,0.342966,NA,0.57214,0
"Dc10878","Dc47935",0.35723,0.653198,NA,NA,0.28548,NA,0.476612,NA,1,0
"Dc10878","Dc48207",0.501182,Inf,Inf,NA,Inf,NA,Inf,NA,0.143022,0
"Dc10878","Dc48950",0.365698,1,NA,1,1,NA,0.55894,NA,0.826224,0
"Dc10878","Dc49080",0.875226,1,NA,Inf,0.28809,NA,0.482788,NA,1,0
"Dc10878","Dc49184",0.77197,0.657814,NA,NA,1,NA,0.92684,NA,Inf,0
"Dc10878","Dc51020",0.389634,1,NA,NA,1,NA,1,NA,0.485994,0
"Dc10878","Dc52523",0.68379,0.70864,NA,NA,0.571208,NA,0.25274,NA,1,0
"Dc10878","Dc55481",0.620448,1,NA,NA,1,NA,0.582254,NA,1,0
"Dc10878","Dc58248",0.951148,0.067598,NA,NA,1,NA,0.585318,NA,1,0
"Dc10878","Dc62188",0.831988,0.652252,Inf,0.332788,0.575086,NA,0.270842,NA,0.284712,0
"Dc10878","Dc67011",0.882608,1,0.333534,Inf,0.285664,NA,0.183292,NA,Inf,0
"Dc10878","locus002",1,0.096348,Inf,NA,1,NA,0.620504,NA,1,0
"Dc10878","locus003",0.244566,1,NA,NA,0.570346,NA,0.25609,NA,1,0
"Dc10878","locus004",0.901352,1,NA,NA,1,NA,0.48751,NA,1,0
"Dc10878","locus005",0.826056,0.315772,NA,NA,0.522998,NA,0.315328,NA,1,0
"Dc10878","locus006",0.50322,1,NA,NA,0.522142,NA,0.496282,NA,0.228498,0
"Dc10878","locus008",0.391228,1,NA,NA,0.095528,NA,0.48595,NA,1,0
"Dc10878","locus013",0.810128,0.770918,NA,NA,1,NA,0.471668,NA,1,0
"Dc10878","locus014",1,0.486748,NA,NA,1,NA,0.784584,NA,0.656552,0
"Dc10878","locus022",0.395824,1,NA,NA,0.711544,NA,0.326656,NA,0.828016,0
"Dc10878","locus024",0.945746,0.655012,NA,NA,1,NA,0.200776,NA,0.230728,0
"Dc10878","locus025",0.90973,1,NA,NA,1,NA,0.809404,NA,0.486192,0
"Dc10878","locus027",0.782684,1,NA,NA,0.714582,NA,0.41462,NA,0.199,0
"Dc10878","locus030",0.41714,0.315526,Inf,NA,0.335218,NA,0.18617,NA,1,0
"Dc10878","locus035",0.663208,0.569236,0.333774,NA,0.048428,NA,0.022572,NA,1,2
"Dc10878","locus038",0.021202,0.483828,NA,NA,1,NA,0.293388,NA,1,1
"Dc10878","locus039",1,0.48719,NA,NA,0.524288,NA,0.868772,NA,1,0
"Dc10878","locus040",0.541506,Inf,NA,NA,0.522974,NA,0.553146,NA,Inf,0
"Dc10878","locus041",0.577482,0.486094,NA,0.33261,1,NA,0.824678,NA,1,0
"Dc10878","locus045",0.229814,1,NA,NA,1,NA,0.402178,NA,0.57344,0
"Dc10878","locus047",0.898902,0.77228,NA,NA,0.094634,NA,0.388698,NA,1,0
"Dc10878","locus048",0.20967,Inf,NA,NA,0.524792,NA,0.29231,NA,1,0
"Dc10878","locus053",0.92421,1,NA,NA,0.810252,NA,0.687446,NA,0.82381,0
"Dc10878","locus055",0.778654,1,NA,Inf,1,NA,0.316892,NA,0.654958,0
"Dc10878","locus056",0.69864,1,NA,NA,1,NA,0.39468,NA,1,0
"Dc10878","locus058",0.982302,1,Inf,NA,1,NA,0.527478,NA,0.113514,0
"Dc10878","locus060",0.15313,0.31332,NA,NA,1,NA,0.767402,NA,1,0
"Dc10878","locus061",0.49171,0.23733,NA,NA,1,NA,1,NA,1,0
"Dc10878","locus062",0.35085,Inf,NA,1,1,NA,0.739494,NA,0.657832,0
"Dc10878","locus064",0.954842,0.23831,NA,NA,1,NA,0.46783,NA,Inf,0
"Dc10878","locus065",1,1,NA,NA,0.286828,NA,0.35572,NA,0.141978,0
"Dc10878","locus073",0.032576,1,NA,NA,1,NA,0.059616,NA,0.572888,1
"Dc10878","locus074",0.533674,0.76951,NA,NA,0.71454,NA,0.456952,NA,1,0
"Dc10878","locus076",0.232684,0.315252,NA,NA,1,NA,0.593008,NA,0.657068,0
"Dc10878","locus077",0.204806,1,NA,NA,1,NA,0.326556,NA,0.571758,0
"Dc10878","locus080",0.74356,0.429986,NA,NA,0.331622,NA,0.224832,NA,1,0
"Dc10878","locus083",0.976056,1,NA,NA,1,NA,0.011204,NA,1,1
"Dc10878","locus088",0.258254,1,NA,NA,1,NA,0.72883,NA,1,0
"Dc10878","locus093",0.02651,Inf,Inf,NA,Inf,NA,0.173656,NA,1,1
"Dc10878","locus096",0.579808,1,1,NA,0.525888,NA,0.89924,NA,1,0
"Dc10878","locus098",0.599938,1,NA,NA,0.285526,NA,0.248026,NA,0.656978,0
"Dc10878","locus100",0.57958,0.65615,NA,NA,1,NA,0.557832,NA,0.655288,0
"Dc10878","locus106",0.472802,Inf,NA,NA,0.524994,NA,0.492344,NA,1,0
"Dc10878","locus110",0.579076,1,NA,NA,NA,NA,0.231984,NA,NA,0
"Dc10878","locus116",0.474072,0.488368,NA,NA,1,NA,0.545534,NA,NA,0
"Dc10878","locus119",0.127272,1,NA,NA,1,NA,0.173012,NA,NA,0
"Dc10878","locus120",0.856212,1,NA,NA,1,NA,0.76744,NA,NA,0
"Dc10878","locus126",0.844654,0.655188,NA,NA,1,NA,0.196656,NA,NA,0
"Dc10878","locus128",0.169272,0.141702,NA,NA,1,NA,0.521056,NA,NA,0
"Dc10878","locus129",0.71743,1,NA,NA,1,NA,0.547186,NA,NA,0
"Dc10878","locus130",0.05855,1,NA,NA,0.600096,NA,0.067826,NA,NA,0
"Dc10878","locus134",0.121574,1,Inf,NA,0.14536,NA,0.19234,NA,NA,0
"Dc10878","locus135",0.660386,0.714552,NA,NA,1,NA,0.302454,NA,NA,0
"Dc10878","locus137",0.271646,1,NA,NA,1,NA,0.251366,NA,NA,0
"Dc10878","locus139",0.297848,0.57134,Inf,NA,1,NA,0.803856,NA,NA,0
"Dc10878","locus140",0.300102,0.570066,Inf,NA,1,NA,0.802044,NA,NA,0
"Dc10878","locus146",1,1,NA,1,0.524814,NA,0.299756,NA,NA,0
"Dc10878","locus148",0.049868,0.57276,NA,NA,1,NA,0.09062,NA,NA,1
"Dc10878","locus151",0.462562,0.656136,Inf,NA,0.142938,NA,0.796682,NA,NA,0
"Dc10878","locus157",0.355796,1,NA,NA,0.282378,NA,0.030838,NA,NA,1
"Dc10878","locus161",0.62825,0.028056,NA,NA,1,NA,0.690106,NA,NA,1
"Dc10878","locus165",0.28184,0.82603,NA,NA,0.600774,NA,0.873468,NA,NA,0
"Dc10878","locus170",0.323496,0.486392,1,NA,1,NA,0.852814,NA,NA,0
"Dc10878","locus176",0.151622,0.769116,NA,NA,0.713046,NA,0.154064,NA,NA,0
"Dc10878","locus184",0.947382,0.658298,NA,NA,0.523606,NA,0.761246,NA,NA,0
"Dc10878","locus186",0.78674,0.571572,NA,NA,0.142334,NA,1,NA,NA,0
"Dc10878","locus188",0.489064,1,NA,NA,0.431894,NA,0.539884,NA,NA,0
"Dc10878","locus189",0.52236,0.772144,Inf,NA,0.334044,NA,0.506356,NA,NA,0
"Dc10878","locus190",0.224446,1,Inf,NA,0.145174,NA,0.374702,NA,NA,0
"Dc10878","locus191",0.348932,0.428114,NA,NA,0.142956,NA,0.556502,NA,NA,0
"Dc10878","locus192",0.898514,1,NA,NA,0.519584,NA,0.64624,NA,NA,0
"Dc10878","locus195",0.107784,1,NA,NA,1,NA,0.242862,NA,NA,0
"Dc10878","locus202",1,0.427904,NA,NA,0.331538,NA,0.012394,NA,NA,1
"Dc10878","locus210",0.941282,1,Inf,NA,1,NA,0.1139,NA,NA,0
"Dc10878","locus215",0.495384,0.14291,NA,NA,1,NA,0.31196,NA,NA,0
"Dc10878","locus227",0.357538,0.314184,Inf,NA,Inf,NA,0.797222,NA,NA,0
"Dc10878","locus231",0.03761,0.65742,NA,NA,1,NA,0.972018,NA,NA,1
"Dc10878","locus235",0.723434,0.283904,NA,NA,0.285216,NA,0.146034,NA,NA,0
"Dc10878","locus236",0.098058,1,NA,NA,1,NA,0.273442,NA,NA,0
"Dc10878","locus237",0.179294,1,NA,NA,0.331486,NA,0.364504,NA,NA,0
"Dc10878","locus239",0.091082,1,NA,NA,1,NA,0.928564,NA,NA,0
"Dc10878","locus248",0.633132,0.426892,NA,NA,0.525984,NA,0.505646,NA,NA,0
"Dc10878","locus255",1,0.82819,NA,NA,0.52453,NA,NA,NA,NA,0
"Dc10878","locus256",0.055128,0.56986,NA,1,0.285212,NA,0.064658,NA,NA,0
"Dc10878","locus263",0.83498,0.09519,NA,Inf,1,NA,1,NA,NA,0
"Dc10878","locus264",0.361656,0.829516,0.335212,NA,1,NA,0.861004,NA,NA,0
"Dc10878","locus274",0.518818,0.037592,NA,NA,1,NA,0.21657,NA,NA,1
"Dc10878","locus280",0.591714,0.827002,NA,NA,1,NA,0.47858,NA,NA,0
"Dc10878","locus282",0.86268,1,NA,NA,0.335834,NA,0.751034,NA,NA,0
"Dc10878","locus286",0.078214,0.571666,NA,NA,1,NA,0.519658,NA,NA,0
"Dc10878","locus291",0.017918,1,NA,NA,1,NA,0.821454,NA,NA,1
"Dc10878","locus292",0.12647,0.484122,NA,Inf,0.56938,NA,0.126192,NA,NA,0
"Dc10878","locus296",0.13235,1,NA,NA,1,NA,0.926694,NA,NA,0
"Dc10878","locus301",0.075276,1,NA,NA,1,NA,0.154652,NA,NA,0
"Dc10878","locus314",0.566374,0.600812,NA,NA,0.04768,NA,0.164066,NA,NA,1
"Dc10878","locus321",0.494146,1,NA,0.334126,0.286458,NA,0.413654,NA,NA,0
"Dc10878","locus322",0.560552,0.314162,NA,NA,0.334638,NA,0.63122,NA,NA,0
"Dc10878","locus323",0.075008,0.658678,NA,NA,0.14346,NA,0.73173,NA,NA,0
"Dc10878","locus329",0.090642,1,NA,NA,1,NA,0.228402,NA,NA,0
"Dc10878","locus332",1,1,NA,NA,1,NA,0.35836,NA,NA,0
"Dc10878","locus349",0.565374,0.656472,NA,NA,1,NA,0.678518,NA,NA,0
"Dc10878","locus358",0.175422,0.660518,NA,0.332888,1,NA,0.385438,NA,NA,0
"Dc10878","locus359",0.270102,0.201056,NA,NA,0.284674,NA,0.804626,NA,NA,0
"Dc10878","locus360",0.948,1,NA,NA,0.71765,NA,0.174822,NA,NA,0
"Dc10885","Dc11203",0.26318,0.658074,NA,NA,0.283842,0.333722,0.755492,NA,1,0
"Dc10885","Dc11714",0.708828,0.166254,Inf,NA,0.767412,NA,0.38894,NA,0.214626,0
"Dc10885","Dc13159",0.27911,0.481338,NA,NA,1,NA,0.567116,0.20101,0.911162,0
"Dc10885","Dc13592",0.300678,1,1,NA,1,NA,0.777874,NA,0.538816,0
"Dc10885","Dc14022",0.138436,Inf,Inf,NA,0.576872,NA,Inf,NA,Inf,0
"Dc10885","Dc14945",0.490876,1,NA,NA,Inf,NA,0.719932,NA,Inf,0
"Dc10885","Dc16747",0.861386,1,NA,1,1,NA,0.803986,NA,0.81828,0
"Dc10885","Dc18951",0.122646,0.028792,NA,NA,0.14077,0.333192,0.344056,NA,0.291922,1
"Dc10885","Dc20232",0.64897,0.570348,NA,NA,1,Inf,0.497696,NA,0.817962,0
"Dc10885","Dc22883",0.871236,0.260676,NA,NA,1,NA,0.365722,NA,0.83572,0
"Dc10885","Dc22887",0.770322,0.498328,NA,0.497602,1,NA,0.608328,NA,0.909744,0
"Dc10885","Dc27955",0.047714,1,NA,NA,0.743886,NA,0.078264,NA,1,1
"Dc10885","Dc28124",0.353374,1,NA,NA,0.571456,NA,0.066642,NA,1,0
"Dc10885","Dc28776",0.736178,1,NA,NA,0.1121,NA,0.63953,NA,0.197866,0
"Dc10885","Dc30071",0.7191,Inf,NA,NA,0.28726,NA,0.231632,1,0.801962,0
"Dc10885","Dc31007",0.155094,0.28612,1,NA,Inf,NA,0.27588,NA,NA,0
"Dc10885","Dc33714",0.06101,0.501048,NA,NA,0.741096,NA,0.533826,0.432674,0.295892,0
"Dc10885","Dc33907",0.927222,1,NA,NA,1,NA,0.457092,NA,0.297418,0
"Dc10885","Dc34902",0.880826,0.569088,NA,NA,0.860846,NA,0.776766,NA,0.317398,0
"Dc10885","Dc35779",0.47679,1,NA,NA,1,Inf,0.235598,NA,0.381952,0
"Dc10885","Dc36571",0.578332,1,NA,0.499768,1,NA,0.826666,NA,0.726472,0
"Dc10885","Dc36616",0.387152,1,1,NA,0.57667,Inf,0.49974,NA,1,0
"Dc10885","Dc36767",0.389404,1,1,NA,1,NA,0.60333,NA,NA,0
"Dc10885","Dc40235",0.655818,0.4996,0.332638,NA,0.572116,NA,0.822348,NA,0.562642,0
"Dc10885","Dc41234",0.032444,0.735648,NA,NA,1,NA,0.280112,NA,0.196804,1
"Dc10885","Dc46984",0.719926,0.485026,NA,1,0.627814,NA,0.506928,NA,0.734102,0
"Dc10885","Dc47572",0.708196,0.75049,NA,NA,0.771444,0.33319,0.77012,0.710892,0.84701,0
"Dc10885","Dc47935",0.67969,0.176032,NA,NA,0.504262,NA,0.67517,NA,0.221468,0
"Dc10885","Dc48207",0.626434,Inf,Inf,NA,Inf,Inf,0.397054,NA,1,0
"Dc10885","Dc48950",0.369244,0.946472,NA,1,1,NA,0.495132,NA,0.546474,0
"Dc10885","Dc49080",0.604104,0.11461,NA,1,1,NA,0.418126,NA,0.805798,0
"Dc10885","Dc49184",0.090324,0.787052,NA,NA,0.856158,NA,0.539128,NA,0.137414,0
"Dc10885","Dc51020",0.220436,0.501254,NA,NA,1,NA,0.994996,NA,0.51881,0
"Dc10885","Dc52523",0.011666,1,NA,NA,0.510396,Inf,0.31975,NA,0.93254,1
"Dc10885","Dc55481",0.532178,0.572966,NA,NA,0.857726,NA,0.492792,0.251294,0.429286,0
"Dc10885","Dc58248",0.1229,0.486868,NA,NA,0.379552,NA,0.936826,NA,0.017544,1
"Dc10885","Dc62188",0.56693,0.745188,NA,1,0.746302,NA,0.506686,NA,0.95953,0
"Dc10885","Dc67011",0.937916,1,0.330902,Inf,0.742342,NA,0.142514,NA,1,0
"Dc10885","locus002",0.233222,0.714618,NA,NA,0.40133,NA,0.187376,NA,0.681762,0
"Dc10885","locus003",0.59425,0.284656,NA,NA,0.744552,NA,0.047198,NA,0.517174,1
"Dc10885","locus004",0.367776,0.033118,NA,NA,1,NA,0.640572,NA,0.65568,1
"Dc10885","locus005",0.584374,0.786362,NA,NA,1,NA,0.98981,NA,0.804368,0
"Dc10885","locus006",0.141186,1,NA,NA,1,NA,0.683204,1,0.912094,0
"Dc10885","locus008",1,0.284176,NA,NA,1,NA,0.662972,NA,0.740862,0
"Dc10885","locus013",0.15145,0.058204,NA,NA,0.770784,Inf,0.31593,NA,0.503164,0
"Dc10885","locus014",0.007902,0.738282,NA,NA,0.853246,NA,0.561268,NA,1,1
"Dc10885","locus022",0.493988,0.12176,NA,NA,1,NA,0.35054,NA,0.140404,0
"Dc10885","locus024",0.76284,1,NA,NA,1,NA,0.390436,NA,1,0
"Dc10885","locus025",0.988892,0.744362,NA,NA,0.853802,NA,0.605944,NA,0.884208,0
"Dc10885","locus027",0.082406,0.65839,NA,NA,0.77238,NA,0.577032,NA,0.337046,0
"Dc10885","locus030",0.299374,0.601218,1,NA,0.776446,NA,0.468578,1,0.46103,0
"Dc10885","locus035",0.42248,0.497484,0.332406,NA,1,Inf,0.695854,NA,0.728898,0
"Dc10885","locus038",0.45325,0.742672,NA,NA,0.74128,NA,0.376422,NA,0.281972,0
"Dc10885","locus039",0.886366,0.115366,NA,NA,0.286532,NA,0.268508,NA,1,0
"Dc10885","locus040",0.251552,1,NA,NA,0.287038,NA,0.91346,NA,Inf,0
"Dc10885","locus041",0.445152,1,NA,0.50076,0.860642,NA,0.711712,NA,0.418074,0
"Dc10885","locus045",0.004022,0.788202,NA,NA,1,NA,0.025476,NA,0.706692,2
"Dc10885","locus047",0.791906,0.603708,NA,NA,1,NA,0.18494,1,0.67613,0
"Dc10885","locus048",0.794438,Inf,NA,NA,0.28612,NA,1,0.141996,1,0
"Dc10885","locus053",0.521428,1,NA,0.163814,1,NA,0.032622,NA,0.332982,1
"Dc10885","locus055",0.787098,0.781312,NA,NA,1,NA,0.99599,NA,0.803168,0
"Dc10885","locus056",0.344848,0.21148,NA,NA,1,NA,0.299626,NA,0.849196,0
"Dc10885","locus058",0.001368,0.501736,NA,NA,0.653214,NA,0.38209,NA,0.882478,1
"Dc10885","locus060",0.888786,0.283576,NA,NA,1,NA,0.348656,NA,0.656944,0
"Dc10885","locus061",0.200642,1,NA,NA,1,NA,0.159512,NA,1,0
"Dc10885","locus062",0.274396,1,NA,0.499202,0.740536,NA,0.201332,0.37024,1,0
"Dc10885","locus064",0.657356,1,NA,NA,1,NA,0.09805,NA,0.319536,0
"Dc10885","locus065",0.69581,1,NA,NA,1,NA,0.657986,NA,0.321982,0
"Dc10885","locus073",0.23867,1,NA,NA,0.744192,NA,0.279454,NA,1,0
"Dc10885","locus074",0.436296,0.484026,NA,NA,0.776454,NA,0.660364,NA,0.187896,0
"Dc10885","locus076",0.121444,0.78797,1,NA,1,Inf,0.709926,NA,0.884514,0
"Dc10885","locus077",0.345922,0.716332,NA,NA,1,NA,0.592644,NA,0.343618,0
"Dc10885","locus080",0.724964,0.739988,NA,NA,0.115738,NA,0.504172,NA,0.709808,0
"Dc10885","locus083",0.740702,0.499416,NA,NA,0.501616,NA,0.102346,NA,0.111206,0
"Dc10885","locus088",0.129372,0.740656,NA,NA,1,NA,0.598964,NA,0.802016,0
"Dc10885","locus093",0.268498,Inf,Inf,NA,Inf,NA,0.611458,NA,1,0
"Dc10885","locus096",0.592396,0.49547,0.498584,NA,0.282142,NA,0.733688,NA,0.81798,0
"Dc10885","locus098",0.501908,0.78547,NA,NA,1,NA,0.65636,NA,1,0
"Dc10885","locus100",0.891224,0.426442,NA,NA,1,NA,0.35155,NA,0.810338,0
"Dc10885","locus106",0.473044,Inf,NA,NA,1,NA,0.8405,NA,0.408276,0
"Dc10885","locus110",0.177026,0.601448,NA,NA,NA,NA,0.449674,NA,NA,0
"Dc10885","locus116",0.556252,0.744958,NA,NA,0.769596,NA,0.34861,NA,NA,0
"Dc10885","locus119",0.651028,0.741118,NA,NA,1,NA,0.013044,NA,NA,1
"Dc10885","locus120",0.284462,1,NA,NA,1,NA,0.698266,0.485972,NA,0
"Dc10885","locus126",0.086086,1,NA,NA,1,NA,0.721754,NA,NA,0
"Dc10885","locus128",0.238096,0.787378,NA,NA,0.770446,NA,0.038092,NA,NA,1
"Dc10885","locus129",0.131406,1,NA,NA,0.85681,NA,0.309012,NA,NA,0
"Dc10885","locus130",0.882418,1,NA,NA,0.200516,NA,0.308826,NA,NA,0
"Dc10885","locus134",0.191142,0.28449,NA,NA,0.770326,Inf,0.674704,NA,NA,0
"Dc10885","locus135",0.930536,0.912534,NA,NA,0.744272,NA,0.228418,NA,NA,0
"Dc10885","locus137",0.098506,0.484656,NA,NA,1,NA,0.6714,NA,NA,0
"Dc10885","locus139",1,1,Inf,NA,1,NA,0.938784,0.54396,NA,0
"Dc10885","locus140",1,1,Inf,NA,1,NA,0.938012,NA,NA,0
"Dc10885","locus146",0.637744,0.714032,NA,1,1,NA,0.2199,NA,NA,0
"Dc10885","locus148",0.184366,0.783174,NA,NA,0.742646,NA,0.464092,NA,NA,0
"Dc10885","locus151",0.737912,0.430582,NA,NA,1,NA,0.23385,NA,NA,0
"Dc10885","locus157",0.263768,0.212754,NA,NA,1,NA,0.237262,NA,NA,0
"Dc10885","locus161",0.790754,0.784762,NA,NA,0.573234,NA,0.612182,1,NA,0
"Dc10885","locus165",0.693706,0.742014,NA,NA,1,NA,0.284756,NA,NA,0
"Dc10885","locus170",0.3085,1,1,NA,1,NA,0.007044,NA,NA,1
"Dc10885","locus176",0.605206,0.058764,NA,NA,1,NA,0.80501,NA,NA,0
"Dc10885","locus184",0.791676,1,NA,NA,1,NA,0.374732,NA,NA,0
"Dc10885","locus186",0.465888,0.715318,NA,NA,1,NA,0.193466,NA,NA,0
"Dc10885","locus188",0.43647,0.943132,NA,NA,1,NA,0.403204,1,NA,0
"Dc10885","locus189",0.947652,1,Inf,NA,0.770584,NA,0.349116,NA,NA,0
"Dc10885","locus190",0.970524,1,Inf,NA,1,NA,0.885118,NA,NA,0
"Dc10885","locus191",0.11698,1,NA,NA,1,NA,0.177544,NA,NA,0
"Dc10885","locus192",0.199762,0.858782,NA,NA,0.287606,NA,0.451012,NA,NA,0
"Dc10885","locus195",0.311956,0.783428,NA,NA,0.654906,NA,0.066276,NA,NA,0
"Dc10885","locus202",0.88936,0.16645,NA,NA,1,NA,0.921822,NA,NA,0
"Dc10885","locus210",0.43782,0.601816,NA,NA,0.741932,NA,0.195298,0.399418,NA,0
"Dc10885","locus215",0.96847,0.785864,NA,NA,0.739306,NA,0.707332,NA,NA,0
"Dc10885","locus227",0.643392,1,Inf,NA,Inf,NA,0.61513,NA,NA,0
"Dc10885","locus231",0.455232,0.431008,NA,NA,0.143134,NA,0.814132,NA,NA,0
"Dc10885","locus235",0.840334,0.236384,NA,NA,1,NA,0.03455,NA,NA,1
"Dc10885","locus236",0.453498,1,NA,NA,1,1,0.567102,NA,NA,0
"Dc10885","locus237",0.247236,0.07019,NA,NA,1,NA,0.471378,NA,NA,0
"Dc10885","locus239",0.370636,0.570112,NA,NA,1,1,0.3122,NA,NA,0
"Dc10885","locus248",0.635828,0.212084,NA,NA,1,NA,0.729746,0.486782,NA,0
"Dc10885","locus255",0.156056,1,NA,NA,1,NA,NA,NA,NA,0
"Dc10885","locus256",0.889086,0.24837,NA,1,0.656216,NA,0.256516,NA,NA,0
"Dc10885","locus263",0.853578,1,NA,Inf,0.572292,NA,0.798236,NA,NA,0
"Dc10885","locus264",0.225288,1,1,NA,1,NA,0.741662,NA,NA,0
"Dc10885","locus274",0.527322,1,NA,NA,1,NA,0.668548,NA,NA,0
"Dc10885","locus280",0.180804,0.740494,NA,NA,1,NA,0.838274,1,NA,0
"Dc10885","locus282",0.542578,0.116384,NA,NA,1,NA,0.43719,NA,NA,0
"Dc10885","locus286",0.87409,0.24937,NA,NA,0.572664,NA,0.729734,NA,NA,0
"Dc10885","locus291",0.294832,1,NA,NA,1,NA,0.132986,NA,NA,0
"Dc10885","locus292",0.735554,0.745594,NA,NA,1,NA,0.938162,NA,NA,0
"Dc10885","locus296",0.504736,0.217952,NA,NA,1,NA,0.225434,NA,NA,0
"Dc10885","locus301",0.782966,0.568714,NA,NA,1,1,0.432494,NA,NA,0
"Dc10885","locus314",0.89489,1,NA,NA,1,NA,0.065306,NA,NA,0
"Dc10885","locus321",0.542278,0.600234,NA,0.5017,0.65559,NA,0.97395,0.374184,NA,0
"Dc10885","locus322",0.894212,0.28517,NA,NA,0.770536,NA,0.788566,NA,NA,0
"Dc10885","locus323",0.822044,0.785802,NA,NA,1,NA,0.42075,NA,NA,0
"Dc10885","locus329",0.645074,0.714876,NA,NA,1,NA,0.895488,NA,NA,0
"Dc10885","locus332",0.069206,0.739684,NA,NA,1,NA,0.053812,NA,NA,0
"Dc10885","locus349",0.57984,0.28411,NA,NA,1,NA,0.756794,NA,NA,0
"Dc10885","locus358",0.38082,0.256836,NA,1,1,NA,0.784366,NA,NA,0
"Dc10885","locus359",0.538666,0.236144,NA,NA,0.570098,NA,0.025952,NA,NA,1
"Dc10885","locus360",0.802744,0.857424,Inf,NA,0.775418,NA,0.83813,NA,NA,0
"Dc11203","Dc11714",0.507964,0.428072,NA,NA,1,NA,0.084592,NA,1,0
"Dc11203","Dc13159",0.553906,1,NA,NA,0.714658,NA,0.3015,0.066664,0.483632,0
"Dc11203","Dc13592",0.88428,1,1,NA,1,NA,0.418304,NA,0.276814,0
"Dc11203","Dc14022",0.681586,Inf,Inf,NA,1,NA,Inf,NA,Inf,0
"Dc11203","Dc14945",0.12298,1,NA,NA,Inf,NA,1,NA,Inf,0
"Dc11203","Dc16747",0.102628,0.428406,NA,1,0.142672,NA,1,NA,0.681566,0
"Dc11203","Dc18951",0.316652,0.4856,NA,NA,0.428268,0.33372,1,NA,0.502244,0
"Dc11203","Dc20232",0.397524,0.427252,NA,NA,1,Inf,0.392646,NA,0.743936,0
"Dc11203","Dc22883",0.311904,0.25589,NA,NA,1,NA,0.507466,NA,0.66811,0
"Dc11203","Dc22887",0.257734,1,NA,1,0.523346,NA,0.20429,NA,1,0
"Dc11203","Dc27955",0.688642,1,NA,NA,0.572466,NA,0.72079,NA,0.264546,0
"Dc11203","Dc28124",0.239964,1,NA,NA,1,NA,1,NA,0.589008,0
"Dc11203","Dc28776",0.03392,0.142998,NA,NA,1,NA,0.481606,NA,0.786968,1
"Dc11203","Dc30071",0.32706,Inf,NA,NA,0.047328,NA,0.12793,0.200726,0.439572,1
"Dc11203","Dc31007",0.72786,0.428854,1,NA,Inf,NA,0.55294,NA,NA,0
"Dc11203","Dc33714",0.645454,1,NA,NA,1,NA,0.009352,1,0.683188,1
"Dc11203","Dc33907",0.291944,1,NA,NA,0.428756,NA,0.273996,NA,0.7287,0
"Dc11203","Dc34902",1,0.142494,NA,NA,1,NA,0.667468,NA,0.6387,0
"Dc11203","Dc35779",1,1,NA,NA,1,Inf,0.140868,NA,0.74945,0
"Dc11203","Dc36571",0.464082,1,NA,0.199184,0.523602,NA,0.078892,NA,0.13344,0
"Dc11203","Dc36616",0.524592,1,1,NA,0.287862,Inf,1,NA,0.36427,0
"Dc11203","Dc36767",0.150522,0.427652,0.333754,NA,0.715682,NA,1,NA,NA,0
"Dc11203","Dc40235",0.723726,0.429528,1,NA,0.28602,NA,0.771446,NA,1,0
"Dc11203","Dc41234",0.86192,1,NA,NA,0.23607,NA,0.042016,NA,0.427156,1
"Dc11203","Dc46984",0.159004,0.230246,NA,1,0.141432,NA,0.513126,NA,0.336342,0
"Dc11203","Dc47572",0.711732,0.484758,NA,NA,0.617412,0.333684,0.794546,1,0.520396,0
"Dc11203","Dc47935",0.840466,0.14346,NA,NA,0.286386,NA,0.523416,NA,0.63086,0
"Dc11203","Dc48207",1,Inf,Inf,NA,Inf,Inf,1,NA,0.100906,0
"Dc11203","Dc48950",0.6014,0.256632,NA,1,1,NA,0.972394,NA,0.621088,0
"Dc11203","Dc49080",0.645484,1,NA,1,1,NA,0.415824,NA,0.048424,1
"Dc11203","Dc49184",0.271418,1,NA,NA,1,NA,1,NA,1,0
"Dc11203","Dc51020",1,1,NA,NA,1,NA,0.126438,NA,0.229094,0
"Dc11203","Dc52523",0.50295,0.48373,NA,NA,0.28731,NA,0.822412,NA,0.08062,0
"Dc11203","Dc55481",0.935414,0.428814,NA,NA,1,NA,1,0.499824,1,0
"Dc11203","Dc58248",0.172806,0.484808,NA,NA,1,NA,0.33427,NA,0.45151,0
"Dc11203","Dc62188",0.989076,0.488346,NA,1,0.573176,Inf,0.245542,NA,0.372178,0
"Dc11203","Dc67011",0.270364,1,1,1,0.572808,NA,0.750798,NA,0.609258,0
"Dc11203","locus002",0.813912,1,NA,NA,1,NA,0.364306,NA,1,0
"Dc11203","locus003",0.77285,1,NA,NA,0.572066,NA,0.879438,NA,1,0
"Dc11203","locus004",0.468212,0.430966,NA,NA,1,NA,0.479014,NA,0.687106,0
"Dc11203","locus005",0.545386,1,NA,NA,0.523316,NA,0.47575,NA,0.394576,0
"Dc11203","locus006",0.534692,0.428492,NA,NA,0.524684,NA,1,1,0.45879,0
"Dc11203","locus008",0.08129,1,NA,NA,0.427872,NA,0.16462,NA,1,0
"Dc11203","locus013",0.698672,1,NA,NA,1,NA,0.53013,NA,0.18949,0
"Dc11203","locus014",0.308802,0.486144,NA,NA,1,NA,0.77528,NA,1,0
"Dc11203","locus022",0.90418,1,NA,NA,1,NA,0.202746,NA,0.608052,0
"Dc11203","locus024",1,0.485184,NA,NA,1,NA,0.222748,NA,0.442556,0
"Dc11203","locus025",0.586486,1,NA,NA,1,NA,0.894866,NA,0.093484,0
"Dc11203","locus027",0.158934,1,NA,NA,0.620248,NA,1,NA,1,0
"Dc11203","locus030",0.091456,1,1,NA,0.143946,NA,0.779814,1,0.076386,0
"Dc11203","locus035",0.07245,0.428996,1,NA,1,Inf,0.61731,NA,0.13454,0
"Dc11203","locus038",0.085118,0.485658,NA,0.501236,0.568606,NA,0.181294,NA,0.758264,0
"Dc11203","locus039",0.178636,1,NA,NA,1,NA,1,NA,0.131172,0
"Dc11203","locus040",0.807982,1,NA,NA,0.047738,NA,0.734832,NA,Inf,1
"Dc11203","locus041",0.82792,1,NA,0.2013,1,NA,0.230674,NA,1,0
"Dc11203","locus045",0.628188,1,NA,NA,0.52305,NA,1,NA,0.538208,0
"Dc11203","locus047",0.29714,1,NA,NA,1,NA,0.51218,1,0.468568,0
"Dc11203","locus048",0.347252,Inf,NA,NA,1,NA,1,0.237718,1,0
"Dc11203","locus053",0.35992,1,NA,0.3972,0.810776,NA,0.321894,NA,0.664434,0
"Dc11203","locus055",0.9342,0.427172,NA,NA,1,NA,0.025418,NA,1,1
"Dc11203","locus056",0.790824,1,NA,NA,1,NA,0.750836,NA,0.07631,0
"Dc11203","locus058",0.174042,1,NA,NA,1,NA,1,NA,0.409694,0
"Dc11203","locus060",0.596358,1,NA,NA,1,NA,1,NA,0.738374,0
"Dc11203","locus061",1,1,NA,NA,1,NA,0.715732,NA,0.590908,0
"Dc11203","locus062",0.95486,1,NA,1,0.566806,NA,0.20039,0.432388,0.526216,0
"Dc11203","locus064",0.304066,1,NA,NA,0.525194,NA,0.80846,NA,0.58839,0
"Dc11203","locus065",0.040052,0.42904,NA,NA,1,NA,0.09998,NA,0.232584,1
"Dc11203","locus073",0.932418,1,NA,NA,0.569316,NA,0.142464,NA,0.236856,0
"Dc11203","locus074",0.841718,1,NA,NA,1,NA,0.86969,NA,0.62185,0
"Dc11203","locus076",0.00207,1,0.333976,NA,1,Inf,0.87624,NA,0.733004,1
"Dc11203","locus077",1,1,NA,NA,1,NA,1,NA,1,0
"Dc11203","locus080",0.509246,0.48693,NA,NA,0.33443,NA,0.435086,NA,0.484982,0
"Dc11203","locus083",0.204558,0.42994,NA,NA,0.332602,NA,0.205992,NA,0.559274,0
"Dc11203","locus088",0.510414,1,NA,NA,0.429028,NA,1,NA,1,0
"Dc11203","locus093",0.392462,Inf,Inf,NA,Inf,NA,0.165948,NA,1,0
"Dc11203","locus096",0.124974,1,1,NA,1,NA,0.379166,NA,1,0
"Dc11203","locus098",0.529172,1,NA,NA,1,NA,0.700668,NA,0.775422,0
"Dc11203","locus100",0.818314,0.487416,NA,NA,1,NA,0.185762,NA,0.155422,0
"Dc11203","locus106",0.200552,Inf,NA,NA,1,NA,0.245574,NA,0.63481,0
"Dc11203","locus110",0.92897,1,NA,NA,NA,NA,1,NA,NA,0
"Dc11203","locus116",0.509684,1,NA,NA,1,NA,1,NA,NA,0
"Dc11203","locus119",0.693722,1,NA,NA,0.523876,NA,0.455002,NA,NA,0
"Dc11203","locus120",1,1,NA,NA,1,NA,0.672422,0.657756,NA,0
"Dc11203","locus126",0.919458,1,NA,NA,0.427572,NA,0.481024,NA,NA,0
"Dc11203","locus128",0.79198,1,NA,NA,0.334306,NA,0.008772,NA,NA,1
"Dc11203","locus129",0.881142,0.48681,NA,NA,0.523312,NA,0.930192,NA,NA,0
"Dc11203","locus130",0.469578,0.143326,Inf,NA,0.33297,NA,1,NA,NA,0
"Dc11203","locus134",0.134156,0.142854,NA,NA,0.142652,Inf,0.115446,NA,NA,0
"Dc11203","locus135",0.069716,0.22801,NA,NA,0.572906,NA,1,NA,NA,0
"Dc11203","locus137",0.634458,1,NA,NA,0.522554,NA,0.309208,NA,NA,0
"Dc11203","locus139",1,1,Inf,NA,1,NA,1,0.124038,NA,0
"Dc11203","locus140",1,1,Inf,NA,1,NA,1,NA,NA,0
"Dc11203","locus146",0.29149,0.428052,NA,0.399928,1,NA,0.463734,NA,NA,0
"Dc11203","locus148",0.441882,1,NA,NA,1,NA,0.37395,NA,NA,0
"Dc11203","locus151",0.35943,1,NA,NA,1,NA,0.8796,NA,NA,0
"Dc11203","locus157",0.427516,1,NA,NA,1,NA,0.01793,NA,NA,1
"Dc11203","locus161",1,1,NA,NA,0.284624,NA,1,0.09498,NA,0
"Dc11203","locus165",0.108744,0.484648,NA,NA,1,NA,0.497092,NA,NA,0
"Dc11203","locus170",0.952074,0.028284,0.331632,NA,1,NA,0.699786,NA,NA,1
"Dc11203","locus176",0.426748,1,Inf,NA,1,NA,0.721992,NA,NA,0
"Dc11203","locus184",0.62414,0.485212,NA,NA,0.523882,NA,0.248946,NA,NA,0
"Dc11203","locus186",0.65023,1,NA,NA,1,NA,0.3669,NA,NA,0
"Dc11203","locus188",0.255732,0.653954,Inf,NA,1,NA,0.276318,1,NA,0
"Dc11203","locus189",0.284852,1,Inf,NA,0.142902,NA,0.75865,NA,NA,0
"Dc11203","locus190",1,0.485906,Inf,NA,1,NA,0.218802,NA,NA,0
"Dc11203","locus191",0.21521,0.143078,NA,NA,1,NA,0.60179,NA,NA,0
"Dc11203","locus192",0.945358,0.144226,NA,NA,0.525074,NA,0.852812,NA,NA,0
"Dc11203","locus195",0.9373,1,NA,NA,0.2367,Inf,1,NA,NA,0
"Dc11203","locus202",0.678746,1,NA,NA,0.621934,NA,0.114088,NA,NA,0
"Dc11203","locus210",0.822298,1,NA,NA,1,NA,0.622424,0.60127,NA,0
"Dc11203","locus215",0.387248,1,NA,NA,1,NA,0.738014,NA,NA,0
"Dc11203","locus227",0.088242,0.143038,Inf,NA,Inf,NA,0.792708,NA,NA,0
"Dc11203","locus231",0.72998,1,NA,NA,1,NA,0.079378,NA,NA,0
"Dc11203","locus235",0.013824,1,NA,NA,1,NA,0.522488,NA,NA,1
"Dc11203","locus236",0.603168,1,NA,NA,1,1,1,NA,NA,0
"Dc11203","locus237",0.711668,1,NA,NA,0.619246,NA,0.563048,NA,NA,0
"Dc11203","locus239",0.29085,0.141996,NA,NA,1,1,1,NA,NA,0
"Dc11203","locus248",0.434746,1,NA,NA,0.524688,NA,0.445764,0.141302,NA,0
"Dc11203","locus255",0.818192,1,NA,NA,1,NA,NA,NA,NA,0
"Dc11203","locus256",0.230356,1,NA,1,1,NA,0.7511,NA,NA,0
"Dc11203","locus263",0.64127,0.428458,NA,Inf,1,NA,1,NA,NA,0
"Dc11203","locus264",0.863228,1,1,NA,1,NA,0.234102,NA,NA,0
"Dc11203","locus274",0.318298,0.485252,NA,NA,1,NA,0.665756,NA,NA,0
"Dc11203","locus280",1,0.487572,NA,NA,1,NA,0.585506,1,NA,0
"Dc11203","locus282",0.955118,0.484826,NA,NA,0.622108,NA,0.470656,NA,NA,0
"Dc11203","locus286",1,1,NA,NA,0.286284,NA,0.17682,NA,NA,0
"Dc11203","locus291",0.729174,1,NA,NA,0.522706,NA,0.030464,NA,NA,1
"Dc11203","locus292",1,0.143162,NA,NA,1,NA,0.472146,NA,NA,0
"Dc11203","locus296",0.512496,1,NA,NA,0.524182,NA,0.33052,NA,NA,0
"Dc11203","locus301",0.047714,1,NA,NA,1,1,0.669444,NA,NA,1
"Dc11203","locus314",1,1,NA,NA,1,NA,1,NA,NA,0
"Dc11203","locus321",0.681654,1,NA,0.399772,0.094744,NA,0.123362,1,NA,0
"Dc11203","locus322",0.102276,1,NA,NA,0.620016,NA,0.86907,NA,NA,0
"Dc11203","locus323",0.666138,1,NA,NA,0.142618,NA,1,NA,NA,0
"Dc11203","locus329",0.492902,1,NA,NA,0.570298,Inf,0.599896,NA,NA,0
"Dc11203","locus332",0.476338,0.14392,NA,NA,1,NA,0.502926,NA,NA,0
"Dc11203","locus349",0.177038,1,NA,NA,1,NA,1,NA,NA,0
"Dc11203","locus358",1,1,NA,0.1996,1,NA,0.56413,NA,NA,0
"Dc11203","locus359",1,0.428494,NA,NA,0.284338,NA,0.14626,NA,NA,0
"Dc11203","locus360",0.792332,1,NA,NA,1,NA,0.888996,NA,NA,0
"Dc11714","Dc13159",0.4072,0.566602,NA,NA,0.885506,NA,0.223626,0.331878,0.89813,0
"Dc11714","Dc13592",0.227518,1,0.334218,NA,1,NA,0.001006,NA,0.458012,1
"Dc11714","Dc14022",0.3934,Inf,Inf,NA,0.427686,NA,Inf,NA,Inf,0
"Dc11714","Dc14945",0.39001,1,NA,NA,Inf,NA,0.38563,NA,Inf,0
"Dc11714","Dc16747",0.959398,0.64302,NA,1,1,NA,0.157174,NA,1,0
"Dc11714","Dc18951",0.489078,0.428824,NA,NA,0.4274,0.333378,0.292102,NA,0.684064,0
"Dc11714","Dc20232",0.158562,0.346526,NA,NA,1,Inf,0.81104,NA,0.491102,0
"Dc11714","Dc22883",0.215608,0.06972,NA,NA,0.77441,NA,0.706378,NA,0.855894,0
"Dc11714","Dc22887",0.207318,0.1068,NA,0.398854,0.61876,NA,0.695336,NA,0.78632,0
"Dc11714","Dc27955",0.473552,0.284924,NA,NA,1,NA,0.94835,NA,0.582654,0
"Dc11714","Dc28124",0.281488,0.286524,NA,NA,0.429264,NA,0.246092,NA,1,0
"Dc11714","Dc28776",0.12364,0.463836,NA,NA,1,NA,0.54373,NA,0.533902,0
"Dc11714","Dc30071",0.879992,Inf,NA,NA,0.711668,NA,0.592022,1,1,0
"Dc11714","Dc31007",0.885534,0.426034,Inf,NA,Inf,NA,0.113796,NA,NA,0
"Dc11714","Dc33714",0.370882,0.818952,NA,NA,0.659396,NA,0.263218,1,0.319262,0
"Dc11714","Dc33907",0.65237,0.464168,NA,NA,0.426792,NA,0.83879,NA,0.061216,0
"Dc11714","Dc34902",0.26459,1,NA,NA,0.1448,NA,0.948916,NA,1,0
"Dc11714","Dc35779",0.717724,1,NA,NA,0.655826,Inf,0.035796,NA,1,1
"Dc11714","Dc36571",0.006366,0.200806,NA,0.400992,0.618986,NA,0.617694,NA,0.725794,1
"Dc11714","Dc36616",1,0.46432,0.331584,NA,1,Inf,0.742134,NA,1,0
"Dc11714","Dc36767",0.458702,0.763438,Inf,NA,1,NA,0.853254,NA,NA,0
"Dc11714","Dc40235",0.713414,1,Inf,NA,1,NA,0.003802,NA,1,1
"Dc11714","Dc41234",0.806418,0.928426,NA,NA,0.577242,NA,0.217306,NA,1,0
"Dc11714","Dc46984",0.690552,0.070498,NA,1,1,NA,0.05442,NA,0.816082,0
"Dc11714","Dc47572",0.946322,0.927624,NA,NA,0.430248,0.332484,0.64217,1,0.045014,1
"Dc11714","Dc47935",0.391748,0.42278,Inf,NA,0.112606,Inf,0.612736,NA,0.916164,0
"Dc11714","Dc48207",0.587736,Inf,Inf,NA,Inf,Inf,1,NA,1,0
"Dc11714","Dc48950",0.858854,0.86167,NA,0.696516,1,NA,0.357356,NA,0.73002,0
"Dc11714","Dc49080",0.539508,0.53109,NA,1,0.200134,NA,0.015144,NA,0.19,1
"Dc11714","Dc49184",0.112976,1,NA,NA,0.716744,NA,0.316368,NA,1,0
"Dc11714","Dc51020",0.064736,1,NA,NA,0.255492,NA,0.928206,NA,0.759508,0
"Dc11714","Dc52523",0.62146,0.928702,NA,NA,0.883236,NA,0.694942,NA,0.648318,0
"Dc11714","Dc55481",0.918542,0.585384,NA,NA,0.718146,NA,0.887682,Inf,0.610574,0
"Dc11714","Dc58248",0.713036,0.465166,NA,NA,1,NA,7.2e-05,NA,0.507752,1
"Dc11714","Dc62188",0.937966,0.927692,NA,1,0.112348,NA,0.529074,NA,0.724526,0
"Dc11714","Dc67011",0.914638,1,0.334608,1,0.2299,NA,0.6135,NA,1,0
"Dc11714","locus002",0.909786,0.143678,NA,NA,1,NA,1,NA,1,0
"Dc11714","locus003",0.219058,0.46302,NA,NA,0.117488,NA,0.05628,NA,0.506274,0
"Dc11714","locus004",0.619612,0.107454,NA,NA,1,NA,0.273568,NA,0.660988,0
"Dc11714","locus005",0.040472,1,NA,NA,0.334402,NA,0.278352,NA,1,1
"Dc11714","locus006",0.1305,0.64089,NA,NA,0.332734,NA,0.01276,0.599324,1,1
"Dc11714","locus008",0.285656,0.463694,NA,NA,0.429114,NA,0.244414,NA,1,0
"Dc11714","locus013",0.549038,1,NA,NA,0.772438,NA,0.542774,NA,0.27286,0
"Dc11714","locus014",0.55377,0.070516,NA,NA,1,NA,0.451924,NA,0.433892,0
"Dc11714","locus022",0.008364,1,NA,NA,0.372578,NA,0.031834,NA,0.641374,2
"Dc11714","locus024",0.41911,1,NA,NA,0.427184,NA,0.219294,NA,0.564866,0
"Dc11714","locus025",0.736808,1,NA,NA,1,NA,0.480228,NA,0.422058,0
"Dc11714","locus027",0.865622,0.427038,NA,NA,0.429694,NA,0.634858,NA,1,0
"Dc11714","locus030",0.828528,0.11692,0.334076,NA,0.771106,NA,0.81229,0.19847,0.595238,0
"Dc11714","locus035",0.202658,1,0.332586,NA,0.142774,Inf,0.381906,NA,0.617788,0
"Dc11714","locus038",0.844804,0.782936,NA,1,1,NA,0.186294,NA,0.370882,0
"Dc11714","locus039",0.923616,0.53639,NA,NA,0.047486,NA,0.049754,NA,1,2
"Dc11714","locus040",0.962072,1,NA,NA,1,NA,0.912434,NA,Inf,0
"Dc11714","locus041",0.421136,0.781596,NA,0.401232,1,NA,0.338762,NA,1,0
"Dc11714","locus045",0.781184,0.64529,NA,NA,0.621236,NA,0.95335,NA,0.494706,0
"Dc11714","locus047",0.196552,0.121046,NA,NA,0.428496,NA,0.045074,1,0.684732,1
"Dc11714","locus048",0.03564,Inf,NA,NA,1,NA,1,1,0.145352,1
"Dc11714","locus053",0.330004,1,NA,0.10123,1,NA,0.80349,NA,0.10614,0
"Dc11714","locus055",0.946164,1,NA,NA,0.428596,NA,0.268328,NA,1,0
"Dc11714","locus056",0.980886,1,NA,NA,1,NA,0.717694,NA,0.735226,0
"Dc11714","locus058",0.502294,0.64292,NA,NA,0.428118,NA,0.880028,NA,1,0
"Dc11714","locus060",0.567634,0.018284,NA,NA,0.770436,NA,0.706808,NA,0.17867,1
"Dc11714","locus061",0.422576,0.64157,NA,NA,1,NA,0.88868,NA,0.638378,0
"Dc11714","locus062",0.62936,1,NA,0.40293,0.658298,NA,0.758716,1,1,0
"Dc11714","locus064",0.502566,0.643834,NA,NA,0.618598,NA,0.829682,NA,0.637992,0
"Dc11714","locus065",0.17459,0.641436,NA,NA,0.143378,NA,0.187314,NA,0.63716,0
"Dc11714","locus073",0.382108,1,NA,NA,0.662846,NA,0.180738,NA,1,0
"Dc11714","locus074",1,1,NA,NA,0.77266,NA,0.960036,NA,0.45397,0
"Dc11714","locus076",0.182784,0.641916,Inf,NA,1,Inf,0.761112,NA,1,0
"Dc11714","locus077",0.43612,0.643176,NA,NA,1,NA,0.29044,NA,0.61895,0
"Dc11714","locus080",0.87905,0.535738,Inf,NA,0.425356,NA,0.880684,NA,0.256276,0
"Dc11714","locus083",0.591552,1,NA,NA,1,NA,0.961672,NA,1,0
"Dc11714","locus088",0.612664,0.537666,NA,NA,0.655832,NA,0.222604,NA,0.191042,0
"Dc11714","locus093",1,Inf,Inf,NA,Inf,NA,0.243024,NA,1,0
"Dc11714","locus096",0.911112,1,1,NA,1,NA,0.880028,NA,0.180094,0
"Dc11714","locus098",0.61989,1,NA,NA,0.142238,NA,0.331182,NA,0.334326,0
"Dc11714","locus100",0.692706,0.428222,NA,NA,0.429606,NA,0.56537,NA,1,0
"Dc11714","locus106",0.722086,Inf,NA,NA,1,NA,0.56358,NA,1,0
"Dc11714","locus110",0.59299,0.39911,NA,NA,NA,NA,0.027966,NA,NA,1
"Dc11714","locus116",0.884838,1,NA,NA,0.770944,NA,0.343506,NA,NA,0
"Dc11714","locus119",0.434486,0.538162,NA,NA,0.618214,NA,0.44242,NA,NA,0
"Dc11714","locus120",0.687408,1,NA,NA,1,NA,0.836604,1,NA,0
"Dc11714","locus126",0.100464,1,NA,NA,0.426548,NA,0.600306,NA,NA,0
"Dc11714","locus128",0.258792,1,NA,NA,1,NA,0.047366,NA,NA,1
"Dc11714","locus129",0.149152,0.069746,NA,NA,1,NA,0.152188,NA,NA,0
"Dc11714","locus130",0.774896,0.464134,NA,NA,0.067898,NA,0.681112,NA,NA,0
"Dc11714","locus134",0.833144,0.105462,NA,NA,0.429658,Inf,0.077384,NA,NA,0
"Dc11714","locus135",0.384696,0.787364,NA,NA,0.657054,NA,0.18477,NA,NA,0
"Dc11714","locus137",0.173286,1,NA,NA,0.617542,NA,0.16903,NA,NA,0
"Dc11714","locus139",0.329418,1,Inf,NA,1,NA,0.32967,0.202634,NA,0
"Dc11714","locus140",0.326972,1,Inf,NA,1,NA,0.323462,NA,NA,0
"Dc11714","locus146",0.72982,0.640078,NA,1,1,NA,0.876454,NA,NA,0
"Dc11714","locus148",0.800314,1,NA,NA,0.657866,NA,0.835598,NA,NA,0
"Dc11714","locus151",0.753088,0.144156,NA,NA,0.427684,NA,0.68487,NA,NA,0
"Dc11714","locus157",0.059734,1,NA,NA,0.142872,NA,0.665756,NA,NA,0
"Dc11714","locus161",0.2129,1,NA,NA,1,NA,0.161778,0.19954,NA,0
"Dc11714","locus165",0.459574,0.534948,Inf,NA,0.597708,NA,0.72812,NA,NA,0
"Dc11714","locus170",0.08766,0.640102,Inf,NA,1,NA,0.702568,NA,NA,0
"Dc11714","locus176",0.564206,0.322624,NA,NA,0.769638,NA,0.45717,NA,NA,0
"Dc11714","locus184",0.06513,1,NA,NA,0.331694,NA,0.606674,NA,NA,0
"Dc11714","locus186",0.927202,0.285534,NA,NA,0.658332,NA,0.25951,NA,NA,0
"Dc11714","locus188",0.34917,0.570742,NA,NA,0.768902,Inf,0.776634,0.198916,NA,0
"Dc11714","locus189",0.22158,1,Inf,NA,0.770228,NA,0.086434,NA,NA,0
"Dc11714","locus190",0.90591,1,Inf,NA,0.428638,Inf,0.82288,NA,NA,0
"Dc11714","locus191",0.662572,1,NA,NA,0.425262,NA,0.350204,NA,NA,0
"Dc11714","locus192",0.676768,0.58385,NA,NA,0.713586,NA,0.11101,NA,NA,0
"Dc11714","locus195",0.267214,1,NA,NA,1,NA,1,NA,NA,0
"Dc11714","locus202",0.210454,0.762708,NA,NA,0.124742,NA,0.175652,NA,NA,0
"Dc11714","locus210",0.530904,1,NA,NA,0.6572,NA,0.684128,1,NA,0
"Dc11714","locus215",0.153702,1,NA,NA,0.65692,NA,0.437772,NA,NA,0
"Dc11714","locus227",0.510958,0.4661,Inf,NA,Inf,NA,0.012426,NA,NA,1
"Dc11714","locus231",0.41292,0.143422,NA,NA,1,NA,0.651762,NA,NA,0
"Dc11714","locus235",0.69474,0.58299,NA,NA,0.141158,NA,0.753894,NA,NA,0
"Dc11714","locus236",0.96102,0.643074,NA,NA,0.255112,1,0.42544,NA,NA,0
"Dc11714","locus237",0.187326,0.644194,NA,NA,0.121962,NA,0.707452,NA,NA,0
"Dc11714","locus239",0.53762,0.584114,NA,NA,1,1,0.737722,NA,NA,0
"Dc11714","locus248",0.598104,1,NA,NA,0.333702,NA,0.108508,1,NA,0
"Dc11714","locus255",0.551086,0.531468,NA,NA,1,NA,NA,NA,NA,0
"Dc11714","locus256",0.920738,0.373808,NA,1,1,NA,0.520016,NA,NA,0
"Dc11714","locus263",0.548164,0.640948,NA,Inf,0.430986,NA,0.130178,NA,NA,0
"Dc11714","locus264",0.852112,1,0.332458,NA,1,NA,0.947208,NA,NA,0
"Dc11714","locus274",0.146596,0.071732,NA,NA,0.424256,NA,0.307684,NA,NA,0
"Dc11714","locus280",0.18158,0.786002,NA,NA,1,NA,0.282094,1,NA,0
"Dc11714","locus282",0.91641,0.536318,NA,NA,0.122492,NA,0.145732,NA,NA,0
"Dc11714","locus286",0.396368,0.37487,NA,NA,1,NA,0.554784,NA,NA,0
"Dc11714","locus291",0.827612,0.464632,NA,NA,0.620244,NA,0.135176,NA,NA,0
"Dc11714","locus292",0.959458,0.533558,NA,NA,0.114246,NA,0.66178,NA,NA,0
"Dc11714","locus296",0.10145,0.642004,NA,NA,0.621478,NA,0.765544,NA,NA,0
"Dc11714","locus301",0.5608,0.580228,NA,NA,1,1,0.0997,NA,NA,0
"Dc11714","locus314",0.398266,0.124622,NA,NA,0.14186,NA,0.589392,NA,NA,0
"Dc11714","locus321",0.237418,1,NA,1,1,NA,0.784606,0.600234,NA,0
"Dc11714","locus322",0.971328,0.018136,NA,NA,0.122228,NA,0.876852,NA,NA,1
"Dc11714","locus323",0.620034,1,NA,NA,0.655866,NA,0.536598,NA,NA,0
"Dc11714","locus329",0.741622,0.643056,NA,NA,1,NA,0.553434,NA,NA,0
"Dc11714","locus332",0.677726,0.534592,NA,NA,0.427612,NA,0.147712,NA,NA,0
"Dc11714","locus349",0.226426,0.464274,Inf,NA,0.256862,NA,0.795296,NA,NA,0
"Dc11714","locus358",0.032002,1,NA,0.597594,0.258428,NA,1,NA,NA,1
"Dc11714","locus359",0.804372,0.348286,NA,NA,0.43119,NA,0.71192,NA,NA,0
"Dc11714","locus360",0.752748,0.75909,NA,NA,0.428302,NA,0.275912,NA,NA,0
"Dc13159","Dc13592",0.612046,0.250922,1,NA,0.829642,NA,0.271412,NA,0.747896,0
"Dc13159","Dc14022",0.0403,Inf,Inf,NA,0.573876,NA,Inf,NA,Inf,1
"Dc13159","Dc14945",0.414222,0.50498,NA,NA,Inf,NA,0.876316,NA,Inf,0
"Dc13159","Dc16747",0.899004,1,NA,0.49813,1,NA,0.786614,NA,0.428546,0
"Dc13159","Dc18951",0.878544,0.257914,NA,NA,1,Inf,0.880186,NA,0.907988,0
"Dc13159","Dc20232",0.01023,1,NA,NA,1,Inf,1,NA,0.25112,1
"Dc13159","Dc22883",0.411012,0.943986,NA,NA,0.518746,NA,0.077712,NA,0.028416,1
"Dc13159","Dc22887",0.473902,0.212218,NA,1,0.712962,NA,0.133684,NA,1,0
"Dc13159","Dc27955",0.405454,1,NA,NA,0.825854,NA,0.526408,NA,0.214864,0
"Dc13159","Dc28124",0.176804,1,NA,NA,0.570376,NA,0.273578,NA,0.297914,0
"Dc13159","Dc28776",0.330394,0.500288,NA,NA,0.886436,NA,0.265714,NA,0.450544,0
"Dc13159","Dc30071",0.653192,Inf,NA,NA,0.573966,NA,0.447798,1,0.314792,0
"Dc13159","Dc31007",0.532434,1,1,NA,Inf,NA,0.542594,NA,NA,0
"Dc13159","Dc33714",0.413596,0.141822,NA,NA,0.05619,NA,0.492824,0.200078,0.553206,0
"Dc13159","Dc33907",0.37088,1,NA,NA,0.486246,NA,0.708892,NA,0.49344,0
"Dc13159","Dc34902",0.374382,1,NA,NA,0.29047,NA,0.573634,NA,0.558894,0
"Dc13159","Dc35779",0.713674,1,NA,NA,0.488504,Inf,0.247456,NA,1,0
"Dc13159","Dc36571",0.946096,0.71504,NA,0.499592,1,NA,0.592498,NA,0.462616,0
"Dc13159","Dc36616",0.638478,1,1,NA,0.285772,Inf,0.864882,NA,0.282956,0
"Dc13159","Dc36767",0.685058,1,1,NA,1,NA,0.000674,NA,NA,1
"Dc13159","Dc40235",0.744552,0.212616,NA,NA,0.283418,NA,0.396644,NA,0.284462,0
"Dc13159","Dc41234",0.530252,0.74487,NA,NA,1,NA,0.21276,NA,0.482746,0
"Dc13159","Dc46984",0.060024,1,NA,1,0.828512,NA,0.373284,NA,1,0
"Dc13159","Dc47572",0.839786,1,NA,NA,0.885716,Inf,0.186784,1,1,0
"Dc13159","Dc47935",0.419524,0.73974,NA,NA,0.626716,NA,0.441628,NA,0.218212,0
"Dc13159","Dc48207",1,Inf,Inf,NA,Inf,Inf,0.299476,NA,1,0
"Dc13159","Dc48950",0.993678,0.251798,NA,1,1,NA,0.534396,NA,1,0
"Dc13159","Dc49080",0.749792,0.35534,NA,1,0.710902,NA,0.03932,NA,0.426616,1
"Dc13159","Dc49184",0.01532,0.286566,NA,NA,0.279942,NA,0.662392,NA,0.554204,1
"Dc13159","Dc51020",0.85989,0.28527,NA,NA,0.483338,NA,0.124346,NA,0.94185,0
"Dc13159","Dc52523",0.65992,1,NA,NA,1,NA,0.386886,NA,0.244008,0
"Dc13159","Dc55481",0.687344,0.860904,NA,NA,0.287736,NA,0.339268,Inf,1,0
"Dc13159","Dc58248",0.2158,0.480802,NA,NA,0.514908,NA,0.11855,NA,0.68054,0
"Dc13159","Dc62188",0.864968,0.074152,NA,1,0.82934,NA,0.358584,NA,0.49969,0
"Dc13159","Dc67011",0.55647,0.654906,0.333758,Inf,0.828116,NA,0.270416,NA,Inf,0
"Dc13159","locus002",0.6827,0.147236,NA,NA,1,NA,0.657662,NA,0.359404,0
"Dc13159","locus003",0.171662,0.785614,NA,NA,0.828534,NA,0.844474,NA,0.828446,0
"Dc13159","locus004",0.223478,0.500706,NA,NA,1,NA,0.805576,NA,0.285848,0
"Dc13159","locus005",0.670228,0.283566,NA,NA,0.714258,NA,0.537706,NA,0.731228,0
"Dc13159","locus006",0.991262,0.499404,NA,NA,0.282826,NA,0.957498,1,0.602042,0
"Dc13159","locus008",0.839312,0.036668,NA,NA,0.709636,NA,0.368392,NA,1,1
"Dc13159","locus013",0.568564,0.056476,NA,NA,0.88531,NA,0.88271,NA,0.71592,0
"Dc13159","locus014",0.754368,0.362696,NA,NA,1,NA,0.726018,NA,0.33932,0
"Dc13159","locus022",0.088796,0.48721,NA,NA,0.116724,NA,0.754314,NA,0.84365,0
"Dc13159","locus024",0.534398,0.65905,NA,NA,0.142918,NA,0.089898,NA,0.336442,0
"Dc13159","locus025",0.29938,0.360414,NA,NA,1,NA,0.50133,NA,1,0
"Dc13159","locus027",0.826116,0.429642,NA,NA,0.887108,NA,0.452224,NA,0.885344,0
"Dc13159","locus030",0.621424,0.595468,1,NA,0.886926,NA,0.459548,1,0.305618,0
"Dc13159","locus035",0.505512,0.21232,0.33463,NA,0.715068,Inf,0.433044,NA,0.130488,0
"Dc13159","locus038",0.880894,0.358168,NA,Inf,0.231282,NA,0.878502,NA,0.809878,0
"Dc13159","locus039",1,0.110882,NA,NA,1,NA,0.807178,NA,0.596348,0
"Dc13159","locus040",0.904472,0.503442,NA,NA,0.714088,NA,0.458048,NA,Inf,0
"Dc13159","locus041",0.773888,0.745212,NA,0.49923,1,NA,0.155538,NA,0.46403,0
"Dc13159","locus045",0.830062,1,NA,NA,1,NA,0.11349,NA,0.557386,0
"Dc13159","locus047",0.312748,1,NA,NA,0.197272,NA,0.86904,1,0.45146,0
"Dc13159","locus048",0.390656,Inf,NA,NA,0.71214,NA,0.318068,Inf,0.183698,0
"Dc13159","locus053",0.497418,0.356526,1,1,0.02839,NA,0.623532,NA,0.13859,1
"Dc13159","locus055",0.94495,0.786748,NA,NA,0.14297,NA,0.087014,NA,0.59928,0
"Dc13159","locus056",0.912224,0.714332,NA,NA,0.573908,NA,0.947468,NA,1,0
"Dc13159","locus058",0.006862,1,NA,NA,0.714998,NA,0.48733,NA,0.832658,1
"Dc13159","locus060",0.541012,0.784534,NA,NA,0.88502,NA,0.96267,NA,0.80011,0
"Dc13159","locus061",0.14146,0.499226,NA,NA,0.571624,NA,0.896046,NA,0.734358,0
"Dc13159","locus062",0.954654,0.499106,NA,1,0.227838,NA,0.427318,1,0.037094,1
"Dc13159","locus064",0.473172,0.497718,NA,NA,0.717144,NA,0.146176,NA,0.598494,0
"Dc13159","locus065",0.19748,1,NA,NA,0.282682,NA,0.245262,NA,1,0
"Dc13159","locus073",0.577094,0.655006,NA,NA,1,NA,0.127816,NA,0.194834,0
"Dc13159","locus074",0.815722,1,NA,NA,0.312222,NA,0.84869,NA,0.081378,0
"Dc13159","locus076",0.06551,0.78512,1,NA,0.715336,Inf,0.752774,NA,0.344878,0
"Dc13159","locus077",0.477976,0.212982,NA,NA,0.086514,NA,0.428926,NA,0.556492,0
"Dc13159","locus080",0.796688,0.115126,Inf,NA,1,NA,0.752744,NA,0.552192,0
"Dc13159","locus083",0.33612,1,NA,NA,0.501322,NA,0.254198,NA,0.126822,0
"Dc13159","locus088",0.752408,0.359396,NA,NA,1,NA,0.06869,NA,0.08112,0
"Dc13159","locus093",0.141718,Inf,Inf,NA,Inf,NA,1,NA,0.28503,0
"Dc13159","locus096",0.111718,0.070976,0.499322,NA,0.715212,NA,0.242978,NA,1,0
"Dc13159","locus098",0.434864,1,NA,NA,0.285246,NA,0.901422,NA,0.446248,0
"Dc13159","locus100",0.670878,0.656626,NA,NA,0.487816,NA,0.82362,NA,0.190528,0
"Dc13159","locus106",0.473734,Inf,NA,NA,1,NA,0.551598,NA,0.732486,0
"Dc13159","locus110",0.967268,1,NA,NA,NA,NA,0.530474,NA,NA,0
"Dc13159","locus116",0.574548,0.74281,NA,NA,0.883572,NA,0.788886,NA,NA,0
"Dc13159","locus119",0.799922,0.744652,1,NA,1,NA,0.849934,NA,NA,0
"Dc13159","locus120",0.961868,0.249086,NA,NA,1,NA,0.911046,0.60163,NA,0
"Dc13159","locus126",0.927678,1,NA,NA,0.487594,NA,0.98833,NA,NA,0
"Dc13159","locus128",0.884392,0.498166,NA,NA,0.886814,NA,0.65452,NA,NA,0
"Dc13159","locus129",0.2764,0.354412,NA,NA,0.57332,NA,0.404166,NA,NA,0
"Dc13159","locus130",0.36303,0.783888,NA,NA,1,NA,0.181896,NA,NA,0
"Dc13159","locus134",0.68485,0.784012,NA,NA,0.316408,Inf,0.745222,NA,NA,0
"Dc13159","locus135",0.4078,1,NA,NA,0.22976,NA,0.30446,NA,NA,0
"Dc13159","locus137",0.510646,0.483382,NA,NA,0.712334,NA,0.279404,NA,NA,0
"Dc13159","locus139",0.299486,1,Inf,NA,1,NA,0.664588,0.198568,NA,0
"Dc13159","locus140",0.29406,1,Inf,NA,1,NA,0.660496,NA,NA,0
"Dc13159","locus146",0.493074,0.497332,NA,0.335134,1,NA,0.400546,NA,NA,0
"Dc13159","locus148",0.838034,0.784714,NA,NA,0.828206,NA,0.232488,NA,NA,0
"Dc13159","locus151",0.180464,1,NA,NA,0.886424,NA,0.844546,NA,NA,0
"Dc13159","locus157",0.538206,1,NA,NA,0.285836,NA,0.327546,NA,NA,0
"Dc13159","locus161",0.5577,0.49827,NA,NA,0.28407,NA,0.578318,0.597976,NA,0
"Dc13159","locus165",0.131654,0.74595,Inf,NA,1,NA,0.463886,NA,NA,0
"Dc13159","locus170",0.266482,0.745876,NA,NA,1,NA,0.172134,NA,NA,0
"Dc13159","locus176",0.427262,0.48422,NA,NA,0.115426,NA,0.216264,NA,NA,0
"Dc13159","locus184",0.68199,0.429934,NA,NA,0.713138,NA,0.623842,NA,NA,0
"Dc13159","locus186",0.509794,0.07238,NA,NA,0.484978,NA,0.749938,NA,NA,0
"Dc13159","locus188",0.290572,0.495086,NA,NA,0.487418,NA,0.417962,Inf,NA,0
"Dc13159","locus189",0.970832,1,Inf,NA,0.885004,NA,0.6731,NA,NA,0
"Dc13159","locus190",0.815856,1,Inf,NA,0.319502,NA,0.228216,NA,NA,0
"Dc13159","locus191",0.085226,1,NA,NA,0.88558,NA,0.17919,NA,NA,0
"Dc13159","locus192",0.151228,0.571322,NA,NA,1,NA,0.894264,NA,NA,0
"Dc13159","locus195",0.867686,0.283168,NA,NA,0.7157,NA,0.808842,NA,NA,0
"Dc13159","locus202",0.929792,0.85825,1,NA,0.313854,NA,0.121692,NA,NA,0
"Dc13159","locus210",0.088174,0.600736,NA,NA,0.825754,NA,0.532154,0.601016,NA,0
"Dc13159","locus215",0.459464,0.500136,NA,NA,0.829958,NA,0.264762,NA,NA,0
"Dc13159","locus227",0.172128,0.50023,Inf,NA,Inf,Inf,0.616308,NA,NA,0
"Dc13159","locus231",0.789784,1,NA,NA,1,NA,0.75571,NA,NA,0
"Dc13159","locus235",0.439348,0.571776,NA,NA,0.2863,NA,0.034386,NA,NA,1
"Dc13159","locus236",0.941314,0.73962,NA,NA,1,Inf,0.421826,NA,NA,0
"Dc13159","locus237",0.4906,0.712994,NA,NA,0.886698,NA,0.171808,NA,NA,0
"Dc13159","locus239",0.136006,1,NA,NA,0.086038,Inf,0.599158,NA,NA,0
"Dc13159","locus248",0.142062,0.501056,NA,NA,0.285104,NA,0.4668,0.59924,NA,0
"Dc13159","locus255",0.171174,0.356448,NA,NA,0.714176,NA,NA,NA,NA,0
"Dc13159","locus256",0.567298,0.249662,1,1,1,NA,0.047112,NA,NA,1
"Dc13159","locus263",0.854276,0.713208,NA,Inf,0.573344,NA,0.274586,NA,NA,0
"Dc13159","locus264",0.170046,1,1,NA,0.084196,NA,0.193798,NA,NA,0
"Dc13159","locus274",0.629948,0.740492,NA,NA,0.714344,NA,0.851108,NA,NA,0
"Dc13159","locus280",0.134814,1,NA,NA,0.202644,NA,0.431828,1,NA,0
"Dc13159","locus282",0.831744,1,NA,NA,0.88515,NA,0.695078,NA,NA,0
"Dc13159","locus286",0.675702,0.252086,NA,NA,0.283736,NA,1,NA,NA,0
"Dc13159","locus291",0.635242,1,NA,NA,1,Inf,0.929682,NA,NA,0
"Dc13159","locus292",0.383534,1,NA,NA,1,NA,0.173542,NA,NA,0
"Dc13159","locus296",0.014964,1,NA,NA,0.715534,NA,0.019256,NA,NA,2
"Dc13159","locus301",0.275502,1,NA,NA,0.715456,Inf,0.248078,NA,NA,0
"Dc13159","locus314",0.88366,1,NA,NA,0.71599,NA,0.40542,NA,NA,0
"Dc13159","locus321",0.914734,0.315008,NA,0.500258,0.718846,NA,0.73877,0.598642,NA,0
"Dc13159","locus322",0.227846,0.787584,NA,NA,0.884756,NA,0.595382,NA,NA,0
"Dc13159","locus323",0.620424,0.28244,NA,NA,0.486218,NA,0.985718,NA,NA,0
"Dc13159","locus329",0.369684,0.213066,NA,NA,1,NA,0.9914,NA,NA,0
"Dc13159","locus332",0.270326,1,NA,NA,0.144026,NA,0.899612,NA,NA,0
"Dc13159","locus349",0.001796,0.502574,Inf,NA,1,NA,0.81789,NA,NA,1
"Dc13159","locus358",0.735624,0.260066,NA,1,0.486346,NA,0.674136,NA,NA,0
"Dc13159","locus359",0.251786,0.56675,NA,NA,1,NA,0.723882,NA,NA,0
"Dc13159","locus360",0.385048,0.571342,NA,NA,0.113192,NA,0.229844,NA,NA,0
"Dc13592","Dc14022",0.781928,Inf,Inf,NA,0.429106,NA,Inf,NA,Inf,0
"Dc13592","Dc14945",0.16216,1,NA,NA,Inf,NA,0.168324,NA,Inf,0
"Dc13592","Dc16747",0.056694,1,NA,0.504122,1,NA,0.860914,NA,0.3331,0
"Dc13592","Dc18951",0.868138,1,NA,NA,0.48682,0.333296,0.741234,NA,1,0
"Dc13592","Dc20232",0.610574,1,NA,NA,0.428134,Inf,0.849264,NA,1,0
"Dc13592","Dc22883",0.899458,1,NA,NA,0.634472,NA,0.771768,NA,0.02767,1
"Dc13592","Dc22887",0.89832,1,NA,1,0.714302,NA,0.333956,NA,1,0
"Dc13592","Dc27955",0.53689,1,NA,NA,0.229808,NA,0.609584,NA,1,0
"Dc13592","Dc28124",0.305998,1,NA,NA,0.424062,NA,0.907934,NA,1,0
"Dc13592","Dc28776",0.31951,0.375428,NA,NA,1,NA,0.711904,NA,0.830752,0
"Dc13592","Dc30071",0.444194,Inf,NA,NA,1,NA,0.02119,0.06732,0.18054,1
"Dc13592","Dc31007",1,1,1,NA,Inf,NA,0.6557,NA,NA,0
"Dc13592","Dc33714",0.570484,0.380238,NA,NA,0.487654,NA,0.928608,1,0.33077,0
"Dc13592","Dc33907",0.17416,1,NA,NA,1,NA,0.15643,NA,1,0
"Dc13592","Dc34902",0.574726,1,NA,NA,0.711886,NA,0.079372,NA,0.529796,0
"Dc13592","Dc35779",0.738486,1,NA,NA,0.488302,Inf,0.262592,NA,0.530846,0
"Dc13592","Dc36571",0.740072,1,NA,1,0.714102,NA,0.942034,NA,1,0
"Dc13592","Dc36616",0.522438,1,0.251608,NA,1,Inf,0.096102,NA,0.70853,0
"Dc13592","Dc36767",0.843022,1,1,NA,0.109918,NA,0.646194,NA,NA,0
"Dc13592","Dc40235",0.726662,1,NA,NA,1,NA,0.607922,NA,0.707272,0
"Dc13592","Dc41234",0.56714,0.372044,Inf,1,1,NA,0.35067,NA,0.429122,0
"Dc13592","Dc46984",0.244592,1,NA,1,0.883628,1,0.576016,NA,0.32044,0
"Dc13592","Dc47572",0.1376,1,NA,NA,0.541268,0.333866,0.015642,0.59715,0.149968,1
"Dc13592","Dc47935",0.44313,0.624976,NA,NA,0.829018,NA,0.05204,NA,0.32714,0
"Dc13592","Dc48207",0.63976,Inf,Inf,NA,Inf,Inf,1,NA,Inf,0
"Dc13592","Dc48950",0.147814,0.49682,NA,1,0.113566,Inf,0.59823,NA,1,0
"Dc13592","Dc49080",0.829174,0.49952,NA,1,1,NA,0.153132,NA,0.517176,0
"Dc13592","Dc49184",0.181484,1,NA,NA,0.141068,NA,0.059668,NA,1,0
"Dc13592","Dc51020",0.511252,0.372828,NA,NA,0.485372,NA,0.507686,NA,0.153024,0
"Dc13592","Dc52523",0.57745,0.627662,NA,NA,1,NA,0.743386,NA,0.066004,0
"Dc13592","Dc55481",0.491362,0.372958,NA,NA,0.140262,NA,0.658074,1,1,0
"Dc13592","Dc58248",0.843008,1,NA,NA,0.626442,NA,0.281296,NA,0.167592,0
"Dc13592","Dc62188",0.763644,0.371104,NA,1,1,NA,0.03268,NA,0.832602,1
"Dc13592","Dc67011",0.22361,1,1,1,1,NA,0.328384,NA,0.49254,0
"Dc13592","locus002",0.236916,1,NA,NA,1,NA,0.794366,NA,1,0
"Dc13592","locus003",0.164992,0.374336,NA,NA,1,NA,0.000208,NA,0.267494,1
"Dc13592","locus004",0.024846,1,NA,NA,0.427692,NA,0.084488,NA,0.282558,1
"Dc13592","locus005",0.353754,1,NA,NA,0.718364,NA,0.036478,NA,1,1
"Dc13592","locus006",0.684378,0.250212,NA,NA,0.712886,NA,0.01684,1,0.407114,1
"Dc13592","locus008",0.222604,0.375976,NA,NA,1,NA,0.518706,NA,0.546632,0
"Dc13592","locus013",0.796634,0.250862,NA,NA,1,NA,0.195698,NA,0.511908,0
"Dc13592","locus014",0.920256,1,NA,NA,0.71641,NA,0.078466,NA,1,0
"Dc13592","locus022",0.302314,1,NA,NA,0.374138,NA,0.854414,NA,0.757606,0
"Dc13592","locus024",0.050436,1,NA,NA,1,NA,0.317302,NA,1,0
"Dc13592","locus025",0.786998,0.500626,NA,NA,0.7202,NA,0.903254,NA,0.024872,1
"Dc13592","locus027",0.891422,1,NA,1,0.369902,NA,0.763904,NA,1,0
"Dc13592","locus030",0.256028,1,0.249862,NA,1,NA,0.162736,1,1,0
"Dc13592","locus035",0.886994,1,1,NA,1,Inf,0.169064,NA,1,0
"Dc13592","locus038",0.318774,0.499434,NA,NA,1,NA,0.555706,NA,0.586312,0
"Dc13592","locus039",0.860982,1,NA,NA,0.716182,NA,0.02926,NA,0.05679,1
"Dc13592","locus040",0.180612,1,NA,NA,1,NA,0.534894,NA,Inf,0
"Dc13592","locus041",0.214774,0.126556,NA,1,0.714374,NA,0.015856,NA,0.819306,1
"Dc13592","locus045",1,1,NA,NA,0.142964,NA,0.473832,NA,0.151186,0
"Dc13592","locus047",0.485794,1,NA,NA,1,NA,0.819858,1,0.274314,0
"Dc13592","locus048",0.129246,Inf,NA,NA,1,NA,0.61596,1,1,0
"Dc13592","locus053",0.293788,0.499714,0.498654,0.597552,1,NA,0.985456,NA,0.200312,0
"Dc13592","locus055",0.385094,1,NA,NA,1,NA,0.936628,NA,0.510974,0
"Dc13592","locus056",0.261704,1,NA,NA,0.42692,NA,0.808908,NA,1,0
"Dc13592","locus058",0.174294,1,NA,NA,1,NA,0.21067,NA,0.755096,0
"Dc13592","locus060",0.411404,1,NA,NA,0.36546,NA,0.204256,NA,1,0
"Dc13592","locus061",0.228692,0.248614,NA,NA,0.426496,NA,0.68845,NA,1,0
"Dc13592","locus062",0.36782,1,NA,1,1,NA,0.607182,1,0.790494,0
"Dc13592","locus064",0.602648,0.249574,NA,NA,0.713228,NA,0.378224,NA,1,0
"Dc13592","locus065",0.784558,1,NA,NA,1,NA,0.508102,NA,1,0
"Dc13592","locus073",0.420378,1,NA,NA,0.485614,NA,0.369624,NA,1,0
"Dc13592","locus074",0.909288,1,NA,NA,1,NA,0.709562,NA,0.511392,0
"Dc13592","locus076",0.528566,1,1,NA,1,NA,0.127774,NA,0.678174,0
"Dc13592","locus077",0.615606,0.249312,NA,NA,1,NA,1,NA,0.491728,0
"Dc13592","locus080",0.905936,1,NA,1,1,NA,0.73419,NA,1,0
"Dc13592","locus083",0.509486,1,NA,NA,1,NA,0.191508,NA,1,0
"Dc13592","locus088",0.497122,0.498886,NA,NA,0.485134,NA,0.712564,NA,0.514538,0
"Dc13592","locus093",0.237754,Inf,Inf,NA,Inf,NA,0.363744,NA,1,0
"Dc13592","locus096",0.949248,0.24984,1,NA,1,NA,1,NA,0.785826,0
"Dc13592","locus098",0.050978,1,NA,NA,1,NA,0.081058,NA,1,0
"Dc13592","locus100",0.10393,1,NA,NA,1,NA,0.03756,NA,0.78674,1
"Dc13592","locus106",1,Inf,NA,NA,0.713262,NA,0.194168,NA,1,0
"Dc13592","locus110",0.283116,Inf,NA,NA,NA,NA,0.045638,NA,NA,1
"Dc13592","locus116",0.333894,0.500166,NA,NA,0.54387,1,0.317644,NA,NA,0
"Dc13592","locus119",0.369598,0.12643,0.497954,NA,0.71549,NA,0.226418,NA,NA,0
"Dc13592","locus120",0.577888,0.124582,NA,NA,0.427834,NA,0.625664,1,NA,0
"Dc13592","locus126",0.384318,0.427976,NA,NA,1,NA,0.15413,NA,NA,0
"Dc13592","locus128",0.100694,1,NA,NA,0.362084,NA,0.89664,NA,NA,0
"Dc13592","locus129",0.18196,0.499872,NA,NA,0.715918,NA,0.961172,NA,NA,0
"Dc13592","locus130",0.018562,0.375156,NA,NA,1,NA,0.04702,NA,NA,2
"Dc13592","locus134",0.651992,1,NA,NA,1,Inf,0.06281,NA,NA,0
"Dc13592","locus135",0.084684,1,NA,NA,1,Inf,0.36819,NA,NA,0
"Dc13592","locus137",0.658764,1,NA,NA,0.7153,NA,0.880058,NA,NA,0
"Dc13592","locus139",0.743248,1,Inf,NA,1,NA,0.079852,1,NA,0
"Dc13592","locus140",0.744628,1,Inf,NA,1,NA,0.082842,NA,NA,0
"Dc13592","locus146",0.703828,0.250826,NA,0.599724,0.713358,NA,0.688172,NA,NA,0
"Dc13592","locus148",0.091156,1,NA,NA,1,NA,0.648104,NA,NA,0
"Dc13592","locus151",0.063112,1,NA,NA,0.539638,NA,0.226426,NA,NA,0
"Dc13592","locus157",0.498128,1,NA,NA,1,NA,1,NA,NA,0
"Dc13592","locus161",0.108924,0.3745,NA,NA,1,NA,0.741176,1,NA,0
"Dc13592","locus165",0.46125,0.499878,NA,NA,0.6005,NA,0.548366,NA,NA,0
"Dc13592","locus170",0.08935,0.124952,NA,NA,1,NA,0.06896,NA,NA,0
"Dc13592","locus176",0.786694,1,NA,NA,0.53605,NA,0.354766,NA,NA,0
"Dc13592","locus184",0.47486,1,NA,NA,1,NA,0.190794,NA,NA,0
"Dc13592","locus186",0.239166,1,NA,NA,0.486494,NA,0.94264,NA,NA,0
"Dc13592","locus188",0.500508,0.250972,NA,1,0.085142,NA,0.990444,NA,NA,0
"Dc13592","locus189",0.765124,0.249694,Inf,NA,1,NA,0.006098,NA,NA,1
"Dc13592","locus190",0.8745,1,Inf,NA,1,NA,0.070094,NA,NA,0
"Dc13592","locus191",0.844686,1,Inf,NA,0.541116,NA,0.176938,NA,NA,0
"Dc13592","locus192",0.465026,0.12566,NA,NA,1,NA,0.044818,NA,NA,1
"Dc13592","locus195",0.340212,0.376338,NA,NA,0.116026,NA,0.848272,NA,NA,0
"Dc13592","locus202",0.389626,1,0.4994,NA,1,NA,0.43246,NA,NA,0
"Dc13592","locus210",0.444206,0.500854,NA,NA,0.485598,NA,0.827676,0.33486,NA,0
"Dc13592","locus215",0.156186,1,NA,NA,0.488794,NA,0.196478,NA,NA,0
"Dc13592","locus227",0.889524,0.374734,Inf,NA,Inf,NA,0.169926,NA,NA,0
"Dc13592","locus231",0.40703,1,Inf,NA,1,NA,0.361276,NA,NA,0
"Dc13592","locus235",0.099136,1,NA,NA,1,1,0.6483,NA,NA,0
"Dc13592","locus236",0.680062,1,NA,NA,1,NA,0.76957,NA,NA,0
"Dc13592","locus237",0.818272,1,NA,NA,1,NA,0.217458,NA,NA,0
"Dc13592","locus239",0.5764,1,NA,NA,1,NA,0.131192,NA,NA,0
"Dc13592","locus248",0.578248,1,NA,NA,0.71019,NA,0.097548,0.401206,NA,0
"Dc13592","locus255",0.621106,1,NA,NA,0.715698,NA,NA,NA,NA,0
"Dc13592","locus256",0.433664,1,0.500638,1,1,NA,0.265066,NA,NA,0
"Dc13592","locus263",0.783722,1,NA,Inf,0.428104,NA,0.504468,NA,NA,0
"Dc13592","locus264",0.322356,1,0.50112,NA,1,NA,0.783656,NA,NA,0
"Dc13592","locus274",0.590384,1,NA,NA,1,NA,0.193322,NA,NA,0
"Dc13592","locus280",0.79912,0.502868,NA,NA,0.112624,NA,0.245362,0.599424,NA,0
"Dc13592","locus282",0.522746,1,NA,NA,1,NA,0.430412,NA,NA,0
"Dc13592","locus286",0.894712,1,NA,NA,1,NA,0.7944,NA,NA,0
"Dc13592","locus291",0.456264,1,NA,NA,0.712926,NA,0.219134,NA,NA,0
"Dc13592","locus292",0.66669,1,NA,NA,0.485442,NA,0.037002,NA,NA,1
"Dc13592","locus296",0.883602,1,NA,NA,0.71084,NA,0.830236,NA,NA,0
"Dc13592","locus301",0.05597,1,NA,NA,1,NA,0.52842,NA,NA,0
"Dc13592","locus314",0.839154,Inf,NA,NA,1,NA,1,NA,NA,0
"Dc13592","locus321",0.004438,0.498616,NA,1,1,NA,0.497458,1,NA,1
"Dc13592","locus322",0.549024,1,NA,NA,0.372534,NA,0.108666,NA,NA,0
"Dc13592","locus323",0.547818,0.375474,NA,NA,0.484176,Inf,0.344304,NA,NA,0
"Dc13592","locus329",0.370734,0.249744,NA,NA,0.477234,NA,0.541624,NA,NA,0
"Dc13592","locus332",0.30116,0.498562,NA,NA,1,NA,0.225132,NA,NA,0
"Dc13592","locus349",0.452164,0.374164,NA,NA,0.48623,NA,0.485714,NA,NA,0
"Dc13592","locus358",0.887248,1,NA,0.331902,0.489396,NA,0.443544,NA,NA,0
"Dc13592","locus359",0.229166,1,NA,NA,1,NA,0.338164,NA,NA,0
"Dc13592","locus360",0.166686,0.37494,NA,NA,0.541854,NA,0.05587,NA,NA,0
"Dc14022","Dc14945",0.636118,Inf,NA,NA,Inf,NA,Inf,NA,Inf,0
"Dc14022","Dc16747",0.65151,Inf,NA,Inf,1,NA,Inf,NA,Inf,0
"Dc14022","Dc18951",0.028826,Inf,NA,NA,1,Inf,Inf,NA,Inf,1
"Dc14022","Dc20232",0.595478,Inf,NA,NA,1,Inf,Inf,NA,Inf,0
"Dc14022","Dc22883",0.644978,Inf,NA,NA,0.569538,NA,Inf,NA,Inf,0
"Dc14022","Dc22887",0.23252,Inf,NA,Inf,1,NA,Inf,NA,Inf,0
"Dc14022","Dc27955",0.18278,Inf,NA,NA,1,Inf,Inf,NA,Inf,0
"Dc14022","Dc28124",0.40078,Inf,NA,NA,0.142152,NA,Inf,NA,Inf,0
"Dc14022","Dc28776",1,Inf,NA,NA,0.42984,NA,Inf,NA,Inf,0
"Dc14022","Dc30071",1,Inf,NA,NA,1,Inf,Inf,0.427144,Inf,0
"Dc14022","Dc31007",1,Inf,Inf,NA,Inf,NA,Inf,NA,NA,0
"Dc14022","Dc33714",0.821754,Inf,Inf,NA,0.143508,NA,Inf,1,Inf,0
"Dc14022","Dc33907",0.693008,Inf,NA,NA,1,NA,Inf,NA,Inf,0
"Dc14022","Dc34902",0.58072,Inf,NA,NA,0.285942,NA,Inf,NA,Inf,0
"Dc14022","Dc35779",0.706692,Inf,NA,NA,1,Inf,Inf,NA,Inf,0
"Dc14022","Dc36571",0.558792,Inf,NA,Inf,1,NA,Inf,NA,Inf,0
"Dc14022","Dc36616",0.76482,Inf,Inf,NA,1,Inf,Inf,NA,Inf,0
"Dc14022","Dc36767",1,Inf,Inf,NA,0.575024,NA,Inf,NA,NA,0
"Dc14022","Dc40235",0.33369,Inf,NA,NA,1,NA,Inf,NA,Inf,0
"Dc14022","Dc41234",0.915546,Inf,NA,Inf,1,NA,Inf,NA,Inf,0
"Dc14022","Dc46984",1,Inf,NA,Inf,1,Inf,Inf,NA,Inf,0
"Dc14022","Dc47572",0.207552,Inf,NA,NA,0.142732,Inf,Inf,0.28707,Inf,0
"Dc14022","Dc47935",0.552628,Inf,NA,NA,0.288662,NA,Inf,NA,Inf,0
"Dc14022","Dc48207",0.637542,Inf,Inf,NA,Inf,Inf,Inf,NA,Inf,0
"Dc14022","Dc48950",0.303764,Inf,NA,Inf,0.576954,NA,Inf,NA,Inf,0
"Dc14022","Dc49080",0.65878,Inf,NA,Inf,0.571018,NA,Inf,NA,Inf,0
"Dc14022","Dc49184",1,Inf,NA,NA,0.283152,NA,Inf,NA,Inf,0
"Dc14022","Dc51020",1,Inf,NA,NA,0.4272,NA,Inf,NA,Inf,0
"Dc14022","Dc52523",0.489428,Inf,NA,NA,1,NA,Inf,NA,Inf,0
"Dc14022","Dc55481",0.378626,Inf,NA,NA,0.289244,NA,Inf,1,Inf,0
"Dc14022","Dc58248",0.816254,Inf,NA,NA,0.574746,NA,Inf,NA,Inf,0
"Dc14022","Dc62188",0.05304,Inf,NA,Inf,1,NA,Inf,NA,Inf,0
"Dc14022","Dc67011",1,Inf,Inf,Inf,1,NA,Inf,NA,Inf,0
"Dc14022","locus002",1,Inf,NA,NA,Inf,NA,Inf,NA,Inf,0
"Dc14022","locus003",0.197222,Inf,NA,NA,1,NA,Inf,NA,Inf,0
"Dc14022","locus004",0.421266,Inf,NA,NA,1,NA,Inf,NA,Inf,0
"Dc14022","locus005",0.097028,Inf,NA,NA,1,NA,Inf,NA,Inf,0
"Dc14022","locus006",0.47563,Inf,NA,NA,1,NA,Inf,0.428908,Inf,0
"Dc14022","locus008",1,Inf,NA,NA,1,NA,Inf,NA,Inf,0
"Dc14022","locus013",0.173264,Inf,NA,NA,1,NA,Inf,NA,Inf,0
"Dc14022","locus014",0.17722,Inf,NA,NA,1,NA,Inf,NA,Inf,0
"Dc14022","locus022",0.727634,Inf,NA,NA,0.424474,NA,Inf,NA,Inf,0
"Dc14022","locus024",0.425066,Inf,NA,NA,1,NA,Inf,NA,Inf,0
"Dc14022","locus025",0.447944,Inf,NA,NA,1,NA,Inf,NA,Inf,0
"Dc14022","locus027",0.721732,Inf,NA,Inf,0.144414,NA,Inf,NA,Inf,0
"Dc14022","locus030",0.503424,Inf,Inf,NA,1,NA,Inf,0.429354,Inf,0
"Dc14022","locus035",0.706126,Inf,Inf,NA,1,Inf,Inf,NA,Inf,0
"Dc14022","locus038",0.196332,Inf,NA,NA,1,NA,Inf,NA,Inf,0
"Dc14022","locus039",0.40177,Inf,NA,NA,0.286272,NA,Inf,NA,Inf,0
"Dc14022","locus040",1,Inf,NA,NA,1,NA,Inf,NA,Inf,0
"Dc14022","locus041",0.601256,Inf,NA,Inf,1,NA,Inf,NA,Inf,0
"Dc14022","locus045",0.565508,Inf,NA,NA,1,NA,Inf,NA,Inf,0
"Dc14022","locus047",0.362512,Inf,NA,NA,1,NA,Inf,1,Inf,0
"Dc14022","locus048",0.620912,Inf,NA,NA,1,NA,Inf,1,Inf,0
"Dc14022","locus053",0.63922,Inf,Inf,Inf,1,NA,Inf,NA,Inf,0
"Dc14022","locus055",1,Inf,NA,NA,1,NA,Inf,NA,Inf,0
"Dc14022","locus056",0.763358,Inf,NA,NA,1,Inf,Inf,NA,Inf,0
"Dc14022","locus058",0.673956,Inf,NA,NA,1,NA,Inf,NA,Inf,0
"Dc14022","locus060",0.187896,Inf,NA,NA,1,NA,Inf,NA,Inf,0
"Dc14022","locus061",1,Inf,NA,NA,1,NA,Inf,NA,Inf,0
"Dc14022","locus062",0.86562,Inf,NA,Inf,1,NA,Inf,1,Inf,0
"Dc14022","locus064",0.13212,Inf,NA,NA,1,NA,Inf,NA,Inf,0
"Dc14022","locus065",1,Inf,NA,NA,1,NA,Inf,NA,Inf,0
"Dc14022","locus073",0.364984,Inf,NA,NA,1,NA,Inf,NA,Inf,0
"Dc14022","locus074",0.709466,Inf,NA,NA,1,NA,Inf,NA,Inf,0
"Dc14022","locus076",0.761368,Inf,Inf,NA,1,NA,Inf,NA,Inf,0
"Dc14022","locus077",0.09181,Inf,NA,NA,1,NA,Inf,NA,Inf,0
"Dc14022","locus080",0.088182,Inf,NA,Inf,0.42701,NA,Inf,NA,Inf,0
"Dc14022","locus083",0.55899,Inf,NA,NA,Inf,NA,Inf,NA,Inf,0
"Dc14022","locus088",0.731932,Inf,NA,NA,0.428074,NA,Inf,NA,Inf,0
"Dc14022","locus093",1,Inf,Inf,NA,Inf,NA,Inf,NA,Inf,0
"Dc14022","locus096",1,Inf,Inf,NA,1,NA,Inf,NA,Inf,0
"Dc14022","locus098",0.207668,Inf,NA,NA,1,NA,Inf,NA,Inf,0
"Dc14022","locus100",0.207648,Inf,NA,NA,1,NA,Inf,NA,Inf,0
"Dc14022","locus106",1,Inf,NA,NA,1,NA,Inf,NA,Inf,0
"Dc14022","locus110",0.04456,Inf,NA,NA,NA,NA,Inf,NA,NA,1
"Dc14022","locus116",0.145198,Inf,NA,NA,1,Inf,Inf,NA,NA,0
"Dc14022","locus119",1,Inf,Inf,NA,1,NA,Inf,NA,NA,0
"Dc14022","locus120",0.502192,Inf,NA,NA,1,NA,Inf,1,NA,0
"Dc14022","locus126",0.226656,Inf,NA,NA,1,NA,Inf,NA,NA,0
"Dc14022","locus128",0.389464,Inf,NA,NA,0.425768,NA,Inf,NA,NA,0
"Dc14022","locus129",0.09123,Inf,NA,NA,1,NA,Inf,NA,NA,0
"Dc14022","locus130",0.237872,Inf,NA,NA,0.333706,NA,Inf,NA,NA,0
"Dc14022","locus134",0.363426,Inf,NA,NA,1,Inf,Inf,NA,NA,0
"Dc14022","locus135",0.693038,Inf,NA,NA,1,NA,Inf,NA,NA,0
"Dc14022","locus137",1,Inf,NA,NA,1,NA,Inf,NA,NA,0
"Dc14022","locus139",1,Inf,Inf,NA,1,NA,Inf,1,NA,0
"Dc14022","locus140",1,Inf,Inf,NA,1,NA,Inf,NA,NA,0
"Dc14022","locus146",0.399982,Inf,NA,Inf,1,NA,Inf,NA,NA,0
"Dc14022","locus148",0.700218,Inf,NA,NA,1,NA,Inf,NA,NA,0
"Dc14022","locus151",0.66176,Inf,NA,NA,1,NA,Inf,NA,NA,0
"Dc14022","locus157",1,Inf,NA,NA,1,NA,Inf,NA,NA,0
"Dc14022","locus161",1,Inf,NA,NA,1,NA,Inf,1,NA,0
"Dc14022","locus165",0.747292,Inf,NA,NA,Inf,NA,Inf,NA,NA,0
"Dc14022","locus170",1,Inf,NA,NA,1,NA,Inf,NA,NA,0
"Dc14022","locus176",1,Inf,NA,NA,1,NA,Inf,NA,NA,0
"Dc14022","locus184",0.588382,Inf,NA,NA,1,NA,Inf,NA,NA,0
"Dc14022","locus186",0.657646,Inf,NA,NA,1,NA,Inf,NA,NA,0
"Dc14022","locus188",0.550532,Inf,NA,Inf,1,NA,Inf,NA,NA,0
"Dc14022","locus189",0.160652,Inf,Inf,NA,1,NA,Inf,NA,NA,0
"Dc14022","locus190",0.062804,Inf,Inf,NA,1,NA,Inf,NA,NA,0
"Dc14022","locus191",0.068882,Inf,Inf,NA,1,NA,Inf,NA,NA,0
"Dc14022","locus192",1,Inf,NA,NA,1,NA,Inf,NA,NA,0
"Dc14022","locus195",0.47406,Inf,NA,NA,0.573232,NA,Inf,NA,NA,0
"Dc14022","locus202",0.858254,Inf,Inf,NA,1,NA,Inf,NA,NA,0
"Dc14022","locus210",1,Inf,NA,NA,1,NA,Inf,1,NA,0
"Dc14022","locus215",0.582094,Inf,NA,NA,0.143112,NA,Inf,NA,NA,0
"Dc14022","locus227",1,Inf,Inf,NA,Inf,NA,Inf,NA,NA,0
"Dc14022","locus231",0.587342,Inf,Inf,NA,0.430004,NA,Inf,NA,NA,0
"Dc14022","locus235",0.23178,Inf,NA,NA,1,Inf,Inf,NA,NA,0
"Dc14022","locus236",1,Inf,NA,NA,1,NA,Inf,NA,NA,0
"Dc14022","locus237",0.704788,Inf,NA,NA,1,NA,Inf,NA,NA,0
"Dc14022","locus239",0.216052,Inf,NA,NA,1,NA,Inf,NA,NA,0
"Dc14022","locus248",0.231228,Inf,NA,NA,1,NA,Inf,0.428406,NA,0
"Dc14022","locus255",1,Inf,NA,NA,1,NA,NA,NA,NA,0
"Dc14022","locus256",1,Inf,Inf,Inf,1,NA,Inf,NA,NA,0
"Dc14022","locus263",0.405426,Inf,NA,Inf,0.142358,NA,Inf,NA,NA,0
"Dc14022","locus264",0.256762,Inf,Inf,NA,1,NA,Inf,NA,NA,0
"Dc14022","locus274",0.64827,Inf,NA,NA,0.570538,NA,Inf,NA,NA,0
"Dc14022","locus280",1,Inf,NA,NA,0.571248,NA,Inf,0.428454,NA,0
"Dc14022","locus282",0.865578,Inf,NA,NA,1,NA,Inf,NA,NA,0
"Dc14022","locus286",1,Inf,NA,NA,1,NA,Inf,NA,NA,0
"Dc14022","locus291",0.27594,Inf,NA,NA,1,NA,Inf,NA,NA,0
"Dc14022","locus292",0.000844,Inf,NA,NA,1,NA,Inf,NA,NA,1
"Dc14022","locus296",0.888712,Inf,NA,NA,1,NA,Inf,NA,NA,0
"Dc14022","locus301",0.426134,Inf,NA,NA,1,NA,Inf,NA,NA,0
"Dc14022","locus314",1,Inf,NA,NA,1,NA,Inf,NA,NA,0
"Dc14022","locus321",0.398198,Inf,NA,Inf,1,NA,Inf,1,NA,0
"Dc14022","locus322",0.850438,Inf,NA,NA,1,NA,Inf,NA,NA,0
"Dc14022","locus323",0.146182,Inf,NA,NA,1,NA,Inf,NA,NA,0
"Dc14022","locus329",0.116054,Inf,NA,NA,1,NA,Inf,NA,NA,0
"Dc14022","locus332",0.650648,Inf,NA,NA,1,NA,Inf,NA,NA,0
"Dc14022","locus349",0.046268,Inf,NA,NA,0.428428,NA,Inf,NA,NA,1
"Dc14022","locus358",1,Inf,NA,Inf,0.42833,NA,Inf,NA,NA,0
"Dc14022","locus359",0.682096,Inf,NA,NA,1,NA,Inf,NA,NA,0
"Dc14022","locus360",1,Inf,NA,NA,0.144824,NA,Inf,NA,NA,0
"Dc14945","Dc16747",0.343654,0.24976,NA,Inf,Inf,NA,0.86117,NA,Inf,0
"Dc14945","Dc18951",0.27895,1,NA,NA,Inf,Inf,0.027258,NA,Inf,1
"Dc14945","Dc20232",0.678666,1,NA,NA,Inf,Inf,0.648494,NA,Inf,0
"Dc14945","Dc22883",0.006174,1,NA,NA,Inf,NA,0.48099,NA,Inf,1
"Dc14945","Dc22887",1,1,NA,1,Inf,NA,0.589572,NA,Inf,0
"Dc14945","Dc27955",0.139978,1,NA,NA,Inf,Inf,1,NA,Inf,0
"Dc14945","Dc28124",0.766574,1,NA,NA,Inf,NA,1,NA,Inf,0
"Dc14945","Dc28776",0.747444,1,NA,NA,Inf,NA,0.61171,NA,Inf,0
"Dc14945","Dc30071",0.098566,Inf,NA,NA,Inf,Inf,0.314718,Inf,Inf,0
"Dc14945","Dc31007",1,Inf,1,NA,Inf,NA,0.551418,NA,NA,0
"Dc14945","Dc33714",0.746206,1,Inf,NA,Inf,NA,0.131596,Inf,Inf,0
"Dc14945","Dc33907",0.80825,0.373356,NA,NA,Inf,NA,0.751632,NA,Inf,0
"Dc14945","Dc34902",0.64415,0.369958,NA,NA,Inf,NA,0.436364,NA,Inf,0
"Dc14945","Dc35779",0.783506,1,NA,NA,Inf,Inf,0.511118,NA,Inf,0
"Dc14945","Dc36571",1,1,NA,1,Inf,NA,0.744754,NA,Inf,0
"Dc14945","Dc36616",0.082142,0.375112,1,NA,Inf,Inf,0.21894,NA,Inf,0
"Dc14945","Dc36767",1,0.372904,1,NA,Inf,NA,0.291508,NA,NA,0
"Dc14945","Dc40235",0.636902,0.249926,NA,NA,Inf,NA,0.878922,NA,Inf,0
"Dc14945","Dc41234",0.777818,0.625184,NA,Inf,Inf,NA,0.39974,NA,Inf,0
"Dc14945","Dc46984",0.909242,1,NA,0.603084,Inf,Inf,0.889698,NA,Inf,0
"Dc14945","Dc47572",0.50326,0.621056,NA,NA,Inf,Inf,0.414836,Inf,Inf,0
"Dc14945","Dc47935",0.319384,0.622048,NA,NA,Inf,NA,0.607304,NA,Inf,0
"Dc14945","Dc48207",0.68768,Inf,Inf,NA,Inf,Inf,1,NA,Inf,0
"Dc14945","Dc48950",0.70599,0.24775,NA,1,Inf,NA,0.157314,NA,Inf,0
"Dc14945","Dc49080",1,0.499828,NA,1,Inf,NA,1,NA,Inf,0
"Dc14945","Dc49184",0.118316,1,NA,NA,Inf,NA,0.537466,NA,Inf,0
"Dc14945","Dc51020",0.54478,1,NA,NA,Inf,NA,0.319672,NA,Inf,0
"Dc14945","Dc52523",0.516248,0.372272,NA,NA,Inf,NA,0.546172,NA,Inf,0
"Dc14945","Dc55481",0.509828,1,NA,NA,Inf,NA,0.642586,Inf,Inf,0
"Dc14945","Dc58248",0.884704,1,NA,NA,Inf,NA,0.51781,NA,Inf,0
"Dc14945","Dc62188",0.48657,0.627218,NA,1,Inf,NA,0.199322,NA,Inf,0
"Dc14945","Dc67011",0.74568,1,1,0.199024,Inf,NA,0.062604,NA,Inf,0
"Dc14945","locus002",0.319304,Inf,NA,NA,Inf,NA,0.671152,NA,Inf,0
"Dc14945","locus003",0.13187,0.375364,NA,NA,Inf,NA,0.154094,NA,Inf,0
"Dc14945","locus004",1,1,NA,NA,Inf,NA,0.116272,NA,Inf,0
"Dc14945","locus005",0.684436,1,NA,NA,Inf,NA,0.75892,NA,Inf,0
"Dc14945","locus006",0.561774,1,NA,NA,Inf,NA,1,Inf,Inf,0
"Dc14945","locus008",0.047386,0.374084,NA,NA,Inf,NA,1,NA,Inf,1
"Dc14945","locus013",0.573212,1,NA,NA,Inf,NA,0.054722,NA,Inf,0
"Dc14945","locus014",0.929564,1,NA,NA,Inf,NA,0.856198,NA,Inf,0
"Dc14945","locus022",0.313528,1,NA,NA,Inf,NA,0.45922,NA,Inf,0
"Dc14945","locus024",0.860134,1,NA,NA,Inf,NA,0.227256,NA,Inf,0
"Dc14945","locus025",0.245884,0.50107,NA,NA,Inf,NA,0.861254,NA,Inf,0
"Dc14945","locus027",1,1,NA,Inf,Inf,NA,0.11613,NA,Inf,0
"Dc14945","locus030",0.619722,1,1,NA,Inf,NA,0.491982,Inf,Inf,0
"Dc14945","locus035",1,0.249988,1,NA,Inf,Inf,1,NA,Inf,0
"Dc14945","locus038",0.40449,1,NA,NA,Inf,NA,0.873396,NA,Inf,0
"Dc14945","locus039",0.189856,1,NA,NA,Inf,NA,1,NA,Inf,0
"Dc14945","locus040",0.33201,0.123564,NA,NA,Inf,NA,0.369904,NA,Inf,0
"Dc14945","locus041",0.764924,1,NA,1,Inf,NA,0.874328,NA,Inf,0
"Dc14945","locus045",0.213692,1,NA,NA,Inf,NA,0.084858,NA,Inf,0
"Dc14945","locus047",1,1,NA,NA,Inf,NA,0.300634,Inf,Inf,0
"Dc14945","locus048",0.452522,Inf,NA,NA,Inf,NA,0.65217,Inf,Inf,0
"Dc14945","locus053",0.422198,0.124436,0.498208,1,Inf,NA,0.110444,NA,Inf,0
"Dc14945","locus055",0.553888,0.252888,NA,NA,Inf,NA,0.528094,NA,Inf,0
"Dc14945","locus056",0.37256,1,NA,NA,Inf,Inf,1,NA,Inf,0
"Dc14945","locus058",0.950762,1,NA,NA,Inf,NA,0.36193,NA,Inf,0
"Dc14945","locus060",0.571794,1,NA,NA,Inf,NA,0.335644,NA,Inf,0
"Dc14945","locus061",1,1,NA,NA,Inf,NA,0.333228,NA,Inf,0
"Dc14945","locus062",0.137078,0.123732,NA,1,Inf,NA,0.753878,Inf,Inf,0
"Dc14945","locus064",0.458268,1,NA,NA,Inf,NA,0.773124,NA,Inf,0
"Dc14945","locus065",1,0.249932,NA,NA,Inf,NA,0.336442,NA,Inf,0
"Dc14945","locus073",0.916118,1,NA,NA,Inf,NA,0.184616,NA,Inf,0
"Dc14945","locus074",0.420256,1,NA,NA,Inf,NA,0.02245,NA,Inf,1
"Dc14945","locus076",0.8317,1,1,NA,Inf,NA,0.50158,NA,Inf,0
"Dc14945","locus077",0.157974,0.251488,NA,NA,Inf,NA,0.566622,NA,Inf,0
"Dc14945","locus080",0.12069,0.500498,NA,Inf,Inf,NA,0.839594,NA,Inf,0
"Dc14945","locus083",0.467832,0.25022,NA,NA,Inf,NA,0.749222,NA,Inf,0
"Dc14945","locus088",0.278698,0.50122,NA,NA,Inf,NA,0.023446,NA,Inf,1
"Dc14945","locus093",0.066522,Inf,Inf,NA,Inf,NA,1,NA,Inf,0
"Dc14945","locus096",0.259886,1,1,NA,Inf,NA,1,NA,Inf,0
"Dc14945","locus098",0.814588,0.375988,NA,NA,Inf,NA,0.052264,NA,Inf,0
"Dc14945","locus100",0.239178,1,NA,NA,Inf,NA,0.762564,NA,Inf,0
"Dc14945","locus106",0.37528,Inf,NA,NA,Inf,NA,0.299798,NA,Inf,0
"Dc14945","locus110",0.514696,Inf,NA,NA,NA,NA,1,NA,NA,0
"Dc14945","locus116",0.051732,1,NA,NA,Inf,Inf,0.284564,NA,NA,0
"Dc14945","locus119",0.584926,0.500264,0.499936,NA,Inf,NA,0.422752,NA,NA,0
"Dc14945","locus120",0.622734,1,NA,NA,Inf,NA,1,Inf,NA,0
"Dc14945","locus126",0.642112,Inf,NA,NA,Inf,NA,0.702448,NA,NA,0
"Dc14945","locus128",0.92177,1,NA,NA,Inf,NA,0.444588,NA,NA,0
"Dc14945","locus129",0.849532,0.498088,NA,NA,Inf,NA,0.293912,NA,NA,0
"Dc14945","locus130",0.090742,1,NA,NA,Inf,NA,0.416106,NA,NA,0
"Dc14945","locus134",0.203178,0.37491,NA,NA,Inf,Inf,0.427378,NA,NA,0
"Dc14945","locus135",0.650012,1,NA,NA,Inf,NA,0.33684,NA,NA,0
"Dc14945","locus137",0.435344,1,NA,NA,Inf,NA,0.850892,NA,NA,0
"Dc14945","locus139",0.24363,1,Inf,NA,Inf,NA,0.670178,Inf,NA,0
"Dc14945","locus140",0.243078,1,Inf,NA,Inf,NA,0.670692,NA,NA,0
"Dc14945","locus146",0.152634,1,NA,1,Inf,NA,0.31974,NA,NA,0
"Dc14945","locus148",0.752894,0.253446,NA,NA,Inf,NA,0.249524,NA,NA,0
"Dc14945","locus151",0.771812,1,NA,NA,Inf,NA,0.596594,NA,NA,0
"Dc14945","locus157",0.18598,1,NA,NA,Inf,NA,0.447422,NA,NA,0
"Dc14945","locus161",0.779524,1,NA,NA,Inf,NA,0.066954,Inf,NA,0
"Dc14945","locus165",0.75669,1,NA,NA,Inf,NA,1,NA,NA,0
"Dc14945","locus170",0.031486,1,NA,NA,Inf,NA,0.387792,NA,NA,1
"Dc14945","locus176",0.124412,1,NA,NA,Inf,NA,0.279392,NA,NA,0
"Dc14945","locus184",0.033302,1,NA,NA,Inf,NA,0.224956,NA,NA,1
"Dc14945","locus186",0.394182,0.250346,NA,NA,Inf,NA,0.43635,NA,NA,0
"Dc14945","locus188",0.459348,1,NA,Inf,Inf,NA,0.77468,NA,NA,0
"Dc14945","locus189",0.82116,1,Inf,NA,Inf,NA,0.660682,NA,NA,0
"Dc14945","locus190",1,1,Inf,NA,Inf,NA,0.604196,NA,NA,0
"Dc14945","locus191",0.534392,0.500404,Inf,NA,Inf,NA,1,NA,NA,0
"Dc14945","locus192",0.407438,1,NA,NA,Inf,NA,0.270472,NA,NA,0
"Dc14945","locus195",1,1,NA,NA,Inf,NA,0.526912,NA,NA,0
"Dc14945","locus202",0.885784,1,0.500928,NA,Inf,NA,0.190722,NA,NA,0
"Dc14945","locus210",0.070944,0.499664,NA,NA,Inf,NA,0.420166,Inf,NA,0
"Dc14945","locus215",0.04031,1,NA,NA,Inf,NA,0.481786,NA,NA,1
"Dc14945","locus227",1,1,Inf,NA,Inf,NA,0.238062,NA,NA,0
"Dc14945","locus231",0.373244,1,Inf,NA,Inf,NA,1,NA,NA,0
"Dc14945","locus235",0.294674,0.375898,NA,NA,Inf,Inf,0.22592,NA,NA,0
"Dc14945","locus236",0.409992,0.125608,NA,NA,Inf,NA,0.50864,NA,NA,0
"Dc14945","locus237",0.234974,1,NA,NA,Inf,NA,0.8505,NA,NA,0
"Dc14945","locus239",0.490422,0.371996,NA,NA,Inf,NA,0.741416,NA,NA,0
"Dc14945","locus248",0.080494,1,NA,NA,Inf,NA,1,Inf,NA,0
"Dc14945","locus255",0.701658,1,NA,NA,Inf,NA,NA,NA,NA,0
"Dc14945","locus256",0.490896,1,0.498908,Inf,Inf,NA,0.340298,NA,NA,0
"Dc14945","locus263",1,1,NA,Inf,Inf,NA,1,NA,NA,0
"Dc14945","locus264",0.821046,0.249552,1,NA,Inf,NA,0.043202,NA,NA,1
"Dc14945","locus274",0.698866,0.497854,NA,NA,Inf,NA,0.342148,NA,NA,0
"Dc14945","locus280",0.442568,1,NA,NA,Inf,NA,0.676716,Inf,NA,0
"Dc14945","locus282",0.696454,0.502616,NA,NA,Inf,NA,0.08845,NA,NA,0
"Dc14945","locus286",0.118222,1,NA,NA,Inf,NA,0.67236,NA,NA,0
"Dc14945","locus291",0.378678,0.374266,NA,NA,Inf,NA,0.737678,NA,NA,0
"Dc14945","locus292",0.636908,1,NA,NA,Inf,NA,0.662628,NA,NA,0
"Dc14945","locus296",0.111214,1,NA,NA,Inf,NA,0.707872,NA,NA,0
"Dc14945","locus301",0.616246,1,NA,NA,Inf,NA,0.144484,NA,NA,0
"Dc14945","locus314",0.748662,0.57114,NA,NA,Inf,NA,0.612848,NA,NA,0
"Dc14945","locus321",0.002932,0.498576,NA,0.400946,Inf,NA,0.173944,Inf,NA,1
"Dc14945","locus322",0.043718,1,NA,NA,Inf,NA,0.860374,NA,NA,1
"Dc14945","locus323",0.769488,1,NA,NA,Inf,NA,0.477312,NA,NA,0
"Dc14945","locus329",0.457114,0.250536,NA,NA,Inf,NA,0.659338,NA,NA,0
"Dc14945","locus332",0.936446,1,NA,NA,Inf,NA,0.880314,NA,NA,0
"Dc14945","locus349",0.101794,1,NA,NA,Inf,NA,1,NA,NA,0
"Dc14945","locus358",0.034948,1,NA,1,Inf,NA,0.562856,NA,NA,1
"Dc14945","locus359",0.605698,1,NA,NA,Inf,NA,1,NA,NA,0
"Dc14945","locus360",0.225488,0.37098,NA,NA,Inf,NA,0.775584,NA,NA,0
"Dc16747","Dc18951",0.819302,1,NA,NA,1,NA,0.697078,NA,0.575522,0
"Dc16747","Dc20232",0.130008,0.641968,NA,NA,1,NA,0.149438,NA,1,0
"Dc16747","Dc22883",0.98858,1,NA,NA,1,NA,0.044462,NA,0.378312,1
"Dc16747","Dc22887",0.867402,0.571798,NA,1,0.428978,NA,0.491616,NA,0.110484,0
"Dc16747","Dc27955",0.616734,1,NA,NA,1,NA,0.923378,NA,0.16591,0
"Dc16747","Dc28124",0.754566,1,NA,NA,1,NA,0.099142,NA,1,0
"Dc16747","Dc28776",0.03399,0.464268,NA,NA,1,NA,0.2425,NA,1,1
"Dc16747","Dc30071",0.504384,Inf,NA,NA,0.144224,NA,0.933672,Inf,0.302116,0
"Dc16747","Dc31007",0.635684,1,1,NA,Inf,NA,0.305266,NA,NA,0
"Dc16747","Dc33714",0.7852,0.640094,NA,NA,1,NA,0.92675,Inf,0.758348,0
"Dc16747","Dc33907",0.82347,1,NA,NA,0.14385,NA,0.59383,NA,0.75746,0
"Dc16747","Dc34902",0.391278,0.107436,NA,NA,1,NA,0.069622,NA,1,0
"Dc16747","Dc35779",0.657934,1,NA,NA,1,NA,0.663534,NA,1,0
"Dc16747","Dc36571",0.362222,0.23885,NA,1,1,NA,0.383392,NA,0.453452,0
"Dc16747","Dc36616",0.90699,1,1,NA,0.427924,NA,0.66825,NA,0.491788,0
"Dc16747","Dc36767",0.087222,0.036016,1,NA,0.482164,NA,0.59349,NA,NA,1
"Dc16747","Dc40235",0.10223,1,NA,NA,0.428628,NA,0.31888,NA,1,0
"Dc16747","Dc41234",0.747014,0.359464,NA,1,0.658756,NA,0.841538,NA,1,0
"Dc16747","Dc46984",0.59006,0.24934,NA,0.498168,0.483566,NA,0.12328,NA,1,0
"Dc16747","Dc47572",0.753086,0.14263,NA,NA,0.256806,NA,0.856744,Inf,1,0
"Dc16747","Dc47935",0.968668,0.355178,NA,NA,1,NA,0.193538,NA,0.015028,1
"Dc16747","Dc48207",1,Inf,Inf,NA,Inf,NA,Inf,NA,1,0
"Dc16747","Dc48950",0.760054,0.502394,NA,1,1,NA,0.535658,NA,0.419502,0
"Dc16747","Dc49080",0.580502,1,NA,1,0.657052,NA,0.278722,NA,0.194734,0
"Dc16747","Dc49184",0.370836,1,NA,NA,1,NA,0.095094,NA,0.492068,0
"Dc16747","Dc51020",0.439606,0.465574,NA,NA,0.487042,NA,0.685952,NA,0.035914,1
"Dc16747","Dc52523",0.537672,0.785188,NA,NA,0.083842,NA,0.563976,NA,0.817,0
"Dc16747","Dc55481",0.465232,0.645102,NA,NA,1,NA,0.918766,Inf,0.33516,0
"Dc16747","Dc58248",0.924788,0.68,NA,NA,1,NA,0.606622,NA,0.817724,0
"Dc16747","Dc62188",0.642406,1,Inf,1,1,NA,0.95823,NA,0.1862,0
"Dc16747","Dc67011",0.759944,1,0.333638,Inf,1,NA,0.328114,NA,1,0
"Dc16747","locus002",0.631418,1,NA,NA,1,NA,0.36816,NA,0.165994,0
"Dc16747","locus003",0.594682,1,NA,NA,1,NA,0.64219,NA,0.727712,0
"Dc16747","locus004",0.424728,1,NA,NA,1,NA,0.734074,NA,0.574594,0
"Dc16747","locus005",0.436954,0.464258,NA,NA,0.428038,NA,0.160994,NA,0.030204,1
"Dc16747","locus006",0.193954,0.571234,NA,NA,1,NA,0.492354,Inf,0.729124,0
"Dc16747","locus008",0.165782,1,NA,NA,1,NA,0.854876,NA,1,0
"Dc16747","locus013",0.4724,1,NA,NA,1,NA,0.955772,NA,1,0
"Dc16747","locus014",0.517302,1,NA,NA,1,NA,0.81635,NA,0.727688,0
"Dc16747","locus022",0.718996,0.677912,NA,NA,1,NA,0.130614,NA,0.637722,0
"Dc16747","locus024",0.680112,0.427702,NA,NA,0.487166,NA,0.430414,NA,0.12433,0
"Dc16747","locus025",0.483058,1,NA,NA,1,NA,0.48818,NA,0.10349,0
"Dc16747","locus027",0.862532,0.428168,NA,1,0.256534,NA,0.83933,NA,1,0
"Dc16747","locus030",0.627104,0.428718,1,NA,0.658222,NA,0.371252,Inf,0.39572,0
"Dc16747","locus035",0.506898,1,0.334292,NA,1,NA,0.459144,NA,1,0
"Dc16747","locus038",0.49711,0.571202,NA,NA,1,NA,0.839704,NA,1,0
"Dc16747","locus039",0.19788,1,NA,NA,1,NA,0.478262,NA,1,0
"Dc16747","locus040",0.064606,0.24956,NA,NA,0.142758,NA,0.500272,NA,Inf,0
"Dc16747","locus041",0.89924,1,NA,1,1,NA,0.728532,NA,0.64303,0
"Dc16747","locus045",0.10322,0.464214,NA,NA,1,NA,0.606334,NA,1,0
"Dc16747","locus047",0.678688,0.428514,NA,NA,0.657598,NA,0.57312,Inf,0.120684,0
"Dc16747","locus048",0.492904,Inf,NA,NA,1,NA,0.550936,Inf,1,0
"Dc16747","locus053",0.018276,0.353684,Inf,1,1,NA,0.775358,NA,1,1
"Dc16747","locus055",0.567622,0.035976,NA,NA,0.487568,NA,0.757604,NA,0.729914,1
"Dc16747","locus056",0.243024,0.571264,NA,NA,0.427084,NA,0.217456,NA,0.107692,0
"Dc16747","locus058",0.816674,0.464252,NA,NA,0.314006,NA,0.84599,NA,0.418288,0
"Dc16747","locus060",0.60433,0.464844,NA,NA,0.25683,NA,0.870736,NA,0.236678,0
"Dc16747","locus061",0.369406,1,Inf,NA,0.42784,NA,0.600258,NA,1,0
"Dc16747","locus062",0.570564,0.251024,NA,1,0.228612,NA,0.96573,Inf,0.726598,0
"Dc16747","locus064",0.641912,1,NA,NA,0.429142,NA,0.71013,NA,1,0
"Dc16747","locus065",0.572482,0.036126,NA,NA,1,NA,0.741258,NA,0.4907,1
"Dc16747","locus073",0.656234,1,NA,NA,1,NA,0.014508,NA,0.089906,1
"Dc16747","locus074",0.485996,1,NA,NA,1,NA,0.52514,NA,0.697244,0
"Dc16747","locus076",0.265588,1,1,NA,0.314146,NA,0.484204,NA,0.712686,0
"Dc16747","locus077",0.868422,1,NA,NA,1,NA,0.152728,NA,1,0
"Dc16747","locus080",0.867312,0.212758,NA,1,0.432696,NA,0.797252,NA,0.45591,0
"Dc16747","locus083",0.191774,1,NA,NA,1,NA,0.694428,NA,0.545436,0
"Dc16747","locus088",1,1,NA,NA,0.142298,NA,0.552338,NA,1,0
"Dc16747","locus093",1,Inf,Inf,NA,Inf,NA,1,NA,0.428616,0
"Dc16747","locus096",0.616834,0.57167,Inf,NA,1,NA,0.720508,NA,0.575988,0
"Dc16747","locus098",0.18866,1,NA,NA,1,NA,0.01801,NA,0.714394,1
"Dc16747","locus100",0.357664,1,NA,NA,1,NA,0.5613,NA,0.484356,0
"Dc16747","locus106",0.150826,Inf,NA,NA,0.143098,NA,0.343754,NA,0.49017,0
"Dc16747","locus110",0.23312,1,NA,NA,NA,NA,0.678468,NA,NA,0
"Dc16747","locus116",0.151236,0.356674,NA,NA,0.658474,NA,0.6259,NA,NA,0
"Dc16747","locus119",0.1998,0.215874,Inf,NA,1,NA,0.352258,NA,NA,0
"Dc16747","locus120",0.103416,1,NA,NA,1,NA,0.868588,Inf,NA,0
"Dc16747","locus126",0.22638,1,Inf,NA,0.143448,NA,0.125912,NA,NA,0
"Dc16747","locus128",0.717054,0.464286,NA,NA,0.428624,NA,0.667542,NA,NA,0
"Dc16747","locus129",0.184286,1,NA,NA,1,NA,0.567196,NA,NA,0
"Dc16747","locus130",0.217476,0.463262,NA,NA,1,NA,1,NA,NA,0
"Dc16747","locus134",0.202172,1,NA,NA,0.65872,NA,0.213244,NA,NA,0
"Dc16747","locus135",0.438126,1,NA,NA,0.227928,NA,0.560972,NA,NA,0
"Dc16747","locus137",0.192392,0.24979,NA,NA,0.4294,NA,0.374504,NA,NA,0
"Dc16747","locus139",0.557732,1,Inf,NA,0.48515,NA,0.769682,Inf,NA,0
"Dc16747","locus140",0.55198,1,Inf,NA,0.487466,NA,0.77104,NA,NA,0
"Dc16747","locus146",0.770442,0.57128,NA,1,0.144214,NA,0.076916,NA,NA,0
"Dc16747","locus148",1,0.4627,NA,NA,1,NA,0.57267,NA,NA,0
"Dc16747","locus151",0.080774,0.428614,NA,NA,0.65821,NA,0.730848,NA,NA,0
"Dc16747","locus157",0.432296,0.464006,NA,NA,1,NA,0.12806,NA,NA,0
"Dc16747","locus161",0.403022,1,NA,NA,0.427174,NA,0.705084,Inf,NA,0
"Dc16747","locus165",0.797396,0.569696,NA,NA,1,NA,0.362038,NA,NA,0
"Dc16747","locus170",0.974638,0.573062,NA,NA,0.483816,NA,0.636208,NA,NA,0
"Dc16747","locus176",0.156734,0.678762,NA,NA,0.65658,NA,0.09603,NA,NA,0
"Dc16747","locus184",0.285418,0.427258,NA,NA,0.428828,NA,0.550426,NA,NA,0
"Dc16747","locus186",0.127426,1,NA,NA,1,NA,0.465264,NA,NA,0
"Dc16747","locus188",0.765038,0.71424,NA,1,1,NA,0.247134,NA,NA,0
"Dc16747","locus189",0.06599,0.677808,Inf,NA,0.657734,NA,0.034806,NA,NA,1
"Dc16747","locus190",0.65834,0.427712,Inf,NA,1,NA,0.083282,NA,NA,0
"Dc16747","locus191",0.182474,0.21464,NA,NA,1,NA,0.220386,NA,NA,0
"Dc16747","locus192",0.495506,0.643574,NA,NA,1,NA,0.10126,NA,NA,0
"Dc16747","locus195",0.200328,0.46409,NA,NA,0.656788,NA,0.693456,NA,NA,0
"Dc16747","locus202",0.537054,1,Inf,NA,0.25706,NA,0.079806,NA,NA,0
"Dc16747","locus210",0.241006,1,NA,NA,1,NA,0.698286,Inf,NA,0
"Dc16747","locus215",0.440342,0.46431,NA,NA,1,NA,0.791194,NA,NA,0
"Dc16747","locus227",0.053066,0.463868,Inf,NA,Inf,NA,0.048062,NA,NA,1
"Dc16747","locus231",0.329452,0.42829,NA,NA,1,NA,0.237888,NA,NA,0
"Dc16747","locus235",1,1,NA,NA,1,NA,0.35226,NA,NA,0
"Dc16747","locus236",0.420422,0.214948,NA,NA,0.485846,NA,0.304642,NA,NA,0
"Dc16747","locus237",0.673494,1,NA,NA,1,NA,0.78597,NA,NA,0
"Dc16747","locus239",0.83156,0.035636,NA,NA,1,NA,0.356012,NA,NA,1
"Dc16747","locus248",0.577912,0.571458,NA,NA,1,NA,0.65105,Inf,NA,0
"Dc16747","locus255",0.224866,1,NA,NA,1,NA,NA,NA,NA,0
"Dc16747","locus256",0.739822,1,Inf,1,0.314384,NA,0.101354,NA,NA,0
"Dc16747","locus263",0.749202,0.57219,NA,Inf,1,NA,0.58731,NA,NA,0
"Dc16747","locus264",0.846458,0.678986,Inf,NA,1,NA,0.562162,NA,NA,0
"Dc16747","locus274",0.52882,1,NA,NA,0.658636,NA,0.348106,NA,NA,0
"Dc16747","locus280",0.948326,0.570806,NA,NA,1,NA,0.124182,Inf,NA,0
"Dc16747","locus282",0.855782,0.216212,NA,NA,1,NA,0.660544,NA,NA,0
"Dc16747","locus286",0.584684,1,NA,NA,0.428936,NA,1,NA,NA,0
"Dc16747","locus291",0.421688,0.106652,NA,NA,1,NA,0.734654,NA,NA,0
"Dc16747","locus292",0.791632,0.573788,NA,NA,1,NA,0.672392,NA,NA,0
"Dc16747","locus296",0.941294,1,NA,NA,0.42756,NA,0.49603,NA,NA,0
"Dc16747","locus301",0.750316,1,NA,NA,1,NA,0.13883,NA,NA,0
"Dc16747","locus314",0.329306,0.430576,NA,NA,1,NA,0.632296,NA,NA,0
"Dc16747","locus321",0.215522,1,NA,1,0.314146,NA,0.046642,Inf,NA,1
"Dc16747","locus322",0.343114,0.46479,NA,NA,1,NA,0.492218,NA,NA,0
"Dc16747","locus323",0.098944,1,NA,NA,0.484542,NA,0.917388,NA,NA,0
"Dc16747","locus329",0.737714,1,NA,NA,0.05728,NA,0.545612,NA,NA,0
"Dc16747","locus332",0.400312,0.571556,NA,NA,0.48729,NA,0.409668,NA,NA,0
"Dc16747","locus349",0.507338,1,NA,NA,1,NA,0.117184,NA,NA,0
"Dc16747","locus358",0.518618,1,NA,1,0.485976,NA,1,NA,NA,0
"Dc16747","locus359",0.686316,0.6441,NA,NA,0.42904,NA,1,NA,NA,0
"Dc16747","locus360",1,1,NA,NA,1,NA,0.3897,NA,NA,0
"Dc18951","Dc20232",0.8865,1,NA,NA,0.429198,Inf,0.189686,NA,0.2166,0
"Dc18951","Dc22883",0.17391,0.25674,NA,NA,1,NA,0.30606,NA,0.8863,0
"Dc18951","Dc22887",0.078572,1,NA,1,1,NA,1,NA,0.366774,0
"Dc18951","Dc27955",0.064526,1,NA,NA,1,Inf,0.746138,NA,0.715882,0
"Dc18951","Dc28124",1,1,NA,NA,1,NA,0.512056,NA,1,0
"Dc18951","Dc28776",0.776328,1,NA,NA,0.25558,NA,0.241102,NA,0.485774,0
"Dc18951","Dc30071",0.71053,Inf,NA,NA,1,Inf,0.11743,0.427524,0.125106,0
"Dc18951","Dc31007",0.289056,1,1,NA,Inf,NA,0.31592,NA,NA,0
"Dc18951","Dc33714",0.817868,1,NA,NA,1,NA,0.758008,1,0.84324,0
"Dc18951","Dc33907",0.921784,1,NA,NA,0.485134,NA,0.869012,NA,0.233396,0
"Dc18951","Dc34902",1,1,NA,NA,1,NA,1,NA,0.22631,0
"Dc18951","Dc35779",0.10221,1,NA,NA,1,Inf,0.85238,NA,1,0
"Dc18951","Dc36571",0.127012,1,NA,1,1,NA,1,NA,0.846434,0
"Dc18951","Dc36616",0.349868,1,1,NA,1,Inf,0.297226,NA,0.781074,0
"Dc18951","Dc36767",0.383466,1,1,NA,0.486888,NA,0.377596,NA,NA,0
"Dc18951","Dc40235",0.941596,1,NA,NA,1,NA,0.085612,NA,1,0
"Dc18951","Dc41234",0.790062,0.486762,NA,1,1,NA,0.500158,NA,0.770278,0
"Dc18951","Dc46984",0.33449,0.486954,0.501768,1,1,1,0.062578,NA,0.605082,0
"Dc18951","Dc47572",0.819016,1,NA,NA,1,0.333592,0.879546,1,0.364056,0
"Dc18951","Dc47935",0.576904,0.485808,NA,NA,1,NA,0.75159,NA,0.86135,0
"Dc18951","Dc48207",0.397616,Inf,Inf,NA,Inf,Inf,0.196056,NA,0.497896,0
"Dc18951","Dc48950",0.312698,0.257428,NA,0.699348,1,NA,0.808072,NA,0.882094,0
"Dc18951","Dc49080",0.738744,0.143532,NA,0.400116,1,NA,0.7198,NA,0.89915,0
"Dc18951","Dc49184",0.718518,1,NA,NA,1,NA,0.246982,NA,0.212526,0
"Dc18951","Dc51020",0.180496,1,NA,NA,1,NA,0.711416,NA,0.049058,1
"Dc18951","Dc52523",0.88312,1,NA,NA,1,NA,0.50234,NA,1,0
"Dc18951","Dc55481",0.108666,1,NA,NA,1,NA,1,1,0.597324,0
"Dc18951","Dc58248",0.80856,0.485828,NA,NA,1,NA,0.986546,NA,0.988756,0
"Dc18951","Dc62188",0.32115,0.143572,NA,0.60385,1,NA,0.358266,NA,0.883072,0
"Dc18951","Dc67011",0.58515,1,1,1,1,NA,0.275218,NA,0.790116,0
"Dc18951","locus002",0.524556,1,NA,NA,0.39956,NA,0.168562,NA,1,0
"Dc18951","locus003",0.007666,0.142904,NA,NA,1,NA,0.46525,NA,0.159868,1
"Dc18951","locus004",0.446316,0.427106,NA,NA,0.428562,NA,0.84026,NA,1,0
"Dc18951","locus005",0.686944,1,NA,NA,0.143274,NA,0.799592,NA,0.093,0
"Dc18951","locus006",0.509368,1,NA,NA,0.142912,NA,0.806166,0.656348,0.235958,0
"Dc18951","locus008",0.193584,0.143192,NA,NA,1,NA,0.40081,NA,0.592128,0
"Dc18951","locus013",0.973764,0.05833,NA,NA,1,NA,0.096244,NA,1,0
"Dc18951","locus014",0.258014,1,NA,NA,1,NA,0.856806,NA,1,0
"Dc18951","locus022",0.762696,0.48587,NA,NA,0.487024,NA,0.765706,NA,0.673152,0
"Dc18951","locus024",0.38277,1,NA,NA,0.486352,NA,0.843496,NA,0.815358,0
"Dc18951","locus025",0.117176,1,Inf,NA,1,NA,0.387696,NA,0.46709,0
"Dc18951","locus027",0.27822,0.485684,Inf,1,0.257056,NA,0.675748,NA,0.77481,0
"Dc18951","locus030",0.778402,1,1,NA,1,NA,0.760734,0.429796,0.031922,1
"Dc18951","locus035",0.96071,1,1,NA,1,Inf,0.093726,NA,0.527694,0
"Dc18951","locus038",0.551948,0.485108,NA,NA,1,NA,0.490422,NA,1,0
"Dc18951","locus039",0.442306,0.487622,NA,NA,0.429352,NA,0.31229,NA,0.333706,0
"Dc18951","locus040",0.43248,1,NA,NA,0.427672,NA,0.330276,NA,Inf,0
"Dc18951","locus041",0.274414,1,NA,1,1,NA,0.600544,NA,1,0
"Dc18951","locus045",0.078542,1,NA,NA,0.141944,NA,0.509748,NA,0.686294,0
"Dc18951","locus047",0.909264,1,NA,NA,1,NA,0.438648,0.771502,0.142452,0
"Dc18951","locus048",0.729196,Inf,NA,NA,0.428668,NA,0.580254,0.42915,0.143204,0
"Dc18951","locus053",0.008146,1,NA,1,1,NA,0.440738,NA,0.741212,1
"Dc18951","locus055",0.375652,1,NA,NA,0.485152,NA,0.066366,NA,0.240122,0
"Dc18951","locus056",0.36024,0.427086,NA,NA,0.42856,Inf,0.867126,NA,0.796658,0
"Dc18951","locus058",0.743274,1,NA,NA,0.141384,NA,0.131404,NA,0.30513,0
"Dc18951","locus060",0.752162,1,NA,NA,0.656964,NA,0.138192,NA,0.768376,0
"Dc18951","locus061",0.66166,1,NA,NA,0.428892,NA,0.260442,NA,0.463304,0
"Dc18951","locus062",0.888614,1,NA,1,1,NA,0.769712,1,0.627708,0
"Dc18951","locus064",0.731218,1,NA,NA,1,NA,0.772456,NA,0.61539,0
"Dc18951","locus065",0.1176,1,NA,NA,0.42899,NA,0.815558,NA,0.459912,0
"Dc18951","locus073",0.306718,1,NA,NA,0.228818,NA,0.580804,NA,0.83227,0
"Dc18951","locus074",0.750132,0.48705,NA,NA,1,NA,0.697882,NA,0.884514,0
"Dc18951","locus076",0.09226,1,1,NA,1,NA,0.50362,NA,0.653472,0
"Dc18951","locus077",0.697594,0.430354,NA,NA,1,NA,0.840392,NA,0.319594,0
"Dc18951","locus080",0.319726,1,NA,1,0.257594,NA,0.1823,NA,0.494778,0
"Dc18951","locus083",0.035654,1,NA,NA,1,NA,0.895248,NA,1,1
"Dc18951","locus088",0.55341,1,NA,NA,0.48484,NA,0.968134,NA,0.79891,0
"Dc18951","locus093",0.12969,Inf,Inf,NA,Inf,NA,1,NA,0.140978,0
"Dc18951","locus096",0.908144,1,1,NA,0.428182,NA,0.646176,NA,1,0
"Dc18951","locus098",0.39248,1,NA,NA,0.42755,NA,0.474194,NA,0.619054,0
"Dc18951","locus100",0.134762,1,NA,NA,0.48671,NA,0.502064,NA,0.600932,0
"Dc18951","locus106",0.391452,Inf,NA,NA,1,NA,0.395586,NA,1,0
"Dc18951","locus110",0.539012,0.400154,NA,NA,NA,NA,0.88428,NA,NA,0
"Dc18951","locus116",0.258124,1,NA,NA,0.42983,1,0.648016,NA,NA,0
"Dc18951","locus119",0.809156,1,NA,NA,1,NA,0.271818,NA,NA,0
"Dc18951","locus120",0.02324,1,NA,NA,0.42976,NA,0.765482,1,NA,1
"Dc18951","locus126",0.844794,1,NA,NA,0.485004,NA,0.832508,NA,NA,0
"Dc18951","locus128",0.983122,1,NA,NA,1,NA,0.763892,NA,NA,0
"Dc18951","locus129",0.304534,0.486386,NA,NA,1,NA,0.380224,NA,NA,0
"Dc18951","locus130",0.853752,1,NA,NA,0.400034,NA,0.03476,NA,NA,1
"Dc18951","locus134",0.552116,1,NA,NA,1,Inf,0.270232,NA,NA,0
"Dc18951","locus135",0.543184,1,NA,NA,1,NA,0.462986,NA,NA,0
"Dc18951","locus137",0.116156,0.48425,NA,NA,1,NA,0.42478,NA,NA,0
"Dc18951","locus139",0.063474,1,Inf,NA,1,NA,0.01672,1,NA,1
"Dc18951","locus140",0.061842,1,Inf,NA,1,NA,0.017598,NA,NA,1
"Dc18951","locus146",0.317164,0.427066,NA,1,1,NA,0.824848,NA,NA,0
"Dc18951","locus148",0.639766,1,NA,NA,1,NA,0.045718,NA,NA,1
"Dc18951","locus151",0.718638,1,NA,NA,0.657264,NA,0.896582,NA,NA,0
"Dc18951","locus157",0.161746,0.427388,NA,NA,0.427666,NA,0.008556,NA,NA,1
"Dc18951","locus161",0.92667,1,NA,NA,1,NA,0.983492,1,NA,0
"Dc18951","locus165",0.872036,0.484338,NA,NA,1,NA,0.378626,NA,NA,0
"Dc18951","locus170",0.043136,0.485338,NA,NA,1,NA,0.769836,NA,NA,1
"Dc18951","locus176",0.732748,0.229378,NA,NA,0.6561,NA,0.020446,NA,NA,1
"Dc18951","locus184",0.571124,1,NA,NA,1,NA,0.078688,NA,NA,0
"Dc18951","locus186",0.342818,0.428546,NA,NA,1,NA,0.583404,NA,NA,0
"Dc18951","locus188",0.074986,0.428984,NA,1,0.771298,NA,0.658356,NA,NA,0
"Dc18951","locus189",0.935256,1,Inf,NA,1,NA,0.368478,NA,NA,0
"Dc18951","locus190",0.750494,1,Inf,NA,0.65543,NA,0.219152,NA,NA,0
"Dc18951","locus191",0.36805,1,NA,NA,0.656998,NA,0.49191,NA,NA,0
"Dc18951","locus192",0.399842,0.141458,NA,NA,1,NA,0.87951,NA,NA,0
"Dc18951","locus195",0.16817,1,NA,NA,0.143204,NA,0.76514,NA,NA,0
"Dc18951","locus202",0.358434,0.425974,NA,NA,0.65854,NA,0.478752,NA,NA,0
"Dc18951","locus210",0.528258,0.200526,NA,NA,0.229908,NA,0.091236,1,NA,0
"Dc18951","locus215",0.230504,1,Inf,NA,1,NA,0.002348,NA,NA,1
"Dc18951","locus227",0.95917,1,Inf,NA,Inf,NA,0.81007,NA,NA,0
"Dc18951","locus231",1,1,NA,NA,0.143552,NA,0.199764,NA,NA,0
"Dc18951","locus235",0.75519,0.42665,NA,NA,0.42769,1,0.389272,NA,NA,0
"Dc18951","locus236",0.040476,0.487288,NA,NA,1,NA,0.450918,NA,NA,1
"Dc18951","locus237",0.813714,0.428776,NA,NA,0.65898,NA,0.282186,NA,NA,0
"Dc18951","locus239",0.452376,1,NA,NA,1,NA,0.466688,NA,NA,0
"Dc18951","locus248",0.634544,0.427824,NA,NA,0.143032,NA,0.403274,1,NA,0
"Dc18951","locus255",0.693172,1,NA,NA,1,NA,NA,NA,NA,0
"Dc18951","locus256",0.049452,1,NA,1,0.14328,NA,0.263804,NA,NA,1
"Dc18951","locus263",0.258154,1,NA,Inf,1,NA,0.690782,NA,NA,0
"Dc18951","locus264",0.839718,1,NA,NA,1,NA,0.308396,NA,NA,0
"Dc18951","locus274",0.405162,0.484792,NA,NA,1,NA,0.497962,NA,NA,0
"Dc18951","locus280",0.300388,1,NA,NA,1,NA,0.028134,0.658572,NA,1
"Dc18951","locus282",0.715218,0.487806,NA,NA,0.657452,NA,0.770194,NA,NA,0
"Dc18951","locus286",0.151226,1,NA,NA,1,NA,0.64856,NA,NA,0
"Dc18951","locus291",0.919978,1,NA,NA,1,NA,0.794874,NA,NA,0
"Dc18951","locus292",0.220658,1,NA,NA,1,NA,0.798168,NA,NA,0
"Dc18951","locus296",0.4451,0.428712,NA,NA,1,NA,0.64085,NA,NA,0
"Dc18951","locus301",0.010974,1,Inf,NA,1,NA,0.361588,NA,NA,1
"Dc18951","locus314",0.37305,1,NA,NA,1,NA,0.076922,NA,NA,0
"Dc18951","locus321",0.154156,0.199156,NA,1,0.315808,NA,0.633224,0.427984,NA,0
"Dc18951","locus322",0.94461,1,NA,NA,0.02882,NA,0.236568,NA,NA,1
"Dc18951","locus323",0.189438,1,NA,NA,1,NA,0.421638,NA,NA,0
"Dc18951","locus329",0.336636,0.427328,NA,NA,1,NA,0.676914,NA,NA,0
"Dc18951","locus332",0.606448,1,NA,NA,0.484974,NA,0.652008,NA,NA,0
"Dc18951","locus349",0.201454,1,NA,NA,1,NA,0.192208,NA,NA,0
"Dc18951","locus358",0.681934,0.48668,NA,1,1,NA,0.779578,NA,NA,0
"Dc18951","locus359",0.460242,0.428028,NA,NA,1,NA,0.286258,NA,NA,0
"Dc18951","locus360",0.527762,0.430482,NA,NA,1,NA,0.871934,NA,NA,0
"Dc20232","Dc22883",0.488358,0.16603,NA,NA,1,NA,0.351362,NA,1,0
"Dc20232","Dc22887",0.575004,1,NA,Inf,0.287872,NA,0.665418,NA,1,0
"Dc20232","Dc27955",0.194656,1,NA,NA,1,NA,0.580658,NA,0.500026,0
"Dc20232","Dc28124",0.092902,1,NA,NA,1,NA,0.20806,NA,0.18227,0
"Dc20232","Dc28776",0.19843,1,NA,NA,1,NA,0.576544,NA,0.077068,0
"Dc20232","Dc30071",0.676506,Inf,NA,NA,1,NA,0.277322,0.88731,1,0
"Dc20232","Dc31007",0.083228,0.14263,Inf,NA,Inf,NA,0.41301,NA,NA,0
"Dc20232","Dc33714",0.171924,1,NA,NA,1,NA,0.06853,1,0.71037,0
"Dc20232","Dc33907",1,1,NA,NA,0.428564,NA,0.086582,NA,0.878104,0
"Dc20232","Dc34902",0.533306,0.584374,NA,NA,1,NA,0.22425,NA,0.452534,0
"Dc20232","Dc35779",0.88346,1,NA,NA,1,Inf,0.915754,NA,1,0
"Dc20232","Dc36571",0.860538,0.287202,NA,Inf,1,NA,0.300182,NA,0.759278,0
"Dc20232","Dc36616",0.531026,1,Inf,NA,1,Inf,0.678176,NA,0.28962,0
"Dc20232","Dc36767",0.42063,0.760106,Inf,NA,0.285652,NA,0.566358,NA,NA,0
"Dc20232","Dc40235",0.478666,0.644614,NA,NA,1,NA,0.47633,NA,0.290658,0
"Dc20232","Dc41234",0.260354,0.432658,NA,Inf,0.43016,NA,0.597936,NA,1,0
"Dc20232","Dc46984",0.546258,0.21677,Inf,Inf,0.427494,Inf,0.208748,NA,1,0
"Dc20232","Dc47572",0.647054,0.927792,NA,NA,1,Inf,0.569766,0.283602,0.47057,0
"Dc20232","Dc47935",0.603266,0.429576,NA,NA,1,NA,0.437672,NA,1,0
"Dc20232","Dc48207",0.676576,Inf,Inf,NA,Inf,Inf,1,NA,1,0
"Dc20232","Dc48950",0.945732,0.575166,NA,Inf,0.577232,NA,0.07787,NA,0.227278,0
"Dc20232","Dc49080",0.72595,0.533154,NA,Inf,0.569408,NA,0.835006,NA,1,0
"Dc20232","Dc49184",0.612886,0.462776,NA,NA,1,NA,0.088958,NA,0.18299,0
"Dc20232","Dc51020",0.661894,0.464842,NA,NA,1,NA,1,NA,0.709176,0
"Dc20232","Dc52523",0.123534,0.92804,NA,NA,1,NA,0.345914,NA,0.543852,0
"Dc20232","Dc55481",0.541412,0.344048,NA,NA,1,NA,0.469026,1,0.19954,0
"Dc20232","Dc58248",0.699704,1,NA,NA,1,NA,0.473804,NA,1,0
"Dc20232","Dc62188",0.166836,0.925188,NA,Inf,1,NA,0.460916,NA,0.678872,0
"Dc20232","Dc67011",0.639588,1,Inf,Inf,1,NA,0.579346,NA,1,0
"Dc20232","locus002",0.81668,1,Inf,NA,1,NA,0.482334,NA,1,0
"Dc20232","locus003",0.513976,0.465578,NA,NA,1,NA,0.670356,NA,1,0
"Dc20232","locus004",1,0.292022,NA,NA,0.141964,NA,0.171744,NA,1,0
"Dc20232","locus005",0.218888,0.641712,NA,NA,0.286014,Inf,0.202534,NA,0.252034,0
"Dc20232","locus006",0.695602,1,NA,NA,1,NA,0.886002,0.485124,0.270992,0
"Dc20232","locus008",0.305626,1,NA,NA,0.5726,NA,0.151314,NA,0.45455,0
"Dc20232","locus013",0.581644,1,NA,NA,0.427316,NA,0.204502,NA,0.473754,0
"Dc20232","locus014",0.922594,0.53574,NA,NA,0.285912,NA,1,NA,0.728564,0
"Dc20232","locus022",0.09107,0.462048,NA,NA,1,NA,0.077052,NA,0.297284,0
"Dc20232","locus024",0.723432,0.144284,NA,NA,1,NA,0.392234,NA,0.52422,0
"Dc20232","locus025",0.398624,0.536976,NA,NA,0.283608,NA,0.489302,NA,0.879584,0
"Dc20232","locus027",0.670812,1,NA,Inf,0.429336,NA,0.482018,NA,0.428576,0
"Dc20232","locus030",0.45619,0.715748,Inf,NA,0.42722,NA,0.466688,0.883562,0.471368,0
"Dc20232","locus035",0.203786,0.6421,Inf,NA,1,Inf,1,NA,1,0
"Dc20232","locus038",0.417736,1,NA,NA,1,NA,0.89032,NA,0.743372,0
"Dc20232","locus039",0.184536,0.532522,NA,NA,1,NA,0.03018,NA,1,1
"Dc20232","locus040",0.885904,1,NA,NA,1,NA,0.933484,NA,Inf,0
"Dc20232","locus041",0.60931,0.786206,NA,Inf,1,NA,0.712952,NA,0.296402,0
"Dc20232","locus045",1,0.01786,NA,NA,0.284696,NA,1,NA,0.617492,1
"Dc20232","locus047",0.522848,0.211826,NA,NA,0.57437,NA,1,1,0.818744,0
"Dc20232","locus048",1,Inf,NA,NA,1,NA,0.732596,0.28616,0.672904,0
"Dc20232","locus053",0.013068,1,NA,Inf,1,NA,0.102882,NA,0.543704,1
"Dc20232","locus055",0.612992,1,NA,NA,1,NA,0.249172,NA,0.252148,0
"Dc20232","locus056",0.459484,0.108398,NA,NA,1,NA,0.064536,NA,0.469962,0
"Dc20232","locus058",0.44099,0.643202,NA,NA,0.574046,NA,0.4969,NA,0.88008,0
"Dc20232","locus060",0.71388,0.647052,NA,NA,0.142022,NA,0.063094,NA,0.659244,0
"Dc20232","locus061",0.362526,0.643598,NA,NA,1,NA,0.40511,NA,0.014284,1
"Dc20232","locus062",0.728436,1,NA,Inf,1,NA,0.563864,0.88623,0.028182,1
"Dc20232","locus064",0.587292,0.639918,NA,NA,0.285846,NA,0.31886,NA,1,0
"Dc20232","locus065",0.28633,0.64346,NA,NA,1,NA,0.888442,NA,1,0
"Dc20232","locus073",0.82145,1,NA,NA,0.142916,NA,0.548522,NA,1,0
"Dc20232","locus074",0.216496,0.213012,NA,NA,1,NA,0.745806,NA,0.037068,1
"Dc20232","locus076",0.070364,1,Inf,NA,0.573304,NA,0.521872,NA,1,0
"Dc20232","locus077",0.126428,0.641822,NA,NA,0.428956,NA,0.168308,NA,1,0
"Dc20232","locus080",0.427964,1,NA,Inf,1,NA,0.158116,NA,0.281858,0
"Dc20232","locus083",0.310948,0.284136,NA,NA,1,NA,0.891278,NA,1,0
"Dc20232","locus088",0.662116,1,NA,NA,0.42858,NA,0.417852,NA,0.247564,0
"Dc20232","locus093",0.39539,Inf,Inf,NA,Inf,NA,1,NA,0.285484,0
"Dc20232","locus096",1,0.642868,Inf,NA,1,NA,0.378452,NA,0.090044,0
"Dc20232","locus098",0.115992,0.644562,NA,NA,1,NA,0.04052,NA,0.614156,1
"Dc20232","locus100",0.361448,0.428762,NA,NA,0.429946,NA,0.697312,NA,0.253756,0
"Dc20232","locus106",0.572142,Inf,NA,NA,1,NA,0.507178,NA,0.182978,0
"Dc20232","locus110",0.31837,1,NA,NA,NA,NA,0.346154,NA,NA,0
"Dc20232","locus116",0.31198,0.644654,NA,NA,1,Inf,0.189922,NA,NA,0
"Dc20232","locus119",0.300154,1,NA,NA,1,NA,0.371032,NA,NA,0
"Dc20232","locus120",0.340548,1,NA,NA,0.144058,NA,0.138512,0.488004,NA,0
"Dc20232","locus126",0.81694,0.657864,NA,NA,0.42857,NA,0.346156,NA,NA,0
"Dc20232","locus128",0.483358,1,NA,NA,0.429422,NA,0.074904,NA,NA,0
"Dc20232","locus129",0.737858,0.537626,NA,NA,0.284398,NA,0.153884,NA,NA,0
"Dc20232","locus130",0.809816,0.106488,NA,NA,1,NA,0.823604,NA,NA,0
"Dc20232","locus134",0.91224,0.465462,Inf,NA,1,Inf,0.857312,NA,NA,0
"Dc20232","locus135",0.492744,0.785506,NA,NA,1,NA,0.886878,NA,NA,0
"Dc20232","locus137",0.459872,0.212954,NA,NA,0.286736,NA,0.500608,NA,NA,0
"Dc20232","locus139",0.180146,1,Inf,NA,1,NA,0.74094,0.31094,NA,0
"Dc20232","locus140",0.17992,1,Inf,NA,1,NA,0.741902,NA,NA,0
"Dc20232","locus146",0.957456,0.643346,NA,Inf,1,NA,0.339732,NA,NA,0
"Dc20232","locus148",0.812354,0.643762,NA,NA,1,NA,0.608288,NA,NA,0
"Dc20232","locus151",0.292284,1,NA,NA,1,NA,0.33124,NA,NA,0
"Dc20232","locus157",0.153002,0.64444,NA,NA,1,NA,0.716336,NA,NA,0
"Dc20232","locus161",0.22107,0.466454,NA,NA,1,NA,0.828402,1,NA,0
"Dc20232","locus165",0.922724,0.540064,NA,NA,0.333346,NA,0.231228,NA,NA,0
"Dc20232","locus170",0.608778,0.533576,NA,NA,1,NA,0.425312,NA,NA,0
"Dc20232","locus176",0.558386,1,NA,NA,1,NA,0.582162,NA,NA,0
"Dc20232","locus184",0.493746,1,NA,NA,1,NA,0.361126,NA,NA,0
"Dc20232","locus186",0.219308,1,NA,NA,1,NA,0.449626,NA,NA,0
"Dc20232","locus188",0.738162,0.074126,NA,Inf,0.141982,NA,0.791878,NA,NA,0
"Dc20232","locus189",0.299598,1,Inf,NA,0.430898,NA,0.201696,NA,NA,0
"Dc20232","locus190",0.379272,0.144626,Inf,NA,0.426548,NA,0.142,NA,NA,0
"Dc20232","locus191",0.547554,0.642792,NA,NA,0.14438,NA,0.867672,NA,NA,0
"Dc20232","locus192",0.288768,1,NA,NA,1,NA,0.218068,NA,NA,0
"Dc20232","locus195",0.181548,1,NA,NA,0.570374,NA,0.838208,NA,NA,0
"Dc20232","locus202",0.129846,1,NA,NA,0.429776,NA,0.926826,NA,NA,0
"Dc20232","locus210",0.115436,0.214202,Inf,NA,0.142216,NA,0.89156,1,NA,0
"Dc20232","locus215",0.07378,1,NA,NA,1,NA,0.828888,NA,NA,0
"Dc20232","locus227",0.032026,1,Inf,NA,Inf,NA,0.817982,NA,NA,1
"Dc20232","locus231",0.899744,1,NA,NA,1,NA,0.609136,NA,NA,0
"Dc20232","locus235",0.642666,0.764594,NA,NA,1,Inf,0.74484,NA,NA,0
"Dc20232","locus236",0.480272,1,NA,NA,1,NA,0.518836,NA,NA,0
"Dc20232","locus237",0.789574,1,NA,NA,1,NA,0.327468,NA,NA,0
"Dc20232","locus239",1,0.105036,NA,NA,0.42861,NA,0.120998,NA,NA,0
"Dc20232","locus248",0.579706,1,NA,NA,1,NA,0.7319,1,NA,0
"Dc20232","locus255",0.331846,0.53281,NA,NA,0.286188,NA,NA,NA,NA,0
"Dc20232","locus256",0.70584,1,NA,Inf,0.571142,NA,0.533496,NA,NA,0
"Dc20232","locus263",0.443682,1,NA,Inf,1,NA,0.677396,NA,NA,0
"Dc20232","locus264",0.716156,0.4655,NA,NA,0.428232,NA,0.23924,NA,NA,0
"Dc20232","locus274",0.299586,0.540766,NA,NA,0.571234,NA,0.43416,NA,NA,0
"Dc20232","locus280",0.09325,0.107336,NA,NA,0.571622,NA,0.04258,0.485138,NA,1
"Dc20232","locus282",0.037288,0.530358,NA,NA,1,NA,0.773408,NA,NA,1
"Dc20232","locus286",0.289418,1,NA,NA,1,NA,0.374134,NA,NA,0
"Dc20232","locus291",0.541068,0.463632,NA,NA,1,NA,0.61962,NA,NA,0
"Dc20232","locus292",0.631832,0.036504,NA,NA,0.14149,NA,0.469198,NA,NA,1
"Dc20232","locus296",0.24519,0.109084,NA,NA,0.287964,NA,0.832762,NA,NA,0
"Dc20232","locus301",0.915986,0.341086,NA,NA,0.572386,NA,0.501668,NA,NA,0
"Dc20232","locus314",1,1,NA,NA,1,NA,1,NA,NA,0
"Dc20232","locus321",0.168626,1,NA,Inf,0.569726,NA,0.077222,0.885388,NA,0
"Dc20232","locus322",0.106708,0.64082,NA,NA,0.426008,NA,0.292648,NA,NA,0
"Dc20232","locus323",0.188272,0.465194,NA,NA,1,NA,0.698696,NA,NA,0
"Dc20232","locus329",0.435102,0.642238,NA,NA,0.14198,NA,0.61182,NA,NA,0
"Dc20232","locus332",0.358078,0.035362,NA,NA,1,NA,0.47202,NA,NA,1
"Dc20232","locus349",0.34561,1,NA,NA,0.429168,NA,0.387496,NA,NA,0
"Dc20232","locus358",0.561892,1,NA,Inf,1,NA,0.903738,NA,NA,0
"Dc20232","locus359",0.520244,1,NA,NA,1,NA,0.892102,NA,NA,0
"Dc20232","locus360",0.4453,0.583612,NA,NA,1,Inf,0.897184,NA,NA,0
"Dc22883","Dc22887",0.7742,0.21475,NA,0.499778,1,NA,0.293236,NA,0.713922,0
"Dc22883","Dc27955",0.20012,0.214342,NA,NA,0.741164,NA,0.557364,NA,0.2534,0
"Dc22883","Dc28124",0.320454,0.21873,NA,NA,0.569148,NA,0.768896,NA,1,0
"Dc22883","Dc28776",0.477376,0.285158,NA,NA,0.773006,NA,0.045208,NA,0.405234,1
"Dc22883","Dc30071",0.263426,Inf,NA,NA,1,NA,0.742636,NA,0.404918,0
"Dc22883","Dc31007",0.542298,0.284686,0.33454,NA,Inf,NA,0.770432,NA,NA,0
"Dc22883","Dc33714",0.456668,0.50249,NA,NA,0.743042,NA,0.226092,NA,0.003124,1
"Dc22883","Dc33907",0.110484,0.286626,NA,NA,1,NA,0.811922,NA,0.273736,0
"Dc22883","Dc34902",0.510976,0.575522,NA,NA,0.290596,NA,0.054902,NA,0.666884,0
"Dc22883","Dc35779",0.98349,1,NA,NA,1,Inf,0.46457,NA,0.444076,0
"Dc22883","Dc36571",0.771696,0.717574,NA,0.500438,0.287708,NA,0.854274,NA,0.447046,0
"Dc22883","Dc36616",0.33842,0.285676,1,NA,1,Inf,0.547672,NA,0.50134,0
"Dc22883","Dc36767",0.151518,1,0.333072,NA,0.517234,NA,0.10022,NA,NA,0
"Dc22883","Dc40235",0.662496,1,NA,NA,1,NA,0.968672,NA,0.49854,0
"Dc22883","Dc41234",0.463558,0.74105,NA,Inf,1,NA,0.526328,NA,0.546926,0
"Dc22883","Dc46984",0.890132,0.486204,Inf,1,1,Inf,0.33238,NA,0.285418,0
"Dc22883","Dc47572",0.849802,1,NA,NA,0.111726,Inf,0.055736,NA,0.665962,0
"Dc22883","Dc47935",0.120572,0.176848,NA,NA,1,NA,0.937652,NA,0.696698,0
"Dc22883","Dc48207",0.870122,Inf,Inf,NA,Inf,Inf,0.136904,NA,Inf,0
"Dc22883","Dc48950",0.392762,0.943288,NA,1,0.359032,NA,0.88871,NA,1,0
"Dc22883","Dc49080",0.480666,0.35598,NA,1,0.660646,NA,0.69907,NA,1,0
"Dc22883","Dc49184",0.866938,0.785792,NA,NA,0.283578,NA,0.356874,NA,0.277256,0
"Dc22883","Dc51020",0.007928,1,NA,NA,1,NA,0.186312,NA,0.483554,1
"Dc22883","Dc52523",0.705408,0.181938,NA,NA,1,NA,0.592224,NA,0.654662,0
"Dc22883","Dc55481",0.330448,0.23416,NA,NA,0.289622,NA,0.413908,NA,1,0
"Dc22883","Dc58248",0.461276,0.208836,NA,NA,0.378896,NA,0.149138,NA,0.246264,0
"Dc22883","Dc62188",0.122326,1,NA,1,1,NA,0.672614,NA,1,0
"Dc22883","Dc67011",0.29301,0.655864,1,Inf,1,NA,0.396254,NA,Inf,0
"Dc22883","locus002",1,0.285868,Inf,NA,0.598854,NA,0.89481,NA,1,0
"Dc22883","locus003",0.719784,0.283492,NA,NA,1,NA,0.861588,NA,1,0
"Dc22883","locus004",0.20933,0.2168,NA,NA,1,NA,0.861286,NA,0.498418,0
"Dc22883","locus005",0.543904,0.499218,NA,NA,1,Inf,0.713472,NA,0.654674,0
"Dc22883","locus006",0.76421,0.713144,NA,NA,0.286614,NA,0.78347,NA,0.856564,0
"Dc22883","locus008",0.647808,0.499088,NA,NA,0.663018,NA,0.579982,NA,0.71503,0
"Dc22883","locus013",0.195854,1,NA,NA,0.77095,NA,0.670314,NA,0.716246,0
"Dc22883","locus014",0.607762,0.740624,NA,NA,0.859228,NA,0.457974,NA,0.884896,0
"Dc22883","locus022",0.298296,1,NA,NA,0.116028,NA,0.334694,NA,1,0
"Dc22883","locus024",0.307512,0.426856,NA,NA,1,NA,0.634998,NA,1,0
"Dc22883","locus025",0.050488,1,NA,NA,0.858374,NA,0.878888,NA,0.656482,0
"Dc22883","locus027",0.015224,1,NA,Inf,0.77349,NA,0.79039,NA,1,1
"Dc22883","locus030",0.267458,0.313012,1,NA,0.769782,NA,0.442478,NA,0.446564,0
"Dc22883","locus035",0.869588,1,1,NA,1,Inf,0.046672,NA,0.112072,1
"Dc22883","locus038",0.356384,1,NA,NA,0.056338,NA,0.678778,NA,0.677256,0
"Dc22883","locus039",0.55526,0.741486,NA,NA,1,NA,0.788986,NA,0.221626,0
"Dc22883","locus040",0.043514,1,NA,NA,1,NA,0.287978,NA,Inf,1
"Dc22883","locus041",0.435762,0.356298,NA,0.500554,0.27611,NA,0.193538,NA,1,0
"Dc22883","locus045",0.2627,0.287884,NA,NA,1,NA,0.717956,NA,0.666564,0
"Dc22883","locus047",0.562488,0.309862,NA,NA,1,NA,0.969194,NA,0.430868,0
"Dc22883","locus048",0.246112,Inf,NA,NA,1,NA,0.575578,NA,0.500748,0
"Dc22883","locus053",0.422012,1,NA,0.168648,0.27835,NA,0.14241,NA,0.387792,0
"Dc22883","locus055",0.134878,0.784506,NA,NA,1,NA,0.306114,NA,0.857816,0
"Dc22883","locus056",0.358428,0.500334,NA,NA,0.568682,NA,0.001898,NA,0.525182,1
"Dc22883","locus058",0.812708,0.286766,NA,NA,1,NA,0.207498,NA,0.445132,0
"Dc22883","locus060",0.444804,0.071028,NA,NA,1,NA,0.397332,NA,0.496606,0
"Dc22883","locus061",0.251136,1,NA,NA,0.573306,NA,0.161096,NA,1,0
"Dc22883","locus062",0.717804,1,NA,0.498744,1,NA,0.92447,NA,0.382974,0
"Dc22883","locus064",0.411174,1,NA,NA,1,NA,0.920574,NA,1,0
"Dc22883","locus065",0.938614,1,NA,NA,0.572878,NA,0.874968,NA,1,0
"Dc22883","locus073",0.16558,0.655498,NA,NA,0.747048,NA,0.460194,NA,0.020664,1
"Dc22883","locus074",0.617686,1,NA,NA,0.77183,NA,0.146722,NA,0.141874,0
"Dc22883","locus076",0.159932,0.035142,0.334024,NA,1,NA,0.992928,NA,0.872462,1
"Dc22883","locus077",0.044036,0.71509,NA,NA,1,NA,0.747526,NA,0.666562,1
"Dc22883","locus080",0.290914,0.359052,NA,Inf,0.769672,NA,0.8202,NA,0.448176,0
"Dc22883","locus083",0.54646,0.497172,NA,NA,1,NA,0.875514,NA,0.379072,0
"Dc22883","locus088",0.587408,0.357224,NA,NA,1,NA,0.02098,NA,0.406416,1
"Dc22883","locus093",1,Inf,Inf,NA,Inf,NA,0.48404,NA,0.573238,0
"Dc22883","locus096",0.493378,1,Inf,NA,1,NA,0.21934,NA,0.71382,0
"Dc22883","locus098",0.956064,0.498984,NA,NA,0.569394,NA,0.511572,NA,0.764328,0
"Dc22883","locus100",0.43302,1,NA,NA,1,NA,0.94834,NA,0.055384,0
"Dc22883","locus106",0.515484,Inf,NA,NA,1,NA,0.27495,NA,1,0
"Dc22883","locus110",0.978312,1,NA,NA,NA,NA,0.818312,NA,NA,0
"Dc22883","locus116",0.752614,0.743034,NA,NA,0.772772,Inf,0.242404,NA,NA,0
"Dc22883","locus119",0.98921,1,NA,NA,0.283324,NA,0.150438,NA,NA,0
"Dc22883","locus120",0.0418,1,NA,NA,1,NA,0.48328,NA,NA,1
"Dc22883","locus126",0.675016,0.48844,NA,NA,1,NA,0.371088,NA,NA,0
"Dc22883","locus128",0.373468,1,NA,NA,1,NA,0.860496,NA,NA,0
"Dc22883","locus129",0.48099,0.111448,NA,NA,1,NA,0.012264,NA,NA,1
"Dc22883","locus130",0.613774,0.500214,NA,NA,1,NA,0.297202,NA,NA,0
"Dc22883","locus134",0.25671,0.784932,Inf,NA,1,Inf,0.933786,NA,NA,0
"Dc22883","locus135",0.77307,1,NA,NA,1,NA,0.126194,NA,NA,0
"Dc22883","locus137",0.0767,1,NA,NA,1,NA,0.611336,NA,NA,0
"Dc22883","locus139",0.029566,1,Inf,NA,1,NA,0.988724,NA,NA,1
"Dc22883","locus140",0.027484,1,Inf,NA,1,NA,0.988272,NA,NA,1
"Dc22883","locus146",0.740194,0.712122,NA,1,1,NA,0.609656,NA,NA,0
"Dc22883","locus148",0.623426,1,NA,NA,0.74352,NA,0.405882,NA,NA,0
"Dc22883","locus151",0.409766,0.659568,NA,NA,0.771968,NA,0.539594,NA,NA,0
"Dc22883","locus157",0.50055,0.783576,NA,NA,0.571874,NA,0.073602,NA,NA,0
"Dc22883","locus161",0.563748,0.785366,NA,NA,1,NA,0.724102,NA,NA,0
"Dc22883","locus165",0.27407,0.155706,NA,NA,1,NA,0.814194,NA,NA,0
"Dc22883","locus170",0.51517,0.744648,NA,NA,1,NA,0.304948,NA,NA,0
"Dc22883","locus176",0.181986,1,NA,NA,0.76616,NA,0.72215,NA,NA,0
"Dc22883","locus184",0.174958,0.656774,NA,NA,0.291154,NA,0.941474,NA,NA,0
"Dc22883","locus186",0.640012,0.498832,NA,NA,1,NA,0.518674,NA,NA,0
"Dc22883","locus188",0.30275,0.484318,NA,Inf,1,NA,0.154266,NA,NA,0
"Dc22883","locus189",0.534366,1,Inf,NA,0.766264,NA,0.011126,NA,NA,1
"Dc22883","locus190",0.683626,0.429482,Inf,NA,0.76898,NA,0.639752,NA,NA,0
"Dc22883","locus191",0.913532,1,NA,NA,1,NA,0.453892,NA,NA,0
"Dc22883","locus192",0.398464,0.854246,NA,NA,0.858396,NA,0.497002,NA,NA,0
"Dc22883","locus195",0.521416,1,NA,NA,0.657694,NA,0.37634,NA,NA,0
"Dc22883","locus202",0.181536,1,NA,NA,0.768114,NA,0.097818,NA,NA,0
"Dc22883","locus210",0.251178,0.597956,Inf,NA,1,NA,0.69076,NA,NA,0
"Dc22883","locus215",0.871546,1,NA,NA,0.746684,NA,0.872056,NA,NA,0
"Dc22883","locus227",0.42001,0.286574,Inf,NA,Inf,NA,0.269574,NA,NA,0
"Dc22883","locus231",0.903636,0.65806,NA,NA,1,NA,0.222862,NA,NA,0
"Dc22883","locus235",0.404228,0.855858,NA,NA,0.574156,Inf,0.39976,NA,NA,0
"Dc22883","locus236",0.034874,1,NA,NA,1,NA,0.50585,NA,NA,1
"Dc22883","locus237",0.102178,1,NA,NA,0.116338,NA,0.594844,NA,NA,0
"Dc22883","locus239",0.98129,0.56742,NA,NA,1,NA,0.515614,NA,NA,0
"Dc22883","locus248",0.282834,1,NA,NA,0.283686,NA,0.328562,NA,NA,0
"Dc22883","locus255",0.311594,0.359676,NA,NA,1,NA,NA,NA,NA,0
"Dc22883","locus256",0.060628,0.500506,NA,1,1,NA,0.093086,NA,NA,0
"Dc22883","locus263",0.461818,0.715332,NA,Inf,0.572656,NA,0.133332,NA,NA,0
"Dc22883","locus264",0.049836,0.4847,NA,NA,1,NA,0.317398,NA,NA,1
"Dc22883","locus274",0.311818,0.11767,NA,NA,0.659044,NA,0.529974,NA,NA,0
"Dc22883","locus280",0.058312,0.7388,NA,NA,0.655684,NA,0.230932,NA,NA,0
"Dc22883","locus282",0.434828,0.743044,NA,NA,0.113482,NA,0.257626,NA,NA,0
"Dc22883","locus286",0.156268,0.496836,NA,NA,1,NA,0.908424,NA,NA,0
"Dc22883","locus291",0.856308,1,NA,NA,0.287598,NA,0.10984,NA,NA,0
"Dc22883","locus292",0.696692,0.15392,NA,NA,1,NA,0.190916,NA,NA,0
"Dc22883","locus296",0.72837,0.502642,NA,NA,1,NA,0.187438,NA,NA,0
"Dc22883","locus301",0.112648,0.57542,NA,NA,0.657476,NA,0.674224,NA,NA,0
"Dc22883","locus314",0.229728,0.71489,NA,NA,1,NA,0.766194,NA,NA,0
"Dc22883","locus321",0.513708,1,NA,0.502012,0.660694,NA,0.218626,NA,NA,0
"Dc22883","locus322",0.907344,0.071452,NA,NA,0.769774,NA,0.924278,NA,NA,0
"Dc22883","locus323",0.080358,0.285436,NA,NA,1,NA,0.691088,NA,NA,0
"Dc22883","locus329",0.794088,0.71446,NA,NA,0.74804,NA,0.511206,NA,NA,0
"Dc22883","locus332",0.578338,0.154282,NA,NA,1,NA,0.650798,NA,NA,0
"Dc22883","locus349",0.094514,1,NA,NA,1,NA,0.828542,NA,NA,0
"Dc22883","locus358",0.330522,0.429518,NA,1,1,NA,0.783118,NA,NA,0
"Dc22883","locus359",0.416576,0.573782,NA,NA,1,NA,0.891766,NA,NA,0
"Dc22883","locus360",0.151082,0.858628,NA,NA,0.775506,Inf,0.711064,NA,NA,0
"Dc22887","Dc27955",0.066816,1,NA,1,0.570328,NA,0.064352,NA,1,0
"Dc22887","Dc28124",1,1,NA,NA,1,NA,0.314798,NA,0.15389,0
"Dc22887","Dc28776",0.869058,0.464544,NA,NA,0.333956,NA,0.704018,NA,0.840388,0
"Dc22887","Dc30071",0.702256,Inf,NA,NA,1,NA,0.535128,0.658204,0.558588,0
"Dc22887","Dc31007",1,1,1,NA,Inf,NA,1,NA,NA,0
"Dc22887","Dc33714",0.700936,0.643434,NA,NA,0.572602,NA,0.68978,1,0.695908,0
"Dc22887","Dc33907",1,0.46301,NA,NA,0.142558,NA,0.147464,NA,0.609632,0
"Dc22887","Dc34902",1,0.643172,NA,NA,1,NA,1,NA,1,0
"Dc22887","Dc35779",0.329624,1,NA,NA,1,Inf,0.09634,NA,0.075954,0
"Dc22887","Dc36571",0.227014,0.09639,NA,1,1,NA,0.382288,NA,0.4564,0
"Dc22887","Dc36616",0.30169,0.463016,1,NA,1,Inf,1,NA,0.300072,0
"Dc22887","Dc36767",1,0.642132,Inf,NA,0.283846,NA,0.523454,NA,NA,0
"Dc22887","Dc40235",0.67333,1,NA,NA,1,Inf,0.77056,NA,1,0
"Dc22887","Dc41234",0.455392,0.786884,NA,NA,0.806262,NA,0.25669,NA,1,0
"Dc22887","Dc46984",0.45681,0.676732,NA,0.597798,0.712496,NA,0.278564,NA,0.423468,0
"Dc22887","Dc47572",0.447338,0.787268,NA,NA,1,Inf,0.31365,1,0.405076,0
"Dc22887","Dc47935",0.40901,0.781898,Inf,NA,0.712574,NA,0.04044,NA,0.893154,1
"Dc22887","Dc48207",1,Inf,Inf,NA,Inf,Inf,0.194264,NA,1,0
"Dc22887","Dc48950",0.97645,1,NA,0.399994,0.28756,NA,0.255858,NA,0.175642,0
"Dc22887","Dc49080",0.875346,0.357124,NA,1,1,NA,0.288552,NA,0.36113,0
"Dc22887","Dc49184",0.870504,0.464416,NA,NA,1,Inf,0.891326,NA,0.633386,0
"Dc22887","Dc51020",0.31891,1,NA,NA,0.427168,NA,0.663124,NA,0.683114,0
"Dc22887","Dc52523",0.576314,0.784852,NA,NA,0.71384,Inf,0.110398,NA,0.54445,0
"Dc22887","Dc55481",0.887714,0.642962,NA,NA,1,NA,1,1,1,0
"Dc22887","Dc58248",0.24224,0.249236,NA,NA,1,NA,0.817362,NA,0.050856,0
"Dc22887","Dc62188",0.09134,0.361386,NA,1,0.574444,NA,1,NA,0.63526,0
"Dc22887","Dc67011",0.203402,1,1,1,0.573682,Inf,0.750708,NA,0.068674,0
"Dc22887","locus002",0.63408,0.047188,NA,NA,0.398958,NA,1,0.334134,0.134348,1
"Dc22887","locus003",0.125806,0.464758,NA,NA,0.569322,NA,0.29374,NA,0.00357,1
"Dc22887","locus004",0.719462,0.461658,NA,NA,0.285252,NA,0.00456,NA,1,1
"Dc22887","locus005",0.892702,0.464234,NA,NA,1,NA,0.057208,NA,0.211908,0
"Dc22887","locus006",0.620348,0.571468,NA,NA,0.523534,NA,0.351922,1,0.61937,0
"Dc22887","locus008",0.013306,1,NA,NA,1,NA,0.25602,NA,0.388344,1
"Dc22887","locus013",0.55016,0.677706,NA,NA,0.142998,Inf,0.347848,NA,0.364856,0
"Dc22887","locus014",0.209676,0.356932,NA,NA,0.046988,NA,0.066992,NA,0.683942,1
"Dc22887","locus022",0.271154,1,NA,NA,1,NA,0.66123,NA,0.447838,0
"Dc22887","locus024",0.625644,1,NA,NA,0.427522,NA,0.68779,NA,0.671518,0
"Dc22887","locus025",0.257754,1,NA,NA,0.048892,NA,0.893832,NA,0.079218,1
"Dc22887","locus027",0.446878,1,NA,NA,1,NA,1,NA,1,0
"Dc22887","locus030",0.89339,0.070894,1,NA,1,Inf,0.893794,0.429306,0.054486,0
"Dc22887","locus035",0.517056,1,1,NA,0.524292,Inf,0.61787,NA,0.26895,0
"Dc22887","locus038",0.647096,0.21343,1,NA,0.571006,NA,0.317666,NA,0.178308,0
"Dc22887","locus039",0.430858,0.574074,NA,NA,0.523416,NA,0.656034,NA,1,0
"Dc22887","locus040",0.24897,1,NA,NA,0.525536,NA,0.845582,NA,Inf,0
"Dc22887","locus041",0.101976,1,NA,1,0.523316,NA,0.762084,NA,0.50086,0
"Dc22887","locus045",0.144482,1,NA,NA,1,NA,1,NA,0.754454,0
"Dc22887","locus047",0.39917,0.427518,NA,NA,0.095196,NA,0.247772,1,0.104026,0
"Dc22887","locus048",0.669592,Inf,NA,NA,1,NA,1,0.428034,1,0
"Dc22887","locus053",0.764276,1,NA,0.400844,0.810534,NA,0.246826,NA,0.307864,0
"Dc22887","locus055",0.795812,1,NA,NA,0.427824,NA,0.379618,NA,0.212904,0
"Dc22887","locus056",0.470822,0.571138,NA,NA,1,NA,0.748926,NA,0.35618,0
"Dc22887","locus058",0.239938,1,NA,NA,1,NA,1,NA,0.894294,0
"Dc22887","locus060",0.051006,0.106544,NA,NA,0.333038,NA,1,NA,0.131046,0
"Dc22887","locus061",1,0.57103,NA,NA,1,NA,0.002168,NA,1,1
"Dc22887","locus062",0.899886,1,NA,0.20014,0.570478,NA,0.0883,0.429914,0.765438,0
"Dc22887","locus064",0.051002,0.572018,NA,NA,0.046958,Inf,0.018178,NA,0.064452,2
"Dc22887","locus065",0.574168,0.570742,NA,NA,1,NA,0.169728,NA,1,0
"Dc22887","locus073",0.768884,1,NA,NA,0.571214,NA,0.26008,NA,0.720242,0
"Dc22887","locus074",0.153824,1,NA,NA,0.33348,NA,0.602684,NA,0.287862,0
"Dc22887","locus076",0.579466,0.107816,Inf,NA,0.094436,NA,0.872028,NA,1,0
"Dc22887","locus077",0.134706,0.571392,NA,NA,0.142282,NA,0.322028,NA,0.389302,0
"Dc22887","locus080",1,0.216094,NA,NA,1,NA,0.236466,NA,0.878584,0
"Dc22887","locus083",0.214432,0.570746,NA,NA,1,NA,0.399586,NA,1,0
"Dc22887","locus088",0.17217,0.35901,NA,NA,1,NA,0.268216,NA,0.866062,0
"Dc22887","locus093",1,Inf,Inf,NA,Inf,NA,1,NA,0.286558,0
"Dc22887","locus096",0.795782,1,0.249768,NA,1,Inf,0.16234,NA,1,0
"Dc22887","locus098",0.072502,0.46379,NA,NA,1,NA,1,NA,0.25185,0
"Dc22887","locus100",0.395752,1,NA,NA,1,NA,0.759412,NA,0.559032,0
"Dc22887","locus106",0.037404,Inf,NA,NA,0.524502,NA,0.508492,NA,0.576862,1
"Dc22887","locus110",0.495628,1,NA,NA,NA,NA,1,NA,NA,0
"Dc22887","locus116",0.86921,0.573436,NA,NA,1,NA,0.42412,NA,NA,0
"Dc22887","locus119",0.668442,0.57012,NA,NA,1,NA,0.511018,NA,NA,0
"Dc22887","locus120",0.671748,1,NA,NA,0.287042,NA,0.202172,1,NA,0
"Dc22887","locus126",0.439814,0.428708,NA,NA,0.144104,NA,0.703708,NA,NA,0
"Dc22887","locus128",0.772074,1,NA,NA,1,NA,0.767444,NA,NA,0
"Dc22887","locus129",0.873722,0.357356,NA,NA,0.523456,NA,0.861276,NA,NA,0
"Dc22887","locus130",0.69034,1,NA,NA,0.465928,NA,0.733072,NA,NA,0
"Dc22887","locus134",0.874556,1,NA,NA,0.616694,Inf,0.568986,NA,NA,0
"Dc22887","locus135",0.4243,1,NA,NA,0.570656,NA,0.194128,NA,NA,0
"Dc22887","locus137",1,1,NA,NA,0.047308,NA,0.745276,NA,NA,1
"Dc22887","locus139",0.692984,1,Inf,NA,1,NA,0.699722,0.257458,NA,0
"Dc22887","locus140",0.690132,1,Inf,NA,1,NA,0.698698,NA,NA,0
"Dc22887","locus146",1,0.570322,NA,1,0.524126,NA,0.034734,NA,NA,1
"Dc22887","locus148",0.79494,1,NA,NA,0.571596,NA,0.54261,NA,NA,0
"Dc22887","locus151",1,0.427396,NA,NA,0.621106,Inf,0.257108,NA,NA,0
"Dc22887","locus157",0.127626,1,NA,NA,1,NA,0.450276,NA,NA,0
"Dc22887","locus161",0.452334,0.464134,NA,NA,1,NA,0.698434,0.144276,NA,0
"Dc22887","locus165",0.594162,0.359008,NA,NA,1,NA,0.236796,NA,NA,0
"Dc22887","locus170",0.079776,1,NA,NA,1,NA,0.414696,NA,NA,0
"Dc22887","locus176",0.698216,1,NA,NA,0.61741,NA,0.883888,NA,NA,0
"Dc22887","locus184",0.893316,1,NA,NA,1,NA,1,NA,NA,0
"Dc22887","locus186",0.319644,1,NA,NA,1,NA,1,NA,NA,0
"Dc22887","locus188",0.627562,0.50192,NA,NA,0.42792,NA,0.928786,NA,NA,0
"Dc22887","locus189",0.05097,1,Inf,NA,1,NA,1,NA,NA,0
"Dc22887","locus190",0.353862,1,Inf,NA,1,NA,1,NA,NA,0
"Dc22887","locus191",1,0.571188,NA,1,0.332274,NA,0.878474,NA,NA,0
"Dc22887","locus192",0.802638,1,NA,NA,0.52333,NA,0.337652,NA,NA,0
"Dc22887","locus195",0.766638,1,NA,NA,1,NA,0.76831,NA,NA,0
"Dc22887","locus202",1,0.643484,NA,NA,0.049176,NA,0.04486,NA,NA,2
"Dc22887","locus210",0.292944,0.427596,NA,NA,0.571146,NA,0.726468,1,NA,0
"Dc22887","locus215",0.527542,1,NA,NA,1,NA,0.102482,NA,NA,0
"Dc22887","locus227",0.361522,0.465732,Inf,NA,Inf,NA,0.43104,NA,NA,0
"Dc22887","locus231",0.136596,0.428606,NA,NA,1,NA,1,NA,NA,0
"Dc22887","locus235",0.892456,0.287092,NA,NA,1,NA,0.077852,NA,NA,0
"Dc22887","locus236",0.60671,1,NA,NA,1,NA,1,NA,NA,0
"Dc22887","locus237",0.475396,0.571272,NA,NA,1,NA,0.282684,NA,NA,0
"Dc22887","locus239",0.775182,0.641998,NA,NA,0.143238,NA,0.005468,NA,NA,1
"Dc22887","locus248",1,1,NA,NA,0.52397,NA,0.608568,0.485456,NA,0
"Dc22887","locus255",0.404434,0.356526,NA,NA,1,NA,NA,NA,NA,0
"Dc22887","locus256",0.101144,0.2506,NA,0.50227,1,NA,0.181686,NA,NA,0
"Dc22887","locus263",0.574458,0.572084,NA,Inf,1,NA,0.157964,NA,NA,0
"Dc22887","locus264",0.039758,1,NA,NA,0.142646,NA,1,NA,NA,1
"Dc22887","locus274",0.374214,0.354674,NA,NA,1,NA,0.573368,NA,NA,0
"Dc22887","locus280",0.885954,1,NA,NA,1,NA,0.248474,1,NA,0
"Dc22887","locus282",0.315502,0.56979,1,NA,1,NA,0.76181,NA,NA,0
"Dc22887","locus286",0.090958,0.251198,NA,NA,1,NA,0.111886,NA,NA,0
"Dc22887","locus291",0.29801,0.464848,NA,NA,1,NA,1,NA,NA,0
"Dc22887","locus292",0.025582,1,NA,NA,0.573682,NA,0.473916,NA,NA,1
"Dc22887","locus296",0.03459,1,NA,NA,0.047486,NA,0.51657,NA,NA,2
"Dc22887","locus301",0.793922,1,NA,NA,0.428496,NA,0.378218,NA,NA,0
"Dc22887","locus314",0.4398,0.238484,NA,1,0.523006,NA,0.561832,NA,NA,0
"Dc22887","locus321",0.87801,1,NA,1,1,NA,0.345134,1,NA,0
"Dc22887","locus322",0.488424,0.10718,NA,NA,1,NA,0.222938,NA,NA,0
"Dc22887","locus323",0.109076,1,NA,NA,0.428928,NA,0.594482,NA,NA,0
"Dc22887","locus329",0.101798,0.571364,NA,NA,0.572968,NA,1,NA,NA,0
"Dc22887","locus332",0.884602,1,NA,NA,0.42963,Inf,0.784374,NA,NA,0
"Dc22887","locus349",0.760096,0.465184,NA,NA,1,NA,1,NA,NA,0
"Dc22887","locus358",0.44892,1,NA,1,0.428376,NA,0.713102,NA,NA,0
"Dc22887","locus359",1,0.106368,NA,NA,1,NA,0.312508,NA,NA,0
"Dc22887","locus360",0.294084,0.640522,Inf,NA,0.62132,Inf,0.547868,NA,NA,0
"Dc27955","Dc28124",0.46799,0.036364,NA,NA,1,NA,1,NA,Inf,1
"Dc27955","Dc28776",0.267714,0.464706,NA,NA,0.655152,NA,0.788744,NA,1,0
"Dc27955","Dc30071",0.022478,Inf,NA,NA,0.573536,NA,0.905996,NA,1,1
"Dc27955","Dc31007",0.025228,1,Inf,NA,Inf,NA,1,NA,NA,1
"Dc27955","Dc33714",0.04403,0.645984,NA,NA,1,NA,0.889768,NA,1,1
"Dc27955","Dc33907",0.897838,0.464932,NA,NA,1,NA,0.745938,NA,0.214678,0
"Dc27955","Dc34902",0.71045,0.28419,NA,NA,1,NA,0.24206,NA,0.499978,0
"Dc27955","Dc35779",0.864122,1,NA,NA,0.228544,Inf,1,NA,1,0
"Dc27955","Dc36571",0.320456,1,NA,0.250394,0.570162,NA,1,NA,0.046916,1
"Dc27955","Dc36616",0.054948,0.463972,Inf,NA,1,Inf,0.254646,NA,0.499994,0
"Dc27955","Dc36767",0.561422,1,Inf,NA,0.056866,NA,0.787724,NA,NA,0
"Dc27955","Dc40235",0.46375,0.57032,NA,NA,1,Inf,0.344572,NA,0.500658,0
"Dc27955","Dc41234",0.012696,0.787814,NA,NA,1,NA,0.093274,NA,1,1
"Dc27955","Dc46984",0.20153,1,NA,Inf,1,NA,0.48436,NA,1,0
"Dc27955","Dc47572",0.320588,1,NA,NA,0.65472,Inf,1,NA,1,0
"Dc27955","Dc47935",0.951212,0.785772,NA,NA,0.230612,NA,0.727524,NA,0.214808,0
"Dc27955","Dc48207",1,Inf,Inf,NA,Inf,Inf,Inf,NA,0.332528,0
"Dc27955","Dc48950",0.759918,1,NA,1,0.059052,NA,0.740442,NA,0.677996,0
"Dc27955","Dc49080",0.08211,0.574178,NA,Inf,1,NA,0.768538,NA,0.16586,0
"Dc27955","Dc49184",0.987946,1,NA,NA,0.571818,Inf,0.883866,NA,1,0
"Dc27955","Dc51020",0.77885,0.463888,NA,NA,1,NA,0.931272,NA,0.714668,0
"Dc27955","Dc52523",0.667694,0.789894,NA,NA,0.82766,Inf,0.078412,NA,1,0
"Dc27955","Dc55481",0.312218,0.641708,NA,NA,0.571256,NA,0.371372,NA,1,0
"Dc27955","Dc58248",0.170794,0.67767,NA,NA,0.742092,NA,0.516034,NA,0.76527,0
"Dc27955","Dc62188",0.117442,0.785306,NA,1,0.48784,NA,0.885608,NA,0.263418,0
"Dc27955","Dc67011",0.65845,0.42924,Inf,1,0.486558,Inf,0.165946,NA,Inf,0
"Dc27955","locus002",0.3526,1,NA,NA,0.200468,NA,0.41886,NA,0.464322,0
"Dc27955","locus003",0.485514,0.464358,NA,NA,0.483562,NA,0.00438,NA,1,1
"Dc27955","locus004",0.147498,1,NA,NA,1,NA,0.694392,NA,0.248904,0
"Dc27955","locus005",0.31181,0.46528,NA,NA,1,NA,0.701684,NA,0.645972,0
"Dc27955","locus006",0.84673,0.57239,NA,NA,1,NA,0.14817,NA,1,0
"Dc27955","locus008",0.940304,1,NA,NA,0.486536,NA,0.297804,NA,1,0
"Dc27955","locus013",0.004624,1,NA,NA,0.657982,Inf,0.413684,NA,1,1
"Dc27955","locus014",0.419678,0.213832,NA,NA,0.285954,NA,0.047092,NA,1,1
"Dc27955","locus022",0.77556,0.679038,NA,NA,1,NA,0.8255,NA,0.807074,0
"Dc27955","locus024",0.967132,1,NA,NA,1,NA,0.243332,NA,0.16461,0
"Dc27955","locus025",0.342396,0.574192,NA,NA,0.285716,NA,0.112138,NA,0.500868,0
"Dc27955","locus027",0.818856,0.428856,NA,NA,1,NA,1,NA,0.428704,0
"Dc27955","locus030",0.180082,1,Inf,NA,1,Inf,0.051034,NA,0.498986,0
"Dc27955","locus035",1,0.57194,Inf,NA,0.573144,Inf,0.254812,NA,0.46391,0
"Dc27955","locus038",0.375424,1,Inf,NA,0.485086,NA,0.327664,NA,0.46458,0
"Dc27955","locus039",1,1,NA,NA,1,NA,0.718958,NA,1,0
"Dc27955","locus040",0.385158,1,NA,NA,0.571614,NA,0.76173,NA,Inf,0
"Dc27955","locus041",0.315594,0.213078,NA,0.250184,0.288144,NA,0.513714,NA,0.642504,0
"Dc27955","locus045",0.39713,1,NA,NA,0.571288,NA,0.166852,NA,0.500602,0
"Dc27955","locus047",0.791786,1,NA,NA,0.484618,NA,0.1635,NA,1,0
"Dc27955","locus048",1,Inf,NA,NA,0.574202,NA,1,NA,0.464402,0
"Dc27955","locus053",0.940026,0.571622,NA,0.496498,0.490376,NA,0.063078,NA,0.78578,0
"Dc27955","locus055",0.141806,0.46462,NA,NA,1,NA,0.684134,NA,1,0
"Dc27955","locus056",0.513876,0.57143,NA,NA,1,NA,0.54726,NA,0.465058,0
"Dc27955","locus058",0.629156,1,NA,NA,1,NA,0.224872,NA,1,0
"Dc27955","locus060",0.21116,1,NA,NA,1,NA,1,NA,0.463854,0
"Dc27955","locus061",0.051528,1,NA,NA,1,NA,0.47059,NA,0.499268,0
"Dc27955","locus062",0.746784,1,NA,1,1,NA,1,NA,1,0
"Dc27955","locus064",0.094582,1,NA,NA,0.572428,Inf,0.288606,NA,1,0
"Dc27955","locus065",0.73439,1,NA,NA,1,NA,1,NA,1,0
"Dc27955","locus073",0.163272,0.428684,NA,NA,1,NA,0.686998,NA,1,0
"Dc27955","locus074",0.436562,0.248786,NA,NA,0.112794,NA,0.140056,NA,0.52318,0
"Dc27955","locus076",0.783728,0.106624,Inf,NA,0.827888,NA,0.943868,NA,0.715184,0
"Dc27955","locus077",1,0.57107,NA,NA,1,NA,1,NA,0.499782,0
"Dc27955","locus080",0.181858,0.216832,NA,NA,0.66031,NA,0.55185,NA,0.641646,0
"Dc27955","locus083",0.121278,0.570644,NA,NA,1,NA,0.67869,NA,0.523816,0
"Dc27955","locus088",0.205204,0.569358,NA,NA,1,NA,0.320668,NA,0.250962,0
"Dc27955","locus093",1,Inf,Inf,NA,Inf,NA,1,NA,1,0
"Dc27955","locus096",0.186242,0.571896,Inf,NA,0.5707,Inf,0.181412,NA,1,0
"Dc27955","locus098",0.63841,0.464884,NA,NA,1,NA,0.35714,NA,0.047528,1
"Dc27955","locus100",0.387482,0.429802,NA,NA,1,NA,1,NA,0.096274,0
"Dc27955","locus106",0.236718,Inf,NA,NA,1,NA,0.249356,NA,0.334384,0
"Dc27955","locus110",0.059364,0.399476,NA,NA,NA,NA,1,NA,NA,0
"Dc27955","locus116",0.376502,0.356576,NA,NA,0.659084,NA,1,NA,NA,0
"Dc27955","locus119",0.281444,1,NA,NA,0.571138,NA,0.110572,NA,NA,0
"Dc27955","locus120",0.162466,1,NA,NA,1,NA,0.543946,NA,NA,0
"Dc27955","locus126",0.268106,0.42919,NA,NA,1,NA,0.699036,NA,NA,0
"Dc27955","locus128",0.732206,0.464774,NA,NA,0.65278,NA,0.385772,NA,NA,0
"Dc27955","locus129",0.747898,0.355432,NA,NA,1,NA,0.12664,NA,NA,0
"Dc27955","locus130",0.365646,1,NA,NA,1,NA,1,NA,NA,0
"Dc27955","locus134",0.37203,0.46485,NA,NA,0.1167,Inf,0.60579,NA,NA,0
"Dc27955","locus135",0.28694,0.676614,NA,NA,1,NA,0.249068,NA,NA,0
"Dc27955","locus137",0.131104,0.249504,NA,NA,0.571954,NA,0.642784,NA,NA,0
"Dc27955","locus139",0.458466,1,Inf,NA,1,NA,0.788342,NA,NA,0
"Dc27955","locus140",0.462414,1,Inf,NA,1,NA,0.790332,NA,NA,0
"Dc27955","locus146",0.703776,0.57112,NA,1,1,NA,0.679458,NA,NA,0
"Dc27955","locus148",0.009554,1,NA,NA,0.487442,NA,0.532558,NA,NA,1
"Dc27955","locus151",0.807946,1,NA,NA,0.655588,Inf,0.158666,NA,NA,0
"Dc27955","locus157",0.548614,0.465142,NA,NA,1,NA,0.382,NA,NA,0
"Dc27955","locus161",1,1,NA,NA,1,NA,0.541668,NA,NA,0
"Dc27955","locus165",0.946334,0.355164,NA,NA,1,NA,0.588738,NA,NA,0
"Dc27955","locus170",0.58999,1,NA,NA,1,NA,0.57174,NA,NA,0
"Dc27955","locus176",0.619534,0.678262,NA,NA,0.658588,NA,0.056246,NA,NA,0
"Dc27955","locus184",0.963898,0.42781,NA,NA,0.57316,NA,0.620502,NA,NA,0
"Dc27955","locus186",0.658852,1,NA,NA,0.228754,NA,1,NA,NA,0
"Dc27955","locus188",0.285796,0.501334,NA,NA,0.25786,NA,0.930194,NA,NA,0
"Dc27955","locus189",0.161118,0.677772,Inf,NA,1,NA,0.458328,NA,NA,0
"Dc27955","locus190",1,1,Inf,NA,1,NA,0.792974,NA,NA,0
"Dc27955","locus191",0.823662,1,NA,1,0.65817,NA,0.316714,NA,NA,0
"Dc27955","locus192",0.078662,1,NA,NA,0.283272,NA,0.761902,NA,NA,0
"Dc27955","locus195",0.683788,0.466568,NA,NA,0.488636,NA,1,NA,NA,0
"Dc27955","locus202",0.767804,1,NA,NA,0.656072,NA,0.079586,NA,NA,0
"Dc27955","locus210",0.227092,0.428536,NA,NA,1,NA,1,NA,NA,0
"Dc27955","locus215",0.317948,0.464298,NA,NA,1,NA,0.008106,NA,NA,1
"Dc27955","locus227",0.526292,0.46411,Inf,NA,Inf,NA,0.721932,NA,NA,0
"Dc27955","locus231",0.725644,1,NA,NA,1,NA,0.537108,NA,NA,0
"Dc27955","locus235",1,0.643316,NA,NA,1,NA,1,NA,NA,0
"Dc27955","locus236",0.112628,0.214502,NA,NA,1,NA,0.826016,NA,NA,0
"Dc27955","locus237",0.794718,1,NA,NA,0.654556,NA,0.74312,NA,NA,0
"Dc27955","locus239",0.48786,1,NA,NA,1,NA,0.930708,NA,NA,0
"Dc27955","locus248",0.447416,0.571466,NA,NA,1,NA,0.360804,NA,NA,0
"Dc27955","locus255",0.412976,0.21392,NA,NA,1,NA,NA,NA,NA,0
"Dc27955","locus256",0.580138,1,NA,1,1,NA,0.809432,NA,NA,0
"Dc27955","locus263",0.842466,0.571004,NA,Inf,1,NA,0.303058,NA,NA,0
"Dc27955","locus264",0.64073,1,NA,NA,1,NA,0.42954,NA,NA,0
"Dc27955","locus274",0.252744,0.357218,NA,NA,1,NA,0.767136,NA,NA,0
"Dc27955","locus280",0.19192,1,NA,NA,0.486246,NA,1,NA,NA,0
"Dc27955","locus282",0.833698,1,Inf,NA,0.657992,NA,0.948414,NA,NA,0
"Dc27955","locus286",0.584988,1,NA,NA,1,NA,1,NA,NA,0
"Dc27955","locus291",0.800032,1,NA,NA,0.570448,NA,0.400068,NA,NA,0
"Dc27955","locus292",0.815008,1,NA,NA,1,NA,0.7112,NA,NA,0
"Dc27955","locus296",0.5368,1,NA,NA,0.57294,NA,0.534794,NA,NA,0
"Dc27955","locus301",0.58796,0.035048,NA,NA,0.830034,NA,0.630554,NA,NA,1
"Dc27955","locus314",0.882968,1,NA,0.334196,0.573296,NA,0.150272,NA,NA,0
"Dc27955","locus321",0.466712,0.42935,NA,1,0.486008,NA,0.515478,NA,NA,0
"Dc27955","locus322",0.665528,1,NA,NA,0.657816,NA,0.861706,NA,NA,0
"Dc27955","locus323",0.88206,1,NA,NA,0.057634,NA,0.515212,NA,NA,0
"Dc27955","locus329",0.341414,0.57148,NA,NA,1,NA,0.15913,NA,NA,0
"Dc27955","locus332",0.299324,1,NA,NA,1,Inf,0.653086,NA,NA,0
"Dc27955","locus349",0.854596,1,NA,NA,1,NA,0.481104,NA,NA,0
"Dc27955","locus358",0.7081,1,NA,0.499872,1,NA,1,NA,NA,0
"Dc27955","locus359",0.813362,1,NA,NA,1,NA,0.007344,NA,NA,1
"Dc27955","locus360",0.335208,0.643338,NA,NA,0.653924,Inf,0.544492,NA,NA,0
"Dc28124","Dc28776",0.721386,0.464474,NA,NA,0.428594,NA,0.8842,NA,0.258838,0
"Dc28124","Dc30071",0.166918,Inf,NA,NA,1,NA,0.617312,Inf,1,0
"Dc28124","Dc31007",0.42961,1,1,NA,Inf,NA,1,NA,NA,0
"Dc28124","Dc33714",0.683888,0.643166,NA,NA,0.142644,NA,0.678444,Inf,0.453588,0
"Dc28124","Dc33907",1,0.465364,NA,NA,1,NA,0.147334,NA,0.696976,0
"Dc28124","Dc34902",0.689796,0.28474,NA,NA,0.28469,NA,1,NA,1,0
"Dc28124","Dc35779",0.339908,1,NA,NA,1,Inf,0.35052,NA,0.182102,0
"Dc28124","Dc36571",0.234938,1,NA,1,1,NA,1,NA,0.543728,0
"Dc28124","Dc36616",0.159808,0.464018,1,NA,1,Inf,0.516688,NA,1,0
"Dc28124","Dc36767",0.50475,1,1,NA,0.572262,NA,0.629214,NA,NA,0
"Dc28124","Dc40235",0.571706,0.570922,NA,NA,1,Inf,0.203526,NA,1,0
"Dc28124","Dc41234",0.00638,0.788926,NA,NA,1,NA,0.564548,NA,Inf,1
"Dc28124","Dc46984",0.447234,1,NA,NA,1,NA,0.108148,NA,0.771564,0
"Dc28124","Dc47572",0.948746,1,NA,NA,0.141794,NA,0.946354,Inf,0.128392,0
"Dc28124","Dc47935",0.952522,0.784806,NA,NA,0.282274,NA,0.165542,NA,0.577194,0
"Dc28124","Dc48207",0.27636,Inf,Inf,NA,Inf,Inf,0.195204,NA,1,0
"Dc28124","Dc48950",0.61614,1,NA,1,0.57343,NA,0.113752,NA,0.281442,0
"Dc28124","Dc49080",1,0.571356,NA,1,0.56972,NA,0.162832,NA,1,0
"Dc28124","Dc49184",0.30501,1,NA,NA,0.285676,NA,0.089164,NA,1,0
"Dc28124","Dc51020",0.397172,0.464806,NA,NA,0.428174,NA,0.665716,NA,0.4609,0
"Dc28124","Dc52523",0.458832,0.786476,NA,NA,1,NA,0.440618,NA,0.621824,0
"Dc28124","Dc55481",0.11458,0.64451,NA,NA,0.285138,NA,0.450474,Inf,Inf,0
"Dc28124","Dc58248",0.67249,0.68122,NA,NA,0.573348,NA,0.744448,NA,0.882984,0
"Dc28124","Dc62188",0.136622,0.784352,NA,1,1,Inf,0.53258,NA,0.137782,0
"Dc28124","Dc67011",0.52242,0.428134,1,1,1,Inf,0.51716,NA,1,0
"Dc28124","locus002",0.729632,1,NA,NA,Inf,NA,0.668928,Inf,1,0
"Dc28124","locus003",0.239342,0.464384,NA,NA,1,NA,0.701844,NA,0.614036,0
"Dc28124","locus004",0.355856,1,NA,NA,1,NA,0.58552,NA,0.5381,0
"Dc28124","locus005",0.690968,0.46474,NA,NA,1,NA,0.16162,NA,0.536628,0
"Dc28124","locus006",0.316074,0.571954,NA,NA,1,NA,0.116324,Inf,0.58965,0
"Dc28124","locus008",0.719196,1,NA,NA,1,NA,0.621828,NA,1,0
"Dc28124","locus013",0.714298,1,NA,NA,1,NA,0.750052,NA,0.333268,0
"Dc28124","locus014",0.354294,0.213206,NA,NA,1,NA,0.776818,NA,0.459708,0
"Dc28124","locus022",0.041776,0.679348,NA,NA,0.428706,NA,0.07818,NA,0.74227,1
"Dc28124","locus024",0.718678,1,NA,NA,1,NA,1,NA,1,0
"Dc28124","locus025",0.126618,0.574312,NA,NA,1,Inf,0.272444,NA,1,0
"Dc28124","locus027",0.002616,0.428952,NA,NA,0.141428,NA,0.1149,NA,Inf,1
"Dc28124","locus030",1,1,1,NA,1,Inf,0.519824,Inf,0.13831,0
"Dc28124","locus035",0.824366,0.570846,1,NA,1,Inf,1,NA,0.616394,0
"Dc28124","locus038",0.58682,1,0.500504,NA,1,NA,0.77858,NA,0.235698,0
"Dc28124","locus039",0.528364,1,NA,NA,0.283478,NA,0.015124,NA,1,1
"Dc28124","locus040",0.669692,1,NA,NA,1,NA,0.839144,NA,Inf,0
"Dc28124","locus041",0.011506,0.2137,NA,1,1,NA,0.334102,NA,1,1
"Dc28124","locus045",0.572408,1,NA,NA,1,Inf,0.035166,NA,1,1
"Dc28124","locus047",0.237834,1,NA,NA,1,NA,0.246402,Inf,0.195274,0
"Dc28124","locus048",1,Inf,NA,NA,1,NA,0.624742,Inf,0.613822,0
"Dc28124","locus053",0.23841,0.571066,NA,1,1,NA,1,NA,0.334656,0
"Dc28124","locus055",1,0.468248,NA,NA,1,NA,1,NA,1,0
"Dc28124","locus056",0.090454,0.571144,NA,NA,1,NA,1,NA,0.282116,0
"Dc28124","locus058",1,1,NA,NA,1,NA,0.310712,NA,0.692698,0
"Dc28124","locus060",1,1,NA,NA,1,NA,0.655902,NA,1,0
"Dc28124","locus061",0.24543,1,NA,NA,1,NA,0.22844,NA,1,0
"Dc28124","locus062",0.923446,1,NA,1,1,NA,0.749258,Inf,0.193294,0
"Dc28124","locus064",0.106626,1,NA,NA,1,NA,1,NA,0.295086,0
"Dc28124","locus065",0.654298,1,NA,NA,1,NA,1,NA,1,0
"Dc28124","locus073",0.177254,0.4287,NA,NA,1,NA,0.682534,NA,0.332464,0
"Dc28124","locus074",0.222044,0.250428,NA,NA,1,NA,0.785166,NA,0.155186,0
"Dc28124","locus076",0.220634,0.108408,1,NA,1,NA,0.219582,NA,1,0
"Dc28124","locus077",0.57888,0.571426,NA,NA,1,NA,1,NA,1,0
"Dc28124","locus080",0.54361,0.215204,NA,NA,0.43026,Inf,0.577244,NA,1,0
"Dc28124","locus083",1,0.57124,NA,NA,Inf,NA,0.658656,NA,0.191812,0
"Dc28124","locus088",1,0.56949,NA,NA,0.427038,NA,0.393366,NA,0.064292,0
"Dc28124","locus093",0.523956,Inf,Inf,NA,Inf,NA,1,NA,Inf,0
"Dc28124","locus096",0.034196,0.571144,1,NA,1,NA,0.754488,NA,0.538838,1
"Dc28124","locus098",0.783932,0.464762,NA,NA,1,NA,0.382196,NA,0.501472,0
"Dc28124","locus100",0.103946,0.429006,NA,NA,1,NA,0.067426,NA,1,0
"Dc28124","locus106",1,Inf,NA,NA,1,NA,0.735322,NA,0.319018,0
"Dc28124","locus110",0.879076,0.39829,NA,NA,NA,NA,0.6715,NA,NA,0
"Dc28124","locus116",0.589108,0.36005,NA,NA,1,NA,1,NA,NA,0
"Dc28124","locus119",0.071292,1,NA,NA,1,NA,0.768192,NA,NA,0
"Dc28124","locus120",1,1,NA,NA,1,NA,0.405298,Inf,NA,0
"Dc28124","locus126",0.526314,0.429402,NA,NA,1,NA,0.374492,NA,NA,0
"Dc28124","locus128",0.5071,0.464488,NA,NA,0.429954,NA,0.325146,NA,NA,0
"Dc28124","locus129",0.529546,0.359874,NA,NA,1,NA,0.84299,NA,NA,0
"Dc28124","locus130",0.042272,1,NA,NA,0.33289,NA,0.724652,NA,NA,1
"Dc28124","locus134",0.34544,0.464496,NA,NA,1,Inf,1,NA,NA,0
"Dc28124","locus135",0.569654,0.676852,NA,NA,1,NA,0.871704,NA,NA,0
"Dc28124","locus137",0.52888,0.248126,NA,NA,1,NA,0.576302,NA,NA,0
"Dc28124","locus139",0.131362,1,Inf,NA,1,NA,0.699224,Inf,NA,0
"Dc28124","locus140",0.130976,1,Inf,NA,1,NA,0.699596,NA,NA,0
"Dc28124","locus146",0.78612,0.572014,NA,0.400814,1,NA,1,NA,NA,0
"Dc28124","locus148",0.88857,1,NA,NA,1,NA,0.003234,NA,NA,1
"Dc28124","locus151",0.27565,1,NA,NA,1,Inf,0.547074,NA,NA,0
"Dc28124","locus157",0.39867,0.463572,NA,NA,1,NA,0.723954,NA,NA,0
"Dc28124","locus161",1,1,NA,NA,1,NA,0.103322,Inf,NA,0
"Dc28124","locus165",0.266592,0.359954,NA,NA,Inf,NA,0.272134,NA,NA,0
"Dc28124","locus170",0.926016,1,NA,NA,1,NA,0.189792,NA,NA,0
"Dc28124","locus176",0.337746,0.67851,NA,NA,1,NA,0.209364,NA,NA,0
"Dc28124","locus184",0.5119,0.428796,NA,NA,1,Inf,0.453058,NA,NA,0
"Dc28124","locus186",0.796136,1,NA,NA,1,NA,0.071518,NA,NA,0
"Dc28124","locus188",0.239044,0.49733,NA,NA,1,NA,0.212728,NA,NA,0
"Dc28124","locus189",0.738528,0.677364,Inf,NA,1,NA,0.48048,NA,NA,0
"Dc28124","locus190",0.240982,1,Inf,NA,1,NA,0.545522,NA,NA,0
"Dc28124","locus191",0.595292,1,NA,0.33403,1,NA,0.69294,NA,NA,0
"Dc28124","locus192",0.707178,1,NA,NA,1,NA,0.192932,NA,NA,0
"Dc28124","locus195",0.643754,0.46414,NA,NA,0.571792,NA,1,NA,NA,0
"Dc28124","locus202",0.214294,1,NA,NA,1,NA,0.668142,NA,NA,0
"Dc28124","locus210",0.559946,0.428774,NA,NA,1,NA,0.33387,Inf,NA,0
"Dc28124","locus215",0.091724,0.46453,NA,NA,0.142674,NA,0.487064,NA,NA,0
"Dc28124","locus227",0.395126,0.464584,Inf,NA,Inf,NA,1,NA,NA,0
"Dc28124","locus231",0.624368,1,NA,NA,0.427976,NA,1,NA,NA,0
"Dc28124","locus235",0.650288,0.642042,NA,NA,1,NA,0.38155,NA,NA,0
"Dc28124","locus236",1,0.21542,NA,NA,1,NA,1,NA,NA,0
"Dc28124","locus237",0.16532,1,NA,NA,1,NA,0.491702,NA,NA,0
"Dc28124","locus239",0.555876,1,NA,NA,1,NA,0.003942,NA,NA,1
"Dc28124","locus248",1,0.570266,NA,NA,1,NA,0.791026,Inf,NA,0
"Dc28124","locus255",0.130386,0.213744,NA,NA,1,NA,NA,NA,NA,0
"Dc28124","locus256",0.92258,1,NA,1,1,NA,0.863092,NA,NA,0
"Dc28124","locus263",0.355496,0.571216,NA,Inf,0.143002,NA,1,NA,NA,0
"Dc28124","locus264",0.711692,1,NA,NA,1,Inf,1,NA,NA,0
"Dc28124","locus274",0.653982,0.357158,NA,NA,0.573872,NA,0.883108,NA,NA,0
"Dc28124","locus280",0.412344,1,NA,NA,0.569488,Inf,0.249044,Inf,NA,0
"Dc28124","locus282",0.033874,1,1,NA,1,NA,1,NA,NA,1
"Dc28124","locus286",0.414834,1,NA,NA,1,NA,0.112318,NA,NA,0
"Dc28124","locus291",0.829938,1,NA,NA,1,NA,0.547644,NA,NA,0
"Dc28124","locus292",0.603504,1,NA,NA,1,NA,0.044346,NA,NA,1
"Dc28124","locus296",0.695168,1,NA,NA,1,NA,0.184898,NA,NA,0
"Dc28124","locus301",0.462074,0.035836,NA,NA,1,NA,0.380356,NA,NA,1
"Dc28124","locus314",1,1,NA,Inf,1,NA,1,NA,NA,0
"Dc28124","locus321",0.35356,0.429742,NA,1,1,NA,0.490378,Inf,NA,0
"Dc28124","locus322",0.619222,1,NA,NA,1,NA,0.508912,NA,NA,0
"Dc28124","locus323",0.442354,1,NA,NA,1,NA,0.540408,NA,NA,0
"Dc28124","locus329",0.777122,0.570612,NA,NA,1,Inf,0.196666,NA,NA,0
"Dc28124","locus332",0.85118,1,NA,NA,1,NA,0.78357,NA,NA,0
"Dc28124","locus349",0.292714,1,NA,NA,0.426574,NA,0.050598,NA,NA,0
"Dc28124","locus358",0.425192,1,NA,1,0.43039,NA,0.125604,NA,NA,0
"Dc28124","locus359",0.127406,1,NA,NA,1,NA,0.707676,NA,NA,0
"Dc28124","locus360",0.097786,0.644286,NA,NA,0.142694,NA,1,NA,NA,0
"Dc28776","Dc30071",0.693242,Inf,NA,NA,0.714712,NA,0.19495,0.430292,0.632598,0
"Dc28776","Dc31007",0.754624,1,0.250216,NA,Inf,NA,0.552248,NA,NA,0
"Dc28776","Dc33714",0.91022,1,NA,NA,0.657906,NA,0.511494,0.428362,0.606412,0
"Dc28776","Dc33907",0.748012,0.464726,NA,NA,0.426876,NA,0.485208,NA,0.470962,0
"Dc28776","Dc34902",0.766382,0.463502,NA,NA,0.71421,NA,0.361058,NA,1,0
"Dc28776","Dc35779",0.871332,0.374686,NA,NA,0.429536,Inf,0.135892,NA,1,0
"Dc28776","Dc36571",0.027278,1,NA,0.19972,0.332634,NA,0.474608,NA,0.881834,1
"Dc28776","Dc36616",0.545966,0.465108,1,NA,0.42769,Inf,0.679478,NA,0.424782,0
"Dc28776","Dc36767",0.59516,0.463722,0.332378,NA,0.887084,NA,0.360286,NA,NA,0
"Dc28776","Dc40235",0.951668,0.463452,NA,NA,0.425492,1,1,NA,0.427144,0
"Dc28776","Dc41234",0.412722,1,NA,NA,1,NA,0.451384,NA,1,0
"Dc28776","Dc46984",0.382032,0.6772,NA,NA,1,NA,0.98299,NA,0.23765,0
"Dc28776","Dc47572",0.348112,0.57177,NA,NA,0.429632,NA,0.505304,1,0.38016,0
"Dc28776","Dc47935",0.799462,1,NA,NA,0.315232,NA,0.272794,NA,0.497014,0
"Dc28776","Dc48207",1,Inf,Inf,NA,Inf,Inf,0.47268,NA,0.40055,0
"Dc28776","Dc48950",0.196004,0.78592,NA,1,0.768974,NA,0.172334,NA,0.227782,0
"Dc28776","Dc49080",0.960346,0.676784,NA,1,1,NA,0.805916,NA,1,0
"Dc28776","Dc49184",0.467246,1,NA,NA,0.710716,NA,0.726234,NA,0.060404,0
"Dc28776","Dc51020",0.96295,0.46487,NA,NA,1,NA,0.306958,NA,1,0
"Dc28776","Dc52523",0.595434,0.090132,NA,NA,0.887332,NA,0.03661,NA,0.049588,2
"Dc28776","Dc55481",0.396188,0.107006,NA,NA,0.715242,NA,0.306714,1,1,0
"Dc28776","Dc58248",0.684184,0.678614,NA,NA,0.109302,NA,0.626792,NA,0.988348,0
"Dc28776","Dc62188",0.975644,0.5726,NA,1,0.658342,Inf,0.721196,NA,0.46675,0
"Dc28776","Dc67011",0.474084,1,1,1,0.658542,1,1,NA,0.57653,0
"Dc28776","locus002",1,0.427548,NA,NA,0.20093,NA,0.579578,1,0.523474,0
"Dc28776","locus003",0.195002,0.46481,NA,NA,0.655636,NA,0.84173,NA,0.60253,0
"Dc28776","locus004",0.747666,1,NA,NA,1,NA,0.079688,NA,0.716612,0
"Dc28776","locus005",0.164528,0.464096,NA,NA,0.619508,NA,0.253742,NA,0.637048,0
"Dc28776","locus006",0.096832,0.107132,NA,NA,0.617718,NA,0.334804,1,1,0
"Dc28776","locus008",0.59858,1,NA,NA,1,NA,0.611932,NA,0.015106,1
"Dc28776","locus013",0.591826,1,NA,NA,0.428664,NA,0.310144,NA,0.63284,0
"Dc28776","locus014",0.359628,0.677996,NA,NA,0.330394,NA,1,NA,0.19483,0
"Dc28776","locus022",0.2194,1,NA,NA,1,NA,0.510212,NA,0.930894,0
"Dc28776","locus024",0.198772,1,NA,NA,1,NA,0.769614,NA,0.736684,0
"Dc28776","locus025",0.426364,0.679406,NA,NA,0.331944,0.332914,0.842038,NA,0.604532,0
"Dc28776","locus027",0.373756,1,NA,NA,0.771038,NA,0.742042,NA,0.25578,0
"Dc28776","locus030",0.165944,0.71421,1,NA,1,1,0.47846,1,1,0
"Dc28776","locus035",1,0.4638,1,NA,0.6183,Inf,1,NA,1,0
"Dc28776","locus038",0.56007,0.678498,0.500302,NA,0.655136,NA,0.213172,NA,1,0
"Dc28776","locus039",0.223512,0.679108,NA,NA,1,NA,0.62404,NA,0.576476,0
"Dc28776","locus040",0.163976,1,NA,NA,1,NA,0.331106,NA,Inf,0
"Dc28776","locus041",0.004348,0.249574,NA,0.1991,0.334298,NA,0.512242,NA,0.466512,1
"Dc28776","locus045",0.759006,1,NA,NA,0.619536,1,0.65446,NA,0.61762,0
"Dc28776","locus047",0.714048,0.713732,NA,NA,0.426094,NA,0.756074,0.141256,0.607704,0
"Dc28776","locus048",0.56762,Inf,NA,NA,0.334658,NA,1,1,1,0
"Dc28776","locus053",0.030668,0.679452,NA,0.601872,0.580604,NA,0.493286,NA,0.137226,1
"Dc28776","locus055",0.269504,1,NA,NA,1,NA,0.941974,NA,0.638268,0
"Dc28776","locus056",0.367864,1,NA,NA,1,NA,0.147588,NA,0.73316,0
"Dc28776","locus058",0.36861,1,NA,NA,1,NA,0.874398,NA,0.14388,0
"Dc28776","locus060",0.424694,0.197612,NA,NA,1,NA,1,NA,1,0
"Dc28776","locus061",0.445122,1,NA,NA,1,NA,0.571734,NA,0.576996,0
"Dc28776","locus062",0.082768,1,NA,1,0.657686,NA,0.806578,1,0.359838,0
"Dc28776","locus064",0.144788,1,NA,NA,0.333962,NA,0.729356,NA,1,0
"Dc28776","locus065",0.6474,0.464676,NA,NA,1,NA,0.774446,NA,0.150888,0
"Dc28776","locus073",0.916394,1,NA,NA,0.655964,NA,0.041474,NA,0.636018,1
"Dc28776","locus074",0.024766,1,NA,NA,0.431562,NA,0.104642,NA,0.002456,2
"Dc28776","locus076",0.540112,0.197806,0.333452,NA,0.428528,NA,0.674152,NA,1,0
"Dc28776","locus077",0.498626,1,NA,NA,0.428304,NA,0.414866,NA,0.299122,0
"Dc28776","locus080",0.757274,0.142766,NA,NA,0.42966,1,0.24749,NA,0.865438,0
"Dc28776","locus083",0.147288,0.464154,NA,NA,0.332408,NA,0.62641,NA,1,0
"Dc28776","locus088",0.760622,0.679536,NA,NA,1,NA,0.374492,NA,0.177524,0
"Dc28776","locus093",0.60924,Inf,Inf,NA,Inf,NA,1,NA,1,0
"Dc28776","locus096",0.073762,1,1,NA,0.330494,NA,0.450844,NA,0.15194,0
"Dc28776","locus098",0.589938,1,NA,NA,1,NA,0.41183,NA,0.85744,0
"Dc28776","locus100",0.70071,1,NA,NA,1,NA,1,NA,1,0
"Dc28776","locus106",0.436652,Inf,NA,NA,0.619208,NA,0.53374,NA,0.25556,0
"Dc28776","locus110",0.039456,1,NA,NA,NA,NA,0.555586,NA,NA,1
"Dc28776","locus116",0.609148,0.679232,NA,NA,0.425428,NA,0.609776,NA,NA,0
"Dc28776","locus119",0.215714,0.678976,NA,NA,0.33325,NA,0.034726,NA,NA,1
"Dc28776","locus120",0.902654,0.374448,NA,NA,1,NA,0.188234,0.484928,NA,0
"Dc28776","locus126",0.50043,0.486504,NA,NA,0.42808,NA,0.66493,NA,NA,0
"Dc28776","locus128",0.69183,0.463618,NA,NA,0.427658,NA,0.231092,NA,NA,0
"Dc28776","locus129",0.454558,0.678832,NA,NA,0.71572,NA,0.126672,NA,NA,0
"Dc28776","locus130",0.896986,0.463716,Inf,NA,0.60326,NA,0.943184,NA,NA,0
"Dc28776","locus134",0.082174,0.195948,NA,NA,1,Inf,0.143932,NA,NA,0
"Dc28776","locus135",0.027668,0.359614,NA,NA,0.652238,NA,0.929176,NA,NA,1
"Dc28776","locus137",0.565962,0.35492,NA,NA,0.335224,NA,0.056396,NA,NA,0
"Dc28776","locus139",0.087488,0.375248,Inf,NA,0.428184,NA,0.482948,0.42799,NA,0
"Dc28776","locus140",0.085594,0.375118,Inf,NA,0.430522,NA,0.479818,NA,NA,0
"Dc28776","locus146",0.619718,0.107988,NA,0.601084,0.620574,NA,0.505344,NA,NA,0
"Dc28776","locus148",0.866484,0.645122,NA,NA,0.658908,NA,0.592792,NA,NA,0
"Dc28776","locus151",0.429704,1,NA,NA,0.77477,Inf,0.904906,NA,NA,0
"Dc28776","locus157",0.615542,0.645434,NA,NA,1,NA,1,NA,NA,0
"Dc28776","locus161",0.309186,1,NA,NA,0.427396,NA,0.557834,1,NA,0
"Dc28776","locus165",0.119916,0.678964,NA,NA,1,NA,0.094806,NA,NA,0
"Dc28776","locus170",0.716214,0.071882,NA,NA,0.428198,NA,0.161476,NA,NA,0
"Dc28776","locus176",0.895172,1,Inf,NA,1,NA,0.581564,NA,NA,0
"Dc28776","locus184",0.679726,0.144548,NA,NA,0.334228,0.33342,0.254668,NA,NA,0
"Dc28776","locus186",0.312396,0.464416,NA,NA,0.427758,NA,0.60478,NA,NA,0
"Dc28776","locus188",0.522508,0.787712,Inf,NA,0.770584,NA,0.60839,NA,NA,0
"Dc28776","locus189",0.411776,1,Inf,NA,1,NA,0.855824,NA,NA,0
"Dc28776","locus190",0.939358,1,Inf,NA,0.768722,NA,0.508974,NA,NA,0
"Dc28776","locus191",0.746494,0.249324,NA,Inf,0.77368,NA,0.602282,NA,NA,0
"Dc28776","locus192",0.45536,0.641692,NA,NA,0.33136,NA,0.023736,NA,NA,1
"Dc28776","locus195",0.612264,0.46386,NA,NA,1,NA,0.814902,NA,NA,0
"Dc28776","locus202",0.003268,0.642644,NA,NA,0.771208,NA,0.948544,NA,NA,1
"Dc28776","locus210",0.32856,1,NA,NA,1,NA,0.875812,1,NA,0
"Dc28776","locus215",0.526726,0.463208,NA,NA,0.65402,NA,0.795998,NA,NA,0
"Dc28776","locus227",0.571158,0.017634,Inf,NA,Inf,NA,0.08674,NA,NA,1
"Dc28776","locus231",0.92426,1,NA,NA,0.028546,NA,0.107774,NA,NA,1
"Dc28776","locus235",0.505486,1,NA,NA,1,NA,0.509088,NA,NA,0
"Dc28776","locus236",0.54696,1,NA,NA,0.656094,NA,0.110086,NA,NA,0
"Dc28776","locus237",0.201304,1,NA,NA,0.772248,NA,0.739524,NA,NA,0
"Dc28776","locus239",0.423956,0.46393,NA,NA,0.430036,NA,0.541232,NA,NA,0
"Dc28776","locus248",0.643856,1,NA,NA,0.618772,NA,0.696496,1,NA,0
"Dc28776","locus255",0.647574,1,NA,NA,0.619326,NA,NA,NA,NA,0
"Dc28776","locus256",0.946042,1,NA,1,0.12409,NA,0.400452,NA,NA,0
"Dc28776","locus263",1,0.10765,NA,Inf,0.42756,NA,1,NA,NA,0
"Dc28776","locus264",0.17032,1,NA,NA,0.428542,0.330486,0.341706,NA,NA,0
"Dc28776","locus274",0.401666,0.680486,NA,NA,1,NA,0.279254,NA,NA,0
"Dc28776","locus280",0.935356,0.676688,NA,NA,1,Inf,0.483554,1,NA,0
"Dc28776","locus282",0.98496,1,0.500882,NA,0.76962,NA,0.158174,NA,NA,0
"Dc28776","locus286",0.872526,1,NA,NA,0.43105,NA,0.765114,NA,NA,0
"Dc28776","locus291",0.380424,1,NA,NA,0.33316,NA,1,NA,NA,0
"Dc28776","locus292",0.893548,0.679156,NA,NA,1,NA,0.004996,NA,NA,1
"Dc28776","locus296",0.78807,0.643434,NA,NA,0.332054,NA,1,NA,NA,0
"Dc28776","locus301",0.038702,0.463946,NA,NA,0.426352,NA,0.944468,NA,NA,1
"Dc28776","locus314",0.031294,0.42739,NA,0.333438,0.618104,NA,0.69317,NA,NA,1
"Dc28776","locus321",0.727126,1,NA,0.603046,1,NA,0.390496,0.028996,NA,1
"Dc28776","locus322",0.16726,0.197104,NA,NA,0.773652,NA,0.961708,NA,NA,0
"Dc28776","locus323",0.235632,1,NA,NA,1,NA,0.155506,NA,NA,0
"Dc28776","locus329",0.86082,1,NA,NA,1,Inf,0.918992,NA,NA,0
"Dc28776","locus332",0.352664,0.679238,NA,NA,1,NA,0.66713,NA,NA,0
"Dc28776","locus349",0.363586,0.463946,NA,NA,1,NA,0.388888,NA,NA,0
"Dc28776","locus358",1,1,NA,1,1,NA,0.248816,NA,NA,0
"Dc28776","locus359",0.72789,1,NA,NA,1,NA,0.72581,NA,NA,0
"Dc28776","locus360",0.984432,0.643598,NA,NA,0.42468,NA,0.894096,NA,NA,0
"Dc30071","Dc31007",0.119216,Inf,Inf,NA,Inf,NA,0.850342,NA,NA,0
"Dc30071","Dc33714",0.061402,Inf,Inf,NA,1,NA,0.31871,1,0.348698,0
"Dc30071","Dc33907",0.847584,Inf,NA,NA,1,NA,0.212054,NA,0.903392,0
"Dc30071","Dc34902",0.528048,Inf,NA,NA,1,NA,0.277266,NA,0.543892,0
"Dc30071","Dc35779",0.785732,Inf,NA,NA,1,Inf,0.616214,NA,0.771838,0
"Dc30071","Dc36571",0.118196,Inf,NA,0.199686,1,NA,1,NA,1,0
"Dc30071","Dc36616",0.032144,Inf,Inf,NA,0.284228,Inf,0.527812,NA,0.383156,1
"Dc30071","Dc36767",0.772584,Inf,Inf,NA,1,NA,0.364482,NA,NA,0
"Dc30071","Dc40235",0.500368,Inf,NA,NA,0.285438,Inf,0.097742,NA,0.158632,0
"Dc30071","Dc41234",0.125512,Inf,Inf,NA,0.143778,NA,0.911378,NA,0.260844,0
"Dc30071","Dc46984",0.143486,Inf,NA,NA,0.144186,NA,0.085718,NA,0.71666,0
"Dc30071","Dc47572",0.41701,Inf,NA,NA,1,NA,0.745514,0.716788,1,0
"Dc30071","Dc47935",0.891752,Inf,NA,NA,0.283822,Inf,0.095736,NA,0.5698,0
"Dc30071","Dc48207",0.838776,Inf,Inf,NA,Inf,Inf,1,NA,1,0
"Dc30071","Dc48950",0.356984,Inf,NA,0.598276,1,NA,0.56673,NA,0.179548,0
"Dc30071","Dc49080",0.287828,Inf,NA,1,1,NA,0.875402,NA,0.385396,0
"Dc30071","Dc49184",0.7301,Inf,NA,NA,1,NA,0.16832,NA,0.266842,0
"Dc30071","Dc51020",0.276116,Inf,NA,NA,1,NA,0.975798,NA,0.604732,0
"Dc30071","Dc52523",0.475424,Inf,NA,NA,0.279598,NA,0.714776,NA,0.22375,0
"Dc30071","Dc55481",0.947798,Inf,NA,NA,1,NA,0.081146,1,0.85663,0
"Dc30071","Dc58248",0.095174,Inf,NA,NA,0.855848,NA,0.091594,NA,0.944096,0
"Dc30071","Dc62188",0.557072,Inf,NA,1,0.28437,NA,0.9188,NA,0.414836,0
"Dc30071","Dc67011",0.671156,Inf,Inf,1,0.28543,Inf,0.32754,NA,0.632872,0
"Dc30071","locus002",0.259594,Inf,NA,NA,1,NA,0.605274,1,0.740504,0
"Dc30071","locus003",0.704766,Inf,NA,NA,0.288268,NA,0.740364,NA,0.054248,0
"Dc30071","locus004",0.050392,Inf,NA,NA,1,NA,0.720516,NA,1,0
"Dc30071","locus005",0.98568,Inf,NA,NA,1,NA,0.23389,NA,1,0
"Dc30071","locus006",0.716346,Inf,NA,NA,1,NA,0.434726,1,0.521524,0
"Dc30071","locus008",0.192996,Inf,NA,NA,0.284512,NA,0.27182,NA,0.389572,0
"Dc30071","locus013",0.234864,Inf,NA,NA,0.714612,NA,0.746534,NA,0.79655,0
"Dc30071","locus014",0.338588,Inf,NA,NA,1,NA,0.961936,NA,1,0
"Dc30071","locus022",0.980236,Inf,NA,NA,1,NA,0.948712,NA,0.945964,0
"Dc30071","locus024",0.6746,Inf,NA,NA,1,NA,1,NA,0.219508,0
"Dc30071","locus025",0.241368,Inf,NA,NA,1,Inf,0.517252,NA,0.686628,0
"Dc30071","locus027",0.404196,Inf,NA,NA,1,NA,0.51462,NA,0.425218,0
"Dc30071","locus030",0.61958,Inf,Inf,NA,0.145358,Inf,0.650864,1,0.60578,0
"Dc30071","locus035",0.866692,Inf,Inf,NA,0.522622,Inf,0.365168,NA,0.631964,0
"Dc30071","locus038",0.097854,Inf,Inf,NA,0.56968,NA,0.59974,NA,0.318214,0
"Dc30071","locus039",1,Inf,NA,NA,0.523686,NA,0.544322,NA,0.063632,0
"Dc30071","locus040",0.108394,Inf,NA,NA,0.0482,NA,0.465622,NA,Inf,1
"Dc30071","locus041",0.100184,Inf,NA,0.199268,1,NA,0.786302,NA,0.776762,0
"Dc30071","locus045",0.31543,Inf,NA,NA,1,Inf,0.611792,NA,0.216666,0
"Dc30071","locus047",0.935296,Inf,NA,NA,1,NA,0.582198,1,0.02559,1
"Dc30071","locus048",1,Inf,NA,NA,0.523292,NA,1,0.619568,0.631314,0
"Dc30071","locus053",0.08994,Inf,NA,0.598982,0.811226,NA,0.116866,NA,0.559288,0
"Dc30071","locus055",0.156086,Inf,NA,NA,1,NA,0.030752,NA,0.767698,1
"Dc30071","locus056",0.234266,Inf,NA,NA,1,NA,0.191606,NA,1,0
"Dc30071","locus058",0.729852,Inf,NA,NA,1,NA,0.253098,NA,0.22119,0
"Dc30071","locus060",0.648868,Inf,NA,NA,0.715702,NA,0.448738,NA,1,0
"Dc30071","locus061",0.352658,Inf,NA,NA,1,NA,0.979318,NA,1,0
"Dc30071","locus062",0.87737,Inf,NA,1,0.283696,NA,0.015896,0.772974,0.527642,1
"Dc30071","locus064",0.91893,Inf,NA,NA,1,NA,0.326606,NA,1,0
"Dc30071","locus065",0.376848,Inf,NA,NA,1,NA,1,NA,0.551086,0
"Dc30071","locus073",0.26152,Inf,NA,NA,0.57023,NA,0.828272,NA,0.8837,0
"Dc30071","locus074",0.27041,Inf,NA,NA,0.717036,NA,0.857512,NA,0.55751,0
"Dc30071","locus076",0.619624,Inf,Inf,NA,1,NA,0.818012,NA,0.218822,0
"Dc30071","locus077",0.527134,Inf,NA,NA,1,NA,0.741148,NA,0.388104,0
"Dc30071","locus080",0.353958,Inf,Inf,NA,0.334118,Inf,0.51121,NA,0.876836,0
"Dc30071","locus083",0.28032,Inf,NA,NA,0.336546,NA,0.372908,NA,1,0
"Dc30071","locus088",1,Inf,NA,NA,1,NA,0.48971,NA,0.865134,0
"Dc30071","locus093",1,Inf,Inf,NA,Inf,NA,0.526392,NA,1,0
"Dc30071","locus096",0.785108,Inf,Inf,NA,0.521944,NA,0.62662,NA,0.459914,0
"Dc30071","locus098",0.188326,Inf,NA,NA,1,NA,0.695768,NA,1,0
"Dc30071","locus100",0.16637,Inf,NA,NA,1,NA,0.085044,NA,0.86361,0
"Dc30071","locus106",0.883334,Inf,NA,NA,0.522808,NA,0.077348,NA,1,0
"Dc30071","locus110",0.386354,Inf,NA,NA,NA,NA,0.64617,NA,NA,0
"Dc30071","locus116",0.467266,Inf,NA,NA,0.716544,NA,0.063446,NA,NA,0
"Dc30071","locus119",0.468266,Inf,NA,NA,1,NA,0.127522,NA,NA,0
"Dc30071","locus120",0.182404,Inf,NA,NA,1,NA,0.76631,0.428014,NA,0
"Dc30071","locus126",0.095728,Inf,NA,NA,1,NA,0.431242,NA,NA,0
"Dc30071","locus128",0.304612,Inf,NA,NA,0.334078,NA,0.33426,NA,NA,0
"Dc30071","locus129",0.279654,Inf,NA,NA,0.5195,NA,0.95484,NA,NA,0
"Dc30071","locus130",0.841762,Inf,NA,NA,0.332444,NA,0.016888,NA,NA,1
"Dc30071","locus134",0.17938,Inf,NA,NA,0.144384,Inf,0.95515,NA,NA,0
"Dc30071","locus135",0.214414,Inf,NA,NA,0.286488,NA,0.852666,NA,NA,0
"Dc30071","locus137",0.919578,Inf,NA,NA,1,NA,0.436628,NA,NA,0
"Dc30071","locus139",0.146746,Inf,Inf,NA,1,NA,0.056082,1,NA,0
"Dc30071","locus140",0.145434,Inf,Inf,NA,1,NA,0.055918,NA,NA,0
"Dc30071","locus146",0.547228,Inf,NA,0.599096,0.5248,NA,0.903286,NA,NA,0
"Dc30071","locus148",0.765126,Inf,NA,NA,1,NA,0.95631,NA,NA,0
"Dc30071","locus151",0.93594,Inf,NA,NA,0.7162,Inf,0.115056,NA,NA,0
"Dc30071","locus157",0.383426,Inf,NA,NA,1,NA,0.588366,NA,NA,0
"Dc30071","locus161",0.505902,Inf,NA,NA,0.285554,NA,0.689128,0.712816,NA,0
"Dc30071","locus165",0.283652,Inf,Inf,NA,0.600438,NA,0.304774,NA,NA,0
"Dc30071","locus170",0.345982,Inf,NA,NA,1,NA,0.239442,NA,NA,0
"Dc30071","locus176",0.80342,Inf,NA,NA,0.715402,NA,0.212666,NA,NA,0
"Dc30071","locus184",0.339436,Inf,NA,NA,1,Inf,0.270054,NA,NA,0
"Dc30071","locus186",0.349484,Inf,NA,NA,1,NA,0.638082,NA,NA,0
"Dc30071","locus188",0.299862,Inf,NA,NA,1,Inf,0.87458,NA,NA,0
"Dc30071","locus189",0.602758,Inf,Inf,NA,0.142654,NA,0.117018,NA,NA,0
"Dc30071","locus190",0.42051,Inf,Inf,NA,0.713804,Inf,0.625584,NA,NA,0
"Dc30071","locus191",0.89074,Inf,NA,NA,0.71665,NA,0.27292,NA,NA,0
"Dc30071","locus192",0.654948,Inf,NA,NA,0.52812,NA,0.668068,NA,NA,0
"Dc30071","locus195",0.39918,Inf,NA,NA,1,NA,0.193972,NA,NA,0
"Dc30071","locus202",0.752228,Inf,NA,NA,1,NA,0.652706,NA,NA,0
"Dc30071","locus210",0.61773,Inf,NA,NA,1,NA,0.587082,0.20053,NA,0
"Dc30071","locus215",0.729974,Inf,NA,NA,1,NA,0.42593,NA,NA,0
"Dc30071","locus227",0.159708,Inf,Inf,NA,Inf,NA,0.437664,NA,NA,0
"Dc30071","locus231",0.93891,Inf,NA,NA,1,NA,0.612084,NA,NA,0
"Dc30071","locus235",0.020936,Inf,NA,NA,1,NA,0.741118,NA,NA,1
"Dc30071","locus236",0.296128,Inf,NA,NA,1,NA,0.054,NA,NA,0
"Dc30071","locus237",0.885124,Inf,NA,NA,1,NA,0.62442,NA,NA,0
"Dc30071","locus239",0.520434,Inf,NA,NA,1,NA,0.690034,NA,NA,0
"Dc30071","locus248",0.86055,Inf,NA,NA,1,NA,0.869786,0.657912,NA,0
"Dc30071","locus255",0.090514,Inf,NA,NA,0.522474,NA,NA,NA,NA,0
"Dc30071","locus256",0.08111,Inf,NA,1,1,NA,0.583674,NA,NA,0
"Dc30071","locus263",0.635272,Inf,NA,Inf,1,NA,0.80384,NA,NA,0
"Dc30071","locus264",0.865464,Inf,NA,NA,1,Inf,0.257938,NA,NA,0
"Dc30071","locus274",0.216752,Inf,NA,NA,1,NA,0.874556,NA,NA,0
"Dc30071","locus280",0.373396,Inf,NA,NA,1,NA,0.673262,0.256504,NA,0
"Dc30071","locus282",0.905642,Inf,Inf,NA,1,NA,0.564138,NA,NA,0
"Dc30071","locus286",0.563096,Inf,NA,NA,0.286372,NA,0.308244,NA,NA,0
"Dc30071","locus291",0.509278,Inf,NA,NA,1,NA,0.245578,NA,NA,0
"Dc30071","locus292",0.581298,Inf,NA,NA,1,NA,0.647654,NA,NA,0
"Dc30071","locus296",0.378356,Inf,NA,NA,1,NA,0.172272,NA,NA,0
"Dc30071","locus301",0.458332,Inf,NA,NA,1,NA,0.030882,NA,NA,1
"Dc30071","locus314",0.181418,Inf,NA,Inf,0.524336,NA,0.558022,NA,NA,0
"Dc30071","locus321",0.140972,Inf,NA,0.600716,0.094668,NA,0.776042,0.770534,NA,0
"Dc30071","locus322",0.930354,Inf,NA,NA,1,NA,0.70413,NA,NA,0
"Dc30071","locus323",0.808196,Inf,NA,NA,0.14273,NA,0.143888,NA,NA,0
"Dc30071","locus329",0.864318,Inf,NA,NA,0.573158,NA,0.903534,NA,NA,0
"Dc30071","locus332",0.534052,Inf,NA,NA,1,NA,0.858612,NA,NA,0
"Dc30071","locus349",0.50119,Inf,Inf,NA,1,NA,0.46184,NA,NA,0
"Dc30071","locus358",0.15589,Inf,NA,1,1,NA,0.611318,NA,NA,0
"Dc30071","locus359",0.190194,Inf,NA,NA,0.283158,NA,0.924144,NA,NA,0
"Dc30071","locus360",0.403476,Inf,NA,NA,0.715258,NA,0.586642,NA,NA,0
"Dc31007","Dc33714",0.017494,1,Inf,NA,Inf,NA,0.851554,NA,NA,1
"Dc31007","Dc33907",0.686396,1,NA,NA,Inf,NA,1,NA,NA,0
"Dc31007","Dc34902",0.60188,0.286438,NA,NA,Inf,Inf,0.132714,NA,NA,0
"Dc31007","Dc35779",1,1,NA,NA,Inf,Inf,0.734598,NA,NA,0
"Dc31007","Dc36571",1,1,NA,Inf,Inf,NA,0.806748,NA,NA,0
"Dc31007","Dc36616",0.046732,1,1,NA,Inf,Inf,0.70683,NA,NA,1
"Dc31007","Dc36767",0.24889,1,0.333532,NA,Inf,NA,0.62697,NA,NA,0
"Dc31007","Dc40235",0.3483,1,NA,NA,Inf,NA,0.22382,NA,NA,0
"Dc31007","Dc41234",0.432532,1,Inf,NA,Inf,NA,0.07339,NA,NA,0
"Dc31007","Dc46984",0.64732,0.573596,NA,NA,Inf,NA,0.21759,NA,NA,0
"Dc31007","Dc47572",1,1,NA,NA,Inf,NA,0.261284,NA,NA,0
"Dc31007","Dc47935",0.301206,0.569378,NA,NA,Inf,NA,0.90731,NA,NA,0
"Dc31007","Dc48207",0.62866,Inf,Inf,NA,Inf,Inf,Inf,NA,NA,0
"Dc31007","Dc48950",0.836866,1,NA,Inf,Inf,NA,0.689882,NA,NA,0
"Dc31007","Dc49080",0.104484,1,NA,Inf,Inf,NA,0.381346,NA,NA,0
"Dc31007","Dc49184",0.083142,0.429774,NA,NA,Inf,NA,0.08682,NA,NA,0
"Dc31007","Dc51020",1,1,NA,NA,Inf,NA,0.413684,NA,NA,0
"Dc31007","Dc52523",0.970894,0.289008,NA,NA,Inf,NA,0.82099,NA,NA,0
"Dc31007","Dc55481",0.88206,0.14218,NA,NA,Inf,NA,0.434038,NA,NA,0
"Dc31007","Dc58248",0.221578,0.57129,NA,NA,Inf,Inf,0.35991,NA,NA,0
"Dc31007","Dc62188",0.487916,1,NA,Inf,Inf,NA,0.692134,NA,NA,0
"Dc31007","Dc67011",1,1,1,Inf,Inf,NA,0.223938,NA,NA,0
"Dc31007","locus002",0.674592,1,NA,NA,Inf,NA,1,NA,NA,0
"Dc31007","locus003",0.526774,1,NA,NA,Inf,NA,0.668988,NA,NA,0
"Dc31007","locus004",1,0.283616,NA,NA,Inf,NA,1,NA,NA,0
"Dc31007","locus005",0.887564,0.428336,NA,NA,Inf,NA,0.838034,NA,NA,0
"Dc31007","locus006",0.398932,1,NA,NA,Inf,NA,0.328676,NA,NA,0
"Dc31007","locus008",0.765434,1,NA,NA,Inf,NA,0.474164,NA,NA,0
"Dc31007","locus013",1,1,NA,NA,Inf,NA,1,NA,NA,0
"Dc31007","locus014",0.876452,1,NA,NA,Inf,Inf,0.19712,NA,NA,0
"Dc31007","locus022",0.402958,1,NA,NA,Inf,NA,0.43581,NA,NA,0
"Dc31007","locus024",0.199088,1,NA,NA,Inf,NA,0.175558,NA,NA,0
"Dc31007","locus025",0.598696,1,NA,NA,Inf,NA,0.494138,NA,NA,0
"Dc31007","locus027",0.573182,1,NA,NA,Inf,NA,0.138902,NA,NA,0
"Dc31007","locus030",1,0.57233,1,NA,Inf,NA,0.853862,NA,NA,0
"Dc31007","locus035",1,1,1,NA,Inf,Inf,0.329548,NA,NA,0
"Dc31007","locus038",1,1,0.501558,NA,Inf,NA,0.391402,NA,NA,0
"Dc31007","locus039",1,0.142782,NA,NA,Inf,Inf,1,NA,NA,0
"Dc31007","locus040",0.06808,Inf,NA,NA,Inf,NA,0.567404,NA,NA,0
"Dc31007","locus041",0.173178,1,NA,Inf,Inf,NA,0.166068,NA,NA,0
"Dc31007","locus045",0.642836,0.429286,NA,NA,Inf,NA,0.725312,NA,NA,0
"Dc31007","locus047",0.44683,0.569558,NA,NA,Inf,Inf,0.192192,NA,NA,0
"Dc31007","locus048",0.311126,Inf,NA,NA,Inf,NA,0.660462,NA,NA,0
"Dc31007","locus053",0.329992,1,NA,Inf,Inf,NA,0.062016,NA,NA,0
"Dc31007","locus055",1,1,NA,NA,Inf,NA,0.111876,NA,NA,0
"Dc31007","locus056",0.097826,0.285354,NA,NA,Inf,NA,0.724858,NA,NA,0
"Dc31007","locus058",0.649526,0.42884,NA,NA,Inf,NA,0.653954,NA,NA,0
"Dc31007","locus060",0.225976,0.42829,NA,NA,Inf,NA,0.632696,NA,NA,0
"Dc31007","locus061",0.7408,1,NA,NA,Inf,Inf,0.501724,NA,NA,0
"Dc31007","locus062",0.23033,Inf,NA,Inf,Inf,Inf,0.268872,NA,NA,0
"Dc31007","locus064",0.050174,1,NA,NA,Inf,NA,1,NA,NA,0
"Dc31007","locus065",1,1,NA,NA,Inf,NA,0.081916,NA,NA,0
"Dc31007","locus073",0.447218,1,NA,NA,Inf,NA,0.422164,NA,NA,0
"Dc31007","locus074",0.392812,0.571738,NA,NA,Inf,NA,1,NA,NA,0
"Dc31007","locus076",0.178276,1,0.332146,NA,Inf,NA,0.492356,NA,NA,0
"Dc31007","locus077",1,1,NA,NA,Inf,NA,1,NA,NA,0
"Dc31007","locus080",0.452656,1,Inf,NA,Inf,NA,0.422888,NA,NA,0
"Dc31007","locus083",0.47965,0.14263,NA,NA,Inf,NA,0.6368,NA,NA,0
"Dc31007","locus088",0.402206,1,NA,NA,Inf,NA,0.39169,NA,NA,0
"Dc31007","locus093",0.627958,Inf,Inf,NA,Inf,NA,1,NA,NA,0
"Dc31007","locus096",0.696168,1,1,NA,Inf,NA,1,NA,NA,0
"Dc31007","locus098",1,0.287054,NA,NA,Inf,NA,1,NA,NA,0
"Dc31007","locus100",0.023942,0.426916,NA,NA,Inf,NA,0.426722,NA,NA,1
"Dc31007","locus106",0.566236,Inf,NA,NA,Inf,NA,1,NA,NA,0
"Dc31007","locus110",0.287572,1,NA,NA,NA,NA,0.02977,NA,NA,1
"Dc31007","locus116",0.870566,1,NA,NA,Inf,NA,0.664092,NA,NA,0
"Dc31007","locus119",0.373486,1,NA,NA,Inf,NA,1,NA,NA,0
"Dc31007","locus120",0.561198,1,NA,NA,Inf,NA,1,NA,NA,0
"Dc31007","locus126",0.171278,0.430468,NA,NA,Inf,NA,0.64743,NA,NA,0
"Dc31007","locus128",0.343742,1,NA,NA,Inf,NA,1,NA,NA,0
"Dc31007","locus129",0.475976,1,NA,NA,Inf,NA,0.306244,NA,NA,0
"Dc31007","locus130",0.758232,1,NA,NA,Inf,NA,0.689204,NA,NA,0
"Dc31007","locus134",0.590212,0.2862,NA,NA,Inf,Inf,0.668042,NA,NA,0
"Dc31007","locus135",0.406358,0.571736,NA,NA,Inf,NA,1,NA,NA,0
"Dc31007","locus137",0.431448,0.57373,NA,NA,Inf,NA,0.70067,NA,NA,0
"Dc31007","locus139",0.714896,1,Inf,NA,Inf,NA,0.13685,NA,NA,0
"Dc31007","locus140",0.712174,1,Inf,NA,Inf,NA,0.136528,NA,NA,0
"Dc31007","locus146",0.317274,1,NA,Inf,Inf,NA,1,NA,NA,0
"Dc31007","locus148",0.77699,1,NA,NA,Inf,Inf,0.385222,NA,NA,0
"Dc31007","locus151",0.861026,1,NA,NA,Inf,NA,0.87417,NA,NA,0
"Dc31007","locus157",1,1,NA,Inf,Inf,NA,0.031774,NA,NA,1
"Dc31007","locus161",0.021084,0.427666,NA,NA,Inf,Inf,0.037072,NA,NA,2
"Dc31007","locus165",0.431308,1,Inf,NA,Inf,NA,0.394156,NA,NA,0
"Dc31007","locus170",0.29963,1,NA,NA,Inf,NA,0.85379,NA,NA,0
"Dc31007","locus176",0.775658,1,NA,NA,Inf,NA,1,NA,NA,0
"Dc31007","locus184",0.889186,0.428292,NA,NA,Inf,NA,0.645444,NA,NA,0
"Dc31007","locus186",0.081756,1,NA,NA,Inf,NA,0.644424,NA,NA,0
"Dc31007","locus188",0.27845,0.572202,NA,NA,Inf,NA,0.652166,NA,NA,0
"Dc31007","locus189",0.216792,1,Inf,NA,Inf,NA,0.833596,NA,NA,0
"Dc31007","locus190",0.046484,1,Inf,NA,Inf,NA,0.869758,NA,NA,1
"Dc31007","locus191",0.411634,0.427904,NA,NA,Inf,NA,0.829446,NA,NA,0
"Dc31007","locus192",1,1,NA,NA,Inf,Inf,0.264838,NA,NA,0
"Dc31007","locus195",0.318892,1,NA,NA,Inf,Inf,0.734778,NA,NA,0
"Dc31007","locus202",0.76977,1,NA,NA,Inf,NA,1,NA,NA,0
"Dc31007","locus210",0.343756,0.427374,NA,NA,Inf,NA,0.122042,NA,NA,0
"Dc31007","locus215",0.517334,1,NA,NA,Inf,NA,0.842022,NA,NA,0
"Dc31007","locus227",0.372018,1,Inf,NA,Inf,Inf,0.525332,NA,NA,0
"Dc31007","locus231",1,1,NA,NA,Inf,NA,0.523928,NA,NA,0
"Dc31007","locus235",0.55767,1,NA,NA,Inf,NA,1,NA,NA,0
"Dc31007","locus236",0.561544,1,NA,NA,Inf,NA,1,NA,NA,0
"Dc31007","locus237",1,1,NA,NA,Inf,NA,0.267102,NA,NA,0
"Dc31007","locus239",1,0.284302,NA,NA,Inf,NA,1,NA,NA,0
"Dc31007","locus248",0.261792,1,NA,NA,Inf,NA,1,NA,NA,0
"Dc31007","locus255",1,1,NA,NA,Inf,NA,NA,NA,NA,0
"Dc31007","locus256",1,1,NA,Inf,Inf,Inf,0.529984,NA,NA,0
"Dc31007","locus263",1,1,NA,Inf,Inf,NA,1,NA,NA,0
"Dc31007","locus264",0.395458,1,NA,NA,Inf,NA,0.47976,NA,NA,0
"Dc31007","locus274",0.65569,1,NA,NA,Inf,Inf,0.518486,NA,NA,0
"Dc31007","locus280",0.351252,1,NA,NA,Inf,NA,0.064276,NA,NA,0
"Dc31007","locus282",0.642122,0.143672,0.499254,NA,Inf,Inf,1,NA,NA,0
"Dc31007","locus286",1,1,NA,NA,Inf,Inf,0.369232,NA,NA,0
"Dc31007","locus291",0.037466,1,NA,NA,Inf,Inf,0.158906,NA,NA,1
"Dc31007","locus292",0.871378,0.14272,NA,NA,Inf,Inf,0.833886,NA,NA,0
"Dc31007","locus296",0.561512,0.284732,NA,NA,Inf,NA,0.66757,NA,NA,0
"Dc31007","locus301",0.775118,1,NA,NA,Inf,NA,0.073378,NA,NA,0
"Dc31007","locus314",0.368028,1,NA,NA,Inf,NA,1,NA,NA,0
"Dc31007","locus321",0.775156,1,NA,Inf,Inf,NA,0.838946,NA,NA,0
"Dc31007","locus322",0.153412,0.42812,NA,NA,Inf,NA,0.378534,NA,NA,0
"Dc31007","locus323",0.040352,1,NA,NA,Inf,NA,0.721584,NA,NA,1
"Dc31007","locus329",0.853728,1,NA,NA,Inf,NA,0.826016,NA,NA,0
"Dc31007","locus332",0.270094,0.143724,NA,NA,Inf,NA,0.857084,NA,NA,0
"Dc31007","locus349",1,1,Inf,NA,Inf,NA,1,NA,NA,0
"Dc31007","locus358",0.647152,0.429024,NA,Inf,Inf,Inf,1,NA,NA,0
"Dc31007","locus359",1,1,NA,NA,Inf,NA,1,NA,NA,0
"Dc31007","locus360",0.64394,1,NA,NA,Inf,NA,0.20401,NA,NA,0
"Dc33714","Dc33907",0.409414,1,NA,NA,1,NA,0.48712,NA,0.92195,0
"Dc33714","Dc34902",0.861204,0.462098,NA,NA,0.285888,0.33238,0.1652,NA,1,0
"Dc33714","Dc35779",0.15079,1,NA,NA,1,Inf,0.961698,NA,0.618424,0
"Dc33714","Dc36571",0.471406,1,NA,1,1,NA,0.71171,NA,0.49084,0
"Dc33714","Dc36616",0.676936,1,Inf,NA,1,Inf,0.291926,NA,0.781882,0
"Dc33714","Dc36767",0.135236,0.821792,Inf,NA,0.826184,NA,0.574586,NA,NA,0
"Dc33714","Dc40235",0.48525,0.64588,NA,NA,1,NA,0.454966,NA,0.780412,0
"Dc33714","Dc41234",0.38351,0.016766,NA,NA,1,NA,0.476396,NA,0.537946,1
"Dc33714","Dc46984",0.347964,0.357298,NA,NA,1,NA,0.127978,NA,0.730358,0
"Dc33714","Dc47572",0.775254,0.892622,NA,NA,0.65649,NA,0.116844,1,0.57085,0
"Dc33714","Dc47935",0.115962,0.183946,NA,NA,0.828944,NA,0.875286,NA,0.858602,0
"Dc33714","Dc48207",0.06233,Inf,Inf,NA,Inf,Inf,0.660184,NA,1,0
"Dc33714","Dc48950",0.133988,1,NA,0.596186,0.741052,NA,0.612678,NA,0.921856,0
"Dc33714","Dc49080",0.366604,0.392772,NA,0.199114,0.48491,NA,0.780716,NA,0.869616,0
"Dc33714","Dc49184",0.154454,1,NA,NA,0.286824,NA,0.386332,NA,0.453514,0
"Dc33714","Dc51020",0.017592,0.286278,NA,NA,1,NA,0.009162,NA,0.017016,3
"Dc33714","Dc52523",0.922204,1,NA,NA,0.82822,NA,0.831092,NA,0.763702,0
"Dc33714","Dc55481",0.759444,0.821296,NA,NA,0.28356,NA,0.29677,Inf,0.61981,0
"Dc33714","Dc58248",0.42551,0.355978,NA,NA,0.737946,0.33325,0.280358,NA,0.244244,0
"Dc33714","Dc62188",0.853638,0.8904,Inf,0.066384,1,NA,0.95856,NA,0.881794,0
"Dc33714","Dc67011",0.410072,1,Inf,1,0.483076,NA,0.442042,NA,1,0
"Dc33714","locus002",0.876488,0.716318,NA,NA,1,NA,0.974862,Inf,1,0
"Dc33714","locus003",0.361002,1,NA,NA,1,NA,0.842502,NA,0.845376,0
"Dc33714","locus004",0.489858,0.643104,NA,NA,1,NA,0.694436,NA,0.610978,0
"Dc33714","locus005",0.082444,1,NA,NA,1,NA,0.833364,NA,1,0
"Dc33714","locus006",0.589052,0.642142,NA,NA,0.5713,NA,0.572042,0.428478,0.695866,0
"Dc33714","locus008",0.708786,1,NA,NA,1,NA,0.110984,NA,0.740438,0
"Dc33714","locus013",0.52988,0.14184,NA,NA,1,NA,0.76137,NA,0.694538,0
"Dc33714","locus014",0.16958,1,NA,NA,0.569194,1,0.40455,NA,0.669628,0
"Dc33714","locus022",0.381652,0.35523,NA,NA,0.220412,NA,0.476758,NA,0.342186,0
"Dc33714","locus024",0.952236,0.142558,NA,NA,0.057216,NA,0.535918,NA,0.818766,0
"Dc33714","locus025",0.940812,0.68369,NA,NA,0.567894,NA,0.530356,NA,0.920766,0
"Dc33714","locus027",0.781342,1,NA,NA,0.658942,NA,0.798908,NA,0.658302,0
"Dc33714","locus030",0.842386,1,Inf,NA,1,NA,0.018628,0.427654,0.03527,2
"Dc33714","locus035",0.608052,0.64223,Inf,NA,1,Inf,0.270086,NA,0.061656,0
"Dc33714","locus038",0.364894,0.67541,Inf,NA,0.485968,NA,0.386848,NA,0.78719,0
"Dc33714","locus039",0.7547,1,NA,NA,0.570808,1,0.004488,NA,0.106682,1
"Dc33714","locus040",0.463434,1,NA,NA,1,NA,0.581748,NA,Inf,0
"Dc33714","locus041",1,0.397254,NA,1,1,NA,0.96323,NA,0.334264,0
"Dc33714","locus045",0.886988,1,NA,NA,1,NA,0.563076,NA,0.818598,0
"Dc33714","locus047",0.39599,1,NA,NA,0.485474,1,0.592756,0.568842,0.844392,0
"Dc33714","locus048",0.335296,Inf,NA,NA,0.572038,NA,0.793212,1,1,0
"Dc33714","locus053",0.382106,0.679682,NA,1,0.486486,NA,0.20514,NA,0.43933,0
"Dc33714","locus055",0.329826,0.645564,NA,NA,0.057748,NA,0.026036,NA,0.6317,1
"Dc33714","locus056",0.332012,1,NA,NA,1,NA,0.416738,NA,0.773288,0
"Dc33714","locus058",0.088254,1,NA,NA,0.487984,NA,0.158826,NA,0.556688,0
"Dc33714","locus060",0.644984,1,NA,NA,0.658892,NA,0.208336,NA,1,0
"Dc33714","locus061",0.88647,0.10639,NA,NA,1,0.332472,0.315238,NA,0.636774,0
"Dc33714","locus062",0.206416,1,NA,1,1,1,0.220286,1,0.845778,0
"Dc33714","locus064",0.854564,0.106754,NA,NA,0.569748,NA,0.695716,NA,0.455738,0
"Dc33714","locus065",0.702174,0.643628,NA,NA,1,NA,0.882928,NA,0.454208,0
"Dc33714","locus073",0.810334,1,NA,NA,1,NA,0.127742,NA,0.016812,1
"Dc33714","locus074",0.867034,1,NA,NA,0.657128,NA,0.081292,NA,0.627792,0
"Dc33714","locus076",0.111862,0.286602,Inf,NA,0.486412,NA,0.529364,NA,1,0
"Dc33714","locus077",0.210702,0.63928,NA,NA,0.057252,NA,0.396956,NA,0.781896,0
"Dc33714","locus080",0.62975,0.39791,NA,NA,0.22852,NA,0.038942,NA,1,1
"Dc33714","locus083",0.724188,1,NA,NA,1,NA,0.156714,NA,0.111684,0
"Dc33714","locus088",0.921292,0.387186,NA,NA,1,NA,0.100892,NA,0.633578,0
"Dc33714","locus093",0.37011,Inf,Inf,NA,Inf,NA,1,NA,0.570596,0
"Dc33714","locus096",0.913392,0.106524,Inf,NA,0.570882,NA,0.329894,NA,0.75719,0
"Dc33714","locus098",0.97538,1,NA,NA,1,NA,0.55029,NA,0.594024,0
"Dc33714","locus100",0.326572,1,NA,NA,1,NA,0.394734,NA,0.352586,0
"Dc33714","locus106",0.551946,Inf,NA,NA,1,NA,0.487318,NA,0.637372,0
"Dc33714","locus110",0.05312,1,NA,NA,NA,NA,0.643032,NA,NA,0
"Dc33714","locus116",0.63235,0.392842,NA,NA,1,NA,0.430732,NA,NA,0
"Dc33714","locus119",0.150464,0.389566,NA,NA,1,NA,0.368808,NA,NA,0
"Dc33714","locus120",0.09943,0.380694,NA,NA,1,NA,1,0.429366,NA,0
"Dc33714","locus126",0.39395,1,NA,NA,1,NA,0.440904,NA,NA,0
"Dc33714","locus128",0.512738,1,NA,NA,0.654926,NA,0.101736,NA,NA,0
"Dc33714","locus129",0.670094,1,NA,NA,1,NA,0.058182,NA,NA,0
"Dc33714","locus130",0.176692,1,NA,NA,0.600808,NA,0.279312,NA,NA,0
"Dc33714","locus134",0.148296,1,NA,NA,0.657072,Inf,0.530824,NA,NA,0
"Dc33714","locus135",0.31272,1,NA,NA,1,NA,0.532122,NA,NA,0
"Dc33714","locus137",0.220076,1,NA,NA,0.569166,NA,0.26506,NA,NA,0
"Dc33714","locus139",1,1,Inf,NA,1,NA,0.630554,1,NA,0
"Dc33714","locus140",1,1,Inf,NA,1,NA,0.631464,NA,NA,0
"Dc33714","locus146",0.947838,0.643854,NA,1,1,NA,0.399392,NA,NA,0
"Dc33714","locus148",0.562156,1,NA,NA,1,0.330622,0.095888,NA,NA,0
"Dc33714","locus151",0.03204,1,NA,NA,1,NA,0.02974,NA,NA,2
"Dc33714","locus157",0.47343,0.646936,NA,1,1,NA,0.351024,NA,NA,0
"Dc33714","locus161",0.96444,0.28508,NA,NA,1,0.333834,0.38895,1,NA,0
"Dc33714","locus165",0.361814,1,NA,NA,0.399286,NA,0.078444,NA,NA,0
"Dc33714","locus170",0.240474,0.391072,NA,NA,1,NA,0.200092,NA,NA,0
"Dc33714","locus176",0.8524,0.35993,NA,NA,0.113638,NA,0.866474,NA,NA,0
"Dc33714","locus184",0.752446,1,NA,NA,1,NA,0.8268,NA,NA,0
"Dc33714","locus186",0.284964,1,NA,NA,1,NA,0.468172,NA,NA,0
"Dc33714","locus188",0.529236,0.711328,NA,NA,1,NA,0.03899,NA,NA,1
"Dc33714","locus189",0.648922,0.14275,Inf,NA,1,NA,0.530294,NA,NA,0
"Dc33714","locus190",0.82553,1,Inf,NA,0.658164,NA,0.60583,NA,NA,0
"Dc33714","locus191",0.307632,1,Inf,NA,1,NA,0.553238,NA,NA,0
"Dc33714","locus192",0.5282,0.463228,NA,NA,0.56891,1,0.498902,NA,NA,0
"Dc33714","locus195",0.492428,0.288498,NA,NA,0.486784,Inf,0.70026,NA,NA,0
"Dc33714","locus202",0.630982,0.818746,NA,NA,0.6573,NA,0.51381,NA,NA,0
"Dc33714","locus210",0.94966,1,NA,NA,0.10021,NA,0.395436,0.401468,NA,0
"Dc33714","locus215",0.393332,1,NA,NA,0.48501,NA,0.483882,NA,NA,0
"Dc33714","locus227",0.110072,1,Inf,NA,Inf,Inf,0.498954,NA,NA,0
"Dc33714","locus231",0.501642,1,Inf,NA,1,NA,0.967934,NA,NA,0
"Dc33714","locus235",0.329818,0.465216,NA,NA,1,NA,0.852112,NA,NA,0
"Dc33714","locus236",0.332658,1,NA,NA,1,NA,0.328396,NA,NA,0
"Dc33714","locus237",0.389766,0.644594,NA,NA,1,NA,0.978076,NA,NA,0
"Dc33714","locus239",0.152438,0.82122,NA,NA,0.056884,NA,0.877372,NA,NA,0
"Dc33714","locus248",0.177154,0.642258,NA,NA,0.571604,NA,0.101602,1,NA,0
"Dc33714","locus255",0.053212,1,NA,NA,0.570992,NA,NA,NA,NA,0
"Dc33714","locus256",0.456882,0.372134,NA,1,1,Inf,0.766852,NA,NA,0
"Dc33714","locus263",0.46482,1,NA,Inf,0.143194,NA,0.591828,NA,NA,0
"Dc33714","locus264",0.512294,0.144866,NA,NA,0.055924,NA,0.158222,NA,NA,0
"Dc33714","locus274",0.896792,0.678562,NA,NA,0.827972,0.334362,0.344182,NA,NA,0
"Dc33714","locus280",0.813684,1,NA,NA,0.82814,NA,0.883046,1,NA,0
"Dc33714","locus282",0.745748,1,Inf,NA,1,1,0.24473,NA,NA,0
"Dc33714","locus286",0.380178,0.373836,NA,NA,1,0.333676,0.51893,NA,NA,0
"Dc33714","locus291",0.391426,1,NA,NA,1,Inf,0.243652,NA,NA,0
"Dc33714","locus292",0.88783,0.683752,NA,NA,1,0.33467,0.44667,NA,NA,0
"Dc33714","locus296",0.397326,1,NA,NA,0.569538,NA,0.711032,NA,NA,0
"Dc33714","locus301",1,0.822974,NA,NA,0.489862,NA,0.874472,NA,NA,0
"Dc33714","locus314",0.742912,1,NA,NA,1,NA,0.826778,NA,NA,0
"Dc33714","locus321",0.268792,0.503814,NA,0.199264,1,NA,0.335602,0.42984,NA,0
"Dc33714","locus322",0.593302,1,NA,NA,1,NA,0.425908,NA,NA,0
"Dc33714","locus323",0.249856,0.017734,NA,NA,1,NA,0.555782,NA,NA,1
"Dc33714","locus329",0.436918,0.644824,NA,NA,1,NA,0.116784,NA,NA,0
"Dc33714","locus332",0.459294,1,NA,NA,0.05684,NA,0.387128,NA,NA,0
"Dc33714","locus349",0.132026,0.290454,NA,NA,0.230762,NA,0.426294,NA,NA,0
"Dc33714","locus358",0.306052,1,NA,0.33425,1,1,0.366362,NA,NA,0
"Dc33714","locus359",1,0.458996,NA,NA,1,NA,0.646252,NA,NA,0
"Dc33714","locus360",0.700342,0.81923,NA,NA,0.112584,NA,0.869782,NA,NA,0
"Dc33907","Dc34902",0.690176,1,NA,NA,1,0.333514,0.640734,NA,1,0
"Dc33907","Dc35779",0.696548,0.375004,NA,NA,0.48508,Inf,0.317706,NA,0.22533,0
"Dc33907","Dc36571",0.727142,1,NA,0.401052,1,NA,0.691108,NA,0.050342,0
"Dc33907","Dc36616",0.406502,0.017656,NA,NA,1,Inf,0.44504,NA,0.543782,1
"Dc33907","Dc36767",0.538858,0.642494,NA,NA,1,NA,0.137366,NA,NA,0
"Dc33907","Dc40235",0.500772,1,NA,NA,1,NA,0.348516,NA,0.544626,0
"Dc33907","Dc41234",0.48645,0.569144,NA,NA,1,NA,0.74107,NA,1,0
"Dc33907","Dc46984",0.26422,0.680492,NA,NA,1,NA,0.518686,NA,0.69773,0
"Dc33907","Dc47572",0.064056,0.198352,NA,NA,0.256956,NA,0.317128,0.500444,0.065352,0
"Dc33907","Dc47935",0.328054,1,NA,NA,1,NA,0.376922,NA,0.636234,0
"Dc33907","Dc48207",1,Inf,Inf,NA,Inf,Inf,0.440038,NA,0.60238,0
"Dc33907","Dc48950",0.080508,0.285198,NA,1,1,Inf,0.008746,NA,0.922464,1
"Dc33907","Dc49080",0.038318,0.678638,1,1,1,NA,0.369662,NA,0.136762,1
"Dc33907","Dc49184",0.068864,1,NA,NA,1,NA,0.325148,NA,1,0
"Dc33907","Dc51020",0.224828,1,NA,NA,0.142096,NA,0.238486,NA,0.92181,0
"Dc33907","Dc52523",0.681538,0.194366,NA,NA,0.487348,NA,0.319588,NA,0.252256,0
"Dc33907","Dc55481",0.698526,1,NA,NA,1,NA,0.384664,Inf,0.034442,1
"Dc33907","Dc58248",0.98497,0.035568,NA,NA,1,0.334852,0.3214,NA,0.545228,1
"Dc33907","Dc62188",0.795656,1,NA,0.199526,1,NA,0.140116,NA,0.700722,0
"Dc33907","Dc67011",0.039106,1,NA,0.399,1,NA,0.515206,NA,0.69698,1
"Dc33907","locus002",1,0.524212,NA,NA,1,NA,1,1,0.458932,0
"Dc33907","locus003",0.601622,0.465504,NA,NA,1,NA,0.627868,NA,0.234886,0
"Dc33907","locus004",1,1,NA,NA,0.429636,NA,0.85096,NA,0.452138,0
"Dc33907","locus005",0.88026,0.464108,NA,NA,0.142162,NA,0.198404,NA,0.90225,0
"Dc33907","locus006",0.910866,1,1,NA,1,NA,1,1,0.379076,0
"Dc33907","locus008",1,1,NA,NA,1,NA,0.864162,NA,0.135154,0
"Dc33907","locus013",0.738736,0.677886,NA,NA,0.654764,NA,0.03234,NA,0.901626,1
"Dc33907","locus014",0.736222,0.68059,NA,NA,0.14235,1,0.966818,NA,1,0
"Dc33907","locus022",0.08126,1,NA,NA,1,NA,0.763446,NA,0.936576,0
"Dc33907","locus024",0.69454,1,NA,NA,1,NA,0.050348,NA,0.532094,0
"Dc33907","locus025",0.10768,0.678638,NA,NA,0.143114,NA,0.869886,NA,0.870746,0
"Dc33907","locus027",1,1,NA,NA,0.255702,NA,0.698592,NA,0.657156,0
"Dc33907","locus030",0.650922,0.71313,NA,NA,1,NA,0.765456,0.800254,0.213748,0
"Dc33907","locus035",1,1,NA,NA,1,Inf,0.67312,NA,0.544154,0
"Dc33907","locus038",0.867504,0.24929,NA,NA,1,NA,0.008806,NA,0.862592,1
"Dc33907","locus039",0.752942,0.680472,NA,NA,0.427628,1,0.413062,NA,1,0
"Dc33907","locus040",1,0.375246,NA,NA,0.428492,NA,0.912778,NA,Inf,0
"Dc33907","locus041",0.152026,0.141954,NA,0.400392,1,NA,0.08835,NA,1,0
"Dc33907","locus045",0.50316,1,NA,NA,1,NA,0.4108,NA,0.226974,0
"Dc33907","locus047",0.002208,0.713172,NA,NA,0.143004,1,0.153188,1,0.663256,1
"Dc33907","locus048",0.720516,Inf,NA,NA,1,NA,1,1,1,0
"Dc33907","locus053",0.907136,0.679856,NA,1,0.657394,NA,0.679948,NA,0.314254,0
"Dc33907","locus055",0.397236,0.644978,NA,NA,1,NA,0.209426,NA,0.901764,0
"Dc33907","locus056",0.679322,1,NA,NA,1,NA,0.93695,NA,0.7723,0
"Dc33907","locus058",0.754198,1,NA,NA,0.314292,NA,0.439512,NA,0.432528,0
"Dc33907","locus060",0.676758,0.195866,NA,NA,0.427606,NA,0.339942,NA,0.575566,0
"Dc33907","locus061",0.241248,0.465114,Inf,NA,1,0.333706,0.365436,NA,0.468544,0
"Dc33907","locus062",0.442448,0.374588,NA,1,0.057206,1,0.87488,1,0.555174,0
"Dc33907","locus064",0.24292,0.464978,1,NA,0.142412,NA,0.480972,NA,0.470178,0
"Dc33907","locus065",1,1,NA,NA,0.427004,NA,0.340146,NA,1,0
"Dc33907","locus073",0.563146,1,NA,NA,0.227318,NA,0.6324,NA,0.903152,0
"Dc33907","locus074",0.20241,0.357906,NA,NA,0.656984,NA,0.950296,NA,0.296524,0
"Dc33907","locus076",0.09051,0.196406,NA,NA,0.311272,NA,0.263004,NA,0.031764,1
"Dc33907","locus077",0.147874,1,NA,NA,0.485324,NA,0.245078,NA,0.272758,0
"Dc33907","locus080",0.687432,1,NA,NA,1,NA,0.367786,NA,0.922274,0
"Dc33907","locus083",0.505038,1,NA,NA,1,NA,0.888776,NA,1,0
"Dc33907","locus088",0.85431,0.678672,NA,NA,0.485982,NA,0.311442,NA,1,0
"Dc33907","locus093",0.52449,Inf,Inf,NA,Inf,NA,1,NA,1,0
"Dc33907","locus096",0.570406,0.464682,NA,NA,1,NA,0.737688,NA,0.091954,0
"Dc33907","locus098",1,0.46385,NA,NA,0.430156,NA,0.353104,NA,0.218504,0
"Dc33907","locus100",0.53505,1,NA,NA,0.484776,NA,0.24894,NA,0.041592,1
"Dc33907","locus106",0.29769,Inf,NA,NA,0.42798,NA,0.158,NA,0.287254,0
"Dc33907","locus110",0.118716,1,NA,NA,NA,NA,1,NA,NA,0
"Dc33907","locus116",0.071838,1,NA,NA,1,NA,0.316352,NA,NA,0
"Dc33907","locus119",1,0.678616,NA,NA,1,NA,0.914282,NA,NA,0
"Dc33907","locus120",0.864066,1,NA,NA,0.428374,NA,0.889554,0.598058,NA,0
"Dc33907","locus126",0.270684,1,Inf,NA,0.028392,NA,0.42872,NA,NA,1
"Dc33907","locus128",1,0.463644,NA,NA,1,NA,0.060404,NA,NA,0
"Dc33907","locus129",0.982076,0.678772,1,NA,1,NA,0.015584,NA,NA,1
"Dc33907","locus130",0.413004,1,NA,NA,0.400366,NA,0.14019,NA,NA,0
"Dc33907","locus134",0.055374,1,NA,NA,1,Inf,0.49792,NA,NA,0
"Dc33907","locus135",0.05755,0.358652,NA,NA,0.057686,Inf,0.932856,NA,NA,0
"Dc33907","locus137",0.752308,1,NA,NA,0.142092,NA,0.244938,NA,NA,0
"Dc33907","locus139",0.70228,0.375278,Inf,NA,1,NA,0.641162,1,NA,0
"Dc33907","locus140",0.700926,0.374634,Inf,NA,1,NA,0.640458,NA,NA,0
"Dc33907","locus146",0.25964,1,NA,1,0.42763,NA,0.002106,NA,NA,1
"Dc33907","locus148",0.098214,0.105432,NA,NA,0.22962,0.333466,0.765794,NA,NA,0
"Dc33907","locus151",0.764386,1,NA,NA,1,NA,0.033552,NA,NA,1
"Dc33907","locus157",0.085848,0.642876,NA,1,0.428676,NA,0.13796,NA,NA,0
"Dc33907","locus161",1,0.195162,NA,NA,1,0.33384,0.759114,1,NA,0
"Dc33907","locus165",0.065422,1,NA,NA,1,NA,0.749892,NA,NA,0
"Dc33907","locus170",0.921292,0.678838,NA,NA,1,NA,0.013856,NA,NA,1
"Dc33907","locus176",0.581066,0.356258,NA,NA,1,NA,0.278014,NA,NA,0
"Dc33907","locus184",1,1,1,NA,0.142974,NA,0.46449,NA,NA,0
"Dc33907","locus186",1,1,NA,NA,0.486432,NA,0.856322,NA,NA,0
"Dc33907","locus188",0.811856,1,NA,NA,0.774678,NA,0.836978,NA,NA,0
"Dc33907","locus189",0.811222,0.679258,Inf,NA,1,NA,0.689454,NA,NA,0
"Dc33907","locus190",0.826148,1,Inf,NA,0.654084,NA,0.002988,NA,NA,1
"Dc33907","locus191",0.672316,0.679008,NA,NA,0.656522,NA,0.715074,NA,NA,0
"Dc33907","locus192",0.338962,1,NA,NA,1,1,0.344936,NA,NA,0
"Dc33907","locus195",0.265996,1,1,NA,1,Inf,0.849062,NA,NA,0
"Dc33907","locus202",0.344454,0.642866,NA,NA,0.029134,NA,0.607126,NA,NA,1
"Dc33907","locus210",0.454878,1,NA,NA,1,NA,0.143068,0.601016,NA,0
"Dc33907","locus215",0.705044,0.465832,NA,NA,1,NA,0.164928,NA,NA,0
"Dc33907","locus227",0.139986,0.463982,Inf,NA,Inf,NA,0.122216,NA,NA,0
"Dc33907","locus231",0.141236,1,NA,NA,1,NA,0.113396,NA,NA,0
"Dc33907","locus235",0.798134,0.107346,NA,NA,0.42855,NA,0.277158,NA,NA,0
"Dc33907","locus236",1,0.678492,NA,NA,1,NA,1,NA,NA,0
"Dc33907","locus237",0.70912,1,NA,NA,0.658222,NA,0.096184,NA,NA,0
"Dc33907","locus239",0.526444,1,NA,NA,0.4864,NA,0.449452,NA,NA,0
"Dc33907","locus248",0.885512,1,NA,NA,1,NA,0.240248,1,NA,0
"Dc33907","locus255",1,1,1,NA,1,NA,NA,NA,NA,0
"Dc33907","locus256",0.461432,1,NA,1,0.315938,NA,0.331572,NA,NA,0
"Dc33907","locus263",1,0.106748,1,Inf,1,NA,0.631962,NA,NA,0
"Dc33907","locus264",1,0.141796,NA,NA,0.48575,NA,0.73951,NA,NA,0
"Dc33907","locus274",0.078478,0.018148,NA,NA,1,0.330622,0.324202,NA,NA,1
"Dc33907","locus280",0.282338,0.248766,NA,NA,0.656548,NA,0.392762,0.399884,NA,0
"Dc33907","locus282",0.155498,0.679486,NA,NA,0.657906,1,0.588382,NA,NA,0
"Dc33907","locus286",0.690188,1,NA,NA,1,0.334654,0.302276,NA,NA,0
"Dc33907","locus291",0.764692,0.464838,1,NA,1,NA,0.817738,NA,NA,0
"Dc33907","locus292",0.316298,0.67707,NA,NA,1,0.331444,0.755322,NA,NA,0
"Dc33907","locus296",0.883358,0.639664,NA,NA,0.143438,NA,0.867708,NA,NA,0
"Dc33907","locus301",0.64204,0.465848,NA,NA,1,NA,0.900892,NA,NA,0
"Dc33907","locus314",0.145778,0.141388,NA,NA,1,NA,0.57637,NA,NA,0
"Dc33907","locus321",0.544718,1,NA,0.099726,0.313088,NA,0.377736,0.802358,NA,0
"Dc33907","locus322",0.255414,0.19648,1,NA,0.658972,NA,0.146168,NA,NA,0
"Dc33907","locus323",0.369876,0.195378,NA,NA,1,Inf,0.701094,NA,NA,0
"Dc33907","locus329",0.847676,1,NA,NA,0.22939,NA,0.374622,NA,NA,0
"Dc33907","locus332",0.539876,1,NA,NA,1,NA,0.404692,NA,NA,0
"Dc33907","locus349",0.30345,1,NA,NA,1,NA,0.275738,NA,NA,0
"Dc33907","locus358",0.421394,1,NA,0.598296,0.142792,1,0.139986,NA,NA,0
"Dc33907","locus359",1,1,NA,NA,1,NA,0.86554,NA,NA,0
"Dc33907","locus360",1,0.643074,NA,NA,1,NA,0.058006,NA,NA,0
"Dc34902","Dc35779",0.468088,1,NA,NA,1,Inf,0.656314,NA,0.453294,0
"Dc34902","Dc36571",0.224766,1,NA,1,1,NA,0.123262,NA,0.289218,0
"Dc34902","Dc36616",0.552966,1,NA,NA,1,Inf,0.420404,NA,0.590498,0
"Dc34902","Dc36767",0.495682,0.34749,NA,NA,1,NA,0.690486,NA,NA,0
"Dc34902","Dc40235",0.468566,1,NA,NA,1,NA,0.012996,NA,0.590458,1
"Dc34902","Dc41234",1,0.928536,NA,NA,0.809516,NA,0.753874,NA,0.1427,0
"Dc34902","Dc46984",0.934754,0.46517,NA,NA,1,NA,0.642852,NA,0.225878,0
"Dc34902","Dc47572",0.150834,0.927816,NA,NA,0.141116,NA,0.466132,Inf,1,0
"Dc34902","Dc47935",0.051844,0.1762,NA,NA,0.28332,NA,0.493148,NA,1,0
"Dc34902","Dc48207",0.67097,Inf,Inf,NA,Inf,Inf,1,NA,1,0
"Dc34902","Dc48950",0.91115,0.85576,NA,0.400862,0.860926,NA,0.94303,NA,1,0
"Dc34902","Dc49080",0.593128,1,Inf,1,0.094296,NA,0.684754,NA,0.544534,0
"Dc34902","Dc49184",0.043568,0.642184,NA,NA,0.522388,NA,0.600382,NA,1,1
"Dc34902","Dc51020",0.478482,0.464134,NA,NA,1,NA,0.107618,NA,0.635382,0
"Dc34902","Dc52523",0.987074,0.430618,NA,NA,1,NA,0.128224,NA,1,0
"Dc34902","Dc55481",0.448838,0.58972,NA,NA,0.52204,NA,0.044306,Inf,0.554184,1
"Dc34902","Dc58248",0.685622,0.211974,NA,NA,0.861066,0.33374,0.322628,NA,0.363956,0
"Dc34902","Dc62188",0.078976,1,NA,1,0.573312,NA,0.662052,NA,0.547422,0
"Dc34902","Dc67011",0.662596,1,NA,1,0.57556,NA,0.030646,NA,1,1
"Dc34902","locus002",0.166584,1,NA,NA,1,NA,1,Inf,1,0
"Dc34902","locus003",1,1,NA,NA,0.573194,NA,0.737416,NA,1,0
"Dc34902","locus004",0.460304,0.643078,NA,NA,1,NA,1,NA,0.091152,0
"Dc34902","locus005",0.12274,1,NA,NA,0.521338,NA,0.050714,NA,0.076158,0
"Dc34902","locus006",0.671276,0.643124,Inf,NA,0.522216,NA,0.098082,Inf,0.259548,0
"Dc34902","locus008",0.789472,1,NA,NA,1,NA,0.872292,NA,1,0
"Dc34902","locus013",0.016858,1,NA,NA,1,NA,0.530844,NA,1,1
"Dc34902","locus014",0.470792,0.642016,NA,NA,1,1,0.36977,NA,1,0
"Dc34902","locus022",0.229682,1,NA,NA,0.142292,NA,0.718032,NA,0.545,0
"Dc34902","locus024",1,1,NA,NA,1,NA,0.141682,NA,0.47053,0
"Dc34902","locus025",1,1,Inf,NA,1,NA,0.47905,NA,1,0
"Dc34902","locus027",0.75907,1,Inf,NA,0.143342,NA,1,NA,1,0
"Dc34902","locus030",1,1,NA,NA,1,NA,0.649434,Inf,0.621914,0
"Dc34902","locus035",1,1,NA,NA,0.524238,Inf,0.023336,NA,0.592316,1
"Dc34902","locus038",1,0.529546,NA,NA,0.571514,Inf,0.664248,NA,0.616572,0
"Dc34902","locus039",0.68925,0.53373,NA,NA,0.526318,1,0.371772,NA,1,0
"Dc34902","locus040",0.418138,0.376416,NA,NA,1,NA,0.512508,NA,Inf,0
"Dc34902","locus041",0.856484,0.787688,NA,1,1,NA,0.041838,NA,1,1
"Dc34902","locus045",0.36209,1,NA,NA,1,NA,1,NA,0.457906,0
"Dc34902","locus047",0.611786,1,NA,NA,1,1,0.62949,Inf,1,0
"Dc34902","locus048",0.035666,Inf,NA,NA,1,NA,1,Inf,0.58939,1
"Dc34902","locus053",0.447178,0.535288,NA,0.400024,0.81337,NA,0.519146,NA,0.289272,0
"Dc34902","locus055",0.794554,0.110276,NA,NA,1,NA,0.700666,NA,0.075922,0
"Dc34902","locus056",0.250554,1,NA,NA,1,Inf,0.57857,NA,0.47069,0
"Dc34902","locus058",0.696454,1,NA,NA,1,NA,0.18167,NA,0.135528,0
"Dc34902","locus060",0.759772,1,NA,NA,1,NA,0.131486,NA,0.515088,0
"Dc34902","locus061",0.536258,0.285086,NA,NA,1,0.334002,0.803926,NA,0.319408,0
"Dc34902","locus062",0.694436,0.375452,NA,0.200486,1,1,0.572274,Inf,0.63649,0
"Dc34902","locus064",0.54456,0.287124,Inf,NA,1,NA,0.879686,NA,1,0
"Dc34902","locus065",0.573514,0.107776,NA,NA,0.2839,NA,0.132546,NA,1,0
"Dc34902","locus073",0.141602,1,NA,NA,1,NA,0.775176,NA,1,0
"Dc34902","locus074",0.729028,1,NA,NA,0.710612,NA,0.030126,NA,1,1
"Dc34902","locus076",0.505914,0.463342,NA,NA,1,NA,0.062368,NA,0.288818,0
"Dc34902","locus077",1,1,NA,NA,1,NA,1,NA,1,0
"Dc34902","locus080",1,0.78624,NA,NA,0.715384,NA,0.287372,NA,0.45365,0
"Dc34902","locus083",0.029808,0.035794,NA,NA,1,NA,0.399412,NA,1,2
"Dc34902","locus088",1,1,NA,NA,0.143564,NA,0.264342,NA,0.32141,0
"Dc34902","locus093",1,Inf,Inf,NA,Inf,NA,0.139202,NA,0.286396,0
"Dc34902","locus096",0.135114,0.642552,NA,NA,1,NA,0.866106,NA,1,0
"Dc34902","locus098",0.429702,0.105628,NA,NA,0.284874,NA,0.210112,NA,0.558492,0
"Dc34902","locus100",1,0.428544,NA,NA,1,NA,0.207042,NA,1,0
"Dc34902","locus106",0.614024,Inf,NA,NA,1,NA,0.36983,NA,1,0
"Dc34902","locus110",0.603234,1,NA,NA,NA,NA,0.253278,NA,NA,0
"Dc34902","locus116",0.739016,0.535298,NA,NA,1,NA,0.293992,NA,NA,0
"Dc34902","locus119",0.342192,0.78537,NA,NA,1,NA,0.111626,NA,NA,0
"Dc34902","locus120",0.759516,1,NA,NA,1,NA,0.30986,Inf,NA,0
"Dc34902","locus126",0.64769,1,NA,NA,1,NA,0.419234,NA,NA,0
"Dc34902","locus128",0.072076,0.463838,NA,NA,0.71142,NA,0.872714,NA,NA,0
"Dc34902","locus129",0.79962,1,Inf,NA,1,NA,0.765592,NA,NA,0
"Dc34902","locus130",0.752344,0.463538,NA,NA,0.59831,NA,0.794704,NA,NA,0
"Dc34902","locus134",0.473912,0.108334,NA,NA,0.716788,Inf,0.564754,NA,NA,0
"Dc34902","locus135",0.102228,0.785586,NA,NA,1,NA,1,NA,NA,0
"Dc34902","locus137",1,0.467366,NA,NA,1,NA,0.010924,NA,NA,1
"Dc34902","locus139",0.70834,1,Inf,NA,1,NA,0.077384,Inf,NA,0
"Dc34902","locus140",0.706452,1,Inf,NA,1,NA,0.076468,NA,NA,0
"Dc34902","locus146",0.515936,0.641394,NA,1,1,NA,0.655888,NA,NA,0
"Dc34902","locus148",0.806756,0.640092,NA,NA,1,0.33361,0.498616,NA,NA,0
"Dc34902","locus151",0.198482,1,NA,NA,0.713422,NA,0.0376,NA,NA,1
"Dc34902","locus157",0.110542,0.286028,NA,1,0.284538,NA,0.65695,NA,NA,0
"Dc34902","locus161",0.41255,0.640598,NA,NA,1,0.334342,0.876866,Inf,NA,0
"Dc34902","locus165",0.40697,1,NA,NA,1,NA,0.824674,NA,NA,0
"Dc34902","locus170",1,0.536944,NA,NA,1,NA,0.44277,NA,NA,0
"Dc34902","locus176",0.674502,1,NA,NA,0.713886,NA,0.556416,NA,NA,0
"Dc34902","locus184",0.475184,0.140468,Inf,NA,0.524942,NA,0.354354,NA,NA,0
"Dc34902","locus186",0.252584,1,NA,NA,1,NA,0.033306,NA,NA,1
"Dc34902","locus188",0.070466,1,NA,NA,1,NA,0.362554,NA,NA,0
"Dc34902","locus189",1,1,Inf,NA,1,NA,0.116992,NA,NA,0
"Dc34902","locus190",0.144938,1,Inf,NA,0.334122,NA,0.507906,NA,NA,0
"Dc34902","locus191",0.017092,0.036362,NA,NA,0.714512,NA,0.677264,NA,NA,2
"Dc34902","locus192",0.621476,0.763108,NA,NA,1,1,0.044758,NA,NA,1
"Dc34902","locus195",0.194448,0.46442,Inf,NA,0.2862,Inf,0.358416,NA,NA,0
"Dc34902","locus202",1,0.582144,NA,NA,0.332956,NA,0.050988,NA,NA,0
"Dc34902","locus210",0.349828,0.714002,NA,NA,1,NA,0.578652,Inf,NA,0
"Dc34902","locus215",0.335856,0.463476,Inf,NA,0.284376,NA,0.91531,NA,NA,0
"Dc34902","locus227",0.540948,0.465914,Inf,NA,Inf,NA,0.555494,NA,NA,0
"Dc34902","locus231",0.534608,1,NA,NA,1,NA,0.925246,NA,NA,0
"Dc34902","locus235",0.069216,1,NA,NA,0.283486,NA,0.456286,NA,NA,0
"Dc34902","locus236",0.423366,0.532928,NA,NA,1,NA,0.434458,NA,NA,0
"Dc34902","locus237",0.256002,0.287288,NA,NA,0.331392,NA,0.149484,NA,NA,0
"Dc34902","locus239",0.26173,0.0177,NA,NA,1,NA,0.376936,NA,NA,1
"Dc34902","locus248",0.515396,0.643202,NA,NA,0.526328,NA,0.354802,Inf,NA,0
"Dc34902","locus255",0.553362,0.786486,Inf,NA,1,NA,NA,NA,NA,0
"Dc34902","locus256",1,1,NA,0.502574,1,NA,0.396944,NA,NA,0
"Dc34902","locus263",0.574036,0.643468,Inf,Inf,0.285338,NA,1,NA,NA,0
"Dc34902","locus264",0.362702,1,NA,NA,1,NA,0.259162,NA,NA,0
"Dc34902","locus274",0.754232,1,NA,NA,0.093098,0.334172,0.585248,NA,NA,0
"Dc34902","locus280",0.40449,1,NA,NA,1,NA,0.041866,Inf,NA,1
"Dc34902","locus282",0.216948,0.10904,NA,NA,0.336414,1,0.093976,NA,NA,0
"Dc34902","locus286",1,1,NA,NA,1,0.333312,0.744942,NA,NA,0
"Dc34902","locus291",1,0.641936,Inf,NA,1,NA,0.019292,NA,NA,1
"Dc34902","locus292",0.011176,0.536734,NA,NA,0.568444,0.333966,0.18494,NA,NA,1
"Dc34902","locus296",0.883596,0.644986,NA,NA,1,NA,0.624384,NA,NA,0
"Dc34902","locus301",0.172414,0.578954,Inf,NA,1,NA,1,NA,NA,0
"Dc34902","locus314",0.735718,1,NA,NA,0.524756,NA,0.626418,NA,NA,0
"Dc34902","locus321",1,1,NA,1,1,NA,0.612246,Inf,NA,0
"Dc34902","locus322",0.782216,1,Inf,NA,0.337888,NA,0.11059,NA,NA,0
"Dc34902","locus323",0.160192,0.46551,NA,NA,1,NA,0.925866,NA,NA,0
"Dc34902","locus329",0.279444,1,NA,NA,0.573898,NA,0.631778,NA,NA,0
"Dc34902","locus332",0.676458,0.536746,NA,NA,1,NA,0.916468,NA,NA,0
"Dc34902","locus349",0.524202,0.465346,NA,NA,1,NA,0.400954,NA,NA,0
"Dc34902","locus358",0.491818,0.427968,NA,1,1,1,0.403386,NA,NA,0
"Dc34902","locus359",0.237508,0.76359,NA,NA,1,NA,0.015934,NA,NA,1
"Dc34902","locus360",0.334912,1,NA,NA,0.14507,NA,0.067374,NA,NA,0
"Dc35779","Dc36571",0.416174,0.57218,NA,1,1,NA,0.889318,NA,1,0
"Dc35779","Dc36616",0.19788,0.37542,NA,NA,1,Inf,0.098498,NA,0.672318,0
"Dc35779","Dc36767",0.531684,0.124356,NA,NA,1,NA,0.815148,NA,NA,0
"Dc35779","Dc40235",0.085474,1,NA,NA,1,NA,0.296378,NA,0.672558,0
"Dc35779","Dc41234",0.562324,0.625102,NA,NA,1,NA,0.127992,NA,1,0
"Dc35779","Dc46984",0.201384,1,NA,NA,1,NA,0.611286,NA,0.175672,0
"Dc35779","Dc47572",0.09141,0.373634,NA,NA,0.254916,NA,0.44726,1,0.682838,0
"Dc35779","Dc47935",0.561624,1,NA,NA,0.484738,NA,0.908136,NA,1,0
"Dc35779","Dc48207",1,Inf,Inf,NA,Inf,Inf,0.342786,NA,1,0
"Dc35779","Dc48950",0.188472,1,NA,0.399422,1,NA,0.300806,NA,0.228172,0
"Dc35779","Dc49080",0.497128,0.503126,1,1,1,NA,0.07267,NA,0.59183,0
"Dc35779","Dc49184",0.389376,0.376064,NA,NA,1,NA,0.918042,NA,1,0
"Dc35779","Dc51020",0.50428,0.372342,NA,NA,1,NA,0.681418,NA,0.710338,0
"Dc35779","Dc52523",0.218068,0.375868,NA,NA,0.48564,NA,0.218914,NA,0.69252,0
"Dc35779","Dc55481",0.002458,1,NA,NA,1,NA,0.262198,Inf,0.557268,1
"Dc35779","Dc58248",0.232802,1,NA,NA,1,Inf,0.869908,NA,0.751258,0
"Dc35779","Dc62188",0.208992,0.3738,NA,1,1,NA,0.00922,NA,0.463088,1
"Dc35779","Dc67011",1,1,NA,1,1,NA,0.881862,NA,0.181866,0
"Dc35779","locus002",1,1,NA,NA,1,NA,0.44699,Inf,0.446088,0
"Dc35779","locus003",0.484438,0.374716,NA,NA,1,NA,0.374398,NA,0.127738,0
"Dc35779","locus004",0.842542,1,NA,NA,1,NA,0.202974,NA,1,0
"Dc35779","locus005",1,0.37386,NA,NA,1,Inf,0.468628,NA,1,0
"Dc35779","locus006",1,1,1,NA,1,NA,0.761866,1,0.618442,0
"Dc35779","locus008",0.860608,1,NA,NA,0.316546,NA,1,NA,0.452802,0
"Dc35779","locus013",0.87902,1,NA,NA,0.42804,NA,1,NA,0.4797,0
"Dc35779","locus014",0.608314,0.497494,NA,NA,1,Inf,0.542,NA,0.38893,0
"Dc35779","locus022",0.019872,1,NA,NA,1,NA,0.130842,NA,0.817056,1
"Dc35779","locus024",0.222888,1,NA,NA,1,NA,0.17074,NA,0.681974,0
"Dc35779","locus025",0.601492,1,Inf,NA,1,NA,0.928324,NA,1,0
"Dc35779","locus027",0.3741,1,Inf,NA,1,NA,0.138772,NA,0.333214,0
"Dc35779","locus030",0.322772,0.500216,NA,NA,0.429318,NA,0.353506,1,1,0
"Dc35779","locus035",0.2591,1,NA,NA,0.143124,Inf,1,NA,1,0
"Dc35779","locus038",0.189174,0.124712,NA,NA,1,NA,0.13456,NA,0.067328,0
"Dc35779","locus039",0.512788,0.498058,NA,NA,1,Inf,0.782486,NA,1,0
"Dc35779","locus040",0.06464,1,NA,NA,1,NA,0.458626,NA,Inf,0
"Dc35779","locus041",0.56822,1,NA,1,1,NA,0.118318,NA,0.472884,0
"Dc35779","locus045",0.801628,1,NA,NA,0.42857,NA,0.327258,NA,1,0
"Dc35779","locus047",0.423568,0.501284,NA,NA,0.142304,Inf,0.318646,0.495822,0.125868,0
"Dc35779","locus048",1,Inf,NA,NA,0.142664,NA,0.573254,1,1,0
"Dc35779","locus053",0.679696,1,NA,0.400066,0.659778,NA,0.933924,NA,0.546358,0
"Dc35779","locus055",0.93579,1,NA,NA,1,NA,0.122496,NA,0.775194,0
"Dc35779","locus056",0.715606,1,NA,NA,1,NA,0.401708,NA,0.67959,0
"Dc35779","locus058",0.12285,0.374664,NA,NA,0.658464,NA,0.429864,NA,0.230788,0
"Dc35779","locus060",0.409616,1,NA,NA,0.258554,NA,1,NA,0.406548,0
"Dc35779","locus061",1,1,NA,NA,1,Inf,1,NA,1,0
"Dc35779","locus062",0.632024,1,NA,0.200516,1,Inf,1,0.165506,0.401984,0
"Dc35779","locus064",0.091708,1,1,NA,1,NA,0.245314,NA,0.181154,0
"Dc35779","locus065",0.297682,1,NA,NA,0.428646,NA,0.437726,NA,1,0
"Dc35779","locus073",0.180146,1,NA,NA,1,NA,0.635864,NA,0.471778,0
"Dc35779","locus074",0.434544,1,NA,NA,0.657366,NA,0.32456,NA,1,0
"Dc35779","locus076",0.487898,1,NA,NA,1,NA,0.789988,NA,0.336308,0
"Dc35779","locus077",1,1,NA,NA,0.48593,NA,0.461458,NA,0.29238,0
"Dc35779","locus080",0.462378,1,NA,NA,0.65833,NA,0.093678,NA,1,0
"Dc35779","locus083",0.362182,1,NA,NA,1,NA,0.265158,NA,0.455238,0
"Dc35779","locus088",0.536182,1,NA,NA,1,NA,0.583668,NA,0.772844,0
"Dc35779","locus093",0.609538,Inf,Inf,NA,Inf,NA,1,NA,1,0
"Dc35779","locus096",0.290086,1,NA,NA,0.141034,NA,0.404426,NA,0.659858,0
"Dc35779","locus098",0.361436,1,NA,NA,0.428818,NA,0.830076,NA,1,0
"Dc35779","locus100",0.428698,1,NA,NA,1,NA,0.90549,NA,0.295092,0
"Dc35779","locus106",0.190254,Inf,NA,NA,1,NA,0.259864,NA,0.452918,0
"Dc35779","locus110",0.047904,1,NA,NA,NA,NA,1,NA,NA,1
"Dc35779","locus116",0.95555,0.497042,NA,NA,1,NA,0.062988,NA,NA,0
"Dc35779","locus119",0.24972,1,NA,NA,1,NA,0.742088,NA,NA,0
"Dc35779","locus120",0.83904,1,NA,NA,1,NA,0.628594,1,NA,0
"Dc35779","locus126",0.851006,1,NA,NA,0.48619,NA,1,NA,NA,0
"Dc35779","locus128",0.842108,0.37533,NA,NA,0.25837,NA,0.093972,NA,NA,0
"Dc35779","locus129",0.844286,1,1,NA,1,NA,0.153106,NA,NA,0
"Dc35779","locus130",0.613302,1,NA,NA,1,NA,1,NA,NA,0
"Dc35779","locus134",0.617356,1,NA,NA,0.657256,Inf,0.551542,NA,NA,0
"Dc35779","locus135",0.316024,0.249998,NA,NA,1,NA,0.05567,NA,NA,0
"Dc35779","locus137",0.511406,1,NA,NA,1,NA,0.425266,NA,NA,0
"Dc35779","locus139",1,0.124598,Inf,NA,0.485738,NA,1,0.502004,NA,0
"Dc35779","locus140",1,0.123572,Inf,NA,0.486364,NA,1,NA,NA,0
"Dc35779","locus146",0.882174,0.250622,NA,1,1,NA,0.67014,NA,NA,0
"Dc35779","locus148",0.663252,1,NA,NA,1,Inf,0.269914,NA,NA,0
"Dc35779","locus151",0.894876,1,NA,NA,0.256422,NA,0.026138,NA,NA,1
"Dc35779","locus157",0.478398,1,NA,1,0.429226,NA,0.609252,NA,NA,0
"Dc35779","locus161",0.074916,1,NA,NA,1,Inf,0.296716,0.335482,NA,0
"Dc35779","locus165",0.408392,0.500714,NA,NA,1,NA,0.444686,NA,NA,0
"Dc35779","locus170",0.83076,0.497132,NA,NA,0.485734,NA,0.26026,NA,NA,0
"Dc35779","locus176",0.850702,1,NA,NA,1,NA,0.3853,NA,NA,0
"Dc35779","locus184",0.342662,1,1,NA,0.143574,NA,0.934548,NA,NA,0
"Dc35779","locus186",0.45394,1,NA,NA,0.028206,NA,0.372514,NA,NA,1
"Dc35779","locus188",0.181936,1,NA,NA,0.42922,NA,0.756642,NA,NA,0
"Dc35779","locus189",0.962004,1,Inf,NA,0.428062,NA,0.06814,NA,NA,0
"Dc35779","locus190",0.787566,1,Inf,NA,0.656704,NA,0.361076,NA,NA,0
"Dc35779","locus191",0.097494,0.125456,NA,NA,0.26006,NA,0.685592,NA,NA,0
"Dc35779","locus192",0.241862,0.374248,NA,NA,0.141938,Inf,0.454022,NA,NA,0
"Dc35779","locus195",0.01988,1,1,NA,0.65813,Inf,0.402252,NA,NA,1
"Dc35779","locus202",0.69202,0.12328,NA,NA,0.656384,NA,0.6485,NA,NA,0
"Dc35779","locus210",0.566468,1,NA,NA,1,NA,0.690572,1,NA,0
"Dc35779","locus215",0.67276,0.373836,Inf,NA,1,NA,0.885038,NA,NA,0
"Dc35779","locus227",0.508524,0.375146,Inf,NA,Inf,NA,0.096224,NA,NA,0
"Dc35779","locus231",0.505854,1,NA,NA,1,NA,0.806698,NA,NA,0
"Dc35779","locus235",0.944104,0.375112,NA,NA,0.429034,NA,0.28548,NA,NA,0
"Dc35779","locus236",0.22571,0.499974,NA,NA,1,NA,0.750536,NA,NA,0
"Dc35779","locus237",1,1,NA,NA,0.655724,NA,0.029472,NA,NA,1
"Dc35779","locus239",0.543852,1,NA,NA,0.48634,NA,0.532724,NA,NA,0
"Dc35779","locus248",0.741534,1,NA,NA,1,NA,0.5628,1,NA,0
"Dc35779","locus255",1,0.49757,1,NA,1,NA,NA,NA,NA,0
"Dc35779","locus256",0.509876,1,NA,0.49725,1,NA,0.937322,NA,NA,0
"Dc35779","locus263",0.085688,0.249728,1,Inf,1,NA,0.61788,NA,NA,0
"Dc35779","locus264",0.594758,1,NA,NA,0.485342,NA,0.794952,NA,NA,0
"Dc35779","locus274",0.179428,0.5005,NA,NA,0.658294,Inf,0.430242,NA,NA,0
"Dc35779","locus280",0.323766,1,NA,NA,0.028918,NA,1,1,NA,1
"Dc35779","locus282",0.63632,1,NA,NA,0.659154,Inf,0.801922,NA,NA,0
"Dc35779","locus286",0.716978,1,NA,NA,1,Inf,0.76618,NA,NA,0
"Dc35779","locus291",0.767144,0.376392,1,NA,1,NA,0.734112,NA,NA,0
"Dc35779","locus292",0.37218,0.501164,NA,NA,1,Inf,0.078816,NA,NA,0
"Dc35779","locus296",0.291052,1,NA,NA,1,NA,0.011364,NA,NA,1
"Dc35779","locus301",0.528196,1,Inf,NA,1,NA,0.373012,NA,NA,0
"Dc35779","locus314",1,0.571698,NA,NA,0.143366,NA,0.604764,NA,NA,0
"Dc35779","locus321",0.23231,1,NA,1,1,NA,0.40487,1,NA,0
"Dc35779","locus322",0.604562,1,1,NA,0.426488,NA,0.16821,NA,NA,0
"Dc35779","locus323",1,1,NA,NA,0.48665,NA,0.328914,NA,NA,0
"Dc35779","locus329",0.402956,1,NA,NA,1,NA,0.18814,NA,NA,0
"Dc35779","locus332",0.32312,1,NA,NA,1,NA,0.32412,NA,NA,0
"Dc35779","locus349",0.597448,1,NA,NA,1,NA,1,NA,NA,0
"Dc35779","locus358",0.871908,1,NA,1,1,Inf,0.609674,NA,NA,0
"Dc35779","locus359",0.672586,0.379066,NA,NA,0.427518,NA,0.244554,NA,NA,0
"Dc35779","locus360",0.702388,1,NA,NA,1,NA,0.195264,NA,NA,0
"Dc36571","Dc36616",0.34097,1,NA,NA,1,NA,0.384964,NA,0.724834,0
"Dc36571","Dc36767",0.855378,0.42589,NA,NA,0.285148,NA,0.16229,NA,NA,0
"Dc36571","Dc40235",0.086336,1,NA,NA,1,NA,0.506256,NA,1,0
"Dc36571","Dc41234",0.46845,1,NA,NA,0.235152,NA,0.162946,NA,0.774526,0
"Dc36571","Dc46984",0.167376,0.084808,NA,NA,1,NA,0.974048,NA,0.920412,0
"Dc36571","Dc47572",0.746914,0.717228,NA,NA,1,NA,0.347832,1,0.451414,0
"Dc36571","Dc47935",0.42822,0.409698,Inf,NA,0.713286,NA,0.36079,NA,0.147578,0
"Dc36571","Dc48207",0.409558,Inf,Inf,NA,Inf,NA,0.4106,NA,0.223352,0
"Dc36571","Dc48950",0.817564,1,NA,1,0.285792,NA,0.88016,NA,0.205674,0
"Dc36571","Dc49080",0.419682,0.829822,1,1,0.238572,NA,0.239386,NA,0.49332,0
"Dc36571","Dc49184",0.721332,0.316266,NA,NA,0.523088,NA,0.699716,NA,0.453452,0
"Dc36571","Dc51020",0.079088,1,NA,NA,1,NA,0.10339,NA,0.341478,0
"Dc36571","Dc52523",0.856586,0.656332,NA,NA,0.286566,NA,0.463586,NA,1,0
"Dc36571","Dc55481",0.457726,1,NA,NA,0.524392,NA,0.696552,Inf,0.160928,0
"Dc36571","Dc58248",0.25303,0.771898,NA,NA,0.289022,NA,0.984618,NA,0.425716,0
"Dc36571","Dc62188",0.995604,1,NA,1,0.571598,NA,0.528496,NA,0.924124,0
"Dc36571","Dc67011",0.455394,0.656786,NA,1,0.57244,NA,0.395944,NA,1,0
"Dc36571","locus002",0.273072,0.197754,Inf,NA,0.400832,NA,0.179564,Inf,1,0
"Dc36571","locus003",0.460814,0.656554,NA,NA,0.57153,NA,0.29072,NA,0.494096,0
"Dc36571","locus004",0.106048,0.287676,NA,NA,1,NA,0.34731,NA,0.064226,0
"Dc36571","locus005",0.551378,0.097094,NA,NA,0.52376,NA,0.012458,NA,0.805804,1
"Dc36571","locus006",0.044948,1,1,NA,1,NA,0.565896,0.59879,1,1
"Dc36571","locus008",0.365118,0.65726,NA,NA,0.23838,NA,0.387942,NA,0.317614,0
"Dc36571","locus013",0.711018,1,NA,NA,0.332702,NA,0.272756,NA,1,0
"Dc36571","locus014",0.363306,1,NA,NA,0.524552,NA,0.29448,NA,1,0
"Dc36571","locus022",0.622208,0.488652,NA,NA,0.712824,NA,0.079822,NA,0.842602,0
"Dc36571","locus024",0.894588,0.1448,NA,NA,1,NA,0.506526,NA,0.396682,0
"Dc36571","locus025",0.064214,0.655698,NA,NA,0.524228,NA,0.34573,NA,0.906944,0
"Dc36571","locus027",0.71256,1,NA,NA,0.620284,NA,0.944372,NA,0.771112,0
"Dc36571","locus030",0.96502,0.009906,NA,NA,0.619278,NA,0.129094,0.333174,0.05834,1
"Dc36571","locus035",0.47832,1,NA,NA,0.524192,NA,0.565448,NA,0.182242,0
"Dc36571","locus038",0.094192,0.487652,NA,NA,0.571276,NA,0.278022,NA,1,0
"Dc36571","locus039",0.131144,0.42875,NA,NA,0.524508,NA,0.619112,NA,0.290282,0
"Dc36571","locus040",1,1,NA,NA,0.524004,NA,0.4432,NA,Inf,0
"Dc36571","locus041",0.122124,1,NA,0.198436,0.047522,NA,0.55053,NA,0.326956,1
"Dc36571","locus045",0.136106,0.428434,NA,NA,1,NA,0.874672,NA,0.363612,0
"Dc36571","locus047",0.431294,0.08561,NA,NA,1,NA,0.480866,1,0.88125,0
"Dc36571","locus048",0.401932,Inf,NA,NA,1,NA,0.10118,Inf,1,0
"Dc36571","locus053",0.433102,1,NA,0.402052,0.810282,NA,0.55244,NA,0.110004,0
"Dc36571","locus055",0.09186,1,NA,NA,1,NA,0.640216,NA,1,0
"Dc36571","locus056",0.518042,0.56943,NA,NA,0.28453,NA,0.73217,NA,0.092274,0
"Dc36571","locus058",0.599424,0.14204,NA,NA,1,NA,0.50033,NA,0.205278,0
"Dc36571","locus060",0.017022,0.140932,NA,NA,1,NA,0.276502,NA,0.181656,1
"Dc36571","locus061",0.819396,0.238658,NA,NA,0.286194,NA,0.90604,NA,1,0
"Dc36571","locus062",0.760854,1,NA,1,1,NA,0.69536,1,1,0
"Dc36571","locus064",0.407708,0.239004,1,NA,1,NA,0.241012,NA,0.545754,0
"Dc36571","locus065",0.13867,0.236368,NA,NA,1,NA,0.00125,NA,0.453538,1
"Dc36571","locus073",0.199306,0.657854,NA,NA,0.57252,NA,0.8905,NA,1,0
"Dc36571","locus074",0.733922,0.829608,NA,NA,0.331042,NA,0.192232,NA,0.805156,0
"Dc36571","locus076",0.746306,0.313748,NA,NA,0.429478,NA,0.227982,NA,0.450442,0
"Dc36571","locus077",0.530956,0.239158,NA,NA,1,NA,0.627684,NA,0.29148,0
"Dc36571","locus080",0.747894,0.48429,NA,NA,1,NA,0.388996,NA,0.510736,0
"Dc36571","locus083",0.671302,1,NA,NA,1,NA,0.438334,NA,1,0
"Dc36571","locus088",0.344368,0.430574,NA,NA,0.427158,NA,0.904268,NA,0.055344,0
"Dc36571","locus093",0.714144,Inf,Inf,NA,Inf,NA,0.143046,NA,1,0
"Dc36571","locus096",0.807038,1,NA,NA,1,NA,0.043944,NA,0.456506,1
"Dc36571","locus098",0.437646,1,NA,NA,1,NA,0.045942,NA,0.103838,1
"Dc36571","locus100",0.58892,1,NA,NA,0.428002,NA,0.839174,NA,0.571786,0
"Dc36571","locus106",0.88537,Inf,NA,NA,1,NA,0.251156,NA,0.110136,0
"Dc36571","locus110",0.00963,1,NA,NA,NA,NA,0.16888,NA,NA,1
"Dc36571","locus116",0.971192,0.4847,NA,NA,0.14153,NA,0.456518,NA,NA,0
"Dc36571","locus119",0.545446,0.121702,NA,NA,0.046774,NA,0.03123,NA,NA,2
"Dc36571","locus120",0.157532,1,NA,NA,1,NA,0.132826,0.602286,NA,0
"Dc36571","locus126",0.537118,1,NA,NA,1,NA,0.633248,NA,NA,0
"Dc36571","locus128",0.479818,0.430164,NA,NA,0.620414,NA,0.492464,NA,NA,0
"Dc36571","locus129",0.736416,0.433182,0.333242,NA,1,NA,0.858232,NA,NA,0
"Dc36571","locus130",0.430642,1,NA,NA,0.466568,NA,0.717898,NA,NA,0
"Dc36571","locus134",0.383078,1,Inf,NA,0.619152,NA,0.695662,NA,NA,0
"Dc36571","locus135",0.919546,0.823938,NA,NA,1,NA,0.192078,NA,NA,0
"Dc36571","locus137",0.835244,0.828726,NA,NA,1,NA,0.006428,NA,NA,1
"Dc36571","locus139",0.626708,0.572362,Inf,NA,0.14322,NA,0.17915,0.201896,NA,0
"Dc36571","locus140",0.622984,0.571354,Inf,NA,0.142094,NA,0.183976,NA,NA,0
"Dc36571","locus146",0.033164,1,NA,0.398924,1,NA,0.739234,NA,NA,1
"Dc36571","locus148",0.25217,1,NA,NA,0.57066,NA,0.98209,NA,NA,0
"Dc36571","locus151",0.842134,0.02849,NA,NA,0.333352,NA,0.06123,NA,NA,1
"Dc36571","locus157",0.90881,1,NA,1,1,NA,0.566158,NA,NA,0
"Dc36571","locus161",0.273632,0.655672,NA,NA,1,NA,0.85091,0.601928,NA,0
"Dc36571","locus165",0.147768,0.484998,NA,NA,0.467886,NA,0.265652,NA,NA,0
"Dc36571","locus170",0.325312,1,NA,NA,0.143306,NA,0.636824,NA,NA,0
"Dc36571","locus176",0.933538,1,NA,NA,0.32999,NA,0.868298,NA,NA,0
"Dc36571","locus184",0.557958,1,1,NA,1,NA,0.603284,NA,NA,0
"Dc36571","locus186",0.884314,1,NA,NA,1,NA,0.013974,NA,NA,1
"Dc36571","locus188",0.152492,1,NA,NA,1,NA,0.5585,NA,NA,0
"Dc36571","locus189",0.571738,0.3174,Inf,NA,0.61892,NA,0.301856,NA,NA,0
"Dc36571","locus190",0.729838,1,Inf,NA,0.619092,NA,0.105386,NA,NA,0
"Dc36571","locus191",0.268944,0.487182,NA,NA,0.616036,NA,0.459298,NA,NA,0
"Dc36571","locus192",0.935192,1,NA,NA,0.519684,NA,0.984562,NA,NA,0
"Dc36571","locus195",0.049224,1,1,NA,1,NA,0.35094,NA,NA,1
"Dc36571","locus202",1,1,NA,NA,1,NA,0.18238,NA,NA,0
"Dc36571","locus210",0.846354,0.425642,Inf,NA,1,NA,0.333618,1,NA,0
"Dc36571","locus215",0.479628,0.427034,NA,NA,0.57078,NA,0.89321,NA,NA,0
"Dc36571","locus227",0.43564,1,Inf,NA,Inf,NA,0.466472,NA,NA,0
"Dc36571","locus231",0.494802,0.028516,NA,NA,1,NA,0.979968,NA,NA,1
"Dc36571","locus235",0.114038,1,NA,NA,1,NA,0.81807,NA,NA,0
"Dc36571","locus236",0.752838,1,NA,NA,0.14585,NA,0.57003,NA,NA,0
"Dc36571","locus237",0.65284,1,NA,NA,0.048084,NA,0.150514,NA,NA,1
"Dc36571","locus239",0.706522,0.430822,NA,NA,1,NA,0.783018,NA,NA,0
"Dc36571","locus248",0.579284,0.572504,NA,NA,1,NA,0.160172,1,NA,0
"Dc36571","locus255",0.144148,0.486076,1,NA,0.524152,NA,NA,NA,NA,0
"Dc36571","locus256",0.60512,0.571964,NA,1,1,NA,0.403566,NA,NA,0
"Dc36571","locus263",0.561404,0.568804,0.334046,Inf,1,NA,0.833824,NA,NA,0
"Dc36571","locus264",0.892304,0.483952,NA,NA,1,NA,0.255014,NA,NA,0
"Dc36571","locus274",0.987806,1,NA,NA,0.238084,NA,0.776576,NA,NA,0
"Dc36571","locus280",0.38223,1,NA,NA,1,NA,0.12694,1,NA,0
"Dc36571","locus282",0.005506,0.429164,NA,NA,0.048558,NA,0.338164,NA,NA,2
"Dc36571","locus286",0.278512,0.569208,NA,NA,1,NA,0.249862,NA,NA,0
"Dc36571","locus291",0.985312,0.65642,1,NA,0.048384,NA,0.301988,NA,NA,1
"Dc36571","locus292",0.578304,0.197602,NA,NA,0.571122,NA,0.78259,NA,NA,0
"Dc36571","locus296",0.905758,0.571068,NA,NA,1,NA,0.562678,NA,NA,0
"Dc36571","locus301",0.114218,1,NA,NA,0.095488,NA,0.615838,NA,NA,0
"Dc36571","locus314",0.487798,0.604234,NA,NA,0.52373,NA,0.553854,NA,NA,0
"Dc36571","locus321",0.834822,0.429224,NA,0.398984,0.237468,NA,0.046456,0.601032,NA,1
"Dc36571","locus322",0.94542,0.142138,1,NA,1,NA,0.674398,NA,NA,0
"Dc36571","locus323",0.090974,0.656576,NA,NA,0.427426,NA,0.337068,NA,NA,0
"Dc36571","locus329",0.385782,0.237968,NA,NA,1,NA,0.618452,NA,NA,0
"Dc36571","locus332",0.79785,1,NA,NA,1,NA,0.054556,NA,NA,0
"Dc36571","locus349",0.561764,0.238206,NA,NA,0.428266,NA,0.432858,NA,NA,0
"Dc36571","locus358",0.276784,1,NA,0.200154,1,NA,0.60266,NA,NA,0
"Dc36571","locus359",0.276668,0.197764,NA,NA,1,NA,0.456126,NA,NA,0
"Dc36571","locus360",0.706934,0.238746,Inf,NA,0.618454,NA,0.723512,NA,NA,0
"Dc36616","Dc36767",0.17306,0.641664,NA,NA,1,NA,0.714158,NA,NA,0
"Dc36616","Dc40235",0.457184,1,NA,NA,0.141544,NA,0.546528,NA,0.126638,0
"Dc36616","Dc41234",0.26485,0.57148,NA,NA,0.430222,NA,0.001642,NA,0.426532,1
"Dc36616","Dc46984",0.711708,0.680712,NA,NA,0.426626,NA,0.474252,NA,0.675088,0
"Dc36616","Dc47572",0.459932,0.19482,NA,NA,1,NA,0.649662,1,1,0
"Dc36616","Dc47935",0.813898,1,NA,NA,0.286006,NA,0.577726,NA,0.331112,0
"Dc36616","Dc48207",1,Inf,Inf,NA,Inf,Inf,1,NA,1,0
"Dc36616","Dc48950",0.756006,0.28693,NA,1,1,NA,0.137132,NA,0.729038,0
"Dc36616","Dc49080",0.603492,0.679196,1,1,1,NA,0.596766,NA,0.662718,0
"Dc36616","Dc49184",0.683698,1,NA,NA,1,NA,0.978078,NA,1,0
"Dc36616","Dc51020",0.657828,1,NA,NA,1,NA,0.676802,NA,0.50712,0
"Dc36616","Dc52523",0.264454,0.196454,NA,NA,0.571426,NA,0.374488,NA,0.545348,0
"Dc36616","Dc55481",0.685766,1,NA,NA,1,NA,0.253256,1,0.330866,0
"Dc36616","Dc58248",0.632408,0.035022,NA,NA,0.570316,Inf,0.84813,NA,0.801212,1
"Dc36616","Dc62188",0.638434,1,NA,1,0.14267,NA,0.077858,NA,1,0
"Dc36616","Dc67011",0.381892,1,NA,1,1,NA,0.794344,NA,0.590138,0
"Dc36616","locus002",0.026922,0.522624,NA,NA,Inf,NA,0.473402,NA,0.44431,1
"Dc36616","locus003",0.581158,0.463854,NA,NA,0.142372,NA,0.05801,NA,0.784124,0
"Dc36616","locus004",0.026188,1,NA,NA,1,NA,0.514078,NA,1,1
"Dc36616","locus005",0.119282,0.4633,NA,NA,1,Inf,0.477134,NA,0.659014,0
"Dc36616","locus006",0.656886,1,1,NA,1,NA,0.204328,0.429092,1,0
"Dc36616","locus008",0.927546,1,NA,NA,0.572656,NA,0.827608,NA,1,0
"Dc36616","locus013",0.45448,0.678586,NA,NA,0.430036,NA,0.64382,NA,1,0
"Dc36616","locus014",0.570896,0.676642,NA,NA,1,Inf,0.919108,NA,0.346602,0
"Dc36616","locus022",0.495838,1,NA,NA,1,NA,0.518364,NA,0.126962,0
"Dc36616","locus024",0.451636,1,NA,NA,0.427816,NA,0.840268,NA,1,0
"Dc36616","locus025",0.155238,0.678378,NA,NA,1,NA,0.663368,NA,0.27301,0
"Dc36616","locus027",0.165078,1,NA,NA,1,NA,0.709776,NA,1,0
"Dc36616","locus030",0.987094,0.711902,NA,NA,0.428456,NA,0.216064,0.619978,0.772896,0
"Dc36616","locus035",0.885498,1,NA,NA,1,Inf,0.750644,NA,0.508788,0
"Dc36616","locus038",0.788054,0.247042,NA,NA,1,NA,0.536756,NA,1,0
"Dc36616","locus039",0.176344,0.67931,NA,NA,1,Inf,1,NA,1,0
"Dc36616","locus040",0.05617,0.374794,NA,NA,0.286592,NA,0.719736,NA,Inf,0
"Dc36616","locus041",0.077654,0.14222,NA,0.199674,1,NA,0.18987,NA,0.68888,0
"Dc36616","locus045",0.601696,1,NA,NA,1,NA,0.324924,NA,1,0
"Dc36616","locus047",0.056186,0.71382,NA,NA,1,Inf,0.36134,0.429022,1,0
"Dc36616","locus048",0.575482,Inf,NA,NA,1,NA,0.356982,0.525628,1,0
"Dc36616","locus053",0.866766,0.678512,NA,0.401834,0.428532,NA,0.06311,NA,0.347066,0
"Dc36616","locus055",0.5476,0.64185,NA,NA,0.427872,NA,0.124002,NA,0.248248,0
"Dc36616","locus056",0.483312,1,NA,NA,1,NA,0.789888,NA,1,0
"Dc36616","locus058",0.453804,1,NA,NA,0.572868,NA,0.409242,NA,1,0
"Dc36616","locus060",0.202178,0.197372,NA,NA,0.428852,NA,0.083068,NA,0.27342,0
"Dc36616","locus061",0.426348,0.463764,NA,NA,1,Inf,0.591962,NA,0.591542,0
"Dc36616","locus062",0.66285,0.376594,NA,1,0.142202,Inf,0.473096,0.332734,0.34501,0
"Dc36616","locus064",0.111152,0.463546,1,NA,1,NA,0.830712,NA,0.590634,0
"Dc36616","locus065",0.878514,1,NA,NA,1,NA,1,NA,0.590976,0
"Dc36616","locus073",0.019456,1,NA,NA,1,NA,0.52035,NA,0.383812,1
"Dc36616","locus074",0.08867,0.358636,NA,NA,0.427018,NA,0.532014,NA,0.09067,0
"Dc36616","locus076",0.208664,0.19655,NA,NA,1,NA,0.667312,NA,0.645182,0
"Dc36616","locus077",0.50394,1,NA,NA,1,NA,0.650976,NA,1,0
"Dc36616","locus080",0.245222,1,NA,NA,1,NA,0.635738,NA,0.345702,0
"Dc36616","locus083",0.647296,1,NA,NA,0.165822,NA,0.470812,NA,1,0
"Dc36616","locus088",0.952944,0.679026,NA,NA,1,NA,0.318662,NA,0.388128,0
"Dc36616","locus093",1,Inf,Inf,NA,Inf,NA,1,NA,1,0
"Dc36616","locus096",0.82768,0.464764,NA,NA,1,NA,0.918064,NA,1,0
"Dc36616","locus098",0.048386,0.464506,NA,NA,1,NA,0.006714,NA,0.666614,2
"Dc36616","locus100",0.230204,1,NA,NA,0.4291,NA,0.580692,NA,0.252368,0
"Dc36616","locus106",1,Inf,NA,NA,1,NA,0.17967,NA,1,0
"Dc36616","locus110",0.33606,1,NA,NA,NA,NA,1,NA,NA,0
"Dc36616","locus116",0.022164,1,NA,NA,0.427012,NA,0.262268,NA,NA,1
"Dc36616","locus119",0.910692,0.678572,NA,NA,1,NA,0.651472,NA,NA,0
"Dc36616","locus120",0.903742,1,NA,NA,1,NA,1,1,NA,0
"Dc36616","locus126",0.124862,1,NA,NA,1,NA,1,NA,NA,0
"Dc36616","locus128",0.833826,0.464556,NA,NA,0.141526,NA,0.57467,NA,NA,0
"Dc36616","locus129",0.657318,0.679886,1,NA,0.285418,NA,0.555214,NA,NA,0
"Dc36616","locus130",0.495776,1,NA,NA,Inf,NA,0.29189,NA,NA,0
"Dc36616","locus134",0.21199,1,NA,NA,0.42977,Inf,1,NA,NA,0
"Dc36616","locus135",0.121132,0.357594,NA,NA,0.143642,NA,0.60041,NA,NA,0
"Dc36616","locus137",0.44805,1,NA,NA,1,NA,0.878432,NA,NA,0
"Dc36616","locus139",0.554114,0.374924,Inf,NA,1,NA,0.059508,1,NA,0
"Dc36616","locus140",0.55574,0.37543,Inf,NA,1,NA,0.061818,NA,NA,0
"Dc36616","locus146",0.778716,1,NA,0.399814,1,NA,1,NA,NA,0
"Dc36616","locus148",0.434914,0.106322,NA,NA,1,Inf,0.010058,NA,NA,1
"Dc36616","locus151",0.945534,1,NA,NA,1,NA,0.302454,NA,NA,0
"Dc36616","locus157",0.333846,0.643668,NA,1,1,NA,0.239708,NA,NA,0
"Dc36616","locus161",0.172206,0.195282,NA,NA,0.142596,Inf,0.178074,0.519644,NA,0
"Dc36616","locus165",0.875226,1,NA,NA,1,NA,0.45761,NA,NA,0
"Dc36616","locus170",0.776322,0.677588,NA,NA,1,NA,0.376734,NA,NA,0
"Dc36616","locus176",0.764492,0.355122,NA,NA,0.430926,NA,0.91106,NA,NA,0
"Dc36616","locus184",0.675046,1,1,NA,1,NA,0.545684,NA,NA,0
"Dc36616","locus186",0.173064,1,NA,NA,1,NA,0.3341,NA,NA,0
"Dc36616","locus188",0.202428,1,NA,NA,1,NA,0.98476,NA,NA,0
"Dc36616","locus189",0.436156,0.678388,Inf,NA,0.42838,NA,0.026906,NA,NA,1
"Dc36616","locus190",0.555304,1,Inf,NA,1,NA,0.364312,NA,NA,0
"Dc36616","locus191",0.0349,0.677794,NA,NA,1,NA,0.505548,NA,NA,1
"Dc36616","locus192",0.872926,1,NA,NA,1,Inf,0.057548,NA,NA,0
"Dc36616","locus195",0.522196,1,1,NA,1,Inf,0.628158,NA,NA,0
"Dc36616","locus202",0.916152,0.645812,NA,NA,1,NA,0.847198,NA,NA,0
"Dc36616","locus210",0.823552,1,NA,NA,1,NA,1,0.4001,NA,0
"Dc36616","locus215",0.718928,0.462968,NA,NA,1,NA,0.209768,NA,NA,0
"Dc36616","locus227",0.610176,0.464682,Inf,NA,Inf,NA,1,NA,NA,0
"Dc36616","locus231",0.889174,1,NA,NA,0.428704,NA,0.135164,NA,NA,0
"Dc36616","locus235",0.815322,0.106896,NA,NA,1,NA,0.42018,NA,NA,0
"Dc36616","locus236",0.623484,0.678834,NA,NA,0.428984,NA,0.177498,NA,NA,0
"Dc36616","locus237",0.285244,1,NA,NA,1,NA,0.305104,NA,NA,0
"Dc36616","locus239",0.535646,1,NA,NA,1,NA,1,NA,NA,0
"Dc36616","locus248",0.670514,1,NA,NA,1,NA,0.770724,1,NA,0
"Dc36616","locus255",0.855164,1,1,NA,1,NA,NA,NA,NA,0
"Dc36616","locus256",0.937002,1,NA,1,1,NA,0.841026,NA,NA,0
"Dc36616","locus263",0.15597,0.107804,1,Inf,1,NA,1,NA,NA,0
"Dc36616","locus264",0.259548,0.142526,NA,NA,1,NA,0.584558,NA,NA,0
"Dc36616","locus274",0.03302,0.018106,NA,NA,0.574094,Inf,0.243256,NA,NA,2
"Dc36616","locus280",0.940018,0.250618,NA,NA,0.569744,NA,0.63162,1,NA,0
"Dc36616","locus282",0.140784,0.677786,NA,NA,1,Inf,0.007074,NA,NA,1
"Dc36616","locus286",0.063308,1,NA,NA,0.1426,Inf,0.783854,NA,NA,0
"Dc36616","locus291",0.714942,0.463966,1,NA,1,NA,0.861212,NA,NA,0
"Dc36616","locus292",0.107122,0.679018,NA,NA,1,Inf,0.02589,NA,NA,1
"Dc36616","locus296",0.300836,0.642222,NA,NA,1,NA,0.339018,NA,NA,0
"Dc36616","locus301",0.672666,0.464156,NA,NA,1,NA,0.75488,NA,NA,0
"Dc36616","locus314",0.54519,0.144144,NA,NA,1,NA,1,NA,NA,0
"Dc36616","locus321",0.975626,1,NA,0.399188,0.570808,NA,0.257946,1,NA,0
"Dc36616","locus322",0.556354,0.196772,1,NA,1,NA,0.434202,NA,NA,0
"Dc36616","locus323",0.987052,0.197448,NA,NA,0.428382,NA,0.610638,NA,NA,0
"Dc36616","locus329",0.036076,1,NA,NA,1,NA,0.891052,NA,NA,1
"Dc36616","locus332",0.20698,1,NA,NA,0.427614,NA,0.077928,NA,NA,0
"Dc36616","locus349",0.443946,1,NA,NA,1,NA,0.746252,NA,NA,0
"Dc36616","locus358",0.55432,1,NA,0.198174,1,Inf,0.842844,NA,NA,0
"Dc36616","locus359",0.177718,1,NA,NA,1,NA,0.136116,NA,NA,0
"Dc36616","locus360",0.146784,0.645612,NA,NA,0.424628,NA,0.000376,NA,NA,1
"Dc36767","Dc40235",0.603232,1,NA,NA,1,NA,0.550412,NA,NA,0
"Dc36767","Dc41234",0.985052,0.176428,NA,NA,1,NA,0.799874,NA,NA,0
"Dc36767","Dc46984",0.893484,0.320732,NA,NA,0.826614,NA,0.688432,NA,NA,0
"Dc36767","Dc47572",0.651452,0.032778,NA,NA,0.886916,NA,0.818034,NA,NA,1
"Dc36767","Dc47935",0.385038,0.928904,NA,NA,0.630086,NA,0.10866,NA,NA,0
"Dc36767","Dc48207",0.070062,Inf,Inf,NA,Inf,NA,Inf,NA,NA,0
"Dc36767","Dc48950",0.24815,0.857342,NA,1,0.02648,NA,0.564216,NA,NA,1
"Dc36767","Dc49080",0.580636,0.787416,Inf,1,1,NA,0.74209,NA,NA,0
"Dc36767","Dc49184",0.39559,0.639758,NA,NA,0.284926,NA,0.122664,NA,NA,0
"Dc36767","Dc51020",0.388434,0.465602,NA,NA,1,NA,0.980992,NA,NA,0
"Dc36767","Dc52523",0.521634,0.432734,NA,NA,1,NA,0.52187,NA,NA,0
"Dc36767","Dc55481",0.605386,0.761032,NA,NA,0.286118,NA,0.753556,NA,NA,0
"Dc36767","Dc58248",0.69674,0.463738,NA,NA,0.513506,NA,0.16778,NA,NA,0
"Dc36767","Dc62188",0.891326,0.930748,NA,0.335418,0.83163,NA,0.03974,NA,NA,1
"Dc36767","Dc67011",0.683474,1,NA,Inf,0.827864,NA,0.48326,NA,NA,0
"Dc36767","locus002",0.030406,1,NA,NA,0.599498,NA,0.787124,NA,NA,1
"Dc36767","locus003",0.318522,0.641208,NA,NA,0.827636,NA,0.11349,NA,NA,0
"Dc36767","locus004",0.568572,1,NA,NA,0.286064,NA,0.493882,NA,NA,0
"Dc36767","locus005",0.752704,0.466006,NA,NA,0.713998,NA,0.449252,NA,NA,0
"Dc36767","locus006",0.241938,0.640612,Inf,NA,0.712956,NA,0.858522,NA,NA,0
"Dc36767","locus008",0.520572,1,NA,NA,0.203898,NA,0.216288,NA,NA,0
"Dc36767","locus013",0.753348,1,NA,NA,0.88819,NA,0.330162,NA,NA,0
"Dc36767","locus014",0.769166,0.788662,NA,NA,0.280738,NA,0.880952,NA,NA,0
"Dc36767","locus022",0.833732,1,NA,NA,0.829962,NA,0.91848,NA,NA,0
"Dc36767","locus024",0.080406,0.427316,NA,NA,0.48695,NA,0.078874,NA,NA,0
"Dc36767","locus025",0.128554,1,NA,NA,0.283888,NA,1,NA,NA,0
"Dc36767","locus027",0.231746,0.1429,NA,NA,0.883862,NA,0.493658,NA,NA,0
"Dc36767","locus030",1,0.424598,NA,NA,0.883766,NA,0.286084,NA,NA,0
"Dc36767","locus035",0.364662,1,NA,NA,0.715946,NA,0.526586,NA,NA,0
"Dc36767","locus038",0.103876,0.07186,NA,NA,0.829144,NA,0.807872,NA,NA,0
"Dc36767","locus039",0.492532,0.782102,NA,NA,1,NA,0.779856,NA,NA,0
"Dc36767","locus040",0.528714,0.37585,NA,NA,0.716282,NA,0.368656,NA,NA,0
"Dc36767","locus041",0.28517,1,NA,1,0.287058,NA,0.369318,NA,NA,0
"Dc36767","locus045",0.562686,0.46469,NA,NA,0.09558,NA,0.85202,NA,NA,0
"Dc36767","locus047",0.643816,0.428028,NA,NA,0.714926,NA,0.886702,NA,NA,0
"Dc36767","locus048",0.746084,Inf,NA,NA,1,NA,1,NA,NA,0
"Dc36767","locus053",0.876478,0.537868,NA,1,1,NA,0.692934,NA,NA,0
"Dc36767","locus055",0.313246,0.107694,NA,NA,0.48428,NA,0.899506,NA,NA,0
"Dc36767","locus056",0.339,0.640616,NA,NA,0.286426,NA,0.517256,NA,NA,0
"Dc36767","locus058",0.754682,0.462652,NA,NA,0.714792,NA,0.76974,NA,NA,0
"Dc36767","locus060",0.886038,0.46362,NA,NA,0.307212,NA,1,NA,NA,0
"Dc36767","locus061",0.889068,1,NA,NA,0.28652,NA,0.74976,NA,NA,0
"Dc36767","locus062",0.94425,0.374552,NA,1,1,NA,0.85805,NA,NA,0
"Dc36767","locus064",0.282944,1,Inf,NA,0.284528,NA,0.331362,NA,NA,0
"Dc36767","locus065",0.814058,0.035518,NA,NA,1,NA,0.731338,NA,NA,1
"Dc36767","locus073",0.210208,1,NA,NA,0.83302,NA,0.544208,NA,NA,0
"Dc36767","locus074",0.529066,1,NA,NA,0.886332,NA,0.332018,NA,NA,0
"Dc36767","locus076",0.944374,1,NA,NA,0.715168,NA,0.748626,NA,NA,0
"Dc36767","locus077",0.813168,1,NA,NA,1,NA,0.328314,NA,NA,0
"Dc36767","locus080",0.217132,0.535586,NA,NA,0.317356,NA,0.211038,NA,NA,0
"Dc36767","locus083",0.619078,1,NA,NA,1,NA,0.242674,NA,NA,0
"Dc36767","locus088",0.240958,1,NA,NA,1,NA,0.405524,NA,NA,0
"Dc36767","locus093",0.4143,Inf,Inf,NA,Inf,NA,1,NA,NA,0
"Dc36767","locus096",0.684164,0.642274,NA,NA,1,NA,0.298706,NA,NA,0
"Dc36767","locus098",0.734476,1,NA,NA,1,NA,0.368518,NA,NA,0
"Dc36767","locus100",0.909668,1,NA,NA,0.483908,NA,0.90797,NA,NA,0
"Dc36767","locus106",0.840756,Inf,NA,NA,0.712706,NA,0.289392,NA,NA,0
"Dc36767","locus110",0.70525,0.399994,NA,NA,NA,NA,0.20952,NA,NA,0
"Dc36767","locus116",0.95866,0.537092,NA,NA,0.88618,NA,0.773494,NA,NA,0
"Dc36767","locus119",0.895772,0.536726,NA,NA,0.2862,NA,0.987464,NA,NA,0
"Dc36767","locus120",0.609764,1,NA,NA,0.286512,NA,1,NA,NA,0
"Dc36767","locus126",0.293442,1,NA,NA,1,NA,0.095388,NA,NA,0
"Dc36767","locus128",0.137524,0.465048,NA,NA,0.884314,NA,0.598948,NA,NA,0
"Dc36767","locus129",0.480956,1,0.332804,NA,0.567168,NA,0.143156,NA,NA,0
"Dc36767","locus130",0.514928,0.462446,NA,NA,1,NA,0.634552,NA,NA,0
"Dc36767","locus134",0.37725,1,NA,NA,0.31526,NA,0.410734,NA,NA,0
"Dc36767","locus135",0.182892,0.785614,NA,NA,1,NA,0.191282,NA,NA,0
"Dc36767","locus137",0.179512,0.31881,NA,NA,0.28772,NA,0.81153,NA,NA,0
"Dc36767","locus139",0.831638,0.1247,Inf,NA,1,NA,0.757232,NA,NA,0
"Dc36767","locus140",0.831856,0.125054,Inf,NA,1,NA,0.76068,NA,NA,0
"Dc36767","locus146",0.12804,0.286858,NA,1,0.714086,NA,0.379164,NA,NA,0
"Dc36767","locus148",0.969186,0.640088,NA,NA,0.823366,NA,0.257234,NA,NA,0
"Dc36767","locus151",0.207594,0.426578,NA,NA,0.316066,NA,0.353514,NA,NA,0
"Dc36767","locus157",0.326218,0.640156,NA,1,1,NA,0.008314,NA,NA,1
"Dc36767","locus161",0.15104,1,NA,NA,1,NA,0.422184,NA,NA,0
"Dc36767","locus165",0.368346,0.64561,NA,NA,1,NA,0.653658,NA,NA,0
"Dc36767","locus170",0.623072,0.640362,NA,NA,1,NA,0.533246,NA,NA,0
"Dc36767","locus176",0.924308,0.466576,NA,NA,0.31473,NA,0.465024,NA,NA,0
"Dc36767","locus184",0.24495,0.429436,Inf,NA,1,NA,0.637982,NA,NA,0
"Dc36767","locus186",0.295904,1,NA,NA,1,NA,0.492826,NA,NA,0
"Dc36767","locus188",0.230378,0.854936,NA,NA,0.4791,NA,0.056632,NA,NA,0
"Dc36767","locus189",0.035216,1,Inf,NA,0.887838,NA,0.491432,NA,NA,1
"Dc36767","locus190",0.182024,0.143302,Inf,NA,0.884306,NA,0.367176,NA,NA,0
"Dc36767","locus191",0.537982,0.03606,NA,NA,0.315904,NA,0.134432,NA,NA,1
"Dc36767","locus192",0.761148,0.583436,NA,NA,1,NA,0.93339,NA,NA,0
"Dc36767","locus195",0.800268,0.464128,Inf,NA,0.712352,NA,0.250502,NA,NA,0
"Dc36767","locus202",0.575898,0.344402,NA,NA,0.888866,NA,0.508508,NA,NA,0
"Dc36767","locus210",0.805702,1,NA,NA,0.22941,NA,0.91973,NA,NA,0
"Dc36767","locus215",0.758142,0.463736,NA,NA,0.825168,NA,0.868032,NA,NA,0
"Dc36767","locus227",0.095652,0.463956,Inf,NA,Inf,NA,0.553068,NA,NA,0
"Dc36767","locus231",0.531002,0.426192,NA,NA,0.486776,NA,0.232044,NA,NA,0
"Dc36767","locus235",0.75245,0.344742,NA,NA,1,NA,0.826682,NA,NA,0
"Dc36767","locus236",0.02163,0.105912,NA,NA,1,NA,1,NA,NA,1
"Dc36767","locus237",0.512036,1,NA,NA,0.884484,NA,0.703778,NA,NA,0
"Dc36767","locus239",0.71526,0.047208,NA,NA,1,NA,0.316956,NA,NA,1
"Dc36767","locus248",0.827154,0.644562,NA,NA,0.71551,NA,0.085362,NA,NA,0
"Dc36767","locus255",0.814542,0.782928,Inf,NA,0.71615,NA,NA,NA,NA,0
"Dc36767","locus256",0.018066,1,NA,1,0.712942,NA,0.112504,NA,NA,1
"Dc36767","locus263",0.539438,0.282098,0.333832,Inf,0.573256,NA,1,NA,NA,0
"Dc36767","locus264",0.429148,1,NA,NA,1,NA,0.198908,NA,NA,0
"Dc36767","locus274",0.758224,0.786248,NA,NA,1,NA,0.244904,NA,NA,0
"Dc36767","locus280",0.008512,0.535364,NA,NA,0.715882,NA,0.006618,NA,NA,2
"Dc36767","locus282",0.542954,0.53709,NA,NA,0.88669,NA,0.42839,NA,NA,0
"Dc36767","locus286",0.249264,1,NA,NA,1,NA,0.642412,NA,NA,0
"Dc36767","locus291",0.011728,0.018352,Inf,NA,0.285852,NA,0.53826,NA,NA,2
"Dc36767","locus292",0.877578,0.640038,NA,NA,0.828956,NA,0.178212,NA,NA,0
"Dc36767","locus296",0.400962,1,NA,NA,0.28856,NA,0.938816,NA,NA,0
"Dc36767","locus301",0.803638,1,NA,NA,0.716042,NA,0.822024,NA,NA,0
"Dc36767","locus314",0.550662,0.197366,NA,NA,0.714852,NA,0.266396,NA,NA,0
"Dc36767","locus321",0.450004,1,NA,1,0.19991,NA,0.439256,NA,NA,0
"Dc36767","locus322",0.800854,0.465556,1,NA,0.313504,NA,0.058162,NA,NA,0
"Dc36767","locus323",0.246072,1,NA,NA,0.085592,NA,0.444152,NA,NA,0
"Dc36767","locus329",0.344954,1,NA,NA,0.229722,NA,0.595488,NA,NA,0
"Dc36767","locus332",0.097704,0.536044,NA,NA,0.484136,NA,0.530712,NA,NA,0
"Dc36767","locus349",0.666496,1,NA,NA,1,NA,0.12798,NA,NA,0
"Dc36767","locus358",0.763678,1,NA,0.332632,1,NA,0.336584,NA,NA,0
"Dc36767","locus359",0.535158,0.580698,NA,NA,1,NA,0.392006,NA,NA,0
"Dc36767","locus360",0.338884,1,NA,NA,0.886142,NA,0.093092,NA,NA,0
"Dc40235","Dc41234",0.060136,0.358874,Inf,NA,0.425656,NA,0.684332,NA,0.141608,0
"Dc40235","Dc46984",0.2345,0.679812,NA,NA,0.428872,NA,0.324702,NA,0.673512,0
"Dc40235","Dc47572",0.165378,0.355298,NA,NA,1,NA,0.858714,1,1,0
"Dc40235","Dc47935",0.656326,0.359174,NA,NA,0.287226,NA,0.883266,NA,0.33121,0
"Dc40235","Dc48207",1,Inf,Inf,NA,Inf,Inf,1,NA,1,0
"Dc40235","Dc48950",0.264038,0.500336,NA,1,1,NA,0.307818,NA,1,0
"Dc40235","Dc49080",0.644062,0.21342,NA,1,1,NA,0.728122,NA,0.658614,0
"Dc40235","Dc49184",0.350198,0.464074,NA,NA,1,NA,0.900652,NA,0.045498,1
"Dc40235","Dc51020",0.64604,1,NA,NA,1,NA,0.085546,NA,0.78268,0
"Dc40235","Dc52523",0.786328,0.784646,NA,NA,0.572896,NA,0.907536,NA,0.54828,0
"Dc40235","Dc55481",0.23184,0.640664,NA,NA,1,NA,0.088544,1,0.331386,0
"Dc40235","Dc58248",0.108846,1,NA,NA,0.569552,0.333044,0.384292,NA,0.800334,0
"Dc40235","Dc62188",0.460692,0.143302,NA,1,0.14288,NA,0.93828,NA,0.837852,0
"Dc40235","Dc67011",1,0.427706,NA,1,1,NA,0.207792,NA,0.591218,0
"Dc40235","locus002",0.524058,0.286078,NA,NA,Inf,NA,0.249684,NA,0.445514,0
"Dc40235","locus003",0.520082,1,NA,NA,0.139904,NA,1,NA,0.508624,0
"Dc40235","locus004",0.19408,0.46632,NA,NA,1,NA,0.447134,NA,0.27188,0
"Dc40235","locus005",0.110204,0.464172,NA,NA,1,Inf,0.072672,NA,1,0
"Dc40235","locus006",0.605796,0.570824,Inf,NA,1,NA,0.38131,1,0.616644,0
"Dc40235","locus008",0.428116,1,NA,NA,0.573146,NA,0.791228,NA,1,0
"Dc40235","locus013",0.195724,0.679316,NA,NA,0.427406,NA,0.725742,NA,1,0
"Dc40235","locus014",0.639968,0.573374,Inf,NA,1,1,0.41585,NA,0.753558,0
"Dc40235","locus022",0.347956,0.250322,NA,NA,1,NA,0.14765,NA,0.795092,0
"Dc40235","locus024",0.648434,0.42914,NA,NA,0.428152,NA,0.626674,NA,0.807062,0
"Dc40235","locus025",0.974604,0.212996,NA,NA,1,NA,0.83902,NA,1,0
"Dc40235","locus027",0.72838,1,NA,NA,1,NA,0.94887,NA,0.428318,0
"Dc40235","locus030",0.625606,1,NA,NA,0.428924,NA,0.029946,1,1,1
"Dc40235","locus035",0.683482,0.035584,NA,NA,1,Inf,0.76988,NA,0.50756,1
"Dc40235","locus038",0.51586,1,NA,NA,1,NA,0.517572,NA,1,0
"Dc40235","locus039",0.264226,0.571642,NA,NA,1,1,0.877464,NA,1,0
"Dc40235","locus040",1,0.25186,NA,NA,0.285334,NA,0.380212,NA,Inf,0
"Dc40235","locus041",0.954504,0.572326,NA,0.400484,1,NA,0.709118,NA,0.689762,0
"Dc40235","locus045",0.269226,0.464942,NA,NA,1,NA,0.694842,NA,1,0
"Dc40235","locus047",0.766068,1,NA,NA,1,1,0.466596,0.141514,0.207558,0
"Dc40235","locus048",0.155666,Inf,NA,NA,1,NA,1,1,0.508432,0
"Dc40235","locus053",0.660446,0.212958,NA,0.100102,0.427456,NA,0.65077,NA,0.344636,0
"Dc40235","locus055",0.44207,0.462652,NA,NA,0.429516,NA,0.450872,NA,1,0
"Dc40235","locus056",0.261318,0.57254,NA,NA,1,NA,0.92428,NA,0.521888,0
"Dc40235","locus058",0.807118,0.465076,NA,NA,0.569284,NA,0.917656,NA,0.123772,0
"Dc40235","locus060",0.05254,1,NA,NA,0.427532,NA,0.188016,NA,1,0
"Dc40235","locus061",0.587042,0.57316,NA,NA,1,0.333418,0.774838,NA,0.59058,0
"Dc40235","locus062",0.642872,0.25011,NA,0.399052,0.144172,1,1,1,0.34479,0
"Dc40235","locus064",0.425062,0.571622,Inf,NA,1,NA,0.442858,NA,1,0
"Dc40235","locus065",0.031864,1,NA,NA,1,NA,0.879832,NA,1,1
"Dc40235","locus073",0.029012,0.429552,NA,NA,1,NA,0.27502,NA,1,1
"Dc40235","locus074",0.681468,0.250104,NA,NA,0.430328,NA,0.825394,NA,0.091434,0
"Dc40235","locus076",0.09284,1,NA,NA,1,NA,0.112422,NA,0.022284,1
"Dc40235","locus077",0.45407,1,NA,NA,1,NA,0.085822,NA,1,0
"Dc40235","locus080",0.974684,0.21135,NA,NA,1,NA,0.61341,NA,1,0
"Dc40235","locus083",1,1,NA,NA,0.166508,NA,0.945138,NA,1,0
"Dc40235","locus088",0.907648,0.213482,NA,NA,1,NA,0.02363,NA,0.159872,1
"Dc40235","locus093",0.670118,Inf,Inf,NA,Inf,NA,0.362886,NA,1,0
"Dc40235","locus096",0.554916,1,NA,NA,1,NA,0.569946,NA,1,0
"Dc40235","locus098",0.81279,1,NA,NA,1,NA,0.357628,NA,1,0
"Dc40235","locus100",0.577098,0.429612,NA,NA,0.428876,NA,0.210404,NA,0.250168,0
"Dc40235","locus106",0.142846,Inf,Inf,NA,1,NA,0.25217,NA,1,0
"Dc40235","locus110",0.291538,1,NA,NA,NA,NA,0.359588,NA,NA,0
"Dc40235","locus116",0.550618,0.569286,NA,NA,0.428126,NA,0.193126,NA,NA,0
"Dc40235","locus119",0.47511,1,NA,NA,1,NA,0.047768,NA,NA,1
"Dc40235","locus120",0.492932,1,NA,NA,1,NA,0.875882,0.485714,NA,0
"Dc40235","locus126",0.850542,1,NA,NA,1,NA,0.55639,NA,NA,0
"Dc40235","locus128",0.879132,1,NA,NA,0.14213,NA,0.60923,NA,NA,0
"Dc40235","locus129",0.442758,1,1,NA,0.283504,NA,0.398166,NA,NA,0
"Dc40235","locus130",0.587356,0.464744,Inf,NA,Inf,NA,1,NA,NA,0
"Dc40235","locus134",0.328632,0.107212,NA,NA,0.426546,Inf,0.967848,NA,NA,0
"Dc40235","locus135",0.409654,0.677666,NA,NA,0.141738,NA,0.066718,NA,NA,0
"Dc40235","locus137",0.501244,1,NA,NA,1,NA,0.00765,NA,NA,1
"Dc40235","locus139",0.721162,1,Inf,NA,1,NA,0.03855,0.429708,NA,1
"Dc40235","locus140",0.717046,1,Inf,NA,1,NA,0.0382,NA,NA,1
"Dc40235","locus146",0.817054,0.569662,NA,1,1,NA,0.91978,NA,NA,0
"Dc40235","locus148",0.605296,0.462628,NA,NA,1,0.332644,0.83684,NA,NA,0
"Dc40235","locus151",1,1,NA,NA,1,NA,0.103048,NA,NA,0
"Dc40235","locus157",0.33203,1,NA,0.33272,1,NA,0.459056,NA,NA,0
"Dc40235","locus161",0.681964,0.463216,NA,NA,0.142708,0.332608,0.581116,1,NA,0
"Dc40235","locus165",0.304834,0.57262,NA,NA,1,NA,0.065842,NA,NA,0
"Dc40235","locus170",0.304,0.57135,NA,NA,1,NA,0.52432,NA,NA,0
"Dc40235","locus176",0.861098,1,Inf,NA,0.4269,NA,0.420894,NA,NA,0
"Dc40235","locus184",0.641644,1,Inf,NA,1,NA,0.751188,NA,NA,0
"Dc40235","locus186",0.77847,1,NA,NA,1,NA,0.614018,NA,NA,0
"Dc40235","locus188",0.067896,0.716,Inf,NA,1,NA,0.661318,NA,NA,0
"Dc40235","locus189",0.349404,0.249794,Inf,NA,0.430838,NA,0.707602,NA,NA,0
"Dc40235","locus190",0.332552,0.42797,Inf,NA,1,NA,0.741486,NA,NA,0
"Dc40235","locus191",0.248086,1,NA,NA,1,NA,0.072002,NA,NA,0
"Dc40235","locus192",0.673464,0.643938,NA,NA,1,1,0.032252,NA,NA,1
"Dc40235","locus195",0.79568,1,Inf,NA,1,Inf,0.242856,NA,NA,0
"Dc40235","locus202",0.15977,0.641928,NA,NA,1,NA,0.505952,NA,NA,0
"Dc40235","locus210",1,1,NA,NA,1,NA,0.196008,1,NA,0
"Dc40235","locus215",0.194072,1,NA,NA,1,NA,0.217106,NA,NA,0
"Dc40235","locus227",0.567666,0.464852,Inf,NA,Inf,NA,0.155338,NA,NA,0
"Dc40235","locus231",0.062808,1,NA,NA,0.42812,NA,0.607706,NA,NA,0
"Dc40235","locus235",0.90421,0.107476,NA,NA,1,NA,0.559334,NA,NA,0
"Dc40235","locus236",0.132548,0.35586,NA,NA,0.4278,NA,0.857158,NA,NA,0
"Dc40235","locus237",0.760328,0.571894,NA,NA,1,NA,0.263156,NA,NA,0
"Dc40235","locus239",0.909664,1,NA,NA,1,NA,0.15046,NA,NA,0
"Dc40235","locus248",0.750954,1,NA,NA,1,NA,0.32762,1,NA,0
"Dc40235","locus255",0.401774,0.570644,Inf,NA,1,NA,NA,NA,NA,0
"Dc40235","locus256",0.914196,0.250084,NA,1,1,NA,0.427798,NA,NA,0
"Dc40235","locus263",0.373186,0.57075,1,Inf,1,NA,0.710616,NA,NA,0
"Dc40235","locus264",0.076412,0.678614,NA,NA,1,NA,0.369374,NA,NA,0
"Dc40235","locus274",0.437746,1,NA,NA,0.569798,0.33295,0.038756,NA,NA,1
"Dc40235","locus280",0.378532,0.572064,NA,NA,0.573676,NA,0.833886,1,NA,0
"Dc40235","locus282",0.90577,1,NA,NA,1,1,0.449536,NA,NA,0
"Dc40235","locus286",0.338664,0.248406,NA,NA,0.142534,0.33329,0.680172,NA,NA,0
"Dc40235","locus291",0.440792,1,Inf,NA,1,NA,0.471964,NA,NA,0
"Dc40235","locus292",0.734174,0.571752,NA,NA,1,0.334204,0.228054,NA,NA,0
"Dc40235","locus296",0.362426,1,NA,NA,1,NA,1,NA,NA,0
"Dc40235","locus301",0.821976,0.641984,NA,NA,1,NA,0.815774,NA,NA,0
"Dc40235","locus314",0.684372,1,NA,NA,1,NA,0.127806,NA,NA,0
"Dc40235","locus321",0.951594,0.42749,NA,1,0.572722,NA,0.246044,0.028418,NA,1
"Dc40235","locus322",0.242234,1,1,NA,1,NA,0.61173,NA,NA,0
"Dc40235","locus323",0.778512,1,NA,NA,0.42916,NA,0.195598,NA,NA,0
"Dc40235","locus329",0.533492,1,NA,NA,1,NA,0.257244,NA,NA,0
"Dc40235","locus332",0.518474,0.572818,NA,NA,0.427856,NA,0.238058,NA,NA,0
"Dc40235","locus349",0.528228,0.463794,NA,NA,1,NA,1,NA,NA,0
"Dc40235","locus358",0.919714,1,NA,0.60148,1,1,0.045616,NA,NA,1
"Dc40235","locus359",0.280948,0.284536,NA,NA,1,NA,1,NA,NA,0
"Dc40235","locus360",0.216308,1,NA,NA,0.427058,NA,0.213756,NA,NA,0
"Dc41234","Dc46984",0.754364,0.743902,NA,NA,0.030302,NA,0.024964,NA,0.48406,2
"Dc41234","Dc47572",0.884002,0.492298,NA,NA,1,NA,0.36364,NA,1,0
"Dc41234","Dc47935",0.349884,0.489402,NA,NA,0.347962,NA,0.799024,NA,1,0
"Dc41234","Dc48207",0.147898,Inf,Inf,NA,Inf,NA,Inf,NA,Inf,0
"Dc41234","Dc48950",0.958974,1,NA,0.333656,1,NA,0.957474,NA,1,0
"Dc41234","Dc49080",0.003472,0.0326,NA,Inf,0.069378,NA,0.146556,NA,0.774004,2
"Dc41234","Dc49184",0.220686,1,NA,NA,1,NA,0.45739,NA,Inf,0
"Dc41234","Dc51020",0.482662,0.193552,NA,NA,1,NA,0.863274,NA,0.542662,0
"Dc41234","Dc52523",0.108442,1,NA,NA,0.351444,NA,0.403034,NA,1,0
"Dc41234","Dc55481",0.584272,0.929372,NA,NA,1,NA,0.39538,NA,0.252886,0
"Dc41234","Dc58248",0.176844,0.743272,NA,NA,1,NA,0.100504,NA,0.263962,0
"Dc41234","Dc62188",0.820394,0.497516,Inf,1,0.087252,NA,0.963668,NA,1,0
"Dc41234","Dc67011",0.749294,1,NA,Inf,0.084674,NA,0.599476,NA,Inf,0
"Dc41234","locus002",0.368408,1,NA,NA,1,NA,0.285802,NA,1,0
"Dc41234","locus003",0.935782,0.090376,NA,NA,0.08802,NA,0.553924,NA,0.771854,0
"Dc41234","locus004",0.483234,0.677148,NA,NA,0.42725,NA,0.874984,NA,0.428512,0
"Dc41234","locus005",0.857106,1,NA,NA,0.808964,NA,0.624064,NA,1,0
"Dc41234","locus006",0.194954,0.788834,Inf,NA,1,NA,0.146324,NA,0.432958,0
"Dc41234","locus008",0.563206,1,NA,NA,0.410672,NA,0.038914,NA,1,1
"Dc41234","locus013",0.671986,0.207804,NA,NA,0.579182,NA,0.52229,NA,1,0
"Dc41234","locus014",0.872314,1,NA,NA,0.80886,NA,0.947842,NA,0.543622,0
"Dc41234","locus022",0.659426,0.748608,NA,NA,1,NA,0.941178,NA,0.770534,0
"Dc41234","locus024",0.731576,0.141412,NA,NA,1,NA,0.879356,NA,0.774166,0
"Dc41234","locus025",0.845526,0.870928,NA,NA,0.811838,NA,0.422128,NA,1,0
"Dc41234","locus027",0.635226,0.487352,NA,NA,0.583306,NA,0.06493,NA,0.464468,0
"Dc41234","locus030",0.185094,1,NA,NA,0.0852,NA,0.175784,NA,0.202998,0
"Dc41234","locus035",0.967304,0.354026,NA,NA,0.809968,NA,0.197958,NA,0.140512,0
"Dc41234","locus038",0.774326,0.872508,NA,NA,0.479266,NA,0.820616,NA,0.427834,0
"Dc41234","locus039",0.143806,1,NA,NA,0.805028,NA,0.83808,NA,0.145694,0
"Dc41234","locus040",0.264582,0.62304,NA,NA,0.23919,NA,0.387262,NA,Inf,0
"Dc41234","locus041",0.140326,0.29686,NA,1,0.810162,NA,0.210718,NA,0.732336,0
"Dc41234","locus045",0.107832,0.089732,NA,NA,0.81108,NA,0.485152,NA,0.427574,0
"Dc41234","locus047",0.65271,0.799542,NA,NA,1,NA,0.921038,NA,0.771508,0
"Dc41234","locus048",0.662822,Inf,NA,NA,0.810414,NA,0.555916,NA,0.426634,0
"Dc41234","locus053",0.077618,0.872218,NA,Inf,1,NA,0.08335,NA,0.063602,0
"Dc41234","locus055",0.01366,0.350302,Inf,NA,1,NA,0.199498,NA,0.427642,1
"Dc41234","locus056",0.729732,0.785546,NA,NA,1,NA,0.55013,NA,1,0
"Dc41234","locus058",0.764708,1,NA,NA,1,NA,0.649012,NA,0.429138,0
"Dc41234","locus060",0.010576,0.570004,NA,NA,0.581436,NA,0.434088,NA,1,1
"Dc41234","locus061",0.678226,0.141598,NA,NA,1,NA,0.559916,NA,1,0
"Dc41234","locus062",0.606654,0.624466,NA,0.333218,1,NA,0.148672,NA,1,0
"Dc41234","locus064",0.072704,0.144308,Inf,NA,0.808886,NA,0.547012,NA,Inf,0
"Dc41234","locus065",0.755048,0.357004,NA,NA,1,NA,0.866414,NA,Inf,0
"Dc41234","locus073",0.470418,1,NA,NA,0.484984,NA,0.853128,NA,1,0
"Dc41234","locus074",0.022386,0.209576,NA,NA,1,NA,0.939966,NA,0.770254,1
"Dc41234","locus076",0.529314,0.569804,NA,NA,0.410604,NA,0.16826,NA,0.256948,0
"Dc41234","locus077",0.38764,0.360174,NA,NA,0.655754,NA,0.723606,NA,0.43135,0
"Dc41234","locus080",0.581602,0.87026,Inf,NA,1,NA,0.67874,NA,0.771692,0
"Dc41234","locus083",0.613364,1,NA,NA,0.662892,NA,0.27994,NA,0.43092,0
"Dc41234","locus088",0.922414,0.871966,NA,NA,0.200628,NA,0.624942,NA,0.427562,0
"Dc41234","locus093",0.61609,Inf,Inf,NA,Inf,NA,1,NA,1,0
"Dc41234","locus096",0.621856,0.144974,NA,NA,0.80943,NA,0.589276,NA,1,0
"Dc41234","locus098",0.500844,1,NA,NA,1,NA,0.406358,NA,0.768312,0
"Dc41234","locus100",0.583598,1,NA,NA,0.65731,NA,0.41711,NA,1,0
"Dc41234","locus106",0.090852,Inf,NA,NA,0.809876,NA,0.201754,NA,1,0
"Dc41234","locus110",0.190896,1,NA,NA,NA,NA,0.602582,NA,NA,0
"Dc41234","locus116",0.564276,0.874042,NA,NA,0.57982,NA,0.86737,NA,NA,0
"Dc41234","locus119",0.145492,0.873234,NA,NA,0.23875,NA,0.723814,NA,NA,0
"Dc41234","locus120",0.083222,0.373532,NA,NA,0.427998,NA,0.848128,NA,NA,0
"Dc41234","locus126",0.865486,1,NA,NA,1,NA,0.54826,NA,NA,0
"Dc41234","locus128",0.476608,1,NA,NA,0.58099,NA,0.94435,NA,NA,0
"Dc41234","locus129",0.89436,1,Inf,NA,0.141826,NA,0.390986,NA,NA,0
"Dc41234","locus130",0.559168,0.574012,NA,NA,0.732014,NA,0.62017,NA,NA,0
"Dc41234","locus134",0.648916,1,NA,NA,0.574616,NA,0.475952,NA,NA,0
"Dc41234","locus135",0.159704,1,NA,NA,1,NA,0.747792,NA,NA,0
"Dc41234","locus137",0.799036,0.742064,NA,NA,0.809432,NA,0.55889,NA,NA,0
"Dc41234","locus139",1,0.624254,Inf,NA,0.199938,NA,0.96607,NA,NA,0
"Dc41234","locus140",1,0.62127,Inf,NA,0.19753,NA,0.966276,NA,NA,0
"Dc41234","locus146",0.86321,0.358512,NA,0.333888,0.806978,NA,0.629952,NA,NA,0
"Dc41234","locus148",0.495744,1,NA,NA,1,NA,0.211258,NA,NA,0
"Dc41234","locus151",0.167854,1,NA,NA,1,NA,0.047128,NA,NA,1
"Dc41234","locus157",0.546076,0.676616,NA,1,1,NA,0.867306,NA,NA,0
"Dc41234","locus161",0.57076,0.569918,NA,NA,0.43164,NA,0.335976,NA,NA,0
"Dc41234","locus165",0.716902,1,Inf,NA,0.464966,NA,0.78621,NA,NA,0
"Dc41234","locus170",0.074972,0.87166,NA,NA,0.202672,NA,0.388536,NA,NA,0
"Dc41234","locus176",0.654962,0.74504,NA,NA,1,NA,0.280268,NA,NA,0
"Dc41234","locus184",0.030324,1,Inf,NA,1,NA,0.806128,NA,NA,1
"Dc41234","locus186",0.035596,1,NA,NA,1,NA,0.225008,NA,NA,1
"Dc41234","locus188",0.596064,0.178168,NA,NA,1,NA,0.50827,NA,NA,0
"Dc41234","locus189",0.688618,0.74237,Inf,NA,0.087968,NA,0.19383,NA,NA,0
"Dc41234","locus190",0.774864,0.084608,Inf,NA,0.57614,NA,0.77243,NA,NA,0
"Dc41234","locus191",0.595854,0.874698,NA,NA,0.582626,NA,0.372416,NA,NA,0
"Dc41234","locus192",0.100864,0.92894,NA,NA,0.808734,NA,0.58103,NA,NA,0
"Dc41234","locus195",0.944566,0.56857,Inf,NA,1,NA,0.729172,NA,NA,0
"Dc41234","locus202",0.353474,0.928192,NA,NA,1,NA,0.333486,NA,NA,0
"Dc41234","locus210",0.24898,0.802692,NA,NA,1,NA,0.376992,NA,NA,0
"Dc41234","locus215",0.21832,1,NA,NA,0.481174,NA,0.895394,NA,NA,0
"Dc41234","locus227",0.490974,1,Inf,NA,Inf,NA,0.5469,NA,NA,0
"Dc41234","locus231",0.094228,1,NA,NA,1,NA,0.120666,NA,NA,0
"Dc41234","locus235",0.298218,0.032798,NA,NA,1,NA,0.613076,NA,NA,1
"Dc41234","locus236",0.906624,0.872068,NA,NA,0.197568,NA,0.588296,NA,NA,0
"Dc41234","locus237",0.412898,0.785546,NA,NA,0.579366,NA,0.133122,NA,NA,0
"Dc41234","locus239",0.94723,0.928306,NA,NA,0.657168,NA,0.721294,NA,NA,0
"Dc41234","locus248",0.467888,0.785654,NA,NA,1,NA,0.900964,NA,NA,0
"Dc41234","locus255",0.117198,1,Inf,NA,0.235664,NA,NA,NA,NA,0
"Dc41234","locus256",0.754506,0.373818,NA,0.333082,1,NA,0.279634,NA,NA,0
"Dc41234","locus263",0.053428,1,Inf,Inf,1,NA,1,NA,NA,0
"Dc41234","locus264",0.707608,0.74159,NA,NA,0.657402,NA,0.87541,NA,NA,0
"Dc41234","locus274",0.094526,0.874658,NA,NA,0.065018,NA,0.968954,NA,NA,0
"Dc41234","locus280",0.049536,0.294904,NA,NA,1,NA,0.62663,NA,NA,1
"Dc41234","locus282",0.79815,1,NA,NA,0.574504,NA,0.175576,NA,NA,0
"Dc41234","locus286",0.385056,0.373384,NA,NA,0.428314,NA,0.033208,NA,NA,1
"Dc41234","locus291",0.263226,0.089042,Inf,NA,0.236152,NA,0.946766,NA,NA,0
"Dc41234","locus292",0.837418,0.86882,NA,NA,0.082742,NA,0.671646,NA,NA,0
"Dc41234","locus296",0.331518,1,NA,NA,0.808476,NA,0.35062,NA,NA,0
"Dc41234","locus301",0.955254,0.929754,NA,NA,0.066144,NA,0.721644,NA,NA,0
"Dc41234","locus314",0.757102,0.715754,NA,NA,0.811188,NA,0.150936,NA,NA,0
"Dc41234","locus321",0.283078,0.799106,NA,1,0.40973,NA,0.285788,NA,NA,0
"Dc41234","locus322",0.165792,0.570574,Inf,NA,1,NA,0.947404,NA,NA,0
"Dc41234","locus323",0.57204,0.088406,NA,NA,0.661104,NA,0.01874,NA,NA,1
"Dc41234","locus329",0.128888,0.354816,NA,NA,0.4883,NA,0.614822,NA,NA,0
"Dc41234","locus332",0.557864,0.298984,NA,NA,1,NA,0.240798,NA,NA,0
"Dc41234","locus349",0.973734,0.571612,Inf,NA,0.660894,NA,0.105618,NA,NA,0
"Dc41234","locus358",0.927324,1,NA,1,1,NA,0.827206,NA,NA,0
"Dc41234","locus359",0.59578,0.927256,NA,NA,0.43064,NA,0.217792,NA,NA,0
"Dc41234","locus360",0.396878,0.924454,NA,NA,0.58082,NA,0.085012,NA,NA,0
"Dc46984","Dc47572",0.89353,0.745246,NA,0.291856,1,NA,0.960494,0.808818,0.207512,0
"Dc46984","Dc47935",0.571526,0.013984,NA,NA,0.826784,NA,0.094556,NA,0.667042,1
"Dc46984","Dc48207",0.451652,Inf,Inf,NA,Inf,Inf,0.38813,NA,0.599074,0
"Dc46984","Dc48950",0.773108,1,NA,1,1,NA,0.74059,NA,1,0
"Dc46984","Dc49080",0.104338,0.742962,NA,1,0.315778,NA,0.849172,NA,0.930388,0
"Dc46984","Dc49184",0.63382,1,NA,NA,1,NA,0.240344,NA,0.747692,0
"Dc46984","Dc51020",0.097894,1,NA,NA,1,NA,0.9008,NA,0.679236,0
"Dc46984","Dc52523",0.142516,1,NA,NA,0.82781,Inf,0.735024,NA,0.258164,0
"Dc46984","Dc55481",0.080898,1,1,NA,1,NA,0.691804,0.502474,0.737518,0
"Dc46984","Dc58248",0.297468,0.869112,NA,NA,1,1,0.294992,NA,0.658452,0
"Dc46984","Dc62188",0.554602,1,NA,1,0.484698,NA,0.076792,NA,0.66947,0
"Dc46984","Dc67011",1,1,NA,0.600046,0.491144,NA,0.504392,NA,1,0
"Dc46984","locus002",0.344488,1,NA,NA,1,NA,0.37032,NA,0.74005,0
"Dc46984","locus003",0.742174,0.677074,NA,NA,0.486824,NA,0.198212,NA,0.60199,0
"Dc46984","locus004",0.745234,0.035676,NA,NA,0.429808,NA,0.83433,NA,0.646496,1
"Dc46984","locus005",0.482074,0.357226,NA,NA,0.716486,NA,0.361132,NA,0.207986,0
"Dc46984","locus006",0.7476,1,1,NA,1,NA,0.629036,1,0.77367,0
"Dc46984","locus008",0.57505,0.67863,NA,NA,0.11438,NA,0.646298,NA,0.367438,0
"Dc46984","locus013",0.391568,0.87169,NA,NA,0.370712,Inf,0.971348,NA,1,0
"Dc46984","locus014",0.567146,0.290568,NA,NA,0.712618,0.333664,0.605676,NA,0.038148,1
"Dc46984","locus022",0.71312,0.614428,NA,NA,1,NA,0.80608,NA,0.218762,0
"Dc46984","locus024",0.269952,0.05773,NA,NA,1,NA,0.757142,NA,0.419504,0
"Dc46984","locus025",0.027668,0.744456,NA,NA,0.717448,NA,0.013436,NA,0.497836,2
"Dc46984","locus027",0.403066,0.48649,NA,NA,1,NA,0.764716,NA,0.201432,0
"Dc46984","locus030",0.497706,0.31244,NA,NA,0.028364,NA,0.993088,1,0.930492,1
"Dc46984","locus035",0.494992,0.679046,NA,NA,0.71379,Inf,0.418946,NA,1,0
"Dc46984","locus038",0.091284,1,NA,NA,0.231174,NA,0.195772,NA,0.819218,0
"Dc46984","locus039",0.4957,0.742074,NA,NA,0.714258,1,0.19392,NA,1,0
"Dc46984","locus040",0.796742,1,0.501142,NA,0.144046,NA,0.897246,NA,Inf,0
"Dc46984","locus041",0.868708,1,Inf,1,1,NA,0.933622,NA,0.795942,0
"Dc46984","locus045",0.955476,0.357932,NA,NA,0.7169,NA,0.154624,NA,0.68688,0
"Dc46984","locus047",0.296826,0.31447,NA,NA,1,1,0.087364,1,0.228154,0
"Dc46984","locus048",0.666648,Inf,NA,NA,0.715932,NA,0.043384,0.809244,0.748208,1
"Dc46984","locus053",0.427988,1,NA,NA,0.544394,NA,0.530542,NA,0.822264,0
"Dc46984","locus055",0.203014,0.676926,NA,NA,1,NA,0.407592,NA,0.209462,0
"Dc46984","locus056",0.725964,0.679552,NA,NA,1,NA,0.442536,NA,0.72059,0
"Dc46984","locus058",0.03051,0.356258,0.166406,NA,1,NA,0.699338,NA,0.246008,1
"Dc46984","locus060",0.17501,0.14067,NA,NA,0.37361,NA,0.031738,NA,0.616062,1
"Dc46984","locus061",0.590414,0.24983,NA,NA,1,1,0.18727,NA,0.76986,0
"Dc46984","locus062",0.081334,1,NA,0.600744,0.482678,1,0.95259,0.580026,0.50716,0
"Dc46984","locus064",0.91174,0.250046,1,NA,0.715816,NA,0.678942,NA,0.769476,0
"Dc46984","locus065",0.050604,0.25042,0.500092,NA,1,NA,0.739934,NA,0.769806,0
"Dc46984","locus073",0.187618,1,NA,NA,0.226574,NA,0.856904,NA,0.603842,0
"Dc46984","locus074",0.269068,0.870946,NA,NA,1,NA,0.767966,NA,0.47839,0
"Dc46984","locus076",0.28337,1,NA,NA,1,Inf,0.555452,NA,0.200056,0
"Dc46984","locus077",0.759244,0.251048,NA,NA,0.48281,NA,0.110672,NA,0.038432,1
"Dc46984","locus080",0.674662,0.742302,NA,NA,0.542902,NA,0.480384,NA,0.257004,0
"Dc46984","locus083",0.666698,0.679918,NA,NA,0.499112,NA,0.597878,NA,0.18024,0
"Dc46984","locus088",0.592004,0.744462,0.500718,NA,1,NA,0.886998,NA,0.42276,0
"Dc46984","locus093",0.360642,Inf,Inf,NA,Inf,NA,1,NA,0.285816,0
"Dc46984","locus096",0.585402,0.68013,NA,NA,0.713694,NA,0.333268,NA,0.898476,0
"Dc46984","locus098",0.994938,1,NA,NA,1,NA,0.659016,NA,1,0
"Dc46984","locus100",0.424122,0.22875,NA,NA,0.486898,NA,0.02245,NA,0.580092,1
"Dc46984","locus106",0.138492,Inf,NA,NA,0.716518,NA,0.863846,NA,1,0
"Dc46984","locus110",0.823914,0.39995,NA,NA,NA,NA,0.494976,NA,NA,0
"Dc46984","locus116",0.693416,1,0.33311,NA,1,NA,0.248586,NA,NA,0
"Dc46984","locus119",0.299216,0.294274,NA,NA,1,NA,0.78506,NA,NA,0
"Dc46984","locus120",0.640336,1,NA,1,0.428338,NA,0.845536,0.658946,NA,0
"Dc46984","locus126",0.282102,1,NA,NA,1,NA,0.606616,NA,NA,0
"Dc46984","locus128",0.243564,0.357866,NA,NA,0.37103,NA,0.674612,NA,NA,0
"Dc46984","locus129",0.43374,0.742024,NA,NA,0.143978,NA,0.011558,NA,NA,1
"Dc46984","locus130",0.119094,0.679016,NA,NA,0.597644,NA,0.312364,NA,NA,0
"Dc46984","locus134",0.629706,0.143614,NA,NA,0.375538,Inf,0.216556,NA,NA,0
"Dc46984","locus135",0.327344,0.483336,NA,NA,0.485524,NA,0.651122,NA,NA,0
"Dc46984","locus137",0.653088,0.869408,NA,NA,0.713022,NA,0.42182,NA,NA,0
"Dc46984","locus139",0.887654,1,Inf,NA,1,NA,0.085306,0.580768,NA,0
"Dc46984","locus140",0.883744,1,Inf,NA,1,NA,0.08743,NA,NA,0
"Dc46984","locus146",0.32474,1,NA,1,0.717994,NA,0.020526,NA,NA,1
"Dc46984","locus148",0.744944,1,NA,NA,1,1,0.952272,NA,NA,0
"Dc46984","locus151",0.860466,0.230594,NA,NA,1,NA,0.459762,NA,NA,0
"Dc46984","locus157",0.985024,1,Inf,Inf,1,NA,0.024436,NA,NA,1
"Dc46984","locus161",0.839202,0.354536,1,NA,0.424054,1,0.524742,0.812822,NA,0
"Dc46984","locus165",0.901244,1,NA,NA,0.19893,NA,0.27172,NA,NA,0
"Dc46984","locus170",0.495872,0.036272,1,NA,1,NA,0.515962,NA,NA,1
"Dc46984","locus176",0.010114,0.615578,NA,NA,1,NA,0.922474,NA,NA,1
"Dc46984","locus184",0.259058,1,1,NA,1,NA,0.436048,NA,NA,0
"Dc46984","locus186",0.076546,1,NA,NA,1,NA,0.633184,NA,NA,0
"Dc46984","locus188",0.022536,1,NA,NA,0.771764,NA,0.336948,NA,NA,1
"Dc46984","locus189",0.67521,0.61328,Inf,NA,0.029352,NA,0.968296,NA,NA,1
"Dc46984","locus190",0.348808,1,Inf,NA,0.369038,NA,0.790736,NA,NA,0
"Dc46984","locus191",0.529932,0.739706,Inf,NA,0.373886,NA,0.091258,NA,NA,0
"Dc46984","locus192",0.41827,0.31708,NA,NA,0.720178,0.333342,0.54904,NA,NA,0
"Dc46984","locus195",0.974154,1,1,NA,1,Inf,0.3928,NA,NA,0
"Dc46984","locus202",0.248452,1,NA,NA,1,NA,0.75597,NA,NA,0
"Dc46984","locus210",0.420726,0.5735,NA,NA,0.486644,NA,0.410272,1,NA,0
"Dc46984","locus215",0.245114,0.356912,NA,NA,1,NA,0.01373,NA,NA,1
"Dc46984","locus227",0.044216,0.67814,Inf,NA,Inf,NA,0.75187,NA,NA,1
"Dc46984","locus231",0.051928,0.227522,Inf,NA,1,NA,0.764046,NA,NA,0
"Dc46984","locus235",0.804826,1,1,NA,1,NA,0.382806,NA,NA,0
"Dc46984","locus236",0.802492,0.742424,NA,NA,1,NA,0.02745,NA,NA,1
"Dc46984","locus237",0.72098,1,1,NA,1,NA,0.912966,NA,NA,0
"Dc46984","locus239",0.829968,0.214394,NA,NA,0.485514,NA,0.779226,NA,NA,0
"Dc46984","locus248",0.59367,0.677346,NA,NA,1,NA,0.43449,0.20185,NA,0
"Dc46984","locus255",0.759896,1,1,NA,0.142094,NA,NA,NA,NA,0
"Dc46984","locus256",0.701228,0.250676,NA,1,1,NA,0.040656,NA,NA,1
"Dc46984","locus263",0.552498,0.249098,NA,Inf,1,NA,0.610218,NA,NA,0
"Dc46984","locus264",0.907644,0.609294,NA,NA,0.48676,NA,0.579778,NA,NA,0
"Dc46984","locus274",0.061132,0.28957,NA,NA,0.31184,1,0.071458,NA,NA,0
"Dc46984","locus280",0.89246,1,NA,NA,0.312332,NA,0.130382,0.197698,NA,0
"Dc46984","locus282",0.835274,0.742468,NA,NA,1,1,0.140806,NA,NA,0
"Dc46984","locus286",0.119404,0.250622,NA,NA,0.427866,1,0.617362,NA,NA,0
"Dc46984","locus291",0.283492,0.680128,1,NA,1,NA,0.818156,NA,NA,0
"Dc46984","locus292",0.751462,0.014126,NA,NA,0.486076,1,0.720832,NA,NA,1
"Dc46984","locus296",0.348876,0.679916,NA,NA,0.713766,NA,0.391316,NA,NA,0
"Dc46984","locus301",0.309252,1,NA,NA,0.314346,NA,0.995742,NA,NA,0
"Dc46984","locus314",0.23165,0.769122,NA,NA,0.712258,NA,0.731076,NA,NA,0
"Dc46984","locus321",0.719822,0.56863,NA,1,0.115548,NA,0.905424,1,NA,0
"Dc46984","locus322",0.394616,0.141268,NA,NA,1,NA,0.742314,NA,NA,0
"Dc46984","locus323",0.331918,0.35676,NA,NA,0.48434,NA,0.921534,NA,NA,0
"Dc46984","locus329",0.888918,0.251164,NA,NA,0.227828,NA,0.96029,NA,NA,0
"Dc46984","locus332",0.213578,0.739842,NA,NA,1,NA,0.31426,NA,NA,0
"Dc46984","locus349",0.86079,0.677986,NA,NA,0.485086,NA,0.800554,NA,NA,0
"Dc46984","locus358",0.398258,1,NA,1,1,1,0.425988,NA,NA,0
"Dc46984","locus359",0.865068,0.215606,NA,NA,0.425058,NA,0.961108,NA,NA,0
"Dc46984","locus360",0.370762,0.320914,NA,NA,1,NA,0.884286,NA,NA,0
"Dc47572","Dc47935",0.442194,1,NA,NA,0.885528,NA,0.2946,NA,0.718594,0
"Dc47572","Dc48207",0.418818,Inf,Inf,NA,Inf,Inf,1,NA,0.299146,0
"Dc47572","Dc48950",0.19384,0.74079,NA,0.702472,0.774386,NA,0.005738,NA,0.485908,1
"Dc47572","Dc49080",0.568908,0.868856,NA,1,0.428528,NA,0.630082,NA,0.766284,0
"Dc47572","Dc49184",0.008628,1,NA,NA,0.335166,NA,0.333432,NA,1,1
"Dc47572","Dc51020",0.820796,0.570456,NA,NA,0.429514,NA,0.402274,NA,1,0
"Dc47572","Dc52523",0.944454,1,NA,NA,0.884756,NA,0.560172,NA,1,0
"Dc47572","Dc55481",0.076856,0.928638,1,NA,0.336634,NA,0.749824,0.499814,0.249606,0
"Dc47572","Dc58248",0.059312,0.74241,NA,NA,0.765224,1,0.394338,NA,0.439848,0
"Dc47572","Dc62188",0.584256,1,NA,0.597816,1,Inf,0.216222,NA,0.023044,1
"Dc47572","Dc67011",0.913166,1,NA,1,1,NA,0.846294,NA,0.511542,0
"Dc47572","locus002",0.683964,1,NA,NA,0.400198,NA,0.884356,NA,0.544308,0
"Dc47572","locus003",0.434072,1,NA,NA,1,NA,0.25824,NA,0.037234,1
"Dc47572","locus004",0.68113,0.673826,NA,NA,1,NA,0.310264,NA,1,0
"Dc47572","locus005",0.340714,0.569512,NA,NA,1,NA,0.483328,NA,1,0
"Dc47572","locus006",0.563582,0.785148,1,NA,1,NA,0.205914,1,1,0
"Dc47572","locus008",1,1,NA,NA,1,NA,0.161898,NA,1,0
"Dc47572","locus013",0.413448,1,NA,NA,0.771482,NA,0.673464,NA,0.769678,0
"Dc47572","locus014",0.700882,0.874136,NA,NA,0.714162,1,0.335962,NA,0.791658,0
"Dc47572","locus022",0.340994,0.746568,NA,NA,0.377538,NA,0.54355,NA,0.579978,0
"Dc47572","locus024",0.875478,0.487964,NA,NA,1,NA,0.90404,NA,0.446474,0
"Dc47572","locus025",0.11789,0.872972,NA,NA,0.715448,NA,0.239618,NA,0.463588,0
"Dc47572","locus027",0.263376,0.486786,NA,NA,0.423444,NA,0.356726,NA,0.62336,0
"Dc47572","locus030",0.961296,0.797366,NA,NA,0.77135,NA,0.302204,0.714086,0.362346,0
"Dc47572","locus035",0.155604,0.356144,NA,NA,1,Inf,0.28079,NA,1,0
"Dc47572","locus038",0.193284,0.298116,NA,NA,0.23175,NA,0.970056,NA,1,0
"Dc47572","locus039",0.283046,0.872844,NA,NA,0.33382,0.333044,0.860158,NA,1,0
"Dc47572","locus040",0.75187,0.624684,1,NA,0.62229,NA,0.428214,NA,Inf,0
"Dc47572","locus041",0.83239,0.869974,NA,1,0.715944,NA,0.176908,NA,1,0
"Dc47572","locus045",0.247598,0.576784,NA,NA,0.618646,NA,0.920336,NA,0.291572,0
"Dc47572","locus047",0.264294,0.256238,NA,NA,1,0.333508,0.619058,1,1,0
"Dc47572","locus048",0.128182,Inf,NA,NA,1,NA,0.359262,0.522208,0.23175,0
"Dc47572","locus053",0.35643,0.874012,NA,NA,0.5876,NA,0.434522,NA,0.266184,0
"Dc47572","locus055",0.196202,0.36241,NA,NA,1,NA,0.395998,NA,0.173364,0
"Dc47572","locus056",0.665826,0.784716,NA,NA,1,NA,0.923672,NA,1,0
"Dc47572","locus058",0.896388,0.572194,0.50078,NA,1,NA,0.251008,NA,0.601498,0
"Dc47572","locus060",0.980938,0.566564,NA,NA,0.772206,NA,0.859894,NA,0.564522,0
"Dc47572","locus061",0.518114,1,Inf,NA,1,1,0.719926,NA,0.486714,0
"Dc47572","locus062",0.8775,0.625786,NA,0.401614,0.65677,0.334018,0.10348,0.713576,0.312812,0
"Dc47572","locus064",0.166888,1,1,NA,1,NA,0.08269,NA,1,0
"Dc47572","locus065",1,0.140338,1,NA,0.430196,NA,0.958808,NA,1,0
"Dc47572","locus073",0.733696,1,NA,NA,0.65859,NA,0.662256,NA,0.24605,0
"Dc47572","locus074",0.505916,0.739274,NA,NA,0.425376,NA,0.99212,NA,0.72914,0
"Dc47572","locus076",0.688398,1,NA,NA,1,NA,0.194226,NA,0.731836,0
"Dc47572","locus077",0.353824,1,NA,NA,1,NA,0.829266,NA,1,0
"Dc47572","locus080",0.021506,0.2934,NA,NA,0.430346,NA,0.431642,NA,0.46227,1
"Dc47572","locus083",0.225874,1,NA,NA,1,NA,0.909184,NA,0.592574,0
"Dc47572","locus088",0.770288,0.872424,0.248414,NA,0.657504,NA,0.722286,NA,0.130432,0
"Dc47572","locus093",0.606286,Inf,Inf,NA,Inf,NA,1,NA,1,0
"Dc47572","locus096",0.263916,0.785876,NA,NA,1,NA,0.148216,NA,0.105446,0
"Dc47572","locus098",0.391158,1,NA,NA,0.42894,NA,0.743652,NA,0.66667,0
"Dc47572","locus100",1,1,NA,NA,1,NA,0.042344,NA,0.728306,1
"Dc47572","locus106",0.62883,Inf,NA,NA,0.617538,NA,0.399812,NA,1,0
"Dc47572","locus110",0.244166,1,NA,NA,NA,NA,0.049184,NA,NA,1
"Dc47572","locus116",0.329274,0.869022,1,NA,1,NA,0.748528,NA,NA,0
"Dc47572","locus119",0.76048,0.297288,NA,NA,1,NA,0.432682,NA,NA,0
"Dc47572","locus120",0.56398,1,NA,0.597736,1,NA,0.276048,1,NA,0
"Dc47572","locus126",0.589332,1,Inf,NA,0.256518,NA,0.531714,NA,NA,0
"Dc47572","locus128",0.30711,0.089324,0.332816,NA,0.77257,NA,0.929214,NA,NA,0
"Dc47572","locus129",0.804364,1,NA,NA,1,NA,0.714712,NA,NA,0
"Dc47572","locus130",0.489486,0.572814,NA,NA,0.600018,NA,0.36539,NA,NA,0
"Dc47572","locus134",0.25987,1,NA,NA,1,Inf,0.160766,NA,NA,0
"Dc47572","locus135",0.937748,0.680898,NA,NA,0.657358,NA,0.890828,NA,NA,0
"Dc47572","locus137",0.737454,0.746462,NA,NA,1,NA,0.971168,NA,NA,0
"Dc47572","locus139",1,0.375662,Inf,NA,1,NA,0.550336,1,NA,0
"Dc47572","locus140",1,0.375576,Inf,NA,1,NA,0.550694,NA,NA,0
"Dc47572","locus146",0.734056,0.784546,NA,1,0.618818,NA,0.067182,NA,NA,0
"Dc47572","locus148",0.56112,0.358698,NA,NA,0.659412,1,0.19044,NA,NA,0
"Dc47572","locus151",0.743352,0.484978,NA,NA,1,NA,0.331114,NA,NA,0
"Dc47572","locus157",0.172884,0.353384,NA,NA,0.427496,NA,0.14456,NA,NA,0
"Dc47572","locus161",0.32235,1,0.499478,NA,1,1,0.941604,1,NA,0
"Dc47572","locus165",0.9608,0.291312,NA,NA,0.467268,NA,0.05476,NA,NA,0
"Dc47572","locus170",0.336,0.871658,1,NA,1,NA,0.333688,NA,NA,0
"Dc47572","locus176",0.314444,0.740236,NA,NA,1,NA,0.888182,NA,NA,0
"Dc47572","locus184",0.214592,0.486656,1,NA,0.047972,NA,0.3527,NA,NA,1
"Dc47572","locus186",0.229834,1,NA,NA,0.254748,NA,0.431412,NA,NA,0
"Dc47572","locus188",0.000936,0.74646,NA,NA,1,NA,0.476674,NA,NA,1
"Dc47572","locus189",0.094162,0.741376,Inf,NA,0.77072,NA,0.710358,NA,NA,0
"Dc47572","locus190",0.373088,0.084908,Inf,NA,0.770638,NA,0.587344,NA,NA,0
"Dc47572","locus191",0.88697,0.290192,NA,NA,1,NA,0.690098,NA,NA,0
"Dc47572","locus192",0.642124,0.929098,NA,NA,0.711766,1,0.342198,NA,NA,0
"Dc47572","locus195",0.428778,0.572546,1,NA,1,NA,0.622612,NA,NA,0
"Dc47572","locus202",0.164884,0.18021,NA,NA,0.425714,NA,0.048406,NA,NA,1
"Dc47572","locus210",0.070942,1,NA,NA,1,NA,0.670758,1,NA,0
"Dc47572","locus215",0.736,0.08946,NA,NA,0.658354,NA,0.079528,NA,NA,0
"Dc47572","locus227",0.958464,0.565002,Inf,NA,Inf,NA,0.132786,NA,NA,0
"Dc47572","locus231",0.817064,0.484772,NA,NA,0.658498,NA,0.153994,NA,NA,0
"Dc47572","locus235",0.203022,0.17841,1,NA,0.42838,NA,0.174004,NA,NA,0
"Dc47572","locus236",0.633986,0.86951,NA,NA,1,NA,0.856414,NA,NA,0
"Dc47572","locus237",0.179826,0.35823,1,NA,0.426812,NA,0.464246,NA,NA,0
"Dc47572","locus239",0.010744,0.43122,NA,NA,1,NA,0.389632,NA,NA,1
"Dc47572","locus248",0.877532,0.144162,NA,NA,1,NA,0.920536,1,NA,0
"Dc47572","locus255",0.665202,1,1,NA,0.620884,NA,NA,NA,NA,0
"Dc47572","locus256",0.876354,0.375748,NA,1,1,NA,0.18429,NA,NA,0
"Dc47572","locus263",0.35125,0.143626,NA,Inf,0.142128,NA,0.08021,NA,NA,0
"Dc47572","locus264",0.628262,0.744788,NA,NA,1,NA,0.270194,NA,NA,0
"Dc47572","locus274",0.174392,0.875458,1,NA,0.425984,1,0.806506,NA,NA,0
"Dc47572","locus280",0.864596,0.034662,NA,NA,0.431488,NA,0.690632,1,NA,1
"Dc47572","locus282",0.602908,0.291338,NA,NA,0.428394,0.333318,0.13927,NA,NA,0
"Dc47572","locus286",0.282256,0.376664,NA,NA,1,1,0.712228,NA,NA,0
"Dc47572","locus291",0.46322,0.088152,1,NA,1,NA,0.849366,NA,NA,0
"Dc47572","locus292",0.10601,0.873464,NA,NA,1,1,0.516618,NA,NA,0
"Dc47572","locus296",0.783664,0.68204,NA,NA,1,NA,0.20798,NA,NA,0
"Dc47572","locus301",0.547624,0.92567,NA,NA,1,NA,0.210524,NA,NA,0
"Dc47572","locus314",0.780872,0.412974,NA,NA,1,NA,0.819136,NA,NA,0
"Dc47572","locus321",0.204584,0.799012,NA,1,1,NA,0.798828,1,NA,0
"Dc47572","locus322",0.02456,0.57089,NA,NA,0.775696,NA,0.345446,NA,NA,1
"Dc47572","locus323",0.655058,1,NA,NA,1,NA,0.723988,NA,NA,0
"Dc47572","locus329",0.77975,1,NA,NA,0.113856,Inf,0.389074,NA,NA,0
"Dc47572","locus332",0.701634,0.29099,NA,NA,1,NA,0.000992,NA,NA,1
"Dc47572","locus349",0.747222,1,NA,NA,0.429454,NA,0.38407,NA,NA,0
"Dc47572","locus358",0.646162,0.14142,NA,0.59887,0.42994,0.334088,0.985566,NA,NA,0
"Dc47572","locus359",0.946962,0.433536,NA,NA,1,NA,0.507406,NA,NA,0
"Dc47572","locus360",0.231184,0.92794,NA,NA,0.424508,NA,0.001838,NA,NA,1
"Dc47935","Dc48207",0.60583,Inf,Inf,NA,Inf,Inf,0.67942,NA,1,0
"Dc47935","Dc48950",0.038476,1,NA,1,0.516844,NA,0.737532,NA,0.514668,1
"Dc47935","Dc49080",0.711148,0.293972,NA,1,0.714732,NA,0.31267,NA,0.34151,0
"Dc47935","Dc49184",0.54216,0.572766,NA,NA,0.564316,NA,0.255746,NA,1,0
"Dc47935","Dc51020",0.64869,1,NA,NA,1,NA,0.554066,NA,0.180422,0
"Dc47935","Dc52523",0.05488,1,NA,NA,1,NA,0.566812,NA,0.361546,0
"Dc47935","Dc55481",0.990262,0.929646,Inf,NA,0.574258,NA,0.403414,1,0.395414,0
"Dc47935","Dc58248",0.454862,0.740174,NA,NA,0.517182,Inf,0.765974,NA,0.69216,0
"Dc47935","Dc62188",0.614018,1,NA,1,0.027644,NA,0.198712,NA,0.606464,1
"Dc47935","Dc67011",0.28325,0.485532,NA,0.600854,0.057336,NA,0.133912,NA,0.579168,0
"Dc47935","locus002",0.630932,1,NA,NA,1,NA,0.074602,NA,0.048984,1
"Dc47935","locus003",0.36494,0.571534,NA,NA,0.029064,NA,0.161314,NA,0.67579,1
"Dc47935","locus004",0.66108,0.10623,NA,NA,1,NA,0.922334,NA,0.122858,0
"Dc47935","locus005",0.629776,0.569276,NA,NA,1,NA,0.695144,NA,0.34312,0
"Dc47935","locus006",0.757276,1,Inf,NA,1,NA,0.107218,1,0.705814,0
"Dc47935","locus008",0.643632,0.574884,NA,NA,0.199724,NA,0.251194,NA,0.697712,0
"Dc47935","locus013",0.854486,0.744078,NA,NA,0.886246,NA,0.442792,NA,0.824406,0
"Dc47935","locus014",0.805052,0.290356,NA,NA,1,Inf,0.69219,NA,0.619582,0
"Dc47935","locus022",0.974012,0.209758,NA,NA,0.825984,NA,0.592968,NA,0.427174,0
"Dc47935","locus024",0.8591,0.085414,NA,NA,1,NA,0.425628,NA,0.346634,0
"Dc47935","locus025",0.26742,0.293738,Inf,NA,1,NA,0.921744,NA,0.252514,0
"Dc47935","locus027",0.822764,1,Inf,NA,0.883044,NA,0.410796,NA,0.773086,0
"Dc47935","locus030",0.72267,0.799176,NA,NA,0.885828,NA,0.390044,1,0.460842,0
"Dc47935","locus035",0.560372,0.357314,NA,NA,0.09566,Inf,0.469992,NA,0.873076,0
"Dc47935","locus038",0.171566,1,NA,NA,1,NA,0.25158,NA,0.603564,0
"Dc47935","locus039",0.09299,0.292046,NA,NA,0.285548,Inf,0.149492,NA,0.259962,0
"Dc47935","locus040",0.042786,0.623832,Inf,NA,0.289512,NA,0.825692,NA,Inf,1
"Dc47935","locus041",0.872038,0.872862,NA,0.597072,1,NA,0.227342,NA,0.834472,0
"Dc47935","locus045",0.971886,0.569782,NA,NA,0.713454,NA,0.179078,NA,0.465488,0
"Dc47935","locus047",0.303004,0.802956,NA,NA,0.197196,Inf,0.260488,1,0.55393,0
"Dc47935","locus048",0.35515,Inf,NA,NA,1,NA,0.286378,0.329684,0.871076,0
"Dc47935","locus053",0.265188,0.871444,NA,NA,1,NA,0.50808,NA,0.684388,0
"Dc47935","locus055",0.951812,0.35164,NA,NA,1,NA,0.3743,NA,1,0
"Dc47935","locus056",0.727534,0.786778,NA,NA,1,NA,0.738008,NA,0.714016,0
"Dc47935","locus058",0.002616,0.571748,Inf,NA,1,NA,0.9807,NA,1,1
"Dc47935","locus060",0.160642,0.57204,NA,NA,0.890996,NA,0.078572,NA,0.829906,0
"Dc47935","locus061",0.788822,0.357422,NA,NA,1,Inf,0.980236,NA,1,0
"Dc47935","locus062",0.943974,0.626366,NA,0.599066,0.829132,Inf,0.195792,0.771968,0.677626,0
"Dc47935","locus064",0.966664,0.355114,Inf,NA,0.71511,NA,0.415804,NA,1,0
"Dc47935","locus065",0.21425,0.356224,Inf,NA,0.571248,NA,0.870242,NA,1,0
"Dc47935","locus073",0.674934,0.487192,NA,NA,0.8276,NA,0.772376,NA,0.345398,0
"Dc47935","locus074",0.823966,1,NA,NA,0.884492,NA,0.35616,NA,0.34818,0
"Dc47935","locus076",0.354592,0.572392,NA,NA,0.716712,NA,0.34324,NA,0.477942,0
"Dc47935","locus077",0.54466,0.144212,NA,NA,1,NA,0.848106,NA,0.205132,0
"Dc47935","locus080",0.396394,0.868654,NA,NA,0.887396,NA,0.150992,NA,1,0
"Dc47935","locus083",0.769744,0.35547,NA,NA,0.168724,NA,0.260552,NA,0.393818,0
"Dc47935","locus088",0.79948,0.291258,Inf,NA,1,NA,0.486238,NA,0.394184,0
"Dc47935","locus093",0.657786,Inf,Inf,NA,Inf,NA,0.334074,NA,1,0
"Dc47935","locus096",0.669284,0.35874,NA,NA,1,NA,0.19744,NA,0.49204,0
"Dc47935","locus098",0.972984,1,NA,NA,0.56965,NA,0.46152,NA,0.746278,0
"Dc47935","locus100",0.318464,0.086434,NA,NA,1,NA,0.37415,NA,0.566676,0
"Dc47935","locus106",0.247698,Inf,NA,NA,1,NA,0.150878,NA,0.575426,0
"Dc47935","locus110",0.358392,1,NA,NA,NA,NA,0.054538,NA,NA,0
"Dc47935","locus116",0.454028,0.870544,Inf,NA,0.883124,NA,0.496958,NA,NA,0
"Dc47935","locus119",0.117728,0.871578,NA,NA,0.71568,NA,0.8344,NA,NA,0
"Dc47935","locus120",0.016552,0.62124,NA,0.201126,1,NA,0.5416,1,NA,1
"Dc47935","locus126",0.382186,1,NA,NA,1,NA,0.106538,NA,NA,0
"Dc47935","locus128",0.96261,0.572618,Inf,NA,0.318934,NA,0.940366,NA,NA,0
"Dc47935","locus129",0.057518,0.871658,NA,NA,0.572574,NA,0.785988,NA,NA,0
"Dc47935","locus130",0.196084,1,NA,NA,0.20001,NA,0.654744,NA,NA,0
"Dc47935","locus134",0.530956,0.197618,NA,NA,0.11517,Inf,0.98647,NA,NA,0
"Dc47935","locus135",0.986398,1,NA,NA,0.827968,NA,0.199822,NA,NA,0
"Dc47935","locus137",0.811956,1,NA,NA,0.7112,NA,0.718192,NA,NA,0
"Dc47935","locus139",0.354576,1,Inf,NA,1,NA,0.920938,0.125218,NA,0
"Dc47935","locus140",0.34405,1,Inf,NA,1,NA,0.922362,NA,NA,0
"Dc47935","locus146",0.394538,1,NA,1,1,NA,0.93862,NA,NA,0
"Dc47935","locus148",0.2438,1,NA,NA,1,Inf,0.457966,NA,NA,0
"Dc47935","locus151",0.831566,0.482358,NA,NA,0.312452,NA,0.794742,NA,NA,0
"Dc47935","locus157",0.44544,0.678228,NA,NA,0.573144,NA,0.608158,NA,NA,0
"Dc47935","locus161",0.758832,0.196666,Inf,NA,0.286962,Inf,0.903278,1,NA,0
"Dc47935","locus165",0.709854,1,NA,NA,1,NA,0.075616,NA,NA,0
"Dc47935","locus170",0.632478,0.088638,Inf,NA,1,NA,0.363952,NA,NA,0
"Dc47935","locus176",0.281874,0.744996,NA,NA,0.883694,NA,0.643076,NA,NA,0
"Dc47935","locus184",0.184888,1,Inf,NA,1,NA,0.473526,NA,NA,0
"Dc47935","locus186",0.552902,1,NA,NA,0.486272,NA,0.548466,NA,NA,0
"Dc47935","locus188",0.236126,1,NA,NA,0.485062,Inf,0.205948,NA,NA,0
"Dc47935","locus189",0.025368,0.741342,Inf,NA,0.887126,NA,0.301382,NA,NA,1
"Dc47935","locus190",0.417462,1,Inf,NA,0.885924,Inf,0.277582,NA,NA,0
"Dc47935","locus191",0.699958,0.87301,NA,NA,0.310068,NA,0.821706,NA,NA,0
"Dc47935","locus192",0.94202,0.92902,NA,NA,1,Inf,0.077222,NA,NA,0
"Dc47935","locus195",0.203298,1,Inf,NA,1,NA,0.39807,NA,NA,0
"Dc47935","locus202",0.518752,0.931036,NA,NA,0.885684,NA,0.03929,NA,NA,1
"Dc47935","locus210",0.727688,0.259466,NA,NA,1,NA,0.716782,0.398918,NA,0
"Dc47935","locus215",0.300042,0.572778,Inf,NA,0.829274,NA,0.01291,NA,NA,1
"Dc47935","locus227",0.113714,1,Inf,NA,Inf,NA,0.534082,NA,NA,0
"Dc47935","locus231",0.105976,0.48811,NA,NA,0.487328,NA,0.175376,NA,NA,0
"Dc47935","locus235",0.265902,0.925096,Inf,NA,0.57387,NA,0.757042,NA,NA,0
"Dc47935","locus236",0.780088,0.870348,NA,NA,0.48535,NA,0.474332,NA,NA,0
"Dc47935","locus237",0.932678,0.781806,Inf,NA,0.884286,NA,0.86392,NA,NA,0
"Dc47935","locus239",0.471912,0.185806,NA,NA,1,NA,0.206412,NA,NA,0
"Dc47935","locus248",0.334208,0.788062,NA,NA,1,NA,0.317326,0.255422,NA,0
"Dc47935","locus255",0.38589,0.87398,Inf,NA,1,NA,NA,NA,NA,0
"Dc47935","locus256",0.57275,0.374636,NA,1,1,NA,0.466344,NA,NA,0
"Dc47935","locus263",0.210154,0.78424,NA,Inf,0.28445,NA,0.79987,NA,NA,0
"Dc47935","locus264",0.954462,0.742924,NA,NA,1,NA,0.908822,NA,NA,0
"Dc47935","locus274",0.499002,0.873608,Inf,NA,0.715068,Inf,0.359772,NA,NA,0
"Dc47935","locus280",0.452304,1,NA,NA,0.713684,NA,0.283288,0.657476,NA,0
"Dc47935","locus282",0.29158,0.874618,NA,NA,0.884616,Inf,0.084122,NA,NA,0
"Dc47935","locus286",0.18437,0.373852,NA,NA,0.285168,Inf,0.686328,NA,NA,0
"Dc47935","locus291",0.423246,1,Inf,NA,0.71282,NA,0.991348,NA,NA,0
"Dc47935","locus292",0.544534,0.033046,NA,NA,0.227646,Inf,0.7371,NA,NA,1
"Dc47935","locus296",0.771578,0.676808,NA,NA,0.713188,NA,0.062044,NA,NA,0
"Dc47935","locus301",0.47706,0.927946,Inf,NA,0.711222,NA,0.282404,NA,NA,0
"Dc47935","locus314",0.857384,1,NA,NA,0.09621,NA,0.378052,NA,NA,0
"Dc47935","locus321",0.772228,0.254224,NA,0.399062,0.716252,NA,0.282132,0.42393,NA,0
"Dc47935","locus322",0.175466,0.571974,NA,NA,0.884458,NA,0.497018,NA,NA,0
"Dc47935","locus323",0.631328,0.196552,NA,NA,0.087006,NA,0.431946,NA,NA,0
"Dc47935","locus329",0.933254,0.141918,NA,NA,1,NA,0.722294,NA,NA,0
"Dc47935","locus332",0.433384,0.872664,NA,NA,1,NA,0.05671,NA,NA,0
"Dc47935","locus349",0.09863,1,NA,NA,1,NA,0.361112,NA,NA,0
"Dc47935","locus358",0.399258,0.485812,NA,1,1,Inf,0.142566,NA,NA,0
"Dc47935","locus359",0.612266,0.427468,NA,NA,0.571826,NA,0.822316,NA,NA,0
"Dc47935","locus360",0.52367,0.42363,NA,NA,0.116106,NA,0.264476,NA,NA,0
"Dc48207","Dc48950",1,Inf,NA,Inf,Inf,NA,0.390576,NA,0.60025,0
"Dc48207","Dc49080",0.271302,Inf,NA,Inf,Inf,NA,0.607598,NA,1,0
"Dc48207","Dc49184",1,Inf,NA,NA,Inf,NA,0.194242,NA,1,0
"Dc48207","Dc51020",0.575024,Inf,NA,NA,Inf,NA,0.488566,NA,1,0
"Dc48207","Dc52523",0.905714,Inf,NA,NA,Inf,NA,1,NA,1,0
"Dc48207","Dc55481",0.399798,Inf,NA,NA,Inf,NA,1,Inf,1,0
"Dc48207","Dc58248",0.054986,Inf,NA,NA,Inf,NA,1,NA,1,0
"Dc48207","Dc62188",0.67803,Inf,NA,Inf,Inf,NA,0.389482,NA,0.198132,0
"Dc48207","Dc67011",0.586168,Inf,NA,Inf,Inf,NA,0.316062,NA,1,0
"Dc48207","locus002",0.498184,Inf,Inf,NA,Inf,NA,1,NA,0.444304,0
"Dc48207","locus003",0.091638,Inf,NA,NA,Inf,NA,1,NA,1,0
"Dc48207","locus004",1,Inf,NA,NA,Inf,NA,0.147174,NA,1,0
"Dc48207","locus005",0.419388,Inf,NA,NA,Inf,NA,1,NA,1,0
"Dc48207","locus006",0.10367,Inf,NA,NA,Inf,NA,1,0.427698,0.399542,0
"Dc48207","locus008",1,Inf,NA,NA,Inf,Inf,0.465478,NA,1,0
"Dc48207","locus013",0.561612,Inf,NA,NA,Inf,NA,1,NA,1,0
"Dc48207","locus014",0.574132,Inf,NA,NA,Inf,NA,1,NA,1,0
"Dc48207","locus022",0.240776,Inf,NA,NA,Inf,NA,0.2438,NA,0.600938,0
"Dc48207","locus024",0.639328,Inf,NA,NA,Inf,NA,1,NA,0.400504,0
"Dc48207","locus025",1,Inf,NA,NA,Inf,NA,0.575182,NA,0.20055,0
"Dc48207","locus027",0.55797,Inf,NA,NA,Inf,NA,Inf,NA,1,0
"Dc48207","locus030",0.803576,Inf,NA,NA,Inf,NA,0.534474,0.430286,1,0
"Dc48207","locus035",0.555668,Inf,NA,NA,Inf,Inf,1,NA,0.300828,0
"Dc48207","locus038",1,Inf,NA,NA,Inf,NA,0.205356,NA,0.445962,0
"Dc48207","locus039",1,Inf,NA,NA,Inf,NA,0.250142,NA,1,0
"Dc48207","locus040",1,Inf,NA,NA,Inf,NA,0.25101,NA,Inf,0
"Dc48207","locus041",1,Inf,NA,Inf,Inf,NA,0.427612,NA,1,0
"Dc48207","locus045",1,Inf,NA,NA,Inf,NA,1,NA,1,0
"Dc48207","locus047",0.799028,Inf,NA,NA,Inf,NA,1,0.571816,1,0
"Dc48207","locus048",0.585478,Inf,NA,NA,Inf,NA,1,1,1,0
"Dc48207","locus053",0.694352,Inf,Inf,NA,Inf,NA,1,NA,1,0
"Dc48207","locus055",1,Inf,NA,NA,Inf,NA,1,NA,0.49889,0
"Dc48207","locus056",0.60467,Inf,NA,NA,Inf,NA,1,NA,1,0
"Dc48207","locus058",0.587,Inf,NA,NA,Inf,NA,0.499744,NA,0.198702,0
"Dc48207","locus060",0.381728,Inf,NA,NA,Inf,NA,1,NA,1,0
"Dc48207","locus061",0.58939,Inf,NA,NA,Inf,NA,0.350604,NA,1,0
"Dc48207","locus062",0.800634,Inf,NA,Inf,Inf,NA,1,1,0.400898,0
"Dc48207","locus064",0.677464,Inf,NA,NA,Inf,NA,0.461848,NA,1,0
"Dc48207","locus065",1,Inf,NA,NA,Inf,NA,0.242906,NA,0.199428,0
"Dc48207","locus073",1,Inf,NA,NA,Inf,NA,1,NA,0.500394,0
"Dc48207","locus074",1,Inf,Inf,NA,Inf,NA,1,NA,1,0
"Dc48207","locus076",0.78881,Inf,NA,NA,Inf,NA,1,NA,1,0
"Dc48207","locus077",1,Inf,NA,NA,Inf,NA,1,NA,1,0
"Dc48207","locus080",1,Inf,NA,NA,Inf,NA,1,NA,1,0
"Dc48207","locus083",1,Inf,NA,NA,Inf,NA,0.292784,NA,1,0
"Dc48207","locus088",0.31901,Inf,NA,NA,Inf,NA,1,NA,1,0
"Dc48207","locus093",1,Inf,Inf,NA,Inf,NA,1,NA,Inf,0
"Dc48207","locus096",0.397256,Inf,NA,NA,Inf,NA,1,NA,1,0
"Dc48207","locus098",1,Inf,Inf,NA,Inf,Inf,0.425598,NA,0.445886,0
"Dc48207","locus100",0.550584,Inf,NA,NA,Inf,NA,1,NA,1,0
"Dc48207","locus106",1,Inf,NA,NA,Inf,NA,1,NA,1,0
"Dc48207","locus110",1,Inf,NA,NA,NA,NA,1,NA,NA,0
"Dc48207","locus116",1,Inf,NA,NA,Inf,NA,1,NA,NA,0
"Dc48207","locus119",0.681404,Inf,Inf,NA,Inf,NA,1,NA,NA,0
"Dc48207","locus120",0.635406,Inf,Inf,Inf,Inf,NA,0.289906,0.428246,NA,0
"Dc48207","locus126",0.715588,Inf,NA,NA,Inf,NA,1,NA,NA,0
"Dc48207","locus128",0.327088,Inf,NA,NA,Inf,NA,1,NA,NA,0
"Dc48207","locus129",0.70423,Inf,NA,NA,Inf,NA,0.57694,NA,NA,0
"Dc48207","locus130",0.576538,Inf,NA,NA,Inf,NA,1,NA,NA,0
"Dc48207","locus134",0.42132,Inf,Inf,NA,Inf,Inf,1,NA,NA,0
"Dc48207","locus135",0.23585,Inf,NA,NA,Inf,NA,1,NA,NA,0
"Dc48207","locus137",1,Inf,NA,NA,Inf,NA,1,NA,NA,0
"Dc48207","locus139",1,Inf,Inf,NA,Inf,NA,1,1,NA,0
"Dc48207","locus140",1,Inf,Inf,NA,Inf,NA,1,NA,NA,0
"Dc48207","locus146",0.269854,Inf,NA,Inf,Inf,NA,0.524838,NA,NA,0
"Dc48207","locus148",1,Inf,Inf,NA,Inf,NA,1,NA,NA,0
"Dc48207","locus151",0.330458,Inf,NA,NA,Inf,Inf,1,NA,NA,0
"Dc48207","locus157",1,Inf,NA,NA,Inf,NA,1,NA,NA,0
"Dc48207","locus161",0.039146,Inf,NA,NA,Inf,NA,1,1,NA,1
"Dc48207","locus165",0.41219,Inf,NA,NA,Inf,NA,1,NA,NA,0
"Dc48207","locus170",1,Inf,NA,NA,Inf,NA,1,NA,NA,0
"Dc48207","locus176",1,Inf,NA,NA,Inf,NA,1,NA,NA,0
"Dc48207","locus184",0.613596,Inf,NA,NA,Inf,NA,1,NA,NA,0
"Dc48207","locus186",0.156818,Inf,NA,NA,Inf,NA,1,NA,NA,0
"Dc48207","locus188",0.326976,Inf,NA,NA,Inf,NA,0.200264,NA,NA,0
"Dc48207","locus189",0.770452,Inf,Inf,NA,Inf,NA,0.536418,NA,NA,0
"Dc48207","locus190",0.085536,Inf,Inf,NA,Inf,NA,1,NA,NA,0
"Dc48207","locus191",0.574814,Inf,NA,NA,Inf,NA,1,NA,NA,0
"Dc48207","locus192",0.289652,Inf,NA,NA,Inf,NA,1,NA,NA,0
"Dc48207","locus195",1,Inf,NA,NA,Inf,NA,1,NA,NA,0
"Dc48207","locus202",0.206916,Inf,Inf,NA,Inf,NA,1,NA,NA,0
"Dc48207","locus210",1,Inf,Inf,NA,Inf,NA,0.573626,0.400454,NA,0
"Dc48207","locus215",1,Inf,NA,NA,Inf,NA,0.107846,NA,NA,0
"Dc48207","locus227",1,Inf,Inf,NA,Inf,Inf,0.39124,NA,NA,0
"Dc48207","locus231",0.607598,Inf,NA,NA,Inf,NA,0.413668,NA,NA,0
"Dc48207","locus235",0.28731,Inf,NA,NA,Inf,NA,1,NA,NA,0
"Dc48207","locus236",1,Inf,NA,NA,Inf,NA,1,NA,NA,0
"Dc48207","locus237",0.258078,Inf,NA,NA,Inf,NA,0.421872,NA,NA,0
"Dc48207","locus239",0.071434,Inf,Inf,NA,Inf,NA,0.514096,NA,NA,0
"Dc48207","locus248",0.271184,Inf,NA,NA,Inf,NA,1,1,NA,0
"Dc48207","locus255",0.06034,Inf,NA,NA,Inf,NA,NA,NA,NA,0
"Dc48207","locus256",0.572628,Inf,Inf,Inf,Inf,NA,0.48914,NA,NA,0
"Dc48207","locus263",1,Inf,NA,Inf,Inf,NA,1,NA,NA,0
"Dc48207","locus264",0.830756,Inf,Inf,NA,Inf,NA,0.416178,NA,NA,0
"Dc48207","locus274",0.851892,Inf,NA,NA,Inf,NA,1,NA,NA,0
"Dc48207","locus280",0.286282,Inf,NA,NA,Inf,NA,1,1,NA,0
"Dc48207","locus282",0.556502,Inf,NA,NA,Inf,NA,1,NA,NA,0
"Dc48207","locus286",1,Inf,NA,NA,Inf,NA,1,NA,NA,0
"Dc48207","locus291",1,Inf,NA,NA,Inf,Inf,0.46443,NA,NA,0
"Dc48207","locus292",1,Inf,NA,NA,Inf,NA,0.584116,NA,NA,0
"Dc48207","locus296",1,Inf,NA,NA,Inf,NA,1,NA,NA,0
"Dc48207","locus301",1,Inf,NA,NA,Inf,NA,1,NA,NA,0
"Dc48207","locus314",0.382622,Inf,NA,NA,Inf,NA,1,NA,NA,0
"Dc48207","locus321",1,Inf,NA,Inf,Inf,NA,1,0.428404,NA,0
"Dc48207","locus322",0.830884,Inf,NA,NA,Inf,NA,0.146528,NA,NA,0
"Dc48207","locus323",0.839564,Inf,Inf,NA,Inf,NA,0.499406,NA,NA,0
"Dc48207","locus329",0.04571,Inf,NA,NA,Inf,NA,1,NA,NA,1
"Dc48207","locus332",0.290908,Inf,NA,NA,Inf,NA,1,NA,NA,0
"Dc48207","locus349",1,Inf,NA,NA,Inf,NA,1,NA,NA,0
"Dc48207","locus358",0.540242,Inf,NA,Inf,Inf,NA,1,NA,NA,0
"Dc48207","locus359",0.547298,Inf,NA,NA,Inf,NA,1,NA,NA,0
"Dc48207","locus360",0.265346,Inf,Inf,NA,Inf,NA,1,NA,NA,0
"Dc48950","Dc49080",0.835516,1,NA,0.400698,1,NA,0.94816,NA,0.878514,0
"Dc48950","Dc49184",0.971278,0.285976,NA,NA,0.289994,NA,0.452704,NA,0.440446,0
"Dc48950","Dc51020",0.850112,1,NA,NA,1,NA,0.69931,NA,0.718512,0
"Dc48950","Dc52523",0.562054,0.74996,NA,NA,1,NA,0.312472,NA,0.421474,0
"Dc48950","Dc55481",0.070852,0.566828,NA,NA,0.277942,NA,1,1,1,0
"Dc48950","Dc58248",0.431628,0.482432,NA,NA,0.381726,NA,0.007164,NA,0.725966,1
"Dc48950","Dc62188",0.516592,0.73476,NA,0.598146,0.747206,NA,0.90574,NA,0.832366,0
"Dc48950","Dc67011",0.140316,0.655298,NA,1,0.747026,NA,0.52338,NA,1,0
"Dc48950","locus002",0.067558,1,Inf,NA,0.598664,NA,0.985162,NA,0.455928,0
"Dc48950","locus003",0.630756,0.785328,NA,NA,0.745064,NA,0.562424,NA,0.214854,0
"Dc48950","locus004",0.659166,1,NA,NA,0.572036,NA,0.380808,NA,0.441044,0
"Dc48950","locus005",0.13503,0.501116,NA,NA,1,NA,0.340476,NA,0.90867,0
"Dc48950","locus006",0.448198,0.217628,NA,NA,1,NA,0.208132,1,0.058416,0
"Dc48950","locus008",0.382514,0.034938,NA,NA,0.65903,Inf,0.885696,NA,0.055032,1
"Dc48950","locus013",0.868646,1,NA,NA,0.768968,NA,0.446378,NA,0.017406,1
"Dc48950","locus014",0.052708,0.740436,NA,NA,0.291606,NA,0.03739,NA,0.762886,1
"Dc48950","locus022",0.846896,1,NA,NA,0.62116,NA,0.97841,NA,0.87992,0
"Dc48950","locus024",0.657344,1,NA,NA,1,NA,0.24198,NA,0.794056,0
"Dc48950","locus025",0.565702,0.35804,NA,NA,0.285392,NA,0.852734,NA,0.272804,0
"Dc48950","locus027",0.85905,1,NA,NA,0.777286,NA,0.125584,NA,0.122902,0
"Dc48950","locus030",0.81582,1,NA,NA,1,NA,0.214554,1,0.88176,0
"Dc48950","locus035",0.073144,0.501096,NA,NA,1,Inf,0.797592,NA,1,0
"Dc48950","locus038",0.44235,0.744294,NA,NA,0.744942,NA,0.640634,NA,0.133862,0
"Dc48950","locus039",0.324036,0.741164,NA,NA,1,NA,0.151654,NA,0.151716,0
"Dc48950","locus040",0.337772,0.246798,NA,NA,1,NA,0.56113,NA,Inf,0
"Dc48950","locus041",0.380176,0.743684,NA,1,0.283756,NA,0.731456,NA,0.167196,0
"Dc48950","locus045",0.791702,0.786278,NA,NA,0.286298,NA,0.100398,NA,0.028582,1
"Dc48950","locus047",0.539368,1,NA,NA,0.657946,NA,0.738696,0.11635,1,0
"Dc48950","locus048",0.644254,Inf,NA,NA,1,NA,0.565742,0.714364,0.721016,0
"Dc48950","locus053",0.109026,0.350096,0.3333,NA,1,NA,0.592672,NA,0.087474,0
"Dc48950","locus055",0.791944,0.495956,NA,NA,1,NA,0.551516,NA,0.672954,0
"Dc48950","locus056",0.26675,0.49825,NA,NA,0.573726,NA,0.90057,NA,0.180476,0
"Dc48950","locus058",0.009468,1,NA,NA,1,NA,0.897038,NA,0.441548,1
"Dc48950","locus060",0.084854,1,NA,NA,0.771324,NA,0.192396,NA,0.146774,0
"Dc48950","locus061",0.98042,1,NA,NA,0.570978,NA,0.074806,NA,0.15463,0
"Dc48950","locus062",0.176582,0.251468,NA,0.399044,1,NA,0.222546,1,0.720708,0
"Dc48950","locus064",0.303046,1,NA,NA,0.283574,NA,0.824222,NA,1,0
"Dc48950","locus065",0.671518,0.497004,NA,NA,1,NA,0.773594,NA,0.153356,0
"Dc48950","locus073",0.336844,0.656044,NA,NA,0.743652,NA,0.169446,NA,1,0
"Dc48950","locus074",0.879104,0.48471,1,NA,0.769782,NA,0.276918,NA,1,0
"Dc48950","locus076",0.115352,1,NA,NA,0.654338,NA,0.571422,NA,1,0
"Dc48950","locus077",0.676388,0.216366,NA,NA,1,NA,0.858144,NA,0.441698,0
"Dc48950","locus080",0.215254,1,NA,NA,0.764198,NA,0.389844,NA,0.551504,0
"Dc48950","locus083",0.490146,0.500672,NA,NA,1,NA,0.59739,NA,0.78939,0
"Dc48950","locus088",0.671538,0.356742,NA,NA,1,NA,0.198156,NA,0.179368,0
"Dc48950","locus093",0.343464,Inf,Inf,NA,Inf,NA,0.697108,NA,1,0
"Dc48950","locus096",0.44847,1,NA,NA,1,NA,0.469048,NA,0.054316,0
"Dc48950","locus098",0.855218,0.285916,1,NA,1,Inf,0.809614,NA,0.172132,0
"Dc48950","locus100",0.430252,1,NA,NA,1,NA,0.216918,NA,0.253246,0
"Dc48950","locus106",0.533766,Inf,NA,NA,1,NA,0.503364,NA,0.286738,0
"Dc48950","locus110",0.255788,1,NA,NA,NA,NA,0.44842,NA,NA,0
"Dc48950","locus116",0.101606,1,NA,NA,0.772328,NA,0.214424,NA,NA,0
"Dc48950","locus119",0.42087,0.35955,0.33411,NA,0.286062,NA,0.601978,NA,NA,0
"Dc48950","locus120",0.047238,0.49712,1,0.600496,0.571912,NA,0.22139,0.48425,NA,1
"Dc48950","locus126",0.116622,0.65802,NA,NA,1,NA,0.326728,NA,NA,0
"Dc48950","locus128",0.65961,0.499998,NA,NA,0.768542,NA,0.560284,NA,NA,0
"Dc48950","locus129",0.227408,0.014346,NA,NA,0.856742,NA,0.03928,NA,NA,2
"Dc48950","locus130",0.214844,0.035844,NA,NA,1,NA,0.696588,NA,NA,1
"Dc48950","locus134",0.029632,0.499356,Inf,NA,0.770128,Inf,0.568816,NA,NA,1
"Dc48950","locus135",0.3832,0.399672,NA,NA,1,NA,0.649686,NA,NA,0
"Dc48950","locus137",0.361108,1,NA,NA,0.286174,NA,0.372888,NA,NA,0
"Dc48950","locus139",0.78221,1,Inf,NA,1,NA,0.891058,0.537024,NA,0
"Dc48950","locus140",0.775068,1,Inf,NA,1,NA,0.89128,NA,NA,0
"Dc48950","locus146",0.987778,1,NA,1,1,NA,0.251444,NA,NA,0
"Dc48950","locus148",0.9182,0.036872,1,NA,0.745894,NA,0.487338,NA,NA,1
"Dc48950","locus151",0.50738,0.657408,NA,NA,0.771936,Inf,0.40882,NA,NA,0
"Dc48950","locus157",0.038498,0.496154,NA,NA,1,NA,0.443096,NA,NA,1
"Dc48950","locus161",0.147812,1,NA,NA,1,NA,0.280326,1,NA,0
"Dc48950","locus165",0.131926,0.739972,NA,NA,1,NA,0.05787,NA,NA,0
"Dc48950","locus170",0.650294,0.35672,NA,NA,1,NA,0.02687,NA,NA,1
"Dc48950","locus176",0.99225,1,NA,NA,0.771474,NA,0.823176,NA,NA,0
"Dc48950","locus184",0.61856,1,NA,NA,1,NA,0.753944,NA,NA,0
"Dc48950","locus186",0.230258,0.212306,NA,NA,1,NA,0.235352,NA,NA,0
"Dc48950","locus188",0.110434,0.256464,NA,NA,0.420262,NA,0.55443,NA,NA,0
"Dc48950","locus189",0.643216,1,Inf,NA,1,NA,0.203502,NA,NA,0
"Dc48950","locus190",0.29324,0.257154,Inf,NA,1,NA,0.248866,NA,NA,0
"Dc48950","locus191",0.39976,0.740638,NA,NA,0.77369,NA,0.78173,NA,NA,0
"Dc48950","locus192",0.409438,0.565332,NA,NA,0.85505,NA,0.127372,NA,NA,0
"Dc48950","locus195",0.143892,0.78597,NA,NA,0.660286,NA,0.814586,NA,NA,0
"Dc48950","locus202",0.079618,0.86126,0.33382,NA,0.771266,NA,0.523922,NA,NA,0
"Dc48950","locus210",0.739274,0.315904,Inf,NA,0.744664,NA,0.0135,1,NA,1
"Dc48950","locus215",0.677982,0.501274,NA,NA,0.741686,NA,0.081378,NA,NA,0
"Dc48950","locus227",0.072976,0.787318,Inf,NA,Inf,Inf,0.701558,NA,NA,0
"Dc48950","locus231",0.844736,0.655574,NA,NA,1,NA,0.923584,NA,NA,0
"Dc48950","locus235",0.86238,0.85704,NA,NA,1,NA,0.356958,NA,NA,0
"Dc48950","locus236",0.458528,0.742162,NA,NA,1,NA,0.815978,NA,NA,0
"Dc48950","locus237",0.507988,0.50108,NA,NA,0.771196,NA,0.094148,NA,NA,0
"Dc48950","locus239",0.49478,0.854744,1,NA,1,NA,0.215758,NA,NA,0
"Dc48950","locus248",0.49509,0.502578,NA,NA,1,NA,0.607904,1,NA,0
"Dc48950","locus255",1,0.35622,NA,NA,1,NA,NA,NA,NA,0
"Dc48950","locus256",0.88204,1,0.334148,0.1691,1,NA,0.932596,NA,NA,0
"Dc48950","locus263",0.859812,0.501454,NA,Inf,0.572702,NA,0.863048,NA,NA,0
"Dc48950","locus264",0.761026,0.484894,1,NA,1,NA,0.245344,NA,NA,0
"Dc48950","locus274",0.607062,0.36458,NA,NA,1,NA,0.298462,NA,NA,0
"Dc48950","locus280",0.50938,0.114388,NA,NA,0.659562,NA,0.666324,1,NA,0
"Dc48950","locus282",0.815538,0.743088,NA,NA,0.771968,NA,0.863548,NA,NA,0
"Dc48950","locus286",0.151384,1,NA,NA,1,NA,0.52825,NA,NA,0
"Dc48950","locus291",0.514106,0.501022,NA,NA,0.282368,Inf,0.107674,NA,NA,0
"Dc48950","locus292",0.138972,1,NA,NA,0.74541,NA,0.199268,NA,NA,0
"Dc48950","locus296",0.802126,0.499956,NA,NA,0.287088,NA,0.075296,NA,NA,0
"Dc48950","locus301",0.640678,0.57501,NA,NA,0.658698,NA,0.362078,NA,NA,0
"Dc48950","locus314",0.71734,0.315504,NA,NA,1,NA,0.473368,NA,NA,0
"Dc48950","locus321",0.33739,0.317894,NA,1,0.658056,NA,0.59193,0.028918,NA,1
"Dc48950","locus322",0.880118,1,NA,NA,0.773796,NA,0.133338,NA,NA,0
"Dc48950","locus323",0.233282,1,1,NA,0.14297,NA,0.24832,NA,NA,0
"Dc48950","locus329",0.007162,0.214978,NA,NA,0.741304,NA,0.039782,NA,NA,2
"Dc48950","locus332",0.082348,0.115148,NA,NA,1,NA,0.7969,NA,NA,0
"Dc48950","locus349",0.651618,0.785974,NA,NA,1,NA,0.486372,NA,NA,0
"Dc48950","locus358",0.66917,0.255368,NA,1,1,NA,0.942728,NA,NA,0
"Dc48950","locus359",0.237896,1,NA,NA,1,NA,0.507358,NA,NA,0
"Dc48950","locus360",0.739136,0.06916,Inf,NA,0.769772,NA,0.384504,NA,NA,0
"Dc49080","Dc49184",0.347624,1,NA,NA,1,NA,0.645938,NA,1,0
"Dc49080","Dc51020",0.965994,0.070944,NA,NA,1,NA,0.470588,NA,0.907188,0
"Dc49080","Dc52523",0.645418,0.871414,NA,NA,0.202484,NA,0.503652,NA,0.225172,0
"Dc49080","Dc55481",0.110162,1,NA,NA,1,NA,0.334734,1,0.096758,0
"Dc49080","Dc58248",0.376518,0.742018,NA,NA,0.660848,NA,0.376972,NA,0.84454,0
"Dc49080","Dc62188",0.739228,0.088022,NA,0.199008,0.484452,NA,0.276958,NA,0.413704,0
"Dc49080","Dc67011",0.911178,0.48363,NA,1,0.48569,NA,0.577974,NA,0.017888,1
"Dc49080","locus002",0.811224,0.32947,NA,NA,1,NA,0.057894,NA,0.350238,0
"Dc49080","locus003",0.215122,0.018134,NA,NA,0.480918,NA,0.713224,NA,0.43515,1
"Dc49080","locus004",0.528494,0.249968,NA,NA,0.570518,NA,0.062758,NA,1,0
"Dc49080","locus005",0.558786,1,NA,NA,0.429186,NA,0.620382,NA,1,0
"Dc49080","locus006",0.559888,1,NA,NA,1,NA,0.440552,0.428288,1,0
"Dc49080","locus008",0.706382,0.677958,NA,NA,0.770792,NA,0.375884,NA,0.767658,0
"Dc49080","locus013",0.968578,0.164594,NA,NA,1,NA,0.218152,NA,0.051496,0
"Dc49080","locus014",0.749116,1,NA,NA,1,NA,0.34546,NA,1,0
"Dc49080","locus022",0.993098,0.293754,NA,NA,0.315402,0.333502,0.066282,NA,0.591138,0
"Dc49080","locus024",0.571018,0.48749,NA,NA,0.657702,NA,0.254176,NA,0.131604,0
"Dc49080","locus025",0.290588,0.271346,NA,NA,1,NA,0.463094,NA,1,0
"Dc49080","locus027",0.55427,1,NA,NA,0.204472,NA,0.01262,NA,1,1
"Dc49080","locus030",0.646444,0.829964,NA,NA,0.427574,NA,0.9124,0.618946,0.832524,0
"Dc49080","locus035",0.717104,0.213264,NA,NA,0.426848,Inf,0.08525,NA,0.789332,0
"Dc49080","locus038",0.964784,0.487086,NA,NA,0.486988,NA,0.853776,NA,0.818052,0
"Dc49080","locus039",0.501108,1,NA,NA,0.426862,NA,0.205606,NA,0.46401,0
"Dc49080","locus040",0.463264,0.49902,NA,NA,1,NA,0.01236,NA,Inf,1
"Dc49080","locus041",0.023014,0.2697,NA,1,1,NA,0.116016,NA,0.332052,1
"Dc49080","locus045",0.633478,0.144446,NA,NA,1,NA,0.559952,NA,0.685118,0
"Dc49080","locus047",0.034566,0.36823,NA,NA,0.771252,NA,0.805624,0.427612,0.26923,1
"Dc49080","locus048",0.696722,Inf,NA,NA,1,NA,0.60466,1,0.79126,0
"Dc49080","locus053",0.278258,0.485418,1,NA,0.407744,NA,0.543736,NA,1,0
"Dc49080","locus055",0.611894,1,NA,NA,0.656442,NA,0.093612,NA,0.600642,0
"Dc49080","locus056",0.417168,0.570934,NA,NA,1,NA,0.548086,NA,0.423908,0
"Dc49080","locus058",0.642012,1,NA,NA,0.769826,1,0.09909,NA,0.468312,0
"Dc49080","locus060",0.135938,0.250326,NA,NA,0.43245,NA,1,NA,1,0
"Dc49080","locus061",0.865968,1,NA,NA,1,NA,0.78955,NA,1,0
"Dc49080","locus062",0.418302,0.501714,NA,1,1,NA,0.061376,1,0.765334,0
"Dc49080","locus064",0.987928,1,NA,NA,1,NA,0.073462,NA,0.138692,0
"Dc49080","locus065",0.209696,1,NA,NA,0.572306,NA,0.422854,NA,1,0
"Dc49080","locus073",0.680284,0.484596,NA,NA,0.82957,1,0.47601,NA,0.701708,0
"Dc49080","locus074",0.087474,0.29252,0.333312,NA,1,0.332536,0.264788,NA,0.602198,0
"Dc49080","locus076",0.286042,0.250496,NA,NA,0.770296,NA,0.232442,NA,0.078942,0
"Dc49080","locus077",0.728408,0.215392,NA,NA,0.313524,NA,0.630854,NA,0.529058,0
"Dc49080","locus080",0.751114,0.398528,NA,NA,1,NA,0.164294,NA,1,0
"Dc49080","locus083",0.224814,1,NA,NA,1,NA,0.670692,NA,0.388222,0
"Dc49080","locus088",0.884796,0.268456,NA,NA,0.143072,1,0.642228,NA,1,0
"Dc49080","locus093",0.358442,Inf,Inf,NA,Inf,NA,1,NA,1,0
"Dc49080","locus096",0.812428,0.21703,NA,NA,1,NA,0.786088,NA,0.621464,0
"Dc49080","locus098",0.049246,1,1,NA,0.57016,NA,0.53608,NA,0.71303,1
"Dc49080","locus100",0.346904,0.484712,NA,NA,1,NA,0.017222,NA,0.365456,1
"Dc49080","locus106",0.483014,Inf,NA,NA,1,NA,0.909176,NA,0.545514,0
"Dc49080","locus110",0.588352,1,NA,NA,NA,NA,0.106802,NA,NA,0
"Dc49080","locus116",0.141972,1,NA,NA,0.120084,NA,0.50288,NA,NA,0
"Dc49080","locus119",0.10316,1,1,NA,0.236284,NA,0.164626,NA,NA,0
"Dc49080","locus120",0.589846,0.499948,1,1,0.573742,NA,0.010642,1,NA,1
"Dc49080","locus126",0.170826,1,NA,NA,1,NA,0.875562,NA,NA,0
"Dc49080","locus128",0.086688,0.677612,NA,NA,1,NA,0.290332,NA,NA,0
"Dc49080","locus129",0.647602,1,NA,NA,1,1,0.075332,NA,NA,0
"Dc49080","locus130",0.508968,1,NA,NA,1,NA,0.918102,NA,NA,0
"Dc49080","locus134",0.498122,0.678152,NA,NA,1,Inf,0.019326,NA,NA,1
"Dc49080","locus135",0.16798,1,NA,NA,1,Inf,0.29686,NA,NA,0
"Dc49080","locus137",0.118542,0.29254,NA,NA,1,NA,0.256486,NA,NA,0
"Dc49080","locus139",0.0533,0.498166,Inf,NA,0.657022,0.332488,0.849834,0.333246,NA,0
"Dc49080","locus140",0.05084,0.498258,Inf,NA,0.660008,0.333456,0.853238,NA,NA,0
"Dc49080","locus146",0.89359,0.215422,NA,1,1,0.334094,0.035874,NA,NA,1
"Dc49080","locus148",0.295122,1,0.49939,NA,1,NA,0.291248,NA,NA,0
"Dc49080","locus151",0.762428,1,NA,NA,1,NA,0.439834,NA,NA,0
"Dc49080","locus157",0.190922,1,NA,NA,0.570022,NA,0.167234,NA,NA,0
"Dc49080","locus161",0.247402,1,NA,NA,1,NA,0.454396,1,NA,0
"Dc49080","locus165",0.103938,1,NA,NA,0.066728,NA,1,NA,NA,0
"Dc49080","locus170",0.457452,1,NA,NA,0.65629,NA,0.976516,NA,NA,0
"Dc49080","locus176",0.499304,0.74491,NA,NA,1,1,0.168292,NA,NA,0
"Dc49080","locus184",0.872296,0.483698,NA,NA,1,NA,0.889582,NA,NA,0
"Dc49080","locus186",0.767938,1,NA,NA,1,NA,0.341574,NA,NA,0
"Dc49080","locus188",0.197626,0.739814,NA,NA,0.543408,NA,0.618152,NA,NA,0
"Dc49080","locus189",0.588408,1,Inf,NA,0.430402,NA,0.140458,NA,NA,0
"Dc49080","locus190",0.397112,0.48439,Inf,NA,0.03738,NA,0.804542,NA,NA,1
"Dc49080","locus191",0.674094,1,NA,NA,0.20018,NA,0.023574,NA,NA,1
"Dc49080","locus192",0.280242,0.788444,NA,NA,1,NA,0.65479,NA,NA,0
"Dc49080","locus195",0.779178,0.679194,NA,NA,0.769,NA,0.740312,NA,NA,0
"Dc49080","locus202",0.520506,0.640936,1,NA,1,NA,0.190584,NA,NA,0
"Dc49080","locus210",1,0.37291,NA,NA,0.827028,NA,0.541396,1,NA,0
"Dc49080","locus215",0.236024,0.678664,NA,NA,0.826248,NA,0.061636,NA,NA,0
"Dc49080","locus227",0.273588,0.677288,Inf,NA,Inf,NA,0.49273,NA,NA,0
"Dc49080","locus231",0.660936,1,NA,NA,0.657138,NA,0.941884,NA,NA,0
"Dc49080","locus235",0.736358,0.035906,NA,NA,0.572012,NA,0.143266,NA,NA,1
"Dc49080","locus236",0.408494,1,NA,NA,0.0284,NA,0.908064,NA,NA,1
"Dc49080","locus237",0.667196,0.57033,NA,NA,0.42607,NA,0.165118,NA,NA,0
"Dc49080","locus239",0.892486,1,1,NA,0.314834,NA,0.234874,NA,NA,0
"Dc49080","locus248",0.850048,0.359194,NA,NA,1,NA,0.457748,1,NA,0
"Dc49080","locus255",0.395688,1,NA,NA,0.09523,NA,NA,NA,NA,0
"Dc49080","locus256",0.595054,0.126072,1,0.50032,0.768878,Inf,0.609884,NA,NA,0
"Dc49080","locus263",0.049156,1,NA,Inf,0.570186,NA,0.227196,NA,NA,1
"Dc49080","locus264",0.504904,1,1,NA,0.31533,NA,0.587312,NA,NA,0
"Dc49080","locus274",0.05728,1,NA,NA,0.316546,NA,0.744218,NA,NA,0
"Dc49080","locus280",0.32618,1,NA,NA,1,NA,0.176026,1,NA,0
"Dc49080","locus282",0.825144,1,NA,NA,0.42679,NA,0.76604,NA,NA,0
"Dc49080","locus286",0.332048,0.125864,NA,NA,1,NA,0.193826,NA,NA,0
"Dc49080","locus291",0.06203,0.6762,NA,NA,0.240022,NA,0.393022,NA,NA,0
"Dc49080","locus292",0.294914,1,NA,NA,0.05598,NA,0.62166,NA,NA,0
"Dc49080","locus296",0.814476,1,NA,NA,1,NA,0.076334,NA,NA,0
"Dc49080","locus301",0.952322,0.537494,NA,NA,0.067798,NA,0.592448,NA,NA,0
"Dc49080","locus314",0.208264,1,NA,NA,0.42921,NA,0.423852,NA,NA,0
"Dc49080","locus321",0.207122,0.201052,NA,1,0.774058,NA,0.891356,0.143252,NA,0
"Dc49080","locus322",0.74796,0.248096,NA,NA,1,1,0.625056,NA,NA,0
"Dc49080","locus323",0.137134,0.679352,1,NA,1,Inf,0.020674,NA,NA,1
"Dc49080","locus329",0.464846,0.213506,NA,NA,0.483564,NA,0.581728,NA,NA,0
"Dc49080","locus332",0.838664,1,NA,NA,0.655724,NA,0.962496,NA,NA,0
"Dc49080","locus349",0.175214,1,NA,NA,0.14318,NA,0.194396,NA,NA,0
"Dc49080","locus358",0.480456,1,NA,1,1,NA,0.681072,NA,NA,0
"Dc49080","locus359",0.256632,0.533246,NA,NA,0.57147,NA,0.925386,NA,NA,0
"Dc49080","locus360",0.794632,0.534548,NA,NA,0.426256,Inf,0.234044,NA,NA,0
"Dc49184","Dc51020",0.589086,1,NA,NA,0.14274,NA,0.264934,NA,0.216254,0
"Dc49184","Dc52523",0.692446,0.5725,NA,NA,1,NA,0.66721,NA,1,0
"Dc49184","Dc55481",0.680934,0.466356,NA,NA,0.048024,NA,0.717508,0.500932,0.49651,1
"Dc49184","Dc58248",0.850268,0.144362,NA,NA,0.28719,NA,0.416824,NA,0.787388,0
"Dc49184","Dc62188",0.949906,0.575042,NA,1,1,NA,0.589348,NA,1,0
"Dc49184","Dc67011",0.58085,0.14294,NA,1,1,NA,0.793988,NA,1,0
"Dc49184","locus002",0.862962,0.427822,NA,NA,1,NA,1,NA,1,0
"Dc49184","locus003",0.632864,1,NA,NA,1,NA,0.376116,NA,0.526038,0
"Dc49184","locus004",0.235186,0.640662,NA,NA,1,NA,0.307702,NA,0.306546,0
"Dc49184","locus005",0.78246,0.464172,NA,NA,1,NA,0.198564,NA,1,0
"Dc49184","locus006",0.72196,0.463164,NA,NA,0.522538,NA,0.000716,0.429826,1,1
"Dc49184","locus008",0.520944,0.195886,NA,NA,1,NA,0.095978,NA,0.190662,0
"Dc49184","locus013",0.705134,0.679442,NA,NA,1,NA,0.07717,NA,0.318508,0
"Dc49184","locus014",0.93243,0.679244,NA,NA,1,NA,0.24649,NA,1,0
"Dc49184","locus022",0.655154,0.3556,NA,NA,0.144892,1,0.662054,NA,0.649728,0
"Dc49184","locus024",0.873596,1,NA,NA,1,NA,0.176226,NA,1,0
"Dc49184","locus025",0.175112,0.144146,NA,NA,1,NA,0.109342,NA,0.750182,0
"Dc49184","locus027",0.721862,1,NA,NA,0.335096,NA,0.591916,NA,Inf,0
"Dc49184","locus030",0.280494,0.286886,NA,NA,1,NA,0.19786,0.124514,1,0
"Dc49184","locus035",0.267306,0.464044,NA,NA,1,Inf,0.222744,NA,0.528164,0
"Dc49184","locus038",0.65568,0.25183,NA,NA,0.57317,NA,0.541426,NA,1,0
"Dc49184","locus039",0.06886,0.069876,NA,NA,0.524216,NA,0.005824,NA,0.615968,1
"Dc49184","locus040",0.268218,1,NA,NA,1,NA,0.401058,NA,Inf,0
"Dc49184","locus041",0.747728,0.681578,NA,1,0.523446,NA,0.044372,NA,1,1
"Dc49184","locus045",0.535812,1,NA,NA,0.523084,NA,0.109272,NA,0.685164,0
"Dc49184","locus047",0.001102,1,NA,NA,1,NA,0.877092,1,0.509204,1
"Dc49184","locus048",0.182108,Inf,NA,NA,1,NA,1,0.046486,0.527512,1
"Dc49184","locus053",0.33385,0.142228,1,NA,0.80674,NA,0.707738,NA,0.176902,0
"Dc49184","locus055",0.179036,0.643394,NA,NA,1,NA,0.820952,NA,1,0
"Dc49184","locus056",0.388876,1,NA,NA,0.288938,Inf,0.504056,NA,0.071214,0
"Dc49184","locus058",0.125012,0.463572,NA,NA,1,0.332882,0.72046,NA,0.19146,0
"Dc49184","locus060",0.446532,1,NA,NA,0.716102,NA,0.640164,NA,0.510752,0
"Dc49184","locus061",0.18831,1,NA,NA,0.28414,NA,0.031914,NA,0.614524,1
"Dc49184","locus062",0.49992,1,NA,1,0.574874,NA,0.622736,0.06896,0.362044,0
"Dc49184","locus064",0.101354,1,NA,NA,1,NA,0.830758,NA,1,0
"Dc49184","locus065",0.794684,1,NA,NA,1,NA,0.797224,NA,1,0
"Dc49184","locus073",0.933674,0.143338,NA,NA,1,0.333936,0.58101,NA,0.319548,0
"Dc49184","locus074",0.28938,1,1,NA,1,1,0.624768,NA,0.387344,0
"Dc49184","locus076",0.668672,1,NA,NA,1,NA,0.528234,NA,0.198298,0
"Dc49184","locus077",0.296484,0.463198,NA,NA,1,NA,0.392594,NA,0.52747,0
"Dc49184","locus080",0.581924,1,NA,NA,0.71755,NA,0.384668,NA,1,0
"Dc49184","locus083",0.90944,1,NA,NA,1,NA,0.507884,NA,1,0
"Dc49184","locus088",0.69558,0.143978,NA,NA,1,0.33369,0.776784,NA,0.144524,0
"Dc49184","locus093",1,Inf,Inf,NA,Inf,NA,1,NA,Inf,0
"Dc49184","locus096",0.881914,0.46347,NA,NA,1,NA,0.846454,NA,0.307052,0
"Dc49184","locus098",0.805022,1,1,NA,1,NA,0.728154,NA,1,0
"Dc49184","locus100",0.989042,1,NA,NA,1,NA,0.123022,NA,0.266134,0
"Dc49184","locus106",0.462558,Inf,NA,NA,0.525312,NA,0.872624,NA,0.316398,0
"Dc49184","locus110",0.581732,1,NA,NA,NA,NA,0.898142,NA,NA,0
"Dc49184","locus116",0.931484,0.070758,NA,NA,0.327398,NA,0.356472,NA,NA,0
"Dc49184","locus119",0.708222,1,1,NA,0.522396,NA,0.788462,NA,NA,0
"Dc49184","locus120",0.900846,1,1,1,1,NA,0.250718,1,NA,0
"Dc49184","locus126",0.225536,1,NA,NA,1,NA,0.08078,NA,NA,0
"Dc49184","locus128",0.980144,1,NA,NA,0.711954,NA,0.024214,NA,NA,1
"Dc49184","locus129",0.57402,0.143822,NA,NA,1,0.33385,0.20447,NA,NA,0
"Dc49184","locus130",0.41613,0.198212,Inf,NA,0.599988,NA,0.339982,NA,NA,0
"Dc49184","locus134",0.23672,1,NA,NA,1,Inf,0.465006,NA,NA,0
"Dc49184","locus135",0.570652,1,NA,NA,0.57138,NA,0.929194,NA,NA,0
"Dc49184","locus137",0.555228,1,NA,NA,1,NA,0.961912,NA,NA,0
"Dc49184","locus139",0.792426,0.37491,Inf,NA,1,1,0.11141,0.431034,NA,0
"Dc49184","locus140",0.796436,0.372906,Inf,NA,1,1,0.111784,NA,NA,0
"Dc49184","locus146",0.082752,1,NA,0.399748,0.520232,1,0.053732,NA,NA,0
"Dc49184","locus148",0.6829,1,1,NA,0.571826,NA,0.075964,NA,NA,0
"Dc49184","locus151",0.82899,1,NA,NA,0.336484,NA,0.771738,NA,NA,0
"Dc49184","locus157",0.304526,0.643348,NA,NA,1,NA,0.116188,NA,NA,0
"Dc49184","locus161",0.022326,0.463682,NA,NA,1,NA,0.211104,0.3325,NA,1
"Dc49184","locus165",0.597056,0.679176,NA,NA,1,NA,0.619602,NA,NA,0
"Dc49184","locus170",0.800978,1,NA,NA,1,NA,0.04022,NA,NA,1
"Dc49184","locus176",0.972666,1,Inf,NA,0.33076,1,0.392842,NA,NA,0
"Dc49184","locus184",0.937582,1,NA,NA,1,NA,0.98846,NA,NA,0
"Dc49184","locus186",0.31914,0.464156,NA,NA,1,NA,0.21779,NA,NA,0
"Dc49184","locus188",0.33878,1,Inf,NA,0.429154,NA,0.609454,NA,NA,0
"Dc49184","locus189",0.902404,0.356252,Inf,NA,1,NA,0.749178,NA,NA,0
"Dc49184","locus190",0.506902,1,Inf,NA,1,NA,0.875568,NA,NA,0
"Dc49184","locus191",0.931316,0.070012,NA,NA,1,NA,0.393844,NA,NA,0
"Dc49184","locus192",0.74559,1,NA,NA,1,NA,0.993096,NA,NA,0
"Dc49184","locus195",0.20683,0.196306,NA,NA,0.284092,NA,0.919374,NA,NA,0
"Dc49184","locus202",0.726432,0.642038,1,NA,1,NA,0.804918,NA,NA,0
"Dc49184","locus210",0.085228,0.713014,NA,NA,1,NA,0.556644,0.400426,NA,0
"Dc49184","locus215",0.59378,1,NA,NA,0.286922,NA,0.632432,NA,NA,0
"Dc49184","locus227",0.810202,1,Inf,NA,Inf,NA,0.58492,NA,NA,0
"Dc49184","locus231",0.429324,1,NA,NA,1,NA,0.899872,NA,NA,0
"Dc49184","locus235",0.920286,1,NA,NA,1,NA,0.51645,NA,NA,0
"Dc49184","locus236",0.814412,0.676882,NA,NA,1,NA,0.802374,NA,NA,0
"Dc49184","locus237",0.670572,1,NA,NA,0.717676,NA,0.883044,NA,NA,0
"Dc49184","locus239",0.2478,0.64214,1,NA,1,NA,0.190694,NA,NA,0
"Dc49184","locus248",0.107386,0.464108,NA,NA,0.524174,NA,0.357052,0.429926,NA,0
"Dc49184","locus255",0.447176,0.017454,NA,NA,1,NA,NA,NA,NA,1
"Dc49184","locus256",0.766324,1,1,1,1,Inf,0.036016,NA,NA,1
"Dc49184","locus263",0.342228,1,NA,Inf,0.283134,NA,0.723304,NA,NA,0
"Dc49184","locus264",0.037074,0.67797,1,NA,1,NA,0.427428,NA,NA,1
"Dc49184","locus274",0.48592,1,NA,NA,1,NA,0.444984,NA,NA,0
"Dc49184","locus280",0.771454,1,NA,NA,0.094348,Inf,0.523966,1,NA,0
"Dc49184","locus282",0.335362,0.679372,NA,NA,0.713454,NA,0.71927,NA,NA,0
"Dc49184","locus286",0.893248,1,NA,NA,1,NA,0.37986,NA,NA,0
"Dc49184","locus291",0.130932,0.464598,NA,NA,0.524688,NA,0.919194,NA,NA,0
"Dc49184","locus292",0.91124,0.678496,NA,NA,1,NA,0.282666,NA,NA,0
"Dc49184","locus296",0.879402,0.639906,NA,NA,1,NA,0.4469,NA,NA,0
"Dc49184","locus301",0.452668,1,NA,NA,1,NA,0.134026,NA,NA,0
"Dc49184","locus314",0.466454,0.31102,NA,NA,1,NA,0.45243,NA,NA,0
"Dc49184","locus321",0.912198,0.287486,NA,1,1,NA,0.710978,0.772534,NA,0
"Dc49184","locus322",0.77058,1,NA,NA,0.71099,1,0.327868,NA,NA,0
"Dc49184","locus323",0.438062,1,1,NA,1,NA,0.014616,NA,NA,1
"Dc49184","locus329",0.901206,0.465026,NA,NA,1,NA,0.21684,NA,NA,0
"Dc49184","locus332",0.91899,0.24888,NA,NA,1,NA,0.882054,NA,NA,0
"Dc49184","locus349",0.371398,1,NA,NA,1,NA,0.023498,NA,NA,1
"Dc49184","locus358",0.646718,1,NA,1,0.142434,NA,0.436334,NA,NA,0
"Dc49184","locus359",0.540446,1,NA,NA,1,NA,0.608914,NA,NA,0
"Dc49184","locus360",0.167352,0.464038,NA,NA,0.332582,NA,0.018326,NA,NA,1
"Dc51020","Dc52523",0.65046,1,NA,NA,1,NA,0.25475,NA,0.764732,0
"Dc51020","Dc55481",0.891098,1,NA,NA,0.143968,NA,0.160582,1,0.218858,0
"Dc51020","Dc58248",0.28165,0.678302,NA,NA,1,NA,0.320404,NA,0.521766,0
"Dc51020","Dc62188",0.717576,0.195862,Inf,0.601452,1,NA,0.737052,NA,0.884516,0
"Dc51020","Dc67011",0.199578,1,NA,1,1,NA,0.119196,NA,0.80417,0
"Dc51020","locus002",1,1,NA,NA,1,NA,1,NA,0.739462,0
"Dc51020","locus003",0.433916,0.464066,NA,NA,1,NA,0.91252,NA,0.769464,0
"Dc51020","locus004",1,0.644046,NA,NA,1,NA,0.986108,NA,0.764402,0
"Dc51020","locus005",0.48466,1,NA,NA,0.428092,Inf,0.563918,NA,0.58328,0
"Dc51020","locus006",0.013972,1,NA,NA,1,NA,0.447348,1,0.712932,1
"Dc51020","locus008",0.155748,1,NA,NA,0.660294,NA,0.660014,NA,0.590462,0
"Dc51020","locus013",0.097378,0.143552,NA,NA,0.256902,NA,0.422638,NA,0.908292,0
"Dc51020","locus014",0.202446,1,NA,NA,1,NA,0.013708,NA,0.190296,1
"Dc51020","locus022",0.126408,0.678916,NA,NA,0.48542,Inf,0.197402,NA,0.210568,0
"Dc51020","locus024",0.149906,1,NA,NA,1,NA,0.907906,NA,0.565892,0
"Dc51020","locus025",0.65078,0.677766,NA,NA,1,NA,0.985614,NA,0.217364,0
"Dc51020","locus027",0.377444,1,NA,NA,0.428644,NA,0.43047,NA,1,0
"Dc51020","locus030",0.860084,1,NA,NA,0.429836,NA,0.904148,1,0.073146,0
"Dc51020","locus035",0.833676,1,NA,NA,1,Inf,0.747608,NA,0.364464,0
"Dc51020","locus038",0.382148,0.071528,NA,NA,1,NA,0.600288,NA,0.786114,0
"Dc51020","locus039",0.101672,1,NA,NA,0.143626,NA,0.23558,NA,0.088636,0
"Dc51020","locus040",0.413032,1,NA,NA,1,NA,0.340498,NA,Inf,0
"Dc51020","locus041",0.446708,0.249886,NA,0.398996,1,NA,0.127746,NA,1,0
"Dc51020","locus045",0.657536,0.195798,NA,NA,1,NA,0.779994,NA,0.80388,0
"Dc51020","locus047",0.47298,0.286192,NA,NA,0.655098,NA,0.548818,0.19582,0.904532,0
"Dc51020","locus048",0.144702,Inf,NA,NA,1,NA,0.577718,0.620548,0.509514,0
"Dc51020","locus053",0.705958,0.67885,1,NA,0.656912,NA,0.818746,NA,0.342858,0
"Dc51020","locus055",0.467928,1,NA,NA,1,NA,0.987082,NA,0.859656,0
"Dc51020","locus056",0.064264,0.464392,NA,NA,0.427312,NA,0.64485,NA,0.52203,0
"Dc51020","locus058",0.423088,1,NA,NA,0.65733,Inf,1,NA,0.56473,0
"Dc51020","locus060",0.237836,1,NA,NA,1,NA,0.779494,NA,0.425234,0
"Dc51020","locus061",0.48635,1,NA,NA,0.427918,NA,0.964492,NA,0.64127,0
"Dc51020","locus062",0.588662,1,NA,1,0.055204,NA,0.444706,0.773234,0.901514,0
"Dc51020","locus064",0.10105,1,NA,NA,0.428574,NA,0.218582,NA,0.462996,0
"Dc51020","locus065",0.007426,0.463824,NA,NA,1,NA,0.701418,NA,0.46006,1
"Dc51020","locus073",0.976664,1,NA,NA,1,Inf,0.468588,NA,0.223482,0
"Dc51020","locus074",0.838232,0.6795,1,NA,0.25926,Inf,0.837008,NA,1,0
"Dc51020","locus076",0.656672,1,NA,NA,0.31521,NA,0.18535,NA,0.657116,0
"Dc51020","locus077",1,1,NA,NA,1,NA,1,NA,0.804436,0
"Dc51020","locus080",0.724278,0.251164,NA,NA,0.656234,NA,0.77045,NA,0.59334,0
"Dc51020","locus083",0.39087,0.46402,NA,NA,1,NA,0.360608,NA,0.494494,0
"Dc51020","locus088",0.359492,0.679548,NA,NA,1,Inf,0.01685,NA,1,1
"Dc51020","locus093",1,Inf,Inf,NA,Inf,NA,1,NA,0.57206,0
"Dc51020","locus096",0.39354,0.106408,NA,NA,1,NA,0.190766,NA,0.765978,0
"Dc51020","locus098",0.717778,0.196228,1,NA,1,NA,0.418146,NA,0.598064,0
"Dc51020","locus100",0.706136,1,NA,NA,0.143204,NA,0.480366,NA,0.280914,0
"Dc51020","locus106",0.89436,Inf,NA,NA,0.143052,NA,0.31457,NA,0.45543,0
"Dc51020","locus110",0.160802,1,NA,NA,NA,NA,0.657306,NA,NA,0
"Dc51020","locus116",0.65107,0.679272,NA,NA,0.429322,NA,0.771838,NA,NA,0
"Dc51020","locus119",0.333876,0.248576,1,NA,1,NA,0.500444,NA,NA,0
"Dc51020","locus120",0.456458,0.375334,0.333136,1,1,NA,0.457724,0.65571,NA,0
"Dc51020","locus126",1,1,NA,NA,0.141432,NA,0.882814,NA,NA,0
"Dc51020","locus128",0.021234,0.464794,NA,NA,1,NA,0.694076,NA,NA,1
"Dc51020","locus129",0.080012,1,NA,NA,1,Inf,0.032248,NA,NA,1
"Dc51020","locus130",0.753368,1,Inf,NA,0.399986,NA,0.378018,NA,NA,0
"Dc51020","locus134",0.773522,1,NA,NA,0.42609,Inf,0.29965,NA,NA,0
"Dc51020","locus135",0.54955,1,NA,NA,0.05722,NA,0.843602,NA,NA,0
"Dc51020","locus137",0.709122,0.03626,NA,NA,0.42844,NA,0.148196,NA,NA,1
"Dc51020","locus139",0.060276,0.374182,Inf,NA,0.484906,Inf,0.14374,1,NA,0
"Dc51020","locus140",0.05818,0.375398,Inf,NA,0.486348,Inf,0.14078,NA,NA,0
"Dc51020","locus146",0.740058,0.106718,NA,1,0.142796,Inf,0.320158,NA,NA,0
"Dc51020","locus148",0.088644,1,1,NA,0.056146,NA,0.313842,NA,NA,0
"Dc51020","locus151",0.047396,1,NA,NA,0.658052,NA,0.624876,NA,NA,1
"Dc51020","locus157",0.356222,1,NA,NA,1,NA,0.634548,NA,NA,0
"Dc51020","locus161",0.218876,1,NA,NA,1,NA,0.248672,0.714286,NA,0
"Dc51020","locus165",0.583,0.679346,NA,NA,1,NA,0.341466,NA,NA,0
"Dc51020","locus170",0.057066,0.678952,NA,NA,0.485746,NA,0.15009,NA,NA,0
"Dc51020","locus176",0.584306,0.678052,Inf,NA,0.426048,Inf,0.984026,NA,NA,0
"Dc51020","locus184",0.20025,0.143938,NA,NA,0.428954,NA,0.408332,NA,NA,0
"Dc51020","locus186",0.683092,0.465548,NA,NA,1,NA,0.246424,NA,NA,0
"Dc51020","locus188",0.3406,0.500204,Inf,NA,0.428894,NA,0.681358,NA,NA,0
"Dc51020","locus189",0.40642,1,Inf,NA,0.429992,NA,0.312242,NA,NA,0
"Dc51020","locus190",0.536128,1,Inf,NA,1,NA,0.90826,NA,NA,0
"Dc51020","locus191",0.954522,0.250676,NA,NA,1,NA,0.360694,NA,NA,0
"Dc51020","locus192",0.906964,0.643232,NA,NA,1,NA,0.058242,NA,NA,0
"Dc51020","locus195",0.617332,0.463266,NA,NA,1,NA,0.457984,NA,NA,0
"Dc51020","locus202",0.96239,0.464148,1,NA,0.256398,NA,0.918836,NA,NA,0
"Dc51020","locus210",0.715,0.713758,NA,NA,1,NA,0.921494,1,NA,0
"Dc51020","locus215",0.456638,0.464182,NA,NA,0.226962,NA,0.22983,NA,NA,0
"Dc51020","locus227",0.533546,0.465076,Inf,NA,Inf,NA,0.418638,NA,NA,0
"Dc51020","locus231",0.053402,1,NA,NA,1,NA,0.712994,NA,NA,0
"Dc51020","locus235",0.56027,0.64396,NA,NA,1,NA,0.548026,NA,NA,0
"Dc51020","locus236",0.039318,1,NA,NA,1,NA,0.43066,NA,NA,1
"Dc51020","locus237",0.73587,0.464428,NA,NA,1,NA,0.908376,NA,NA,0
"Dc51020","locus239",0.060706,0.464886,1,NA,1,NA,0.787486,NA,NA,0
"Dc51020","locus248",0.579886,1,NA,NA,1,NA,0.54636,0.428338,NA,0
"Dc51020","locus255",0.079868,1,NA,NA,1,NA,NA,NA,NA,0
"Dc51020","locus256",0.935628,0.375214,1,1,0.314778,NA,0.385478,NA,NA,0
"Dc51020","locus263",0.40079,1,NA,Inf,0.426462,NA,0.044642,NA,NA,1
"Dc51020","locus264",0.464038,0.677432,0.333838,NA,1,NA,0.0496,NA,NA,1
"Dc51020","locus274",0.719382,1,NA,NA,0.656172,NA,0.394122,NA,NA,0
"Dc51020","locus280",0.016754,1,NA,NA,0.315524,NA,0.594464,1,NA,1
"Dc51020","locus282",0.577488,0.141974,NA,NA,1,NA,0.544546,NA,NA,0
"Dc51020","locus286",0.058992,0.374706,NA,NA,1,NA,0.080256,NA,NA,0
"Dc51020","locus291",1,1,NA,NA,1,NA,0.773058,NA,NA,0
"Dc51020","locus292",0.371228,1,NA,NA,1,NA,0.23984,NA,NA,0
"Dc51020","locus296",0.064366,1,NA,NA,0.42812,NA,0.67551,NA,NA,0
"Dc51020","locus301",0.962874,0.464158,NA,NA,1,NA,0.633916,NA,NA,0
"Dc51020","locus314",0.191502,1,NA,NA,1,NA,0.317226,NA,NA,0
"Dc51020","locus321",0.560384,1,NA,1,0.655684,NA,0.691036,0.43196,NA,0
"Dc51020","locus322",0.614434,1,NA,NA,1,Inf,0.301404,NA,NA,0
"Dc51020","locus323",0.424618,0.464544,1,NA,1,NA,0.073532,NA,NA,0
"Dc51020","locus329",0.42112,1,NA,NA,1,NA,0.64432,NA,NA,0
"Dc51020","locus332",0.768954,1,NA,NA,1,NA,0.312474,NA,NA,0
"Dc51020","locus349",0.636272,1,NA,NA,0.48623,NA,0.317184,NA,NA,0
"Dc51020","locus358",0.001722,1,NA,0.597446,0.02854,NA,0.224678,NA,NA,2
"Dc51020","locus359",0.160582,0.642612,NA,NA,0.42968,NA,0.611332,NA,NA,0
"Dc51020","locus360",0.79998,1,NA,NA,0.42719,NA,0.161902,NA,NA,0
"Dc52523","Dc55481",0.984936,0.033784,NA,NA,1,NA,0.488436,Inf,0.782218,1
"Dc52523","Dc58248",0.31109,0.736082,NA,NA,0.512494,NA,0.591868,NA,0.919242,0
"Dc52523","Dc62188",0.542458,1,NA,0.200566,0.828214,NA,0.360898,NA,0.775056,0
"Dc52523","Dc67011",0.23954,0.486082,NA,1,0.827546,NA,0.745878,NA,0.314872,0
"Dc52523","locus002",0.981946,0.713034,NA,NA,0.602974,NA,0.86456,NA,0.086686,0
"Dc52523","locus003",0.566374,0.198204,NA,NA,0.832472,NA,0.273974,NA,0.298654,0
"Dc52523","locus004",0.880572,0.68235,NA,NA,1,NA,0.0998,NA,0.798708,0
"Dc52523","locus005",0.685726,0.194228,NA,NA,0.714688,Inf,0.990604,NA,0.671932,0
"Dc52523","locus006",0.172146,0.14406,NA,NA,1,NA,0.68522,0.77223,0.241034,0
"Dc52523","locus008",0.51052,1,NA,NA,1,NA,0.80917,NA,0.02475,1
"Dc52523","locus013",0.295128,1,NA,NA,0.884412,NA,0.007818,NA,0.116774,1
"Dc52523","locus014",0.563174,1,NA,NA,0.572692,NA,0.598202,NA,0.902894,0
"Dc52523","locus022",0.181072,1,NA,NA,1,Inf,0.798304,NA,0.639838,0
"Dc52523","locus024",0.036264,1,NA,NA,0.484984,NA,0.708922,NA,1,1
"Dc52523","locus025",0.337082,0.8694,NA,NA,0.567508,NA,0.529028,NA,0.423116,0
"Dc52523","locus027",0.021544,0.486408,NA,NA,0.31364,NA,0.595624,NA,0.427706,1
"Dc52523","locus030",0.046912,0.252366,NA,NA,0.885792,NA,0.285174,0.77169,0.891184,1
"Dc52523","locus035",0.09562,0.782238,NA,NA,0.714572,Inf,0.148748,NA,1,0
"Dc52523","locus038",0.897734,0.871032,NA,NA,0.828518,NA,0.552504,NA,0.729382,0
"Dc52523","locus039",0.306772,0.873866,NA,NA,0.7166,NA,0.957576,NA,0.015238,1
"Dc52523","locus040",0.607522,0.370184,NA,NA,0.2859,NA,0.57036,NA,Inf,0
"Dc52523","locus041",0.651028,0.867402,NA,1,0.286372,NA,0.10479,NA,0.472818,0
"Dc52523","locus045",0.266402,1,NA,NA,1,NA,0.201234,NA,0.04451,1
"Dc52523","locus047",0.306656,0.802532,NA,NA,0.721184,NA,0.127136,0.545198,0.176122,0
"Dc52523","locus048",0.090996,Inf,NA,NA,0.095204,NA,0.750724,0.143288,1,0
"Dc52523","locus053",0.010774,0.295084,1,NA,1,NA,0.27911,NA,0.760836,1
"Dc52523","locus055",0.998854,0.68222,NA,NA,0.482296,NA,0.719382,NA,0.676466,0
"Dc52523","locus056",0.077692,0.35589,NA,NA,0.569384,NA,0.489328,NA,1,0
"Dc52523","locus058",0.078138,0.57124,NA,NA,0.198666,Inf,0.37617,NA,0.740674,0
"Dc52523","locus060",0.050664,0.569384,NA,NA,0.31912,NA,0.370404,NA,1,0
"Dc52523","locus061",0.315786,1,NA,NA,0.570134,NA,0.205326,NA,0.620204,0
"Dc52523","locus062",0.142816,0.375734,NA,0.400334,0.83022,NA,0.59374,0.201556,0.29723,0
"Dc52523","locus064",0.072654,1,NA,NA,0.713812,NA,0.37801,NA,1,0
"Dc52523","locus065",0.726296,0.785766,NA,NA,1,NA,0.37343,NA,0.620324,0
"Dc52523","locus073",0.499232,0.484728,NA,NA,1,Inf,0.942856,NA,1,0
"Dc52523","locus074",0.698492,0.736692,1,NA,0.885342,Inf,0.046506,NA,0.063992,1
"Dc52523","locus076",0.44133,0.09072,NA,NA,0.716296,NA,0.2521,NA,0.218526,0
"Dc52523","locus077",0.431502,0.355778,NA,NA,0.484788,NA,0.613064,NA,0.318652,0
"Dc52523","locus080",0.060546,0.29055,Inf,NA,0.313368,NA,0.96129,NA,0.902368,0
"Dc52523","locus083",0.189868,0.142412,NA,NA,1,NA,0.853184,NA,0.352252,0
"Dc52523","locus088",0.122208,0.29156,NA,NA,0.086372,Inf,0.141116,NA,1,0
"Dc52523","locus093",0.003268,Inf,Inf,NA,Inf,NA,0.164404,NA,1,1
"Dc52523","locus096",0.030844,1,NA,NA,0.094118,NA,0.289438,NA,0.141934,1
"Dc52523","locus098",0.24478,0.19688,1,NA,1,NA,0.881534,NA,0.857848,0
"Dc52523","locus100",0.69815,1,NA,NA,1,NA,0.861616,NA,1,0
"Dc52523","locus106",0.827488,Inf,NA,NA,0.286582,NA,0.947246,NA,1,0
"Dc52523","locus110",0.098694,1,NA,NA,NA,NA,0.164644,NA,NA,0
"Dc52523","locus116",0.176732,0.871734,NA,NA,0.117874,NA,0.7182,NA,NA,0
"Dc52523","locus119",0.241074,0.871446,1,NA,0.283638,NA,0.51086,NA,NA,0
"Dc52523","locus120",0.585654,0.62171,1,0.600036,1,NA,0.155722,0.426054,NA,0
"Dc52523","locus126",0.25555,0.085742,NA,NA,0.489132,NA,0.111018,NA,NA,0
"Dc52523","locus128",0.76962,1,NA,NA,0.884436,NA,0.639464,NA,NA,0
"Dc52523","locus129",0.28119,0.298012,NA,NA,1,Inf,0.253328,NA,NA,0
"Dc52523","locus130",0.103166,0.573334,NA,NA,1,NA,0.592746,NA,NA,0
"Dc52523","locus134",0.95487,0.570148,NA,NA,0.885078,Inf,0.443172,NA,NA,0
"Dc52523","locus135",0.647694,0.678272,NA,NA,0.83247,NA,0.24006,NA,NA,0
"Dc52523","locus137",0.06343,0.741598,NA,NA,0.711478,NA,0.220976,NA,NA,0
"Dc52523","locus139",0.68041,0.376618,Inf,NA,0.142896,Inf,0.129768,0.198472,NA,0
"Dc52523","locus140",0.684614,0.376688,Inf,NA,0.14372,Inf,0.127866,NA,NA,0
"Dc52523","locus146",0.020488,0.358044,NA,1,0.287568,Inf,0.173286,NA,NA,1
"Dc52523","locus148",0.400532,0.361272,0.251004,NA,0.829618,NA,0.463956,NA,NA,0
"Dc52523","locus151",0.793448,0.484956,NA,NA,0.884828,NA,0.944482,NA,NA,0
"Dc52523","locus157",0.589884,1,NA,NA,1,NA,0.509608,NA,NA,0
"Dc52523","locus161",0.960292,1,NA,NA,0.569636,NA,0.76645,0.432248,NA,0
"Dc52523","locus165",0.790712,0.871918,Inf,NA,0.73742,NA,0.0301,NA,NA,1
"Dc52523","locus170",0.80018,0.869552,NA,NA,0.143662,NA,0.38771,NA,NA,0
"Dc52523","locus176",0.717274,1,NA,NA,0.884162,Inf,0.651676,NA,NA,0
"Dc52523","locus184",0.360692,0.485624,NA,NA,0.713628,NA,0.969988,NA,NA,0
"Dc52523","locus186",0.704814,0.78402,NA,NA,0.483942,NA,0.778024,NA,NA,0
"Dc52523","locus188",0.105882,0.744334,NA,NA,1,NA,0.714738,NA,NA,0
"Dc52523","locus189",0.186034,1,Inf,NA,0.884212,NA,0.447872,NA,NA,0
"Dc52523","locus190",0.260496,0.484922,Inf,NA,0.885342,NA,0.52621,NA,NA,0
"Dc52523","locus191",0.387524,0.289996,NA,NA,0.883994,NA,0.43455,NA,NA,0
"Dc52523","locus192",0.586568,0.926414,NA,NA,0.046604,NA,0.700842,NA,NA,1
"Dc52523","locus195",0.397668,0.571436,NA,NA,0.714862,NA,0.071138,NA,NA,0
"Dc52523","locus202",0.697586,0.92907,1,NA,0.884842,NA,0.658846,NA,NA,0
"Dc52523","locus210",0.73286,0.070004,NA,NA,0.830118,NA,0.414292,1,NA,0
"Dc52523","locus215",0.072178,1,NA,NA,0.83276,NA,0.62405,NA,NA,0
"Dc52523","locus227",0.588662,0.08877,Inf,NA,Inf,NA,0.581966,NA,NA,0
"Dc52523","locus231",0.814588,0.48518,NA,NA,1,NA,0.426204,NA,NA,0
"Dc52523","locus235",0.124504,0.423344,NA,NA,1,NA,0.729948,NA,NA,0
"Dc52523","locus236",0.722332,0.292946,NA,NA,0.085864,NA,0.05198,NA,NA,0
"Dc52523","locus237",0.657502,1,NA,NA,0.887292,NA,0.39429,NA,NA,0
"Dc52523","locus239",0.710044,0.435202,1,NA,0.487386,NA,0.403152,NA,NA,0
"Dc52523","locus248",0.496694,1,NA,NA,1,NA,0.529366,0.768788,NA,0
"Dc52523","locus255",0.809662,0.871322,NA,NA,0.71302,NA,NA,NA,NA,0
"Dc52523","locus256",0.448868,1,1,1,0.712402,NA,0.497094,NA,NA,0
"Dc52523","locus263",0.686256,0.360774,NA,Inf,1,NA,0.07511,NA,NA,0
"Dc52523","locus264",0.550142,0.745328,0.4972,NA,0.485974,NA,0.361226,NA,NA,0
"Dc52523","locus274",0.170652,0.871802,NA,NA,0.711496,NA,0.860566,NA,NA,0
"Dc52523","locus280",0.038216,0.871196,NA,NA,1,NA,0.17063,0.770458,NA,1
"Dc52523","locus282",0.719522,0.871696,NA,NA,0.886214,NA,0.727262,NA,NA,0
"Dc52523","locus286",0.747242,1,NA,NA,0.57335,NA,0.945286,NA,NA,0
"Dc52523","locus291",0.616398,0.56968,NA,NA,0.288592,NA,0.330256,NA,NA,0
"Dc52523","locus292",0.691532,0.872512,NA,NA,0.228216,NA,0.423908,NA,NA,0
"Dc52523","locus296",0.25195,0.350508,NA,NA,0.717302,NA,0.499934,NA,NA,0
"Dc52523","locus301",0.697062,0.930004,NA,NA,0.717946,NA,0.626514,NA,NA,0
"Dc52523","locus314",0.437006,0.66103,NA,NA,0.713996,NA,0.478382,NA,NA,0
"Dc52523","locus321",0.104278,0.80126,NA,0.401294,0.714556,NA,0.387306,0.19935,NA,0
"Dc52523","locus322",0.42011,0.571438,NA,NA,1,Inf,0.334652,NA,NA,0
"Dc52523","locus323",0.315982,1,1,NA,1,NA,0.415546,NA,NA,0
"Dc52523","locus329",0.53059,0.3561,NA,NA,0.222476,NA,0.060812,NA,NA,0
"Dc52523","locus332",0.39738,0.297668,NA,NA,0.485556,NA,0.809216,NA,NA,0
"Dc52523","locus349",0.151258,0.568238,Inf,NA,0.483894,NA,0.89255,NA,NA,0
"Dc52523","locus358",0.622322,1,NA,0.199208,1,NA,0.793524,NA,NA,0
"Dc52523","locus359",0.849394,0.929902,NA,NA,0.286624,NA,0.0201,NA,NA,1
"Dc52523","locus360",0.556714,0.177424,NA,NA,1,NA,0.630674,NA,NA,0
"Dc55481","Dc58248",0.727884,1,NA,NA,0.281916,NA,0.9068,NA,1,0
"Dc55481","Dc62188",0.446228,0.930044,NA,1,1,NA,0.572376,NA,0.47277,0
"Dc55481","Dc67011",1,0.42756,NA,Inf,1,NA,0.002678,NA,1,1
"Dc55481","locus002",0.377766,0.618874,NA,NA,1,NA,0.484706,NA,0.523752,0
"Dc55481","locus003",0.883622,1,NA,NA,1,NA,0.594708,NA,0.376868,0
"Dc55481","locus004",0.01905,0.287492,NA,NA,1,NA,0.552134,NA,0.713458,1
"Dc55481","locus005",0.059516,0.64426,NA,NA,1,NA,0.72575,NA,1,0
"Dc55481","locus006",0.669938,0.035334,NA,NA,0.524402,NA,0.142476,1,1,1
"Dc55481","locus008",0.949536,1,NA,NA,1,NA,0.757436,NA,1,0
"Dc55481","locus013",0.727418,0.462376,NA,NA,1,NA,0.836492,NA,1,0
"Dc55481","locus014",0.162558,1,NA,NA,1,NA,0.70806,NA,0.300226,0
"Dc55481","locus022",0.290008,1,NA,NA,0.140474,NA,0.223368,NA,0.193034,0
"Dc55481","locus024",0.839846,1,NA,NA,1,NA,0.598186,NA,0.4897,0
"Dc55481","locus025",0.376956,0.538774,NA,NA,1,NA,0.262072,NA,1,0
"Dc55481","locus027",0.864302,0.141052,NA,NA,0.331788,NA,0.90488,NA,1,0
"Dc55481","locus030",0.942496,0.427688,NA,NA,1,NA,0.25489,1,0.598252,0
"Dc55481","locus035",0.285238,0.644386,NA,NA,1,NA,1,NA,0.248226,0
"Dc55481","locus038",0.726576,1,NA,NA,0.566492,NA,0.66295,NA,0.641888,0
"Dc55481","locus039",0.69073,0.533448,NA,NA,0.522566,NA,0.072668,NA,1,0
"Dc55481","locus040",0.831686,1,NA,NA,1,NA,0.887822,NA,Inf,0
"Dc55481","locus041",0.671438,0.536816,NA,1,0.525806,NA,0.6404,NA,0.2865,0
"Dc55481","locus045",0.025138,0.64461,NA,NA,0.518898,NA,0.726142,NA,1,1
"Dc55481","locus047",0.087302,0.425182,NA,NA,1,NA,0.877846,1,0.477486,0
"Dc55481","locus048",0.080562,Inf,NA,NA,1,NA,0.685182,0.249842,0.667128,0
"Dc55481","locus053",0.302626,0.533242,0.501272,NA,0.81429,NA,0.319366,NA,0.206344,0
"Dc55481","locus055",0.426996,1,NA,NA,1,NA,0.14937,NA,0.375826,0
"Dc55481","locus056",0.744854,0.107358,NA,NA,0.285326,NA,0.188894,NA,0.665206,0
"Dc55481","locus058",0.372224,0.46289,NA,NA,1,NA,1,NA,0.773168,0
"Dc55481","locus060",1,0.468008,NA,NA,0.714966,NA,0.164092,NA,0.664668,0
"Dc55481","locus061",0.543218,1,NA,NA,0.28566,NA,1,NA,0.19854,0
"Dc55481","locus062",0.07647,1,NA,1,0.574652,NA,0.036542,0.250596,0.190936,1
"Dc55481","locus064",0.414248,1,NA,NA,1,NA,0.571236,NA,0.498878,0
"Dc55481","locus065",0.366636,0.64449,NA,NA,1,NA,0.7576,NA,1,0
"Dc55481","locus073",0.02367,0.427422,NA,NA,1,NA,0.490538,NA,0.85795,1
"Dc55481","locus074",0.075608,0.21488,1,NA,1,NA,0.697052,NA,0.523992,0
"Dc55481","locus076",0.409126,0.461212,NA,NA,1,NA,0.545992,NA,0.016762,1
"Dc55481","locus077",0.303656,1,NA,NA,1,NA,0.263984,NA,1,0
"Dc55481","locus080",0.411922,0.530702,NA,NA,0.710516,NA,0.883912,NA,0.858878,0
"Dc55481","locus083",0.25618,0.28701,NA,NA,1,NA,0.261272,NA,1,0
"Dc55481","locus088",1,0.534202,NA,NA,1,NA,0.397618,NA,0.714762,0
"Dc55481","locus093",0.577874,Inf,Inf,NA,Inf,NA,1,NA,1,0
"Dc55481","locus096",1,1,NA,NA,1,NA,1,NA,0.333752,0
"Dc55481","locus098",0.961022,0.642836,0.249826,NA,1,NA,0.049032,NA,1,1
"Dc55481","locus100",0.823726,1,NA,NA,1,NA,1,NA,0.16058,0
"Dc55481","locus106",0.626042,Inf,NA,NA,0.524442,NA,1,NA,1,0
"Dc55481","locus110",0.125028,0.400968,NA,NA,NA,NA,0.713536,NA,NA,0
"Dc55481","locus116",0.174836,0.786356,NA,NA,0.335284,NA,0.582266,NA,NA,0
"Dc55481","locus119",0.228074,0.534474,0.502752,NA,0.522098,NA,0.345492,NA,NA,0
"Dc55481","locus120",0.469818,0.375038,1,1,1,NA,0.388154,1,NA,0
"Dc55481","locus126",0.674368,0.02809,NA,NA,1,NA,0.808084,NA,NA,1
"Dc55481","locus128",0.494244,1,NA,NA,0.719596,NA,0.585272,NA,NA,0
"Dc55481","locus129",0.515128,0.53602,NA,NA,1,NA,0.806854,NA,NA,0
"Dc55481","locus130",1,0.106658,NA,NA,0.59852,NA,0.126792,NA,NA,0
"Dc55481","locus134",0.164674,0.467148,NA,NA,1,NA,0.732998,NA,NA,0
"Dc55481","locus135",0.251208,0.78741,NA,NA,0.57357,NA,0.739212,NA,NA,0
"Dc55481","locus137",1,0.212494,NA,NA,1,NA,0.378446,NA,NA,0
"Dc55481","locus139",0.588798,1,Inf,NA,1,NA,1,1,NA,0
"Dc55481","locus140",0.58869,1,Inf,NA,1,NA,1,NA,NA,0
"Dc55481","locus146",0.948726,1,NA,1,0.525204,NA,0.593254,NA,NA,0
"Dc55481","locus148",0.298992,0.64844,1,NA,0.570874,NA,0.004242,NA,NA,1
"Dc55481","locus151",0.959526,0.431018,NA,NA,0.336664,NA,0.647904,NA,NA,0
"Dc55481","locus157",0.126084,0.64044,NA,NA,1,NA,0.75851,NA,NA,0
"Dc55481","locus161",0.633648,0.644226,NA,NA,1,NA,0.86491,1,NA,0
"Dc55481","locus165",0.519812,0.782594,NA,NA,1,NA,0.752914,NA,NA,0
"Dc55481","locus170",0.493744,0.535784,NA,NA,1,NA,1,NA,NA,0
"Dc55481","locus176",0.31357,0.462884,NA,NA,0.332342,NA,0.267874,NA,NA,0
"Dc55481","locus184",0.30249,0.427978,NA,NA,1,NA,0.669292,NA,NA,0
"Dc55481","locus186",0.252742,0.641018,NA,NA,1,NA,0.231032,NA,NA,0
"Dc55481","locus188",0.54344,0.070128,NA,NA,0.428204,NA,0.754696,NA,NA,0
"Dc55481","locus189",0.110758,1,Inf,NA,1,NA,0.719196,NA,NA,0
"Dc55481","locus190",0.328138,0.14333,Inf,NA,1,NA,0.753118,NA,NA,0
"Dc55481","locus191",0.614622,0.64386,Inf,NA,1,NA,0.468696,NA,NA,0
"Dc55481","locus192",0.965828,0.5817,NA,NA,1,NA,0.572448,NA,NA,0
"Dc55481","locus195",0.675068,0.107498,NA,NA,0.288012,NA,0.114522,NA,NA,0
"Dc55481","locus202",0.541514,1,0.49962,NA,1,NA,0.541132,NA,NA,0
"Dc55481","locus210",0.358238,0.118474,NA,NA,1,NA,0.259928,Inf,NA,0
"Dc55481","locus215",0.25896,1,NA,NA,0.286374,NA,0.305894,NA,NA,0
"Dc55481","locus227",0.965838,0.108302,Inf,NA,Inf,NA,0.553472,NA,NA,0
"Dc55481","locus231",0.778446,0.425654,Inf,NA,1,NA,0.583736,NA,NA,0
"Dc55481","locus235",0.01489,0.759604,NA,NA,1,NA,0.667602,NA,NA,1
"Dc55481","locus236",0.248254,0.535202,NA,NA,1,NA,0.486794,NA,NA,0
"Dc55481","locus237",0.38828,1,NA,NA,0.715468,NA,0.408196,NA,NA,0
"Dc55481","locus239",0.520028,0.108606,0.249588,NA,1,NA,0.20283,NA,NA,0
"Dc55481","locus248",0.913386,1,NA,NA,0.522928,NA,0.37135,0.249582,NA,0
"Dc55481","locus255",0.132062,0.643258,NA,NA,1,NA,NA,NA,NA,0
"Dc55481","locus256",0.19919,1,0.498168,1,1,NA,0.273166,NA,NA,0
"Dc55481","locus263",0.06117,1,NA,Inf,0.284538,NA,0.706684,NA,NA,0
"Dc55481","locus264",0.350578,1,0.500398,NA,1,NA,0.313314,NA,NA,0
"Dc55481","locus274",0.71075,1,NA,NA,1,NA,0.538602,NA,NA,0
"Dc55481","locus280",0.498866,0.107712,NA,NA,0.094726,NA,0.412094,1,NA,0
"Dc55481","locus282",0.196262,0.538454,NA,NA,0.716542,NA,0.918614,NA,NA,0
"Dc55481","locus286",0.680876,1,NA,NA,1,NA,0.36532,NA,NA,0
"Dc55481","locus291",0.972526,0.463404,NA,NA,0.523354,NA,0.757062,NA,NA,0
"Dc55481","locus292",0.81693,0.533114,NA,NA,1,NA,0.691062,NA,NA,0
"Dc55481","locus296",0.67536,0.107,NA,NA,1,NA,0.356,NA,NA,0
"Dc55481","locus301",0.959602,0.582622,NA,NA,1,NA,0.547414,NA,NA,0
"Dc55481","locus314",0.080076,1,NA,NA,1,NA,0.668178,NA,NA,0
"Dc55481","locus321",0.538648,0.71367,NA,1,1,NA,0.681342,1,NA,0
"Dc55481","locus322",0.834542,0.465806,NA,NA,0.711066,NA,0.655896,NA,NA,0
"Dc55481","locus323",0.418162,1,0.249698,NA,1,NA,0.097898,NA,NA,0
"Dc55481","locus329",0.007148,1,NA,NA,1,NA,0.328528,NA,NA,1
"Dc55481","locus332",0.443894,0.03491,NA,NA,1,NA,0.30259,NA,NA,1
"Dc55481","locus349",0.883798,0.107166,NA,NA,1,NA,0.780392,NA,NA,0
"Dc55481","locus358",1,1,NA,1,0.140802,NA,0.325794,NA,NA,0
"Dc55481","locus359",0.886342,0.762664,NA,NA,1,NA,0.129564,NA,NA,0
"Dc55481","locus360",0.074864,0.343628,NA,NA,0.334028,NA,0.077268,NA,NA,0
"Dc58248","Dc62188",0.357424,0.740406,NA,0.598142,0.746386,NA,0.628006,NA,1,0
"Dc58248","Dc67011",0.574042,0.485622,NA,1,1,NA,0.959146,NA,0.635794,0
"Dc58248","locus002",0.035218,0.238886,NA,NA,0.403182,NA,0.75436,NA,0.737128,1
"Dc58248","locus003",0.885846,0.67748,NA,NA,0.744086,NA,0.369518,NA,0.225986,0
"Dc58248","locus004",0.37014,0.68321,NA,NA,1,NA,0.578856,NA,0.159844,0
"Dc58248","locus005",0.954264,0.359244,NA,NA,1,NA,0.377598,NA,0.927558,0
"Dc58248","locus006",0.033346,1,NA,NA,1,NA,0.451408,0.485252,0.44609,1
"Dc58248","locus008",0.947464,0.681914,NA,NA,0.64982,NA,0.13871,NA,1,0
"Dc58248","locus013",0.070458,0.16616,NA,NA,0.768822,Inf,0.343808,NA,0.846426,0
"Dc58248","locus014",0.58262,0.743174,NA,NA,0.857024,NA,0.403194,NA,0.974572,0
"Dc58248","locus022",0.616,0.868164,NA,NA,0.624256,NA,0.754368,NA,0.031858,1
"Dc58248","locus024",0.835036,1,NA,NA,1,NA,0.918112,NA,0.69557,0
"Dc58248","locus025",0.129686,0.742926,NA,NA,0.858754,NA,0.135044,NA,0.781702,0
"Dc58248","locus027",0.64417,1,NA,NA,0.770254,NA,0.39283,NA,1,0
"Dc58248","locus030",0.305666,0.56828,NA,NA,1,NA,0.442774,0.885798,0.093312,0
"Dc58248","locus035",0.382588,1,NA,NA,1,Inf,0.803368,NA,0.634624,0
"Dc58248","locus038",0.642892,0.035724,NA,NA,0.745778,Inf,0.377254,NA,0.11739,1
"Dc58248","locus039",0.332234,0.161972,NA,NA,1,NA,0.812376,NA,0.527656,0
"Dc58248","locus040",1,1,NA,NA,1,NA,0.428786,NA,Inf,0
"Dc58248","locus041",0.985192,0.164856,NA,0.39752,0.278916,NA,0.184926,NA,0.932698,0
"Dc58248","locus045",0.395204,1,NA,NA,1,NA,0.265144,NA,0.578492,0
"Dc58248","locus047",0.699536,1,NA,NA,0.65724,NA,0.257528,0.200646,0.886234,0
"Dc58248","locus048",0.382538,Inf,NA,NA,1,NA,0.465574,0.713278,0.633776,0
"Dc58248","locus053",0.420496,0.742976,1,NA,0.284654,NA,0.923372,NA,0.132634,0
"Dc58248","locus055",0.360508,0.67708,NA,NA,1,NA,0.80563,NA,0.011766,1
"Dc58248","locus056",0.459038,0.678996,NA,NA,0.570322,NA,0.308356,NA,0.942594,0
"Dc58248","locus058",0.205884,1,NA,NA,0.66436,NA,0.686156,NA,0.97359,0
"Dc58248","locus060",0.553314,0.357,NA,NA,0.772048,NA,0.108146,NA,0.86054,0
"Dc58248","locus061",0.112402,0.677832,NA,NA,0.570576,NA,0.05772,NA,0.884016,0
"Dc58248","locus062",0.311288,1,NA,1,0.737954,NA,0.19153,0.312016,0.887196,0
"Dc58248","locus064",0.635176,0.678878,NA,NA,1,NA,0.866784,NA,0.88326,0
"Dc58248","locus065",0.36034,0.677514,NA,NA,1,NA,0.151482,NA,0.884592,0
"Dc58248","locus073",0.338308,0.48705,NA,NA,1,NA,0.091628,NA,0.46127,0
"Dc58248","locus074",0.541684,0.615026,0.33485,NA,0.771236,NA,0.588522,NA,0.944526,0
"Dc58248","locus076",0.481206,0.356516,NA,NA,1,NA,0.640328,NA,1,0
"Dc58248","locus077",0.469072,1,NA,NA,1,NA,0.407128,NA,0.298814,0
"Dc58248","locus080",0.787324,1,NA,NA,0.77026,NA,0.863384,NA,0.991568,0
"Dc58248","locus083",0.139684,0.67888,NA,NA,0.501316,NA,1,NA,0.10109,0
"Dc58248","locus088",0.344784,0.742386,NA,NA,1,NA,0.483648,NA,0.632978,0
"Dc58248","locus093",1,Inf,Inf,NA,Inf,NA,1,NA,1,0
"Dc58248","locus096",0.472654,0.251828,NA,NA,1,NA,0.163278,NA,0.411446,0
"Dc58248","locus098",0.033672,0.355636,0.499928,NA,1,NA,0.975074,NA,0.907994,1
"Dc58248","locus100",0.339642,1,NA,NA,1,NA,0.967292,NA,0.159966,0
"Dc58248","locus106",0.102946,Inf,NA,NA,1,NA,0.175658,NA,0.547886,0
"Dc58248","locus110",0.17457,1,NA,NA,NA,NA,0.139216,NA,NA,0
"Dc58248","locus116",0.565376,0.742894,NA,NA,0.109882,NA,0.379356,NA,NA,0
"Dc58248","locus119",0.010916,0.742558,1,NA,0.28537,1,0.939426,NA,NA,1
"Dc58248","locus120",0.919292,1,1,1,1,NA,0.28938,0.486716,NA,0
"Dc58248","locus126",0.232192,1,NA,NA,1,NA,0.39941,NA,NA,0
"Dc58248","locus128",0.16625,0.678082,NA,NA,0.771094,NA,0.308778,NA,NA,0
"Dc58248","locus129",0.323392,0.741138,NA,NA,0.859632,NA,0.316876,NA,NA,0
"Dc58248","locus130",0.298288,0.680456,NA,NA,1,NA,0.723442,NA,NA,0
"Dc58248","locus134",0.157258,1,NA,NA,1,Inf,0.810134,NA,NA,0
"Dc58248","locus135",0.78517,0.872518,NA,NA,0.74638,NA,0.798216,NA,NA,0
"Dc58248","locus137",0.015928,0.869874,NA,NA,1,NA,0.4546,NA,NA,1
"Dc58248","locus139",0.582734,1,Inf,NA,1,NA,0.733022,0.885012,NA,0
"Dc58248","locus140",0.594868,1,Inf,NA,1,NA,0.733968,NA,NA,0
"Dc58248","locus146",0.422346,1,NA,1,1,NA,0.096436,NA,NA,0
"Dc58248","locus148",0.025686,0.676058,1,NA,0.740386,NA,0.840708,NA,NA,1
"Dc58248","locus151",0.774804,1,NA,NA,0.770044,NA,0.948526,NA,NA,0
"Dc58248","locus157",0.94117,0.678256,NA,NA,1,NA,0.35765,NA,NA,0
"Dc58248","locus161",0.551568,0.143254,NA,NA,0.571996,NA,0.502448,0.284832,NA,0
"Dc58248","locus165",0.711486,1,NA,NA,1,NA,0.226808,NA,NA,0
"Dc58248","locus170",0.2145,0.740806,NA,NA,1,NA,0.335004,NA,NA,0
"Dc58248","locus176",0.06617,0.615858,NA,NA,0.775566,NA,0.166318,NA,NA,0
"Dc58248","locus184",0.709348,0.486858,NA,NA,1,NA,0.703896,NA,NA,0
"Dc58248","locus186",0.777204,1,NA,NA,1,NA,0.385122,NA,NA,0
"Dc58248","locus188",0.955152,1,NA,NA,0.420284,NA,0.8278,NA,NA,0
"Dc58248","locus189",0.149456,0.871274,Inf,NA,1,0.33472,0.190542,NA,NA,0
"Dc58248","locus190",0.68512,1,Inf,NA,0.767634,NA,0.430874,NA,NA,0
"Dc58248","locus191",0.962086,0.166276,Inf,NA,0.765906,NA,0.028538,NA,NA,1
"Dc58248","locus192",0.621932,1,NA,NA,0.858898,NA,0.51648,NA,NA,0
"Dc58248","locus195",0.981116,0.67947,NA,NA,1,Inf,0.137924,NA,NA,0
"Dc58248","locus202",0.365492,0.462784,1,NA,1,1,0.66415,NA,NA,0
"Dc58248","locus210",0.095058,1,NA,NA,1,NA,0.880974,1,NA,0
"Dc58248","locus215",0.287508,0.677098,NA,NA,0.744112,NA,0.246238,NA,NA,0
"Dc58248","locus227",0.51408,0.67955,Inf,NA,Inf,NA,0.70877,NA,NA,0
"Dc58248","locus231",0.927618,1,Inf,NA,0.143412,NA,0.179262,NA,NA,0
"Dc58248","locus235",0.18573,0.321156,NA,NA,1,NA,0.613026,NA,NA,0
"Dc58248","locus236",0.15975,1,NA,NA,0.141652,1,0.506296,NA,NA,0
"Dc58248","locus237",0.442122,0.677246,NA,NA,0.767246,1,0.086894,NA,NA,0
"Dc58248","locus239",0.608062,0.214928,0.501414,NA,1,1,0.112222,NA,NA,0
"Dc58248","locus248",0.581134,1,NA,NA,1,1,0.857546,0.485962,NA,0
"Dc58248","locus255",0.10419,0.29303,NA,NA,1,NA,NA,NA,NA,0
"Dc58248","locus256",0.81582,1,1,1,0.660226,NA,0.119982,NA,NA,0
"Dc58248","locus263",0.291112,0.249986,NA,Inf,0.571718,NA,0.07085,NA,NA,0
"Dc58248","locus264",0.625674,0.614674,1,NA,1,NA,0.943146,NA,NA,0
"Dc58248","locus274",0.020352,0.036552,NA,NA,1,NA,0.296938,NA,NA,2
"Dc58248","locus280",0.475084,0.743038,NA,NA,0.65855,NA,0.441816,1,NA,0
"Dc58248","locus282",0.840338,0.167596,NA,NA,0.778716,NA,0.890186,NA,NA,0
"Dc58248","locus286",0.877414,1,NA,NA,0.572122,NA,0.242982,NA,NA,0
"Dc58248","locus291",0.943394,0.359808,NA,NA,0.282888,NA,0.294926,NA,NA,0
"Dc58248","locus292",0.899726,0.73818,NA,NA,0.743168,NA,0.792526,NA,NA,0
"Dc58248","locus296",0.532676,0.677668,NA,NA,1,NA,0.90832,NA,NA,0
"Dc58248","locus301",0.997646,1,NA,NA,0.658862,NA,0.703774,NA,NA,0
"Dc58248","locus314",0.776512,0.31162,NA,NA,1,NA,0.453446,NA,NA,0
"Dc58248","locus321",0.702094,1,NA,1,0.656912,1,0.226284,0.31038,NA,0
"Dc58248","locus322",0.110772,0.358182,NA,NA,1,NA,0.547434,NA,NA,0
"Dc58248","locus323",0.073002,0.359338,0.499064,NA,1,NA,0.398956,NA,NA,0
"Dc58248","locus329",0.86684,1,NA,NA,1,NA,0.899664,NA,NA,0
"Dc58248","locus332",0.963798,0.741552,NA,NA,1,NA,0.576676,NA,NA,0
"Dc58248","locus349",0.43763,1,NA,NA,1,NA,0.639184,NA,NA,0
"Dc58248","locus358",0.830912,1,NA,0.603542,1,NA,0.684348,NA,NA,0
"Dc58248","locus359",0.563632,1,NA,NA,1,NA,0.016812,NA,NA,1
"Dc58248","locus360",0.236214,1,NA,NA,0.775054,NA,0.982382,NA,NA,0
"Dc62188","Dc67011",0.692592,0.484918,NA,1,0.100384,NA,0.863278,NA,0.13815,0
"Dc62188","locus002",0.8901,0.285954,NA,NA,1,NA,0.082176,NA,0.28379,0
"Dc62188","locus003",0.562966,0.195786,NA,NA,0.01358,NA,0.007572,NA,0.061178,2
"Dc62188","locus004",0.399546,1,NA,NA,1,NA,0.357302,NA,1,0
"Dc62188","locus005",0.213102,0.57386,NA,NA,1,NA,0.13966,NA,0.196124,0
"Dc62188","locus006",0.984184,0.784766,NA,NA,1,NA,0.476258,0.486206,0.771434,0
"Dc62188","locus008",0.627118,0.19671,NA,NA,0.486112,NA,0.799578,NA,1,0
"Dc62188","locus013",0.4962,0.034792,NA,NA,0.229268,NA,0.262064,NA,0.572088,1
"Dc62188","locus014",0.074324,0.293956,NA,NA,0.573426,NA,0.292012,NA,1,0
"Dc62188","locus022",0.003946,0.211018,NA,NA,1,NA,0.592792,NA,0.74777,1
"Dc62188","locus024",0.889536,0.485612,NA,NA,1,NA,0.30502,NA,0.036166,1
"Dc62188","locus025",0.81045,0.29177,NA,NA,0.572442,NA,0.51588,NA,0.377112,0
"Dc62188","locus027",0.44203,1,NA,NA,1,NA,0.29944,NA,1,0
"Dc62188","locus030",0.906232,0.798338,NA,NA,0.657782,NA,0.100426,0.314458,0.846066,0
"Dc62188","locus035",0.856718,0.140032,NA,NA,0.569998,Inf,0.164348,NA,0.240114,0
"Dc62188","locus038",0.695894,0.091392,NA,NA,1,NA,0.661384,NA,0.315748,0
"Dc62188","locus039",0.35679,0.295572,NA,NA,0.5709,NA,0.700276,NA,1,0
"Dc62188","locus040",0.307988,0.622152,NA,NA,0.574084,NA,0.335786,NA,Inf,0
"Dc62188","locus041",0.014646,0.292944,NA,1,0.569642,NA,0.154406,NA,1,1
"Dc62188","locus045",0.594532,0.57151,NA,NA,0.572086,NA,0.64923,NA,0.45998,0
"Dc62188","locus047",0.55274,0.799238,NA,NA,0.485638,NA,0.504136,0.711074,0.882868,0
"Dc62188","locus048",0.474696,Inf,NA,NA,1,NA,0.639378,0.715182,0.630614,0
"Dc62188","locus053",0.27025,0.870402,Inf,NA,1,NA,0.75014,NA,0.960632,0
"Dc62188","locus055",0.12357,1,NA,NA,1,NA,0.68138,NA,0.692198,0
"Dc62188","locus056",0.909986,0.786082,NA,NA,1,NA,0.10991,NA,0.621092,0
"Dc62188","locus058",0.301338,0.571556,NA,NA,0.828354,NA,0.86168,NA,0.120738,0
"Dc62188","locus060",0.83444,1,NA,NA,0.228608,NA,0.539032,NA,0.818,0
"Dc62188","locus061",0.164042,0.786644,NA,NA,1,NA,0.816268,NA,0.727988,0
"Dc62188","locus062",0.708616,0.626696,NA,1,0.484402,NA,0.208886,0.88791,0.081022,0
"Dc62188","locus064",0.848846,0.787294,NA,NA,0.571998,NA,0.084604,NA,1,0
"Dc62188","locus065",0.3076,1,NA,NA,1,NA,0.123446,NA,0.22634,0
"Dc62188","locus073",0.69504,0.486064,NA,NA,0.48514,NA,0.433302,NA,0.067352,0
"Dc62188","locus074",0.951134,0.205614,Inf,NA,0.657626,NA,0.23176,NA,0.573182,0
"Dc62188","locus076",0.069422,1,NA,NA,0.485842,NA,0.651026,NA,0.33367,0
"Dc62188","locus077",0.697026,0.356622,NA,NA,1,NA,0.654572,NA,0.836088,0
"Dc62188","locus080",0.508554,0.8734,NA,NA,1,NA,0.025332,NA,0.251944,1
"Dc62188","locus083",0.259972,1,NA,NA,0.165584,NA,0.26424,NA,0.737964,0
"Dc62188","locus088",0.837116,0.87284,NA,NA,1,NA,0.127702,NA,0.4178,0
"Dc62188","locus093",0.312964,Inf,Inf,NA,Inf,NA,0.642736,NA,1,0
"Dc62188","locus096",0.362784,0.35219,NA,NA,1,NA,0.013978,NA,0.368868,1
"Dc62188","locus098",0.52122,1,Inf,NA,1,NA,0.236106,NA,0.71483,0
"Dc62188","locus100",0.934332,0.481756,NA,NA,1,NA,0.152202,NA,0.569568,0
"Dc62188","locus106",0.797044,Inf,NA,NA,1,NA,0.09455,NA,1,0
"Dc62188","locus110",0.163498,1,NA,NA,NA,NA,0.178456,NA,NA,0
"Dc62188","locus116",0.24536,0.869898,NA,NA,0.22605,NA,0.213322,NA,NA,0
"Dc62188","locus119",0.706948,0.871418,Inf,NA,0.57245,Inf,0.916348,NA,NA,0
"Dc62188","locus120",0.252322,0.378312,Inf,0.333404,1,NA,0.90297,1,NA,0
"Dc62188","locus126",0.766216,1,NA,NA,1,NA,0.209884,NA,NA,0
"Dc62188","locus128",0.692044,1,NA,NA,0.652984,NA,0.051878,NA,NA,0
"Dc62188","locus129",0.675064,0.869548,NA,NA,0.285738,NA,0.206368,NA,NA,0
"Dc62188","locus130",0.714786,0.570738,NA,NA,0.400466,NA,0.768994,NA,NA,0
"Dc62188","locus134",0.742404,0.571612,NA,NA,0.228744,Inf,0.680092,NA,NA,0
"Dc62188","locus135",0.63711,0.668942,NA,NA,0.487254,NA,0.093556,NA,NA,0
"Dc62188","locus137",0.168476,0.743226,NA,NA,0.571996,NA,0.913346,NA,NA,0
"Dc62188","locus139",0.10947,0.37642,Inf,NA,1,NA,0.103728,0.31545,NA,0
"Dc62188","locus140",0.108904,0.378258,Inf,NA,1,NA,0.101208,NA,NA,0
"Dc62188","locus146",0.684724,0.145126,NA,1,1,NA,0.198736,NA,NA,0
"Dc62188","locus148",0.089092,1,Inf,NA,1,NA,0.65985,NA,NA,0
"Dc62188","locus151",0.424816,1,NA,NA,0.660004,NA,0.034764,NA,NA,1
"Dc62188","locus157",0.67694,1,NA,NA,1,NA,0.294088,NA,NA,0
"Dc62188","locus161",0.543522,0.574052,NA,NA,0.141036,NA,0.098002,1,NA,0
"Dc62188","locus165",0.220428,0.288606,NA,NA,1,NA,0.07194,NA,NA,0
"Dc62188","locus170",0.55991,0.292584,NA,NA,1,NA,0.79558,NA,NA,0
"Dc62188","locus176",0.656522,0.742914,NA,NA,0.658534,NA,0.053456,NA,NA,0
"Dc62188","locus184",0.71739,1,NA,NA,1,NA,0.005088,NA,NA,1
"Dc62188","locus186",0.004506,0.358576,NA,NA,1,NA,0.375658,NA,NA,1
"Dc62188","locus188",0.799362,0.177218,NA,NA,0.59913,NA,0.653386,NA,NA,0
"Dc62188","locus189",0.936136,0.744182,Inf,NA,0.658384,Inf,0.228724,NA,NA,0
"Dc62188","locus190",0.149192,0.480736,Inf,NA,1,NA,0.46772,NA,NA,0
"Dc62188","locus191",0.391912,0.869348,Inf,NA,0.657396,NA,0.7857,NA,NA,0
"Dc62188","locus192",0.79225,0.035344,NA,NA,1,NA,0.359348,NA,NA,1
"Dc62188","locus195",0.227518,1,NA,NA,1,Inf,0.543174,NA,NA,0
"Dc62188","locus202",0.786988,0.43188,Inf,NA,0.659466,Inf,0.542544,NA,NA,0
"Dc62188","locus210",0.483098,0.798812,NA,NA,1,NA,0.8142,1,NA,0
"Dc62188","locus215",0.981322,1,NA,NA,1,NA,0.735906,NA,NA,0
"Dc62188","locus227",0.039842,0.56783,Inf,NA,Inf,NA,0.327764,NA,NA,1
"Dc62188","locus231",0.33804,1,Inf,NA,1,NA,0.450046,NA,NA,0
"Dc62188","locus235",0.668764,0.181974,NA,NA,1,NA,0.954852,NA,NA,0
"Dc62188","locus236",0.098192,0.872342,NA,NA,0.228404,Inf,0.815728,NA,NA,0
"Dc62188","locus237",0.65544,0.785876,NA,NA,0.658738,Inf,0.36415,NA,NA,0
"Dc62188","locus239",0.662004,1,Inf,NA,1,Inf,0.650838,NA,NA,0
"Dc62188","locus248",0.291016,1,NA,NA,1,Inf,0.989218,1,NA,0
"Dc62188","locus255",0.951666,0.295722,NA,NA,1,NA,NA,NA,NA,0
"Dc62188","locus256",0.393372,0.623958,Inf,1,1,NA,0.6079,NA,NA,0
"Dc62188","locus263",0.973318,0.786636,NA,Inf,1,NA,0.727294,NA,NA,0
"Dc62188","locus264",0.241484,1,Inf,NA,1,NA,0.626196,NA,NA,0
"Dc62188","locus274",0.018492,0.871576,NA,NA,0.487948,NA,0.511928,NA,NA,1
"Dc62188","locus280",0.043286,0.87213,NA,NA,0.826338,NA,0.356466,1,NA,1
"Dc62188","locus282",0.928534,0.87179,NA,NA,0.657454,NA,0.031872,NA,NA,1
"Dc62188","locus286",0.91462,0.622882,NA,NA,0.141834,NA,0.712448,NA,NA,0
"Dc62188","locus291",0.866384,1,NA,NA,0.572262,NA,0.918466,NA,NA,0
"Dc62188","locus292",0.26749,0.871236,NA,NA,0.101784,NA,0.912832,NA,NA,0
"Dc62188","locus296",0.817156,1,NA,NA,0.570024,NA,0.345784,NA,NA,0
"Dc62188","locus301",0.57318,0.933828,NA,NA,0.485782,NA,0.402692,NA,NA,0
"Dc62188","locus314",0.23752,1,NA,NA,0.574002,NA,0.488154,NA,NA,0
"Dc62188","locus321",0.52864,0.802944,NA,0.199376,0.826566,Inf,0.964828,0.1145,NA,0
"Dc62188","locus322",0.237294,1,NA,NA,0.657468,NA,0.255312,NA,NA,0
"Dc62188","locus323",0.904732,1,Inf,NA,0.22926,NA,0.191298,NA,NA,0
"Dc62188","locus329",0.351502,0.358078,NA,NA,1,Inf,0.980572,NA,NA,0
"Dc62188","locus332",0.345258,0.872292,NA,NA,1,NA,0.397628,NA,NA,0
"Dc62188","locus349",0.323132,0.573718,NA,NA,1,NA,0.117822,NA,NA,0
"Dc62188","locus358",0.127684,1,NA,0.33317,1,NA,0.669252,NA,NA,0
"Dc62188","locus359",0.766776,0.178786,NA,NA,1,NA,0.456842,NA,NA,0
"Dc62188","locus360",0.835564,0.927374,NA,NA,0.232804,NA,0.114522,NA,NA,0
"Dc67011","locus002",0.43787,1,NA,NA,1,NA,0.704228,NA,0.183408,0
"Dc67011","locus003",0.90931,1,NA,NA,0.10333,NA,0.568468,NA,0.017028,1
"Dc67011","locus004",0.539632,1,NA,NA,1,NA,0.318168,NA,1,0
"Dc67011","locus005",0.580908,1,NA,NA,1,NA,0.501414,NA,1,0
"Dc67011","locus006",1,0.42861,NA,NA,1,NA,1,0.429862,1,0
"Dc67011","locus008",0.37574,1,NA,NA,0.83044,NA,0.250648,NA,0.55926,0
"Dc67011","locus013",0.185916,0.486286,NA,NA,1,NA,0.727,NA,0.038826,1
"Dc67011","locus014",1,0.484572,NA,NA,0.572892,NA,0.7076,NA,0.38184,0
"Dc67011","locus022",0.017358,0.05823,NA,NA,1,NA,0.636028,NA,0.37579,1
"Dc67011","locus024",1,0.486398,NA,NA,1,1,0.571698,NA,0.343148,0
"Dc67011","locus025",0.084942,0.027908,NA,NA,0.572748,NA,0.426162,NA,0.53914,1
"Dc67011","locus027",0.445684,0.486062,NA,NA,1,NA,0.021528,NA,Inf,1
"Dc67011","locus030",0.115478,0.656126,NA,NA,0.659478,NA,0.633898,0.61924,0.79048,0
"Dc67011","locus035",0.783544,0.428674,NA,NA,0.57039,Inf,0.75057,NA,0.52839,0
"Dc67011","locus038",0.485218,1,NA,NA,1,NA,0.527092,NA,0.236494,0
"Dc67011","locus039",0.299602,0.48725,NA,NA,0.57014,NA,0.123506,NA,1,0
"Dc67011","locus040",0.771336,1,NA,NA,0.571872,NA,0.881522,NA,Inf,0
"Dc67011","locus041",0.378804,0.144528,NA,1,0.573368,NA,0.92582,NA,1,0
"Dc67011","locus045",0.421788,1,NA,NA,0.568876,NA,0.394012,NA,0.264888,0
"Dc67011","locus047",0.919664,0.659084,NA,NA,0.48329,NA,0.058814,1,0.3618,0
"Dc67011","locus048",1,Inf,NA,NA,0.569784,NA,0.355088,1,0.526798,0
"Dc67011","locus053",0.946796,0.029388,NA,NA,1,NA,0.401988,NA,1,1
"Dc67011","locus055",0.45455,1,NA,NA,1,NA,0.323546,NA,0.248166,0
"Dc67011","locus056",0.475928,1,1,NA,1,NA,0.711638,NA,0.385094,0
"Dc67011","locus058",0.552892,0.14255,NA,NA,1,NA,0.061078,NA,0.12944,0
"Dc67011","locus060",0.283102,1,NA,NA,1,NA,0.45817,NA,0.510486,0
"Dc67011","locus061",1,1,Inf,NA,1,NA,0.734042,NA,0.615674,0
"Dc67011","locus062",0.698268,1,NA,1,1,NA,0.057158,1,0.511024,0
"Dc67011","locus064",0.026386,1,NA,NA,0.570546,NA,1,NA,1,1
"Dc67011","locus065",1,1,NA,NA,1,NA,1,NA,0.614402,0
"Dc67011","locus073",0.600348,0.028492,NA,NA,0.485068,NA,0.322818,NA,0.316576,1
"Dc67011","locus074",0.307332,1,NA,NA,0.656486,NA,0.145084,NA,0.260458,0
"Dc67011","locus076",0.53201,1,NA,NA,0.056318,Inf,0.704496,NA,1,0
"Dc67011","locus077",1,0.429238,NA,NA,0.226056,NA,0.083316,NA,1,0
"Dc67011","locus080",0.165258,1,NA,NA,0.654764,NA,0.828844,NA,0.780696,0
"Dc67011","locus083",0.507672,1,NA,NA,0.499178,NA,0.14554,NA,1,0
"Dc67011","locus088",1,0.02813,NA,NA,1,NA,0.756924,NA,0.632504,1
"Dc67011","locus093",1,Inf,Inf,NA,Inf,NA,1,NA,Inf,0
"Dc67011","locus096",1,0.429588,NA,NA,0.570688,NA,1,NA,0.308316,0
"Dc67011","locus098",0.413456,1,NA,NA,1,NA,0.606956,NA,Inf,0
"Dc67011","locus100",0.172978,0.485464,NA,NA,1,NA,0.828878,NA,1,0
"Dc67011","locus106",0.205874,Inf,NA,NA,0.571204,NA,0.558954,NA,1,0
"Dc67011","locus110",0.885304,0.400176,NA,NA,NA,NA,0.449794,NA,NA,0
"Dc67011","locus116",0.728302,0.484268,NA,NA,1,1,0.615622,NA,NA,0
"Dc67011","locus119",0.211154,0.484092,NA,NA,0.570228,NA,0.244874,NA,NA,0
"Dc67011","locus120",0.240678,1,NA,1,1,1,0.402006,0.141182,NA,0
"Dc67011","locus126",0.859116,0.485418,Inf,NA,1,NA,0.325138,NA,NA,0
"Dc67011","locus128",0.67302,1,NA,NA,1,NA,0.413456,NA,NA,0
"Dc67011","locus129",1,0.14373,NA,NA,1,NA,0.898374,NA,NA,0
"Dc67011","locus130",0.786498,1,NA,NA,0.199934,NA,0.644058,NA,NA,0
"Dc67011","locus134",0.778962,1,NA,NA,0.116284,Inf,0.901062,NA,NA,0
"Dc67011","locus135",0.41552,1,NA,NA,1,NA,1,NA,NA,0
"Dc67011","locus137",0.519958,1,NA,NA,0.571508,NA,0.4271,NA,NA,0
"Dc67011","locus139",1,1,Inf,NA,0.228024,NA,0.826286,0.618244,NA,0
"Dc67011","locus140",1,1,Inf,NA,0.228236,NA,0.826708,NA,NA,0
"Dc67011","locus146",0.061902,1,1,1,0.571196,NA,0.799652,NA,NA,0
"Dc67011","locus148",0.296556,0.429294,NA,NA,1,NA,0.618212,NA,NA,0
"Dc67011","locus151",0.378186,0.486462,1,NA,0.653598,NA,0.833366,NA,NA,0
"Dc67011","locus157",0.437186,1,NA,NA,1,NA,0.435848,NA,NA,0
"Dc67011","locus161",0.310366,1,NA,NA,1,NA,0.347028,1,NA,0
"Dc67011","locus165",0.235544,0.484156,NA,NA,0.600898,NA,1,NA,NA,0
"Dc67011","locus170",0.140962,1,NA,NA,0.230236,NA,0.467992,NA,NA,0
"Dc67011","locus176",0.82867,1,NA,NA,0.65501,NA,0.86706,NA,NA,0
"Dc67011","locus184",0.64595,0.48533,NA,NA,1,NA,0.406904,NA,NA,0
"Dc67011","locus186",0.787384,1,NA,NA,1,NA,0.27419,NA,NA,0
"Dc67011","locus188",0.331512,1,NA,NA,1,Inf,0.931346,NA,NA,0
"Dc67011","locus189",0.921834,0.057106,Inf,NA,0.657592,NA,0.75097,NA,NA,0
"Dc67011","locus190",0.590536,1,Inf,NA,0.656992,Inf,0.63521,NA,NA,0
"Dc67011","locus191",0.153578,0.484236,NA,NA,0.65637,NA,0.741082,NA,NA,0
"Dc67011","locus192",0.266152,0.428816,NA,NA,0.281052,NA,1,NA,NA,0
"Dc67011","locus195",0.11231,0.141626,NA,NA,1,NA,0.321036,NA,NA,0
"Dc67011","locus202",0.646106,1,NA,NA,0.659364,NA,0.556928,NA,NA,0
"Dc67011","locus210",0.863862,0.656312,NA,NA,1,NA,0.539232,1,NA,0
"Dc67011","locus215",0.905516,1,NA,NA,0.487214,NA,0.3886,NA,NA,0
"Dc67011","locus227",0.32488,1,Inf,NA,Inf,NA,0.156466,NA,NA,0
"Dc67011","locus231",0.053246,0.48585,NA,NA,1,NA,0.720104,NA,NA,0
"Dc67011","locus235",0.29932,1,NA,NA,1,NA,0.561626,NA,NA,0
"Dc67011","locus236",0.279152,0.141852,NA,NA,1,NA,0.496138,NA,NA,0
"Dc67011","locus237",0.428706,1,NA,NA,0.659092,NA,0.514554,NA,NA,0
"Dc67011","locus239",0.121912,1,NA,NA,0.22935,NA,0.378318,NA,NA,0
"Dc67011","locus248",0.900888,0.428184,NA,NA,1,NA,0.927012,1,NA,0
"Dc67011","locus255",0.128866,0.028566,NA,NA,0.572786,NA,NA,NA,NA,1
"Dc67011","locus256",0.544152,1,NA,Inf,0.826422,NA,0.715926,NA,NA,0
"Dc67011","locus263",1,1,NA,Inf,1,NA,0.635198,NA,NA,0
"Dc67011","locus264",0.90977,0.229192,NA,NA,0.228684,NA,0.20854,NA,NA,0
"Dc67011","locus274",0.554878,1,NA,NA,0.484482,NA,0.391998,NA,NA,0
"Dc67011","locus280",0.519076,1,NA,NA,1,NA,0.214482,0.42811,NA,0
"Dc67011","locus282",0.081938,1,NA,NA,0.659934,NA,0.811806,NA,NA,0
"Dc67011","locus286",0.345874,1,NA,NA,1,NA,0.785246,NA,NA,0
"Dc67011","locus291",0.37965,1,NA,NA,0.570358,NA,0.662584,NA,NA,0
"Dc67011","locus292",0.627934,0.485524,1,NA,0.48776,NA,0.716934,NA,NA,0
"Dc67011","locus296",0.629576,1,NA,NA,0.573268,NA,0.185832,NA,NA,0
"Dc67011","locus301",1,0.42783,NA,NA,0.057626,0.332936,0.902352,NA,NA,0
"Dc67011","locus314",0.580122,0.314606,NA,NA,0.572134,NA,0.362908,NA,NA,0
"Dc67011","locus321",0.128872,0.028842,NA,0.398638,0.827084,NA,0.741378,1,NA,1
"Dc67011","locus322",0.303268,1,NA,NA,0.655622,NA,0.687098,NA,NA,0
"Dc67011","locus323",1,1,NA,NA,0.230326,NA,0.221862,NA,NA,0
"Dc67011","locus329",0.11346,0.427348,NA,NA,1,NA,0.165442,NA,NA,0
"Dc67011","locus332",0.099888,1,NA,NA,1,NA,0.844636,NA,NA,0
"Dc67011","locus349",0.55693,1,NA,NA,1,NA,0.555754,NA,NA,0
"Dc67011","locus358",1,1,NA,1,1,NA,0.332052,NA,NA,0
"Dc67011","locus359",0.7567,0.4303,NA,NA,0.144346,NA,0.942678,NA,NA,0
"Dc67011","locus360",0.905516,0.14151,Inf,NA,0.113528,NA,0.109476,NA,NA,0
"locus002","locus003",0.672742,0.52316,NA,NA,1,NA,0.676948,NA,0.350676,0
"locus002","locus004",0.736952,0.52466,NA,NA,1,NA,0.616232,NA,1,0
"locus002","locus005",0.537282,0.429808,NA,NA,1,NA,0.429196,NA,1,0
"locus002","locus006",0.717494,0.523408,NA,NA,1,NA,0.630362,1,1,0
"locus002","locus008",0.664962,1,NA,NA,1,NA,0.736578,NA,0.241786,0
"locus002","locus013",0.36101,0.42698,NA,NA,0.399002,NA,1,NA,0.111136,0
"locus002","locus014",0.491868,0.570888,NA,NA,0.401522,NA,0.563212,NA,0.740932,0
"locus002","locus022",0.954064,1,NA,NA,1,NA,0.358646,NA,0.24821,0
"locus002","locus024",0.280174,1,NA,NA,1,NA,1,NA,0.454216,0
"locus002","locus025",0.754156,1,Inf,NA,0.401396,NA,0.731454,NA,0.417504,0
"locus002","locus027",0.43951,1,Inf,NA,1,NA,0.572294,NA,1,0
"locus002","locus030",0.387548,0.095546,NA,NA,1,NA,0.670964,1,1,0
"locus002","locus035",0.66811,0.28615,NA,NA,1,NA,0.14037,NA,1,0
"locus002","locus038",0.376296,0.571708,NA,NA,0.20053,NA,0.283576,NA,1,0
"locus002","locus039",0.294118,0.569278,NA,NA,1,NA,1,NA,1,0
"locus002","locus040",1,Inf,NA,NA,1,NA,0.81206,NA,Inf,0
"locus002","locus041",0.14511,1,NA,NA,0.400128,NA,0.56269,NA,0.445906,0
"locus002","locus045",0.200802,1,NA,NA,1,NA,0.484978,NA,1,0
"locus002","locus047",0.828482,0.427916,NA,NA,1,NA,0.0519,1,1,0
"locus002","locus048",0.693126,Inf,NA,NA,0.400328,NA,1,1,0.546426,0
"locus002","locus053",0.651802,1,NA,NA,0.600156,NA,0.672062,NA,1,0
"locus002","locus055",0.088208,1,NA,NA,1,NA,0.674434,NA,0.371664,0
"locus002","locus056",0.17197,0.522984,Inf,NA,1,NA,0.693412,NA,1,0
"locus002","locus058",0.43759,1,NA,NA,1,NA,0.229578,NA,0.567226,0
"locus002","locus060",1,0.140646,NA,NA,1,NA,1,NA,1,0
"locus002","locus061",1,0.52416,NA,NA,1,NA,0.666314,NA,1,0
"locus002","locus062",0.507734,Inf,NA,NA,1,NA,0.136158,1,0.105916,0
"locus002","locus064",0.437746,0.524314,NA,NA,0.399442,NA,0.58253,NA,1,0
"locus002","locus065",0.633388,1,NA,NA,1,NA,0.447902,NA,1,0
"locus002","locus073",0.293308,1,NA,NA,1,NA,0.155718,NA,0.569738,0
"locus002","locus074",0.488576,1,NA,NA,0.398856,NA,0.17579,NA,0.080134,0
"locus002","locus076",0.50772,0.142162,NA,NA,1,NA,0.044246,NA,0.52405,1
"locus002","locus077",1,1,NA,NA,1,NA,0.672532,NA,1,0
"locus002","locus080",0.120186,0.142404,NA,NA,0.401292,NA,0.065414,NA,0.740692,0
"locus002","locus083",0.306384,1,NA,NA,Inf,NA,0.848964,NA,0.242188,0
"locus002","locus088",0.220934,0.330642,NA,NA,1,NA,0.344424,NA,1,0
"locus002","locus093",1,Inf,Inf,NA,Inf,NA,0.359478,NA,0.333144,0
"locus002","locus096",0.749512,1,NA,NA,0.401612,NA,0.074072,NA,1,0
"locus002","locus098",1,0.524094,NA,NA,1,NA,0.200452,NA,0.677254,0
"locus002","locus100",0.661268,1,NA,NA,1,NA,0.036896,NA,1,1
"locus002","locus106",0.032596,Inf,NA,NA,1,NA,0.706302,NA,1,1
"locus002","locus110",0.268022,1,NA,NA,NA,NA,0.2656,NA,NA,0
"locus002","locus116",1,0.57047,NA,NA,0.400472,NA,0.473314,NA,NA,0
"locus002","locus119",0.019778,0.61936,NA,NA,0.399866,NA,0.520674,NA,NA,1
"locus002","locus120",0.05472,1,NA,NA,1,NA,0.44758,1,NA,0
"locus002","locus126",0.031024,0.428182,NA,NA,1,NA,0.588832,NA,NA,1
"locus002","locus128",0.486702,1,NA,NA,1,NA,0.81562,NA,NA,0
"locus002","locus129",0.7199,0.333234,NA,NA,1,NA,0.117536,NA,NA,0
"locus002","locus130",0.029152,1,NA,NA,1,NA,0.81389,NA,NA,1
"locus002","locus134",0.68448,1,NA,NA,1,NA,0.544436,NA,NA,0
"locus002","locus135",1,1,NA,NA,1,NA,0.72328,NA,NA,0
"locus002","locus137",0.48541,1,NA,NA,0.399982,NA,0.212274,NA,NA,0
"locus002","locus139",0.282962,1,Inf,NA,1,NA,1,1,NA,0
"locus002","locus140",0.28093,1,Inf,NA,1,NA,1,NA,NA,0
"locus002","locus146",0.47515,0.523724,Inf,NA,1,NA,0.871202,NA,NA,0
"locus002","locus148",0.065516,1,NA,NA,0.200638,NA,0.057944,NA,NA,0
"locus002","locus151",0.525612,0.428752,Inf,NA,1,NA,0.442556,NA,NA,0
"locus002","locus157",0.449086,1,NA,NA,1,NA,0.366596,NA,NA,0
"locus002","locus161",0.699626,0.429454,NA,NA,Inf,NA,0.26251,1,NA,0
"locus002","locus165",0.904456,0.570082,NA,NA,1,NA,0.571814,NA,NA,0
"locus002","locus170",0.572892,1,NA,NA,1,NA,0.472846,NA,NA,0
"locus002","locus176",1,1,NA,NA,1,NA,0.665352,NA,NA,0
"locus002","locus184",0.329814,1,NA,NA,0.400204,NA,0.49112,NA,NA,0
"locus002","locus186",0.633518,0.287066,NA,NA,1,NA,0.114004,NA,NA,0
"locus002","locus188",0.95506,0.714538,NA,NA,0.601438,NA,0.02197,NA,NA,1
"locus002","locus189",0.134262,1,Inf,NA,1,NA,0.435192,NA,NA,0
"locus002","locus190",0.287236,1,Inf,NA,1,NA,0.366658,NA,NA,0
"locus002","locus191",0.038278,0.618234,NA,NA,1,NA,0.05384,NA,NA,1
"locus002","locus192",0.196238,1,NA,NA,0.401534,NA,0.19767,NA,NA,0
"locus002","locus195",0.189566,1,NA,NA,1,NA,0.589094,NA,NA,0
"locus002","locus202",0.59968,0.618486,NA,NA,1,NA,0.054656,NA,NA,0
"locus002","locus210",0.149896,0.61899,NA,NA,1,NA,0.803288,1,NA,0
"locus002","locus215",1,1,Inf,NA,1,NA,0.144896,NA,NA,0
"locus002","locus227",0.304744,0.428662,Inf,NA,Inf,NA,0.711074,NA,NA,0
"locus002","locus231",0.856324,0.430236,NA,NA,0.201424,NA,0.715018,NA,NA,0
"locus002","locus235",0.488026,0.526692,NA,NA,1,NA,1,NA,NA,0
"locus002","locus236",0.103218,1,NA,NA,0.40052,NA,0.829452,NA,NA,0
"locus002","locus237",0.49941,0.523794,NA,NA,1,NA,0.203626,NA,NA,0
"locus002","locus239",1,1,NA,NA,1,NA,0.572238,NA,NA,0
"locus002","locus248",0.377288,1,NA,NA,1,NA,0.72671,1,NA,0
"locus002","locus255",0.675558,0.569224,NA,NA,1,NA,NA,NA,NA,0
"locus002","locus256",0.355124,0.284904,NA,NA,0.199786,NA,0.49283,NA,NA,0
"locus002","locus263",0.632674,0.523928,NA,NA,Inf,NA,1,NA,NA,0
"locus002","locus264",0.798648,1,NA,NA,1,NA,0.517424,NA,NA,0
"locus002","locus274",0.552932,0.335946,NA,NA,1,NA,0.663,NA,NA,0
"locus002","locus280",1,1,NA,NA,1,NA,0.857632,0.332562,NA,0
"locus002","locus282",0.737584,0.617062,NA,NA,1,NA,0.162374,NA,NA,0
"locus002","locus286",0.03289,0.28578,NA,NA,Inf,NA,0.669436,NA,NA,1
"locus002","locus291",0.01088,0.523994,NA,NA,0.400948,NA,0.763318,NA,NA,1
"locus002","locus292",0.331594,1,Inf,NA,1,NA,0.578242,NA,NA,0
"locus002","locus296",0.637098,1,NA,NA,0.399922,NA,0.075062,NA,NA,0
"locus002","locus301",0.311762,1,Inf,NA,1,NA,0.670244,NA,NA,0
"locus002","locus314",0.386296,0.598704,NA,NA,1,NA,0.577912,NA,NA,0
"locus002","locus321",0.232606,1,NA,NA,1,NA,0.312324,1,NA,0
"locus002","locus322",0.355268,0.143402,NA,NA,1,NA,0.891058,NA,NA,0
"locus002","locus323",0.895366,1,NA,NA,1,NA,0.513944,NA,NA,0
"locus002","locus329",0.031186,1,NA,NA,1,NA,0.428056,NA,NA,1
"locus002","locus332",0.182562,1,NA,NA,1,NA,0.855944,NA,NA,0
"locus002","locus349",1,0.429084,NA,NA,1,NA,1,NA,NA,0
"locus002","locus358",0.862078,1,NA,NA,1,NA,0.36385,NA,NA,0
"locus002","locus359",0.714482,0.142962,NA,NA,1,NA,0.703572,NA,NA,0
"locus002","locus360",0.593938,1,NA,NA,1,NA,0.29082,NA,NA,0
"locus003","locus004",0.804722,1,NA,NA,1,NA,0.473704,NA,1,0
"locus003","locus005",0.079584,1,NA,NA,1,NA,0.656322,NA,0.49812,0
"locus003","locus006",0.442684,1,NA,NA,1,NA,0.774932,0.485886,0.627942,0
"locus003","locus008",0.77047,0.463146,NA,NA,0.487524,NA,0.079736,NA,0.076878,0
"locus003","locus013",0.391802,0.3552,NA,NA,0.22941,NA,0.537458,NA,0.339686,0
"locus003","locus014",0.482508,1,NA,NA,0.572924,NA,0.598272,NA,1,0
"locus003","locus022",0.724038,0.680996,1,NA,1,NA,0.775178,NA,0.88175,0
"locus003","locus024",0.162784,1,NA,NA,1,Inf,0.036984,NA,0.384098,1
"locus003","locus025",0.827548,0.677194,NA,NA,0.567788,NA,0.043056,NA,0.137556,1
"locus003","locus027",0.958452,1,NA,NA,1,NA,0.731032,NA,0.257726,0
"locus003","locus030",0.991826,0.71162,NA,NA,0.65681,NA,0.521682,0.656248,0.091302,0
"locus003","locus035",0.166118,1,NA,NA,0.569894,Inf,0.704128,NA,0.142622,0
"locus003","locus038",0.212656,0.675616,0.503196,NA,1,NA,0.768218,NA,0.217846,0
"locus003","locus039",0.715348,1,NA,NA,0.570452,NA,0.878944,NA,0.462604,0
"locus003","locus040",0.781942,0.376038,NA,NA,0.572956,NA,0.616456,NA,Inf,0
"locus003","locus041",0.319876,0.247376,NA,1,0.574112,NA,0.119304,NA,0.734666,0
"locus003","locus045",0.324638,0.195582,NA,NA,0.569446,NA,0.63794,NA,0.059642,0
"locus003","locus047",0.768054,0.712586,1,NA,0.487382,NA,0.272708,1,0.16093,0
"locus003","locus048",0.712542,Inf,NA,NA,1,NA,1,1,0.790198,0
"locus003","locus053",0.279064,0.678992,NA,NA,1,NA,0.145414,NA,0.170552,0
"locus003","locus055",0.760438,0.642376,NA,NA,1,NA,0.79158,NA,0.501462,0
"locus003","locus056",0.70202,0.464626,NA,NA,1,NA,0.54599,NA,0.882256,0
"locus003","locus058",0.93798,1,NA,NA,0.83014,NA,0.515778,NA,0.679478,0
"locus003","locus060",0.242422,0.197254,NA,NA,0.228274,NA,0.229056,NA,0.457338,0
"locus003","locus061",0.742212,1,NA,NA,1,NA,0.895856,NA,1,0
"locus003","locus062",0.01876,0.375406,NA,1,0.486652,NA,0.82647,1,0.14596,1
"locus003","locus064",0.781098,1,NA,NA,0.570198,NA,0.352186,NA,0.460354,0
"locus003","locus065",0.264956,1,NA,NA,1,NA,1,NA,1,0
"locus003","locus073",0.890332,1,1,NA,0.48491,NA,0.37201,NA,0.833642,0
"locus003","locus074",0.965076,0.678006,NA,NA,0.657964,NA,0.82427,NA,0.605154,0
"locus003","locus076",0.55285,0.197286,1,NA,0.486282,NA,0.17901,NA,0.44947,0
"locus003","locus077",0.032132,0.107152,NA,NA,1,NA,1,NA,0.212958,1
"locus003","locus080",0.88342,1,NA,NA,1,NA,0.344802,NA,0.566798,0
"locus003","locus083",0.783948,1,NA,NA,0.16635,NA,0.023166,NA,1,1
"locus003","locus088",0.298616,0.677836,NA,NA,1,NA,0.849644,NA,0.365494,0
"locus003","locus093",0.255514,Inf,Inf,NA,Inf,NA,1,NA,0.42859,0
"locus003","locus096",0.011694,1,NA,NA,1,NA,0.244498,NA,0.271118,1
"locus003","locus098",0.689518,1,NA,NA,1,NA,0.037926,NA,0.095358,1
"locus003","locus100",0.276364,1,NA,NA,1,NA,1,NA,0.719262,0
"locus003","locus106",0.284168,Inf,NA,NA,1,NA,0.782456,NA,0.456468,0
"locus003","locus110",0.908064,1,NA,NA,NA,NA,1,NA,NA,0
"locus003","locus116",0.75941,0.677978,NA,NA,0.229136,Inf,0.22515,NA,NA,0
"locus003","locus119",0.62847,0.678414,NA,NA,0.574032,NA,0.147958,NA,NA,0
"locus003","locus120",0.130968,0.375794,NA,1,1,Inf,0.114482,1,NA,0
"locus003","locus126",0.76052,1,NA,NA,1,NA,0.34034,NA,NA,0
"locus003","locus128",0.402984,1,NA,NA,0.656748,NA,0.390872,NA,NA,0
"locus003","locus129",0.084874,0.678464,NA,NA,0.28785,NA,0.505708,NA,NA,0
"locus003","locus130",0.083408,1,NA,NA,0.398886,NA,0.55076,NA,NA,0
"locus003","locus134",0.42151,1,Inf,NA,0.230692,Inf,0.83403,NA,NA,0
"locus003","locus135",0.838554,1,NA,NA,0.481908,NA,0.118518,NA,NA,0
"locus003","locus137",0.718322,0.67854,1,NA,0.57241,NA,0.294112,NA,NA,0
"locus003","locus139",0.099414,0.373956,Inf,NA,1,NA,0.152484,0.657926,NA,0
"locus003","locus140",0.099882,0.37278,Inf,NA,1,NA,0.153734,NA,NA,0
"locus003","locus146",0.094,0.109506,NA,0.199202,1,NA,0.208856,NA,NA,0
"locus003","locus148",0.194508,0.645022,NA,NA,1,NA,0.97073,NA,NA,0
"locus003","locus151",0.432154,1,NA,NA,0.657552,NA,0.74846,NA,NA,0
"locus003","locus157",0.756926,1,NA,NA,1,NA,0.3325,NA,NA,0
"locus003","locus161",0.722776,1,NA,NA,0.14436,NA,0.128096,1,NA,0
"locus003","locus165",0.862644,0.679656,NA,NA,1,NA,0.938578,NA,NA,0
"locus003","locus170",0.020644,0.678692,NA,NA,1,NA,0.570482,NA,NA,1
"locus003","locus176",0.209728,0.678184,NA,NA,0.65931,NA,0.471776,NA,NA,0
"locus003","locus184",0.714562,1,NA,NA,1,NA,0.000358,NA,NA,1
"locus003","locus186",0.613086,1,NA,NA,1,NA,0.304308,NA,NA,0
"locus003","locus188",0.187562,0.49982,NA,NA,0.59861,NA,0.39578,NA,NA,0
"locus003","locus189",0.804422,1,Inf,NA,0.656928,NA,0.171922,NA,NA,0
"locus003","locus190",0.934896,1,Inf,NA,1,NA,0.63751,NA,NA,0
"locus003","locus191",0.156124,0.679776,NA,NA,0.65626,NA,0.32295,NA,NA,0
"locus003","locus192",0.198256,0.64236,NA,NA,1,NA,0.416434,NA,NA,0
"locus003","locus195",0.642826,1,NA,NA,1,NA,0.898154,NA,NA,0
"locus003","locus202",0.26418,0.464244,NA,NA,0.65954,NA,0.44899,NA,NA,0
"locus003","locus210",0.683732,0.286568,Inf,NA,1,NA,0.704518,0.100262,NA,0
"locus003","locus215",0.645402,1,NA,NA,1,NA,0.270482,NA,NA,0
"locus003","locus227",0.276132,0.465138,Inf,NA,Inf,Inf,1,NA,NA,0
"locus003","locus231",0.62618,1,NA,NA,1,NA,0.739834,NA,NA,0
"locus003","locus235",0.14559,0.109362,NA,NA,1,NA,0.367504,NA,NA,0
"locus003","locus236",1,0.679492,NA,NA,0.2294,NA,0.222228,NA,NA,0
"locus003","locus237",0.96658,0.462582,NA,NA,0.656912,NA,0.340256,NA,NA,0
"locus003","locus239",0.691094,1,NA,NA,1,NA,0.346606,NA,NA,0
"locus003","locus248",0.147348,0.463916,NA,NA,1,NA,0.618904,1,NA,0
"locus003","locus255",1,1,NA,NA,1,NA,NA,NA,NA,0
"locus003","locus256",0.951602,1,NA,0.167628,1,NA,0.16931,NA,NA,0
"locus003","locus263",0.133858,1,NA,Inf,1,NA,0.485514,NA,NA,0
"locus003","locus264",0.413588,1,NA,NA,1,NA,0.887296,NA,NA,0
"locus003","locus274",0.357644,0.677832,NA,NA,0.484296,NA,0.666536,NA,NA,0
"locus003","locus280",0.526216,1,NA,NA,0.831016,NA,0.715306,1,NA,0
"locus003","locus282",0.638334,1,1,NA,0.655762,NA,0.422106,NA,NA,0
"locus003","locus286",0.581424,1,NA,NA,0.14265,NA,0.127046,NA,NA,0
"locus003","locus291",0.077266,0.46367,NA,NA,0.570626,Inf,0.471332,NA,NA,0
"locus003","locus292",0.61637,1,1,NA,0.10117,NA,0.64299,NA,NA,0
"locus003","locus296",0.377824,1,NA,NA,0.572074,NA,0.52564,NA,NA,0
"locus003","locus301",0.127956,0.464054,NA,NA,0.485322,Inf,0.59454,NA,NA,0
"locus003","locus314",0.22358,0.426942,NA,NA,0.571952,NA,0.733802,NA,NA,0
"locus003","locus321",0.114772,0.285166,NA,1,0.826892,NA,0.244182,0.655598,NA,0
"locus003","locus322",0.28668,0.195308,NA,NA,0.659344,NA,0.020674,NA,NA,1
"locus003","locus323",0.32026,1,NA,NA,0.228048,NA,0.78057,NA,NA,0
"locus003","locus329",0.919732,0.108386,NA,NA,1,NA,0.401278,NA,NA,0
"locus003","locus332",0.284222,1,0.24889,NA,1,NA,0.542182,NA,NA,0
"locus003","locus349",0.86527,1,NA,NA,1,NA,0.747894,NA,NA,0
"locus003","locus358",0.589692,1,NA,1,1,NA,0.554198,NA,NA,0
"locus003","locus359",0.734368,1,NA,NA,1,NA,0.002496,NA,NA,1
"locus003","locus360",0.90264,0.107184,NA,NA,0.230164,NA,0.87313,NA,NA,0
"locus004","locus005",0.640178,0.64371,NA,NA,0.28538,NA,0.536068,NA,0.34969,0
"locus004","locus006",1,1,NA,NA,1,NA,0.030574,0.657132,0.45448,1
"locus004","locus008",0.254332,1,NA,NA,0.571432,NA,0.70219,NA,1,0
"locus004","locus013",0.219482,0.681852,NA,NA,0.428788,NA,0.248772,NA,1,0
"locus004","locus014",0.26053,1,NA,NA,0.284652,NA,0.235406,NA,1,0
"locus004","locus022",0.82887,1,1,NA,1,NA,0.647858,NA,0.831248,0
"locus004","locus024",0.265242,1,NA,NA,1,Inf,0.145952,NA,0.530448,0
"locus004","locus025",0.371998,1,NA,NA,0.284904,NA,0.14308,NA,0.74768,0
"locus004","locus027",0.194386,0.429566,NA,NA,0.428354,NA,0.900888,NA,1,0
"locus004","locus030",0.619998,0.214648,NA,NA,0.429824,NA,0.422116,0.431282,0.18774,0
"locus004","locus035",0.40013,0.460638,NA,NA,1,Inf,0.190146,NA,0.306456,0
"locus004","locus038",0.491348,1,0.331802,NA,1,NA,0.301832,NA,0.301648,0
"locus004","locus039",0.548226,0.250976,NA,NA,1,NA,0.035432,NA,1,1
"locus004","locus040",0.374544,1,NA,NA,1,NA,0.801676,NA,Inf,0
"locus004","locus041",0.82824,1,NA,1,1,NA,0.78847,NA,0.133414,0
"locus004","locus045",0.639484,0.642858,NA,NA,0.285748,NA,0.126842,NA,0.369548,0
"locus004","locus047",0.818424,0.21538,1,NA,0.569292,NA,0.14284,1,0.763494,0
"locus004","locus048",0.157532,Inf,NA,NA,1,NA,0.56684,0.620904,1,0
"locus004","locus053",0.511394,1,NA,NA,1,NA,0.256382,NA,0.196274,0
"locus004","locus055",1,1,NA,NA,1,NA,0.469804,NA,0.348334,0
"locus004","locus056",0.788616,0.464846,NA,NA,1,NA,0.020796,NA,0.117668,1
"locus004","locus058",0.873724,0.642326,NA,NA,0.57171,NA,0.464504,NA,0.498652,0
"locus004","locus060",0.879624,0.107534,NA,NA,0.140946,NA,0.906624,NA,0.104532,0
"locus004","locus061",0.168344,1,NA,NA,1,NA,0.71573,NA,1,0
"locus004","locus062",0.650102,1,NA,1,1,NA,0.055656,0.77343,1,0
"locus004","locus064",0.413304,1,NA,NA,0.287148,NA,0.583306,NA,0.539062,0
"locus004","locus065",1,1,NA,NA,1,NA,0.63193,NA,0.539146,0
"locus004","locus073",0.77837,1,1,NA,0.143526,NA,0.602996,NA,1,0
"locus004","locus074",0.335794,0.677982,NA,NA,1,NA,0.219756,NA,1,0
"locus004","locus076",0.446386,0.642978,1,NA,0.57189,NA,0.848992,NA,0.733038,0
"locus004","locus077",1,1,NA,NA,0.428066,NA,0.387446,NA,1,0
"locus004","locus080",0.87217,0.249634,NA,NA,1,NA,0.125446,NA,0.267624,0
"locus004","locus083",1,0.463408,NA,NA,1,NA,0.409556,NA,1,0
"locus004","locus088",0.862194,0.249526,NA,NA,0.428032,NA,0.792822,NA,0.006922,1
"locus004","locus093",0.524332,Inf,Inf,NA,Inf,NA,0.498716,NA,0.42896,0
"locus004","locus096",0.781242,0.460518,NA,NA,1,NA,0.260066,NA,1,0
"locus004","locus098",0.707308,0.642572,NA,NA,1,NA,1,NA,1,0
"locus004","locus100",0.677404,0.429668,NA,NA,0.428478,NA,0.896226,NA,0.705602,0
"locus004","locus106",0.718978,Inf,NA,NA,1,NA,0.647066,NA,0.514694,0
"locus004","locus110",0.435832,0.40082,NA,NA,NA,NA,1,NA,NA,0
"locus004","locus116",0.34074,1,NA,NA,1,Inf,0.208152,NA,NA,0
"locus004","locus119",0.345218,1,NA,NA,1,NA,0.154052,NA,NA,0
"locus004","locus120",0.045676,1,NA,1,0.143706,Inf,0.668684,1,NA,1
"locus004","locus126",0.58672,1,NA,NA,0.427638,NA,0.461212,NA,NA,0
"locus004","locus128",1,0.642968,NA,NA,0.426978,NA,0.912558,NA,NA,0
"locus004","locus129",0.563886,1,NA,NA,0.284352,NA,0.309434,NA,NA,0
"locus004","locus130",0.54365,1,NA,NA,1,NA,0.686774,NA,NA,0
"locus004","locus134",0.211066,0.105078,NA,NA,1,Inf,0.34343,NA,NA,0
"locus004","locus135",0.750192,0.679788,NA,NA,1,NA,0.700992,NA,NA,0
"locus004","locus137",1,0.678004,1,NA,0.286662,NA,0.08444,NA,NA,0
"locus004","locus139",0.378538,1,Inf,NA,1,NA,0.252056,1,NA,0
"locus004","locus140",0.376326,1,Inf,NA,1,NA,0.250458,NA,NA,0
"locus004","locus146",0.564638,1,NA,0.39984,1,NA,0.187886,NA,NA,0
"locus004","locus148",0.594742,1,NA,NA,1,NA,0.607154,NA,NA,0
"locus004","locus151",0.279454,0.426674,NA,NA,1,NA,0.170728,NA,NA,0
"locus004","locus157",0.047036,1,NA,NA,1,NA,0.613954,NA,NA,1
"locus004","locus161",1,0.64506,NA,NA,1,NA,0.013116,0.711724,NA,1
"locus004","locus165",0.528422,1,NA,NA,0.331864,NA,0.002238,NA,NA,1
"locus004","locus170",0.501198,1,NA,NA,1,NA,0.473876,NA,NA,0
"locus004","locus176",0.260902,0.674168,NA,NA,1,NA,0.401376,NA,NA,0
"locus004","locus184",0.045316,1,NA,NA,1,NA,0.135986,NA,NA,1
"locus004","locus186",1,1,NA,NA,1,NA,1,NA,NA,0
"locus004","locus188",0.792294,0.783764,NA,NA,0.142656,NA,0.01753,NA,NA,1
"locus004","locus189",0.050412,1,Inf,NA,0.427908,NA,0.206764,NA,NA,0
"locus004","locus190",0.67623,1,Inf,NA,0.42452,NA,0.246122,NA,NA,0
"locus004","locus191",0.679838,1,NA,NA,0.142616,NA,0.020596,NA,NA,1
"locus004","locus192",0.379268,1,NA,NA,1,NA,0.155204,NA,NA,0
"locus004","locus195",0.251528,0.640528,NA,NA,0.57082,NA,0.096482,NA,NA,0
"locus004","locus202",0.290292,1,NA,NA,0.430786,NA,0.929026,NA,NA,0
"locus004","locus210",0.58549,0.788038,NA,NA,0.143236,NA,0.625088,1,NA,0
"locus004","locus215",0.855286,0.6449,NA,NA,1,NA,0.18747,NA,NA,0
"locus004","locus227",0.530466,1,Inf,NA,Inf,Inf,0.599938,NA,NA,0
"locus004","locus231",1,0.428188,NA,NA,1,NA,0.802044,NA,NA,0
"locus004","locus235",0.896664,0.284924,NA,NA,1,NA,0.657098,NA,NA,0
"locus004","locus236",0.770844,1,NA,NA,1,NA,0.675386,NA,NA,0
"locus004","locus237",0.902104,1,NA,NA,1,NA,0.444782,NA,NA,0
"locus004","locus239",0.446282,0.284488,NA,NA,0.428252,NA,0.028124,NA,NA,1
"locus004","locus248",0.427026,0.470252,NA,NA,1,NA,0.839368,0.028028,NA,1
"locus004","locus255",0.129442,1,NA,NA,0.284744,NA,NA,NA,NA,0
"locus004","locus256",0.227402,0.250898,NA,0.500934,0.574478,NA,0.166264,NA,NA,0
"locus004","locus263",0.66468,1,NA,Inf,1,NA,0.836716,NA,NA,0
"locus004","locus264",0.49467,1,NA,NA,0.428238,NA,0.467976,NA,NA,0
"locus004","locus274",0.792076,1,NA,NA,0.570572,NA,0.239028,NA,NA,0
"locus004","locus280",1,1,NA,NA,0.568884,NA,0.079598,0.429082,NA,0
"locus004","locus282",0.15469,0.248444,1,NA,1,NA,0.468878,NA,NA,0
"locus004","locus286",1,0.249484,NA,NA,1,NA,1,NA,NA,0
"locus004","locus291",0.646608,1,NA,NA,1,Inf,0.131608,NA,NA,0
"locus004","locus292",0.580372,0.251342,1,NA,0.142512,NA,0.026724,NA,NA,1
"locus004","locus296",0.127708,0.471976,NA,NA,0.286832,NA,0.760274,NA,NA,0
"locus004","locus301",0.436592,1,NA,NA,0.568864,Inf,0.769478,NA,NA,0
"locus004","locus314",0.798432,1,NA,NA,1,NA,0.504454,NA,NA,0
"locus004","locus321",0.61092,0.783524,NA,1,0.57171,NA,0.522798,1,NA,0
"locus004","locus322",0.60446,0.10662,NA,NA,0.429042,NA,0.59552,NA,NA,0
"locus004","locus323",1,0.639354,NA,NA,1,NA,0.401262,NA,NA,0
"locus004","locus329",0.687318,1,NA,NA,0.143898,NA,0.363172,NA,NA,0
"locus004","locus332",0.403212,0.254972,1,NA,1,NA,0.831708,NA,NA,0
"locus004","locus349",0.423448,1,NA,NA,0.42907,NA,0.542842,NA,NA,0
"locus004","locus358",0.170758,1,NA,0.199254,1,NA,0.645214,NA,NA,0
"locus004","locus359",0.765886,0.28742,NA,NA,1,NA,0.827204,NA,NA,0
"locus004","locus360",0.24208,1,NA,NA,1,NA,0.441102,NA,NA,0
"locus005","locus006",0.972238,1,NA,NA,1,NA,0.114028,0.485776,0.169994,0
"locus005","locus008",0.889666,0.196254,NA,NA,0.42818,NA,0.060062,NA,0.767314,0
"locus005","locus013",0.128214,0.67949,NA,NA,1,NA,0.936666,NA,0.698704,0
"locus005","locus014",0.225044,0.68005,NA,NA,0.521468,NA,0.77614,NA,0.517878,0
"locus005","locus022",0.742674,0.360138,1,NA,0.715922,NA,0.421506,NA,0.909132,0
"locus005","locus024",0.099678,0.14339,NA,NA,1,Inf,0.569646,NA,0.65032,0
"locus005","locus025",0.684672,0.250202,NA,NA,0.522656,NA,0.254598,NA,0.430062,0
"locus005","locus027",0.273292,1,NA,NA,0.04592,NA,0.880478,NA,0.430842,1
"locus005","locus030",0.69598,0.287546,NA,NA,1,NA,0.681378,0.25851,0.244342,0
"locus005","locus035",0.382336,0.465122,NA,NA,1,Inf,0.097028,NA,1,0
"locus005","locus038",0.538536,0.252832,0.496852,NA,1,NA,0.068406,NA,1,0
"locus005","locus039",0.054534,0.071914,NA,NA,0.524576,NA,0.497546,NA,1,0
"locus005","locus040",0.109,1,NA,NA,0.524076,NA,0.470426,NA,Inf,0
"locus005","locus041",0.843224,1,NA,1,1,NA,1,NA,0.334698,0
"locus005","locus045",0.167726,0.464496,NA,NA,1,NA,0.760016,NA,0.230758,0
"locus005","locus047",0.427268,1,1,NA,0.4284,NA,0.347674,1,0.154466,0
"locus005","locus048",0.550574,Inf,NA,NA,0.5246,NA,0.54681,1,1,0
"locus005","locus053",0.688584,1,NA,NA,0.81136,NA,0.919074,NA,1,0
"locus005","locus055",0.875804,1,NA,NA,1,NA,0.454556,NA,0.152716,0
"locus005","locus056",0.1865,0.107772,NA,NA,1,NA,0.636804,NA,0.015272,1
"locus005","locus058",0.871342,0.464702,NA,NA,0.095422,NA,0.144764,NA,0.818738,0
"locus005","locus060",0.088092,1,NA,NA,0.332292,NA,0.68631,NA,0.173018,0
"locus005","locus061",0.770776,0.463482,NA,NA,1,NA,0.123402,NA,0.153558,0
"locus005","locus062",0.43546,1,NA,1,0.570542,NA,0.099166,1,0.379466,0
"locus005","locus064",0.881546,0.464444,NA,NA,1,NA,0.005262,NA,0.538214,1
"locus005","locus065",0.185554,0.464606,NA,NA,0.286646,NA,0.496718,NA,1,0
"locus005","locus073",0.34687,1,1,NA,0.571062,NA,0.57097,NA,0.24127,0
"locus005","locus074",0.283866,0.144152,NA,NA,1,NA,0.376218,NA,0.302704,0
"locus005","locus076",0.03411,0.196094,1,NA,1,NA,0.93366,NA,1,1
"locus005","locus077",1,0.46389,NA,NA,1,NA,0.038324,NA,0.371388,1
"locus005","locus080",0.9324,0.143306,NA,NA,0.619518,NA,0.009256,NA,0.15149,1
"locus005","locus083",0.575264,1,NA,NA,1,NA,0.577026,NA,0.765904,0
"locus005","locus088",0.811364,1,NA,NA,0.143144,NA,0.26835,NA,0.76887,0
"locus005","locus093",0.590058,Inf,Inf,NA,Inf,NA,0.401766,NA,0.141872,0
"locus005","locus096",0.559392,0.463442,NA,NA,0.52297,NA,0.938836,NA,0.350086,0
"locus005","locus098",0.192938,0.463636,NA,NA,0.284878,NA,0.512486,NA,0.85836,0
"locus005","locus100",0.51779,1,NA,NA,0.141832,NA,0.048142,NA,1,1
"locus005","locus106",0.782944,Inf,NA,NA,0.524146,NA,0.660414,NA,0.545816,0
"locus005","locus110",0.518756,1,NA,NA,NA,NA,0.16561,NA,NA,0
"locus005","locus116",0.282278,0.676548,NA,NA,0.618568,Inf,0.095556,NA,NA,0
"locus005","locus119",0.49865,1,NA,NA,0.523418,NA,0.371478,NA,NA,0
"locus005","locus120",0.110938,1,NA,1,0.284716,Inf,0.154412,1,NA,0
"locus005","locus126",0.890896,0.48647,NA,NA,0.14126,NA,0.013358,NA,NA,1
"locus005","locus128",0.878896,0.464554,NA,NA,1,NA,0.486324,NA,NA,0
"locus005","locus129",0.27471,1,NA,NA,0.523158,NA,0.370408,NA,NA,0
"locus005","locus130",0.797414,1,NA,NA,0.46533,NA,0.090978,NA,NA,0
"locus005","locus134",0.642712,1,NA,NA,1,Inf,0.456366,NA,NA,0
"locus005","locus135",0.098312,0.359318,NA,NA,0.572542,NA,0.578048,NA,NA,0
"locus005","locus137",0.16877,0.143422,1,NA,1,NA,0.016662,NA,NA,1
"locus005","locus139",0.129538,0.375764,Inf,NA,0.429404,NA,0.401038,0.430004,NA,0
"locus005","locus140",0.127144,0.373318,Inf,NA,0.429214,NA,0.400036,NA,NA,0
"locus005","locus146",0.292558,1,NA,0.400244,0.523686,NA,0.9832,NA,NA,0
"locus005","locus148",0.925762,0.641976,NA,NA,0.571936,NA,0.782088,NA,NA,0
"locus005","locus151",0.26759,1,NA,NA,1,NA,0.004914,NA,NA,1
"locus005","locus157",0.053526,0.640582,NA,NA,0.284894,NA,0.424964,NA,NA,0
"locus005","locus161",1,1,NA,NA,1,NA,0.515966,1,NA,0
"locus005","locus165",0.540572,0.67912,NA,NA,1,NA,0.851626,NA,NA,0
"locus005","locus170",0.634356,0.67784,NA,NA,0.4278,NA,0.223952,NA,NA,0
"locus005","locus176",0.095636,1,NA,NA,1,NA,0.049832,NA,NA,1
"locus005","locus184",0.0064,1,NA,NA,1,NA,0.831588,NA,NA,1
"locus005","locus186",0.02997,0.463778,NA,NA,1,NA,0.042562,NA,NA,2
"locus005","locus188",0.003934,0.287376,NA,NA,0.42815,NA,0.413476,NA,NA,1
"locus005","locus189",0.125674,0.67773,Inf,NA,1,NA,0.520852,NA,NA,0
"locus005","locus190",0.618006,1,Inf,NA,0.14171,NA,0.146036,NA,NA,0
"locus005","locus191",0.581582,0.677736,NA,NA,0.1416,NA,0.451018,NA,NA,0
"locus005","locus192",0.318062,1,NA,NA,1,NA,0.415086,NA,NA,0
"locus005","locus195",0.629342,1,NA,NA,0.427894,NA,0.475682,NA,NA,0
"locus005","locus202",0.241814,0.642812,NA,NA,0.142456,NA,0.482092,NA,NA,0
"locus005","locus210",0.296814,0.286186,NA,NA,0.571358,NA,0.497184,1,NA,0
"locus005","locus215",0.132918,0.462616,NA,NA,0.569296,NA,0.421362,NA,NA,0
"locus005","locus227",1,0.463384,Inf,NA,Inf,Inf,0.637658,NA,NA,0
"locus005","locus231",0.947376,1,NA,NA,0.429276,NA,1,NA,NA,0
"locus005","locus235",0.66841,1,NA,NA,0.285846,NA,0.46701,NA,NA,0
"locus005","locus236",0.389848,1,NA,NA,0.428124,NA,0.929396,NA,NA,0
"locus005","locus237",0.694564,1,NA,NA,0.331272,NA,0.458202,NA,NA,0
"locus005","locus239",0.267008,0.464116,NA,NA,1,NA,0.69125,NA,NA,0
"locus005","locus248",0.521662,1,NA,NA,1,NA,0.050028,1,NA,0
"locus005","locus255",0.541246,0.677834,NA,NA,1,NA,NA,NA,NA,0
"locus005","locus256",0.35364,1,NA,0.500898,0.093714,NA,0.305978,NA,NA,0
"locus005","locus263",0.230418,0.10679,NA,Inf,1,NA,0.859916,NA,NA,0
"locus005","locus264",0.188116,0.357284,NA,NA,1,NA,0.829364,NA,NA,0
"locus005","locus274",0.578286,0.67761,NA,NA,0.428884,NA,0.249138,NA,NA,0
"locus005","locus280",0.539338,0.677998,NA,NA,1,NA,0.144284,0.485708,NA,0
"locus005","locus282",0.487884,0.677298,1,NA,0.333492,NA,0.546536,NA,NA,0
"locus005","locus286",0.222916,1,NA,NA,1,NA,0.866,NA,NA,0
"locus005","locus291",0.923474,1,NA,NA,0.523578,Inf,0.923004,NA,NA,0
"locus005","locus292",0.169376,0.07314,1,NA,0.568342,NA,0.30062,NA,NA,0
"locus005","locus296",0.83126,0.107112,NA,NA,1,NA,0.811836,NA,NA,0
"locus005","locus301",0.88729,0.464594,NA,NA,1,Inf,0.526858,NA,NA,0
"locus005","locus314",0.14226,1,NA,NA,1,NA,1,NA,NA,0
"locus005","locus321",1,0.712818,NA,1,0.095288,NA,0.426712,0.657534,NA,0
"locus005","locus322",0.95987,1,NA,NA,0.142834,NA,0.328116,NA,NA,0
"locus005","locus323",0.879672,0.19764,NA,NA,1,NA,0.090168,NA,NA,0
"locus005","locus329",0.292652,0.463364,NA,NA,0.57115,NA,0.798258,NA,NA,0
"locus005","locus332",0.904472,0.679274,0.249342,NA,1,NA,0.244294,NA,NA,0
"locus005","locus349",0.810412,1,NA,NA,1,NA,0.10385,NA,NA,0
"locus005","locus358",0.764812,1,NA,0.20094,0.428856,NA,0.07716,NA,NA,0
"locus005","locus359",1,1,NA,NA,1,NA,0.960156,NA,NA,0
"locus005","locus360",0.208898,0.463884,NA,NA,1,NA,0.371946,NA,NA,0
"locus006","locus008",0.615398,1,NA,NA,1,NA,0.636404,NA,0.75692,0
"locus006","locus013",0.580304,0.67816,NA,NA,0.619992,NA,0.201178,NA,0.623626,0
"locus006","locus014",0.634438,1,NA,NA,1,NA,0.446038,NA,0.060514,0
"locus006","locus022",0.378836,0.677958,0.500048,NA,0.145686,NA,0.340182,NA,0.717538,0
"locus006","locus024",0.217704,1,NA,NA,0.143658,NA,0.120214,NA,0.84118,0
"locus006","locus025",0.75967,0.215156,NA,NA,1,NA,0.189242,NA,0.030434,1
"locus006","locus027",0.62206,0.429494,NA,NA,1,NA,0.538644,NA,0.429876,0
"locus006","locus030",0.049996,0.429884,NA,NA,0.620488,NA,0.291238,0.028234,0.239074,2
"locus006","locus035",0.901302,0.571268,NA,NA,1,Inf,0.168808,NA,1,0
"locus006","locus038",0.41502,1,1,NA,0.570692,NA,0.356732,NA,0.75969,0
"locus006","locus039",0.750824,1,NA,NA,0.524014,NA,0.259794,NA,0.127724,0
"locus006","locus040",0.836416,1,NA,NA,0.52453,NA,0.528934,NA,Inf,0
"locus006","locus041",0.056156,0.357976,NA,1,0.523634,NA,0.68062,NA,0.331244,0
"locus006","locus045",0.71482,1,NA,NA,1,NA,0.39715,NA,0.034418,1
"locus006","locus047",0.650154,0.429962,0.500226,NA,1,NA,0.445846,0.656842,0.869308,0
"locus006","locus048",0.310552,Inf,NA,NA,0.523128,NA,0.117744,0.426564,0.441306,0
"locus006","locus053",0.781864,0.211934,NA,NA,0.809506,NA,0.788192,NA,0.441892,0
"locus006","locus055",0.508834,1,NA,NA,0.14219,NA,0.303882,NA,0.133774,0
"locus006","locus056",0.535992,1,NA,NA,0.284704,NA,0.775046,NA,0.839718,0
"locus006","locus058",0.894158,0.463858,NA,NA,0.427828,NA,0.374618,NA,0.552242,0
"locus006","locus060",0.892394,0.463636,NA,NA,1,NA,0.271076,NA,0.73877,0
"locus006","locus061",0.767364,1,NA,NA,0.283748,NA,0.390656,NA,0.232268,0
"locus006","locus062",0.535758,1,NA,1,1,NA,0.880228,0.256062,0.303778,0
"locus006","locus064",0.081588,1,NA,NA,0.52471,Inf,0.497442,NA,1,0
"locus006","locus065",1,0.57141,NA,NA,0.284128,NA,0.048176,NA,0.128734,1
"locus006","locus073",0.351266,0.429426,1,NA,0.570854,NA,0.202772,NA,0.434922,0
"locus006","locus074",0.657252,0.68028,NA,NA,1,NA,0.00551,NA,0.43742,1
"locus006","locus076",0.814722,0.464448,Inf,NA,1,NA,1,NA,0.085538,0
"locus006","locus077",0.309604,1,NA,NA,0.427206,NA,1,NA,0.242982,0
"locus006","locus080",0.093784,0.569526,NA,NA,0.619958,NA,0.17764,NA,1,0
"locus006","locus083",0.372776,0.571032,NA,NA,1,NA,1,NA,0.560412,0
"locus006","locus088",0.37454,0.214224,NA,NA,1,NA,0.338844,NA,0.835838,0
"locus006","locus093",1,Inf,Inf,NA,Inf,NA,0.16715,NA,0.285216,0
"locus006","locus096",0.7074,1,NA,NA,0.522756,Inf,0.213474,NA,0.451754,0
"locus006","locus098",0.504334,1,NA,NA,0.285712,NA,0.526362,NA,1,0
"locus006","locus100",0.819964,1,NA,NA,1,NA,0.002086,NA,0.83768,1
"locus006","locus106",0.870436,Inf,NA,NA,1,NA,0.40464,NA,0.577234,0
"locus006","locus110",0.241036,1,NA,NA,NA,NA,0.193834,NA,NA,0
"locus006","locus116",0.035452,1,NA,NA,0.333688,NA,0.137682,NA,NA,1
"locus006","locus119",0.0896,0.21382,NA,NA,1,NA,0.502812,NA,NA,0
"locus006","locus120",0.342568,0.24938,NA,1,1,NA,0.441348,1,NA,0
"locus006","locus126",0.8632,0.142342,NA,NA,1,NA,0.2234,NA,NA,0
"locus006","locus128",6.4e-05,1,NA,NA,0.617096,NA,0.396472,NA,NA,1
"locus006","locus129",0.37721,0.214146,NA,NA,1,NA,1,NA,NA,0
"locus006","locus130",0.035944,0.108562,Inf,NA,0.465352,NA,0.253242,NA,NA,1
"locus006","locus134",0.513806,0.464328,NA,NA,1,Inf,0.332894,NA,NA,0
"locus006","locus135",0.940992,0.676986,NA,NA,1,Inf,0.981062,NA,NA,0
"locus006","locus137",0.828966,0.676674,1,NA,0.524164,NA,0.46727,NA,NA,0
"locus006","locus139",0.761538,1,Inf,NA,1,NA,0.709732,1,NA,0
"locus006","locus140",0.760988,1,Inf,NA,1,NA,0.710208,NA,NA,0
"locus006","locus146",0.438656,1,NA,1,1,NA,0.16269,NA,NA,0
"locus006","locus148",0.238614,0.465292,NA,NA,1,NA,0.127002,NA,NA,0
"locus006","locus151",0.203512,0.42805,NA,NA,0.142336,Inf,0.10915,NA,NA,0
"locus006","locus157",0.406098,0.463976,NA,NA,0.286002,NA,1,NA,NA,0
"locus006","locus161",0.015974,1,NA,NA,1,NA,0.237584,1,NA,1
"locus006","locus165",0.222006,1,NA,NA,0.466386,NA,0.759786,NA,NA,0
"locus006","locus170",0.393356,0.21732,NA,NA,1,NA,0.08222,NA,NA,0
"locus006","locus176",0.364008,0.678634,Inf,NA,0.14112,NA,0.696072,NA,NA,0
"locus006","locus184",0.923398,0.428908,NA,NA,1,NA,0.363076,NA,NA,0
"locus006","locus186",0.93547,0.571432,NA,NA,1,NA,0.47236,NA,NA,0
"locus006","locus188",0.781472,0.213208,Inf,NA,1,NA,0.556386,NA,NA,0
"locus006","locus189",0.91009,0.679136,Inf,NA,0.619072,NA,0.534568,NA,NA,0
"locus006","locus190",0.884714,0.430026,Inf,NA,0.334118,NA,1,NA,NA,0
"locus006","locus191",0.83526,0.571698,NA,NA,1,NA,0.643558,NA,NA,0
"locus006","locus192",0.973852,0.286634,NA,NA,1,NA,0.39087,NA,NA,0
"locus006","locus195",0.903264,0.105922,NA,NA,0.093522,NA,1,NA,NA,0
"locus006","locus202",0.773206,1,NA,NA,0.334702,NA,0.558888,NA,NA,0
"locus006","locus210",0.118954,0.426848,NA,NA,0.571566,NA,0.245534,0.398668,NA,0
"locus006","locus215",0.665528,1,NA,NA,1,NA,0.743918,NA,NA,0
"locus006","locus227",0.778424,0.106676,Inf,NA,Inf,NA,0.70631,NA,NA,0
"locus006","locus231",0.11732,0.429092,NA,NA,0.429,NA,0.039516,NA,NA,1
"locus006","locus235",0.68186,0.64298,NA,NA,0.285436,Inf,0.89668,NA,NA,0
"locus006","locus236",0.673208,0.573124,NA,NA,1,NA,1,NA,NA,0
"locus006","locus237",0.205466,1,NA,NA,0.141392,NA,0.79536,NA,NA,0
"locus006","locus239",0.782226,0.642614,NA,NA,0.429492,NA,0.451784,NA,NA,0
"locus006","locus248",0.534906,1,NA,NA,0.047662,NA,0.12665,0.485028,NA,1
"locus006","locus255",0.616236,0.571996,NA,NA,0.52462,NA,NA,NA,NA,0
"locus006","locus256",0.963498,1,NA,Inf,0.427938,NA,1,NA,NA,0
"locus006","locus263",0.255118,1,NA,Inf,1,NA,0.556706,NA,NA,0
"locus006","locus264",0.459096,0.678176,NA,NA,0.430438,NA,0.384808,NA,NA,0
"locus006","locus274",0.458574,1,NA,NA,1,NA,0.159326,NA,NA,0
"locus006","locus280",0.822468,0.214674,NA,NA,1,NA,1,1,NA,0
"locus006","locus282",0.631836,1,1,NA,0.141984,NA,0.545068,NA,NA,0
"locus006","locus286",0.86885,1,NA,NA,1,NA,0.67136,NA,NA,0
"locus006","locus291",0.409902,0.462558,NA,NA,1,NA,0.760226,NA,NA,0
"locus006","locus292",0.510322,1,1,NA,1,NA,0.003358,NA,NA,1
"locus006","locus296",0.645666,0.46477,NA,NA,0.523568,NA,0.55064,NA,NA,0
"locus006","locus301",0.450174,0.286358,NA,NA,1,NA,0.878064,NA,NA,0
"locus006","locus314",1,0.570204,NA,NA,1,NA,1,NA,NA,0
"locus006","locus321",0.48419,0.427144,NA,0.4003,1,NA,0.43797,1,NA,0
"locus006","locus322",0.41954,0.46326,NA,NA,0.143634,NA,1,NA,NA,0
"locus006","locus323",0.169024,1,NA,NA,1,Inf,0.01353,NA,NA,1
"locus006","locus329",0.388414,1,NA,NA,1,NA,0.895486,NA,NA,0
"locus006","locus332",0.119236,0.212698,1,NA,0.142078,Inf,0.75081,NA,NA,0
"locus006","locus349",0.436244,0.107246,NA,NA,0.428726,NA,0.73362,NA,NA,0
"locus006","locus358",0.242308,1,NA,1,1,NA,0.751792,NA,NA,0
"locus006","locus359",0.62955,0.642948,NA,NA,1,NA,0.03252,NA,NA,1
"locus006","locus360",0.050328,0.107506,NA,NA,1,NA,0.365226,NA,NA,0
"locus008","locus013",0.811188,0.358568,NA,NA,0.123214,NA,0.60315,NA,0.154502,0
"locus008","locus014",0.266314,0.249236,NA,NA,1,NA,0.257064,NA,1,0
"locus008","locus022",0.06564,0.67756,Inf,NA,1,NA,0.010618,NA,0.685216,1
"locus008","locus024",0.259498,1,NA,NA,1,NA,1,NA,1,0
"locus008","locus025",0.388188,0.677144,NA,NA,1,NA,0.498988,NA,0.633238,0
"locus008","locus027",0.921456,1,NA,NA,1,NA,0.262254,NA,0.25669,0
"locus008","locus030",0.222876,0.716142,NA,NA,0.03882,NA,0.387406,1,1,1
"locus008","locus035",1,1,NA,NA,0.096576,Inf,0.11163,NA,1,0
"locus008","locus038",0.791034,0.68008,Inf,NA,0.484052,NA,0.510984,NA,1,0
"locus008","locus039",0.801732,0.14272,NA,NA,1,NA,0.011474,NA,0.193608,1
"locus008","locus040",0.38379,0.37584,NA,NA,0.428198,NA,0.780058,NA,Inf,0
"locus008","locus041",0.176616,0.677364,NA,1,1,NA,0.100266,NA,0.446148,0
"locus008","locus045",0.860654,1,NA,NA,1,NA,0.883838,NA,0.06964,0
"locus008","locus047",0.430174,0.714756,Inf,NA,0.312664,NA,0.206498,0.095382,0.208534,0
"locus008","locus048",1,Inf,NA,NA,1,NA,0.619308,0.523628,1,0
"locus008","locus053",0.994526,0.678238,NA,NA,0.410042,NA,0.6251,NA,0.25852,0
"locus008","locus055",1,0.642654,NA,NA,1,NA,0.000196,NA,0.767442,1
"locus008","locus056",0.562512,0.465648,NA,NA,1,NA,0.11467,NA,1,0
"locus008","locus058",0.345158,1,NA,NA,0.772548,NA,0.718538,NA,0.242878,0
"locus008","locus060",0.101502,1,NA,NA,0.427056,NA,1,NA,1,0
"locus008","locus061",0.536398,1,NA,NA,1,NA,0.022016,NA,0.192904,1
"locus008","locus062",0.976398,0.37433,NA,0.200268,0.827146,NA,0.81023,0.621202,0.591878,0
"locus008","locus064",1,1,NA,NA,1,0.335128,0.445992,NA,1,0
"locus008","locus065",1,1,NA,NA,0.571684,NA,0.893838,NA,0.45994,0
"locus008","locus073",0.960654,1,Inf,NA,0.830372,NA,0.0369,NA,0.504486,1
"locus008","locus074",0.770936,0.677578,NA,NA,1,NA,0.736192,NA,0.16282,0
"locus008","locus076",0.418892,1,Inf,NA,1,NA,0.267672,NA,0.714216,0
"locus008","locus077",1,0.10753,NA,NA,1,NA,0.543362,NA,0.069772,0
"locus008","locus080",0.848438,0.67621,NA,NA,0.427936,NA,0.550816,NA,1,0
"locus008","locus083",0.935194,1,NA,NA,1,NA,0.533212,NA,1,0
"locus008","locus088",0.169924,0.679088,NA,NA,1,NA,0.48147,NA,1,0
"locus008","locus093",0.04993,Inf,Inf,NA,Inf,NA,0.49801,NA,1,1
"locus008","locus096",0.864128,1,NA,NA,1,0.33402,0.397994,NA,0.020974,1
"locus008","locus098",0.720616,1,NA,NA,0.57249,NA,0.852942,NA,0.094304,0
"locus008","locus100",0.848574,1,NA,NA,0.143368,NA,0.575126,NA,1,0
"locus008","locus106",1,Inf,NA,NA,1,NA,0.884698,NA,0.4547,0
"locus008","locus110",0.776186,1,NA,NA,NA,NA,0.849576,NA,NA,0
"locus008","locus116",0.93013,1,NA,NA,1,NA,0.251406,NA,NA,0
"locus008","locus119",0.425024,0.677434,NA,NA,0.236324,NA,0.396418,NA,NA,0
"locus008","locus120",0.568414,0.375154,NA,0.198372,0.571176,NA,0.135006,0.145054,NA,0
"locus008","locus126",0.87179,1,NA,NA,1,NA,0.874394,NA,NA,0
"locus008","locus128",0.928278,0.197004,NA,NA,0.428018,NA,0.37516,NA,NA,0
"locus008","locus129",0.739866,0.071648,NA,NA,0.094998,NA,1,NA,NA,0
"locus008","locus130",0.026828,0.464976,Inf,NA,1,NA,0.530204,NA,NA,1
"locus008","locus134",0.963278,1,NA,NA,0.199588,Inf,0.26672,NA,NA,0
"locus008","locus135",0.759994,1,NA,NA,0.830422,Inf,0.865294,NA,NA,0
"locus008","locus137",0.610548,0.678968,Inf,NA,1,NA,0.364514,NA,NA,0
"locus008","locus139",1,1,Inf,NA,0.658148,NA,0.527334,0.619918,NA,0
"locus008","locus140",1,1,Inf,NA,0.656976,NA,0.52642,NA,NA,0
"locus008","locus146",0.412994,1,NA,1,1,NA,0.840618,NA,NA,0
"locus008","locus148",1,0.642096,NA,NA,0.48507,NA,0.638346,NA,NA,0
"locus008","locus151",0.702236,1,NA,NA,0.122944,Inf,0.307456,NA,NA,0
"locus008","locus157",0.040704,1,NA,NA,0.573,NA,0.312002,NA,NA,1
"locus008","locus161",0.454676,1,NA,NA,0.573722,NA,0.681118,1,NA,0
"locus008","locus165",0.219214,0.677286,NA,NA,1,NA,1,NA,NA,0
"locus008","locus170",0.526568,0.679104,NA,NA,0.656472,NA,0.406436,NA,NA,0
"locus008","locus176",0.87461,0.676944,Inf,NA,1,NA,0.328564,NA,NA,0
"locus008","locus184",0.409844,1,NA,NA,1,NA,0.654078,NA,NA,0
"locus008","locus186",0.453532,0.10696,NA,NA,0.316476,NA,0.169312,NA,NA,0
"locus008","locus188",0.177058,0.287518,Inf,NA,0.14474,NA,0.574452,NA,NA,0
"locus008","locus189",0.070846,1,Inf,NA,0.036744,NA,0.27415,NA,NA,1
"locus008","locus190",0.101676,1,Inf,NA,0.197848,NA,0.196898,NA,NA,0
"locus008","locus191",0.224052,1,NA,NA,0.037494,NA,0.625656,NA,NA,1
"locus008","locus192",0.235306,0.642904,NA,NA,1,NA,0.300348,NA,NA,0
"locus008","locus195",0.445966,1,NA,NA,1,NA,0.510052,NA,NA,0
"locus008","locus202",0.679718,0.463064,NA,NA,1,NA,0.969272,NA,NA,0
"locus008","locus210",0.591214,0.283794,NA,NA,0.829984,NA,1,1,NA,0
"locus008","locus215",0.31255,0.195122,NA,NA,0.484406,NA,0.102402,NA,NA,0
"locus008","locus227",1,1,Inf,NA,Inf,NA,0.45945,NA,NA,0
"locus008","locus231",0.927986,1,NA,NA,0.656428,NA,0.740304,NA,NA,0
"locus008","locus235",0.130508,1,NA,NA,0.57069,1,0.530276,NA,NA,0
"locus008","locus236",0.86853,0.676696,NA,NA,0.658062,NA,0.618632,NA,NA,0
"locus008","locus237",0.812242,0.464264,NA,NA,0.427088,NA,0.31208,NA,NA,0
"locus008","locus239",0.007928,1,NA,NA,1,NA,0.043266,NA,NA,2
"locus008","locus248",0.338888,0.465364,NA,NA,1,NA,0.048318,1,NA,1
"locus008","locus255",0.17323,0.250062,NA,NA,0.428448,NA,NA,NA,NA,0
"locus008","locus256",0.320818,1,NA,0.500418,0.771626,NA,0.504484,NA,NA,0
"locus008","locus263",0.741518,0.464372,NA,Inf,1,NA,0.69538,NA,NA,0
"locus008","locus264",0.972482,1,NA,NA,1,NA,0.693562,NA,NA,0
"locus008","locus274",0.419524,0.679172,NA,NA,0.3146,NA,0.615892,NA,NA,0
"locus008","locus280",0.261716,0.678968,NA,NA,0.066556,NA,0.87677,0.428404,NA,0
"locus008","locus282",0.648508,1,Inf,NA,0.42861,NA,0.88449,NA,NA,0
"locus008","locus286",0.186504,1,NA,NA,0.570636,NA,0.228756,NA,NA,0
"locus008","locus291",0.880606,1,NA,NA,0.239798,NA,0.790302,NA,NA,0
"locus008","locus292",0.01556,1,Inf,NA,0.484056,NA,0.916064,NA,NA,1
"locus008","locus296",0.274894,1,NA,NA,1,NA,0.93922,NA,NA,0
"locus008","locus301",0.329062,1,NA,NA,0.772826,NA,0.833558,NA,NA,0
"locus008","locus314",0.558178,1,NA,NA,0.095648,NA,0.619718,NA,NA,0
"locus008","locus321",0.034066,0.284938,NA,1,0.085476,NA,0.368428,0.047824,NA,2
"locus008","locus322",0.153326,1,NA,NA,1,NA,0.444474,NA,NA,0
"locus008","locus323",0.042412,1,NA,NA,0.144146,Inf,0.103832,NA,NA,1
"locus008","locus329",0.123958,0.108254,NA,NA,0.83016,NA,0.779766,NA,NA,0
"locus008","locus332",0.476146,0.679944,Inf,NA,1,0.33475,0.916364,NA,NA,0
"locus008","locus349",0.30583,1,NA,NA,1,NA,0.647648,NA,NA,0
"locus008","locus358",0.058646,0.141752,NA,1,0.65521,NA,0.001542,NA,NA,1
"locus008","locus359",1,1,NA,NA,0.572154,NA,0.461934,NA,NA,0
"locus008","locus360",0.038634,0.10802,NA,NA,1,NA,0.92514,NA,NA,1
"locus013","locus014",0.691584,0.740586,NA,NA,0.142582,NA,0.94933,NA,1,0
"locus013","locus022",0.82334,0.166608,0.503864,NA,1,NA,0.85818,NA,0.244792,0
"locus013","locus024",0.890032,0.485546,NA,NA,1,NA,0.401964,NA,0.81453,0
"locus013","locus025",0.4981,0.289802,NA,NA,0.14408,NA,0.630194,NA,0.464708,0
"locus013","locus027",0.2771,0.22914,NA,NA,1,NA,1,NA,0.42756,0
"locus013","locus030",0.002096,1,NA,NA,0.067484,NA,0.40482,1,0.835926,1
"locus013","locus035",0.76125,0.679964,NA,NA,0.618328,Inf,0.303086,NA,0.529462,0
"locus013","locus038",0.551928,0.169638,1,NA,0.112082,NA,0.826634,NA,0.318894,0
"locus013","locus039",1,0.294304,NA,NA,0.6214,NA,0.04809,NA,0.463964,1
"locus013","locus040",0.40237,1,NA,NA,1,NA,0.38646,NA,Inf,0
"locus013","locus041",0.97373,0.742778,NA,1,0.332304,NA,0.03633,NA,0.33259,1
"locus013","locus045",0.510116,0.67805,NA,NA,1,NA,0.273482,NA,0.060542,0
"locus013","locus047",0.8849,1,0.498494,NA,0.427416,NA,0.2456,0.771778,0.836892,0
"locus013","locus048",0.382598,Inf,NA,NA,0.333592,NA,1,0.428058,0.790424,0
"locus013","locus053",0.558766,0.290948,NA,NA,0.581084,NA,0.222528,NA,0.748864,0
"locus013","locus055",0.636106,1,NA,NA,1,NA,0.051624,NA,0.377168,0
"locus013","locus056",0.15275,0.250644,NA,NA,1,Inf,1,NA,0.124616,0
"locus013","locus058",0.60301,0.679464,NA,NA,1,NA,0.182252,NA,0.676842,0
"locus013","locus060",0.164472,1,NA,NA,0.425016,NA,0.546098,NA,0.766678,0
"locus013","locus061",0.175858,0.674584,NA,NA,1,NA,0.229992,NA,0.140434,0
"locus013","locus062",0.08882,1,NA,1,0.227502,NA,0.673054,1,0.906998,0
"locus013","locus064",0.317052,0.678516,NA,NA,0.140298,Inf,0.845134,NA,0.332628,0
"locus013","locus065",0.016152,1,NA,NA,1,NA,1,NA,1,1
"locus013","locus073",0.04389,0.4872,1,NA,0.657324,NA,1,NA,0.701674,1
"locus013","locus074",0.23685,0.61756,NA,NA,0.43279,NA,0.498598,NA,0.60124,0
"locus013","locus076",0.931368,1,Inf,NA,0.428496,NA,0.433136,NA,1,0
"locus013","locus077",0.00914,0.677084,NA,NA,0.654518,NA,0.544054,NA,0.527046,1
"locus013","locus080",0.023004,0.74243,NA,NA,0.772008,NA,0.583676,NA,0.489184,1
"locus013","locus083",0.552208,1,NA,NA,0.500426,NA,0.21371,NA,0.507424,0
"locus013","locus088",0.569972,0.74461,NA,NA,1,NA,0.171584,NA,0.718318,0
"locus013","locus093",1,Inf,Inf,NA,Inf,NA,1,NA,1,0
"locus013","locus096",0.300916,0.036264,NA,NA,0.332374,Inf,0.008718,NA,0.007404,3
"locus013","locus098",0.01113,0.679032,NA,NA,1,NA,0.093094,NA,0.526078,1
"locus013","locus100",0.931976,0.48514,NA,NA,0.259248,NA,0.792328,NA,0.599486,0
"locus013","locus106",0.550958,Inf,NA,NA,0.619214,NA,0.07054,NA,0.543494,0
"locus013","locus110",0.955782,0.398278,NA,NA,NA,NA,0.853482,NA,NA,0
"locus013","locus116",0.97254,1,NA,NA,0.426632,NA,1,NA,NA,0
"locus013","locus119",0.58399,0.740098,NA,NA,0.333604,NA,0.145182,NA,NA,0
"locus013","locus120",0.37922,0.248698,NA,1,0.423964,NA,0.877664,0.14343,NA,0
"locus013","locus126",0.110106,0.65785,NA,NA,0.656826,NA,1,NA,NA,0
"locus013","locus128",0.223192,1,NA,NA,0.427908,NA,0.192036,NA,NA,0
"locus013","locus129",0.12485,1,NA,NA,0.14344,NA,0.970514,NA,NA,0
"locus013","locus130",0.863288,1,Inf,NA,1,NA,1,NA,NA,0
"locus013","locus134",0.974504,1,NA,NA,1,Inf,0.771848,NA,NA,0
"locus013","locus135",0.401314,1,NA,NA,0.228864,NA,0.141538,NA,NA,0
"locus013","locus137",1,0.161762,1,NA,0.142874,NA,0.618238,NA,NA,0
"locus013","locus139",0.031626,1,Inf,NA,0.430502,NA,0.39842,0.430348,NA,1
"locus013","locus140",0.030918,1,Inf,NA,0.42578,NA,0.39728,NA,NA,1
"locus013","locus146",0.413172,0.67882,NA,1,0.617456,NA,0.325684,NA,NA,0
"locus013","locus148",0.866522,1,NA,NA,0.115644,NA,0.640074,NA,NA,0
"locus013","locus151",0.671308,1,NA,NA,0.770126,NA,0.45435,NA,NA,0
"locus013","locus157",0.836114,0.676964,NA,NA,1,NA,0.55572,NA,NA,0
"locus013","locus161",0.662132,0.355346,NA,NA,0.429456,NA,0.26963,1,NA,0
"locus013","locus165",0.441218,1,NA,NA,1,NA,0.63916,NA,NA,0
"locus013","locus170",0.221978,0.743694,NA,NA,0.424786,NA,0.173792,NA,NA,0
"locus013","locus176",0.331896,0.025204,Inf,NA,1,NA,0.272672,NA,NA,1
"locus013","locus184",0.091502,0.486642,NA,NA,0.333946,NA,0.63061,NA,NA,0
"locus013","locus186",0.498374,0.251354,NA,NA,0.428786,NA,0.911988,NA,NA,0
"locus013","locus188",0.002788,0.487834,Inf,NA,0.199148,NA,0.816952,NA,NA,1
"locus013","locus189",0.932706,0.871276,Inf,NA,0.066722,NA,0.257604,NA,NA,0
"locus013","locus190",0.849446,1,Inf,NA,1,NA,0.567204,NA,NA,0
"locus013","locus191",0.80619,0.74212,NA,NA,0.773316,NA,0.0517,NA,NA,0
"locus013","locus192",0.274506,0.212806,NA,NA,0.3313,NA,0.897442,NA,NA,0
"locus013","locus195",0.946792,0.142718,NA,NA,1,NA,0.749214,NA,NA,0
"locus013","locus202",0.45959,0.317834,NA,NA,0.422288,NA,0.302842,NA,NA,0
"locus013","locus210",0.984142,0.570778,NA,NA,0.652314,NA,0.473778,1,NA,0
"locus013","locus215",0.433392,1,NA,NA,0.653578,NA,0.602278,NA,NA,0
"locus013","locus227",0.77864,1,Inf,NA,Inf,NA,0.651084,NA,NA,0
"locus013","locus231",0.616718,1,NA,NA,0.658788,NA,0.80353,NA,NA,0
"locus013","locus235",0.574166,0.213354,NA,NA,1,Inf,0.393874,NA,NA,0
"locus013","locus236",0.4557,0.290648,NA,NA,0.65721,NA,0.033056,NA,NA,1
"locus013","locus237",0.518614,0.249184,NA,NA,0.772186,NA,0.253482,NA,NA,0
"locus013","locus239",0.44227,1,NA,NA,0.65723,NA,0.499008,NA,NA,0
"locus013","locus248",0.428922,0.677668,NA,NA,0.621236,NA,0.119342,0.6537,NA,0
"locus013","locus255",0.144512,0.741544,NA,NA,1,NA,NA,NA,NA,0
"locus013","locus256",0.519142,0.251752,NA,0.501598,1,Inf,0.834142,NA,NA,0
"locus013","locus263",0.396548,1,NA,Inf,1,NA,1,NA,NA,0
"locus013","locus264",0.314214,0.613676,NA,NA,0.65781,NA,0.024474,NA,NA,1
"locus013","locus274",0.971152,0.290668,NA,NA,0.123566,NA,0.699436,NA,NA,0
"locus013","locus280",0.038094,1,NA,NA,0.125302,NA,0.422022,0.657642,NA,1
"locus013","locus282",0.959612,0.295016,1,NA,0.770924,NA,0.575468,NA,NA,0
"locus013","locus286",0.5262,0.248004,NA,NA,0.428472,NA,0.322802,NA,NA,0
"locus013","locus291",0.786072,0.678172,NA,NA,0.331524,NA,0.219844,NA,NA,0
"locus013","locus292",0.426778,0.741112,1,NA,0.228222,NA,0.661626,NA,NA,0
"locus013","locus296",0.689658,0.677388,NA,NA,0.143354,NA,0.92243,NA,NA,0
"locus013","locus301",0.973826,1,NA,NA,1,NA,0.739534,NA,NA,0
"locus013","locus314",0.482606,1,NA,NA,0.618452,NA,0.375482,NA,NA,0
"locus013","locus321",0.618254,0.570356,NA,1,1,NA,0.24373,0.199822,NA,0
"locus013","locus322",0.941802,1,NA,NA,1,NA,0.930574,NA,NA,0
"locus013","locus323",0.812508,0.14288,NA,NA,1,NA,0.193446,NA,NA,0
"locus013","locus329",0.062534,0.678602,NA,NA,0.657698,NA,0.326434,NA,NA,0
"locus013","locus332",0.75524,1,1,NA,1,Inf,0.354948,NA,NA,0
"locus013","locus349",0.433992,0.357392,NA,NA,1,NA,0.034394,NA,NA,1
"locus013","locus358",0.391706,1,NA,1,0.256228,NA,0.859648,NA,NA,0
"locus013","locus359",0.677156,0.215832,NA,NA,1,NA,0.898418,NA,NA,0
"locus013","locus360",0.895364,1,NA,NA,1,NA,0.930526,NA,NA,0
"locus014","locus022",0.422164,0.16411,1,NA,1,NA,0.453188,NA,0.266258,0
"locus014","locus024",0.97786,0.486494,NA,NA,1,NA,0.647174,NA,0.073528,0
"locus014","locus025",0.337422,0.272414,NA,NA,0.046468,1,0.067282,NA,0.049594,2
"locus014","locus027",0.003512,0.483962,NA,NA,0.71362,NA,0.325206,NA,0.428814,1
"locus014","locus030",0.462184,0.830724,NA,NA,0.71167,1,0.02337,0.029502,1,2
"locus014","locus035",0.874658,0.571872,NA,NA,1,Inf,0.775346,NA,0.749694,0
"locus014","locus038",0.086778,0.40388,1,NA,0.284806,NA,0.656258,NA,0.72866,0
"locus014","locus039",0.846762,0.056472,NA,NA,1,NA,0.13555,NA,0.309212,0
"locus014","locus040",0.013044,1,NA,NA,1,NA,0.362184,NA,Inf,1
"locus014","locus041",0.787688,1,NA,0.199804,0.523064,NA,0.017224,NA,0.721258,1
"locus014","locus045",0.432964,0.676738,NA,NA,0.525386,0.333614,0.410196,NA,1,0
"locus014","locus047",0.334898,0.82685,1,NA,0.095042,NA,0.61634,0.427898,0.858814,0
"locus014","locus048",1,Inf,NA,NA,0.522754,NA,1,0.61966,0.128948,0
"locus014","locus053",0.795056,1,NA,NA,0.806242,NA,0.727302,NA,0.64668,0
"locus014","locus055",0.0668,1,NA,NA,1,NA,0.832844,NA,0.18578,0
"locus014","locus056",0.646286,1,NA,NA,1,NA,0.814386,NA,0.322866,0
"locus014","locus058",0.532954,0.679268,NA,NA,1,NA,0.37967,NA,0.562804,0
"locus014","locus060",0.51113,0.250436,NA,NA,0.336978,NA,0.898818,NA,0.28853,0
"locus014","locus061",0.272358,1,NA,NA,1,NA,0.300202,NA,1,0
"locus014","locus062",0.495922,1,NA,1,0.573892,NA,0.730392,0.772308,0.568628,0
"locus014","locus064",0.229876,1,NA,NA,0.048476,NA,0.64016,NA,1,1
"locus014","locus065",0.54046,1,NA,NA,1,NA,0.151554,NA,0.306958,0
"locus014","locus073",0.919142,0.484902,0.331562,NA,0.285038,NA,0.44162,NA,0.761478,0
"locus014","locus074",1,1,NA,NA,0.331862,NA,0.822334,NA,0.080178,0
"locus014","locus076",0.596232,0.678904,Inf,NA,0.095624,NA,0.430278,NA,0.351236,0
"locus014","locus077",1,0.571114,NA,NA,0.14234,NA,0.22417,NA,0.382158,0
"locus014","locus080",0.950948,1,NA,NA,0.71036,0.333264,0.75342,NA,0.21657,0
"locus014","locus083",0.656916,0.572866,NA,NA,1,NA,0.966108,NA,0.080492,0
"locus014","locus088",0.964466,1,NA,NA,1,NA,0.642214,NA,0.687926,0
"locus014","locus093",0.35664,Inf,Inf,NA,Inf,NA,1,NA,0.570696,0
"locus014","locus096",0.31066,0.571202,NA,NA,0.524078,NA,0.174608,NA,1,0
"locus014","locus098",0.369516,1,NA,NA,1,NA,0.63232,NA,0.227542,0
"locus014","locus100",0.728954,0.02872,NA,NA,1,NA,0.6504,NA,1,1
"locus014","locus106",0.554282,Inf,NA,NA,1,NA,0.235964,NA,0.455564,0
"locus014","locus110",0.94259,0.40008,NA,NA,NA,NA,0.790006,NA,NA,0
"locus014","locus116",0.545028,1,NA,NA,0.715568,NA,0.242652,NA,NA,0
"locus014","locus119",0.657448,1,NA,NA,0.52366,NA,0.308818,NA,NA,0
"locus014","locus120",0.326226,1,NA,1,0.284838,NA,0.02004,0.429614,NA,1
"locus014","locus126",0.345768,1,NA,NA,0.140606,NA,0.07462,NA,NA,0
"locus014","locus128",0.441214,0.682182,NA,NA,0.71467,NA,0.000292,NA,NA,1
"locus014","locus129",0.65139,0.400554,NA,NA,0.523588,NA,0.694596,NA,NA,0
"locus014","locus130",0.41178,0.679426,Inf,NA,1,NA,0.037534,NA,NA,1
"locus014","locus134",0.795416,0.141844,NA,NA,1,Inf,0.193998,NA,NA,0
"locus014","locus135",0.23807,0.163034,NA,NA,0.572696,NA,0.063584,NA,NA,0
"locus014","locus137",0.571048,1,1,NA,0.046924,NA,0.290882,NA,NA,1
"locus014","locus139",0.782196,0.499304,Inf,NA,1,NA,0.105314,1,NA,0
"locus014","locus140",0.780292,0.497346,Inf,NA,1,NA,0.10577,NA,NA,0
"locus014","locus146",0.14732,1,NA,0.60053,1,NA,0.985678,NA,NA,0
"locus014","locus148",0.331458,1,NA,NA,0.286304,NA,0.426384,NA,NA,0
"locus014","locus151",0.941012,1,NA,NA,1,NA,0.701654,NA,NA,0
"locus014","locus157",0.26757,0.356634,NA,NA,1,NA,0.494342,NA,NA,0
"locus014","locus161",0.922798,1,NA,NA,1,NA,0.932144,0.717154,NA,0
"locus014","locus165",0.395274,0.398182,NA,NA,0.599598,NA,0.00117,NA,NA,1
"locus014","locus170",0.898942,0.269168,NA,NA,1,NA,0.474386,NA,NA,0
"locus014","locus176",0.178536,0.162374,Inf,NA,1,NA,0.089378,NA,NA,0
"locus014","locus184",0.552894,1,NA,NA,0.522712,1,0.54239,NA,NA,0
"locus014","locus186",0.61148,0.354798,NA,NA,1,NA,0.292162,NA,NA,0
"locus014","locus188",0.730978,0.74314,Inf,NA,0.42784,NA,0.155298,NA,NA,0
"locus014","locus189",0.662606,1,Inf,NA,0.70941,NA,0.894058,NA,NA,0
"locus014","locus190",0.520982,1,Inf,NA,0.712752,NA,0.146828,NA,NA,0
"locus014","locus191",0.005366,1,NA,NA,0.332106,NA,0.308296,NA,NA,1
"locus014","locus192",0.651314,0.53934,NA,NA,0.519334,NA,0.107716,NA,NA,0
"locus014","locus195",0.14598,1,NA,NA,1,NA,0.924948,NA,NA,0
"locus014","locus202",0.947286,0.03368,NA,NA,0.145994,NA,0.549094,NA,NA,1
"locus014","locus210",0.055592,0.830568,NA,NA,0.282932,NA,0.118964,0.600562,NA,0
"locus014","locus215",0.772216,0.679598,NA,NA,1,NA,0.170762,NA,NA,0
"locus014","locus227",0.172836,0.679656,Inf,NA,Inf,NA,0.47708,NA,NA,0
"locus014","locus231",0.617724,1,NA,NA,1,NA,0.055958,NA,NA,0
"locus014","locus235",0.900758,1,NA,NA,1,NA,0.490172,NA,NA,0
"locus014","locus236",0.933194,0.272006,NA,NA,1,NA,0.13873,NA,NA,0
"locus014","locus237",0.87748,0.21467,NA,NA,0.715456,NA,0.41049,NA,NA,0
"locus014","locus239",0.364488,1,NA,NA,0.14211,NA,0.043032,NA,NA,1
"locus014","locus248",0.416844,1,NA,NA,1,NA,0.924874,0.256938,NA,0
"locus014","locus255",0.40795,0.273826,NA,NA,0.524218,NA,NA,NA,NA,0
"locus014","locus256",0.628468,1,NA,1,1,NA,0.375062,NA,NA,0
"locus014","locus263",0.371134,0.21446,NA,Inf,1,NA,0.54164,NA,NA,0
"locus014","locus264",0.232792,1,NA,NA,0.142872,1,0.027114,NA,NA,1
"locus014","locus274",0.174058,0.27058,NA,NA,1,NA,0.428792,NA,NA,0
"locus014","locus280",0.902586,0.402766,NA,NA,1,NA,0.384774,1,NA,0
"locus014","locus282",0.668094,1,1,NA,0.712884,NA,0.984972,NA,NA,0
"locus014","locus286",0.572276,1,NA,NA,1,NA,0.310172,NA,NA,0
"locus014","locus291",0.117192,0.680568,NA,NA,0.523428,NA,0.520454,NA,NA,0
"locus014","locus292",0.213336,0.272308,0.497122,NA,0.285194,NA,0.56926,NA,NA,0
"locus014","locus296",0.406106,1,NA,NA,0.047366,NA,0.321534,NA,NA,1
"locus014","locus301",0.078002,0.106144,NA,NA,0.285376,NA,0.255738,NA,NA,0
"locus014","locus314",0.203414,0.485418,NA,NA,1,NA,0.530572,NA,NA,0
"locus014","locus321",0.67999,0.829316,NA,0.600522,1,NA,0.665524,0.771496,NA,0
"locus014","locus322",0.517826,0.248914,NA,NA,0.710496,NA,0.124078,NA,NA,0
"locus014","locus323",0.835304,1,NA,NA,1,NA,0.344496,NA,NA,0
"locus014","locus329",0.48028,0.569778,NA,NA,0.286064,NA,0.15784,NA,NA,0
"locus014","locus332",0.179806,1,0.50063,NA,1,NA,0.04442,NA,NA,1
"locus014","locus349",0.7582,0.678374,NA,NA,1,NA,0.19329,NA,NA,0
"locus014","locus358",0.542632,0.14214,NA,0.067796,1,NA,0.712144,NA,NA,0
"locus014","locus359",0.862366,0.541346,NA,NA,1,NA,0.058934,NA,NA,0
"locus014","locus360",0.668396,0.644434,Inf,NA,1,Inf,0.150458,NA,NA,0
"locus022","locus024",0.587344,0.056994,NA,NA,0.485302,NA,0.693442,NA,0.234378,0
"locus022","locus025",0.357872,0.01424,NA,NA,1,0.335122,0.089102,NA,0.914946,1
"locus022","locus027",0.792872,1,NA,NA,0.371468,NA,0.695568,NA,1,0
"locus022","locus030",0.642666,0.256632,NA,NA,1,1,0.421054,0.06675,0.172738,0
"locus022","locus035",0.965718,0.251942,NA,NA,0.714042,Inf,0.590932,NA,0.30918,0
"locus022","locus038",0.871234,0.744588,1,NA,0.229924,Inf,0.909354,NA,0.793994,0
"locus022","locus039",0.889626,0.163352,NA,NA,0.714774,NA,0.01302,NA,1,1
"locus022","locus040",0.801316,1,NA,NA,1,NA,0.681134,NA,Inf,0
"locus022","locus041",0.0858,0.747148,NA,1,0.714516,NA,0.32108,NA,1,0
"locus022","locus045",0.604384,0.357254,NA,NA,0.714748,1,0.753826,NA,0.906052,0
"locus022","locus047",0.442242,0.256068,0.167528,NA,1,NA,0.907784,1,0.957276,0
"locus022","locus048",0.790368,Inf,NA,NA,1,NA,1,0.333548,0.119712,0
"locus022","locus053",0.711586,0.168194,NA,NA,0.542222,NA,0.6872,NA,0.759156,0
"locus022","locus055",0.558042,0.67741,NA,NA,0.485476,NA,0.867356,NA,0.000904,1
"locus022","locus056",0.393398,0.679668,NA,NA,0.433182,NA,0.660892,NA,0.94808,0
"locus022","locus058",0.597248,0.035336,NA,NA,1,NA,0.129202,NA,1,1
"locus022","locus060",0.730454,0.67833,NA,NA,1,NA,0.739988,NA,1,0
"locus022","locus061",0.156148,0.678896,NA,NA,0.42988,NA,0.249644,NA,0.07605,0
"locus022","locus062",0.218776,1,NA,0.399858,1,NA,0.369438,0.770662,0.081046,0
"locus022","locus064",0.379158,0.676784,NA,NA,1,NA,0.247382,NA,0.551604,0
"locus022","locus065",0.882566,0.676678,NA,NA,0.429532,NA,0.164368,NA,0.552308,0
"locus022","locus073",0.072978,0.057326,0.334778,NA,1,NA,0.481618,NA,0.362106,0
"locus022","locus074",0.275388,0.872452,NA,NA,1,NA,0.446558,NA,1,0
"locus022","locus076",0.561528,1,NA,NA,1,NA,0.97194,NA,0.910692,0
"locus022","locus077",0.322364,0.2485,NA,NA,0.485914,NA,0.178654,NA,0.307286,0
"locus022","locus080",0.802394,1,Inf,NA,1,1,0.368832,NA,0.66951,0
"locus022","locus083",0.069044,1,NA,NA,1,NA,0.309758,NA,0.034338,1
"locus022","locus088",0.279596,0.166268,NA,NA,0.485656,NA,0.326614,NA,0.947384,0
"locus022","locus093",0.011976,Inf,Inf,NA,Inf,NA,1,NA,0.427358,1
"locus022","locus096",0.149754,0.249642,NA,NA,1,NA,0.468494,NA,0.342458,0
"locus022","locus098",0.07922,1,NA,NA,0.429188,NA,0.926596,NA,0.74703,0
"locus022","locus100",0.700842,0.230724,NA,NA,1,NA,0.119816,NA,0.36976,0
"locus022","locus106",0.41705,Inf,NA,NA,0.71593,NA,0.944512,NA,0.408086,0
"locus022","locus110",0.16891,1,NA,NA,NA,NA,0.753662,NA,NA,0
"locus022","locus116",0.826402,0.744224,NA,NA,0.539212,NA,0.394146,NA,NA,0
"locus022","locus119",0.677238,0.163654,NA,NA,0.714512,NA,0.711564,NA,NA,0
"locus022","locus120",0.547228,1,NA,0.599762,1,NA,0.132596,0.656864,NA,0
"locus022","locus126",0.961714,1,NA,NA,1,NA,0.671384,NA,NA,0
"locus022","locus128",0.922424,1,NA,NA,1,NA,0.917132,NA,NA,0
"locus022","locus129",0.570366,0.7437,NA,NA,1,NA,0.774772,NA,NA,0
"locus022","locus130",0.125682,1,NA,NA,1,NA,0.934974,NA,NA,0
"locus022","locus134",0.422842,0.678012,NA,NA,1,Inf,0.348508,NA,NA,0
"locus022","locus135",0.090222,0.871242,NA,NA,1,NA,0.358046,NA,NA,0
"locus022","locus137",0.672834,0.871466,1,NA,1,NA,0.052654,NA,NA,0
"locus022","locus139",0.696402,1,Inf,NA,1,NA,0.576214,0.770134,NA,0
"locus022","locus140",0.700288,1,Inf,NA,1,NA,0.579018,NA,NA,0
"locus022","locus146",0.810742,1,NA,1,0.713344,NA,0.49748,NA,NA,0
"locus022","locus148",0.037726,0.676452,NA,NA,1,NA,0.077204,NA,NA,1
"locus022","locus151",0.365342,0.230752,NA,NA,0.37161,NA,0.1396,NA,NA,0
"locus022","locus157",0.325572,0.036132,NA,NA,0.426946,NA,0.112548,NA,NA,1
"locus022","locus161",0.051282,1,NA,NA,1,NA,0.20417,1,NA,0
"locus022","locus165",0.091544,0.294914,Inf,NA,1,NA,0.8995,NA,NA,0
"locus022","locus170",0.211378,0.743704,NA,NA,1,NA,0.312556,NA,NA,0
"locus022","locus176",0.365774,0.164514,NA,NA,0.37149,NA,0.15767,NA,NA,0
"locus022","locus184",0.990452,1,NA,NA,0.711856,0.333082,0.714844,NA,NA,0
"locus022","locus186",0.62933,1,NA,NA,1,NA,0.622516,NA,NA,0
"locus022","locus188",0.549672,1,NA,NA,0.771532,NA,0.999428,NA,NA,0
"locus022","locus189",0.995932,0.067678,Inf,NA,1,NA,0.566064,NA,NA,0
"locus022","locus190",0.984908,1,Inf,NA,0.54349,NA,0.303162,NA,NA,0
"locus022","locus191",0.349924,1,NA,NA,1,NA,0.671744,NA,NA,0
"locus022","locus192",0.199108,0.321962,NA,NA,1,NA,0.493008,NA,NA,0
"locus022","locus195",0.522978,0.36004,NA,NA,0.114418,NA,0.844966,NA,NA,0
"locus022","locus202",0.52764,0.07063,NA,NA,0.541766,NA,0.63214,NA,NA,0
"locus022","locus210",0.322854,0.574742,NA,NA,1,NA,0.852298,1,NA,0
"locus022","locus215",0.698378,1,NA,NA,0.478584,NA,0.776186,NA,NA,0
"locus022","locus227",0.074044,1,Inf,NA,Inf,NA,0.987246,NA,NA,0
"locus022","locus231",0.134226,0.227846,NA,NA,1,NA,0.559566,NA,NA,0
"locus022","locus235",0.715318,1,NA,NA,0.425042,NA,0.996388,NA,NA,0
"locus022","locus236",0.490416,0.743246,NA,NA,1,NA,0.597398,NA,NA,0
"locus022","locus237",0.726662,0.035716,NA,NA,0.3665,NA,0.343086,NA,NA,1
"locus022","locus239",0.540186,1,NA,NA,0.484634,NA,0.343204,NA,NA,0
"locus022","locus248",0.997202,0.67923,NA,NA,0.14311,NA,0.344786,1,NA,0
"locus022","locus255",0.144718,0.162406,NA,NA,1,NA,NA,NA,NA,0
"locus022","locus256",0.130144,1,NA,1,1,NA,0.099482,NA,NA,0
"locus022","locus263",0.395022,0.67851,0.332322,Inf,0.430082,NA,0.007652,NA,NA,1
"locus022","locus264",0.936916,0.065738,NA,NA,0.485562,0.33233,0.78716,NA,NA,0
"locus022","locus274",0.411154,1,NA,NA,0.313436,NA,0.461668,NA,NA,0
"locus022","locus280",0.120948,0.741898,NA,NA,0.310562,Inf,0.200448,1,NA,0
"locus022","locus282",0.311116,0.290758,1,NA,0.364644,NA,0.809902,NA,NA,0
"locus022","locus286",0.722678,1,NA,NA,1,NA,0.017632,NA,NA,1
"locus022","locus291",0.403962,1,NA,NA,0.718212,NA,0.58752,NA,NA,0
"locus022","locus292",0.975162,0.165228,1,NA,1,NA,0.124606,NA,NA,0
"locus022","locus296",0.048706,0.676718,NA,NA,1,NA,0.403024,NA,NA,1
"locus022","locus301",0.56202,0.213522,NA,NA,1,NA,0.33206,NA,NA,0
"locus022","locus314",0.957392,0.770008,NA,NA,0.716718,NA,0.636096,NA,NA,0
"locus022","locus321",0.037128,0.086504,NA,0.399506,1,NA,0.64073,1,NA,1
"locus022","locus322",0.446992,0.680454,NA,NA,0.377612,NA,0.890638,NA,NA,0
"locus022","locus323",0.968082,0.355878,NA,NA,1,NA,0.521226,NA,NA,0
"locus022","locus329",0.626276,0.249242,NA,NA,1,NA,0.679638,NA,NA,0
"locus022","locus332",0.868532,1,1,NA,0.484558,NA,0.523866,NA,NA,0
"locus022","locus349",0.61685,0.143824,Inf,NA,1,NA,0.98085,NA,NA,0
"locus022","locus358",0.603286,0.48592,NA,0.200208,0.48341,NA,0.07211,NA,NA,0
"locus022","locus359",0.846066,0.323322,NA,NA,1,NA,0.153968,NA,NA,0
"locus022","locus360",0.037146,0.214832,NA,NA,0.374644,NA,0.928382,NA,NA,1
"locus024","locus025",0.907676,0.142108,NA,NA,1,0.33243,0.716692,NA,0.348946,0
"locus024","locus027",0.442438,1,NA,NA,1,NA,1,NA,0.768856,0
"locus024","locus030",0.405264,0.657916,NA,NA,1,1,0.767946,0.771458,0.812508,0
"locus024","locus035",0.555902,0.427764,NA,NA,1,Inf,0.134514,NA,0.705934,0
"locus024","locus038",1,1,1,NA,1,Inf,1,NA,0.581998,0
"locus024","locus039",0.536736,0.4879,NA,NA,0.427888,NA,0.71873,NA,0.692276,0
"locus024","locus040",0.937818,1,NA,NA,1,NA,0.856124,NA,Inf,0
"locus024","locus041",0.049634,1,NA,1,1,NA,0.68627,NA,0.767998,1
"locus024","locus045",1,0.141564,NA,NA,1,1,0.266248,NA,0.672502,0
"locus024","locus047",0.678412,0.657494,1,NA,0.65863,NA,0.71087,1,0.44708,0
"locus024","locus048",0.172438,Inf,NA,NA,0.427992,NA,1,1,0.705548,0
"locus024","locus053",0.848266,0.48602,NA,NA,0.65878,NA,0.646246,NA,0.885372,0
"locus024","locus055",0.711246,0.42816,NA,NA,0.027966,NA,0.319624,NA,0.507344,1
"locus024","locus056",0.170578,0.428608,NA,NA,0.428314,NA,0.314966,NA,0.670684,0
"locus024","locus058",0.774042,0.142564,NA,NA,0.143098,NA,0.88061,NA,0.166646,0
"locus024","locus060",0.507108,1,NA,NA,0.25706,NA,0.71845,NA,0.60782,0
"locus024","locus061",0.664956,0.426868,NA,NA,0.428584,NA,0.876928,NA,0.33281,0
"locus024","locus062",0.296916,1,NA,1,1,NA,0.813054,1,1,0
"locus024","locus064",0.751726,0.428298,NA,NA,0.428086,NA,1,NA,0.69059,0
"locus024","locus065",0.288186,0.428434,NA,NA,0.427838,NA,1,NA,1,0
"locus024","locus073",0.428206,0.487108,1,NA,1,NA,0.41225,NA,0.741914,0
"locus024","locus074",0.090324,0.485364,NA,NA,0.257064,NA,1,NA,0.738992,0
"locus024","locus076",0.315466,1,NA,NA,0.65898,NA,0.425812,NA,0.584404,0
"locus024","locus077",1,0.429582,NA,NA,0.143804,NA,0.399212,NA,0.341478,0
"locus024","locus080",0.573052,0.488188,NA,NA,0.255498,1,0.279408,NA,1,0
"locus024","locus083",0.088562,1,NA,NA,1,NA,0.019562,NA,0.127162,1
"locus024","locus088",0.272372,0.485064,NA,NA,1,NA,0.848266,NA,0.404668,0
"locus024","locus093",1,Inf,Inf,NA,Inf,NA,1,NA,1,0
"locus024","locus096",0.904628,0.429616,NA,NA,0.42849,NA,0.846958,NA,1,0
"locus024","locus098",0.954694,1,NA,NA,0.429318,NA,0.150052,NA,0.232562,0
"locus024","locus100",0.69194,0.485948,NA,NA,0.486276,NA,0.114294,NA,0.282718,0
"locus024","locus106",0.53862,Inf,NA,NA,1,NA,0.04252,NA,1,1
"locus024","locus110",0.298864,1,NA,NA,NA,NA,0.687846,NA,NA,0
"locus024","locus116",0.127244,1,NA,NA,0.65803,NA,0.616112,NA,NA,0
"locus024","locus119",0.636534,0.485566,NA,NA,1,NA,0.912504,NA,NA,0
"locus024","locus120",0.41028,1,NA,1,1,NA,0.48507,1,NA,0
"locus024","locus126",0.080208,1,NA,NA,1,NA,0.85718,NA,NA,0
"locus024","locus128",1,1,NA,NA,0.426932,NA,0.07604,NA,NA,0
"locus024","locus129",0.70422,1,NA,NA,1,NA,0.14852,NA,NA,0
"locus024","locus130",0.668048,1,NA,NA,0.466716,NA,1,NA,NA,0
"locus024","locus134",0.840466,1,NA,NA,0.258068,Inf,0.548266,NA,NA,0
"locus024","locus135",0.504816,1,NA,NA,1,NA,0.867292,NA,NA,0
"locus024","locus137",0.537534,0.484876,1,NA,0.430296,NA,0.04029,NA,NA,1
"locus024","locus139",0.139356,1,Inf,NA,1,NA,0.510552,0.772986,NA,0
"locus024","locus140",0.135272,1,Inf,NA,1,NA,0.512532,NA,NA,0
"locus024","locus146",0.808926,1,NA,1,1,NA,0.575546,NA,NA,0
"locus024","locus148",0.19774,1,NA,NA,1,NA,1,NA,NA,0
"locus024","locus151",0.140636,0.485154,NA,NA,0.65748,NA,0.197416,NA,NA,0
"locus024","locus157",0.332664,1,NA,NA,0.429198,NA,0.005856,NA,NA,1
"locus024","locus161",0.320402,1,NA,NA,0.429488,NA,1,1,NA,0
"locus024","locus165",0.094808,0.484102,NA,NA,0.399664,NA,0.82997,NA,NA,0
"locus024","locus170",0.950042,0.143738,NA,NA,1,NA,0.012062,NA,NA,1
"locus024","locus176",0.001602,1,NA,NA,0.029374,NA,0.906398,NA,NA,2
"locus024","locus184",0.765352,1,NA,NA,1,0.333576,0.19809,NA,NA,0
"locus024","locus186",0.258202,1,NA,NA,1,NA,1,NA,NA,0
"locus024","locus188",0.145444,0.256436,NA,NA,1,NA,0.787566,NA,NA,0
"locus024","locus189",0.360558,0.2291,Inf,NA,1,NA,0.575592,NA,NA,0
"locus024","locus190",0.151424,0.487162,Inf,NA,0.430084,NA,0.554784,NA,NA,0
"locus024","locus191",0.169524,1,Inf,NA,1,NA,0.41963,NA,NA,0
"locus024","locus192",0.731762,0.427988,NA,NA,1,NA,0.370914,NA,NA,0
"locus024","locus195",0.701936,1,NA,NA,0.312954,NA,0.84271,NA,NA,0
"locus024","locus202",0.378668,1,NA,NA,0.428856,NA,0.57716,NA,NA,0
"locus024","locus210",0.47126,0.201578,NA,NA,0.05839,NA,0.289822,1,NA,0
"locus024","locus215",0.113966,1,NA,NA,1,NA,0.617738,NA,NA,0
"locus024","locus227",0.556802,1,Inf,NA,Inf,NA,0.765964,NA,NA,0
"locus024","locus231",0.150392,0.486394,Inf,NA,1,NA,0.524702,NA,NA,0
"locus024","locus235",1,1,NA,NA,0.42905,NA,0.095366,NA,NA,0
"locus024","locus236",0.66846,1,NA,NA,0.485052,NA,0.675656,NA,NA,0
"locus024","locus237",0.616,1,NA,NA,0.655212,NA,0.244704,NA,NA,0
"locus024","locus239",0.32367,0.427456,NA,NA,0.142728,NA,0.20577,NA,NA,0
"locus024","locus248",0.831752,1,NA,NA,0.142102,NA,0.76954,0.659054,NA,0
"locus024","locus255",0.200022,0.486434,NA,NA,0.427186,NA,NA,NA,NA,0
"locus024","locus256",0.265496,1,NA,Inf,1,NA,0.375738,NA,NA,0
"locus024","locus263",0.734826,0.428196,1,Inf,1,NA,0.18217,NA,NA,0
"locus024","locus264",0.263246,0.05685,NA,NA,0.14323,0.332514,0.295544,NA,NA,0
"locus024","locus274",0.59925,0.48552,NA,NA,1,NA,0.138456,NA,NA,0
"locus024","locus280",0.38258,0.48834,NA,NA,1,NA,0.23028,0.658656,NA,0
"locus024","locus282",0.919072,1,0.497286,NA,0.658718,NA,0.762064,NA,NA,0
"locus024","locus286",0.555508,1,NA,NA,0.42826,NA,0.451214,NA,NA,0
"locus024","locus291",0.612404,1,NA,NA,1,NA,0.497696,NA,NA,0
"locus024","locus292",0.592146,0.028782,0.248554,NA,1,NA,0.918182,NA,NA,1
"locus024","locus296",0.523196,0.427434,NA,NA,0.42925,NA,0.823392,NA,NA,0
"locus024","locus301",0.378362,1,NA,NA,0.655576,NA,0.651282,NA,NA,0
"locus024","locus314",0.760114,1,NA,NA,1,NA,0.277904,NA,NA,0
"locus024","locus321",0.07797,0.659698,NA,0.400222,1,NA,0.669334,0.430464,NA,0
"locus024","locus322",0.88694,1,NA,NA,0.655726,NA,0.230968,NA,NA,0
"locus024","locus323",0.141824,0.142704,NA,NA,0.48482,NA,0.10482,NA,NA,0
"locus024","locus329",0.114934,0.427434,NA,NA,1,Inf,0.326704,NA,NA,0
"locus024","locus332",0.70244,0.484188,1,NA,0.027972,NA,0.527866,NA,NA,1
"locus024","locus349",0.499242,1,NA,NA,0.143248,NA,0.728338,NA,NA,0
"locus024","locus358",0.636136,1,NA,1,1,NA,0.596858,NA,NA,0
"locus024","locus359",0.332462,0.427566,NA,NA,1,NA,0.775274,NA,NA,0
"locus024","locus360",0.921514,0.429228,NA,NA,0.255906,NA,0.271774,NA,NA,0
"locus025","locus027",0.086012,0.486048,NA,NA,0.713482,NA,0.14361,NA,1,0
"locus025","locus030",0.38612,0.829086,NA,NA,0.711234,1,0.258072,0.600882,0.680964,0
"locus025","locus035",1,0.215534,NA,NA,1,Inf,0.109458,NA,1,0
"locus025","locus038",0.121124,1,Inf,NA,0.282604,Inf,0.979248,NA,0.236612,0
"locus025","locus039",0.92727,0.268694,NA,NA,1,NA,0.009568,NA,0.038198,2
"locus025","locus040",0.449974,0.498258,NA,NA,1,NA,0.607042,NA,Inf,0
"locus025","locus041",0.87857,0.27433,NA,0.501312,0.517406,NA,0.269904,NA,1,0
"locus025","locus045",0.591256,0.249128,NA,NA,0.52247,1,0.514734,NA,0.235982,0
"locus025","locus047",0.746598,0.82733,Inf,NA,0.095102,NA,0.24847,1,0.566718,0
"locus025","locus048",0.074148,Inf,NA,NA,0.524614,NA,0.12849,1,0.74839,0
"locus025","locus053",0.469778,0.013662,NA,NA,0.81092,NA,0.711066,NA,0.49019,1
"locus025","locus055",0.014174,1,NA,NA,1,NA,0.903188,NA,0.82279,1
"locus025","locus056",0.978006,0.35565,NA,NA,1,NA,0.1813,NA,0.11549,0
"locus025","locus058",0.802328,0.143492,NA,NA,1,NA,0.007912,NA,1,1
"locus025","locus060",0.215218,1,NA,NA,0.33067,NA,0.663826,NA,0.011552,1
"locus025","locus061",0.896022,1,NA,NA,1,NA,0.336676,NA,1,0
"locus025","locus062",0.708798,0.50065,NA,0.50252,0.567514,NA,0.145944,1,0.859202,0
"locus025","locus064",0.13347,1,NA,NA,0.047798,NA,0.387596,NA,0.309164,1
"locus025","locus065",0.113856,1,NA,NA,1,NA,0.662474,NA,0.690754,0
"locus025","locus073",0.760774,0.027978,Inf,NA,0.289056,NA,0.913996,NA,1,1
"locus025","locus074",0.068908,0.743604,NA,NA,0.334,NA,0.731828,NA,0.3248,0
"locus025","locus076",0.610796,1,NA,NA,0.095574,NA,0.323196,NA,0.88563,0
"locus025","locus077",0.809698,0.216784,NA,NA,0.145432,NA,0.48069,NA,0.538146,0
"locus025","locus080",0.017686,1,NA,NA,0.711924,1,0.093598,NA,0.19391,1
"locus025","locus083",0.668254,1,NA,NA,1,NA,0.72445,NA,1,0
"locus025","locus088",0.11615,0.01496,NA,NA,1,NA,0.3236,NA,0.685634,1
"locus025","locus093",0.335438,Inf,Inf,NA,Inf,NA,0.543966,NA,1,0
"locus025","locus096",0.575908,0.21426,NA,NA,0.522592,NA,0.308684,NA,1,0
"locus025","locus098",0.52494,0.679306,NA,NA,1,NA,0.130086,NA,1,0
"locus025","locus100",0.52028,0.143768,NA,NA,1,NA,0.019862,NA,0.89462,1
"locus025","locus106",0.804828,Inf,NA,NA,1,NA,0.412338,NA,1,0
"locus025","locus110",0.542436,0.39969,NA,NA,NA,NA,0.55778,NA,NA,0
"locus025","locus116",0.010984,1,NA,NA,0.715354,NA,0.65211,NA,NA,1
"locus025","locus119",0.565026,0.48814,NA,NA,0.52304,NA,0.244808,NA,NA,0
"locus025","locus120",0.07614,0.49792,NA,0.164034,0.28576,NA,0.101696,1,NA,0
"locus025","locus126",0.26437,0.656862,NA,NA,0.141638,NA,0.030794,NA,NA,1
"locus025","locus128",0.033756,0.68012,NA,NA,0.717688,NA,0.594718,NA,NA,1
"locus025","locus129",0.38489,0.270518,NA,NA,0.528434,NA,0.902796,NA,NA,0
"locus025","locus130",0.799772,0.679862,NA,NA,1,NA,0.333034,NA,NA,0
"locus025","locus134",1,0.67807,NA,NA,1,Inf,0.391182,NA,NA,0
"locus025","locus135",0.323396,0.616034,NA,NA,0.571004,NA,0.222118,NA,NA,0
"locus025","locus137",0.07556,0.741204,Inf,NA,0.04712,NA,0.616756,NA,NA,1
"locus025","locus139",0.70244,1,Inf,NA,1,NA,0.33611,1,NA,0
"locus025","locus140",0.703326,1,Inf,NA,1,NA,0.336818,NA,NA,0
"locus025","locus146",0.042458,1,NA,1,1,NA,0.974382,NA,NA,1
"locus025","locus148",0.939872,0.108578,NA,NA,0.28647,NA,0.514866,NA,NA,0
"locus025","locus151",0.598208,0.48751,NA,NA,1,NA,0.36441,NA,NA,0
"locus025","locus157",0.903774,0.252514,NA,NA,1,NA,0.287026,NA,NA,0
"locus025","locus161",0.441994,1,NA,NA,1,NA,0.006602,0.602126,NA,1
"locus025","locus165",0.81887,1,NA,NA,0.599834,NA,0.757902,NA,NA,0
"locus025","locus170",0.969158,0.401124,NA,NA,1,NA,0.384838,NA,NA,0
"locus025","locus176",0.423406,0.74388,NA,NA,1,NA,0.86365,NA,NA,0
"locus025","locus184",0.19083,0.484726,NA,NA,0.524,0.332846,0.779732,NA,NA,0
"locus025","locus186",0.955172,1,NA,NA,1,NA,0.010924,NA,NA,1
"locus025","locus188",0.43105,0.74467,NA,NA,0.433302,Inf,0.191018,NA,NA,0
"locus025","locus189",0.339504,0.162778,Inf,NA,0.716164,NA,0.887284,NA,NA,0
"locus025","locus190",0.656762,1,Inf,NA,0.71284,Inf,0.932826,NA,NA,0
"locus025","locus191",0.796826,1,Inf,NA,0.330012,NA,0.621994,NA,NA,0
"locus025","locus192",1,0.640298,NA,NA,0.530522,NA,0.508858,NA,NA,0
"locus025","locus195",0.29373,0.0715,NA,NA,1,Inf,0.471734,NA,NA,0
"locus025","locus202",0.793832,0.535248,NA,NA,0.142608,NA,0.497508,NA,NA,0
"locus025","locus210",0.246668,0.199496,NA,NA,0.290334,NA,0.509576,1,NA,0
"locus025","locus215",0.05474,0.678312,NA,NA,1,NA,0.064716,NA,NA,0
"locus025","locus227",0.042886,0.67825,Inf,NA,Inf,NA,0.103924,NA,NA,1
"locus025","locus231",0.216934,0.486042,Inf,NA,1,NA,0.571926,NA,NA,0
"locus025","locus235",0.86338,0.78436,NA,NA,1,NA,0.382214,NA,NA,0
"locus025","locus236",0.162732,0.269266,NA,NA,1,NA,1,NA,NA,0
"locus025","locus237",0.289228,0.358722,NA,NA,0.713598,NA,0.729108,NA,NA,0
"locus025","locus239",1,1,NA,NA,0.144396,NA,0.066566,NA,NA,0
"locus025","locus248",0.68701,0.212182,NA,NA,1,NA,0.944348,0.401126,NA,0
"locus025","locus255",0.573772,0.05772,NA,NA,0.526494,NA,NA,NA,NA,0
"locus025","locus256",0.652492,0.50287,NA,1,1,NA,0.654412,NA,NA,0
"locus025","locus263",0.750268,0.358346,Inf,Inf,1,NA,0.431486,NA,NA,0
"locus025","locus264",0.85065,0.16097,NA,NA,0.14493,0.334198,0.456878,NA,NA,0
"locus025","locus274",0.281238,1,NA,NA,1,NA,0.58928,NA,NA,0
"locus025","locus280",0.496188,0.400548,NA,NA,1,NA,0.831778,0.401176,NA,0
"locus025","locus282",0.289228,1,Inf,NA,0.715252,NA,0.823808,NA,NA,0
"locus025","locus286",0.161552,0.500686,NA,NA,1,NA,1,NA,NA,0
"locus025","locus291",0.766016,1,NA,NA,0.521466,NA,0.791512,NA,NA,0
"locus025","locus292",0.377554,0.271562,Inf,NA,0.28554,NA,0.574544,NA,NA,0
"locus025","locus296",0.456072,0.250756,NA,NA,0.046932,NA,0.919986,NA,NA,1
"locus025","locus301",0.202204,0.070538,NA,NA,0.281682,NA,0.213078,NA,NA,0
"locus025","locus314",0.00502,0.431858,NA,NA,1,NA,0.823382,NA,NA,1
"locus025","locus321",0.381136,0.014158,NA,0.497454,1,NA,0.50482,1,NA,1
"locus025","locus322",0.050228,1,NA,NA,0.713334,NA,0.618866,NA,NA,0
"locus025","locus323",0.119906,0.680376,NA,NA,1,NA,0.42433,NA,NA,0
"locus025","locus329",0.4061,0.217716,NA,NA,0.285356,NA,0.206568,NA,NA,0
"locus025","locus332",0.423678,1,Inf,NA,1,NA,0.566934,NA,NA,0
"locus025","locus349",0.26669,0.678398,NA,NA,1,NA,0.064514,NA,NA,0
"locus025","locus358",0.24333,1,NA,1,1,NA,0.286302,NA,NA,0
"locus025","locus359",0.229372,0.641024,NA,NA,1,NA,0.47988,NA,NA,0
"locus025","locus360",0.410432,0.035534,NA,NA,1,NA,0.634744,NA,NA,1
"locus027","locus030",1,1,NA,NA,1,NA,0.192828,NA,0.42926,0
"locus027","locus035",0.677678,1,NA,NA,1,NA,0.11267,NA,0.331626,0
"locus027","locus038",0.525136,1,NA,NA,1,NA,0.765802,NA,1,0
"locus027","locus039",0.87668,1,NA,NA,0.33413,NA,0.10871,NA,0.427636,0
"locus027","locus040",0.432198,1,NA,NA,0.619564,NA,0.905072,NA,Inf,0
"locus027","locus041",0.77976,1,Inf,0.333432,1,NA,0.703176,NA,0.145112,0
"locus027","locus045",0.907564,1,NA,NA,1,NA,0.910954,NA,0.04786,1
"locus027","locus047",0.146872,1,NA,NA,1,NA,0.03354,NA,0.426116,1
"locus027","locus048",0.224564,Inf,NA,NA,0.617536,NA,0.12336,NA,0.427124,0
"locus027","locus053",0.887844,0.14333,NA,NA,1,NA,0.541638,NA,0.20047,0
"locus027","locus055",0.03224,0.427474,NA,NA,1,NA,0.036252,NA,0.772078,2
"locus027","locus056",0.607562,0.42886,NA,NA,1,NA,0.33141,NA,0.331218,0
"locus027","locus058",0.338894,1,NA,NA,0.1242,NA,0.05898,NA,0.770356,0
"locus027","locus060",0.461348,1,NA,NA,0.770426,NA,0.590848,NA,0.333632,0
"locus027","locus061",0.92619,1,Inf,NA,1,NA,0.641196,NA,0.428518,0
"locus027","locus062",0.68038,1,NA,1,0.659854,NA,0.16124,NA,0.71927,0
"locus027","locus064",0.50748,1,NA,NA,1,NA,0.72847,NA,Inf,0
"locus027","locus065",0.716202,0.429196,NA,NA,0.42746,NA,0.821888,NA,1,0
"locus027","locus073",0.127994,0.485392,NA,NA,0.65896,NA,0.717548,NA,1,0
"locus027","locus074",0.311638,0.488578,NA,NA,1,NA,0.282072,NA,0.656364,0
"locus027","locus076",0.009748,1,NA,NA,1,NA,0.681076,NA,0.771966,1
"locus027","locus077",0.308488,1,NA,NA,1,NA,0.500308,NA,0.047412,1
"locus027","locus080",0.459824,0.142918,NA,0.332568,0.773348,NA,0.782886,NA,0.77215,0
"locus027","locus083",0.704428,1,NA,NA,1,NA,0.553646,NA,0.656212,0
"locus027","locus088",0.919524,0.486718,NA,NA,0.029198,NA,0.167014,NA,1,1
"locus027","locus093",0.565782,Inf,Inf,NA,Inf,NA,0.430442,NA,0.504096,0
"locus027","locus096",0.494032,0.428772,NA,NA,0.619346,NA,1,NA,0.258796,0
"locus027","locus098",0.142534,1,NA,NA,0.429686,NA,0.918942,NA,0.655484,0
"locus027","locus100",0.354414,0.487094,NA,NA,0.257006,NA,0.07719,NA,0.256542,0
"locus027","locus106",0.683466,Inf,NA,NA,0.618612,NA,0.316414,NA,0.14395,0
"locus027","locus110",0.80335,0.101004,NA,NA,NA,NA,0.38009,NA,NA,0
"locus027","locus116",0.257084,1,NA,NA,0.773282,NA,1,NA,NA,0
"locus027","locus119",0.139022,1,NA,NA,0.61891,NA,0.919858,NA,NA,0
"locus027","locus120",0.765294,1,NA,Inf,0.428414,NA,0.835846,NA,NA,0
"locus027","locus126",0.476268,0.14245,Inf,NA,0.25823,NA,0.414446,NA,NA,0
"locus027","locus128",0.255546,1,NA,NA,0.425306,NA,0.684986,NA,NA,0
"locus027","locus129",0.492278,1,NA,NA,0.711936,NA,0.937764,NA,NA,0
"locus027","locus130",0.263452,1,NA,NA,0.599022,NA,0.650188,NA,NA,0
"locus027","locus134",0.578402,1,NA,NA,1,NA,0.20312,NA,NA,0
"locus027","locus135",0.748656,1,NA,NA,0.654036,NA,0.2877,NA,NA,0
"locus027","locus137",0.376006,0.227664,NA,NA,1,NA,0.783094,NA,NA,0
"locus027","locus139",0.403646,1,Inf,NA,0.257032,NA,0.603234,NA,NA,0
"locus027","locus140",0.406388,1,Inf,NA,0.257584,NA,0.602432,NA,NA,0
"locus027","locus146",0.10193,1,NA,1,0.621068,NA,0.58741,NA,NA,0
"locus027","locus148",0.853126,1,NA,NA,0.658936,NA,0.139408,NA,NA,0
"locus027","locus151",0.957816,1,NA,NA,1,NA,0.416606,NA,NA,0
"locus027","locus157",0.239338,1,NA,NA,0.428812,NA,0.762964,NA,NA,0
"locus027","locus161",0.268158,1,NA,NA,1,NA,0.174026,NA,NA,0
"locus027","locus165",0.90377,1,NA,NA,1,NA,0.830442,NA,NA,0
"locus027","locus170",0.65787,1,NA,NA,0.256958,NA,0.310782,NA,NA,0
"locus027","locus176",0.968406,0.0569,NA,NA,1,NA,0.854062,NA,NA,0
"locus027","locus184",0.09175,0.486584,NA,NA,1,NA,0.316428,NA,NA,0
"locus027","locus186",0.392788,0.428964,NA,NA,1,NA,0.587388,NA,NA,0
"locus027","locus188",0.134466,0.258358,NA,0.333896,0.771756,NA,0.377178,NA,NA,0
"locus027","locus189",0.389394,1,Inf,NA,1,NA,0.157286,NA,NA,0
"locus027","locus190",0.296578,0.484546,Inf,NA,0.428936,NA,0.758942,NA,NA,0
"locus027","locus191",0.580154,0.484604,NA,NA,0.426718,NA,0.501714,NA,NA,0
"locus027","locus192",1,0.427086,NA,NA,1,NA,0.393488,NA,NA,0
"locus027","locus195",0.422586,0.140786,NA,NA,0.200106,NA,0.21474,NA,NA,0
"locus027","locus202",0.233858,1,NA,NA,0.426664,NA,0.79486,NA,NA,0
"locus027","locus210",0.125216,0.656856,NA,NA,0.653756,NA,0.29678,NA,NA,0
"locus027","locus215",0.963454,1,NA,NA,0.114098,NA,0.291536,NA,NA,0
"locus027","locus227",0.819164,1,Inf,NA,Inf,NA,0.43153,NA,NA,0
"locus027","locus231",0.769392,1,NA,NA,0.429038,NA,0.720866,NA,NA,0
"locus027","locus235",1,0.427948,NA,NA,0.431084,NA,0.68556,NA,NA,0
"locus027","locus236",0.75051,0.028494,NA,NA,0.258644,NA,0.281254,NA,NA,1
"locus027","locus237",0.483404,1,NA,NA,0.77118,NA,0.750082,NA,NA,0
"locus027","locus239",0.453108,0.425598,NA,NA,1,NA,0.022386,NA,NA,1
"locus027","locus248",0.793446,0.428532,NA,NA,1,NA,0.313324,NA,NA,0
"locus027","locus255",0.353526,0.485544,NA,NA,1,NA,NA,NA,NA,0
"locus027","locus256",0.36013,1,NA,1,0.122736,NA,0.620998,NA,NA,0
"locus027","locus263",0.51898,1,NA,Inf,0.143192,NA,1,NA,NA,0
"locus027","locus264",0.725714,1,NA,NA,1,NA,0.2696,NA,NA,0
"locus027","locus274",0.179334,0.48495,NA,NA,0.198354,NA,0.7824,NA,NA,0
"locus027","locus280",0.178592,0.4854,NA,NA,1,NA,0.449418,NA,NA,0
"locus027","locus282",0.269934,1,NA,NA,0.769216,NA,0.73129,NA,NA,0
"locus027","locus286",0.306294,1,NA,NA,1,NA,0.002428,NA,NA,1
"locus027","locus291",0.404658,0.14288,NA,NA,0.62011,NA,0.084728,NA,NA,0
"locus027","locus292",0.127502,1,Inf,NA,0.227486,NA,0.393222,NA,NA,0
"locus027","locus296",0.583346,0.428588,NA,NA,1,NA,0.904058,NA,NA,0
"locus027","locus301",0.900266,0.428204,NA,NA,1,NA,0.707434,NA,NA,0
"locus027","locus314",0.050496,0.65716,NA,Inf,1,NA,0.115594,NA,NA,0
"locus027","locus321",0.752838,0.656864,NA,0.3342,0.125658,NA,0.389862,NA,NA,0
"locus027","locus322",0.337986,1,NA,NA,0.426392,NA,0.598802,NA,NA,0
"locus027","locus323",0.094962,1,NA,NA,1,NA,0.091254,NA,NA,0
"locus027","locus329",0.84373,1,NA,NA,0.228134,NA,1,NA,NA,0
"locus027","locus332",0.022704,0.485672,NA,NA,1,NA,0.666302,NA,NA,1
"locus027","locus349",0.06375,1,NA,NA,0.658464,NA,0.727296,NA,NA,0
"locus027","locus358",0.48839,1,NA,0.332212,0.426758,NA,0.936442,NA,NA,0
"locus027","locus359",0.678332,0.427974,NA,NA,1,NA,0.310342,NA,NA,0
"locus027","locus360",0.232012,1,NA,NA,0.428572,NA,0.140552,NA,NA,0
"locus030","locus035",0.03841,1,1,NA,0.333344,Inf,0.460704,NA,0.074314,1
"locus030","locus038",0.177496,0.201452,NA,NA,0.112752,Inf,0.656136,NA,1,0
"locus030","locus039",0.144518,0.372288,NA,NA,0.33285,NA,0.46743,NA,0.334664,0
"locus030","locus040",0.396232,1,NA,NA,0.144558,NA,0.756862,NA,Inf,0
"locus030","locus041",0.14718,1,NA,1,1,NA,0.101712,NA,0.722218,0
"locus030","locus045",0.817214,1,NA,NA,1,1,0.061432,NA,0.684594,0
"locus030","locus047",0.35906,0.084396,NA,NA,1,NA,0.489838,1,0.486092,0
"locus030","locus048",0.394262,Inf,NA,NA,0.334286,NA,0.29507,0.619964,0.789516,0
"locus030","locus053",0.200284,0.826246,NA,NA,0.573734,NA,0.72964,NA,0.021672,1
"locus030","locus055",0.729918,1,NA,NA,1,NA,0.205772,NA,0.375888,0
"locus030","locus056",0.4479,1,NA,NA,1,NA,0.126676,NA,0.716544,0
"locus030","locus058",0.565764,0.0718,NA,NA,1,NA,0.068606,NA,0.304622,0
"locus030","locus060",0.14255,0.07016,NA,NA,0.42763,NA,0.673566,NA,1,0
"locus030","locus061",0.887476,0.42849,NA,NA,1,NA,0.403424,NA,0.462084,0
"locus030","locus062",0.894386,1,NA,0.197206,0.6578,NA,0.850342,0.770954,0.163562,0
"locus030","locus064",0.430676,0.429888,NA,NA,1,NA,0.446996,NA,0.462194,0
"locus030","locus065",0.2673,0.428342,NA,NA,1,NA,0.007616,NA,0.460894,1
"locus030","locus073",0.577456,0.654668,NA,NA,0.225944,NA,0.03654,NA,0.211178,1
"locus030","locus074",0.128142,1,NA,NA,1,NA,0.129334,NA,0.79612,0
"locus030","locus076",0.70042,0.286848,NA,NA,1,NA,0.22561,NA,0.816308,0
"locus030","locus077",1,0.427652,NA,NA,0.656922,NA,0.288498,NA,1,0
"locus030","locus080",0.55526,0.365594,NA,1,0.122752,1,0.792014,NA,1,0
"locus030","locus083",1,1,NA,NA,0.499296,NA,0.574202,NA,0.764954,0
"locus030","locus088",0.800336,0.198988,NA,NA,1,NA,0.013376,NA,0.797798,1
"locus030","locus093",0.717596,Inf,Inf,NA,Inf,NA,0.584016,NA,0.142824,0
"locus030","locus096",0.583654,1,NA,NA,0.335204,NA,0.854434,NA,1,0
"locus030","locus098",0.811054,0.716044,NA,NA,1,NA,0.260882,NA,0.452828,0
"locus030","locus100",0.364266,1,NA,NA,0.255722,NA,0.978876,NA,0.365964,0
"locus030","locus106",0.8926,Inf,0.498962,NA,0.33412,NA,0.719088,NA,0.31847,0
"locus030","locus110",0.536572,1,NA,NA,NA,NA,0.428118,NA,NA,0
"locus030","locus116",0.480056,0.369882,NA,NA,1,NA,0.745332,NA,NA,0
"locus030","locus119",0.64342,0.027748,NA,NA,0.618756,NA,0.271656,NA,NA,1
"locus030","locus120",0.34301,1,NA,NA,0.427768,NA,0.367106,1,NA,0
"locus030","locus126",0.391664,0.658126,NA,NA,1,NA,0.243454,NA,NA,0
"locus030","locus128",0.134844,1,1,NA,0.423652,NA,0.471134,NA,NA,0
"locus030","locus129",0.716954,0.200338,NA,NA,0.143676,NA,0.796664,NA,NA,0
"locus030","locus130",0.570684,0.713338,NA,NA,0.601292,NA,0.551714,NA,NA,0
"locus030","locus134",0.505586,1,NA,NA,0.427998,Inf,0.640034,NA,NA,0
"locus030","locus135",0.835804,0.914406,NA,NA,0.655882,NA,0.452654,NA,NA,0
"locus030","locus137",0.271388,1,NA,NA,1,NA,0.541766,NA,NA,0
"locus030","locus139",0.63625,0.499824,Inf,NA,0.427588,NA,0.285906,0.77252,NA,0
"locus030","locus140",0.633546,0.499012,Inf,NA,0.42952,NA,0.282618,NA,NA,0
"locus030","locus146",0.266342,1,NA,0.200698,0.334424,NA,0.584178,NA,NA,0
"locus030","locus148",0.1295,1,NA,NA,0.657466,NA,0.84328,NA,NA,0
"locus030","locus151",0.869148,0.029308,NA,1,0.770518,NA,0.0456,NA,NA,2
"locus030","locus157",0.56637,1,NA,NA,1,NA,0.893606,NA,NA,0
"locus030","locus161",1,0.713744,NA,NA,0.429108,NA,0.49637,0.33096,NA,0
"locus030","locus165",0.648832,0.197928,NA,NA,0.197836,NA,0.124036,NA,NA,0
"locus030","locus170",0.381018,1,NA,1,0.427408,NA,0.275022,NA,NA,0
"locus030","locus176",0.335008,1,NA,NA,1,NA,0.2407,NA,NA,0
"locus030","locus184",0.854446,1,NA,NA,0.621426,1,0.848234,NA,NA,0
"locus030","locus186",0.5734,1,NA,NA,0.431304,NA,0.72266,NA,NA,0
"locus030","locus188",0.13699,1,NA,1,0.768786,NA,0.012338,NA,NA,1
"locus030","locus189",0.740458,0.255788,Inf,NA,0.009216,NA,0.845814,NA,NA,1
"locus030","locus190",0.426198,1,Inf,NA,0.426416,NA,0.511122,NA,NA,0
"locus030","locus191",0.705684,0.371278,NA,NA,0.428364,NA,0.475576,NA,NA,0
"locus030","locus192",0.032602,0.71204,NA,NA,0.327352,NA,0.263088,NA,NA,1
"locus030","locus195",0.627248,0.716014,NA,NA,1,NA,0.965794,NA,NA,0
"locus030","locus202",0.213128,0.425942,NA,NA,1,NA,0.837276,NA,NA,0
"locus030","locus210",0.585852,0.769808,NA,NA,0.657372,NA,0.790206,0.597786,NA,0
"locus030","locus215",0.439614,1,Inf,NA,0.657632,NA,0.214898,NA,NA,0
"locus030","locus227",0.676812,0.713498,Inf,NA,Inf,Inf,0.329714,NA,NA,0
"locus030","locus231",0.612306,0.02796,NA,NA,1,NA,0.817362,NA,NA,1
"locus030","locus235",0.378064,0.716676,NA,NA,1,NA,0.913228,NA,NA,0
"locus030","locus236",0.52922,1,NA,NA,1,NA,0.77656,NA,NA,0
"locus030","locus237",0.240494,0.427808,NA,NA,0.770554,NA,0.624838,NA,NA,0
"locus030","locus239",0.253852,0.43273,NA,NA,0.658192,NA,0.408258,NA,NA,0
"locus030","locus248",0.226002,1,NA,NA,0.618092,NA,0.812816,0.656124,NA,0
"locus030","locus255",0.270696,0.19991,NA,NA,0.145266,NA,NA,NA,NA,0
"locus030","locus256",0.16762,0.50236,NA,0.168432,1,NA,0.728208,NA,NA,0
"locus030","locus263",0.748474,1,NA,Inf,1,NA,1,NA,NA,0
"locus030","locus264",0.360838,0.256064,NA,NA,0.659306,1,0.695394,NA,NA,0
"locus030","locus274",0.591548,0.82746,NA,NA,0.123382,NA,0.664186,NA,NA,0
"locus030","locus280",0.462894,1,NA,NA,0.126926,NA,0.25411,1,NA,0
"locus030","locus282",0.931096,0.200306,NA,NA,0.775028,NA,0.795548,NA,NA,0
"locus030","locus286",1,0.4991,NA,NA,0.427422,NA,1,NA,NA,0
"locus030","locus291",0.229514,0.714928,NA,NA,0.61855,Inf,0.95917,NA,NA,0
"locus030","locus292",0.919562,0.486884,0.250714,NA,0.656634,NA,0.107672,NA,NA,0
"locus030","locus296",0.445644,0.784218,NA,NA,1,NA,0.531764,NA,NA,0
"locus030","locus301",0.104596,1,Inf,NA,0.426508,NA,0.881072,NA,NA,0
"locus030","locus314",0.05935,0.312964,Inf,NA,0.33304,NA,0.81594,NA,NA,0
"locus030","locus321",0.172448,0.774386,NA,1,0.198594,NA,0.118246,1,NA,0
"locus030","locus322",0.113376,0.07064,NA,NA,1,NA,0.202248,NA,NA,0
"locus030","locus323",0.44692,0.714634,NA,NA,0.655778,NA,0.132484,NA,NA,0
"locus030","locus329",0.077864,0.428162,NA,NA,0.228886,NA,0.00307,NA,NA,1
"locus030","locus332",0.272096,0.826292,NA,NA,1,NA,0.743706,NA,NA,0
"locus030","locus349",0.20314,0.288034,NA,NA,0.65622,NA,0.096596,NA,NA,0
"locus030","locus358",0.74076,1,NA,0.331386,0.429864,NA,0.102302,NA,NA,0
"locus030","locus359",0.804142,0.118948,NA,NA,0.141426,NA,0.357722,NA,NA,0
"locus030","locus360",0.50299,0.430936,NA,NA,1,NA,0.204148,NA,NA,0
"locus035","locus038",0.96554,1,NA,NA,1,NA,0.454906,NA,1,0
"locus035","locus039",0.419274,0.570596,NA,NA,1,NA,0.094218,NA,0.614312,0
"locus035","locus040",0.223826,0.249298,NA,NA,1,NA,1,NA,Inf,0
"locus035","locus041",0.81659,0.573542,NA,1,1,NA,0.597504,NA,0.220602,0
"locus035","locus045",0.462926,0.46381,NA,NA,0.523536,Inf,0.438586,NA,0.686948,0
"locus035","locus047",0.848284,1,NA,NA,0.095258,NA,0.399184,0.656038,0.213814,0
"locus035","locus048",1,Inf,NA,NA,1,NA,0.077054,0.429424,1,0
"locus035","locus053",0.3689,0.214752,NA,NA,0.809146,NA,0.692512,NA,0.090864,0
"locus035","locus055",0.818472,0.462726,NA,NA,1,NA,0.13535,NA,1,0
"locus035","locus056",0.935688,0.571146,NA,NA,1,NA,1,NA,1,0
"locus035","locus058",0.466574,0.46423,NA,NA,1,NA,0.21479,NA,1,0
"locus035","locus060",0.058752,1,NA,NA,0.620308,NA,0.65649,NA,1,0
"locus035","locus061",0.52924,0.572152,NA,NA,1,NA,0.85564,NA,1,0
"locus035","locus062",0.49388,0.249814,NA,0.20007,1,NA,0.199806,0.429434,0.511904,0
"locus035","locus064",0.3605,0.571902,NA,NA,0.525528,NA,1,NA,0.615982,0
"locus035","locus065",0.702538,1,NA,NA,0.286012,NA,1,NA,1,0
"locus035","locus073",0.806166,0.428834,NA,NA,1,NA,0.184924,NA,0.527474,0
"locus035","locus074",0.869526,0.249262,NA,NA,1,NA,0.130994,NA,1,0
"locus035","locus076",0.729036,1,NA,NA,1,NA,1,NA,0.732116,0
"locus035","locus077",0.600496,1,NA,NA,1,NA,1,NA,0.528076,0
"locus035","locus080",0.125366,0.215728,NA,1,0.332832,Inf,0.009916,NA,0.78037,1
"locus035","locus083",0.309432,1,NA,NA,1,NA,0.417784,NA,1,0
"locus035","locus088",0.644538,0.214972,NA,NA,1,NA,0.760676,NA,0.265812,0
"locus035","locus093",0.597406,Inf,Inf,NA,Inf,NA,0.139286,NA,1,0
"locus035","locus096",0.818812,1,NA,NA,1,NA,1,NA,1,0
"locus035","locus098",1,1,NA,NA,0.285542,NA,0.380652,NA,0.667132,0
"locus035","locus100",0.453972,0.429686,NA,NA,1,NA,0.003796,NA,0.069894,1
"locus035","locus106",0.51665,Inf,0.333906,NA,1,NA,0.734482,NA,1,0
"locus035","locus110",0.576078,1,NA,NA,NA,NA,1,NA,NA,0
"locus035","locus116",0.148696,0.572152,NA,NA,0.620436,NA,0.024686,NA,NA,1
"locus035","locus119",0.014878,1,NA,NA,0.524732,NA,0.579206,NA,NA,1
"locus035","locus120",0.909382,1,NA,NA,1,NA,0.40432,0.143548,NA,0
"locus035","locus126",1,1,NA,NA,1,NA,0.620448,NA,NA,0
"locus035","locus128",0.162748,1,1,NA,0.62077,NA,0.769382,NA,NA,0
"locus035","locus129",0.436852,1,NA,NA,1,NA,0.943684,NA,NA,0
"locus035","locus130",1,0.46418,NA,NA,1,NA,0.662482,NA,NA,0
"locus035","locus134",0.332988,0.107338,NA,NA,0.141276,Inf,0.030702,NA,NA,1
"locus035","locus135",0.79751,0.680462,NA,NA,1,Inf,1,NA,NA,0
"locus035","locus137",1,1,NA,NA,0.523504,NA,0.065902,NA,NA,0
"locus035","locus139",0.266094,1,Inf,NA,1,NA,1,0.257632,NA,0
"locus035","locus140",0.270344,1,Inf,NA,1,NA,1,NA,NA,0
"locus035","locus146",0.441254,0.571622,NA,1,1,NA,0.666744,NA,NA,0
"locus035","locus148",0.416596,0.463588,NA,NA,1,NA,0.423462,NA,NA,0
"locus035","locus151",0.384978,1,NA,1,0.047736,NA,0.000682,NA,NA,2
"locus035","locus157",0.054148,1,NA,NA,0.285926,NA,1,NA,NA,0
"locus035","locus161",0.677152,0.46355,NA,NA,1,NA,0.180686,0.1431,NA,0
"locus035","locus165",0.494538,0.572148,NA,NA,1,NA,0.0666,NA,NA,0
"locus035","locus170",0.953678,0.573974,NA,1,1,NA,0.215008,NA,NA,0
"locus035","locus176",0.266488,1,NA,NA,1,NA,0.27534,NA,NA,0
"locus035","locus184",0.321692,1,NA,NA,1,Inf,0.529164,NA,NA,0
"locus035","locus186",0.575342,1,NA,NA,0.14313,NA,1,NA,NA,0
"locus035","locus188",0.753916,0.715158,NA,1,0.142488,NA,0.018358,NA,NA,1
"locus035","locus189",0.007936,0.248138,Inf,NA,0.332866,NA,0.00172,NA,NA,2
"locus035","locus190",0.097892,0.428638,Inf,NA,0.141934,NA,0.087208,NA,NA,0
"locus035","locus191",0.109992,1,NA,NA,0.047892,NA,0.396774,NA,NA,1
"locus035","locus192",0.019374,0.641644,NA,NA,0.523838,NA,0.477384,NA,NA,1
"locus035","locus195",0.113968,1,NA,NA,1,NA,0.171048,NA,NA,0
"locus035","locus202",0.72667,0.644282,NA,NA,0.331968,NA,0.007638,NA,NA,1
"locus035","locus210",0.24354,1,NA,NA,1,NA,0.23214,1,NA,0
"locus035","locus215",0.137596,1,Inf,NA,1,NA,0.732976,NA,NA,0
"locus035","locus227",1,0.465514,Inf,NA,Inf,NA,0.435032,NA,NA,0
"locus035","locus231",0.78665,1,NA,NA,0.428584,NA,1,NA,NA,0
"locus035","locus235",0.526796,0.107864,NA,NA,0.287274,NA,0.274172,NA,NA,0
"locus035","locus236",0.633324,0.356824,NA,NA,0.42895,NA,0.058242,NA,NA,0
"locus035","locus237",0.866864,0.56996,NA,NA,0.331194,NA,0.420506,NA,NA,0
"locus035","locus239",0.033418,1,NA,NA,1,NA,0.684974,NA,NA,1
"locus035","locus248",0.768534,1,NA,NA,1,NA,0.610686,0.485576,NA,0
"locus035","locus255",0.005836,0.57235,NA,NA,1,NA,NA,NA,NA,1
"locus035","locus256",0.30949,0.249678,NA,0.499064,0.427636,NA,1,NA,NA,0
"locus035","locus263",0.076534,0.571798,NA,Inf,1,NA,0.571262,NA,NA,0
"locus035","locus264",0.25886,0.677606,NA,NA,1,Inf,0.084598,NA,NA,0
"locus035","locus274",0.125586,1,NA,NA,1,NA,0.280544,NA,NA,0
"locus035","locus280",0.220818,0.573426,NA,NA,0.238996,NA,0.585898,0.485978,NA,0
"locus035","locus282",0.915962,1,NA,NA,0.333374,NA,0.18533,NA,NA,0
"locus035","locus286",0.70446,0.249068,NA,NA,1,NA,1,NA,NA,0
"locus035","locus291",0.795886,1,NA,NA,0.524292,NA,0.053674,NA,NA,0
"locus035","locus292",0.429066,0.569952,1,NA,0.570874,NA,0.23371,NA,NA,0
"locus035","locus296",0.693086,1,NA,NA,0.524314,NA,0.330334,NA,NA,0
"locus035","locus301",0.738156,0.64274,Inf,NA,1,NA,1,NA,NA,0
"locus035","locus314",0.511574,1,Inf,NA,0.047668,NA,1,NA,NA,1
"locus035","locus321",0.731944,0.429952,NA,1,0.428372,NA,1,0.258626,NA,0
"locus035","locus322",0.456646,1,NA,NA,0.334222,NA,0.171522,NA,NA,0
"locus035","locus323",1,1,NA,NA,0.142144,Inf,0.735394,NA,NA,0
"locus035","locus329",0.078816,1,NA,NA,1,NA,0.276566,NA,NA,0
"locus035","locus332",1,0.571962,NA,NA,1,NA,0.360612,NA,NA,0
"locus035","locus349",0.408654,0.464792,NA,NA,1,NA,0.107348,NA,NA,0
"locus035","locus358",1,1,NA,1,1,NA,0.368254,NA,NA,0
"locus035","locus359",0.318346,0.286102,NA,NA,0.284796,NA,0.313066,NA,NA,0
"locus035","locus360",1,1,NA,NA,1,NA,0.248338,NA,NA,0
"locus038","locus039",0.62404,0.270966,NA,NA,1,NA,0.15643,NA,1,0
"locus038","locus040",0.054694,1,NA,NA,0.571708,NA,0.804994,NA,Inf,0
"locus038","locus041",0.354972,1,NA,0.500762,0.28741,NA,0.765024,NA,0.642466,0
"locus038","locus045",0.810178,1,NA,NA,1,Inf,0.059704,NA,1,0
"locus038","locus047",0.332688,0.48501,NA,NA,0.826488,NA,0.55209,1,0.219052,0
"locus038","locus048",0.591126,Inf,NA,NA,0.569256,NA,0.800892,Inf,1,0
"locus038","locus053",0.097542,1,NA,NA,0.088506,NA,0.597288,NA,1,0
"locus038","locus055",0.473818,1,NA,NA,1,NA,0.62024,NA,0.819038,0
"locus038","locus056",0.944556,0.570596,NA,NA,1,NA,0.329744,NA,0.680098,0
"locus038","locus058",0.572152,0.679522,NA,NA,1,NA,0.383916,NA,1,0
"locus038","locus060",0.707234,0.679524,NA,NA,1,NA,0.664526,NA,0.617288,0
"locus038","locus061",0.127986,1,NA,NA,1,NA,0.608886,NA,0.61851,0
"locus038","locus062",0.693726,1,NA,1,1,NA,0.06498,1,0.789284,0
"locus038","locus064",0.747,1,NA,NA,0.572604,NA,0.258092,NA,0.091348,0
"locus038","locus065",0.013596,0.571866,NA,NA,1,NA,0.89637,NA,0.357458,1
"locus038","locus073",0.60426,1,NA,NA,0.485416,NA,0.086138,NA,1,0
"locus038","locus074",0.738954,0.74345,NA,NA,0.657536,NA,0.750746,NA,0.817388,0
"locus038","locus076",0.725542,0.678052,NA,NA,0.827966,NA,0.929792,NA,0.714854,0
"locus038","locus077",0.180034,1,NA,NA,0.2293,NA,0.07931,NA,0.616818,0
"locus038","locus080",0.448254,1,NA,0.335192,0.655492,Inf,0.078866,NA,0.725618,0
"locus038","locus083",0.847382,0.570836,NA,NA,1,NA,0.71378,NA,1,0
"locus038","locus088",0.306102,1,NA,NA,1,NA,0.471892,NA,0.314504,0
"locus038","locus093",0.697298,Inf,Inf,NA,Inf,NA,0.533152,NA,1,0
"locus038","locus096",0.576274,0.215098,NA,NA,0.570464,NA,0.487078,NA,0.681392,0
"locus038","locus098",0.76563,0.141084,NA,NA,1,NA,0.566994,NA,0.426324,0
"locus038","locus100",0.264764,1,NA,NA,1,NA,0.657262,NA,0.696808,0
"locus038","locus106",0.718886,Inf,1,NA,1,NA,0.731728,NA,0.617504,0
"locus038","locus110",0.821598,1,NA,NA,NA,NA,0.184958,NA,NA,0
"locus038","locus116",0.110818,1,NA,NA,0.65706,NA,0.04802,NA,NA,1
"locus038","locus119",0.101456,0.26822,NA,NA,0.57117,NA,0.838412,NA,NA,0
"locus038","locus120",0.58525,0.502398,NA,NA,1,NA,0.603394,1,NA,0
"locus038","locus126",0.46989,1,NA,NA,1,NA,1,NA,NA,0
"locus038","locus128",0.876302,0.677848,Inf,NA,1,NA,0.294118,NA,NA,0
"locus038","locus129",0.155872,1,NA,NA,0.572842,NA,0.10138,NA,NA,0
"locus038","locus130",0.975912,0.679482,NA,NA,1,NA,0.523892,NA,NA,0
"locus038","locus134",0.174786,1,Inf,NA,1,Inf,0.641088,NA,NA,0
"locus038","locus135",0.84567,0.61666,NA,NA,1,Inf,0.027676,NA,NA,1
"locus038","locus137",0.685384,0.29512,NA,NA,0.569622,NA,0.472766,NA,NA,0
"locus038","locus139",0.870802,0.123412,Inf,NA,1,NA,0.034488,1,NA,1
"locus038","locus140",0.870682,0.126322,Inf,NA,1,NA,0.033994,NA,NA,1
"locus038","locus146",0.199864,0.213362,NA,1,1,NA,0.032696,NA,NA,1
"locus038","locus148",0.752866,1,NA,NA,0.488664,NA,0.65834,NA,NA,0
"locus038","locus151",0.844186,0.484392,NA,1,1,NA,0.21217,NA,NA,0
"locus038","locus157",0.935574,1,NA,NA,1,NA,0.859696,NA,NA,0
"locus038","locus161",1,1,NA,NA,1,NA,0.512544,0.499934,NA,0
"locus038","locus165",0.130736,0.48684,NA,NA,0.60219,NA,0.166408,NA,NA,0
"locus038","locus170",0.25313,0.482978,NA,1,1,NA,0.25885,NA,NA,0
"locus038","locus176",0.5336,0.742866,NA,NA,1,NA,0.145264,NA,NA,0
"locus038","locus184",0.962618,0.487528,NA,NA,0.571568,Inf,0.921798,NA,NA,0
"locus038","locus186",0.950844,1,NA,NA,1,NA,0.940734,NA,NA,0
"locus038","locus188",0.536764,0.741612,NA,0.33297,0.598794,NA,0.980862,NA,NA,0
"locus038","locus189",0.66147,1,Inf,NA,0.114232,NA,0.140336,NA,NA,0
"locus038","locus190",0.778934,1,Inf,NA,0.657944,NA,0.190484,NA,NA,0
"locus038","locus191",0.778454,0.0575,NA,NA,1,NA,0.519054,NA,NA,0
"locus038","locus192",0.704032,0.108676,NA,NA,0.287478,NA,0.031476,NA,NA,1
"locus038","locus195",0.197654,0.676364,NA,NA,0.48788,NA,0.755886,NA,NA,0
"locus038","locus202",0.211872,0.071804,NA,NA,0.657866,NA,0.852882,NA,NA,0
"locus038","locus210",1,0.829174,Inf,NA,1,NA,0.272602,0.24883,NA,0
"locus038","locus215",0.680584,0.678288,NA,NA,1,NA,0.096146,NA,NA,0
"locus038","locus227",0.317802,0.680044,Inf,NA,Inf,NA,0.743464,NA,NA,0
"locus038","locus231",0.785392,0.484778,NA,NA,1,NA,0.486324,NA,NA,0
"locus038","locus235",0.458442,0.53598,NA,NA,1,NA,0.972978,NA,NA,0
"locus038","locus236",0.641712,1,NA,NA,1,NA,0.475868,NA,NA,0
"locus038","locus237",0.594894,0.572386,NA,NA,0.229502,NA,0.98053,NA,NA,0
"locus038","locus239",0.559456,0.535118,NA,NA,0.23007,NA,0.185426,NA,NA,0
"locus038","locus248",0.327624,1,NA,NA,0.570906,NA,0.516824,1,NA,0
"locus038","locus255",0.883882,0.400014,NA,NA,0.571966,NA,NA,NA,NA,0
"locus038","locus256",0.413736,0.499368,NA,1,1,NA,0.352112,NA,NA,0
"locus038","locus263",0.551126,0.35742,NA,Inf,1,NA,0.800034,NA,NA,0
"locus038","locus264",0.220518,0.744318,NA,NA,0.227334,Inf,0.697982,NA,NA,0
"locus038","locus274",0.317268,0.403094,NA,NA,0.485942,NA,0.24604,NA,NA,0
"locus038","locus280",0.957136,1,NA,NA,0.483514,NA,0.919426,1,NA,0
"locus038","locus282",0.156168,0.05768,NA,NA,0.228478,NA,0.32699,NA,NA,0
"locus038","locus286",0.329788,0.500238,NA,NA,1,NA,0.582336,NA,NA,0
"locus038","locus291",0.09095,0.251468,NA,NA,0.5712,NA,0.730498,NA,NA,0
"locus038","locus292",0.51626,1,1,NA,1,NA,0.270432,NA,NA,0
"locus038","locus296",0.478558,1,NA,NA,0.571674,NA,0.10924,NA,NA,0
"locus038","locus301",0.54803,1,NA,NA,0.488074,NA,0.461378,NA,NA,0
"locus038","locus314",0.738052,0.428202,Inf,NA,1,NA,1,NA,NA,0
"locus038","locus321",0.470314,1,NA,0.331462,0.48563,NA,0.381706,1,NA,0
"locus038","locus322",0.24089,0.678372,NA,NA,1,NA,0.558486,NA,NA,0
"locus038","locus323",0.282204,0.67706,NA,NA,1,Inf,0.827108,NA,NA,0
"locus038","locus329",0.71739,1,NA,NA,0.485264,NA,0.904142,NA,NA,0
"locus038","locus332",0.742074,1,NA,NA,1,NA,0.937828,NA,NA,0
"locus038","locus349",0.4515,1,NA,NA,1,NA,0.629034,NA,NA,0
"locus038","locus358",0.10487,1,NA,0.164826,1,NA,1,NA,NA,0
"locus038","locus359",0.86564,0.105462,NA,NA,1,NA,0.31789,NA,NA,0
"locus038","locus360",0.05548,1,NA,NA,1,NA,0.344892,NA,NA,0
"locus039","locus040",0.061978,1,NA,NA,1,NA,0.846058,NA,Inf,0
"locus039","locus041",0.007,1,NA,0.201062,1,NA,0.497584,NA,1,1
"locus039","locus045",0.299026,0.67817,NA,NA,0.524024,NA,0.440118,NA,0.039698,1
"locus039","locus047",0.927394,0.82812,NA,NA,1,NA,0.344102,0.314296,0.640394,0
"locus039","locus048",1,Inf,NA,NA,1,NA,0.561202,1,0.614538,0
"locus039","locus053",0.307952,1,NA,NA,1,NA,0.807164,NA,0.127688,0
"locus039","locus055",0.70973,1,NA,NA,0.42806,NA,0.08552,NA,1,0
"locus039","locus056",0.53671,0.214962,NA,NA,1,Inf,0.465086,NA,0.551432,0
"locus039","locus058",0.739262,0.677808,NA,NA,0.237214,NA,0.173186,NA,1,0
"locus039","locus060",0.785826,0.253074,NA,NA,0.618654,NA,1,NA,0.488408,0
"locus039","locus061",0.65338,1,NA,NA,1,1,0.508052,NA,1,0
"locus039","locus062",0.32918,1,NA,1,0.572462,NA,0.345086,0.658664,1,0
"locus039","locus064",0.80345,1,NA,NA,0.522824,NA,0.519746,NA,1,0
"locus039","locus065",1,1,NA,NA,1,NA,0.702086,NA,1,0
"locus039","locus073",1,0.486266,NA,NA,0.571516,NA,0.425022,NA,1,0
"locus039","locus074",0.228068,0.742458,NA,NA,0.621872,NA,0.135922,NA,1,0
"locus039","locus076",0.013914,1,NA,NA,1,Inf,0.743598,NA,0.201008,1
"locus039","locus077",0.578862,0.571444,NA,NA,1,NA,0.31578,NA,1,0
"locus039","locus080",0.860898,1,NA,0.333406,0.145562,NA,0.632832,NA,1,0
"locus039","locus083",0.628068,0.358398,NA,NA,1,NA,0.17241,NA,0.460752,0
"locus039","locus088",0.55147,1,NA,NA,1,NA,0.297646,NA,1,0
"locus039","locus093",1,Inf,Inf,NA,Inf,NA,1,NA,1,0
"locus039","locus096",0.58528,0.570598,NA,NA,1,NA,1,NA,1,0
"locus039","locus098",0.438594,0.679196,NA,NA,1,NA,0.421756,NA,1,0
"locus039","locus100",0.898112,0.14308,NA,NA,0.428792,NA,0.101708,NA,0.551296,0
"locus039","locus106",0.431726,Inf,Inf,NA,1,NA,0.781698,NA,1,0
"locus039","locus110",0.426522,1,NA,NA,NA,NA,1,NA,NA,0
"locus039","locus116",0.823552,0.48404,NA,NA,0.618404,NA,0.890332,NA,NA,0
"locus039","locus119",0.90846,1,NA,NA,0.524594,NA,0.807828,NA,NA,0
"locus039","locus120",0.558692,1,NA,NA,1,NA,0.698274,0.1429,NA,0
"locus039","locus126",0.14666,1,NA,NA,0.428998,NA,1,NA,NA,0
"locus039","locus128",0.87493,0.678234,NA,NA,1,NA,0.202602,NA,NA,0
"locus039","locus129",0.34661,1,NA,NA,1,NA,0.983782,NA,NA,0
"locus039","locus130",0.16375,1,NA,NA,0.066402,NA,0.47173,NA,NA,0
"locus039","locus134",0.52875,0.249958,NA,NA,0.331678,Inf,0.166692,NA,NA,0
"locus039","locus135",0.310238,0.614102,NA,NA,0.570154,NA,0.903182,NA,NA,0
"locus039","locus137",0.528168,0.743962,NA,NA,0.522468,NA,0.513646,NA,NA,0
"locus039","locus139",1,0.501712,Inf,NA,1,NA,0.301102,0.029462,NA,1
"locus039","locus140",1,0.499888,Inf,NA,1,NA,0.301688,NA,NA,0
"locus039","locus146",0.320084,1,NA,0.40035,1,NA,0.545466,NA,NA,0
"locus039","locus148",1,1,NA,NA,0.57233,1,0.005724,NA,NA,1
"locus039","locus151",0.576086,1,NA,0.199324,1,NA,0.689436,NA,NA,0
"locus039","locus157",1,0.35393,NA,NA,1,NA,1,NA,NA,0
"locus039","locus161",0.750622,0.676094,NA,NA,1,1,0.000652,0.14329,NA,1
"locus039","locus165",0.77656,1,NA,NA,0.333468,NA,0.584358,NA,NA,0
"locus039","locus170",1,1,NA,0.1982,1,NA,0.029632,NA,NA,1
"locus039","locus176",0.335796,0.290526,NA,NA,0.618452,NA,0.029348,NA,NA,1
"locus039","locus184",0.057532,1,NA,NA,0.523698,0.333518,0.567574,NA,NA,0
"locus039","locus186",0.051252,0.571478,NA,NA,1,NA,0.37336,NA,NA,0
"locus039","locus188",0.938788,0.745726,NA,0.333926,1,NA,0.446264,NA,NA,0
"locus039","locus189",0.149922,1,Inf,0.499504,0.331566,NA,0.264566,NA,NA,0
"locus039","locus190",0.654394,1,Inf,NA,1,NA,0.075188,NA,NA,0
"locus039","locus191",0.095012,0.48545,NA,NA,1,NA,0.395718,NA,NA,0
"locus039","locus192",0.211078,1,NA,NA,0.525966,1,0.485796,NA,NA,0
"locus039","locus195",0.273282,1,NA,NA,1,NA,1,NA,NA,0
"locus039","locus202",0.021206,0.0357,NA,NA,0.620786,NA,1,NA,NA,2
"locus039","locus210",0.705118,0.372148,NA,NA,0.57241,NA,0.78016,1,NA,0
"locus039","locus215",1,0.67865,NA,NA,0.572176,NA,0.875552,NA,NA,0
"locus039","locus227",0.749218,0.677226,Inf,NA,Inf,NA,0.628556,NA,NA,0
"locus039","locus231",0.717696,1,NA,NA,1,NA,0.755026,NA,NA,0
"locus039","locus235",0.326878,1,NA,NA,1,NA,0.399262,NA,NA,0
"locus039","locus236",0.111326,1,NA,NA,0.429664,NA,0.446218,NA,NA,0
"locus039","locus237",0.349006,0.216212,NA,NA,0.619458,NA,0.520392,NA,NA,0
"locus039","locus239",0.835796,0.53359,NA,NA,1,NA,0.182718,NA,NA,0
"locus039","locus248",1,1,NA,NA,0.523298,NA,0.564072,1,NA,0
"locus039","locus255",0.218326,0.271152,NA,NA,1,NA,NA,NA,NA,0
"locus039","locus256",0.842914,1,NA,1,1,NA,0.677024,NA,NA,0
"locus039","locus263",0.355574,0.213378,NA,Inf,0.2863,NA,1,NA,NA,0
"locus039","locus264",0.915974,1,NA,NA,1,0.331664,0.666572,NA,NA,0
"locus039","locus274",0.348168,1,NA,NA,1,1,1,NA,NA,0
"locus039","locus280",0.318532,0.402592,NA,NA,1,NA,0.200916,0.486792,NA,0
"locus039","locus282",1,0.272178,NA,NA,0.619534,NA,0.560238,NA,NA,0
"locus039","locus286",0.661694,1,NA,NA,1,1,0.254394,NA,NA,0
"locus039","locus291",0.161696,0.677866,NA,NA,0.524392,NA,0.130112,NA,NA,0
"locus039","locus292",0.434984,0.270528,Inf,NA,0.570454,1,0.462836,NA,NA,0
"locus039","locus296",0.072992,0.107852,NA,NA,0.524718,NA,0.77373,NA,NA,0
"locus039","locus301",0.159192,0.787266,NA,NA,1,NA,0.770998,NA,NA,0
"locus039","locus314",0.356138,0.483686,Inf,NA,1,NA,0.355522,NA,NA,0
"locus039","locus321",0.483928,0.82838,NA,0.39835,1,NA,0.150824,0.429016,NA,0
"locus039","locus322",0.044224,0.250412,NA,NA,0.620176,NA,0.15097,NA,NA,1
"locus039","locus323",0.308452,1,NA,NA,1,NA,0.435792,NA,NA,0
"locus039","locus329",0.299836,0.568604,NA,NA,1,NA,0.599406,NA,NA,0
"locus039","locus332",0.216182,0.40086,NA,NA,0.427856,NA,0.188476,NA,NA,0
"locus039","locus349",0.89509,0.67863,NA,NA,0.143966,NA,0.082512,NA,NA,0
"locus039","locus358",0.788444,0.140042,NA,0.200846,0.144418,NA,0.851088,NA,NA,0
"locus039","locus359",0.36829,1,NA,NA,0.28499,NA,0.284078,NA,NA,0
"locus039","locus360",0.229202,0.64231,NA,NA,0.332412,NA,0.231858,NA,NA,0
"locus040","locus041",0.532348,1,NA,Inf,1,NA,0.458268,NA,Inf,0
"locus040","locus045",0.234964,1,NA,NA,0.522504,NA,0.52005,NA,Inf,0
"locus040","locus047",0.411102,1,NA,NA,1,NA,0.302926,1,Inf,0
"locus040","locus048",1,Inf,NA,NA,1,NA,1,0.285882,Inf,0
"locus040","locus053",0.084442,0.124378,NA,NA,0.809996,NA,0.562318,NA,Inf,0
"locus040","locus055",0.420088,0.250254,NA,NA,1,NA,0.207528,NA,Inf,0
"locus040","locus056",0.016222,1,NA,NA,1,NA,0.721458,NA,Inf,1
"locus040","locus058",0.794408,1,NA,NA,1,NA,0.73582,NA,Inf,0
"locus040","locus060",0.670668,1,NA,NA,1,NA,1,NA,Inf,0
"locus040","locus061",0.22155,1,NA,NA,1,Inf,0.22696,NA,Inf,0
"locus040","locus062",0.733446,0.124528,NA,Inf,0.573346,NA,0.507318,0.42428,Inf,0
"locus040","locus064",0.571674,1,NA,NA,0.524658,NA,0.06322,NA,Inf,0
"locus040","locus065",0.653592,0.25025,NA,NA,1,NA,0.330422,NA,Inf,0
"locus040","locus073",0.233972,1,NA,NA,0.571862,NA,0.212186,NA,Inf,0
"locus040","locus074",1,1,NA,NA,1,NA,1,NA,Inf,0
"locus040","locus076",0.951562,1,NA,NA,1,Inf,0.09763,NA,Inf,0
"locus040","locus077",1,0.248526,NA,NA,1,NA,0.114412,NA,Inf,0
"locus040","locus080",0.821786,0.49792,NA,Inf,0.331836,NA,0.327096,NA,Inf,0
"locus040","locus083",0.905168,0.25111,NA,NA,0.334352,NA,0.662078,NA,Inf,0
"locus040","locus088",0.351506,0.49889,NA,NA,0.428054,NA,0.463452,NA,Inf,0
"locus040","locus093",1,Inf,Inf,NA,Inf,NA,1,NA,Inf,0
"locus040","locus096",0.415528,1,NA,NA,1,NA,0.872778,NA,Inf,0
"locus040","locus098",0.095378,0.375478,NA,NA,1,NA,0.385938,NA,Inf,0
"locus040","locus100",0.339392,1,NA,NA,1,NA,0.729628,NA,Inf,0
"locus040","locus106",0.726094,Inf,1,NA,1,NA,0.144116,NA,Inf,0
"locus040","locus110",1,Inf,NA,NA,NA,NA,0.133914,NA,NA,0
"locus040","locus116",0.693756,1,NA,NA,1,NA,0.270958,NA,NA,0
"locus040","locus119",0.083548,0.503274,NA,NA,0.525488,NA,0.500154,NA,NA,0
"locus040","locus120",0.564426,1,NA,NA,1,NA,0.147296,0.427834,NA,0
"locus040","locus126",0.633652,Inf,NA,NA,0.427806,NA,1,NA,NA,0
"locus040","locus128",1,1,NA,NA,0.335314,NA,0.083034,NA,NA,0
"locus040","locus129",0.577328,0.50003,NA,NA,0.522726,NA,0.092632,NA,NA,0
"locus040","locus130",0.217568,1,NA,NA,0.332384,NA,0.038864,NA,NA,1
"locus040","locus134",0.92003,0.375696,NA,NA,0.143224,Inf,0.04109,NA,NA,1
"locus040","locus135",0.344694,1,NA,NA,0.572306,NA,0.436664,NA,NA,0
"locus040","locus137",0.816824,1,NA,NA,0.524654,NA,0.12193,NA,NA,0
"locus040","locus139",0.718028,1,Inf,NA,1,NA,1,1,NA,0
"locus040","locus140",0.71774,1,Inf,NA,1,NA,1,NA,NA,0
"locus040","locus146",0.371736,1,NA,Inf,1,NA,0.933746,NA,NA,0
"locus040","locus148",0.321186,0.24872,NA,NA,1,Inf,0.448702,NA,NA,0
"locus040","locus151",0.949202,1,NA,Inf,1,NA,0.959516,NA,NA,0
"locus040","locus157",0.799146,1,NA,NA,1,NA,0.654972,NA,NA,0
"locus040","locus161",1,1,NA,NA,0.28549,Inf,0.25694,1,NA,0
"locus040","locus165",0.467208,1,NA,NA,1,NA,0.716756,NA,NA,0
"locus040","locus170",0.13198,1,NA,Inf,1,NA,0.576632,NA,NA,0
"locus040","locus176",0.351232,1,NA,NA,1,NA,0.242072,NA,NA,0
"locus040","locus184",0.036672,1,NA,NA,0.524524,Inf,0.070414,NA,NA,1
"locus040","locus186",0.029716,0.249102,NA,NA,1,NA,0.030468,NA,NA,2
"locus040","locus188",0.744892,1,NA,Inf,1,NA,0.751886,NA,NA,0
"locus040","locus189",0.577374,1,Inf,Inf,0.14307,NA,0.95523,NA,NA,0
"locus040","locus190",0.48452,1,Inf,NA,1,NA,0.201384,NA,NA,0
"locus040","locus191",0.571878,0.50135,NA,NA,1,NA,0.86523,NA,NA,0
"locus040","locus192",0.102994,1,NA,NA,0.524074,Inf,0.707962,NA,NA,0
"locus040","locus195",0.423942,1,NA,NA,0.237702,NA,0.300626,NA,NA,0
"locus040","locus202",0.67647,1,NA,NA,0.617952,NA,0.042688,NA,NA,1
"locus040","locus210",0.336928,0.499546,NA,NA,1,NA,0.719104,Inf,NA,0
"locus040","locus215",0.113748,1,NA,NA,1,NA,0.861784,NA,NA,0
"locus040","locus227",0.186006,1,Inf,NA,Inf,NA,0.63859,NA,NA,0
"locus040","locus231",0.037254,1,NA,NA,1,NA,0.061866,NA,NA,1
"locus040","locus235",0.414862,0.37532,NA,NA,1,NA,0.071678,NA,NA,0
"locus040","locus236",0.383916,0.12555,NA,NA,1,NA,0.71064,NA,NA,0
"locus040","locus237",0.277316,1,NA,NA,0.619816,NA,0.563072,NA,NA,0
"locus040","locus239",1,0.3756,NA,NA,1,NA,0.289952,NA,NA,0
"locus040","locus248",1,1,NA,NA,0.522886,NA,0.016328,1,NA,1
"locus040","locus255",0.038566,1,NA,NA,1,NA,NA,NA,NA,1
"locus040","locus256",0.051856,1,NA,Inf,1,NA,1,NA,NA,0
"locus040","locus263",1,1,NA,Inf,1,NA,0.690584,NA,NA,0
"locus040","locus264",0.276016,0.24919,NA,NA,1,Inf,0.620522,NA,NA,0
"locus040","locus274",0.630922,0.499416,NA,NA,1,Inf,0.901394,NA,NA,0
"locus040","locus280",0.25512,1,NA,NA,1,NA,0.350806,1,NA,0
"locus040","locus282",0.62098,0.499048,NA,NA,0.620848,NA,0.95412,NA,NA,0
"locus040","locus286",0.005852,1,NA,NA,0.284808,Inf,0.389986,NA,NA,1
"locus040","locus291",0.000812,0.375958,NA,NA,0.52363,NA,0.959026,NA,NA,1
"locus040","locus292",0.602146,1,1,NA,1,Inf,0.195514,NA,NA,0
"locus040","locus296",0.329682,1,NA,NA,0.523796,NA,0.300714,NA,NA,0
"locus040","locus301",0.08772,1,NA,NA,1,NA,0.153136,NA,NA,0
"locus040","locus314",0.46753,0.572686,Inf,NA,1,NA,0.03657,NA,NA,1
"locus040","locus321",0.9394,0.498064,NA,Inf,0.094712,NA,0.900526,1,NA,0
"locus040","locus322",0.202132,1,NA,NA,0.619262,NA,0.533234,NA,NA,0
"locus040","locus323",0.609738,1,NA,NA,0.142712,NA,0.354124,NA,NA,0
"locus040","locus329",0.63403,0.250796,NA,NA,0.573776,NA,0.517308,NA,NA,0
"locus040","locus332",0.856172,1,NA,NA,1,NA,0.148022,NA,NA,0
"locus040","locus349",0.608794,1,NA,NA,1,NA,0.918074,NA,NA,0
"locus040","locus358",0.192604,1,NA,Inf,1,NA,0.67908,NA,NA,0
"locus040","locus359",0.574228,1,NA,NA,0.284998,NA,0.535062,NA,NA,0
"locus040","locus360",0.306354,0.373036,NA,NA,1,NA,0.28646,NA,NA,0
"locus041","locus045",0.675584,0.680626,NA,NA,0.522818,NA,0.190914,NA,0.24116,0
"locus041","locus047",0.279172,0.372052,NA,NA,1,NA,0.288446,0.598646,1,0
"locus041","locus048",0.875502,Inf,NA,NA,0.525642,NA,1,0.467032,0.240984,0
"locus041","locus053",0.808826,0.270798,NA,NA,0.811824,NA,0.200948,NA,0.472878,0
"locus041","locus055",0.419772,1,NA,NA,1,NA,0.571088,NA,0.33819,0
"locus041","locus056",0.931792,1,NA,NA,0.2849,NA,0.220456,NA,0.466698,0
"locus041","locus058",0.97302,0.682014,NA,NA,1,NA,0.814292,NA,1,0
"locus041","locus060",0.80952,0.679616,NA,NA,0.714022,NA,0.210772,NA,0.466836,0
"locus041","locus061",0.568312,0.21477,NA,NA,0.283772,NA,0.376574,NA,0.300644,0
"locus041","locus062",0.302858,1,NA,1,1,NA,0.63906,0.59972,0.274696,0
"locus041","locus064",0.227688,0.213542,NA,NA,0.523658,NA,0.273322,NA,0.6873,0
"locus041","locus065",0.378384,1,NA,NA,1,NA,0.137172,NA,0.686742,0
"locus041","locus073",0.888388,0.142266,NA,NA,0.574064,NA,0.52749,NA,0.615152,0
"locus041","locus074",0.326006,0.165582,NA,NA,0.337656,NA,0.56386,NA,0.165828,0
"locus041","locus076",0.196384,0.676222,NA,NA,0.287154,NA,0.854514,NA,1,0
"locus041","locus077",0.16063,0.356948,NA,NA,1,NA,1,NA,1,0
"locus041","locus080",0.475284,1,NA,0.332986,0.712734,NA,0.832722,NA,0.723504,0
"locus041","locus083",0.64539,1,NA,NA,1,NA,0.760678,NA,1,0
"locus041","locus088",0.76775,0.272048,NA,NA,1,NA,0.821464,NA,0.446084,0
"locus041","locus093",1,Inf,Inf,NA,Inf,NA,1,NA,0.334076,0
"locus041","locus096",0.254298,0.35825,NA,NA,0.520218,NA,0.65463,NA,1,0
"locus041","locus098",0.190202,1,NA,NA,1,NA,0.032842,NA,1,1
"locus041","locus100",0.828392,1,NA,NA,1,NA,0.848796,NA,0.444748,0
"locus041","locus106",0.026908,Inf,Inf,NA,0.523644,NA,0.5679,NA,0.099744,1
"locus041","locus110",0.093344,1,NA,NA,NA,NA,0.687596,NA,NA,0
"locus041","locus116",0.984226,0.482456,NA,NA,0.143092,NA,0.34396,NA,NA,0
"locus041","locus119",0.671702,0.399452,NA,NA,0.047488,NA,0.324918,NA,NA,1
"locus041","locus120",0.78115,0.126902,NA,NA,1,NA,0.871144,1,NA,0
"locus041","locus126",0.328166,1,NA,NA,1,NA,0.626436,NA,NA,0
"locus041","locus128",0.468268,0.142988,NA,NA,1,NA,0.085942,NA,NA,0
"locus041","locus129",0.150876,0.401762,NA,NA,1,NA,0.98363,NA,NA,0
"locus041","locus130",0.81595,0.679798,Inf,NA,1,NA,0.800352,NA,NA,0
"locus041","locus134",0.458412,1,NA,NA,1,NA,0.39996,NA,NA,0
"locus041","locus135",0.4571,0.614228,NA,NA,1,NA,0.190594,NA,NA,0
"locus041","locus137",1,0.741394,NA,NA,0.524498,NA,0.122508,NA,NA,0
"locus041","locus139",0.658818,1,Inf,NA,0.14293,NA,0.454816,0.600028,NA,0
"locus041","locus140",0.661008,1,Inf,NA,0.142314,NA,0.458304,NA,NA,0
"locus041","locus146",0.886116,0.358496,NA,0.399896,0.522324,NA,0.044228,NA,NA,1
"locus041","locus148",0.341378,1,NA,NA,0.285424,NA,0.522034,NA,NA,0
"locus041","locus151",0.89926,1,NA,0.19792,0.334296,NA,1,NA,NA,0
"locus041","locus157",0.902174,1,NA,NA,1,NA,0.0825,NA,NA,0
"locus041","locus161",0.407136,0.071444,NA,NA,1,NA,0.715112,1,NA,0
"locus041","locus165",0.019762,0.48389,NA,NA,1,NA,1,NA,NA,1
"locus041","locus170",0.321272,0.400428,NA,0.200442,0.142992,NA,0.853368,NA,NA,0
"locus041","locus176",0.211852,1,Inf,NA,0.334718,NA,0.641194,NA,NA,0
"locus041","locus184",0.10834,0.143938,NA,NA,0.525362,NA,0.874962,NA,NA,0
"locus041","locus186",0.309834,1,NA,NA,1,NA,0.470028,NA,NA,0
"locus041","locus188",0.194286,0.355176,Inf,0.332448,1,NA,0.919728,NA,NA,0
"locus041","locus189",0.546184,0.16572,Inf,0.501348,1,NA,0.773332,NA,NA,0
"locus041","locus190",0.050984,0.484492,Inf,NA,1,NA,0.194388,NA,NA,0
"locus041","locus191",0.437656,1,NA,NA,1,NA,0.826118,NA,NA,0
"locus041","locus192",0.309254,0.54002,NA,NA,0.522388,NA,0.691174,NA,NA,0
"locus041","locus195",0.206324,0.250852,NA,NA,1,NA,0.299672,NA,NA,0
"locus041","locus202",0.004432,1,NA,NA,0.714286,NA,0.377896,NA,NA,1
"locus041","locus210",0.562492,0.828602,NA,NA,1,NA,0.44235,1,NA,0
"locus041","locus215",0.188658,0.142618,NA,NA,0.56773,NA,0.774604,NA,NA,0
"locus041","locus227",0.38135,0.248586,Inf,NA,Inf,NA,0.271592,NA,NA,0
"locus041","locus231",0.92136,1,NA,NA,1,NA,0.459044,NA,NA,0
"locus041","locus235",0.280008,0.53195,NA,NA,1,NA,0.567422,NA,NA,0
"locus041","locus236",0.191408,1,NA,NA,0.141598,NA,0.317176,NA,NA,0
"locus041","locus237",0.425788,1,NA,NA,0.14413,NA,0.67506,NA,NA,0
"locus041","locus239",0.640756,0.786146,NA,NA,1,NA,0.874906,NA,NA,0
"locus041","locus248",0.27966,0.5715,NA,NA,0.524458,NA,0.871466,1,NA,0
"locus041","locus255",0.658446,0.273844,NA,NA,1,NA,NA,NA,NA,0
"locus041","locus256",0.370636,1,NA,1,1,NA,0.247076,NA,NA,0
"locus041","locus263",0.211352,0.57095,NA,Inf,1,NA,0.416822,NA,NA,0
"locus041","locus264",0.153502,0.743388,NA,NA,1,NA,0.85001,NA,NA,0
"locus041","locus274",0.371584,0.271128,NA,NA,1,NA,0.067062,NA,NA,0
"locus041","locus280",0.97097,0.270104,NA,NA,1,NA,0.185874,1,NA,0
"locus041","locus282",0.918616,1,NA,NA,0.142006,NA,0.342148,NA,NA,0
"locus041","locus286",0.398618,1,NA,NA,1,NA,0.681336,NA,NA,0
"locus041","locus291",0.589926,1,NA,NA,0.047964,NA,0.022412,NA,NA,2
"locus041","locus292",0.688602,1,1,NA,0.571714,NA,0.840162,NA,NA,0
"locus041","locus296",0.971418,1,NA,NA,0.524704,NA,0.344722,NA,NA,0
"locus041","locus301",0.58949,0.538278,NA,NA,0.09826,NA,0.60024,NA,NA,0
"locus041","locus314",0.239182,0.65668,Inf,NA,1,NA,0.085676,NA,NA,0
"locus041","locus321",0.07449,0.199954,NA,0.398442,1,NA,0.27254,0.60281,NA,0
"locus041","locus322",0.68215,0.678478,NA,NA,0.717012,NA,0.49402,NA,NA,0
"locus041","locus323",0.641702,0.679036,NA,NA,1,NA,0.111582,NA,NA,0
"locus041","locus329",0.130892,0.355226,NA,NA,1,NA,0.597392,NA,NA,0
"locus041","locus332",0.13223,0.484516,NA,NA,1,NA,1,NA,NA,0
"locus041","locus349",0.63196,0.677066,NA,NA,1,NA,0.159374,NA,NA,0
"locus041","locus358",0.816034,0.484624,NA,0.200816,1,NA,0.442582,NA,NA,0
"locus041","locus359",0.681946,1,NA,NA,1,NA,0.022196,NA,NA,1
"locus041","locus360",0.455028,0.538864,Inf,NA,1,NA,0.183308,NA,NA,0
"locus045","locus047",0.170518,0.286014,NA,NA,1,NA,0.186558,Inf,0.48341,0
"locus045","locus048",1,Inf,NA,NA,0.52324,NA,0.595838,Inf,0.685254,0
"locus045","locus053",0.345182,1,NA,NA,1,NA,0.149424,NA,0.02006,1
"locus045","locus055",0.577846,1,1,NA,1,NA,0.197148,NA,0.228828,0
"locus045","locus056",0.079308,0.107002,NA,NA,0.28575,NA,0.086312,NA,0.591542,0
"locus045","locus058",0.300852,0.464508,NA,NA,0.428904,NA,0.805482,NA,0.111614,0
"locus045","locus060",0.149082,0.464176,NA,NA,0.141856,NA,1,NA,0.48997,0
"locus045","locus061",1,0.464674,NA,NA,0.28526,1,0.660716,NA,0.419692,0
"locus045","locus062",0.311168,1,NA,1,1,NA,0.44068,Inf,0.487604,0
"locus045","locus064",0.664074,0.464724,NA,NA,1,NA,0.94192,NA,1,0
"locus045","locus065",0.362662,0.464764,NA,NA,1,NA,1,NA,1,0
"locus045","locus073",0.313912,1,NA,NA,0.569768,NA,0.69774,NA,1,0
"locus045","locus074",0.195848,0.144894,NA,NA,0.617776,NA,0.284306,NA,1,0
"locus045","locus076",0.923366,1,NA,NA,0.430568,Inf,0.185624,NA,0.645264,0
"locus045","locus077",0.671022,0.464308,NA,NA,1,NA,1,NA,0.038002,1
"locus045","locus080",0.728142,1,Inf,1,0.617682,NA,0.767978,NA,0.265754,0
"locus045","locus083",0.891928,1,NA,NA,1,NA,0.105932,NA,1,0
"locus045","locus088",0.928,1,NA,NA,1,NA,0.112422,NA,0.754826,0
"locus045","locus093",0.639016,Inf,Inf,NA,Inf,NA,1,NA,0.28534,0
"locus045","locus096",0.909438,0.46332,NA,NA,0.524974,NA,0.789738,NA,0.077196,0
"locus045","locus098",0.856162,0.464766,NA,NA,1,NA,0.630554,NA,0.556022,0
"locus045","locus100",0.281406,1,NA,NA,1,NA,0.915742,NA,0.591626,0
"locus045","locus106",0.614026,Inf,NA,NA,1,NA,0.425216,NA,1,0
"locus045","locus110",0.140806,1,NA,NA,NA,NA,0.028934,NA,NA,1
"locus045","locus116",0.4993,1,NA,NA,0.334188,NA,0.36377,NA,NA,0
"locus045","locus119",0.530126,1,NA,NA,1,NA,0.064778,NA,NA,0
"locus045","locus120",0.182594,1,NA,NA,0.284614,NA,0.589934,Inf,NA,0
"locus045","locus126",0.631522,0.485574,NA,NA,1,NA,0.609996,NA,NA,0
"locus045","locus128",0.908884,1,NA,NA,1,NA,0.33795,NA,NA,0
"locus045","locus129",0.76788,0.67884,NA,NA,0.523316,NA,0.477182,NA,NA,0
"locus045","locus130",0.716098,0.464414,NA,NA,0.466522,NA,0.217162,NA,NA,0
"locus045","locus134",0.567438,1,NA,NA,0.61746,Inf,0.454236,NA,NA,0
"locus045","locus135",0.66674,1,NA,NA,1,NA,0.108032,NA,NA,0
"locus045","locus137",0.885734,0.14285,NA,NA,1,NA,0.59004,NA,NA,0
"locus045","locus139",0.02309,1,Inf,NA,1,NA,1,Inf,NA,1
"locus045","locus140",0.023684,1,Inf,NA,1,NA,1,NA,NA,1
"locus045","locus146",0.097558,0.464062,NA,1,1,NA,0.530192,NA,NA,0
"locus045","locus148",0.43436,0.642826,NA,NA,1,1,0.701114,NA,NA,0
"locus045","locus151",0.217164,1,NA,0.59562,0.334184,NA,0.701214,NA,NA,0
"locus045","locus157",0.08075,0.642168,NA,NA,1,NA,0.296134,NA,NA,0
"locus045","locus161",0.690024,1,NA,NA,1,1,0.227572,Inf,NA,0
"locus045","locus165",0.943572,0.679528,Inf,NA,1,NA,0.484946,NA,NA,0
"locus045","locus170",0.300118,0.679156,NA,0.59761,1,NA,0.06504,NA,NA,0
"locus045","locus176",0.775258,1,NA,NA,0.332398,NA,0.618066,NA,NA,0
"locus045","locus184",0.742096,1,NA,NA,0.524446,1,0.94088,NA,NA,0
"locus045","locus186",0.518922,1,NA,NA,0.428862,NA,0.79084,NA,NA,0
"locus045","locus188",0.3446,0.0352,NA,1,0.426546,NA,0.663002,NA,NA,1
"locus045","locus189",0.43642,0.678996,Inf,1,1,NA,0.573418,NA,NA,0
"locus045","locus190",0.253408,0.142894,Inf,NA,1,NA,1,NA,NA,0
"locus045","locus191",0.400812,1,NA,NA,0.33347,NA,0.680368,NA,NA,0
"locus045","locus192",0.572104,1,NA,NA,1,0.333582,0.381906,NA,NA,0
"locus045","locus195",0.250092,1,NA,NA,0.428568,NA,0.111956,NA,NA,0
"locus045","locus202",0.64374,1,NA,NA,1,NA,0.958612,NA,NA,0
"locus045","locus210",0.468624,0.28616,NA,NA,0.571392,NA,0.641732,Inf,NA,0
"locus045","locus215",0.837174,1,NA,NA,1,NA,1,NA,NA,0
"locus045","locus227",0.11241,1,Inf,NA,Inf,NA,1,NA,NA,0
"locus045","locus231",0.46773,1,NA,NA,0.42905,NA,0.800962,NA,NA,0
"locus045","locus235",0.410212,0.464604,NA,NA,1,NA,0.363392,NA,NA,0
"locus045","locus236",0.253332,1,NA,NA,1,NA,0.322976,NA,NA,0
"locus045","locus237",0.70135,1,NA,NA,1,NA,0.851524,NA,NA,0
"locus045","locus239",0.489928,0.463256,NA,NA,1,NA,0.390836,NA,NA,0
"locus045","locus248",0.810588,1,NA,NA,1,NA,0.416832,Inf,NA,0
"locus045","locus255",0.341036,0.679274,NA,NA,1,NA,NA,NA,NA,0
"locus045","locus256",0.739746,1,NA,1,0.428382,NA,0.314426,NA,NA,0
"locus045","locus263",0.760136,1,NA,Inf,1,NA,1,NA,NA,0
"locus045","locus264",0.192212,0.356496,NA,NA,1,1,0.49647,NA,NA,0
"locus045","locus274",0.360834,0.677668,NA,NA,1,1,0.738414,NA,NA,0
"locus045","locus280",0.960572,0.071398,NA,NA,0.431422,NA,0.760092,Inf,NA,0
"locus045","locus282",0.525078,0.6757,NA,NA,1,NA,0.776936,NA,NA,0
"locus045","locus286",0.032324,1,NA,NA,1,1,0.757302,NA,NA,1
"locus045","locus291",0.750238,0.197206,NA,NA,1,NA,0.786066,NA,NA,0
"locus045","locus292",0.895184,0.071628,1,NA,0.56838,1,1,NA,NA,0
"locus045","locus296",0.687612,0.107654,NA,NA,1,NA,0.045328,NA,NA,1
"locus045","locus301",0.359274,0.642744,NA,NA,0.426872,NA,0.322808,NA,NA,0
"locus045","locus314",1,0.65624,Inf,NA,0.523802,NA,0.461934,NA,NA,0
"locus045","locus321",0.794036,0.715048,NA,1,1,NA,0.840658,Inf,NA,0
"locus045","locus322",0.075834,0.46319,NA,NA,0.047382,NA,0.71719,NA,NA,1
"locus045","locus323",0.704638,0.194878,NA,NA,0.42942,NA,0.24401,NA,NA,0
"locus045","locus329",0.971888,0.464046,NA,NA,0.571242,NA,0.033374,NA,NA,1
"locus045","locus332",0.789068,0.071878,NA,NA,1,NA,0.194478,NA,NA,0
"locus045","locus349",0.78281,1,Inf,NA,1,NA,0.646408,NA,NA,0
"locus045","locus358",0.23199,1,NA,1,1,NA,0.245328,NA,NA,0
"locus045","locus359",0.477712,1,NA,NA,1,NA,1,NA,NA,0
"locus045","locus360",0.36607,0.465026,NA,NA,0.61821,NA,0.207298,NA,NA,0
"locus047","locus048",0.905816,Inf,NA,NA,0.428552,NA,1,1,0.803438,0
"locus047","locus053",0.610806,0.827932,NA,NA,0.410106,NA,0.462082,NA,0.720138,0
"locus047","locus055",0.022778,1,1,NA,0.657214,NA,0.360616,NA,0.86193,1
"locus047","locus056",0.169766,1,NA,NA,1,NA,0.718114,NA,0.556152,0
"locus047","locus058",0.2524,0.071686,NA,NA,0.77223,NA,1,NA,0.859902,0
"locus047","locus060",0.681482,0.072114,NA,NA,0.428308,NA,0.8972,NA,0.782444,0
"locus047","locus061",0.356652,0.427868,NA,NA,1,1,0.143692,NA,1,0
"locus047","locus062",0.810494,1,NA,1,0.480904,NA,0.652348,0.433914,0.239012,0
"locus047","locus064",0.934946,0.4287,NA,NA,0.0975,NA,0.362332,NA,0.191084,0
"locus047","locus065",1,0.428272,NA,NA,0.570642,NA,0.383276,NA,1,0
"locus047","locus073",0.023272,0.655828,NA,NA,0.827918,NA,0.36119,NA,0.769294,1
"locus047","locus074",0.388808,0.570126,NA,NA,1,NA,0.814282,NA,0.769458,0
"locus047","locus076",0.137796,1,NA,NA,0.314354,NA,0.209676,NA,0.656184,0
"locus047","locus077",0.325944,0.428168,NA,NA,0.14404,NA,0.110516,NA,0.026846,1
"locus047","locus080",0.615554,0.825686,Inf,1,1,NA,0.965058,NA,0.59472,0
"locus047","locus083",0.63402,1,NA,NA,1,NA,0.844544,NA,0.592406,0
"locus047","locus088",0.500992,0.199974,NA,NA,1,NA,0.115558,NA,0.77038,0
"locus047","locus093",0.374064,Inf,Inf,NA,Inf,NA,0.193324,NA,0.424352,0
"locus047","locus096",0.38971,1,NA,NA,0.426976,NA,0.413572,NA,0.764794,0
"locus047","locus098",0.201124,0.713424,NA,NA,0.570252,NA,0.930596,NA,0.855858,0
"locus047","locus100",0.453356,1,NA,NA,1,NA,0.118754,NA,0.87629,0
"locus047","locus106",0.050946,Inf,NA,NA,1,NA,0.263646,NA,1,0
"locus047","locus110",0.226228,1,NA,NA,NA,NA,0.560752,NA,NA,0
"locus047","locus116",0.173386,1,NA,NA,1,NA,0.118386,NA,NA,0
"locus047","locus119",0.723668,0.02806,NA,NA,1,NA,0.881228,NA,NA,1
"locus047","locus120",0.263436,1,NA,NA,0.570584,NA,0.91739,0.312442,NA,0
"locus047","locus126",0.52911,0.656218,NA,NA,0.142352,NA,0.955824,NA,NA,0
"locus047","locus128",0.259054,0.28661,NA,NA,1,NA,0.685654,NA,NA,0
"locus047","locus129",0.662026,0.20195,NA,NA,1,NA,0.15705,NA,NA,0
"locus047","locus130",0.466868,0.711906,NA,NA,1,NA,0.653708,NA,NA,0
"locus047","locus134",0.795826,1,NA,NA,0.430288,Inf,0.395002,NA,NA,0
"locus047","locus135",0.270206,0.915976,NA,NA,0.487386,NA,0.343082,NA,NA,0
"locus047","locus137",0.508236,0.567302,NA,NA,0.095684,NA,0.208726,NA,NA,0
"locus047","locus139",0.504202,0.502294,Inf,NA,1,NA,0.838488,0.427698,NA,0
"locus047","locus140",0.507292,0.502104,Inf,NA,1,NA,0.838962,NA,NA,0
"locus047","locus146",0.933216,1,NA,1,1,NA,0.66311,NA,NA,0
"locus047","locus148",0.031312,1,NA,NA,0.828714,1,0.469516,NA,NA,1
"locus047","locus151",0.390026,0.02876,NA,1,0.12424,NA,0.440514,NA,NA,1
"locus047","locus157",0.844146,1,NA,NA,0.571988,NA,0.521782,NA,NA,0
"locus047","locus161",0.480426,0.713612,NA,NA,1,1,0.231522,1,NA,0
"locus047","locus165",0.907964,0.487602,Inf,NA,1,NA,0.501228,NA,NA,0
"locus047","locus170",0.523478,1,NA,1,1,NA,0.798372,NA,NA,0
"locus047","locus176",0.85704,1,NA,NA,1,NA,0.417928,NA,NA,0
"locus047","locus184",0.51782,0.199802,NA,NA,0.429422,0.33395,0.341296,NA,NA,0
"locus047","locus186",0.817738,1,NA,NA,0.143408,NA,0.349312,NA,NA,0
"locus047","locus188",0.492746,0.597526,NA,1,0.14357,NA,0.687934,NA,NA,0
"locus047","locus189",0.270138,0.256564,Inf,0.336064,1,NA,0.067672,NA,NA,0
"locus047","locus190",0.674314,0.199542,Inf,NA,0.199622,NA,0.385572,NA,NA,0
"locus047","locus191",0.171684,0.83142,NA,NA,0.03684,NA,0.017564,NA,NA,2
"locus047","locus192",0.892574,0.712298,NA,NA,0.283384,1,0.757124,NA,NA,0
"locus047","locus195",0.989016,0.714264,NA,NA,1,NA,0.008712,NA,NA,1
"locus047","locus202",0.392124,0.42453,NA,NA,0.038338,NA,0.76537,NA,NA,1
"locus047","locus210",0.651798,0.771902,NA,NA,0.829326,NA,0.978982,1,NA,0
"locus047","locus215",0.491714,0.28671,NA,NA,1,NA,0.067146,NA,NA,0
"locus047","locus227",0.127902,0.714994,Inf,NA,Inf,NA,0.133212,NA,NA,0
"locus047","locus231",0.180276,0.02904,NA,NA,0.658296,NA,0.401012,NA,NA,1
"locus047","locus235",0.716562,0.214212,NA,NA,0.570002,NA,0.253438,NA,NA,0
"locus047","locus236",1,1,NA,NA,0.65727,NA,0.34468,NA,NA,0
"locus047","locus237",0.725658,0.429104,NA,NA,1,NA,0.37464,NA,NA,0
"locus047","locus239",0.523682,0.430846,NA,NA,0.143464,NA,0.922934,NA,NA,0
"locus047","locus248",0.879882,1,NA,NA,1,NA,0.27506,0.657258,NA,0
"locus047","locus255",0.332982,0.485966,NA,NA,0.428384,NA,NA,NA,NA,0
"locus047","locus256",0.070066,0.498076,NA,1,0.770882,NA,0.801946,NA,NA,0
"locus047","locus263",0.269026,1,NA,Inf,1,NA,0.460194,NA,NA,0
"locus047","locus264",0.195462,0.255724,NA,NA,0.143636,0.333558,0.333866,NA,NA,0
"locus047","locus274",0.926514,0.829896,NA,NA,1,1,0.802682,NA,NA,0
"locus047","locus280",0.39818,0.373006,NA,NA,0.312762,NA,0.937632,0.31369,NA,0
"locus047","locus282",0.702622,0.201488,NA,NA,1,NA,0.408852,NA,NA,0
"locus047","locus286",0.069442,0.501528,NA,NA,1,1,1,NA,NA,0
"locus047","locus291",0.142778,0.713522,NA,NA,1,NA,0.201768,NA,NA,0
"locus047","locus292",0.210188,0.488334,1,NA,0.484462,1,0.891478,NA,NA,0
"locus047","locus296",0.728486,0.784122,NA,NA,0.096494,NA,0.506924,NA,NA,0
"locus047","locus301",0.790986,1,NA,NA,0.770506,NA,0.917944,NA,NA,0
"locus047","locus314",0.485412,0.313998,Inf,NA,0.094732,NA,0.46331,NA,NA,0
"locus047","locus321",0.454796,0.772702,NA,0.400622,0.769872,NA,0.65792,0.038264,NA,1
"locus047","locus322",0.558636,0.07124,NA,NA,1,NA,0.057026,NA,NA,0
"locus047","locus323",0.812316,0.715412,NA,NA,0.312736,NA,0.800592,NA,NA,0
"locus047","locus329",0.551314,0.429248,NA,NA,0.825566,NA,0.43122,NA,NA,0
"locus047","locus332",0.41469,0.37597,NA,NA,0.655988,NA,0.783498,NA,NA,0
"locus047","locus349",0.775574,0.2843,Inf,NA,1,NA,0.210326,NA,NA,0
"locus047","locus358",0.169136,0.200492,NA,1,0.65483,NA,0.615014,NA,NA,0
"locus047","locus359",0.341318,0.118118,NA,NA,0.57388,NA,0.954568,NA,NA,0
"locus047","locus360",0.625246,0.428264,NA,NA,1,NA,0.742842,NA,NA,0
"locus048","locus053",0.437138,Inf,NA,NA,0.808492,NA,1,NA,0.83108,0
"locus048","locus055",1,Inf,Inf,NA,0.42985,NA,1,NA,0.243892,0
"locus048","locus056",1,Inf,NA,NA,1,NA,1,NA,0.632722,0
"locus048","locus058",0.006456,Inf,NA,NA,0.238826,NA,0.267114,NA,0.748232,1
"locus048","locus060",1,Inf,NA,NA,0.619424,NA,1,NA,0.509392,0
"locus048","locus061",0.524124,Inf,NA,NA,1,Inf,1,NA,0.614608,0
"locus048","locus062",0.012746,Inf,NA,1,1,NA,0.660318,0.047832,0.216664,2
"locus048","locus064",0.517654,Inf,NA,NA,1,NA,1,NA,0.615294,0
"locus048","locus065",0.582264,Inf,NA,NA,1,NA,1,NA,0.615586,0
"locus048","locus073",0.78051,Inf,NA,NA,1,NA,0.809196,NA,0.210922,0
"locus048","locus074",0.559404,Inf,NA,NA,0.334846,NA,0.130728,NA,1,0
"locus048","locus076",0.348124,Inf,NA,NA,0.427644,NA,1,NA,0.732536,0
"locus048","locus077",1,Inf,NA,NA,0.143772,NA,0.665254,NA,0.528044,0
"locus048","locus080",0.121566,Inf,NA,0.332294,0.144544,NA,0.314384,NA,0.070916,0
"locus048","locus083",0.07312,Inf,NA,NA,1,NA,0.445402,NA,0.55969,0
"locus048","locus088",0.777494,Inf,NA,NA,0.428044,NA,1,NA,1,0
"locus048","locus093",1,Inf,Inf,NA,Inf,NA,0.083828,NA,1,0
"locus048","locus096",0.715416,Inf,NA,NA,0.047746,NA,1,NA,1,1
"locus048","locus098",1,Inf,NA,NA,1,NA,0.622308,NA,0.082954,0
"locus048","locus100",0.25228,Inf,NA,NA,0.427528,NA,0.008842,NA,0.632978,1
"locus048","locus106",1,Inf,NA,NA,1,NA,1,NA,1,0
"locus048","locus110",1,Inf,NA,NA,NA,NA,0.178416,NA,NA,0
"locus048","locus116",0.884134,Inf,NA,NA,1,NA,0.642812,NA,NA,0
"locus048","locus119",0.591932,Inf,NA,NA,1,NA,0.571948,NA,NA,0
"locus048","locus120",0.36438,Inf,NA,NA,1,NA,1,1,NA,0
"locus048","locus126",0.857204,Inf,NA,NA,1,NA,1,NA,NA,0
"locus048","locus128",0.179346,Inf,NA,NA,0.619006,NA,0.653246,NA,NA,0
"locus048","locus129",1,Inf,NA,NA,1,NA,0.495064,NA,NA,0
"locus048","locus130",0.2628,Inf,NA,NA,1,NA,1,NA,NA,0
"locus048","locus134",0.32449,Inf,NA,NA,0.334242,Inf,0.575804,NA,NA,0
"locus048","locus135",0.540158,Inf,NA,NA,1,NA,0.01701,NA,NA,1
"locus048","locus137",0.14717,Inf,NA,NA,1,NA,0.43219,NA,NA,0
"locus048","locus139",0.682478,Inf,Inf,NA,0.144808,NA,1,0.333004,NA,0
"locus048","locus140",0.679486,Inf,Inf,NA,0.14295,NA,1,NA,NA,0
"locus048","locus146",0.815372,Inf,NA,1,1,NA,0.556924,NA,NA,0
"locus048","locus148",0.886532,Inf,NA,NA,0.572868,Inf,0.690104,NA,NA,0
"locus048","locus151",0.410306,Inf,NA,0.598978,1,NA,0.6626,NA,NA,0
"locus048","locus157",0.56683,Inf,NA,NA,1,NA,0.321694,NA,NA,0
"locus048","locus161",0.710494,Inf,NA,NA,1,Inf,0.06166,1,NA,0
"locus048","locus165",0.35845,Inf,NA,NA,1,NA,0.572648,NA,NA,0
"locus048","locus170",1,Inf,NA,0.598976,0.1428,NA,1,NA,NA,0
"locus048","locus176",0.46197,Inf,NA,NA,0.620382,NA,0.304312,NA,NA,0
"locus048","locus184",0.715046,Inf,NA,NA,1,Inf,0.359926,NA,NA,0
"locus048","locus186",0.559444,Inf,NA,NA,0.142938,NA,1,NA,NA,0
"locus048","locus188",0.478758,Inf,NA,0.331928,1,NA,0.340918,NA,NA,0
"locus048","locus189",0.15468,Inf,Inf,0.499772,0.332428,NA,0.354756,NA,NA,0
"locus048","locus190",0.69872,Inf,Inf,NA,1,NA,0.254284,NA,NA,0
"locus048","locus191",0.447592,Inf,Inf,NA,1,NA,0.590574,NA,NA,0
"locus048","locus192",0.402524,Inf,NA,NA,0.04859,Inf,0.09854,NA,NA,1
"locus048","locus195",0.69133,Inf,NA,NA,0.23808,NA,0.6032,NA,NA,0
"locus048","locus202",0.822652,Inf,NA,NA,1,NA,0.19313,NA,NA,0
"locus048","locus210",0.303872,Inf,NA,NA,0.570816,NA,0.699436,Inf,NA,0
"locus048","locus215",0.342542,Inf,NA,NA,0.572376,NA,0.053048,NA,NA,0
"locus048","locus227",0.52087,Inf,Inf,NA,Inf,NA,1,NA,NA,0
"locus048","locus231",0.721772,Inf,Inf,NA,1,NA,1,NA,NA,0
"locus048","locus235",0.196864,Inf,NA,NA,1,NA,1,NA,NA,0
"locus048","locus236",1,Inf,NA,NA,1,NA,0.40512,NA,NA,0
"locus048","locus237",1,Inf,NA,NA,1,NA,1,NA,NA,0
"locus048","locus239",0.77403,Inf,NA,NA,0.14229,NA,0.109506,NA,NA,0
"locus048","locus248",0.182076,Inf,NA,NA,0.523312,NA,0.37584,0.428064,NA,0
"locus048","locus255",0.623278,Inf,NA,NA,1,NA,NA,NA,NA,0
"locus048","locus256",0.204792,Inf,NA,1,1,NA,0.105512,NA,NA,0
"locus048","locus263",0.58153,Inf,NA,Inf,1,NA,1,NA,NA,0
"locus048","locus264",0.142194,Inf,NA,NA,0.142832,Inf,0.627372,NA,NA,0
"locus048","locus274",0.78652,Inf,NA,NA,0.237412,Inf,1,NA,NA,0
"locus048","locus280",0.396136,Inf,NA,NA,0.238534,NA,1,1,NA,0
"locus048","locus282",0.085114,Inf,NA,NA,1,NA,0.199192,NA,NA,0
"locus048","locus286",0.606172,Inf,NA,NA,1,Inf,1,NA,NA,0
"locus048","locus291",0.62585,Inf,NA,NA,1,NA,0.688452,NA,NA,0
"locus048","locus292",0.218964,Inf,Inf,NA,1,Inf,0.00834,NA,NA,1
"locus048","locus296",0.131992,Inf,NA,NA,1,NA,1,NA,NA,0
"locus048","locus301",0.29117,Inf,NA,NA,0.427654,NA,0.62375,NA,NA,0
"locus048","locus314",0.7378,Inf,Inf,NA,1,NA,0.313096,NA,NA,0
"locus048","locus321",0.423936,Inf,NA,0.098982,1,NA,0.18727,0.333478,NA,0
"locus048","locus322",0.369372,Inf,NA,NA,0.61934,NA,0.823692,NA,NA,0
"locus048","locus323",0.212856,Inf,NA,NA,1,NA,0.703272,NA,NA,0
"locus048","locus329",0.795438,Inf,NA,NA,1,Inf,0.588044,NA,NA,0
"locus048","locus332",0.71379,Inf,NA,NA,0.428396,NA,0.494474,NA,NA,0
"locus048","locus349",0.595254,Inf,NA,NA,1,NA,0.612482,NA,NA,0
"locus048","locus358",1,Inf,NA,0.600194,1,NA,0.257498,NA,NA,0
"locus048","locus359",0.461972,Inf,NA,NA,0.286926,NA,0.267992,NA,NA,0
"locus048","locus360",0.149574,Inf,NA,NA,0.620202,Inf,0.016618,NA,NA,1
"locus053","locus055",0.29143,0.25166,1,NA,0.659118,NA,0.145926,NA,1,0
"locus053","locus056",0.449334,1,NA,NA,1,NA,0.480434,NA,0.486884,0
"locus053","locus058",0.141418,0.138806,NA,NA,1,NA,0.844658,NA,0.489216,0
"locus053","locus060",0.897246,1,NA,NA,1,NA,0.262088,NA,0.33939,0
"locus053","locus061",0.787528,1,NA,NA,1,Inf,0.178006,NA,0.79381,0
"locus053","locus062",0.381892,0.12564,NA,0.398742,0.487848,NA,0.644398,0.066194,0.068162,0
"locus053","locus064",0.379666,1,NA,NA,0.807288,NA,0.525062,NA,1,0
"locus053","locus065",0.768732,0.358772,NA,NA,0.425088,NA,0.838196,NA,1,0
"locus053","locus073",0.873108,0.028472,NA,NA,1,NA,0.261664,NA,0.74102,1
"locus053","locus074",0.513974,1,NA,NA,0.083822,NA,0.649666,NA,0.4884,0
"locus053","locus076",0.636498,1,NA,NA,1,NA,0.935484,NA,0.488944,0
"locus053","locus077",0.856414,0.214384,NA,NA,0.199804,NA,0.359508,NA,0.43306,0
"locus053","locus080",0.83768,0.404296,NA,Inf,1,NA,0.890314,NA,0.662508,0
"locus053","locus083",0.913926,0.354278,NA,NA,0.662782,NA,0.17934,NA,1,0
"locus053","locus088",0.851218,0.013562,NA,NA,1,NA,0.953276,NA,0.310096,1
"locus053","locus093",0.551082,Inf,Inf,NA,Inf,NA,0.583266,NA,1,0
"locus053","locus096",0.213232,0.21482,NA,NA,0.81001,NA,0.513566,NA,0.79992,0
"locus053","locus098",0.032264,0.679154,NA,NA,0.433716,NA,0.861126,NA,0.832094,1
"locus053","locus100",0.622654,0.485124,NA,NA,0.658628,NA,0.88905,NA,0.074344,0
"locus053","locus106",0.443884,Inf,NA,NA,1,NA,0.133042,NA,0.411048,0
"locus053","locus110",0.950664,0.400276,NA,NA,NA,NA,0.949136,NA,NA,0
"locus053","locus116",0.88214,1,NA,NA,0.581492,NA,0.790932,NA,NA,0
"locus053","locus119",0.784678,0.486798,NA,NA,0.810018,NA,0.342706,NA,NA,0
"locus053","locus120",0.619398,0.501492,NA,NA,1,NA,0.170424,1,NA,0
"locus053","locus126",0.475212,0.486592,NA,NA,0.653894,NA,0.291894,NA,NA,0
"locus053","locus128",0.30164,0.68018,NA,NA,1,NA,0.46502,NA,NA,0
"locus053","locus129",0.400886,0.271996,NA,NA,0.805858,NA,0.645538,NA,NA,0
"locus053","locus130",0.528106,0.677662,NA,NA,1,NA,0.346398,NA,NA,0
"locus053","locus134",0.179698,0.682122,NA,NA,0.587744,Inf,0.254486,NA,NA,0
"locus053","locus135",0.728922,1,NA,NA,0.484068,NA,0.118622,NA,NA,0
"locus053","locus137",0.880388,0.744526,NA,NA,0.809996,NA,0.89902,NA,NA,0
"locus053","locus139",0.273232,1,Inf,NA,1,NA,0.580532,0.429024,NA,0
"locus053","locus140",0.276912,1,Inf,NA,1,NA,0.579572,NA,NA,0
"locus053","locus146",0.080784,1,NA,1,1,NA,0.75524,NA,NA,0
"locus053","locus148",0.900592,0.107194,NA,NA,0.489484,Inf,0.889326,NA,NA,0
"locus053","locus151",0.406518,0.485734,NA,0.599334,1,NA,0.886234,NA,NA,0
"locus053","locus157",0.44225,1,NA,NA,0.4286,NA,0.436226,NA,NA,0
"locus053","locus161",0.563856,1,NA,NA,0.429628,Inf,0.558694,0.331494,NA,0
"locus053","locus165",0.788004,1,NA,NA,0.463054,NA,0.83043,NA,NA,0
"locus053","locus170",0.737974,1,NA,0.599894,1,NA,0.758192,NA,NA,0
"locus053","locus176",0.313826,0.745158,NA,NA,0.581774,NA,0.821998,NA,NA,0
"locus053","locus184",0.254236,0.140288,NA,NA,0.23542,Inf,0.4644,NA,NA,0
"locus053","locus186",0.216508,0.35673,NA,NA,0.659344,NA,0.858512,NA,NA,0
"locus053","locus188",0.53636,1,NA,Inf,0.257968,NA,0.538862,NA,NA,0
"locus053","locus189",0.375696,0.164802,Inf,0.167664,0.574766,NA,0.03814,NA,NA,1
"locus053","locus190",0.20429,1,Inf,NA,0.08654,NA,0.853344,NA,NA,0
"locus053","locus191",0.919724,0.269456,Inf,NA,0.578608,NA,0.495946,NA,NA,0
"locus053","locus192",0.549914,0.643262,NA,NA,0.809136,Inf,0.92563,NA,NA,0
"locus053","locus195",0.028538,0.017832,NA,NA,1,NA,0.718642,NA,NA,2
"locus053","locus202",0.048086,1,NA,NA,0.580266,NA,0.433162,NA,NA,1
"locus053","locus210",0.522134,0.487476,NA,NA,1,NA,0.01599,0.399478,NA,1
"locus053","locus215",0.731962,0.678464,NA,NA,1,NA,0.93646,NA,NA,0
"locus053","locus227",0.905266,0.679778,Inf,NA,Inf,NA,0.218978,NA,NA,0
"locus053","locus231",0.827058,0.4865,Inf,NA,0.655002,NA,0.821208,NA,NA,0
"locus053","locus235",0.109462,0.535932,NA,NA,0.430682,NA,0.421456,NA,NA,0
"locus053","locus236",0.70788,0.058016,NA,NA,0.658108,NA,0.243972,NA,NA,0
"locus053","locus237",0.420016,1,NA,NA,0.584918,NA,0.759314,NA,NA,0
"locus053","locus239",0.92414,0.533364,NA,NA,0.198544,NA,0.286322,NA,NA,0
"locus053","locus248",0.243856,0.216394,NA,NA,0.809612,NA,0.102354,0.428512,NA,0
"locus053","locus255",1,0.058254,NA,NA,0.237024,NA,NA,NA,NA,0
"locus053","locus256",0.850052,0.501186,NA,1,1,NA,0.066226,NA,NA,0
"locus053","locus263",0.254136,1,NA,Inf,1,NA,0.185372,NA,NA,0
"locus053","locus264",0.51246,0.16432,NA,NA,0.197142,Inf,0.614748,NA,NA,0
"locus053","locus274",0.736146,1,NA,NA,1,Inf,0.243452,NA,NA,0
"locus053","locus280",0.1631,1,NA,NA,0.407884,NA,0.010298,1,NA,1
"locus053","locus282",0.40944,1,NA,NA,0.57797,NA,0.14209,NA,NA,0
"locus053","locus286",0.593808,0.498678,NA,NA,0.43127,Inf,0.754036,NA,NA,0
"locus053","locus291",0.989898,0.249318,NA,NA,0.811734,NA,0.044994,NA,NA,1
"locus053","locus292",0.851426,1,0.50047,NA,1,Inf,0.69729,NA,NA,0
"locus053","locus296",0.13775,1,NA,NA,0.80968,NA,0.159208,NA,NA,0
"locus053","locus301",0.623646,0.642294,NA,NA,0.410592,NA,0.082576,NA,NA,0
"locus053","locus314",0.518236,0.42806,Inf,NA,0.808624,NA,0.51344,NA,NA,0
"locus053","locus321",0.419196,0.014074,NA,1,0.405688,NA,0.024412,0.77034,NA,2
"locus053","locus322",0.169002,1,NA,NA,1,NA,0.577056,NA,NA,0
"locus053","locus323",0.05891,0.679476,NA,NA,0.658078,NA,0.683326,NA,NA,0
"locus053","locus329",0.936962,0.214618,NA,NA,1,Inf,0.176382,NA,NA,0
"locus053","locus332",0.191158,1,NA,NA,0.658892,NA,0.284808,NA,NA,0
"locus053","locus349",0.537176,0.677328,NA,NA,0.655392,NA,0.805792,NA,NA,0
"locus053","locus358",0.52531,1,NA,0.598774,0.654468,NA,0.813344,NA,NA,0
"locus053","locus359",0.522772,0.642342,NA,NA,1,NA,0.489244,NA,NA,0
"locus053","locus360",0.916156,0.108816,NA,NA,0.581154,Inf,0.43106,NA,NA,0
"locus055","locus056",0.672034,1,NA,NA,0.428288,NA,0.554108,NA,1,0
"locus055","locus058",0.588404,1,NA,NA,0.141472,NA,0.327836,NA,0.821532,0
"locus055","locus060",0.055736,1,NA,NA,0.256562,NA,0.12962,NA,1,0
"locus055","locus061",0.757064,0.465272,Inf,NA,0.429196,Inf,0.666214,NA,0.152638,0
"locus055","locus062",0.973466,0.251454,NA,Inf,1,NA,0.639532,0.617894,0.242928,0
"locus055","locus064",0.305788,0.465356,NA,NA,0.429188,NA,0.959532,NA,0.54059,0
"locus055","locus065",1,0.035814,NA,NA,0.42909,NA,1,NA,0.5371,1
"locus055","locus073",1,1,NA,NA,1,NA,0.073254,NA,0.501406,0
"locus055","locus074",0.68925,1,NA,NA,0.259222,NA,0.831612,NA,1,0
"locus055","locus076",0.489124,0.642292,NA,NA,0.657684,NA,0.915816,NA,0.772454,0
"locus055","locus077",1,0.465352,NA,NA,0.141236,NA,0.046694,NA,0.371698,1
"locus055","locus080",0.450108,0.357852,NA,NA,0.257802,NA,0.792108,NA,0.788824,0
"locus055","locus083",0.437592,0.463232,NA,NA,1,NA,0.829054,NA,0.769792,0
"locus055","locus088",0.587802,1,NA,NA,1,NA,1,NA,0.418028,0
"locus055","locus093",1,Inf,Inf,NA,Inf,NA,1,NA,0.288404,0
"locus055","locus096",0.330608,1,NA,NA,0.428036,NA,0.157708,NA,0.096884,0
"locus055","locus098",0.235188,0.643568,NA,NA,0.427256,NA,0.184032,NA,1,0
"locus055","locus100",0.750728,1,NA,NA,0.486082,NA,0.961262,NA,1,0
"locus055","locus106",0.136062,Inf,NA,NA,1,NA,0.946336,NA,0.545222,0
"locus055","locus110",0.059538,1,NA,NA,NA,NA,0.656118,NA,NA,0
"locus055","locus116",0.219944,0.25189,NA,NA,0.656862,NA,0.573518,NA,NA,0
"locus055","locus119",0.772746,0.351144,NA,NA,1,NA,0.153502,NA,NA,0
"locus055","locus120",0.824478,1,NA,NA,1,NA,1,1,NA,0
"locus055","locus126",0.714602,1,Inf,NA,1,NA,0.977884,NA,NA,0
"locus055","locus128",0.026358,1,NA,NA,0.430082,NA,0.720234,NA,NA,1
"locus055","locus129",0.622606,1,NA,NA,1,NA,0.962376,NA,NA,0
"locus055","locus130",0.276134,1,NA,NA,0.465766,NA,0.62848,NA,NA,0
"locus055","locus134",0.119102,0.642412,NA,NA,0.25744,Inf,0.319008,NA,NA,0
"locus055","locus135",0.048498,1,NA,NA,1,NA,0.880008,NA,NA,1
"locus055","locus137",0.42752,0.67563,NA,NA,0.428486,NA,0.778496,NA,NA,0
"locus055","locus139",0.230214,1,Inf,NA,1,NA,0.516536,0.622198,NA,0
"locus055","locus140",0.22614,1,Inf,NA,1,NA,0.517044,NA,NA,0
"locus055","locus146",0.837608,1,NA,1,1,NA,0.835304,NA,NA,0
"locus055","locus148",0.36275,0.465446,NA,NA,1,Inf,0.056718,NA,NA,0
"locus055","locus151",0.567788,0.429818,NA,1,0.656422,NA,0.443092,NA,NA,0
"locus055","locus157",0.511358,0.458104,Inf,NA,0.428982,NA,0.0125,NA,NA,1
"locus055","locus161",0.534918,0.641918,NA,NA,0.428652,Inf,0.11186,1,NA,0
"locus055","locus165",0.944902,1,NA,NA,0.399506,NA,0.695662,NA,NA,0
"locus055","locus170",0.921304,1,NA,1,1,NA,0.72057,NA,NA,0
"locus055","locus176",0.691386,0.67744,NA,NA,0.02832,NA,0.25015,NA,NA,1
"locus055","locus184",0.068334,0.429918,NA,NA,1,Inf,0.202796,NA,NA,0
"locus055","locus186",0.46635,0.462834,NA,NA,1,NA,1,NA,NA,0
"locus055","locus188",0.425696,1,NA,NA,1,NA,0.520642,NA,NA,0
"locus055","locus189",0.978112,0.679268,Inf,1,1,NA,0.316666,NA,NA,0
"locus055","locus190",0.278764,0.428238,Inf,NA,0.428536,NA,0.291616,NA,NA,0
"locus055","locus191",0.360032,0.362628,NA,Inf,1,NA,0.143836,NA,NA,0
"locus055","locus192",0.627376,1,NA,NA,1,Inf,0.984414,NA,NA,0
"locus055","locus195",0.272328,1,NA,NA,0.314486,NA,0.702954,NA,NA,0
"locus055","locus202",0.625128,0.64453,NA,NA,0.426238,NA,0.586474,NA,NA,0
"locus055","locus210",0.314122,0.783078,NA,NA,0.057318,NA,0.2825,1,NA,0
"locus055","locus215",0.838218,1,NA,NA,1,NA,0.346748,NA,NA,0
"locus055","locus227",1,1,Inf,NA,Inf,NA,0.168302,NA,NA,0
"locus055","locus231",1,0.42893,NA,NA,1,NA,0.68666,NA,NA,0
"locus055","locus235",0.866084,0.644792,NA,NA,0.428606,NA,0.196946,NA,NA,0
"locus055","locus236",0.87747,0.108436,NA,NA,0.484902,NA,0.274104,NA,NA,0
"locus055","locus237",0.107312,0.464436,NA,NA,0.659372,NA,0.796814,NA,NA,0
"locus055","locus239",0.793308,0.106304,NA,NA,0.142368,NA,0.393328,NA,NA,0
"locus055","locus248",0.424058,1,NA,NA,0.142898,NA,0.234972,1,NA,0
"locus055","locus255",0.825462,1,NA,NA,0.428386,NA,NA,NA,NA,0
"locus055","locus256",0.785162,1,NA,1,1,NA,0.742202,NA,NA,0
"locus055","locus263",0.725534,1,NA,Inf,1,NA,0.711052,NA,NA,0
"locus055","locus264",0.541608,0.681214,NA,NA,0.142792,Inf,0.518386,NA,NA,0
"locus055","locus274",0.471272,1,NA,NA,1,Inf,0.487376,NA,NA,0
"locus055","locus280",0.251168,1,NA,NA,1,NA,0.62247,1,NA,0
"locus055","locus282",0.408902,0.358368,NA,NA,0.656876,NA,0.9241,NA,NA,0
"locus055","locus286",0.750098,1,NA,NA,0.429198,Inf,0.569614,NA,NA,0
"locus055","locus291",0.127842,0.106718,NA,NA,1,NA,0.236804,NA,NA,0
"locus055","locus292",0.941228,1,0.497084,NA,1,Inf,0.720694,NA,NA,0
"locus055","locus296",0.80301,1,NA,NA,0.427814,NA,0.595932,NA,NA,0
"locus055","locus301",0.100314,0.645958,NA,NA,0.657122,NA,0.345996,NA,NA,0
"locus055","locus314",0.07402,0.287072,Inf,NA,1,NA,0.398518,NA,NA,0
"locus055","locus321",0.317842,0.786866,NA,1,1,NA,0.138092,1,NA,0
"locus055","locus322",0.866644,1,NA,NA,0.656364,NA,0.568716,NA,NA,0
"locus055","locus323",0.785728,0.642074,NA,NA,0.485516,NA,0.891004,NA,NA,0
"locus055","locus329",0.412936,0.461668,NA,NA,1,Inf,0.801002,NA,NA,0
"locus055","locus332",0.014352,1,NA,NA,0.028404,NA,0.237518,NA,NA,2
"locus055","locus349",0.921298,0.644374,NA,NA,0.142528,NA,1,NA,NA,0
"locus055","locus358",0.22052,1,NA,0.500916,1,NA,0.373436,NA,NA,0
"locus055","locus359",0.08646,1,NA,NA,1,NA,0.958528,NA,NA,0
"locus055","locus360",0.318984,0.639236,NA,NA,0.256938,Inf,0.693352,NA,NA,0
"locus056","locus058",0.570352,1,NA,NA,0.569086,NA,0.23916,NA,0.895462,0
"locus056","locus060",0.95283,1,NA,NA,0.428536,NA,0.597616,NA,0.004712,1
"locus056","locus061",0.686304,0.57128,NA,NA,0.142868,Inf,0.120478,NA,0.553346,0
"locus056","locus062",0.530476,1,NA,1,1,NA,0.722732,1,0.878168,0
"locus056","locus064",0.526822,0.571724,NA,NA,1,NA,0.360232,NA,0.280114,0
"locus056","locus065",0.735352,0.57244,NA,NA,1,NA,1,NA,1,0
"locus056","locus073",1,1,NA,NA,1,NA,0.683678,NA,0.424492,0
"locus056","locus074",0.687652,0.035662,NA,NA,1,NA,0.22446,NA,0.554424,1
"locus056","locus076",0.95901,0.463806,NA,NA,0.569746,NA,0.882834,NA,1,0
"locus056","locus077",0.17702,0.57047,NA,NA,1,NA,1,NA,1,0
"locus056","locus080",0.530424,0.56839,NA,NA,1,NA,0.52002,NA,0.116642,0
"locus056","locus083",0.849318,1,NA,NA,1,NA,0.245262,NA,1,0
"locus056","locus088",0.73787,1,NA,NA,1,NA,0.432856,NA,0.559604,0
"locus056","locus093",1,Inf,Inf,NA,Inf,NA,1,NA,1,0
"locus056","locus096",0.419466,0.570612,NA,NA,1,NA,1,NA,0.70651,0
"locus056","locus098",0.140194,0.106222,NA,NA,1,NA,0.497116,NA,0.335146,0
"locus056","locus100",0.392132,1,NA,NA,1,NA,1,NA,0.86734,0
"locus056","locus106",0.804638,Inf,NA,NA,0.28695,NA,0.88465,NA,0.149512,0
"locus056","locus110",0.315078,0.40058,NA,NA,NA,NA,0.121884,NA,NA,0
"locus056","locus116",0.713808,1,NA,NA,0.14187,NA,1,NA,NA,0
"locus056","locus119",0.218088,1,NA,NA,0.285708,NA,0.575552,NA,NA,0
"locus056","locus120",0.610548,1,NA,NA,1,NA,0.259344,0.485948,NA,0
"locus056","locus126",0.558818,0.144436,NA,NA,1,NA,0.049808,NA,NA,1
"locus056","locus128",0.505102,1,NA,NA,1,NA,1,NA,NA,0
"locus056","locus129",0.602198,1,NA,NA,1,NA,0.575156,NA,NA,0
"locus056","locus130",0.868398,1,NA,NA,1,NA,0.05087,NA,NA,0
"locus056","locus134",0.193036,1,NA,NA,1,Inf,0.817676,NA,NA,0
"locus056","locus135",0.004088,0.677858,NA,NA,1,NA,0.293686,NA,NA,1
"locus056","locus137",0.715596,0.03639,NA,NA,1,NA,0.108296,NA,NA,1
"locus056","locus139",0.762092,1,Inf,NA,0.431324,NA,0.166482,0.254882,NA,0
"locus056","locus140",0.761724,1,Inf,NA,0.428656,NA,0.166978,NA,NA,0
"locus056","locus146",0.707364,0.570954,NA,0.401362,0.28648,NA,0.114088,NA,NA,0
"locus056","locus148",0.840774,0.463668,NA,NA,1,Inf,0.864724,NA,NA,0
"locus056","locus151",1,1,1,1,0.143708,NA,0.710698,NA,NA,0
"locus056","locus157",0.491672,0.462052,NA,NA,1,NA,0.375926,NA,NA,0
"locus056","locus161",0.398612,1,NA,NA,1,Inf,0.263234,1,NA,0
"locus056","locus165",0.380278,1,NA,NA,1,NA,0.521088,NA,NA,0
"locus056","locus170",0.066622,1,NA,1,0.42975,NA,0.939558,NA,NA,0
"locus056","locus176",0.22443,0.679494,NA,NA,0.143522,NA,1,NA,NA,0
"locus056","locus184",0.123046,1,NA,NA,1,Inf,0.866808,NA,NA,0
"locus056","locus186",0.064856,0.569028,NA,NA,1,NA,0.232946,NA,NA,0
"locus056","locus188",0.443226,0.070954,NA,NA,1,NA,0.021894,NA,NA,1
"locus056","locus189",0.667488,1,Inf,1,1,NA,0.219218,NA,NA,0
"locus056","locus190",0.04744,0.428406,Inf,NA,1,NA,0.606842,NA,NA,1
"locus056","locus191",0.636762,1,NA,NA,1,NA,0.538014,NA,NA,0
"locus056","locus192",0.218244,0.643358,NA,NA,1,Inf,0.905452,NA,NA,0
"locus056","locus195",0.827324,1,NA,NA,0.57041,NA,0.684094,NA,NA,0
"locus056","locus202",0.820336,1,NA,NA,1,NA,1,NA,NA,0
"locus056","locus210",0.382468,0.070766,NA,NA,1,NA,0.184144,0.399746,NA,0
"locus056","locus215",0.024102,1,Inf,NA,1,NA,0.780216,NA,NA,1
"locus056","locus227",0.765162,1,Inf,NA,Inf,NA,0.21457,NA,NA,0
"locus056","locus231",0.208476,1,NA,NA,1,NA,0.15342,NA,NA,0
"locus056","locus235",0.220664,0.641476,NA,NA,1,NA,0.51073,NA,NA,0
"locus056","locus236",0.10563,0.572686,NA,NA,0.42864,NA,0.88321,NA,NA,0
"locus056","locus237",0.788124,1,NA,NA,0.431084,NA,0.313138,NA,NA,0
"locus056","locus239",0.778638,0.285924,NA,NA,1,NA,0.693888,NA,NA,0
"locus056","locus248",0.214418,1,NA,NA,0.286904,NA,0.38837,0.484218,NA,0
"locus056","locus255",0.438974,1,NA,NA,1,NA,NA,NA,NA,0
"locus056","locus256",0.469818,1,NA,1,0.570192,NA,0.212092,NA,NA,0
"locus056","locus263",1,1,NA,Inf,1,NA,1,NA,NA,0
"locus056","locus264",0.459276,0.677958,NA,NA,1,Inf,0.72274,NA,NA,0
"locus056","locus274",0.919094,1,NA,NA,1,Inf,1,NA,NA,0
"locus056","locus280",0.83301,0.214718,NA,NA,0.572166,NA,0.298428,1,NA,0
"locus056","locus282",0.81001,0.21346,NA,NA,0.429398,NA,0.819174,NA,NA,0
"locus056","locus286",0.100012,1,NA,NA,1,Inf,0.152622,NA,NA,0
"locus056","locus291",0.66989,0.463728,NA,NA,0.286822,NA,0.606836,NA,NA,0
"locus056","locus292",0.762138,0.215092,1,NA,1,Inf,0.75516,NA,NA,0
"locus056","locus296",0.743304,0.03607,NA,NA,1,NA,1,NA,NA,1
"locus056","locus301",0.796148,0.284444,Inf,NA,0.569278,NA,0.009358,NA,NA,1
"locus056","locus314",0.57897,1,Inf,NA,1,NA,0.644894,NA,NA,0
"locus056","locus321",0.468432,1,NA,1,1,NA,0.822948,1,NA,0
"locus056","locus322",0.786272,1,NA,NA,0.428518,NA,0.240666,NA,NA,0
"locus056","locus323",0.424392,0.465144,NA,NA,1,NA,0.351618,NA,NA,0
"locus056","locus329",0.558306,0.569944,NA,NA,1,Inf,0.348776,NA,NA,0
"locus056","locus332",0.27839,0.21434,NA,NA,0.428152,NA,0.69956,NA,NA,0
"locus056","locus349",0.343982,1,NA,NA,1,NA,0.518984,NA,NA,0
"locus056","locus358",0.295354,1,NA,1,0.429558,NA,0.529716,NA,NA,0
"locus056","locus359",0.893462,0.643454,NA,NA,1,NA,0.160268,NA,NA,0
"locus056","locus360",0.02748,0.2839,NA,NA,1,Inf,0.241338,NA,NA,1
"locus058","locus060",0.586932,0.462838,NA,NA,0.03701,NA,0.250844,NA,0.789984,1
"locus058","locus061",0.841934,0.463196,NA,NA,0.57311,NA,0.84578,NA,1,0
"locus058","locus062",0.592768,1,NA,1,0.489116,1,0.015778,0.715246,0.312046,1
"locus058","locus064",0.94635,0.46317,NA,NA,1,NA,0.940746,NA,0.693574,0
"locus058","locus065",0.125142,0.462974,NA,NA,0.571048,NA,0.721692,NA,0.038854,1
"locus058","locus073",0.830588,0.142604,NA,NA,0.82709,NA,0.926426,NA,0.182376,0
"locus058","locus074",0.44263,1,NA,NA,1,NA,0.087988,NA,0.09118,0
"locus058","locus076",0.139458,1,NA,NA,1,NA,0.929862,NA,0.018314,1
"locus058","locus077",0.432792,0.464136,NA,NA,0.657128,NA,0.75583,NA,0.380866,0
"locus058","locus080",0.143716,1,NA,NA,0.124902,NA,0.727642,NA,0.810848,0
"locus058","locus083",0.323908,1,NA,NA,1,NA,0.94251,NA,0.633684,0
"locus058","locus088",0.896218,0.142902,NA,NA,0.314468,NA,0.500862,NA,0.398208,0
"locus058","locus093",0.181952,Inf,Inf,NA,Inf,NA,1,NA,1,0
"locus058","locus096",0.446992,0.464154,NA,NA,0.238028,NA,0.685728,NA,0.496404,0
"locus058","locus098",0.567858,1,NA,NA,0.569188,0.333834,0.669774,NA,0.57077,0
"locus058","locus100",0.807612,1,NA,NA,0.142004,NA,0.36823,NA,1,0
"locus058","locus106",0.648458,Inf,NA,NA,1,NA,0.348828,NA,0.470438,0
"locus058","locus110",0.20152,1,NA,NA,NA,NA,0.556278,NA,NA,0
"locus058","locus116",0.265104,0.679996,NA,NA,0.429858,NA,0.937864,NA,NA,0
"locus058","locus119",0.041888,0.143836,NA,NA,1,NA,0.972864,NA,NA,1
"locus058","locus120",0.899434,1,NA,NA,0.570478,NA,0.296378,1,NA,0
"locus058","locus126",0.253036,1,NA,NA,0.314812,NA,0.500696,NA,NA,0
"locus058","locus128",1,1,NA,NA,1,NA,0.578358,NA,NA,0
"locus058","locus129",0.337836,0.248376,NA,NA,0.287948,NA,0.187794,NA,NA,0
"locus058","locus130",0.015362,1,NA,NA,0.6024,NA,0.622692,NA,NA,1
"locus058","locus134",0.787994,1,Inf,NA,1,Inf,0.1555,NA,NA,0
"locus058","locus135",0.653204,1,NA,NA,0.482418,NA,0.928534,NA,NA,0
"locus058","locus137",0.125008,1,NA,NA,1,NA,0.844288,NA,NA,0
"locus058","locus139",1,0.3757,Inf,NA,0.656524,NA,0.13994,0.331594,NA,0
"locus058","locus140",1,0.373948,Inf,NA,0.656142,NA,0.135222,NA,NA,0
"locus058","locus146",0.426756,1,NA,0.199496,1,NA,0.552526,NA,NA,0
"locus058","locus148",0.012136,1,NA,NA,0.485284,NA,0.44084,NA,NA,1
"locus058","locus151",0.723234,0.14234,Inf,1,1,Inf,0.210726,NA,NA,0
"locus058","locus157",0.76744,1,NA,NA,0.570332,NA,0.15986,NA,NA,0
"locus058","locus161",0.413116,1,NA,NA,0.573062,NA,0.77779,1,NA,0
"locus058","locus165",0.536556,0.071292,NA,NA,1,NA,0.327746,NA,NA,0
"locus058","locus170",0.463714,0.678474,NA,1,0.65514,NA,0.650362,NA,NA,0
"locus058","locus176",0.81264,0.677926,NA,NA,0.201848,NA,0.829016,NA,NA,0
"locus058","locus184",0.22986,1,NA,NA,1,NA,0.848044,NA,NA,0
"locus058","locus186",0.287796,1,NA,NA,0.656558,NA,0.275962,NA,NA,0
"locus058","locus188",0.69837,0.78365,NA,NA,1,Inf,0.01838,NA,NA,1
"locus058","locus189",0.295394,0.03574,Inf,1,1,NA,0.488416,NA,NA,1
"locus058","locus190",0.417802,1,Inf,NA,0.428726,Inf,0.364762,NA,NA,0
"locus058","locus191",0.011662,0.678704,NA,NA,0.430986,NA,0.01015,NA,NA,2
"locus058","locus192",0.676976,0.108646,NA,NA,1,NA,0.28545,NA,NA,0
"locus058","locus195",0.82779,0.196532,NA,NA,0.770308,NA,0.577102,NA,NA,0
"locus058","locus202",0.860906,0.46744,NA,NA,0.427686,NA,0.14503,NA,NA,0
"locus058","locus210",0.944212,0.714992,Inf,NA,0.057426,NA,0.186342,1,NA,0
"locus058","locus215",0.99065,1,NA,NA,0.482952,NA,0.589046,NA,NA,0
"locus058","locus227",0.689624,1,Inf,NA,Inf,NA,0.063068,NA,NA,0
"locus058","locus231",0.199974,0.142858,NA,NA,0.657276,NA,0.871862,NA,NA,0
"locus058","locus235",0.352774,1,NA,NA,0.569976,NA,0.47773,NA,NA,0
"locus058","locus236",0.79941,0.678782,NA,NA,0.314256,NA,0.892062,NA,NA,0
"locus058","locus237",0.575264,0.465614,NA,NA,1,NA,0.218756,NA,NA,0
"locus058","locus239",0.506388,0.463744,NA,NA,0.656958,NA,0.43873,NA,NA,0
"locus058","locus248",0.562522,0.46333,NA,NA,0.429056,NA,0.202746,1,NA,0
"locus058","locus255",0.551974,0.071234,NA,NA,1,NA,NA,NA,NA,0
"locus058","locus256",0.052352,1,NA,0.164078,0.313006,NA,0.569274,NA,NA,0
"locus058","locus263",0.626698,1,NA,Inf,1,NA,0.048664,NA,NA,1
"locus058","locus264",1,0.035964,NA,NA,0.658124,NA,0.711902,NA,NA,1
"locus058","locus274",0.851362,0.677832,NA,NA,0.770984,NA,0.340368,NA,NA,0
"locus058","locus280",0.59456,0.680406,NA,NA,0.770522,Inf,0.305912,0.142904,NA,0
"locus058","locus282",0.47811,0.251702,NA,NA,1,1,0.170032,NA,NA,0
"locus058","locus286",0.58145,1,NA,NA,0.570892,NA,0.309934,NA,NA,0
"locus058","locus291",0.63961,1,NA,NA,1,NA,0.748014,NA,NA,0
"locus058","locus292",0.15594,0.07277,1,NA,0.487276,NA,0.482614,NA,NA,0
"locus058","locus296",0.252332,0.639318,NA,NA,1,NA,0.595704,NA,NA,0
"locus058","locus301",0.536718,1,NA,NA,1,NA,0.43599,NA,NA,0
"locus058","locus314",0.851848,0.65639,Inf,NA,1,NA,0.302994,NA,NA,0
"locus058","locus321",0.94538,0.286274,NA,1,0.312406,NA,0.187962,0.330372,NA,0
"locus058","locus322",0.704358,0.465066,NA,NA,0.1994,NA,0.0761,NA,NA,0
"locus058","locus323",0.284174,0.195754,NA,NA,1,NA,0.127932,NA,NA,0
"locus058","locus329",0.897882,0.463948,NA,NA,0.490054,NA,0.012982,NA,NA,1
"locus058","locus332",0.743446,0.677544,NA,NA,0.142822,NA,0.92371,NA,NA,0
"locus058","locus349",0.724466,0.19735,NA,NA,0.65792,NA,0.072844,NA,NA,0
"locus058","locus358",0.069688,1,NA,1,0.657902,1,0.370908,NA,NA,0
"locus058","locus359",0.455702,0.105346,NA,NA,1,NA,0.150212,NA,NA,0
"locus058","locus360",0.05936,0.466054,NA,NA,1,NA,0.082396,NA,NA,0
"locus060","locus061",1,0.4651,NA,NA,0.426434,NA,0.300932,NA,0.48634,0
"locus060","locus062",0.921362,1,NA,Inf,0.654326,Inf,0.67682,0.256776,0.42554,0
"locus060","locus064",0.09947,0.463732,NA,NA,0.335042,NA,0.896402,NA,0.126982,0
"locus060","locus065",1,0.464884,NA,NA,1,NA,0.419462,NA,1,0
"locus060","locus073",0.008236,1,NA,NA,0.656214,NA,0.73151,NA,1,1
"locus060","locus074",1,1,NA,NA,1,NA,0.666982,NA,0.399528,0
"locus060","locus076",0.07043,0.464398,Inf,NA,1,NA,1,NA,1,0
"locus060","locus077",1,0.465356,NA,NA,0.426454,NA,1,NA,1,0
"locus060","locus080",0.71562,0.679408,NA,NA,0.76801,NA,1,NA,0.053916,0
"locus060","locus083",0.843194,1,NA,NA,0.498556,NA,0.272976,NA,1,0
"locus060","locus088",0.73912,0.2506,NA,NA,0.428042,NA,1,NA,0.401022,0
"locus060","locus093",0.591508,Inf,Inf,NA,Inf,NA,1,NA,1,0
"locus060","locus096",0.495674,1,NA,NA,0.620734,NA,0.799042,NA,0.60866,0
"locus060","locus098",0.109676,1,NA,NA,1,Inf,0.42601,NA,0.416382,0
"locus060","locus100",0.879226,1,NA,NA,0.65799,NA,0.871726,NA,0.728074,0
"locus060","locus106",0.500614,Inf,NA,NA,1,NA,0.587816,NA,1,0
"locus060","locus110",0.004906,1,NA,NA,NA,NA,0.355078,NA,NA,1
"locus060","locus116",0.52695,1,NA,NA,0.427702,NA,0.030996,NA,NA,1
"locus060","locus119",0.700424,0.144016,NA,NA,1,NA,0.33463,NA,NA,0
"locus060","locus120",0.022988,1,NA,NA,0.143232,NA,0.467372,1,NA,1
"locus060","locus126",0.75817,1,NA,NA,0.427532,NA,0.69894,NA,NA,0
"locus060","locus128",0.752664,1,NA,NA,0.428174,NA,0.427042,NA,NA,0
"locus060","locus129",0.026012,0.249306,NA,NA,0.142354,NA,0.840952,NA,NA,1
"locus060","locus130",0.10799,1,NA,NA,1,NA,0.72545,NA,NA,0
"locus060","locus134",0.552334,0.46342,NA,NA,1,Inf,0.423682,NA,NA,0
"locus060","locus135",0.681294,1,NA,NA,0.65564,NA,0.681154,NA,NA,0
"locus060","locus137",0.125742,1,NA,NA,0.334078,NA,0.062868,NA,NA,0
"locus060","locus139",0.082964,1,Inf,NA,1,NA,0.461642,0.42856,NA,0
"locus060","locus140",0.081264,1,Inf,NA,1,NA,0.462978,NA,NA,0
"locus060","locus146",0.68544,0.465452,NA,Inf,1,NA,1,NA,NA,0
"locus060","locus148",0.903546,1,NA,NA,1,NA,0.116096,NA,NA,0
"locus060","locus151",1,0.142198,NA,Inf,0.77281,NA,1,NA,NA,0
"locus060","locus157",0.085408,1,NA,NA,1,NA,0.346228,NA,NA,0
"locus060","locus161",1,1,NA,NA,0.427188,NA,1,1,NA,0
"locus060","locus165",0.965962,0.679122,NA,NA,0.599452,NA,0.204716,NA,NA,0
"locus060","locus170",1,1,NA,Inf,1,NA,1,NA,NA,0
"locus060","locus176",0.60721,0.67912,NA,NA,0.425718,NA,0.40597,NA,NA,0
"locus060","locus184",0.952612,1,NA,NA,0.620162,NA,0.89036,NA,NA,0
"locus060","locus186",0.80296,1,NA,NA,0.257814,NA,0.503792,NA,NA,0
"locus060","locus188",0.221546,0.785902,NA,NA,0.773644,NA,0.150832,NA,NA,0
"locus060","locus189",0.3314,0.677852,Inf,Inf,0.43305,NA,0.802514,NA,NA,0
"locus060","locus190",0.325804,1,Inf,NA,0.773596,NA,0.415928,NA,NA,0
"locus060","locus191",0.581234,1,NA,NA,0.123292,NA,0.66072,NA,NA,0
"locus060","locus192",0.95054,1,NA,NA,1,NA,0.687572,NA,NA,0
"locus060","locus195",0.111424,1,NA,NA,1,NA,0.065618,NA,NA,0
"locus060","locus202",0.213662,0.463438,NA,NA,0.77038,NA,0.502108,NA,NA,0
"locus060","locus210",0.487918,0.714074,NA,NA,0.11541,NA,0.378336,1,NA,0
"locus060","locus215",0.939382,1,NA,NA,1,NA,0.353296,NA,NA,0
"locus060","locus227",0.064926,0.196618,Inf,NA,Inf,Inf,0.261236,NA,NA,0
"locus060","locus231",0.946698,0.143482,NA,NA,1,NA,0.046614,NA,NA,1
"locus060","locus235",0.758374,0.46621,NA,NA,1,NA,0.797232,NA,NA,0
"locus060","locus236",0.220534,1,NA,NA,0.256846,NA,1,NA,NA,0
"locus060","locus237",0.14294,0.46562,NA,NA,1,NA,0.44495,NA,NA,0
"locus060","locus239",0.633516,0.463852,NA,NA,0.427172,NA,0.300412,NA,NA,0
"locus060","locus248",0.873784,1,NA,NA,1,NA,1,1,NA,0
"locus060","locus255",0.262556,0.678214,NA,NA,0.33227,NA,NA,NA,NA,0
"locus060","locus256",0.39745,0.374828,NA,Inf,1,Inf,0.673474,NA,NA,0
"locus060","locus263",0.204226,0.465204,NA,Inf,1,NA,1,NA,NA,0
"locus060","locus264",0.506726,0.678692,NA,NA,0.427936,NA,0.24885,NA,NA,0
"locus060","locus274",0.6087,0.249824,Inf,NA,0.428126,NA,0.065508,NA,NA,0
"locus060","locus280",0.598972,0.679326,NA,NA,0.197924,NA,0.101894,0.486942,NA,0
"locus060","locus282",0.389222,0.248966,NA,NA,1,Inf,0.36494,NA,NA,0
"locus060","locus286",0.29566,0.375848,NA,NA,0.429762,NA,1,NA,NA,0
"locus060","locus291",0.699878,0.196102,NA,NA,1,Inf,0.059242,NA,NA,0
"locus060","locus292",0.136818,0.679878,Inf,NA,0.113392,NA,0.611348,NA,NA,0
"locus060","locus296",0.875772,0.641922,NA,NA,0.33336,NA,1,NA,NA,0
"locus060","locus301",0.74465,1,NA,NA,1,NA,1,NA,NA,0
"locus060","locus314",0.26329,0.028772,Inf,NA,0.618144,NA,0.552914,NA,NA,1
"locus060","locus321",0.630948,0.714534,NA,Inf,1,NA,1,0.428194,NA,0
"locus060","locus322",0.666462,0.017782,NA,NA,0.429108,NA,0.046836,NA,NA,2
"locus060","locus323",1,1,NA,NA,1,NA,1,NA,NA,0
"locus060","locus329",0.529346,0.463856,NA,NA,0.11336,NA,0.81735,NA,NA,0
"locus060","locus332",0.063722,0.677526,NA,NA,0.256904,NA,0.666568,NA,NA,0
"locus060","locus349",0.878092,0.196642,NA,NA,0.427548,NA,0.20815,NA,NA,0
"locus060","locus358",0.879342,1,NA,Inf,1,Inf,0.062602,NA,NA,0
"locus060","locus359",0.623488,0.64251,NA,NA,1,NA,0.172306,NA,NA,0
"locus060","locus360",0.517122,0.46653,Inf,NA,1,NA,0.51274,NA,NA,0
"locus061","locus062",0.432128,1,NA,NA,1,1,0.536738,1,0.192004,0
"locus061","locus064",0.317196,0.036898,NA,NA,1,NA,0.313814,NA,1,1
"locus061","locus065",0.291442,1,NA,NA,1,NA,0.394492,NA,1,0
"locus061","locus073",0.870528,1,NA,NA,1,NA,0.19678,NA,1,0
"locus061","locus074",0.083166,0.25203,NA,NA,1,NA,0.882864,NA,0.551378,0
"locus061","locus076",0.197672,1,Inf,NA,0.571468,NA,0.707056,NA,1,0
"locus061","locus077",0.594552,1,NA,NA,1,NA,0.5501,NA,1,0
"locus061","locus080",0.504612,1,NA,NA,1,NA,0.6237,NA,0.463082,0
"locus061","locus083",0.117454,0.573956,NA,NA,1,NA,0.731076,NA,1,0
"locus061","locus088",1,1,NA,NA,1,NA,0.308594,NA,1,0
"locus061","locus093",0.052432,Inf,Inf,NA,Inf,NA,1,NA,0.28611,0
"locus061","locus096",0.316284,1,NA,NA,1,NA,0.473464,NA,0.076884,0
"locus061","locus098",1,0.463822,NA,NA,1,1,0.283034,NA,0.55714,0
"locus061","locus100",0.14558,1,NA,NA,1,NA,0.296928,NA,0.152444,0
"locus061","locus106",0.083958,Inf,NA,NA,0.284766,NA,0.912714,NA,1,0
"locus061","locus110",0.222702,1,NA,NA,NA,NA,1,NA,NA,0
"locus061","locus116",0.075694,0.214698,NA,NA,0.141888,NA,0.78045,NA,NA,0
"locus061","locus119",0.444896,0.213752,NA,NA,0.286564,NA,0.37528,NA,NA,0
"locus061","locus120",1,0.249848,NA,NA,1,NA,0.090542,0.028656,NA,1
"locus061","locus126",0.27,1,NA,NA,1,NA,0.304152,NA,NA,0
"locus061","locus128",0.917416,0.464312,NA,NA,1,NA,0.204122,NA,NA,0
"locus061","locus129",0.74882,1,NA,NA,1,NA,0.858866,NA,NA,0
"locus061","locus130",0.694892,1,NA,NA,1,NA,0.39173,NA,NA,0
"locus061","locus134",0.807996,0.463168,NA,NA,1,Inf,0.248304,NA,NA,0
"locus061","locus135",0.19977,0.677594,NA,NA,1,NA,0.24384,NA,NA,0
"locus061","locus137",0.428746,1,NA,NA,1,NA,0.833472,NA,NA,0
"locus061","locus139",0.411816,1,Inf,NA,0.427988,NA,0.58992,0.257856,NA,0
"locus061","locus140",0.410134,1,Inf,NA,0.429056,NA,0.59164,NA,NA,0
"locus061","locus146",0.248862,1,NA,NA,0.286044,NA,0.144674,NA,NA,0
"locus061","locus148",0.270234,1,NA,NA,1,NA,0.214796,NA,NA,0
"locus061","locus151",0.498908,0.429186,NA,NA,0.144506,NA,1,NA,NA,0
"locus061","locus157",0.167226,0.46347,NA,NA,1,NA,0.2949,NA,NA,0
"locus061","locus161",0.822016,0.106412,NA,NA,1,NA,0.791326,1,NA,0
"locus061","locus165",0.015582,1,NA,NA,1,NA,0.360426,NA,NA,1
"locus061","locus170",0.291914,0.35838,NA,NA,0.428626,NA,0.3385,NA,NA,0
"locus061","locus176",0.06405,0.678298,NA,NA,0.141624,NA,0.579274,NA,NA,0
"locus061","locus184",0.55826,1,NA,NA,1,NA,0.73912,NA,NA,0
"locus061","locus186",0.72664,0.570528,NA,NA,1,NA,0.902316,NA,NA,0
"locus061","locus188",0.60971,0.493074,NA,NA,1,NA,0.303784,NA,NA,0
"locus061","locus189",0.891652,0.037218,Inf,NA,1,NA,0.939712,NA,NA,1
"locus061","locus190",0.712932,1,Inf,NA,1,NA,0.89627,NA,NA,0
"locus061","locus191",0.678568,1,NA,NA,1,NA,0.474242,NA,NA,0
"locus061","locus192",0.686676,0.284752,NA,NA,1,NA,0.9424,NA,NA,0
"locus061","locus195",0.53559,1,NA,NA,0.57162,NA,0.115796,NA,NA,0
"locus061","locus202",0.924824,1,NA,NA,1,NA,0.776384,NA,NA,0
"locus061","locus210",0.088886,1,NA,NA,1,NA,0.127448,1,NA,0
"locus061","locus215",1,0.465146,NA,NA,1,NA,0.01888,NA,NA,1
"locus061","locus227",0.280372,1,Inf,NA,Inf,Inf,0.728064,NA,NA,0
"locus061","locus231",0.337156,0.427466,NA,NA,1,NA,0.446272,NA,NA,0
"locus061","locus235",0.656938,0.643356,NA,NA,1,NA,0.927298,NA,NA,0
"locus061","locus236",1,1,NA,NA,0.429906,NA,0.684152,NA,NA,0
"locus061","locus237",0.35608,1,NA,NA,0.42709,NA,0.953732,NA,NA,0
"locus061","locus239",0.690712,1,NA,NA,1,NA,0.638832,NA,NA,0
"locus061","locus248",0.477486,0.570562,NA,NA,0.283746,NA,0.868192,1,NA,0
"locus061","locus255",0.822718,1,NA,NA,1,NA,NA,NA,NA,0
"locus061","locus256",0.151124,1,NA,NA,0.568604,Inf,0.56554,NA,NA,0
"locus061","locus263",0.670132,0.571952,NA,NA,1,NA,0.158076,NA,NA,0
"locus061","locus264",0.210434,0.250266,NA,NA,1,NA,0.418094,NA,NA,0
"locus061","locus274",0.26404,0.571456,Inf,NA,1,NA,0.337954,NA,NA,0
"locus061","locus280",0.104224,1,NA,NA,0.5705,NA,0.62683,0.143294,NA,0
"locus061","locus282",0.835424,1,NA,NA,0.427732,1,0.14025,NA,NA,0
"locus061","locus286",0.709906,1,NA,NA,1,NA,1,NA,NA,0
"locus061","locus291",0.813914,1,NA,NA,0.285954,Inf,0.044738,NA,NA,1
"locus061","locus292",0.61846,0.57197,Inf,NA,1,NA,0.611434,NA,NA,0
"locus061","locus296",0.086708,1,NA,NA,1,NA,0.826862,NA,NA,0
"locus061","locus301",0.144512,1,NA,NA,0.571092,NA,0.13289,NA,NA,0
"locus061","locus314",0.77196,0.571328,Inf,NA,1,NA,0.417456,NA,NA,0
"locus061","locus321",0.932924,1,NA,NA,1,NA,0.179168,0.25618,NA,0
"locus061","locus322",0.038812,0.464052,NA,NA,0.42994,NA,0.897,NA,NA,1
"locus061","locus323",0.633358,0.106218,NA,NA,1,NA,0.649536,NA,NA,0
"locus061","locus329",0.65797,1,NA,NA,1,NA,0.5364,NA,NA,0
"locus061","locus332",0.283402,1,NA,NA,0.428168,NA,0.729762,NA,NA,0
"locus061","locus349",0.8276,0.108352,NA,NA,1,NA,0.4298,NA,NA,0
"locus061","locus358",0.63131,1,NA,NA,0.427662,1,0.810054,NA,NA,0
"locus061","locus359",0.812272,0.641584,NA,NA,1,NA,0.0333,NA,NA,1
"locus061","locus360",0.52418,1,Inf,NA,1,NA,0.649992,NA,NA,0
"locus062","locus064",0.098354,1,NA,NA,0.56943,NA,0.692006,NA,1,0
"locus062","locus065",0.847364,0.249948,NA,NA,1,NA,0.23804,NA,1,0
"locus062","locus073",0.124362,1,NA,NA,0.486738,NA,0.475976,NA,0.141998,0
"locus062","locus074",0.931466,1,NA,NA,0.229426,NA,0.258616,NA,0.280678,0
"locus062","locus076",0.991376,1,NA,NA,0.490018,NA,0.681366,NA,0.773194,0
"locus062","locus077",0.687978,0.250838,NA,NA,1,NA,0.754646,NA,1,0
"locus062","locus080",0.102284,0.499724,NA,NA,1,NA,0.04251,NA,0.447834,1
"locus062","locus083",0.500796,0.249832,NA,NA,0.166584,NA,0.905728,NA,0.206834,0
"locus062","locus088",0.062122,0.502684,NA,NA,1,NA,0.203448,NA,0.19928,0
"locus062","locus093",1,Inf,Inf,NA,Inf,NA,0.445916,NA,0.2858,0
"locus062","locus096",0.684986,1,NA,NA,1,NA,1,NA,1,0
"locus062","locus098",0.565274,0.37415,NA,NA,1,1,0.574998,NA,1,0
"locus062","locus100",0.912688,1,NA,NA,0.230112,NA,0.00922,NA,0.524046,1
"locus062","locus106",0.18687,Inf,NA,NA,0.571214,NA,0.074716,NA,0.635846,0
"locus062","locus110",0.850192,Inf,NA,NA,NA,NA,0.39331,NA,NA,0
"locus062","locus116",0.099392,1,NA,NA,0.657322,NA,0.692708,NA,NA,0
"locus062","locus119",0.189764,0.499464,NA,NA,1,NA,0.293404,NA,NA,0
"locus062","locus120",0.845546,1,NA,NA,1,NA,0.194528,1,NA,0
"locus062","locus126",0.961642,Inf,NA,NA,0.05712,NA,0.077572,NA,NA,0
"locus062","locus128",0.924292,1,NA,NA,0.656478,NA,0.958128,NA,NA,0
"locus062","locus129",0.250886,0.499484,0.502324,NA,0.283806,NA,0.358182,NA,NA,0
"locus062","locus130",0.76225,1,Inf,NA,0.40089,NA,0.687478,NA,NA,0
"locus062","locus134",0.235622,0.376002,NA,NA,0.654488,Inf,0.194266,NA,NA,0
"locus062","locus135",0.546362,1,NA,NA,0.013526,Inf,0.371656,NA,NA,1
"locus062","locus137",0.72486,1,NA,NA,0.571682,NA,0.332994,NA,NA,0
"locus062","locus139",0.911286,1,Inf,NA,1,NA,0.796226,0.429366,NA,0
"locus062","locus140",0.913606,1,Inf,NA,1,NA,0.794152,NA,NA,0
"locus062","locus146",0.40947,1,NA,1,0.571804,NA,0.862852,NA,NA,0
"locus062","locus148",0.892016,0.249434,NA,NA,0.102706,NA,0.364422,NA,NA,0
"locus062","locus151",0.317894,1,NA,1,1,NA,0.048752,NA,NA,1
"locus062","locus157",0.937758,1,NA,NA,1,NA,0.850894,NA,NA,0
"locus062","locus161",0.532746,1,1,NA,0.143794,NA,0.699022,0.332734,NA,0
"locus062","locus165",0.971552,1,NA,NA,1,NA,0.157636,NA,NA,0
"locus062","locus170",0.144412,1,1,1,1,NA,0.417134,NA,NA,0
"locus062","locus176",1,1,Inf,NA,0.655476,NA,0.426818,NA,NA,0
"locus062","locus184",0.24004,1,NA,NA,0.571644,NA,0.891756,NA,NA,0
"locus062","locus186",0.35101,0.251062,NA,NA,1,NA,0.216062,NA,NA,0
"locus062","locus188",0.473054,1,Inf,NA,0.59762,NA,0.223604,NA,NA,0
"locus062","locus189",0.218694,1,Inf,0.500378,0.655798,NA,0.31003,NA,NA,0
"locus062","locus190",0.447788,1,Inf,NA,1,NA,0.804402,NA,NA,0
"locus062","locus191",0.806974,0.499918,NA,NA,1,NA,0.011348,NA,NA,1
"locus062","locus192",0.689248,1,NA,NA,1,NA,0.80667,NA,NA,0
"locus062","locus195",0.39822,1,NA,NA,1,NA,0.779806,NA,NA,0
"locus062","locus202",0.237328,1,NA,NA,0.11311,NA,0.185352,NA,NA,0
"locus062","locus210",0.245212,0.497816,NA,NA,1,NA,0.211134,1,NA,0
"locus062","locus215",0.789004,1,NA,NA,0.488422,NA,0.78829,NA,NA,0
"locus062","locus227",0.485426,1,Inf,NA,Inf,NA,0.53128,NA,NA,0
"locus062","locus231",0.4273,1,NA,NA,1,NA,0.66326,NA,NA,0
"locus062","locus235",0.403268,0.37384,NA,NA,1,NA,0.238272,NA,NA,0
"locus062","locus236",0.586348,0.12523,NA,NA,1,NA,0.71489,NA,NA,0
"locus062","locus237",0.336536,1,NA,NA,1,NA,0.395916,NA,NA,0
"locus062","locus239",0.833274,0.372852,NA,NA,1,NA,0.604248,NA,NA,0
"locus062","locus248",0.611108,1,NA,NA,1,NA,0.581978,0.256674,NA,0
"locus062","locus255",0.12221,1,NA,NA,1,NA,NA,NA,NA,0
"locus062","locus256",0.981776,1,NA,0.501908,0.486728,NA,0.961584,NA,NA,0
"locus062","locus263",0.48836,1,Inf,Inf,1,NA,0.75249,NA,NA,0
"locus062","locus264",0.138576,0.24856,NA,NA,1,NA,0.090642,NA,NA,0
"locus062","locus274",0.239842,0.49986,0.333016,NA,0.82906,NA,0.552012,NA,NA,0
"locus062","locus280",0.668614,1,NA,NA,0.48789,NA,0.233798,0.659926,NA,0
"locus062","locus282",0.477924,0.496716,NA,NA,1,0.33426,0.896434,NA,NA,0
"locus062","locus286",0.743714,1,NA,NA,0.14131,NA,1,NA,NA,0
"locus062","locus291",0.988462,0.377048,NA,NA,1,NA,0.73041,NA,NA,0
"locus062","locus292",0.768854,1,1,NA,1,NA,0.580752,NA,NA,0
"locus062","locus296",0.609218,1,NA,NA,0.569992,NA,0.933912,NA,NA,0
"locus062","locus301",0.47382,1,NA,NA,1,NA,0.375144,NA,NA,0
"locus062","locus314",0.293508,0.570418,NA,NA,1,NA,0.06856,NA,NA,0
"locus062","locus321",0.905406,0.497888,NA,1,0.487212,NA,0.555968,0.772508,NA,0
"locus062","locus322",0.08123,1,NA,NA,1,NA,0.21814,NA,NA,0
"locus062","locus323",0.874894,1,NA,NA,1,Inf,0.547844,NA,NA,0
"locus062","locus329",0.186912,0.250634,NA,NA,0.485408,NA,0.05626,NA,NA,0
"locus062","locus332",0.665208,1,NA,NA,1,NA,0.756108,NA,NA,0
"locus062","locus349",0.65513,1,NA,NA,1,NA,0.029772,NA,NA,1
"locus062","locus358",0.614066,1,NA,1,0.057278,0.333602,0.78958,NA,NA,0
"locus062","locus359",0.401536,1,NA,NA,1,NA,0.453714,NA,NA,0
"locus062","locus360",0.249158,0.374724,NA,NA,0.658376,NA,0.86391,NA,NA,0
"locus064","locus065",0.695858,1,NA,NA,1,NA,0.12926,NA,0.294998,0
"locus064","locus073",0.822444,1,NA,NA,0.57218,NA,0.222752,NA,0.334558,0
"locus064","locus074",0.415908,0.249618,NA,NA,0.334384,NA,0.777992,NA,1,0
"locus064","locus076",0.213124,1,NA,NA,0.09656,NA,1,NA,0.646692,0
"locus064","locus077",0.135068,1,NA,NA,0.142668,NA,0.318088,NA,1,0
"locus064","locus080",0.829096,1,NA,NA,1,NA,0.418848,NA,1,0
"locus064","locus083",0.374766,0.57088,NA,NA,1,NA,0.279016,NA,1,0
"locus064","locus088",0.866998,1,NA,NA,1,NA,0.654496,NA,1,0
"locus064","locus093",1,Inf,Inf,NA,Inf,NA,1,NA,Inf,0
"locus064","locus096",0.376168,1,NA,NA,1,NA,0.683768,NA,0.53849,0
"locus064","locus098",0.747076,0.46557,NA,NA,1,0.331822,0.794656,NA,1,0
"locus064","locus100",0.670506,1,NA,NA,1,NA,0.466294,NA,1,0
"locus064","locus106",0.30604,Inf,NA,NA,0.523528,NA,0.381744,NA,1,0
"locus064","locus110",0.107448,1,NA,NA,NA,NA,0.269056,NA,NA,0
"locus064","locus116",0.434108,0.21448,NA,NA,1,NA,0.197154,NA,NA,0
"locus064","locus119",0.59679,0.21373,NA,NA,1,NA,0.525864,NA,NA,0
"locus064","locus120",0.455068,0.249232,NA,NA,0.285904,NA,0.466864,1,NA,0
"locus064","locus126",0.236858,1,NA,NA,0.142576,NA,0.807922,NA,NA,0
"locus064","locus128",0.149678,0.4647,NA,NA,1,NA,0.698784,NA,NA,0
"locus064","locus129",0.082378,1,0.49691,NA,0.524636,NA,0.50068,NA,NA,0
"locus064","locus130",0.563456,1,Inf,NA,0.467418,NA,0.03077,NA,NA,1
"locus064","locus134",0.398858,0.463546,NA,NA,0.618324,Inf,0.948262,NA,NA,0
"locus064","locus135",0.132128,0.680034,NA,NA,0.57137,NA,0.831992,NA,NA,0
"locus064","locus137",0.72523,1,NA,NA,0.046274,NA,0.12492,NA,NA,1
"locus064","locus139",0.81698,1,Inf,NA,1,NA,0.69546,0.661216,NA,0
"locus064","locus140",0.817328,1,Inf,NA,1,NA,0.692928,NA,NA,0
"locus064","locus146",0.760656,1,NA,1,0.522582,NA,0.119794,NA,NA,0
"locus064","locus148",0.466492,1,NA,NA,0.57071,NA,0.892048,NA,NA,0
"locus064","locus151",0.310414,0.428276,NA,1,0.620064,NA,0.330426,NA,NA,0
"locus064","locus157",0.79224,0.463998,NA,NA,1,NA,0.37542,NA,NA,0
"locus064","locus161",0.244056,0.106762,1,NA,1,NA,0.156968,0.570086,NA,0
"locus064","locus165",0.92705,1,NA,NA,1,NA,0.875782,NA,NA,0
"locus064","locus170",0.906478,0.356776,1,1,1,NA,0.695454,NA,NA,0
"locus064","locus176",0.828404,0.676306,Inf,NA,0.620406,NA,0.277222,NA,NA,0
"locus064","locus184",0.44246,1,NA,NA,1,NA,0.718454,NA,NA,0
"locus064","locus186",0.87737,0.56985,NA,NA,1,NA,0.05053,NA,NA,0
"locus064","locus188",0.278714,0.498044,Inf,NA,0.428174,NA,0.582182,NA,NA,0
"locus064","locus189",0.459818,0.03451,Inf,0.497124,1,NA,0.483714,NA,NA,1
"locus064","locus190",0.776128,1,Inf,NA,1,NA,0.630932,NA,NA,0
"locus064","locus191",0.595886,1,NA,NA,0.33536,NA,0.977582,NA,NA,0
"locus064","locus192",0.148754,0.283248,NA,NA,0.522994,NA,0.080466,NA,NA,0
"locus064","locus195",0.633486,1,NA,NA,1,Inf,0.821372,NA,NA,0
"locus064","locus202",0.604718,1,NA,NA,0.047394,NA,0.822452,NA,NA,1
"locus064","locus210",0.968024,1,NA,NA,0.571082,NA,0.873112,1,NA,0
"locus064","locus215",0.939108,0.46372,NA,NA,1,NA,0.788896,NA,NA,0
"locus064","locus227",0.739528,1,Inf,NA,Inf,NA,0.684254,NA,NA,0
"locus064","locus231",0.5109,0.427842,NA,NA,1,NA,0.493154,NA,NA,0
"locus064","locus235",0.796694,0.642592,NA,NA,1,NA,0.577004,NA,NA,0
"locus064","locus236",0.43347,1,NA,NA,1,NA,0.347822,NA,NA,0
"locus064","locus237",0.382826,1,NA,NA,1,NA,0.11741,NA,NA,0
"locus064","locus239",0.435742,1,NA,NA,0.143816,NA,1,NA,NA,0
"locus064","locus248",0.756484,0.572046,NA,NA,0.523552,NA,0.129202,1,NA,0
"locus064","locus255",0.449394,1,NA,NA,1,NA,NA,NA,NA,0
"locus064","locus256",0.936964,1,NA,0.498588,1,NA,0.379632,NA,NA,0
"locus064","locus263",0.41766,0.571108,Inf,Inf,1,NA,1,NA,NA,0
"locus064","locus264",0.00684,0.251284,NA,NA,0.142526,NA,0.266988,NA,NA,1
"locus064","locus274",0.790226,0.572388,0.334062,NA,1,NA,0.292704,NA,NA,0
"locus064","locus280",0.269516,1,NA,NA,1,NA,0.295132,1,NA,0
"locus064","locus282",0.82993,1,NA,NA,1,1,0.610684,NA,NA,0
"locus064","locus286",0.596682,1,NA,NA,1,NA,0.323596,NA,NA,0
"locus064","locus291",0.276876,1,NA,NA,1,NA,0.717228,NA,NA,0
"locus064","locus292",0.567762,0.572748,1,NA,0.571592,NA,0.733728,NA,NA,0
"locus064","locus296",0.665886,1,NA,NA,0.04778,NA,0.8923,NA,NA,1
"locus064","locus301",0.517362,1,NA,NA,0.427862,NA,0.559328,NA,NA,0
"locus064","locus314",0.55807,0.570236,NA,NA,0.524268,NA,0.688052,NA,NA,0
"locus064","locus321",0.483402,1,NA,1,1,NA,0.616446,1,NA,0
"locus064","locus322",0.353754,0.46376,NA,NA,1,NA,0.537444,NA,NA,0
"locus064","locus323",0.669298,0.10787,NA,NA,0.428578,NA,0.59001,NA,NA,0
"locus064","locus329",0.337684,1,NA,NA,0.573154,NA,1,NA,NA,0
"locus064","locus332",0.903938,1,NA,NA,0.427864,NA,0.493092,NA,NA,0
"locus064","locus349",0.936394,0.10628,NA,NA,1,NA,0.656294,NA,NA,0
"locus064","locus358",0.621212,1,NA,1,0.42826,1,0.221374,NA,NA,0
"locus064","locus359",1,0.642994,NA,NA,1,NA,0.080094,NA,NA,0
"locus064","locus360",0.092414,1,NA,NA,0.618728,NA,0.270736,NA,NA,0
"locus065","locus073",0.316428,1,NA,NA,1,NA,0.654738,NA,0.331994,0
"locus065","locus074",0.697072,1,NA,NA,0.43003,NA,0.43874,NA,0.281834,0
"locus065","locus076",0.577432,1,NA,NA,1,NA,0.901198,NA,0.64363,0
"locus065","locus077",0.66384,1,NA,NA,1,NA,0.315284,NA,0.615472,0
"locus065","locus080",0.272336,0.213286,NA,NA,1,NA,0.324448,NA,1,0
"locus065","locus083",1,1,NA,NA,1,NA,0.673102,NA,1,0
"locus065","locus088",0.462194,1,NA,NA,0.428686,NA,1,NA,0.553794,0
"locus065","locus093",1,Inf,Inf,NA,Inf,NA,1,NA,Inf,0
"locus065","locus096",0.72508,0.571144,NA,NA,1,NA,0.616404,NA,0.5385,0
"locus065","locus098",0.548546,1,NA,NA,0.143362,Inf,1,NA,1,0
"locus065","locus100",0.413602,1,NA,NA,0.427488,NA,0.478808,NA,1,0
"locus065","locus106",0.056766,Inf,NA,NA,1,NA,0.15781,NA,1,0
"locus065","locus110",0.293652,1,NA,NA,NA,NA,0.256648,NA,NA,0
"locus065","locus116",0.720886,0.359408,NA,NA,1,NA,0.01562,NA,NA,1
"locus065","locus119",0.492328,0.214584,NA,NA,1,NA,0.591424,NA,NA,0
"locus065","locus120",1,1,NA,NA,1,NA,0.704506,0.42983,NA,0
"locus065","locus126",0.625472,1,NA,NA,0.430448,NA,0.856594,NA,NA,0
"locus065","locus128",1,0.464482,NA,NA,1,NA,0.234042,NA,NA,0
"locus065","locus129",0.329444,1,1,NA,1,NA,0.942026,NA,NA,0
"locus065","locus130",0.324674,0.464158,Inf,NA,1,NA,0.571836,NA,NA,0
"locus065","locus134",0.568146,1,NA,NA,0.427012,Inf,0.638892,NA,NA,0
"locus065","locus135",0.597804,1,NA,NA,1,NA,0.629366,NA,NA,0
"locus065","locus137",1,0.251594,NA,NA,1,NA,0.17126,NA,NA,0
"locus065","locus139",1,1,Inf,NA,1,NA,0.726326,1,NA,0
"locus065","locus140",1,1,Inf,NA,1,NA,0.725618,NA,NA,0
"locus065","locus146",0.843212,0.571258,NA,0.39962,1,NA,1,NA,NA,0
"locus065","locus148",0.100916,0.46219,NA,NA,1,NA,0.8787,NA,NA,0
"locus065","locus151",0.377088,0.428926,NA,1,0.431654,NA,0.884734,NA,NA,0
"locus065","locus157",0.442452,0.46623,NA,NA,0.143724,NA,0.837754,NA,NA,0
"locus065","locus161",1,1,1,NA,1,NA,0.773122,1,NA,0
"locus065","locus165",0.633164,0.574356,NA,NA,1,NA,0.118898,NA,NA,0
"locus065","locus170",0.164408,0.57072,0.501276,1,1,NA,0.739048,NA,NA,0
"locus065","locus176",1,0.681102,Inf,NA,0.428874,NA,0.30192,NA,NA,0
"locus065","locus184",0.221202,0.427694,NA,NA,0.285072,NA,0.427102,NA,NA,0
"locus065","locus186",0.408068,1,NA,NA,0.428562,NA,0.50109,NA,NA,0
"locus065","locus188",0.300262,0.71657,Inf,NA,1,NA,0.791072,NA,NA,0
"locus065","locus189",0.409262,0.67908,Inf,0.498596,1,NA,0.563062,NA,NA,0
"locus065","locus190",0.876904,0.429004,Inf,NA,0.141398,NA,0.205546,NA,NA,0
"locus065","locus191",0.615548,0.213856,NA,NA,0.427102,NA,0.661994,NA,NA,0
"locus065","locus192",1,0.642266,NA,NA,1,NA,0.619446,NA,NA,0
"locus065","locus195",0.852062,0.465126,NA,NA,0.569368,NA,1,NA,NA,0
"locus065","locus202",0.634698,1,NA,NA,0.141298,NA,0.804546,NA,NA,0
"locus065","locus210",0.291032,1,NA,NA,1,NA,0.495994,Inf,NA,0
"locus065","locus215",0.389482,0.464592,NA,NA,1,NA,0.604606,NA,NA,0
"locus065","locus227",0.855208,0.463516,Inf,NA,Inf,NA,0.436278,NA,NA,0
"locus065","locus231",0.179562,0.429104,NA,NA,1,NA,0.300484,NA,NA,0
"locus065","locus235",0.406282,1,NA,NA,0.14287,NA,0.800384,NA,NA,0
"locus065","locus236",0.729108,0.216866,NA,NA,1,NA,0.5945,NA,NA,0
"locus065","locus237",1,1,NA,NA,0.142222,NA,0.112306,NA,NA,0
"locus065","locus239",0.455126,0.035254,NA,NA,1,NA,0.899814,NA,NA,1
"locus065","locus248",0.753714,0.571488,NA,NA,0.284874,NA,0.795908,1,NA,0
"locus065","locus255",0.553304,1,NA,NA,1,NA,NA,NA,NA,0
"locus065","locus256",0.535024,1,NA,0.500458,0.569974,NA,0.753618,NA,NA,0
"locus065","locus263",1,0.572428,1,Inf,1,NA,0.328238,NA,NA,0
"locus065","locus264",0.850126,0.677076,NA,NA,1,NA,0.871034,NA,NA,0
"locus065","locus274",0.858848,1,1,NA,0.572816,NA,1,NA,NA,0
"locus065","locus280",0.40553,0.571274,NA,NA,1,NA,0.683784,1,NA,0
"locus065","locus282",0.846762,0.21325,NA,NA,0.142338,Inf,0.903634,NA,NA,0
"locus065","locus286",0.579812,1,NA,NA,1,NA,0.409036,NA,NA,0
"locus065","locus291",1,0.10636,NA,NA,1,NA,0.210206,NA,NA,0
"locus065","locus292",0.720158,0.573694,1,NA,1,NA,0.332238,NA,NA,0
"locus065","locus296",0.361094,1,NA,NA,1,NA,0.609108,NA,NA,0
"locus065","locus301",0.482886,1,NA,NA,1,NA,0.44207,NA,NA,0
"locus065","locus314",0.13405,0.429164,NA,NA,0.287282,NA,1,NA,NA,0
"locus065","locus321",0.877016,1,NA,1,0.571072,NA,0.492314,1,NA,0
"locus065","locus322",0.463206,0.465052,NA,NA,0.143296,NA,0.270934,NA,NA,0
"locus065","locus323",0.200596,1,NA,NA,0.428132,NA,0.69758,NA,NA,0
"locus065","locus329",0.715988,1,NA,NA,1,NA,0.54976,NA,NA,0
"locus065","locus332",1,0.57082,NA,NA,0.4285,NA,0.018978,NA,NA,1
"locus065","locus349",0.76067,1,NA,NA,1,NA,0.726864,NA,NA,0
"locus065","locus358",0.34269,1,NA,1,1,Inf,0.421778,NA,NA,0
"locus065","locus359",0.165554,0.644146,NA,NA,1,NA,0.003618,NA,NA,1
"locus065","locus360",0.639828,1,NA,NA,0.427112,NA,0.417194,NA,NA,0
"locus073","locus074",1,1,NA,NA,1,NA,0.643712,NA,1,0
"locus073","locus076",0.880976,1,NA,NA,0.831688,NA,0.082238,NA,1,0
"locus073","locus077",0.244204,0.428042,NA,NA,1,NA,1,NA,0.789408,0
"locus073","locus080",0.768506,1,Inf,NA,1,NA,0.398272,NA,0.565034,0
"locus073","locus083",0.18331,1,NA,NA,0.499262,NA,0.816108,NA,0.592756,0
"locus073","locus088",0.591842,0.028848,NA,NA,1,NA,1,NA,0.713222,1
"locus073","locus093",0.513284,Inf,Inf,NA,Inf,NA,1,NA,0.286388,0
"locus073","locus096",0.957734,0.429122,NA,NA,1,NA,0.028312,NA,0.27058,1
"locus073","locus098",0.020474,1,NA,NA,1,0.333416,1,NA,0.857428,1
"locus073","locus100",0.57715,0.486178,NA,NA,1,NA,0.435086,NA,0.364774,0
"locus073","locus106",0.442196,Inf,NA,NA,1,NA,0.518236,NA,1,0
"locus073","locus110",0.658872,0.400154,NA,NA,NA,NA,0.152184,NA,NA,0
"locus073","locus116",0.905394,0.484906,NA,NA,1,NA,0.695534,NA,NA,0
"locus073","locus119",0.5142,0.48523,NA,NA,0.57066,NA,0.758316,NA,NA,0
"locus073","locus120",0.92489,1,NA,NA,0.14192,NA,0.29858,1,NA,0
"locus073","locus126",0.54419,0.48471,NA,NA,0.226918,NA,0.671362,NA,NA,0
"locus073","locus128",0.251024,1,NA,NA,0.223538,NA,0.624258,NA,NA,0
"locus073","locus129",0.224756,0.142632,0.332422,NA,0.28479,NA,0.537052,NA,NA,0
"locus073","locus130",0.25371,1,NA,NA,0.066012,NA,1,NA,NA,0
"locus073","locus134",0.218646,1,NA,NA,1,Inf,0.090564,NA,NA,0
"locus073","locus135",0.69803,1,NA,NA,0.483878,NA,0.997478,NA,NA,0
"locus073","locus137",0.765228,1,NA,NA,0.571354,NA,0.982224,NA,NA,0
"locus073","locus139",0.628204,1,Inf,NA,1,NA,0.01124,1,NA,1
"locus073","locus140",0.632318,1,Inf,NA,1,NA,0.01062,NA,NA,1
"locus073","locus146",0.869964,1,NA,1,1,NA,0.009886,NA,NA,1
"locus073","locus148",0.927858,0.426628,NA,NA,1,NA,0.150286,NA,NA,0
"locus073","locus151",0.78765,0.486552,NA,1,1,NA,0.416542,NA,NA,0
"locus073","locus157",0.870762,1,NA,NA,1,NA,0.52356,NA,NA,0
"locus073","locus161",0.652698,1,1,NA,1,NA,0.510864,0.522366,NA,0
"locus073","locus165",0.598988,0.485452,Inf,NA,0.200214,NA,1,NA,NA,0
"locus073","locus170",0.968868,1,0.333382,1,1,NA,0.027726,NA,NA,1
"locus073","locus176",0.474814,1,NA,NA,1,NA,0.616858,NA,NA,0
"locus073","locus184",0.948118,0.485296,NA,NA,0.572774,NA,0.741226,NA,NA,0
"locus073","locus186",0.139896,1,NA,NA,1,NA,0.526412,NA,NA,0
"locus073","locus188",0.381238,1,NA,NA,1,NA,0.086886,NA,NA,0
"locus073","locus189",0.638064,0.05738,Inf,1,0.228202,NA,0.655222,NA,NA,0
"locus073","locus190",0.118804,1,Inf,NA,0.65934,NA,0.225526,NA,NA,0
"locus073","locus191",0.949168,0.485784,NA,NA,0.658094,NA,0.583618,NA,NA,0
"locus073","locus192",0.8917,0.425916,NA,NA,1,NA,0.023116,NA,NA,1
"locus073","locus195",0.181408,0.14337,NA,NA,0.485322,NA,0.10671,NA,NA,0
"locus073","locus202",0.45273,1,NA,NA,0.226332,NA,0.123318,NA,NA,0
"locus073","locus210",0.674828,0.659218,NA,NA,0.489768,NA,0.733388,1,NA,0
"locus073","locus215",0.456998,1,NA,NA,1,NA,0.930538,NA,NA,0
"locus073","locus227",0.157604,1,Inf,NA,Inf,NA,0.226288,NA,NA,0
"locus073","locus231",0.62254,0.487058,NA,NA,1,NA,0.288528,NA,NA,0
"locus073","locus235",0.74475,1,NA,NA,1,NA,0.342064,NA,NA,0
"locus073","locus236",0.315038,0.142374,NA,NA,1,NA,0.319856,NA,NA,0
"locus073","locus237",0.952608,1,NA,NA,0.113486,NA,0.45923,NA,NA,0
"locus073","locus239",0.135186,1,NA,NA,1,NA,0.92094,NA,NA,0
"locus073","locus248",0.751232,0.427932,NA,NA,0.571152,NA,0.139686,0.428806,NA,0
"locus073","locus255",0.600758,0.028242,NA,NA,0.571894,NA,NA,NA,NA,1
"locus073","locus256",0.7981,1,NA,1,0.82869,NA,0.740174,NA,NA,0
"locus073","locus263",0.3165,1,0.333572,Inf,1,NA,0.163848,NA,NA,0
"locus073","locus264",0.79172,0.22802,NA,NA,1,NA,0.553524,NA,NA,0
"locus073","locus274",0.351496,1,1,NA,0.82905,NA,0.68278,NA,NA,0
"locus073","locus280",0.414738,1,NA,NA,0.827412,NA,0.51782,1,NA,0
"locus073","locus282",0.545032,1,NA,NA,0.11424,1,0.544582,NA,NA,0
"locus073","locus286",1,1,NA,NA,1,NA,0.537662,NA,NA,0
"locus073","locus291",0.794602,1,NA,NA,0.571158,NA,0.70474,NA,NA,0
"locus073","locus292",0.599952,0.483454,1,NA,0.4887,NA,0.169916,NA,NA,0
"locus073","locus296",0.665602,1,NA,NA,0.573822,NA,0.950652,NA,NA,0
"locus073","locus301",0.838708,0.428252,NA,NA,0.484798,NA,0.5966,NA,NA,0
"locus073","locus314",0.229254,0.312004,NA,NA,1,NA,0.701626,NA,NA,0
"locus073","locus321",0.891178,0.029102,NA,0.399598,0.48908,NA,0.833096,1,NA,1
"locus073","locus322",0.868012,1,NA,NA,0.23021,NA,0.84266,NA,NA,0
"locus073","locus323",0.96325,1,NA,NA,1,NA,0.438912,NA,NA,0
"locus073","locus329",0.74362,0.428478,NA,NA,0.482038,NA,0.140342,NA,NA,0
"locus073","locus332",0.13675,1,NA,NA,1,NA,0.312346,NA,NA,0
"locus073","locus349",0.798526,1,Inf,NA,0.23039,NA,0.530394,NA,NA,0
"locus073","locus358",0.449906,1,NA,0.201548,1,1,0.614504,NA,NA,0
"locus073","locus359",0.091942,0.426766,NA,NA,1,NA,0.947434,NA,NA,0
"locus073","locus360",0.78813,0.144402,NA,NA,1,NA,0.626088,NA,NA,0
"locus074","locus076",0.361958,0.679224,NA,NA,0.430346,NA,1,NA,0.45965,0
"locus074","locus077",1,1,NA,NA,0.428586,NA,0.352328,NA,1,0
"locus074","locus080",0.966066,0.742588,NA,NA,0.76875,NA,0.006496,NA,0.695328,1
"locus074","locus083",0.113492,0.680116,NA,NA,0.50186,NA,1,NA,1,0
"locus074","locus088",0.795724,1,NA,NA,1,NA,0.041442,NA,0.162232,1
"locus074","locus093",0.144488,Inf,Inf,NA,Inf,NA,0.054674,NA,1,0
"locus074","locus096",0.150372,1,NA,NA,0.333598,NA,0.865684,NA,0.707174,0
"locus074","locus098",0.522868,0.144298,NA,NA,0.429198,1,0.67862,NA,0.858802,0
"locus074","locus100",0.452582,1,NA,NA,0.258002,NA,0.523204,NA,1,0
"locus074","locus106",0.51686,Inf,NA,NA,0.618844,NA,0.429932,NA,0.167118,0
"locus074","locus110",1,0.600936,NA,NA,NA,NA,0.697622,NA,NA,0
"locus074","locus116",0.145294,1,NA,NA,0.43006,NA,0.569234,NA,NA,0
"locus074","locus119",0.275584,1,NA,NA,0.333206,NA,0.78789,NA,NA,0
"locus074","locus120",0.358444,1,NA,NA,1,NA,0.553522,0.256504,NA,0
"locus074","locus126",0.225718,0.3146,NA,NA,0.659918,NA,0.073416,NA,NA,0
"locus074","locus128",0.58079,0.357838,NA,NA,0.77171,NA,0.163738,NA,NA,0
"locus074","locus129",0.749134,1,1,NA,0.71357,NA,0.635764,NA,NA,0
"locus074","locus130",0.12706,0.35845,NA,NA,1,NA,0.910592,NA,NA,0
"locus074","locus134",0.934148,0.358528,NA,NA,0.067492,Inf,0.133844,NA,NA,0
"locus074","locus135",0.39805,0.067766,NA,NA,0.22876,NA,0.657958,NA,NA,0
"locus074","locus137",0.170548,0.163762,NA,NA,0.334416,NA,0.344048,NA,NA,0
"locus074","locus139",1,1,Inf,NA,0.427388,NA,1,0.427966,NA,0
"locus074","locus140",1,1,Inf,NA,0.428942,NA,1,NA,NA,0
"locus074","locus146",0.699226,1,NA,1,0.62008,NA,0.92651,NA,NA,0
"locus074","locus148",0.721692,0.680912,NA,NA,0.11286,NA,0.177284,NA,NA,0
"locus074","locus151",0.913822,1,NA,1,1,NA,0.125272,NA,NA,0
"locus074","locus157",0.6653,0.680012,NA,NA,0.428294,NA,1,NA,NA,0
"locus074","locus161",0.391336,0.358756,1,NA,0.431342,NA,0.852646,0.33829,NA,0
"locus074","locus165",0.358096,1,NA,NA,0.600572,NA,0.77831,NA,NA,0
"locus074","locus170",0.508418,1,1,1,0.430492,NA,0.187804,NA,NA,0
"locus074","locus176",0.24509,0.870766,NA,NA,0.067404,NA,0.258072,NA,NA,0
"locus074","locus184",0.793574,1,NA,NA,0.14232,NA,0.95561,NA,NA,0
"locus074","locus186",0.255264,1,NA,NA,0.657322,NA,0.133252,NA,NA,0
"locus074","locus188",0.428014,0.057202,NA,NA,0.77099,NA,0.790422,NA,NA,0
"locus074","locus189",0.69261,0.614456,Inf,0.50025,1,NA,0.118192,NA,NA,0
"locus074","locus190",0.940864,0.22765,Inf,NA,0.77417,NA,0.632138,NA,NA,0
"locus074","locus191",0.504888,1,Inf,NA,1,NA,0.625528,NA,NA,0
"locus074","locus192",0.72087,1,NA,NA,0.33968,NA,0.618444,NA,NA,0
"locus074","locus195",0.46065,1,NA,NA,1,NA,0.1783,NA,NA,0
"locus074","locus202",0.263178,1,NA,NA,0.42661,NA,0.832572,NA,NA,0
"locus074","locus210",1,0.25908,NA,NA,0.659064,NA,0.544346,1,NA,0
"locus074","locus215",0.118058,0.356992,NA,NA,0.658058,NA,0.872498,NA,NA,0
"locus074","locus227",0.060148,1,Inf,NA,Inf,NA,0.949448,NA,NA,0
"locus074","locus231",0.33793,1,Inf,NA,0.657366,NA,0.42585,NA,NA,0
"locus074","locus235",0.288976,0.072284,NA,NA,0.43077,NA,0.923746,NA,NA,0
"locus074","locus236",0.564998,0.74196,NA,NA,0.656838,NA,0.787922,NA,NA,0
"locus074","locus237",0.338268,0.678072,NA,NA,0.422388,NA,0.110246,NA,NA,0
"locus074","locus239",0.72629,1,NA,NA,0.42823,NA,0.890402,NA,NA,0
"locus074","locus248",0.770386,0.677192,NA,NA,1,NA,0.297194,0.657238,NA,0
"locus074","locus255",0.670268,1,NA,NA,0.618692,NA,NA,NA,NA,0
"locus074","locus256",0.54238,1,NA,0.501216,1,NA,0.558984,NA,NA,0
"locus074","locus263",0.214944,0.677682,1,Inf,1,NA,1,NA,NA,0
"locus074","locus264",0.415972,0.873128,NA,NA,0.429442,NA,0.211038,NA,NA,0
"locus074","locus274",0.701196,0.743066,0.332066,NA,1,NA,0.273538,NA,NA,0
"locus074","locus280",0.62761,0.16286,NA,NA,1,NA,0.602214,0.255266,NA,0
"locus074","locus282",0.339412,0.744458,NA,NA,0.42789,0.332652,0.37912,NA,NA,0
"locus074","locus286",0.705944,1,NA,NA,0.428812,NA,1,NA,NA,0
"locus074","locus291",0.095204,0.680304,NA,NA,0.333538,NA,0.0412,NA,NA,1
"locus074","locus292",0.822118,0.74255,1,NA,1,NA,0.018808,NA,NA,1
"locus074","locus296",0.757584,0.035476,NA,NA,0.332684,NA,0.212984,NA,NA,1
"locus074","locus301",0.820024,0.21119,NA,NA,0.426768,NA,0.23762,NA,NA,0
"locus074","locus314",0.25112,1,NA,NA,1,NA,0.230846,NA,NA,0
"locus074","locus321",0.620492,1,NA,1,1,NA,0.36828,0.771876,NA,0
"locus074","locus322",0.059342,1,NA,NA,0.771466,NA,0.66301,NA,NA,0
"locus074","locus323",0.42469,0.680512,NA,NA,0.256148,NA,0.347874,NA,NA,0
"locus074","locus329",0.44548,1,NA,NA,1,NA,0.338924,NA,NA,0
"locus074","locus332",0.580508,0.163974,NA,NA,0.256802,NA,0.740542,NA,NA,0
"locus074","locus349",0.61314,0.357084,NA,NA,0.255654,NA,0.561266,NA,NA,0
"locus074","locus358",0.817634,1,NA,1,0.257066,0.332666,0.556316,NA,NA,0
"locus074","locus359",1,1,NA,NA,1,NA,0.44749,NA,NA,0
"locus074","locus360",0.289928,1,NA,NA,0.066322,NA,0.424766,NA,NA,0
"locus076","locus077",0.464438,0.464964,NA,NA,0.143976,NA,0.852698,NA,1,0
"locus076","locus080",0.713182,0.07252,NA,NA,1,NA,0.592772,NA,1,0
"locus076","locus083",0.817492,0.464308,NA,NA,1,NA,0.52563,NA,0.459688,0
"locus076","locus088",0.09045,0.250118,NA,NA,0.65813,NA,0.28648,NA,0.54218,0
"locus076","locus093",1,Inf,Inf,NA,Inf,NA,0.469894,NA,1,0
"locus076","locus096",0.621302,1,NA,NA,0.426616,NA,0.783116,NA,1,0
"locus076","locus098",0.090574,0.197272,NA,NA,1,Inf,0.557386,NA,0.760518,0
"locus076","locus100",0.043864,1,NA,NA,0.656458,NA,0.224826,NA,0.446018,1
"locus076","locus106",0.640378,Inf,NA,NA,0.094268,NA,0.880406,NA,1,0
"locus076","locus110",0.670036,1,NA,NA,NA,NA,0.03109,NA,NA,1
"locus076","locus116",0.002518,0.249948,NA,NA,1,NA,0.300374,NA,NA,1
"locus076","locus119",0.985832,1,NA,NA,0.430558,NA,0.463916,NA,NA,0
"locus076","locus120",0.51714,1,NA,NA,0.57504,NA,0.451244,NA,NA,0
"locus076","locus126",0.05568,0.143554,NA,NA,0.31457,NA,0.23872,NA,NA,0
"locus076","locus128",0.7099,1,NA,NA,1,NA,0.7508,NA,NA,0
"locus076","locus129",0.814696,0.25125,0.332414,NA,1,NA,0.560608,NA,NA,0
"locus076","locus130",1,1,NA,NA,1,NA,0.487038,NA,NA,0
"locus076","locus134",0.065196,1,NA,NA,0.424962,Inf,0.013574,NA,NA,1
"locus076","locus135",0.299546,1,NA,NA,0.484054,NA,0.409924,NA,NA,0
"locus076","locus137",0.041748,0.67925,NA,NA,0.09525,NA,0.009794,NA,NA,2
"locus076","locus139",0.693142,1,Inf,NA,0.143242,NA,0.206696,NA,NA,0
"locus076","locus140",0.69335,1,Inf,NA,0.142986,NA,0.20625,NA,NA,0
"locus076","locus146",0.71584,0.464354,NA,Inf,0.094952,NA,0.358824,NA,NA,0
"locus076","locus148",0.809036,1,NA,NA,0.484634,NA,0.178586,NA,NA,0
"locus076","locus151",0.372218,1,NA,Inf,0.426424,NA,0.875834,NA,NA,0
"locus076","locus157",0.763948,0.643014,NA,NA,1,NA,0.952046,NA,NA,0
"locus076","locus161",0.18149,1,Inf,NA,1,NA,0.694768,NA,NA,0
"locus076","locus165",0.92642,0.251592,NA,NA,1,NA,0.817178,NA,NA,0
"locus076","locus170",0.944194,1,Inf,Inf,0.142666,NA,0.660024,NA,NA,0
"locus076","locus176",0.861426,1,NA,NA,0.428746,NA,0.771062,NA,NA,0
"locus076","locus184",0.15613,1,NA,NA,1,NA,0.013554,NA,NA,1
"locus076","locus186",0.010012,1,NA,NA,1,NA,0.13694,NA,NA,1
"locus076","locus188",0.656688,0.498652,NA,NA,1,NA,0.561738,NA,NA,0
"locus076","locus189",0.591452,1,Inf,Inf,1,NA,0.50049,NA,NA,0
"locus076","locus190",0.073828,1,Inf,NA,1,NA,0.07936,NA,NA,0
"locus076","locus191",0.00066,1,Inf,NA,1,NA,0.067428,NA,NA,1
"locus076","locus192",0.16709,1,NA,NA,0.283814,NA,0.347084,NA,NA,0
"locus076","locus195",0.07359,1,NA,NA,1,NA,0.094184,NA,NA,0
"locus076","locus202",0.036974,1,NA,NA,0.12359,NA,0.61854,NA,NA,1
"locus076","locus210",0.772628,0.284974,NA,NA,0.827778,NA,0.699972,NA,NA,0
"locus076","locus215",0.741546,1,NA,NA,0.485478,NA,0.016152,NA,NA,1
"locus076","locus227",0.131288,0.19801,Inf,NA,Inf,NA,0.059184,NA,NA,0
"locus076","locus231",0.705172,1,Inf,NA,0.656116,NA,0.701558,NA,NA,0
"locus076","locus235",0.470804,0.466208,NA,NA,1,NA,0.12873,NA,NA,0
"locus076","locus236",0.622808,0.679004,NA,NA,1,NA,0.810588,NA,NA,0
"locus076","locus237",0.178842,1,NA,NA,1,NA,0.434328,NA,NA,0
"locus076","locus239",0.657006,1,NA,NA,0.143734,NA,0.051024,NA,NA,0
"locus076","locus248",0.764992,1,NA,NA,1,NA,0.817488,NA,NA,0
"locus076","locus255",0.485494,0.676726,NA,NA,0.428878,NA,NA,NA,NA,0
"locus076","locus256",0.991212,0.375356,NA,Inf,0.309622,NA,0.934776,NA,NA,0
"locus076","locus263",0.531318,0.464068,0.33321,Inf,1,NA,1,NA,NA,0
"locus076","locus264",0.202164,0.680186,NA,NA,0.142678,NA,0.516254,NA,NA,0
"locus076","locus274",0.412056,0.249336,Inf,NA,0.314096,NA,0.724066,NA,NA,0
"locus076","locus280",1,1,NA,NA,1,NA,0.980846,NA,NA,0
"locus076","locus282",0.944116,1,NA,NA,1,Inf,0.830034,NA,NA,0
"locus076","locus286",1,0.374598,NA,NA,1,NA,0.708328,NA,NA,0
"locus076","locus291",0.703822,1,NA,NA,0.430706,NA,0.678108,NA,NA,0
"locus076","locus292",0.914932,1,1,NA,0.827738,NA,0.21781,NA,NA,0
"locus076","locus296",0.36264,1,NA,NA,0.09476,NA,0.55057,NA,NA,0
"locus076","locus301",0.03716,0.107374,NA,NA,0.087316,NA,0.309882,NA,NA,1
"locus076","locus314",1,0.657328,NA,NA,1,NA,0.354188,NA,NA,0
"locus076","locus321",0.422696,0.714256,NA,Inf,1,NA,0.852184,NA,NA,0
"locus076","locus322",0.812094,0.46367,NA,NA,1,NA,0.511756,NA,NA,0
"locus076","locus323",0.235678,0.465412,NA,NA,0.65801,NA,0.335752,NA,NA,0
"locus076","locus329",0.400336,0.465002,NA,NA,0.484836,Inf,0.397312,NA,NA,0
"locus076","locus332",0.772784,1,NA,NA,0.658102,NA,0.145994,NA,NA,0
"locus076","locus349",0.304528,1,NA,NA,1,NA,0.697886,NA,NA,0
"locus076","locus358",0.406898,1,NA,Inf,0.315112,Inf,0.10446,NA,NA,0
"locus076","locus359",0.682626,0.6415,NA,NA,0.570414,NA,0.258114,NA,NA,0
"locus076","locus360",0.377066,0.463678,NA,NA,0.12278,NA,0.8307,NA,NA,0
"locus077","locus080",0.249298,1,NA,NA,0.657662,NA,1,NA,0.339832,0
"locus077","locus083",1,1,NA,NA,1,NA,0.74732,NA,0.559158,0
"locus077","locus088",0.225386,0.215706,NA,NA,1,Inf,0.71418,NA,0.632666,0
"locus077","locus093",1,Inf,Inf,NA,Inf,NA,1,NA,0.28598,0
"locus077","locus096",0.335602,1,NA,NA,0.14334,NA,0.48523,NA,0.496894,0
"locus077","locus098",1,1,NA,NA,1,NA,0.207646,NA,0.555468,0
"locus077","locus100",0.754646,0.428858,NA,NA,1,NA,0.561092,NA,1,0
"locus077","locus106",1,Inf,NA,NA,1,NA,0.697036,NA,0.591188,0
"locus077","locus110",1,Inf,NA,NA,NA,NA,0.672942,NA,NA,0
"locus077","locus116",0.356782,1,NA,NA,1,NA,0.013964,NA,NA,1
"locus077","locus119",0.299306,0.216252,Inf,NA,1,NA,1,NA,NA,0
"locus077","locus120",0.62875,0.24906,NA,NA,0.429706,NA,1,0.429132,NA,0
"locus077","locus126",0.068166,0.42849,Inf,NA,0.484706,NA,0.606778,NA,NA,0
"locus077","locus128",0.670908,0.463678,NA,NA,1,NA,0.151244,NA,NA,0
"locus077","locus129",0.145448,0.214448,Inf,NA,1,Inf,0.971278,NA,NA,0
"locus077","locus130",1,1,NA,NA,1,NA,0.103852,NA,NA,0
"locus077","locus134",0.716602,1,NA,NA,0.427634,Inf,0.284444,NA,NA,0
"locus077","locus135",0.876962,1,NA,NA,1,NA,0.394194,NA,NA,0
"locus077","locus137",1,1,NA,NA,0.143538,NA,0.437074,NA,NA,0
"locus077","locus139",1,1,Inf,NA,0.48632,NA,0.645664,1,NA,0
"locus077","locus140",1,1,Inf,NA,0.486186,NA,0.64431,NA,NA,0
"locus077","locus146",0.69907,1,NA,NA,1,NA,0.151846,NA,NA,0
"locus077","locus148",1,0.463692,NA,NA,1,NA,1,NA,NA,0
"locus077","locus151",0.622424,0.428434,NA,NA,1,NA,1,NA,NA,0
"locus077","locus157",0.656608,1,NA,NA,1,NA,0.672004,NA,NA,0
"locus077","locus161",0.588986,1,NA,NA,1,NA,0.112716,1,NA,0
"locus077","locus165",0.284078,1,NA,NA,0.399782,NA,0.403128,NA,NA,0
"locus077","locus170",1,0.35726,NA,NA,0.486622,NA,0.10311,NA,NA,0
"locus077","locus176",0.700214,1,NA,NA,0.25917,Inf,0.0612,NA,NA,0
"locus077","locus184",0.703578,1,NA,NA,1,NA,0.763942,NA,NA,0
"locus077","locus186",1,1,NA,NA,0.486228,NA,0.086428,NA,NA,0
"locus077","locus188",0.494008,0.501526,NA,NA,0.771598,Inf,0.486928,NA,NA,0
"locus077","locus189",0.815502,0.68122,Inf,NA,0.658416,NA,0.737344,NA,NA,0
"locus077","locus190",0.37347,1,Inf,NA,0.254284,Inf,0.845412,NA,NA,0
"locus077","locus191",1,1,NA,NA,0.656348,NA,0.84926,NA,NA,0
"locus077","locus192",1,0.285884,NA,NA,0.14391,NA,0.719186,NA,NA,0
"locus077","locus195",1,1,NA,NA,0.654706,NA,0.3158,NA,NA,0
"locus077","locus202",0.121066,0.642602,Inf,NA,0.25502,NA,0.391106,NA,NA,0
"locus077","locus210",1,0.072762,NA,NA,0.228782,NA,0.518898,0.399502,NA,0
"locus077","locus215",0.438686,0.465256,NA,NA,1,NA,0.73576,NA,NA,0
"locus077","locus227",0.70765,1,Inf,NA,Inf,NA,0.478038,NA,NA,0
"locus077","locus231",0.161008,0.428172,NA,NA,1,NA,0.021094,NA,NA,1
"locus077","locus235",0.476702,1,NA,NA,1,NA,0.323182,NA,NA,0
"locus077","locus236",1,0.353628,NA,NA,1,NA,1,NA,NA,0
"locus077","locus237",0.457174,0.571048,NA,NA,1,NA,0.253806,NA,NA,0
"locus077","locus239",0.675362,1,NA,NA,0.028162,NA,0.63628,NA,NA,1
"locus077","locus248",0.04328,0.57101,NA,NA,0.428784,NA,0.239722,1,NA,1
"locus077","locus255",1,0.571642,NA,NA,0.141594,NA,NA,NA,NA,0
"locus077","locus256",0.07007,1,Inf,NA,1,NA,0.34059,NA,NA,0
"locus077","locus263",0.663492,0.571614,Inf,NA,1,NA,0.611704,NA,NA,0
"locus077","locus264",0.198092,0.679282,Inf,NA,0.028682,NA,0.546702,NA,NA,1
"locus077","locus274",0.71986,1,Inf,NA,0.658882,NA,0.300436,NA,NA,0
"locus077","locus280",0.121096,1,NA,NA,0.657468,NA,0.189728,1,NA,0
"locus077","locus282",1,1,NA,NA,1,Inf,0.500404,NA,NA,0
"locus077","locus286",1,1,NA,NA,1,NA,0.622314,NA,NA,0
"locus077","locus291",0.122968,1,NA,NA,1,NA,0.485954,NA,NA,0
"locus077","locus292",0.586588,0.572412,Inf,NA,1,NA,0.207424,NA,NA,0
"locus077","locus296",1,1,NA,NA,0.142244,NA,0.701222,NA,NA,0
"locus077","locus301",1,0.64204,NA,NA,0.143684,NA,0.23884,NA,NA,0
"locus077","locus314",1,0.571966,NA,NA,1,NA,1,NA,NA,0
"locus077","locus321",0.735042,0.071816,NA,NA,1,NA,0.162848,0.429292,NA,0
"locus077","locus322",0.804878,0.464168,NA,NA,1,Inf,0.626858,NA,NA,0
"locus077","locus323",0.338912,1,NA,NA,1,NA,1,NA,NA,0
"locus077","locus329",0.119254,0.035394,NA,NA,1,NA,0.86079,NA,NA,1
"locus077","locus332",0.255648,1,NA,NA,0.143368,NA,1,NA,NA,0
"locus077","locus349",1,1,NA,NA,0.485552,NA,0.596162,NA,NA,0
"locus077","locus358",0.648118,0.427836,NA,NA,1,Inf,1,NA,NA,0
"locus077","locus359",1,0.642866,NA,NA,0.428386,NA,0.765546,NA,NA,0
"locus077","locus360",0.348864,0.03615,Inf,NA,0.255178,NA,0.40617,NA,NA,1
"locus080","locus083",0.304068,1,NA,NA,1,NA,0.418076,NA,1,0
"locus080","locus088",0.611032,0.39992,NA,NA,1,0.33354,0.798082,NA,0.093488,0
"locus080","locus093",0.135738,Inf,Inf,NA,Inf,NA,1,NA,1,0
"locus080","locus096",0.65996,0.358302,NA,NA,0.14176,NA,0.015974,NA,0.735508,1
"locus080","locus098",0.68452,1,NA,NA,1,NA,0.201384,NA,0.231724,0
"locus080","locus100",0.335932,1,NA,NA,0.257022,NA,0.058452,NA,0.465388,0
"locus080","locus106",0.14462,Inf,NA,NA,0.334332,NA,0.849638,NA,0.457868,0
"locus080","locus110",0.775222,0.400466,NA,NA,NA,NA,0.58413,NA,NA,0
"locus080","locus116",0.79008,0.26674,NA,NA,1,NA,0.017666,NA,NA,1
"locus080","locus119",0.075344,1,Inf,NA,1,NA,0.328836,NA,NA,0
"locus080","locus120",0.929782,1,NA,NA,1,NA,0.815868,0.428998,NA,0
"locus080","locus126",0.261724,0.25929,Inf,NA,1,NA,0.106018,NA,NA,0
"locus080","locus128",0.447926,0.248544,NA,NA,1,NA,0.968872,NA,NA,0
"locus080","locus129",0.832882,1,Inf,NA,1,0.333608,0.247284,NA,NA,0
"locus080","locus130",0.736022,1,NA,NA,0.198702,NA,0.929126,NA,NA,0
"locus080","locus134",0.583412,0.678004,NA,NA,0.12515,Inf,0.931126,NA,NA,0
"locus080","locus135",0.62616,1,NA,NA,1,NA,0.539534,NA,NA,0
"locus080","locus137",0.930148,0.034474,NA,NA,1,NA,0.012236,NA,NA,2
"locus080","locus139",0.62421,1,Inf,NA,0.65917,NA,0.081438,1,NA,0
"locus080","locus140",0.625266,1,Inf,NA,0.65715,NA,0.082452,NA,NA,0
"locus080","locus146",0.618954,0.571506,NA,1,0.33173,NA,0.684784,NA,NA,0
"locus080","locus148",0.532768,1,NA,NA,0.231526,NA,0.808238,NA,NA,0
"locus080","locus151",0.58377,1,NA,Inf,0.77,NA,0.925356,NA,NA,0
"locus080","locus157",1,1,NA,NA,1,NA,0.26422,NA,NA,0
"locus080","locus161",0.587976,1,NA,NA,1,NA,0.083258,1,NA,0
"locus080","locus165",0.58754,0.269282,NA,NA,0.598866,NA,0.65515,NA,NA,0
"locus080","locus170",0.151862,1,NA,Inf,0.656778,NA,0.84683,NA,NA,0
"locus080","locus176",0.781754,0.740054,NA,NA,0.770814,1,0.539034,NA,NA,0
"locus080","locus184",0.949004,0.142774,NA,NA,1,NA,0.009432,NA,NA,1
"locus080","locus186",0.230392,0.21662,NA,NA,0.657038,NA,0.732034,NA,NA,0
"locus080","locus188",0.147436,0.744224,NA,NA,1,Inf,0.277926,NA,NA,0
"locus080","locus189",0.766342,1,Inf,Inf,0.122792,NA,1,NA,NA,0
"locus080","locus190",0.909976,0.48519,Inf,NA,0.770128,Inf,0.535654,NA,NA,0
"locus080","locus191",0.475376,1,NA,NA,0.769446,NA,0.786152,NA,NA,0
"locus080","locus192",0.491242,1,NA,NA,0.143442,NA,0.319344,NA,NA,0
"locus080","locus195",0.09893,0.248062,NA,NA,1,NA,0.572264,NA,NA,0
"locus080","locus202",0.329838,1,Inf,NA,1,NA,0.042582,NA,NA,1
"locus080","locus210",0.225472,0.83047,NA,NA,0.11632,NA,0.424032,0.400956,NA,0
"locus080","locus215",0.965246,0.248136,NA,NA,0.228622,NA,0.214204,NA,NA,0
"locus080","locus227",0.859106,0.144014,Inf,NA,Inf,NA,0.357242,NA,NA,0
"locus080","locus231",0.94031,1,NA,NA,0.255632,NA,0.032104,NA,NA,1
"locus080","locus235",0.766856,0.534294,NA,NA,1,NA,0.154488,NA,NA,0
"locus080","locus236",0.567092,0.271488,NA,NA,1,NA,0.27979,NA,NA,0
"locus080","locus237",1,1,NA,NA,1,NA,0.713568,NA,NA,0
"locus080","locus239",0.814844,0.540972,NA,NA,0.659596,NA,0.23111,NA,NA,0
"locus080","locus248",0.0056,0.35647,NA,NA,0.618052,NA,0.21596,1,NA,1
"locus080","locus255",1,1,NA,NA,0.334346,NA,NA,NA,NA,0
"locus080","locus256",0.382374,0.125996,Inf,1,0.42483,NA,0.081146,NA,NA,0
"locus080","locus263",0.364398,0.571562,Inf,Inf,0.42839,NA,0.626294,NA,NA,0
"locus080","locus264",0.462166,1,Inf,NA,0.657048,NA,0.602026,NA,NA,0
"locus080","locus274",0.174602,1,Inf,NA,1,NA,0.012562,NA,NA,1
"locus080","locus280",0.073522,1,NA,NA,1,NA,0.641412,1,NA,0
"locus080","locus282",0.974606,1,NA,NA,1,1,0.329948,NA,NA,0
"locus080","locus286",0.881324,0.125132,NA,NA,1,NA,0.78925,NA,NA,0
"locus080","locus291",0.262602,0.67963,NA,NA,1,NA,0.826094,NA,NA,0
"locus080","locus292",0.654908,1,Inf,NA,1,NA,0.77188,NA,NA,0
"locus080","locus296",0.450116,1,NA,NA,1,NA,0.241658,NA,NA,0
"locus080","locus301",0.483002,0.535496,NA,NA,1,NA,0.443138,NA,NA,0
"locus080","locus314",0.052214,1,NA,NA,0.333992,NA,0.62743,NA,NA,0
"locus080","locus321",0.30251,0.827944,NA,0.334458,0.432634,NA,0.902932,0.42613,NA,0
"locus080","locus322",0.908624,0.678914,NA,NA,0.771758,1,0.743838,NA,NA,0
"locus080","locus323",0.493362,0.678172,NA,NA,0.427458,NA,0.518568,NA,NA,0
"locus080","locus329",0.224404,1,NA,NA,0.6614,NA,0.97565,NA,NA,0
"locus080","locus332",0.452594,1,NA,NA,0.259174,NA,0.589686,NA,NA,0
"locus080","locus349",0.00621,1,NA,NA,0.65792,NA,0.409856,NA,NA,1
"locus080","locus358",0.892102,1,NA,0.333948,0.657184,1,0.247254,NA,NA,0
"locus080","locus359",0.7513,0.53462,NA,NA,0.142216,NA,0.690086,NA,NA,0
"locus080","locus360",0.505226,1,Inf,NA,0.769004,NA,0.680626,NA,NA,0
"locus083","locus088",0.82154,1,NA,NA,1,NA,0.674984,NA,0.38787,0
"locus083","locus093",0.116658,Inf,NA,NA,Inf,NA,1,NA,0.42992,0
"locus083","locus096",0.01252,0.571314,NA,NA,1,NA,0.032394,NA,1,2
"locus083","locus098",0.2536,0.107758,NA,NA,1,NA,0.56629,NA,0.209938,0
"locus083","locus100",0.59458,0.427572,NA,NA,1,NA,0.27777,NA,1,0
"locus083","locus106",0.21581,Inf,NA,NA,1,NA,0.532036,NA,1,0
"locus083","locus110",0.545872,1,NA,NA,NA,NA,0.452196,NA,NA,0
"locus083","locus116",0.023776,1,NA,NA,0.500854,NA,0.047974,NA,NA,2
"locus083","locus119",0.653192,1,NA,NA,1,NA,0.378758,NA,NA,0
"locus083","locus120",0.528276,1,NA,NA,1,NA,1,0.429406,NA,0
"locus083","locus126",0.614264,0.428594,NA,NA,1,NA,1,NA,NA,0
"locus083","locus128",0.381458,0.46349,NA,NA,0.334428,NA,0.706656,NA,NA,0
"locus083","locus129",0.54767,1,NA,NA,0.33364,NA,0.431554,NA,NA,0
"locus083","locus130",1,0.46393,NA,NA,Inf,NA,0.286654,NA,NA,0
"locus083","locus134",0.625448,0.107624,NA,NA,0.504162,NA,0.008274,NA,NA,1
"locus083","locus135",0.079012,0.679318,NA,NA,0.167396,NA,0.907922,NA,NA,0
"locus083","locus137",0.452232,0.68056,NA,NA,1,NA,0.087828,NA,NA,0
"locus083","locus139",0.025392,1,NA,NA,1,NA,0.867384,1,NA,1
"locus083","locus140",0.025262,1,NA,NA,1,NA,0.868338,NA,NA,1
"locus083","locus146",0.199382,0.571274,NA,NA,1,NA,0.595592,NA,NA,0
"locus083","locus148",0.059056,0.462764,NA,NA,1,NA,1,NA,NA,0
"locus083","locus151",0.13843,1,NA,NA,1,NA,1,NA,NA,0
"locus083","locus157",0.637528,1,NA,NA,1,NA,0.26511,NA,NA,0
"locus083","locus161",0.571396,1,NA,NA,0.167878,NA,0.065708,0.72052,NA,0
"locus083","locus165",0.26814,1,NA,NA,1,NA,0.83958,NA,NA,0
"locus083","locus170",0.912998,0.572756,NA,NA,1,NA,0.257498,NA,NA,0
"locus083","locus176",0.248564,1,NA,NA,0.500448,NA,0.333444,NA,NA,0
"locus083","locus184",0.463552,0.429496,NA,NA,1,NA,0.381962,NA,NA,0
"locus083","locus186",0.26206,1,NA,NA,1,NA,1,NA,NA,0
"locus083","locus188",0.182598,1,NA,NA,1,NA,0.372508,NA,NA,0
"locus083","locus189",0.890302,1,NA,NA,0.497284,NA,0.96094,NA,NA,0
"locus083","locus190",1,1,NA,NA,1,NA,0.688308,NA,NA,0
"locus083","locus191",0.055994,0.21246,NA,NA,1,NA,0.3924,NA,NA,0
"locus083","locus192",0.605312,0.64283,NA,NA,1,NA,0.962072,NA,NA,0
"locus083","locus195",0.431966,0.463218,NA,NA,1,NA,0.45697,NA,NA,0
"locus083","locus202",0.14232,0.64381,NA,NA,1,NA,0.784876,NA,NA,0
"locus083","locus210",0.822612,0.425656,NA,NA,1,NA,0.618534,0.601622,NA,0
"locus083","locus215",0.713466,0.4632,NA,NA,1,NA,0.772316,NA,NA,0
"locus083","locus227",0.29233,0.464308,NA,NA,Inf,NA,0.860522,NA,NA,0
"locus083","locus231",1,1,NA,NA,0.333666,NA,0.890082,NA,NA,0
"locus083","locus235",0.167202,1,NA,NA,1,NA,0.594484,NA,NA,0
"locus083","locus236",0.37183,0.35755,NA,NA,1,NA,0.683506,NA,NA,0
"locus083","locus237",0.769608,0.571804,NA,NA,1,NA,0.47381,NA,NA,0
"locus083","locus239",0.938672,0.106412,NA,NA,1,NA,0.186618,NA,NA,0
"locus083","locus248",0.472744,0.572268,NA,NA,1,NA,0.85369,1,NA,0
"locus083","locus255",0.132926,1,NA,NA,1,NA,NA,NA,NA,0
"locus083","locus256",0.426392,1,NA,NA,1,NA,0.347482,NA,NA,0
"locus083","locus263",1,0.571438,NA,NA,Inf,NA,1,NA,NA,0
"locus083","locus264",0.5388,0.679078,NA,NA,1,NA,0.401942,NA,NA,0
"locus083","locus274",0.336214,1,NA,NA,0.498416,NA,0.547184,NA,NA,0
"locus083","locus280",0.36084,1,NA,NA,0.501612,NA,0.850574,0.25811,NA,0
"locus083","locus282",0.220546,0.213206,NA,NA,1,NA,0.764978,NA,NA,0
"locus083","locus286",0.560264,1,NA,NA,0.16616,NA,0.772174,NA,NA,0
"locus083","locus291",0.759586,1,NA,NA,1,NA,0.79607,NA,NA,0
"locus083","locus292",0.153918,0.359394,NA,NA,1,NA,0.36188,NA,NA,0
"locus083","locus296",0.052032,0.46757,NA,NA,1,NA,0.099944,NA,NA,0
"locus083","locus301",0.3659,0.641842,NA,NA,1,NA,0.007094,NA,NA,1
"locus083","locus314",0.342236,1,NA,NA,1,NA,0.680508,NA,NA,0
"locus083","locus321",0.085594,1,NA,NA,1,NA,0.424054,0.771352,NA,0
"locus083","locus322",0.22081,1,NA,NA,1,NA,0.287334,NA,NA,0
"locus083","locus323",0.376302,0.463394,NA,NA,1,NA,0.205446,NA,NA,0
"locus083","locus329",0.701958,1,NA,NA,1,NA,0.280458,NA,NA,0
"locus083","locus332",0.592724,0.3564,NA,NA,1,NA,0.457572,NA,NA,0
"locus083","locus349",0.415756,0.464434,NA,NA,1,NA,0.642128,NA,NA,0
"locus083","locus358",0.794064,0.429212,NA,NA,1,NA,0.499058,NA,NA,0
"locus083","locus359",0.255236,0.643752,NA,NA,1,NA,0.377562,NA,NA,0
"locus083","locus360",0.869762,1,NA,NA,0.333756,NA,0.846428,NA,NA,0
"locus088","locus093",1,Inf,Inf,NA,Inf,NA,1,NA,0.428304,0
"locus088","locus096",0.027526,0.21546,NA,NA,0.42751,NA,0.3679,NA,0.706756,1
"locus088","locus098",0.530564,0.677394,NA,NA,0.43013,NA,0.306924,NA,1,0
"locus088","locus100",0.104924,0.484484,NA,NA,0.485898,NA,0.435432,NA,1,0
"locus088","locus106",1,Inf,NA,NA,0.42812,NA,0.207006,NA,0.16631,0
"locus088","locus110",0.431458,0.400612,NA,NA,NA,NA,1,NA,NA,0
"locus088","locus116",0.83426,1,NA,NA,0.25708,NA,0.935902,NA,NA,0
"locus088","locus119",0.50093,0.272022,NA,NA,0.428006,NA,0.464324,NA,NA,0
"locus088","locus120",0.465422,0.501942,NA,NA,0.427952,NA,0.275354,0.485834,NA,0
"locus088","locus126",0.859646,0.256204,NA,NA,0.486594,NA,0.228678,NA,NA,0
"locus088","locus128",0.52097,0.679306,NA,NA,0.256248,NA,0.19586,NA,NA,0
"locus088","locus129",0.731438,0.05585,NA,NA,1,0.33317,0.653754,NA,NA,0
"locus088","locus130",1,0.677892,NA,NA,1,NA,0.283474,NA,NA,0
"locus088","locus134",0.076534,0.678,NA,NA,1,Inf,0.902188,NA,NA,0
"locus088","locus135",0.626822,1,NA,NA,1,NA,0.068266,NA,NA,0
"locus088","locus137",0.191592,1,NA,NA,1,NA,0.01302,NA,NA,1
"locus088","locus139",1,1,Inf,NA,0.141862,NA,0.24206,1,NA,0
"locus088","locus140",1,1,Inf,NA,0.141798,NA,0.238812,NA,NA,0
"locus088","locus146",0.606554,1,NA,1,0.428074,NA,0.352438,NA,NA,0
"locus088","locus148",0.332252,0.35162,NA,NA,1,NA,0.510242,NA,NA,0
"locus088","locus151",0.661296,0.141954,NA,NA,1,NA,0.050356,NA,NA,0
"locus088","locus157",0.915544,1,NA,NA,0.427832,NA,1,NA,NA,0
"locus088","locus161",0.26456,1,NA,NA,1,NA,0.755252,1,NA,0
"locus088","locus165",0.847376,1,NA,NA,1,NA,0.410676,NA,NA,0
"locus088","locus170",0.479732,1,NA,NA,0.143416,NA,0.88833,NA,NA,0
"locus088","locus176",0.761292,1,NA,NA,1,1,0.2137,NA,NA,0
"locus088","locus184",0.01253,0.486248,NA,NA,1,NA,1,NA,NA,1
"locus088","locus186",0.563358,1,NA,NA,1,NA,1,NA,NA,0
"locus088","locus188",0.826632,1,NA,NA,0.774334,NA,0.31426,NA,NA,0
"locus088","locus189",0.40835,0.163094,Inf,NA,1,NA,0.732708,NA,NA,0
"locus088","locus190",0.745256,1,Inf,NA,0.6593,NA,0.211046,NA,NA,0
"locus088","locus191",0.763616,1,NA,NA,0.65972,NA,0.611358,NA,NA,0
"locus088","locus192",0.025962,0.641702,NA,NA,1,NA,0.026224,NA,NA,2
"locus088","locus195",0.653186,0.071688,NA,NA,0.142842,NA,0.796292,NA,NA,0
"locus088","locus202",0.744408,1,NA,NA,0.656848,NA,0.286628,NA,NA,0
"locus088","locus210",0.651422,0.200594,NA,NA,1,NA,0.726888,0.39921,NA,0
"locus088","locus215",0.396174,0.67591,Inf,NA,0.228144,NA,0.408762,NA,NA,0
"locus088","locus227",1,0.678578,Inf,NA,Inf,Inf,0.609204,NA,NA,0
"locus088","locus231",0.109788,0.144192,NA,NA,1,NA,0.184456,NA,NA,0
"locus088","locus235",0.494684,0.534756,NA,NA,0.42875,NA,0.724284,NA,NA,0
"locus088","locus236",0.052968,0.273822,NA,NA,0.142816,NA,0.899372,NA,NA,0
"locus088","locus237",0.550612,1,1,NA,0.42839,NA,0.539486,NA,NA,0
"locus088","locus239",0.028608,1,NA,NA,1,NA,0.130448,NA,NA,1
"locus088","locus248",0.53069,0.213934,NA,NA,1,NA,0.462074,0.485912,NA,0
"locus088","locus255",0.71553,0.059152,NA,NA,1,NA,NA,NA,NA,0
"locus088","locus256",0.306036,0.126168,NA,0.498576,0.314624,NA,0.774006,NA,NA,0
"locus088","locus263",0.46357,1,NA,Inf,0.429214,NA,1,NA,NA,0
"locus088","locus264",0.345414,0.164866,NA,NA,1,NA,0.931104,NA,NA,0
"locus088","locus274",0.936504,1,1,NA,0.14281,NA,0.013956,NA,NA,1
"locus088","locus280",0.061752,1,NA,NA,1,NA,0.076092,0.141984,NA,0
"locus088","locus282",0.46343,1,NA,NA,0.427562,1,0.78429,NA,NA,0
"locus088","locus286",0.737428,0.124316,NA,NA,1,NA,1,NA,NA,0
"locus088","locus291",0.95645,1,NA,NA,0.428356,Inf,0.462374,NA,NA,0
"locus088","locus292",0.759984,1,1,NA,0.23076,NA,0.125132,NA,NA,0
"locus088","locus296",0.457228,1,NA,NA,1,NA,0.275066,NA,NA,0
"locus088","locus301",0.716308,0.64205,Inf,NA,0.658072,NA,0.80851,NA,NA,0
"locus088","locus314",1,0.125908,NA,NA,1,NA,0.657518,NA,NA,0
"locus088","locus321",0.605808,0.013206,NA,1,0.315034,NA,0.503492,0.256154,NA,1
"locus088","locus322",0.114586,0.251246,NA,1,0.655718,1,0.128938,NA,NA,0
"locus088","locus323",0.406164,0.68008,NA,NA,1,NA,0.04902,NA,NA,1
"locus088","locus329",0.922936,0.212476,NA,NA,0.229878,NA,0.287152,NA,NA,0
"locus088","locus332",0.689992,1,NA,NA,1,NA,0.608336,NA,NA,0
"locus088","locus349",0.387466,0.680956,NA,NA,0.486566,NA,0.360148,NA,NA,0
"locus088","locus358",0.92423,1,NA,1,1,1,0.504732,NA,NA,0
"locus088","locus359",0.588712,0.071412,NA,NA,1,NA,0.940136,NA,NA,0
"locus088","locus360",0.730622,0.035408,NA,NA,0.655384,Inf,0.743962,NA,NA,1
"locus093","locus096",0.224536,Inf,NA,NA,Inf,NA,0.471978,NA,1,0
"locus093","locus098",0.577614,Inf,NA,NA,Inf,NA,1,NA,1,0
"locus093","locus100",1,Inf,NA,NA,Inf,NA,0.05615,NA,1,0
"locus093","locus106",1,Inf,NA,NA,Inf,NA,1,NA,1,0
"locus093","locus110",1,Inf,NA,NA,NA,NA,0.454978,NA,NA,0
"locus093","locus116",0.492278,Inf,NA,NA,Inf,NA,0.4982,NA,NA,0
"locus093","locus119",1,Inf,NA,NA,Inf,NA,0.168626,NA,NA,0
"locus093","locus120",0.67175,Inf,NA,NA,Inf,NA,1,NA,NA,0
"locus093","locus126",1,Inf,NA,NA,Inf,NA,1,NA,NA,0
"locus093","locus128",0.653992,Inf,NA,NA,Inf,NA,1,NA,NA,0
"locus093","locus129",1,Inf,NA,NA,Inf,NA,1,NA,NA,0
"locus093","locus130",0.057408,Inf,NA,NA,Inf,NA,0.27825,NA,NA,0
"locus093","locus134",0.145246,Inf,Inf,NA,Inf,NA,1,NA,NA,0
"locus093","locus135",0.57044,Inf,NA,NA,Inf,NA,0.479878,NA,NA,0
"locus093","locus137",0.095522,Inf,NA,NA,Inf,NA,0.11157,NA,NA,0
"locus093","locus139",1,Inf,Inf,NA,Inf,NA,0.306252,NA,NA,0
"locus093","locus140",1,Inf,Inf,NA,Inf,NA,0.303834,NA,NA,0
"locus093","locus146",0.64958,Inf,NA,Inf,Inf,NA,1,NA,NA,0
"locus093","locus148",0.257992,Inf,NA,NA,Inf,NA,0.473222,NA,NA,0
"locus093","locus151",0.488684,Inf,NA,NA,Inf,NA,0.446026,NA,NA,0
"locus093","locus157",1,Inf,NA,NA,Inf,NA,1,NA,NA,0
"locus093","locus161",0.539566,Inf,NA,NA,Inf,NA,0.454944,NA,NA,0
"locus093","locus165",0.661572,Inf,NA,NA,Inf,NA,1,NA,NA,0
"locus093","locus170",0.033468,Inf,NA,NA,Inf,NA,0.584652,NA,NA,1
"locus093","locus176",0.65212,Inf,NA,NA,Inf,NA,0.167432,NA,NA,0
"locus093","locus184",1,Inf,NA,NA,Inf,NA,1,NA,NA,0
"locus093","locus186",1,Inf,NA,NA,Inf,NA,1,NA,NA,0
"locus093","locus188",0.302954,Inf,NA,NA,Inf,NA,1,NA,NA,0
"locus093","locus189",1,Inf,Inf,NA,Inf,NA,0.138252,NA,NA,0
"locus093","locus190",0.542972,Inf,Inf,NA,Inf,NA,1,NA,NA,0
"locus093","locus191",1,Inf,NA,NA,Inf,NA,1,NA,NA,0
"locus093","locus192",1,Inf,NA,NA,Inf,NA,0.531966,NA,NA,0
"locus093","locus195",0.63355,Inf,NA,NA,Inf,NA,0.428472,NA,NA,0
"locus093","locus202",0.152122,Inf,NA,NA,Inf,NA,0.558264,NA,NA,0
"locus093","locus210",1,Inf,Inf,NA,Inf,NA,1,NA,NA,0
"locus093","locus215",1,Inf,NA,NA,Inf,NA,0.38632,NA,NA,0
"locus093","locus227",0.437002,Inf,Inf,NA,Inf,NA,0.360948,NA,NA,0
"locus093","locus231",0.552266,Inf,NA,NA,Inf,NA,0.405074,NA,NA,0
"locus093","locus235",0.513844,Inf,NA,NA,Inf,NA,0.469402,NA,NA,0
"locus093","locus236",0.586678,Inf,NA,NA,Inf,NA,1,NA,NA,0
"locus093","locus237",1,Inf,Inf,NA,Inf,NA,1,NA,NA,0
"locus093","locus239",0.185082,Inf,NA,NA,Inf,NA,0.193098,NA,NA,0
"locus093","locus248",0.536234,Inf,NA,NA,Inf,NA,1,NA,NA,0
"locus093","locus255",1,Inf,NA,NA,Inf,NA,NA,NA,NA,0
"locus093","locus256",0.642006,Inf,NA,Inf,Inf,NA,0.47097,NA,NA,0
"locus093","locus263",1,Inf,NA,Inf,Inf,NA,1,NA,NA,0
"locus093","locus264",0.185996,Inf,NA,NA,Inf,NA,1,NA,NA,0
"locus093","locus274",0.490768,Inf,Inf,NA,Inf,NA,0.41707,NA,NA,0
"locus093","locus280",0.143146,Inf,NA,NA,Inf,NA,1,NA,NA,0
"locus093","locus282",0.489284,Inf,NA,NA,Inf,NA,1,NA,NA,0
"locus093","locus286",1,Inf,NA,NA,Inf,NA,1,NA,NA,0
"locus093","locus291",0.158598,Inf,NA,NA,Inf,NA,0.11085,NA,NA,0
"locus093","locus292",0.605464,Inf,Inf,NA,Inf,NA,0.194208,NA,NA,0
"locus093","locus296",0.22576,Inf,NA,NA,Inf,NA,0.222212,NA,NA,0
"locus093","locus301",0.222078,Inf,NA,NA,Inf,NA,1,NA,NA,0
"locus093","locus314",1,Inf,NA,NA,Inf,NA,1,NA,NA,0
"locus093","locus321",0.094928,Inf,NA,Inf,Inf,NA,1,NA,NA,0
"locus093","locus322",0.69212,Inf,NA,Inf,Inf,NA,1,NA,NA,0
"locus093","locus323",0.11157,Inf,NA,NA,Inf,NA,0.111404,NA,NA,0
"locus093","locus329",0.495482,Inf,NA,NA,Inf,NA,0.458034,NA,NA,0
"locus093","locus332",0.358184,Inf,NA,NA,Inf,NA,1,NA,NA,0
"locus093","locus349",0.243154,Inf,NA,NA,Inf,NA,1,NA,NA,0
"locus093","locus358",1,Inf,NA,Inf,Inf,NA,1,NA,NA,0
"locus093","locus359",1,Inf,NA,NA,Inf,NA,1,NA,NA,0
"locus093","locus360",0.634206,Inf,NA,NA,Inf,NA,0.24975,NA,NA,0
"locus096","locus098",0.609994,0.463216,NA,NA,1,NA,1,NA,0.093424,0
"locus096","locus100",0.861674,0.428136,NA,NA,0.428774,NA,0.486958,NA,0.461312,0
"locus096","locus106",0.617406,Inf,NA,NA,1,NA,0.907492,NA,0.515786,0
"locus096","locus110",0.548084,1,NA,NA,NA,NA,1,NA,NA,0
"locus096","locus116",0.844512,1,NA,NA,1,NA,0.765858,NA,NA,0
"locus096","locus119",0.607076,0.35567,NA,NA,1,NA,0.19831,NA,NA,0
"locus096","locus120",0.338426,0.25093,NA,NA,1,NA,0.041736,1,NA,1
"locus096","locus126",0.599762,1,NA,NA,1,NA,1,NA,NA,0
"locus096","locus128",0.213888,1,NA,NA,0.61715,NA,1,NA,NA,0
"locus096","locus129",0.215306,1,NA,NA,1,0.332884,0.390212,NA,NA,0
"locus096","locus130",1,1,NA,NA,1,NA,0.56803,NA,NA,0
"locus096","locus134",0.6607,1,Inf,NA,0.332172,Inf,0.125128,NA,NA,0
"locus096","locus135",0.339508,1,NA,NA,1,Inf,0.98209,NA,NA,0
"locus096","locus137",0.788862,0.247672,NA,NA,1,NA,1,NA,NA,0
"locus096","locus139",1,1,Inf,NA,0.143776,NA,0.476966,1,NA,0
"locus096","locus140",1,1,Inf,NA,0.14293,NA,0.474392,NA,NA,0
"locus096","locus146",0.387806,1,NA,1,1,NA,0.005728,NA,NA,1
"locus096","locus148",0.90302,1,NA,NA,0.571592,NA,0.574062,NA,NA,0
"locus096","locus151",0.930824,1,NA,NA,1,Inf,1,NA,NA,0
"locus096","locus157",0.792076,1,NA,NA,1,NA,0.521862,NA,NA,0
"locus096","locus161",0.790666,1,NA,NA,1,NA,0.114104,0.523782,NA,0
"locus096","locus165",0.697052,1,NA,NA,1,NA,0.419806,NA,NA,0
"locus096","locus170",0.104752,0.357326,NA,NA,0.141472,NA,0.27285,NA,NA,0
"locus096","locus176",0.368398,0.251152,NA,NA,0.619694,1,0.896898,NA,NA,0
"locus096","locus184",1,0.428484,NA,NA,1,NA,0.202302,NA,NA,0
"locus096","locus186",0.617078,0.57134,NA,NA,0.140986,NA,0.182482,NA,NA,0
"locus096","locus188",0.747788,0.50253,NA,NA,1,NA,0.31091,NA,NA,0
"locus096","locus189",0.22023,0.675546,Inf,NA,0.33098,NA,0.506446,NA,NA,0
"locus096","locus190",0.25905,1,Inf,NA,1,NA,0.315996,NA,NA,0
"locus096","locus191",0.481738,0.572778,NA,NA,1,NA,0.75783,NA,NA,0
"locus096","locus192",0.166746,0.285812,NA,NA,0.048442,NA,0.243804,NA,NA,1
"locus096","locus195",0.367722,0.106908,NA,NA,0.23942,NA,0.550754,NA,NA,0
"locus096","locus202",0.61986,0.645472,NA,NA,1,NA,0.003776,NA,NA,1
"locus096","locus210",0.573264,1,Inf,NA,0.574346,NA,0.9105,0.39996,NA,0
"locus096","locus215",0.04317,1,NA,NA,0.5704,NA,0.800386,NA,NA,1
"locus096","locus227",0.69374,1,Inf,NA,Inf,NA,0.236048,NA,NA,0
"locus096","locus231",0.370058,1,NA,NA,1,NA,0.40071,NA,NA,0
"locus096","locus235",0.693948,0.284896,NA,NA,1,NA,1,NA,NA,0
"locus096","locus236",0.44886,0.572634,NA,NA,1,NA,0.334218,NA,NA,0
"locus096","locus237",0.900498,0.571848,1,NA,1,NA,0.841122,NA,NA,0
"locus096","locus239",0.92174,0.642464,NA,NA,0.14273,NA,0.138268,NA,NA,0
"locus096","locus248",0.259038,1,NA,NA,0.524436,NA,0.801736,1,NA,0
"locus096","locus255",1,0.570596,NA,NA,1,NA,NA,NA,NA,0
"locus096","locus256",0.341314,0.250876,NA,0.499528,1,NA,0.724596,NA,NA,0
"locus096","locus263",1,0.570778,NA,Inf,1,NA,0.158178,NA,NA,0
"locus096","locus264",0.107842,0.250278,NA,NA,0.144016,NA,0.724622,NA,NA,0
"locus096","locus274",0.74234,0.571466,0.333826,NA,0.236746,NA,0.52883,NA,NA,0
"locus096","locus280",0.764556,1,NA,NA,0.238372,Inf,0.755044,0.428692,NA,0
"locus096","locus282",0.426966,0.571656,NA,NA,1,1,0.548632,NA,NA,0
"locus096","locus286",0.475334,0.249014,NA,NA,1,NA,0.783644,NA,NA,0
"locus096","locus291",0.965674,0.464926,NA,NA,1,NA,0.431772,NA,NA,0
"locus096","locus292",0.817952,0.572278,1,NA,1,NA,0.406304,NA,NA,0
"locus096","locus296",0.606022,1,NA,NA,1,NA,0.646788,NA,NA,0
"locus096","locus301",0.728702,0.640942,NA,NA,0.428754,NA,0.036978,NA,NA,1
"locus096","locus314",0.148176,1,NA,NA,1,NA,1,NA,NA,0
"locus096","locus321",0.685678,0.42707,NA,1,1,NA,0.495424,0.619174,NA,0
"locus096","locus322",0.867958,1,NA,1,0.619718,1,0.399122,NA,NA,0
"locus096","locus323",0.871812,0.108598,NA,NA,1,Inf,0.20296,NA,NA,0
"locus096","locus329",0.947694,1,NA,NA,1,NA,0.42043,NA,NA,0
"locus096","locus332",0.284922,1,NA,NA,0.429674,NA,0.577482,NA,NA,0
"locus096","locus349",0.206622,1,NA,NA,1,NA,0.748696,NA,NA,0
"locus096","locus358",0.283448,1,NA,1,1,1,0.564696,NA,NA,0
"locus096","locus359",0.631106,0.285784,NA,NA,0.28529,NA,1,NA,NA,0
"locus096","locus360",0.565358,1,NA,NA,0.6173,NA,0.868916,NA,NA,0
"locus098","locus100",0.882364,1,NA,NA,0.429214,NA,1,NA,0.85833,0
"locus098","locus106",0.366968,Inf,NA,NA,1,NA,0.184636,NA,0.331034,0
"locus098","locus110",0.108728,0.400718,NA,NA,NA,NA,0.335484,NA,NA,0
"locus098","locus116",0.706578,1,NA,NA,1,NA,0.026376,NA,NA,1
"locus098","locus119",0.647732,0.6766,NA,NA,1,NA,0.010076,NA,NA,1
"locus098","locus120",0.609772,1,NA,NA,1,NA,0.394592,1,NA,0
"locus098","locus126",0.44708,0.142648,NA,NA,0.427272,NA,0.798908,NA,NA,0
"locus098","locus128",0.314376,1,NA,NA,1,NA,0.864852,NA,NA,0
"locus098","locus129",0.749234,0.67865,NA,NA,1,0.333108,0.412392,NA,NA,0
"locus098","locus130",0.791496,1,NA,NA,1,NA,0.126158,NA,NA,0
"locus098","locus134",0.702814,0.463364,Inf,NA,0.429554,Inf,0.167038,NA,NA,0
"locus098","locus135",0.13616,0.355164,NA,NA,1,NA,0.204786,NA,NA,0
"locus098","locus137",0.073656,0.142422,NA,NA,1,NA,0.095258,NA,NA,0
"locus098","locus139",0.60399,1,Inf,NA,1,NA,1,1,NA,0
"locus098","locus140",0.60379,1,Inf,NA,1,NA,1,NA,NA,0
"locus098","locus146",0.59999,0.464244,NA,1,1,NA,0.763056,NA,NA,0
"locus098","locus148",0.267494,0.107758,NA,NA,1,NA,0.483208,NA,NA,0
"locus098","locus151",0.778758,1,NA,NA,0.429972,NA,0.376694,NA,NA,0
"locus098","locus157",0.936194,0.64139,NA,NA,0.142042,NA,0.887774,NA,NA,0
"locus098","locus161",1,1,NA,NA,1,NA,0.460042,1,NA,0
"locus098","locus165",0.271722,1,NA,NA,1,NA,1,NA,NA,0
"locus098","locus170",0.612034,1,NA,NA,1,NA,0.336796,NA,NA,0
"locus098","locus176",0.34034,1,NA,NA,0.428028,1,0.373486,NA,NA,0
"locus098","locus184",0.04977,1,NA,NA,0.28426,NA,0.293268,NA,NA,1
"locus098","locus186",0.118096,1,NA,NA,0.429414,NA,0.870724,NA,NA,0
"locus098","locus188",0.901738,0.285828,NA,NA,1,NA,0.39696,NA,NA,0
"locus098","locus189",0.160208,0.679948,Inf,NA,1,NA,0.630506,NA,NA,0
"locus098","locus190",0.837312,1,Inf,NA,0.143108,NA,0.90292,NA,NA,0
"locus098","locus191",0.422874,0.679722,NA,NA,0.43027,NA,0.094174,NA,NA,0
"locus098","locus192",0.056636,0.464238,NA,NA,1,NA,0.893316,NA,NA,0
"locus098","locus195",0.03667,1,NA,NA,0.569964,NA,0.188004,NA,NA,1
"locus098","locus202",0.52754,1,NA,NA,0.142976,NA,0.385084,NA,NA,0
"locus098","locus210",0.14029,0.07062,Inf,NA,1,NA,0.82482,1,NA,0
"locus098","locus215",0.009414,1,NA,NA,1,NA,1,NA,NA,1
"locus098","locus227",0.312506,1,Inf,NA,Inf,NA,0.202554,NA,NA,0
"locus098","locus231",1,1,NA,NA,1,NA,0.34979,NA,NA,0
"locus098","locus235",1,1,NA,NA,0.142354,NA,0.941216,NA,NA,0
"locus098","locus236",0.947768,0.250504,NA,NA,1,NA,0.601958,NA,NA,0
"locus098","locus237",0.410394,1,1,NA,0.142426,NA,0.562932,NA,NA,0
"locus098","locus239",0.161098,0.642936,NA,NA,1,NA,0.674422,NA,NA,0
"locus098","locus248",0.883652,1,NA,NA,0.283594,NA,0.68485,1,NA,0
"locus098","locus255",0.063584,1,NA,NA,1,NA,NA,NA,NA,0
"locus098","locus256",0.199094,1,NA,0.49983,0.570856,Inf,0.858644,NA,NA,0
"locus098","locus263",1,1,NA,Inf,1,NA,0.614958,NA,NA,0
"locus098","locus264",0.315428,0.142774,NA,NA,1,NA,0.50568,NA,NA,0
"locus098","locus274",0.443372,0.676226,Inf,NA,0.570676,NA,0.857592,NA,NA,0
"locus098","locus280",0.865834,0.67721,NA,NA,1,NA,0.272234,1,NA,0
"locus098","locus282",0.697548,0.07078,NA,NA,0.14119,1,0.556214,NA,NA,0
"locus098","locus286",0.54627,1,NA,NA,1,NA,0.893888,NA,NA,0
"locus098","locus291",0.29743,1,NA,NA,1,NA,0.803874,NA,NA,0
"locus098","locus292",0.425766,0.677556,0.249772,NA,1,NA,0.949092,NA,NA,0
"locus098","locus296",0.954838,0.10735,NA,NA,1,NA,0.327254,NA,NA,0
"locus098","locus301",0.137418,0.46297,NA,NA,1,NA,0.833356,NA,NA,0
"locus098","locus314",0.2462,0.316528,NA,NA,0.28561,NA,0.67527,NA,NA,0
"locus098","locus321",0.63412,1,NA,1,0.571086,NA,1,0.399564,NA,0
"locus098","locus322",0.960636,1,NA,0.501562,0.142018,1,0.497474,NA,NA,0
"locus098","locus323",0.148736,0.196842,NA,NA,0.429966,NA,0.822114,NA,NA,0
"locus098","locus329",0.904196,1,NA,NA,1,NA,0.358648,NA,NA,0
"locus098","locus332",0.314628,0.677942,NA,NA,0.42949,NA,0.350198,NA,NA,0
"locus098","locus349",0.515146,1,NA,NA,1,NA,0.792572,NA,NA,0
"locus098","locus358",1,1,NA,1,1,1,0.413168,NA,NA,0
"locus098","locus359",0.511734,0.46509,NA,NA,1,NA,0.585122,NA,NA,0
"locus098","locus360",0.308044,0.64275,NA,NA,0.431566,NA,0.656028,NA,NA,0
"locus100","locus106",0.398874,Inf,NA,NA,0.428564,NA,0.188172,NA,1,0
"locus100","locus110",0.273262,0.400134,NA,NA,NA,NA,1,NA,NA,0
"locus100","locus116",0.095638,1,NA,NA,1,NA,0.255222,NA,NA,0
"locus100","locus119",0.785378,1,NA,NA,0.42806,NA,0.816738,NA,NA,0
"locus100","locus120",0.334928,1,NA,NA,0.428866,NA,0.863252,0.427676,NA,0
"locus100","locus126",0.006696,0.486444,NA,NA,0.485516,NA,0.937308,NA,NA,1
"locus100","locus128",0.601542,1,NA,NA,0.657068,NA,1,NA,NA,0
"locus100","locus129",0.30867,1,NA,NA,0.142504,Inf,0.265508,NA,NA,0
"locus100","locus130",0.447342,1,NA,NA,0.467558,NA,1,NA,NA,0
"locus100","locus134",0.27396,0.142358,Inf,NA,0.256206,Inf,0.313248,NA,NA,0
"locus100","locus135",0.028936,0.227272,NA,NA,0.22797,NA,0.9324,NA,NA,1
"locus100","locus137",0.898754,1,NA,NA,1,NA,0.069326,NA,NA,0
"locus100","locus139",1,1,Inf,NA,0.141284,NA,0.089232,0.337226,NA,0
"locus100","locus140",1,1,Inf,NA,0.144004,NA,0.088902,NA,NA,0
"locus100","locus146",0.669264,1,NA,1,0.429022,NA,0.749074,NA,NA,0
"locus100","locus148",0.075958,1,NA,NA,0.057108,NA,0.146922,NA,NA,0
"locus100","locus151",0.040552,1,NA,NA,1,NA,0.12748,NA,NA,1
"locus100","locus157",0.524294,0.43165,NA,NA,0.42837,NA,0.47569,NA,NA,0
"locus100","locus161",0.301602,1,NA,NA,0.427504,NA,0.197098,1,NA,0
"locus100","locus165",0.68966,1,NA,NA,1,NA,1,NA,NA,0
"locus100","locus170",0.551858,0.143494,NA,NA,0.143372,NA,0.239272,NA,NA,0
"locus100","locus176",0.43098,0.227858,NA,NA,0.254924,Inf,0.302294,NA,NA,0
"locus100","locus184",0.119662,1,NA,NA,1,NA,0.488822,NA,NA,0
"locus100","locus186",0.41758,1,NA,NA,1,NA,0.919982,NA,NA,0
"locus100","locus188",0.76321,1,NA,NA,0.768474,NA,0.405488,NA,NA,0
"locus100","locus189",0.779004,1,Inf,NA,0.255696,NA,0.28506,NA,NA,0
"locus100","locus190",0.591184,1,Inf,NA,0.657824,NA,0.524098,NA,NA,0
"locus100","locus191",0.86743,1,NA,NA,0.657864,NA,0.28979,NA,NA,0
"locus100","locus192",0.654968,0.429506,NA,NA,1,NA,0.067966,NA,NA,0
"locus100","locus195",0.368534,1,NA,NA,1,Inf,0.02307,NA,NA,1
"locus100","locus202",0.115558,0.142734,NA,NA,0.657766,NA,0.377412,NA,NA,0
"locus100","locus210",0.89702,0.65756,Inf,NA,0.228192,NA,0.517748,1,NA,0
"locus100","locus215",0.64839,1,NA,NA,0.05773,NA,0.215498,NA,NA,0
"locus100","locus227",0.77309,1,Inf,NA,Inf,NA,0.699368,NA,NA,0
"locus100","locus231",0.079978,1,NA,NA,1,NA,0.46568,NA,NA,0
"locus100","locus235",0.030338,1,NA,NA,0.428844,NA,0.231254,NA,NA,1
"locus100","locus236",0.525274,0.14276,NA,NA,1,NA,0.583928,NA,NA,0
"locus100","locus237",0.940008,0.428112,1,NA,0.42912,NA,0.330402,NA,NA,0
"locus100","locus239",0.95109,1,NA,NA,1,NA,0.733736,NA,NA,0
"locus100","locus248",0.898648,1,NA,NA,1,NA,0.386148,1,NA,0
"locus100","locus255",0.850844,0.485836,NA,NA,1,NA,NA,NA,NA,0
"locus100","locus256",0.586116,1,NA,1,0.315424,NA,0.627398,NA,NA,0
"locus100","locus263",0.092858,0.427886,NA,Inf,1,NA,0.563284,NA,NA,0
"locus100","locus264",0.58306,1,NA,NA,1,NA,0.443856,NA,NA,0
"locus100","locus274",0.033116,0.48621,0.332124,NA,0.142348,NA,0.12321,NA,NA,1
"locus100","locus280",0.422912,1,NA,NA,0.31322,NA,0.95374,0.144022,NA,0
"locus100","locus282",0.370872,1,NA,NA,0.426586,Inf,0.066816,NA,NA,0
"locus100","locus286",0.609952,1,NA,NA,0.42801,NA,0.383508,NA,NA,0
"locus100","locus291",0.330986,1,NA,NA,0.42768,NA,0.798404,NA,NA,0
"locus100","locus292",0.134562,0.142406,1,NA,1,NA,0.187874,NA,NA,0
"locus100","locus296",0.25618,1,NA,NA,1,NA,0.377184,NA,NA,0
"locus100","locus301",0.833338,0.142466,NA,NA,0.658536,NA,0.136356,NA,NA,0
"locus100","locus314",0.824582,0.654332,NA,NA,1,NA,0.705254,NA,NA,0
"locus100","locus321",0.194126,0.65487,NA,1,0.142178,NA,0.869286,0.335112,NA,0
"locus100","locus322",0.68389,1,NA,0.599246,0.656266,Inf,0.665408,NA,NA,0
"locus100","locus323",0.029146,1,NA,NA,0.485072,NA,0.008752,NA,NA,2
"locus100","locus329",0.068316,0.428054,NA,NA,1,NA,0.468618,NA,NA,0
"locus100","locus332",0.826748,1,NA,NA,0.485068,NA,0.10659,NA,NA,0
"locus100","locus349",0.646256,1,NA,NA,1,NA,0.399642,NA,NA,0
"locus100","locus358",0.704342,0.485508,NA,0.599358,0.14207,Inf,0.322488,NA,NA,0
"locus100","locus359",0.738678,0.427378,NA,NA,1,NA,0.893016,NA,NA,0
"locus100","locus360",0.882954,0.428006,NA,NA,0.257688,NA,0.066018,NA,NA,0
"locus106","locus110",0.620794,Inf,NA,NA,NA,NA,1,NA,NA,0
"locus106","locus116",0.465606,Inf,NA,NA,0.331584,NA,1,NA,NA,0
"locus106","locus119",0.7717,Inf,NA,NA,1,NA,0.950134,NA,NA,0
"locus106","locus120",0.52652,Inf,NA,NA,1,NA,0.136824,1,NA,0
"locus106","locus126",0.0062,Inf,NA,NA,0.429248,NA,0.754342,NA,NA,1
"locus106","locus128",0.33493,Inf,NA,NA,0.618308,NA,0.1583,NA,NA,0
"locus106","locus129",0.159762,Inf,NA,NA,1,Inf,0.248374,NA,NA,0
"locus106","locus130",0.037506,Inf,NA,NA,1,NA,1,NA,NA,1
"locus106","locus134",0.436316,Inf,Inf,NA,0.334386,Inf,0.73696,NA,NA,0
"locus106","locus135",0.523702,Inf,NA,NA,0.569008,NA,0.147846,NA,NA,0
"locus106","locus137",0.702778,Inf,NA,NA,0.522552,NA,0.459606,NA,NA,0
"locus106","locus139",0.691732,Inf,Inf,NA,0.144146,NA,0.543418,1,NA,0
"locus106","locus140",0.692672,Inf,Inf,NA,0.143148,NA,0.543432,NA,NA,0
"locus106","locus146",0.479468,Inf,NA,1,0.047422,NA,0.411568,NA,NA,1
"locus106","locus148",0.570054,Inf,NA,NA,0.573196,NA,0.259502,NA,NA,0
"locus106","locus151",0.39843,Inf,NA,NA,0.144324,NA,0.011354,NA,NA,1
"locus106","locus157",0.534222,Inf,NA,NA,1,NA,0.881558,NA,NA,0
"locus106","locus161",1,Inf,NA,NA,1,NA,0.877046,0.52326,NA,0
"locus106","locus165",0.597058,Inf,NA,NA,1,NA,0.768604,NA,NA,0
"locus106","locus170",0.29663,Inf,NA,NA,0.144084,NA,0.041984,NA,NA,1
"locus106","locus176",0.69735,Inf,NA,NA,0.332144,Inf,0.75979,NA,NA,0
"locus106","locus184",0.196794,Inf,NA,NA,0.522714,NA,0.932696,NA,NA,0
"locus106","locus186",0.464552,Inf,NA,NA,1,NA,0.658844,NA,NA,0
"locus106","locus188",0.709916,Inf,NA,NA,1,NA,0.966108,NA,NA,0
"locus106","locus189",0.893548,Inf,Inf,NA,0.332338,NA,0.447334,NA,NA,0
"locus106","locus190",0.356434,Inf,Inf,NA,1,NA,0.80486,NA,NA,0
"locus106","locus191",0.066056,Inf,NA,NA,1,NA,0.410384,NA,NA,0
"locus106","locus192",1,Inf,NA,NA,0.522218,NA,0.431304,NA,NA,0
"locus106","locus195",0.768122,Inf,NA,NA,1,Inf,0.664716,NA,NA,0
"locus106","locus202",0.396338,Inf,NA,NA,0.618478,NA,0.116148,NA,NA,0
"locus106","locus210",0.16574,Inf,Inf,NA,1,NA,0.618748,1,NA,0
"locus106","locus215",0.18694,Inf,NA,NA,0.570926,NA,0.725298,NA,NA,0
"locus106","locus227",0.838494,Inf,Inf,NA,Inf,NA,0.464582,NA,NA,0
"locus106","locus231",0.133758,Inf,NA,NA,0.429956,NA,0.216536,NA,NA,0
"locus106","locus235",0.316472,Inf,NA,NA,1,NA,0.756694,NA,NA,0
"locus106","locus236",0.79734,Inf,NA,NA,1,NA,0.261766,NA,NA,0
"locus106","locus237",0.890936,Inf,1,NA,1,NA,0.059032,NA,NA,0
"locus106","locus239",0.417408,Inf,NA,NA,1,NA,0.95742,NA,NA,0
"locus106","locus248",0.243078,Inf,NA,NA,1,NA,0.309566,0.42814,NA,0
"locus106","locus255",1,Inf,NA,NA,1,NA,NA,NA,NA,0
"locus106","locus256",0.381666,Inf,NA,1,0.096006,NA,0.19094,NA,NA,0
"locus106","locus263",0.056938,Inf,NA,Inf,1,NA,1,NA,NA,0
"locus106","locus264",0.884432,Inf,NA,NA,1,NA,1,NA,NA,0
"locus106","locus274",0.373146,Inf,1,NA,0.24157,NA,0.531914,NA,NA,0
"locus106","locus280",0.785986,Inf,NA,NA,1,NA,1,1,NA,0
"locus106","locus282",0.877304,Inf,NA,NA,1,Inf,0.597076,NA,NA,0
"locus106","locus286",0.091766,Inf,NA,NA,1,NA,0.593888,NA,NA,0
"locus106","locus291",0.685302,Inf,NA,NA,1,NA,1,NA,NA,0
"locus106","locus292",0.46738,Inf,0.502128,NA,1,NA,0.392498,NA,NA,0
"locus106","locus296",0.782126,Inf,NA,NA,0.523698,NA,0.240796,NA,NA,0
"locus106","locus301",1,Inf,NA,NA,0.428538,NA,0.653528,NA,NA,0
"locus106","locus314",0.738338,Inf,NA,NA,1,NA,0.11774,NA,NA,0
"locus106","locus321",0.878514,Inf,NA,1,1,NA,0.716634,0.620446,NA,0
"locus106","locus322",0.211668,Inf,NA,0.199794,1,Inf,0.225356,NA,NA,0
"locus106","locus323",0.30953,Inf,NA,NA,1,NA,0.81765,NA,NA,0
"locus106","locus329",0.324632,Inf,NA,NA,0.570244,NA,0.38508,NA,NA,0
"locus106","locus332",1,Inf,NA,NA,1,NA,0.432986,NA,NA,0
"locus106","locus349",0.66132,Inf,NA,NA,1,NA,0.042186,NA,NA,1
"locus106","locus358",0.44655,Inf,NA,1,0.14357,Inf,0.55202,NA,NA,0
"locus106","locus359",0.701528,Inf,NA,NA,0.285684,NA,0.756612,NA,NA,0
"locus106","locus360",0.26934,Inf,NA,NA,0.61717,NA,0.157582,NA,NA,0
"locus110","locus116",1,1,NA,NA,NA,NA,0.609224,NA,NA,0
"locus110","locus119",0.968874,1,NA,NA,NA,NA,0.095404,NA,NA,0
"locus110","locus120",0.33587,Inf,NA,NA,NA,NA,1,1,NA,0
"locus110","locus126",0.112846,0.400152,NA,NA,NA,NA,0.873064,NA,NA,0
"locus110","locus128",0.689202,1,NA,NA,NA,NA,0.703114,NA,NA,0
"locus110","locus129",0.862238,1,NA,NA,NA,NA,0.237008,NA,NA,0
"locus110","locus130",0.168982,1,NA,NA,NA,NA,1,NA,NA,0
"locus110","locus134",0.420542,0.400444,NA,NA,NA,NA,0.608308,NA,NA,0
"locus110","locus135",0.230004,0.19749,NA,NA,NA,NA,0.472128,NA,NA,0
"locus110","locus137",0.49451,0.598052,NA,NA,NA,NA,0.266098,NA,NA,0
"locus110","locus139",0.836602,1,NA,NA,NA,NA,0.254988,0.42801,NA,0
"locus110","locus140",0.836168,1,NA,NA,NA,NA,0.25571,NA,NA,0
"locus110","locus146",0.519526,1,NA,NA,NA,NA,0.644612,NA,NA,0
"locus110","locus148",0.14303,1,NA,NA,NA,NA,0.26946,NA,NA,0
"locus110","locus151",0.418854,1,NA,NA,NA,NA,0.520722,NA,NA,0
"locus110","locus157",0.65905,1,NA,NA,NA,NA,0.783196,NA,NA,0
"locus110","locus161",1,1,NA,NA,NA,NA,1,0.284904,NA,0
"locus110","locus165",0.075904,1,NA,NA,NA,NA,0.832662,NA,NA,0
"locus110","locus170",0.223958,1,NA,NA,NA,NA,0.899396,NA,NA,0
"locus110","locus176",0.481266,0.599298,NA,NA,NA,NA,0.197586,NA,NA,0
"locus110","locus184",0.625316,1,NA,NA,NA,NA,1,NA,NA,0
"locus110","locus186",1,1,NA,NA,NA,NA,0.777572,NA,NA,0
"locus110","locus188",0.190442,0.399354,NA,NA,NA,NA,0.818612,NA,NA,0
"locus110","locus189",0.866206,0.398886,NA,NA,NA,NA,0.03702,NA,NA,1
"locus110","locus190",0.027612,1,NA,NA,NA,NA,0.777022,NA,NA,1
"locus110","locus191",0.82606,1,NA,NA,NA,NA,0.710646,NA,NA,0
"locus110","locus192",0.331854,0.398828,NA,NA,NA,NA,0.029148,NA,NA,1
"locus110","locus195",0.282118,0.399866,NA,NA,NA,NA,0.060206,NA,NA,0
"locus110","locus202",0.466286,1,NA,NA,NA,NA,0.321298,NA,NA,0
"locus110","locus210",0.46667,0.398426,NA,NA,NA,NA,0.87602,1,NA,0
"locus110","locus215",0.950644,1,NA,NA,NA,NA,0.422658,NA,NA,0
"locus110","locus227",0.31513,1,NA,NA,NA,NA,0.45347,NA,NA,0
"locus110","locus231",0.088664,1,NA,NA,NA,NA,0.40766,NA,NA,0
"locus110","locus235",0.139714,1,NA,NA,NA,NA,0.520314,NA,NA,0
"locus110","locus236",0.2434,0.10033,NA,NA,NA,NA,0.556002,NA,NA,0
"locus110","locus237",0.355874,1,NA,NA,NA,NA,0.546646,NA,NA,0
"locus110","locus239",0.853278,1,NA,NA,NA,NA,0.094116,NA,NA,0
"locus110","locus248",0.594708,0.399246,NA,NA,NA,NA,0.391848,1,NA,0
"locus110","locus255",1,0.400988,NA,NA,NA,NA,NA,NA,NA,0
"locus110","locus256",0.688162,1,NA,NA,NA,NA,0.010948,NA,NA,1
"locus110","locus263",0.348632,1,NA,NA,NA,NA,1,NA,NA,0
"locus110","locus264",0.0673,1,NA,NA,NA,NA,0.604912,NA,NA,0
"locus110","locus274",0.905518,1,NA,NA,NA,NA,1,NA,NA,0
"locus110","locus280",0.049734,1,NA,NA,NA,NA,1,0.428396,NA,1
"locus110","locus282",0.849274,1,NA,NA,NA,NA,0.869822,NA,NA,0
"locus110","locus286",0.36568,1,NA,NA,NA,NA,0.407012,NA,NA,0
"locus110","locus291",0.905896,0.39917,NA,NA,NA,NA,0.083084,NA,NA,0
"locus110","locus292",0.523762,1,NA,NA,NA,NA,0.184802,NA,NA,0
"locus110","locus296",0.141578,0.400872,NA,NA,NA,NA,1,NA,NA,0
"locus110","locus301",0.95079,0.397372,NA,NA,NA,NA,0.312232,NA,NA,0
"locus110","locus314",0.76812,0.398384,NA,NA,NA,NA,1,NA,NA,0
"locus110","locus321",0.649468,0.399784,NA,NA,NA,NA,0.884198,1,NA,0
"locus110","locus322",0.863216,1,NA,NA,NA,NA,0.787646,NA,NA,0
"locus110","locus323",0.582552,1,NA,NA,NA,NA,0.671518,NA,NA,0
"locus110","locus329",0.650174,Inf,NA,NA,NA,NA,1,NA,NA,0
"locus110","locus332",0.260496,1,NA,NA,NA,NA,0.536456,NA,NA,0
"locus110","locus349",0.958474,1,NA,NA,NA,NA,0.824448,NA,NA,0
"locus110","locus358",0.495204,1,NA,NA,NA,NA,0.242972,NA,NA,0
"locus110","locus359",0.852048,0.399462,NA,NA,NA,NA,1,NA,NA,0
"locus110","locus360",1,1,NA,NA,NA,NA,0.22891,NA,NA,0
"locus116","locus119",0.00196,0.394728,NA,NA,0.144544,NA,0.862314,NA,NA,1
"locus116","locus120",0.600652,0.499348,NA,NA,1,NA,0.792582,0.486844,NA,0
"locus116","locus126",0.140166,1,NA,NA,1,NA,0.22975,NA,NA,0
"locus116","locus128",0.38675,1,1,NA,0.771832,NA,0.274414,NA,NA,0
"locus116","locus129",0.355726,1,NA,NA,0.716156,0.33385,0.508112,NA,NA,0
"locus116","locus130",0.427512,1,NA,NA,1,NA,0.036696,NA,NA,1
"locus116","locus134",0.212866,1,NA,NA,1,Inf,0.573042,NA,NA,0
"locus116","locus135",0.86319,1,NA,NA,0.658938,NA,0.17052,NA,NA,0
"locus116","locus137",0.843826,0.745576,NA,NA,1,NA,0.023878,NA,NA,1
"locus116","locus139",0.740492,0.501476,Inf,NA,0.658608,NA,0.882098,0.255102,NA,0
"locus116","locus140",0.740034,0.501596,Inf,NA,0.656968,NA,0.88208,NA,NA,0
"locus116","locus146",0.793628,0.212638,NA,1,0.33312,NA,0.657376,NA,NA,0
"locus116","locus148",0.221422,1,NA,NA,0.660554,NA,0.891522,NA,NA,0
"locus116","locus151",0.459758,1,NA,NA,0.124018,NA,0.341294,NA,NA,0
"locus116","locus157",0.117578,0.251534,NA,NA,1,NA,0.728604,NA,NA,0
"locus116","locus161",0.92341,0.072336,NA,NA,0.427844,NA,0.269016,1,NA,0
"locus116","locus165",0.864006,0.05767,NA,NA,0.60081,NA,0.097196,NA,NA,0
"locus116","locus170",0.710678,1,NA,NA,0.657128,NA,0.00764,NA,NA,1
"locus116","locus176",0.434488,0.742332,NA,NA,0.428926,1,0.816952,NA,NA,0
"locus116","locus184",0.836046,1,NA,NA,1,NA,0.75448,NA,NA,0
"locus116","locus186",0.797376,0.57441,NA,NA,1,NA,0.314412,NA,NA,0
"locus116","locus188",0.38408,1,NA,NA,0.199648,NA,0.43184,NA,NA,0
"locus116","locus189",0.853288,0.1632,Inf,NA,1,NA,0.073108,NA,NA,0
"locus116","locus190",0.776982,1,Inf,NA,0.771752,NA,0.022982,NA,NA,1
"locus116","locus191",0.084702,0.48368,NA,NA,0.771196,NA,0.728396,NA,NA,0
"locus116","locus192",0.505344,0.784828,NA,NA,0.716058,NA,0.3277,NA,NA,0
"locus116","locus195",0.362196,1,NA,NA,0.42747,Inf,0.430282,NA,NA,0
"locus116","locus202",0.88251,0.536336,NA,NA,1,NA,0.24131,NA,NA,0
"locus116","locus210",0.304074,1,NA,NA,1,NA,0.237898,1,NA,0
"locus116","locus215",0.370964,1,NA,NA,1,NA,0.521614,NA,NA,0
"locus116","locus227",0.186446,0.679088,Inf,NA,Inf,NA,0.249064,NA,NA,0
"locus116","locus231",0.788012,1,NA,NA,0.255822,NA,0.256806,NA,NA,0
"locus116","locus235",0.901442,1,NA,NA,1,NA,0.88837,NA,NA,0
"locus116","locus236",0.191302,1,NA,NA,0.027958,NA,0.338806,NA,NA,1
"locus116","locus237",0.685056,0.355396,1,NA,0.42505,NA,0.605098,NA,NA,0
"locus116","locus239",0.919018,0.537164,NA,NA,1,NA,0.555512,NA,NA,0
"locus116","locus248",0.67859,0.57426,NA,NA,0.333856,NA,0.104808,1,NA,0
"locus116","locus255",0.147408,0.272508,NA,NA,0.620816,NA,NA,NA,NA,0
"locus116","locus256",0.866364,1,NA,1,0.429446,NA,0.39799,NA,NA,0
"locus116","locus263",0.043828,1,NA,Inf,1,NA,1,NA,NA,1
"locus116","locus264",0.675432,0.739888,NA,NA,1,NA,0.53077,NA,NA,0
"locus116","locus274",0.525404,1,0.330816,NA,1,NA,0.010246,NA,NA,1
"locus116","locus280",0.491194,1,NA,NA,1,NA,0.73152,1,NA,0
"locus116","locus282",0.91678,0.40026,NA,NA,0.423242,1,0.18094,NA,NA,0
"locus116","locus286",0.028328,1,NA,NA,0.429334,NA,0.717158,NA,NA,1
"locus116","locus291",0.627356,0.678142,NA,NA,0.14176,NA,0.904522,NA,NA,0
"locus116","locus292",0.729094,1,1,NA,0.112808,NA,0.655012,NA,NA,0
"locus116","locus296",1,1,NA,NA,1,NA,0.231682,NA,NA,0
"locus116","locus301",0.913998,0.538424,NA,NA,0.432002,NA,0.948744,NA,NA,0
"locus116","locus314",0.29373,0.43076,NA,NA,0.618812,NA,1,NA,NA,0
"locus116","locus321",0.369314,0.829112,NA,1,1,NA,0.374704,1,NA,0
"locus116","locus322",0.075786,1,NA,0.332808,0.772672,1,0.552404,NA,NA,0
"locus116","locus323",0.108096,0.677788,NA,NA,1,NA,0.240644,NA,NA,0
"locus116","locus329",0.835116,1,NA,NA,1,NA,0.492254,NA,NA,0
"locus116","locus332",0.451848,1,NA,NA,0.656318,NA,0.611766,NA,NA,0
"locus116","locus349",0.278332,0.676566,NA,NA,0.257158,NA,1,NA,NA,0
"locus116","locus358",0.03227,1,NA,0.332166,0.42782,1,0.089632,NA,NA,1
"locus116","locus359",0.632634,1,NA,NA,1,NA,0.699218,NA,NA,0
"locus116","locus360",0.111458,1,NA,NA,1,NA,0.220994,NA,NA,0
"locus119","locus120",0.922486,0.125676,NA,NA,1,NA,0.458862,1,NA,0
"locus119","locus126",0.583906,0.65747,NA,NA,1,NA,0.858762,NA,NA,0
"locus119","locus128",0.972204,1,Inf,NA,0.62087,NA,0.742576,NA,NA,0
"locus119","locus129",0.759732,0.26969,NA,NA,1,1,0.27885,NA,NA,0
"locus119","locus130",0.562856,0.676812,NA,NA,0.467556,NA,0.431062,NA,NA,0
"locus119","locus134",0.374138,1,NA,NA,0.6179,Inf,0.147124,NA,NA,0
"locus119","locus135",0.66302,1,NA,NA,1,NA,0.13095,NA,NA,0
"locus119","locus137",1,0.743146,NA,NA,1,NA,0.052118,NA,NA,0
"locus119","locus139",0.232666,1,Inf,NA,0.144296,NA,0.100264,0.654268,NA,0
"locus119","locus140",0.234378,1,Inf,NA,0.143224,NA,0.098964,NA,NA,0
"locus119","locus146",0.720384,0.357344,NA,1,1,NA,0.701206,NA,NA,0
"locus119","locus148",0.1117,0.35768,NA,NA,0.57142,NA,0.244748,NA,NA,0
"locus119","locus151",0.35044,0.028794,NA,NA,0.330146,NA,0.293518,NA,NA,1
"locus119","locus157",0.329268,0.355384,NA,NA,1,NA,0.339394,NA,NA,0
"locus119","locus161",0.912516,0.678198,NA,NA,1,NA,0.637786,0.285794,NA,0
"locus119","locus165",0.470294,0.271986,NA,NA,0.467762,NA,0.861542,NA,NA,0
"locus119","locus170",0.336054,0.398292,NA,NA,0.144242,NA,0.294484,NA,NA,0
"locus119","locus176",0.121352,0.291346,NA,NA,0.334854,1,0.75289,NA,NA,0
"locus119","locus184",0.341134,1,NA,NA,1,NA,0.719948,NA,NA,0
"locus119","locus186",0.73429,1,NA,NA,1,NA,0.47335,NA,NA,0
"locus119","locus188",0.507594,0.740042,NA,NA,1,NA,0.101292,NA,NA,0
"locus119","locus189",0.105516,0.160904,Inf,NA,0.619114,NA,0.085952,NA,NA,0
"locus119","locus190",0.694408,1,Inf,NA,0.617806,NA,0.370812,NA,NA,0
"locus119","locus191",0.358898,1,NA,NA,0.619558,NA,0.113496,NA,NA,0
"locus119","locus192",0.624684,0.070994,NA,NA,0.524908,NA,0.360356,NA,NA,0
"locus119","locus195",0.889104,0.678516,NA,NA,1,NA,0.596786,NA,NA,0
"locus119","locus202",0.741556,0.537092,NA,NA,1,NA,0.378678,NA,NA,0
"locus119","locus210",0.541564,0.485814,NA,NA,1,NA,0.366256,0.601028,NA,0
"locus119","locus215",0.173418,1,NA,NA,0.569902,NA,0.501182,NA,NA,0
"locus119","locus227",0.575262,0.680062,Inf,NA,Inf,NA,0.142592,NA,NA,0
"locus119","locus231",0.693326,0.028488,NA,NA,1,NA,0.442664,NA,NA,1
"locus119","locus235",0.876972,1,NA,NA,1,NA,0.926882,NA,NA,0
"locus119","locus236",0.555968,1,NA,NA,0.14204,NA,0.279428,NA,NA,0
"locus119","locus237",0.70401,0.215278,0.333982,NA,0.046804,NA,0.293512,NA,NA,1
"locus119","locus239",0.320286,0.537918,NA,NA,1,NA,0.400504,NA,NA,0
"locus119","locus248",0.388078,1,NA,NA,1,NA,0.23089,0.228874,NA,0
"locus119","locus255",0.235302,1,NA,NA,0.523758,NA,NA,NA,NA,0
"locus119","locus256",0.002704,1,NA,1,1,NA,0.51508,NA,NA,1
"locus119","locus263",0.818918,1,NA,Inf,1,NA,1,NA,NA,0
"locus119","locus264",0.90877,0.163764,NA,NA,1,NA,0.385318,NA,NA,0
"locus119","locus274",0.59353,1,1,NA,0.240406,NA,0.519014,NA,NA,0
"locus119","locus280",0.85976,0.396462,NA,NA,1,NA,0.108342,1,NA,0
"locus119","locus282",0.6654,0.055396,NA,NA,0.047008,0.334006,0.715116,NA,NA,1
"locus119","locus286",0.7076,1,NA,NA,1,NA,0.142428,NA,NA,0
"locus119","locus291",0.321096,0.675572,NA,NA,0.047488,NA,0.05329,NA,NA,1
"locus119","locus292",0.836988,1,0.500036,NA,0.573464,NA,0.027558,NA,NA,1
"locus119","locus296",0.888766,1,NA,NA,1,NA,0.759978,NA,NA,0
"locus119","locus301",0.583744,0.785512,NA,NA,0.095148,NA,0.782276,NA,NA,0
"locus119","locus314",0.315884,0.144466,NA,0.333456,0.52297,NA,0.673978,NA,NA,0
"locus119","locus321",0.405034,0.488118,NA,1,0.237072,NA,0.610686,1,NA,0
"locus119","locus322",0.138734,0.141292,NA,0.600988,1,1,0.946052,NA,NA,0
"locus119","locus323",0.085868,0.679992,NA,NA,0.428792,NA,0.438122,NA,NA,0
"locus119","locus329",0.760214,0.213096,NA,NA,1,NA,0.563028,NA,NA,0
"locus119","locus332",0.987326,1,NA,NA,1,NA,0.16548,NA,NA,0
"locus119","locus349",0.585456,0.071,NA,NA,0.429334,NA,0.831836,NA,NA,0
"locus119","locus358",0.536238,1,NA,0.598186,1,0.332796,0.065502,NA,NA,0
"locus119","locus359",0.48331,0.538566,NA,NA,1,NA,0.34018,NA,NA,0
"locus119","locus360",0.024744,0.107038,NA,NA,0.619242,NA,0.390404,NA,NA,1
"locus120","locus126",0.052986,0.428094,NA,NA,0.428082,NA,0.0751,NA,NA,0
"locus120","locus128",0.523724,1,NA,NA,0.429964,NA,0.121572,NA,NA,0
"locus120","locus129",0.27247,0.500378,NA,NA,0.290722,1,0.212264,NA,NA,0
"locus120","locus130",1,0.3749,Inf,NA,1,NA,0.170142,NA,NA,0
"locus120","locus134",0.880756,1,NA,NA,1,Inf,0.370092,NA,NA,0
"locus120","locus135",0.382214,1,NA,NA,1,NA,0.434894,NA,NA,0
"locus120","locus137",0.87517,1,NA,NA,0.285856,NA,0.800506,NA,NA,0
"locus120","locus139",0.03722,1,Inf,NA,1,NA,0.491078,0.259364,NA,1
"locus120","locus140",0.037222,1,Inf,NA,1,NA,0.4912,NA,NA,1
"locus120","locus146",0.854422,0.2494,NA,1,1,NA,0.420266,NA,NA,0
"locus120","locus148",0.386544,1,NA,NA,1,NA,0.888512,NA,NA,0
"locus120","locus151",0.121682,1,NA,NA,1,NA,0.483182,NA,NA,0
"locus120","locus157",0.050212,1,NA,NA,1,NA,0.16706,NA,NA,0
"locus120","locus161",0.686426,0.373836,NA,NA,1,NA,0.140964,1,NA,0
"locus120","locus165",0.300722,0.504026,NA,NA,0.332792,NA,1,NA,NA,0
"locus120","locus170",0.371884,0.124488,NA,NA,1,NA,1,NA,NA,0
"locus120","locus176",0.795072,1,Inf,NA,1,1,1,NA,NA,0
"locus120","locus184",0.21004,1,NA,NA,1,NA,0.304872,NA,NA,0
"locus120","locus186",1,1,NA,NA,1,NA,0.22694,NA,NA,0
"locus120","locus188",0.207578,0.24804,Inf,NA,0.142248,NA,0.106392,NA,NA,0
"locus120","locus189",0.363336,0.248882,Inf,NA,0.427906,NA,0.821992,NA,NA,0
"locus120","locus190",0.711102,1,Inf,NA,0.428256,NA,1,NA,NA,0
"locus120","locus191",0.330732,1,NA,NA,0.143056,NA,0.828734,NA,NA,0
"locus120","locus192",0.216398,0.12407,NA,NA,1,NA,0.25718,NA,NA,0
"locus120","locus195",0.478272,0.374054,NA,NA,0.571236,NA,0.258668,NA,NA,0
"locus120","locus202",0.430658,1,NA,NA,0.427436,NA,0.65882,NA,NA,0
"locus120","locus210",0.232048,0.500482,NA,NA,0.142588,NA,0.802266,1,NA,0
"locus120","locus215",0.272654,1,NA,NA,1,NA,0.7745,NA,NA,0
"locus120","locus227",0.718228,0.375406,Inf,NA,Inf,NA,0.883578,NA,NA,0
"locus120","locus231",0.95274,1,NA,NA,1,NA,0.219488,NA,NA,0
"locus120","locus235",0.2484,1,NA,NA,1,NA,0.316318,NA,NA,0
"locus120","locus236",0.017262,1,NA,NA,1,NA,0.803072,NA,NA,1
"locus120","locus237",0.256852,1,1,NA,1,NA,0.552854,NA,NA,0
"locus120","locus239",0.43215,1,NA,NA,0.428596,NA,0.746208,NA,NA,0
"locus120","locus248",0.604742,1,NA,NA,1,NA,1,1,NA,0
"locus120","locus255",0.47594,1,NA,NA,0.285908,NA,NA,NA,NA,0
"locus120","locus256",0.469652,1,NA,1,0.56988,NA,0.262774,NA,NA,0
"locus120","locus263",0.095356,1,NA,Inf,1,NA,0.563722,NA,NA,0
"locus120","locus264",0.752434,1,NA,NA,0.427114,NA,0.386186,NA,NA,0
"locus120","locus274",0.342456,1,1,NA,0.573068,NA,0.299322,NA,NA,0
"locus120","locus280",0.544252,0.501552,NA,NA,0.57214,NA,0.874296,0.14305,NA,0
"locus120","locus282",0.718902,1,NA,NA,1,0.332648,0.721716,NA,NA,0
"locus120","locus286",1,1,NA,NA,1,NA,1,NA,NA,0
"locus120","locus291",0.590998,1,NA,NA,1,NA,0.374034,NA,NA,0
"locus120","locus292",0.054756,1,1,NA,0.143638,NA,0.233926,NA,NA,0
"locus120","locus296",0.083256,1,NA,NA,0.285166,NA,0.504422,NA,NA,0
"locus120","locus301",0.520666,1,NA,NA,0.570844,NA,0.880066,NA,NA,0
"locus120","locus314",0.593014,Inf,NA,1,1,NA,1,NA,NA,0
"locus120","locus321",0.605464,0.499396,NA,0.200926,0.571208,NA,1,0.25751,NA,0
"locus120","locus322",0.187826,1,NA,1,0.428964,1,0.098072,NA,NA,0
"locus120","locus323",0.296236,0.375386,NA,NA,1,NA,0.341586,NA,NA,0
"locus120","locus329",0.521612,0.252018,NA,NA,0.142576,Inf,0.226126,NA,NA,0
"locus120","locus332",0.04024,0.501196,NA,NA,1,NA,0.321466,NA,NA,1
"locus120","locus349",1,0.375274,NA,NA,0.429582,NA,0.076872,NA,NA,0
"locus120","locus358",0.290058,1,NA,1,1,0.33476,0.208594,NA,NA,0
"locus120","locus359",0.229266,1,NA,NA,1,NA,0.283628,NA,NA,0
"locus120","locus360",0.040124,0.373696,Inf,NA,1,NA,0.840742,NA,NA,1
"locus126","locus128",0.559478,1,NA,NA,1,NA,0.47726,NA,NA,0
"locus126","locus129",0.957692,0.257904,NA,NA,1,NA,0.538416,NA,NA,0
"locus126","locus130",0.465846,0.485498,NA,NA,0.399624,NA,0.043874,NA,NA,1
"locus126","locus134",0.18726,1,NA,NA,1,NA,0.835462,NA,NA,0
"locus126","locus135",0.368496,1,NA,NA,0.057488,NA,0.437364,NA,NA,0
"locus126","locus137",0.421818,0.315964,NA,NA,0.142176,NA,0.548366,NA,NA,0
"locus126","locus139",0.694226,1,Inf,NA,1,NA,0.49803,1,NA,0
"locus126","locus140",0.692724,1,Inf,NA,1,NA,0.496878,NA,NA,0
"locus126","locus146",0.389374,1,NA,NA,0.427536,NA,0.300492,NA,NA,0
"locus126","locus148",0.864064,0.428422,NA,NA,0.227302,NA,0.666088,NA,NA,0
"locus126","locus151",0.03762,0.485348,NA,NA,1,NA,0.909938,NA,NA,1
"locus126","locus157",0.606284,1,NA,NA,0.428928,NA,0.69916,NA,NA,0
"locus126","locus161",0.383544,0.4867,NA,NA,1,NA,0.585678,1,NA,0
"locus126","locus165",0.826562,1,Inf,NA,1,NA,1,NA,NA,0
"locus126","locus170",0.580962,1,NA,NA,1,NA,0.154772,NA,NA,0
"locus126","locus176",0.370848,0.657912,NA,NA,1,NA,0.600644,NA,NA,0
"locus126","locus184",0.576164,1,NA,NA,0.143128,NA,0.810656,NA,NA,0
"locus126","locus186",0.928468,1,NA,NA,0.485874,NA,0.131908,NA,NA,0
"locus126","locus188",0.719322,0.087226,NA,NA,0.77204,NA,0.029858,NA,NA,1
"locus126","locus189",0.503946,1,Inf,NA,1,NA,0.35429,NA,NA,0
"locus126","locus190",0.504708,0.143664,Inf,NA,0.655394,NA,0.448372,NA,NA,0
"locus126","locus191",0.219604,1,NA,NA,0.657628,NA,1,NA,NA,0
"locus126","locus192",0.830304,0.428262,NA,NA,1,NA,1,NA,NA,0
"locus126","locus195",0.593662,0.487742,NA,NA,1,NA,0.24495,NA,NA,0
"locus126","locus202",0.421378,1,NA,NA,0.029022,NA,0.709106,NA,NA,1
"locus126","locus210",0.39919,0.02876,NA,NA,1,NA,0.543348,1,NA,1
"locus126","locus215",0.820668,1,NA,NA,1,NA,0.531914,NA,NA,0
"locus126","locus227",0.698554,0.486174,Inf,NA,Inf,NA,0.505798,NA,NA,0
"locus126","locus231",0.263696,0.486994,NA,NA,1,NA,0.76446,NA,NA,0
"locus126","locus235",0.06123,1,NA,NA,0.428888,NA,1,NA,NA,0
"locus126","locus236",0.849622,0.142424,NA,NA,1,NA,0.011644,NA,NA,1
"locus126","locus237",0.292208,1,Inf,NA,0.658094,NA,0.32476,NA,NA,0
"locus126","locus239",0.881716,1,NA,NA,0.485224,NA,0.308636,NA,NA,0
"locus126","locus248",0.870212,1,NA,NA,1,NA,0.67702,0.19939,NA,0
"locus126","locus255",1,1,NA,NA,1,NA,NA,NA,NA,0
"locus126","locus256",0.786816,1,NA,NA,0.314792,NA,0.487964,NA,NA,0
"locus126","locus263",0.524052,1,NA,NA,1,NA,1,NA,NA,0
"locus126","locus264",0.581348,1,NA,NA,0.484552,NA,0.03338,NA,NA,1
"locus126","locus274",0.062962,1,Inf,NA,1,NA,0.008928,NA,NA,1
"locus126","locus280",1,0.229044,NA,NA,0.657878,NA,0.08115,0.19774,NA,0
"locus126","locus282",0.903424,0.657564,NA,NA,0.655368,NA,0.04121,NA,NA,1
"locus126","locus286",0.857538,1,NA,NA,1,NA,0.72215,NA,NA,0
"locus126","locus291",0.118424,0.428666,NA,NA,1,NA,0.762546,NA,NA,0
"locus126","locus292",0.38268,1,Inf,NA,1,NA,0.561164,NA,NA,0
"locus126","locus296",0.048114,0.144716,NA,NA,0.14245,NA,0.872388,NA,NA,1
"locus126","locus301",0.22353,0.426598,NA,NA,1,NA,0.85673,NA,NA,0
"locus126","locus314",0.22567,0.598572,NA,NA,1,NA,0.61849,NA,NA,0
"locus126","locus321",0.554158,0.657622,NA,NA,0.314894,NA,0.052786,1,NA,0
"locus126","locus322",0.636144,1,NA,NA,0.656188,NA,0.73253,NA,NA,0
"locus126","locus323",0.389344,1,NA,NA,1,NA,0.444554,NA,NA,0
"locus126","locus329",0.002748,0.427336,NA,NA,0.230388,NA,0.295136,NA,NA,1
"locus126","locus332",0.035618,0.229126,NA,NA,1,NA,0.972588,NA,NA,1
"locus126","locus349",0.68375,0.484976,Inf,NA,1,NA,0.051204,NA,NA,0
"locus126","locus358",0.195766,0.485024,NA,NA,0.140978,NA,0.475622,NA,NA,0
"locus126","locus359",0.337728,0.256916,NA,NA,1,NA,0.286382,NA,NA,0
"locus126","locus360",0.79838,0.143394,NA,NA,1,NA,0.194972,NA,NA,0
"locus128","locus129",0.293342,1,NA,NA,0.141188,Inf,0.397292,NA,NA,0
"locus128","locus130",0.286902,1,NA,NA,1,NA,0.129658,NA,NA,0
"locus128","locus134",0.95378,1,NA,NA,0.776554,Inf,0.779088,NA,NA,0
"locus128","locus135",0.411992,0.355876,NA,NA,0.657696,NA,0.502954,NA,NA,0
"locus128","locus137",0.518762,0.357972,NA,NA,1,NA,0.65383,NA,NA,0
"locus128","locus139",1,0.374302,Inf,NA,0.256194,NA,1,NA,NA,0
"locus128","locus140",1,0.374558,Inf,NA,0.256904,NA,1,NA,NA,0
"locus128","locus146",0.772684,1,NA,1,0.6192,NA,0.96857,NA,NA,0
"locus128","locus148",0.696766,0.644322,0.333776,NA,1,NA,0.112752,NA,NA,0
"locus128","locus151",0.159954,1,NA,NA,0.770484,NA,0.375632,NA,NA,0
"locus128","locus157",0.319752,0.642752,NA,0.332932,1,NA,0.183904,NA,NA,0
"locus128","locus161",0.882296,0.197024,NA,NA,0.14504,NA,0.17561,NA,NA,0
"locus128","locus165",0.62062,1,NA,NA,0.59953,NA,0.13481,NA,NA,0
"locus128","locus170",0.193384,0.6762,NA,NA,0.256404,NA,0.225258,NA,NA,0
"locus128","locus176",0.027096,1,NA,NA,0.769644,Inf,0.022074,NA,NA,2
"locus128","locus184",0.497808,0.142264,NA,NA,0.618464,NA,1,NA,NA,0
"locus128","locus186",0.91625,0.464698,NA,NA,0.256826,NA,0.357274,NA,NA,0
"locus128","locus188",0.843274,1,NA,NA,0.772878,Inf,0.3827,NA,NA,0
"locus128","locus189",0.291716,0.675814,Inf,NA,0.426762,NA,0.830618,NA,NA,0
"locus128","locus190",0.11518,1,Inf,NA,1,Inf,0.63602,NA,NA,0
"locus128","locus191",0.329264,0.251656,Inf,NA,0.771816,NA,0.940528,NA,NA,0
"locus128","locus192",0.366354,1,NA,NA,1,NA,0.416134,NA,NA,0
"locus128","locus195",0.73276,0.46391,NA,NA,0.124014,NA,0.94107,NA,NA,0
"locus128","locus202",0.716796,0.642376,NA,NA,1,NA,0.736472,NA,NA,0
"locus128","locus210",0.05832,0.714002,NA,NA,0.656856,NA,0.684472,NA,NA,0
"locus128","locus215",1,0.017692,NA,NA,0.228714,NA,0.840362,NA,NA,1
"locus128","locus227",0.599426,0.465394,Inf,NA,Inf,NA,0.465886,NA,NA,0
"locus128","locus231",0.464804,1,Inf,NA,0.65782,NA,0.624092,NA,NA,0
"locus128","locus235",0.828378,0.641768,NA,NA,1,NA,0.718568,NA,NA,0
"locus128","locus236",0.44307,1,NA,NA,0.430246,NA,0.81507,NA,NA,0
"locus128","locus237",0.313284,1,NA,NA,0.77146,NA,0.4548,NA,NA,0
"locus128","locus239",0.558972,0.466692,NA,NA,1,NA,0.848628,NA,NA,0
"locus128","locus248",0.756438,0.107698,NA,NA,0.62022,NA,0.413908,NA,NA,0
"locus128","locus255",0.85841,1,NA,NA,1,NA,NA,NA,NA,0
"locus128","locus256",0.843352,0.374364,NA,1,1,NA,0.197368,NA,NA,0
"locus128","locus263",0.562848,0.106058,NA,Inf,0.429278,NA,1,NA,NA,0
"locus128","locus264",0.58983,1,NA,NA,1,NA,0.728832,NA,NA,0
"locus128","locus274",0.426634,0.679128,Inf,NA,0.198552,NA,0.63532,NA,NA,0
"locus128","locus280",0.234048,0.250488,NA,NA,0.203754,NA,0.255874,NA,NA,0
"locus128","locus282",0.583198,1,Inf,NA,0.772444,Inf,0.408724,NA,NA,0
"locus128","locus286",0.346144,0.375434,NA,NA,0.143242,NA,0.55135,NA,NA,0
"locus128","locus291",0.613184,1,NA,NA,0.619412,NA,0.623194,NA,NA,0
"locus128","locus292",0.28582,0.680602,1,NA,0.654258,NA,0.738428,NA,NA,0
"locus128","locus296",0.334646,0.64227,NA,NA,1,NA,0.229416,NA,NA,0
"locus128","locus301",0.548598,0.463518,NA,NA,1,NA,0.29257,NA,NA,0
"locus128","locus314",0.52606,1,NA,Inf,0.615704,NA,0.598382,NA,NA,0
"locus128","locus321",0.17639,0.28816,NA,1,1,NA,0.701874,NA,NA,0
"locus128","locus322",0.077472,1,NA,0.501324,1,Inf,1,NA,NA,0
"locus128","locus323",0.001398,1,NA,NA,0.427842,NA,0.22938,NA,NA,1
"locus128","locus329",0.721688,0.46441,NA,NA,0.660158,NA,0.298888,NA,NA,0
"locus128","locus332",0.143232,1,NA,NA,0.428046,NA,0.29148,NA,NA,0
"locus128","locus349",0.53936,1,NA,NA,0.256812,NA,0.173412,NA,NA,0
"locus128","locus358",0.112376,0.143818,NA,1,1,Inf,0.590854,NA,NA,0
"locus128","locus359",0.111448,0.641228,NA,NA,1,NA,0.58408,NA,NA,0
"locus128","locus360",0.648322,0.464494,NA,NA,0.42816,NA,0.083072,NA,NA,0
"locus129","locus130",0.182412,0.071532,NA,NA,1,NA,0.611146,NA,NA,0
"locus129","locus134",0.137486,1,NA,NA,0.71276,Inf,0.17629,NA,NA,0
"locus129","locus135",0.356938,1,NA,NA,0.287146,NA,0.55401,NA,NA,0
"locus129","locus137",0.33694,1,NA,NA,0.52272,NA,0.71353,NA,NA,0
"locus129","locus139",0.016916,1,Inf,NA,1,NA,0.742006,1,NA,1
"locus129","locus140",0.018016,1,Inf,NA,1,NA,0.742572,NA,NA,1
"locus129","locus146",0.379696,1,NA,0.100746,1,NA,0.495676,NA,NA,0
"locus129","locus148",0.46924,0.35725,0.500408,NA,0.569966,NA,0.901948,NA,NA,0
"locus129","locus151",0.393246,0.144094,NA,NA,1,NA,0.79267,NA,NA,0
"locus129","locus157",0.09978,1,NA,1,1,NA,0.054572,NA,NA,0
"locus129","locus161",0.593494,1,NA,NA,0.283682,NA,0.130534,1,NA,0
"locus129","locus165",0.594868,0.404304,NA,NA,0.600948,NA,0.05941,NA,NA,0
"locus129","locus170",0.152504,0.484266,NA,NA,1,NA,0.46806,NA,NA,0
"locus129","locus176",0.321018,1,NA,NA,0.715646,1,0.919726,NA,NA,0
"locus129","locus184",0.733424,1,NA,NA,1,NA,0.007612,NA,NA,1
"locus129","locus186",0.711606,0.213512,NA,NA,1,NA,0.673056,NA,NA,0
"locus129","locus188",0.089544,0.356116,NA,NA,0.428548,Inf,0.82592,NA,NA,0
"locus129","locus189",0.084538,0.742134,Inf,NA,0.140284,NA,0.841206,NA,NA,0
"locus129","locus190",0.854868,0.485878,Inf,NA,0.714854,Inf,0.98228,NA,NA,0
"locus129","locus191",0.344944,1,NA,NA,0.32982,NA,0.578056,NA,NA,0
"locus129","locus192",0.181002,0.537686,NA,NA,1,NA,0.315008,NA,NA,0
"locus129","locus195",0.330992,0.67832,NA,NA,1,NA,0.584004,NA,NA,0
"locus129","locus202",0.01802,1,NA,NA,0.712156,NA,0.500168,NA,NA,1
"locus129","locus210",0.60967,0.201066,NA,NA,0.281628,NA,0.470158,Inf,NA,0
"locus129","locus215",0.918606,1,NA,NA,0.570444,NA,0.321252,NA,NA,0
"locus129","locus227",0.308434,0.679386,Inf,NA,Inf,NA,0.18299,NA,NA,0
"locus129","locus231",0.2668,0.143148,NA,NA,1,NA,0.61246,NA,NA,0
"locus129","locus235",0.097816,1,NA,NA,1,NA,0.606858,NA,NA,0
"locus129","locus236",0.054208,0.400332,NA,NA,1,NA,0.974568,NA,NA,0
"locus129","locus237",0.925124,1,NA,NA,1,NA,0.526176,NA,NA,0
"locus129","locus239",0.147332,1,NA,NA,1,NA,0.888078,NA,NA,0
"locus129","locus248",0.829412,1,NA,NA,1,NA,0.699792,1,NA,0
"locus129","locus255",0.937146,0.057554,NA,NA,0.521398,NA,NA,NA,NA,0
"locus129","locus256",0.532174,1,NA,0.335044,1,NA,0.076962,NA,NA,0
"locus129","locus263",0.337078,1,NA,Inf,1,NA,0.522816,NA,NA,0
"locus129","locus264",0.153412,0.294984,NA,NA,1,NA,0.301158,NA,NA,0
"locus129","locus274",0.085302,0.271204,Inf,NA,0.096654,NA,0.558132,NA,NA,0
"locus129","locus280",0.697302,0.485346,NA,NA,0.094768,NA,0.745984,1,NA,0
"locus129","locus282",0.386434,1,NA,NA,1,1,0.154066,NA,NA,0
"locus129","locus286",0.21977,1,NA,NA,0.286722,NA,0.404964,NA,NA,0
"locus129","locus291",0.672364,1,NA,NA,1,NA,0.303398,NA,NA,0
"locus129","locus292",0.633814,1,1,NA,0.287768,NA,0.242872,NA,NA,0
"locus129","locus296",0.158598,1,NA,NA,0.523046,NA,0.733278,NA,NA,0
"locus129","locus301",0.468278,0.531492,NA,NA,1,NA,0.756514,NA,NA,0
"locus129","locus314",0.513954,0.12216,NA,0.33337,1,NA,0.097108,NA,NA,0
"locus129","locus321",0.695314,0.200228,NA,1,0.285144,NA,0.712796,1,NA,0
"locus129","locus322",0.969978,0.249228,NA,1,0.715474,1,0.175358,NA,NA,0
"locus129","locus323",0.67159,1,NA,NA,1,NA,0.95316,NA,NA,0
"locus129","locus329",0.070162,0.21333,NA,NA,0.283726,NA,0.684352,NA,NA,0
"locus129","locus332",0.834964,0.2713,NA,NA,1,NA,0.407176,NA,NA,0
"locus129","locus349",0.348372,0.680102,NA,NA,1,NA,0.966754,NA,NA,0
"locus129","locus358",0.060284,0.48538,NA,0.599822,1,1,0.126508,NA,NA,0
"locus129","locus359",0.87714,0.53684,NA,NA,1,NA,0.827428,NA,NA,0
"locus129","locus360",0.06245,0.03607,NA,NA,0.713738,NA,0.604644,NA,NA,1
"locus130","locus134",0.662634,0.196086,NA,NA,0.601846,NA,0.920532,NA,NA,0
"locus130","locus135",0.830508,0.356742,NA,NA,0.39997,NA,0.055984,NA,NA,0
"locus130","locus137",0.164064,1,NA,NA,0.468564,NA,0.692178,NA,NA,0
"locus130","locus139",0.321612,1,Inf,NA,1,NA,1,0.62006,NA,0
"locus130","locus140",0.317108,1,Inf,NA,1,NA,1,NA,NA,0
"locus130","locus146",0.377684,1,NA,NA,1,NA,0.881084,NA,NA,0
"locus130","locus148",0.267254,0.644562,Inf,NA,0.59928,NA,0.430562,NA,NA,0
"locus130","locus151",0.513296,1,NA,NA,1,NA,1,NA,NA,0
"locus130","locus157",0.330976,0.642926,NA,NA,1,NA,0.70281,NA,NA,0
"locus130","locus161",0.39636,1,NA,NA,Inf,NA,0.173418,1,NA,0
"locus130","locus165",0.809118,0.67791,NA,NA,0.400766,NA,0.53652,NA,NA,0
"locus130","locus170",0.698948,0.070358,NA,NA,1,NA,0.524616,NA,NA,0
"locus130","locus176",0.582652,1,NA,NA,1,NA,0.152692,NA,NA,0
"locus130","locus184",0.832986,1,NA,NA,0.466722,NA,0.144764,NA,NA,0
"locus130","locus186",1,1,NA,NA,1,NA,0.308066,NA,NA,0
"locus130","locus188",0.341918,0.069842,NA,NA,1,NA,0.125666,NA,NA,0
"locus130","locus189",0.22344,1,Inf,NA,0.59905,NA,0.238114,NA,NA,0
"locus130","locus190",0.565324,0.142442,Inf,NA,1,NA,0.49237,NA,NA,0
"locus130","locus191",0.206006,0.141376,NA,NA,1,NA,0.79501,NA,NA,0
"locus130","locus192",1,0.64519,NA,NA,0.59942,NA,0.77461,NA,NA,0
"locus130","locus195",0.789872,0.46386,NA,NA,1,NA,0.488576,NA,NA,0
"locus130","locus202",0.213308,1,NA,NA,0.599424,NA,0.695406,NA,NA,0
"locus130","locus210",0.377086,1,NA,NA,0.598704,NA,0.268264,1,NA,0
"locus130","locus215",1,1,Inf,NA,0.600316,NA,0.633138,NA,NA,0
"locus130","locus227",0.301756,0.46433,Inf,NA,Inf,NA,0.708238,NA,NA,0
"locus130","locus231",0.942552,1,NA,NA,1,NA,0.533534,NA,NA,0
"locus130","locus235",0.60457,0.46438,NA,NA,1,NA,0.12513,NA,NA,0
"locus130","locus236",0.767236,1,NA,NA,0.46619,NA,0.667932,NA,NA,0
"locus130","locus237",0.404996,1,NA,NA,0.601586,NA,0.28157,NA,NA,0
"locus130","locus239",0.679366,0.4649,NA,NA,1,NA,0.367734,NA,NA,0
"locus130","locus248",0.478706,1,NA,NA,0.466284,NA,0.106076,1,NA,0
"locus130","locus255",0.667244,0.249044,NA,NA,1,NA,NA,NA,NA,0
"locus130","locus256",0.971926,1,NA,NA,1,NA,0.708142,NA,NA,0
"locus130","locus263",0.68699,1,NA,NA,0.333466,NA,0.613188,NA,NA,0
"locus130","locus264",0.385128,1,NA,NA,1,NA,0.431656,NA,NA,0
"locus130","locus274",0.099662,0.678912,NA,NA,1,NA,0.02029,NA,NA,1
"locus130","locus280",0.401278,0.072288,NA,NA,1,NA,0.088596,1,NA,0
"locus130","locus282",0.815206,1,NA,NA,0.60131,NA,0.927174,NA,NA,0
"locus130","locus286",0.222042,1,NA,NA,Inf,NA,1,NA,NA,0
"locus130","locus291",0.292368,0.1972,NA,NA,0.465396,NA,0.923064,NA,NA,0
"locus130","locus292",0.5615,0.678404,Inf,NA,0.599874,NA,0.868946,NA,NA,0
"locus130","locus296",0.443216,0.643046,NA,NA,0.466272,NA,0.322238,NA,NA,0
"locus130","locus301",0.90521,0.643912,Inf,NA,1,NA,1,NA,NA,0
"locus130","locus314",0.346446,1,NA,NA,1,NA,0.620784,NA,NA,0
"locus130","locus321",0.080172,1,NA,NA,0.600444,NA,0.367978,0.618982,NA,0
"locus130","locus322",0.903656,1,NA,NA,0.59948,NA,0.199774,NA,NA,0
"locus130","locus323",0.931178,1,NA,NA,1,NA,0.434944,NA,NA,0
"locus130","locus329",1,1,NA,NA,1,NA,0.094004,NA,NA,0
"locus130","locus332",0.451666,0.018278,NA,NA,0.465972,NA,0.204184,NA,NA,1
"locus130","locus349",0.239744,0.466148,NA,NA,0.401324,NA,0.236356,NA,NA,0
"locus130","locus358",0.844912,1,NA,NA,0.399604,NA,0.669662,NA,NA,0
"locus130","locus359",1,1,NA,NA,0.334736,NA,0.280392,NA,NA,0
"locus130","locus360",0.685438,0.644524,NA,NA,0.599344,NA,0.773904,NA,NA,0
"locus134","locus135",0.090038,0.035846,NA,NA,0.657674,NA,0.953674,NA,NA,1
"locus134","locus137",0.470298,1,NA,NA,0.617132,NA,0.020348,NA,NA,1
"locus134","locus139",0.788124,1,Inf,NA,0.429214,NA,0.301078,1,NA,0
"locus134","locus140",0.786634,1,Inf,NA,0.42727,NA,0.300678,NA,NA,0
"locus134","locus146",0.949316,0.463946,Inf,NA,0.33465,NA,0.579452,NA,NA,0
"locus134","locus148",0.595916,0.643812,NA,NA,0.654572,NA,0.668166,NA,NA,0
"locus134","locus151",0.713168,1,Inf,NA,0.431088,NA,0.191346,NA,NA,0
"locus134","locus157",0.595484,1,NA,NA,0.427816,NA,0.89527,NA,NA,0
"locus134","locus161",0.011068,1,NA,NA,0.428812,NA,0.879458,0.52351,NA,1
"locus134","locus165",0.698284,1,NA,NA,0.600182,NA,0.273724,NA,NA,0
"locus134","locus170",0.893574,0.143986,NA,NA,0.42912,NA,0.703852,NA,NA,0
"locus134","locus176",0.872698,0.678688,NA,NA,0.065926,Inf,0.563858,NA,NA,0
"locus134","locus184",0.507384,1,NA,NA,1,NA,0.44522,NA,NA,0
"locus134","locus186",0.340674,1,NA,NA,0.656254,NA,0.65013,NA,NA,0
"locus134","locus188",0.571848,1,NA,NA,0.771708,NA,0.147152,NA,NA,0
"locus134","locus189",1,0.679022,Inf,NA,0.4302,NA,0.058992,NA,NA,0
"locus134","locus190",0.564306,1,Inf,NA,0.429566,NA,0.851054,NA,NA,0
"locus134","locus191",0.402604,0.679252,NA,NA,0.4274,NA,0.133456,NA,NA,0
"locus134","locus192",0.676364,0.464088,NA,NA,0.335106,NA,0.812372,NA,NA,0
"locus134","locus195",0.396696,1,NA,NA,1,NA,0.165742,NA,NA,0
"locus134","locus202",0.286462,0.463036,NA,NA,0.771294,NA,0.922272,NA,NA,0
"locus134","locus210",0.562756,1,Inf,NA,0.65701,NA,0.639536,0.398518,NA,0
"locus134","locus215",0.878676,1,NA,NA,0.657674,NA,0.546968,NA,NA,0
"locus134","locus227",0.76983,0.1974,Inf,NA,Inf,Inf,0.940952,NA,NA,0
"locus134","locus231",0.539508,1,NA,NA,1,NA,0.008694,NA,NA,1
"locus134","locus235",0.825686,0.643846,NA,NA,0.427372,NA,0.168834,NA,NA,0
"locus134","locus236",0.241962,0.250704,NA,NA,1,NA,0.76149,NA,NA,0
"locus134","locus237",0.064848,0.464798,NA,NA,0.768622,NA,0.024748,NA,NA,1
"locus134","locus239",0.803094,0.642178,NA,NA,0.428856,NA,0.48432,NA,NA,0
"locus134","locus248",0.124638,1,NA,NA,1,NA,0.697396,1,NA,0
"locus134","locus255",0.449916,1,NA,NA,0.332612,NA,NA,NA,NA,0
"locus134","locus256",0.052354,0.375284,NA,NA,1,NA,0.69756,NA,NA,0
"locus134","locus263",0.880314,0.46379,NA,NA,1,NA,0.393536,NA,NA,0
"locus134","locus264",0.191202,1,NA,NA,0.428158,NA,0.317586,NA,NA,0
"locus134","locus274",0.004776,1,NA,NA,1,NA,0.400158,NA,NA,1
"locus134","locus280",0.223478,1,NA,NA,1,NA,0.528168,1,NA,0
"locus134","locus282",0.351676,0.680054,NA,NA,0.771896,Inf,0.942214,NA,NA,0
"locus134","locus286",0.780656,0.376376,NA,NA,0.431288,NA,0.232296,NA,NA,0
"locus134","locus291",0.46045,1,NA,NA,0.617928,Inf,0.96262,NA,NA,0
"locus134","locus292",0.632508,0.24665,Inf,NA,1,NA,0.27754,NA,NA,0
"locus134","locus296",0.342446,0.642884,NA,NA,0.621266,NA,0.84275,NA,NA,0
"locus134","locus301",0.354038,0.466954,NA,NA,0.426478,NA,0.146324,NA,NA,0
"locus134","locus314",0.834016,0.658276,NA,NA,0.14384,NA,1,NA,NA,0
"locus134","locus321",0.64825,1,NA,NA,0.19968,NA,0.673426,1,NA,0
"locus134","locus322",0.45872,0.463078,NA,NA,0.768526,Inf,0.333564,NA,NA,0
"locus134","locus323",0.804806,1,NA,NA,0.02914,NA,0.699752,NA,NA,1
"locus134","locus329",0.24256,1,NA,NA,1,NA,0.062016,NA,NA,0
"locus134","locus332",0.496846,0.249478,NA,NA,0.257714,NA,0.556602,NA,NA,0
"locus134","locus349",0.886516,0.196232,NA,NA,0.427832,NA,0.544876,NA,NA,0
"locus134","locus358",0.611816,1,NA,NA,0.430686,Inf,0.124774,NA,NA,0
"locus134","locus359",0.744182,0.467962,NA,NA,0.14317,NA,0.438582,NA,NA,0
"locus134","locus360",0.94065,1,NA,NA,0.066772,Inf,0.28016,NA,NA,0
"locus135","locus137",0.171,0.8741,1,NA,0.57212,NA,0.071102,NA,NA,0
"locus135","locus139",0.87792,0.247086,Inf,NA,1,NA,0.024572,0.886088,NA,1
"locus135","locus140",0.87946,0.252286,Inf,NA,1,NA,0.024414,NA,NA,1
"locus135","locus146",0.589018,0.679088,NA,1,0.571242,NA,0.048364,NA,NA,1
"locus135","locus148",0.371876,0.462222,NA,NA,0.102036,NA,0.897608,NA,NA,0
"locus135","locus151",0.02684,1,NA,NA,1,NA,0.473924,NA,NA,1
"locus135","locus157",0.53812,0.467988,NA,0.334992,1,NA,0.831344,NA,NA,0
"locus135","locus161",0.930688,1,NA,NA,0.14263,NA,0.64011,1,NA,0
"locus135","locus165",0.4399,1,NA,NA,1,NA,0.598596,NA,NA,0
"locus135","locus170",0.594584,0.16231,NA,NA,1,NA,0.883026,NA,NA,0
"locus135","locus176",0.405072,0.871834,NA,NA,0.659406,Inf,0.559782,NA,NA,0
"locus135","locus184",0.516476,1,NA,NA,0.571616,NA,0.1168,NA,NA,0
"locus135","locus186",0.205978,1,NA,NA,1,NA,0.346534,NA,NA,0
"locus135","locus188",0.854868,0.91419,NA,NA,0.595214,NA,0.423594,NA,NA,0
"locus135","locus189",0.110264,0.48819,Inf,NA,0.658496,NA,0.020824,NA,NA,1
"locus135","locus190",0.188738,1,Inf,NA,1,NA,0.090188,NA,NA,0
"locus135","locus191",0.532608,0.614148,NA,NA,1,NA,0.245656,NA,NA,0
"locus135","locus192",0.201324,0.35389,NA,NA,1,NA,0.32059,NA,NA,0
"locus135","locus195",0.685914,1,NA,NA,1,NA,0.03641,NA,NA,1
"locus135","locus202",0.341626,0.2134,NA,NA,0.114706,NA,0.057414,NA,NA,0
"locus135","locus210",0.834662,0.914888,NA,NA,1,NA,0.0659,1,NA,0
"locus135","locus215",0.176402,0.359034,NA,NA,0.4831,NA,0.017836,NA,NA,1
"locus135","locus227",0.87814,0.35883,Inf,NA,Inf,Inf,0.852216,NA,NA,0
"locus135","locus231",0.638994,1,NA,NA,1,NA,0.47407,NA,NA,0
"locus135","locus235",0.404484,0.35678,NA,NA,1,NA,0.946848,NA,NA,0
"locus135","locus236",0.00306,0.614992,NA,NA,1,NA,0.40464,NA,NA,1
"locus135","locus237",0.136756,0.675746,NA,NA,1,NA,0.55336,NA,NA,0
"locus135","locus239",0.258066,1,NA,NA,1,NA,0.377842,NA,NA,0
"locus135","locus248",0.392474,0.678186,NA,NA,1,NA,0.212852,0.484282,NA,0
"locus135","locus255",1,1,NA,NA,1,NA,NA,NA,NA,0
"locus135","locus256",0.649592,1,NA,1,0.483644,NA,0.714462,NA,NA,0
"locus135","locus263",0.308672,0.034944,NA,Inf,1,NA,0.402262,NA,NA,1
"locus135","locus264",0.417474,0.87333,NA,NA,1,NA,0.843824,NA,NA,0
"locus135","locus274",0.8738,0.616742,NA,NA,0.827208,NA,0.675878,NA,NA,0
"locus135","locus280",0.348606,0.6127,NA,NA,0.489164,NA,0.966004,1,NA,0
"locus135","locus282",0.847566,1,NA,NA,1,Inf,0.69461,NA,NA,0
"locus135","locus286",0.8202,1,NA,NA,0.142348,NA,0.893534,NA,NA,0
"locus135","locus291",0.325118,1,NA,NA,1,Inf,0.1049,NA,NA,0
"locus135","locus292",0.904006,0.615776,0.499648,NA,1,NA,0.137594,NA,NA,0
"locus135","locus296",0.346716,0.460876,NA,NA,0.56899,NA,0.128438,NA,NA,0
"locus135","locus301",0.229516,0.217372,NA,NA,1,NA,0.764428,NA,NA,0
"locus135","locus314",0.557128,0.71417,Inf,Inf,1,NA,0.056686,NA,NA,0
"locus135","locus321",0.851478,0.916346,NA,0.399468,0.48468,NA,0.742982,0.11444,NA,0
"locus135","locus322",0.638244,1,NA,1,1,Inf,0.310386,NA,NA,0
"locus135","locus323",0.249114,1,NA,NA,1,NA,0.625878,NA,NA,0
"locus135","locus329",0.962826,1,NA,NA,0.48628,NA,0.53543,NA,NA,0
"locus135","locus332",0.282928,0.611196,1,NA,1,NA,0.097728,NA,NA,0
"locus135","locus349",0.507626,0.359226,NA,NA,1,NA,0.386366,NA,NA,0
"locus135","locus358",0.921346,1,NA,1,0.056336,Inf,0.33082,NA,NA,0
"locus135","locus359",0.138066,0.787344,NA,NA,1,NA,0.47899,NA,NA,0
"locus135","locus360",0.778022,0.785694,NA,NA,0.66045,Inf,0.82002,NA,NA,0
"locus137","locus139",0.13113,1,Inf,NA,1,NA,0.051494,0.12397,NA,0
"locus137","locus140",0.13273,1,Inf,NA,1,NA,0.051618,NA,NA,0
"locus137","locus146",0.10124,0.251008,NA,1,0.524228,NA,0.620772,NA,NA,0
"locus137","locus148",0.103444,0.675618,NA,NA,0.571318,NA,0.810404,NA,NA,0
"locus137","locus151",0.547518,1,NA,NA,0.619502,NA,0.573786,NA,NA,0
"locus137","locus157",0.378712,0.68031,NA,Inf,1,NA,0.869364,NA,NA,0
"locus137","locus161",0.75061,1,NA,NA,1,NA,0.256332,1,NA,0
"locus137","locus165",0.536316,0.743354,NA,NA,1,NA,0.818844,NA,NA,0
"locus137","locus170",0.774796,1,NA,NA,1,NA,0.226002,NA,NA,0
"locus137","locus176",0.029064,0.615276,NA,NA,0.620372,NA,0.556424,NA,NA,1
"locus137","locus184",0.398344,0.056442,NA,NA,1,NA,0.12581,NA,NA,0
"locus137","locus186",0.795974,0.25085,NA,NA,1,NA,0.776656,NA,NA,0
"locus137","locus188",0.713026,0.120646,NA,NA,0.429436,NA,0.394154,NA,NA,0
"locus137","locus189",0.511186,1,Inf,NA,1,Inf,0.20841,NA,NA,0
"locus137","locus190",0.221458,0.487596,Inf,NA,1,NA,0.112816,NA,NA,0
"locus137","locus191",0.598786,0.744518,NA,NA,0.333506,NA,0.032416,NA,NA,1
"locus137","locus192",0.644686,1,NA,NA,0.527616,NA,0.76575,NA,NA,0
"locus137","locus195",0.195852,0.353934,NA,NA,1,NA,0.163498,NA,NA,0
"locus137","locus202",0.924822,1,NA,NA,0.047946,NA,0.89867,NA,NA,1
"locus137","locus210",0.789626,0.256102,NA,NA,0.571976,NA,0.312498,0.400278,NA,0
"locus137","locus215",0.413158,0.355296,NA,NA,1,NA,0.040336,NA,NA,1
"locus137","locus227",0.749116,0.356514,Inf,NA,Inf,NA,1,NA,NA,0
"locus137","locus231",0.882144,1,NA,NA,1,NA,0.568418,NA,NA,0
"locus137","locus235",0.504904,1,NA,NA,1,NA,0.222652,NA,NA,0
"locus137","locus236",0.027588,0.293938,NA,NA,1,Inf,0.683998,NA,NA,1
"locus137","locus237",0.270234,0.677672,NA,NA,1,NA,0.716544,NA,NA,0
"locus137","locus239",0.557038,0.213496,NA,NA,0.142878,Inf,0.305346,NA,NA,0
"locus137","locus248",0.351908,0.680444,NA,NA,0.524706,NA,0.798844,0.255162,NA,0
"locus137","locus255",1,1,NA,NA,1,NA,NA,NA,NA,0
"locus137","locus256",0.193028,1,NA,Inf,1,NA,0.694698,NA,NA,0
"locus137","locus263",1,0.677998,NA,Inf,1,NA,0.584958,NA,NA,0
"locus137","locus264",0.09805,0.873202,NA,NA,0.141864,NA,0.512252,NA,NA,0
"locus137","locus274",0.65364,1,NA,NA,1,NA,0.62507,NA,NA,0
"locus137","locus280",0.48813,0.744052,NA,NA,1,Inf,0.103512,0.429422,NA,0
"locus137","locus282",0.50393,0.166636,NA,NA,1,NA,0.722712,NA,NA,0
"locus137","locus286",1,1,NA,NA,1,NA,0.867296,NA,NA,0
"locus137","locus291",0.611726,0.677882,NA,NA,1,NA,0.261044,NA,NA,0
"locus137","locus292",0.603368,0.74216,1,NA,0.571886,NA,0.682074,NA,NA,0
"locus137","locus296",0.774422,0.036056,NA,NA,0.04705,NA,0.13236,NA,NA,2
"locus137","locus301",0.891982,0.215462,NA,NA,0.428126,NA,0.812172,NA,NA,0
"locus137","locus314",0.853094,1,Inf,1,0.523382,NA,0.819838,NA,NA,0
"locus137","locus321",0.803408,1,NA,0.399742,1,NA,0.091328,0.423756,NA,0
"locus137","locus322",0.256948,1,NA,1,1,NA,0.918186,NA,NA,0
"locus137","locus323",0.545384,0.678682,NA,NA,0.42863,Inf,0.05026,NA,NA,0
"locus137","locus329",0.70946,1,NA,NA,0.571696,NA,0.86002,NA,NA,0
"locus137","locus332",0.71496,0.742592,1,NA,0.429242,NA,0.9621,NA,NA,0
"locus137","locus349",0.709788,1,NA,NA,1,NA,0.33202,NA,NA,0
"locus137","locus358",0.484358,1,NA,1,0.428458,NA,0.160108,NA,NA,0
"locus137","locus359",0.764484,1,NA,NA,1,NA,0.615216,NA,NA,0
"locus137","locus360",0.704648,1,Inf,NA,0.620034,NA,0.471248,NA,NA,0
"locus139","locus140",0,0.124632,Inf,NA,0.028624,NA,0,NA,NA,3
"locus139","locus146",0.909666,0.249532,NA,1,0.142456,NA,0.391554,NA,NA,0
"locus139","locus148",0.332186,1,NA,NA,0.227976,NA,0.032384,NA,NA,1
"locus139","locus151",0.806908,1,NA,NA,0.657638,NA,0.437578,NA,NA,0
"locus139","locus157",0.010556,1,NA,Inf,1,NA,0.84684,NA,NA,1
"locus139","locus161",0.689678,1,NA,NA,1,NA,0.768978,0.144282,NA,0
"locus139","locus165",0.329988,0.49852,NA,NA,1,NA,0.04309,NA,NA,1
"locus139","locus170",0.722656,0.499662,NA,NA,0.02934,NA,0.92002,NA,NA,1
"locus139","locus176",0.221458,1,Inf,NA,0.42998,NA,0.419316,NA,NA,0
"locus139","locus184",0.808406,1,NA,NA,1,NA,0.270208,NA,NA,0
"locus139","locus186",0.707404,1,NA,NA,0.48506,NA,1,NA,NA,0
"locus139","locus188",0.182016,1,Inf,NA,1,NA,0.087564,NA,NA,0
"locus139","locus189",0.383894,1,Inf,NA,0.426082,1,0.757454,NA,NA,0
"locus139","locus190",0.552156,1,Inf,NA,1,NA,0.8265,NA,NA,0
"locus139","locus191",0.630922,0.125866,NA,NA,1,NA,0.290162,NA,NA,0
"locus139","locus192",1,0.376496,NA,NA,0.1423,NA,0.18024,NA,NA,0
"locus139","locus195",1,1,NA,NA,0.659092,NA,0.028608,NA,NA,1
"locus139","locus202",0.842786,0.125984,NA,NA,1,NA,1,NA,NA,0
"locus139","locus210",0.016822,1,NA,NA,1,NA,0.708556,1,NA,1
"locus139","locus215",0.060706,0.375712,NA,NA,0.055984,NA,0.255204,NA,NA,0
"locus139","locus227",0.441868,0.374884,Inf,NA,Inf,NA,0.29,NA,NA,0
"locus139","locus231",1,1,NA,NA,1,NA,0.42453,NA,NA,0
"locus139","locus235",0.071194,0.375662,NA,NA,1,NA,0.30472,NA,NA,0
"locus139","locus236",0.025772,0.499994,NA,NA,0.487296,1,0.824802,NA,NA,1
"locus139","locus237",0.1412,1,NA,NA,0.256944,NA,0.698902,NA,NA,0
"locus139","locus239",0.327046,1,NA,NA,0.48617,1,0.534634,NA,NA,0
"locus139","locus248",0.802916,1,NA,NA,1,NA,0.339336,1,NA,0
"locus139","locus255",0.664338,0.497878,NA,NA,1,NA,NA,NA,NA,0
"locus139","locus256",0.65642,1,NA,Inf,0.314316,NA,0.27464,NA,NA,0
"locus139","locus263",0.144608,0.249914,NA,Inf,1,NA,0.575658,NA,NA,0
"locus139","locus264",0.304556,1,NA,NA,0.485606,NA,0.258348,NA,NA,0
"locus139","locus274",0.857628,0.497534,NA,NA,0.028028,NA,1,NA,NA,1
"locus139","locus280",0.148942,1,NA,NA,0.657756,Inf,0.413686,0.655086,NA,0
"locus139","locus282",0.300598,1,NA,NA,0.257452,NA,1,NA,NA,0
"locus139","locus286",0.72572,1,NA,NA,1,NA,0.463076,NA,NA,0
"locus139","locus291",0.438082,0.374876,NA,NA,0.143966,NA,0.350486,NA,NA,0
"locus139","locus292",0.292346,0.500768,Inf,NA,1,NA,0.850126,NA,NA,0
"locus139","locus296",0.483388,1,NA,NA,1,NA,1,NA,NA,0
"locus139","locus301",0.17797,1,NA,NA,0.143388,NA,0.866112,NA,NA,0
"locus139","locus314",1,0.570704,Inf,1,1,NA,1,NA,NA,0
"locus139","locus321",0.81973,1,NA,0.400084,0.658682,NA,0.2653,0.124188,NA,0
"locus139","locus322",0.729028,1,NA,1,1,NA,0.245988,NA,NA,0
"locus139","locus323",0.763264,1,NA,NA,1,Inf,0.347166,NA,NA,0
"locus139","locus329",0.546998,1,NA,NA,1,NA,0.45064,NA,NA,0
"locus139","locus332",0.743748,1,Inf,NA,1,NA,0.3297,NA,NA,0
"locus139","locus349",0.013112,1,NA,NA,1,NA,0.863212,NA,NA,1
"locus139","locus358",0.230826,1,NA,1,0.485536,NA,0.023782,NA,NA,1
"locus139","locus359",0.382704,0.374522,NA,NA,0.428996,NA,0.696182,NA,NA,0
"locus139","locus360",0.094992,1,NA,NA,0.258768,NA,0.479024,NA,NA,0
"locus140","locus146",0.907462,0.250786,NA,1,0.14253,NA,0.39346,NA,NA,0
"locus140","locus148",0.331182,1,NA,NA,0.224932,NA,0.0314,NA,NA,1
"locus140","locus151",0.812082,1,NA,NA,0.656466,NA,0.438844,NA,NA,0
"locus140","locus157",0.010828,1,NA,Inf,1,NA,0.845796,NA,NA,1
"locus140","locus161",0.690988,1,NA,NA,1,NA,0.76894,0.143622,NA,0
"locus140","locus165",0.332036,0.500278,NA,NA,1,NA,0.043576,NA,NA,1
"locus140","locus170",0.722326,0.50099,NA,NA,0.02875,NA,0.920946,NA,NA,1
"locus140","locus176",0.223146,1,Inf,NA,0.430782,NA,0.42045,NA,NA,0
"locus140","locus184",0.808294,1,NA,NA,1,NA,0.268508,NA,NA,0
"locus140","locus186",0.702666,1,NA,NA,0.485742,NA,1,NA,NA,0
"locus140","locus188",0.179372,1,Inf,NA,1,NA,0.085292,NA,NA,0
"locus140","locus189",0.384102,1,Inf,NA,0.42756,1,0.7591,NA,NA,0
"locus140","locus190",0.54662,1,Inf,NA,1,NA,0.825646,NA,NA,0
"locus140","locus191",0.629744,0.12476,NA,NA,1,NA,0.290132,NA,NA,0
"locus140","locus192",1,0.374728,NA,NA,0.14529,NA,0.181662,NA,NA,0
"locus140","locus195",1,1,NA,NA,0.656108,NA,0.02919,NA,NA,1
"locus140","locus202",0.841436,0.125022,NA,NA,1,NA,1,NA,NA,0
"locus140","locus210",0.01533,1,NA,NA,1,NA,0.711686,1,NA,1
"locus140","locus215",0.058292,0.376754,NA,NA,0.055632,NA,0.251738,NA,NA,0
"locus140","locus227",0.447644,0.374498,Inf,NA,Inf,NA,0.289638,NA,NA,0
"locus140","locus231",1,1,NA,NA,1,NA,0.425328,NA,NA,0
"locus140","locus235",0.07209,0.37336,NA,NA,1,NA,0.305098,NA,NA,0
"locus140","locus236",0.025168,0.501308,NA,NA,0.484844,1,0.824384,NA,NA,1
"locus140","locus237",0.142046,1,NA,NA,0.256716,NA,0.696808,NA,NA,0
"locus140","locus239",0.32729,1,NA,NA,0.487036,1,0.536144,NA,NA,0
"locus140","locus248",0.801242,1,NA,NA,1,NA,0.341574,1,NA,0
"locus140","locus255",0.663962,0.500412,NA,NA,1,NA,NA,NA,NA,0
"locus140","locus256",0.653154,1,NA,Inf,0.315048,NA,0.274062,NA,NA,0
"locus140","locus263",0.14597,0.249624,NA,Inf,1,NA,0.576602,NA,NA,0
"locus140","locus264",0.303018,1,NA,NA,0.485362,NA,0.259598,NA,NA,0
"locus140","locus274",0.859694,0.496962,NA,NA,0.028308,NA,1,NA,NA,1
"locus140","locus280",0.147604,1,NA,NA,0.657658,NA,0.416216,0.657658,NA,0
"locus140","locus282",0.300348,1,NA,NA,0.254934,NA,1,NA,NA,0
"locus140","locus286",0.726662,1,NA,NA,1,NA,0.46002,NA,NA,0
"locus140","locus291",0.43386,0.375966,NA,NA,0.142596,NA,0.35233,NA,NA,0
"locus140","locus292",0.292156,0.498684,Inf,NA,1,NA,0.850708,NA,NA,0
"locus140","locus296",0.48471,1,NA,NA,1,NA,1,NA,NA,0
"locus140","locus301",0.181322,1,NA,NA,0.142354,NA,0.865476,NA,NA,0
"locus140","locus314",1,0.572604,Inf,1,1,NA,1,NA,NA,0
"locus140","locus321",0.817692,1,NA,0.399416,0.656182,NA,0.262788,0.124656,NA,0
"locus140","locus322",0.727088,1,NA,1,1,NA,0.247652,NA,NA,0
"locus140","locus323",0.762752,1,NA,NA,1,NA,0.349016,NA,NA,0
"locus140","locus329",0.550434,1,NA,NA,1,NA,0.44914,NA,NA,0
"locus140","locus332",0.747306,1,Inf,NA,1,NA,0.333894,NA,NA,0
"locus140","locus349",0.013904,1,NA,NA,1,NA,0.862712,NA,NA,1
"locus140","locus358",0.228874,1,NA,1,0.48585,NA,0.02286,NA,NA,1
"locus140","locus359",0.382648,0.372996,NA,NA,0.427824,NA,0.694758,NA,NA,0
"locus140","locus360",0.092912,1,NA,NA,0.256872,NA,0.474948,NA,NA,0
"locus146","locus148",0.215942,1,NA,NA,0.572552,NA,0.771076,NA,NA,0
"locus146","locus151",0.096528,1,NA,NA,0.140442,NA,0.880336,NA,NA,0
"locus146","locus157",1,1,NA,1,1,NA,0.88843,NA,NA,0
"locus146","locus161",0.220412,1,NA,NA,1,NA,0.326204,1,NA,0
"locus146","locus165",0.965658,0.215158,NA,NA,1,NA,0.83403,NA,NA,0
"locus146","locus170",0.654508,0.21605,NA,NA,0.143948,NA,0.48735,NA,NA,0
"locus146","locus176",0.796744,1,Inf,NA,0.335832,NA,0.448326,NA,NA,0
"locus146","locus184",0.010726,0.427858,NA,NA,0.523574,NA,0.037726,NA,NA,2
"locus146","locus186",0.368714,0.570224,NA,NA,1,NA,0.859462,NA,NA,0
"locus146","locus188",0.842174,0.50017,Inf,NA,1,NA,0.740826,NA,NA,0
"locus146","locus189",0.984608,0.681764,Inf,NA,0.331238,1,0.51773,NA,NA,0
"locus146","locus190",0.645886,1,Inf,NA,1,NA,0.829844,NA,NA,0
"locus146","locus191",0.528104,0.357964,NA,NA,1,NA,0.371864,NA,NA,0
"locus146","locus192",0.986574,0.107268,NA,NA,0.52153,NA,0.12413,NA,NA,0
"locus146","locus195",0.31016,1,NA,NA,1,Inf,0.603692,NA,NA,0
"locus146","locus202",0.052068,0.285538,NA,NA,0.618736,NA,0.01175,NA,NA,1
"locus146","locus210",0.01742,1,NA,NA,1,NA,0.413276,1,NA,1
"locus146","locus215",0.894326,1,NA,NA,0.572358,NA,0.034948,NA,NA,1
"locus146","locus227",0.423156,0.10724,Inf,NA,Inf,NA,0.300856,NA,NA,0
"locus146","locus231",0.634534,1,NA,NA,0.428022,NA,0.755784,NA,NA,0
"locus146","locus235",0.082736,1,NA,NA,1,NA,0.118506,NA,NA,0
"locus146","locus236",0.030404,1,NA,NA,1,1,0.015472,NA,NA,2
"locus146","locus237",0.706714,0.571654,NA,NA,1,NA,0.811172,NA,NA,0
"locus146","locus239",0.932326,0.642192,NA,NA,1,1,0.153834,NA,NA,0
"locus146","locus248",0.230608,0.571498,NA,NA,1,NA,0.446948,0.65634,NA,0
"locus146","locus255",0.478492,1,NA,NA,1,NA,NA,NA,NA,0
"locus146","locus256",0.019998,1,NA,0.332844,0.09365,NA,0.336138,NA,NA,1
"locus146","locus263",0.101928,1,NA,Inf,1,NA,1,NA,NA,0
"locus146","locus264",0.563382,1,NA,NA,1,NA,0.971104,NA,NA,0
"locus146","locus274",1,1,NA,NA,0.23883,NA,0.193824,NA,NA,0
"locus146","locus280",0.423532,1,NA,NA,1,NA,0.560796,0.428422,NA,0
"locus146","locus282",0.318192,0.573128,NA,NA,1,NA,0.968902,NA,NA,0
"locus146","locus286",0.195812,1,NA,NA,1,NA,0.124486,NA,NA,0
"locus146","locus291",0.917324,1,NA,NA,1,NA,0.203586,NA,NA,0
"locus146","locus292",0.284154,1,1,NA,1,NA,0.788748,NA,NA,0
"locus146","locus296",0.131404,1,NA,NA,0.523798,NA,0.502556,NA,NA,0
"locus146","locus301",0.694518,0.643406,NA,NA,0.429574,NA,0.360626,NA,NA,0
"locus146","locus314",0.436416,0.570006,Inf,0.33311,1,NA,0.70252,NA,NA,0
"locus146","locus321",0.49588,1,NA,1,1,NA,0.15423,1,NA,0
"locus146","locus322",0.561592,0.462966,NA,1,1,NA,0.470036,NA,NA,0
"locus146","locus323",0.474042,1,NA,NA,1,NA,0.38572,NA,NA,0
"locus146","locus329",0.198594,1,NA,NA,0.572316,NA,0.468666,NA,NA,0
"locus146","locus332",0.810684,1,1,NA,1,NA,0.879278,NA,NA,0
"locus146","locus349",0.205616,1,NA,NA,1,NA,0.155946,NA,NA,0
"locus146","locus358",0.609174,1,NA,0.599034,0.142978,NA,0.537032,NA,NA,0
"locus146","locus359",0.923372,1,NA,NA,0.285244,NA,0.892714,NA,NA,0
"locus146","locus360",0.61572,1,NA,NA,0.617824,NA,0.756956,NA,NA,0
"locus148","locus151",0.626454,0.427876,NA,NA,1,NA,0.759124,NA,NA,0
"locus148","locus157",0.772102,0.46227,NA,1,1,NA,0.939112,NA,NA,0
"locus148","locus161",0.793652,1,NA,NA,1,NA,0.02094,1,NA,1
"locus148","locus165",0.557968,1,Inf,NA,1,NA,0.932218,NA,NA,0
"locus148","locus170",0.335786,1,NA,NA,0.226582,NA,1,NA,NA,0
"locus148","locus176",0.834846,0.677616,NA,NA,0.658338,NA,0.222802,NA,NA,0
"locus148","locus184",0.760308,1,NA,NA,0.570988,NA,0.421938,NA,NA,0
"locus148","locus186",0.76548,0.465248,NA,NA,1,NA,0.269722,NA,NA,0
"locus148","locus188",0.68756,0.787448,NA,NA,0.598334,NA,0.51651,NA,NA,0
"locus148","locus189",0.959526,0.68185,Inf,NA,0.656654,0.334046,0.571844,NA,NA,0
"locus148","locus190",0.30895,1,Inf,NA,1,NA,0.884828,NA,NA,0
"locus148","locus191",0.015172,1,NA,NA,1,NA,0.44616,NA,NA,1
"locus148","locus192",1,1,NA,NA,0.284464,NA,0.49945,NA,NA,0
"locus148","locus195",0.017684,0.642146,NA,NA,1,NA,0.562004,NA,NA,1
"locus148","locus202",0.857592,0.641074,NA,NA,0.229926,NA,0.639186,NA,NA,0
"locus148","locus210",0.224848,0.209468,NA,NA,0.483624,NA,0.301506,0.599558,NA,0
"locus148","locus215",0.827464,0.644974,NA,NA,0.099256,NA,0.279424,NA,NA,0
"locus148","locus227",0.86371,0.642372,Inf,NA,Inf,NA,0.320336,NA,NA,0
"locus148","locus231",0.233182,0.429486,NA,NA,1,NA,0.039864,NA,NA,1
"locus148","locus235",0.019464,0.64306,NA,NA,1,NA,0.7873,NA,NA,1
"locus148","locus236",0.35787,0.249192,NA,NA,1,1,0.602532,NA,NA,0
"locus148","locus237",0.399064,0.46372,NA,NA,0.661346,NA,0.607944,NA,NA,0
"locus148","locus239",0.673604,0.644692,NA,NA,1,1,0.085898,NA,NA,0
"locus148","locus248",0.081202,0.466492,NA,NA,1,NA,0.884942,0.312344,NA,0
"locus148","locus255",0.462626,1,NA,NA,1,NA,NA,NA,NA,0
"locus148","locus256",0.13592,1,NA,1,0.485222,NA,0.52194,NA,NA,0
"locus148","locus263",0.680222,0.459922,NA,Inf,1,NA,0.515608,NA,NA,0
"locus148","locus264",0.186516,0.03617,NA,NA,1,NA,1,NA,NA,1
"locus148","locus274",0.1536,0.3594,NA,NA,0.485012,NA,0.93796,NA,NA,0
"locus148","locus280",0.909586,0.249932,NA,NA,0.482608,NA,0.44619,0.655358,NA,0
"locus148","locus282",0.889188,0.355962,NA,NA,0.659846,NA,0.680976,NA,NA,0
"locus148","locus286",0.898586,1,NA,NA,1,NA,0.868334,NA,NA,0
"locus148","locus291",0.024912,0.643904,NA,NA,0.571228,NA,0.457696,NA,NA,1
"locus148","locus292",0.887308,1,1,NA,1,NA,0.332712,NA,NA,0
"locus148","locus296",0.604662,0.46482,NA,NA,0.573564,NA,0.408788,NA,NA,0
"locus148","locus301",0.651168,0.284982,NA,NA,0.827058,NA,0.759698,NA,NA,0
"locus148","locus314",1,0.094392,Inf,1,1,NA,0.214328,NA,NA,0
"locus148","locus321",0.432316,0.217264,NA,0.100754,0.485242,NA,0.05982,0.198876,NA,0
"locus148","locus322",0.782792,1,NA,1,1,NA,0.384152,NA,NA,0
"locus148","locus323",0.578444,1,NA,NA,1,NA,0.438446,NA,NA,0
"locus148","locus329",0.53202,0.462888,NA,NA,1,NA,0.968016,NA,NA,0
"locus148","locus332",0.492836,1,1,NA,1,NA,0.40701,NA,NA,0
"locus148","locus349",0.660178,0.64324,Inf,NA,1,NA,0.605882,NA,NA,0
"locus148","locus358",0.72293,1,NA,0.598814,0.05683,NA,0.259782,NA,NA,0
"locus148","locus359",0.016174,1,NA,NA,1,NA,0.79314,NA,NA,1
"locus148","locus360",0.556688,0.108634,NA,NA,0.657558,NA,0.67401,NA,NA,0
"locus151","locus157",0.264462,0.428264,NA,Inf,0.427008,NA,0.944956,NA,NA,0
"locus151","locus161",1,1,NA,NA,1,NA,0.664328,0.283256,NA,0
"locus151","locus165",0.209726,0.485732,NA,NA,1,NA,0.43129,NA,NA,0
"locus151","locus170",0.843958,1,NA,NA,0.656976,NA,0.023376,NA,NA,1
"locus151","locus176",0.003988,0.482808,NA,NA,0.429656,NA,0.062432,NA,NA,1
"locus151","locus184",0.691674,1,NA,NA,1,NA,0.951112,NA,NA,0
"locus151","locus186",0.883508,1,NA,NA,0.256352,NA,0.94086,NA,NA,0
"locus151","locus188",0.996124,1,NA,NA,0.200778,NA,0.291538,NA,NA,0
"locus151","locus189",0.98765,0.23,Inf,NA,0.770908,Inf,0.046478,NA,NA,1
"locus151","locus190",0.408792,1,Inf,NA,0.42551,NA,0.121868,NA,NA,0
"locus151","locus191",0.28695,1,Inf,NA,0.066902,NA,0.376582,NA,NA,0
"locus151","locus192",1,0.426932,NA,NA,0.713896,NA,0.344102,NA,NA,0
"locus151","locus195",0.520508,1,NA,NA,0.429994,NA,1,NA,NA,0
"locus151","locus202",0.355034,0.429242,NA,NA,0.772768,NA,0.397948,NA,NA,0
"locus151","locus210",0.583122,0.655618,NA,NA,1,NA,0.651954,0.400372,NA,0
"locus151","locus215",0.976464,1,NA,NA,1,NA,0.964144,NA,NA,0
"locus151","locus227",0.9464,1,Inf,NA,Inf,NA,0.715504,NA,NA,0
"locus151","locus231",0.76677,0.028588,Inf,NA,0.256426,NA,0.689394,NA,NA,1
"locus151","locus235",0.855232,1,NA,NA,0.428476,NA,0.457504,NA,NA,0
"locus151","locus236",0.829548,1,NA,NA,0.430686,Inf,0.650528,NA,NA,0
"locus151","locus237",0.488586,0.427858,NA,NA,0.431918,NA,0.181514,NA,NA,0
"locus151","locus239",0.192016,0.430086,NA,NA,1,Inf,0.230662,NA,NA,0
"locus151","locus248",0.601216,1,NA,NA,0.141384,NA,0.153412,0.42853,NA,0
"locus151","locus255",0.881876,0.485358,NA,NA,1,NA,NA,NA,NA,0
"locus151","locus256",0.393684,1,NA,1,0.20001,NA,0.966596,NA,NA,0
"locus151","locus263",0.040446,1,NA,Inf,1,NA,1,NA,NA,1
"locus151","locus264",0.16971,0.228518,NA,NA,1,NA,0.305296,NA,NA,0
"locus151","locus274",0.80315,1,NA,NA,1,NA,0.459044,NA,NA,0
"locus151","locus280",0.216906,1,NA,NA,0.427408,NA,0.092942,1,NA,0
"locus151","locus282",0.619072,0.142654,NA,NA,0.42727,NA,0.689548,NA,NA,0
"locus151","locus286",1,1,NA,NA,1,NA,0.149924,NA,NA,0
"locus151","locus291",0.752892,1,NA,NA,0.334518,NA,0.375546,NA,NA,0
"locus151","locus292",0.227814,0.486722,1,NA,0.658336,NA,0.275988,NA,NA,0
"locus151","locus296",0.05127,1,NA,NA,0.618028,NA,0.356082,NA,NA,0
"locus151","locus301",0.543544,1,NA,NA,1,NA,0.89887,NA,NA,0
"locus151","locus314",0.389064,0.1429,Inf,Inf,0.046428,NA,0.215516,NA,NA,1
"locus151","locus321",0.546584,0.659646,NA,0.600574,1,NA,0.882456,1,NA,0
"locus151","locus322",0.894404,0.142964,NA,0.328594,0.431542,NA,0.244926,NA,NA,0
"locus151","locus323",0.28995,1,NA,NA,0.256902,NA,0.240848,NA,NA,0
"locus151","locus329",0.466832,0.427892,NA,NA,1,Inf,0.183182,NA,NA,0
"locus151","locus332",0.125404,1,1,NA,0.656054,NA,1,NA,NA,0
"locus151","locus349",0.907392,0.142998,NA,NA,1,NA,0.775182,NA,NA,0
"locus151","locus358",0.40826,1,NA,1,0.656648,NA,0.398702,NA,NA,0
"locus151","locus359",0.097806,0.141878,NA,NA,0.431784,NA,0.48247,NA,NA,0
"locus151","locus360",0.93806,0.141222,NA,NA,1,NA,0.17866,NA,NA,0
"locus157","locus161",0.483188,0.643746,Inf,NA,1,NA,0.371858,1,NA,0
"locus157","locus165",0.187054,1,NA,NA,1,NA,0.499272,NA,NA,0
"locus157","locus170",0.46664,1,Inf,NA,1,NA,0.78765,NA,NA,0
"locus157","locus176",0.596392,0.037678,NA,NA,0.427322,NA,0.529674,NA,NA,1
"locus157","locus184",0.933878,1,NA,NA,0.286538,NA,0.142848,NA,NA,0
"locus157","locus186",1,1,NA,NA,0.428544,NA,0.643532,NA,NA,0
"locus157","locus188",0.576612,0.78587,NA,NA,1,NA,0.33304,NA,NA,0
"locus157","locus189",0.041658,0.67905,Inf,NA,1,NA,0.856798,NA,NA,1
"locus157","locus190",0.905884,1,Inf,NA,0.141362,NA,0.94808,NA,NA,0
"locus157","locus191",0.70155,1,NA,NA,0.429844,NA,0.810658,NA,NA,0
"locus157","locus192",0.208006,1,NA,NA,1,NA,0.293442,NA,NA,0
"locus157","locus195",0.645674,0.642986,NA,NA,0.57226,NA,0.850732,NA,NA,0
"locus157","locus202",0.557056,0.10693,NA,NA,0.144818,NA,0.856344,NA,NA,0
"locus157","locus210",0.067344,0.784236,NA,NA,1,NA,0.361708,1,NA,0
"locus157","locus215",0.358222,0.64384,NA,NA,1,NA,0.667954,NA,NA,0
"locus157","locus227",0.441488,0.644034,Inf,NA,Inf,NA,0.552706,NA,NA,0
"locus157","locus231",1,0.42997,NA,NA,1,NA,0.385336,NA,NA,0
"locus157","locus235",0.589322,1,NA,NA,0.143444,NA,1,NA,NA,0
"locus157","locus236",0.030526,1,NA,NA,1,NA,0.8619,NA,NA,1
"locus157","locus237",0.039236,0.034418,NA,NA,0.141414,NA,0.801604,NA,NA,2
"locus157","locus239",1,0.645328,NA,NA,1,NA,0.225182,NA,NA,0
"locus157","locus248",0.22603,0.46707,NA,NA,0.285566,NA,0.400124,0.400764,NA,0
"locus157","locus255",0.667014,1,NA,NA,1,NA,NA,NA,NA,0
"locus157","locus256",0.90375,1,NA,1,0.57224,NA,0.000174,NA,NA,1
"locus157","locus263",0.04082,0.463802,NA,Inf,1,NA,1,NA,NA,1
"locus157","locus264",0.323566,0.678744,NA,NA,1,NA,0.420456,NA,NA,0
"locus157","locus274",0.06599,1,NA,NA,0.571916,NA,0.078742,NA,NA,0
"locus157","locus280",0.348956,0.254224,NA,NA,1,NA,0.445904,0.099914,NA,0
"locus157","locus282",0.228472,0.35824,NA,NA,0.142566,NA,0.159362,NA,NA,0
"locus157","locus286",0.203368,1,NA,NA,1,NA,0.65097,NA,NA,0
"locus157","locus291",0.525856,0.638758,NA,NA,1,NA,0.152784,NA,NA,0
"locus157","locus292",0.013832,1,0.33416,NA,1,NA,0.94329,NA,NA,1
"locus157","locus296",0.796472,0.467274,NA,NA,1,NA,0.863718,NA,NA,0
"locus157","locus301",0.934796,0.106248,NA,NA,1,NA,0.304524,NA,NA,0
"locus157","locus314",0.732268,0.285916,Inf,NA,0.286114,NA,0.009268,NA,NA,1
"locus157","locus321",0.51507,0.782064,NA,1,0.572408,NA,0.867234,1,NA,0
"locus157","locus322",0.786022,1,NA,Inf,0.141752,NA,0.222076,NA,NA,0
"locus157","locus323",0.132894,0.644238,NA,NA,0.427412,NA,0.156258,NA,NA,0
"locus157","locus329",0.305722,1,NA,NA,1,NA,0.11963,NA,NA,0
"locus157","locus332",0.936584,1,1,NA,0.429838,NA,0.123092,NA,NA,0
"locus157","locus349",0.657232,0.107618,NA,NA,1,NA,1,NA,NA,0
"locus157","locus358",0.311,0.428816,NA,1,1,NA,0.066104,NA,NA,0
"locus157","locus359",0.846582,1,NA,NA,1,NA,0.524924,NA,NA,0
"locus157","locus360",0.414606,0.286582,NA,NA,0.428504,NA,0.069518,NA,NA,0
"locus161","locus165",0.547348,0.677984,NA,NA,1,NA,0.458072,NA,NA,0
"locus161","locus170",0.202124,0.249696,NA,NA,1,NA,0.647774,NA,NA,0
"locus161","locus176",0.613426,0.355188,NA,NA,0.428234,NA,0.100658,NA,NA,0
"locus161","locus184",0.793878,1,NA,NA,1,NA,0.118922,NA,NA,0
"locus161","locus186",0.807692,0.465646,NA,NA,1,NA,0.879222,NA,NA,0
"locus161","locus188",0.17485,0.787156,NA,NA,1,Inf,0.264654,NA,NA,0
"locus161","locus189",0.754338,0.143696,Inf,NA,0.43041,NA,0.454536,NA,NA,0
"locus161","locus190",0.809728,1,Inf,NA,1,Inf,0.217554,NA,NA,0
"locus161","locus191",0.516372,0.678472,NA,NA,1,NA,0.506172,NA,NA,0
"locus161","locus192",0.361266,0.464022,NA,NA,1,NA,0.639314,NA,NA,0
"locus161","locus195",0.835908,1,NA,NA,1,NA,0.385506,NA,NA,0
"locus161","locus202",0.229782,1,1,NA,1,NA,0.640876,NA,NA,0
"locus161","locus210",0.079682,1,NA,NA,1,NA,0.061914,1,NA,0
"locus161","locus215",0.59513,0.19659,NA,NA,1,NA,0.53083,NA,NA,0
"locus161","locus227",0.355506,1,Inf,NA,Inf,NA,0.950094,NA,NA,0
"locus161","locus231",0.623554,1,NA,NA,0.428076,NA,0.277462,NA,NA,0
"locus161","locus235",0.591504,0.463394,NA,NA,1,NA,0.755598,NA,NA,0
"locus161","locus236",0.192022,1,NA,NA,0.428686,NA,0.26551,NA,NA,0
"locus161","locus237",0.281062,1,NA,NA,1,NA,0.288904,NA,NA,0
"locus161","locus239",0.843758,0.645098,NA,NA,1,NA,0.847652,NA,NA,0
"locus161","locus248",0.8932,0.464788,NA,NA,1,NA,0.057916,1,NA,0
"locus161","locus255",0.23641,0.678106,NA,NA,1,NA,NA,NA,NA,0
"locus161","locus256",0.320232,1,1,0.50023,1,NA,0.219474,NA,NA,0
"locus161","locus263",0.649652,0.46397,NA,Inf,1,NA,1,NA,NA,0
"locus161","locus264",0.777018,0.675848,0.166422,NA,1,NA,0.579426,NA,NA,0
"locus161","locus274",0.052392,0.14431,NA,NA,0.571516,NA,0.514538,NA,NA,0
"locus161","locus280",0.186302,0.679026,NA,NA,0.570954,NA,0.309206,1,NA,0
"locus161","locus282",0.918686,0.679044,NA,NA,1,NA,0.358776,NA,NA,0
"locus161","locus286",1,1,NA,NA,0.142028,NA,1,NA,NA,0
"locus161","locus291",0.129966,1,NA,NA,1,NA,0.712116,NA,NA,0
"locus161","locus292",0.360486,0.24972,0.498822,NA,1,NA,0.582584,NA,NA,0
"locus161","locus296",0.268862,0.64177,NA,NA,1,NA,0.493244,NA,NA,0
"locus161","locus301",0.457288,1,NA,NA,1,0.334358,0.215716,NA,NA,0
"locus161","locus314",0.068174,1,Inf,NA,1,NA,1,NA,NA,0
"locus161","locus321",0.738534,0.71522,NA,1,0.572266,NA,0.03548,1,NA,1
"locus161","locus322",0.149234,1,NA,NA,1,NA,0.755812,NA,NA,0
"locus161","locus323",0.252466,0.466176,NA,NA,0.428862,NA,0.692312,NA,NA,0
"locus161","locus329",0.371176,1,NA,NA,1,NA,0.78375,NA,NA,0
"locus161","locus332",0.573818,0.678724,1,NA,0.42961,NA,0.240426,NA,NA,0
"locus161","locus349",1,0.464356,NA,NA,1,NA,0.856048,NA,NA,0
"locus161","locus358",0.306286,1,NA,1,1,NA,0.336564,NA,NA,0
"locus161","locus359",1,0.464596,NA,NA,1,NA,0.95564,NA,NA,0
"locus161","locus360",0.774302,1,NA,NA,0.43092,NA,0.531694,NA,NA,0
"locus165","locus170",0.348542,0.485578,NA,NA,1,NA,0.24857,NA,NA,0
"locus165","locus176",0.15962,0.743592,NA,NA,0.600114,NA,0.444828,NA,NA,0
"locus165","locus184",0.860884,1,NA,NA,0.466676,NA,0.250928,NA,NA,0
"locus165","locus186",0.37296,0.355204,NA,NA,1,NA,0.360776,NA,NA,0
"locus165","locus188",0.009664,0.360286,NA,NA,0.73653,NA,0.284212,NA,NA,1
"locus165","locus189",0.621786,0.162796,Inf,NA,0.199448,NA,1,NA,NA,0
"locus165","locus190",0.404502,0.484122,Inf,NA,0.066094,NA,0.247622,NA,NA,0
"locus165","locus191",0.420086,1,NA,NA,0.199464,NA,0.087602,NA,NA,0
"locus165","locus192",0.08514,0.107496,NA,NA,0.602512,NA,0.154138,NA,NA,0
"locus165","locus195",0.4567,1,NA,NA,0.597788,NA,0.413076,NA,NA,0
"locus165","locus202",0.193044,0.64429,Inf,NA,1,NA,0.237034,NA,NA,0
"locus165","locus210",0.764486,1,NA,NA,0.200344,NA,0.848996,0.10034,NA,0
"locus165","locus215",0.766464,1,Inf,NA,1,NA,0.139948,NA,NA,0
"locus165","locus227",0.00135,0.67869,Inf,NA,Inf,Inf,0.021048,NA,NA,2
"locus165","locus231",0.68263,0.486118,NA,NA,0.467198,NA,0.42287,NA,NA,0
"locus165","locus235",0.973584,1,NA,NA,1,NA,0.659732,NA,NA,0
"locus165","locus236",0.918176,1,NA,NA,0.40005,NA,0.726636,NA,NA,0
"locus165","locus237",0.630512,0.572404,NA,NA,0.601398,NA,0.140004,NA,NA,0
"locus165","locus239",0.792886,0.645714,NA,NA,0.398982,NA,0.202518,NA,NA,0
"locus165","locus248",1,0.572192,NA,NA,0.46786,NA,0.81407,1,NA,0
"locus165","locus255",0.694986,0.271748,NA,NA,0.06747,NA,NA,NA,NA,0
"locus165","locus256",0.585406,1,Inf,NA,1,Inf,0.33033,NA,NA,0
"locus165","locus263",0.48901,1,Inf,NA,Inf,NA,1,NA,NA,0
"locus165","locus264",0.297972,0.293962,Inf,NA,0.399568,NA,0.127798,NA,NA,0
"locus165","locus274",0.335044,0.399696,NA,NA,1,NA,1,NA,NA,0
"locus165","locus280",0.61607,0.2706,NA,NA,1,NA,0.754378,0.466026,NA,0
"locus165","locus282",0.049428,0.270206,NA,NA,0.599028,NA,0.43982,NA,NA,1
"locus165","locus286",0.219128,1,NA,NA,1,NA,0.39956,NA,NA,0
"locus165","locus291",0.589048,1,NA,NA,0.465688,Inf,0.642382,NA,NA,0
"locus165","locus292",0.881738,0.481554,Inf,NA,0.202728,NA,0.136124,NA,NA,0
"locus165","locus296",1,1,NA,NA,1,NA,0.66327,NA,NA,0
"locus165","locus301",0.23551,0.535922,Inf,NA,0.20118,Inf,0.156688,NA,NA,0
"locus165","locus314",0.757004,1,Inf,NA,1,NA,0.587294,NA,NA,0
"locus165","locus321",0.378912,0.824784,NA,NA,1,NA,0.94727,1,NA,0
"locus165","locus322",0.567846,0.676604,NA,NA,1,NA,0.816186,NA,NA,0
"locus165","locus323",0.61284,1,NA,NA,1,NA,0.319078,NA,NA,0
"locus165","locus329",1,1,NA,NA,0.599672,NA,0.529716,NA,NA,0
"locus165","locus332",0.967838,0.49004,Inf,NA,0.399078,NA,0.172978,NA,NA,0
"locus165","locus349",0.00964,1,NA,NA,0.067176,NA,0.58977,NA,NA,1
"locus165","locus358",0.690572,0.484544,NA,NA,1,NA,0.27358,NA,NA,0
"locus165","locus359",0.55949,0.535164,NA,NA,0.334008,NA,0.775556,NA,NA,0
"locus165","locus360",0.132274,1,NA,NA,0.46698,NA,0.097502,NA,NA,0
"locus170","locus176",0.268044,0.7437,NA,NA,0.428622,NA,0.514078,NA,NA,0
"locus170","locus184",1,0.485956,NA,NA,1,NA,0.111316,NA,NA,0
"locus170","locus186",0.459582,1,NA,NA,0.486072,NA,0.951448,NA,NA,0
"locus170","locus188",0.284494,0.36173,NA,NA,1,NA,0.030662,0.524984,NA,1
"locus170","locus189",0.08446,0.74581,Inf,NA,0.42819,NA,0.116012,NA,NA,0
"locus170","locus190",0.848436,0.484026,Inf,NA,1,NA,0.422582,NA,NA,0
"locus170","locus191",0.674892,0.271714,NA,NA,1,NA,0.6187,NA,NA,0
"locus170","locus192",0.693896,0.034222,NA,NA,0.143532,NA,0.479676,NA,NA,1
"locus170","locus195",0.410596,0.67917,NA,NA,0.658048,NA,0.942888,NA,NA,0
"locus170","locus202",0.531238,0.78346,NA,NA,1,NA,0.735632,NA,NA,0
"locus170","locus210",0.40625,0.828718,Inf,NA,1,NA,0.88004,1,NA,0
"locus170","locus215",0.058564,0.68076,NA,NA,0.055792,NA,0.809812,NA,NA,0
"locus170","locus227",0.792404,0.070486,Inf,NA,Inf,Inf,0.300154,NA,NA,0
"locus170","locus231",0.416774,1,NA,NA,1,NA,0.779326,NA,NA,0
"locus170","locus235",0.385502,1,NA,NA,1,NA,0.070322,NA,NA,0
"locus170","locus236",0.125984,1,NA,NA,0.485372,NA,0.048042,NA,NA,1
"locus170","locus237",0.173744,1,NA,NA,0.254596,NA,0.08498,NA,NA,0
"locus170","locus239",0.37657,0.532724,NA,NA,0.485302,NA,0.501082,NA,NA,0
"locus170","locus248",0.263932,1,NA,NA,1,NA,0.024928,1,NA,1
"locus170","locus255",0.340342,1,NA,NA,1,NA,NA,NA,NA,0
"locus170","locus256",0.70791,1,NA,1,0.316146,Inf,0.859662,NA,NA,0
"locus170","locus263",0.383338,0.213814,NA,Inf,1,NA,0.818078,NA,NA,0
"locus170","locus264",0.89681,0.741612,NA,NA,0.487246,NA,0.20523,NA,NA,0
"locus170","locus274",0.56027,0.268534,NA,NA,0.029004,NA,0.63308,NA,NA,1
"locus170","locus280",0.84546,0.485132,NA,NA,0.65947,NA,0.32005,1,NA,0
"locus170","locus282",0.824608,1,NA,NA,0.258362,NA,0.079874,NA,NA,0
"locus170","locus286",0.059598,1,NA,NA,1,NA,0.467058,NA,NA,0
"locus170","locus291",0.271956,1,NA,NA,0.141774,Inf,0.11352,NA,NA,0
"locus170","locus292",0.495134,0.057194,0.49767,NA,1,NA,0.58252,NA,NA,0
"locus170","locus296",0.188822,1,NA,NA,1,NA,0.483186,NA,NA,0
"locus170","locus301",0.706038,0.782374,NA,NA,0.142954,Inf,0.353,NA,NA,0
"locus170","locus314",0.93161,1,NA,NA,1,NA,0.808478,NA,NA,0
"locus170","locus321",0.714642,0.826034,NA,0.599098,0.655206,NA,0.412676,0.618388,NA,0
"locus170","locus322",0.746864,1,NA,NA,1,NA,0.411998,NA,NA,0
"locus170","locus323",0.33382,0.248134,NA,NA,1,NA,0.448096,NA,NA,0
"locus170","locus329",0.729142,0.35889,NA,NA,1,NA,0.353958,NA,NA,0
"locus170","locus332",0.645428,0.271882,NA,NA,1,NA,0.684754,NA,NA,0
"locus170","locus349",0.334556,0.678364,NA,NA,1,NA,0.581878,NA,NA,0
"locus170","locus358",0.166432,1,NA,1,0.486212,NA,0.423476,NA,NA,0
"locus170","locus359",0.924132,0.540154,NA,NA,0.427154,NA,0.855314,NA,NA,0
"locus170","locus360",0.34808,0.53637,NA,NA,0.258452,NA,0.078184,NA,NA,0
"locus176","locus184",0.854652,1,NA,NA,1,NA,0.646292,NA,NA,0
"locus176","locus186",0.688116,0.24815,NA,NA,1,NA,0.072602,NA,NA,0
"locus176","locus188",0.040008,1,NA,NA,1,NA,0.992388,1,NA,1
"locus176","locus189",0.748328,0.868364,Inf,NA,1,NA,0.179006,NA,NA,0
"locus176","locus190",0.11923,1,Inf,NA,0.76995,NA,0.539464,NA,NA,0
"locus176","locus191",0.862396,1,NA,NA,1,NA,0.820356,NA,NA,0
"locus176","locus192",0.838422,0.320642,NA,NA,1,NA,0.48311,NA,NA,0
"locus176","locus195",0.464074,0.356044,NA,NA,0.425782,NA,0.370086,NA,NA,0
"locus176","locus202",0.422968,0.072582,NA,NA,0.769322,NA,0.791384,NA,NA,0
"locus176","locus210",0.192138,1,NA,NA,0.115484,NA,0.89644,0.600478,NA,0
"locus176","locus215",0.206756,1,NA,NA,0.657896,NA,0.922608,NA,NA,0
"locus176","locus227",0.286064,1,Inf,NA,Inf,Inf,0.60861,NA,NA,0
"locus176","locus231",0.299758,0.48512,NA,NA,1,NA,0.834728,NA,NA,0
"locus176","locus235",0.774872,0.321172,NA,NA,0.430932,NA,0.791768,NA,NA,0
"locus176","locus236",0.4693,0.163544,NA,NA,0.657464,NA,0.09386,NA,NA,0
"locus176","locus237",0.425892,0.035428,NA,NA,0.427998,NA,0.160732,NA,NA,1
"locus176","locus239",0.421112,1,NA,NA,0.258382,NA,0.56148,NA,NA,0
"locus176","locus248",0.06091,0.675568,NA,NA,0.142102,NA,0.846214,0.31342,NA,0
"locus176","locus255",1,1,NA,NA,0.617052,NA,NA,NA,NA,0
"locus176","locus256",0.662088,1,NA,NA,1,Inf,0.473614,NA,NA,0
"locus176","locus263",1,0.678506,NA,NA,1,NA,0.51079,NA,NA,0
"locus176","locus264",0.248618,0.616642,NA,NA,0.255544,NA,0.005304,NA,NA,1
"locus176","locus274",0.362734,0.161942,NA,NA,1,NA,0.953188,NA,NA,0
"locus176","locus280",1,0.744284,NA,NA,1,NA,0.333932,1,NA,0
"locus176","locus282",0.793484,0.294828,NA,NA,0.429906,NA,0.587274,NA,NA,0
"locus176","locus286",0.749,1,NA,NA,0.42996,NA,0.696364,NA,NA,0
"locus176","locus291",0.78617,0.359108,NA,NA,0.333264,Inf,0.677866,NA,NA,0
"locus176","locus292",0.573588,0.742712,Inf,NA,1,NA,0.699004,NA,NA,0
"locus176","locus296",0.368318,0.678558,NA,NA,0.618342,NA,0.368034,NA,NA,0
"locus176","locus301",0.886078,0.214926,NA,NA,0.427554,0.333144,0.067256,NA,NA,0
"locus176","locus314",0.259638,0.77393,NA,NA,1,NA,0.661046,NA,NA,0
"locus176","locus321",0.10129,1,NA,NA,1,NA,0.55575,1,NA,0
"locus176","locus322",0.404472,0.679426,NA,NA,0.427424,NA,0.287006,NA,NA,0
"locus176","locus323",0.101526,0.357748,NA,NA,0.256224,NA,0.927526,NA,NA,0
"locus176","locus329",0.77051,1,NA,NA,1,NA,0.70917,NA,NA,0
"locus176","locus332",0.572414,1,NA,NA,0.029042,NA,0.367712,NA,NA,1
"locus176","locus349",0.881706,0.143148,NA,NA,0.25574,NA,0.234428,NA,NA,0
"locus176","locus358",0.302404,0.487868,NA,NA,0.428646,NA,0.697544,NA,NA,0
"locus176","locus359",0.310264,0.3225,NA,NA,1,NA,0.131518,NA,NA,0
"locus176","locus360",0.68388,1,Inf,NA,0.067226,NA,0.46425,NA,NA,0
"locus184","locus186",0,0.427502,NA,NA,0.142788,NA,0.130014,NA,NA,1
"locus184","locus188",0.789268,1,Inf,NA,1,NA,0.42779,1,NA,0
"locus184","locus189",0.709884,1,Inf,NA,0.619992,NA,0.44981,NA,NA,0
"locus184","locus190",0.845574,1,Inf,NA,0.33146,NA,0.697082,NA,NA,0
"locus184","locus191",0.494298,0.142524,NA,NA,1,NA,0.07166,NA,NA,0
"locus184","locus192",0.967342,1,NA,NA,0.525628,NA,0.53159,NA,NA,0
"locus184","locus195",0.59304,0.142632,NA,NA,1,NA,0.814356,NA,NA,0
"locus184","locus202",0.48873,1,NA,NA,0.143026,NA,0.427908,NA,NA,0
"locus184","locus210",0.447926,1,NA,NA,1,NA,1,0.400194,NA,0
"locus184","locus215",0.085984,0.14339,NA,NA,1,NA,0.74011,NA,NA,0
"locus184","locus227",0.965402,0.143124,Inf,NA,Inf,NA,0.087806,NA,NA,0
"locus184","locus231",0.88947,1,NA,NA,1,NA,0.71508,NA,NA,0
"locus184","locus235",0.059946,1,NA,NA,0.284542,NA,0.08314,NA,NA,0
"locus184","locus236",0.624674,0.484354,NA,NA,1,NA,0.669954,NA,NA,0
"locus184","locus237",0.066558,1,NA,NA,0.143838,NA,0.933238,NA,NA,0
"locus184","locus239",0.086084,0.142462,NA,NA,1,NA,1,NA,NA,0
"locus184","locus248",0.793502,0.428208,NA,NA,1,NA,0.828196,1,NA,0
"locus184","locus255",0.560176,0.484234,NA,NA,0.524568,NA,NA,NA,NA,0
"locus184","locus256",0.174864,1,NA,0.501466,1,NA,0.052578,NA,NA,0
"locus184","locus263",1,0.428604,NA,Inf,1,NA,0.335938,NA,NA,0
"locus184","locus264",0.426616,1,NA,NA,1,NA,0.49447,NA,NA,0
"locus184","locus274",0.956416,1,NA,NA,1,NA,0.730142,NA,NA,0
"locus184","locus280",0.4543,1,NA,NA,0.238058,NA,0.907186,1,NA,0
"locus184","locus282",0.462792,0.488464,1,NA,0.143432,NA,0.740154,NA,NA,0
"locus184","locus286",1,1,NA,NA,1,NA,0.042706,NA,NA,1
"locus184","locus291",0.756468,1,NA,NA,1,NA,0.221634,NA,NA,0
"locus184","locus292",0.220302,1,1,NA,1,NA,0.685168,NA,NA,0
"locus184","locus296",0.572266,1,NA,NA,1,NA,0.567744,NA,NA,0
"locus184","locus301",0.754872,0.428222,NA,NA,1,1,0.33338,NA,NA,0
"locus184","locus314",0.74385,1,NA,NA,1,NA,0.44719,NA,NA,0
"locus184","locus321",0.76347,0.656866,NA,1,1,NA,0.510856,0.333922,NA,0
"locus184","locus322",0.217676,1,NA,NA,0.333506,NA,0.147128,NA,NA,0
"locus184","locus323",0.89587,1,NA,NA,1,Inf,0.899212,NA,NA,0
"locus184","locus329",0.257274,1,NA,NA,0.569126,NA,0.459436,NA,NA,0
"locus184","locus332",0.606378,1,NA,NA,1,NA,0.539692,NA,NA,0
"locus184","locus349",0.868444,1,NA,NA,0.428334,NA,0.244256,NA,NA,0
"locus184","locus358",0.482092,0.485588,NA,1,0.428644,NA,0.131958,NA,NA,0
"locus184","locus359",0.892252,1,NA,NA,1,NA,0.035724,NA,NA,1
"locus184","locus360",0.268166,1,NA,NA,1,NA,0.636198,NA,NA,0
"locus186","locus188",0.828326,0.500428,Inf,NA,0.425788,NA,0.288452,0.521218,NA,0
"locus186","locus189",0.288224,1,Inf,NA,0.42884,NA,0.637814,NA,NA,0
"locus186","locus190",0.445542,1,Inf,NA,0.658552,NA,0.764438,NA,NA,0
"locus186","locus191",0.890052,1,NA,NA,0.256668,NA,0.030444,NA,NA,1
"locus186","locus192",0.69623,1,NA,NA,0.141712,NA,0.72017,NA,NA,0
"locus186","locus195",0.010096,0.464332,NA,NA,0.655308,NA,0.854516,NA,NA,1
"locus186","locus202",0.261416,0.639668,NA,NA,0.659988,NA,1,NA,NA,0
"locus186","locus210",0.846012,1,NA,NA,1,NA,0.310424,1,NA,0
"locus186","locus215",0.144038,0.464666,NA,NA,1,NA,0.8493,NA,NA,0
"locus186","locus227",0.676104,0.462916,Inf,NA,Inf,NA,0.869656,NA,NA,0
"locus186","locus231",0.28748,1,NA,NA,1,NA,0.093868,NA,NA,0
"locus186","locus235",0.10714,1,NA,NA,0.427764,NA,0.519702,NA,NA,0
"locus186","locus236",0.354768,0.214824,NA,NA,1,NA,0.36383,NA,NA,0
"locus186","locus237",0.332738,0.571002,NA,NA,0.655566,NA,0.548672,NA,NA,0
"locus186","locus239",0.432232,1,NA,NA,0.486166,NA,0.268932,NA,NA,0
"locus186","locus248",0.42923,0.57138,NA,NA,1,NA,0.744772,1,NA,0
"locus186","locus255",1,0.358752,NA,NA,1,NA,NA,NA,NA,0
"locus186","locus256",0.608094,1,NA,0.50235,1,NA,0.419162,NA,NA,0
"locus186","locus263",1,0.569566,NA,Inf,1,NA,1,NA,NA,0
"locus186","locus264",0.491792,0.67706,NA,NA,0.485294,NA,0.127712,NA,NA,0
"locus186","locus274",0.651892,0.214628,NA,NA,0.656238,NA,0.133466,NA,NA,0
"locus186","locus280",0.202266,1,NA,NA,0.027904,NA,0.461422,1,NA,1
"locus186","locus282",0.255624,1,Inf,NA,0.65751,NA,0.632418,NA,NA,0
"locus186","locus286",1,1,NA,NA,1,NA,0.478454,NA,NA,0
"locus186","locus291",0.562708,1,NA,NA,1,NA,0.182624,NA,NA,0
"locus186","locus292",1,1,Inf,NA,1,NA,0.391946,NA,NA,0
"locus186","locus296",0.26635,1,NA,NA,1,NA,1,NA,NA,0
"locus186","locus301",0.785738,1,NA,NA,1,Inf,0.826498,NA,NA,0
"locus186","locus314",1,1,NA,NA,0.14242,NA,0.12768,NA,NA,0
"locus186","locus321",0.37762,1,NA,1,1,NA,0.399314,0.619488,NA,0
"locus186","locus322",0.00222,1,NA,NA,0.428556,NA,0.346036,NA,NA,1
"locus186","locus323",0.433108,0.464948,NA,NA,0.486108,NA,0.66008,NA,NA,0
"locus186","locus329",0.003604,1,NA,NA,1,NA,0.788768,NA,NA,1
"locus186","locus332",0.876146,1,NA,NA,1,NA,0.782194,NA,NA,0
"locus186","locus349",0.107794,0.463612,NA,NA,1,NA,0.220828,NA,NA,0
"locus186","locus358",0.361092,0.42839,NA,1,1,NA,0.266562,NA,NA,0
"locus186","locus359",0.185038,1,NA,NA,0.428402,NA,0.479844,NA,NA,0
"locus186","locus360",0.30474,1,NA,NA,1,NA,0.57063,NA,NA,0
"locus188","locus189",0.522826,1,Inf,NA,0.773072,NA,0.212866,NA,NA,0
"locus188","locus190",0.461718,0.028802,Inf,NA,0.20108,NA,0.84385,NA,NA,1
"locus188","locus191",0.897048,1,NA,NA,0.02896,NA,0.790058,NA,NA,1
"locus188","locus192",0.212654,0.163484,NA,NA,1,NA,0.75211,NA,NA,0
"locus188","locus195",0.475504,0.783976,NA,NA,0.539076,NA,0.019476,NA,NA,1
"locus188","locus202",0.476922,1,NA,NA,0.769824,NA,0.582108,NA,NA,0
"locus188","locus210",0.549538,0.052934,NA,NA,1,NA,0.115292,Inf,NA,0
"locus188","locus215",0.719306,1,NA,NA,1,NA,0.232568,NA,NA,0
"locus188","locus227",0.280524,0.785872,Inf,NA,Inf,NA,0.378204,NA,NA,0
"locus188","locus231",0.877738,1,NA,NA,0.425454,NA,0.626152,NA,NA,0
"locus188","locus235",0.11158,0.861574,NA,NA,1,NA,0.506682,NA,NA,0
"locus188","locus236",0.16766,0.743566,NA,NA,0.430728,NA,0.533888,NA,NA,0
"locus188","locus237",0.41517,1,NA,NA,1,NA,0.440692,NA,NA,0
"locus188","locus239",0.735496,0.852926,NA,NA,0.770998,NA,0.346104,NA,NA,0
"locus188","locus248",0.336588,1,NA,NA,1,NA,0.177746,1,NA,0
"locus188","locus255",0.311192,0.742666,NA,NA,0.431876,NA,NA,NA,NA,0
"locus188","locus256",0.779698,1,NA,1,0.544792,NA,0.397212,NA,NA,0
"locus188","locus263",0.365114,1,NA,Inf,1,NA,0.70256,NA,NA,0
"locus188","locus264",0.26846,1,NA,NA,0.767798,NA,0.46433,NA,NA,0
"locus188","locus274",0.150088,0.74707,NA,NA,1,NA,0.379136,NA,NA,0
"locus188","locus280",0.260076,0.014826,NA,NA,0.147676,NA,0.419148,1,NA,1
"locus188","locus282",0.182592,0.739318,Inf,NA,1,NA,0.133578,NA,NA,0
"locus188","locus286",0.427824,1,NA,NA,1,NA,0.817302,NA,NA,0
"locus188","locus291",0.479542,0.285442,NA,NA,1,NA,0.251238,NA,NA,0
"locus188","locus292",0.104374,0.359116,Inf,NA,0.255792,NA,0.097884,NA,NA,0
"locus188","locus296",0.053252,0.210644,NA,NA,0.427068,NA,0.166634,NA,NA,0
"locus188","locus301",0.326426,0.573016,NA,NA,1,Inf,0.611956,NA,NA,0
"locus188","locus314",0.887478,1,NA,NA,0.1431,NA,0.698172,NA,NA,0
"locus188","locus321",0.044554,1,NA,0.33385,0.54477,NA,0.523566,1,NA,1
"locus188","locus322",0.907678,0.787012,NA,NA,0.774572,NA,0.574398,NA,NA,0
"locus188","locus323",0.404884,0.498202,NA,NA,0.430628,NA,0.673264,NA,NA,0
"locus188","locus329",7.6e-05,0.499372,NA,NA,1,NA,0.033174,NA,NA,2
"locus188","locus332",0.986496,0.01446,NA,NA,1,NA,0.41596,NA,NA,1
"locus188","locus349",0.43819,0.787048,NA,NA,0.770618,NA,0.26805,NA,NA,0
"locus188","locus358",0.95171,0.656908,NA,0.33304,0.429192,NA,0.404946,NA,NA,0
"locus188","locus359",0.698122,0.856718,NA,NA,1,NA,0.986014,NA,NA,0
"locus188","locus360",0.2259,0.56615,NA,NA,1,NA,0.783852,NA,NA,0
"locus189","locus190",0.183746,1,Inf,NA,0.42763,NA,0.566966,NA,NA,0
"locus189","locus191",0.152602,1,NA,NA,0.427782,NA,0.239236,NA,NA,0
"locus189","locus192",0.627044,0.21408,NA,NA,0.335928,NA,0.41855,NA,NA,0
"locus189","locus195",0.57124,0.35638,NA,NA,1,NA,0.796302,NA,NA,0
"locus189","locus202",0.696346,1,NA,NA,1,NA,0.002536,NA,NA,1
"locus189","locus210",0.70988,1,NA,NA,0.654104,NA,0.177314,NA,NA,0
"locus189","locus215",0.06664,0.67759,NA,NA,0.658676,NA,0.948552,NA,NA,0
"locus189","locus227",0.367328,1,Inf,NA,Inf,NA,0.54714,NA,NA,0
"locus189","locus231",0.919832,0.229624,NA,NA,1,NA,0.592806,NA,NA,0
"locus189","locus235",0.360894,1,NA,NA,1,0.334952,0.267644,NA,NA,0
"locus189","locus236",0.136472,0.74359,NA,NA,1,NA,0.159312,NA,NA,0
"locus189","locus237",0.623478,0.678962,NA,NA,0.770882,NA,0.015298,NA,NA,1
"locus189","locus239",0.125564,1,NA,NA,0.65684,NA,0.688414,NA,NA,0
"locus189","locus248",0.673304,0.250012,NA,NA,0.618778,NA,1,1,NA,0
"locus189","locus255",0.088512,0.16583,NA,NA,0.144252,NA,NA,NA,NA,0
"locus189","locus256",0.99054,1,NA,1,1,NA,0.736974,NA,NA,0
"locus189","locus263",1,1,NA,Inf,1,NA,0.712332,NA,NA,0
"locus189","locus264",0.101504,0.024016,NA,NA,0.655036,NA,0.30713,NA,NA,1
"locus189","locus274",0.689384,0.74201,NA,NA,0.126072,NA,0.518936,NA,NA,0
"locus189","locus280",0.56291,0.745382,NA,NA,0.123858,NA,0.065378,1,NA,0
"locus189","locus282",0.257958,0.74503,NA,NA,0.774152,NA,0.747162,NA,NA,0
"locus189","locus286",0.679756,1,NA,NA,0.427762,NA,0.08945,NA,NA,0
"locus189","locus291",0.491074,1,NA,NA,0.619156,NA,0.002412,NA,NA,1
"locus189","locus292",0.16535,0.291332,Inf,NA,0.659032,NA,0.159828,NA,NA,0
"locus189","locus296",0.459586,1,NA,NA,1,NA,0.379562,NA,NA,0
"locus189","locus301",0.945088,1,NA,NA,0.426078,NA,0.444702,NA,NA,0
"locus189","locus314",1,0.483858,NA,NA,0.335034,NA,0.061586,NA,NA,0
"locus189","locus321",0.025742,0.08675,NA,0.500108,0.202502,NA,0.757716,0.113622,NA,1
"locus189","locus322",0.54637,0.677692,NA,NA,1,NA,0.500352,NA,NA,0
"locus189","locus323",0.77989,0.142184,NA,NA,0.657606,NA,0.441606,NA,NA,0
"locus189","locus329",0.041704,0.678976,NA,NA,0.226316,NA,0.91274,NA,NA,1
"locus189","locus332",0.691152,1,NA,NA,1,1,0.375608,NA,NA,0
"locus189","locus349",0.448612,0.141282,Inf,NA,0.657024,NA,0.256424,NA,NA,0
"locus189","locus358",0.86078,1,NA,1,0.431096,NA,0.980246,NA,NA,0
"locus189","locus359",0.562872,0.320016,NA,NA,0.142976,NA,0.302218,NA,NA,0
"locus189","locus360",0.799936,0.467294,NA,NA,1,NA,0.730238,NA,NA,0
"locus190","locus191",0.15298,0.48673,NA,NA,0.02863,NA,0.553656,NA,NA,1
"locus190","locus192",0.010418,1,NA,NA,0.717204,NA,0.39724,NA,NA,1
"locus190","locus195",0.181534,1,NA,NA,1,NA,0.105968,NA,NA,0
"locus190","locus202",0.61171,1,NA,NA,0.425628,NA,0.825902,NA,NA,0
"locus190","locus210",0.541022,0.656584,NA,NA,0.65503,NA,0.84797,NA,NA,0
"locus190","locus215",0.121458,1,NA,NA,1,NA,0.717164,NA,NA,0
"locus190","locus227",0.933924,1,Inf,NA,Inf,NA,0.161162,NA,NA,0
"locus190","locus231",0.852246,1,NA,NA,0.25716,NA,0.200744,NA,NA,0
"locus190","locus235",0.796144,0.142942,NA,NA,0.142758,Inf,0.375274,NA,NA,0
"locus190","locus236",0.913456,0.486004,NA,NA,0.2561,NA,0.070574,NA,NA,0
"locus190","locus237",0.266388,1,NA,NA,0.124694,NA,0.172104,NA,NA,0
"locus190","locus239",0.911334,0.428044,NA,NA,0.256814,NA,0.726526,NA,NA,0
"locus190","locus248",0.702626,1,NA,NA,0.333612,NA,0.19664,1,NA,0
"locus190","locus255",0.469854,1,NA,NA,0.04833,NA,NA,NA,NA,1
"locus190","locus256",0.838706,1,NA,0.500964,0.196544,NA,0.970422,NA,NA,0
"locus190","locus263",1,1,NA,Inf,1,NA,0.320244,NA,NA,0
"locus190","locus264",0.250544,1,NA,NA,0.257412,NA,0.946024,NA,NA,0
"locus190","locus274",1,1,NA,NA,1,NA,0.26597,NA,NA,0
"locus190","locus280",0.735868,0.027788,NA,NA,1,NA,0.55662,1,NA,1
"locus190","locus282",0.839666,1,NA,NA,0.124698,NA,0.364682,NA,NA,0
"locus190","locus286",0.598174,1,NA,NA,1,NA,0.402182,NA,NA,0
"locus190","locus291",0.60607,0.14238,NA,NA,0.61951,NA,0.619146,NA,NA,0
"locus190","locus292",0.053872,0.485306,Inf,NA,0.22652,NA,0.430348,NA,NA,0
"locus190","locus296",0.409142,0.429944,NA,NA,1,NA,0.20321,NA,NA,0
"locus190","locus301",0.403008,1,NA,NA,0.123616,NA,0.848098,NA,NA,0
"locus190","locus314",0.554944,0.657278,NA,NA,0.142058,NA,0.840352,NA,NA,0
"locus190","locus321",0.775126,1,NA,1,0.204304,NA,0.461406,1,NA,0
"locus190","locus322",0.98639,1,NA,NA,0.424192,NA,0.625506,NA,NA,0
"locus190","locus323",0.107396,1,NA,NA,0.656602,NA,0.529204,NA,NA,0
"locus190","locus329",0.612844,1,NA,NA,0.661466,NA,0.75053,NA,NA,0
"locus190","locus332",0.165784,0.028774,NA,NA,0.43149,Inf,0.811042,NA,NA,1
"locus190","locus349",0.888518,1,Inf,NA,0.256994,NA,0.008644,NA,NA,1
"locus190","locus358",0.762988,0.4847,NA,1,1,NA,0.094664,NA,NA,0
"locus190","locus359",0.18678,1,NA,NA,0.4296,NA,0.279842,NA,NA,0
"locus190","locus360",0.512766,1,NA,NA,0.772368,NA,0.374244,NA,NA,0
"locus191","locus192",0.894566,0.53167,NA,NA,0.712918,NA,0.514296,NA,NA,0
"locus191","locus195",0.38435,0.143046,NA,NA,1,NA,0.094766,NA,NA,0
"locus191","locus202",0.769532,0.534242,NA,NA,0.433762,NA,0.956366,NA,NA,0
"locus191","locus210",0.436872,1,NA,NA,0.655952,NA,0.043998,NA,NA,1
"locus191","locus215",0.502086,0.250118,NA,NA,1,NA,0.283878,NA,NA,0
"locus191","locus227",0.935968,0.249752,Inf,NA,Inf,NA,0.303712,NA,NA,0
"locus191","locus231",0.421784,1,NA,NA,0.25562,NA,0.680654,NA,NA,0
"locus191","locus235",0.496022,0.536366,NA,NA,0.430192,NA,0.042374,NA,NA,1
"locus191","locus236",0.472576,0.485976,NA,NA,0.258458,NA,0.307666,NA,NA,0
"locus191","locus237",0.214924,1,NA,NA,0.770746,NA,0.444466,NA,NA,0
"locus191","locus239",0.727956,0.036312,NA,NA,0.65976,NA,0.317992,NA,NA,1
"locus191","locus248",0.818288,0.571698,NA,NA,1,NA,0.373006,1,NA,0
"locus191","locus255",0.219718,0.272454,NA,NA,0.145756,NA,NA,NA,NA,0
"locus191","locus256",0.695358,1,NA,1,0.201138,NA,0.80923,NA,NA,0
"locus191","locus263",0.113268,0.358706,NA,Inf,1,NA,0.797208,NA,NA,0
"locus191","locus264",0.8046,1,NA,NA,0.657958,NA,0.242006,NA,NA,0
"locus191","locus274",0.189136,1,NA,NA,1,NA,0.104532,NA,NA,0
"locus191","locus280",0.062482,1,NA,NA,0.42889,NA,0.013962,1,NA,1
"locus191","locus282",0.27177,0.272912,NA,NA,0.77182,NA,0.811744,NA,NA,0
"locus191","locus286",0.653798,1,NA,NA,1,NA,0.808928,NA,NA,0
"locus191","locus291",0.244234,0.07216,NA,NA,0.618478,NA,0.455662,NA,NA,0
"locus191","locus292",0.76481,0.402692,Inf,NA,0.11304,NA,0.306716,NA,NA,0
"locus191","locus296",0.337452,1,NA,NA,0.332852,NA,0.699082,NA,NA,0
"locus191","locus301",0.44703,1,NA,NA,0.427556,NA,0.549962,NA,NA,0
"locus191","locus314",0.632214,0.828314,NA,NA,0.047298,NA,0.67476,NA,NA,1
"locus191","locus321",0.232192,0.828414,NA,1,0.201176,NA,0.473334,0.199444,NA,0
"locus191","locus322",0.145624,1,NA,NA,0.42918,NA,0.407078,NA,NA,0
"locus191","locus323",0.484904,1,NA,NA,0.257684,NA,0.61662,NA,NA,0
"locus191","locus329",0.666644,1,NA,NA,0.6567,NA,0.947642,NA,NA,0
"locus191","locus332",0.238872,0.27275,NA,NA,1,NA,0.571936,NA,NA,0
"locus191","locus349",0.332964,1,Inf,NA,0.656742,NA,0.067182,NA,NA,0
"locus191","locus358",0.69916,1,NA,1,1,NA,0.93924,NA,NA,0
"locus191","locus359",0.61871,0.536838,NA,NA,0.428212,NA,0.666138,NA,NA,0
"locus191","locus360",0.811452,1,NA,NA,1,NA,0.364822,NA,NA,0
"locus192","locus195",0.91989,0.464884,NA,NA,1,NA,0.810264,NA,NA,0
"locus192","locus202",0.434886,0.581396,NA,NA,0.719206,1,0.300954,NA,NA,0
"locus192","locus210",0.47088,0.423418,NA,NA,0.573582,NA,0.876812,NA,NA,0
"locus192","locus215",0.628466,1,NA,NA,0.575528,NA,0.43511,NA,NA,0
"locus192","locus227",0.704074,0.642454,Inf,NA,Inf,NA,0.307638,NA,NA,0
"locus192","locus231",0.064106,0.429202,Inf,NA,1,NA,0.95818,NA,NA,0
"locus192","locus235",0.97039,1,NA,NA,1,NA,0.023764,NA,NA,1
"locus192","locus236",0.153682,0.53389,NA,NA,1,NA,0.325776,NA,NA,0
"locus192","locus237",0.859988,0.64284,Inf,NA,0.710628,1,0.69475,NA,NA,0
"locus192","locus239",0.814918,0.75961,NA,NA,0.14408,NA,0.050768,NA,NA,0
"locus192","locus248",0.46766,0.643742,NA,NA,1,1,0.145908,1,NA,0
"locus192","locus255",0.005766,0.53749,NA,NA,0.526162,NA,NA,NA,NA,1
"locus192","locus256",0.183512,1,NA,NA,1,NA,0.90217,NA,NA,0
"locus192","locus263",0.418182,1,NA,NA,1,NA,0.727106,NA,NA,0
"locus192","locus264",0.380996,0.321102,NA,NA,0.14353,NA,0.595218,NA,NA,0
"locus192","locus274",0.42158,0.536366,NA,NA,1,NA,0.196594,NA,NA,0
"locus192","locus280",0.049434,0.787212,NA,NA,1,NA,0.471088,1,NA,1
"locus192","locus282",0.966228,0.534186,NA,NA,0.713836,NA,0.786758,NA,NA,0
"locus192","locus286",0.896188,1,NA,NA,1,NA,0.878072,NA,NA,0
"locus192","locus291",0.574422,1,NA,NA,0.524464,NA,0.86401,NA,NA,0
"locus192","locus292",1,0.539204,Inf,NA,1,NA,0.115904,NA,NA,0
"locus192","locus296",0.894448,1,NA,NA,0.521298,NA,1,NA,NA,0
"locus192","locus301",0.599082,1,NA,NA,0.284274,NA,0.389208,NA,NA,0
"locus192","locus314",0.555456,1,NA,NA,0.523668,NA,0.384542,NA,NA,0
"locus192","locus321",0.340648,0.428562,NA,NA,1,1,0.541358,0.142922,NA,0
"locus192","locus322",0.31707,1,NA,NA,1,NA,0.79085,NA,NA,0
"locus192","locus323",0.647334,0.461596,NA,NA,1,NA,0.639444,NA,NA,0
"locus192","locus329",0.066712,0.28689,NA,NA,1,Inf,0.57046,NA,NA,0
"locus192","locus332",0.97602,0.787564,NA,NA,1,NA,0.784654,NA,NA,0
"locus192","locus349",0.367782,0.46425,NA,NA,1,NA,0.437102,NA,NA,0
"locus192","locus358",0.506802,1,NA,NA,1,NA,0.892504,NA,NA,0
"locus192","locus359",0.250056,0.046772,NA,NA,0.286524,NA,0.765956,NA,NA,1
"locus192","locus360",0.288964,0.583112,NA,NA,1,Inf,0.032374,NA,NA,1
"locus195","locus202",0.771702,1,NA,NA,1,Inf,0.928326,NA,NA,0
"locus195","locus210",0.434882,1,NA,NA,0.48707,NA,0.621986,NA,NA,0
"locus195","locus215",0.467454,0.463498,NA,NA,0.829284,NA,0.518144,NA,NA,0
"locus195","locus227",0.150908,0.464606,Inf,NA,Inf,NA,0.528386,NA,NA,0
"locus195","locus231",0.9625,1,Inf,NA,0.656448,NA,0.934726,NA,NA,0
"locus195","locus235",0.647678,0.466464,NA,NA,0.571362,NA,0.34841,NA,NA,0
"locus195","locus236",0.575024,0.140186,NA,NA,0.658476,NA,0.443108,NA,NA,0
"locus195","locus237",0.308878,1,1,NA,0.430586,Inf,0.641416,NA,NA,0
"locus195","locus239",0.19303,0.464926,NA,NA,0.656958,NA,0.309304,NA,NA,0
"locus195","locus248",0.9705,0.106656,NA,NA,0.094142,Inf,0.499048,0.48571,NA,0
"locus195","locus255",0.22839,0.14374,NA,NA,1,NA,NA,NA,NA,0
"locus195","locus256",0.822634,0.376106,NA,0.500198,0.769924,NA,0.302872,NA,NA,0
"locus195","locus263",0.324238,1,NA,Inf,0.573314,NA,0.65225,NA,NA,0
"locus195","locus264",0.303788,0.357656,NA,NA,0.658714,NA,0.442698,NA,NA,0
"locus195","locus274",0.57953,1,NA,NA,0.769642,NA,0.321668,NA,NA,0
"locus195","locus280",0.35253,0.6796,NA,NA,0.77073,Inf,0.103184,1,NA,0
"locus195","locus282",0.876386,1,NA,NA,0.428826,NA,0.606338,NA,NA,0
"locus195","locus286",0.605908,0.373782,NA,NA,1,NA,0.345114,NA,NA,0
"locus195","locus291",0.501584,0.196084,NA,NA,1,NA,0.144124,NA,NA,0
"locus195","locus292",0.488272,1,1,1,0.827076,NA,0.692266,NA,NA,0
"locus195","locus296",0.788792,0.64275,NA,NA,1,NA,0.187876,NA,NA,0
"locus195","locus301",0.256224,0.461578,NA,NA,1,NA,0.206692,NA,NA,0
"locus195","locus314",0.550966,1,NA,NA,1,NA,0.389236,NA,NA,0
"locus195","locus321",0.31568,0.071714,NA,1,0.771388,Inf,0.330294,0.257702,NA,0
"locus195","locus322",0.436442,1,NA,NA,0.198054,NA,0.789454,NA,NA,0
"locus195","locus323",0.779844,0.46473,NA,NA,0.658062,NA,0.128712,NA,NA,0
"locus195","locus329",0.368138,1,NA,NA,0.829982,NA,0.868688,NA,NA,0
"locus195","locus332",0.096662,0.676742,NA,NA,0.31458,NA,1,NA,NA,0
"locus195","locus349",0.519372,0.46167,NA,NA,0.315888,NA,0.087144,NA,NA,0
"locus195","locus358",0.906382,1,NA,1,1,NA,0.087222,NA,NA,0
"locus195","locus359",0.66071,0.463142,NA,NA,1,NA,0.536712,NA,NA,0
"locus195","locus360",0.51498,0.64448,NA,NA,1,NA,0.944932,NA,NA,0
"locus202","locus210",0.371808,1,NA,NA,0.65557,NA,0.684678,NA,NA,0
"locus202","locus215",0.979008,0.64151,NA,NA,1,NA,0.798336,NA,NA,0
"locus202","locus227",0.74926,0.643596,Inf,NA,Inf,Inf,0.233644,NA,NA,0
"locus202","locus231",0.577286,0.43039,Inf,NA,1,NA,0.30275,NA,NA,0
"locus202","locus235",0.345772,0.58122,NA,NA,0.144202,NA,0.322322,NA,NA,0
"locus202","locus236",0.225008,0.788078,NA,NA,1,NA,0.513898,NA,NA,0
"locus202","locus237",0.87305,0.036824,0.335026,NA,0.425856,NA,0.234564,NA,NA,1
"locus202","locus239",0.175876,1,NA,NA,0.258452,NA,0.423676,NA,NA,0
"locus202","locus248",0.604386,1,NA,NA,0.332972,NA,0.009984,0.484738,NA,1
"locus202","locus255",0.551806,0.782076,NA,NA,1,NA,NA,NA,NA,0
"locus202","locus256",0.91883,1,NA,1,0.427944,NA,0.217664,NA,NA,0
"locus202","locus263",0.456306,0.109076,NA,Inf,1,NA,0.23738,NA,NA,0
"locus202","locus264",0.67781,1,NA,NA,0.257784,NA,0.333616,NA,NA,0
"locus202","locus274",0.178788,0.788626,NA,NA,1,NA,0.703206,NA,NA,0
"locus202","locus280",0.52765,0.535422,NA,NA,1,NA,0.561788,1,NA,0
"locus202","locus282",0.766052,0.535008,NA,NA,0.432944,NA,0.002296,NA,NA,1
"locus202","locus286",0.180182,1,NA,NA,1,NA,0.795704,NA,NA,0
"locus202","locus291",0.57981,0.643384,NA,NA,1,Inf,0.03001,NA,NA,1
"locus202","locus292",0.97256,0.783898,0.497602,1,0.655556,NA,0.038478,NA,NA,1
"locus202","locus296",0.816934,0.639096,NA,NA,0.046414,NA,0.694284,NA,NA,1
"locus202","locus301",0.090036,0.34503,NA,NA,1,NA,0.169392,NA,NA,0
"locus202","locus314",0.282764,0.201102,NA,NA,0.332984,NA,0.490212,NA,NA,0
"locus202","locus321",0.844184,1,NA,0.19881,0.430736,NA,0.573608,0.65679,NA,0
"locus202","locus322",0.702402,0.463618,NA,NA,0.430114,NA,0.627932,NA,NA,0
"locus202","locus323",0.39984,1,NA,NA,0.428574,NA,0.609888,NA,NA,0
"locus202","locus329",0.600262,0.643188,NA,NA,0.232586,NA,0.94589,NA,NA,0
"locus202","locus332",0.302228,1,NA,NA,0.429318,NA,0.547042,NA,NA,0
"locus202","locus349",0.635202,0.107104,NA,NA,1,NA,0.026194,NA,NA,1
"locus202","locus358",0.781762,0.1426,NA,0.332726,0.257308,NA,0.836746,NA,NA,0
"locus202","locus359",0.596642,0.58183,NA,NA,1,NA,0.168546,NA,NA,0
"locus202","locus360",0.100926,0.581904,NA,NA,0.774262,NA,0.63426,NA,NA,0
"locus210","locus215",0.63984,0.71381,NA,NA,0.480726,NA,0.08872,NA,NA,0
"locus210","locus227",0.974106,1,Inf,NA,Inf,NA,0.517826,NA,NA,0
"locus210","locus231",0.1843,0.65807,NA,NA,1,NA,0.900168,NA,NA,0
"locus210","locus235",0.716058,1,NA,NA,1,NA,0.134142,NA,NA,0
"locus210","locus236",0.101186,0.199404,NA,NA,1,NA,0.498694,NA,NA,0
"locus210","locus237",1,1,Inf,NA,1,NA,0.824368,NA,NA,0
"locus210","locus239",0.55246,0.713898,NA,NA,0.227886,NA,0.819938,NA,NA,0
"locus210","locus248",0.221436,1,NA,NA,0.570622,NA,0.751248,1,NA,0
"locus210","locus255",0.689934,0.83075,NA,NA,0.568838,NA,NA,NA,NA,0
"locus210","locus256",0.264658,1,NA,NA,0.826934,NA,0.282472,NA,NA,0
"locus210","locus263",0.850496,1,NA,NA,1,NA,1,NA,NA,0
"locus210","locus264",0.792362,0.571288,NA,NA,0.229736,NA,0.314066,NA,NA,0
"locus210","locus274",0.476716,1,NA,NA,0.829978,NA,0.525096,NA,NA,0
"locus210","locus280",0.139982,0.486664,NA,NA,0.826058,NA,0.557954,0.3999,NA,0
"locus210","locus282",0.980552,0.48834,NA,NA,1,NA,0.98064,NA,NA,0
"locus210","locus286",0.450442,1,NA,NA,1,NA,0.113578,NA,NA,0
"locus210","locus291",0.781044,0.716006,NA,NA,1,NA,0.163434,NA,NA,0
"locus210","locus292",0.17966,0.37173,Inf,NA,0.486458,NA,0.541836,NA,NA,0
"locus210","locus296",0.460234,0.071668,NA,NA,0.573234,NA,0.116462,NA,NA,0
"locus210","locus301",0.17108,0.429298,NA,NA,0.827384,NA,0.05369,NA,NA,0
"locus210","locus314",0.465548,0.427216,NA,NA,1,NA,0.072796,NA,NA,0
"locus210","locus321",0.123296,0.164728,NA,NA,0.82842,NA,0.336056,1,NA,0
"locus210","locus322",0.471254,0.715922,NA,NA,0.230204,NA,0.925066,NA,NA,0
"locus210","locus323",0.377226,0.71596,NA,NA,1,Inf,0.370502,NA,NA,0
"locus210","locus329",0.160922,0.07251,NA,NA,0.486518,NA,1,NA,NA,0
"locus210","locus332",0.755808,0.487916,NA,NA,0.057344,NA,0.283618,NA,NA,0
"locus210","locus349",0.530758,1,NA,NA,0.228472,NA,0.748824,NA,NA,0
"locus210","locus358",0.813394,0.655274,NA,NA,1,NA,0.441228,NA,NA,0
"locus210","locus359",1,0.42881,NA,NA,1,NA,0.598052,NA,NA,0
"locus210","locus360",0.242936,0.024078,NA,NA,0.656704,NA,0.814896,NA,NA,1
"locus215","locus227",0.707924,0.463616,Inf,NA,Inf,NA,0.878652,NA,NA,0
"locus215","locus231",0.370308,1,NA,NA,1,NA,0.200458,NA,NA,0
"locus215","locus235",0.193974,0.64203,NA,NA,1,NA,0.554874,NA,NA,0
"locus215","locus236",0.371728,1,NA,NA,1,NA,0.16137,NA,NA,0
"locus215","locus237",0.055134,1,NA,NA,0.653818,NA,0.65746,NA,NA,0
"locus215","locus239",0.105176,0.464102,NA,NA,1,NA,0.0893,NA,NA,0
"locus215","locus248",0.52161,0.109426,NA,NA,1,NA,0.748372,1,NA,0
"locus215","locus255",0.82276,1,NA,NA,1,NA,NA,NA,NA,0
"locus215","locus256",0.805502,0.37612,NA,NA,0.48536,NA,0.486396,NA,NA,0
"locus215","locus263",0.848248,0.107794,Inf,NA,0.143446,NA,0.855892,NA,NA,0
"locus215","locus264",0.752758,1,NA,NA,1,NA,0.370226,NA,NA,0
"locus215","locus274",0.260468,0.678432,NA,NA,0.057556,NA,0.135066,NA,NA,0
"locus215","locus280",0.604942,0.24766,NA,NA,0.48581,NA,0.117664,0.429162,NA,0
"locus215","locus282",0.732414,1,NA,NA,0.653054,NA,0.984454,NA,NA,0
"locus215","locus286",1,0.37508,NA,NA,1,NA,1,NA,NA,0
"locus215","locus291",0.540816,1,NA,NA,0.573744,NA,0.949188,NA,NA,0
"locus215","locus292",0.775094,0.678962,Inf,NA,1,NA,0.352088,NA,NA,0
"locus215","locus296",0.528098,0.640358,NA,NA,1,NA,0.816126,NA,NA,0
"locus215","locus301",0.813414,0.461826,Inf,NA,0.484072,NA,0.362744,NA,NA,0
"locus215","locus314",0.429344,1,NA,NA,1,NA,0.413042,NA,NA,0
"locus215","locus321",0.535408,0.284294,NA,NA,0.48529,NA,0.235888,0.428184,NA,0
"locus215","locus322",0.739648,1,NA,NA,1,NA,0.01799,NA,NA,1
"locus215","locus323",0.962834,1,NA,NA,1,Inf,0.26944,NA,NA,0
"locus215","locus329",0.236398,0.465716,NA,NA,1,NA,0.371832,NA,NA,0
"locus215","locus332",0.923296,1,NA,NA,1,NA,0.341316,NA,NA,0
"locus215","locus349",0.853716,1,NA,NA,1,NA,0.47461,NA,NA,0
"locus215","locus358",0.107196,0.143034,NA,NA,0.2286,NA,0.13881,NA,NA,0
"locus215","locus359",0.052716,0.641752,NA,NA,1,NA,0.150578,NA,NA,0
"locus215","locus360",0.007954,0.464344,Inf,NA,0.113524,NA,0.322464,NA,NA,1
"locus227","locus231",0.352942,1,NA,NA,Inf,NA,0.550128,NA,NA,0
"locus227","locus235",0.443494,1,NA,NA,Inf,NA,0.43695,NA,NA,0
"locus227","locus236",1,1,NA,NA,Inf,NA,0.57639,NA,NA,0
"locus227","locus237",0.505572,1,NA,NA,Inf,NA,0.32129,NA,NA,0
"locus227","locus239",1,0.464674,NA,NA,Inf,NA,0.40959,NA,NA,0
"locus227","locus248",1,1,NA,NA,Inf,NA,0.077214,0.486354,NA,0
"locus227","locus255",0.411164,1,NA,NA,Inf,NA,NA,NA,NA,0
"locus227","locus256",0.871222,1,NA,Inf,Inf,NA,0.126984,NA,NA,0
"locus227","locus263",0.856742,0.10676,NA,Inf,Inf,NA,0.331894,NA,NA,0
"locus227","locus264",0.917194,1,NA,NA,Inf,NA,0.90684,NA,NA,0
"locus227","locus274",0.016776,0.67712,NA,NA,Inf,NA,0.805492,NA,NA,1
"locus227","locus280",0.445882,0.67914,NA,NA,Inf,NA,0.765722,0.486178,NA,0
"locus227","locus282",0.318594,1,NA,NA,Inf,NA,0.656306,NA,NA,0
"locus227","locus286",0.045338,1,NA,NA,Inf,NA,0.549098,NA,NA,1
"locus227","locus291",0.018098,1,NA,NA,Inf,NA,0.487974,NA,NA,1
"locus227","locus292",0.490248,0.67806,Inf,Inf,Inf,NA,0.904386,NA,NA,0
"locus227","locus296",0.22254,0.642726,NA,NA,Inf,NA,0.86792,NA,NA,0
"locus227","locus301",0.134246,0.462766,NA,NA,Inf,NA,0.402988,NA,NA,0
"locus227","locus314",0.743722,0.428956,Inf,NA,Inf,NA,0.729318,NA,NA,0
"locus227","locus321",0.60406,1,NA,Inf,Inf,NA,0.866744,0.259732,NA,0
"locus227","locus322",0.52696,0.198148,NA,NA,Inf,NA,0.383294,NA,NA,0
"locus227","locus323",0.30594,1,NA,NA,Inf,Inf,0.961598,NA,NA,0
"locus227","locus329",0.554322,1,NA,NA,Inf,NA,0.654624,NA,NA,0
"locus227","locus332",0.211516,0.678244,NA,NA,Inf,NA,0.91182,NA,NA,0
"locus227","locus349",0.4447,0.464656,NA,NA,Inf,NA,0.185916,NA,NA,0
"locus227","locus358",0.588042,1,NA,Inf,Inf,NA,0.308426,NA,NA,0
"locus227","locus359",0.405754,1,NA,NA,Inf,NA,0.945056,NA,NA,0
"locus227","locus360",0.174738,0.643146,NA,NA,Inf,NA,0.979248,NA,NA,0
"locus231","locus235",0.716296,1,NA,NA,1,NA,0.88238,NA,NA,0
"locus231","locus236",0.948262,1,NA,NA,0.485374,NA,0.251732,NA,NA,0
"locus231","locus237",0.091186,0.42789,NA,NA,1,NA,0.550018,NA,NA,0
"locus231","locus239",0.322996,0.430098,NA,NA,1,NA,0.615144,NA,NA,0
"locus231","locus248",0.493302,1,NA,NA,0.428584,NA,1,NA,NA,0
"locus231","locus255",0.27051,0.48525,NA,NA,0.42755,NA,NA,NA,NA,0
"locus231","locus256",0.058224,1,NA,0.499136,0.02879,NA,0.344962,NA,NA,1
"locus231","locus263",1,1,NA,Inf,0.427906,NA,1,NA,NA,0
"locus231","locus264",0.721722,0.229546,NA,NA,1,NA,1,NA,NA,0
"locus231","locus274",0.493004,1,NA,NA,1,NA,0.133778,NA,NA,0
"locus231","locus280",0.515034,1,NA,NA,1,NA,0.714258,NA,NA,0
"locus231","locus282",0.267836,0.141716,NA,NA,1,NA,0.623226,NA,NA,0
"locus231","locus286",0.20894,1,NA,NA,0.429252,NA,0.405954,NA,NA,0
"locus231","locus291",0.525328,1,NA,NA,1,NA,0.53931,NA,NA,0
"locus231","locus292",0.385334,0.48422,Inf,0.500672,1,NA,0.608542,NA,NA,0
"locus231","locus296",0.314364,1,NA,NA,1,NA,0.34381,NA,NA,0
"locus231","locus301",0.763782,1,NA,NA,0.658428,NA,0.310562,NA,NA,0
"locus231","locus314",0.479164,0.143524,Inf,NA,0.4297,NA,1,NA,NA,0
"locus231","locus321",0.95107,0.656736,NA,1,0.656926,NA,0.026426,NA,NA,1
"locus231","locus322",0.63312,0.142596,NA,NA,0.257326,NA,0.250166,NA,NA,0
"locus231","locus323",0.39766,1,NA,NA,1,NA,0.949294,NA,NA,0
"locus231","locus329",0.064056,0.428428,NA,NA,1,NA,0.747358,NA,NA,0
"locus231","locus332",0.713762,1,NA,NA,1,NA,1,NA,NA,0
"locus231","locus349",0.818298,0.142254,NA,NA,1,NA,1,NA,NA,0
"locus231","locus358",0.780134,1,NA,1,1,NA,0.926006,NA,NA,0
"locus231","locus359",0.88271,0.143348,NA,NA,1,NA,0.497114,NA,NA,0
"locus231","locus360",0.86242,0.142898,NA,NA,0.655378,NA,0.56508,NA,NA,0
"locus235","locus236",0.281548,0.535234,NA,NA,1,NA,0.08337,NA,NA,0
"locus235","locus237",0.316016,0.642334,NA,NA,0.144516,NA,0.84994,NA,NA,0
"locus235","locus239",0.040178,1,NA,NA,1,NA,0.691596,NA,NA,1
"locus235","locus248",0.028298,0.286556,NA,NA,0.286236,NA,0.276378,Inf,NA,1
"locus235","locus255",0.824968,1,NA,NA,1,NA,NA,NA,NA,0
"locus235","locus256",0.317304,0.124502,1,1,0.571724,NA,0.74828,NA,NA,0
"locus235","locus263",0.776026,1,NA,Inf,1,NA,0.680458,NA,NA,0
"locus235","locus264",0.7599,1,1,NA,1,NA,0.625118,NA,NA,0
"locus235","locus274",0.422204,0.540712,NA,NA,0.571436,0.334342,0.245434,NA,NA,0
"locus235","locus280",0.916604,0.535666,NA,NA,1,NA,0.33341,Inf,NA,0
"locus235","locus282",0.824984,1,NA,NA,0.143016,NA,0.76759,NA,NA,0
"locus235","locus286",0.063088,0.126706,NA,NA,1,0.33261,1,NA,NA,0
"locus235","locus291",0.951976,0.104452,NA,NA,1,NA,0.96402,NA,NA,0
"locus235","locus292",0.25969,1,0.501688,0.59941,1,0.334034,0.53586,NA,NA,0
"locus235","locus296",0.961166,1,NA,NA,1,NA,0.61643,NA,NA,0
"locus235","locus301",0.698832,0.764024,NA,NA,1,NA,0.45634,NA,NA,0
"locus235","locus314",0.510228,1,NA,NA,0.28599,NA,0.676306,NA,NA,0
"locus235","locus321",0.761788,0.715134,NA,1,0.57108,NA,0.491712,Inf,NA,0
"locus235","locus322",0.973404,0.46494,NA,NA,0.143634,NA,0.304376,NA,NA,0
"locus235","locus323",0.071228,0.46622,NA,NA,0.427988,NA,0.221122,NA,NA,0
"locus235","locus329",0.106266,1,NA,NA,1,NA,0.420952,NA,NA,0
"locus235","locus332",0.854076,0.536698,1,NA,0.428892,NA,0.286274,NA,NA,0
"locus235","locus349",0.703536,0.465186,NA,NA,1,NA,0.361972,NA,NA,0
"locus235","locus358",0.362194,1,NA,1,1,NA,0.694532,NA,NA,0
"locus235","locus359",0.422778,0.346746,NA,NA,1,NA,0.795756,NA,NA,0
"locus235","locus360",0.544546,1,NA,NA,0.428242,NA,0.308838,NA,NA,0
"locus236","locus237",0.622392,1,NA,NA,0.257026,NA,0.108,NA,NA,0
"locus236","locus239",0.636002,0.538586,NA,NA,1,NA,0.813316,NA,NA,0
"locus236","locus248",0.14689,0.572456,NA,NA,1,NA,0.746514,1,NA,0
"locus236","locus255",0.235926,0.27509,NA,NA,0.42903,NA,NA,NA,NA,0
"locus236","locus256",0.01796,1,Inf,1,0.65836,Inf,0.792616,NA,NA,1
"locus236","locus263",0.343722,1,NA,Inf,1,NA,0.607846,NA,NA,0
"locus236","locus264",0.022582,0.742188,Inf,NA,1,NA,0.106076,NA,NA,1
"locus236","locus274",0.788692,0.486236,NA,NA,0.657584,1,0.20951,NA,NA,0
"locus236","locus280",0.11074,1,NA,NA,1,NA,0.553222,0.143042,NA,0
"locus236","locus282",0.650994,1,NA,NA,0.25752,NA,0.422158,NA,NA,0
"locus236","locus286",1,1,NA,NA,0.427872,1,0.177012,NA,NA,0
"locus236","locus291",0.788004,0.071552,NA,NA,0.1446,NA,0.221912,NA,NA,0
"locus236","locus292",0.62282,1,Inf,0.200978,0.05751,1,0.96475,NA,NA,0
"locus236","locus296",0.777138,1,NA,NA,1,NA,0.864268,NA,NA,0
"locus236","locus301",0.577272,0.534502,NA,NA,0.31485,NA,0.302406,NA,NA,0
"locus236","locus314",0.551516,0.483814,NA,NA,0.427926,NA,0.56081,NA,NA,0
"locus236","locus321",0.245492,0.20058,NA,0.400826,0.656284,NA,0.01733,0.256654,NA,1
"locus236","locus322",0.237894,1,NA,NA,1,NA,0.668632,NA,NA,0
"locus236","locus323",0.137074,1,NA,NA,1,NA,0.363042,NA,NA,0
"locus236","locus329",0.266346,0.356622,NA,NA,1,NA,0.207602,NA,NA,0
"locus236","locus332",0.041444,1,Inf,NA,0.486508,NA,0.207878,NA,NA,1
"locus236","locus349",0.54503,1,NA,NA,0.14112,NA,0.40086,NA,NA,0
"locus236","locus358",0.66606,1,NA,0.200776,1,NA,1,NA,NA,0
"locus236","locus359",0.52982,0.538542,NA,NA,1,NA,0.54175,NA,NA,0
"locus236","locus360",0.045226,0.53417,NA,NA,1,NA,0.24993,NA,NA,1
"locus237","locus239",0.492506,1,NA,NA,1,NA,0.239258,NA,NA,0
"locus237","locus248",0.35933,1,NA,NA,0.142594,NA,0.063282,1,NA,0
"locus237","locus255",0.21442,1,NA,NA,0.616034,NA,NA,NA,NA,0
"locus237","locus256",0.742302,1,0.333384,1,1,NA,0.91278,NA,NA,0
"locus237","locus263",0.87126,1,NA,Inf,1,NA,0.475636,NA,NA,0
"locus237","locus264",0.800564,0.678712,1,NA,1,NA,0.148746,NA,NA,0
"locus237","locus274",0.108924,1,NA,NA,0.426498,1,0.8895,NA,NA,0
"locus237","locus280",0.917398,0.356126,NA,NA,1,NA,0.048572,0.143366,NA,1
"locus237","locus282",0.03451,0.213926,NA,NA,0.010394,NA,0.179212,NA,NA,2
"locus237","locus286",0.160516,1,NA,NA,1,1,0.695278,NA,NA,0
"locus237","locus291",0.155494,1,NA,NA,0.046488,NA,0.238632,NA,NA,1
"locus237","locus292",0.140316,1,1,1,0.657982,1,0.664136,NA,NA,0
"locus237","locus296",0.167176,0.464492,NA,NA,1,NA,0.72398,NA,NA,0
"locus237","locus301",0.372796,0.108848,NA,NA,0.128386,NA,0.9874,NA,NA,0
"locus237","locus314",0.853216,0.430486,NA,NA,0.331988,NA,0.558322,NA,NA,0
"locus237","locus321",0.813208,1,NA,0.200158,0.427256,NA,0.15774,0.33292,NA,0
"locus237","locus322",0.74372,0.46307,NA,NA,0.42768,NA,0.827424,NA,NA,0
"locus237","locus323",1,1,NA,NA,0.427568,NA,0.246742,NA,NA,0
"locus237","locus329",0.039324,0.570852,NA,NA,1,NA,0.15643,NA,NA,1
"locus237","locus332",0.342088,1,1,NA,0.656042,NA,0.579712,NA,NA,0
"locus237","locus349",0.023636,0.107236,NA,NA,0.256854,NA,0.245692,NA,NA,1
"locus237","locus358",0.00751,0.428666,NA,0.329848,1,NA,0.907312,NA,NA,1
"locus237","locus359",0.26983,0.643424,NA,NA,1,NA,0.330988,NA,NA,0
"locus237","locus360",0.16698,0.286454,NA,NA,0.77261,NA,0.872894,NA,NA,0
"locus239","locus248",0.114188,0.640856,NA,NA,0.428412,NA,0.086028,0.14241,NA,0
"locus239","locus255",0.71091,0.784266,NA,NA,0.145458,NA,NA,NA,NA,0
"locus239","locus256",0.196246,1,0.498972,Inf,1,NA,0.17985,NA,NA,0
"locus239","locus263",1,0.64365,NA,Inf,1,NA,0.526428,NA,NA,0
"locus239","locus264",1,1,0.49769,NA,0.028916,NA,0.57003,NA,NA,1
"locus239","locus274",0.770572,1,NA,NA,0.656698,1,0.005592,NA,NA,1
"locus239","locus280",0.583622,0.642108,NA,NA,0.656766,NA,0.540848,0.656626,NA,0
"locus239","locus282",0.891964,0.036234,NA,NA,1,NA,0.984924,NA,NA,1
"locus239","locus286",0.079888,1,NA,NA,1,1,0.123006,NA,NA,0
"locus239","locus291",0.569214,0.104896,NA,NA,1,NA,0.744552,NA,NA,0
"locus239","locus292",0.304212,0.071312,0.250222,1,1,1,0.786906,NA,NA,0
"locus239","locus296",0.510082,0.285578,NA,NA,0.1428,NA,0.840898,NA,NA,0
"locus239","locus301",0.589522,1,NA,NA,0.141146,NA,0.200428,NA,NA,0
"locus239","locus314",1,1,NA,NA,1,NA,0.459658,NA,NA,0
"locus239","locus321",0.913556,1,NA,0.400768,1,NA,0.902732,1,NA,0
"locus239","locus322",0.52625,0.465246,NA,NA,1,NA,0.519254,NA,NA,0
"locus239","locus323",0.497556,1,NA,NA,1,NA,0.013644,NA,NA,1
"locus239","locus329",0.414454,1,NA,NA,1,Inf,0.432598,NA,NA,0
"locus239","locus332",0.520648,0.071868,1,NA,0.144098,NA,0.730476,NA,NA,0
"locus239","locus349",0.774284,1,NA,NA,0.488072,NA,0.478638,NA,NA,0
"locus239","locus358",0.034652,1,NA,1,1,NA,0.343176,NA,NA,1
"locus239","locus359",0.165156,0.760296,NA,NA,0.428292,NA,0.700758,NA,NA,0
"locus239","locus360",0.68726,1,NA,NA,0.256944,NA,0.862046,NA,NA,0
"locus248","locus255",0.823888,0.571716,NA,NA,0.523688,NA,NA,NA,NA,0
"locus248","locus256",0.667562,0.250532,0.501594,1,0.430032,NA,0.092028,NA,NA,0
"locus248","locus263",0.750846,1,NA,Inf,1,NA,0.715586,NA,NA,0
"locus248","locus264",0.482324,0.67959,0.498828,NA,0.42786,NA,0.641262,NA,NA,0
"locus248","locus274",0.187986,1,NA,NA,1,1,0.639026,NA,NA,0
"locus248","locus280",0.27475,0.36,NA,NA,1,NA,0.2627,1,NA,0
"locus248","locus282",0.00723,1,NA,NA,0.14207,NA,0.821134,NA,NA,1
"locus248","locus286",0.585476,0.24947,NA,NA,1,1,0.630702,NA,NA,0
"locus248","locus291",0.908866,0.463276,NA,NA,1,NA,0.749552,NA,NA,0
"locus248","locus292",0.194084,1,0.250064,1,1,1,0.976172,NA,NA,0
"locus248","locus296",0.744144,0.461348,NA,NA,0.523814,NA,0.236818,NA,NA,0
"locus248","locus301",0.409406,0.28555,NA,NA,1,NA,0.316028,NA,NA,0
"locus248","locus314",0.67522,1,NA,NA,1,NA,0.337924,NA,NA,0
"locus248","locus321",0.46023,0.07137,NA,1,1,NA,0.803042,1,NA,0
"locus248","locus322",0.748094,1,NA,NA,0.142388,NA,0.914986,NA,NA,0
"locus248","locus323",0.312444,1,NA,NA,1,NA,0.318738,NA,NA,0
"locus248","locus329",0.817764,0.570928,NA,NA,1,NA,0.26734,NA,NA,0
"locus248","locus332",0.675436,1,1,NA,0.142628,NA,0.25633,NA,NA,0
"locus248","locus349",0.90641,1,NA,NA,0.429872,NA,1,NA,NA,0
"locus248","locus358",1,0.429678,NA,1,1,NA,0.090228,NA,NA,0
"locus248","locus359",0.78838,0.285702,NA,NA,1,NA,0.715494,NA,NA,0
"locus248","locus360",0.94651,0.285762,NA,NA,1,Inf,0.680768,NA,NA,0
"locus255","locus256",0.878384,1,1,0.502988,0.428482,NA,NA,NA,NA,0
"locus255","locus263",1,1,NA,Inf,1,NA,NA,NA,NA,0
"locus255","locus264",0.549496,0.291196,1,NA,0.143344,NA,NA,NA,NA,0
"locus255","locus274",0.85553,0.39748,NA,NA,1,NA,NA,NA,NA,0
"locus255","locus280",1,1,NA,NA,1,NA,NA,NA,NA,0
"locus255","locus282",0.04797,1,NA,NA,0.618422,NA,NA,NA,NA,1
"locus255","locus286",0.163474,1,NA,NA,1,NA,NA,NA,NA,0
"locus255","locus291",0.777828,0.681676,NA,NA,0.525038,NA,NA,NA,NA,0
"locus255","locus292",0.524212,0.488678,1,1,0.571742,NA,NA,NA,NA,0
"locus255","locus296",0.510906,1,NA,NA,1,NA,NA,NA,NA,0
"locus255","locus301",1,0.533228,NA,NA,0.094584,NA,NA,NA,NA,0
"locus255","locus314",0.726926,0.48302,NA,NA,1,NA,NA,NA,NA,0
"locus255","locus321",0.553216,0.027368,NA,1,0.428388,NA,NA,NA,NA,1
"locus255","locus322",0.132824,0.679478,NA,NA,1,NA,NA,NA,NA,0
"locus255","locus323",0.677616,1,NA,NA,1,NA,NA,NA,NA,0
"locus255","locus329",0.09598,0.570936,NA,NA,0.570186,NA,NA,NA,NA,0
"locus255","locus332",0.89422,0.39656,1,NA,0.429096,NA,NA,NA,NA,0
"locus255","locus349",0.035314,1,NA,NA,0.142758,NA,NA,NA,NA,1
"locus255","locus358",0.42167,1,NA,1,1,NA,NA,NA,NA,0
"locus255","locus359",0.235904,0.5339,NA,NA,0.285938,NA,NA,NA,NA,0
"locus255","locus360",0.016752,0.538114,NA,NA,0.619606,NA,NA,NA,NA,1
"locus256","locus263",0.464118,1,NA,Inf,1,NA,0.306618,NA,NA,0
"locus256","locus264",0.890856,1,1,NA,1,NA,0.86664,NA,NA,0
"locus256","locus274",0.656748,1,NA,NA,0.771968,Inf,0.303118,NA,NA,0
"locus256","locus280",0.15882,1,NA,NA,1,Inf,0.486288,1,NA,0
"locus256","locus282",0.728086,1,NA,NA,1,NA,0.15304,NA,NA,0
"locus256","locus286",0.473976,0.12537,NA,NA,1,Inf,0.173758,NA,NA,0
"locus256","locus291",0.070166,1,NA,NA,1,Inf,0.771204,NA,NA,0
"locus256","locus292",0.798988,1,0.500474,1,0.828154,Inf,0.178948,NA,NA,0
"locus256","locus296",0.464482,1,NA,NA,1,NA,0.111666,NA,NA,0
"locus256","locus301",0.140022,1,NA,NA,0.769972,NA,0.873638,NA,NA,0
"locus256","locus314",0.377644,1,NA,NA,0.430628,NA,0.053518,NA,NA,0
"locus256","locus321",0.241394,0.500596,NA,1,0.312934,NA,0.663114,0.400832,NA,0
"locus256","locus322",0.970534,0.375392,NA,NA,0.200574,NA,0.196944,NA,NA,0
"locus256","locus323",0.10411,0.374816,NA,NA,1,NA,0.582576,NA,NA,0
"locus256","locus329",0.629546,1,NA,NA,0.486814,NA,0.621542,NA,NA,0
"locus256","locus332",0.947352,1,0.500038,NA,1,NA,1,NA,NA,0
"locus256","locus349",0.028514,1,NA,NA,1,NA,0.219634,NA,NA,1
"locus256","locus358",0.785078,1,NA,1,0.313302,NA,0.801864,NA,NA,0
"locus256","locus359",0.169804,0.124554,NA,NA,0.57415,NA,0.71223,NA,NA,0
"locus256","locus360",0.012116,1,NA,NA,1,NA,0.360664,NA,NA,1
"locus263","locus264",0.096916,0.677294,Inf,NA,1,NA,0.240244,NA,NA,0
"locus263","locus274",0.663816,0.212402,NA,NA,0.570198,NA,0.69631,NA,NA,0
"locus263","locus280",0.105494,0.358978,NA,NA,0.570426,Inf,1,0.429488,NA,0
"locus263","locus282",0.847302,1,NA,NA,1,NA,0.706056,NA,NA,0
"locus263","locus286",1,1,NA,NA,1,NA,1,NA,NA,0
"locus263","locus291",0.865742,1,NA,NA,1,NA,0.604784,NA,NA,0
"locus263","locus292",1,0.214794,1,Inf,1,NA,0.65766,NA,NA,0
"locus263","locus296",1,0.462398,NA,NA,1,NA,0.369894,NA,NA,0
"locus263","locus301",0.397968,0.285924,NA,NA,1,NA,0.598308,NA,NA,0
"locus263","locus314",1,0.429014,NA,NA,1,NA,0.643434,NA,NA,0
"locus263","locus321",0.417456,1,NA,Inf,1,NA,0.331916,0.048512,NA,1
"locus263","locus322",1,0.465402,NA,NA,1,NA,1,NA,NA,0
"locus263","locus323",0.727168,0.463876,NA,NA,1,Inf,1,NA,NA,0
"locus263","locus329",1,0.571024,NA,NA,1,NA,0.160312,NA,NA,0
"locus263","locus332",1,1,1,NA,1,NA,0.564346,NA,NA,0
"locus263","locus349",0.54394,1,Inf,NA,0.42862,NA,1,NA,NA,0
"locus263","locus358",1,0.429542,NA,Inf,0.428712,NA,0.570896,NA,NA,0
"locus263","locus359",0.41427,1,NA,NA,1,NA,0.201562,NA,NA,0
"locus263","locus360",0.440162,0.287148,NA,NA,0.14086,NA,0.818082,NA,NA,0
"locus264","locus274",0.203626,0.162816,NA,NA,0.655,NA,0.847326,NA,NA,0
"locus264","locus280",0.171776,0.743348,NA,NA,0.65513,Inf,0.169108,0.31396,NA,0
"locus264","locus282",0.142916,0.289286,NA,NA,1,NA,0.73409,NA,NA,0
"locus264","locus286",0.862004,1,NA,NA,1,NA,0.67538,NA,NA,0
"locus264","locus291",0.918278,1,NA,NA,1,NA,0.088508,NA,NA,0
"locus264","locus292",0.05967,0.166956,0.501522,0.200904,1,NA,0.799732,NA,NA,0
"locus264","locus296",0.036858,0.679938,NA,NA,0.141516,NA,0.794968,NA,NA,1
"locus264","locus301",0.95464,1,NA,NA,0.143032,NA,0.363322,NA,NA,0
"locus264","locus314",0.274952,0.315762,NA,NA,1,NA,1,NA,NA,0
"locus264","locus321",0.822426,0.31244,NA,1,1,NA,0.728748,0.430594,NA,0
"locus264","locus322",0.412382,0.680002,NA,NA,1,NA,0.553594,NA,NA,0
"locus264","locus323",0.601852,0.035458,NA,NA,1,Inf,0.745834,NA,NA,1
"locus264","locus329",0.319296,0.68002,NA,NA,1,NA,0.362856,NA,NA,0
"locus264","locus332",0.678294,1,1,NA,0.143078,NA,0.85275,NA,NA,0
"locus264","locus349",0.402522,0.358158,NA,NA,0.485668,NA,0.350266,NA,NA,0
"locus264","locus358",0.561216,1,NA,1,1,NA,0.403206,NA,NA,0
"locus264","locus359",0.317816,0.321948,NA,NA,0.428,NA,0.645592,NA,NA,0
"locus264","locus360",0.27975,0.21488,Inf,NA,0.253816,NA,0.09354,NA,NA,0
"locus274","locus280",0.217284,0.401242,NA,NA,0.31756,NA,0.118364,0.487306,NA,0
"locus274","locus282",0.610718,1,NA,NA,0.426216,NA,0.135038,NA,NA,0
"locus274","locus286",1,1,NA,NA,0.569568,NA,0.242906,NA,NA,0
"locus274","locus291",0.273138,0.678694,NA,NA,0.237204,NA,0.68147,NA,NA,0
"locus274","locus292",0.777872,0.270588,Inf,Inf,0.48485,NA,0.383954,NA,NA,0
"locus274","locus296",0.190618,1,NA,NA,1,NA,0.339162,NA,NA,0
"locus274","locus301",0.573096,0.536136,NA,NA,0.314042,NA,0.694184,NA,NA,0
"locus274","locus314",0.403366,0.49058,NA,NA,1,NA,0.627674,NA,NA,0
"locus274","locus321",0.345002,1,NA,Inf,0.77057,NA,0.163528,0.254982,NA,0
"locus274","locus322",0.601224,0.250736,NA,NA,1,NA,0.309236,NA,NA,0
"locus274","locus323",0.518706,0.14372,NA,NA,1,NA,0.018454,NA,NA,1
"locus274","locus329",0.136678,1,NA,NA,0.488816,NA,0.477966,NA,NA,0
"locus274","locus332",0.127846,1,1,NA,1,NA,0.27157,NA,NA,0
"locus274","locus349",0.357932,1,NA,NA,1,NA,0.934032,NA,NA,0
"locus274","locus358",0.486112,1,NA,Inf,0.658146,NA,0.759922,NA,NA,0
"locus274","locus359",0.187088,0.537636,NA,NA,1,NA,0.375824,NA,NA,0
"locus274","locus360",0.947312,0.785326,NA,NA,0.200154,NA,0.172436,NA,NA,0
"locus280","locus282",0.584702,0.401508,NA,NA,1,NA,0.08161,NA,NA,0
"locus280","locus286",1,1,NA,NA,0.57272,NA,0.291594,NA,NA,0
"locus280","locus291",0.97464,0.144026,NA,NA,1,NA,0.675762,NA,NA,0
"locus280","locus292",0.771856,0.483658,Inf,0.199208,0.829936,NA,0.762188,NA,NA,0
"locus280","locus296",0.511664,0.10854,NA,NA,1,NA,0.523008,NA,NA,0
"locus280","locus301",0.055734,0.537058,NA,NA,1,NA,0.506672,NA,NA,0
"locus280","locus314",0.704912,0.429492,NA,NA,0.236162,NA,0.862628,NA,NA,0
"locus280","locus321",0.779648,0.826506,NA,0.400072,0.76987,NA,0.044184,0.428042,NA,1
"locus280","locus322",0.088704,0.678154,NA,NA,1,NA,0.650704,NA,NA,0
"locus280","locus323",0.840786,1,NA,NA,0.659364,NA,0.847334,NA,NA,0
"locus280","locus329",0.321506,1,NA,NA,0.828288,NA,0.938514,NA,NA,0
"locus280","locus332",0.042236,0.01545,Inf,NA,1,NA,0.535838,NA,NA,2
"locus280","locus349",0.776278,0.677548,NA,NA,1,NA,0.103348,NA,NA,0
"locus280","locus358",0.46053,0.14488,NA,0.201182,0.314326,NA,0.75481,NA,NA,0
"locus280","locus359",0.410508,1,NA,NA,1,NA,0.674882,NA,NA,0
"locus280","locus360",0.41205,0.535884,NA,NA,1,NA,0.529206,NA,NA,0
"locus282","locus286",0.12665,1,NA,NA,1,NA,0.525542,NA,NA,0
"locus282","locus291",0.218842,0.68007,NA,NA,0.04734,NA,0.011564,NA,NA,2
"locus282","locus292",0.934502,0.401938,0.498768,1,0.659238,NA,0.23308,NA,NA,0
"locus282","locus296",0.485432,0.107156,NA,NA,1,NA,0.591832,NA,NA,0
"locus282","locus301",0.975222,0.78487,NA,NA,0.123316,NA,0.110904,NA,NA,0
"locus282","locus314",0.88247,0.48489,NA,NA,0.334964,NA,0.515252,NA,NA,0
"locus282","locus321",0.579534,1,NA,1,0.432706,NA,0.594136,0.009844,NA,1
"locus282","locus322",0.463766,0.253268,NA,NA,0.432246,NA,0.381252,NA,NA,0
"locus282","locus323",0.78161,1,NA,NA,0.426636,NA,0.414684,NA,NA,0
"locus282","locus329",0.18697,1,NA,NA,1,NA,0.772488,NA,NA,0
"locus282","locus332",0.08187,0.39466,1,NA,0.657284,NA,0.12047,NA,NA,0
"locus282","locus349",0.168922,0.678394,NA,NA,0.25743,NA,0.180874,NA,NA,0
"locus282","locus358",0.672114,1,NA,1,1,NA,0.787054,NA,NA,0
"locus282","locus359",0.066208,0.531668,NA,NA,1,NA,0.64556,NA,NA,0
"locus282","locus360",0.643914,0.787838,NA,NA,0.769346,NA,0.00614,NA,NA,1
"locus286","locus291",0.095072,1,NA,NA,1,NA,0.682132,NA,NA,0
"locus286","locus292",0.515714,1,Inf,0.59789,1,NA,1,NA,NA,0
"locus286","locus296",0.889972,1,NA,NA,1,NA,0.765336,NA,NA,0
"locus286","locus301",0.698864,1,Inf,NA,1,NA,0.162872,NA,NA,0
"locus286","locus314",0.750942,1,NA,NA,1,NA,0.55319,NA,NA,0
"locus286","locus321",0.888414,0.498958,NA,1,0.571362,NA,0.36658,Inf,NA,0
"locus286","locus322",0.42426,0.373836,NA,NA,1,NA,1,NA,NA,0
"locus286","locus323",0.737134,0.37486,NA,NA,0.427378,NA,0.766526,NA,NA,0
"locus286","locus329",0.41303,1,NA,NA,1,Inf,0.89496,NA,NA,0
"locus286","locus332",1,1,Inf,NA,0.429274,NA,0.863554,NA,NA,0
"locus286","locus349",0.407528,1,NA,NA,1,NA,0.63145,NA,NA,0
"locus286","locus358",0.245886,1,NA,0.599568,1,NA,0.854434,NA,NA,0
"locus286","locus359",0.681592,0.124622,NA,NA,1,NA,0.497798,NA,NA,0
"locus286","locus360",0.851926,1,NA,NA,0.429036,NA,0.515864,NA,NA,0
"locus291","locus292",0.983512,1,1,0.19803,0.571946,NA,0.154444,NA,NA,0
"locus291","locus296",0.277934,1,NA,NA,1,NA,0.888374,NA,NA,0
"locus291","locus301",0.565294,1,Inf,NA,0.09435,NA,0.404186,NA,NA,0
"locus291","locus314",0.292214,0.143638,NA,NA,0.523512,NA,0.123994,NA,NA,0
"locus291","locus321",0.079702,0.71466,NA,0.39826,0.238884,NA,0.15542,0.619994,NA,0
"locus291","locus322",0.697598,0.196844,NA,NA,1,NA,0.647412,NA,NA,0
"locus291","locus323",0.84322,1,NA,NA,0.426798,NA,0.518482,NA,NA,0
"locus291","locus329",0.839044,1,NA,NA,1,NA,0.89571,NA,NA,0
"locus291","locus332",0.898672,0.145062,1,NA,1,NA,0.136008,NA,NA,0
"locus291","locus349",0.08714,1,NA,NA,0.42834,NA,0.643278,NA,NA,0
"locus291","locus358",0.798558,1,NA,0.201914,1,NA,0.829622,NA,NA,0
"locus291","locus359",1,1,NA,NA,1,NA,0.127264,NA,NA,0
"locus291","locus360",0.567996,1,NA,NA,0.618944,NA,0.57605,NA,NA,0
"locus292","locus296",0.425282,0.10509,NA,NA,0.570288,NA,1,NA,NA,0
"locus292","locus301",0.087212,0.784876,Inf,NA,0.488632,NA,0.787502,NA,NA,0
"locus292","locus314",1,1,NA,NA,0.572242,NA,0.656388,NA,NA,0
"locus292","locus321",0.197158,0.829316,NA,0.601748,0.828406,NA,0.162588,0.256326,NA,0
"locus292","locus322",0.71062,0.678948,NA,NA,0.656814,0.3331,0.859244,NA,NA,0
"locus292","locus323",0.550004,0.143254,NA,NA,1,NA,0.86466,NA,NA,0
"locus292","locus329",0.25669,0.571406,NA,NA,0.482768,NA,0.434984,NA,NA,0
"locus292","locus332",0.69662,0.271122,1,NA,1,NA,0.456152,NA,NA,0
"locus292","locus349",0.91334,1,NA,NA,0.229072,NA,0.36034,NA,NA,0
"locus292","locus358",0.04546,1,NA,1,1,1,0.929722,NA,NA,1
"locus292","locus359",0.273416,0.538582,NA,NA,1,NA,0.858146,NA,NA,0
"locus292","locus360",0.715848,0.641064,NA,NA,1,NA,0.438618,NA,NA,0
"locus296","locus301",0.029558,0.285674,Inf,NA,0.429988,NA,0.30221,NA,NA,1
"locus296","locus314",1,1,NA,NA,0.52276,NA,1,NA,NA,0
"locus296","locus321",0.028114,0.785392,NA,1,1,NA,0.81669,0.620334,NA,1
"locus296","locus322",0.72126,0.639412,NA,NA,1,Inf,1,NA,NA,0
"locus296","locus323",0.945938,1,NA,NA,0.429486,Inf,0.761024,NA,NA,0
"locus296","locus329",0.188686,1,NA,NA,0.571062,NA,0.878862,NA,NA,0
"locus296","locus332",0.466368,0.107048,1,NA,0.42892,NA,0.429638,NA,NA,0
"locus296","locus349",0.092746,0.644106,NA,NA,1,NA,0.911196,NA,NA,0
"locus296","locus358",0.111646,1,NA,1,0.42805,Inf,0.58041,NA,NA,0
"locus296","locus359",0.433516,1,NA,NA,1,NA,0.802072,NA,NA,0
"locus296","locus360",1,0.287712,NA,NA,0.619886,NA,0.36579,NA,NA,0
"locus301","locus314",0.556944,1,NA,NA,1,NA,0.46004,NA,NA,0
"locus301","locus321",0.543848,0.42734,NA,1,0.770008,NA,1,1,NA,0
"locus301","locus322",0.19957,1,NA,NA,1,0.33405,0.300924,NA,NA,0
"locus301","locus323",0.965036,1,NA,NA,0.65707,Inf,0.03072,NA,NA,1
"locus301","locus329",0.124106,0.644286,NA,NA,0.82811,NA,0.215222,NA,NA,0
"locus301","locus332",0.638902,0.785956,Inf,NA,0.658564,NA,0.148928,NA,NA,0
"locus301","locus349",0.530014,0.643918,NA,NA,0.31521,NA,0.39422,NA,NA,0
"locus301","locus358",0.952212,1,NA,1,1,1,0.312694,NA,NA,0
"locus301","locus359",0.705816,1,NA,NA,0.572116,NA,0.28444,NA,NA,0
"locus301","locus360",0.50727,0.106258,NA,NA,0.122998,NA,0.238424,NA,NA,0
"locus314","locus321",0.294768,0.428906,NA,1,0.429872,NA,0.505974,1,NA,0
"locus314","locus322",0.6278,0.029474,NA,NA,0.333876,Inf,0.822164,NA,NA,1
"locus314","locus323",0.002166,1,NA,NA,0.143824,NA,0.85567,NA,NA,1
"locus314","locus329",0.254402,0.570552,NA,NA,1,NA,0.813394,NA,NA,0
"locus314","locus332",1,1,NA,NA,1,NA,0.349882,NA,NA,0
"locus314","locus349",0.11089,0.427684,NA,NA,1,NA,0.356022,NA,NA,0
"locus314","locus358",0.408456,0.655004,NA,Inf,1,Inf,0.332194,NA,NA,0
"locus314","locus359",1,1,NA,NA,0.286004,NA,0.690058,NA,NA,0
"locus314","locus360",0.871,0.094506,NA,NA,1,NA,0.813552,NA,NA,0
"locus321","locus322",0.901036,0.715066,NA,NA,0.431452,1,0.579064,NA,NA,0
"locus321","locus323",0.962304,1,NA,NA,0.142094,NA,0.555494,NA,NA,0
"locus321","locus329",0.1031,0.072618,NA,NA,0.487198,NA,0.861794,NA,NA,0
"locus321","locus332",0.46681,1,NA,NA,1,NA,0.736032,NA,NA,0
"locus321","locus349",0.264246,1,NA,NA,1,NA,0.066138,NA,NA,0
"locus321","locus358",0.888168,0.201058,NA,NA,0.65867,0.33387,0.736028,NA,NA,0
"locus321","locus359",0.600262,0.429408,NA,NA,0.568642,NA,0.103874,NA,NA,0
"locus321","locus360",0.190358,0.02395,NA,NA,1,NA,0.629176,NA,NA,1
"locus322","locus323",0.575206,1,NA,NA,0.430154,NA,0.300822,NA,NA,0
"locus322","locus329",0.51455,0.464246,NA,NA,0.657826,NA,0.376808,NA,NA,0
"locus322","locus332",0.618744,0.679562,NA,NA,0.656106,NA,0.28066,NA,NA,0
"locus322","locus349",0.065822,0.197058,NA,NA,1,NA,0.72774,NA,NA,0
"locus322","locus358",0.771098,1,NA,NA,1,1,0.270002,NA,NA,0
"locus322","locus359",0.738564,0.642544,NA,NA,1,NA,0.235012,NA,NA,0
"locus322","locus360",0.40779,0.46497,Inf,NA,0.772024,NA,0.344934,NA,NA,0
"locus323","locus329",0.852126,1,NA,NA,1,NA,0.153332,NA,NA,0
"locus323","locus332",0.700412,1,NA,NA,0.485118,NA,0.57506,NA,NA,0
"locus323","locus349",0.680228,0.464762,NA,NA,1,NA,0.219186,NA,NA,0
"locus323","locus358",0.14134,1,NA,NA,1,Inf,0.513362,NA,NA,0
"locus323","locus359",0.784516,0.465044,NA,NA,0.428392,NA,0.237176,NA,NA,0
"locus323","locus360",0.74889,1,NA,NA,0.256168,NA,0.000368,NA,NA,1
"locus329","locus332",0.084996,1,NA,NA,1,Inf,0.414198,NA,NA,0
"locus329","locus349",0.236084,1,NA,NA,1,NA,0.301568,NA,NA,0
"locus329","locus358",0.880404,0.428434,NA,NA,1,NA,0.318894,NA,NA,0
"locus329","locus359",0.212608,0.64344,NA,NA,1,NA,0.47074,NA,NA,0
"locus329","locus360",0.555016,0.035202,NA,NA,1,Inf,0.280344,NA,NA,1
"locus332","locus349",0.843586,0.679542,NA,NA,0.142294,NA,0.902902,NA,NA,0
"locus332","locus358",0.971842,0.485082,NA,NA,1,NA,0.653592,NA,NA,0
"locus332","locus359",0.859566,1,NA,NA,1,NA,0.575818,NA,NA,0
"locus332","locus360",0.403428,0.785326,NA,NA,0.256924,NA,0.611724,NA,NA,0
"locus349","locus358",0.952138,1,NA,NA,0.48569,NA,0.206614,NA,NA,0
"locus349","locus359",0.448548,0.46528,NA,NA,0.4294,NA,0.267828,NA,NA,0
"locus349","locus360",0.314652,0.639806,NA,NA,0.427056,NA,0.574852,NA,NA,0
"locus358","locus359",0.012308,1,NA,NA,0.430392,NA,0.911288,NA,NA,1
"locus358","locus360",0.116664,0.429038,NA,NA,0.430684,NA,0.458198,NA,NA,0
"locus359","locus360",0.84971,0.759966,NA,NA,1,NA,0.484484,NA,NA,0
