"Locus.1","Locus.2","p.val.Bird's Head-Summer","p.val.Bird's Head-Winter","p.val.HaevoSI-Summer","p.val.HaevoSI-Winter","p.val.IsabelSI-South","p.val.Malaysia","p.val.PNG","num.sig.p"
"Dc01018","Dc01661",0.509054,0.405204,Inf,1,0.696406,Inf,0.120716,0
"Dc01018","Dc01707",0.608642,0.92272,Inf,Inf,0.492914,Inf,0.487704,0
"Dc01018","Dc01784",0.060776,1,Inf,NA,0.205442,Inf,0.544798,0
"Dc01018","Dc02951",0.916638,1,Inf,NA,0.27644,Inf,0.546758,0
"Dc01018","Dc03456",0.812528,0.415356,Inf,NA,0.764332,Inf,1,0
"Dc01018","Dc03556",0.40635,0.324756,Inf,NA,0.85371,Inf,0.66094,0
"Dc01018","Dc06503",0.373862,0.177598,Inf,NA,1,NA,0.374852,0
"Dc01018","Dc07300",0.990624,0.218888,NA,NA,0.53913,Inf,0.357136,0
"Dc01018","Dc07937",0.060802,0.06611,NA,NA,0.430572,Inf,1,0
"Dc01018","Dc08054",0.86274,0.20407,NA,NA,0.463864,Inf,1,0
"Dc01018","Dc08189",0.923872,0.199988,NA,NA,0.361392,Inf,0.131892,0
"Dc01018","Dc08463",0.502724,0.754038,NA,NA,0.240752,Inf,1,0
"Dc01018","Dc08865",0.98074,0.50585,NA,NA,0.304116,Inf,0.29761,0
"Dc01018","Dc10003",0.23281,NA,NA,NA,0.704298,Inf,NA,0
"Dc01018","Dc10390",0.885384,0.3101,NA,NA,0.84167,Inf,1,0
"Dc01018","Dc10878",0.526958,0.952512,NA,NA,0.918778,NA,1,0
"Dc01018","Dc10885",0.112872,0.197766,NA,NA,0.974284,Inf,1,0
"Dc01018","Dc11203",0.652192,0.304146,NA,NA,1,Inf,1,0
"Dc01018","Dc11714",0.15559,0.670532,NA,NA,0.023094,Inf,0.20772,1
"Dc01018","Dc13159",0.369644,0.611628,NA,NA,0.868314,Inf,0.358174,0
"Dc01018","Dc13592",0.675584,0.765052,NA,NA,0.286148,Inf,0.118886,0
"Dc01018","Dc14022",0.00836,1,NA,NA,Inf,Inf,Inf,1
"Dc01018","Dc14945",0.44657,0.375178,NA,NA,0.543994,Inf,1,0
"Dc01018","Dc16747",0.33503,0.370292,NA,NA,0.064074,Inf,1,0
"Dc01018","Dc18951",0.755746,0.867958,NA,NA,0.807762,Inf,0.463552,0
"Dc01018","Dc20232",0.92024,0.119962,NA,NA,0.487994,Inf,1,0
"Dc01018","Dc22883",0.582806,0.396446,NA,NA,0.800218,NA,0.464394,0
"Dc01018","Dc22887",0.560928,0.884282,NA,NA,0.152704,Inf,0.491392,0
"Dc01018","Dc27955",0.30624,0.615774,NA,NA,0.537248,NA,0.475208,0
"Dc01018","Dc28124",0.391254,0.137006,NA,NA,0.260126,Inf,0.514298,0
"Dc01018","Dc28776",0.794022,0.58829,NA,NA,0.201102,Inf,1,0
"Dc01018","Dc30071",0.811216,0.253202,NA,NA,0.590224,Inf,1,0
"Dc01018","Dc31007",0.19276,NA,NA,NA,1,NA,0.642282,0
"Dc01018","Dc33714",0.992572,0.703912,NA,NA,0.213118,Inf,0.43023,0
"Dc01018","Dc33907",0.537162,0.451086,NA,NA,0.421648,Inf,0.744252,0
"Dc01018","Dc34902",0.764306,0.245348,NA,NA,0.503972,Inf,0.49062,0
"Dc01018","Dc35779",0.440122,0.520926,NA,NA,0.538046,Inf,0.548092,0
"Dc01018","Dc36571",0.867136,0.655878,Inf,NA,0.122454,Inf,0.50766,0
"Dc01018","Dc36616",0.793206,1,NA,NA,0.561664,Inf,0.272664,0
"Dc01018","Dc40235",0.953934,0.272268,NA,NA,0.56975,Inf,0.516126,0
"Dc01018","Dc41234",0.8999,0.239964,NA,NA,NA,NA,0.786638,0
"Dc01018","Dc46984",0.0042,0.149764,NA,NA,0.49975,Inf,0.555128,1
"Dc01018","Dc47572",0.152966,0.331914,NA,NA,0.07306,Inf,1,0
"Dc01018","Dc47935",0.938454,0.662422,NA,NA,0.660552,Inf,1,0
"Dc01018","Dc48207",0.276556,0.350648,NA,NA,Inf,Inf,1,0
"Dc01018","Dc48950",0.522182,0.32941,NA,NA,0.949924,Inf,1,0
"Dc01018","Dc49080",0.515206,0.453042,Inf,NA,0.00232,Inf,0.492614,1
"Dc01018","Dc49184",0.168954,0.135742,NA,NA,0.160354,Inf,1,0
"Dc01018","Dc51020",0.290606,0.535362,NA,NA,0.56787,Inf,1,0
"Dc01018","Dc52523",0.67564,0.109118,NA,NA,0.0972,Inf,0.709696,0
"Dc01018","Dc55481",0.276032,0.483724,NA,NA,0.699588,Inf,0.726152,0
"Dc01018","Dc58248",0.676466,0.051234,NA,1,0.819076,NA,0.322352,0
"Dc01018","Dc62188",0.247218,0.696956,NA,1,0.700258,NA,0.818352,0
"Dc01018","Dc67011",1,0.871404,Inf,Inf,0.879452,NA,1,0
"Dc01018","locus003",0.21611,0.584394,NA,1,0.566984,NA,0.461184,0
"Dc01018","locus004",0.861916,0.287894,NA,1,0.16422,NA,0.009942,1
"Dc01018","locus005",0.267962,1,Inf,1,0.81789,NA,0.187806,0
"Dc01018","locus006",0.91148,0.368438,NA,Inf,0.162068,NA,0.463954,0
"Dc01018","locus008",0.40788,0.529254,NA,1,1,NA,0.575918,0
"Dc01018","locus013",0.160458,0.845304,NA,1,0.294858,NA,0.341874,0
"Dc01018","locus014",0.528876,0.652156,NA,1,0.928286,NA,0.533132,0
"Dc01018","locus022",0.242266,0.23322,Inf,1,0.311874,NA,0.009048,1
"Dc01018","locus024",0.683774,0.169402,NA,Inf,0.770676,NA,0.17913,0
"Dc01018","locus025",0.19985,0.389264,NA,1,0.603738,NA,1,0
"Dc01018","locus027",0.727478,0.179548,NA,NA,NA,NA,NA,0
"Dc01018","locus030",0.331588,0.97388,NA,NA,0.67127,NA,0.0928,0
"Dc01018","locus035",0.412216,0.354376,Inf,NA,0.083792,NA,0.27098,0
"Dc01018","locus038",0.555006,0.435022,Inf,NA,1,NA,0.17961,0
"Dc01018","locus039",0.598628,0.047114,NA,NA,0.331964,NA,1,1
"Dc01018","locus040",0.65634,0.841988,NA,NA,0.391492,NA,1,0
"Dc01018","locus041",0.38627,0.125896,NA,NA,1,NA,0.2843,0
"Dc01018","locus045",0.904396,0.370052,NA,NA,0.428262,NA,0.6609,0
"Dc01018","locus047",0.085998,0.82283,NA,NA,0.712124,NA,1,0
"Dc01018","locus048",0.093666,0.661776,NA,NA,1,NA,0.272492,0
"Dc01018","locus053",0.83557,0.889348,NA,NA,0.388776,NA,0.145062,0
"Dc01018","locus055",0.120262,0.926092,NA,NA,0.910148,NA,0.29363,0
"Dc01018","locus056",0.78861,0.347476,Inf,0.502092,0.24244,NA,1,0
"Dc01018","locus058",0.075616,0.013398,Inf,1,0.27997,NA,0.393096,1
"Dc01018","locus060",0.432062,0.818596,NA,Inf,0.754226,NA,1,0
"Dc01018","locus061",1,NA,NA,NA,1,NA,1,0
"Dc01018","locus062",0.26471,0.147956,NA,1,0.014318,NA,1,1
"Dc01018","locus064",0.660844,0.200624,NA,1,0.904962,NA,Inf,0
"Dc01018","locus065",0.676682,0.217684,NA,1,0.485044,NA,1,0
"Dc01018","locus073",0.050028,0.804586,NA,1,0.56305,NA,0.69574,0
"Dc01018","locus074",1,0.019966,Inf,1,1,NA,0.697574,1
"Dc01018","locus076",0.899962,0.520796,NA,NA,0.328436,NA,0.33333,0
"Dc01018","locus077",0.384426,0.207452,NA,Inf,0.644562,NA,1,0
"Dc01018","locus080",0.101612,0.514004,NA,Inf,0.61509,NA,0.744812,0
"Dc01018","locus083",0.167374,NA,NA,NA,0.61813,NA,1,0
"Dc01018","locus088",0.39706,0.522584,NA,NA,0.768836,NA,0.030708,1
"Dc01018","locus093",1,Inf,Inf,NA,0.487232,NA,0.333552,0
"Dc01018","locus096",0.451534,0.120298,Inf,NA,0.87856,NA,0.57682,0
"Dc01018","locus098",0.067978,1,NA,NA,0.342902,NA,0.2137,0
"Dc01018","locus100",0.791768,0.582748,Inf,NA,0.201888,NA,1,0
"Dc01018","locus106",0.56606,0.710486,NA,NA,0.523904,NA,0.259056,0
"Dc01018","locus116",0.060134,0.23553,NA,NA,0.562412,NA,0.662226,0
"Dc01018","locus119",0.79539,0.769834,NA,NA,1,NA,1,0
"Dc01018","locus120",0.110022,0.876764,NA,NA,0.76181,NA,0.54709,0
"Dc01018","locus128",0.189952,0.43827,NA,NA,0.562612,NA,1,0
"Dc01018","locus129",0.010608,0.77,NA,0.334342,0.813252,NA,1,1
"Dc01018","locus130",0.68409,NA,NA,NA,1,NA,1,0
"Dc01018","locus134",0.108224,0.623676,NA,NA,0.057154,NA,0.271126,0
"Dc01018","locus135",0.923636,0.02494,NA,1,0.030238,NA,1,2
"Dc01018","locus137",0.587128,0.185318,NA,Inf,0.836628,NA,0.549924,0
"Dc01018","locus139",0.312182,0.271216,NA,Inf,0.101438,NA,1,0
"Dc01018","locus140",0.315876,0.270816,NA,Inf,0.10081,NA,1,0
"Dc01018","locus146",0.901126,0.237444,NA,0.331502,0.570302,NA,0.32205,0
"Dc01018","locus148",0.827668,0.851336,NA,0.499952,0.786542,NA,0.662022,0
"Dc01018","locus151",0.813262,NA,Inf,0.165872,1,NA,1,0
"Dc01018","locus157",0.565074,NA,NA,NA,1,NA,1,0
"Dc01018","locus161",0.35736,0.886872,NA,1,0.738294,NA,0.464116,0
"Dc01018","locus165",1,0.310754,NA,NA,0.618634,NA,1,0
"Dc01018","locus170",0.72035,0.114184,Inf,0.167134,0.872946,NA,0.719798,0
"Dc01018","locus176",0.26827,NA,NA,NA,0.663398,NA,0.181006,0
"Dc01018","locus184",0.83023,0.65469,Inf,1,0.881686,NA,1,0
"Dc01018","locus186",1,0.2031,NA,1,0.526988,NA,0.292984,0
"Dc01018","locus188",0.561772,0.83117,NA,Inf,0.38455,NA,0.210564,0
"Dc01018","locus189",0.971472,0.310636,NA,1,0.340204,Inf,0.416096,0
"Dc01018","locus190",0.365414,0.0308,NA,NA,0.068336,Inf,0.575472,1
"Dc01018","locus191",0.935726,NA,NA,NA,0.855,Inf,0.015096,1
"Dc01018","locus192",0.262624,0.568228,NA,NA,1,Inf,0.343368,0
"Dc01018","locus195",0.2731,0.500666,NA,NA,0.356126,Inf,1,0
"Dc01018","locus202",0.220462,0.584788,Inf,NA,0.037844,Inf,1,1
"Dc01018","locus215",0.462702,NA,NA,NA,1,Inf,0.546136,0
"Dc01018","locus227",0.342536,0.07796,Inf,NA,0.056642,Inf,0.514372,0
"Dc01018","locus231",1,0.544672,Inf,NA,0.496762,NA,0.716428,0
"Dc01018","locus235",1,0.776116,NA,NA,0.079144,Inf,1,0
"Dc01018","locus236",0.206248,0.257498,NA,NA,0.743522,Inf,1,0
"Dc01018","locus237",0.82202,0.06141,NA,NA,0.17761,Inf,0.180304,0
"Dc01018","locus239",1,0.748966,NA,NA,0.81186,Inf,0.309838,0
"Dc01018","locus248",0.27652,0.629834,NA,NA,0.025078,Inf,0.065712,1
"Dc01018","locus256",0.511772,0.044502,NA,NA,0.231462,Inf,1,1
"Dc01018","locus263",0.633794,0.368834,NA,NA,0.611218,NA,Inf,0
"Dc01018","locus264",0.920694,0.808006,NA,NA,0.760348,NA,0.252982,0
"Dc01018","locus274",0.564176,0.32491,NA,NA,0.535796,NA,0.660206,0
"Dc01018","locus280",1,0.117146,NA,NA,0.096056,NA,0.616386,0
"Dc01018","locus282",0.488574,0.163878,NA,NA,0.317206,NA,0.54811,0
"Dc01018","locus286",1,1,NA,NA,0.486222,NA,1,0
"Dc01018","locus291",0.359996,0.373598,NA,NA,0.313544,NA,0.575276,0
"Dc01018","locus292",0.15106,0.905934,NA,NA,0.71682,NA,0.271654,0
"Dc01018","locus296",0.462942,0.142548,NA,NA,1,NA,0.744822,0
"Dc01018","locus301",0.371984,0.91934,NA,NA,0.865942,NA,1,0
"Dc01018","locus314",0.090174,0.21553,NA,NA,0.499268,NA,1,0
"Dc01018","locus321",0.115672,0.928252,NA,NA,0.504134,NA,1,0
"Dc01018","locus322",0.96549,0.594526,NA,NA,0.648808,NA,0.697474,0
"Dc01018","locus323",0.713196,0.660222,NA,NA,0.517916,NA,1,0
"Dc01018","locus329",0.622026,0.84792,NA,NA,0.208044,NA,0.658986,0
"Dc01018","locus332",0.136874,0.71009,NA,NA,0.106312,NA,0.57637,0
"Dc01018","locus358",0.862422,0.771056,NA,NA,1,NA,1,0
"Dc01018","locus359",1,0.219682,NA,NA,0.213032,NA,Inf,0
"Dc01018","locus360",0.446982,0.201738,NA,NA,1,NA,0.089894,0
"Dc01661","Dc01707",0.721446,0.312628,0.333134,NA,0.556338,0.707214,0.139686,0
"Dc01661","Dc01784",0.80117,0.947168,1,NA,0.087556,1,0.011482,1
"Dc01661","Dc02951",0.962968,0.411066,1,NA,0.729538,1,0.049416,1
"Dc01661","Dc03456",0.804492,0.2556,1,NA,0.628938,0.334504,0.127524,0
"Dc01661","Dc03556",0.673504,0.548824,1,NA,0.711462,1,0.894256,0
"Dc01661","Dc06503",0.151636,0.197122,Inf,NA,0.442838,NA,1,0
"Dc01661","Dc07300",0.653758,0.70981,NA,NA,0.450944,1,0.981482,0
"Dc01661","Dc07937",0.936686,0.945664,NA,NA,0.278484,0.811344,0.115762,0
"Dc01661","Dc08054",0.968314,0.030294,NA,NA,0.60855,0.289804,0.536092,1
"Dc01661","Dc08189",0.817328,0.613016,NA,NA,0.13153,0.597764,0.333416,0
"Dc01661","Dc08463",0.118402,0.442276,NA,NA,0.121128,1,0.644016,0
"Dc01661","Dc08865",0.164958,0.619282,NA,NA,0.473516,0.713132,0.358,0
"Dc01661","Dc10003",0.221852,NA,NA,NA,0.339732,Inf,NA,0
"Dc01661","Dc10390",0.770426,0.190806,NA,NA,0.82982,Inf,0.94053,0
"Dc01661","Dc10878",0.14241,0.343708,NA,NA,0.027246,NA,1,1
"Dc01661","Dc10885",0.666038,0.634856,NA,NA,0.518058,1,0.969394,0
"Dc01661","Dc11203",0.550326,0.659814,NA,NA,0.615746,0.28583,0.85506,0
"Dc01661","Dc11714",0.201444,0.377864,NA,NA,0.092316,1,0.65213,0
"Dc01661","Dc13159",0.182704,0.884734,NA,NA,0.364274,1,0.978242,0
"Dc01661","Dc13592",0.262718,0.681818,NA,NA,0.046872,0.33377,0.468518,1
"Dc01661","Dc14022",0.498136,0.649344,NA,NA,Inf,1,Inf,0
"Dc01661","Dc14945",0.868818,0.365532,NA,NA,0.7042,Inf,1,0
"Dc01661","Dc16747",0.126704,0.479562,NA,NA,0.838472,Inf,0.323808,0
"Dc01661","Dc18951",0.54422,0.631382,NA,NA,0.181044,1,0.844306,0
"Dc01661","Dc20232",0.266302,0.347308,NA,NA,0.952466,1,1,0
"Dc01661","Dc22883",0.059794,0.875982,NA,NA,0.901254,NA,1,0
"Dc01661","Dc22887",0.725272,0.408948,NA,NA,0.801672,0.143406,0.303704,0
"Dc01661","Dc27955",0.115104,0.34891,NA,NA,0.158126,NA,0.855084,0
"Dc01661","Dc28124",0.75313,0.706444,NA,NA,0.787972,Inf,0.571456,0
"Dc01661","Dc28776",0.803274,0.147026,NA,NA,0.214726,1,1,0
"Dc01661","Dc30071",0.190938,0.085582,NA,NA,0.381586,0.140894,0.0915,0
"Dc01661","Dc31007",0.237174,NA,NA,NA,0.472096,NA,1,0
"Dc01661","Dc33714",0.263606,0.183,NA,NA,0.84777,1,0.668676,0
"Dc01661","Dc33907",0.054874,0.306432,NA,NA,0.413522,1,0.652924,0
"Dc01661","Dc34902",0.46222,0.72461,NA,NA,0.270698,Inf,0.647018,0
"Dc01661","Dc35779",0.827268,0.533368,NA,NA,0.533196,0.332088,0.443872,0
"Dc01661","Dc36571",0.825192,0.111646,1,NA,0.11837,0.599486,0.892088,0
"Dc01661","Dc36616",0.912028,0.874232,NA,NA,0.08107,0.046592,0.514556,1
"Dc01661","Dc40235",0.465996,0.246542,NA,NA,0.620476,1,0.374848,0
"Dc01661","Dc41234",0.542558,0.109278,NA,NA,NA,NA,0.811468,0
"Dc01661","Dc46984",0.262364,0.46297,NA,NA,0.726318,0.807538,0.42727,0
"Dc01661","Dc47572",0.663646,0.002672,NA,NA,0.583604,1,1,1
"Dc01661","Dc47935",0.578826,0.179154,NA,NA,0.054242,0.710084,0.893748,0
"Dc01661","Dc48207",0.701136,0.23486,NA,NA,0.516348,1,1,0
"Dc01661","Dc48950",0.57237,0.363862,NA,NA,0.503176,0.713492,0.751416,0
"Dc01661","Dc49080",0.928492,0.633308,1,NA,0.468046,0.524404,0.05,0
"Dc01661","Dc49184",0.069728,0.322582,NA,NA,0.241164,1,0.440378,0
"Dc01661","Dc51020",0.820548,0.833022,NA,NA,0.313434,0.144722,0.800888,0
"Dc01661","Dc52523",0.980962,0.617032,NA,NA,0.796418,1,0.32713,0
"Dc01661","Dc55481",0.154512,0.37934,NA,NA,0.761344,1,0.1433,0
"Dc01661","Dc58248",0.86663,0.724994,NA,0.598522,0.228598,NA,0.668848,0
"Dc01661","Dc62188",0.575126,0.51919,NA,1,0.020832,NA,0.252162,1
"Dc01661","Dc67011",0.485862,0.385876,0.332664,1,0.849536,NA,0.697928,0
"Dc01661","locus003",0.018396,0.48599,NA,0.258526,0.161764,NA,0.165772,1
"Dc01661","locus004",0.069988,0.18626,NA,1,0.646778,NA,0.25291,0
"Dc01661","locus005",0.10758,0.3974,1,1,0.154884,NA,0.426456,0
"Dc01661","locus006",0.589786,0.917342,NA,1,0.3205,NA,0.307106,0
"Dc01661","locus008",0.050146,0.06761,NA,0.426078,0.093738,NA,0.833562,0
"Dc01661","locus013",0.785428,0.391318,NA,0.767732,0.704864,NA,0.784894,0
"Dc01661","locus014",0.680808,0.865198,NA,1,0.097566,NA,0.834056,0
"Dc01661","locus022",0.889934,0.84775,1,1,0.42231,NA,0.468332,0
"Dc01661","locus024",0.220718,0.971628,NA,1,0.082826,NA,0.34075,0
"Dc01661","locus025",0.944426,0.69431,NA,0.467594,0.429352,NA,0.949042,0
"Dc01661","locus027",0.761182,0.37062,NA,NA,NA,NA,NA,0
"Dc01661","locus030",0.584972,0.553434,NA,NA,0.475556,NA,0.37664,0
"Dc01661","locus035",0.508034,0.326178,0.333996,NA,0.15273,NA,0.354836,0
"Dc01661","locus038",0.513556,0.779336,1,NA,0.767146,NA,0.501336,0
"Dc01661","locus039",1,0.356524,NA,NA,0.120134,NA,0.552106,0
"Dc01661","locus040",0.135238,0.011512,NA,NA,0.989724,NA,1,1
"Dc01661","locus041",0.958268,0.442366,NA,NA,0.782882,NA,1,0
"Dc01661","locus045",0.80577,0.115294,NA,NA,0.190642,NA,0.716156,0
"Dc01661","locus047",0.425198,0.892474,NA,NA,0.3764,NA,0.944632,0
"Dc01661","locus048",0.633534,0.117048,NA,NA,1,NA,1,0
"Dc01661","locus053",0.092414,0.142902,NA,NA,0.137488,NA,0.583774,0
"Dc01661","locus055",0.024054,0.225524,NA,NA,0.099596,NA,0.699442,1
"Dc01661","locus056",0.68495,0.937762,1,1,0.094604,NA,0.976228,0
"Dc01661","locus058",0.64965,0.755004,1,0.542286,0.303802,NA,0.11485,0
"Dc01661","locus060",0.107824,0.152376,NA,1,0.167688,NA,0.928056,0
"Dc01661","locus061",0.481938,NA,NA,NA,0.47837,NA,0.615404,0
"Dc01661","locus062",0.914922,0.777654,NA,1,0.024632,NA,0.98424,1
"Dc01661","locus064",0.871854,0.064472,NA,1,0.359508,NA,0.289474,0
"Dc01661","locus065",0.298164,0.304162,NA,0.14357,0.650018,NA,0.457338,0
"Dc01661","locus073",0.230628,0.29609,NA,1,0.926736,NA,0.912634,0
"Dc01661","locus074",0.229304,0.246174,1,0.427816,0.334476,NA,1,0
"Dc01661","locus076",0.084608,0.991618,NA,NA,0.562472,NA,0.002032,1
"Dc01661","locus077",0.406764,0.002078,NA,Inf,0.782842,NA,1,1
"Dc01661","locus080",0.792848,0.634318,NA,NA,0.614332,NA,0.77181,0
"Dc01661","locus083",0.782638,NA,NA,NA,0.427874,NA,0.595508,0
"Dc01661","locus088",0.781848,0.922866,NA,NA,0.629734,NA,0.253824,0
"Dc01661","locus093",0.487972,Inf,Inf,NA,0.70465,NA,1,0
"Dc01661","locus096",0.941674,0.164656,1,NA,0.856842,NA,0.720308,0
"Dc01661","locus098",0.334824,0.484996,NA,NA,0.16489,NA,0.897178,0
"Dc01661","locus100",0.725714,0.817812,1,NA,0.317282,NA,0.197388,0
"Dc01661","locus106",0.827224,0.789868,NA,NA,0.480262,NA,0.318634,0
"Dc01661","locus116",0.436806,0.388868,NA,NA,0.822764,NA,0.955884,0
"Dc01661","locus119",0.981666,0.391926,NA,NA,0.19125,NA,0.145342,0
"Dc01661","locus120",0.780862,0.732488,NA,NA,0.772258,NA,0.760194,0
"Dc01661","locus128",0.157142,0.678988,NA,NA,0.711416,NA,1,0
"Dc01661","locus129",0.56354,0.621848,NA,0.59943,0.80203,NA,1,0
"Dc01661","locus130",0.22833,NA,NA,NA,0.186782,NA,0.708562,0
"Dc01661","locus134",0.301594,0.602574,NA,NA,0.206774,NA,0.912666,0
"Dc01661","locus135",0.93872,0.847348,NA,0.142398,0.418306,NA,0.359898,0
"Dc01661","locus137",0.319786,0.329236,NA,1,0.429614,NA,0.39981,0
"Dc01661","locus139",0.922838,0.89797,NA,1,0.43264,NA,0.485238,0
"Dc01661","locus140",0.924076,0.898376,NA,1,0.436638,NA,0.486928,0
"Dc01661","locus146",0.906032,0.599492,NA,0.600996,0.803252,NA,0.052916,0
"Dc01661","locus148",0.92439,0.425526,NA,1,0.622636,NA,1,0
"Dc01661","locus151",0.242288,NA,1,1,0.013908,NA,0.465284,1
"Dc01661","locus157",0.87597,NA,NA,NA,0.485742,NA,1,0
"Dc01661","locus161",0.558106,0.407334,NA,0.430094,0.08101,NA,0.133444,0
"Dc01661","locus165",0.9676,0.647628,NA,NA,0.461284,NA,0.286,0
"Dc01661","locus170",0.881154,0.635278,1,1,0.65329,NA,0.009632,1
"Dc01661","locus176",0.04867,NA,NA,NA,0.198248,NA,0.185708,1
"Dc01661","locus184",0.23544,0.637156,1,1,0.69065,NA,0.179672,0
"Dc01661","locus186",0.77859,0.075738,NA,1,0.667928,NA,0.252938,0
"Dc01661","locus188",0.342208,0.716732,NA,NA,0.972216,NA,0.406356,0
"Dc01661","locus189",0.581606,0.476678,NA,0.067374,0.334746,1,0.916664,0
"Dc01661","locus190",0.495738,0.664552,NA,NA,0.699834,0.048092,0.814742,1
"Dc01661","locus191",0.227076,NA,NA,NA,0.376768,1,0.646074,0
"Dc01661","locus192",0.477726,0.823036,NA,NA,0.355226,0.520508,0.479454,0
"Dc01661","locus195",0.104022,0.677804,NA,NA,0.779936,1,0.927794,0
"Dc01661","locus202",0.654544,0.118052,1,NA,0.58744,1,0.155964,0
"Dc01661","locus215",0.709782,NA,NA,NA,0.58765,0.71639,0.226126,0
"Dc01661","locus227",0.830618,0.565752,Inf,NA,0.22615,1,1,0
"Dc01661","locus231",0.501276,0.37678,Inf,NA,0.648442,NA,0.790566,0
"Dc01661","locus235",0.069498,0.748138,NA,NA,0.325568,Inf,0.748446,0
"Dc01661","locus236",0.450842,0.538716,NA,NA,0.76755,1,0.658094,0
"Dc01661","locus237",0.225952,0.37509,NA,NA,0.025028,1,0.438682,1
"Dc01661","locus239",0.702114,0.8337,NA,NA,0.898626,1,0.253274,0
"Dc01661","locus248",0.128578,0.776146,NA,NA,0.09899,1,0.443296,0
"Dc01661","locus256",0.700656,0.297358,NA,NA,0.614616,1,0.942506,0
"Dc01661","locus263",0.531842,0.40602,NA,NA,0.091114,NA,0.199748,0
"Dc01661","locus264",0.231852,0.3179,NA,NA,0.146164,NA,1,0
"Dc01661","locus274",0.268006,0.345826,NA,NA,0.849888,NA,0.726694,0
"Dc01661","locus280",0.31401,0.93668,NA,NA,0.7842,NA,0.16841,0
"Dc01661","locus282",0.638522,0.332654,NA,NA,0.757674,NA,0.424132,0
"Dc01661","locus286",0.721684,0.453168,NA,NA,0.42422,NA,0.312858,0
"Dc01661","locus291",0.806704,0.097464,NA,NA,0.203696,NA,0.915218,0
"Dc01661","locus292",0.614876,0.519642,NA,NA,0.760452,NA,1,0
"Dc01661","locus296",0.881418,0.342522,NA,NA,0.948862,NA,0.438602,0
"Dc01661","locus301",0.004066,0.888314,NA,NA,0.88071,NA,1,1
"Dc01661","locus314",0.410122,0.818288,NA,NA,1,NA,0.814746,0
"Dc01661","locus321",0.914132,0.688872,NA,NA,0.394324,NA,0.376568,0
"Dc01661","locus322",0.10351,0.674748,NA,NA,0.517468,NA,0.382026,0
"Dc01661","locus323",0.102574,0.649148,NA,NA,0.48466,NA,0.625346,0
"Dc01661","locus329",0.39457,0.030908,NA,NA,0.509098,NA,0.3665,1
"Dc01661","locus332",0.9214,0.146752,NA,NA,0.840256,NA,0.832852,0
"Dc01661","locus358",0.362454,0.530916,NA,NA,0.60183,NA,0.858554,0
"Dc01661","locus359",0.308732,0.759114,NA,NA,0.242924,NA,1,0
"Dc01661","locus360",0.66169,0.696532,NA,NA,0.862704,NA,1,0
"Dc01707","Dc01784",0.167046,0.187294,0.501458,NA,0.122704,0.488,0.120274,0
"Dc01707","Dc02951",0.19006,0.30105,1,NA,0.978996,0.432634,0.376118,0
"Dc01707","Dc03456",0.899512,0.48681,1,NA,0.528218,0.540618,0.444678,0
"Dc01707","Dc03556",0.307868,0.03428,1,NA,0.424736,1,1,1
"Dc01707","Dc06503",0.707584,0.623764,NA,NA,0.266168,NA,0.624064,0
"Dc01707","Dc07300",0.504304,0.24287,NA,NA,0.039572,0.831408,0.925666,1
"Dc01707","Dc07937",0.264514,0.74168,NA,NA,0.74109,1,0.871702,0
"Dc01707","Dc08054",0.111874,0.967152,NA,NA,0.252178,1,0.225512,0
"Dc01707","Dc08189",0.636072,0.791338,NA,NA,0.833504,0.599422,0.143812,0
"Dc01707","Dc08463",0.870576,0.224914,NA,NA,0.376024,1,0.416688,0
"Dc01707","Dc08865",0.079564,0.691134,NA,NA,0.239232,1,0.97831,0
"Dc01707","Dc10003",0.779232,NA,NA,NA,0.092268,Inf,NA,0
"Dc01707","Dc10390",0.556618,0.83092,NA,NA,0.657318,Inf,0.926764,0
"Dc01707","Dc10878",0.319074,0.525728,NA,NA,0.599796,NA,0.904716,0
"Dc01707","Dc10885",0.181312,0.94298,NA,NA,0.554822,0.377202,0.860016,0
"Dc01707","Dc11203",0.997792,0.650068,NA,NA,0.30909,1,0.619898,0
"Dc01707","Dc11714",0.291178,0.222892,NA,NA,0.747566,1,0.449012,0
"Dc01707","Dc13159",0.44577,0.580048,NA,NA,0.057308,0.59903,0.356758,0
"Dc01707","Dc13592",0.225258,0.01975,NA,NA,0.798802,1,0.015102,2
"Dc01707","Dc14022",0.119938,0.406832,NA,NA,Inf,1,Inf,0
"Dc01707","Dc14945",0.758494,0.357276,NA,NA,0.177366,Inf,1,0
"Dc01707","Dc16747",0.347158,0.874752,NA,NA,0.141876,Inf,0.546724,0
"Dc01707","Dc18951",0.380104,0.09056,NA,NA,0.616896,1,0.70689,0
"Dc01707","Dc20232",0.432782,0.189466,NA,NA,0.252168,0.829684,0.926096,0
"Dc01707","Dc22883",0.99561,0.12072,NA,NA,0.806298,NA,0.009184,1
"Dc01707","Dc22887",0.51334,0.79116,NA,NA,0.8112,1,1,0
"Dc01707","Dc27955",0.18487,0.692012,NA,NA,0.15473,NA,0.926428,0
"Dc01707","Dc28124",0.882096,0.295786,NA,NA,0.38889,Inf,1,0
"Dc01707","Dc28776",0.90659,0.500484,NA,NA,0.251808,0.484426,1,0
"Dc01707","Dc30071",0.114008,0.996166,NA,NA,0.079196,1,0.339908,0
"Dc01707","Dc31007",0.513626,NA,NA,NA,0.206428,NA,0.88968,0
"Dc01707","Dc33714",0.081956,0.307986,NA,NA,0.982644,0.431058,0.027522,1
"Dc01707","Dc33907",0.617148,0.436364,NA,NA,0.936102,0.69993,0.566486,0
"Dc01707","Dc34902",0.257958,0.910874,NA,NA,0.498348,Inf,0.929226,0
"Dc01707","Dc35779",0.568768,0.002854,NA,NA,0.205446,0.33433,0.457884,1
"Dc01707","Dc36571",0.957088,0.556534,1,NA,0.511506,1,0.712874,0
"Dc01707","Dc36616",0.525506,0.084312,NA,NA,0.218282,0.714584,0.924102,0
"Dc01707","Dc40235",0.534486,0.268328,NA,NA,0.545202,0.483716,0.923486,0
"Dc01707","Dc41234",0.795206,0.612472,NA,NA,NA,NA,1,0
"Dc01707","Dc46984",0.474418,0.145898,NA,NA,0.841886,0.55469,0.796368,0
"Dc01707","Dc47572",0.939696,0.21288,NA,NA,0.979614,1,1,0
"Dc01707","Dc47935",0.136372,0.947026,NA,NA,0.958514,0.540996,0.58453,0
"Dc01707","Dc48207",0.099052,1,NA,NA,0.711488,0.430958,0.497398,0
"Dc01707","Dc48950",0.857132,0.313658,NA,NA,0.181168,0.365932,0.81932,0
"Dc01707","Dc49080",0.29642,0.453808,1,NA,0.00818,0.71778,0.054132,1
"Dc01707","Dc49184",0.798398,0.54834,NA,NA,0.260876,1,1,0
"Dc01707","Dc51020",0.238406,0.614042,NA,NA,0.932046,0.370956,0.416284,0
"Dc01707","Dc52523",0.096848,0.612194,NA,NA,0.661746,1,0.299304,0
"Dc01707","Dc55481",0.777614,0.998388,NA,NA,0.698694,Inf,0.596676,0
"Dc01707","Dc58248",0.481,0.798972,NA,1,0.419936,NA,1,0
"Dc01707","Dc62188",0.921138,0.416116,NA,1,0.957352,NA,1,0
"Dc01707","Dc67011",0.497362,0.130338,0.332192,1,0.683702,NA,0.92463,0
"Dc01707","locus003",0.976544,0.928842,NA,0.595556,0.863174,NA,0.934246,0
"Dc01707","locus004",0.66811,0.001404,NA,0.202288,0.701304,NA,0.6246,1
"Dc01707","locus005",0.84659,0.135982,0.501744,0.142236,0.891436,NA,0.922968,0
"Dc01707","locus006",0.213044,0.42324,NA,1,0.966484,NA,1,0
"Dc01707","locus008",0.623102,0.095726,NA,0.429638,0.624054,NA,0.498912,0
"Dc01707","locus013",0.245638,0.71344,NA,1,0.342114,NA,0.058456,0
"Dc01707","locus014",0.110704,0.467044,NA,0.772052,0.965032,NA,0.99666,0
"Dc01707","locus022",0.928638,0.54085,1,0.543728,0.922896,NA,0.640316,0
"Dc01707","locus024",0.041598,0.704748,NA,1,0.766976,NA,0.98479,1
"Dc01707","locus025",0.739226,0.679464,NA,0.068066,0.225008,NA,0.980676,0
"Dc01707","locus027",0.473652,0.862372,Inf,NA,NA,NA,NA,0
"Dc01707","locus030",0.372186,0.935894,NA,NA,0.188344,NA,0.8611,0
"Dc01707","locus035",0.226022,0.257352,0.333518,NA,0.564564,NA,0.925924,0
"Dc01707","locus038",0.197698,0.074536,1,NA,0.627136,NA,0.89034,0
"Dc01707","locus039",0.530386,0.190576,NA,NA,0.189058,NA,0.108336,0
"Dc01707","locus040",0.944386,0.209958,NA,NA,0.404114,NA,1,0
"Dc01707","locus041",0.786202,0.584266,NA,NA,0.480846,NA,0.338256,0
"Dc01707","locus045",0.802804,0.726218,NA,NA,0.009374,NA,0.38659,1
"Dc01707","locus047",0.23348,0.819648,NA,NA,0.097162,NA,0.958574,0
"Dc01707","locus048",0.140976,0.128482,NA,NA,0.533874,NA,0.92327,0
"Dc01707","locus053",0.078384,0.221462,NA,NA,0.372216,NA,0.778124,0
"Dc01707","locus055",0.638666,0.79138,NA,NA,0.459276,NA,1,0
"Dc01707","locus056",0.860708,0.80054,0.496438,1,0.393226,NA,1,0
"Dc01707","locus058",0.923448,0.716734,1,1,0.371012,NA,0.13824,0
"Dc01707","locus060",0.897806,0.34504,NA,1,0.00017,NA,0.619384,1
"Dc01707","locus061",0.180458,NA,Inf,NA,0.24837,NA,1,0
"Dc01707","locus062",0.473078,0.806902,NA,0.42809,0.527622,NA,0.636836,0
"Dc01707","locus064",0.196056,0.274362,NA,0.142,0.66142,NA,0.70364,0
"Dc01707","locus065",0.61921,0.906764,NA,0.427732,0.428986,NA,1,0
"Dc01707","locus073",0.921458,0.153758,NA,0.461782,0.147282,NA,0.338458,0
"Dc01707","locus074",0.387774,0.772412,1,0.428992,0.127768,NA,1,0
"Dc01707","locus076",0.916958,0.217976,NA,NA,0.079098,NA,0.03395,1
"Dc01707","locus077",0.818212,0.195702,NA,Inf,0.49304,NA,0.927374,0
"Dc01707","locus080",0.602094,0.39583,NA,NA,0.39107,NA,0.945136,0
"Dc01707","locus083",0.065566,NA,NA,NA,0.023888,NA,0.31577,1
"Dc01707","locus088",0.616218,0.589714,NA,NA,0.560218,NA,0.309082,0
"Dc01707","locus093",1,Inf,Inf,NA,0.39565,NA,0.66158,0
"Dc01707","locus096",0.209898,0.468636,0.499506,NA,0.006486,NA,0.138382,1
"Dc01707","locus098",0.783766,0.148044,NA,NA,0.434428,NA,0.973412,0
"Dc01707","locus100",0.718934,0.167996,1,NA,0.468464,NA,0.932576,0
"Dc01707","locus106",0.572118,0.457942,NA,NA,0.132992,NA,0.320804,0
"Dc01707","locus116",0.603672,0.073408,NA,NA,0.385218,NA,0.957322,0
"Dc01707","locus119",0.071858,0.45012,NA,NA,0.129584,NA,0.241678,0
"Dc01707","locus120",0.690116,0.542478,NA,NA,0.197236,NA,0.21751,0
"Dc01707","locus128",0.021838,0.05324,NA,NA,0.235774,NA,0.711894,1
"Dc01707","locus129",0.355402,0.123298,NA,0.254104,0.391716,NA,0.88072,0
"Dc01707","locus130",0.204346,NA,NA,NA,0.845192,NA,0.41134,0
"Dc01707","locus134",0.970864,0.767686,Inf,NA,0.32338,NA,0.786664,0
"Dc01707","locus135",0.840106,0.875864,NA,1,0.920394,NA,0.991888,0
"Dc01707","locus137",0.97478,0.670492,NA,1,0.208248,NA,0.610456,0
"Dc01707","locus139",0.284754,0.516198,NA,1,0.29911,NA,1,0
"Dc01707","locus140",0.295258,0.5163,NA,1,0.289664,NA,1,0
"Dc01707","locus146",0.15196,0.459168,NA,0.40088,0.779478,NA,0.60949,0
"Dc01707","locus148",0.87181,0.38573,NA,1,0.692746,NA,1,0
"Dc01707","locus151",0.077962,NA,1,1,0.942364,NA,0.812814,0
"Dc01707","locus157",0.340554,NA,NA,NA,0.04393,NA,0.71643,1
"Dc01707","locus161",0.430704,0.078716,NA,1,0.036978,NA,0.274394,1
"Dc01707","locus165",0.34545,0.946122,NA,NA,0.652554,NA,0.78327,0
"Dc01707","locus170",0.36879,0.105726,1,0.544164,0.108728,NA,0.056864,0
"Dc01707","locus176",0.547688,NA,NA,NA,0.843626,NA,0.594342,0
"Dc01707","locus184",0.272714,0.622558,0.499842,0.142014,0.670868,NA,0.589744,0
"Dc01707","locus186",0.346772,0.957998,NA,0.330396,0.15637,NA,0.084626,0
"Dc01707","locus188",0.513102,0.635428,NA,NA,0.043606,NA,0.421414,1
"Dc01707","locus189",0.524246,0.217108,NA,0.466876,0.134212,1,0.815068,0
"Dc01707","locus190",0.338996,0.494298,NA,NA,0.762044,0.712912,0.137326,0
"Dc01707","locus191",0.686832,NA,NA,NA,0.407226,1,0.37189,0
"Dc01707","locus192",0.55872,0.496434,NA,NA,0.998268,0.715512,0.27917,0
"Dc01707","locus195",0.070026,0.525286,NA,NA,0.150558,0.486452,0.780662,0
"Dc01707","locus202",0.099076,0.632868,1,NA,0.270202,1,0.174958,0
"Dc01707","locus215",0.026792,NA,NA,NA,0.793236,0.537482,0.010608,2
"Dc01707","locus227",0.125804,0.03094,Inf,NA,0.79082,1,0.702488,1
"Dc01707","locus231",0.247898,0.714514,NA,NA,0.457594,NA,0.223552,0
"Dc01707","locus235",0.840448,0.03599,NA,NA,0.84767,Inf,0.89671,1
"Dc01707","locus236",0.831732,0.918264,NA,NA,0.12877,1,1,0
"Dc01707","locus237",0.898932,0.605182,NA,NA,0.146028,0.711988,0.71482,0
"Dc01707","locus239",0.639586,0.325332,NA,NA,0.450274,0.314638,0.631938,0
"Dc01707","locus248",0.839702,0.273254,NA,NA,0.86669,0.486924,0.137286,0
"Dc01707","locus256",0.618486,0.256506,NA,NA,0.844772,1,0.228166,0
"Dc01707","locus263",0.77303,0.451178,NA,NA,0.69165,NA,1,0
"Dc01707","locus264",0.41843,0.969294,NA,NA,0.186288,NA,1,0
"Dc01707","locus274",0.198266,0.191006,NA,NA,0.225258,NA,0.807778,0
"Dc01707","locus280",0.901668,0.156242,NA,NA,0.356326,NA,0.058962,0
"Dc01707","locus282",0.177168,0.931506,NA,NA,0.390426,NA,0.781528,0
"Dc01707","locus286",0.348946,0.562206,NA,NA,0.928152,NA,0.40341,0
"Dc01707","locus291",0.378602,0.198642,NA,NA,0.01517,NA,0.454532,1
"Dc01707","locus292",0.345978,0.784622,NA,NA,0.209116,NA,0.789454,0
"Dc01707","locus296",0.201774,0.656198,NA,NA,0.222744,NA,0.940366,0
"Dc01707","locus301",0.59425,0.9721,NA,NA,0.712944,NA,0.384664,0
"Dc01707","locus314",0.281934,0.416506,NA,NA,0.693946,NA,1,0
"Dc01707","locus321",0.322146,0.440248,NA,NA,0.395326,NA,0.987266,0
"Dc01707","locus322",0.301664,0.22962,NA,NA,0.423042,NA,1,0
"Dc01707","locus323",0.880846,0.046286,NA,NA,0.890554,NA,0.426374,1
"Dc01707","locus329",0.036068,0.242848,NA,NA,0.55815,NA,0.388208,1
"Dc01707","locus332",0.841372,0.270886,NA,NA,0.055078,NA,1,0
"Dc01707","locus358",0.674974,0.806346,NA,NA,0.04724,NA,1,1
"Dc01707","locus359",0.511106,0.400254,NA,NA,0.513772,NA,Inf,0
"Dc01707","locus360",0.649412,0.289024,NA,NA,0.762186,NA,0.839186,0
"Dc01784","Dc02951",0.29814,1,1,NA,0.604168,0.428554,0.050726,0
"Dc01784","Dc03456",0.081868,0.330576,1,NA,0.633696,0.657786,0.59186,0
"Dc01784","Dc03556",0.828544,0.6864,1,NA,0.82952,0.485512,0.33957,0
"Dc01784","Dc06503",0.450408,0.484306,NA,NA,1,NA,0.374296,0
"Dc01784","Dc07300",0.273446,0.439964,NA,NA,0.380648,0.083538,1,0
"Dc01784","Dc07937",0.573266,0.159212,NA,NA,0.823066,1,0.56668,0
"Dc01784","Dc08054",0.249706,0.679248,NA,NA,0.078804,1,0.071376,0
"Dc01784","Dc08189",0.540062,0.280808,NA,NA,0.209934,0.400564,0.177892,0
"Dc01784","Dc08463",0.241074,0.890048,NA,NA,0.58344,1,0.755538,0
"Dc01784","Dc08865",0.893828,0.736064,NA,NA,0.454118,1,1,0
"Dc01784","Dc10003",0.435024,NA,NA,NA,0.703004,Inf,NA,0
"Dc01784","Dc10390",0.732252,0.057224,NA,NA,0.497848,Inf,1,0
"Dc01784","Dc10878",0.353772,0.223274,NA,NA,0.435874,NA,1,0
"Dc01784","Dc10885",0.277702,0.369978,NA,NA,0.770384,0.48421,1,0
"Dc01784","Dc11203",0.73831,0.050934,NA,NA,0.358914,0.6566,1,0
"Dc01784","Dc11714",0.660324,0.967846,NA,NA,0.039124,1,0.338728,1
"Dc01784","Dc13159",0.68192,0.575886,NA,NA,0.199264,0.598684,1,0
"Dc01784","Dc13592",0.948038,0.490682,NA,NA,0.475206,1,1,0
"Dc01784","Dc14022",0.564716,0.155074,NA,NA,Inf,1,Inf,0
"Dc01784","Dc14945",0.398266,0.855672,NA,NA,0.133968,Inf,0.461438,0
"Dc01784","Dc16747",1,0.646034,NA,NA,0.461374,Inf,1,0
"Dc01784","Dc18951",0.709336,0.814458,NA,NA,0.153862,0.658178,0.495142,0
"Dc01784","Dc20232",0.772112,1,NA,NA,0.89915,1,0.705998,0
"Dc01784","Dc22883",0.51174,0.79645,NA,NA,0.74667,NA,0.715788,0
"Dc01784","Dc22887",0.060884,0.293916,NA,NA,0.075712,1,1,0
"Dc01784","Dc27955",0.763364,0.891906,NA,1,0.080838,NA,1,0
"Dc01784","Dc28124",1,0.004078,NA,NA,0.906444,Inf,0.560428,1
"Dc01784","Dc28776",0.829434,0.185664,NA,NA,0.438012,1,0.269806,0
"Dc01784","Dc30071",0.601454,0.125692,NA,NA,0.893076,1,0.558284,0
"Dc01784","Dc31007",0.628944,NA,NA,NA,0.787272,NA,0.64242,0
"Dc01784","Dc33714",0.962108,0.316216,NA,NA,0.897992,0.428474,0.1543,0
"Dc01784","Dc33907",0.919498,1,NA,NA,0.858656,0.200296,0.631092,0
"Dc01784","Dc34902",0.416544,0.83147,NA,NA,0.439048,Inf,1,0
"Dc01784","Dc35779",0.0276,0.45895,NA,NA,0.911094,0.335026,1,1
"Dc01784","Dc36571",0.278276,0.721268,1,NA,0.81669,1,0.611636,0
"Dc01784","Dc36616",0.95931,0.060198,NA,NA,0.608628,1,0.559088,0
"Dc01784","Dc40235",0.521178,0.214354,NA,NA,0.870498,1,0.559544,0
"Dc01784","Dc41234",0.447026,0.245646,NA,NA,NA,NA,1,0
"Dc01784","Dc46984",0.292076,0.260102,NA,NA,0.40849,0.202268,0.618202,0
"Dc01784","Dc47572",0.870986,0.402134,NA,NA,0.713624,1,1,0
"Dc01784","Dc47935",0.637914,0.001866,NA,NA,0.90162,0.255598,0.707428,1
"Dc01784","Dc48207",0.10536,0.317706,NA,NA,1,0.427132,1,0
"Dc01784","Dc48950",0.827184,0.87107,NA,NA,0.716566,1,0.475906,0
"Dc01784","Dc49080",0.281826,0.971172,1,NA,0.126858,0.428358,0.592256,0
"Dc01784","Dc49184",0.625102,0.659358,NA,NA,0.158484,1,1,0
"Dc01784","Dc51020",1,0.962948,NA,NA,0.983602,0.254814,0.753234,0
"Dc01784","Dc52523",0.486048,0.72732,NA,NA,0.209064,1,0.054506,0
"Dc01784","Dc55481",0.288822,0.642538,NA,0.250204,0.32521,0.250518,0.35094,0
"Dc01784","Dc58248",0.311386,0.327622,NA,1,0.47076,NA,0.40429,0
"Dc01784","Dc62188",0.181656,0.38701,Inf,1,0.333002,NA,1,0
"Dc01784","Dc67011",0.038862,0.351838,1,1,0.64755,NA,1,1
"Dc01784","locus003",0.890578,0.673772,NA,1,0.049298,NA,1,1
"Dc01784","locus004",0.555556,0.563026,NA,0.619488,0.161276,NA,0.558214,0
"Dc01784","locus005",0.562218,0.433932,1,0.52473,0.525628,NA,1,0
"Dc01784","locus006",0.55362,0.80998,NA,1,0.299352,NA,1,0
"Dc01784","locus008",0.377248,0.708684,NA,1,0.320672,NA,0.102096,0
"Dc01784","locus013",0.095868,0.39759,NA,1,0.496228,NA,0.28651,0
"Dc01784","locus014",0.603344,0.731888,NA,1,0.788146,NA,0.339256,0
"Dc01784","locus022",0.130398,0.400092,0.499878,0.42913,0.686998,NA,0.204462,0
"Dc01784","locus024",0.754988,0.54049,NA,1,0.09574,NA,0.755732,0
"Dc01784","locus025",0.515442,0.891338,NA,1,0.49748,NA,0.789946,0
"Dc01784","locus027",0.756408,0.226496,NA,NA,NA,NA,NA,0
"Dc01784","locus030",0.116742,0.991044,NA,NA,0.553376,NA,1,0
"Dc01784","locus035",0.146588,0.16101,1,NA,0.200148,NA,1,0
"Dc01784","locus038",0.010304,0.094256,1,NA,0.954734,NA,1,1
"Dc01784","locus039",0.91195,0.953932,NA,NA,0.393372,NA,0.461828,0
"Dc01784","locus040",0.277742,0.086738,NA,NA,0.736414,NA,1,0
"Dc01784","locus041",0.147876,0.143088,NA,NA,0.24368,NA,1,0
"Dc01784","locus045",0.439574,0.206354,NA,NA,0.071582,NA,1,0
"Dc01784","locus047",0.36845,0.94181,NA,NA,0.055846,NA,1,0
"Dc01784","locus048",0.219354,0.388786,NA,NA,1,NA,1,0
"Dc01784","locus053",0.978956,0.932274,NA,NA,0.778832,NA,0.875752,0
"Dc01784","locus055",0.87912,0.749936,NA,NA,0.061586,NA,0.163544,0
"Dc01784","locus056",0.274854,0.467488,1,0.28594,0.140972,NA,1,0
"Dc01784","locus058",0.18121,0.30419,1,0.427242,0.94053,NA,1,0
"Dc01784","locus060",0.750422,0.889672,NA,1,0.737866,NA,1,0
"Dc01784","locus061",0.39989,NA,NA,NA,0.16525,NA,1,0
"Dc01784","locus062",0.11837,0.159308,NA,1,0.161506,NA,1,0
"Dc01784","locus064",0.881726,0.07827,NA,1,0.109964,NA,0.462732,0
"Dc01784","locus065",0.283076,0.188202,NA,0.524526,0.90603,NA,0.461526,0
"Dc01784","locus073",0.363908,0.17669,NA,0.49982,0.295502,NA,1,0
"Dc01784","locus074",1,0.742436,1,1,0.383832,NA,0.767606,0
"Dc01784","locus076",0.6375,0.377074,NA,NA,0.73591,NA,0.152994,0
"Dc01784","locus077",0.830156,0.603046,NA,Inf,1,NA,1,0
"Dc01784","locus080",0.042074,0.13642,NA,NA,0.935902,NA,1,1
"Dc01784","locus083",0.937018,NA,NA,NA,0.071324,NA,1,0
"Dc01784","locus088",0.235176,0.76925,NA,NA,0.154876,NA,0.046262,1
"Dc01784","locus093",1,Inf,Inf,NA,1,NA,0.443642,0
"Dc01784","locus096",0.53713,0.88441,0.249064,NA,0.551916,NA,0.102976,0
"Dc01784","locus098",0.728454,0.285456,NA,NA,0.737514,NA,0.567058,0
"Dc01784","locus100",0.177712,0.179404,1,NA,0.719482,NA,0.212536,0
"Dc01784","locus106",0.476076,0.86768,NA,NA,0.355986,NA,0.706688,0
"Dc01784","locus116",0.462666,0.811582,NA,NA,0.719682,NA,0.755882,0
"Dc01784","locus119",0.716128,0.909038,NA,NA,0.589568,NA,1,0
"Dc01784","locus120",0.6804,0.4844,NA,NA,0.627804,NA,0.558678,0
"Dc01784","locus128",0.121962,0.281178,NA,0.248158,0.967404,NA,1,0
"Dc01784","locus129",0.67865,0.337672,NA,0.570508,0.05389,NA,1,0
"Dc01784","locus130",0.467572,NA,NA,NA,0.060194,NA,1,0
"Dc01784","locus134",0.803362,0.57906,NA,NA,0.822156,NA,1,0
"Dc01784","locus135",0.806034,0.036144,NA,1,0.369728,NA,0.47229,1
"Dc01784","locus137",0.539312,0.36149,NA,1,0.763284,NA,0.037182,1
"Dc01784","locus139",1,0.012452,NA,0.524102,0.953844,NA,1,1
"Dc01784","locus140",1,0.012276,NA,0.523612,0.95299,NA,1,1
"Dc01784","locus146",0.105482,0.694856,NA,0.401854,0.288448,NA,0.755218,0
"Dc01784","locus148",0.624318,0.26737,NA,0.523878,0.75041,NA,1,0
"Dc01784","locus151",0.245026,NA,Inf,0.599246,0.057134,NA,1,0
"Dc01784","locus157",0.26403,NA,NA,NA,0.614718,NA,1,0
"Dc01784","locus161",0.497694,0.550958,NA,1,0.55623,NA,1,0
"Dc01784","locus165",0.422334,0.380662,NA,NA,0.458296,NA,0.021316,1
"Dc01784","locus170",0.06173,0.105736,1,0.429744,0.89628,NA,0.162898,0
"Dc01784","locus176",0.03333,NA,NA,NA,0.433012,NA,0.558174,1
"Dc01784","locus184",0.347112,0.069384,0.24991,1,0.467414,NA,0.410418,0
"Dc01784","locus186",0.006404,0.142964,NA,1,0.49289,NA,1,1
"Dc01784","locus188",0.028294,0.681212,NA,NA,0.139682,NA,1,1
"Dc01784","locus189",0.903392,0.79035,NA,1,0.040366,1,0.511822,1
"Dc01784","locus190",0.0652,0.484642,NA,NA,0.869544,1,0.10208,0
"Dc01784","locus191",0.975694,NA,NA,NA,0.64051,0.655576,1,0
"Dc01784","locus192",0.77955,0.80149,NA,NA,0.763872,0.42958,0.041512,1
"Dc01784","locus195",0.940706,0.771354,NA,NA,0.870832,1,0.279574,0
"Dc01784","locus202",0.77633,0.96965,1,NA,0.400752,0.142916,0.32335,0
"Dc01784","locus215",0.681704,NA,NA,NA,0.151706,1,1,0
"Dc01784","locus227",0.952356,1,Inf,NA,0.10158,1,1,0
"Dc01784","locus231",0.249938,0.956142,NA,NA,0.833076,NA,0.19077,0
"Dc01784","locus235",0.135584,0.179166,NA,NA,0.090206,Inf,1,0
"Dc01784","locus236",0.601338,0.751794,NA,NA,0.864882,0.485468,0.102992,0
"Dc01784","locus237",0.203658,0.213544,NA,NA,0.358642,0.42835,0.095024,0
"Dc01784","locus239",0.544448,0.466226,NA,NA,0.448954,0.656502,0.754066,0
"Dc01784","locus248",0.016144,0.693202,NA,NA,0.395178,0.143112,1,1
"Dc01784","locus256",0.002476,0.329466,NA,NA,1,0.399372,0.282862,1
"Dc01784","locus263",0.640684,0.461704,NA,NA,0.416688,NA,1,0
"Dc01784","locus264",0.905704,0.57192,NA,NA,0.419914,NA,0.79023,0
"Dc01784","locus274",0.801008,0.840238,NA,NA,0.218058,NA,0.069494,0
"Dc01784","locus280",1,0.378396,NA,NA,0.306888,NA,0.080186,0
"Dc01784","locus282",0.31207,0.157718,NA,NA,0.661452,NA,0.558956,0
"Dc01784","locus286",0.023964,1,NA,NA,0.4631,NA,0.069714,1
"Dc01784","locus291",0.426086,0.673672,NA,NA,0.024326,NA,0.511028,1
"Dc01784","locus292",0.700936,0.383178,NA,NA,0.235022,NA,0.558324,0
"Dc01784","locus296",0.773724,0.515662,NA,NA,0.252938,NA,0.436962,0
"Dc01784","locus301",0.940876,0.781086,Inf,NA,0.82447,NA,1,0
"Dc01784","locus314",0.882086,0.372674,NA,NA,0.144552,NA,1,0
"Dc01784","locus321",0.80525,0.90161,NA,NA,0.214784,NA,0.240892,0
"Dc01784","locus322",0.376976,0.126314,NA,NA,0.481064,NA,1,0
"Dc01784","locus323",0.376818,0.778548,NA,NA,0.827938,NA,0.20668,0
"Dc01784","locus329",0.401198,0.846952,NA,NA,0.62271,NA,0.436746,0
"Dc01784","locus332",0.500126,0.151664,NA,NA,0.661626,NA,1,0
"Dc01784","locus358",0.556146,0.5986,NA,NA,0.697752,NA,1,0
"Dc01784","locus359",0.31904,0.178916,NA,NA,0.064382,NA,Inf,0
"Dc01784","locus360",0.188892,0.451114,NA,NA,0.64981,NA,0.78926,0
"Dc02951","Dc03456",0.065592,0.975042,0.332752,NA,0.292672,1,0.144722,0
"Dc02951","Dc03556",0.28754,0.438376,1,NA,0.933116,1,0.482764,0
"Dc02951","Dc06503",0.565904,0.672632,NA,NA,0.417628,NA,1,0
"Dc02951","Dc07300",0.92747,0.700638,NA,NA,0.203244,1,0.632486,0
"Dc02951","Dc07937",0.61977,0.16384,NA,NA,0.15139,1,1,0
"Dc02951","Dc08054",0.040518,0.661008,NA,NA,0.112456,1,0.62844,1
"Dc02951","Dc08189",0.112652,0.844776,NA,NA,0.718618,1,1,0
"Dc02951","Dc08463",0.006304,0.471616,NA,NA,0.10834,1,0.90607,1
"Dc02951","Dc08865",0.935428,0.534278,NA,NA,0.24234,1,0.015336,1
"Dc02951","Dc10003",0.676452,NA,NA,NA,0.628824,Inf,NA,0
"Dc02951","Dc10390",1,0.100928,NA,NA,0.651362,Inf,1,0
"Dc02951","Dc10878",0.792562,0.00678,NA,NA,0.098182,NA,1,1
"Dc02951","Dc10885",0.340818,0.2638,NA,NA,0.53224,0.425628,1,0
"Dc02951","Dc11203",0.070254,0.830476,NA,NA,0.22332,1,1,0
"Dc02951","Dc11714",0.202642,0.148834,NA,NA,0.12402,1,0.84181,0
"Dc02951","Dc13159",0.814964,0.06699,NA,NA,0.374236,0.200676,0.339276,0
"Dc02951","Dc13592",0.568356,0.10416,NA,NA,0.270974,1,1,0
"Dc02951","Dc14022",0.868592,1,NA,NA,Inf,1,Inf,0
"Dc02951","Dc14945",0.761376,0.351298,NA,NA,0.0573,Inf,0.533588,0
"Dc02951","Dc16747",0.017988,0.783716,NA,NA,0.713278,Inf,1,1
"Dc02951","Dc18951",0.260462,0.314388,NA,NA,0.506152,1,0.745412,0
"Dc02951","Dc20232",0.91319,0.41786,NA,NA,0.756616,1,0.769184,0
"Dc02951","Dc22883",0.246014,0.22958,NA,NA,0.662834,NA,0.523838,0
"Dc02951","Dc22887",1,0.334256,NA,NA,0.72404,1,0.112168,0
"Dc02951","Dc27955",0.176694,0.489524,NA,1,0.116586,NA,1,0
"Dc02951","Dc28124",0.753086,0.21007,NA,NA,1,Inf,0.213278,0
"Dc02951","Dc28776",0.753456,0.585018,NA,NA,0.839726,0.4294,1,0
"Dc02951","Dc30071",0.390718,0.2073,NA,NA,0.75988,1,1,0
"Dc02951","Dc31007",0.701606,NA,NA,NA,0.040388,NA,1,1
"Dc02951","Dc33714",0.588324,0.979688,Inf,NA,0.739618,0.14202,1,0
"Dc02951","Dc33907",0.400994,0.4899,NA,NA,0.07582,0.16693,0.247638,0
"Dc02951","Dc34902",0.22229,0.1644,NA,NA,0.692778,Inf,1,0
"Dc02951","Dc35779",0.912646,0.542922,NA,NA,0.379082,Inf,0.17143,0
"Dc02951","Dc36571",0.696382,0.69696,1,NA,0.820914,1,0.492304,0
"Dc02951","Dc36616",1,0.145778,NA,NA,0.738744,1,0.654628,0
"Dc02951","Dc40235",0.629016,0.27137,NA,NA,0.496206,0.427878,1,0
"Dc02951","Dc41234",0.815232,0.679612,NA,NA,NA,NA,0.572836,0
"Dc02951","Dc46984",0.7653,0.865426,NA,NA,0.59895,1,0.162004,0
"Dc02951","Dc47572",0.927038,0.149544,NA,NA,0.010446,1,1,1
"Dc02951","Dc47935",0.440274,0.35482,NA,NA,0.990164,1,1,0
"Dc02951","Dc48207",0.217708,0.177444,NA,NA,0.23726,0.142408,1,0
"Dc02951","Dc48950",0.874442,0.05857,NA,NA,0.060332,0.43044,0.940724,0
"Dc02951","Dc49080",0.428836,0.185268,0.332368,NA,0.39476,1,0.36203,0
"Dc02951","Dc49184",0.386432,1,NA,NA,0.224374,1,1,0
"Dc02951","Dc51020",0.70695,0.909806,NA,NA,0.137752,0.427078,0.84799,0
"Dc02951","Dc52523",0.748678,0.719806,NA,NA,0.177276,1,0.410542,0
"Dc02951","Dc55481",0.110034,0.497872,NA,0.249084,1,Inf,0.148522,0
"Dc02951","Dc58248",0.086556,0.17397,NA,0.570226,0.059054,NA,0.97778,0
"Dc02951","Dc62188",0.68502,0.876044,NA,1,0.696348,NA,0.227082,0
"Dc02951","Dc67011",0.872578,0.72203,1,0.282368,0.156368,NA,0.122246,0
"Dc02951","locus003",0.914266,0.674888,NA,1,0.220778,NA,0.538732,0
"Dc02951","locus004",0.15883,0.208234,NA,0.708766,0.78221,NA,0.650414,0
"Dc02951","locus005",0.027962,0.65388,1,0.52445,1,NA,1,1
"Dc02951","locus006",0.900094,0.683698,NA,0.289438,0.283668,NA,0.252934,0
"Dc02951","locus008",0.075018,0.323092,NA,1,0.64291,NA,0.78268,0
"Dc02951","locus013",0.08186,0.098964,NA,1,0.911414,NA,0.570282,0
"Dc02951","locus014",0.191798,0.554238,NA,0.715316,0.98982,NA,0.007744,1
"Dc02951","locus022",0.279148,0.938562,1,1,0.007558,NA,0.291064,1
"Dc02951","locus024",0.641376,0.24931,NA,0.401118,0.312766,NA,0.255472,0
"Dc02951","locus025",0.963442,0.193146,NA,1,0.571446,NA,0.413664,0
"Dc02951","locus027",0.91038,0.795464,NA,NA,NA,NA,NA,0
"Dc02951","locus030",0.468958,0.01364,NA,NA,0.251472,NA,1,1
"Dc02951","locus035",0.666796,0.196054,1,NA,0.342756,NA,0.815042,0
"Dc02951","locus038",0.37661,0.21126,0.334538,NA,0.644092,NA,0.427584,0
"Dc02951","locus039",0.33442,0.906466,NA,NA,0.613264,NA,0.467636,0
"Dc02951","locus040",0.258438,0.744848,NA,NA,0.27381,NA,0.454168,0
"Dc02951","locus041",0.442752,0.458692,NA,NA,0.892204,NA,0.744462,0
"Dc02951","locus045",0.752112,0.5754,NA,NA,0.020224,NA,0.409644,1
"Dc02951","locus047",0.045838,0.239046,NA,NA,0.627064,NA,0.70856,1
"Dc02951","locus048",0.681138,0.708548,NA,NA,1,NA,0.539718,0
"Dc02951","locus053",0.80276,0.540992,NA,NA,0.878726,NA,0.722286,0
"Dc02951","locus055",0.55333,0.72325,NA,NA,0.144272,NA,0.105292,0
"Dc02951","locus056",1,0.383602,1,0.286454,0.628654,NA,0.173066,0
"Dc02951","locus058",0.650998,0.495008,0.333728,1,0.913116,NA,0.20275,0
"Dc02951","locus060",0.885,0.750874,NA,1,1,NA,0.2522,0
"Dc02951","locus061",0.708042,NA,NA,NA,0.882196,NA,1,0
"Dc02951","locus062",0.261582,0.265752,NA,1,0.51271,NA,1,0
"Dc02951","locus064",0.56247,0.79229,NA,1,0.259356,NA,0.598128,0
"Dc02951","locus065",0.729086,0.490542,NA,0.520764,0.674084,NA,0.466618,0
"Dc02951","locus073",0.450734,0.883696,NA,1,0.92716,NA,0.652324,0
"Dc02951","locus074",0.40576,0.059508,0.334094,1,0.900898,NA,0.556648,0
"Dc02951","locus076",0.826494,0.13741,NA,NA,0.191456,NA,0.01709,1
"Dc02951","locus077",0.428834,0.354406,NA,Inf,0.553096,NA,0.309342,0
"Dc02951","locus080",0.61045,0.714972,NA,NA,0.75785,NA,0.7705,0
"Dc02951","locus083",0.056194,NA,NA,NA,0.51024,NA,0.59334,0
"Dc02951","locus088",0.531116,0.03461,NA,NA,0.375844,NA,0.653826,1
"Dc02951","locus093",0.680064,Inf,Inf,NA,1,NA,0.444118,0
"Dc02951","locus096",0.645926,0.848892,1,NA,0.869544,NA,0.38257,0
"Dc02951","locus098",0.916858,0.257292,NA,NA,0.820928,NA,0.242046,0
"Dc02951","locus100",0.649876,0.130932,0.333912,NA,0.706054,NA,0.65297,0
"Dc02951","locus106",0.126668,0.175102,NA,NA,0.444208,NA,0.768684,0
"Dc02951","locus116",0.426372,1,NA,NA,0.321842,NA,0.76835,0
"Dc02951","locus119",0.084702,0.327988,NA,NA,0.763792,NA,1,0
"Dc02951","locus120",0.350048,0.647306,NA,NA,0.905958,NA,0.429832,0
"Dc02951","locus128",0.335174,0.953954,NA,0.250766,0.553412,NA,1,0
"Dc02951","locus129",0.885384,0.006014,NA,1,0.80116,NA,0.806666,1
"Dc02951","locus130",0.25059,NA,NA,NA,0.13792,NA,0.266766,0
"Dc02951","locus134",0.259114,0.011368,NA,NA,0.017432,NA,1,2
"Dc02951","locus135",0.866744,0.76123,NA,0.522382,0.960532,NA,0.662596,0
"Dc02951","locus137",0.870706,0.916388,NA,0.28721,0.706248,NA,0.738818,0
"Dc02951","locus139",0.424618,0.76914,NA,0.523988,0.659994,NA,0.52014,0
"Dc02951","locus140",0.430312,0.77154,NA,0.52204,0.649612,NA,0.522256,0
"Dc02951","locus146",0.450108,0.135754,NA,1,0.438088,NA,0.642012,0
"Dc02951","locus148",0.23024,0.130126,NA,0.522858,0.695582,NA,0.247774,0
"Dc02951","locus151",0.657504,NA,1,1,0.704418,NA,0.21486,0
"Dc02951","locus157",0.490274,NA,NA,NA,0.546666,NA,1,0
"Dc02951","locus161",0.4086,0.381262,NA,1,0.273758,NA,0.107046,0
"Dc02951","locus165",0.024528,0.161724,NA,NA,0.364102,NA,0.020982,2
"Dc02951","locus170",0.737004,0.644704,1,0.09443,0.487392,NA,1,0
"Dc02951","locus176",0.059556,NA,NA,NA,0.495206,NA,0.709798,0
"Dc02951","locus184",0.05242,0.350178,1,1,0.472652,NA,1,0
"Dc02951","locus186",0.468184,0.658704,NA,1,0.760744,NA,0.077746,0
"Dc02951","locus188",0.793576,0.797486,NA,NA,0.490478,NA,1,0
"Dc02951","locus189",0.962256,0.376322,NA,0.501154,0.69906,1,0.85042,0
"Dc02951","locus190",0.600174,0.257164,NA,NA,0.673378,1,0.278924,0
"Dc02951","locus191",0.091126,NA,NA,NA,0.884926,0.572442,0.025074,1
"Dc02951","locus192",0.290892,0.30172,NA,NA,0.485638,1,0.361084,0
"Dc02951","locus195",0.268242,0.17534,NA,NA,0.476378,1,1,0
"Dc02951","locus202",0.010468,0.939448,1,NA,0.37282,1,1,1
"Dc02951","locus215",0.405702,NA,NA,NA,0.358936,1,0.400872,0
"Dc02951","locus227",0.561118,0.839596,Inf,NA,0.796368,1,1,0
"Dc02951","locus231",0.958244,0.186664,NA,NA,0.273636,NA,1,0
"Dc02951","locus235",0.161826,0.247046,NA,NA,0.051382,Inf,0.784678,0
"Dc02951","locus236",0.056766,0.601516,NA,NA,0.380274,0.427888,0.781314,0
"Dc02951","locus237",0.42843,0.43411,NA,NA,0.91619,1,0.022286,1
"Dc02951","locus239",1,0.506918,NA,NA,0.029754,1,0.367666,1
"Dc02951","locus248",0.963766,0.716032,NA,NA,0.8394,1,0.621704,0
"Dc02951","locus256",0.02436,0.478128,NA,NA,0.00402,Inf,0.821918,2
"Dc02951","locus263",1,0.365878,NA,NA,1,NA,1,0
"Dc02951","locus264",0.013016,0.19897,NA,NA,0.484656,NA,0.66957,1
"Dc02951","locus274",0.525948,0.037054,NA,NA,0.601684,NA,0.019208,2
"Dc02951","locus280",0.861216,0.960432,NA,NA,1,NA,0.838698,0
"Dc02951","locus282",0.92868,0.068662,NA,NA,0.736668,NA,0.279382,0
"Dc02951","locus286",0.66829,0.027128,NA,NA,0.032514,NA,0.072186,2
"Dc02951","locus291",0.175956,0.969984,NA,NA,0.963872,NA,0.515516,0
"Dc02951","locus292",0.767414,0.19501,NA,NA,0.23647,NA,1,0
"Dc02951","locus296",0.663672,0.247498,NA,NA,1,NA,0.77635,0
"Dc02951","locus301",0.532248,0.684522,Inf,NA,0.665392,NA,0.615328,0
"Dc02951","locus314",0.760906,0.51941,NA,NA,0.724498,NA,1,0
"Dc02951","locus321",0.116206,0.105864,NA,NA,0.083358,NA,0.16746,0
"Dc02951","locus322",0.750204,1,NA,NA,0.117854,NA,0.557652,0
"Dc02951","locus323",0.700058,0.951598,NA,NA,0.54254,NA,0.516764,0
"Dc02951","locus329",0.843802,0.37797,NA,NA,0.37893,NA,0.284734,0
"Dc02951","locus332",0.983918,0.139054,NA,NA,0.553624,NA,1,0
"Dc02951","locus358",0.86034,0.931226,NA,NA,0.206006,NA,1,0
"Dc02951","locus359",0.166432,0.67377,NA,NA,0.298162,NA,0.133042,0
"Dc02951","locus360",0.542806,0.810176,NA,NA,0.033056,NA,0.90847,1
"Dc03456","Dc03556",1,0.78691,1,NA,0.681354,0.657214,1,0
"Dc03456","Dc06503",0.795766,0.095182,NA,NA,0.268804,NA,0.37584,0
"Dc03456","Dc07300",0.757686,0.098666,NA,NA,0.039542,1,1,1
"Dc03456","Dc07937",0.461608,0.340712,NA,NA,0.798014,0.580352,0.243926,0
"Dc03456","Dc08054",0.598994,0.84369,NA,NA,0.814194,1,0.484338,0
"Dc03456","Dc08189",0.116852,0.33986,NA,NA,0.980492,0.196408,1,0
"Dc03456","Dc08463",0.042618,0.157862,NA,NA,0.330972,1,0.780672,1
"Dc03456","Dc08865",0.523264,0.005792,NA,NA,0.508894,1,0.1916,1
"Dc03456","Dc10003",0.800588,NA,NA,NA,0.472772,Inf,NA,0
"Dc03456","Dc10390",0.064826,0.974984,NA,NA,0.211942,Inf,0.076632,0
"Dc03456","Dc10878",0.895316,0.974972,NA,NA,0.85725,NA,1,0
"Dc03456","Dc10885",0.81875,0.123492,NA,NA,0.583564,1,0.37311,0
"Dc03456","Dc11203",0.031864,0.50067,NA,NA,0.71911,0.426728,0.569006,1
"Dc03456","Dc11714",0.733792,0.914026,NA,NA,0.114582,0.199468,1,0
"Dc03456","Dc13159",0.91522,0.92595,NA,NA,0.462118,0.601202,0.65117,0
"Dc03456","Dc13592",0.277592,0.973402,NA,NA,0.363654,1,0.548464,0
"Dc03456","Dc14022",0.232264,0.266764,NA,NA,Inf,1,Inf,0
"Dc03456","Dc14945",0.211312,0.907038,NA,NA,0.057366,Inf,1,0
"Dc03456","Dc16747",0.774762,0.217506,NA,NA,0.4873,Inf,0.02059,1
"Dc03456","Dc18951",0.057052,0.764924,NA,NA,0.051694,0.125524,0.412892,0
"Dc03456","Dc20232",0.636872,0.533702,NA,NA,0.059486,1,1,0
"Dc03456","Dc22883",0.08427,0.400972,NA,NA,0.35273,NA,0.379168,0
"Dc03456","Dc22887",0.041686,0.335662,NA,NA,0.12571,0.657398,0.184144,1
"Dc03456","Dc27955",0.230438,0.880238,NA,0.249544,0.207276,NA,0.060692,0
"Dc03456","Dc28124",0.594842,0.274712,NA,NA,0.387198,Inf,1,0
"Dc03456","Dc28776",0.983832,0.382646,NA,NA,0.968028,0.257136,1,0
"Dc03456","Dc30071",0.170456,0.967936,NA,NA,0.644582,0.771622,1,0
"Dc03456","Dc31007",0.218012,NA,NA,NA,0.52058,NA,1,0
"Dc03456","Dc33714",0.483834,0.117674,NA,NA,0.470646,1,0.767298,0
"Dc03456","Dc33907",0.138128,0.201342,NA,NA,0.04899,1,1,1
"Dc03456","Dc34902",0.594046,0.789232,NA,NA,0.924962,Inf,1,0
"Dc03456","Dc35779",0.403556,0.049176,NA,NA,0.92224,0.165468,0.266494,1
"Dc03456","Dc36571",0.454846,0.95363,1,NA,0.872238,0.59717,0.240148,0
"Dc03456","Dc36616",0.97249,0.957046,NA,NA,0.755914,0.332904,1,0
"Dc03456","Dc40235",0.047294,0.650742,NA,NA,0.009848,0.256978,1,2
"Dc03456","Dc41234",0.871922,0.117288,NA,NA,NA,NA,1,0
"Dc03456","Dc46984",0.361098,0.841932,NA,NA,0.33052,1,1,0
"Dc03456","Dc47572",0.763582,0.982388,NA,NA,0.364856,0.710092,1,0
"Dc03456","Dc47935",0.669842,0.406132,NA,NA,0.135096,0.77189,0.284522,0
"Dc03456","Dc48207",1,1,NA,NA,0.349582,1,0.416944,0
"Dc03456","Dc48950",0.685628,0.423298,NA,NA,0.765082,1,1,0
"Dc03456","Dc49080",0.787264,0.15257,0.333814,NA,0.65658,0.619154,0.06395,0
"Dc03456","Dc49184",0.756022,0.878122,NA,NA,0.533174,0.43167,0.568242,0
"Dc03456","Dc51020",0.975042,0.827708,NA,NA,0.442786,0.77188,0.505008,0
"Dc03456","Dc52523",0.71365,0.054612,NA,NA,0.258268,0.76853,1,0
"Dc03456","Dc55481",0.02599,0.986476,NA,1,0.745392,1,0.567844,1
"Dc03456","Dc58248",0.450416,0.755518,NA,0.057472,0.168968,NA,0.832704,0
"Dc03456","Dc62188",0.691306,0.882762,NA,0.427162,0.479554,NA,0.49173,0
"Dc03456","Dc67011",0.248138,0.762338,1,0.429738,0.101718,NA,0.56851,0
"Dc03456","locus003",0.79468,0.773462,NA,1,0.696058,NA,1,0
"Dc03456","locus004",0.18096,0.354638,NA,1,0.342386,NA,1,0
"Dc03456","locus005",0.593182,0.29662,1,1,0.642174,NA,0.062216,0
"Dc03456","locus006",0.269942,0.293902,NA,0.42759,0.833816,NA,0.41217,0
"Dc03456","locus008",0.049998,0.114318,NA,1,0.09668,NA,0.619042,1
"Dc03456","locus013",0.326776,0.936958,NA,0.255954,0.64938,NA,1,0
"Dc03456","locus014",0.895794,0.000518,NA,0.257082,0.879042,NA,0.804954,1
"Dc03456","locus022",0.071768,0.779128,1,0.31607,0.26596,NA,0.627874,0
"Dc03456","locus024",0.716892,0.805506,NA,1,0.4369,NA,0.057954,0
"Dc03456","locus025",0.490708,0.466882,NA,0.59705,0.155848,NA,0.803594,0
"Dc03456","locus027",0.091362,0.604856,NA,NA,NA,NA,NA,0
"Dc03456","locus030",0.556516,0.841728,NA,NA,0.353646,NA,0.509152,0
"Dc03456","locus035",0.511856,0.490872,1,NA,0.523492,NA,0.569808,0
"Dc03456","locus038",0.84265,0.984962,0.334238,NA,0.340402,NA,0.562388,0
"Dc03456","locus039",0.299302,0.857316,NA,NA,0.220382,NA,1,0
"Dc03456","locus040",1,0.93899,NA,NA,0.400086,NA,1,0
"Dc03456","locus041",0.677714,0.339178,NA,NA,0.548586,NA,0.300234,0
"Dc03456","locus045",0.622444,0.074154,NA,NA,0.74857,NA,1,0
"Dc03456","locus047",0.055238,0.67112,NA,NA,0.823398,NA,0.020398,1
"Dc03456","locus048",0.088068,0.645606,NA,NA,0.366428,NA,0.568806,0
"Dc03456","locus053",0.795004,0.244886,NA,NA,0.96541,NA,0.616706,0
"Dc03456","locus055",0.922202,0.222696,NA,NA,0.888136,NA,1,0
"Dc03456","locus056",0.442538,0.930966,1,0.429202,0.124244,NA,0.44572,0
"Dc03456","locus058",0.209908,0.59432,0.333464,0.657646,0.499326,NA,0.179268,0
"Dc03456","locus060",0.512208,0.308118,NA,1,0.330718,NA,1,0
"Dc03456","locus061",0.50915,NA,NA,NA,0.356208,NA,1,0
"Dc03456","locus062",0.774274,0.428552,NA,1,0.604362,NA,0.414606,0
"Dc03456","locus064",0.962654,0.456152,NA,0.428222,0.021968,NA,1,1
"Dc03456","locus065",0.845838,0.595618,NA,0.142746,0.251118,NA,0.199452,0
"Dc03456","locus073",0.036008,0.524152,NA,0.399746,0.131688,NA,0.411114,1
"Dc03456","locus074",0.4536,0.402442,0.333646,1,0.478772,NA,0.608618,0
"Dc03456","locus076",0.140414,0.59216,NA,NA,0.10331,NA,0.355414,0
"Dc03456","locus077",0.528906,1,NA,Inf,0.86719,NA,1,0
"Dc03456","locus080",0.21312,0.01586,NA,NA,0.133314,NA,0.079404,1
"Dc03456","locus083",0.419256,NA,NA,NA,0.589012,NA,0.591888,0
"Dc03456","locus088",0.419092,0.205606,NA,NA,0.22145,NA,1,0
"Dc03456","locus093",0.084946,Inf,Inf,NA,1,NA,0.333896,0
"Dc03456","locus096",0.817328,0.313356,1,NA,0.368626,NA,1,0
"Dc03456","locus098",0.629848,0.285068,NA,NA,0.35584,NA,1,0
"Dc03456","locus100",0.10243,0.563114,0.333122,NA,0.11911,NA,0.521348,0
"Dc03456","locus106",0.793536,1,NA,NA,0.299508,NA,0.463412,0
"Dc03456","locus116",0.639466,0.659158,NA,NA,0.544858,NA,0.493602,0
"Dc03456","locus119",0.796838,0.91951,NA,NA,0.36437,NA,0.308978,0
"Dc03456","locus120",0.186286,0.037868,NA,NA,0.295752,NA,0.281702,1
"Dc03456","locus128",0.787622,0.173438,NA,1,0.216792,NA,1,0
"Dc03456","locus129",0.951782,0.571224,NA,1,0.129536,NA,1,0
"Dc03456","locus130",0.254904,NA,NA,NA,0.165444,NA,1,0
"Dc03456","locus134",0.958034,0.989968,NA,NA,0.733942,NA,0.567914,0
"Dc03456","locus135",0.285658,0.156054,NA,1,0.48446,NA,1,0
"Dc03456","locus137",0.088848,0.862082,NA,0.428592,0.890116,NA,1,0
"Dc03456","locus139",0.144614,0.372134,NA,1,0.046676,NA,1,1
"Dc03456","locus140",0.147258,0.373472,NA,1,0.047422,NA,1,1
"Dc03456","locus146",0.805348,0.566364,NA,1,0.63446,NA,0.075762,0
"Dc03456","locus148",0.106986,0.22562,NA,1,0.170588,NA,0.410572,0
"Dc03456","locus151",0.522242,NA,1,1,0.53858,NA,1,0
"Dc03456","locus157",0.010476,NA,NA,NA,0.231012,NA,0.192638,1
"Dc03456","locus161",0.71527,0.317044,NA,0.42772,0.698172,NA,0.199536,0
"Dc03456","locus165",0.477266,0.09725,NA,NA,0.49022,NA,1,0
"Dc03456","locus170",0.145406,0.32861,1,0.31617,0.227966,NA,0.608952,0
"Dc03456","locus176",0.892524,NA,NA,NA,0.8208,NA,0.76635,0
"Dc03456","locus184",0.41223,0.713366,1,0.428114,0.509632,NA,0.4513,0
"Dc03456","locus186",0.612064,0.021332,NA,1,0.957194,NA,0.410866,1
"Dc03456","locus188",0.263126,0.748186,NA,NA,0.783064,NA,0.590894,0
"Dc03456","locus189",0.55016,0.480866,NA,0.199512,0.40457,0.114158,1,0
"Dc03456","locus190",0.349332,0.52956,NA,NA,0.484242,0.33238,1,0
"Dc03456","locus191",0.611174,NA,NA,NA,0.900286,0.122874,0.208726,0
"Dc03456","locus192",0.48368,0.904198,NA,NA,0.197396,0.617508,0.781968,0
"Dc03456","locus195",0.857792,0.737758,NA,NA,0.856406,0.257758,1,0
"Dc03456","locus202",0.92042,0.751286,1,NA,0.166226,1,0.547802,0
"Dc03456","locus215",0.801096,NA,NA,NA,0.241648,1,0.040304,1
"Dc03456","locus227",0.392322,0.345262,Inf,NA,0.647524,0.658198,1,0
"Dc03456","locus231",0.863718,0.864358,NA,NA,0.437974,NA,0.086902,0
"Dc03456","locus235",0.41227,0.56292,NA,NA,0.664716,Inf,0.414586,0
"Dc03456","locus236",0.86065,0.439722,NA,NA,1,1,0.618572,0
"Dc03456","locus237",0.168886,0.041974,NA,NA,0.962606,0.61833,0.334392,1
"Dc03456","locus239",0.683934,0.921204,NA,NA,0.476706,0.12291,1,0
"Dc03456","locus248",0.781674,0.911838,NA,NA,0.815778,1,0.711208,0
"Dc03456","locus256",0.124216,0.855566,NA,NA,0.252716,0.20182,1,0
"Dc03456","locus263",0.168442,0.135642,NA,NA,0.698554,NA,0.467204,0
"Dc03456","locus264",0.618934,0.143942,NA,NA,0.178524,NA,0.548382,0
"Dc03456","locus274",0.646276,0.098366,NA,NA,0.689254,NA,1,0
"Dc03456","locus280",0.382104,0.278104,NA,NA,0.348276,NA,1,0
"Dc03456","locus282",0.987944,0.790606,NA,NA,0.213356,NA,1,0
"Dc03456","locus286",0.66034,1,NA,NA,0.127272,NA,1,0
"Dc03456","locus291",0.645766,0.329822,NA,NA,0.92438,NA,0.533546,0
"Dc03456","locus292",0.702142,0.124432,NA,NA,0.428576,NA,1,0
"Dc03456","locus296",0.772792,0.265362,NA,NA,0.632692,NA,0.472054,0
"Dc03456","locus301",0.97579,0.762526,Inf,NA,0.303182,NA,1,0
"Dc03456","locus314",0.944476,0.83941,NA,NA,0.351668,NA,1,0
"Dc03456","locus321",0.115964,0.355522,NA,NA,0.553854,NA,0.042282,1
"Dc03456","locus322",0.981916,0.349402,NA,NA,0.91641,NA,0.7831,0
"Dc03456","locus323",0.167642,0.001968,NA,NA,0.300274,NA,1,1
"Dc03456","locus329",0.849076,0.78738,NA,NA,0.857648,NA,0.504164,0
"Dc03456","locus332",0.60551,0.991056,NA,NA,0.955292,NA,1,0
"Dc03456","locus358",0.947948,0.768928,NA,NA,0.986658,NA,0.609148,0
"Dc03456","locus359",0.622094,0.819896,NA,NA,0.33756,NA,1,0
"Dc03456","locus360",0.226232,0.871882,Inf,NA,0.313906,NA,0.369996,0
"Dc03556","Dc06503",1,0.205482,NA,NA,1,NA,1,0
"Dc03556","Dc07300",0.20218,0.311102,NA,NA,0.405422,0.486552,0.402178,0
"Dc03556","Dc07937",0.508612,0.964694,NA,NA,0.018582,0.654572,0.544404,1
"Dc03556","Dc08054",0.004496,0.43219,NA,NA,0.821952,1,0.650692,1
"Dc03556","Dc08189",0.6405,0.09533,NA,NA,0.993554,0.40131,0.77329,0
"Dc03556","Dc08463",0.808588,0.440572,NA,NA,0.28462,0.427188,0.48103,0
"Dc03556","Dc08865",0.06518,0.742766,NA,NA,0.448234,0.65755,0.819138,0
"Dc03556","Dc10003",0.856112,NA,NA,NA,0.79029,Inf,NA,0
"Dc03556","Dc10390",0.110694,0.473328,NA,NA,0.279114,Inf,0.758182,0
"Dc03556","Dc10878",0.721066,0.381078,NA,NA,0.805468,NA,0.720824,0
"Dc03556","Dc10885",0.38353,0.318832,NA,NA,0.420656,1,0.027508,1
"Dc03556","Dc11203",0.944848,0.414116,NA,NA,0.327918,1,0.537904,0
"Dc03556","Dc11714",0.732984,0.150258,NA,NA,0.855438,1,1,0
"Dc03556","Dc13159",0.036982,0.737588,NA,NA,0.212794,1,0.821348,1
"Dc03556","Dc13592",0.189572,0.04396,NA,NA,0.082688,0.601858,1,1
"Dc03556","Dc14022",0.721726,0.539106,NA,NA,Inf,0.429092,Inf,0
"Dc03556","Dc14945",0.04563,0.069176,NA,NA,0.012488,Inf,0.066878,2
"Dc03556","Dc16747",0.31319,0.145172,NA,NA,0.595328,Inf,1,0
"Dc03556","Dc18951",0.250394,0.499934,NA,NA,0.362008,0.658466,0.172536,0
"Dc03556","Dc20232",0.10596,0.977092,NA,NA,0.920212,1,0.299338,0
"Dc03556","Dc22883",0.87952,0.492048,NA,NA,0.55452,NA,0.802394,0
"Dc03556","Dc22887",0.396138,1,NA,NA,0.657336,1,1,0
"Dc03556","Dc27955",0.553138,0.342144,NA,1,0.729752,NA,0.662574,0
"Dc03556","Dc28124",0.041382,0.588502,NA,NA,0.187812,Inf,0.274592,1
"Dc03556","Dc28776",0.30968,0.137684,NA,NA,0.942298,0.144074,0.240644,0
"Dc03556","Dc30071",0.920614,0.968588,NA,NA,0.95196,0.256406,1,0
"Dc03556","Dc31007",0.720008,NA,NA,NA,0.008698,NA,0.465028,1
"Dc03556","Dc33714",0.73337,0.62476,NA,NA,0.723862,1,0.413544,0
"Dc03556","Dc33907",0.342982,0.320806,NA,NA,0.923062,0.066532,1,0
"Dc03556","Dc34902",0.595698,0.696078,NA,NA,0.597496,Inf,0.133388,0
"Dc03556","Dc35779",1,0.53689,NA,NA,1,1,0.334942,0
"Dc03556","Dc36571",0.80161,0.384552,0.334148,NA,0.356372,1,0.351736,0
"Dc03556","Dc36616",0.053774,0.200622,NA,NA,0.672532,1,1,0
"Dc03556","Dc40235",0.831318,0.326352,NA,NA,0.466178,0.143528,0.300514,0
"Dc03556","Dc41234",0.669616,0.149928,NA,NA,NA,NA,1,0
"Dc03556","Dc46984",0.974692,0.71673,NA,NA,0.794528,0.66007,0.239986,0
"Dc03556","Dc47572",0.800874,0.224052,NA,NA,0.159112,0.143806,0.723768,0
"Dc03556","Dc47935",0.266678,0.999364,Inf,NA,0.984166,1,0.030788,1
"Dc03556","Dc48207",1,0.492722,NA,NA,1,1,1,0
"Dc03556","Dc48950",0.318654,0.215778,NA,NA,0.28904,0.486302,1,0
"Dc03556","Dc49080",0.770736,0.911748,1,NA,0.868112,0.42905,0.832172,0
"Dc03556","Dc49184",0.330824,0.54602,NA,NA,0.0414,1,0.27262,1
"Dc03556","Dc51020",0.66404,0.424168,NA,NA,0.383974,1,0.707484,0
"Dc03556","Dc52523",0.082986,0.391414,NA,NA,0.283234,0.771664,0.545336,0
"Dc03556","Dc55481",0.43167,0.781226,NA,1,0.546658,1,0.2511,0
"Dc03556","Dc58248",0.994732,0.488468,NA,0.656514,0.509234,NA,0.647756,0
"Dc03556","Dc62188",0.892846,0.12557,NA,0.20178,0.222458,NA,0.81006,0
"Dc03556","Dc67011",0.17687,1,1,0.427634,0.534272,NA,0.154192,0
"Dc03556","locus003",0.960642,0.898722,NA,1,0.755662,NA,0.831364,0
"Dc03556","locus004",0.415242,0.562062,NA,0.429656,0.911414,NA,0.340298,0
"Dc03556","locus005",0.491696,0.856218,1,1,0.128874,NA,0.8316,0
"Dc03556","locus006",0.23217,0.078926,NA,0.428752,0.182032,NA,0.768492,0
"Dc03556","locus008",0.285262,0.00855,NA,0.618982,0.777326,NA,1,1
"Dc03556","locus013",0.60028,0.746776,NA,0.122246,0.704868,NA,0.830098,0
"Dc03556","locus014",0.134926,0.46327,NA,0.771168,0.772538,NA,0.75122,0
"Dc03556","locus022",0.675806,0.129356,0.331258,0.425654,0.377208,NA,0.127966,0
"Dc03556","locus024",0.492696,0.693584,NA,0.400452,0.116992,NA,0.802846,0
"Dc03556","locus025",0.405408,0.029182,NA,1,0.453146,NA,0.29175,1
"Dc03556","locus027",0.456318,0.36748,NA,NA,NA,NA,NA,0
"Dc03556","locus030",0.991022,0.69089,NA,NA,0.671134,NA,0.34788,0
"Dc03556","locus035",0.499472,0.562106,1,NA,0.576968,NA,1,0
"Dc03556","locus038",0.255692,0.068248,1,NA,0.819572,NA,0.674496,0
"Dc03556","locus039",0.187218,0.736066,NA,NA,0.735434,NA,0.68454,0
"Dc03556","locus040",0.573624,1,NA,NA,0.560542,NA,0.090972,0
"Dc03556","locus041",0.007776,1,NA,NA,0.875788,NA,1,1
"Dc03556","locus045",0.175038,0.82716,NA,NA,0.836524,NA,0.69794,0
"Dc03556","locus047",0.835284,0.214434,NA,NA,0.08295,NA,0.617142,0
"Dc03556","locus048",0.083172,0.08953,NA,NA,0.035024,NA,0.63867,1
"Dc03556","locus053",0.885174,0.270326,NA,NA,0.674884,NA,0.171216,0
"Dc03556","locus055",0.883364,0.503622,NA,NA,0.910306,NA,1,0
"Dc03556","locus056",0.715564,0.293848,1,1,0.461336,NA,0.817784,0
"Dc03556","locus058",0.741902,0.097904,1,1,0.87447,NA,0.231618,0
"Dc03556","locus060",0.193556,0.124936,NA,0.1419,0.035424,NA,1,1
"Dc03556","locus061",0.818196,NA,NA,NA,0.26404,NA,1,0
"Dc03556","locus062",0.188048,0.830452,NA,0.333784,0.638716,NA,0.538936,0
"Dc03556","locus064",0.45983,0.5038,NA,1,0.940176,NA,1,0
"Dc03556","locus065",0.299266,0.439568,NA,1,0.30778,NA,1,0
"Dc03556","locus073",0.666136,0.57024,NA,0.197308,0.508684,NA,0.897994,0
"Dc03556","locus074",0.908764,0.616612,1,0.620224,0.487822,NA,0.35324,0
"Dc03556","locus076",0.134786,0.982522,NA,NA,0.760746,NA,0.880012,0
"Dc03556","locus077",0.82033,0.520242,NA,Inf,0.026778,NA,0.638018,1
"Dc03556","locus080",0.174852,0.959858,NA,NA,0.234488,NA,1,0
"Dc03556","locus083",0.741626,NA,NA,NA,0.373226,NA,1,0
"Dc03556","locus088",0.475666,0.140242,NA,NA,0.079644,NA,0.48355,0
"Dc03556","locus093",1,Inf,Inf,NA,0.137814,NA,1,0
"Dc03556","locus096",0.635328,0.00139,1,NA,1,NA,0.671376,1
"Dc03556","locus098",0.736378,0.493498,NA,NA,0.167804,NA,0.798372,0
"Dc03556","locus100",0.489582,0.152838,1,NA,0.231978,NA,0.48198,0
"Dc03556","locus106",0.032878,0.11157,NA,NA,0.196082,NA,1,1
"Dc03556","locus116",0.469368,0.917246,NA,NA,0.227746,NA,1,0
"Dc03556","locus119",0.20637,0.078506,NA,NA,0.627178,NA,0.758022,0
"Dc03556","locus120",0.688634,0.677424,NA,NA,0.759174,NA,1,0
"Dc03556","locus128",0.480632,0.069438,NA,1,0.753376,NA,1,0
"Dc03556","locus129",0.9864,0.559814,NA,0.658938,0.450182,NA,0.43903,0
"Dc03556","locus130",0.88943,NA,NA,NA,0.773226,NA,0.259172,0
"Dc03556","locus134",0.959216,0.58848,NA,NA,0.73166,NA,0.15465,0
"Dc03556","locus135",0.51933,0.066754,NA,0.61801,0.997236,NA,0.22211,0
"Dc03556","locus137",0.468108,0.135094,NA,0.431734,0.53562,NA,0.188016,0
"Dc03556","locus139",0.754904,0.051348,NA,0.145776,0.06526,NA,0.199458,0
"Dc03556","locus140",0.759516,0.052058,NA,0.144372,0.0631,NA,0.201122,0
"Dc03556","locus146",0.566802,0.398462,NA,1,0.825494,NA,1,0
"Dc03556","locus148",0.955356,0.532884,NA,0.047804,0.665744,NA,0.438936,1
"Dc03556","locus151",0.751644,NA,0.33196,0.599052,0.017342,NA,0.09012,1
"Dc03556","locus157",0.621298,NA,NA,NA,0.730072,NA,0.327872,0
"Dc03556","locus161",0.845586,0.505772,NA,0.619776,0.04674,NA,0.301456,1
"Dc03556","locus165",0.321022,0.58208,NA,NA,0.562884,NA,0.397302,0
"Dc03556","locus170",0.285892,0.951938,0.334074,1,0.321978,NA,0.816992,0
"Dc03556","locus176",0.057326,NA,NA,NA,0.05354,NA,0.223898,0
"Dc03556","locus184",0.686126,0.409912,1,1,0.906382,NA,0.418298,0
"Dc03556","locus186",0.945932,0.18828,NA,1,0.391348,NA,0.538656,0
"Dc03556","locus188",0.006646,0.046722,NA,NA,0.335172,NA,0.701158,2
"Dc03556","locus189",0.180568,0.541428,NA,1,0.29634,0.229822,0.72581,0
"Dc03556","locus190",0.268066,0.265854,NA,NA,0.707282,1,1,0
"Dc03556","locus191",0.934252,NA,NA,NA,0.941676,0.656398,0.218078,0
"Dc03556","locus192",0.598194,0.233922,NA,NA,0.802374,0.429558,0.48567,0
"Dc03556","locus195",0.78817,0.675334,NA,NA,0.014138,0.4856,0.637724,1
"Dc03556","locus202",0.075938,0.592314,0.334042,NA,0.258452,0.143418,0.462982,0
"Dc03556","locus215",0.017912,NA,NA,NA,0.468626,1,1,1
"Dc03556","locus227",0.888818,0.490974,Inf,NA,0.38543,0.486194,0.178244,0
"Dc03556","locus231",0.601332,0.698628,NA,NA,1,NA,0.667066,0
"Dc03556","locus235",0.618284,0.666958,NA,NA,0.511002,Inf,0.519592,0
"Dc03556","locus236",0.28936,0.03514,NA,NA,0.620484,1,0.127272,1
"Dc03556","locus237",0.240108,0.533622,NA,NA,0.466434,1,0.174062,0
"Dc03556","locus239",0.077072,0.702166,NA,NA,0.809106,1,0.745078,0
"Dc03556","locus248",0.152788,0.29935,NA,NA,0.132038,1,0.636364,0
"Dc03556","locus256",0.830998,0.52602,NA,NA,0.788448,1,0.663674,0
"Dc03556","locus263",0.8494,0.289646,NA,NA,0.630866,NA,0.265696,0
"Dc03556","locus264",0.70449,0.488786,NA,NA,0.008356,NA,0.459214,1
"Dc03556","locus274",0.826496,0.848776,NA,NA,0.598708,NA,0.199836,0
"Dc03556","locus280",0.66521,0.98782,NA,NA,0.564476,NA,1,0
"Dc03556","locus282",0.022904,0.23601,NA,NA,0.314104,NA,0.635748,1
"Dc03556","locus286",1,1,NA,NA,0.487178,NA,1,0
"Dc03556","locus291",0.547642,0.767216,NA,NA,0.020086,NA,0.45231,1
"Dc03556","locus292",0.900496,0.189772,NA,NA,0.641114,NA,0.669614,0
"Dc03556","locus296",0.868548,0.153138,NA,NA,0.030418,NA,0.022788,2
"Dc03556","locus301",0.738144,0.712752,Inf,NA,0.827408,NA,0.637414,0
"Dc03556","locus314",0.109754,0.7245,NA,NA,1,NA,0.620424,0
"Dc03556","locus321",0.177596,0.944568,NA,NA,0.965886,NA,0.520668,0
"Dc03556","locus322",0.329128,0.297188,NA,NA,0.447548,NA,1,0
"Dc03556","locus323",0.896556,0.35048,NA,NA,0.955158,NA,0.889098,0
"Dc03556","locus329",0.626912,0.719736,NA,NA,0.980796,NA,0.415852,0
"Dc03556","locus332",0.546834,0.527708,NA,NA,0.827116,NA,1,0
"Dc03556","locus358",0.507032,0.277634,NA,NA,0.38374,NA,0.189134,0
"Dc03556","locus359",0.374378,0.212136,NA,NA,0.512202,NA,1,0
"Dc03556","locus360",0.375326,0.809198,NA,NA,0.903244,NA,0.315314,0
"Dc06503","Dc07300",0.030852,0.950358,NA,NA,0.229698,NA,1,1
"Dc06503","Dc07937",0.648134,0.065074,NA,NA,0.171464,NA,0.500738,0
"Dc06503","Dc08054",0.511876,0.359084,NA,NA,1,NA,1,0
"Dc06503","Dc08189",0.72438,1,NA,NA,0.856112,NA,0.124964,0
"Dc06503","Dc08463",0.687604,0.248408,NA,NA,0.420516,NA,1,0
"Dc06503","Dc08865",0.749966,0.090216,NA,NA,0.736502,NA,1,0
"Dc06503","Dc10003",0.368244,NA,NA,NA,1,NA,NA,0
"Dc06503","Dc10390",0.304232,1,NA,NA,1,NA,0.250666,0
"Dc06503","Dc10878",0.227144,1,NA,NA,0.546898,NA,1,0
"Dc06503","Dc10885",0.389772,0.632952,NA,NA,0.094706,NA,1,0
"Dc06503","Dc11203",1,1,NA,NA,1,NA,1,0
"Dc06503","Dc11714",0.664608,0.340544,NA,NA,0.094274,NA,1,0
"Dc06503","Dc13159",0.803194,1,NA,NA,0.068696,NA,0.623182,0
"Dc06503","Dc13592",0.128092,1,NA,NA,0.579666,NA,1,0
"Dc06503","Dc14022",1,0.325216,NA,NA,Inf,NA,Inf,0
"Dc06503","Dc14945",0.675914,1,NA,NA,1,NA,1,0
"Dc06503","Dc16747",0.171112,0.436742,NA,NA,0.841498,NA,1,0
"Dc06503","Dc18951",0.49552,1,NA,NA,0.525298,NA,0.125694,0
"Dc06503","Dc20232",0.089232,0.456778,NA,NA,0.57341,NA,0.250652,0
"Dc06503","Dc22883",0.866216,0.79199,NA,NA,0.652942,NA,0.285238,0
"Dc06503","Dc22887",1,1,NA,NA,1,NA,0.249558,0
"Dc06503","Dc27955",0.351244,0.361336,NA,NA,0.011452,NA,1,1
"Dc06503","Dc28124",0.602574,1,NA,NA,0.057578,NA,1,0
"Dc06503","Dc28776",1,0.324582,NA,NA,0.548528,NA,1,0
"Dc06503","Dc30071",0.032272,0.410578,NA,NA,0.69986,NA,1,1
"Dc06503","Dc31007",0.018194,NA,NA,NA,0.560356,NA,1,1
"Dc06503","Dc33714",0.228808,0.853178,NA,NA,0.552744,NA,0.124814,0
"Dc06503","Dc33907",1,0.642034,NA,NA,0.369002,NA,0.500386,0
"Dc06503","Dc34902",1,0.645108,NA,NA,0.19833,NA,0.375156,0
"Dc06503","Dc35779",1,0.4301,NA,NA,0.001928,NA,1,1
"Dc06503","Dc36571",0.321694,0.8418,Inf,NA,0.840212,NA,1,0
"Dc06503","Dc36616",1,0.56999,NA,NA,1,NA,1,0
"Dc06503","Dc40235",1,0.247282,NA,NA,0.118744,NA,1,0
"Dc06503","Dc41234",0.036444,0.56101,Inf,NA,NA,NA,1,1
"Dc06503","Dc46984",0.086924,0.113108,NA,NA,0.348374,NA,0.123176,0
"Dc06503","Dc47572",0.603972,0.434722,NA,NA,0.700994,NA,1,0
"Dc06503","Dc47935",0.069732,0.25306,NA,NA,0.609614,NA,1,0
"Dc06503","Dc48207",1,1,NA,NA,0.216122,NA,Inf,0
"Dc06503","Dc48950",0.242312,0.028402,NA,NA,0.687376,NA,1,1
"Dc06503","Dc49080",0.825932,0.83334,Inf,NA,0.301908,NA,1,0
"Dc06503","Dc49184",0.848652,0.058364,NA,NA,0.637822,NA,Inf,0
"Dc06503","Dc51020",0.369806,1,NA,NA,0.664732,NA,1,0
"Dc06503","Dc52523",1,0.749476,NA,NA,0.937504,NA,1,0
"Dc06503","Dc55481",0.589822,0.855332,NA,NA,1,NA,1,0
"Dc06503","Dc58248",0.023344,0.540898,NA,NA,0.85334,NA,0.496326,1
"Dc06503","Dc62188",0.953262,0.000478,NA,NA,0.03332,NA,1,2
"Dc06503","Dc67011",1,1,Inf,NA,0.44507,NA,1,0
"Dc06503","locus003",0.358304,0.488122,NA,NA,1,NA,1,0
"Dc06503","locus004",1,0.708324,NA,NA,0.863294,NA,0.375526,0
"Dc06503","locus005",0.083112,0.078324,Inf,NA,0.888628,NA,0.4993,0
"Dc06503","locus006",0.515914,1,NA,NA,0.308236,NA,0.125622,0
"Dc06503","locus008",1,0.698282,NA,NA,0.296322,NA,1,0
"Dc06503","locus013",1,0.21597,NA,NA,0.700998,NA,1,0
"Dc06503","locus014",0.704046,0.849656,NA,NA,0.34902,NA,0.376146,0
"Dc06503","locus022",0.905474,0.236656,Inf,NA,0.145188,NA,0.125978,0
"Dc06503","locus024",1,0.715196,NA,NA,0.101434,NA,1,0
"Dc06503","locus025",1,0.439318,NA,NA,0.884628,NA,1,0
"Dc06503","locus027",1,0.129874,NA,NA,NA,NA,NA,0
"Dc06503","locus030",0.622442,0.515556,NA,NA,0.885184,NA,0.498586,0
"Dc06503","locus035",0.551692,1,Inf,NA,1,NA,1,0
"Dc06503","locus038",0.2101,0.01032,Inf,NA,0.185572,NA,1,1
"Dc06503","locus039",1,1,NA,NA,0.661416,NA,1,0
"Dc06503","locus040",0.07207,1,NA,NA,0.098936,NA,1,0
"Dc06503","locus041",1,0.322156,NA,NA,0.000418,NA,0.330058,1
"Dc06503","locus045",1,0.654352,NA,NA,0.26852,NA,0.285652,0
"Dc06503","locus047",0.203176,0.62979,NA,NA,0.235992,NA,0.377028,0
"Dc06503","locus048",1,1,NA,NA,0.111204,NA,1,0
"Dc06503","locus053",0.114732,0.360516,NA,NA,0.209102,NA,1,0
"Dc06503","locus055",1,0.418336,NA,NA,0.046334,NA,0.125136,1
"Dc06503","locus056",0.456288,0.659796,Inf,NA,1,NA,1,0
"Dc06503","locus058",0.4968,1,Inf,NA,0.231388,NA,1,0
"Dc06503","locus060",1,0.641714,NA,NA,1,NA,1,0
"Dc06503","locus061",0.600214,NA,NA,NA,0.15016,NA,0.28723,0
"Dc06503","locus062",0.686936,0.72749,NA,NA,0.074454,NA,0.125106,0
"Dc06503","locus064",0.626942,1,NA,NA,0.417436,NA,Inf,0
"Dc06503","locus065",1,1,NA,NA,0.089838,NA,Inf,0
"Dc06503","locus073",0.038798,0.555168,NA,NA,0.770568,NA,0.375086,1
"Dc06503","locus074",1,0.739566,Inf,NA,0.695982,NA,1,0
"Dc06503","locus076",1,0.172134,NA,NA,0.869174,NA,1,0
"Dc06503","locus077",1,0.314682,NA,NA,0.131886,NA,0.250886,0
"Dc06503","locus080",0.81868,0.604872,NA,NA,0.187898,NA,1,0
"Dc06503","locus083",1,NA,NA,NA,1,NA,0.333096,0
"Dc06503","locus088",0.05709,1,NA,NA,1,NA,0.37378,0
"Dc06503","locus093",1,Inf,Inf,NA,1,NA,0.125498,0
"Dc06503","locus096",0.383502,0.64127,Inf,NA,0.692294,NA,1,0
"Dc06503","locus098",0.449334,0.103934,NA,NA,0.114826,NA,1,0
"Dc06503","locus100",0.384224,0.483286,Inf,NA,0.82518,NA,1,0
"Dc06503","locus106",0.63499,0.577642,NA,NA,0.117722,NA,1,0
"Dc06503","locus116",0.816484,0.194684,NA,NA,0.566066,NA,0.376048,0
"Dc06503","locus119",0.409952,0.334094,NA,NA,0.235022,NA,0.50137,0
"Dc06503","locus120",0.559078,1,NA,NA,0.655188,NA,0.251516,0
"Dc06503","locus128",1,0.240792,NA,NA,0.064284,NA,1,0
"Dc06503","locus129",1,0.890676,NA,NA,0.176806,NA,1,0
"Dc06503","locus130",0.204654,NA,NA,NA,0.303244,NA,1,0
"Dc06503","locus134",0.191258,1,NA,NA,0.725448,NA,1,0
"Dc06503","locus135",0.530476,0.251898,NA,NA,0.017866,NA,0.497668,1
"Dc06503","locus137",0.59229,0.43847,NA,NA,0.048988,NA,0.24927,1
"Dc06503","locus139",1,1,NA,NA,1,NA,1,0
"Dc06503","locus140",1,1,NA,NA,1,NA,1,0
"Dc06503","locus146",0.146452,0.581068,NA,NA,0.102596,NA,1,0
"Dc06503","locus148",1,0.04216,NA,NA,0.587776,NA,0.249888,1
"Dc06503","locus151",0.847876,NA,Inf,NA,0.694662,NA,1,0
"Dc06503","locus157",1,NA,NA,NA,1,NA,0.124718,0
"Dc06503","locus161",1,0.305798,NA,NA,0.52406,NA,1,0
"Dc06503","locus165",0.819828,1,NA,NA,0.72058,NA,1,0
"Dc06503","locus170",0.25195,0.370872,Inf,NA,0.462162,NA,1,0
"Dc06503","locus176",0.65515,NA,NA,NA,0.611118,NA,0.4993,0
"Dc06503","locus184",0.084726,1,Inf,NA,0.305116,NA,1,0
"Dc06503","locus186",0.08764,0.160062,NA,NA,0.652876,NA,0.500342,0
"Dc06503","locus188",0.41774,0.714632,NA,NA,0.438248,NA,0.625988,0
"Dc06503","locus189",0.658654,0.479164,NA,NA,1,NA,1,0
"Dc06503","locus190",1,0.768564,NA,NA,0.532564,NA,0.37571,0
"Dc06503","locus191",1,NA,NA,NA,0.55096,NA,1,0
"Dc06503","locus192",1,0.606112,NA,NA,0.239688,NA,0.375126,0
"Dc06503","locus195",0.277778,0.858618,NA,NA,0.658522,NA,1,0
"Dc06503","locus202",0.663378,1,Inf,NA,0.66023,NA,0.500328,0
"Dc06503","locus215",0.70265,NA,Inf,NA,0.717776,NA,0.375842,0
"Dc06503","locus227",0.434578,1,Inf,NA,0.334342,NA,1,0
"Dc06503","locus231",0.445046,0.568484,NA,NA,0.470206,NA,0.572188,0
"Dc06503","locus235",0.391988,0.717808,NA,NA,0.77158,NA,1,0
"Dc06503","locus236",0.683246,0.083688,NA,NA,0.729506,NA,1,0
"Dc06503","locus237",0.514648,0.239746,NA,NA,0.370962,NA,0.125214,0
"Dc06503","locus239",0.104426,0.36814,NA,NA,0.422776,NA,1,0
"Dc06503","locus248",0.704046,0.326608,NA,NA,0.673242,NA,0.49858,0
"Dc06503","locus256",0.687432,0.720392,NA,NA,0.862818,NA,1,0
"Dc06503","locus263",1,1,NA,NA,1,NA,Inf,0
"Dc06503","locus264",1,0.10836,NA,NA,0.122686,NA,1,0
"Dc06503","locus274",0.31821,0.083376,NA,NA,0.654414,NA,1,0
"Dc06503","locus280",0.321094,0.041264,NA,NA,1,NA,1,1
"Dc06503","locus282",0.11791,0.860426,NA,NA,0.153474,NA,1,0
"Dc06503","locus286",1,1,NA,NA,0.56434,NA,1,0
"Dc06503","locus291",0.612858,0.241656,NA,NA,0.42618,NA,1,0
"Dc06503","locus292",1,0.32005,NA,NA,0.767208,NA,1,0
"Dc06503","locus296",0.663486,0.235888,NA,NA,0.208154,NA,1,0
"Dc06503","locus301",1,0.011884,NA,NA,1,NA,1,1
"Dc06503","locus314",1,0.383286,NA,NA,0.241788,NA,Inf,0
"Dc06503","locus321",1,0.844062,NA,NA,1,NA,0.503234,0
"Dc06503","locus322",0.388802,0.084946,NA,NA,0.14994,NA,1,0
"Dc06503","locus323",0.290548,0.154754,NA,NA,0.306002,NA,1,0
"Dc06503","locus329",1,0.622256,NA,NA,1,NA,1,0
"Dc06503","locus332",0.142182,0.334706,NA,NA,1,NA,1,0
"Dc06503","locus358",1,0.43301,NA,NA,0.178008,NA,0.375948,0
"Dc06503","locus359",0.571394,0.498892,NA,NA,0.079306,NA,Inf,0
"Dc06503","locus360",1,0.044652,NA,NA,0.87205,NA,1,1
"Dc07300","Dc07937",0.348946,0.99398,NA,NA,0.873706,1,0.784134,0
"Dc07300","Dc08054",0.863968,0.479026,NA,NA,0.472026,0.571082,0.16387,0
"Dc07300","Dc08189",0.30379,0.222332,NA,NA,0.168446,1,0.38719,0
"Dc07300","Dc08463",0.416472,0.806832,NA,NA,0.195532,0.287538,0.410238,0
"Dc07300","Dc08865",0.917966,0.41907,NA,NA,0.315284,0.883488,0.720464,0
"Dc07300","Dc10003",0.43247,NA,Inf,NA,0.784532,Inf,NA,0
"Dc07300","Dc10390",0.778744,0.281162,NA,NA,0.106752,Inf,0.20458,0
"Dc07300","Dc10878",0.058862,0.831932,NA,NA,0.737128,NA,0.2161,0
"Dc07300","Dc10885",0.902412,0.73142,1,NA,0.63475,0.830478,0.0631,0
"Dc07300","Dc11203",0.20482,0.265334,NA,NA,0.484302,0.716344,0.915822,0
"Dc07300","Dc11714",0.726588,0.812124,NA,NA,0.442268,1,0.098208,0
"Dc07300","Dc13159",0.939044,0.915938,NA,NA,0.867834,1,0.989222,0
"Dc07300","Dc13592",0.359192,0.721722,NA,NA,0.115042,0.73232,0.164606,0
"Dc07300","Dc14022",0.29363,0.64523,NA,NA,Inf,0.287262,Inf,0
"Dc07300","Dc14945",0.336524,0.823926,NA,NA,0.111278,Inf,1,0
"Dc07300","Dc16747",0.847654,0.314544,NA,NA,0.633978,Inf,0.664556,0
"Dc07300","Dc18951",0.044244,0.710992,NA,NA,0.67582,0.717194,0.34784,1
"Dc07300","Dc20232",0.790996,0.970992,NA,NA,0.214876,0.633794,0.924522,0
"Dc07300","Dc22883",0.794286,0.888938,NA,NA,0.170474,NA,0.71214,0
"Dc07300","Dc22887",0.480178,0.6406,NA,NA,0.415916,0.484758,0.61162,0
"Dc07300","Dc27955",0.108124,0.820806,NA,0.501172,0.051936,NA,0.636394,0
"Dc07300","Dc28124",0.014084,0.589418,NA,NA,0.937304,Inf,1,1
"Dc07300","Dc28776",0.500814,0.827016,NA,NA,0.41537,1,1,0
"Dc07300","Dc30071",0.183308,0.851626,NA,NA,0.223474,0.885998,0.60653,0
"Dc07300","Dc31007",0.38053,NA,NA,NA,0.648598,NA,0.788486,0
"Dc07300","Dc33714",0.167928,0.567578,NA,NA,0.007152,1,1,1
"Dc07300","Dc33907",0.345894,0.640196,NA,NA,0.857024,0.464968,0.903344,0
"Dc07300","Dc34902",0.942152,0.097686,NA,NA,0.516924,Inf,0.642612,0
"Dc07300","Dc35779",0.466988,0.002178,NA,NA,0.268052,1,0.784124,1
"Dc07300","Dc36571",0.510872,0.475716,NA,NA,0.743736,1,0.682316,0
"Dc07300","Dc36616",0.478342,0.714132,NA,NA,0.103128,1,1,0
"Dc07300","Dc40235",0.542796,0.335876,NA,NA,0.829208,1,0.531622,0
"Dc07300","Dc41234",0.385772,0.278358,NA,NA,NA,NA,0.717996,0
"Dc07300","Dc46984",0.448964,0.215332,NA,NA,0.364134,0.027754,0.76857,1
"Dc07300","Dc47572",0.940918,0.84437,1,NA,0.882226,0.571862,0.203004,0
"Dc07300","Dc47935",0.602224,0.676932,NA,NA,0.44621,0.11307,0.96752,0
"Dc07300","Dc48207",0.004502,0.397834,NA,NA,0.679484,1,0.58348,1
"Dc07300","Dc48950",0.291544,0.403568,NA,NA,0.934608,0.833526,0.402964,0
"Dc07300","Dc49080",0.77009,0.005816,NA,NA,0.831356,0.288092,0.632512,1
"Dc07300","Dc49184",0.772976,0.030766,NA,NA,0.587704,0.884462,0.126176,1
"Dc07300","Dc51020",0.527964,0.987166,NA,NA,0.641466,0.885682,0.381614,0
"Dc07300","Dc52523",0.838756,0.775668,NA,NA,0.416674,1,1,0
"Dc07300","Dc55481",0.64845,0.666924,NA,1,0.018222,0.500418,0.395768,1
"Dc07300","Dc58248",0.318582,0.277092,NA,0.601472,0.006976,NA,0.125904,1
"Dc07300","Dc62188",0.659738,0.785378,NA,0.350008,0.154618,NA,0.83222,0
"Dc07300","Dc67011",0.64322,0.71389,NA,1,0.099592,NA,1,0
"Dc07300","locus003",0.16554,0.141602,NA,0.255104,0.552164,NA,0.456708,0
"Dc07300","locus004",0.675468,0.92397,NA,0.771998,0.939794,NA,0.668246,0
"Dc07300","locus005",0.976422,0.47831,NA,0.430116,0.604962,NA,1,0
"Dc07300","locus006",0.07286,0.19272,NA,1,0.29659,NA,0.892616,0
"Dc07300","locus008",0.421504,0.835312,NA,1,0.930748,NA,1,0
"Dc07300","locus013",0.399752,0.441778,NA,0.773352,0.09552,NA,0.63201,0
"Dc07300","locus014",0.355834,0.36465,NA,0.201732,0.704468,NA,0.626572,0
"Dc07300","locus022",0.692092,0.04875,NA,0.547582,0.612034,NA,0.073244,1
"Dc07300","locus024",0.32991,0.772032,NA,0.598388,0.982004,NA,1,0
"Dc07300","locus025",0.923226,0.00018,Inf,1,0.940746,NA,0.072028,1
"Dc07300","locus027",0.388994,0.207398,NA,NA,NA,NA,NA,0
"Dc07300","locus030",0.31158,0.472584,NA,NA,0.40694,NA,0.524798,0
"Dc07300","locus035",0.365114,0.546044,NA,NA,0.030476,NA,1,1
"Dc07300","locus038",0.138636,0.91087,NA,NA,0.481014,NA,0.012892,1
"Dc07300","locus039",0.39731,0.520756,NA,NA,0.841596,NA,0.523822,0
"Dc07300","locus040",0.64467,0.587866,NA,NA,0.08923,NA,1,0
"Dc07300","locus041",0.29506,0.421526,NA,NA,0.472168,NA,0.927906,0
"Dc07300","locus045",0.283542,0.76573,NA,NA,0.068496,NA,1,0
"Dc07300","locus047",0.896778,0.997118,NA,NA,0.888338,NA,0.385678,0
"Dc07300","locus048",0.752134,0.858638,NA,NA,1,NA,0.035826,1
"Dc07300","locus053",0.101194,0.753662,NA,NA,0.37255,NA,0.677966,0
"Dc07300","locus055",0.759386,0.992704,NA,NA,0.001958,NA,0.937022,1
"Dc07300","locus056",0.111148,0.78858,NA,1,0.197124,NA,0.464244,0
"Dc07300","locus058",0.680172,0.390166,NA,1,0.08021,NA,0.964668,0
"Dc07300","locus060",0.92584,0.601248,NA,1,0.214,NA,0.071706,0
"Dc07300","locus061",0.348664,NA,NA,NA,0.2323,NA,1,0
"Dc07300","locus062",0.63516,0.056822,NA,1,0.0175,NA,0.533374,1
"Dc07300","locus064",0.391346,0.491412,NA,1,0.618594,NA,0.295198,0
"Dc07300","locus065",0.69376,0.781514,NA,1,0.643412,NA,0.293364,0
"Dc07300","locus073",0.831042,0.522794,0.332932,0.462466,0.576684,NA,0.799022,0
"Dc07300","locus074",0.83753,0.108676,1,1,0.170224,NA,0.965498,0
"Dc07300","locus076",0.598194,0.255858,NA,NA,0.502004,NA,0.371308,0
"Dc07300","locus077",0.06239,0.572466,NA,Inf,0.389704,NA,0.192396,0
"Dc07300","locus080",0.038588,0.96216,NA,NA,0.44829,NA,0.44044,1
"Dc07300","locus083",0.92084,NA,NA,NA,0.789978,NA,0.363062,0
"Dc07300","locus088",0.193232,0.963628,NA,NA,0.8435,NA,0.724786,0
"Dc07300","locus093",0.686346,Inf,Inf,NA,1,NA,1,0
"Dc07300","locus096",0.165714,0.938496,1,NA,0.511798,NA,0.55447,0
"Dc07300","locus098",0.643256,0.375446,NA,NA,0.153224,NA,0.826666,0
"Dc07300","locus100",0.011782,0.110268,1,NA,0.708384,NA,0.725638,1
"Dc07300","locus106",0.727024,0.724596,NA,NA,0.021252,NA,0.651314,1
"Dc07300","locus116",0.687864,0.272634,NA,NA,0.240884,NA,0.904834,0
"Dc07300","locus119",0.361502,0.11833,NA,NA,0.45835,NA,0.701904,0
"Dc07300","locus120",0.833382,0.408474,NA,NA,0.18003,NA,0.694004,0
"Dc07300","locus128",0.058614,0.194394,Inf,1,0.990116,NA,0.090896,0
"Dc07300","locus129",0.918176,0.21828,1,1,0.027206,NA,0.893,1
"Dc07300","locus130",0.744442,NA,NA,NA,0.115422,NA,0.531894,0
"Dc07300","locus134",0.653006,0.048496,NA,NA,0.805966,NA,0.176284,1
"Dc07300","locus135",0.838802,0.169758,NA,0.428928,0.646746,NA,0.246376,0
"Dc07300","locus137",0.78715,0.097298,NA,1,0.850502,NA,0.892346,0
"Dc07300","locus139",0.289038,0.176588,NA,1,0.835456,NA,0.15867,0
"Dc07300","locus140",0.290344,0.173392,NA,1,0.834962,NA,0.161402,0
"Dc07300","locus146",0.566836,0.705042,1,1,0.129628,NA,0.582926,0
"Dc07300","locus148",0.064326,0.384206,NA,1,0.067132,NA,0.892216,0
"Dc07300","locus151",0.462998,NA,NA,0.468412,0.56189,NA,0.249566,0
"Dc07300","locus157",0.19781,NA,NA,NA,0.096624,NA,1,0
"Dc07300","locus161",0.320454,0.750604,NA,0.42601,0.156934,NA,0.229648,0
"Dc07300","locus165",0.449812,0.807924,Inf,NA,0.477692,NA,0.691174,0
"Dc07300","locus170",0.93785,0.320082,NA,1,0.949314,NA,0.721562,0
"Dc07300","locus176",0.836756,NA,NA,NA,0.304702,NA,0.750848,0
"Dc07300","locus184",0.036046,0.860664,1,1,0.18056,NA,0.047192,2
"Dc07300","locus186",0.216104,0.149666,NA,1,0.344572,NA,0.86991,0
"Dc07300","locus188",0.73663,0.3988,Inf,NA,0.125054,NA,0.461308,0
"Dc07300","locus189",0.682486,0.467836,NA,0.466692,0.093968,0.827076,0.57924,0
"Dc07300","locus190",0.330444,0.439358,NA,NA,0.538642,1,0.891522,0
"Dc07300","locus191",0.98357,NA,Inf,NA,0.085648,0.71198,0.76988,0
"Dc07300","locus192",0.629376,0.361548,NA,NA,0.881528,0.28624,0.049042,1
"Dc07300","locus195",0.539178,0.96766,NA,NA,0.03756,1,0.94375,1
"Dc07300","locus202",0.508354,0.994332,NA,NA,0.04244,0.084606,0.854348,1
"Dc07300","locus215",0.167754,NA,NA,NA,0.834052,0.884478,1,0
"Dc07300","locus227",0.731958,0.36639,Inf,NA,0.01704,1,0.285998,1
"Dc07300","locus231",0.53476,0.3133,NA,NA,0.378426,NA,0.409442,0
"Dc07300","locus235",0.048834,0.335904,NA,NA,0.426566,Inf,0.75625,1
"Dc07300","locus236",0.208648,0.43649,NA,NA,0.246054,1,0.398796,0
"Dc07300","locus237",0.57601,0.00442,NA,NA,0.995418,0.095374,0.990712,1
"Dc07300","locus239",0.620428,0.957912,NA,NA,0.105662,0.714382,0.009792,1
"Dc07300","locus248",0.477614,0.264894,NA,NA,0.221016,0.086322,0.854348,0
"Dc07300","locus256",0.242848,0.039326,0.163944,NA,0.423344,0.600762,0.97659,1
"Dc07300","locus263",0.005744,0.319492,NA,NA,0.680896,NA,0.404072,1
"Dc07300","locus264",0.899336,0.254038,NA,NA,0.550694,NA,0.405072,0
"Dc07300","locus274",0.101682,0.77993,NA,NA,0.787674,NA,0.29704,0
"Dc07300","locus280",0.993452,0.158738,NA,NA,0.199058,NA,0.539154,0
"Dc07300","locus282",0.250632,0.510846,NA,NA,0.074568,NA,0.86789,0
"Dc07300","locus286",0.941472,0.668636,NA,NA,0.390404,NA,1,0
"Dc07300","locus291",0.981624,0.590902,NA,NA,0.536646,NA,0.756466,0
"Dc07300","locus292",0.475378,0.105012,NA,NA,0.654076,NA,0.093492,0
"Dc07300","locus296",0.181768,0.120046,NA,NA,0.465554,NA,0.653778,0
"Dc07300","locus301",0.152746,0.614484,NA,NA,0.208032,NA,0.824192,0
"Dc07300","locus314",0.512674,0.602766,NA,NA,0.912264,NA,0.509488,0
"Dc07300","locus321",0.963902,0.250604,NA,NA,0.89394,NA,0.75837,0
"Dc07300","locus322",0.060946,0.336228,NA,NA,0.054252,NA,0.463094,0
"Dc07300","locus323",0.363322,0.62062,NA,NA,0.852568,NA,0.905738,0
"Dc07300","locus329",0.54501,0.137714,NA,NA,0.670088,NA,0.479544,0
"Dc07300","locus332",0.907502,0.119182,0.500332,NA,0.968502,NA,0.065914,0
"Dc07300","locus358",0.415804,0.918866,NA,NA,0.727696,NA,0.092038,0
"Dc07300","locus359",0.003434,0.954306,NA,NA,0.263134,NA,0.399964,1
"Dc07300","locus360",0.244076,0.44229,NA,NA,0.735984,NA,0.549848,0
"Dc07937","Dc08054",0.71037,0.358998,NA,NA,0.470212,1,0.351768,0
"Dc07937","Dc08189",0.593526,0.22705,NA,NA,0.528932,0.402164,0.935014,0
"Dc07937","Dc08463",0.463156,0.005382,NA,NA,0.09309,0.426332,0.73652,1
"Dc07937","Dc08865",0.076774,0.366418,NA,NA,0.821454,1,1,0
"Dc07937","Dc10003",0.369782,NA,NA,NA,0.806708,Inf,NA,0
"Dc07937","Dc10390",1,0.835026,NA,NA,0.372796,Inf,0.474288,0
"Dc07937","Dc10878",0.43493,0.8365,NA,NA,0.893254,NA,1,0
"Dc07937","Dc10885",0.576394,0.315888,1,NA,0.953842,1,1,0
"Dc07937","Dc11203",0.80137,0.13338,NA,NA,0.303428,0.411372,0.25082,0
"Dc07937","Dc11714",0.73975,0.63403,NA,NA,0.055444,1,1,0
"Dc07937","Dc13159",0.698234,0.99529,NA,NA,0.801012,1,0.689004,0
"Dc07937","Dc13592",0.167972,0.94275,NA,NA,0.08956,0.732642,0.303218,0
"Dc07937","Dc14022",0.091128,0.429776,NA,NA,Inf,0.432248,Inf,0
"Dc07937","Dc14945",0.617436,0.954296,NA,NA,0.819742,Inf,0.500754,0
"Dc07937","Dc16747",0.305306,0.134286,1,NA,0.09018,Inf,0.100142,0
"Dc07937","Dc18951",0.046016,0.91163,NA,NA,0.459216,1,0.524564,1
"Dc07937","Dc20232",0.739838,0.440352,NA,NA,0.48652,1,0.769352,0
"Dc07937","Dc22883",0.678414,0.351188,NA,NA,0.12562,NA,0.444404,0
"Dc07937","Dc22887",0.330122,0.416258,NA,NA,0.84454,0.65947,0.089322,0
"Dc07937","Dc27955",0.729936,0.193076,NA,Inf,0.836176,NA,1,0
"Dc07937","Dc28124",0.80594,0.6736,NA,NA,0.725774,Inf,0.319814,0
"Dc07937","Dc28776",0.980572,0.327128,NA,NA,0.645424,0.658952,1,0
"Dc07937","Dc30071",0.086272,0.290308,NA,NA,0.307458,0.581264,0.01481,1
"Dc07937","Dc31007",0.767316,NA,NA,NA,0.728936,NA,1,0
"Dc07937","Dc33714",0.775458,0.800732,NA,NA,0.772834,1,0.640206,0
"Dc07937","Dc33907",0.182634,0.483576,NA,NA,0.048834,1,0.69698,1
"Dc07937","Dc34902",0.018776,0.948982,NA,NA,0.444,Inf,0.657682,1
"Dc07937","Dc35779",0.09307,0.874384,NA,NA,0.888694,0.66649,0.69836,0
"Dc07937","Dc36571",0.134394,0.535174,NA,NA,0.897378,1,1,0
"Dc07937","Dc36616",0.64513,0.565628,NA,NA,0.826728,0.810272,0.387914,0
"Dc07937","Dc40235",0.516714,0.689956,NA,NA,0.441058,0.656952,0.090506,0
"Dc07937","Dc41234",0.675018,0.975404,NA,NA,NA,NA,0.204186,0
"Dc07937","Dc46984",0.42874,0.166668,NA,NA,0.18851,1,0.567258,0
"Dc07937","Dc47572",0.909636,0.165146,1,NA,0.15021,0.80605,1,0
"Dc07937","Dc47935",0.127072,0.867866,NA,NA,0.288698,1,0.311924,0
"Dc07937","Dc48207",0.708486,0.330556,NA,NA,0.595836,1,1,0
"Dc07937","Dc48950",0.574356,0.441948,NA,NA,0.990594,1,0.510986,0
"Dc07937","Dc49080",0.024816,0.993186,NA,NA,0.455814,1,1,1
"Dc07937","Dc49184",0.780196,0.843126,NA,NA,0.14202,0.083366,0.317582,0
"Dc07937","Dc51020",0.40364,0.613362,NA,NA,0.168312,0.577684,0.471876,0
"Dc07937","Dc52523",0.168528,0.218142,NA,NA,0.749588,0.030498,0.10501,1
"Dc07937","Dc55481",0.540398,0.00849,NA,0.499092,0.060736,Inf,1,1
"Dc07937","Dc58248",0.312132,0.879858,NA,1,0.033698,NA,0.731842,1
"Dc07937","Dc62188",0.886212,0.925852,NA,1,0.805596,NA,0.394964,0
"Dc07937","Dc67011",0.126646,0.653674,NA,0.600212,0.93349,NA,0.499462,0
"Dc07937","locus003",0.87338,0.400716,NA,1,0.677796,NA,0.007674,1
"Dc07937","locus004",0.8807,0.330734,NA,1,0.991938,NA,0.69674,0
"Dc07937","locus005",0.43394,0.713974,NA,1,0.107242,NA,0.63322,0
"Dc07937","locus006",0.84889,0.825902,NA,0.59938,0.358434,NA,0.254114,0
"Dc07937","locus008",0.06576,0.454552,NA,0.599452,0.320174,NA,0.568388,0
"Dc07937","locus013",0.82571,0.270288,NA,1,0.025084,NA,0.567216,1
"Dc07937","locus014",0.243232,0.368684,NA,1,0.311104,NA,0.84879,0
"Dc07937","locus022",0.02823,0.57354,NA,0.401976,0.583936,NA,1,1
"Dc07937","locus024",0.418342,0.691224,NA,0.597734,0.50262,NA,0.656874,0
"Dc07937","locus025",0.060448,0.536662,NA,1,0.586004,NA,0.512026,0
"Dc07937","locus027",0.7998,0.412992,NA,NA,NA,NA,NA,0
"Dc07937","locus030",0.950336,0.759052,NA,NA,0.8868,NA,0.90179,0
"Dc07937","locus035",0.846086,0.624278,NA,NA,0.156216,NA,0.250066,0
"Dc07937","locus038",0.224732,0.449758,NA,NA,0.038284,NA,0.540998,1
"Dc07937","locus039",0.020162,0.196526,NA,NA,0.20762,NA,0.084002,1
"Dc07937","locus040",0.369862,0.136786,NA,NA,0.898008,NA,0.49954,0
"Dc07937","locus041",0.013488,0.60277,1,NA,0.550652,NA,0.72176,1
"Dc07937","locus045",0.478046,0.493576,NA,NA,0.587836,NA,0.074068,0
"Dc07937","locus047",0.089132,0.920924,NA,NA,0.74187,NA,0.002962,1
"Dc07937","locus048",0.096918,0.702164,NA,NA,0.081286,NA,1,0
"Dc07937","locus053",0.540282,0.94872,NA,NA,0.24933,NA,0.150446,0
"Dc07937","locus055",0.837108,0.546042,NA,NA,0.083118,NA,0.849596,0
"Dc07937","locus056",0.225586,0.295878,NA,0.602456,0.919788,NA,0.74841,0
"Dc07937","locus058",0.63395,0.878522,NA,1,0.242134,NA,0.903918,0
"Dc07937","locus060",0.676556,0.650764,NA,Inf,0.509594,NA,1,0
"Dc07937","locus061",0.447274,NA,NA,NA,0.530496,NA,1,0
"Dc07937","locus062",0.070644,0.509576,NA,0.601024,0.802352,NA,0.583848,0
"Dc07937","locus064",0.94534,0.370728,NA,0.599816,0.044622,NA,0.499748,1
"Dc07937","locus065",0.23991,0.150786,NA,0.397544,0.433248,NA,1,0
"Dc07937","locus073",0.584752,0.908226,1,0.396758,0.031192,NA,0.415312,1
"Dc07937","locus074",0.4588,0.016512,1,0.60154,0.549412,NA,1,1
"Dc07937","locus076",0.639612,0.680806,NA,NA,0.690614,NA,0.811972,0
"Dc07937","locus077",0.316452,0.369624,NA,Inf,0.784556,NA,0.076204,0
"Dc07937","locus080",0.550572,0.268192,NA,NA,0.637922,NA,0.84958,0
"Dc07937","locus083",0.08375,NA,NA,NA,0.619038,NA,0.52289,0
"Dc07937","locus088",0.798866,0.14572,NA,NA,0.831396,NA,1,0
"Dc07937","locus093",0.22872,Inf,Inf,NA,1,NA,0.444784,0
"Dc07937","locus096",0.874334,0.592792,1,NA,0.551034,NA,0.147706,0
"Dc07937","locus098",0.005802,0.207736,NA,NA,0.96853,NA,1,1
"Dc07937","locus100",0.320344,0.956266,1,NA,0.647686,NA,0.190532,0
"Dc07937","locus106",0.029292,0.73025,NA,NA,0.60401,NA,1,1
"Dc07937","locus116",0.348198,0.318058,NA,NA,0.107924,NA,0.236992,0
"Dc07937","locus119",0.76895,0.92644,NA,NA,0.74405,NA,1,0
"Dc07937","locus120",0.315522,0.473004,NA,NA,0.361316,NA,0.091678,0
"Dc07937","locus128",0.829294,0.241596,NA,0.50181,0.198368,NA,1,0
"Dc07937","locus129",0.24689,0.317266,1,1,0.186238,NA,0.271726,0
"Dc07937","locus130",0.344594,NA,Inf,NA,0.725278,NA,0.485532,0
"Dc07937","locus134",0.723994,0.567318,NA,NA,0.256124,NA,0.386802,0
"Dc07937","locus135",0.11577,0.20457,NA,1,0.401346,NA,1,0
"Dc07937","locus137",0.555458,0.783682,NA,0.601748,0.483342,NA,0.736948,0
"Dc07937","locus139",0.846946,0.885206,NA,0.598122,0.080014,NA,1,0
"Dc07937","locus140",0.84905,0.886806,NA,0.597188,0.077526,NA,1,0
"Dc07937","locus146",0.981718,0.118756,1,1,0.924032,NA,0.267474,0
"Dc07937","locus148",0.827798,0.69135,NA,1,0.612614,NA,0.477366,0
"Dc07937","locus151",0.571072,NA,NA,1,0.29149,NA,1,0
"Dc07937","locus157",0.804486,NA,NA,NA,0.675744,NA,0.090426,0
"Dc07937","locus161",0.170828,0.52423,NA,1,0.152016,NA,1,0
"Dc07937","locus165",0.545948,0.354538,NA,NA,0.740456,NA,1,0
"Dc07937","locus170",0.599736,0.288636,NA,1,0.696912,NA,0.63008,0
"Dc07937","locus176",0.279734,NA,NA,NA,0.047992,NA,1,1
"Dc07937","locus184",0.953154,0.035302,1,0.600436,0.675236,NA,0.11354,1
"Dc07937","locus186",0.820298,0.17228,NA,0.59878,0.049954,NA,0.453088,1
"Dc07937","locus188",0.681766,0.841712,NA,NA,0.806086,NA,0.412704,0
"Dc07937","locus189",0.977838,0.503722,NA,1,0.91141,0.486388,0.90236,0
"Dc07937","locus190",0.51335,0.969056,NA,NA,0.770086,0.811652,0.367528,0
"Dc07937","locus191",0.648804,NA,NA,NA,0.808934,1,0.5473,0
"Dc07937","locus192",0.118984,0.881646,NA,NA,0.137454,1,1,0
"Dc07937","locus195",0.809614,0.612418,NA,NA,0.108856,0.65577,0.073984,0
"Dc07937","locus202",0.358402,0.231098,NA,NA,0.419096,1,1,0
"Dc07937","locus215",0.353786,NA,NA,NA,0.386434,1,1,0
"Dc07937","locus227",0.610256,0.940862,Inf,NA,0.448882,0.199504,1,0
"Dc07937","locus231",0.60733,0.768618,NA,NA,0.436968,NA,0.316516,0
"Dc07937","locus235",0.341496,0.1402,NA,NA,0.500456,Inf,0.633404,0
"Dc07937","locus236",0.560922,0.873486,NA,NA,0.68576,0.65794,0.242186,0
"Dc07937","locus237",0.63735,0.333064,NA,NA,0.240426,0.808672,0.598118,0
"Dc07937","locus239",0.114758,0.190008,NA,NA,0.576308,1,0.468186,0
"Dc07937","locus248",0.350706,0.895708,NA,NA,0.342034,0.65967,0.474598,0
"Dc07937","locus256",0.08321,0.877276,0.499684,NA,0.144364,Inf,0.296248,0
"Dc07937","locus263",0.057268,0.690298,1,NA,0.872568,NA,0.501132,0
"Dc07937","locus264",0.999064,0.269212,NA,NA,0.83481,NA,0.764074,0
"Dc07937","locus274",0.373004,0.044284,NA,NA,0.768038,NA,1,1
"Dc07937","locus280",0.709422,0.522082,NA,NA,0.283188,NA,0.694622,0
"Dc07937","locus282",0.4594,0.590632,NA,NA,0.3258,NA,1,0
"Dc07937","locus286",0.157382,0.138352,NA,NA,0.779638,NA,1,0
"Dc07937","locus291",0.872064,0.891464,NA,NA,0.94899,NA,0.246582,0
"Dc07937","locus292",0.004924,0.23575,NA,NA,0.924556,NA,1,1
"Dc07937","locus296",0.633682,0.080028,NA,NA,0.428634,NA,0.58499,0
"Dc07937","locus301",0.287004,0.839502,NA,NA,0.453202,NA,1,0
"Dc07937","locus314",0.736122,0.349648,NA,NA,1,NA,1,0
"Dc07937","locus321",0.357504,0.164284,NA,NA,0.165548,NA,0.90196,0
"Dc07937","locus322",0.867112,0.655978,NA,NA,0.299948,NA,0.413654,0
"Dc07937","locus323",0.777684,0.941502,NA,NA,0.954248,NA,0.87046,0
"Dc07937","locus329",0.78741,0.743448,NA,NA,0.395404,NA,0.192356,0
"Dc07937","locus332",0.633246,0.826656,1,NA,0.986136,NA,1,0
"Dc07937","locus358",0.863252,0.29618,NA,NA,0.456838,NA,0.345412,0
"Dc07937","locus359",0.573578,0.919048,NA,NA,0.169018,NA,Inf,0
"Dc07937","locus360",0.6794,0.640682,NA,NA,0.563902,NA,0.904154,0
"Dc08054","Dc08189",0.226078,0.20461,NA,NA,0.45079,1,0.866396,0
"Dc08054","Dc08463",0.939614,0.591014,NA,NA,0.22626,1,0.892726,0
"Dc08054","Dc08865",0.539882,0.9985,NA,NA,0.014208,0.427682,0.075952,1
"Dc08054","Dc10003",0.889216,NA,NA,NA,0.778148,Inf,NA,0
"Dc08054","Dc10390",0.85354,0.675938,NA,NA,0.221308,Inf,0.387664,0
"Dc08054","Dc10878",0.955576,0.823752,NA,NA,0.412318,NA,0.672996,0
"Dc08054","Dc10885",0.94228,0.56604,0.164272,NA,0.38633,1,0.414258,0
"Dc08054","Dc11203",0.580124,0.357192,NA,NA,0.238704,0.570392,0.815556,0
"Dc08054","Dc11714",0.737122,0.193018,NA,NA,0.640536,1,1,0
"Dc08054","Dc13159",0.123692,0.498992,NA,NA,0.601316,1,0.933734,0
"Dc08054","Dc13592",0.908768,0.661284,NA,NA,0.396568,0.334792,0.009876,1
"Dc08054","Dc14022",0.617036,0.278764,NA,NA,Inf,1,Inf,0
"Dc08054","Dc14945",0.560606,0.62418,NA,NA,0.721152,Inf,0.53331,0
"Dc08054","Dc16747",0.518786,0.86321,0.333776,NA,0.486388,Inf,1,0
"Dc08054","Dc18951",0.243696,0.533494,NA,NA,0.812502,0.57151,0.4412,0
"Dc08054","Dc20232",0.66055,0.448134,NA,NA,0.509898,0.573184,1,0
"Dc08054","Dc22883",0.207796,0.080308,NA,NA,0.517338,NA,0.03657,1
"Dc08054","Dc22887",0.165086,0.582536,NA,NA,0.20792,0.42896,0.14044,0
"Dc08054","Dc27955",0.213558,0.07314,NA,NA,0.618634,NA,0.635288,0
"Dc08054","Dc28124",0.147108,0.785696,NA,NA,0.115822,Inf,0.432616,0
"Dc08054","Dc28776",0.702792,0.292126,NA,NA,0.432932,0.429172,0.532724,0
"Dc08054","Dc30071",0.05389,0.297638,NA,NA,0.39852,0.14308,0.24904,0
"Dc08054","Dc31007",0.881828,NA,NA,NA,0.0356,NA,0.209842,1
"Dc08054","Dc33714",0.80225,0.440672,NA,NA,0.826218,1,0.395708,0
"Dc08054","Dc33907",0.904464,0.651778,NA,NA,0.19642,1,0.553434,0
"Dc08054","Dc34902",0.756186,0.81664,NA,NA,0.629662,Inf,1,0
"Dc08054","Dc35779",0.330432,0.35474,NA,NA,0.97656,1,0.519476,0
"Dc08054","Dc36571",0.735324,0.983152,NA,NA,0.117056,0.199694,0.929324,0
"Dc08054","Dc36616",0.334952,0.814924,NA,NA,0.789532,0.2857,0.612964,0
"Dc08054","Dc40235",0.599842,0.848468,NA,NA,0.034548,0.428524,0.613818,1
"Dc08054","Dc41234",0.971782,0.178696,NA,NA,NA,NA,0.90643,0
"Dc08054","Dc46984",0.770486,0.618394,NA,NA,0.20068,1,0.115332,0
"Dc08054","Dc47572",0.887222,0.500614,1,NA,0.776476,1,0.076132,0
"Dc08054","Dc47935",0.85839,0.771362,NA,NA,0.081118,0.428428,0.884784,0
"Dc08054","Dc48207",0.812458,1,NA,NA,0.647472,1,0.585852,0
"Dc08054","Dc48950",0.745166,0.74673,NA,NA,0.548852,0.426668,0.681298,0
"Dc08054","Dc49080",0.634318,0.715476,NA,NA,0.030594,0.285274,0.197982,1
"Dc08054","Dc49184",0.386868,0.894472,NA,NA,0.19672,1,0.43274,0
"Dc08054","Dc51020",0.021662,0.817558,NA,NA,0.715508,0.142522,0.784382,1
"Dc08054","Dc52523",0.683406,0.07801,NA,NA,0.823512,1,0.099652,0
"Dc08054","Dc55481",0.470018,0.898826,NA,0.498696,0.86129,NA,0.10962,0
"Dc08054","Dc58248",0.350244,0.02912,NA,0.485046,0.926026,NA,0.465394,1
"Dc08054","Dc62188",0.061262,0.455386,Inf,1,0.285622,NA,0.214656,0
"Dc08054","Dc67011",0.889506,0.819514,NA,1,0.200842,NA,0.216198,0
"Dc08054","locus003",0.90797,0.783008,NA,1,0.307258,NA,0.411084,0
"Dc08054","locus004",0.486184,0.46122,NA,1,0.05722,NA,1,0
"Dc08054","locus005",0.339686,0.719572,NA,1,0.291748,NA,0.532934,0
"Dc08054","locus006",0.897212,0.558398,NA,1,0.821002,NA,0.904542,0
"Dc08054","locus008",0.552526,0.159858,NA,1,0.00623,NA,0.021936,2
"Dc08054","locus013",0.215732,0.416354,NA,0.65567,0.666936,NA,0.834202,0
"Dc08054","locus014",0.153486,0.539178,NA,0.658714,0.232506,NA,0.040236,1
"Dc08054","locus022",0.954978,0.813236,NA,0.82584,0.240782,NA,0.222952,0
"Dc08054","locus024",0.496678,0.956208,NA,1,0.728956,NA,0.91688,0
"Dc08054","locus025",0.418342,0.009144,NA,0.800336,0.509748,NA,0.13967,1
"Dc08054","locus027",0.410184,0.53015,NA,NA,NA,NA,NA,0
"Dc08054","locus030",0.381968,0.689546,NA,NA,0.972856,NA,0.924232,0
"Dc08054","locus035",0.476622,0.78006,NA,NA,0.58872,NA,1,0
"Dc08054","locus038",0.042484,0.952688,NA,NA,0.9947,NA,0.124028,1
"Dc08054","locus039",0.923082,0.55467,NA,NA,0.257802,NA,0.327538,0
"Dc08054","locus040",0.353626,0.35068,NA,NA,0.316862,NA,0.55004,0
"Dc08054","locus041",0.545946,0.524666,0.333646,NA,0.725582,NA,0.655682,0
"Dc08054","locus045",0.142546,0.195544,NA,NA,0.968042,NA,0.680842,0
"Dc08054","locus047",0.403628,0.888566,NA,NA,0.25081,NA,0.060528,0
"Dc08054","locus048",0.34839,0.49014,NA,NA,0.48612,NA,0.42961,0
"Dc08054","locus053",0.702346,0.880012,NA,NA,0.602642,NA,0.409398,0
"Dc08054","locus055",0.406506,0.482126,NA,NA,0.769604,NA,0.417476,0
"Dc08054","locus056",0.542658,0.102638,NA,0.143934,0.440816,NA,0.382142,0
"Dc08054","locus058",0.698566,0.85489,NA,0.057024,0.681452,NA,0.184348,0
"Dc08054","locus060",0.05602,0.618172,NA,1,0.688482,NA,0.284714,0
"Dc08054","locus061",0.023508,NA,NA,NA,0.541488,NA,1,1
"Dc08054","locus062",0.26111,0.482942,NA,0.57014,0.125816,NA,0.00995,1
"Dc08054","locus064",0.072504,0.574228,NA,1,0.958626,NA,0.220906,0
"Dc08054","locus065",0.7137,0.014516,NA,0.572696,0.397442,NA,0.798902,1
"Dc08054","locus073",0.315594,0.26818,1,0.799918,0.202022,NA,0.982106,0
"Dc08054","locus074",0.537836,0.513304,1,1,0.029716,NA,0.79066,1
"Dc08054","locus076",0.90627,0.355058,NA,NA,0.750812,NA,0.105454,0
"Dc08054","locus077",0.927576,0.036712,NA,Inf,0.332728,NA,0.23426,1
"Dc08054","locus080",0.20859,0.54133,NA,NA,0.483548,NA,0.487694,0
"Dc08054","locus083",0.001836,NA,NA,NA,0.900256,NA,0.70572,1
"Dc08054","locus088",0.997516,0.46312,NA,NA,0.330638,NA,0.8943,0
"Dc08054","locus093",1,Inf,Inf,NA,0.045896,NA,1,1
"Dc08054","locus096",0.438988,0.380834,0.500322,NA,0.997858,NA,0.67374,0
"Dc08054","locus098",0.432666,0.23677,NA,NA,0.953584,NA,0.956792,0
"Dc08054","locus100",0.177564,0.497642,1,NA,0.741168,NA,0.089162,0
"Dc08054","locus106",0.253354,0.6958,NA,NA,0.72091,NA,0.42181,0
"Dc08054","locus116",0.633864,0.699266,NA,NA,0.942216,NA,0.357994,0
"Dc08054","locus119",0.709902,0.175138,NA,NA,0.082952,NA,0.265404,0
"Dc08054","locus120",0.35122,0.793192,NA,NA,0.07125,NA,0.939878,0
"Dc08054","locus128",0.827928,0.779642,NA,0.500732,0.533094,NA,1,0
"Dc08054","locus129",0.236242,0.310844,1,0.486308,0.419778,NA,1,0
"Dc08054","locus130",0.996524,NA,Inf,NA,0.698538,NA,0.343968,0
"Dc08054","locus134",0.854962,0.769936,NA,NA,0.225204,NA,0.616198,0
"Dc08054","locus135",0.41643,0.402684,NA,0.569102,0.495074,NA,0.226504,0
"Dc08054","locus137",0.592006,0.89263,NA,1,0.036982,NA,0.164116,1
"Dc08054","locus139",0.00937,0.128718,NA,0.571802,0.973316,NA,0.764368,1
"Dc08054","locus140",0.009594,0.128984,NA,0.56998,0.972354,NA,0.765032,1
"Dc08054","locus146",0.136034,0.596528,1,0.601898,0.041868,NA,0.816326,1
"Dc08054","locus148",0.160568,0.883382,NA,1,0.37059,NA,0.450116,0
"Dc08054","locus151",0.102276,NA,NA,1,0.26985,NA,0.900624,0
"Dc08054","locus157",0.472208,NA,NA,NA,0.361694,NA,0.193482,0
"Dc08054","locus161",0.56752,0.026382,NA,0.570808,0.497838,NA,0.686066,1
"Dc08054","locus165",0.33517,0.950012,NA,NA,0.191578,NA,0.938318,0
"Dc08054","locus170",0.977912,0.54145,NA,0.486122,0.581284,NA,0.79149,0
"Dc08054","locus176",0.643922,NA,NA,NA,0.148198,NA,0.786362,0
"Dc08054","locus184",0.592502,0.048408,0.500612,1,0.525224,NA,0.076982,1
"Dc08054","locus186",0.412132,0.509264,NA,1,0.652888,NA,0.39118,0
"Dc08054","locus188",0.520118,0.67067,NA,NA,0.508738,NA,0.341638,0
"Dc08054","locus189",0.433528,0.516324,NA,0.802804,0.673158,1,0.85595,0
"Dc08054","locus190",0.932792,0.7543,NA,NA,0.867216,0.284936,0.515742,0
"Dc08054","locus191",0.750368,NA,NA,NA,0.899032,0.572642,0.269382,0
"Dc08054","locus192",0.993016,0.182332,NA,NA,0.21494,0.286522,0.250934,0
"Dc08054","locus195",0.200168,0.296798,NA,NA,0.44992,1,0.880736,0
"Dc08054","locus202",0.090648,0.635004,NA,NA,0.257054,0.428178,0.35642,0
"Dc08054","locus215",0.760426,NA,NA,NA,0.263538,0.43096,1,0
"Dc08054","locus227",0.189982,0.145298,Inf,NA,0.754816,1,1,0
"Dc08054","locus231",0.922924,0.707558,NA,NA,0.993476,NA,0.460838,0
"Dc08054","locus235",0.535886,0.71981,NA,NA,0.255648,Inf,0.811342,0
"Dc08054","locus236",0.29742,0.45763,NA,NA,0.845332,0.427904,0.339382,0
"Dc08054","locus237",0.614876,0.391508,NA,NA,0.711214,1,0.091408,0
"Dc08054","locus239",0.854516,0.049498,NA,NA,0.070116,0.568194,0.127512,1
"Dc08054","locus248",0.43647,0.851292,NA,NA,0.810846,0.428986,0.148218,0
"Dc08054","locus256",0.352446,0.537066,1,NA,0.175584,NA,0.781292,0
"Dc08054","locus263",0.195586,0.317872,1,NA,1,NA,1,0
"Dc08054","locus264",0.144474,0.151936,NA,NA,0.933152,NA,0.084418,0
"Dc08054","locus274",0.984224,0.732336,NA,NA,0.616596,NA,0.19824,0
"Dc08054","locus280",0.383554,0.394788,NA,NA,0.336814,NA,0.716768,0
"Dc08054","locus282",0.163572,0.482942,NA,NA,0.25348,NA,0.938134,0
"Dc08054","locus286",0.39046,0.90766,NA,NA,0.42201,NA,1,0
"Dc08054","locus291",0.370058,0.92592,NA,NA,0.113554,NA,0.872184,0
"Dc08054","locus292",0.61324,0.117062,NA,NA,0.246146,NA,0.477392,0
"Dc08054","locus296",0.502052,0.024382,NA,NA,0.131756,NA,0.245566,1
"Dc08054","locus301",0.335632,0.188156,NA,NA,0.835954,NA,0.538666,0
"Dc08054","locus314",0.042328,0.645384,NA,NA,0.586466,NA,0.82207,1
"Dc08054","locus321",0.05137,0.257102,NA,NA,0.47425,NA,0.923842,0
"Dc08054","locus322",0.503404,0.141372,NA,NA,0.212766,NA,0.89039,0
"Dc08054","locus323",0.970228,0.985114,NA,NA,0.171922,NA,0.768438,0
"Dc08054","locus329",0.51964,0.487422,NA,NA,0.556364,NA,0.097434,0
"Dc08054","locus332",0.544754,0.359334,0.500216,NA,0.087598,NA,0.224042,0
"Dc08054","locus358",0.865306,0.12789,NA,NA,0.907754,NA,0.675732,0
"Dc08054","locus359",0.23593,0.112736,NA,NA,0.997818,NA,1,0
"Dc08054","locus360",0.804286,0.407684,NA,NA,0.09161,NA,0.787876,0
"Dc08189","Dc08463",0.349196,0.364234,NA,NA,0.870498,1,0.133616,0
"Dc08189","Dc08865",0.700238,0.833726,NA,NA,0.811924,1,0.964304,0
"Dc08189","Dc10003",0.926984,NA,NA,NA,0.715512,Inf,NA,0
"Dc08189","Dc10390",0.725822,0.639752,NA,NA,0.197108,Inf,0.834084,0
"Dc08189","Dc10878",0.157376,0.380274,NA,NA,0.69674,NA,1,0
"Dc08189","Dc10885",0.85304,0.742008,1,NA,0.761226,0.599192,0.511952,0
"Dc08189","Dc11203",1,0.081108,NA,NA,0.134472,1,0.538508,0
"Dc08189","Dc11714",0.862902,0.407038,NA,NA,0.334526,1,0.126226,0
"Dc08189","Dc13159",0.883582,0.389544,NA,NA,0.335198,1,0.330048,0
"Dc08189","Dc13592",0.529502,0.464256,NA,NA,0.299084,1,0.702124,0
"Dc08189","Dc14022",0.73054,0.498604,NA,NA,Inf,1,Inf,0
"Dc08189","Dc14945",0.005522,0.413296,NA,NA,0.16172,Inf,1,1
"Dc08189","Dc16747",0.839974,0.939928,Inf,NA,0.128134,Inf,1,0
"Dc08189","Dc18951",0.186876,0.5147,NA,NA,0.026528,1,0.42371,1
"Dc08189","Dc20232",0.881238,0.591778,NA,NA,0.176962,1,0.838504,0
"Dc08189","Dc22883",0.14667,0.24926,NA,NA,0.25186,NA,0.71438,0
"Dc08189","Dc22887",0.628876,0.006134,NA,NA,0.792552,1,0.155542,1
"Dc08189","Dc27955",0.325696,0.119938,NA,NA,0.327358,NA,0.817046,0
"Dc08189","Dc28124",0.586804,0.326534,NA,NA,0.495788,Inf,1,0
"Dc08189","Dc28776",0.934772,0.496084,NA,NA,0.80689,1,0.966268,0
"Dc08189","Dc30071",0.588282,0.172576,NA,NA,0.627276,1,0.888146,0
"Dc08189","Dc31007",0.920556,NA,NA,NA,0.029456,NA,1,1
"Dc08189","Dc33714",0.61356,0.245036,Inf,NA,0.133598,1,0.764578,0
"Dc08189","Dc33907",0.8423,0.23637,NA,NA,0.077732,1,0.054658,0
"Dc08189","Dc34902",0.159008,0.505368,NA,NA,0.737988,Inf,1,0
"Dc08189","Dc35779",0.772296,0.621054,NA,NA,0.198462,0.397242,0.35742,0
"Dc08189","Dc36571",0.39887,0.031384,NA,NA,0.122708,1,0.76372,1
"Dc08189","Dc36616",0.324072,0.98471,NA,NA,0.03983,0.601318,1,1
"Dc08189","Dc40235",0.259836,0.200094,NA,NA,0.968302,1,0.617392,0
"Dc08189","Dc41234",0.740308,0.785308,NA,NA,NA,NA,0.941426,0
"Dc08189","Dc46984",0.264304,0.164672,NA,NA,0.229708,0.734616,0.975914,0
"Dc08189","Dc47572",0.976958,0.530118,1,NA,0.660568,0.600916,0.624728,0
"Dc08189","Dc47935",0.268666,0.79589,NA,NA,0.275518,1,0.832856,0
"Dc08189","Dc48207",0.324316,0.072012,NA,NA,1,1,1,0
"Dc08189","Dc48950",0.525796,0.533568,NA,NA,0.340766,1,0.132226,0
"Dc08189","Dc49080",0.937746,0.548256,NA,NA,0.640902,1,0.372966,0
"Dc08189","Dc49184",0.442648,0.149984,NA,NA,0.377652,0.599042,0.18265,0
"Dc08189","Dc51020",0.771462,0.149574,NA,NA,0.65265,1,0.843928,0
"Dc08189","Dc52523",0.90519,0.047546,NA,NA,0.065016,0.732584,0.947998,1
"Dc08189","Dc55481",0.5196,0.87545,NA,1,0.483706,NA,1,0
"Dc08189","Dc58248",0.534012,0.7901,NA,1,0.830528,NA,0.135488,0
"Dc08189","Dc62188",0.24246,0.879312,NA,1,0.576138,NA,0.897878,0
"Dc08189","Dc67011",0.198236,0.762194,NA,0.199952,0.336444,NA,0.307766,0
"Dc08189","locus003",0.334906,0.211056,NA,0.332802,0.159064,NA,0.077704,0
"Dc08189","locus004",0.273468,0.230274,NA,0.598904,0.513136,NA,0.038114,1
"Dc08189","locus005",0.632378,0.431446,NA,0.599648,0.660046,NA,0.418792,0
"Dc08189","locus006",0.921412,0.652152,NA,0.199618,0.88149,NA,0.081168,0
"Dc08189","locus008",0.94122,0.547764,NA,1,0.054798,NA,0.56816,0
"Dc08189","locus013",0.25776,0.765254,NA,1,0.069844,NA,0.001766,1
"Dc08189","locus014",0.690132,0.62946,NA,1,0.778416,NA,0.700506,0
"Dc08189","locus022",0.810554,0.33315,NA,1,0.524008,NA,0.38991,0
"Dc08189","locus024",0.78811,0.44126,NA,0.199814,0.09405,NA,0.933976,0
"Dc08189","locus025",0.488306,0.168788,NA,1,0.993532,NA,0.507624,0
"Dc08189","locus027",0.270954,0.060552,NA,NA,NA,NA,NA,0
"Dc08189","locus030",0.132386,0.341724,NA,NA,0.66467,NA,0.618644,0
"Dc08189","locus035",0.927334,0.708552,NA,NA,0.81723,NA,0.859938,0
"Dc08189","locus038",0.548966,0.515674,NA,NA,0.408334,NA,0.280304,0
"Dc08189","locus039",0.296506,0.425786,NA,NA,0.203984,NA,0.307716,0
"Dc08189","locus040",0.546382,0.404662,NA,NA,0.217146,NA,1,0
"Dc08189","locus041",0.199644,0.464056,Inf,NA,0.88551,NA,0.484028,0
"Dc08189","locus045",0.629764,0.933294,NA,NA,0.078938,NA,0.272816,0
"Dc08189","locus047",0.611394,0.29274,NA,NA,0.305438,NA,0.888062,0
"Dc08189","locus048",0.058214,0.65519,NA,NA,0.955218,NA,1,0
"Dc08189","locus053",0.403718,0.806502,NA,NA,0.501302,NA,0.700352,0
"Dc08189","locus055",0.29394,0.462232,NA,NA,0.01155,NA,0.441042,1
"Dc08189","locus056",0.878354,0.217448,NA,1,0.848678,NA,0.221774,0
"Dc08189","locus058",0.341118,0.137406,NA,0.330666,0.786242,NA,0.34805,0
"Dc08189","locus060",0.733362,0.605954,NA,Inf,0.816982,NA,0.439092,0
"Dc08189","locus061",0.96899,NA,NA,NA,0.31223,NA,0.771634,0
"Dc08189","locus062",0.083884,0.560456,NA,1,0.567042,NA,0.29697,0
"Dc08189","locus064",0.594478,0.205926,NA,1,0.934498,NA,0.15009,0
"Dc08189","locus065",0.254666,0.753548,NA,0.599006,0.614248,NA,0.307634,0
"Dc08189","locus073",0.412808,0.372048,0.333906,1,0.672478,NA,0.664904,0
"Dc08189","locus074",0.422048,0.403542,1,1,0.173512,NA,0.937878,0
"Dc08189","locus076",0.77143,0.55742,NA,NA,0.700546,NA,0.52638,0
"Dc08189","locus077",0.767952,0.829262,NA,Inf,1,NA,0.741254,0
"Dc08189","locus080",0.791904,0.156108,Inf,NA,0.171774,NA,0.47821,0
"Dc08189","locus083",0.481272,NA,NA,NA,0.002214,NA,0.555958,1
"Dc08189","locus088",0.600788,0.428142,NA,NA,0.705832,NA,0.014574,1
"Dc08189","locus093",0.379892,Inf,Inf,NA,0.343216,NA,0.221744,0
"Dc08189","locus096",0.357826,0.514722,1,NA,0.266096,NA,0.087938,0
"Dc08189","locus098",0.786478,0.502158,NA,NA,0.083132,NA,1,0
"Dc08189","locus100",0.641268,0.434838,1,NA,0.483354,NA,0.914928,0
"Dc08189","locus106",0.180634,0.486832,NA,NA,0.763476,NA,0.296928,0
"Dc08189","locus116",0.756292,0.246702,NA,NA,0.14461,NA,0.371484,0
"Dc08189","locus119",0.190994,0.718808,NA,NA,0.775638,NA,0.244854,0
"Dc08189","locus120",0.761366,0.739442,NA,NA,0.822246,NA,0.803918,0
"Dc08189","locus128",0.710866,0.027508,NA,1,0.834732,NA,0.418272,1
"Dc08189","locus129",0.952548,0.669228,1,0.201424,0.44987,NA,0.429328,0
"Dc08189","locus130",0.08221,NA,NA,NA,0.001586,NA,0.273862,1
"Dc08189","locus134",0.927298,0.207592,NA,NA,0.885374,NA,0.859852,0
"Dc08189","locus135",0.83142,0.279298,NA,1,0.86758,NA,0.266726,0
"Dc08189","locus137",0.278124,0.821088,NA,0.198866,0.229276,NA,0.128708,0
"Dc08189","locus139",0.287932,0.072668,NA,0.19809,0.6913,NA,0.143014,0
"Dc08189","locus140",0.284538,0.073214,NA,0.200632,0.691796,NA,0.14659,0
"Dc08189","locus146",0.081316,0.22665,1,0.199234,0.941554,NA,0.6678,0
"Dc08189","locus148",0.12881,0.457416,NA,0.596796,0.851744,NA,0.536388,0
"Dc08189","locus151",0.942704,NA,NA,0.33537,0.156984,NA,0.7371,0
"Dc08189","locus157",0.606626,NA,NA,NA,0.417984,NA,0.295894,0
"Dc08189","locus161",0.516682,0.101384,NA,1,0.899126,NA,0.733466,0
"Dc08189","locus165",0.673404,0.525048,NA,NA,0.417124,NA,0.803498,0
"Dc08189","locus170",0.479,0.032628,NA,0.331102,0.973492,NA,0.728132,1
"Dc08189","locus176",0.238016,NA,Inf,NA,0.443592,NA,0.933454,0
"Dc08189","locus184",0.772978,0.0411,1,1,0.651866,NA,0.751328,1
"Dc08189","locus186",0.554928,0.118128,NA,1,1,NA,0.837472,0
"Dc08189","locus188",0.128534,0.403398,NA,NA,0.79409,NA,0.634724,0
"Dc08189","locus189",0.436212,0.448498,NA,1,0.197338,1,0.055256,0
"Dc08189","locus190",0.665642,0.896966,NA,NA,0.511382,0.601774,0.627616,0
"Dc08189","locus191",0.159308,NA,NA,NA,0.04999,1,0.926394,1
"Dc08189","locus192",0.622884,0.889936,NA,NA,0.728414,1,0.075898,0
"Dc08189","locus195",0.629966,0.496452,NA,NA,0.192786,1,0.715184,0
"Dc08189","locus202",0.679812,0.7701,NA,NA,0.780868,1,0.273626,0
"Dc08189","locus215",0.787734,NA,NA,NA,0.47023,0.598996,0.570718,0
"Dc08189","locus227",0.682136,0.599244,Inf,NA,0.798196,1,1,0
"Dc08189","locus231",0.197782,0.947466,NA,NA,0.81789,NA,0.120756,0
"Dc08189","locus235",0.509526,0.444694,NA,NA,0.255828,Inf,0.845322,0
"Dc08189","locus236",0.140234,0.647674,NA,NA,0.008378,1,1,1
"Dc08189","locus237",0.254058,0.255836,NA,NA,0.886874,1,0.065854,0
"Dc08189","locus239",0.853756,0.141074,NA,NA,0.147448,1,0.425578,0
"Dc08189","locus248",0.00962,0.926406,NA,NA,0.895346,0.400306,0.870366,1
"Dc08189","locus256",0.433012,0.190386,0.165048,NA,0.802962,NA,0.13441,0
"Dc08189","locus263",0.889866,0.050906,Inf,NA,0.198788,NA,0.153952,0
"Dc08189","locus264",0.315646,0.454872,NA,NA,0.160538,NA,1,0
"Dc08189","locus274",0.1029,0.787376,NA,NA,0.00344,NA,0.58834,1
"Dc08189","locus280",0.464562,0.052288,NA,NA,0.98309,NA,0.036138,1
"Dc08189","locus282",0.603734,0.393168,NA,NA,0.272626,NA,0.805038,0
"Dc08189","locus286",0.889996,0.421558,NA,NA,0.384904,NA,0.859564,0
"Dc08189","locus291",0.308092,0.804156,NA,NA,0.890452,NA,1,0
"Dc08189","locus292",0.479096,0.643104,NA,NA,0.814538,NA,0.80308,0
"Dc08189","locus296",0.292428,0.620484,NA,NA,0.104982,NA,0.765136,0
"Dc08189","locus301",0.748642,0.54089,NA,NA,0.194434,NA,1,0
"Dc08189","locus314",0.017274,0.561452,NA,NA,0.589384,NA,1,1
"Dc08189","locus321",0.134392,0.128984,NA,NA,0.802886,NA,0.572164,0
"Dc08189","locus322",0.681314,0.33994,NA,NA,0.598582,NA,0.642416,0
"Dc08189","locus323",0.159288,0.004542,NA,NA,0.445994,NA,1,1
"Dc08189","locus329",0.358722,0.430536,NA,NA,0.733114,NA,0.66228,0
"Dc08189","locus332",0.679156,0.69111,0.500426,NA,0.55937,NA,0.791018,0
"Dc08189","locus358",0.02267,0.12991,NA,NA,0.258338,NA,0.35931,1
"Dc08189","locus359",0.378808,0.642,NA,NA,0.298718,NA,Inf,0
"Dc08189","locus360",0.163322,0.847952,NA,NA,0.558848,NA,0.283788,0
"Dc08463","Dc08865",0.755422,0.159988,NA,NA,0.906742,0.144298,0.145364,0
"Dc08463","Dc10003",0.625666,NA,NA,NA,0.014574,Inf,NA,1
"Dc08463","Dc10390",0.464194,0.790494,NA,NA,1,Inf,0.795884,0
"Dc08463","Dc10878",0.601812,0.238378,NA,NA,0.896098,NA,0.466406,0
"Dc08463","Dc10885",0.548242,0.117568,Inf,NA,0.701396,1,0.660096,0
"Dc08463","Dc11203",0.005716,0.45078,NA,NA,0.343242,0.57105,0.106348,1
"Dc08463","Dc11714",0.337446,0.54045,NA,NA,0.585612,1,0.081326,0
"Dc08463","Dc13159",0.03996,0.471554,NA,NA,0.688852,1,0.924206,1
"Dc08463","Dc13592",0.836852,0.472048,NA,NA,0.634692,0.33348,0.299276,0
"Dc08463","Dc14022",1,0.708022,NA,NA,Inf,0.143428,Inf,0
"Dc08463","Dc14945",0.00147,0.650148,NA,NA,0.073766,Inf,1,1
"Dc08463","Dc16747",0.13159,0.921374,NA,NA,0.36297,Inf,1,0
"Dc08463","Dc18951",0.9055,0.465278,NA,NA,0.856054,1,0.129566,0
"Dc08463","Dc20232",0.879594,0.555782,NA,NA,0.231024,0.2832,0.172746,0
"Dc08463","Dc22883",0.330116,0.640754,Inf,NA,0.134664,NA,0.580008,0
"Dc08463","Dc22887",0.527696,0.557942,NA,NA,0.1362,1,0.532542,0
"Dc08463","Dc27955",0.06052,1,NA,NA,0.117604,NA,0.619516,0
"Dc08463","Dc28124",0.556418,0.438524,NA,NA,0.784758,Inf,0.34208,0
"Dc08463","Dc28776",0.64977,0.169242,NA,NA,0.162734,1,0.18524,0
"Dc08463","Dc30071",0.095474,0.927402,NA,NA,0.144674,0.429812,0.421296,0
"Dc08463","Dc31007",0.445648,NA,NA,NA,0.344714,NA,0.286798,0
"Dc08463","Dc33714",0.289864,0.130824,NA,NA,0.423436,1,0.760508,0
"Dc08463","Dc33907",0.287264,0.705378,NA,NA,0.979212,0.502076,0.861006,0
"Dc08463","Dc34902",0.518928,0.727866,NA,NA,0.931314,Inf,0.516614,0
"Dc08463","Dc35779",0.868724,0.91281,NA,NA,0.959772,1,0.454412,0
"Dc08463","Dc36571",0.616996,0.449038,NA,NA,0.660518,1,0.917644,0
"Dc08463","Dc36616",0.90632,0.704058,NA,NA,0.694444,1,0.69411,0
"Dc08463","Dc40235",0.201648,0.802656,NA,NA,0.017198,1,0.69212,1
"Dc08463","Dc41234",0.130664,0.700074,NA,NA,NA,NA,0.36292,0
"Dc08463","Dc46984",0.977144,0.396404,NA,NA,0.203708,0.428648,0.791348,0
"Dc08463","Dc47572",0.749082,0.762112,Inf,NA,0.016224,0.28681,0.27374,1
"Dc08463","Dc47935",0.621344,0.361974,NA,NA,0.050142,0.42907,0.635914,0
"Dc08463","Dc48207",0.559292,1,NA,NA,0.130076,1,0.334556,0
"Dc08463","Dc48950",0.53187,0.907196,NA,NA,0.938598,1,0.175298,0
"Dc08463","Dc49080",0.045842,0.618508,NA,NA,0.270024,1,0.05802,1
"Dc08463","Dc49184",0.106618,0.839396,NA,NA,0.15696,1,0.69359,0
"Dc08463","Dc51020",0.883692,0.812774,NA,NA,0.51563,1,0.313006,0
"Dc08463","Dc52523",0.89758,0.008938,NA,NA,0.199646,0.1426,0.828648,1
"Dc08463","Dc55481",0.819164,0.538454,NA,1,0.38777,NA,1,0
"Dc08463","Dc58248",0.195238,0.633918,NA,1,0.921044,NA,0.539586,0
"Dc08463","Dc62188",0.624706,0.70168,NA,0.772056,0.983346,NA,0.825794,0
"Dc08463","Dc67011",0.82578,0.851298,NA,1,0.861112,NA,0.794496,0
"Dc08463","locus003",0.714462,0.04657,NA,0.230658,0.495172,NA,0.654786,1
"Dc08463","locus004",1,0.768768,NA,0.433254,0.922816,NA,0.814352,0
"Dc08463","locus005",0.523092,0.381092,NA,1,0.4973,NA,0.843402,0
"Dc08463","locus006",0.123266,0.555188,NA,1,0.6007,NA,0.535564,0
"Dc08463","locus008",0.49261,0.297366,NA,0.620126,0.47143,NA,0.411288,0
"Dc08463","locus013",0.690882,0.628274,NA,0.429954,0.223872,NA,0.026252,1
"Dc08463","locus014",0.24602,0.086826,NA,1,0.850042,NA,0.927076,0
"Dc08463","locus022",0.501418,0.771722,NA,1,0.385284,NA,0.892884,0
"Dc08463","locus024",0.870278,1,NA,1,0.84195,NA,0.21885,0
"Dc08463","locus025",0.991766,0.269672,NA,0.200426,0.482036,NA,0.070876,0
"Dc08463","locus027",0.419574,0.274776,NA,NA,NA,NA,NA,0
"Dc08463","locus030",0.136784,0.523824,NA,NA,0.087098,NA,0.345934,0
"Dc08463","locus035",0.657282,0.095594,NA,NA,0.077306,NA,1,0
"Dc08463","locus038",0.388608,0.644598,NA,NA,0.528838,NA,0.039004,1
"Dc08463","locus039",0.472928,0.223042,NA,NA,0.659784,NA,0.103772,0
"Dc08463","locus040",0.677016,0.368582,NA,NA,0.289938,NA,1,0
"Dc08463","locus041",0.985564,0.253516,NA,NA,0.701806,NA,1,0
"Dc08463","locus045",0.82321,0.09019,NA,NA,0.474588,NA,0.80727,0
"Dc08463","locus047",0.442468,0.63638,NA,NA,0.97721,NA,1,0
"Dc08463","locus048",1,0.589656,NA,NA,0.310206,NA,1,0
"Dc08463","locus053",0.60079,0.44076,NA,NA,0.057944,NA,0.514376,0
"Dc08463","locus055",0.024486,0.973014,NA,NA,0.01026,NA,1,2
"Dc08463","locus056",0.112896,0.054664,NA,0.432318,0.337968,NA,0.728702,0
"Dc08463","locus058",0.87128,0.767724,NA,1,0.44241,NA,0.777574,0
"Dc08463","locus060",0.803006,0.683768,NA,0.143998,0.793206,NA,0.523032,0
"Dc08463","locus061",1,NA,NA,NA,0.30094,NA,0.460568,0
"Dc08463","locus062",0.82834,0.375328,NA,0.336176,0.936864,NA,0.716574,0
"Dc08463","locus064",0.890076,0.676424,NA,1,0.40463,NA,0.619318,0
"Dc08463","locus065",0.725114,0.110648,NA,0.61822,0.863966,NA,1,0
"Dc08463","locus073",1,0.082472,Inf,0.799684,0.306812,NA,0.917546,0
"Dc08463","locus074",0.532562,0.244262,Inf,0.618454,0.099842,NA,0.304346,0
"Dc08463","locus076",0.775456,0.5249,Inf,NA,0.41455,NA,0.880432,0
"Dc08463","locus077",0.152768,0.093298,NA,Inf,0.087966,NA,1,0
"Dc08463","locus080",0.791138,0.240222,NA,NA,0.348472,NA,1,0
"Dc08463","locus083",0.131132,NA,NA,NA,0.85194,NA,1,0
"Dc08463","locus088",0.57218,0.793128,NA,NA,0.812212,NA,0.36054,0
"Dc08463","locus093",0.359566,Inf,Inf,NA,0.363042,NA,1,0
"Dc08463","locus096",0.242756,0.531014,Inf,NA,0.181104,NA,0.624704,0
"Dc08463","locus098",0.681724,0.747058,NA,NA,0.271888,NA,1,0
"Dc08463","locus100",0.373712,0.90157,Inf,NA,0.630372,NA,0.841146,0
"Dc08463","locus106",0.789822,0.342652,NA,NA,0.65254,NA,0.795706,0
"Dc08463","locus116",0.72191,0.529798,NA,NA,0.777006,NA,0.196118,0
"Dc08463","locus119",0.95025,0.414896,NA,NA,0.120446,NA,0.033182,1
"Dc08463","locus120",0.904972,0.429748,NA,NA,0.518536,NA,0.38271,0
"Dc08463","locus128",0.030678,0.02454,NA,1,0.881862,NA,0.019126,3
"Dc08463","locus129",0.169368,0.096054,Inf,0.658562,0.479458,NA,0.003112,1
"Dc08463","locus130",0.203468,NA,NA,NA,0.923656,NA,0.010576,1
"Dc08463","locus134",0.0588,0.532392,NA,NA,0.904786,NA,0.589338,0
"Dc08463","locus135",0.794124,0.205584,NA,0.048356,0.486332,NA,0.382888,1
"Dc08463","locus137",0.069782,0.78792,NA,1,0.2423,NA,1,0
"Dc08463","locus139",0.403622,0.530264,NA,0.3335,0.255294,NA,0.782116,0
"Dc08463","locus140",0.400326,0.53061,NA,0.334328,0.255098,NA,0.781414,0
"Dc08463","locus146",0.001116,0.14975,Inf,1,0.46626,NA,0.536582,1
"Dc08463","locus148",0.89307,0.973136,NA,0.619924,0.82255,NA,0.218728,0
"Dc08463","locus151",1,NA,NA,1,0.685614,NA,0.279578,0
"Dc08463","locus157",0.25532,NA,NA,NA,0.6516,NA,0.36197,0
"Dc08463","locus161",0.411326,1,NA,1,0.52233,NA,0.081434,0
"Dc08463","locus165",0.187834,1,NA,NA,0.764684,NA,1,0
"Dc08463","locus170",0.35031,0.35571,NA,1,0.075832,NA,0.726164,0
"Dc08463","locus176",0.384508,NA,NA,NA,1,NA,0.668338,0
"Dc08463","locus184",0.954922,0.069054,Inf,1,0.973216,NA,0.923416,0
"Dc08463","locus186",0.705644,0.79469,NA,1,0.30549,NA,0.740632,0
"Dc08463","locus188",0.76458,0.358914,NA,NA,0.04466,0.713096,0.141256,1
"Dc08463","locus189",0.68363,0.464708,NA,0.19825,0.575548,0.142532,0.03953,1
"Dc08463","locus190",0.92112,0.268306,NA,NA,0.53702,1,0.536518,0
"Dc08463","locus191",0.596638,NA,NA,NA,0.499224,0.571298,0.735252,0
"Dc08463","locus192",0.86986,0.092472,NA,NA,0.219022,1,0.496692,0
"Dc08463","locus195",0.481172,0.27536,NA,NA,0.686642,0.42912,0.449746,0
"Dc08463","locus202",0.81524,0.942152,NA,NA,0.181212,1,0.00318,1
"Dc08463","locus215",0.034046,NA,NA,NA,0.294122,1,1,1
"Dc08463","locus227",0.496704,0.3283,Inf,NA,0.704504,0.427312,0.645136,0
"Dc08463","locus231",1,0.455578,Inf,NA,0.76038,NA,0.318508,0
"Dc08463","locus235",0.41875,0.50225,NA,NA,0.824176,Inf,0.226266,0
"Dc08463","locus236",0.971442,0.357628,NA,NA,0.846926,1,0.782044,0
"Dc08463","locus237",0.268324,0.516462,NA,NA,0.561176,0.285032,0.444818,0
"Dc08463","locus239",0.86621,0.903096,NA,NA,0.074434,0.57089,0.536582,0
"Dc08463","locus248",0.857558,0.708686,NA,NA,0.060474,0.428168,0.358042,0
"Dc08463","locus256",0.180652,0.911022,Inf,NA,0.83141,NA,0.267446,0
"Dc08463","locus263",0.382044,0.645822,NA,NA,0.397406,NA,1,0
"Dc08463","locus264",0.36604,0.22354,NA,NA,0.71502,NA,0.8398,0
"Dc08463","locus274",0.703566,0.043226,NA,NA,0.371562,NA,0.877106,1
"Dc08463","locus280",0.363058,0.679326,NA,NA,0.626992,NA,0.460928,0
"Dc08463","locus282",0.976862,0.235124,NA,NA,0.035388,NA,0.794416,1
"Dc08463","locus286",0.85736,0.08391,NA,NA,1,NA,1,0
"Dc08463","locus291",0.547432,0.973288,NA,NA,0.170462,NA,0.386428,0
"Dc08463","locus292",0.563508,0.703398,NA,NA,0.820864,NA,0.439096,0
"Dc08463","locus296",0.130124,0.483004,NA,NA,0.258568,NA,0.439962,0
"Dc08463","locus301",0.640228,0.321042,NA,NA,0.206948,NA,1,0
"Dc08463","locus314",0.400066,0.22746,NA,NA,0.752722,NA,0.728068,0
"Dc08463","locus321",0.068436,0.31861,NA,NA,0.049876,NA,0.222812,1
"Dc08463","locus322",0.920528,0.170386,NA,NA,0.198962,NA,0.303178,0
"Dc08463","locus323",0.904502,0.168108,NA,NA,0.3453,NA,0.91119,0
"Dc08463","locus329",0.592016,0.201826,NA,NA,0.272126,NA,0.668518,0
"Dc08463","locus332",0.818886,0.980764,Inf,NA,0.021368,NA,0.096372,1
"Dc08463","locus358",0.19256,0.200874,NA,NA,0.47615,NA,0.627614,0
"Dc08463","locus359",0.114856,0.413914,NA,NA,0.597292,NA,0.46699,0
"Dc08463","locus360",0.292478,0.845686,NA,NA,0.37017,NA,0.662598,0
"Dc08865","Dc10003",0.883968,NA,NA,NA,0.863588,Inf,NA,0
"Dc08865","Dc10390",0.305686,0.77227,NA,NA,0.018148,Inf,0.141656,1
"Dc08865","Dc10878",0.188468,0.35551,NA,NA,0.218244,NA,0.246344,0
"Dc08865","Dc10885",0.683746,0.2732,1,NA,0.147602,1,0.82193,0
"Dc08865","Dc11203",0.61208,0.86152,NA,NA,0.730896,0.431848,0.487356,0
"Dc08865","Dc11714",0.4796,0.502584,NA,NA,0.322474,1,0.67092,0
"Dc08865","Dc13159",0.356998,0.472322,NA,NA,0.063672,0.59953,0.598106,0
"Dc08865","Dc13592",0.03241,0.43618,NA,NA,0.296796,0.202884,0.473324,1
"Dc08865","Dc14022",0.142698,0.105838,NA,NA,Inf,0.142648,Inf,0
"Dc08865","Dc14945",0.12674,0.748422,NA,NA,0.637042,Inf,0.535306,0
"Dc08865","Dc16747",0.726364,0.597944,NA,NA,0.769694,Inf,0.497886,0
"Dc08865","Dc18951",0.090712,0.981412,NA,NA,0.281464,1,0.118174,0
"Dc08865","Dc20232",0.134082,0.185442,NA,NA,0.017388,0.01882,0.709928,2
"Dc08865","Dc22883",0.098538,0.372526,1,NA,0.13987,NA,1,0
"Dc08865","Dc22887",0.035368,0.569328,NA,NA,0.115302,1,0.374878,1
"Dc08865","Dc27955",0.815324,0.868334,NA,NA,0.550386,NA,0.279414,0
"Dc08865","Dc28124",0.37105,0.135982,NA,NA,0.783588,Inf,0.138962,0
"Dc08865","Dc28776",0.278414,0.861122,NA,NA,0.428486,1,0.145134,0
"Dc08865","Dc30071",0.129886,0.637756,NA,NA,0.607868,0.43134,0.95834,0
"Dc08865","Dc31007",0.319376,NA,NA,NA,0.49463,NA,0.10362,0
"Dc08865","Dc33714",0.626694,0.760576,NA,NA,0.032958,1,0.7027,1
"Dc08865","Dc33907",1,0.63749,NA,NA,0.054282,1,0.978248,0
"Dc08865","Dc34902",0.399192,0.685596,NA,NA,0.723468,Inf,0.59716,0
"Dc08865","Dc35779",0.226866,0.014728,NA,NA,0.038706,1,0.546702,2
"Dc08865","Dc36571",0.196974,0.065248,NA,NA,0.360266,0.60077,0.543934,0
"Dc08865","Dc36616",0.207668,0.97987,NA,NA,0.51419,1,1,0
"Dc08865","Dc40235",0.582004,0.539296,NA,NA,0.103488,1,0.713672,0
"Dc08865","Dc41234",0.763592,0.197534,NA,NA,NA,NA,1,0
"Dc08865","Dc46984",0.609332,0.957156,NA,NA,0.781478,1,0.425848,0
"Dc08865","Dc47572",0.580262,0.494436,1,NA,0.871682,0.146856,0.461228,0
"Dc08865","Dc47935",0.268126,0.309714,NA,NA,0.899568,0.431364,0.25488,0
"Dc08865","Dc48207",0.852234,0.103624,NA,NA,0.279294,1,0.248248,0
"Dc08865","Dc48950",0.744314,0.164426,NA,NA,0.014082,1,0.773494,1
"Dc08865","Dc49080",0.885654,0.936244,NA,NA,0.672594,1,0.454976,0
"Dc08865","Dc49184",0.999584,0.483526,NA,NA,0.014674,1,0.58427,1
"Dc08865","Dc51020",0.574888,0.202784,NA,NA,0.810892,0.771494,0.239018,0
"Dc08865","Dc52523",0.21347,0.726896,NA,NA,0.29315,0.77088,0.919766,0
"Dc08865","Dc55481",0.228208,0.069384,NA,1,0.28716,NA,0.545034,0
"Dc08865","Dc58248",0.560164,0.61811,NA,0.488714,0.81346,NA,0.991522,0
"Dc08865","Dc62188",0.216794,0.82533,NA,1,0.801054,NA,0.002936,1
"Dc08865","Dc67011",0.282218,0.218412,NA,1,0.423978,NA,0.862688,0
"Dc08865","locus003",0.134034,0.586862,NA,1,0.86739,NA,0.917312,0
"Dc08865","locus004",0.715496,0.166828,NA,1,0.05808,NA,0.644642,0
"Dc08865","locus005",0.32375,0.08681,NA,1,0.436044,NA,0.236394,0
"Dc08865","locus006",0.993042,0.746288,NA,1,0.125636,NA,0.636668,0
"Dc08865","locus008",0.186698,0.572804,NA,0.144398,0.03411,NA,0.509856,1
"Dc08865","locus013",0.752498,0.483382,NA,1,0.676016,NA,0.705898,0
"Dc08865","locus014",0.575812,0.185774,NA,0.373962,0.896038,NA,0.555952,0
"Dc08865","locus022",0.408932,0.920048,NA,1,0.105202,NA,0.329252,0
"Dc08865","locus024",0.756172,0.142764,NA,1,0.09119,NA,0.1906,0
"Dc08865","locus025",0.435596,0.51696,NA,0.052138,0.376464,NA,0.04707,1
"Dc08865","locus027",0.111962,0.703994,NA,NA,NA,NA,NA,0
"Dc08865","locus030",0.907114,0.748972,NA,NA,0.228674,NA,0.57493,0
"Dc08865","locus035",0.674098,0.27745,NA,NA,0.280986,NA,0.584294,0
"Dc08865","locus038",0.302698,0.464834,NA,NA,0.544978,NA,0.558198,0
"Dc08865","locus039",0.130644,0.387,NA,NA,0.063092,NA,0.600574,0
"Dc08865","locus040",0.930774,0.616254,NA,NA,0.971478,NA,0.363488,0
"Dc08865","locus041",0.53067,0.492068,NA,NA,0.835386,NA,1,0
"Dc08865","locus045",0.287648,0.274848,NA,NA,0.08799,NA,0.806768,0
"Dc08865","locus047",0.777066,0.66259,NA,NA,0.90738,NA,0.66549,0
"Dc08865","locus048",0.80727,0.210766,NA,NA,0.024256,NA,0.861238,1
"Dc08865","locus053",0.205614,0.936056,NA,NA,0.860882,NA,0.617452,0
"Dc08865","locus055",0.491646,0.622472,NA,NA,0.38916,NA,0.857302,0
"Dc08865","locus056",0.78821,0.636812,NA,1,0.203326,NA,0.127252,0
"Dc08865","locus058",0.717382,0.055486,NA,1,0.04029,NA,0.139152,1
"Dc08865","locus060",0.209712,0.023342,NA,1,0.301982,NA,0.460832,1
"Dc08865","locus061",0.285508,NA,NA,NA,0.400986,NA,1,0
"Dc08865","locus062",0.43383,0.632786,NA,0.71985,0.825066,NA,0.722764,0
"Dc08865","locus064",0.085206,0.643202,NA,0.426848,0.740876,NA,1,0
"Dc08865","locus065",0.086846,0.877684,NA,0.717716,0.709516,NA,0.312028,0
"Dc08865","locus073",0.820432,0.121764,1,1,0.126634,NA,0.505954,0
"Dc08865","locus074",0.4566,0.43585,0.33082,0.143746,0.300874,NA,0.23449,0
"Dc08865","locus076",0.45232,0.432246,1,NA,0.79243,NA,0.145084,0
"Dc08865","locus077",0.86759,0.164016,NA,Inf,0.484246,NA,0.859988,0
"Dc08865","locus080",0.27339,0.076216,NA,NA,0.677566,NA,0.872156,0
"Dc08865","locus083",0.392988,NA,NA,NA,0.320192,NA,0.78841,0
"Dc08865","locus088",0.403276,0.219316,NA,NA,0.858556,NA,0.962176,0
"Dc08865","locus093",1,Inf,Inf,NA,0.63647,NA,1,0
"Dc08865","locus096",0.822228,0.592402,0.502526,NA,0.459276,NA,0.647528,0
"Dc08865","locus098",0.925348,0.003798,NA,NA,0.903238,NA,0.753044,1
"Dc08865","locus100",0.55443,0.587782,0.332886,NA,0.02916,NA,0.681004,1
"Dc08865","locus106",0.15187,0.798508,NA,NA,0.812354,NA,0.88526,0
"Dc08865","locus116",0.514126,0.857866,NA,NA,0.15993,NA,0.12634,0
"Dc08865","locus119",0.121994,0.09784,NA,NA,0.408844,NA,0.393612,0
"Dc08865","locus120",0.637928,0.11435,NA,NA,0.754564,NA,0.861108,0
"Dc08865","locus128",0.94885,0.127934,NA,1,0.950184,NA,0.074842,0
"Dc08865","locus129",0.570158,0.863482,1,1,0.057604,NA,0.958442,0
"Dc08865","locus130",0.192964,NA,NA,NA,0.120942,NA,0.183402,0
"Dc08865","locus134",0.949702,0.396024,NA,NA,0.600676,NA,1,0
"Dc08865","locus135",0.85818,0.792756,NA,1,0.60419,NA,0.45639,0
"Dc08865","locus137",0.519312,0.97144,NA,1,0.304126,NA,0.784758,0
"Dc08865","locus139",0.1077,0.77172,NA,1,0.901556,NA,0.36485,0
"Dc08865","locus140",0.107254,0.772864,NA,1,0.903242,NA,0.364514,0
"Dc08865","locus146",0.375024,0.657406,1,1,0.177576,NA,0.93743,0
"Dc08865","locus148",0.768222,0.082444,NA,0.711964,0.189114,NA,0.182342,0
"Dc08865","locus151",0.795194,NA,NA,0.703238,0.418328,NA,0.954522,0
"Dc08865","locus157",0.368116,NA,NA,NA,0.007736,NA,0.362732,1
"Dc08865","locus161",0.53029,0.138872,NA,0.717244,0.938204,NA,0.04546,1
"Dc08865","locus165",0.52531,0.224938,NA,NA,0.619568,NA,1,0
"Dc08865","locus170",0.117578,0.492474,NA,0.311948,0.255484,NA,0.888782,0
"Dc08865","locus176",0.051362,NA,NA,NA,0.243398,NA,0.519494,0
"Dc08865","locus184",0.403448,0.463832,0.499848,0.425568,0.178174,NA,0.949864,0
"Dc08865","locus186",0.956034,0.815946,NA,0.336176,0.495408,NA,0.27446,0
"Dc08865","locus188",0.523914,0.376234,NA,NA,0.049184,1,0.631132,1
"Dc08865","locus189",0.094924,0.483222,NA,0.701394,0.218648,0.66135,1,0
"Dc08865","locus190",0.226442,0.340356,NA,NA,0.883118,1,0.55486,0
"Dc08865","locus191",0.069784,NA,NA,NA,0.622118,1,0.668152,0
"Dc08865","locus192",0.57392,0.234608,NA,NA,0.16666,1,0.324592,0
"Dc08865","locus195",0.16722,0.904216,NA,NA,0.89724,0.65836,0.823578,0
"Dc08865","locus202",0.532794,0.214218,NA,NA,0.772908,1,0.61218,0
"Dc08865","locus215",0.598504,NA,NA,NA,0.686834,0.065188,0.460468,0
"Dc08865","locus227",0.819612,0.344748,Inf,NA,0.022272,0.431656,1,1
"Dc08865","locus231",0.719096,0.705766,Inf,NA,0.79712,NA,0.928978,0
"Dc08865","locus235",0.30342,0.815474,NA,NA,0.039656,Inf,0.437292,1
"Dc08865","locus236",0.247346,0.267704,NA,NA,0.125324,0.258208,1,0
"Dc08865","locus237",0.72475,0.379542,NA,NA,0.050258,0.335376,0.277818,0
"Dc08865","locus239",0.315804,0.84878,NA,NA,0.01772,0.19956,0.682632,1
"Dc08865","locus248",0.348618,0.900296,NA,NA,0.447768,0.658692,0.435536,0
"Dc08865","locus256",0.876048,0.680264,1,NA,0.265456,NA,0.88606,0
"Dc08865","locus263",0.124446,0.945738,NA,NA,0.088734,NA,1,0
"Dc08865","locus264",0.346394,0.236488,NA,NA,0.247946,NA,0.948078,0
"Dc08865","locus274",0.414286,0.219498,NA,NA,0.444328,NA,0.229646,0
"Dc08865","locus280",0.061982,0.412004,NA,NA,0.347986,NA,0.83011,0
"Dc08865","locus282",0.836056,0.362808,NA,NA,0.836244,NA,0.86265,0
"Dc08865","locus286",0.965452,0.346276,NA,NA,0.850994,NA,0.862458,0
"Dc08865","locus291",0.779962,0.297012,NA,NA,0.180296,NA,0.920206,0
"Dc08865","locus292",0.10964,0.941,NA,NA,0.736626,NA,0.89612,0
"Dc08865","locus296",0.8576,0.971932,NA,NA,0.373966,NA,0.985372,0
"Dc08865","locus301",0.556594,0.868998,NA,NA,0.287922,NA,1,0
"Dc08865","locus314",0.697064,0.456524,NA,NA,0.419284,NA,0.53731,0
"Dc08865","locus321",0.462114,0.857,NA,NA,0.30543,NA,0.167294,0
"Dc08865","locus322",0.217698,0.259342,NA,NA,0.025702,NA,0.492562,1
"Dc08865","locus323",0.911868,0.630194,NA,NA,0.117776,NA,0.689768,0
"Dc08865","locus329",0.315448,0.761038,NA,NA,0.007632,NA,0.123334,1
"Dc08865","locus332",0.320978,0.933674,1,NA,0.13425,NA,1,0
"Dc08865","locus358",0.84036,0.265634,NA,NA,0.29044,NA,0.89268,0
"Dc08865","locus359",0.582348,0.870028,NA,NA,0.86942,NA,0.527986,0
"Dc08865","locus360",0.456154,0.784812,NA,NA,0.568524,NA,0.172598,0
"Dc10003","Dc10390",1,NA,NA,NA,0.808876,Inf,NA,0
"Dc10003","Dc10878",0.935886,NA,NA,NA,0.43668,NA,NA,0
"Dc10003","Dc10885",0.060548,NA,1,NA,0.189182,Inf,NA,0
"Dc10003","Dc11203",0.035616,NA,NA,NA,0.69859,Inf,NA,1
"Dc10003","Dc11714",0.861186,NA,Inf,NA,0.310068,Inf,NA,0
"Dc10003","Dc13159",0.521754,NA,NA,NA,0.758398,Inf,NA,0
"Dc10003","Dc13592",0.672832,NA,NA,NA,0.112396,Inf,NA,0
"Dc10003","Dc14022",0.516902,NA,NA,NA,Inf,Inf,NA,0
"Dc10003","Dc14945",0.28441,NA,NA,NA,0.260208,Inf,NA,0
"Dc10003","Dc16747",0.375018,NA,NA,NA,0.497334,Inf,NA,0
"Dc10003","Dc18951",0.273906,NA,NA,NA,0.663792,Inf,NA,0
"Dc10003","Dc20232",0.413258,NA,NA,NA,0.178536,Inf,NA,0
"Dc10003","Dc22883",0.154698,NA,0.333724,NA,0.17063,NA,NA,0
"Dc10003","Dc22887",1,NA,NA,NA,1,Inf,NA,0
"Dc10003","Dc27955",0.023968,NA,NA,NA,0.698122,NA,NA,1
"Dc10003","Dc28124",0.490252,NA,NA,NA,0.270884,Inf,NA,0
"Dc10003","Dc28776",0.61875,NA,NA,NA,0.106912,Inf,NA,0
"Dc10003","Dc30071",0.967332,NA,NA,NA,0.461736,Inf,NA,0
"Dc10003","Dc31007",0.24566,NA,NA,NA,1,NA,NA,0
"Dc10003","Dc33714",0.01464,NA,NA,NA,0.07615,Inf,NA,1
"Dc10003","Dc33907",0.394338,NA,NA,NA,0.747494,Inf,NA,0
"Dc10003","Dc34902",1,NA,NA,NA,0.433874,Inf,NA,0
"Dc10003","Dc35779",0.611648,NA,NA,NA,0.42192,Inf,NA,0
"Dc10003","Dc36571",0.31119,NA,NA,NA,0.74789,Inf,NA,0
"Dc10003","Dc36616",0.253324,NA,NA,NA,0.496982,Inf,NA,0
"Dc10003","Dc40235",0.667302,NA,NA,NA,0.79365,Inf,NA,0
"Dc10003","Dc41234",0.808928,NA,NA,NA,NA,NA,NA,0
"Dc10003","Dc46984",0.495236,NA,NA,NA,0.240412,Inf,NA,0
"Dc10003","Dc47572",1,NA,0.33442,NA,0.274876,Inf,NA,0
"Dc10003","Dc47935",0.87202,NA,Inf,NA,0.806154,Inf,NA,0
"Dc10003","Dc48207",0.61074,NA,NA,NA,1,Inf,NA,0
"Dc10003","Dc48950",0.138042,NA,NA,NA,0.594122,Inf,NA,0
"Dc10003","Dc49080",0.66707,NA,NA,NA,0.542902,Inf,NA,0
"Dc10003","Dc49184",0.949282,NA,NA,NA,0.84909,Inf,NA,0
"Dc10003","Dc51020",0.413008,NA,NA,NA,0.87119,Inf,NA,0
"Dc10003","Dc52523",0.495196,NA,NA,NA,0.715658,Inf,NA,0
"Dc10003","Dc55481",0.475942,NA,NA,0.502038,0.549646,NA,NA,0
"Dc10003","Dc58248",0.802368,NA,NA,1,0.608126,NA,NA,0
"Dc10003","Dc62188",0.918462,NA,NA,1,0.889864,NA,NA,0
"Dc10003","Dc67011",0.129402,NA,NA,Inf,0.266164,NA,NA,0
"Dc10003","locus003",0.394214,NA,NA,1,1,NA,NA,0
"Dc10003","locus004",0.21604,NA,NA,0.500824,0.699042,NA,NA,0
"Dc10003","locus005",0.370676,NA,NA,0.500316,0.218064,NA,NA,0
"Dc10003","locus006",0.20598,NA,NA,Inf,0.082174,NA,NA,0
"Dc10003","locus008",0.910022,NA,NA,1,0.588098,NA,NA,0
"Dc10003","locus013",0.02266,NA,NA,0.498994,0.410074,NA,NA,1
"Dc10003","locus014",0.584436,NA,NA,1,0.213952,NA,NA,0
"Dc10003","locus022",0.400162,NA,NA,1,0.185072,NA,NA,0
"Dc10003","locus024",0.625474,NA,NA,Inf,0.220726,NA,NA,0
"Dc10003","locus025",0.250924,NA,NA,1,0.471116,NA,NA,0
"Dc10003","locus027",0.058712,NA,NA,NA,NA,NA,NA,0
"Dc10003","locus030",0.37136,NA,NA,NA,0.191478,NA,NA,0
"Dc10003","locus035",1,NA,NA,NA,1,NA,NA,0
"Dc10003","locus038",0.5323,NA,NA,NA,0.603274,NA,NA,0
"Dc10003","locus039",0.773692,NA,NA,NA,0.22962,NA,NA,0
"Dc10003","locus040",0.596446,NA,NA,NA,0.598512,NA,NA,0
"Dc10003","locus041",0.67356,NA,NA,NA,0.14633,NA,NA,0
"Dc10003","locus045",0.208398,NA,NA,NA,0.656696,NA,NA,0
"Dc10003","locus047",1,NA,NA,NA,0.418002,NA,NA,0
"Dc10003","locus048",0.343166,NA,NA,NA,1,NA,NA,0
"Dc10003","locus053",0.876078,NA,NA,NA,0.060556,NA,NA,0
"Dc10003","locus055",0.255856,NA,NA,NA,0.655522,NA,NA,0
"Dc10003","locus056",0.603322,NA,NA,0.49933,0.677514,NA,NA,0
"Dc10003","locus058",0.598006,NA,NA,1,0.578908,NA,NA,0
"Dc10003","locus060",0.76477,NA,NA,Inf,0.498332,NA,NA,0
"Dc10003","locus061",1,NA,NA,NA,0.13462,NA,NA,0
"Dc10003","locus062",0.932044,NA,NA,1,0.75394,NA,NA,0
"Dc10003","locus064",0.764564,NA,NA,1,0.721092,NA,NA,0
"Dc10003","locus065",1,NA,NA,1,0.048706,NA,NA,1
"Dc10003","locus073",0.863868,NA,0.33247,1,0.738138,NA,NA,0
"Dc10003","locus074",0.835954,NA,1,1,0.087372,NA,NA,0
"Dc10003","locus076",0.854048,NA,0.33187,NA,0.43678,NA,NA,0
"Dc10003","locus077",0.426504,NA,NA,Inf,0.72113,NA,NA,0
"Dc10003","locus080",0.757704,NA,NA,NA,0.132846,NA,NA,0
"Dc10003","locus083",0.730428,NA,NA,NA,0.347008,NA,NA,0
"Dc10003","locus088",0.414314,NA,NA,NA,0.430754,NA,NA,0
"Dc10003","locus093",0.613142,NA,Inf,NA,1,NA,NA,0
"Dc10003","locus096",0.751836,NA,Inf,NA,0.481802,NA,NA,0
"Dc10003","locus098",0.646368,NA,NA,NA,1,NA,NA,0
"Dc10003","locus100",0.816574,NA,1,NA,0.512546,NA,NA,0
"Dc10003","locus106",0.888318,NA,NA,NA,0.020064,NA,NA,1
"Dc10003","locus116",0.369826,NA,NA,NA,0.35365,NA,NA,0
"Dc10003","locus119",0.856388,NA,NA,NA,0.123024,NA,NA,0
"Dc10003","locus120",0.086788,NA,NA,NA,0.78655,NA,NA,0
"Dc10003","locus128",0.073404,NA,NA,0.498074,0.74396,NA,NA,0
"Dc10003","locus129",0.959084,NA,0.334216,1,0.147874,NA,NA,0
"Dc10003","locus130",0.486486,NA,NA,NA,0.287442,NA,NA,0
"Dc10003","locus134",0.739488,NA,NA,NA,0.48011,NA,NA,0
"Dc10003","locus135",0.898908,NA,NA,0.332566,0.920824,NA,NA,0
"Dc10003","locus137",0.44527,NA,NA,Inf,0.67007,NA,NA,0
"Dc10003","locus139",0.174728,NA,NA,Inf,0.498798,NA,NA,0
"Dc10003","locus140",0.167584,NA,NA,Inf,0.49636,NA,NA,0
"Dc10003","locus146",0.187216,NA,0.333026,1,1,NA,NA,0
"Dc10003","locus148",0.221348,NA,NA,1,0.673154,NA,NA,0
"Dc10003","locus151",0.429668,NA,NA,1,0.506438,NA,NA,0
"Dc10003","locus157",0.142822,NA,NA,NA,0.733132,NA,NA,0
"Dc10003","locus161",0.29724,NA,NA,0.49864,0.60988,NA,NA,0
"Dc10003","locus165",0.9538,NA,NA,NA,0.811418,NA,NA,0
"Dc10003","locus170",0.941986,NA,NA,1,0.839704,NA,NA,0
"Dc10003","locus176",0.421392,NA,NA,NA,0.212952,NA,NA,0
"Dc10003","locus184",0.48352,NA,Inf,1,0.906784,NA,NA,0
"Dc10003","locus186",0.735416,NA,NA,1,0.276698,NA,NA,0
"Dc10003","locus188",0.044706,NA,NA,NA,0.45509,Inf,NA,1
"Dc10003","locus189",0.131104,NA,NA,1,0.17907,Inf,NA,0
"Dc10003","locus190",0.679532,NA,NA,NA,0.626384,Inf,NA,0
"Dc10003","locus191",0.946738,NA,NA,NA,0.35597,Inf,NA,0
"Dc10003","locus192",0.111444,NA,NA,NA,0.744562,Inf,NA,0
"Dc10003","locus195",0.076178,NA,NA,NA,0.658506,Inf,NA,0
"Dc10003","locus202",0.660424,NA,NA,NA,0.676642,Inf,NA,0
"Dc10003","locus215",0.591104,NA,NA,NA,0.533206,Inf,NA,0
"Dc10003","locus227",1,NA,Inf,NA,0.220744,Inf,NA,0
"Dc10003","locus231",0.865642,NA,Inf,NA,0.075524,NA,NA,0
"Dc10003","locus235",0.743252,NA,NA,NA,0.726536,Inf,NA,0
"Dc10003","locus236",0.264224,NA,NA,NA,0.082556,Inf,NA,0
"Dc10003","locus237",0.325276,NA,NA,NA,0.843564,Inf,NA,0
"Dc10003","locus239",0.53661,NA,NA,NA,0.649002,Inf,NA,0
"Dc10003","locus248",0.803322,NA,NA,NA,0.361024,Inf,NA,0
"Dc10003","locus256",0.964044,NA,Inf,NA,0.540064,NA,NA,0
"Dc10003","locus263",0.745438,NA,NA,NA,1,NA,NA,0
"Dc10003","locus264",0.194274,NA,NA,NA,0.577698,NA,NA,0
"Dc10003","locus274",1,NA,NA,NA,0.795902,NA,NA,0
"Dc10003","locus280",0.057424,NA,NA,NA,0.232272,NA,NA,0
"Dc10003","locus282",0.584388,NA,NA,NA,0.032446,NA,NA,1
"Dc10003","locus286",1,NA,NA,NA,0.701722,NA,NA,0
"Dc10003","locus291",0.958464,NA,NA,NA,0.285092,NA,NA,0
"Dc10003","locus292",0.357236,NA,NA,NA,0.103332,NA,NA,0
"Dc10003","locus296",0.036426,NA,NA,NA,0.54982,NA,NA,1
"Dc10003","locus301",0.49669,NA,NA,NA,0.446366,NA,NA,0
"Dc10003","locus314",1,NA,NA,NA,1,NA,NA,0
"Dc10003","locus321",0.89762,NA,NA,NA,1,NA,NA,0
"Dc10003","locus322",0.465432,NA,NA,NA,0.349636,NA,NA,0
"Dc10003","locus323",0.36364,NA,NA,NA,1,NA,NA,0
"Dc10003","locus329",0.181952,NA,NA,NA,0.447418,NA,NA,0
"Dc10003","locus332",0.100606,NA,1,NA,0.006408,NA,NA,1
"Dc10003","locus358",0.203178,NA,NA,NA,0.358486,NA,NA,0
"Dc10003","locus359",0.388868,NA,NA,NA,0.58604,NA,NA,0
"Dc10003","locus360",0.187898,NA,Inf,NA,0.792554,NA,NA,0
"Dc10390","Dc10878",1,0.291472,NA,NA,0.592744,NA,0.32407,0
"Dc10390","Dc10885",0.09369,0.727248,Inf,NA,0.521686,Inf,0.69065,0
"Dc10390","Dc11203",0.26834,0.618938,NA,NA,0.738704,Inf,0.053494,0
"Dc10390","Dc11714",0.11653,0.703904,Inf,NA,0.0948,Inf,0.270928,0
"Dc10390","Dc13159",0.06239,0.682562,NA,NA,0.137994,Inf,1,0
"Dc10390","Dc13592",0.140824,0.037116,NA,NA,0.107778,Inf,1,1
"Dc10390","Dc14022",1,0.648426,NA,NA,Inf,Inf,Inf,0
"Dc10390","Dc14945",0.513874,0.159098,NA,NA,0.037,Inf,1,1
"Dc10390","Dc16747",0.88131,0.044318,NA,NA,0.500124,Inf,0.66421,1
"Dc10390","Dc18951",0.130288,0.077962,NA,NA,0.155504,Inf,0.36845,0
"Dc10390","Dc20232",0.403202,1,NA,NA,0.244196,Inf,0.55035,0
"Dc10390","Dc22883",0.73793,0.200036,Inf,NA,0.319114,NA,1,0
"Dc10390","Dc22887",0.202838,0.79177,NA,NA,0.214718,Inf,0.289748,0
"Dc10390","Dc27955",0.682588,0.262854,NA,NA,1,NA,0.151298,0
"Dc10390","Dc28124",0.728788,0.4136,NA,NA,1,Inf,0.708434,0
"Dc10390","Dc28776",0.419848,0.909848,NA,NA,0.39844,Inf,0.441762,0
"Dc10390","Dc30071",0.500166,0.114246,NA,NA,0.870792,Inf,0.601668,0
"Dc10390","Dc31007",0.701692,NA,NA,NA,0.069234,NA,1,0
"Dc10390","Dc33714",0.854526,0.24472,NA,NA,0.028972,Inf,1,1
"Dc10390","Dc33907",0.323704,0.649718,NA,NA,0.691966,Inf,0.732748,0
"Dc10390","Dc34902",1,0.509858,NA,NA,1,Inf,1,0
"Dc10390","Dc35779",0.613044,0.117206,NA,NA,0.533052,Inf,0.735924,0
"Dc10390","Dc36571",0.23983,0.972238,NA,NA,0.660104,Inf,0.752578,0
"Dc10390","Dc36616",1,0.320762,NA,NA,0.127818,Inf,0.699784,0
"Dc10390","Dc40235",0.549268,0.248994,NA,NA,0.287888,Inf,0.696798,0
"Dc10390","Dc41234",0.352056,0.120524,Inf,NA,NA,NA,0.7503,0
"Dc10390","Dc46984",0.187138,0.925874,Inf,NA,0.755434,Inf,0.538494,0
"Dc10390","Dc47572",0.318332,0.634988,Inf,NA,0.482842,Inf,0.30262,0
"Dc10390","Dc47935",0.257792,0.430762,NA,NA,0.591728,Inf,0.792424,0
"Dc10390","Dc48207",0.554954,1,NA,NA,1,Inf,0.084088,0
"Dc10390","Dc48950",0.701782,0.195606,NA,NA,0.152714,Inf,0.892116,0
"Dc10390","Dc49080",0.669094,0.244362,NA,NA,0.638224,Inf,0.119184,0
"Dc10390","Dc49184",0.495172,0.418582,NA,NA,0.975394,Inf,0.710172,0
"Dc10390","Dc51020",0.788354,0.286026,NA,NA,0.155296,Inf,1,0
"Dc10390","Dc52523",0.54202,0.702696,NA,NA,0.705464,Inf,0.771254,0
"Dc10390","Dc55481",0.025322,0.12811,NA,0.249974,0.272712,NA,1,1
"Dc10390","Dc58248",0.175488,0.421128,NA,1,0.070876,NA,0.342588,0
"Dc10390","Dc62188",0.215658,0.564052,NA,1,0.08197,NA,0.097684,0
"Dc10390","Dc67011",1,0.240682,NA,1,1,NA,0.679462,0
"Dc10390","locus003",0.156542,0.231602,NA,1,1,NA,0.32147,0
"Dc10390","locus004",0.536322,0.403738,NA,0.617174,0.598706,NA,1,0
"Dc10390","locus005",0.577324,0.573222,NA,0.52401,0.38843,NA,0.65722,0
"Dc10390","locus006",0.797556,0.57789,NA,1,0.491428,NA,0.168466,0
"Dc10390","locus008",0.60207,0.235998,NA,1,0.12407,NA,0.46518,0
"Dc10390","locus013",0.069686,0.624958,NA,1,0.888226,NA,0.126294,0
"Dc10390","locus014",0.837898,0.348904,NA,1,0.635998,NA,0.58635,0
"Dc10390","locus022",0.564186,0.390278,NA,0.428558,0.380028,NA,0.360898,0
"Dc10390","locus024",0.809036,0.843216,NA,1,1,NA,0.307578,0
"Dc10390","locus025",0.093016,0.57518,NA,1,0.649332,NA,0.309078,0
"Dc10390","locus027",0.464976,0.448442,Inf,NA,NA,NA,NA,0
"Dc10390","locus030",0.459538,0.24114,NA,NA,0.862304,NA,0.651234,0
"Dc10390","locus035",0.48163,1,NA,NA,0.55048,NA,0.227676,0
"Dc10390","locus038",0.782692,0.669504,NA,NA,0.911362,NA,0.381154,0
"Dc10390","locus039",1,0.900746,NA,NA,0.78935,NA,1,0
"Dc10390","locus040",0.605794,0.131954,NA,NA,0.117422,NA,1,0
"Dc10390","locus041",0.78945,0.038512,NA,NA,0.754034,NA,1,1
"Dc10390","locus045",0.26168,1,NA,NA,0.61278,NA,0.542498,0
"Dc10390","locus047",0.920322,0.166292,NA,NA,0.534848,NA,0.104054,0
"Dc10390","locus048",1,0.406788,NA,NA,0.633794,NA,1,0
"Dc10390","locus053",0.336628,0.352636,NA,NA,0.888294,NA,1,0
"Dc10390","locus055",0.895292,0.203834,NA,NA,0.256662,NA,0.202732,0
"Dc10390","locus056",0.305022,0.155704,NA,0.28491,0.410556,NA,1,0
"Dc10390","locus058",0.049012,0.70503,NA,0.428708,0.8969,NA,0.651472,1
"Dc10390","locus060",0.647564,0.801124,NA,1,0.306036,NA,1,0
"Dc10390","locus061",0.292716,NA,Inf,NA,0.386646,NA,0.395216,0
"Dc10390","locus062",0.405224,0.765076,NA,1,1,NA,0.37473,0
"Dc10390","locus064",0.27471,0.72051,NA,1,0.762062,NA,1,0
"Dc10390","locus065",0.002368,0.351446,NA,0.52402,0.222044,NA,0.143734,1
"Dc10390","locus073",0.202812,0.53864,Inf,0.498454,0.166456,NA,1,0
"Dc10390","locus074",0.13128,0.911344,Inf,1,0.604008,NA,0.578092,0
"Dc10390","locus076",0.615866,0.081566,Inf,NA,0.567566,NA,0.878576,0
"Dc10390","locus077",1,0.119542,NA,Inf,1,NA,1,0
"Dc10390","locus080",0.916762,0.833916,NA,NA,0.401326,NA,1,0
"Dc10390","locus083",0.76604,NA,NA,NA,0.134734,NA,0.069354,0
"Dc10390","locus088",0.04038,0.10922,NA,NA,0.084102,NA,1,1
"Dc10390","locus093",0.597932,Inf,Inf,NA,1,NA,0.22247,0
"Dc10390","locus096",0.453916,0.21318,Inf,NA,0.558474,NA,0.095644,0
"Dc10390","locus098",0.413904,0.95241,NA,NA,0.177496,NA,0.697346,0
"Dc10390","locus100",0.192154,0.331438,Inf,NA,1,NA,0.795648,0
"Dc10390","locus106",1,0.703486,NA,NA,1,NA,1,0
"Dc10390","locus116",0.098752,0.135308,NA,NA,1,NA,0.345054,0
"Dc10390","locus119",0.04638,0.950242,NA,NA,0.957134,NA,0.020194,2
"Dc10390","locus120",0.46749,0.475874,NA,NA,0.795394,NA,1,0
"Dc10390","locus128",1,0.911914,NA,0.250234,0.366548,NA,1,0
"Dc10390","locus129",0.881784,0.46606,Inf,0.56919,0.57698,NA,0.169484,0
"Dc10390","locus130",0.540746,NA,NA,NA,0.189724,NA,0.670522,0
"Dc10390","locus134",0.030132,0.011466,Inf,NA,0.882738,NA,0.677902,2
"Dc10390","locus135",0.638604,0.680184,NA,1,0.778598,NA,0.818044,0
"Dc10390","locus137",0.729968,0.402188,NA,1,0.336496,NA,0.738298,0
"Dc10390","locus139",0.670488,0.77597,NA,0.52403,0.335684,NA,0.076496,0
"Dc10390","locus140",0.672902,0.774492,NA,0.525206,0.335462,NA,0.075806,0
"Dc10390","locus146",0.584844,0.466796,Inf,0.400658,0.773564,NA,0.254776,0
"Dc10390","locus148",1,0.2914,NA,0.52354,0.56942,NA,0.0069,1
"Dc10390","locus151",0.65009,NA,NA,0.599584,0.23231,NA,0.599836,0
"Dc10390","locus157",0.130738,NA,NA,NA,0.824784,NA,1,0
"Dc10390","locus161",0.507456,0.00119,NA,1,0.636058,NA,0.356888,1
"Dc10390","locus165",0.170764,0.571128,NA,NA,0.09895,NA,1,0
"Dc10390","locus170",0.016098,0.629706,NA,0.431614,0.035966,NA,0.576164,2
"Dc10390","locus176",0.90952,NA,NA,NA,0.822978,NA,0.313902,0
"Dc10390","locus184",0.10321,0.528452,Inf,1,0.517338,NA,0.802386,0
"Dc10390","locus186",0.788402,0.136702,NA,1,1,NA,1,0
"Dc10390","locus188",0.684478,0.80802,NA,NA,0.0222,Inf,0.677458,1
"Dc10390","locus189",0.842894,0.214314,NA,1,0.724036,Inf,0.724806,0
"Dc10390","locus190",0.45148,0.479852,NA,NA,0.371406,Inf,1,0
"Dc10390","locus191",1,NA,NA,NA,0.607562,Inf,1,0
"Dc10390","locus192",0.300382,0.335974,NA,NA,0.612442,Inf,0.661808,0
"Dc10390","locus195",0.743816,0.469764,NA,NA,0.079616,Inf,0.490278,0
"Dc10390","locus202",0.644072,0.525906,NA,NA,0.223006,Inf,1,0
"Dc10390","locus215",0.671692,NA,NA,NA,0.079114,Inf,0.68341,0
"Dc10390","locus227",1,0.231442,Inf,NA,0.266332,Inf,1,0
"Dc10390","locus231",0.16699,0.541596,NA,NA,0.77335,NA,0.016846,1
"Dc10390","locus235",0.078284,0.83762,NA,NA,1,Inf,1,0
"Dc10390","locus236",0.129934,0.443316,NA,NA,0.724734,Inf,0.713374,0
"Dc10390","locus237",0.601948,0.856292,NA,NA,0.814806,Inf,1,0
"Dc10390","locus239",1,0.722796,NA,NA,0.403842,Inf,0.10509,0
"Dc10390","locus248",0.900936,1,NA,NA,0.010678,Inf,0.638108,1
"Dc10390","locus256",0.106824,0.467092,NA,NA,0.070178,NA,0.418846,0
"Dc10390","locus263",1,0.168146,NA,NA,0.45189,NA,1,0
"Dc10390","locus264",0.45407,1,NA,NA,0.799226,NA,0.88951,0
"Dc10390","locus274",0.33636,0.434386,NA,NA,0.311792,NA,0.576802,0
"Dc10390","locus280",0.8816,0.952576,NA,NA,0.00932,NA,0.737502,1
"Dc10390","locus282",0.302444,0.75005,NA,NA,0.266308,NA,1,0
"Dc10390","locus286",0.346684,1,NA,NA,0.394588,NA,1,0
"Dc10390","locus291",0.798464,0.548306,NA,NA,0.308568,NA,0.285422,0
"Dc10390","locus292",0.795408,0.143344,NA,NA,0.683074,NA,0.671056,0
"Dc10390","locus296",0.62818,0.88539,NA,NA,0.620188,NA,0.684214,0
"Dc10390","locus301",0.885258,0.301332,NA,NA,0.843726,NA,1,0
"Dc10390","locus314",1,0.893754,NA,NA,1,NA,0.345748,0
"Dc10390","locus321",0.10389,0.780162,NA,NA,0.246396,NA,0.265414,0
"Dc10390","locus322",1,0.708592,NA,NA,0.52626,NA,0.159192,0
"Dc10390","locus323",0.249856,0.088612,NA,NA,0.224882,NA,0.345206,0
"Dc10390","locus329",0.566586,0.642396,NA,NA,0.326432,NA,0.420408,0
"Dc10390","locus332",0.828962,0.283914,Inf,NA,0.931342,NA,0.712062,0
"Dc10390","locus358",0.895714,0.813492,NA,NA,0.63177,NA,0.02212,1
"Dc10390","locus359",0.501852,1,NA,NA,0.474334,NA,1,0
"Dc10390","locus360",0.29763,0.873024,NA,NA,0.409508,NA,0.300144,0
"Dc10878","Dc10885",0.659938,0.411834,Inf,NA,0.719058,NA,1,0
"Dc10878","Dc11203",0.258074,0.771436,NA,NA,0.603252,NA,0.224802,0
"Dc10878","Dc11714",0.18002,0.35298,Inf,NA,0.053838,NA,0.759414,0
"Dc10878","Dc13159",0.667584,0.861344,NA,NA,0.678128,NA,0.904656,0
"Dc10878","Dc13592",0.466398,0.59705,NA,NA,0.059478,NA,1,0
"Dc10878","Dc14022",0.385258,1,NA,NA,Inf,NA,Inf,0
"Dc10878","Dc14945",0.06727,0.054844,NA,NA,0.591356,NA,1,0
"Dc10878","Dc16747",0.308186,0.138914,NA,NA,0.380704,NA,0.644054,0
"Dc10878","Dc18951",0.791146,0.538294,NA,NA,0.013028,NA,0.128126,1
"Dc10878","Dc20232",1,1,NA,NA,0.151372,NA,1,0
"Dc10878","Dc22883",0.350206,0.606246,Inf,NA,0.219246,NA,1,0
"Dc10878","Dc22887",0.139222,0.505966,NA,NA,1,NA,1,0
"Dc10878","Dc27955",1,0.963026,NA,NA,0.190976,NA,0.641622,0
"Dc10878","Dc28124",0.534116,0.372452,NA,NA,0.213586,NA,1,0
"Dc10878","Dc28776",1,0.726002,NA,NA,0.362482,NA,0.642818,0
"Dc10878","Dc30071",0.602204,0.624562,NA,NA,0.54776,NA,1,0
"Dc10878","Dc31007",1,NA,NA,NA,0.136246,NA,0.64223,0
"Dc10878","Dc33714",0.664604,0.67092,NA,NA,0.508824,NA,0.605278,0
"Dc10878","Dc33907",0.728342,0.084934,NA,NA,0.25302,NA,0.365346,0
"Dc10878","Dc34902",0.601276,0.535994,NA,NA,0.374114,NA,1,0
"Dc10878","Dc35779",0.608806,0.874584,NA,NA,0.037206,NA,1,1
"Dc10878","Dc36571",0.35993,0.208426,NA,NA,0.110296,NA,0.40293,0
"Dc10878","Dc36616",0.93853,0.465416,NA,NA,0.880138,NA,1,0
"Dc10878","Dc40235",0.091732,0.452468,NA,NA,0.03795,NA,1,1
"Dc10878","Dc41234",0.571756,0.145402,Inf,NA,NA,NA,1,0
"Dc10878","Dc46984",0.379476,0.665198,Inf,NA,0.487372,NA,0.85603,0
"Dc10878","Dc47572",0.699422,0.05867,0.333578,NA,0.297336,NA,0.641244,0
"Dc10878","Dc47935",0.35137,0.462706,NA,NA,0.67765,NA,0.760242,0
"Dc10878","Dc48207",0.497664,0.227686,NA,NA,Inf,NA,0.1121,0
"Dc10878","Dc48950",0.363464,0.091024,NA,NA,0.676854,NA,1,0
"Dc10878","Dc49080",0.87286,0.6127,NA,NA,0.374478,NA,1,0
"Dc10878","Dc49184",0.773726,0.058358,NA,NA,0.942052,NA,Inf,0
"Dc10878","Dc51020",0.38759,0.912388,NA,NA,0.932756,NA,0.088196,0
"Dc10878","Dc52523",0.672642,0.903052,NA,NA,0.438252,NA,1,0
"Dc10878","Dc55481",0.62393,0.371512,NA,NA,0.580104,NA,0.825422,0
"Dc10878","Dc58248",0.949168,0.115624,NA,NA,0.851372,NA,0.759998,0
"Dc10878","Dc62188",0.8373,0.171976,NA,NA,0.587074,NA,0.228676,0
"Dc10878","Dc67011",0.883992,0.198458,NA,NA,0.065828,NA,1,0
"Dc10878","locus003",0.24334,0.224898,NA,NA,0.450546,NA,1,0
"Dc10878","locus004",0.901312,0.964508,NA,NA,0.471918,NA,1,0
"Dc10878","locus005",0.8245,0.982412,NA,NA,0.381434,NA,0.842542,0
"Dc10878","locus006",0.50221,0.192756,NA,NA,0.465384,NA,0.407996,0
"Dc10878","locus008",0.393214,0.402854,NA,NA,0.829814,NA,0.643348,0
"Dc10878","locus013",0.810622,0.859592,NA,NA,0.486394,NA,1,0
"Dc10878","locus014",1,0.737602,NA,NA,0.64708,NA,0.641898,0
"Dc10878","locus022",0.390344,0.975504,NA,NA,0.231026,NA,1,0
"Dc10878","locus024",0.947174,0.912696,NA,NA,0.163724,NA,0.046804,1
"Dc10878","locus025",0.90988,0.830434,NA,NA,0.692406,NA,0.213452,0
"Dc10878","locus027",0.784214,0.701518,Inf,NA,NA,NA,NA,0
"Dc10878","locus030",0.417942,0.030172,NA,NA,0.190352,NA,0.760922,1
"Dc10878","locus035",0.661776,0.159494,NA,NA,0.067416,NA,0.641714,0
"Dc10878","locus038",0.019822,0.492818,NA,NA,0.12993,NA,0.821122,1
"Dc10878","locus039",1,0.306416,NA,NA,0.276374,NA,1,0
"Dc10878","locus040",0.544782,0.250572,NA,NA,0.499878,NA,1,0
"Dc10878","locus041",0.57219,0.616032,NA,NA,0.550456,NA,1,0
"Dc10878","locus045",0.229854,0.386594,NA,NA,0.785176,NA,0.569816,0
"Dc10878","locus047",0.896124,0.645854,NA,NA,0.525452,NA,1,0
"Dc10878","locus048",0.209848,0.253944,NA,NA,0.113826,NA,1,0
"Dc10878","locus053",0.928192,0.17967,NA,NA,0.438548,NA,0.9537,0
"Dc10878","locus055",0.777638,0.787934,NA,NA,0.575964,NA,0.82571,0
"Dc10878","locus056",0.69952,0.327532,NA,NA,0.86224,NA,1,0
"Dc10878","locus058",0.98314,0.185584,NA,NA,0.521156,NA,0.126054,0
"Dc10878","locus060",0.156622,0.146328,NA,NA,0.614884,NA,1,0
"Dc10878","locus061",0.492784,NA,Inf,NA,0.883598,NA,1,0
"Dc10878","locus062",0.347386,0.435032,NA,NA,0.897608,NA,0.818356,0
"Dc10878","locus064",0.956012,0.387232,NA,NA,0.916844,NA,Inf,0
"Dc10878","locus065",1,0.696652,NA,NA,0.276236,NA,0.109558,0
"Dc10878","locus073",0.033446,0.21514,1,NA,0.341098,NA,0.165612,1
"Dc10878","locus074",0.52855,0.722196,1,NA,0.47478,NA,1,0
"Dc10878","locus076",0.236538,0.434762,Inf,NA,0.54478,NA,0.762218,0
"Dc10878","locus077",0.207198,0.103882,NA,NA,0.21679,NA,0.58351,0
"Dc10878","locus080",0.74905,0.17995,NA,NA,0.328594,NA,1,0
"Dc10878","locus083",0.976436,NA,NA,NA,0.052954,NA,1,0
"Dc10878","locus088",0.259818,0.738368,NA,NA,0.83943,NA,1,0
"Dc10878","locus093",0.0235,Inf,Inf,NA,0.139372,NA,1,1
"Dc10878","locus096",0.578026,1,1,NA,1,NA,1,0
"Dc10878","locus098",0.602974,0.018144,NA,NA,0.09537,NA,0.761676,1
"Dc10878","locus100",0.578362,0.067954,1,NA,0.44825,NA,0.40589,0
"Dc10878","locus106",0.473684,0.749156,NA,NA,0.620248,NA,1,0
"Dc10878","locus116",0.479156,0.501312,NA,NA,0.588892,NA,0.766442,0
"Dc10878","locus119",0.127142,1,NA,NA,0.200942,NA,0.857406,0
"Dc10878","locus120",0.856574,0.622796,NA,NA,0.680344,NA,0.582088,0
"Dc10878","locus128",0.17271,0.473456,NA,NA,0.248212,NA,0.499926,0
"Dc10878","locus129",0.716746,0.298084,Inf,NA,0.85161,NA,0.327842,0
"Dc10878","locus130",0.059242,NA,NA,NA,0.142326,NA,0.484306,0
"Dc10878","locus134",0.121468,0.35934,Inf,NA,0.205464,NA,0.285518,0
"Dc10878","locus135",0.66376,0.398358,NA,NA,0.294408,NA,1,0
"Dc10878","locus137",0.271024,0.057016,NA,NA,0.119434,NA,0.641968,0
"Dc10878","locus139",0.298802,0.14488,NA,NA,0.847218,NA,1,0
"Dc10878","locus140",0.297784,0.146606,NA,NA,0.847942,NA,1,0
"Dc10878","locus146",1,0.141254,0.333212,NA,0.402994,NA,0.764324,0
"Dc10878","locus148",0.046876,0.125246,NA,NA,0.064812,NA,0.323828,1
"Dc10878","locus151",0.456714,NA,NA,NA,0.680058,NA,1,0
"Dc10878","locus157",0.357124,NA,NA,NA,0.52029,NA,1,0
"Dc10878","locus161",0.627278,0.279306,NA,NA,0.953244,NA,0.76063,0
"Dc10878","locus165",0.28244,0.856066,NA,NA,0.95472,NA,0.640974,0
"Dc10878","locus170",0.324226,0.832404,NA,NA,0.768594,NA,0.321742,0
"Dc10878","locus176",0.152448,NA,NA,NA,0.18932,NA,0.761618,0
"Dc10878","locus184",0.946252,0.057518,1,NA,0.815392,NA,0.64151,0
"Dc10878","locus186",0.788786,0.151304,NA,NA,0.919188,NA,0.166668,0
"Dc10878","locus188",0.485378,0.158262,NA,NA,0.38276,NA,0.907372,0
"Dc10878","locus189",0.529058,0.592626,NA,NA,0.370364,NA,0.404716,0
"Dc10878","locus190",0.22572,0.590568,NA,NA,0.413286,NA,1,0
"Dc10878","locus191",0.341562,NA,NA,NA,0.418536,NA,1,0
"Dc10878","locus192",0.90001,0.330894,NA,NA,0.610916,NA,0.037122,1
"Dc10878","locus195",0.105556,0.452366,NA,NA,0.079904,NA,0.25259,0
"Dc10878","locus202",1,0.49342,NA,NA,0.012228,NA,0.055156,1
"Dc10878","locus215",0.491282,NA,NA,NA,0.522914,NA,0.16604,0
"Dc10878","locus227",0.357422,0.771956,Inf,NA,0.71757,NA,0.584826,0
"Dc10878","locus231",0.038072,0.882302,NA,NA,0.902254,NA,1,1
"Dc10878","locus235",0.723082,0.389892,NA,NA,0.048766,NA,0.644256,1
"Dc10878","locus236",0.096266,1,NA,NA,0.555852,NA,0.28522,0
"Dc10878","locus237",0.178232,0.580062,NA,NA,0.655904,NA,1,0
"Dc10878","locus239",0.090956,0.001836,NA,NA,0.679312,NA,0.087846,1
"Dc10878","locus248",0.630246,0.177866,NA,NA,0.515848,NA,0.841676,0
"Dc10878","locus256",0.052338,0.52647,NA,NA,0.225984,NA,0.403506,0
"Dc10878","locus263",0.834882,0.247918,NA,NA,0.809136,NA,Inf,0
"Dc10878","locus264",0.359412,0.92186,NA,NA,0.867018,NA,0.055866,0
"Dc10878","locus274",0.521368,0.537362,NA,NA,0.382398,NA,0.326258,0
"Dc10878","locus280",0.59003,0.537474,NA,NA,0.350998,NA,1,0
"Dc10878","locus282",0.86307,0.244428,NA,NA,0.566876,NA,1,0
"Dc10878","locus286",0.078262,0.016628,NA,NA,1,NA,0.643622,1
"Dc10878","locus291",0.018578,0.912948,NA,NA,0.677066,NA,0.678002,1
"Dc10878","locus292",0.131098,0.401662,NA,NA,0.20551,NA,0.581432,0
"Dc10878","locus296",0.133736,0.099952,NA,NA,0.761096,NA,1,0
"Dc10878","locus301",0.07468,0.35291,NA,NA,0.18298,NA,1,0
"Dc10878","locus314",0.562774,0.33051,NA,NA,0.180624,NA,0.13946,0
"Dc10878","locus321",0.492258,0.494484,NA,NA,0.618752,NA,0.76374,0
"Dc10878","locus322",0.56008,0.085538,NA,NA,1,NA,0.713814,0
"Dc10878","locus323",0.07345,0.11347,NA,NA,0.860444,NA,0.858298,0
"Dc10878","locus329",0.091312,0.27335,NA,NA,0.375212,NA,0.398616,0
"Dc10878","locus332",1,0.389866,1,NA,0.09038,NA,1,0
"Dc10878","locus358",0.17325,0.182728,NA,NA,0.337828,NA,1,0
"Dc10878","locus359",0.273808,0.297114,NA,NA,0.578218,NA,Inf,0
"Dc10878","locus360",0.947604,0.922214,NA,NA,0.320854,NA,0.405922,0
"Dc10885","Dc11203",0.258912,0.897536,NA,NA,0.404464,0.31746,0.917648,0
"Dc10885","Dc11714",0.708372,0.600308,Inf,NA,0.680588,1,0.917286,0
"Dc10885","Dc13159",0.280988,0.858074,NA,NA,0.923864,0.20101,0.676746,0
"Dc10885","Dc13592",0.29644,0.896242,NA,NA,0.349976,1,0.623312,0
"Dc10885","Dc14022",0.137056,0.350704,NA,NA,Inf,1,Inf,0
"Dc10885","Dc14945",0.489172,0.894318,NA,NA,0.351906,Inf,0.216082,0
"Dc10885","Dc16747",0.859742,0.277074,NA,NA,0.92326,Inf,1,0
"Dc10885","Dc18951",0.118586,0.025938,NA,NA,0.329208,1,0.488284,1
"Dc10885","Dc20232",0.652712,0.15597,NA,NA,0.286594,0.827896,0.84841,0
"Dc10885","Dc22883",0.870236,0.133186,NA,NA,0.733618,NA,0.91502,0
"Dc10885","Dc22887",0.771708,0.981606,NA,NA,0.670292,0.485476,0.664354,0
"Dc10885","Dc27955",0.047856,0.020334,NA,NA,0.312702,NA,0.855734,2
"Dc10885","Dc28124",0.351834,0.72857,NA,NA,0.072544,Inf,1,0
"Dc10885","Dc28776",0.73414,0.19211,NA,NA,0.73189,0.482054,0.06026,0
"Dc10885","Dc30071",0.717484,0.846714,NA,NA,0.347228,1,0.561722,0
"Dc10885","Dc31007",0.159792,NA,NA,NA,0.247986,NA,0.072106,0
"Dc10885","Dc33714",0.06079,0.459238,NA,NA,0.747884,0.432674,0.176654,0
"Dc10885","Dc33907",0.92657,0.263462,NA,NA,0.610892,0.400812,0.290926,0
"Dc10885","Dc34902",0.882154,0.042424,NA,NA,0.780278,Inf,0.05949,1
"Dc10885","Dc35779",0.474836,0.250952,NA,NA,0.751936,1,0.339784,0
"Dc10885","Dc36571",0.583982,0.069294,NA,NA,0.718158,1,0.657074,0
"Dc10885","Dc36616",0.392124,0.517022,NA,NA,0.828664,1,0.84422,0
"Dc10885","Dc40235",0.667908,0.319472,0.334158,NA,0.59861,0.48532,0.383686,0
"Dc10885","Dc41234",0.033156,0.280002,NA,NA,NA,NA,0.287336,1
"Dc10885","Dc46984",0.717258,0.198496,NA,NA,0.50425,0.542512,0.351494,0
"Dc10885","Dc47572",0.707132,0.640336,1,NA,0.485024,0.710892,0.256216,0
"Dc10885","Dc47935",0.66408,0.10388,NA,NA,0.545396,0.538378,0.082232,0
"Dc10885","Dc48207",0.62753,0.65862,NA,NA,0.803692,0.42755,1,0
"Dc10885","Dc48950",0.367464,0.013908,NA,NA,0.269638,0.371682,0.608338,1
"Dc10885","Dc49080",0.610038,0.24797,NA,NA,0.229752,0.713782,0.83267,0
"Dc10885","Dc49184",0.094818,0.340378,NA,NA,0.337358,0.372454,0.074976,0
"Dc10885","Dc51020",0.221834,0.227754,NA,NA,0.920474,1,0.663324,0
"Dc10885","Dc52523",0.01008,0.100318,NA,NA,0.336354,0.774016,0.738934,1
"Dc10885","Dc55481",0.540886,0.825488,NA,1,0.787266,NA,0.115246,0
"Dc10885","Dc58248",0.120614,0.444002,NA,0.599264,0.828184,NA,0.006052,1
"Dc10885","Dc62188",0.570192,0.123388,NA,1,0.252908,NA,0.971672,0
"Dc10885","Dc67011",0.937444,0.502056,NA,Inf,0.057814,NA,1,0
"Dc10885","locus003",0.592054,0.153684,NA,1,0.042826,NA,0.599164,1
"Dc10885","locus004",0.369012,0.616038,NA,1,0.339194,NA,1,0
"Dc10885","locus005",0.584948,0.525702,NA,1,0.826586,NA,0.314254,0
"Dc10885","locus006",0.134122,0.544814,NA,Inf,0.840822,NA,0.869624,0
"Dc10885","locus008",1,0.42525,NA,1,0.735304,NA,0.673672,0
"Dc10885","locus013",0.150302,0.159444,NA,1,0.523122,NA,0.833776,0
"Dc10885","locus014",0.008524,0.376266,NA,0.602134,0.196514,NA,0.917338,1
"Dc10885","locus022",0.493314,0.803894,NA,1,0.482676,NA,0.345214,0
"Dc10885","locus024",0.759866,0.091782,NA,Inf,0.621488,NA,0.948996,0
"Dc10885","locus025",0.988804,0.5557,NA,0.597962,0.720926,NA,0.7672,0
"Dc10885","locus027",0.084178,0.556878,NA,NA,NA,NA,NA,0
"Dc10885","locus030",0.30657,0.040406,NA,NA,0.168864,NA,0.225012,1
"Dc10885","locus035",0.428252,0.490804,NA,NA,0.774102,NA,0.61484,0
"Dc10885","locus038",0.452934,0.603616,NA,NA,0.308324,NA,0.099102,0
"Dc10885","locus039",0.886232,0.74859,NA,NA,0.12248,NA,1,0
"Dc10885","locus040",0.241746,0.111878,NA,NA,0.739728,NA,0.273186,0
"Dc10885","locus041",0.444754,0.969036,NA,NA,0.528962,NA,0.361566,0
"Dc10885","locus045",0.003638,0.308744,NA,NA,0.573668,NA,0.582526,1
"Dc10885","locus047",0.785504,0.610594,NA,NA,0.148962,NA,0.522012,0
"Dc10885","locus048",0.795228,0.541166,NA,NA,0.427916,NA,0.84749,0
"Dc10885","locus053",0.523678,0.498756,NA,NA,0.29418,NA,0.43605,0
"Dc10885","locus055",0.790206,0.087958,NA,NA,0.84806,NA,0.484724,0
"Dc10885","locus056",0.343864,0.747274,NA,1,0.771492,NA,0.535166,0
"Dc10885","locus058",0.001906,0.444062,NA,0.597876,0.713972,NA,0.910372,1
"Dc10885","locus060",0.886832,0.369032,NA,Inf,0.507756,NA,0.544284,0
"Dc10885","locus061",0.196842,NA,NA,NA,0.169912,NA,1,0
"Dc10885","locus062",0.271406,0.925058,NA,0.40069,0.169006,NA,0.953304,0
"Dc10885","locus064",0.653284,0.070178,NA,0.39943,0.408638,NA,0.219972,0
"Dc10885","locus065",0.700776,0.850204,NA,0.401706,0.987472,NA,0.219534,0
"Dc10885","locus073",0.236166,0.155264,1,1,0.57006,NA,1,0
"Dc10885","locus074",0.43423,0.199544,1,1,0.615122,NA,0.104502,0
"Dc10885","locus076",0.12175,0.720748,NA,NA,0.484068,NA,1,0
"Dc10885","locus077",0.347676,0.446788,NA,Inf,0.394772,NA,0.310866,0
"Dc10885","locus080",0.727002,0.623308,NA,NA,0.78564,NA,0.369318,0
"Dc10885","locus083",0.742946,NA,NA,NA,0.084904,NA,0.112978,0
"Dc10885","locus088",0.128238,0.573274,NA,NA,0.586976,NA,1,0
"Dc10885","locus093",0.264144,Inf,Inf,NA,0.570258,NA,1,0
"Dc10885","locus096",0.58508,0.335164,0.50146,NA,0.758738,NA,1,0
"Dc10885","locus098",0.492046,0.576188,NA,NA,0.564676,NA,0.912732,0
"Dc10885","locus100",0.8927,0.438194,1,NA,0.521842,NA,1,0
"Dc10885","locus106",0.469532,0.01719,NA,NA,0.525298,NA,0.36403,1
"Dc10885","locus116",0.557144,0.78334,NA,NA,0.639394,NA,0.664808,0
"Dc10885","locus119",0.649838,0.438076,NA,NA,0.059182,NA,0.258662,0
"Dc10885","locus120",0.291362,0.09599,NA,NA,0.650674,NA,0.610476,0
"Dc10885","locus128",0.232282,0.695292,NA,1,0.018816,NA,0.179678,1
"Dc10885","locus129",0.139624,0.85101,NA,1,0.600096,NA,0.74895,0
"Dc10885","locus130",0.885444,NA,NA,NA,0.689186,NA,0.836186,0
"Dc10885","locus134",0.188116,0.082402,NA,NA,0.551478,NA,1,0
"Dc10885","locus135",0.927416,0.743856,NA,1,0.132856,NA,0.613004,0
"Dc10885","locus137",0.099394,0.620244,NA,Inf,0.915514,NA,0.070896,0
"Dc10885","locus139",1,0.191386,NA,Inf,0.972452,NA,0.017258,1
"Dc10885","locus140",1,0.193802,NA,Inf,0.971422,NA,0.016998,1
"Dc10885","locus146",0.639222,0.93207,1,1,0.268854,NA,0.752196,0
"Dc10885","locus148",0.188688,0.305168,NA,0.401426,0.82347,NA,0.751648,0
"Dc10885","locus151",0.729966,NA,NA,0.602002,0.29711,NA,0.277822,0
"Dc10885","locus157",0.271498,NA,NA,NA,0.311438,NA,0.386478,0
"Dc10885","locus161",0.788474,0.370124,NA,1,0.608638,NA,0.481872,0
"Dc10885","locus165",0.686658,0.970342,NA,NA,0.904228,NA,0.606318,0
"Dc10885","locus170",0.305466,0.230704,NA,1,0.001356,NA,0.625452,1
"Dc10885","locus176",0.593054,NA,NA,NA,0.467458,NA,0.255482,0
"Dc10885","locus184",0.799896,0.611568,0.500906,0.39938,0.61132,NA,0.073516,0
"Dc10885","locus186",0.46996,0.938742,NA,0.497926,0.44454,NA,0.816188,0
"Dc10885","locus188",0.43432,0.288658,NA,NA,0.248222,1,0.22249,0
"Dc10885","locus189",0.946212,0.376294,NA,0.602172,0.094068,1,1,0
"Dc10885","locus190",0.970292,0.902082,NA,NA,0.494164,1,0.65072,0
"Dc10885","locus191",0.121536,NA,NA,NA,0.324544,1,0.737576,0
"Dc10885","locus192",0.197134,0.952844,NA,NA,0.454118,0.715212,0.54395,0
"Dc10885","locus195",0.31798,0.393504,NA,NA,0.049694,1,1,1
"Dc10885","locus202",0.889576,0.951382,NA,NA,0.552606,1,1,0
"Dc10885","locus215",0.967356,NA,NA,NA,0.222042,0.370266,0.394808,0
"Dc10885","locus227",0.640726,0.360434,Inf,NA,0.890912,0.488444,0.310922,0
"Dc10885","locus231",0.461534,0.810174,NA,NA,0.984262,NA,0.929212,0
"Dc10885","locus235",0.841408,0.41766,NA,NA,0.22362,Inf,0.701394,0
"Dc10885","locus236",0.45675,0.299992,NA,NA,0.217606,0.486302,1,0
"Dc10885","locus237",0.240888,0.384678,NA,NA,0.171774,0.713742,0.486374,0
"Dc10885","locus239",0.368078,0.641764,NA,NA,0.325764,1,0.715244,0
"Dc10885","locus248",0.636554,0.285786,NA,NA,0.9245,0.485254,0.610216,0
"Dc10885","locus256",0.888798,0.40345,NA,NA,0.781422,NA,0.84442,0
"Dc10885","locus263",0.85347,0.724818,NA,NA,0.390248,NA,0.070496,0
"Dc10885","locus264",0.229514,0.63726,NA,NA,0.580474,NA,0.76969,0
"Dc10885","locus274",0.52117,0.32548,NA,NA,0.58297,NA,0.18403,0
"Dc10885","locus280",0.18738,0.287312,NA,NA,0.459204,NA,0.608182,0
"Dc10885","locus282",0.535132,0.249434,NA,NA,0.546688,NA,0.834034,0
"Dc10885","locus286",0.87109,1,NA,NA,0.64745,NA,0.846074,0
"Dc10885","locus291",0.291308,0.312236,NA,NA,0.167028,NA,0.235502,0
"Dc10885","locus292",0.735066,0.125906,NA,NA,0.788678,NA,0.482446,0
"Dc10885","locus296",0.508024,0.858538,NA,NA,0.15564,NA,0.001662,1
"Dc10885","locus301",0.779098,0.901684,Inf,NA,0.184138,NA,0.461692,0
"Dc10885","locus314",0.89774,0.434516,NA,NA,0.13142,NA,0.779616,0
"Dc10885","locus321",0.545936,0.465926,NA,NA,0.963072,NA,0.448192,0
"Dc10885","locus322",0.897882,0.360896,NA,NA,0.24458,NA,0.547972,0
"Dc10885","locus323",0.819042,0.32649,NA,NA,0.543806,NA,0.666238,0
"Dc10885","locus329",0.642904,0.118114,NA,NA,0.907242,NA,0.884916,0
"Dc10885","locus332",0.07438,0.905698,0.502164,NA,0.03714,NA,0.021064,2
"Dc10885","locus358",0.378368,0.054278,NA,NA,0.408118,NA,0.188544,0
"Dc10885","locus359",0.540112,0.195294,NA,NA,0.066434,NA,Inf,0
"Dc10885","locus360",0.801502,0.55807,NA,NA,0.550588,NA,0.53017,0
"Dc11203","Dc11714",0.504416,0.290946,NA,NA,0.282502,0.465986,1,0
"Dc11203","Dc13159",0.555954,0.810682,NA,NA,0.184458,0.066664,0.543332,0
"Dc11203","Dc13592",0.884744,0.76155,NA,NA,0.920492,0.201094,0.403608,0
"Dc11203","Dc14022",0.678394,0.338228,NA,NA,Inf,0.569578,Inf,0
"Dc11203","Dc14945",0.121552,0.080942,NA,NA,1,Inf,1,0
"Dc11203","Dc16747",0.10447,0.271762,NA,NA,0.403788,Inf,0.646656,0
"Dc11203","Dc18951",0.320238,0.811812,NA,NA,0.36735,1,0.530134,0
"Dc11203","Dc20232",0.400112,1,NA,NA,0.067908,0.717218,0.754742,0
"Dc11203","Dc22883",0.324516,0.978692,NA,NA,0.797458,NA,0.735244,0
"Dc11203","Dc22887",0.259808,0.493242,NA,NA,0.07642,0.14181,1,0
"Dc11203","Dc27955",0.685052,0.789656,NA,NA,0.899978,NA,0.323372,0
"Dc11203","Dc28124",0.24347,1,NA,NA,1,Inf,0.604754,0
"Dc11203","Dc28776",0.034922,0.59502,NA,NA,0.902098,0.656758,0.790508,1
"Dc11203","Dc30071",0.326292,0.54573,NA,NA,0.121526,0.200726,0.398358,0
"Dc11203","Dc31007",0.72752,NA,NA,NA,0.088996,NA,1,0
"Dc11203","Dc33714",0.65178,0.021284,NA,NA,0.039626,1,0.820548,2
"Dc11203","Dc33907",0.295206,0.240902,NA,NA,0.547534,1,0.587918,0
"Dc11203","Dc34902",1,0.03409,NA,NA,0.376522,Inf,0.630686,1
"Dc11203","Dc35779",1,1,NA,NA,0.398714,1,0.531902,0
"Dc11203","Dc36571",0.46702,0.57382,NA,NA,0.05359,0.328104,0.106694,0
"Dc11203","Dc36616",0.523284,0.904778,NA,NA,0.915814,0.425438,0.299996,0
"Dc11203","Dc40235",0.720796,0.086952,1,NA,0.515804,0.655994,1,0
"Dc11203","Dc41234",0.859844,0.925648,NA,NA,NA,NA,0.08455,0
"Dc11203","Dc46984",0.161444,0.18308,NA,NA,0.438996,0.41107,0.205124,0
"Dc11203","Dc47572",0.713544,0.065984,1,NA,0.808796,1,0.546606,0
"Dc11203","Dc47935",0.840926,0.352046,NA,NA,0.64848,0.123778,0.710826,0
"Dc11203","Dc48207",1,0.591198,NA,NA,1,1,0.085086,0
"Dc11203","Dc48950",0.593578,0.47712,NA,NA,0.910374,1,0.76079,0
"Dc11203","Dc49080",0.64841,0.487984,NA,NA,0.422466,1,0.058662,0
"Dc11203","Dc49184",0.267594,0.276616,NA,NA,0.589496,0.433182,1,0
"Dc11203","Dc51020",1,0.11426,NA,NA,0.129832,1,0.142018,0
"Dc11203","Dc52523",0.492818,0.150266,NA,NA,0.731312,0.142296,0.134882,0
"Dc11203","Dc55481",0.933932,0.623514,NA,1,1,NA,1,0
"Dc11203","Dc58248",0.168856,0.081368,NA,0.14466,0.310792,NA,0.70656,0
"Dc11203","Dc62188",0.989166,0.615832,NA,1,0.785758,NA,0.265072,0
"Dc11203","Dc67011",0.268538,1,NA,1,0.842208,NA,0.648628,0
"Dc11203","locus003",0.770304,0.601048,NA,1,0.396138,NA,1,0
"Dc11203","locus004",0.463656,0.156818,NA,1,0.235888,NA,0.719222,0
"Dc11203","locus005",0.54761,0.082956,NA,1,0.645534,NA,0.433634,0
"Dc11203","locus006",0.532512,0.573582,NA,1,0.778344,NA,0.47266,0
"Dc11203","locus008",0.079804,0.677806,NA,1,0.28442,NA,0.766832,0
"Dc11203","locus013",0.700764,0.50527,NA,1,0.305184,NA,0.10572,0
"Dc11203","locus014",0.303884,0.581898,NA,0.143178,0.537732,NA,1,0
"Dc11203","locus022",0.901056,0.830226,NA,1,0.612756,NA,0.46784,0
"Dc11203","locus024",1,0.615632,NA,1,0.188206,NA,0.348214,0
"Dc11203","locus025",0.58547,0.656298,NA,0.499014,0.504096,NA,0.470994,0
"Dc11203","locus027",0.155964,0.887658,NA,NA,NA,NA,NA,0
"Dc11203","locus030",0.096124,0.740148,NA,NA,0.3758,NA,0.065456,0
"Dc11203","locus035",0.072808,0.111964,NA,NA,1,NA,0.120006,0
"Dc11203","locus038",0.087822,0.424312,NA,NA,0.380846,NA,0.589308,0
"Dc11203","locus039",0.180738,0.65387,NA,NA,1,NA,0.095606,0
"Dc11203","locus040",0.810298,0.59875,NA,NA,0.560742,NA,1,0
"Dc11203","locus041",0.830132,0.903164,NA,NA,0.609868,NA,1,0
"Dc11203","locus045",0.629788,0.395774,NA,NA,0.489098,NA,0.498804,0
"Dc11203","locus047",0.294272,0.863514,NA,NA,0.326782,NA,0.44494,0
"Dc11203","locus048",0.347644,0.677812,NA,NA,1,NA,1,0
"Dc11203","locus053",0.358624,0.53053,NA,NA,0.876258,NA,0.54798,0
"Dc11203","locus055",0.9338,0.045956,NA,NA,0.202414,NA,1,1
"Dc11203","locus056",0.797278,0.823118,NA,1,0.726044,NA,0.076948,0
"Dc11203","locus058",0.175348,0.303612,NA,0.571418,0.614718,NA,0.297998,0
"Dc11203","locus060",0.600858,1,NA,1,1,NA,0.746884,0
"Dc11203","locus061",1,NA,NA,NA,0.159652,NA,0.604686,0
"Dc11203","locus062",0.954158,0.727158,NA,1,0.358598,NA,0.534832,0
"Dc11203","locus064",0.299044,1,NA,1,0.565516,NA,0.618482,0
"Dc11203","locus065",0.040134,0.664096,NA,1,0.770008,NA,0.189172,1
"Dc11203","locus073",0.93297,0.015566,0.332726,1,0.035162,NA,0.182644,2
"Dc11203","locus074",0.844336,0.344442,1,1,0.889392,NA,0.831986,0
"Dc11203","locus076",0.00189,0.9306,NA,NA,1,NA,0.878126,1
"Dc11203","locus077",1,1,NA,Inf,1,NA,1,0
"Dc11203","locus080",0.51178,0.120234,NA,NA,0.314,NA,0.47695,0
"Dc11203","locus083",0.202054,NA,NA,NA,0.07236,NA,0.55912,0
"Dc11203","locus088",0.509888,0.622244,NA,NA,1,NA,0.741518,0
"Dc11203","locus093",0.393108,Inf,Inf,NA,0.18203,NA,1,0
"Dc11203","locus096",0.12412,0.438392,1,NA,0.125072,NA,1,0
"Dc11203","locus098",0.527392,1,NA,NA,0.886986,NA,1,0
"Dc11203","locus100",0.815336,0.757274,1,NA,0.43171,NA,0.146696,0
"Dc11203","locus106",0.203576,0.670488,NA,NA,0.04724,NA,0.751254,1
"Dc11203","locus116",0.51097,0.816068,NA,NA,0.406608,NA,0.309922,0
"Dc11203","locus119",0.695724,0.038074,NA,NA,0.224716,NA,0.44578,1
"Dc11203","locus120",1,0.887454,NA,NA,1,NA,0.649858,0
"Dc11203","locus128",0.792398,0.797816,NA,1,0.028038,NA,1,1
"Dc11203","locus129",0.877408,0.646658,NA,1,0.518984,NA,0.000632,1
"Dc11203","locus130",0.472794,NA,NA,NA,0.51261,NA,0.328878,0
"Dc11203","locus134",0.131466,0.186168,NA,NA,0.252798,NA,1,0
"Dc11203","locus135",0.069526,0.008308,NA,1,0.850128,NA,1,1
"Dc11203","locus137",0.630958,0.900586,NA,1,0.582818,NA,0.467432,0
"Dc11203","locus139",1,0.430922,NA,1,0.449464,NA,0.76478,0
"Dc11203","locus140",1,0.432678,NA,1,0.44718,NA,0.765672,0
"Dc11203","locus146",0.288566,0.775814,1,0.39898,0.404512,NA,0.776182,0
"Dc11203","locus148",0.451058,0.570914,NA,0.286098,0.901484,NA,0.063464,0
"Dc11203","locus151",0.362282,NA,NA,0.166158,1,NA,1,0
"Dc11203","locus157",0.424904,NA,NA,NA,0.007378,NA,0.62249,1
"Dc11203","locus161",1,1,NA,1,0.388956,NA,1,0
"Dc11203","locus165",0.107778,1,NA,NA,0.655254,NA,0.318402,0
"Dc11203","locus170",0.951486,0.250004,NA,0.570012,0.277428,NA,1,0
"Dc11203","locus176",0.431864,NA,NA,NA,0.629214,NA,0.518,0
"Dc11203","locus184",0.625034,0.848886,1,1,0.181074,NA,1,0
"Dc11203","locus186",0.644758,0.36519,NA,1,0.550488,NA,0.78029,0
"Dc11203","locus188",0.260244,0.978272,NA,NA,0.245084,1,0.750872,0
"Dc11203","locus189",0.283418,0.400678,NA,1,0.682206,0.485462,0.599886,0
"Dc11203","locus190",1,0.530054,NA,NA,0.64934,0.428344,0.552156,0
"Dc11203","locus191",0.21958,NA,NA,NA,1,0.770194,0.675212,0
"Dc11203","locus192",0.945226,0.038086,NA,NA,0.491514,1,0.252706,1
"Dc11203","locus195",0.9377,0.36908,NA,NA,0.78484,1,0.00209,1
"Dc11203","locus202",0.67478,0.922222,NA,NA,0.072362,1,1,0
"Dc11203","locus215",0.383288,NA,Inf,NA,0.541988,1,0.546334,0
"Dc11203","locus227",0.08756,0.010572,Inf,NA,1,0.142512,0.66964,1
"Dc11203","locus231",0.728834,0.646302,NA,NA,0.17507,NA,0.720328,0
"Dc11203","locus235",0.014512,0.78217,NA,NA,1,Inf,0.130172,1
"Dc11203","locus236",0.609634,0.612018,NA,NA,1,0.656386,0.76574,0
"Dc11203","locus237",0.706726,0.41412,NA,NA,0.75573,1,0.649932,0
"Dc11203","locus239",0.286492,0.569314,NA,NA,0.57908,0.313668,0.189758,0
"Dc11203","locus248",0.436372,0.661174,NA,NA,0.808368,0.14382,0.868828,0
"Dc11203","locus256",0.228852,0.010886,NA,NA,1,NA,0.755278,1
"Dc11203","locus263",0.644992,1,NA,NA,1,NA,1,0
"Dc11203","locus264",0.861612,0.571118,NA,NA,0.333654,NA,1,0
"Dc11203","locus274",0.320976,0.921286,NA,NA,1,NA,0.831006,0
"Dc11203","locus280",1,0.560908,NA,NA,0.879142,NA,0.53054,0
"Dc11203","locus282",0.954528,1,NA,NA,0.53465,NA,0.648312,0
"Dc11203","locus286",1,0.17504,NA,NA,0.284532,NA,0.603396,0
"Dc11203","locus291",0.732976,0.369614,NA,NA,0.050956,NA,0.048748,1
"Dc11203","locus292",1,0.357686,NA,NA,0.008826,NA,0.72257,1
"Dc11203","locus296",0.510864,0.904974,NA,NA,0.461008,NA,0.85199,0
"Dc11203","locus301",0.047748,0.565526,NA,NA,0.555338,NA,1,1
"Dc11203","locus314",1,1,NA,1,1,NA,1,0
"Dc11203","locus321",0.678078,0.146354,NA,NA,0.045606,NA,0.379724,1
"Dc11203","locus322",0.101126,1,NA,NA,0.777318,NA,1,0
"Dc11203","locus323",0.670888,1,NA,NA,0.708256,NA,0.887618,0
"Dc11203","locus329",0.49169,0.532488,NA,NA,0.467192,NA,0.514492,0
"Dc11203","locus332",0.488078,0.081246,1,NA,0.415984,NA,0.152156,0
"Dc11203","locus358",1,0.813642,NA,NA,0.694058,NA,0.086912,0
"Dc11203","locus359",1,1,NA,NA,0.292558,NA,0.332726,0
"Dc11203","locus360",0.795794,0.653986,NA,NA,0.914824,NA,0.13561,0
"Dc11714","Dc13159",0.398918,0.211116,NA,NA,0.094502,0.331878,0.817336,0
"Dc11714","Dc13592",0.21903,0.728734,NA,NA,0.026266,1,0.44587,1
"Dc11714","Dc14022",0.389466,0.663462,NA,NA,Inf,1,Inf,0
"Dc11714","Dc14945",0.389238,0.048404,NA,NA,0.431686,Inf,1,1
"Dc11714","Dc16747",0.958508,0.87552,NA,NA,0.078106,Inf,1,0
"Dc11714","Dc18951",0.486166,0.560964,NA,NA,0.303278,0.197756,0.621918,0
"Dc11714","Dc20232",0.154726,0.464,NA,NA,0.875798,0.600852,0.40587,0
"Dc11714","Dc22883",0.215692,0.008928,NA,NA,0.524724,NA,0.59944,1
"Dc11714","Dc22887",0.210004,0.187984,NA,NA,0.193126,0.599804,0.651306,0
"Dc11714","Dc27955",0.47789,0.111438,NA,NA,0.369086,NA,0.321466,0
"Dc11714","Dc28124",0.278146,0.480778,NA,NA,0.494136,Inf,1,0
"Dc11714","Dc28776",0.124226,0.78906,NA,NA,0.61521,0.597804,0.501674,0
"Dc11714","Dc30071",0.879698,0.913136,NA,NA,0.278606,1,0.834022,0
"Dc11714","Dc31007",0.88349,NA,NA,NA,0.42726,NA,0.648174,0
"Dc11714","Dc33714",0.367894,0.69834,NA,NA,0.625382,1,0.331028,0
"Dc11714","Dc33907",0.654594,0.805348,NA,NA,0.843546,0.597724,0.053432,0
"Dc11714","Dc34902",0.267296,0.440236,NA,NA,0.841266,Inf,1,0
"Dc11714","Dc35779",0.711952,0.08286,NA,NA,0.09964,1,0.797298,0
"Dc11714","Dc36571",0.006984,0.138854,NA,NA,0.811752,0.067778,0.88887,1
"Dc11714","Dc36616",1,0.37973,NA,NA,0.27844,1,1,0
"Dc11714","Dc40235",0.714092,0.805772,Inf,NA,0.01644,0.60103,1,1
"Dc11714","Dc41234",0.806888,0.530612,NA,NA,NA,NA,1,0
"Dc11714","Dc46984",0.685616,0.363346,NA,NA,0.132082,1,0.780606,0
"Dc11714","Dc47572",0.944934,0.862054,Inf,NA,0.497712,1,0.245352,0
"Dc11714","Dc47935",0.394736,0.286832,NA,NA,0.332144,0.6017,0.932686,0
"Dc11714","Dc48207",0.58907,0.044826,NA,NA,0.735154,1,1,1
"Dc11714","Dc48950",0.851502,0.561584,NA,NA,0.543438,0.595456,1,0
"Dc11714","Dc49080",0.540404,0.675816,NA,NA,0.182052,0.19845,0.256396,0
"Dc11714","Dc49184",0.116926,0.133042,NA,NA,0.164636,1,1,0
"Dc11714","Dc51020",0.06233,1,NA,NA,0.932546,1,0.868276,0
"Dc11714","Dc52523",0.611168,0.395304,NA,NA,0.76852,0.335238,0.755334,0
"Dc11714","Dc55481",0.916414,0.880586,NA,1,0.865904,NA,1,0
"Dc11714","Dc58248",0.713466,0.94325,NA,0.485858,0.007564,NA,0.54624,1
"Dc11714","Dc62188",0.93885,0.14646,Inf,0.59936,0.16319,NA,0.817808,0
"Dc11714","Dc67011",0.913168,0.916704,NA,1,0.615434,NA,1,0
"Dc11714","locus003",0.215532,0.744864,NA,1,0.650534,NA,0.292684,0
"Dc11714","locus004",0.615346,0.282594,NA,0.657288,0.2796,NA,0.21986,0
"Dc11714","locus005",0.038728,0.789184,NA,0.572134,0.629628,NA,0.81938,1
"Dc11714","locus006",0.129724,0.344038,NA,1,0.02601,NA,0.833166,1
"Dc11714","locus008",0.288936,0.30706,NA,0.569444,0.04666,NA,1,1
"Dc11714","locus013",0.552002,0.985186,NA,1,0.26992,NA,0.1413,0
"Dc11714","locus014",0.553774,0.058174,NA,0.654794,0.669674,NA,0.276864,0
"Dc11714","locus022",0.009184,0.598386,NA,0.483964,0.028326,NA,0.232972,2
"Dc11714","locus024",0.415414,0.84735,NA,1,0.309252,NA,0.43511,0
"Dc11714","locus025",0.7346,0.060666,Inf,0.200214,0.336086,NA,0.90411,0
"Dc11714","locus027",0.864964,0.193222,NA,NA,NA,NA,NA,0
"Dc11714","locus030",0.83134,0.881486,NA,NA,0.375598,NA,1,0
"Dc11714","locus035",0.201058,0.036674,NA,NA,0.144722,NA,0.456958,1
"Dc11714","locus038",0.84231,0.25755,NA,NA,0.37045,NA,0.444352,0
"Dc11714","locus039",0.922006,0.7223,NA,NA,0.012694,NA,1,1
"Dc11714","locus040",0.963258,0.29568,NA,NA,0.79664,NA,1,0
"Dc11714","locus041",0.42683,0.79351,NA,NA,0.977822,NA,1,0
"Dc11714","locus045",0.779396,0.392036,NA,NA,0.905358,NA,0.428664,0
"Dc11714","locus047",0.203622,0.170284,NA,NA,0.002438,NA,0.524542,1
"Dc11714","locus048",0.035768,0.26963,NA,NA,1,NA,0.126598,1
"Dc11714","locus053",0.32725,0.792406,NA,NA,0.492296,NA,0.057114,0
"Dc11714","locus055",0.946328,0.660242,NA,NA,0.088216,NA,1,0
"Dc11714","locus056",0.980946,0.973446,NA,1,0.808872,NA,0.748936,0
"Dc11714","locus058",0.500298,0.551332,NA,1,0.60852,NA,1,0
"Dc11714","locus060",0.566634,0.120654,NA,1,0.68209,NA,0.495734,0
"Dc11714","locus061",0.419554,NA,NA,NA,0.893594,NA,0.655458,0
"Dc11714","locus062",0.633496,0.371488,NA,0.27899,0.505354,NA,1,0
"Dc11714","locus064",0.505776,0.352584,NA,0.142366,0.639674,NA,0.605242,0
"Dc11714","locus065",0.176776,0.860474,NA,0.574212,0.392018,NA,0.60482,0
"Dc11714","locus073",0.380726,0.803648,1,0.799246,0.226124,NA,0.694064,0
"Dc11714","locus074",1,0.07651,1,0.572436,1,NA,0.438908,0
"Dc11714","locus076",0.186412,0.980676,NA,NA,0.661766,NA,0.878882,0
"Dc11714","locus077",0.435018,0.911284,NA,Inf,0.201784,NA,0.455812,0
"Dc11714","locus080",0.879842,0.354488,NA,NA,0.465832,NA,0.21253,0
"Dc11714","locus083",0.589498,NA,NA,NA,0.907562,NA,1,0
"Dc11714","locus088",0.611162,0.328382,NA,NA,0.02462,NA,0.035966,2
"Dc11714","locus093",1,Inf,Inf,NA,0.22074,NA,1,0
"Dc11714","locus096",0.912186,0.607092,1,NA,0.961466,NA,0.14866,0
"Dc11714","locus098",0.616586,0.735696,NA,NA,0.515052,NA,0.182454,0
"Dc11714","locus100",0.68991,0.65438,1,NA,0.38786,NA,0.893898,0
"Dc11714","locus106",0.720288,0.040734,NA,NA,0.603832,NA,0.51147,1
"Dc11714","locus116",0.88425,0.902026,NA,NA,0.10732,NA,0.308382,0
"Dc11714","locus119",0.42829,0.293896,NA,NA,0.53553,NA,0.210824,0
"Dc11714","locus120",0.686408,0.15679,NA,NA,0.484652,NA,0.663716,0
"Dc11714","locus128",0.261374,0.702176,NA,1,0.023314,NA,0.110298,1
"Dc11714","locus129",0.151624,0.081932,NA,0.482876,0.299394,NA,0.125318,0
"Dc11714","locus130",0.775854,NA,NA,NA,0.10561,NA,0.346626,0
"Dc11714","locus134",0.832466,0.32039,NA,NA,0.050634,NA,0.304844,0
"Dc11714","locus135",0.378394,0.79132,NA,0.57239,0.225546,NA,0.808642,0
"Dc11714","locus137",0.173672,1,NA,1,0.059898,NA,1,0
"Dc11714","locus139",0.325604,0.259826,NA,1,0.361386,NA,0.557674,0
"Dc11714","locus140",0.330498,0.258652,NA,1,0.375388,NA,0.556886,0
"Dc11714","locus146",0.727794,0.248316,Inf,1,0.826436,NA,0.025362,1
"Dc11714","locus148",0.79564,0.743228,NA,1,0.445028,NA,0.649052,0
"Dc11714","locus151",0.753398,NA,NA,0.798084,0.342946,NA,1,0
"Dc11714","locus157",0.060522,NA,NA,NA,0.942224,NA,1,0
"Dc11714","locus161",0.213684,0.38049,NA,1,0.661026,NA,0.444412,0
"Dc11714","locus165",0.458072,0.187152,Inf,NA,0.286964,NA,0.179168,0
"Dc11714","locus170",0.087508,0.949748,NA,0.486814,0.876674,NA,1,0
"Dc11714","locus176",0.556504,NA,NA,NA,0.75309,NA,1,0
"Dc11714","locus184",0.064268,0.687726,1,0.142812,0.277786,NA,0.856234,0
"Dc11714","locus186",0.924706,0.428624,NA,0.164836,0.72263,NA,0.643678,0
"Dc11714","locus188",0.346838,0.0137,Inf,NA,0.47593,0.197942,0.257444,1
"Dc11714","locus189",0.222612,0.326604,NA,0.017436,0.487022,0.20037,0.290866,1
"Dc11714","locus190",0.904924,0.200396,NA,NA,0.592108,1,0.496368,0
"Dc11714","locus191",0.663402,NA,Inf,NA,0.118892,0.067364,0.868912,0
"Dc11714","locus192",0.674968,0.453342,NA,NA,0.39551,0.19812,0.676072,0
"Dc11714","locus195",0.260114,0.766632,NA,NA,0.695162,1,1,0
"Dc11714","locus202",0.214348,0.600102,NA,NA,0.909322,0.6007,0.045554,1
"Dc11714","locus215",0.156126,NA,NA,NA,0.113956,0.19958,0.244866,0
"Dc11714","locus227",0.511482,0.797218,Inf,NA,0.00573,0.59997,0.603452,1
"Dc11714","locus231",0.414636,0.15839,NA,NA,0.256786,NA,0.388938,0
"Dc11714","locus235",0.695892,0.538542,NA,NA,0.543386,Inf,0.5055,0
"Dc11714","locus236",0.962394,0.016432,NA,NA,0.492808,1,1,1
"Dc11714","locus237",0.189034,0.898958,NA,NA,0.242938,1,0.86444,0
"Dc11714","locus239",0.53497,0.150082,NA,NA,0.984298,1,0.727094,0
"Dc11714","locus248",0.604118,0.799448,NA,NA,0.044432,1,1,1
"Dc11714","locus256",0.919274,0.257136,NA,NA,0.491372,NA,0.662594,0
"Dc11714","locus263",0.547856,0.016486,NA,NA,0.207902,NA,1,1
"Dc11714","locus264",0.851018,0.456862,NA,NA,0.32633,NA,0.906336,0
"Dc11714","locus274",0.141334,0.39051,NA,NA,0.657074,NA,1,0
"Dc11714","locus280",0.18266,0.434102,NA,NA,0.065588,NA,0.530168,0
"Dc11714","locus282",0.918284,0.834538,NA,NA,0.088488,NA,0.178668,0
"Dc11714","locus286",0.396928,0.08239,NA,NA,0.926418,NA,0.223438,0
"Dc11714","locus291",0.827582,0.63011,NA,NA,0.031828,NA,0.83876,1
"Dc11714","locus292",0.958976,0.333826,NA,NA,0.607534,NA,0.30581,0
"Dc11714","locus296",0.101074,0.658242,NA,NA,0.17044,NA,0.478894,0
"Dc11714","locus301",0.559002,0.794612,NA,NA,0.52369,NA,1,0
"Dc11714","locus314",0.399724,0.65447,NA,0.597852,0.765242,NA,0.222938,0
"Dc11714","locus321",0.239484,0.432858,NA,NA,0.443632,NA,0.451372,0
"Dc11714","locus322",0.970346,0.275976,NA,NA,0.641538,NA,0.173324,0
"Dc11714","locus323",0.622124,0.252336,NA,NA,0.821472,NA,0.03604,1
"Dc11714","locus329",0.740092,0.740346,NA,NA,0.534886,NA,1,0
"Dc11714","locus332",0.678312,0.576996,1,NA,0.49032,NA,0.579664,0
"Dc11714","locus358",0.03018,0.172596,NA,NA,0.898074,NA,0.149592,1
"Dc11714","locus359",0.803478,0.859256,NA,NA,0.44623,NA,Inf,0
"Dc11714","locus360",0.748914,1,NA,NA,0.19313,NA,0.264988,0
"Dc13159","Dc13592",0.609724,0.314582,NA,NA,0.368682,1,0.774912,0
"Dc13159","Dc14022",0.039392,0.100684,NA,NA,Inf,1,Inf,1
"Dc13159","Dc14945",0.411658,0.552716,NA,NA,0.850814,Inf,0.16939,0
"Dc13159","Dc16747",0.899306,0.353202,NA,NA,0.89388,Inf,0.378684,0
"Dc13159","Dc18951",0.875316,0.033234,NA,NA,0.517882,1,1,1
"Dc13159","Dc20232",0.01038,0.740968,NA,NA,0.911524,0.597834,0.725504,1
"Dc13159","Dc22883",0.414064,0.792844,NA,NA,0.08881,NA,0.0305,1
"Dc13159","Dc22887",0.470484,0.650458,NA,NA,0.15714,0.598988,1,0
"Dc13159","Dc27955",0.401958,0.20494,NA,NA,0.556534,NA,0.176818,0
"Dc13159","Dc28124",0.177018,0.780178,NA,NA,0.078924,Inf,0.284278,0
"Dc13159","Dc28776",0.33361,0.46308,NA,NA,0.285518,0.600464,0.445498,0
"Dc13159","Dc30071",0.652352,0.336264,NA,NA,0.204252,1,0.318916,0
"Dc13159","Dc31007",0.531354,NA,NA,NA,0.697578,NA,0.213898,0
"Dc13159","Dc33714",0.424002,0.673304,Inf,NA,0.828714,0.200078,0.799528,0
"Dc13159","Dc33907",0.372306,0.953284,NA,NA,0.189498,1,0.439272,0
"Dc13159","Dc34902",0.376472,0.227824,NA,NA,0.704498,Inf,0.346674,0
"Dc13159","Dc35779",0.708856,0.257334,NA,NA,0.057294,1,0.890032,0
"Dc13159","Dc36571",0.947442,0.167074,NA,NA,0.423224,0.33101,0.719368,0
"Dc13159","Dc36616",0.640014,0.60025,NA,NA,0.847454,1,0.345696,0
"Dc13159","Dc40235",0.73996,0.708746,NA,NA,0.49158,0.601748,0.344726,0
"Dc13159","Dc41234",0.5382,0.215588,NA,NA,NA,NA,0.688818,0
"Dc13159","Dc46984",0.062724,0.892646,NA,NA,0.260272,1,0.961526,0
"Dc13159","Dc47572",0.845486,0.725454,1,NA,0.645244,1,0.886796,0
"Dc13159","Dc47935",0.431746,0.926724,NA,NA,0.422478,0.19676,0.026922,1
"Dc13159","Dc48207",1,1,NA,NA,0.64332,0.1985,1,0
"Dc13159","Dc48950",0.995122,0.36274,NA,NA,0.455754,0.602288,1,0
"Dc13159","Dc49080",0.752948,0.756142,NA,NA,0.390568,1,0.649638,0
"Dc13159","Dc49184",0.015366,0.34723,NA,NA,0.272308,1,0.638664,1
"Dc13159","Dc51020",0.857334,0.054654,NA,NA,0.193062,1,0.750288,0
"Dc13159","Dc52523",0.659378,0.891152,NA,NA,0.30947,0.334772,0.104192,0
"Dc13159","Dc55481",0.68833,0.46148,NA,0.500812,0.2828,NA,1,0
"Dc13159","Dc58248",0.212992,0.823642,NA,1,0.3217,NA,0.723424,0
"Dc13159","Dc62188",0.862186,0.315284,NA,1,0.189164,NA,0.35249,0
"Dc13159","Dc67011",0.554838,0.926608,NA,Inf,0.913204,NA,0.166688,0
"Dc13159","locus003",0.174326,0.516756,NA,1,0.629214,NA,0.729062,0
"Dc13159","locus004",0.227584,0.627816,NA,1,0.965462,NA,0.186126,0
"Dc13159","locus005",0.668804,0.502478,NA,1,0.44907,NA,0.438756,0
"Dc13159","locus006",0.991112,0.263238,NA,Inf,0.844366,NA,0.590256,0
"Dc13159","locus008",0.839358,0.96863,NA,1,0.592814,NA,1,0
"Dc13159","locus013",0.576244,0.38483,NA,1,0.46678,NA,0.64806,0
"Dc13159","locus014",0.754666,0.242118,1,1,0.549428,NA,0.749792,0
"Dc13159","locus022",0.092526,0.58667,NA,1,0.95195,NA,0.84091,0
"Dc13159","locus024",0.536636,0.291074,NA,Inf,0.435914,NA,0.481384,0
"Dc13159","locus025",0.298864,0.702986,Inf,1,0.815776,NA,0.952564,0
"Dc13159","locus027",0.827628,0.986982,NA,NA,NA,NA,NA,0
"Dc13159","locus030",0.619884,0.3302,NA,NA,0.3144,NA,0.225886,0
"Dc13159","locus035",0.50999,0.912286,NA,NA,0.282706,NA,0.124526,0
"Dc13159","locus038",0.879568,0.69924,NA,NA,0.628698,NA,0.910256,0
"Dc13159","locus039",1,0.280728,NA,NA,0.870018,NA,0.670512,0
"Dc13159","locus040",0.91049,0.158022,NA,NA,0.078862,NA,0.200172,0
"Dc13159","locus041",0.772868,0.013024,NA,NA,0.176806,NA,0.747794,1
"Dc13159","locus045",0.828696,0.366972,NA,NA,0.500754,NA,0.564052,0
"Dc13159","locus047",0.31788,0.05692,NA,NA,0.552438,NA,0.803762,0
"Dc13159","locus048",0.389964,0.54729,NA,NA,0.110708,NA,0.182506,0
"Dc13159","locus053",0.498762,0.932296,NA,NA,0.558764,NA,0.136562,0
"Dc13159","locus055",0.943198,0.135884,NA,NA,0.161666,NA,0.586364,0
"Dc13159","locus056",0.913564,0.115616,NA,0.499514,0.55373,NA,1,0
"Dc13159","locus058",0.0067,0.052014,NA,1,0.446444,NA,0.720142,1
"Dc13159","locus060",0.539952,0.59892,NA,Inf,0.947782,NA,1,0
"Dc13159","locus061",0.146236,NA,NA,NA,0.995594,NA,0.783246,0
"Dc13159","locus062",0.955564,0.074976,NA,1,0.241174,NA,0.138518,0
"Dc13159","locus064",0.469638,0.695632,NA,1,0.024452,NA,0.664072,1
"Dc13159","locus065",0.195368,0.470242,NA,1,0.79949,NA,1,0
"Dc13159","locus073",0.575268,0.226108,1,1,0.63506,NA,0.13281,0
"Dc13159","locus074",0.811382,0.26467,1,1,0.701072,NA,0.133036,0
"Dc13159","locus076",0.063434,0.968568,NA,NA,0.685776,NA,0.473418,0
"Dc13159","locus077",0.478436,0.449922,NA,Inf,0.262636,NA,0.635938,0
"Dc13159","locus080",0.795442,0.899364,NA,NA,0.459378,NA,0.566068,0
"Dc13159","locus083",0.33483,NA,NA,NA,0.531882,NA,0.127588,0
"Dc13159","locus088",0.756552,0.905832,NA,NA,0.693536,NA,0.038688,1
"Dc13159","locus093",0.143722,Inf,Inf,NA,1,NA,0.664138,0
"Dc13159","locus096",0.107242,0.624598,0.500908,NA,0.628612,NA,1,0
"Dc13159","locus098",0.433436,0.319254,NA,NA,0.83185,NA,0.502194,0
"Dc13159","locus100",0.674978,0.603592,1,NA,0.914202,NA,0.32804,0
"Dc13159","locus106",0.472928,0.61395,NA,NA,0.975358,NA,0.723376,0
"Dc13159","locus116",0.576054,0.271882,NA,NA,0.730414,NA,0.744658,0
"Dc13159","locus119",0.800566,0.977932,NA,NA,0.199522,NA,0.976696,0
"Dc13159","locus120",0.964162,0.120948,NA,NA,0.934834,NA,0.340466,0
"Dc13159","locus128",0.884962,0.315932,NA,0.498766,0.343258,NA,0.562644,0
"Dc13159","locus129",0.274734,0.222058,NA,0.334344,0.233538,NA,0.818452,0
"Dc13159","locus130",0.3676,NA,NA,NA,0.733342,NA,0.510498,0
"Dc13159","locus134",0.683738,0.552968,NA,NA,0.435332,NA,0.67461,0
"Dc13159","locus135",0.416176,0.069016,NA,1,0.617592,NA,0.26504,0
"Dc13159","locus137",0.512316,0.676786,NA,Inf,0.099398,NA,0.80682,0
"Dc13159","locus139",0.295904,0.785428,NA,Inf,0.741628,NA,1,0
"Dc13159","locus140",0.293662,0.782474,NA,Inf,0.741532,NA,1,0
"Dc13159","locus146",0.49339,0.73501,1,0.334776,0.798564,NA,0.816066,0
"Dc13159","locus148",0.833876,0.858006,NA,0.500196,0.244396,NA,1,0
"Dc13159","locus151",0.178154,NA,NA,0.167512,0.719868,NA,1,0
"Dc13159","locus157",0.527878,NA,NA,NA,0.267468,NA,0.349538,0
"Dc13159","locus161",0.557774,0.370528,NA,1,0.530474,NA,0.688268,0
"Dc13159","locus165",0.135334,0.81224,Inf,NA,0.718192,NA,0.597158,0
"Dc13159","locus170",0.2593,0.124508,NA,0.168422,0.267014,NA,0.591002,0
"Dc13159","locus176",0.426332,NA,NA,NA,0.079308,NA,0.746284,0
"Dc13159","locus184",0.680848,0.75189,0.499162,1,0.29853,NA,0.32723,0
"Dc13159","locus186",0.509208,0.450542,NA,1,0.76094,NA,0.946458,0
"Dc13159","locus188",0.29461,0.083084,Inf,NA,0.369148,Inf,0.676962,0
"Dc13159","locus189",0.970438,0.413494,NA,1,0.707574,0.333792,0.219018,0
"Dc13159","locus190",0.820722,0.38251,NA,NA,0.156964,1,0.72757,0
"Dc13159","locus191",0.085084,NA,Inf,NA,0.071012,0.335786,0.25475,0
"Dc13159","locus192",0.154512,0.733904,NA,NA,0.856724,1,1,0
"Dc13159","locus195",0.869254,0.685806,NA,NA,0.498212,1,0.485238,0
"Dc13159","locus202",0.930122,0.947622,NA,NA,0.04816,1,1,1
"Dc13159","locus215",0.461794,NA,NA,NA,0.390278,1,0.076726,0
"Dc13159","locus227",0.170876,0.630788,Inf,NA,0.472896,0.599144,0.407634,0
"Dc13159","locus231",0.790752,0.95608,NA,NA,0.33077,NA,0.944284,0
"Dc13159","locus235",0.439722,0.011458,NA,NA,0.512954,Inf,0.587252,1
"Dc13159","locus236",0.943498,0.027516,NA,NA,0.522594,0.599522,0.270864,1
"Dc13159","locus237",0.492844,0.948984,NA,NA,0.062314,1,0.734856,0
"Dc13159","locus239",0.13817,0.846804,NA,NA,0.562064,0.33271,0.475504,0
"Dc13159","locus248",0.141192,0.708984,NA,NA,0.326576,0.600548,0.08531,0
"Dc13159","locus256",0.568634,0.95013,NA,NA,0.021654,NA,0.413892,1
"Dc13159","locus263",0.854844,0.766004,NA,NA,0.46635,NA,0.666272,0
"Dc13159","locus264",0.163852,0.665548,NA,NA,0.17031,NA,0.286772,0
"Dc13159","locus274",0.62694,0.766798,NA,NA,0.559082,NA,0.241962,0
"Dc13159","locus280",0.14008,0.446078,NA,NA,0.53094,NA,0.511524,0
"Dc13159","locus282",0.835134,0.874274,NA,NA,0.813108,NA,0.671042,0
"Dc13159","locus286",0.675774,0.273596,NA,NA,0.814028,NA,0.836234,0
"Dc13159","locus291",0.640174,0.547268,NA,NA,0.898678,NA,0.287292,0
"Dc13159","locus292",0.388542,0.789544,NA,NA,0.397508,NA,0.38404,0
"Dc13159","locus296",0.01579,0.904964,NA,NA,0.059706,NA,0.568152,1
"Dc13159","locus301",0.272784,0.064116,NA,NA,0.801748,NA,1,0
"Dc13159","locus314",0.888484,0.6139,NA,Inf,0.750446,NA,1,0
"Dc13159","locus321",0.912106,0.459822,NA,NA,0.525398,NA,0.952852,0
"Dc13159","locus322",0.222414,0.485472,NA,NA,0.38926,NA,0.451614,0
"Dc13159","locus323",0.624714,0.671394,NA,NA,0.903932,NA,1,0
"Dc13159","locus329",0.369862,0.270254,NA,NA,0.87974,NA,0.872694,0
"Dc13159","locus332",0.267102,0.638748,0.499704,NA,0.41493,NA,1,0
"Dc13159","locus358",0.736274,0.533044,NA,NA,0.645132,NA,0.603242,0
"Dc13159","locus359",0.24945,0.201456,NA,NA,0.611434,NA,Inf,0
"Dc13159","locus360",0.386154,0.571008,NA,NA,0.177922,NA,0.953084,0
"Dc13592","Dc14022",0.78242,0.6799,NA,NA,Inf,0.334362,Inf,0
"Dc13592","Dc14945",0.15905,1,NA,NA,0.116668,Inf,Inf,0
"Dc13592","Dc16747",0.053696,0.715212,NA,NA,0.612336,Inf,0.464444,0
"Dc13592","Dc18951",0.869108,0.158334,NA,NA,0.320918,1,1,0
"Dc13592","Dc20232",0.610278,0.902112,NA,NA,0.556034,0.730526,1,0
"Dc13592","Dc22883",0.899212,0.918106,NA,NA,0.795318,NA,0.007908,1
"Dc13592","Dc22887",0.898084,0.25577,NA,NA,0.326614,0.601252,1,0
"Dc13592","Dc27955",0.533088,0.980866,NA,NA,0.415786,NA,1,0
"Dc13592","Dc28124",0.30476,0.07391,NA,NA,0.629312,Inf,1,0
"Dc13592","Dc28776",0.325766,0.377706,NA,NA,0.8471,1,0.890776,0
"Dc13592","Dc30071",0.44354,0.252362,NA,NA,0.118408,0.06732,0.262154,0
"Dc13592","Dc31007",1,NA,NA,NA,0.476292,NA,0.429862,0
"Dc13592","Dc33714",0.561258,0.88122,NA,NA,0.97753,1,0.452688,0
"Dc13592","Dc33907",0.171734,1,NA,NA,0.011888,0.703914,1,1
"Dc13592","Dc34902",0.572678,0.83274,NA,NA,0.070372,Inf,0.618442,0
"Dc13592","Dc35779",0.738406,0.282622,NA,NA,0.646248,Inf,0.281334,0
"Dc13592","Dc36571",0.743378,0.166792,NA,NA,0.6349,1,1,0
"Dc13592","Dc36616",0.519716,0.060476,NA,NA,0.026826,0.334118,0.789104,1
"Dc13592","Dc40235",0.725664,0.90232,NA,NA,0.199304,1,0.787778,0
"Dc13592","Dc41234",0.563016,0.239042,NA,NA,NA,NA,0.56832,0
"Dc13592","Dc46984",0.257958,0.920692,NA,NA,0.595142,0.727518,0.444682,0
"Dc13592","Dc47572",0.136882,0.403738,1,NA,0.050166,0.59715,0.240584,0
"Dc13592","Dc47935",0.433822,0.608678,NA,NA,0.057028,0.200032,0.465966,0
"Dc13592","Dc48207",0.63937,1,NA,NA,1,1,Inf,0
"Dc13592","Dc48950",0.145852,0.715606,NA,NA,0.470646,0.79905,1,0
"Dc13592","Dc49080",0.834788,0.978762,NA,NA,0.511644,0.599368,0.59842,0
"Dc13592","Dc49184",0.172664,0.119856,NA,NA,0.09388,1,1,0
"Dc13592","Dc51020",0.51347,0.635824,NA,NA,0.834166,0.598788,0.29602,0
"Dc13592","Dc52523",0.558708,0.937396,NA,NA,0.83179,0.734772,0.069806,0
"Dc13592","Dc55481",0.490658,0.311792,NA,0.49977,0.910854,NA,1,0
"Dc13592","Dc58248",0.845314,0.568784,NA,1,0.507846,NA,0.08708,0
"Dc13592","Dc62188",0.763034,0.619372,NA,1,0.014454,NA,0.891222,1
"Dc13592","Dc67011",0.221028,0.311484,NA,0.499562,0.282742,NA,0.581074,0
"Dc13592","locus003",0.164726,0.313932,NA,0.801718,0.00029,NA,0.330802,1
"Dc13592","locus004",0.026542,0.380806,NA,0.200882,0.041736,NA,0.152176,2
"Dc13592","locus005",0.350108,0.467526,NA,0.066564,0.041778,NA,0.589934,1
"Dc13592","locus006",0.685086,0.171452,NA,0.497224,0.014176,NA,0.5105,1
"Dc13592","locus008",0.224746,0.558412,NA,1,0.34121,NA,0.54646,0
"Dc13592","locus013",0.796998,0.5211,NA,1,0.416846,NA,0.624054,0
"Dc13592","locus014",0.919678,0.250844,0.499802,0.797954,0.341556,NA,1,0
"Dc13592","locus022",0.300884,0.669672,NA,0.79846,0.647156,NA,0.79578,0
"Dc13592","locus024",0.051238,0.55547,NA,1,0.088042,NA,1,0
"Dc13592","locus025",0.781684,0.40611,NA,1,0.704346,NA,0.064018,0
"Dc13592","locus027",0.88936,0.774884,NA,NA,NA,NA,NA,0
"Dc13592","locus030",0.254656,0.340504,NA,NA,0.085746,NA,1,0
"Dc13592","locus035",0.886072,0.48006,NA,NA,0.455886,NA,1,0
"Dc13592","locus038",0.322214,0.67491,NA,NA,0.408744,NA,0.329998,0
"Dc13592","locus039",0.863578,0.255658,NA,NA,0.040018,NA,0.090632,1
"Dc13592","locus040",0.17614,0.796862,NA,NA,0.780138,NA,Inf,0
"Dc13592","locus041",0.21147,0.188506,NA,NA,0.021914,NA,0.880736,1
"Dc13592","locus045",1,0.214052,NA,NA,0.609864,NA,0.230154,0
"Dc13592","locus047",0.490542,0.076984,NA,NA,0.982142,NA,0.3307,0
"Dc13592","locus048",0.127032,0.433504,NA,NA,0.305964,NA,1,0
"Dc13592","locus053",0.29799,0.825822,NA,NA,0.966682,NA,0.131236,0
"Dc13592","locus055",0.383114,0.040916,NA,NA,0.914658,NA,0.651114,1
"Dc13592","locus056",0.268336,0.94495,NA,0.16755,0.77626,NA,1,0
"Dc13592","locus058",0.176248,0.961212,NA,0.797654,0.331784,NA,0.796812,0
"Dc13592","locus060",0.41365,0.539822,NA,1,0.058796,NA,1,0
"Dc13592","locus061",0.232022,NA,NA,NA,0.942316,NA,1,0
"Dc13592","locus062",0.369712,0.707236,NA,1,0.645108,NA,0.861132,0
"Dc13592","locus064",0.60347,0.449518,NA,1,0.193724,NA,1,0
"Dc13592","locus065",0.78497,0.856342,NA,1,0.412272,NA,1,0
"Dc13592","locus073",0.419428,0.034636,1,0.800598,0.128496,NA,1,1
"Dc13592","locus074",0.909986,0.783796,1,1,0.684482,NA,0.640894,0
"Dc13592","locus076",0.52734,0.721218,NA,NA,0.29603,NA,0.679536,0
"Dc13592","locus077",0.61651,0.002474,NA,Inf,1,NA,0.578742,1
"Dc13592","locus080",0.903312,0.442862,NA,NA,0.875212,NA,1,0
"Dc13592","locus083",0.505724,NA,NA,NA,0.16721,NA,1,0
"Dc13592","locus088",0.504728,0.46831,NA,NA,0.514526,NA,0.2934,0
"Dc13592","locus093",0.238316,Inf,Inf,NA,0.32496,NA,1,0
"Dc13592","locus096",0.948684,0.831756,1,NA,1,NA,0.859174,0
"Dc13592","locus098",0.049926,0.395734,NA,NA,0.04669,NA,0.668464,2
"Dc13592","locus100",0.102446,0.734536,1,NA,0.19772,NA,0.571652,0
"Dc13592","locus106",1,0.363558,NA,NA,0.027678,NA,0.455064,1
"Dc13592","locus116",0.331228,0.076316,NA,NA,0.45604,NA,1,0
"Dc13592","locus119",0.369544,0.056044,NA,NA,0.312958,NA,1,0
"Dc13592","locus120",0.578102,0.555556,NA,NA,0.365064,NA,0.411346,0
"Dc13592","locus128",0.099606,0.073346,NA,0.499418,1,NA,0.534344,0
"Dc13592","locus129",0.184416,0.241278,NA,0.800142,0.95996,NA,0.64924,0
"Dc13592","locus130",0.019838,NA,Inf,NA,0.149762,NA,0.068244,1
"Dc13592","locus134",0.652844,0.298108,NA,NA,0.069414,NA,0.577778,0
"Dc13592","locus135",0.085996,0.491144,NA,0.200996,0.067202,NA,1,0
"Dc13592","locus137",0.657668,0.228296,NA,0.501048,0.54908,NA,1,0
"Dc13592","locus139",0.742004,0.656552,NA,1,0.075562,NA,0.645914,0
"Dc13592","locus140",0.73642,0.654478,NA,1,0.073526,NA,0.641852,0
"Dc13592","locus146",0.705558,0.038028,1,0.600074,0.34109,NA,0.856182,1
"Dc13592","locus148",0.091978,0.036766,NA,1,0.659728,NA,0.860234,1
"Dc13592","locus151",0.065482,NA,NA,1,0.174052,NA,0.696306,0
"Dc13592","locus157",0.493726,NA,NA,NA,0.870254,NA,1,0
"Dc13592","locus161",0.106444,0.237816,NA,0.500554,0.795748,NA,0.181524,0
"Dc13592","locus165",0.46604,0.313274,NA,NA,0.350732,NA,0.86121,0
"Dc13592","locus170",0.091562,0.882958,NA,0.799628,0.027528,NA,1,1
"Dc13592","locus176",0.781968,NA,NA,NA,0.086018,NA,0.406276,0
"Dc13592","locus184",0.472192,0.844516,1,1,0.26155,NA,0.17496,0
"Dc13592","locus186",0.243124,0.617598,NA,1,0.906022,NA,0.095144,0
"Dc13592","locus188",0.499864,0.004494,NA,NA,0.977308,NA,0.242382,1
"Dc13592","locus189",0.7658,0.598374,NA,0.601556,0.00142,0.400314,1,1
"Dc13592","locus190",0.86971,0.306584,NA,NA,0.016056,0.334478,1,1
"Dc13592","locus191",0.840778,NA,NA,NA,0.24997,1,0.015828,1
"Dc13592","locus192",0.460084,0.544368,NA,NA,0.131092,0.602258,0.64782,0
"Dc13592","locus195",0.344726,0.382828,NA,NA,0.86084,1,0.3299,0
"Dc13592","locus202",0.379642,0.731116,NA,NA,0.457554,1,0.313336,0
"Dc13592","locus215",0.154558,NA,NA,NA,0.054964,1,0.647794,0
"Dc13592","locus227",0.890262,0.451434,Inf,NA,0.206864,0.599072,1,0
"Dc13592","locus231",0.402488,0.80352,NA,NA,0.428512,NA,0.881014,0
"Dc13592","locus235",0.100922,0.941342,NA,NA,0.712294,Inf,0.596456,0
"Dc13592","locus236",0.678916,0.812148,NA,NA,0.411188,1,0.648154,0
"Dc13592","locus237",0.820454,0.088754,NA,NA,0.233362,0.598442,0.930268,0
"Dc13592","locus239",0.57497,0.004128,NA,NA,0.195948,0.199536,0.095164,1
"Dc13592","locus248",0.587618,0.987524,NA,NA,0.557982,0.399942,0.070344,0
"Dc13592","locus256",0.436318,0.83726,NA,NA,0.190946,NA,0.498134,0
"Dc13592","locus263",0.783094,0.129362,NA,NA,0.397028,NA,1,0
"Dc13592","locus264",0.317586,0.7922,NA,NA,0.675796,NA,0.20279,0
"Dc13592","locus274",0.593594,0.683744,NA,NA,0.111056,NA,0.403632,0
"Dc13592","locus280",0.800086,0.858596,NA,NA,0.160172,NA,0.300656,0
"Dc13592","locus282",0.52916,0.245208,NA,NA,0.758228,NA,0.403404,0
"Dc13592","locus286",0.89479,0.463514,NA,NA,0.6601,NA,0.746004,0
"Dc13592","locus291",0.45221,0.58081,NA,NA,0.568584,NA,0.081006,0
"Dc13592","locus292",0.66759,0.5082,NA,NA,0.213174,NA,1,0
"Dc13592","locus296",0.882818,0.53075,NA,NA,0.977696,NA,0.713754,0
"Dc13592","locus301",0.057772,0.633898,NA,NA,0.695754,NA,1,0
"Dc13592","locus314",0.839392,0.510658,NA,NA,1,NA,1,0
"Dc13592","locus321",0.00372,0.56189,NA,NA,0.678658,NA,1,1
"Dc13592","locus322",0.5552,0.61247,NA,NA,0.087542,NA,1,0
"Dc13592","locus323",0.539048,0.303172,NA,NA,0.661246,NA,0.695046,0
"Dc13592","locus329",0.371608,0.525138,NA,NA,0.954274,NA,0.22592,0
"Dc13592","locus332",0.298148,0.363152,1,NA,0.738288,NA,1,0
"Dc13592","locus358",0.886328,0.667602,NA,NA,0.15723,NA,1,0
"Dc13592","locus359",0.229108,0.800242,NA,NA,0.157014,NA,1,0
"Dc13592","locus360",0.16336,0.770712,NA,NA,0.057542,NA,0.773176,0
"Dc14022","Dc14945",0.633376,1,NA,NA,Inf,Inf,Inf,0
"Dc14022","Dc16747",0.648328,0.7171,NA,NA,Inf,Inf,Inf,0
"Dc14022","Dc18951",0.029074,0.16284,NA,NA,Inf,1,Inf,1
"Dc14022","Dc20232",0.592448,0.619216,NA,NA,Inf,0.286332,Inf,0
"Dc14022","Dc22883",0.643596,0.515972,NA,NA,Inf,NA,Inf,0
"Dc14022","Dc22887",0.23244,1,NA,NA,Inf,1,Inf,0
"Dc14022","Dc27955",0.181388,0.434336,NA,NA,Inf,NA,Inf,0
"Dc14022","Dc28124",0.401078,0.56832,NA,NA,Inf,Inf,Inf,0
"Dc14022","Dc28776",1,1,NA,NA,Inf,1,Inf,0
"Dc14022","Dc30071",1,1,NA,NA,Inf,0.427144,Inf,0
"Dc14022","Dc31007",1,NA,NA,NA,Inf,NA,Inf,0
"Dc14022","Dc33714",0.820516,0.375142,NA,NA,Inf,1,Inf,0
"Dc14022","Dc33907",0.692704,0.378594,NA,NA,Inf,0.499768,Inf,0
"Dc14022","Dc34902",0.580122,0.609482,NA,NA,Inf,Inf,Inf,0
"Dc14022","Dc35779",0.708988,0.008812,NA,NA,Inf,1,Inf,1
"Dc14022","Dc36571",0.55677,0.535212,NA,NA,Inf,1,Inf,0
"Dc14022","Dc36616",0.76327,0.761384,NA,NA,Inf,1,Inf,0
"Dc14022","Dc40235",0.336,1,NA,NA,Inf,1,Inf,0
"Dc14022","Dc41234",0.914712,0.61831,NA,NA,NA,NA,Inf,0
"Dc14022","Dc46984",1,0.699784,NA,NA,Inf,0.426446,Inf,0
"Dc14022","Dc47572",0.20968,0.740096,Inf,NA,Inf,0.28707,Inf,0
"Dc14022","Dc47935",0.564536,0.488068,Inf,NA,Inf,0.431122,Inf,0
"Dc14022","Dc48207",0.63762,0.137254,NA,NA,Inf,1,Inf,0
"Dc14022","Dc48950",0.297588,0.548768,NA,NA,Inf,1,Inf,0
"Dc14022","Dc49080",0.658532,0.681922,NA,NA,Inf,1,Inf,0
"Dc14022","Dc49184",1,0.068872,NA,NA,Inf,1,Inf,0
"Dc14022","Dc51020",1,1,NA,NA,Inf,1,Inf,0
"Dc14022","Dc52523",0.488618,0.82652,NA,NA,Inf,0.14222,Inf,0
"Dc14022","Dc55481",0.378974,0.579014,NA,Inf,Inf,NA,Inf,0
"Dc14022","Dc58248",0.815846,0.368008,NA,Inf,Inf,NA,Inf,0
"Dc14022","Dc62188",0.052598,0.15115,NA,Inf,Inf,NA,Inf,0
"Dc14022","Dc67011",1,0.644222,NA,Inf,Inf,NA,Inf,0
"Dc14022","locus003",0.19727,0.337772,NA,Inf,Inf,NA,Inf,0
"Dc14022","locus004",0.422986,0.216516,NA,Inf,Inf,NA,Inf,0
"Dc14022","locus005",0.098142,0.020636,NA,Inf,Inf,NA,Inf,1
"Dc14022","locus006",0.471662,1,NA,Inf,Inf,NA,Inf,0
"Dc14022","locus008",1,0.849944,NA,Inf,Inf,NA,Inf,0
"Dc14022","locus013",0.172336,0.509604,NA,Inf,Inf,NA,Inf,0
"Dc14022","locus014",0.17703,0.679364,Inf,Inf,Inf,NA,Inf,0
"Dc14022","locus022",0.731466,0.09715,NA,Inf,Inf,NA,Inf,0
"Dc14022","locus024",0.423374,0.237634,NA,Inf,Inf,NA,Inf,0
"Dc14022","locus025",0.448618,0.57027,NA,Inf,Inf,NA,Inf,0
"Dc14022","locus027",0.71979,0.074496,NA,NA,NA,NA,NA,0
"Dc14022","locus030",0.504096,0.384966,NA,NA,Inf,NA,Inf,0
"Dc14022","locus035",0.70443,1,NA,NA,Inf,NA,Inf,0
"Dc14022","locus038",0.200108,0.679828,NA,NA,Inf,NA,Inf,0
"Dc14022","locus039",0.40264,0.351054,NA,NA,Inf,NA,Inf,0
"Dc14022","locus040",1,1,NA,NA,Inf,NA,Inf,0
"Dc14022","locus041",0.604914,1,NA,NA,Inf,NA,Inf,0
"Dc14022","locus045",0.564454,1,NA,NA,Inf,NA,Inf,0
"Dc14022","locus047",0.360168,1,NA,NA,Inf,NA,Inf,0
"Dc14022","locus048",0.62066,1,NA,NA,Inf,NA,Inf,0
"Dc14022","locus053",0.635432,0.60748,NA,NA,Inf,NA,Inf,0
"Dc14022","locus055",1,0.089748,NA,NA,Inf,NA,Inf,0
"Dc14022","locus056",0.761948,1,NA,Inf,Inf,NA,Inf,0
"Dc14022","locus058",0.67261,0.434884,NA,Inf,Inf,NA,Inf,0
"Dc14022","locus060",0.184768,0.061974,NA,Inf,Inf,NA,Inf,0
"Dc14022","locus061",1,NA,NA,NA,Inf,NA,Inf,0
"Dc14022","locus062",0.864828,1,NA,Inf,Inf,NA,Inf,0
"Dc14022","locus064",0.133126,0.666102,NA,Inf,Inf,NA,Inf,0
"Dc14022","locus065",1,0.667988,NA,Inf,Inf,NA,Inf,0
"Dc14022","locus073",0.364994,0.82944,Inf,Inf,Inf,NA,Inf,0
"Dc14022","locus074",0.708016,0.311912,Inf,Inf,Inf,NA,Inf,0
"Dc14022","locus076",0.76072,1,NA,NA,Inf,NA,Inf,0
"Dc14022","locus077",0.091554,1,NA,Inf,Inf,NA,Inf,0
"Dc14022","locus080",0.086962,0.54816,NA,NA,Inf,NA,Inf,0
"Dc14022","locus083",0.557222,NA,NA,NA,Inf,NA,Inf,0
"Dc14022","locus088",0.730088,1,NA,NA,Inf,NA,Inf,0
"Dc14022","locus093",1,Inf,Inf,NA,Inf,NA,Inf,0
"Dc14022","locus096",1,0.645946,Inf,NA,Inf,NA,Inf,0
"Dc14022","locus098",0.208738,0.521466,NA,NA,Inf,NA,Inf,0
"Dc14022","locus100",0.206936,0.670728,Inf,NA,Inf,NA,Inf,0
"Dc14022","locus106",1,0.629568,NA,NA,Inf,NA,Inf,0
"Dc14022","locus116",0.145786,0.664962,NA,NA,Inf,NA,Inf,0
"Dc14022","locus119",1,0.162404,NA,NA,Inf,NA,Inf,0
"Dc14022","locus120",0.50068,0.403714,NA,NA,Inf,NA,Inf,0
"Dc14022","locus128",0.39052,0.712906,NA,Inf,Inf,NA,Inf,0
"Dc14022","locus129",0.092568,1,NA,Inf,Inf,NA,Inf,0
"Dc14022","locus130",0.23509,NA,Inf,NA,Inf,NA,Inf,0
"Dc14022","locus134",0.36369,0.327098,NA,NA,Inf,NA,Inf,0
"Dc14022","locus135",0.688658,0.425338,NA,Inf,Inf,NA,Inf,0
"Dc14022","locus137",1,0.619332,NA,Inf,Inf,NA,Inf,0
"Dc14022","locus139",1,1,NA,Inf,Inf,NA,Inf,0
"Dc14022","locus140",1,1,NA,Inf,Inf,NA,Inf,0
"Dc14022","locus146",0.399672,0.439992,Inf,Inf,Inf,NA,Inf,0
"Dc14022","locus148",0.700074,0.349954,NA,Inf,Inf,NA,Inf,0
"Dc14022","locus151",0.659466,NA,NA,Inf,Inf,NA,Inf,0
"Dc14022","locus157",1,NA,NA,NA,Inf,NA,Inf,0
"Dc14022","locus161",1,0.321594,NA,Inf,Inf,NA,Inf,0
"Dc14022","locus165",0.747386,0.55404,NA,NA,Inf,NA,Inf,0
"Dc14022","locus170",1,0.703482,NA,Inf,Inf,NA,Inf,0
"Dc14022","locus176",1,NA,NA,NA,Inf,NA,Inf,0
"Dc14022","locus184",0.58698,0.747958,Inf,Inf,Inf,NA,Inf,0
"Dc14022","locus186",0.656728,0.011662,NA,Inf,Inf,NA,Inf,1
"Dc14022","locus188",0.549484,0.453914,NA,NA,Inf,NA,Inf,0
"Dc14022","locus189",0.158166,0.620786,NA,Inf,Inf,0.141032,Inf,0
"Dc14022","locus190",0.062852,0.69106,NA,NA,Inf,1,Inf,0
"Dc14022","locus191",0.070436,NA,NA,NA,Inf,0.570492,Inf,0
"Dc14022","locus192",1,0.657464,NA,NA,Inf,1,Inf,0
"Dc14022","locus195",0.47059,1,NA,NA,Inf,0.427858,Inf,0
"Dc14022","locus202",0.858386,0.129446,NA,NA,Inf,1,Inf,0
"Dc14022","locus215",0.58197,NA,NA,NA,Inf,1,Inf,0
"Dc14022","locus227",1,0.309206,Inf,NA,Inf,0.428704,Inf,0
"Dc14022","locus231",0.586068,1,NA,NA,Inf,NA,Inf,0
"Dc14022","locus235",0.23231,0.032176,NA,NA,Inf,Inf,Inf,1
"Dc14022","locus236",1,0.632142,NA,NA,Inf,1,Inf,0
"Dc14022","locus237",0.708056,0.330622,NA,NA,Inf,0.284754,Inf,0
"Dc14022","locus239",0.21652,1,NA,NA,Inf,0.571274,Inf,0
"Dc14022","locus248",0.232502,0.703354,NA,NA,Inf,0.426576,Inf,0
"Dc14022","locus256",1,0.694374,NA,NA,Inf,NA,Inf,0
"Dc14022","locus263",0.405918,1,NA,NA,Inf,NA,Inf,0
"Dc14022","locus264",0.254924,1,NA,NA,Inf,NA,Inf,0
"Dc14022","locus274",0.652046,0.855324,NA,NA,Inf,NA,Inf,0
"Dc14022","locus280",1,1,NA,NA,Inf,NA,Inf,0
"Dc14022","locus282",0.865606,0.05342,NA,NA,Inf,NA,Inf,0
"Dc14022","locus286",1,1,NA,NA,Inf,NA,Inf,0
"Dc14022","locus291",0.274416,0.192218,NA,NA,Inf,NA,Inf,0
"Dc14022","locus292",0.000658,0.83473,NA,NA,Inf,NA,Inf,1
"Dc14022","locus296",0.888628,1,NA,NA,Inf,NA,Inf,0
"Dc14022","locus301",0.427532,0.357004,NA,NA,Inf,NA,Inf,0
"Dc14022","locus314",1,0.45128,NA,NA,Inf,NA,Inf,0
"Dc14022","locus321",0.399528,0.69496,NA,NA,Inf,NA,Inf,0
"Dc14022","locus322",0.850952,0.710408,NA,NA,Inf,NA,Inf,0
"Dc14022","locus323",0.142624,0.685328,NA,NA,Inf,NA,Inf,0
"Dc14022","locus329",0.117188,0.350368,NA,NA,Inf,NA,Inf,0
"Dc14022","locus332",0.650374,0.097368,Inf,NA,Inf,NA,Inf,0
"Dc14022","locus358",1,0.151878,NA,NA,Inf,NA,Inf,0
"Dc14022","locus359",0.68031,0.569264,NA,NA,Inf,NA,Inf,0
"Dc14022","locus360",1,0.743392,NA,NA,Inf,NA,Inf,0
"Dc14945","Dc16747",0.347152,0.617238,NA,NA,0.92892,Inf,1,0
"Dc14945","Dc18951",0.276138,0.737068,NA,NA,0.035724,Inf,1,1
"Dc14945","Dc20232",0.675034,1,NA,NA,0.25584,Inf,1,0
"Dc14945","Dc22883",0.006086,0.007438,NA,NA,0.540758,NA,Inf,2
"Dc14945","Dc22887",1,1,NA,NA,0.659938,Inf,1,0
"Dc14945","Dc27955",0.1351,0.840234,NA,NA,1,NA,1,0
"Dc14945","Dc28124",0.768076,0.582122,NA,NA,1,Inf,0.200644,0
"Dc14945","Dc28776",0.744164,1,NA,NA,0.89848,Inf,0.4306,0
"Dc14945","Dc30071",0.098404,1,NA,NA,0.371644,Inf,1,0
"Dc14945","Dc31007",1,NA,NA,NA,0.640646,NA,0.252632,0
"Dc14945","Dc33714",0.747014,0.552506,NA,NA,0.078576,Inf,1,0
"Dc14945","Dc33907",0.807958,0.417622,NA,NA,0.67159,Inf,1,0
"Dc14945","Dc34902",0.6437,0.38244,NA,NA,0.451564,Inf,0.21446,0
"Dc14945","Dc35779",0.78535,0.575264,NA,NA,0.690886,Inf,0.356574,0
"Dc14945","Dc36571",1,0.35678,NA,NA,0.588106,Inf,1,0
"Dc14945","Dc36616",0.084306,0.033486,NA,NA,0.223548,Inf,1,1
"Dc14945","Dc40235",0.64468,0.260144,NA,NA,0.697866,Inf,1,0
"Dc14945","Dc41234",0.780914,0.22241,NA,NA,NA,NA,1,0
"Dc14945","Dc46984",0.909934,0.315344,NA,NA,0.649934,Inf,0.53543,0
"Dc14945","Dc47572",0.500912,0.617274,1,NA,0.650054,Inf,0.39873,0
"Dc14945","Dc47935",0.325468,0.838142,Inf,NA,0.738458,Inf,0.14307,0
"Dc14945","Dc48207",0.689616,1,NA,NA,1,Inf,1,0
"Dc14945","Dc48950",0.705242,0.073428,NA,NA,0.090972,Inf,1,0
"Dc14945","Dc49080",1,0.11819,NA,NA,0.719166,Inf,1,0
"Dc14945","Dc49184",0.114496,0.480628,NA,NA,0.484538,Inf,1,0
"Dc14945","Dc51020",0.53906,0.248022,NA,NA,0.46519,Inf,1,0
"Dc14945","Dc52523",0.50514,0.747852,NA,NA,0.098626,Inf,0.232188,0
"Dc14945","Dc55481",0.507292,0.698728,NA,Inf,0.171552,NA,1,0
"Dc14945","Dc58248",0.885148,0.754936,NA,1,0.414846,NA,0.40127,0
"Dc14945","Dc62188",0.486934,0.220916,NA,1,0.129874,NA,0.496476,0
"Dc14945","Dc67011",0.745792,0.18377,NA,0.284934,0.030222,NA,0.268936,1
"Dc14945","locus003",0.127732,0.083958,NA,0.572028,0.106862,NA,0.53391,0
"Dc14945","locus004",1,0.248932,NA,1,0.264168,NA,1,0
"Dc14945","locus005",0.687778,0.350834,NA,1,0.406898,NA,1,0
"Dc14945","locus006",0.562736,0.841666,NA,0.28777,1,NA,0.401978,0
"Dc14945","locus008",0.04742,0.290656,NA,1,1,NA,1,1
"Dc14945","locus013",0.573696,0.37831,NA,1,0.2779,NA,0.533326,0
"Dc14945","locus014",0.930292,0.566774,0.50165,0.62117,1,NA,1,0
"Dc14945","locus022",0.317934,0.433112,NA,1,0.588288,NA,0.132668,0
"Dc14945","locus024",0.865194,1,NA,0.19979,0.154348,NA,1,0
"Dc14945","locus025",0.24355,0.283792,NA,0.501308,0.38021,NA,0.53488,0
"Dc14945","locus027",1,0.439944,NA,NA,NA,NA,NA,0
"Dc14945","locus030",0.618368,0.837658,NA,NA,0.562264,NA,1,0
"Dc14945","locus035",1,0.062522,NA,NA,1,NA,1,0
"Dc14945","locus038",0.4026,0.732328,NA,NA,0.946882,NA,1,0
"Dc14945","locus039",0.186958,0.37762,NA,NA,0.400314,NA,1,0
"Dc14945","locus040",0.326842,0.06525,NA,NA,0.52673,NA,0.090324,0
"Dc14945","locus041",0.768156,0.079554,NA,NA,0.735194,NA,Inf,0
"Dc14945","locus045",0.215542,1,NA,NA,0.166324,NA,Inf,0
"Dc14945","locus047",1,0.896712,NA,NA,0.209956,NA,1,0
"Dc14945","locus048",0.450912,0.489522,NA,NA,0.69668,NA,1,0
"Dc14945","locus053",0.419002,0.056756,NA,NA,0.459738,NA,0.132938,0
"Dc14945","locus055",0.552468,0.010932,NA,NA,0.568982,NA,1,1
"Dc14945","locus056",0.379902,0.698546,NA,1,0.473354,NA,1,0
"Dc14945","locus058",0.950298,0.823622,NA,1,0.394546,NA,1,0
"Dc14945","locus060",0.573404,1,NA,1,0.48579,NA,1,0
"Dc14945","locus061",1,NA,NA,NA,0.353672,NA,1,0
"Dc14945","locus062",0.134388,0.351742,NA,1,0.703702,NA,0.465582,0
"Dc14945","locus064",0.45853,1,NA,1,0.386218,NA,1,0
"Dc14945","locus065",1,0.053082,NA,1,0.547534,NA,1,0
"Dc14945","locus073",0.91709,0.480562,1,1,0.20722,NA,1,0
"Dc14945","locus074",0.423934,0.85791,1,1,0.012358,NA,0.46569,1
"Dc14945","locus076",0.83294,0.209488,NA,NA,0.557802,NA,1,0
"Dc14945","locus077",0.155228,0.402624,NA,Inf,0.180488,NA,1,0
"Dc14945","locus080",0.119468,0.322068,NA,NA,0.659922,NA,1,0
"Dc14945","locus083",0.476564,NA,NA,NA,0.555606,NA,Inf,0
"Dc14945","locus088",0.27757,0.668298,NA,NA,0.014522,NA,1,1
"Dc14945","locus093",0.06616,Inf,Inf,NA,1,NA,1,0
"Dc14945","locus096",0.260832,0.183218,1,NA,1,NA,0.333094,0
"Dc14945","locus098",0.813794,0.153532,NA,NA,0.207394,NA,1,0
"Dc14945","locus100",0.237836,0.558558,1,NA,0.823,NA,1,0
"Dc14945","locus106",0.376872,0.49527,NA,NA,0.315732,NA,1,0
"Dc14945","locus116",0.052312,0.557116,NA,NA,0.125486,NA,1,0
"Dc14945","locus119",0.582762,0.549896,NA,NA,0.685312,NA,1,0
"Dc14945","locus120",0.625248,0.20794,NA,NA,0.417132,NA,1,0
"Dc14945","locus128",0.921434,1,NA,Inf,0.605184,NA,Inf,0
"Dc14945","locus129",0.855088,0.434692,NA,1,0.33181,NA,1,0
"Dc14945","locus130",0.087924,NA,Inf,NA,0.567966,NA,Inf,0
"Dc14945","locus134",0.201724,0.852006,NA,NA,0.51042,NA,0.266988,0
"Dc14945","locus135",0.651396,0.647648,NA,0.52354,0.091528,NA,0.265414,0
"Dc14945","locus137",0.43685,0.293274,NA,0.284144,0.493952,NA,1,0
"Dc14945","locus139",0.24078,0.673248,NA,1,0.794932,NA,0.466248,0
"Dc14945","locus140",0.237252,0.673126,NA,1,0.79605,NA,0.465968,0
"Dc14945","locus146",0.150396,0.718638,1,1,0.199202,NA,1,0
"Dc14945","locus148",0.751446,0.942878,NA,1,0.09134,NA,1,0
"Dc14945","locus151",0.772808,NA,NA,0.601952,0.886182,NA,1,0
"Dc14945","locus157",0.184928,NA,NA,NA,0.422584,NA,1,0
"Dc14945","locus161",0.778986,1,NA,1,0.109638,NA,1,0
"Dc14945","locus165",0.756622,0.578404,NA,NA,1,NA,1,0
"Dc14945","locus170",0.02989,0.795532,NA,0.431088,0.566808,NA,1,1
"Dc14945","locus176",0.122206,NA,NA,NA,0.247384,NA,0.40063,0
"Dc14945","locus184",0.032086,0.419306,1,1,0.184286,NA,0.333892,1
"Dc14945","locus186",0.399132,0.423994,NA,1,0.51798,NA,1,0
"Dc14945","locus188",0.443494,0.370914,NA,NA,0.636362,NA,0.269048,0
"Dc14945","locus189",0.82035,0.291932,NA,1,0.739918,Inf,1,0
"Dc14945","locus190",1,0.092338,NA,NA,0.394626,Inf,1,0
"Dc14945","locus191",0.532544,NA,NA,NA,0.935164,Inf,Inf,0
"Dc14945","locus192",0.405848,0.067402,NA,NA,0.664836,Inf,0.534188,0
"Dc14945","locus195",1,0.491884,NA,NA,0.51044,Inf,Inf,0
"Dc14945","locus202",0.88686,0.36874,NA,NA,0.103238,Inf,0.26779,0
"Dc14945","locus215",0.037902,NA,NA,NA,0.745376,Inf,1,1
"Dc14945","locus227",1,0.586812,Inf,NA,0.698558,Inf,0.141986,0
"Dc14945","locus231",0.374758,0.740372,NA,NA,1,NA,Inf,0
"Dc14945","locus235",0.297282,0.056436,NA,NA,0.174312,Inf,1,0
"Dc14945","locus236",0.409624,0.01283,NA,NA,0.295714,Inf,1,1
"Dc14945","locus237",0.230102,0.929944,NA,NA,0.922632,Inf,0.201824,0
"Dc14945","locus239",0.499704,0.749906,NA,NA,0.742676,Inf,1,0
"Dc14945","locus248",0.079828,0.745668,NA,NA,0.8514,Inf,1,0
"Dc14945","locus256",0.491116,0.853706,NA,NA,0.457646,NA,0.230952,0
"Dc14945","locus263",1,1,NA,NA,1,NA,1,0
"Dc14945","locus264",0.820322,0.079038,NA,NA,0.006698,NA,1,1
"Dc14945","locus274",0.696284,0.245542,NA,NA,0.220182,NA,0.06688,0
"Dc14945","locus280",0.44529,1,NA,NA,0.741092,NA,1,0
"Dc14945","locus282",0.703574,0.503344,NA,NA,0.0672,NA,1,0
"Dc14945","locus286",0.118302,0.186296,NA,NA,0.368542,NA,1,0
"Dc14945","locus291",0.382526,0.321284,NA,NA,0.714148,NA,1,0
"Dc14945","locus292",0.644356,0.118844,NA,NA,0.900284,NA,0.332648,0
"Dc14945","locus296",0.109258,0.703918,NA,NA,0.665998,NA,0.398674,0
"Dc14945","locus301",0.614834,0.694428,NA,NA,0.178956,NA,Inf,0
"Dc14945","locus314",0.751318,0.89281,NA,NA,1,NA,1,0
"Dc14945","locus321",0.003514,0.066686,NA,NA,0.094534,NA,1,1
"Dc14945","locus322",0.044714,0.160076,NA,NA,0.830878,NA,1,1
"Dc14945","locus323",0.769522,0.951912,NA,NA,0.736338,NA,1,0
"Dc14945","locus329",0.452296,0.081804,NA,NA,0.88075,NA,1,0
"Dc14945","locus332",0.936716,0.360142,0.250726,NA,1,NA,1,0
"Dc14945","locus358",0.034784,0.03107,NA,NA,0.353558,NA,0.333454,2
"Dc14945","locus359",0.605984,1,NA,NA,0.809232,NA,1,0
"Dc14945","locus360",0.22621,0.398122,NA,NA,0.805666,NA,0.574188,0
"Dc16747","Dc18951",0.819248,0.386224,NA,NA,0.530504,Inf,0.452714,0
"Dc16747","Dc20232",0.12534,0.947884,NA,NA,0.321478,Inf,1,0
"Dc16747","Dc22883",0.988242,0.686534,NA,NA,0.05427,NA,0.426228,0
"Dc16747","Dc22887",0.867594,0.636124,NA,NA,0.308018,Inf,0.228484,0
"Dc16747","Dc27955",0.616234,0.652694,NA,NA,0.167428,NA,0.236332,0
"Dc16747","Dc28124",0.753866,0.893728,NA,NA,0.368246,Inf,0.538162,0
"Dc16747","Dc28776",0.034404,0.459122,NA,NA,0.39712,Inf,1,1
"Dc16747","Dc30071",0.501466,0.213378,NA,NA,0.811064,Inf,0.295962,0
"Dc16747","Dc31007",0.634486,NA,NA,NA,0.636476,NA,0.644366,0
"Dc16747","Dc33714",0.788756,0.82156,NA,NA,0.980278,Inf,1,0
"Dc16747","Dc33907",0.821508,0.699824,NA,NA,0.626312,Inf,0.766422,0
"Dc16747","Dc34902",0.39427,1,NA,NA,0.238352,Inf,1,0
"Dc16747","Dc35779",0.665792,1,NA,NA,0.719928,Inf,1,0
"Dc16747","Dc36571",0.363996,0.867628,NA,NA,0.11256,Inf,0.372258,0
"Dc16747","Dc36616",0.904178,0.814188,NA,NA,0.462212,Inf,0.497488,0
"Dc16747","Dc40235",0.102502,0.243522,NA,NA,0.263772,Inf,1,0
"Dc16747","Dc41234",0.748172,0.644414,Inf,NA,NA,NA,1,0
"Dc16747","Dc46984",0.586266,0.140798,NA,NA,0.152322,Inf,1,0
"Dc16747","Dc47572",0.74929,0.347462,1,NA,0.776872,Inf,0.60868,0
"Dc16747","Dc47935",0.969886,0.871862,NA,NA,0.17573,Inf,0.013936,1
"Dc16747","Dc48207",1,1,NA,NA,1,Inf,1,0
"Dc16747","Dc48950",0.755994,0.23382,NA,NA,0.632338,Inf,0.157924,0
"Dc16747","Dc49080",0.586394,0.21462,NA,NA,0.212592,Inf,0.687106,0
"Dc16747","Dc49184",0.370844,0.845226,NA,NA,0.594878,Inf,0.538206,0
"Dc16747","Dc51020",0.447468,0.869672,NA,NA,0.54456,Inf,0.009594,1
"Dc16747","Dc52523",0.54186,0.999166,NA,NA,0.623634,Inf,0.87708,0
"Dc16747","Dc55481",0.466456,0.01564,NA,0.250534,0.923058,NA,0.343336,1
"Dc16747","Dc58248",0.924638,0.041594,NA,1,0.81432,NA,0.84258,1
"Dc16747","Dc62188",0.641896,0.32699,NA,1,0.854286,NA,0.06981,0
"Dc16747","Dc67011",0.760718,0.456044,NA,Inf,0.736274,NA,0.539018,0
"Dc16747","locus003",0.598928,0.71192,NA,1,0.532856,NA,0.706474,0
"Dc16747","locus004",0.426452,1,NA,1,0.611758,NA,1,0
"Dc16747","locus005",0.437352,0.159498,NA,1,0.58513,NA,0.0623,0
"Dc16747","locus006",0.193132,0.921684,NA,Inf,0.307444,NA,0.704128,0
"Dc16747","locus008",0.163358,0.768876,NA,1,0.91161,NA,1,0
"Dc16747","locus013",0.470278,0.580842,NA,1,0.829444,NA,1,0
"Dc16747","locus014",0.514836,0.828666,Inf,1,0.770106,NA,0.7671,0
"Dc16747","locus022",0.715532,0.063638,NA,1,0.106616,NA,0.88961,0
"Dc16747","locus024",0.677766,0.580884,NA,Inf,0.278568,NA,0.056852,0
"Dc16747","locus025",0.488962,0.901028,NA,1,0.438632,NA,0.053592,0
"Dc16747","locus027",0.857436,0.373962,NA,NA,NA,NA,NA,0
"Dc16747","locus030",0.628302,0.26614,NA,NA,0.908174,NA,0.369406,0
"Dc16747","locus035",0.505572,0.752466,NA,NA,0.258608,NA,1,0
"Dc16747","locus038",0.496256,0.197654,NA,NA,1,NA,1,0
"Dc16747","locus039",0.195942,0.854422,NA,NA,1,NA,1,0
"Dc16747","locus040",0.06414,0.276876,NA,NA,0.574124,NA,1,0
"Dc16747","locus041",0.895762,0.225334,NA,NA,0.48795,NA,0.65001,0
"Dc16747","locus045",0.099644,0.091066,NA,NA,0.837312,NA,1,0
"Dc16747","locus047",0.673916,0.756328,NA,NA,0.422842,NA,0.129372,0
"Dc16747","locus048",0.491982,0.372934,NA,NA,0.870636,NA,1,0
"Dc16747","locus053",0.020018,0.022374,NA,NA,0.78596,NA,1,2
"Dc16747","locus055",0.568972,0.09717,NA,NA,0.83055,NA,0.70847,0
"Dc16747","locus056",0.244724,0.362358,NA,0.250408,0.310862,NA,0.104468,0
"Dc16747","locus058",0.816178,0.456322,NA,1,0.763406,NA,0.474608,0
"Dc16747","locus060",0.59874,0.921078,NA,Inf,1,NA,0.227788,0
"Dc16747","locus061",0.373936,NA,NA,NA,0.441628,NA,1,0
"Dc16747","locus062",0.568568,0.074478,NA,1,0.855642,NA,0.764984,0
"Dc16747","locus064",0.641564,0.817152,NA,1,0.821404,NA,1,0
"Dc16747","locus065",0.57136,0.785524,NA,1,0.938346,NA,0.537258,0
"Dc16747","locus073",0.654958,0.141984,1,1,0.012016,NA,0.02001,2
"Dc16747","locus074",0.481886,0.547282,1,1,0.715244,NA,0.685448,0
"Dc16747","locus076",0.269738,0.155182,NA,NA,0.249582,NA,1,0
"Dc16747","locus077",0.866348,0.21623,NA,Inf,0.182102,NA,1,0
"Dc16747","locus080",0.86509,0.25651,Inf,NA,0.54594,NA,0.736914,0
"Dc16747","locus083",0.199232,NA,NA,NA,0.867298,NA,0.54435,0
"Dc16747","locus088",1,0.364364,NA,NA,0.81706,NA,0.45286,0
"Dc16747","locus093",1,Inf,Inf,NA,1,NA,1,0
"Dc16747","locus096",0.618066,0.287174,Inf,NA,0.580556,NA,1,0
"Dc16747","locus098",0.19274,0.409432,NA,NA,0.031184,NA,0.395032,1
"Dc16747","locus100",0.360246,0.548638,1,NA,0.54889,NA,1,0
"Dc16747","locus106",0.149294,0.086438,NA,NA,0.670878,NA,0.665746,0
"Dc16747","locus116",0.149344,0.75768,NA,NA,0.298572,NA,0.765714,0
"Dc16747","locus119",0.196514,0.709378,NA,NA,0.374162,NA,0.736906,0
"Dc16747","locus120",0.101648,0.067836,NA,NA,0.552572,NA,1,0
"Dc16747","locus128",0.716786,0.909356,NA,0.249982,0.895838,NA,1,0
"Dc16747","locus129",0.186176,0.273978,NA,1,0.674396,NA,0.684764,0
"Dc16747","locus130",0.220988,NA,NA,NA,1,NA,1,0
"Dc16747","locus134",0.197558,0.165574,NA,NA,0.37098,NA,1,0
"Dc16747","locus135",0.432146,0.097748,NA,1,0.73384,NA,0.843646,0
"Dc16747","locus137",0.190136,0.6455,NA,Inf,0.240658,NA,0.687126,0
"Dc16747","locus139",0.554608,0.154476,NA,Inf,0.588954,NA,0.559972,0
"Dc16747","locus140",0.554452,0.157072,NA,Inf,0.583152,NA,0.559614,0
"Dc16747","locus146",0.771688,0.628662,1,1,0.071016,NA,0.013674,1
"Dc16747","locus148",1,0.923176,NA,1,0.724074,NA,0.344872,0
"Dc16747","locus151",0.080636,NA,NA,0.499214,0.77231,NA,1,0
"Dc16747","locus157",0.429516,NA,NA,NA,0.242808,NA,0.307162,0
"Dc16747","locus161",0.398968,0.893062,NA,1,0.19283,NA,0.312996,0
"Dc16747","locus165",0.798796,0.472356,NA,NA,1,NA,1,0
"Dc16747","locus170",0.973768,0.40691,NA,0.498872,0.796904,NA,0.314342,0
"Dc16747","locus176",0.158412,NA,Inf,NA,0.015074,NA,0.529734,1
"Dc16747","locus184",0.28451,0.007604,Inf,1,0.323154,NA,0.797658,1
"Dc16747","locus186",0.130412,1.6e-05,NA,1,0.817814,NA,1,1
"Dc16747","locus188",0.760528,0.536678,NA,NA,0.125458,NA,0.207482,0
"Dc16747","locus189",0.066334,0.044272,NA,1,0.24515,Inf,0.438352,1
"Dc16747","locus190",0.656318,0.680986,NA,NA,0.071218,Inf,1,0
"Dc16747","locus191",0.180268,NA,NA,NA,0.83373,Inf,0.716112,0
"Dc16747","locus192",0.498794,0.27095,NA,NA,0.443872,Inf,0.685992,0
"Dc16747","locus195",0.197752,0.485414,NA,NA,0.424494,Inf,0.683014,0
"Dc16747","locus202",0.537076,0.5496,NA,NA,0.179746,Inf,0.778054,0
"Dc16747","locus215",0.442412,NA,NA,NA,0.511264,Inf,0.06961,0
"Dc16747","locus227",0.05198,0.462258,Inf,NA,0.046254,Inf,0.539496,1
"Dc16747","locus231",0.328066,0.09871,NA,NA,0.311682,NA,0.118502,0
"Dc16747","locus235",1,0.732314,NA,NA,0.756656,Inf,0.176118,0
"Dc16747","locus236",0.42194,0.105864,NA,NA,0.191076,Inf,1,0
"Dc16747","locus237",0.673918,0.634716,NA,NA,0.924786,Inf,0.52978,0
"Dc16747","locus239",0.830896,0.25024,NA,NA,0.302616,Inf,0.76532,0
"Dc16747","locus248",0.58071,0.485028,NA,NA,0.799082,Inf,0.151,0
"Dc16747","locus256",0.740058,0.91367,NA,NA,0.460324,NA,1,0
"Dc16747","locus263",0.751738,1,NA,NA,1,NA,1,0
"Dc16747","locus264",0.845542,0.639048,NA,NA,0.206546,NA,0.776714,0
"Dc16747","locus274",0.526386,0.467724,NA,NA,0.265778,NA,1,0
"Dc16747","locus280",0.948266,0.264498,NA,NA,0.22761,NA,0.716034,0
"Dc16747","locus282",0.85467,0.29593,NA,NA,0.628476,NA,1,0
"Dc16747","locus286",0.585998,0.082478,NA,NA,0.705188,NA,1,0
"Dc16747","locus291",0.427748,0.132252,NA,NA,0.977524,NA,1,0
"Dc16747","locus292",0.791406,0.005338,NA,NA,1,NA,1,1
"Dc16747","locus296",0.942118,0.498912,NA,NA,0.515578,NA,0.736442,0
"Dc16747","locus301",0.7477,0.014092,NA,NA,0.453702,NA,1,1
"Dc16747","locus314",0.324402,0.258392,NA,NA,0.634536,NA,0.415876,0
"Dc16747","locus321",0.216612,0.804008,NA,NA,0.075678,NA,0.335224,0
"Dc16747","locus322",0.339856,0.635828,NA,NA,0.604086,NA,1,0
"Dc16747","locus323",0.099852,0.62851,NA,NA,0.923014,NA,0.450288,0
"Dc16747","locus329",0.734928,0.869818,NA,NA,0.882236,NA,0.169952,0
"Dc16747","locus332",0.398914,0.877376,0.334386,NA,0.296312,NA,1,0
"Dc16747","locus358",0.525482,0.576994,NA,NA,0.707792,NA,0.228446,0
"Dc16747","locus359",0.686762,0.739314,NA,NA,0.82357,NA,Inf,0
"Dc16747","locus360",1,0.26991,NA,NA,0.121116,NA,0.494558,0
"Dc18951","Dc20232",0.88439,0.485134,NA,NA,0.396208,0.713806,0.075976,0
"Dc18951","Dc22883",0.177088,0.310876,NA,NA,0.701086,NA,0.942758,0
"Dc18951","Dc22887",0.07911,0.10049,NA,NA,0.634028,1,0.289134,0
"Dc18951","Dc27955",0.06398,0.663976,NA,NA,1,NA,0.782272,0
"Dc18951","Dc28124",1,0.908192,NA,NA,0.253266,Inf,1,0
"Dc18951","Dc28776",0.775632,0.955604,NA,NA,0.146774,0.315294,0.592616,0
"Dc18951","Dc30071",0.711828,0.260012,NA,NA,0.12372,0.427524,0.424046,0
"Dc18951","Dc31007",0.288,NA,NA,NA,0.280258,NA,0.644712,0
"Dc18951","Dc33714",0.814252,0.021316,NA,NA,0.883062,1,0.464672,1
"Dc18951","Dc33907",0.922256,0.675676,NA,NA,0.563444,0.199982,0.213224,0
"Dc18951","Dc34902",1,0.528474,NA,NA,0.531092,Inf,0.691242,0
"Dc18951","Dc35779",0.096892,0.304674,NA,NA,0.751478,1,0.866186,0
"Dc18951","Dc36571",0.126176,0.777594,NA,NA,0.495936,0.599084,0.860406,0
"Dc18951","Dc36616",0.35352,0.825382,NA,NA,0.394998,1,1,0
"Dc18951","Dc40235",0.942112,0.0241,NA,NA,0.056758,0.314152,0.691828,1
"Dc18951","Dc41234",0.79528,0.68274,NA,NA,NA,NA,1,0
"Dc18951","Dc46984",0.334628,0.761756,NA,NA,0.179168,1,0.790798,0
"Dc18951","Dc47572",0.817786,0.839966,1,NA,0.935764,1,0.384428,0
"Dc18951","Dc47935",0.581782,0.512914,NA,NA,0.868884,0.427478,0.86186,0
"Dc18951","Dc48207",0.398282,0.616756,NA,NA,0.68106,1,0.414626,0
"Dc18951","Dc48950",0.30577,0.156828,NA,NA,0.7411,0.31896,1,0
"Dc18951","Dc49080",0.738932,0.408818,NA,NA,0.703856,0.095686,0.78288,0
"Dc18951","Dc49184",0.716174,0.07391,NA,NA,0.134624,0.201022,0.094066,0
"Dc18951","Dc51020",0.179292,0.520364,NA,NA,0.302546,0.42687,0.05202,0
"Dc18951","Dc52523",0.875126,0.942008,NA,NA,0.485916,1,1,0
"Dc18951","Dc55481",0.108918,0.660502,NA,0.501696,0.782848,NA,0.472476,0
"Dc18951","Dc58248",0.805196,0.046862,NA,0.660706,0.97113,NA,0.869342,1
"Dc18951","Dc62188",0.327434,0.627346,NA,0.771042,0.041974,NA,0.659862,1
"Dc18951","Dc67011",0.584536,0.036712,NA,1,0.73002,NA,0.588582,1
"Dc18951","locus003",0.007544,0.633796,NA,0.657944,0.32945,NA,0.189316,1
"Dc18951","locus004",0.445112,0.64294,NA,1,0.251594,NA,0.813702,0
"Dc18951","locus005",0.683616,0.40566,NA,1,0.520218,NA,0.295518,0
"Dc18951","locus006",0.511142,0.452192,NA,1,0.970172,NA,0.123544,0
"Dc18951","locus008",0.197444,0.665238,NA,1,0.45947,NA,0.240472,0
"Dc18951","locus013",0.974502,0.058282,NA,0.067356,0.396404,NA,1,0
"Dc18951","locus014",0.258058,0.895062,NA,0.773254,0.478014,NA,1,0
"Dc18951","locus022",0.761238,0.497328,NA,1,0.777188,NA,0.89075,0
"Dc18951","locus024",0.386174,0.62534,NA,1,0.386584,NA,0.816264,0
"Dc18951","locus025",0.117338,0.803746,NA,1,0.515972,NA,0.382692,0
"Dc18951","locus027",0.27751,0.084674,NA,NA,NA,NA,NA,0
"Dc18951","locus030",0.776988,0.459474,NA,NA,0.416128,NA,0.083278,0
"Dc18951","locus035",0.958906,0.447244,NA,NA,1,NA,0.518402,0
"Dc18951","locus038",0.550024,0.740134,NA,NA,0.549738,NA,0.84115,0
"Dc18951","locus039",0.441926,0.436646,NA,NA,0.25483,NA,0.621816,0
"Dc18951","locus040",0.438356,0.00527,NA,NA,0.984482,NA,1,1
"Dc18951","locus041",0.278112,0.476686,NA,NA,0.206984,NA,1,0
"Dc18951","locus045",0.078616,1,NA,NA,0.79912,NA,0.68253,0
"Dc18951","locus047",0.908784,0.61654,NA,NA,0.194412,NA,0.134686,0
"Dc18951","locus048",0.72916,0.063676,NA,NA,0.831894,NA,0.21704,0
"Dc18951","locus053",0.006942,0.660978,0.50225,NA,0.231704,NA,0.926762,1
"Dc18951","locus055",0.376608,0.392086,NA,NA,0.089204,NA,0.141988,0
"Dc18951","locus056",0.360006,0.892538,NA,0.142892,0.394518,NA,0.727712,0
"Dc18951","locus058",0.743428,0.255954,NA,0.038264,0.503098,NA,0.184736,1
"Dc18951","locus060",0.754186,0.51939,NA,1,0.44343,NA,0.775032,0
"Dc18951","locus061",0.659398,NA,NA,NA,0.258466,NA,0.229482,0
"Dc18951","locus062",0.88758,0.250092,NA,1,0.166256,NA,0.533248,0
"Dc18951","locus064",0.733384,0.310938,NA,1,0.688598,NA,0.353332,0
"Dc18951","locus065",0.117168,0.778494,NA,0.62034,0.499498,NA,0.199888,0
"Dc18951","locus073",0.30576,0.660642,1,1,0.276072,NA,0.842488,0
"Dc18951","locus074",0.751898,0.836892,1,1,0.811028,NA,0.877774,0
"Dc18951","locus076",0.091978,0.308512,NA,NA,0.68614,NA,0.436852,0
"Dc18951","locus077",0.698442,0.254612,NA,Inf,0.851584,NA,0.339498,0
"Dc18951","locus080",0.3213,0.692974,NA,NA,0.42084,NA,0.615674,0
"Dc18951","locus083",0.03606,NA,NA,NA,0.949506,NA,1,1
"Dc18951","locus088",0.55255,0.475484,NA,NA,0.912596,NA,1,0
"Dc18951","locus093",0.129536,Inf,Inf,NA,1,NA,0.111104,0
"Dc18951","locus096",0.910402,0.319272,1,NA,0.41561,NA,0.812116,0
"Dc18951","locus098",0.396112,0.989442,NA,NA,0.708386,NA,0.305886,0
"Dc18951","locus100",0.131774,0.738212,1,NA,0.816918,NA,0.840448,0
"Dc18951","locus106",0.389216,1,1,NA,0.98855,NA,1,0
"Dc18951","locus116",0.257888,0.447418,NA,NA,0.42317,NA,0.32815,0
"Dc18951","locus119",0.811006,0.40946,NA,NA,0.187056,NA,0.531788,0
"Dc18951","locus120",0.024864,0.595572,NA,NA,0.377318,NA,1,1
"Dc18951","locus128",0.983192,0.014026,NA,0.501124,0.583118,NA,0.12654,1
"Dc18951","locus129",0.30778,0.262622,NA,1,0.452804,NA,0.72179,0
"Dc18951","locus130",0.855242,NA,NA,NA,0.002408,NA,0.61587,1
"Dc18951","locus134",0.551408,0.422212,NA,NA,0.363216,NA,0.12645,0
"Dc18951","locus135",0.538658,0.266466,NA,0.143036,0.609076,NA,0.843418,0
"Dc18951","locus137",0.11921,0.2992,NA,1,0.568032,NA,0.030004,1
"Dc18951","locus139",0.063422,0.485096,NA,0.620494,0.193298,NA,1,0
"Dc18951","locus140",0.061798,0.485556,NA,0.618812,0.192034,NA,1,0
"Dc18951","locus146",0.319314,0.286864,1,1,0.774062,NA,0.63205,0
"Dc18951","locus148",0.639366,0.814282,NA,0.620848,0.089534,NA,0.791216,0
"Dc18951","locus151",0.719356,NA,NA,1,0.961566,NA,0.874696,0
"Dc18951","locus157",0.16186,NA,NA,NA,0.19639,NA,0.02847,1
"Dc18951","locus161",0.925962,0.422184,1,0.046446,0.882738,NA,0.703044,1
"Dc18951","locus165",0.869642,0.120716,NA,NA,0.253372,NA,0.796406,0
"Dc18951","locus170",0.04256,0.697268,NA,1,0.95079,NA,1,1
"Dc18951","locus176",0.736254,NA,NA,NA,0.021314,NA,0.416674,1
"Dc18951","locus184",0.574432,0.979084,1,1,0.226716,NA,0.756772,0
"Dc18951","locus186",0.339682,0.668172,NA,1,0.287892,NA,0.298932,0
"Dc18951","locus188",0.072298,0.00138,NA,NA,0.162632,NA,0.788534,1
"Dc18951","locus189",0.935266,0.719056,NA,0.799752,0.960394,0.485072,0.389756,0
"Dc18951","locus190",0.752056,0.573326,NA,NA,0.013044,1,0.42271,1
"Dc18951","locus191",0.36869,NA,NA,NA,0.43355,0.066298,0.902494,0
"Dc18951","locus192",0.402046,0.51743,NA,NA,0.820044,0.094694,0.654438,0
"Dc18951","locus195",0.168506,0.71774,NA,NA,0.917418,0.311774,0.870434,0
"Dc18951","locus202",0.354166,0.024742,NA,NA,0.896936,0.143366,0.051112,1
"Dc18951","locus215",0.228584,NA,NA,NA,0.002158,0.19814,1,1
"Dc18951","locus227",0.959522,0.766072,Inf,NA,0.661372,0.65691,0.649398,0
"Dc18951","locus231",1,0.044052,Inf,NA,0.099254,NA,1,1
"Dc18951","locus235",0.75294,0.24853,NA,NA,0.062546,Inf,0.776198,0
"Dc18951","locus236",0.04048,0.38005,NA,NA,0.088442,1,0.412868,1
"Dc18951","locus237",0.812478,0.715692,NA,NA,0.072474,1,0.178322,0
"Dc18951","locus239",0.452534,0.062152,NA,NA,0.176578,0.314632,0.917348,0
"Dc18951","locus248",0.633978,0.115816,NA,NA,0.196362,1,0.861728,0
"Dc18951","locus256",0.048906,0.41608,NA,NA,0.013702,NA,0.69328,2
"Dc18951","locus263",0.259198,1,NA,NA,1,NA,0.134424,0
"Dc18951","locus264",0.84124,0.205966,NA,NA,0.789728,NA,0.010744,1
"Dc18951","locus274",0.401802,0.90726,NA,NA,0.310184,NA,0.876586,0
"Dc18951","locus280",0.298276,0.441538,NA,NA,0.004742,NA,1,1
"Dc18951","locus282",0.713896,0.492872,NA,NA,0.729392,NA,0.126734,0
"Dc18951","locus286",0.152702,1,NA,NA,0.217724,NA,1,0
"Dc18951","locus291",0.91806,0.860602,NA,NA,0.904568,NA,0.542078,0
"Dc18951","locus292",0.22087,0.040122,NA,NA,0.707352,NA,0.814044,1
"Dc18951","locus296",0.442576,0.317586,NA,NA,0.448758,NA,1,0
"Dc18951","locus301",0.010768,0.885518,NA,NA,0.099474,NA,1,1
"Dc18951","locus314",0.374738,0.844442,NA,NA,0.086824,NA,0.72919,0
"Dc18951","locus321",0.152238,0.80506,NA,NA,0.461906,NA,0.065052,0
"Dc18951","locus322",0.945446,0.092494,NA,NA,0.108942,NA,0.727438,0
"Dc18951","locus323",0.187144,0.776432,NA,NA,0.391606,NA,0.910762,0
"Dc18951","locus329",0.337754,0.283672,NA,NA,0.469382,NA,0.790362,0
"Dc18951","locus332",0.602738,0.824178,0.250952,NA,0.322014,NA,1,0
"Dc18951","locus358",0.68439,0.250492,NA,NA,0.617256,NA,0.81386,0
"Dc18951","locus359",0.462096,1,NA,NA,0.035306,NA,0.46782,1
"Dc18951","locus360",0.527926,0.591566,Inf,NA,0.705818,NA,1,0
"Dc20232","Dc22883",0.492452,0.853522,NA,NA,0.361966,NA,1,0
"Dc20232","Dc22887",0.576596,0.89658,NA,NA,0.77661,1,1,0
"Dc20232","Dc27955",0.190216,0.213298,NA,NA,0.534822,NA,0.564678,0
"Dc20232","Dc28124",0.09369,0.271264,NA,NA,0.572834,Inf,0.24326,0
"Dc20232","Dc28776",0.198214,0.412234,NA,NA,0.184012,1,0.0353,1
"Dc20232","Dc30071",0.676732,0.623928,NA,NA,0.694558,0.88731,1,0
"Dc20232","Dc31007",0.08109,NA,NA,NA,0.440222,NA,1,0
"Dc20232","Dc33714",0.175012,0.527256,NA,NA,0.065216,1,0.473276,0
"Dc20232","Dc33907",1,0.040834,NA,NA,0.19769,1,0.73103,1
"Dc20232","Dc34902",0.533004,0.648806,NA,NA,0.075856,Inf,1,0
"Dc20232","Dc35779",0.885074,0.420504,NA,NA,0.537916,1,0.73616,0
"Dc20232","Dc36571",0.857742,0.417164,NA,NA,0.68417,0.600602,0.75568,0
"Dc20232","Dc36616",0.528552,0.813598,NA,NA,0.915238,1,0.24565,0
"Dc20232","Dc40235",0.472966,0.836262,NA,NA,0.697164,1,0.242544,0
"Dc20232","Dc41234",0.26237,0.504052,NA,NA,NA,NA,1,0
"Dc20232","Dc46984",0.543852,0.928716,NA,NA,0.758124,1,0.88521,0
"Dc20232","Dc47572",0.655262,0.375736,Inf,NA,0.580136,0.283602,0.472062,0
"Dc20232","Dc47935",0.603912,0.149728,NA,NA,0.178768,0.11913,1,0
"Dc20232","Dc48207",0.677054,0.6558,NA,NA,1,1,1,0
"Dc20232","Dc48950",0.949694,0.320938,NA,NA,0.065434,0.829998,0.121894,0
"Dc20232","Dc49080",0.724284,0.214962,NA,NA,0.572358,0.285692,0.772226,0
"Dc20232","Dc49184",0.608226,0.426174,NA,NA,0.388404,0.887572,0.155604,0
"Dc20232","Dc51020",0.659456,0.594456,NA,NA,0.895058,0.88424,0.796052,0
"Dc20232","Dc52523",0.12357,0.341756,NA,NA,0.512968,0.48201,0.654336,0
"Dc20232","Dc55481",0.543452,0.238342,NA,Inf,1,NA,0.164702,0
"Dc20232","Dc58248",0.699632,0.35609,NA,Inf,0.526794,NA,0.81934,0
"Dc20232","Dc62188",0.171832,0.470656,NA,Inf,0.440762,NA,0.594782,0
"Dc20232","Dc67011",0.63939,0.658486,NA,Inf,0.620644,NA,0.699852,0
"Dc20232","locus003",0.510028,0.481896,NA,Inf,0.61356,NA,1,0
"Dc20232","locus004",1,0.210868,NA,Inf,0.225762,NA,1,0
"Dc20232","locus005",0.215734,0.074894,NA,Inf,0.333566,NA,0.67171,0
"Dc20232","locus006",0.696122,0.485976,NA,Inf,0.349934,NA,0.241266,0
"Dc20232","locus008",0.300844,0.639444,NA,Inf,0.322298,NA,0.474258,0
"Dc20232","locus013",0.5841,0.829302,NA,Inf,0.608442,NA,0.458104,0
"Dc20232","locus014",0.921386,0.383618,NA,Inf,0.902888,NA,0.534286,0
"Dc20232","locus022",0.09323,0.39513,NA,Inf,0.898364,NA,0.47106,0
"Dc20232","locus024",0.719026,0.924354,NA,Inf,0.756194,NA,0.338974,0
"Dc20232","locus025",0.396528,0.874976,NA,Inf,0.493284,NA,0.514402,0
"Dc20232","locus027",0.664134,0.408332,Inf,NA,NA,NA,NA,0
"Dc20232","locus030",0.454524,0.338114,NA,NA,0.390056,NA,0.42453,0
"Dc20232","locus035",0.203582,0.735064,NA,NA,0.81673,NA,1,0
"Dc20232","locus038",0.417668,0.304402,NA,NA,0.837174,NA,0.67452,0
"Dc20232","locus039",0.182278,0.036196,NA,NA,0.019124,NA,1,2
"Dc20232","locus040",0.883906,0.26189,NA,NA,0.855534,NA,1,0
"Dc20232","locus041",0.608648,0.956176,NA,NA,0.907688,NA,0.273526,0
"Dc20232","locus045",1,0.686976,NA,NA,0.699364,NA,0.579386,0
"Dc20232","locus047",0.517304,0.610546,NA,NA,1,NA,0.539104,0
"Dc20232","locus048",1,1,NA,NA,0.721214,NA,0.698458,0
"Dc20232","locus053",0.014672,0.239686,Inf,NA,0.45949,NA,0.503346,1
"Dc20232","locus055",0.61695,0.132214,NA,NA,0.542084,NA,0.21561,0
"Dc20232","locus056",0.454166,0.705754,NA,Inf,0.580394,NA,0.47215,0
"Dc20232","locus058",0.44212,0.239758,NA,Inf,1,NA,0.7557,0
"Dc20232","locus060",0.711496,0.405338,NA,Inf,0.691026,NA,0.506036,0
"Dc20232","locus061",0.36399,NA,Inf,NA,0.36436,NA,0.012834,1
"Dc20232","locus062",0.732422,0.742464,NA,Inf,0.428786,NA,0.020018,1
"Dc20232","locus064",0.580468,0.193316,NA,Inf,0.080352,NA,1,0
"Dc20232","locus065",0.287356,0.195404,NA,Inf,1,NA,1,0
"Dc20232","locus073",0.821254,0.547924,Inf,Inf,0.60943,NA,1,0
"Dc20232","locus074",0.217474,0.349022,Inf,Inf,0.848022,NA,0.034218,1
"Dc20232","locus076",0.07273,0.941642,NA,NA,0.162268,NA,1,0
"Dc20232","locus077",0.123532,0.565238,NA,Inf,0.239962,NA,1,0
"Dc20232","locus080",0.4302,0.672684,NA,NA,0.04027,NA,0.34059,1
"Dc20232","locus083",0.310568,NA,NA,NA,0.612376,NA,1,0
"Dc20232","locus088",0.660334,0.265274,NA,NA,0.315342,NA,0.601648,0
"Dc20232","locus093",0.39622,Inf,Inf,NA,1,NA,0.222856,0
"Dc20232","locus096",1,0.553224,Inf,NA,0.75241,NA,0.109872,0
"Dc20232","locus098",0.1143,0.68315,NA,NA,0.257034,NA,0.34485,0
"Dc20232","locus100",0.362832,0.918538,Inf,NA,0.381742,NA,0.681454,0
"Dc20232","locus106",0.573998,0.391554,Inf,NA,0.634724,NA,0.352608,0
"Dc20232","locus116",0.313382,0.423468,NA,NA,0.374504,NA,0.539814,0
"Dc20232","locus119",0.302216,0.417962,NA,NA,0.238522,NA,0.533916,0
"Dc20232","locus120",0.341172,0.092694,NA,NA,0.719372,NA,0.340372,0
"Dc20232","locus128",0.488862,0.65066,NA,Inf,0.179934,NA,0.200432,0
"Dc20232","locus129",0.734264,0.616068,NA,Inf,0.078192,NA,0.7335,0
"Dc20232","locus130",0.809798,NA,NA,NA,1,NA,0.489442,0
"Dc20232","locus134",0.91352,0.216598,Inf,NA,0.749,NA,0.670124,0
"Dc20232","locus135",0.494226,0.032738,NA,Inf,0.982512,NA,0.38217,1
"Dc20232","locus137",0.463012,0.021258,NA,Inf,0.342316,NA,1,1
"Dc20232","locus139",0.181324,0.43992,NA,Inf,0.721922,NA,1,0
"Dc20232","locus140",0.184072,0.441928,NA,Inf,0.729202,NA,1,0
"Dc20232","locus146",0.956552,0.151344,Inf,Inf,0.81791,NA,1,0
"Dc20232","locus148",0.81217,0.42179,NA,Inf,0.687666,NA,1,0
"Dc20232","locus151",0.28853,NA,NA,Inf,0.43031,NA,0.743298,0
"Dc20232","locus157",0.152202,NA,NA,NA,0.791806,NA,0.107914,0
"Dc20232","locus161",0.218812,0.792446,Inf,Inf,0.356838,NA,0.770154,0
"Dc20232","locus165",0.921036,0.089792,NA,NA,0.159602,NA,0.341226,0
"Dc20232","locus170",0.611084,0.210418,NA,Inf,0.022812,NA,1,1
"Dc20232","locus176",0.558452,NA,NA,NA,0.78207,NA,0.575614,0
"Dc20232","locus184",0.496016,0.930764,Inf,Inf,0.942808,NA,1,0
"Dc20232","locus186",0.217022,0.596344,NA,Inf,1,NA,1,0
"Dc20232","locus188",0.735834,0.376032,NA,NA,0.140432,NA,0.709268,0
"Dc20232","locus189",0.296884,0.656542,NA,Inf,0.397056,0.825292,1,0
"Dc20232","locus190",0.376612,1,NA,NA,0.269864,1,1,0
"Dc20232","locus191",0.547342,NA,NA,NA,0.793736,0.714316,1,0
"Dc20232","locus192",0.288504,0.936364,NA,NA,0.513392,0.287048,1,0
"Dc20232","locus195",0.178322,0.303436,NA,NA,0.413514,1,0.63647,0
"Dc20232","locus202",0.135414,0.277532,NA,NA,0.792542,1,0.285348,0
"Dc20232","locus215",0.074608,NA,NA,NA,0.7993,0.019052,0.693858,1
"Dc20232","locus227",0.03106,0.423024,Inf,NA,0.699754,0.48691,1,1
"Dc20232","locus231",0.9007,0.692958,NA,NA,0.461112,NA,0.223632,0
"Dc20232","locus235",0.642044,0.622592,NA,NA,0.709074,Inf,0.214146,0
"Dc20232","locus236",0.4881,0.657856,NA,NA,0.591108,0.485276,0.191752,0
"Dc20232","locus237",0.79265,0.478142,NA,NA,0.291354,0.092668,0.345686,0
"Dc20232","locus239",1,0.622372,NA,NA,0.01973,0.716438,1,1
"Dc20232","locus248",0.586926,0.41922,NA,NA,0.959842,1,0.67104,0
"Dc20232","locus256",0.704428,0.775154,NA,NA,0.471794,NA,0.757038,0
"Dc20232","locus263",0.442166,0.668038,NA,NA,0.229346,NA,1,0
"Dc20232","locus264",0.718248,0.43247,NA,NA,0.013336,NA,0.778062,1
"Dc20232","locus274",0.296938,0.482844,NA,NA,0.469202,NA,0.59499,0
"Dc20232","locus280",0.095124,0.648004,NA,NA,0.106276,NA,0.739168,0
"Dc20232","locus282",0.039854,0.363512,NA,NA,0.947958,NA,0.670078,1
"Dc20232","locus286",0.288154,0.408928,NA,NA,0.813436,NA,1,0
"Dc20232","locus291",0.53788,0.169762,NA,NA,0.01627,NA,0.010774,2
"Dc20232","locus292",0.634628,0.73591,NA,NA,0.067976,NA,0.670306,0
"Dc20232","locus296",0.245576,1,NA,NA,0.44751,NA,0.53907,0
"Dc20232","locus301",0.9173,0.006856,NA,NA,0.710814,NA,1,1
"Dc20232","locus314",1,0.33534,NA,NA,1,NA,0.381198,0
"Dc20232","locus321",0.166462,0.78718,NA,NA,0.243444,NA,0.751912,0
"Dc20232","locus322",0.110002,0.489336,NA,NA,0.194174,NA,0.460566,0
"Dc20232","locus323",0.188482,0.653258,NA,NA,0.91847,NA,0.121474,0
"Dc20232","locus329",0.428872,1,NA,NA,0.242336,NA,0.802056,0
"Dc20232","locus332",0.361172,0.572116,Inf,NA,0.23222,NA,0.472454,0
"Dc20232","locus358",0.563202,0.244294,NA,NA,0.92981,NA,1,0
"Dc20232","locus359",0.520908,0.49119,NA,NA,0.675936,NA,Inf,0
"Dc20232","locus360",0.437014,0.004164,NA,NA,0.828966,NA,0.29602,1
"Dc22883","Dc22887",0.776726,0.658114,NA,NA,0.60635,NA,0.797764,0
"Dc22883","Dc27955",0.199298,0.655002,NA,NA,0.261168,NA,0.414486,0
"Dc22883","Dc28124",0.312946,0.020454,NA,NA,0.446308,NA,1,1
"Dc22883","Dc28776",0.478632,0.811418,NA,NA,0.205632,NA,0.603298,0
"Dc22883","Dc30071",0.268586,0.803668,NA,NA,0.906312,NA,0.598384,0
"Dc22883","Dc31007",0.540728,NA,NA,NA,0.91636,NA,0.568588,0
"Dc22883","Dc33714",0.454926,0.168378,NA,NA,0.333796,NA,0.005772,1
"Dc22883","Dc33907",0.112574,0.70105,NA,NA,0.861338,NA,0.310348,0
"Dc22883","Dc34902",0.507716,0.7729,NA,NA,0.162066,NA,0.732768,0
"Dc22883","Dc35779",0.983916,0.559292,NA,NA,0.501398,NA,0.285414,0
"Dc22883","Dc36571",0.769712,0.283536,NA,NA,0.250298,NA,0.49175,0
"Dc22883","Dc36616",0.333168,0.273422,NA,NA,0.391198,NA,0.65123,0
"Dc22883","Dc40235",0.665044,0.763206,NA,NA,0.987996,NA,0.65317,0
"Dc22883","Dc41234",0.467016,0.517432,NA,NA,NA,NA,0.654804,0
"Dc22883","Dc46984",0.88672,0.832756,NA,NA,0.166034,NA,0.497078,0
"Dc22883","Dc47572",0.853844,0.138938,0.332398,NA,0.087554,NA,0.735812,0
"Dc22883","Dc47935",0.109436,0.633048,NA,NA,0.635072,NA,0.846956,0
"Dc22883","Dc48207",0.868494,1,NA,NA,0.38921,NA,Inf,0
"Dc22883","Dc48950",0.405466,0.639948,NA,NA,0.639862,NA,1,0
"Dc22883","Dc49080",0.486934,0.33262,NA,NA,0.911516,NA,1,0
"Dc22883","Dc49184",0.86485,0.322612,NA,NA,0.52306,NA,0.423564,0
"Dc22883","Dc51020",0.008368,0.345044,NA,NA,0.332292,NA,0.630632,1
"Dc22883","Dc52523",0.709982,0.064096,NA,NA,0.455222,NA,0.660828,0
"Dc22883","Dc55481",0.334554,0.752504,NA,1,0.214996,NA,1,0
"Dc22883","Dc58248",0.467886,0.342228,NA,1,0.091038,NA,0.155854,0
"Dc22883","Dc62188",0.130716,0.702132,NA,1,0.82753,NA,1,0
"Dc22883","Dc67011",0.29847,0.314214,NA,Inf,0.488976,NA,Inf,0
"Dc22883","locus003",0.720202,0.866906,NA,1,0.923028,NA,1,0
"Dc22883","locus004",0.20491,0.642672,NA,1,0.660908,NA,0.426162,0
"Dc22883","locus005",0.544364,0.234196,NA,1,0.37635,NA,0.494398,0
"Dc22883","locus006",0.766844,0.0032,NA,Inf,0.386102,NA,0.90212,1
"Dc22883","locus008",0.647672,0.436072,NA,0.500458,0.758676,NA,0.711392,0
"Dc22883","locus013",0.194798,0.615226,NA,1,0.417848,NA,0.82833,0
"Dc22883","locus014",0.607156,0.529952,NA,1,0.094186,NA,0.943702,0
"Dc22883","locus022",0.295466,0.085174,NA,1,0.2389,NA,0.916392,0
"Dc22883","locus024",0.30555,0.047508,NA,Inf,0.544262,NA,1,1
"Dc22883","locus025",0.05065,0.857312,NA,0.168026,0.789352,NA,0.734052,0
"Dc22883","locus027",0.01724,0.190264,Inf,NA,NA,NA,NA,1
"Dc22883","locus030",0.269042,0.307568,NA,NA,0.11489,NA,0.461872,0
"Dc22883","locus035",0.865358,0.78711,NA,NA,0.156668,NA,0.200188,0
"Dc22883","locus038",0.351444,0.717124,NA,NA,0.400574,NA,0.366242,0
"Dc22883","locus039",0.560144,0.439064,NA,NA,0.539078,NA,0.30142,0
"Dc22883","locus040",0.044864,0.396122,NA,NA,0.597778,NA,Inf,1
"Dc22883","locus041",0.433878,0.619748,NA,NA,0.456758,NA,1,0
"Dc22883","locus045",0.268838,0.07733,NA,NA,0.760774,NA,0.734066,0
"Dc22883","locus047",0.562446,0.136104,NA,NA,0.84624,NA,0.44831,0
"Dc22883","locus048",0.247482,0.042768,NA,NA,0.319778,NA,0.650126,1
"Dc22883","locus053",0.425322,0.440994,Inf,NA,0.217272,NA,0.37661,0
"Dc22883","locus055",0.139642,0.30144,NA,NA,0.432312,NA,0.899288,0
"Dc22883","locus056",0.36257,0.803364,NA,1,0.004858,NA,0.524508,1
"Dc22883","locus058",0.811976,0.515006,NA,1,0.640194,NA,0.553292,0
"Dc22883","locus060",0.44264,0.480584,NA,Inf,0.420222,NA,0.427458,0
"Dc22883","locus061",0.250204,NA,Inf,NA,0.548516,NA,1,0
"Dc22883","locus062",0.719772,0.266168,NA,0.500922,0.980452,NA,0.563094,0
"Dc22883","locus064",0.422824,0.292848,NA,0.498504,0.680768,NA,1,0
"Dc22883","locus065",0.938252,0.107954,NA,0.498622,0.623806,NA,1,0
"Dc22883","locus073",0.167066,0.540924,0.333128,1,0.491922,NA,0.0227,1
"Dc22883","locus074",0.62285,0.623724,1,0.499786,0.044664,NA,0.19612,1
"Dc22883","locus076",0.162302,0.59742,NA,NA,0.993136,NA,0.870916,0
"Dc22883","locus077",0.044256,0.832458,NA,Inf,0.666954,NA,0.732864,1
"Dc22883","locus080",0.294552,0.290124,NA,NA,0.703854,NA,0.548378,0
"Dc22883","locus083",0.551068,NA,NA,NA,0.632358,NA,0.382734,0
"Dc22883","locus088",0.581878,0.076502,NA,NA,0.010874,NA,0.333686,1
"Dc22883","locus093",1,Inf,Inf,NA,0.285348,NA,0.61935,0
"Dc22883","locus096",0.490248,0.204832,Inf,NA,0.264122,NA,0.829848,0
"Dc22883","locus098",0.957352,0.35807,NA,NA,0.964224,NA,0.552836,0
"Dc22883","locus100",0.434942,0.51631,1,NA,0.96316,NA,0.032694,1
"Dc22883","locus106",0.51747,0.190882,Inf,NA,0.165462,NA,0.477676,0
"Dc22883","locus116",0.757696,0.081856,NA,NA,0.725346,NA,0.943524,0
"Dc22883","locus119",0.98908,0.5002,NA,NA,0.218112,NA,1,0
"Dc22883","locus120",0.0396,0.24421,NA,NA,0.646522,NA,0.64906,1
"Dc22883","locus128",0.366462,0.918806,NA,1,0.932098,NA,0.733392,0
"Dc22883","locus129",0.471692,0.138914,NA,1,0.100422,NA,0.898386,0
"Dc22883","locus130",0.622924,NA,NA,NA,0.30835,NA,0.066552,0
"Dc22883","locus134",0.259236,0.967726,Inf,NA,0.604026,NA,0.555356,0
"Dc22883","locus135",0.771016,0.73148,NA,0.332522,0.251526,NA,0.659538,0
"Dc22883","locus137",0.07337,0.48386,NA,Inf,0.309558,NA,0.599846,0
"Dc22883","locus139",0.03173,0.74824,NA,Inf,0.853412,NA,0.526466,1
"Dc22883","locus140",0.030742,0.746894,NA,Inf,0.852136,NA,0.522884,1
"Dc22883","locus146",0.743328,0.382594,0.332764,1,0.344846,NA,0.915478,0
"Dc22883","locus148",0.615272,0.37107,NA,0.501538,0.205846,NA,1,0
"Dc22883","locus151",0.41875,NA,NA,1,0.208254,NA,0.445324,0
"Dc22883","locus157",0.50402,NA,NA,NA,0.113274,NA,0.132408,0
"Dc22883","locus161",0.56194,0.965296,Inf,1,0.40405,NA,0.443738,0
"Dc22883","locus165",0.2737,0.438464,NA,NA,0.49209,NA,0.428386,0
"Dc22883","locus170",0.507496,0.620422,NA,1,0.527198,NA,1,0
"Dc22883","locus176",0.175428,NA,NA,NA,0.69866,NA,0.246034,0
"Dc22883","locus184",0.17352,0.838206,Inf,0.499694,0.995018,NA,0.25157,0
"Dc22883","locus186",0.639356,0.424198,NA,0.497152,0.340422,NA,0.60031,0
"Dc22883","locus188",0.30164,0.197298,NA,NA,0.175844,NA,0.91761,0
"Dc22883","locus189",0.538236,0.368604,NA,0.16705,0.028102,NA,0.335846,1
"Dc22883","locus190",0.685402,0.658144,NA,NA,0.749232,NA,0.024006,1
"Dc22883","locus191",0.916096,NA,NA,NA,0.694776,NA,0.036892,1
"Dc22883","locus192",0.400018,0.05619,NA,NA,0.54188,NA,0.379504,0
"Dc22883","locus195",0.525744,0.316496,NA,NA,0.517904,NA,0.751364,0
"Dc22883","locus202",0.187042,0.277086,NA,NA,0.37686,NA,0.485726,0
"Dc22883","locus215",0.874656,NA,NA,NA,0.90521,NA,0.598246,0
"Dc22883","locus227",0.420532,0.037368,Inf,NA,0.6633,NA,0.60088,1
"Dc22883","locus231",0.907894,0.126066,NA,NA,0.233812,NA,1,0
"Dc22883","locus235",0.401782,0.30817,NA,NA,0.763264,NA,0.73068,0
"Dc22883","locus236",0.036564,0.478428,NA,NA,0.927908,NA,0.829098,1
"Dc22883","locus237",0.102148,0.693688,NA,NA,0.178902,NA,0.56475,0
"Dc22883","locus239",0.979596,0.407882,NA,NA,0.874838,NA,0.60198,0
"Dc22883","locus248",0.276384,0.471024,NA,NA,0.806846,NA,0.021162,1
"Dc22883","locus256",0.05774,0.89932,NA,NA,0.038038,NA,0.341204,1
"Dc22883","locus263",0.45899,0.631042,NA,NA,0.559462,NA,1,0
"Dc22883","locus264",0.048068,0.53311,NA,NA,0.092092,NA,0.827936,1
"Dc22883","locus274",0.31296,0.483454,NA,NA,0.106102,NA,0.72994,0
"Dc22883","locus280",0.058772,0.071802,NA,NA,0.461204,NA,1,0
"Dc22883","locus282",0.434754,0.12555,NA,NA,0.734888,NA,0.649112,0
"Dc22883","locus286",0.159032,0.492044,NA,NA,0.786464,NA,0.066168,0
"Dc22883","locus291",0.854418,0.317946,NA,NA,0.504328,NA,0.830854,0
"Dc22883","locus292",0.697194,0.025698,NA,NA,0.507468,NA,0.798576,1
"Dc22883","locus296",0.734886,0.485216,NA,NA,0.20507,NA,0.855706,0
"Dc22883","locus301",0.112446,0.615252,NA,NA,0.4324,NA,0.598228,0
"Dc22883","locus314",0.22298,0.869752,NA,NA,0.818464,NA,1,0
"Dc22883","locus321",0.51841,0.585312,NA,NA,0.05013,NA,0.829128,0
"Dc22883","locus322",0.907658,0.893598,NA,NA,0.84943,NA,0.23789,0
"Dc22883","locus323",0.088188,0.040304,NA,NA,0.19954,NA,0.307976,1
"Dc22883","locus329",0.795848,0.41259,NA,NA,0.913292,NA,0.164778,0
"Dc22883","locus332",0.58507,0.803274,1,NA,0.877578,NA,1,0
"Dc22883","locus358",0.332458,0.615686,NA,NA,0.631018,NA,1,0
"Dc22883","locus359",0.414376,0.536682,NA,NA,0.13559,NA,Inf,0
"Dc22883","locus360",0.152948,0.114508,NA,NA,0.6635,NA,0.943242,0
"Dc22887","Dc27955",0.066048,0.16215,NA,NA,0.565272,NA,1,0
"Dc22887","Dc28124",1,0.51248,NA,NA,0.194016,Inf,0.123596,0
"Dc22887","Dc28776",0.868846,0.076792,NA,NA,0.370824,1,0.8327,0
"Dc22887","Dc30071",0.70015,0.351598,NA,NA,0.645198,0.658204,0.475798,0
"Dc22887","Dc31007",1,NA,NA,NA,1,NA,1,0
"Dc22887","Dc33714",0.700284,0.029888,NA,NA,0.301724,1,0.677372,1
"Dc22887","Dc33907",1,0.907796,NA,NA,0.33421,1,0.50229,0
"Dc22887","Dc34902",1,0.440404,NA,NA,1,Inf,1,0
"Dc22887","Dc35779",0.329974,0.250942,NA,NA,0.079336,1,0.024332,1
"Dc22887","Dc36571",0.227948,0.324772,NA,NA,0.173754,0.200222,0.4974,0
"Dc22887","Dc36616",0.303326,0.65789,NA,NA,1,0.142886,0.455546,0
"Dc22887","Dc40235",0.675746,0.292758,NA,NA,0.889678,1,1,0
"Dc22887","Dc41234",0.455548,0.306332,NA,NA,NA,NA,0.750902,0
"Dc22887","Dc46984",0.455496,0.710772,NA,NA,0.087034,0.19865,0.256906,0
"Dc22887","Dc47572",0.44902,0.099402,1,NA,0.534766,1,0.413948,0
"Dc22887","Dc47935",0.404942,0.444562,NA,NA,0.011734,1,0.932374,1
"Dc22887","Dc48207",1,0.04858,NA,NA,0.336266,1,1,1
"Dc22887","Dc48950",0.976172,0.461518,NA,NA,0.293538,1,0.255728,0
"Dc22887","Dc49080",0.874294,0.6732,NA,NA,0.270188,1,0.25416,0
"Dc22887","Dc49184",0.869568,0.377026,NA,NA,0.698688,0.42862,0.605642,0
"Dc22887","Dc51020",0.322272,0.702202,NA,NA,0.27973,0.658222,0.693866,0
"Dc22887","Dc52523",0.574488,0.936624,NA,NA,0.259618,0.429512,0.653744,0
"Dc22887","Dc55481",0.88832,0.876796,NA,1,1,NA,1,0
"Dc22887","Dc58248",0.24455,0.47914,NA,1,0.703118,NA,0.053394,0
"Dc22887","Dc62188",0.093488,0.915462,Inf,0.732484,0.665368,NA,0.658034,0
"Dc22887","Dc67011",0.201202,0.80854,NA,1,0.515466,NA,0.295952,0
"Dc22887","locus003",0.129006,0.904616,NA,0.598964,0.284038,NA,0.001454,1
"Dc22887","locus004",0.719504,0.722632,NA,0.465988,0.006506,NA,1,1
"Dc22887","locus005",0.891548,0.387302,NA,0.467478,0.01944,NA,0.419508,1
"Dc22887","locus006",0.62297,0.556292,NA,1,0.384806,NA,0.7288,0
"Dc22887","locus008",0.014392,0.56091,NA,0.06667,0.339996,NA,1,1
"Dc22887","locus013",0.550302,1,NA,1,0.88956,NA,0.254804,0
"Dc22887","locus014",0.20935,0.861498,NA,1,0.28315,NA,0.605836,0
"Dc22887","locus022",0.272598,0.905458,NA,0.199898,0.98573,NA,0.485638,0
"Dc22887","locus024",0.6271,0.4655,NA,1,1,NA,0.832498,0
"Dc22887","locus025",0.257666,1,NA,0.599194,1,NA,0.177544,0
"Dc22887","locus027",0.449378,0.888544,NA,NA,NA,NA,NA,0
"Dc22887","locus030",0.892794,0.058858,NA,NA,0.912262,NA,0.19377,0
"Dc22887","locus035",0.515806,0.613836,NA,NA,0.67842,NA,0.408248,0
"Dc22887","locus038",0.647934,1,NA,1,0.82281,NA,0.589412,0
"Dc22887","locus039",0.429694,1,NA,NA,1,NA,1,0
"Dc22887","locus040",0.248888,0.368948,NA,NA,0.664376,NA,1,0
"Dc22887","locus041",0.101776,0.547052,NA,NA,0.784348,NA,0.368956,0
"Dc22887","locus045",0.14407,0.223994,NA,NA,1,NA,0.741556,0
"Dc22887","locus047",0.399422,0.241738,NA,NA,0.018024,NA,0.05635,1
"Dc22887","locus048",0.669126,0.61761,NA,NA,1,NA,1,0
"Dc22887","locus053",0.761758,0.700902,NA,NA,0.15824,NA,0.28116,0
"Dc22887","locus055",0.794802,0.695922,NA,NA,0.22183,NA,0.21587,0
"Dc22887","locus056",0.468608,0.453768,NA,1,0.890878,NA,0.487064,0
"Dc22887","locus058",0.239814,0.759014,NA,1,0.885654,NA,0.896616,0
"Dc22887","locus060",0.051098,0.32683,NA,Inf,1,NA,0.15943,0
"Dc22887","locus061",1,NA,NA,NA,0.127762,NA,1,0
"Dc22887","locus062",0.897768,0.035604,NA,0.334536,0.573694,NA,0.794808,1
"Dc22887","locus064",0.051752,0.81786,NA,0.333716,0.00735,NA,0.046274,2
"Dc22887","locus065",0.574736,0.678094,NA,1,0.018296,NA,1,1
"Dc22887","locus073",0.769566,0.212898,1,0.400026,0.29712,NA,0.887424,0
"Dc22887","locus074",0.155158,0.893962,1,0.066262,0.898114,NA,0.371372,0
"Dc22887","locus076",0.579426,0.528276,NA,NA,0.82679,NA,1,0
"Dc22887","locus077",0.134536,0.70207,NA,Inf,0.359866,NA,0.223228,0
"Dc22887","locus080",1,0.266406,NA,NA,0.040054,NA,0.848266,1
"Dc22887","locus083",0.216144,NA,NA,NA,0.89334,NA,1,0
"Dc22887","locus088",0.17302,0.105924,NA,NA,0.198676,NA,0.532288,0
"Dc22887","locus093",1,Inf,Inf,NA,1,NA,0.221352,0
"Dc22887","locus096",0.79745,0.812346,0.250186,NA,0.061924,NA,1,0
"Dc22887","locus098",0.073076,0.067096,NA,NA,0.532446,NA,0.315414,0
"Dc22887","locus100",0.397178,0.02943,1,NA,0.685476,NA,0.419206,1
"Dc22887","locus106",0.03679,1,NA,NA,0.219342,NA,0.736058,1
"Dc22887","locus116",0.86935,0.910556,NA,NA,0.713786,NA,0.081026,0
"Dc22887","locus119",0.67073,0.016406,1,NA,0.830636,NA,0.188398,1
"Dc22887","locus120",0.67178,0.082196,NA,NA,0.270812,NA,0.691692,0
"Dc22887","locus128",0.771052,0.069848,NA,1,0.572048,NA,0.564308,0
"Dc22887","locus129",0.873422,0.976044,NA,1,0.340172,NA,0.726638,0
"Dc22887","locus130",0.689384,NA,NA,NA,0.76885,NA,1,0
"Dc22887","locus134",0.873788,0.12561,NA,NA,0.734284,NA,0.072972,0
"Dc22887","locus135",0.426784,1,NA,0.467414,0.649214,NA,0.440144,0
"Dc22887","locus137",1,0.32195,NA,1,0.476168,NA,0.727206,0
"Dc22887","locus139",0.694526,1,NA,1,0.250194,NA,1,0
"Dc22887","locus140",0.691392,1,NA,1,0.247068,NA,1,0
"Dc22887","locus146",1,0.521374,1,1,0.26561,NA,0.117796,0
"Dc22887","locus148",0.79406,1,NA,0.465482,0.220794,NA,0.005214,1
"Dc22887","locus151",1,NA,NA,1,0.310188,NA,0.830946,0
"Dc22887","locus157",0.129324,NA,NA,NA,0.572584,NA,0.49753,0
"Dc22887","locus161",0.450522,0.205766,NA,1,0.714906,NA,1,0
"Dc22887","locus165",0.594316,0.881992,NA,NA,0.640836,NA,1,0
"Dc22887","locus170",0.078386,0.322172,NA,1,0.420918,NA,0.859564,0
"Dc22887","locus176",0.700362,NA,NA,NA,1,NA,1,0
"Dc22887","locus184",0.892626,0.317994,0.249236,0.333952,0.484056,NA,0.637432,0
"Dc22887","locus186",0.31912,0.195494,NA,0.198888,0.73287,NA,1,0
"Dc22887","locus188",0.629356,0.826376,NA,NA,0.987034,NA,0.80531,0
"Dc22887","locus189",0.05054,0.366056,NA,0.601112,0.801688,1,0.800924,0
"Dc22887","locus190",0.35442,0.564444,NA,NA,0.886362,0.143206,0.474168,0
"Dc22887","locus191",1,NA,NA,NA,0.898486,0.655044,0.303532,0
"Dc22887","locus192",0.803086,1,NA,NA,0.267704,1,0.110116,0
"Dc22887","locus195",0.768256,0.799994,NA,NA,0.788608,1,1,0
"Dc22887","locus202",1,0.373094,NA,NA,0.032654,0.485682,0.258972,1
"Dc22887","locus215",0.524482,NA,NA,NA,0.221406,1,1,0
"Dc22887","locus227",0.359858,0.740238,Inf,NA,0.283554,0.484968,0.603434,0
"Dc22887","locus231",0.13525,0.791796,NA,NA,0.337586,NA,0.331528,0
"Dc22887","locus235",0.892952,0.764202,NA,NA,0.590932,Inf,0.637514,0
"Dc22887","locus236",0.609678,0.35624,NA,NA,0.777828,1,1,0
"Dc22887","locus237",0.473686,0.608318,NA,NA,0.394472,0.428702,0.005794,1
"Dc22887","locus239",0.774256,0.74061,NA,NA,0.000948,1,0.533868,1
"Dc22887","locus248",1,0.661616,NA,NA,0.301992,0.48746,0.82489,0
"Dc22887","locus256",0.10204,0.071502,NA,NA,0.333154,NA,1,0
"Dc22887","locus263",0.575246,0.327346,NA,NA,0.576304,NA,0.400164,0
"Dc22887","locus264",0.041098,1,1,NA,0.52148,NA,1,1
"Dc22887","locus274",0.377758,0.118272,NA,NA,0.295554,NA,0.480732,0
"Dc22887","locus280",0.88572,0.330284,NA,NA,0.345156,NA,0.666882,0
"Dc22887","locus282",0.316592,0.522094,NA,NA,1,NA,0.690648,0
"Dc22887","locus286",0.089598,1,NA,NA,0.061124,NA,1,0
"Dc22887","locus291",0.299842,0.635456,NA,NA,0.801362,NA,0.502416,0
"Dc22887","locus292",0.026364,0.42286,NA,NA,0.911358,NA,1,1
"Dc22887","locus296",0.035352,0.903166,NA,NA,0.804022,NA,1,1
"Dc22887","locus301",0.795492,0.714886,Inf,NA,1,NA,1,0
"Dc22887","locus314",0.438448,0.298506,NA,NA,0.598536,NA,0.619572,0
"Dc22887","locus321",0.87993,1,NA,NA,0.19988,NA,0.640164,0
"Dc22887","locus322",0.487588,0.458928,NA,NA,0.487922,NA,0.635226,0
"Dc22887","locus323",0.109084,1,NA,NA,0.643302,NA,1,0
"Dc22887","locus329",0.104626,0.171098,NA,NA,0.685544,NA,0.259028,0
"Dc22887","locus332",0.885378,0.268524,1,NA,0.436148,NA,1,0
"Dc22887","locus358",0.443816,0.268038,NA,NA,0.38304,NA,0.371408,0
"Dc22887","locus359",1,0.021406,NA,NA,0.351812,NA,0.39901,1
"Dc22887","locus360",0.294154,0.694944,NA,NA,0.914738,NA,0.265032,0
"Dc27955","Dc28124",0.464756,0.291896,NA,NA,1,NA,1,0
"Dc27955","Dc28776",0.272202,0.642406,NA,NA,0.355322,NA,1,0
"Dc27955","Dc30071",0.022284,0.67064,NA,NA,0.439336,NA,1,1
"Dc27955","Dc31007",0.026212,NA,NA,NA,1,NA,1,1
"Dc27955","Dc33714",0.042402,0.592502,Inf,NA,0.907952,NA,1,1
"Dc27955","Dc33907",0.89734,0.09867,NA,NA,0.371604,NA,0.331952,0
"Dc27955","Dc34902",0.7098,0.194628,NA,NA,0.082666,NA,0.490856,0
"Dc27955","Dc35779",0.863342,0.90348,NA,NA,0.807078,NA,1,0
"Dc27955","Dc36571",0.321052,0.803758,NA,NA,0.809936,NA,0.04745,1
"Dc27955","Dc36616",0.056956,0.313822,NA,NA,0.217758,NA,0.563534,0
"Dc27955","Dc40235",0.464204,0.353814,NA,NA,0.441526,NA,0.563832,0
"Dc27955","Dc41234",0.013026,0.979756,NA,NA,NA,NA,0.751496,1
"Dc27955","Dc46984",0.20505,0.79897,NA,NA,0.331352,NA,1,0
"Dc27955","Dc47572",0.31383,0.538552,Inf,NA,0.79453,NA,1,0
"Dc27955","Dc47935",0.956578,0.11768,NA,NA,0.296276,NA,0.394926,0
"Dc27955","Dc48207",1,0.131108,NA,NA,Inf,NA,0.273176,0
"Dc27955","Dc48950",0.76457,0.130842,NA,NA,0.365242,NA,0.725684,0
"Dc27955","Dc49080",0.082968,0.590784,NA,NA,1,NA,0.061312,0
"Dc27955","Dc49184",0.988166,0.229842,NA,NA,0.793526,NA,1,0
"Dc27955","Dc51020",0.78161,0.81466,NA,NA,0.707192,NA,0.782216,0
"Dc27955","Dc52523",0.657788,0.399276,NA,NA,0.179502,NA,1,0
"Dc27955","Dc55481",0.311876,0.149066,NA,1,0.545472,NA,1,0
"Dc27955","Dc58248",0.17257,0.783916,NA,0.25058,0.522416,NA,0.804836,0
"Dc27955","Dc62188",0.116284,0.703916,NA,1,0.895436,NA,0.3638,0
"Dc27955","Dc67011",0.658988,0.251398,NA,1,0.494576,NA,1,0
"Dc27955","locus003",0.48141,0.09822,NA,1,0.900756,NA,1,0
"Dc27955","locus004",0.145866,0.830736,NA,1,0.263054,NA,0.23714,0
"Dc27955","locus005",0.311548,0.932274,NA,1,0.579502,NA,0.327192,0
"Dc27955","locus006",0.847236,1,NA,1,0.116724,NA,1,0
"Dc27955","locus008",0.941612,0.729426,NA,1,0.40477,NA,0.546878,0
"Dc27955","locus013",0.004758,0.905044,NA,Inf,0.043996,NA,1,2
"Dc27955","locus014",0.419692,0.813118,NA,0.49893,0.164346,NA,1,0
"Dc27955","locus022",0.774892,0.468234,NA,1,0.586584,NA,0.427464,0
"Dc27955","locus024",0.968636,0.774874,NA,1,0.604976,NA,0.10832,0
"Dc27955","locus025",0.343074,0.92458,NA,Inf,0.388304,NA,0.727218,0
"Dc27955","locus027",0.821762,0.404646,NA,NA,NA,NA,NA,0
"Dc27955","locus030",0.180056,0.432378,NA,NA,0.056754,NA,0.36402,0
"Dc27955","locus035",1,0.52433,NA,NA,0.265054,NA,0.150826,0
"Dc27955","locus038",0.373128,0.158066,NA,0.49697,0.768368,NA,0.6238,0
"Dc27955","locus039",1,0.41287,NA,NA,0.792982,NA,1,0
"Dc27955","locus040",0.392602,0.071422,NA,NA,0.317054,NA,1,0
"Dc27955","locus041",0.316138,0.957416,NA,NA,0.265752,NA,0.5827,0
"Dc27955","locus045",0.399452,0.655222,NA,NA,0.403094,NA,0.532832,0
"Dc27955","locus047",0.7888,0.603628,NA,NA,0.44131,NA,1,0
"Dc27955","locus048",1,0.490122,NA,NA,0.642008,NA,0.149612,0
"Dc27955","locus053",0.939782,0.833908,NA,NA,0.020836,NA,0.638246,1
"Dc27955","locus055",0.141278,0.130842,NA,NA,0.716412,NA,1,0
"Dc27955","locus056",0.51226,0.644402,NA,1,0.260074,NA,0.491212,0
"Dc27955","locus058",0.629254,0.12217,NA,1,0.177066,NA,1,0
"Dc27955","locus060",0.211358,0.534822,NA,Inf,0.449718,NA,0.492336,0
"Dc27955","locus061",0.050744,NA,NA,NA,0.84387,NA,0.534288,0
"Dc27955","locus062",0.744582,1,NA,1,0.621848,NA,1,0
"Dc27955","locus064",0.09653,0.749698,NA,1,0.478562,NA,1,0
"Dc27955","locus065",0.733468,1,NA,1,0.870724,NA,1,0
"Dc27955","locus073",0.161322,0.703104,Inf,1,0.245446,NA,1,0
"Dc27955","locus074",0.4318,0.094508,Inf,1,0.235242,NA,0.544204,0
"Dc27955","locus076",0.784782,0.924632,NA,NA,0.637832,NA,0.710238,0
"Dc27955","locus077",1,1,NA,Inf,0.721836,NA,0.56357,0
"Dc27955","locus080",0.186676,0.103928,NA,NA,0.555344,NA,0.619812,0
"Dc27955","locus083",0.118774,NA,NA,NA,0.731616,NA,0.523926,0
"Dc27955","locus088",0.209384,0.68956,NA,NA,0.260896,NA,0.615124,0
"Dc27955","locus093",1,Inf,Inf,NA,1,NA,1,0
"Dc27955","locus096",0.182442,0.7951,Inf,NA,0.509734,NA,1,0
"Dc27955","locus098",0.637374,0.763262,NA,NA,0.34704,NA,0.213824,0
"Dc27955","locus100",0.384798,0.3747,Inf,NA,0.66624,NA,0.048336,1
"Dc27955","locus106",0.236792,0.895926,NA,NA,0.800382,NA,0.48991,0
"Dc27955","locus116",0.378078,0.374146,NA,NA,0.660184,NA,0.8308,0
"Dc27955","locus119",0.286662,0.148646,Inf,NA,0.188152,NA,0.09598,0
"Dc27955","locus120",0.161916,0.475516,NA,NA,0.27026,NA,0.563784,0
"Dc27955","locus128",0.731714,0.403746,NA,1,0.355968,NA,1,0
"Dc27955","locus129",0.748656,0.581774,NA,1,0.249016,NA,0.617128,0
"Dc27955","locus130",0.368014,NA,NA,NA,0.857578,NA,0.499942,0
"Dc27955","locus134",0.377234,0.541436,NA,NA,0.32477,NA,1,0
"Dc27955","locus135",0.279624,0.822532,NA,1,0.15798,NA,0.48151,0
"Dc27955","locus137",0.127748,0.572056,NA,1,0.911526,NA,1,0
"Dc27955","locus139",0.46033,0.10814,NA,1,0.15604,NA,1,0
"Dc27955","locus140",0.459138,0.10981,NA,1,0.160066,NA,1,0
"Dc27955","locus146",0.704182,0.65297,Inf,1,0.684594,NA,0.152716,0
"Dc27955","locus148",0.009626,0.687464,NA,1,0.089852,NA,0.152482,1
"Dc27955","locus151",0.806784,NA,NA,0.496918,0.51561,NA,0.150026,0
"Dc27955","locus157",0.548288,NA,NA,NA,0.354866,NA,0.563062,0
"Dc27955","locus161",1,0.700628,NA,Inf,0.59851,NA,0.273634,0
"Dc27955","locus165",0.944944,0.809208,NA,NA,0.19989,NA,1,0
"Dc27955","locus170",0.590644,0.987772,NA,0.499188,0.459618,NA,0.150826,0
"Dc27955","locus176",0.621976,NA,NA,NA,0.692752,NA,0.781542,0
"Dc27955","locus184",0.964096,0.580054,Inf,1,0.866452,NA,0.320466,0
"Dc27955","locus186",0.659278,0.882838,NA,1,0.62093,NA,1,0
"Dc27955","locus188",0.288132,0.092708,NA,NA,0.335268,NA,0.108812,0
"Dc27955","locus189",0.166254,0.305782,NA,Inf,0.812606,NA,0.418794,0
"Dc27955","locus190",1,0.511258,NA,NA,0.869134,NA,0.54667,0
"Dc27955","locus191",0.82595,NA,NA,NA,0.477874,NA,0.324534,0
"Dc27955","locus192",0.0764,0.882502,NA,NA,0.283176,NA,0.39426,0
"Dc27955","locus195",0.67905,0.864294,NA,NA,0.39801,NA,1,0
"Dc27955","locus202",0.771194,0.666672,NA,NA,0.309876,NA,0.200118,0
"Dc27955","locus215",0.320778,NA,NA,NA,0.019188,NA,0.490582,1
"Dc27955","locus227",0.528706,0.711206,Inf,NA,0.41769,NA,1,0
"Dc27955","locus231",0.721538,0.68876,NA,NA,0.533262,NA,0.331926,0
"Dc27955","locus235",1,0.290404,NA,NA,0.919592,NA,1,0
"Dc27955","locus236",0.11348,0.194362,NA,NA,0.30947,NA,0.060044,0
"Dc27955","locus237",0.794296,0.841956,NA,NA,0.726448,NA,0.320244,0
"Dc27955","locus239",0.485234,0.26832,NA,NA,0.235372,NA,0.50979,0
"Dc27955","locus248",0.446434,0.672424,NA,NA,0.777564,NA,0.322146,0
"Dc27955","locus256",0.583838,0.39471,NA,NA,0.638496,NA,0.709478,0
"Dc27955","locus263",0.84425,0.655824,NA,NA,0.186406,NA,1,0
"Dc27955","locus264",0.636162,0.370018,Inf,NA,0.466456,NA,0.199312,0
"Dc27955","locus274",0.252582,0.7502,NA,NA,0.891354,NA,1,0
"Dc27955","locus280",0.188466,0.354286,NA,NA,0.637998,NA,1,0
"Dc27955","locus282",0.832698,0.095796,NA,NA,0.622128,NA,1,0
"Dc27955","locus286",0.58489,1,NA,NA,0.616518,NA,1,0
"Dc27955","locus291",0.80186,0.45499,NA,NA,0.480762,NA,0.420688,0
"Dc27955","locus292",0.811712,0.915442,NA,NA,0.829186,NA,1,0
"Dc27955","locus296",0.53545,0.930808,NA,NA,0.585968,NA,1,0
"Dc27955","locus301",0.583724,0.709648,Inf,NA,0.813938,NA,0.298936,0
"Dc27955","locus314",0.884818,0.900346,NA,NA,0.331618,NA,0.642926,0
"Dc27955","locus321",0.46768,0.513062,NA,NA,0.409872,NA,0.419394,0
"Dc27955","locus322",0.664452,0.92476,NA,NA,0.239656,NA,0.394632,0
"Dc27955","locus323",0.8817,0.839706,NA,NA,0.9297,NA,1,0
"Dc27955","locus329",0.340958,0.784346,NA,NA,0.32148,NA,0.618106,0
"Dc27955","locus332",0.296126,0.412442,Inf,NA,0.71272,NA,1,0
"Dc27955","locus358",0.708548,0.410968,NA,NA,0.84594,NA,0.490162,0
"Dc27955","locus359",0.81264,0.067994,NA,NA,0.074262,NA,Inf,0
"Dc27955","locus360",0.338674,0.518084,NA,NA,0.865694,NA,1,0
"Dc28124","Dc28776",0.722828,0.312856,NA,NA,0.904332,Inf,0.397148,0
"Dc28124","Dc30071",0.1711,0.301478,NA,NA,0.30838,Inf,1,0
"Dc28124","Dc31007",0.430286,NA,NA,NA,1,NA,0.248984,0
"Dc28124","Dc33714",0.68666,0.245508,Inf,NA,0.73699,Inf,0.803416,0
"Dc28124","Dc33907",1,0.198826,NA,NA,0.388904,Inf,0.541046,0
"Dc28124","Dc34902",0.688508,0.389536,NA,NA,1,Inf,1,0
"Dc28124","Dc35779",0.334288,0.802402,NA,NA,0.101068,Inf,0.224866,0
"Dc28124","Dc36571",0.236856,0.032226,NA,NA,0.663104,Inf,0.691638,1
"Dc28124","Dc36616",0.165548,0.283842,NA,NA,0.744254,Inf,1,0
"Dc28124","Dc40235",0.564738,0.80795,NA,NA,0.444594,Inf,1,0
"Dc28124","Dc41234",0.005536,0.414506,NA,NA,NA,NA,1,1
"Dc28124","Dc46984",0.453612,0.82149,NA,NA,0.22142,Inf,0.86215,0
"Dc28124","Dc47572",0.94951,0.591582,1,NA,1,Inf,0.04484,1
"Dc28124","Dc47935",0.951312,0.013924,NA,NA,0.074124,Inf,0.449888,1
"Dc28124","Dc48207",0.27478,1,NA,NA,0.037522,Inf,1,1
"Dc28124","Dc48950",0.620574,0.325224,NA,NA,0.005264,Inf,0.570052,1
"Dc28124","Dc49080",1,0.764958,NA,NA,0.33779,Inf,0.814894,0
"Dc28124","Dc49184",0.299558,0.629668,NA,NA,0.019958,Inf,1,1
"Dc28124","Dc51020",0.394728,0.851324,NA,NA,0.825064,Inf,0.248626,0
"Dc28124","Dc52523",0.453642,0.610516,NA,NA,0.73708,Inf,0.388496,0
"Dc28124","Dc55481",0.112426,0.2816,NA,0.25146,0.289102,NA,1,0
"Dc28124","Dc58248",0.668676,0.452692,NA,1,0.754016,NA,0.941626,0
"Dc28124","Dc62188",0.130566,0.080624,NA,1,0.145744,NA,0.02538,1
"Dc28124","Dc67011",0.523936,0.832658,NA,1,0.53302,NA,0.15328,0
"Dc28124","locus003",0.23998,0.78194,NA,1,1,NA,1,0
"Dc28124","locus004",0.354636,0.238338,NA,1,0.547738,NA,0.28537,0
"Dc28124","locus005",0.689432,0.61793,NA,1,0.07325,NA,0.539258,0
"Dc28124","locus006",0.318272,0.783284,NA,1,1,NA,1,0
"Dc28124","locus008",0.723738,0.161294,NA,1,0.614982,NA,1,0
"Dc28124","locus013",0.714614,0.286948,NA,1,0.713394,NA,0.81519,0
"Dc28124","locus014",0.35175,0.591886,NA,0.431244,1,NA,1,0
"Dc28124","locus022",0.039218,0.03151,NA,0.572436,0.060238,NA,0.503804,2
"Dc28124","locus024",0.719514,0.35303,NA,1,0.74705,NA,1,0
"Dc28124","locus025",0.127268,0.389076,NA,NA,0.479968,NA,1,0
"Dc28124","locus027",0.002254,0.161034,NA,NA,NA,NA,NA,1
"Dc28124","locus030",1,0.750248,NA,NA,0.296744,NA,0.538984,0
"Dc28124","locus035",0.826294,0.107896,NA,NA,0.688138,NA,0.564834,0
"Dc28124","locus038",0.585058,0.332972,NA,1,0.823594,NA,0.537386,0
"Dc28124","locus039",0.524702,1,NA,NA,0.070108,NA,1,0
"Dc28124","locus040",0.668326,0.357716,NA,NA,0.861318,NA,0.091628,0
"Dc28124","locus041",0.011352,0.097718,NA,NA,0.764914,NA,1,1
"Dc28124","locus045",0.573878,0.259166,NA,NA,0.013432,NA,1,1
"Dc28124","locus047",0.229772,0.508242,NA,NA,0.54685,NA,0.68444,0
"Dc28124","locus048",1,0.33591,NA,NA,1,NA,0.564376,0
"Dc28124","locus053",0.242706,0.724902,NA,NA,0.96319,NA,0.088108,0
"Dc28124","locus055",1,0.892406,NA,NA,0.789206,NA,1,0
"Dc28124","locus056",0.09033,0.74683,NA,0.143166,0.447008,NA,0.632272,0
"Dc28124","locus058",1,0.246064,NA,0.570528,0.891986,NA,0.38606,0
"Dc28124","locus060",1,0.314912,NA,1,0.123276,NA,1,0
"Dc28124","locus061",0.23862,NA,NA,NA,0.067372,NA,0.637968,0
"Dc28124","locus062",0.924172,1,NA,1,0.90213,NA,0.094132,0
"Dc28124","locus064",0.106578,0.555322,NA,1,0.56088,NA,0.369816,0
"Dc28124","locus065",0.652278,0.383826,NA,1,0.547314,NA,1,0
"Dc28124","locus073",0.173662,0.323914,1,0.501918,0.918146,NA,0.219708,0
"Dc28124","locus074",0.225454,0.557694,1,1,0.726588,NA,0.366918,0
"Dc28124","locus076",0.223036,0.435994,NA,NA,1,NA,0.286594,0
"Dc28124","locus077",0.578006,0.516778,NA,Inf,1,NA,1,0
"Dc28124","locus080",0.543796,0.008086,NA,NA,0.398622,NA,0.820068,1
"Dc28124","locus083",1,NA,NA,NA,0.425542,NA,0.192284,0
"Dc28124","locus088",1,0.905082,NA,NA,1,NA,0.69226,0
"Dc28124","locus093",0.524346,Inf,Inf,NA,1,NA,1,0
"Dc28124","locus096",0.033892,0.682486,1,NA,1,NA,1,1
"Dc28124","locus098",0.784402,0.179932,NA,NA,0.241186,NA,0.318492,0
"Dc28124","locus100",0.106668,0.33935,1,NA,0.03501,NA,1,1
"Dc28124","locus106",1,1,NA,NA,0.569048,NA,1,0
"Dc28124","locus116",0.587524,0.136962,NA,NA,0.406414,NA,0.363268,0
"Dc28124","locus119",0.07135,0.201474,0.501616,NA,0.914246,NA,0.543342,0
"Dc28124","locus120",1,0.042086,NA,NA,0.48415,NA,1,1
"Dc28124","locus128",0.508554,1,NA,0.251872,0.266376,NA,0.181762,0
"Dc28124","locus129",0.526318,0.484042,NA,1,0.462172,NA,0.406034,0
"Dc28124","locus130",0.04269,NA,NA,NA,0.76583,NA,0.505244,1
"Dc28124","locus134",0.346518,1,NA,NA,0.645738,NA,0.155,0
"Dc28124","locus135",0.57115,0.038988,NA,0.2852,0.684122,NA,0.177604,1
"Dc28124","locus137",0.526952,0.715998,NA,1,0.255632,NA,0.408796,0
"Dc28124","locus139",0.130988,0.71109,NA,1,1,NA,1,0
"Dc28124","locus140",0.129872,0.71191,NA,1,1,NA,1,0
"Dc28124","locus146",0.788356,0.431734,1,0.400094,1,NA,1,0
"Dc28124","locus148",0.89046,0.168426,NA,1,0.033754,NA,1,1
"Dc28124","locus151",0.281768,NA,NA,1,0.669422,NA,1,0
"Dc28124","locus157",0.401244,NA,NA,NA,1,NA,1,0
"Dc28124","locus161",1,1,NA,1,0.168228,NA,1,0
"Dc28124","locus165",0.263378,0.621294,NA,NA,0.741952,NA,1,0
"Dc28124","locus170",0.92638,0.8042,NA,0.569432,0.075014,NA,1,0
"Dc28124","locus176",0.338944,NA,NA,NA,0.105134,NA,1,0
"Dc28124","locus184",0.50913,0.300516,1,1,0.112254,NA,1,0
"Dc28124","locus186",0.795236,0.150642,NA,1,0.024838,NA,0.603454,1
"Dc28124","locus188",0.237826,0.650206,NA,NA,0.202846,NA,1,0
"Dc28124","locus189",0.73965,0.828774,NA,NA,0.261324,Inf,0.722694,0
"Dc28124","locus190",0.237526,0.616116,NA,NA,0.309842,Inf,0.405978,0
"Dc28124","locus191",0.59891,NA,NA,NA,0.540364,Inf,0.639736,0
"Dc28124","locus192",0.71045,0.821912,NA,NA,0.3843,Inf,0.216058,0
"Dc28124","locus195",0.64226,0.79834,NA,NA,0.784686,Inf,1,0
"Dc28124","locus202",0.214484,0.70485,NA,NA,0.369308,Inf,1,0
"Dc28124","locus215",0.09408,NA,NA,NA,0.304532,Inf,1,0
"Dc28124","locus227",0.393254,0.23409,Inf,NA,1,Inf,1,0
"Dc28124","locus231",0.62501,0.60373,NA,NA,1,NA,Inf,0
"Dc28124","locus235",0.649974,1,NA,NA,0.193618,Inf,0.180288,0
"Dc28124","locus236",1,0.603018,NA,NA,1,Inf,1,0
"Dc28124","locus237",0.162174,0.505202,NA,NA,0.069524,Inf,0.754614,0
"Dc28124","locus239",0.55866,0.355146,NA,NA,0.007526,Inf,1,1
"Dc28124","locus248",1,0.283812,NA,NA,0.662896,Inf,0.515062,0
"Dc28124","locus256",0.921718,0.752356,NA,NA,0.48446,NA,0.539606,0
"Dc28124","locus263",0.356446,0.328362,NA,NA,1,NA,1,0
"Dc28124","locus264",0.712772,0.22812,1,NA,1,NA,0.573112,0
"Dc28124","locus274",0.656378,0.23595,NA,NA,0.776926,NA,0.36782,0
"Dc28124","locus280",0.41303,0.515718,NA,NA,0.345702,NA,0.44147,0
"Dc28124","locus282",0.03291,0.47211,NA,NA,0.536252,NA,0.517452,1
"Dc28124","locus286",0.41537,0.30423,NA,NA,0.727566,NA,0.565666,0
"Dc28124","locus291",0.829946,0.58187,NA,NA,0.668074,NA,0.724124,0
"Dc28124","locus292",0.603048,0.929094,NA,NA,0.166338,NA,1,0
"Dc28124","locus296",0.696766,0.497926,NA,NA,0.16274,NA,0.16411,0
"Dc28124","locus301",0.460588,1,Inf,NA,0.465162,NA,1,0
"Dc28124","locus314",1,0.041954,NA,NA,1,NA,1,1
"Dc28124","locus321",0.354246,0.929822,NA,NA,0.19448,NA,0.180012,0
"Dc28124","locus322",0.620178,0.317706,NA,NA,0.623348,NA,0.261772,0
"Dc28124","locus323",0.444186,0.169838,NA,NA,0.547054,NA,0.232182,0
"Dc28124","locus329",0.776738,0.934908,NA,NA,0.3449,NA,0.528076,0
"Dc28124","locus332",0.849708,0.829062,0.248694,NA,0.312752,NA,0.198724,0
"Dc28124","locus358",0.423394,0.445614,NA,NA,0.467122,NA,0.50585,0
"Dc28124","locus359",0.129502,0.549088,NA,NA,0.45484,NA,1,0
"Dc28124","locus360",0.09864,0.22643,NA,NA,0.702462,NA,0.208814,0
"Dc28776","Dc30071",0.69567,0.861478,NA,NA,0.275744,0.430292,0.561468,0
"Dc28776","Dc31007",0.755172,NA,NA,NA,0.356006,NA,0.035116,1
"Dc28776","Dc33714",0.909504,0.457182,NA,NA,0.285622,0.428362,0.452458,0
"Dc28776","Dc33907",0.74936,0.051358,NA,NA,0.542942,0.398116,0.447388,0
"Dc28776","Dc34902",0.766374,0.337612,NA,NA,0.600862,Inf,0.612944,0
"Dc28776","Dc35779",0.87037,0.33181,NA,NA,0.07092,1,1,0
"Dc28776","Dc36571",0.026366,0.86344,NA,NA,0.727714,0.601384,0.474134,1
"Dc28776","Dc36616",0.547322,0.075984,NA,NA,0.43658,1,0.397322,0
"Dc28776","Dc40235",0.950704,0.774812,NA,NA,0.796178,0.027756,0.395278,1
"Dc28776","Dc41234",0.417332,0.781124,NA,NA,NA,NA,0.465514,0
"Dc28776","Dc46984",0.377274,0.941004,NA,NA,0.896034,1,0.08727,0
"Dc28776","Dc47572",0.347532,0.21778,0.250152,NA,0.675678,1,0.280802,0
"Dc28776","Dc47935",0.798386,0.197598,NA,NA,0.327386,0.656868,0.383702,0
"Dc28776","Dc48207",1,1,NA,NA,1,0.429152,0.417464,0
"Dc28776","Dc48950",0.18939,0.354048,NA,NA,0.464622,0.028148,0.213224,1
"Dc28776","Dc49080",0.960788,1,NA,NA,0.785218,0.1424,1,0
"Dc28776","Dc49184",0.458756,0.645054,NA,NA,0.87192,1,0.056048,0
"Dc28776","Dc51020",0.963388,0.760126,NA,NA,0.090986,0.659356,1,0
"Dc28776","Dc52523",0.601298,0.651572,NA,NA,0.098962,0.428332,0.062184,0
"Dc28776","Dc55481",0.394554,0.60042,NA,1,0.372588,NA,1,0
"Dc28776","Dc58248",0.68312,0.820636,NA,0.599826,0.604754,NA,0.983714,0
"Dc28776","Dc62188",0.974986,0.908188,NA,1,0.880448,NA,0.729852,0
"Dc28776","Dc67011",0.47235,0.052814,NA,1,0.958884,NA,1,0
"Dc28776","locus003",0.198008,0.216754,NA,0.335274,0.59426,NA,0.658062,0
"Dc28776","locus004",0.748048,0.86993,NA,1,0.03924,NA,1,1
"Dc28776","locus005",0.165242,0.280732,NA,1,0.229352,NA,0.285698,0
"Dc28776","locus006",0.095412,0.45388,NA,1,0.285394,NA,0.843986,0
"Dc28776","locus008",0.59187,0.188882,NA,1,0.384704,NA,0.04399,1
"Dc28776","locus013",0.591528,0.76803,NA,1,0.132982,NA,1,0
"Dc28776","locus014",0.355458,0.767246,NA,1,0.990002,NA,0.186158,0
"Dc28776","locus022",0.218244,0.95005,NA,1,0.089966,NA,1,0
"Dc28776","locus024",0.196496,0.92453,NA,1,0.897104,NA,0.639354,0
"Dc28776","locus025",0.427226,0.890612,NA,NA,0.506086,NA,0.368564,0
"Dc28776","locus027",0.374526,0.087614,NA,NA,NA,NA,NA,0
"Dc28776","locus030",0.16826,0.24374,NA,NA,0.425774,NA,0.828074,0
"Dc28776","locus035",1,0.27076,NA,NA,0.90505,NA,1,0
"Dc28776","locus038",0.5609,0.743262,NA,1,0.588342,NA,0.844322,0
"Dc28776","locus039",0.221128,0.695002,NA,NA,0.257046,NA,0.55924,0
"Dc28776","locus040",0.162312,0.163978,NA,NA,0.500634,NA,0.363848,0
"Dc28776","locus041",0.00505,0.13493,NA,NA,0.661912,NA,0.491986,1
"Dc28776","locus045",0.755036,0.472172,NA,NA,0.4098,NA,0.739982,0
"Dc28776","locus047",0.711176,0.871724,NA,NA,0.892588,NA,0.49525,0
"Dc28776","locus048",0.569226,0.50352,NA,NA,1,NA,1,0
"Dc28776","locus053",0.030946,0.190472,NA,NA,0.255516,NA,0.209536,1
"Dc28776","locus055",0.272636,0.82781,NA,NA,0.957666,NA,0.211722,0
"Dc28776","locus056",0.36063,0.239458,NA,1,0.660642,NA,0.393268,0
"Dc28776","locus058",0.37127,0.839126,NA,0.332436,0.614298,NA,0.14884,0
"Dc28776","locus060",0.426152,0.291944,NA,Inf,0.901312,NA,0.720194,0
"Dc28776","locus061",0.447566,NA,NA,NA,0.41684,NA,0.55164,0
"Dc28776","locus062",0.077088,0.313708,NA,1,0.980718,NA,0.419,0
"Dc28776","locus064",0.144646,0.909574,NA,1,0.306532,NA,1,0
"Dc28776","locus065",0.64536,0.883862,NA,0.198878,0.94931,NA,0.252102,0
"Dc28776","locus073",0.91937,0.283722,1,1,0.003814,NA,0.563896,1
"Dc28776","locus074",0.026696,0.878026,1,1,0.061458,NA,0.000534,2
"Dc28776","locus076",0.53855,0.782572,NA,NA,0.691404,NA,1,0
"Dc28776","locus077",0.495696,0.772068,NA,Inf,0.57899,NA,0.283624,0
"Dc28776","locus080",0.756994,0.231646,NA,NA,0.527158,NA,0.69316,0
"Dc28776","locus083",0.143416,NA,NA,NA,0.548488,NA,1,0
"Dc28776","locus088",0.759028,0.422846,NA,NA,0.446806,NA,0.417696,0
"Dc28776","locus093",0.606064,Inf,Inf,NA,1,NA,1,0
"Dc28776","locus096",0.07422,0.466176,1,NA,0.527964,NA,0.72353,0
"Dc28776","locus098",0.590018,0.257606,NA,NA,0.637234,NA,0.458218,0
"Dc28776","locus100",0.697308,0.846628,1,NA,1,NA,0.658312,0
"Dc28776","locus106",0.440456,0.555938,NA,NA,0.706514,NA,0.243792,0
"Dc28776","locus116",0.61221,0.3327,NA,NA,0.650178,NA,0.766104,0
"Dc28776","locus119",0.217516,0.702796,1,NA,0.034612,NA,0.69181,1
"Dc28776","locus120",0.90452,0.446892,NA,NA,0.127076,NA,0.070812,0
"Dc28776","locus128",0.692624,0.682544,NA,1,0.175492,NA,0.071816,0
"Dc28776","locus129",0.457538,0.389618,NA,0.601058,0.161218,NA,1,0
"Dc28776","locus130",0.901204,NA,NA,NA,0.784312,NA,1,0
"Dc28776","locus134",0.081308,0.206004,NA,NA,0.047346,NA,0.719552,1
"Dc28776","locus135",0.027928,0.48201,NA,0.20011,0.857934,NA,1,1
"Dc28776","locus137",0.56897,0.911738,NA,1,0.22527,NA,0.04603,1
"Dc28776","locus139",0.085668,0.325896,NA,1,0.44677,NA,0.26682,0
"Dc28776","locus140",0.088516,0.330578,NA,1,0.444012,NA,0.264456,0
"Dc28776","locus146",0.618334,0.588804,0.250322,0.599566,0.208278,NA,0.829684,0
"Dc28776","locus148",0.86543,0.15457,NA,0.601864,0.552294,NA,0.221312,0
"Dc28776","locus151",0.430628,NA,NA,1,0.861748,NA,0.844104,0
"Dc28776","locus157",0.617474,NA,NA,NA,1,NA,0.389314,0
"Dc28776","locus161",0.308448,1,NA,1,0.381548,NA,0.558236,0
"Dc28776","locus165",0.125278,0.48181,NA,NA,0.091136,NA,0.072106,0
"Dc28776","locus170",0.715458,0.2236,NA,1,0.253016,NA,1,0
"Dc28776","locus176",0.894864,NA,NA,NA,0.388672,NA,0.833168,0
"Dc28776","locus184",0.68421,0.715014,1,1,0.142502,NA,0.285974,0
"Dc28776","locus186",0.315292,0.869528,NA,1,0.200048,NA,0.160154,0
"Dc28776","locus188",0.51674,0.84881,NA,NA,0.330424,NA,0.575654,0
"Dc28776","locus189",0.415616,0.644612,NA,NA,0.94109,0.057308,0.343384,0
"Dc28776","locus190",0.93761,0.933022,NA,NA,0.201336,1,0.030892,1
"Dc28776","locus191",0.74605,NA,NA,NA,0.663708,0.142624,0.615214,0
"Dc28776","locus192",0.44957,0.865596,NA,NA,0.032768,0.142798,1,1
"Dc28776","locus195",0.613786,0.5691,NA,NA,0.657888,0.142656,0.661792,0
"Dc28776","locus202",0.003894,0.82377,NA,NA,0.91125,0.485012,1,1
"Dc28776","locus215",0.52742,NA,Inf,NA,0.726904,0.65709,0.394628,0
"Dc28776","locus227",0.573402,0.417476,Inf,NA,0.03448,0.142344,1,1
"Dc28776","locus231",0.924816,0.912564,NA,NA,0.058952,NA,0.571408,0
"Dc28776","locus235",0.50759,0.862356,NA,NA,0.616384,Inf,0.374808,0
"Dc28776","locus236",0.545496,0.9391,NA,NA,0.091798,0.485896,1,0
"Dc28776","locus237",0.200998,0.836296,NA,NA,0.920494,1,1,0
"Dc28776","locus239",0.417524,0.034976,NA,NA,0.368974,0.656394,1,1
"Dc28776","locus248",0.645076,0.940952,NA,NA,0.370574,1,0.815492,0
"Dc28776","locus256",0.946468,0.793718,NA,NA,0.355834,NA,0.896614,0
"Dc28776","locus263",1,0.064364,NA,NA,1,NA,0.430566,0
"Dc28776","locus264",0.170052,0.15957,0.500878,NA,0.736194,NA,0.266724,0
"Dc28776","locus274",0.39759,0.224882,NA,NA,0.135052,NA,0.222874,0
"Dc28776","locus280",0.935066,0.29458,NA,NA,0.828686,NA,0.440048,0
"Dc28776","locus282",0.985254,0.153526,NA,NA,0.086726,NA,0.720242,0
"Dc28776","locus286",0.871498,0.130326,NA,NA,0.736374,NA,0.285646,0
"Dc28776","locus291",0.377656,0.294708,NA,NA,0.78653,NA,0.255036,0
"Dc28776","locus292",0.894442,1,NA,NA,0.030804,NA,0.29945,1
"Dc28776","locus296",0.788562,0.224196,NA,NA,1,NA,0.689754,0
"Dc28776","locus301",0.039676,0.536366,NA,NA,1,NA,1,1
"Dc28776","locus314",0.033228,0.534276,NA,NA,0.66927,NA,1,1
"Dc28776","locus321",0.724956,0.082834,NA,NA,0.258466,NA,1,0
"Dc28776","locus322",0.161542,0.007914,NA,NA,0.804608,NA,0.212966,1
"Dc28776","locus323",0.234932,0.325974,NA,NA,0.346758,NA,0.047988,1
"Dc28776","locus329",0.861728,0.084002,NA,NA,0.845486,NA,1,0
"Dc28776","locus332",0.349764,0.796014,1,NA,0.778464,NA,0.765982,0
"Dc28776","locus358",1,0.008822,NA,NA,0.322974,NA,1,1
"Dc28776","locus359",0.734266,0.792578,NA,NA,0.928004,NA,Inf,0
"Dc28776","locus360",0.984818,0.471226,NA,NA,1,NA,0.26365,0
"Dc30071","Dc31007",0.121026,NA,NA,NA,1,NA,1,0
"Dc30071","Dc33714",0.0615,0.322702,NA,NA,0.579158,1,0.287922,0
"Dc30071","Dc33907",0.846272,0.481882,NA,NA,0.446408,0.199376,0.613208,0
"Dc30071","Dc34902",0.529154,0.943184,NA,NA,0.21063,Inf,0.284974,0
"Dc30071","Dc35779",0.785984,0.062168,NA,NA,0.419138,0.502014,0.691152,0
"Dc30071","Dc36571",0.117582,0.95362,NA,NA,0.708902,1,1,0
"Dc30071","Dc36616",0.033012,0.932614,NA,NA,0.41795,0.145338,0.394688,1
"Dc30071","Dc40235",0.501964,0.90568,NA,NA,0.244326,0.428118,0.134118,0
"Dc30071","Dc41234",0.131594,0.570926,NA,NA,NA,NA,0.204806,0
"Dc30071","Dc46984",0.14515,0.926446,NA,NA,0.064784,0.577156,0.526304,0
"Dc30071","Dc47572",0.414658,0.267556,Inf,NA,0.756268,0.716788,1,0
"Dc30071","Dc47935",0.894692,0.275314,Inf,NA,0.160758,0.42667,0.561502,0
"Dc30071","Dc48207",0.839374,1,NA,NA,0.345614,1,1,0
"Dc30071","Dc48950",0.3545,0.979882,NA,NA,0.56105,0.545332,0.040264,1
"Dc30071","Dc49080",0.288536,0.51828,NA,NA,0.725856,0.333232,0.741048,0
"Dc30071","Dc49184",0.725366,0.228916,NA,NA,0.47657,0.770836,0.406052,0
"Dc30071","Dc51020",0.27566,0.299766,NA,NA,0.83479,0.43174,0.463564,0
"Dc30071","Dc52523",0.479232,0.42678,NA,NA,0.68905,0.773744,0.317778,0
"Dc30071","Dc55481",0.948668,0.694806,NA,0.502894,0.046064,NA,0.62995,1
"Dc30071","Dc58248",0.097014,0.00545,NA,0.79892,0.246444,NA,0.977692,1
"Dc30071","Dc62188",0.55662,0.467168,NA,1,0.506514,NA,0.277852,0
"Dc30071","Dc67011",0.67164,0.217568,NA,1,0.12525,NA,0.690316,0
"Dc30071","locus003",0.706894,0.485254,NA,0.797584,0.420354,NA,0.03171,1
"Dc30071","locus004",0.049442,0.535578,NA,1,0.66449,NA,1,1
"Dc30071","locus005",0.9858,0.744528,NA,1,0.730498,NA,0.626038,0
"Dc30071","locus006",0.721478,0.065514,NA,1,0.262244,NA,0.47438,0
"Dc30071","locus008",0.19708,0.538904,NA,1,0.235008,NA,1,0
"Dc30071","locus013",0.236168,0.589554,NA,1,0.360532,NA,0.811778,0
"Dc30071","locus014",0.338926,0.739922,NA,0.803036,0.725056,NA,0.885056,0
"Dc30071","locus022",0.979592,0.719332,NA,1,0.908046,NA,0.92331,0
"Dc30071","locus024",0.675092,0.857164,NA,1,0.499898,NA,0.163248,0
"Dc30071","locus025",0.240428,0.454024,Inf,NA,0.27378,NA,0.64829,0
"Dc30071","locus027",0.406348,0.512152,NA,NA,NA,NA,NA,0
"Dc30071","locus030",0.615188,0.26782,NA,NA,0.4191,NA,0.391502,0
"Dc30071","locus035",0.867772,0.85708,NA,NA,0.57873,NA,0.605882,0
"Dc30071","locus038",0.09666,0.040164,NA,1,0.608706,NA,0.408578,1
"Dc30071","locus039",1,0.613334,NA,NA,0.819304,NA,0.04742,1
"Dc30071","locus040",0.10646,0.533396,NA,NA,0.147108,NA,1,0
"Dc30071","locus041",0.10349,0.197582,NA,NA,0.697622,NA,0.75635,0
"Dc30071","locus045",0.318672,0.658404,NA,NA,0.907084,NA,0.189478,0
"Dc30071","locus047",0.935616,0.57028,NA,NA,0.158994,NA,0.035814,1
"Dc30071","locus048",1,0.366734,NA,NA,1,NA,0.605226,0
"Dc30071","locus053",0.087118,0.372704,NA,NA,0.206368,NA,0.55196,0
"Dc30071","locus055",0.15684,0.581028,NA,NA,0.046578,NA,0.755328,1
"Dc30071","locus056",0.231432,0.465272,NA,1,0.17033,NA,1,0
"Dc30071","locus058",0.72857,0.408056,NA,1,0.245906,NA,0.26718,0
"Dc30071","locus060",0.650908,0.228124,NA,Inf,0.603296,NA,1,0
"Dc30071","locus061",0.350216,NA,NA,NA,0.961954,NA,1,0
"Dc30071","locus062",0.875158,0.17054,NA,0.499778,0.348246,NA,0.531002,0
"Dc30071","locus064",0.91945,0.192034,NA,0.500456,0.311612,NA,1,0
"Dc30071","locus065",0.376364,0.404816,NA,1,0.939968,NA,0.570882,0
"Dc30071","locus073",0.260796,0.201872,Inf,1,0.638246,NA,0.718582,0
"Dc30071","locus074",0.265996,0.724614,Inf,1,0.639962,NA,0.553292,0
"Dc30071","locus076",0.618082,0.757596,NA,NA,0.779806,NA,0.380734,0
"Dc30071","locus077",0.529752,0.461908,NA,Inf,0.75809,NA,0.220714,0
"Dc30071","locus080",0.352308,0.20904,NA,NA,0.673858,NA,0.850584,0
"Dc30071","locus083",0.28288,NA,NA,NA,0.364696,NA,1,0
"Dc30071","locus088",1,0.239376,NA,NA,0.231404,NA,0.53331,0
"Dc30071","locus093",1,Inf,Inf,NA,0.251598,NA,1,0
"Dc30071","locus096",0.784304,0.065222,Inf,NA,0.727252,NA,0.508058,0
"Dc30071","locus098",0.187584,0.157136,NA,NA,0.542494,NA,0.801678,0
"Dc30071","locus100",0.167218,0.042088,Inf,NA,0.20243,NA,1,1
"Dc30071","locus106",0.882198,0.485632,NA,NA,0.546682,NA,1,0
"Dc30071","locus116",0.466166,0.498368,NA,NA,0.232672,NA,0.59425,0
"Dc30071","locus119",0.468814,0.831984,Inf,NA,0.038576,NA,0.328092,1
"Dc30071","locus120",0.184952,0.29689,NA,NA,0.883922,NA,0.429936,0
"Dc30071","locus128",0.301418,0.02451,NA,0.500874,0.526948,NA,0.618026,1
"Dc30071","locus129",0.276186,0.705868,NA,0.401276,0.969524,NA,0.725042,0
"Dc30071","locus130",0.84187,NA,NA,NA,0.03878,NA,0.265082,1
"Dc30071","locus134",0.177574,0.411346,NA,NA,0.897378,NA,0.298234,0
"Dc30071","locus135",0.209224,0.657808,NA,1,0.806604,NA,0.355958,0
"Dc30071","locus137",0.91935,0.522576,NA,1,0.303986,NA,0.832684,0
"Dc30071","locus139",0.144702,0.895014,NA,1,0.09114,NA,0.283528,0
"Dc30071","locus140",0.14546,0.89427,NA,1,0.094638,NA,0.280962,0
"Dc30071","locus146",0.540178,0.01605,Inf,0.600146,0.888356,NA,0.025072,2
"Dc30071","locus148",0.767572,0.771862,NA,0.601744,0.667374,NA,1,0
"Dc30071","locus151",0.936154,NA,NA,0.016698,0.007104,NA,0.844736,2
"Dc30071","locus157",0.382016,NA,NA,NA,0.34222,NA,0.441198,0
"Dc30071","locus161",0.508328,0.613868,NA,1,0.29046,NA,1,0
"Dc30071","locus165",0.279218,0.779678,Inf,NA,0.236276,NA,1,0
"Dc30071","locus170",0.34493,0.868938,NA,0.202644,0.043722,NA,0.012538,2
"Dc30071","locus176",0.80202,NA,NA,NA,0.250786,NA,0.105838,0
"Dc30071","locus184",0.336874,0.006322,Inf,0.500778,0.645404,NA,0.11585,1
"Dc30071","locus186",0.350588,0.03288,NA,1,0.15126,NA,0.397766,1
"Dc30071","locus188",0.300482,0.02088,Inf,NA,0.719622,NA,0.686272,1
"Dc30071","locus189",0.599586,0.67883,NA,NA,0.077796,0.660224,0.502748,0
"Dc30071","locus190",0.415576,0.13445,NA,NA,0.775414,0.143434,0.726394,0
"Dc30071","locus191",0.894344,NA,Inf,NA,0.251956,1,0.767882,0
"Dc30071","locus192",0.648714,0.204168,NA,NA,0.256042,0.334096,0.810124,0
"Dc30071","locus195",0.403732,0.650484,NA,NA,0.152962,1,0.192528,0
"Dc30071","locus202",0.754048,0.01915,NA,NA,0.73097,0.427796,0.381964,1
"Dc30071","locus215",0.728508,NA,NA,NA,0.132846,0.77001,1,0
"Dc30071","locus227",0.15745,0.478646,Inf,NA,0.519244,0.25643,1,0
"Dc30071","locus231",0.940666,0.305714,NA,NA,0.400774,NA,0.180154,0
"Dc30071","locus235",0.02114,0.227408,NA,NA,0.599696,Inf,0.637222,1
"Dc30071","locus236",0.293142,0.436498,NA,NA,0.001204,0.427346,0.18467,1
"Dc30071","locus237",0.888206,0.910158,NA,NA,0.086068,1,0.924876,0
"Dc30071","locus239",0.5208,0.655256,NA,NA,0.799504,0.429322,0.215848,0
"Dc30071","locus248",0.861642,0.527684,NA,NA,0.705278,0.657458,0.13738,0
"Dc30071","locus256",0.081718,0.23274,NA,NA,0.238568,NA,0.405578,0
"Dc30071","locus263",0.633916,1,NA,NA,0.588284,NA,1,0
"Dc30071","locus264",0.8643,1,Inf,NA,0.265414,NA,0.919926,0
"Dc30071","locus274",0.216934,0.121262,NA,NA,0.937042,NA,1,0
"Dc30071","locus280",0.375978,0.04486,NA,NA,0.58881,NA,0.620294,1
"Dc30071","locus282",0.905912,0.451702,NA,NA,1,NA,0.691816,0
"Dc30071","locus286",0.563732,0.860152,NA,NA,0.211574,NA,1,0
"Dc30071","locus291",0.504376,0.018574,NA,NA,0.04424,NA,0.299276,2
"Dc30071","locus292",0.585856,0.033658,NA,NA,0.636958,NA,1,1
"Dc30071","locus296",0.374858,0.508808,NA,NA,0.833552,NA,0.847434,0
"Dc30071","locus301",0.461876,0.760948,NA,NA,0.227094,NA,1,0
"Dc30071","locus314",0.176714,0.06123,NA,NA,0.557518,NA,0.619122,0
"Dc30071","locus321",0.143376,0.747842,NA,NA,0.605704,NA,1,0
"Dc30071","locus322",0.93186,0.053264,NA,NA,0.514318,NA,0.166808,0
"Dc30071","locus323",0.809946,0.424534,NA,NA,0.209504,NA,0.425284,0
"Dc30071","locus329",0.862262,0.305762,NA,NA,0.843104,NA,1,0
"Dc30071","locus332",0.537064,0.398174,Inf,NA,0.864926,NA,0.282316,0
"Dc30071","locus358",0.152994,0.311578,NA,NA,0.23234,NA,0.719772,0
"Dc30071","locus359",0.190644,1,NA,NA,0.971606,NA,1,0
"Dc30071","locus360",0.405092,1,NA,NA,0.1627,NA,0.838762,0
"Dc31007","Dc33714",0.018834,NA,NA,NA,0.64984,NA,1,1
"Dc31007","Dc33907",0.68628,NA,NA,NA,1,NA,1,0
"Dc31007","Dc34902",0.603396,NA,NA,NA,0.069162,NA,0.107296,0
"Dc31007","Dc35779",1,NA,NA,NA,0.712742,NA,0.430086,0
"Dc31007","Dc36571",1,NA,NA,NA,1,NA,1,0
"Dc31007","Dc36616",0.048966,NA,NA,NA,0.753672,NA,1,1
"Dc31007","Dc40235",0.347124,NA,NA,NA,0.325892,NA,1,0
"Dc31007","Dc41234",0.427692,NA,NA,NA,NA,NA,0.679838,0
"Dc31007","Dc46984",0.647004,NA,NA,NA,0.32112,NA,0.212858,0
"Dc31007","Dc47572",1,NA,0.250322,NA,0.43435,NA,0.035488,1
"Dc31007","Dc47935",0.296572,NA,Inf,NA,0.87178,NA,0.21605,0
"Dc31007","Dc48207",0.629556,NA,NA,NA,Inf,NA,Inf,0
"Dc31007","Dc48950",0.836534,NA,NA,NA,0.851076,NA,0.67757,0
"Dc31007","Dc49080",0.105956,NA,NA,NA,0.120276,NA,1,0
"Dc31007","Dc49184",0.08479,NA,NA,NA,0.125216,NA,Inf,0
"Dc31007","Dc51020",1,NA,NA,NA,0.168952,NA,0.783952,0
"Dc31007","Dc52523",0.971584,NA,NA,NA,0.863802,NA,0.281174,0
"Dc31007","Dc55481",0.881388,NA,NA,Inf,0.356182,NA,1,0
"Dc31007","Dc58248",0.220184,NA,NA,Inf,0.302718,NA,0.856548,0
"Dc31007","Dc62188",0.481908,NA,NA,Inf,0.705864,NA,0.462512,0
"Dc31007","Dc67011",1,NA,NA,Inf,0.02982,NA,0.245954,1
"Dc31007","locus003",0.527594,NA,NA,Inf,0.68947,NA,1,0
"Dc31007","locus004",1,NA,NA,Inf,0.869674,NA,0.641356,0
"Dc31007","locus005",0.888164,NA,NA,Inf,1,NA,1,0
"Dc31007","locus006",0.397716,NA,NA,Inf,0.173688,NA,0.64135,0
"Dc31007","locus008",0.765658,NA,NA,Inf,0.514354,NA,0.461566,0
"Dc31007","locus013",1,NA,NA,Inf,0.762834,NA,0.642286,0
"Dc31007","locus014",0.875864,NA,NA,Inf,0.092714,NA,1,0
"Dc31007","locus022",0.40266,NA,NA,Inf,0.508798,NA,0.46459,0
"Dc31007","locus024",0.203784,NA,NA,Inf,0.207532,NA,1,0
"Dc31007","locus025",0.601966,NA,Inf,NA,0.49283,NA,0.216664,0
"Dc31007","locus027",0.571512,NA,NA,NA,NA,NA,NA,0
"Dc31007","locus030",1,NA,NA,NA,1,NA,1,0
"Dc31007","locus035",1,NA,NA,NA,0.316586,NA,1,0
"Dc31007","locus038",1,NA,NA,Inf,0.220756,NA,1,0
"Dc31007","locus039",1,NA,NA,NA,1,NA,1,0
"Dc31007","locus040",0.066386,NA,NA,NA,0.218808,NA,0.249898,0
"Dc31007","locus041",0.172856,NA,NA,NA,0.142594,NA,1,0
"Dc31007","locus045",0.643106,NA,NA,NA,0.717088,NA,1,0
"Dc31007","locus047",0.447674,NA,NA,NA,0.18103,NA,1,0
"Dc31007","locus048",0.310088,NA,NA,NA,0.625266,NA,1,0
"Dc31007","locus053",0.330642,NA,NA,NA,0.233462,NA,0.57293,0
"Dc31007","locus055",1,NA,NA,NA,0.387634,NA,0.11061,0
"Dc31007","locus056",0.095136,NA,NA,Inf,0.42246,NA,1,0
"Dc31007","locus058",0.650352,NA,NA,Inf,0.760842,NA,0.640674,0
"Dc31007","locus060",0.226252,NA,NA,Inf,0.653496,NA,1,0
"Dc31007","locus061",0.738368,NA,NA,NA,0.255296,NA,1,0
"Dc31007","locus062",0.229972,NA,NA,Inf,0.070254,NA,0.645612,0
"Dc31007","locus064",0.049084,NA,NA,Inf,1,NA,Inf,1
"Dc31007","locus065",1,NA,NA,Inf,0.074328,NA,Inf,0
"Dc31007","locus073",0.44777,NA,1,Inf,0.193666,NA,0.643554,0
"Dc31007","locus074",0.390714,NA,1,Inf,1,NA,0.108188,0
"Dc31007","locus076",0.179956,NA,NA,NA,0.530832,NA,1,0
"Dc31007","locus077",1,NA,NA,Inf,1,NA,1,0
"Dc31007","locus080",0.448834,NA,NA,NA,0.747916,NA,1,0
"Dc31007","locus083",0.480116,NA,NA,NA,0.650292,NA,1,0
"Dc31007","locus088",0.406028,NA,NA,NA,0.68041,NA,0.647286,0
"Dc31007","locus093",0.628892,NA,Inf,NA,1,NA,1,0
"Dc31007","locus096",0.694056,NA,1,NA,1,NA,0.644796,0
"Dc31007","locus098",1,NA,NA,NA,0.250318,NA,0.786956,0
"Dc31007","locus100",0.025432,NA,1,NA,0.53547,NA,1,1
"Dc31007","locus106",0.566498,NA,NA,NA,0.765612,NA,1,0
"Dc31007","locus116",0.869808,NA,NA,NA,1,NA,0.644914,0
"Dc31007","locus119",0.373302,NA,1,NA,0.876684,NA,0.788852,0
"Dc31007","locus120",0.559898,NA,NA,NA,0.650006,NA,1,0
"Dc31007","locus128",0.341848,NA,NA,Inf,1,NA,0.143984,0
"Dc31007","locus129",0.473202,NA,NA,Inf,0.641942,NA,1,0
"Dc31007","locus130",0.759058,NA,NA,NA,0.649376,NA,0.428528,0
"Dc31007","locus134",0.589332,NA,NA,NA,0.722306,NA,0.643926,0
"Dc31007","locus135",0.40898,NA,NA,Inf,0.8023,NA,0.78823,0
"Dc31007","locus137",0.428578,NA,NA,Inf,0.708064,NA,0.463876,0
"Dc31007","locus139",0.714792,NA,NA,Inf,0.041528,NA,1,1
"Dc31007","locus140",0.714796,NA,NA,Inf,0.04265,NA,1,1
"Dc31007","locus146",0.315002,NA,0.249832,Inf,0.86364,NA,1,0
"Dc31007","locus148",0.775504,NA,NA,Inf,0.292396,NA,1,0
"Dc31007","locus151",0.85846,NA,NA,Inf,0.410604,NA,1,0
"Dc31007","locus157",1,NA,NA,NA,0.01895,NA,1,1
"Dc31007","locus161",0.021288,NA,NA,Inf,0.019792,NA,0.28873,2
"Dc31007","locus165",0.427694,NA,Inf,NA,0.738406,NA,1,0
"Dc31007","locus170",0.295828,NA,NA,Inf,0.867204,NA,0.6453,0
"Dc31007","locus176",0.773216,NA,NA,NA,1,NA,0.214526,0
"Dc31007","locus184",0.888086,NA,1,Inf,1,NA,0.286638,0
"Dc31007","locus186",0.082866,NA,NA,Inf,0.64508,NA,1,0
"Dc31007","locus188",0.276858,NA,Inf,NA,0.45488,NA,0.212048,0
"Dc31007","locus189",0.216156,NA,NA,NA,1,NA,0.68282,0
"Dc31007","locus190",0.047484,NA,NA,NA,1,NA,0.105438,1
"Dc31007","locus191",0.407918,NA,Inf,NA,0.838766,NA,1,0
"Dc31007","locus192",1,NA,NA,NA,0.095128,NA,1,0
"Dc31007","locus195",0.31691,NA,NA,NA,0.72621,NA,1,0
"Dc31007","locus202",0.771086,NA,NA,NA,1,NA,0.78585,0
"Dc31007","locus215",0.51917,NA,NA,NA,0.743194,NA,1,0
"Dc31007","locus227",0.370048,NA,Inf,NA,0.401862,NA,0.465732,0
"Dc31007","locus231",1,NA,NA,NA,0.334058,NA,1,0
"Dc31007","locus235",0.559076,NA,NA,NA,1,NA,0.642438,0
"Dc31007","locus236",0.561052,NA,NA,NA,0.723484,NA,0.642558,0
"Dc31007","locus237",1,NA,NA,NA,0.497664,NA,0.642322,0
"Dc31007","locus239",1,NA,NA,NA,1,NA,0.644468,0
"Dc31007","locus248",0.2625,NA,NA,NA,1,NA,0.785456,0
"Dc31007","locus256",1,NA,NA,NA,0.84877,NA,0.676694,0
"Dc31007","locus263",1,NA,NA,NA,1,NA,Inf,0
"Dc31007","locus264",0.394814,NA,0.49798,NA,0.308536,NA,0.78394,0
"Dc31007","locus274",0.655472,NA,NA,NA,0.660016,NA,0.036844,1
"Dc31007","locus280",0.349936,NA,NA,NA,0.06775,NA,0.52248,0
"Dc31007","locus282",0.642346,NA,NA,NA,1,NA,1,0
"Dc31007","locus286",1,NA,NA,NA,0.37518,NA,1,0
"Dc31007","locus291",0.037694,NA,NA,NA,0.29104,NA,0.677142,1
"Dc31007","locus292",0.871256,NA,NA,NA,0.641272,NA,0.464024,0
"Dc31007","locus296",0.560164,NA,NA,NA,0.368354,NA,0.286848,0
"Dc31007","locus301",0.774856,NA,NA,NA,0.03804,NA,1,1
"Dc31007","locus314",0.368042,NA,NA,NA,1,NA,1,0
"Dc31007","locus321",0.775882,NA,NA,NA,0.731836,NA,1,0
"Dc31007","locus322",0.151224,NA,NA,NA,0.185632,NA,0.356586,0
"Dc31007","locus323",0.040838,NA,NA,NA,0.735778,NA,0.070996,1
"Dc31007","locus329",0.852076,NA,NA,NA,1,NA,0.284472,0
"Dc31007","locus332",0.267402,NA,1,NA,0.353106,NA,1,0
"Dc31007","locus358",0.646596,NA,NA,NA,1,NA,0.640718,0
"Dc31007","locus359",1,NA,NA,NA,1,NA,Inf,0
"Dc31007","locus360",0.642828,NA,NA,NA,0.49843,NA,0.640236,0
"Dc33714","Dc33907",0.405934,0.851928,NA,NA,0.448802,0.167536,0.729724,0
"Dc33714","Dc34902",0.861198,0.184398,NA,NA,0.062404,Inf,0.801696,0
"Dc33714","Dc35779",0.155334,0.764862,NA,NA,0.603208,Inf,0.26109,0
"Dc33714","Dc36571",0.473712,0.807166,NA,NA,0.719258,1,0.306156,0
"Dc33714","Dc36616",0.684726,0.3404,NA,NA,0.691592,1,0.802844,0
"Dc33714","Dc40235",0.485808,0.820656,NA,NA,0.63238,0.428842,0.80217,0
"Dc33714","Dc41234",0.394614,0.439016,NA,NA,NA,NA,0.762458,0
"Dc33714","Dc46984",0.352494,0.379934,NA,NA,0.302564,1,0.569284,0
"Dc33714","Dc47572",0.778588,0.882804,Inf,NA,0.160006,1,0.60072,0
"Dc33714","Dc47935",0.119214,0.471966,NA,NA,0.768242,1,0.907418,0
"Dc33714","Dc48207",0.06264,0.182202,NA,NA,0.502072,0.142656,1,0
"Dc33714","Dc48950",0.13759,0.861506,NA,NA,0.848824,0.427608,0.764168,0
"Dc33714","Dc49080",0.365254,0.543918,NA,NA,0.796428,1,1,0
"Dc33714","Dc49184",0.15447,0.832132,NA,NA,0.626152,1,0.342096,0
"Dc33714","Dc51020",0.015758,0.577088,NA,NA,0.001672,0.427288,0.248124,2
"Dc33714","Dc52523",0.922386,0.522306,NA,NA,0.293572,1,0.796332,0
"Dc33714","Dc55481",0.75765,0.923272,NA,1,0.276752,NA,0.522466,0
"Dc33714","Dc58248",0.424592,0.36788,NA,0.825686,0.267556,NA,0.259902,0
"Dc33714","Dc62188",0.84913,0.6617,NA,0.087186,0.878178,NA,0.659826,0
"Dc33714","Dc67011",0.412048,0.938738,NA,0.572984,0.58096,NA,0.802562,0
"Dc33714","locus003",0.355508,0.080962,NA,0.828346,0.881052,NA,0.798606,0
"Dc33714","locus004",0.49506,0.803134,NA,0.110932,0.54102,NA,0.535334,0
"Dc33714","locus005",0.08608,0.738726,NA,0.288088,0.96337,NA,1,0
"Dc33714","locus006",0.590106,0.324644,NA,0.575968,0.60323,NA,0.66466,0
"Dc33714","locus008",0.709832,0.764796,NA,0.7153,0.15464,NA,0.466376,0
"Dc33714","locus013",0.529336,0.75442,NA,0.315302,0.497744,NA,0.798784,0
"Dc33714","locus014",0.165008,0.995504,NA,0.88686,0.649768,NA,0.399132,0
"Dc33714","locus022",0.384764,0.49017,NA,0.199976,0.486894,NA,0.280146,0
"Dc33714","locus024",0.952772,0.495666,NA,1,0.649938,NA,0.64165,0
"Dc33714","locus025",0.941856,0.219002,NA,NA,0.698968,NA,0.794048,0
"Dc33714","locus027",0.78114,0.405064,NA,NA,NA,NA,NA,0
"Dc33714","locus030",0.843346,0.954032,NA,NA,0.11137,NA,0.032802,1
"Dc33714","locus035",0.610712,0.115208,NA,NA,0.122238,NA,0.03393,1
"Dc33714","locus038",0.364358,0.159522,NA,0.334012,0.501544,NA,0.90607,0
"Dc33714","locus039",0.753138,0.113754,NA,NA,0.075662,NA,0.33915,0
"Dc33714","locus040",0.46668,0.682302,NA,NA,0.855084,NA,1,0
"Dc33714","locus041",1,0.534848,NA,NA,0.441366,NA,0.274816,0
"Dc33714","locus045",0.88785,0.313206,NA,NA,0.37923,NA,0.82551,0
"Dc33714","locus047",0.39933,0.78839,NA,NA,0.799428,NA,0.757848,0
"Dc33714","locus048",0.33391,0.460078,NA,NA,0.45452,NA,1,0
"Dc33714","locus053",0.387496,0.96806,NA,NA,0.22831,NA,0.23375,0
"Dc33714","locus055",0.336086,0.423638,NA,NA,0.004752,NA,0.575928,1
"Dc33714","locus056",0.337344,0.139678,NA,1,0.094864,NA,1,0
"Dc33714","locus058",0.08772,0.335606,NA,1,0.376402,NA,0.29061,0
"Dc33714","locus060",0.646006,0.800726,NA,0.28514,0.860568,NA,1,0
"Dc33714","locus061",0.885246,NA,NA,NA,0.787878,NA,0.61613,0
"Dc33714","locus062",0.208404,0.43358,NA,0.572748,0.236324,NA,0.701796,0
"Dc33714","locus064",0.853776,0.19842,NA,1,0.581706,NA,0.341628,0
"Dc33714","locus065",0.701464,0.086412,NA,1,0.947686,NA,0.340716,0
"Dc33714","locus073",0.806708,0.714896,Inf,0.065792,0.194706,NA,0.035912,1
"Dc33714","locus074",0.866612,0.217478,Inf,0.712402,0.232538,NA,0.573404,0
"Dc33714","locus076",0.113002,0.49828,NA,NA,0.765246,NA,1,0
"Dc33714","locus077",0.21151,0.9694,NA,Inf,0.511676,NA,0.8022,0
"Dc33714","locus080",0.628856,0.696716,NA,NA,0.37297,NA,1,0
"Dc33714","locus083",0.73448,NA,NA,NA,0.10904,NA,0.112354,0
"Dc33714","locus088",0.91633,0.186864,NA,NA,0.449484,NA,0.801076,0
"Dc33714","locus093",0.37215,Inf,Inf,NA,1,NA,0.444808,0
"Dc33714","locus096",0.913992,0.507348,Inf,NA,0.458242,NA,0.77598,0
"Dc33714","locus098",0.97457,0.577754,NA,NA,0.430616,NA,0.792428,0
"Dc33714","locus100",0.32,0.264588,Inf,NA,0.155154,NA,0.49159,0
"Dc33714","locus106",0.553646,0.441944,NA,NA,0.195336,NA,0.666886,0
"Dc33714","locus116",0.629554,0.360006,NA,NA,0.138354,NA,0.759314,0
"Dc33714","locus119",0.150828,0.169896,Inf,NA,0.737992,NA,1,0
"Dc33714","locus120",0.095732,0.397146,NA,NA,0.421178,NA,0.639966,0
"Dc33714","locus128",0.510352,0.970414,NA,1,0.438058,NA,1,0
"Dc33714","locus129",0.67779,0.785804,NA,0.828148,0.033956,NA,0.679436,1
"Dc33714","locus130",0.178304,NA,Inf,NA,0.904532,NA,0.083848,0
"Dc33714","locus134",0.155378,0.139244,NA,NA,0.74372,NA,1,0
"Dc33714","locus135",0.312346,0.399674,NA,0.714294,0.64883,NA,0.02644,1
"Dc33714","locus137",0.219048,0.653272,NA,0.569838,0.614922,NA,0.330102,0
"Dc33714","locus139",1,0.564958,NA,0.284602,0.381906,NA,0.504562,0
"Dc33714","locus140",1,0.564306,NA,0.28578,0.384042,NA,0.503976,0
"Dc33714","locus146",0.946968,0.715272,Inf,1,0.265922,NA,1,0
"Dc33714","locus148",0.563488,0.635658,NA,0.094396,0.070616,NA,0.676908,0
"Dc33714","locus151",0.032104,NA,NA,0.799536,0.023902,NA,0.124474,2
"Dc33714","locus157",0.48064,NA,NA,NA,0.54043,NA,0.073252,0
"Dc33714","locus161",0.964326,0.13003,NA,0.714186,0.510552,NA,0.65122,0
"Dc33714","locus165",0.362324,0.17069,NA,NA,0.29264,NA,1,0
"Dc33714","locus170",0.23698,0.291842,NA,1,0.007472,NA,0.288146,1
"Dc33714","locus176",0.8519,NA,NA,NA,0.790774,NA,0.9094,0
"Dc33714","locus184",0.752856,0.798762,Inf,1,0.39753,NA,0.6107,0
"Dc33714","locus186",0.291632,0.064304,NA,1,0.370152,NA,0.81903,0
"Dc33714","locus188",0.528422,0.61446,NA,NA,0.024518,NA,0.961854,1
"Dc33714","locus189",0.647706,0.118644,NA,NA,0.48646,1,0.934882,0
"Dc33714","locus190",0.822758,0.938908,NA,NA,0.667548,1,0.024742,1
"Dc33714","locus191",0.31288,NA,NA,NA,0.101838,0.570874,0.492002,0
"Dc33714","locus192",0.52748,0.337874,NA,NA,0.117196,1,0.500632,0
"Dc33714","locus195",0.495014,0.97005,NA,NA,0.578478,1,0.797984,0
"Dc33714","locus202",0.627428,0.247444,NA,NA,0.734492,1,0.044002,1
"Dc33714","locus215",0.403394,NA,NA,NA,0.812394,1,1,0
"Dc33714","locus227",0.10569,0.83414,Inf,NA,0.309954,1,0.603822,0
"Dc33714","locus231",0.504772,0.181722,NA,NA,0.809134,NA,0.885656,0
"Dc33714","locus235",0.327566,0.567074,NA,NA,0.724656,Inf,0.521066,0
"Dc33714","locus236",0.3329,0.930368,NA,NA,0.19761,0.426952,1,0
"Dc33714","locus237",0.392026,0.566928,NA,NA,0.922624,1,0.520694,0
"Dc33714","locus239",0.157808,0.085646,NA,NA,0.934058,1,1,0
"Dc33714","locus248",0.185518,0.863386,NA,NA,0.26826,1,0.611696,0
"Dc33714","locus256",0.458342,0.199954,NA,NA,0.632734,NA,0.679984,0
"Dc33714","locus263",0.461118,0.531004,NA,NA,0.37364,NA,1,0
"Dc33714","locus264",0.511148,0.531666,Inf,NA,0.212132,NA,0.587282,0
"Dc33714","locus274",0.895338,0.31052,NA,NA,0.599158,NA,0.666542,0
"Dc33714","locus280",0.81388,0.00929,NA,NA,0.983886,NA,1,1
"Dc33714","locus282",0.74464,0.610064,NA,NA,0.866378,NA,0.415728,0
"Dc33714","locus286",0.382076,0.477948,NA,NA,0.506256,NA,0.309208,0
"Dc33714","locus291",0.393342,0.971682,NA,NA,0.716594,NA,0.936084,0
"Dc33714","locus292",0.886322,0.313882,NA,NA,0.059906,NA,1,0
"Dc33714","locus296",0.401234,0.968288,NA,NA,0.44064,NA,0.136334,0
"Dc33714","locus301",1,0.623704,NA,NA,0.595416,NA,0.153608,0
"Dc33714","locus314",0.73899,0.946244,NA,NA,0.865642,NA,0.376876,0
"Dc33714","locus321",0.265624,0.93377,NA,NA,0.04413,NA,0.50577,1
"Dc33714","locus322",0.59696,0.806102,NA,NA,0.68431,NA,0.476568,0
"Dc33714","locus323",0.25033,0.1651,NA,NA,0.379266,NA,0.122174,0
"Dc33714","locus329",0.436862,0.71433,NA,NA,0.062388,NA,1,0
"Dc33714","locus332",0.45367,0.454958,Inf,NA,0.319598,NA,0.598592,0
"Dc33714","locus358",0.311072,0.511754,NA,NA,0.010914,NA,0.538012,1
"Dc33714","locus359",1,0.943688,NA,NA,0.586434,NA,Inf,0
"Dc33714","locus360",0.697282,0.332116,NA,NA,0.687884,NA,0.248474,0
"Dc33907","Dc34902",0.691144,0.706984,NA,NA,0.484508,Inf,0.76839,0
"Dc33907","Dc35779",0.695932,0.675528,0.332114,NA,0.144846,0.400258,0.050402,0
"Dc33907","Dc36571",0.722082,0.679146,NA,NA,0.391436,1,0.148466,0
"Dc33907","Dc36616",0.407496,0.776458,NA,NA,0.211796,1,0.365564,0
"Dc33907","Dc40235",0.496866,0.137672,NA,NA,0.83026,0.396688,0.367544,0
"Dc33907","Dc41234",0.488568,0.50235,Inf,NA,NA,NA,0.629086,0
"Dc33907","Dc46984",0.2676,0.803328,NA,NA,0.413032,0.268762,0.483824,0
"Dc33907","Dc47572",0.066132,0.532064,NA,NA,0.349178,0.500444,0.065368,0
"Dc33907","Dc47935",0.328064,0.920846,NA,NA,0.27117,1,0.58202,0
"Dc33907","Dc48207",1,0.56239,NA,NA,1,0.167616,1,0
"Dc33907","Dc48950",0.079276,0.77461,NA,NA,0.290498,0.70151,0.879162,0
"Dc33907","Dc49080",0.038132,0.27422,NA,NA,0.48287,0.60043,0.748228,1
"Dc33907","Dc49184",0.068842,0.43915,NA,NA,0.20759,1,1,0
"Dc33907","Dc51020",0.228804,0.615288,NA,NA,0.039444,0.799514,0.803946,1
"Dc33907","Dc52523",0.684814,0.524298,NA,NA,0.204328,1,0.338954,0
"Dc33907","Dc55481",0.700128,0.54872,NA,1,0.454952,NA,0.06602,0
"Dc33907","Dc58248",0.984368,0.212426,NA,1,0.507372,NA,0.575236,0
"Dc33907","Dc62188",0.798172,0.00607,NA,0.199326,0.70014,NA,0.411326,1
"Dc33907","Dc67011",0.038886,0.081546,NA,0.400634,0.78175,NA,0.537718,1
"Dc33907","locus003",0.600056,0.152078,1,1,0.526972,NA,0.416354,0
"Dc33907","locus004",1,0.652108,NA,1,0.972268,NA,0.475268,0
"Dc33907","locus005",0.878676,1,NA,1,0.38803,NA,1,0
"Dc33907","locus006",0.910214,0.44871,NA,0.401034,0.503336,NA,0.338398,0
"Dc33907","locus008",1,0.306476,NA,1,0.74721,NA,0.301694,0
"Dc33907","locus013",0.737534,0.329442,NA,1,0.076132,NA,0.894054,0
"Dc33907","locus014",0.73537,0.481548,NA,0.600532,0.694892,NA,1,0
"Dc33907","locus022",0.079476,0.533196,NA,0.400962,0.476626,NA,0.904862,0
"Dc33907","locus024",0.69148,0.84885,1,0.399082,0.05638,NA,0.443308,0
"Dc33907","locus025",0.108704,0.227654,NA,NA,0.798852,NA,0.856308,0
"Dc33907","locus027",1,0.468406,NA,NA,NA,NA,NA,0
"Dc33907","locus030",0.650932,0.895492,NA,NA,0.297308,NA,0.443666,0
"Dc33907","locus035",1,0.800536,NA,NA,0.552678,NA,0.539086,0
"Dc33907","locus038",0.86833,0.44848,NA,0.334,0.042056,NA,1,1
"Dc33907","locus039",0.754642,0.8387,NA,NA,0.619118,NA,1,0
"Dc33907","locus040",1,0.34247,1,NA,0.34973,NA,1,0
"Dc33907","locus041",0.15358,0.575196,NA,NA,0.504848,NA,1,0
"Dc33907","locus045",0.501758,0.093928,1,NA,0.389874,NA,0.116752,0
"Dc33907","locus047",0.002452,0.957752,NA,NA,0.02871,NA,0.364658,2
"Dc33907","locus048",0.72121,1,NA,NA,0.621304,NA,1,0
"Dc33907","locus053",0.906392,0.974976,NA,NA,0.307794,NA,0.206598,0
"Dc33907","locus055",0.395996,0.829328,0.335162,NA,0.238708,NA,0.746698,0
"Dc33907","locus056",0.681724,0.202364,NA,1,0.543724,NA,0.79088,0
"Dc33907","locus058",0.752178,0.159544,NA,1,0.32817,NA,0.446796,0
"Dc33907","locus060",0.678914,0.268878,NA,Inf,0.36512,NA,0.600762,0
"Dc33907","locus061",0.239334,NA,NA,NA,0.96997,NA,0.46209,0
"Dc33907","locus062",0.441286,0.5655,1,1,0.438096,NA,0.463182,0
"Dc33907","locus064",0.238428,0.290164,NA,1,0.62062,NA,0.231282,0
"Dc33907","locus065",1,0.771774,1,1,0.362966,NA,1,0
"Dc33907","locus073",0.562206,0.793664,NA,0.40059,0.434714,NA,0.614406,0
"Dc33907","locus074",0.202298,0.443864,NA,1,1,NA,0.271192,0
"Dc33907","locus076",0.094378,0.656038,NA,NA,0.389308,NA,0.22386,0
"Dc33907","locus077",0.14727,0.789428,NA,Inf,0.141922,NA,0.096356,0
"Dc33907","locus080",0.688854,0.781818,Inf,NA,0.177,NA,0.950264,0
"Dc33907","locus083",0.508346,NA,NA,NA,0.94732,NA,1,0
"Dc33907","locus088",0.854038,0.388298,1,NA,0.621444,NA,0.726308,0
"Dc33907","locus093",0.524236,Inf,Inf,NA,1,NA,0.55463,0
"Dc33907","locus096",0.57173,0.288878,NA,NA,0.493476,NA,0.476494,0
"Dc33907","locus098",1,0.023388,NA,NA,0.533148,NA,0.303304,1
"Dc33907","locus100",0.540346,0.813782,NA,NA,0.232716,NA,0.1183,0
"Dc33907","locus106",0.295052,0.433946,NA,NA,0.766988,NA,0.427592,0
"Dc33907","locus116",0.071422,0.20433,NA,NA,0.532302,NA,0.802764,0
"Dc33907","locus119",1,0.394826,NA,NA,0.821572,NA,0.500994,0
"Dc33907","locus120",0.864454,0.311758,NA,NA,0.694472,NA,0.396258,0
"Dc33907","locus128",1,0.038162,NA,1,0.052684,NA,0.308436,1
"Dc33907","locus129",0.982178,0.715456,NA,1,0.042192,NA,0.259482,1
"Dc33907","locus130",0.412528,NA,NA,NA,0.23807,NA,0.789392,0
"Dc33907","locus134",0.05537,0.810392,NA,NA,0.549208,NA,1,0
"Dc33907","locus135",0.055052,0.301336,NA,0.40042,0.887158,NA,0.127616,0
"Dc33907","locus137",0.754488,0.117246,NA,0.398508,0.216448,NA,0.188488,0
"Dc33907","locus139",0.702612,0.162568,NA,0.399134,0.723338,NA,0.634998,0
"Dc33907","locus140",0.700952,0.166482,NA,0.401276,0.726346,NA,0.630672,0
"Dc33907","locus146",0.263494,0.081958,NA,1,0.010276,NA,0.00563,2
"Dc33907","locus148",0.096798,0.112706,NA,0.100458,0.895108,NA,0.720916,0
"Dc33907","locus151",0.764352,NA,NA,0.598976,0.219694,NA,1,0
"Dc33907","locus157",0.086262,NA,NA,NA,0.173142,NA,0.510694,0
"Dc33907","locus161",1,0.255994,NA,1,0.482958,NA,0.896406,0
"Dc33907","locus165",0.064968,0.865086,NA,NA,0.669482,NA,0.167624,0
"Dc33907","locus170",0.922798,0.133768,NA,0.598014,0.001664,NA,0.895652,1
"Dc33907","locus176",0.581522,NA,Inf,NA,0.627732,NA,0.311492,0
"Dc33907","locus184",1,0.412022,NA,1,0.569554,NA,1,0
"Dc33907","locus186",1,0.87075,NA,1,0.883434,NA,0.622242,0
"Dc33907","locus188",0.814332,0.697732,NA,NA,0.926506,NA,0.891882,0
"Dc33907","locus189",0.810474,0.034536,NA,NA,0.819638,0.798584,0.630652,1
"Dc33907","locus190",0.826652,0.849928,NA,NA,0.002986,1,0.604118,1
"Dc33907","locus191",0.671258,NA,NA,NA,0.155332,0.602718,0.693504,0
"Dc33907","locus192",0.34079,0.29731,NA,NA,0.280106,0.600686,0.4157,0
"Dc33907","locus195",0.267554,0.71451,NA,NA,0.760774,1,0.7267,0
"Dc33907","locus202",0.346556,0.356518,NA,NA,0.378148,0.09967,0.052886,0
"Dc33907","locus215",0.705438,NA,NA,NA,0.125716,1,0.121634,0
"Dc33907","locus227",0.13986,0.73137,Inf,NA,0.126434,0.400884,0.462138,0
"Dc33907","locus231",0.139924,0.530668,NA,NA,0.37914,NA,0.657578,0
"Dc33907","locus235",0.797294,0.012512,NA,NA,0.363218,Inf,0.763686,1
"Dc33907","locus236",1,0.257594,NA,NA,0.85629,0.600112,0.633304,0
"Dc33907","locus237",0.713854,0.39056,NA,NA,0.288488,1,0.805412,0
"Dc33907","locus239",0.532444,0.085226,NA,NA,0.69226,1,0.929632,0
"Dc33907","locus248",0.88553,0.333488,NA,NA,0.624738,1,1,0
"Dc33907","locus256",0.461192,0.33143,NA,NA,0.221412,NA,0.480384,0
"Dc33907","locus263",1,0.328354,NA,NA,0.882346,NA,0.498648,0
"Dc33907","locus264",1,0.54255,NA,NA,0.537216,NA,1,0
"Dc33907","locus274",0.079424,1,1,NA,0.186632,NA,0.895792,0
"Dc33907","locus280",0.278578,0.24869,NA,NA,0.665296,NA,0.609674,0
"Dc33907","locus282",0.154596,0.251814,0.334334,NA,0.571356,NA,1,0
"Dc33907","locus286",0.69093,0.614446,NA,NA,0.291086,NA,0.24831,0
"Dc33907","locus291",0.766126,0.270108,NA,NA,0.491142,NA,0.630978,0
"Dc33907","locus292",0.318662,0.862202,NA,NA,0.512904,NA,0.399668,0
"Dc33907","locus296",0.88324,0.75953,NA,NA,0.924472,NA,0.501888,0
"Dc33907","locus301",0.64439,0.682032,NA,NA,0.787984,NA,1,0
"Dc33907","locus314",0.145558,0.542812,NA,NA,1,NA,0.222932,0
"Dc33907","locus321",0.541312,0.746944,NA,NA,0.553988,NA,0.715886,0
"Dc33907","locus322",0.25458,1,NA,NA,0.903752,NA,0.745828,0
"Dc33907","locus323",0.368732,0.609266,NA,NA,0.971014,NA,0.806362,0
"Dc33907","locus329",0.847528,0.354714,NA,NA,0.869304,NA,0.281098,0
"Dc33907","locus332",0.535414,0.510278,NA,NA,0.359982,NA,0.384006,0
"Dc33907","locus358",0.423738,0.302774,NA,NA,0.28496,NA,0.600482,0
"Dc33907","locus359",1,0.786542,NA,NA,0.657456,NA,Inf,0
"Dc33907","locus360",1,0.262276,Inf,NA,0.130294,NA,0.856306,0
"Dc34902","Dc35779",0.464804,0.923852,Inf,NA,0.603602,Inf,0.602468,0
"Dc34902","Dc36571",0.225978,0.930874,NA,NA,0.166792,Inf,0.12931,0
"Dc34902","Dc36616",0.550836,0.336152,NA,NA,0.25479,Inf,0.54618,0
"Dc34902","Dc40235",0.469582,0.166712,NA,NA,0.004166,Inf,0.544846,1
"Dc34902","Dc41234",1,0.482402,NA,NA,NA,NA,0.035526,1
"Dc34902","Dc46984",0.93486,0.844052,NA,NA,0.308766,Inf,0.09809,0
"Dc34902","Dc47572",0.15165,0.83713,NA,NA,0.578958,Inf,0.538286,0
"Dc34902","Dc47935",0.055044,0.324132,NA,NA,0.691386,Inf,0.295846,0
"Dc34902","Dc48207",0.670252,1,NA,NA,1,Inf,1,0
"Dc34902","Dc48950",0.912926,0.180092,NA,NA,0.877272,Inf,1,0
"Dc34902","Dc49080",0.594098,0.668172,NA,NA,0.704066,Inf,0.654298,0
"Dc34902","Dc49184",0.042408,0.095246,NA,NA,0.349668,Inf,0.637,1
"Dc34902","Dc51020",0.47662,0.48874,NA,NA,0.41078,Inf,0.514398,0
"Dc34902","Dc52523",0.987788,0.542862,NA,NA,0.948562,Inf,0.64853,0
"Dc34902","Dc55481",0.447796,0.8415,NA,1,0.030122,NA,0.24806,1
"Dc34902","Dc58248",0.686054,0.566378,NA,1,0.126604,NA,0.238072,0
"Dc34902","Dc62188",0.076672,0.283962,NA,1,0.836532,NA,0.845482,0
"Dc34902","Dc67011",0.661694,0.641372,NA,1,0.02471,NA,1,1
"Dc34902","locus003",1,0.529828,Inf,1,0.319284,NA,0.520294,0
"Dc34902","locus004",0.462654,0.335458,NA,1,0.589122,NA,0.504244,0
"Dc34902","locus005",0.122734,0.58875,NA,1,0.128038,NA,0.310546,0
"Dc34902","locus006",0.67265,0.854934,NA,1,0.1857,NA,0.393162,0
"Dc34902","locus008",0.789546,0.401852,NA,0.28686,0.837328,NA,1,0
"Dc34902","locus013",0.017076,0.756942,NA,1,0.944714,NA,0.65412,1
"Dc34902","locus014",0.471272,0.321706,NA,0.427468,0.476764,NA,0.801306,0
"Dc34902","locus022",0.234766,0.738168,NA,0.573108,0.73325,NA,0.532244,0
"Dc34902","locus024",1,0.68073,Inf,1,0.195442,NA,0.35627,0
"Dc34902","locus025",1,0.501252,NA,NA,0.177546,NA,1,0
"Dc34902","locus027",0.758356,0.439962,NA,NA,NA,NA,NA,0
"Dc34902","locus030",1,0.728702,NA,NA,0.354912,NA,0.3791,0
"Dc34902","locus035",1,0.250548,NA,NA,0.171126,NA,0.54612,0
"Dc34902","locus038",1,0.394222,NA,1,0.258022,NA,0.342762,0
"Dc34902","locus039",0.689142,0.342618,NA,NA,0.244564,NA,0.63805,0
"Dc34902","locus040",0.41687,0.282388,Inf,NA,0.817112,NA,0.273396,0
"Dc34902","locus041",0.857902,0.403792,NA,NA,0.022428,NA,0.492676,1
"Dc34902","locus045",0.36306,1,Inf,NA,0.645994,NA,0.424996,0
"Dc34902","locus047",0.610542,0.746496,NA,NA,0.429534,NA,1,0
"Dc34902","locus048",0.034688,0.16026,NA,NA,1,NA,0.546254,1
"Dc34902","locus053",0.443208,0.671926,NA,NA,0.98995,NA,0.247666,0
"Dc34902","locus055",0.794934,0.26554,Inf,NA,0.406222,NA,0.041656,1
"Dc34902","locus056",0.246828,1,NA,1,0.393744,NA,0.207508,0
"Dc34902","locus058",0.6933,1,NA,1,0.02761,NA,0.545794,1
"Dc34902","locus060",0.764,1,NA,1,0.78187,NA,0.25657,0
"Dc34902","locus061",0.537324,NA,NA,NA,0.750502,NA,1,0
"Dc34902","locus062",0.69552,0.71512,Inf,0.287428,0.528666,NA,1,0
"Dc34902","locus064",0.54192,0.128986,NA,0.142642,0.73181,NA,0.637622,0
"Dc34902","locus065",0.573496,0.080986,Inf,0.28524,0.061576,NA,0.637844,0
"Dc34902","locus073",0.141204,0.39453,NA,0.501,0.9655,NA,1,0
"Dc34902","locus074",0.729422,0.486778,NA,0.286448,0.014438,NA,0.652554,1
"Dc34902","locus076",0.507882,0.225358,NA,NA,0.217782,NA,0.546162,0
"Dc34902","locus077",1,0.432918,NA,Inf,1,NA,1,0
"Dc34902","locus080",1,0.794922,NA,NA,0.084184,NA,0.34057,0
"Dc34902","locus083",0.030068,NA,NA,NA,0.33211,NA,1,1
"Dc34902","locus088",1,0.293416,Inf,NA,0.354088,NA,0.518996,0
"Dc34902","locus093",1,Inf,Inf,NA,0.180784,NA,0.334902,0
"Dc34902","locus096",0.134992,0.862198,NA,NA,0.876836,NA,0.506488,0
"Dc34902","locus098",0.427414,0.761654,NA,NA,0.156558,NA,0.77198,0
"Dc34902","locus100",1,0.290182,NA,NA,0.123238,NA,0.808958,0
"Dc34902","locus106",0.614982,0.671184,NA,NA,0.23508,NA,0.698528,0
"Dc34902","locus116",0.739222,0.067194,NA,NA,0.943172,NA,0.362362,0
"Dc34902","locus119",0.3392,0.46614,NA,NA,0.19496,NA,1,0
"Dc34902","locus120",0.762106,0.359058,NA,NA,0.064592,NA,1,0
"Dc34902","locus128",0.074362,0.74735,NA,1,0.65318,NA,0.346946,0
"Dc34902","locus129",0.79564,0.149098,NA,1,0.986248,NA,0.455178,0
"Dc34902","locus130",0.751556,NA,NA,NA,0.832816,NA,1,0
"Dc34902","locus134",0.478342,0.000342,NA,NA,0.707006,NA,1,1
"Dc34902","locus135",0.105246,0.52297,NA,1,0.824536,NA,0.38031,0
"Dc34902","locus137",1,0.725656,NA,1,0.160964,NA,0.608312,0
"Dc34902","locus139",0.707056,1,NA,1,0.06367,NA,0.192968,0
"Dc34902","locus140",0.707764,1,NA,1,0.060868,NA,0.191252,0
"Dc34902","locus146",0.513276,0.74731,NA,1,0.698432,NA,0.455562,0
"Dc34902","locus148",0.807456,0.162696,NA,1,0.557276,NA,1,0
"Dc34902","locus151",0.202088,NA,NA,0.499708,0.307784,NA,0.286802,0
"Dc34902","locus157",0.109604,NA,NA,NA,0.662474,NA,1,0
"Dc34902","locus161",0.412722,0.243928,NA,1,0.733106,NA,0.153084,0
"Dc34902","locus165",0.406574,0.518778,NA,NA,1,NA,0.504814,0
"Dc34902","locus170",1,0.43014,NA,1,0.288044,NA,1,0
"Dc34902","locus176",0.677798,NA,NA,NA,0.600076,NA,0.011356,1
"Dc34902","locus184",0.475976,1,NA,0.142714,0.553892,NA,1,0
"Dc34902","locus186",0.252446,0.49011,NA,0.165676,0.01138,NA,1,1
"Dc34902","locus188",0.069342,0.64182,NA,NA,0.691856,NA,0.008412,1
"Dc34902","locus189",1,0.02981,NA,NA,0.443726,Inf,0.72539,1
"Dc34902","locus190",0.147048,0.67614,NA,NA,0.250356,Inf,0.258498,0
"Dc34902","locus191",0.0174,NA,NA,NA,0.688338,Inf,0.088518,1
"Dc34902","locus192",0.624466,0.338646,NA,NA,0.047136,Inf,0.801674,1
"Dc34902","locus195",0.193486,0.510366,NA,NA,0.887858,Inf,0.633026,0
"Dc34902","locus202",1,0.468472,NA,NA,0.054706,Inf,1,0
"Dc34902","locus215",0.334404,NA,NA,NA,1,Inf,1,0
"Dc34902","locus227",0.541534,0.63195,Inf,NA,0.519712,Inf,1,0
"Dc34902","locus231",0.529978,0.624566,Inf,NA,0.67402,NA,1,0
"Dc34902","locus235",0.069576,0.246828,NA,NA,0.418354,Inf,0.76949,0
"Dc34902","locus236",0.426476,0.127966,NA,NA,0.05791,Inf,1,0
"Dc34902","locus237",0.257176,0.724922,NA,NA,0.453404,Inf,0.692202,0
"Dc34902","locus239",0.261852,0.85365,NA,NA,0.616494,Inf,0.80911,0
"Dc34902","locus248",0.517422,0.247578,NA,NA,0.876154,Inf,0.176334,0
"Dc34902","locus256",1,0.946938,NA,NA,0.764168,NA,0.192072,0
"Dc34902","locus263",0.57297,0.629366,NA,NA,1,NA,1,0
"Dc34902","locus264",0.365322,0.203208,NA,NA,0.158856,NA,0.736738,0
"Dc34902","locus274",0.752368,0.953972,Inf,NA,0.195772,NA,0.39343,0
"Dc34902","locus280",0.401544,0.693886,NA,NA,0.214358,NA,1,0
"Dc34902","locus282",0.216766,0.883668,Inf,NA,0.247084,NA,0.50399,0
"Dc34902","locus286",1,0.6165,NA,NA,0.785256,NA,0.546068,0
"Dc34902","locus291",1,0.569586,NA,NA,0.032972,NA,0.450262,1
"Dc34902","locus292",0.011086,0.366502,NA,NA,0.099018,NA,1,1
"Dc34902","locus296",0.883924,0.704942,NA,NA,0.810918,NA,0.801506,0
"Dc34902","locus301",0.173274,0.801688,NA,NA,0.800178,NA,1,0
"Dc34902","locus314",0.735666,0.196338,NA,NA,0.6019,NA,1,0
"Dc34902","locus321",1,1,NA,NA,0.588826,NA,0.380784,0
"Dc34902","locus322",0.782248,0.591476,NA,NA,0.286244,NA,1,0
"Dc34902","locus323",0.158566,0.555344,NA,NA,0.82994,NA,1,0
"Dc34902","locus329",0.280874,0.63179,NA,NA,0.450846,NA,0.554198,0
"Dc34902","locus332",0.67534,0.00537,NA,NA,0.870494,NA,0.208272,1
"Dc34902","locus358",0.490294,0.549796,NA,NA,0.049052,NA,0.506008,1
"Dc34902","locus359",0.235036,1,NA,NA,0.189582,NA,Inf,0
"Dc34902","locus360",0.330654,1,NA,NA,0.003962,NA,0.73614,1
"Dc35779","Dc36571",0.413092,0.027306,NA,NA,0.745446,1,1,1
"Dc35779","Dc36616",0.199112,0.31868,NA,NA,0.001306,0.334276,0.453832,1
"Dc35779","Dc40235",0.087016,0.471576,NA,NA,0.431898,1,0.455298,0
"Dc35779","Dc41234",0.561706,0.720242,NA,NA,NA,NA,0.574604,0
"Dc35779","Dc46984",0.20569,0.531926,NA,NA,0.211768,0.66721,0.35118,0
"Dc35779","Dc47572",0.091818,0.548754,NA,NA,0.364678,1,0.747628,0
"Dc35779","Dc47935",0.560086,0.912144,NA,NA,0.861292,1,0.777614,0
"Dc35779","Dc48207",1,1,NA,NA,1,Inf,1,0
"Dc35779","Dc48950",0.191084,0.670178,NA,NA,0.22498,1,0.41315,0
"Dc35779","Dc49080",0.49465,0.653114,NA,NA,0.067078,1,1,0
"Dc35779","Dc49184",0.382114,0.031014,NA,NA,0.927126,1,0.60399,1
"Dc35779","Dc51020",0.506376,0.831,NA,NA,0.489864,0.332434,0.454036,0
"Dc35779","Dc52523",0.23128,0.297482,NA,NA,0.139626,1,0.541808,0
"Dc35779","Dc55481",0.003362,0.81287,NA,1,0.218162,NA,0.698542,1
"Dc35779","Dc58248",0.225466,0.78993,NA,1,0.9159,NA,0.909348,0
"Dc35779","Dc62188",0.205204,0.505276,NA,1,0.003336,NA,0.663788,1
"Dc35779","Dc67011",1,0.277744,NA,1,0.512472,NA,0.2244,0
"Dc35779","locus003",0.477166,0.73856,1,1,0.59422,NA,0.290358,0
"Dc35779","locus004",0.84257,0.160566,NA,1,0.038282,NA,1,1
"Dc35779","locus005",1,0.165168,NA,1,0.337966,NA,1,0
"Dc35779","locus006",1,0.491762,NA,1,0.607474,NA,0.830724,0
"Dc35779","locus008",0.862646,0.084318,NA,0.332524,0.915698,NA,1,0
"Dc35779","locus013",0.88092,0.627966,NA,1,1,NA,0.609682,0
"Dc35779","locus014",0.605476,0.358044,NA,0.501906,0.613138,NA,0.276142,0
"Dc35779","locus022",0.017796,0.418146,NA,0.498762,0.234348,NA,0.596936,1
"Dc35779","locus024",0.225754,0.539616,1,1,0.021026,NA,0.28446,1
"Dc35779","locus025",0.603004,0.947674,NA,NA,0.909604,NA,1,0
"Dc35779","locus027",0.373522,0.412544,NA,NA,NA,NA,NA,0
"Dc35779","locus030",0.323168,0.083896,NA,NA,0.31727,NA,1,0
"Dc35779","locus035",0.254822,0.00112,NA,NA,0.836414,NA,1,1
"Dc35779","locus038",0.190206,0.797178,NA,1,0.482864,NA,0.086126,0
"Dc35779","locus039",0.512846,0.235664,NA,NA,0.662444,NA,0.60525,0
"Dc35779","locus040",0.062786,0.223412,1,NA,0.61846,NA,0.36318,0
"Dc35779","locus041",0.562438,0.755714,NA,NA,0.205032,NA,0.448586,0
"Dc35779","locus045",0.801438,0.281798,1,NA,0.368482,NA,0.747976,0
"Dc35779","locus047",0.424864,0.73083,NA,NA,0.802856,NA,0.062028,0
"Dc35779","locus048",1,0.672342,NA,NA,0.127164,NA,1,0
"Dc35779","locus053",0.678802,0.551812,NA,NA,0.375976,NA,0.11733,0
"Dc35779","locus055",0.937136,0.88832,0.333076,NA,0.095062,NA,0.840524,0
"Dc35779","locus056",0.711852,1,NA,1,0.033866,NA,0.747278,1
"Dc35779","locus058",0.120448,0.10663,NA,1,0.055416,NA,0.323972,0
"Dc35779","locus060",0.407838,0.190762,NA,Inf,1,NA,0.328832,0
"Dc35779","locus061",1,NA,NA,NA,0.643114,NA,0.65252,0
"Dc35779","locus062",0.622474,0.491998,1,0.16651,0.634602,NA,0.619854,0
"Dc35779","locus064",0.091796,0.024902,NA,0.167688,0.431254,NA,0.210208,1
"Dc35779","locus065",0.296788,0.364302,1,0.333072,0.289666,NA,0.605708,0
"Dc35779","locus073",0.18144,0.249416,NA,0.400464,1,NA,1,0
"Dc35779","locus074",0.427382,0.538526,NA,0.333314,0.444388,NA,1,0
"Dc35779","locus076",0.487816,0.461754,NA,NA,0.531206,NA,1,0
"Dc35779","locus077",1,0.186158,NA,Inf,0.462844,NA,0.126486,0
"Dc35779","locus080",0.460058,0.948516,NA,NA,0.58559,NA,0.848148,0
"Dc35779","locus083",0.365146,NA,NA,NA,0.15689,NA,0.454128,0
"Dc35779","locus088",0.54192,0.723714,1,NA,0.714698,NA,0.896338,0
"Dc35779","locus093",0.611374,Inf,Inf,NA,1,NA,1,0
"Dc35779","locus096",0.292468,0.84894,NA,NA,0.261226,NA,0.749128,0
"Dc35779","locus098",0.361512,0.811534,NA,NA,0.671118,NA,1,0
"Dc35779","locus100",0.42522,0.090496,NA,NA,0.633398,NA,0.624404,0
"Dc35779","locus106",0.191702,0.391842,NA,NA,0.638496,NA,0.506254,0
"Dc35779","locus116",0.956036,0.669238,NA,NA,0.405068,NA,0.518762,0
"Dc35779","locus119",0.24975,0.523268,NA,NA,0.185212,NA,0.480512,0
"Dc35779","locus120",0.841122,0.146426,NA,NA,0.812278,NA,0.302912,0
"Dc35779","locus128",0.843932,0.508332,NA,1,0.0561,NA,1,0
"Dc35779","locus129",0.847378,0.459172,NA,1,0.184702,NA,0.315862,0
"Dc35779","locus130",0.61021,NA,NA,NA,0.815788,NA,1,0
"Dc35779","locus134",0.62001,0.303982,NA,NA,0.155684,NA,0.179078,0
"Dc35779","locus135",0.312606,0.860984,NA,1,0.42253,NA,0.112778,0
"Dc35779","locus137",0.51232,0.458456,NA,1,0.390924,NA,1,0
"Dc35779","locus139",1,0.695052,NA,1,0.69063,NA,1,0
"Dc35779","locus140",1,0.697854,NA,1,0.68676,NA,1,0
"Dc35779","locus146",0.881788,0.205176,NA,1,0.62528,NA,0.255758,0
"Dc35779","locus148",0.662324,0.65759,NA,1,0.552394,NA,0.254722,0
"Dc35779","locus151",0.895562,NA,NA,0.498842,0.024396,NA,0.496324,1
"Dc35779","locus157",0.487372,NA,NA,NA,0.687366,NA,0.307822,0
"Dc35779","locus161",0.074998,0.277168,NA,1,0.64635,NA,0.445792,0
"Dc35779","locus165",0.409222,0.047096,NA,NA,0.826782,NA,1,1
"Dc35779","locus170",0.831024,0.34977,NA,1,0.226216,NA,0.444268,0
"Dc35779","locus176",0.853314,NA,NA,NA,1,NA,0.520822,0
"Dc35779","locus184",0.348854,0.46556,NA,0.166114,0.262702,NA,1,0
"Dc35779","locus186",0.450532,0.288524,NA,0.199066,0.34381,NA,0.64038,0
"Dc35779","locus188",0.183848,0.118974,NA,NA,0.453364,NA,0.894352,0
"Dc35779","locus189",0.963056,0.959298,NA,NA,0.776396,1,0.409964,0
"Dc35779","locus190",0.786552,0.886978,NA,NA,0.255204,0.333416,1,0
"Dc35779","locus191",0.095224,NA,NA,NA,0.197434,1,0.122248,0
"Dc35779","locus192",0.24633,0.74622,NA,NA,0.779262,1,0.377248,0
"Dc35779","locus195",0.020692,0.968832,NA,NA,0.322084,1,0.745284,1
"Dc35779","locus202",0.695628,0.055944,NA,NA,0.391932,1,0.086108,0
"Dc35779","locus215",0.675872,NA,NA,NA,0.900122,1,1,0
"Dc35779","locus227",0.506192,0.307962,Inf,NA,0.05154,1,0.109174,0
"Dc35779","locus231",0.506084,0.14905,Inf,NA,0.676924,NA,0.206512,0
"Dc35779","locus235",0.944228,0.051398,NA,NA,0.801122,Inf,0.505296,0
"Dc35779","locus236",0.224466,0.394362,NA,NA,1,1,1,0
"Dc35779","locus237",1,0.042904,NA,NA,0.041792,1,0.391848,2
"Dc35779","locus239",0.541534,0.716548,NA,NA,0.746614,1,0.62735,0
"Dc35779","locus248",0.739214,0.758872,NA,NA,0.436536,1,1,0
"Dc35779","locus256",0.507642,0.01923,NA,NA,0.894172,NA,1,1
"Dc35779","locus263",0.086852,0.627972,NA,NA,0.68229,NA,1,0
"Dc35779","locus264",0.59246,0.36794,NA,NA,0.343372,NA,1,0
"Dc35779","locus274",0.178084,0.70403,1,NA,0.713444,NA,0.41544,0
"Dc35779","locus280",0.324896,0.459574,NA,NA,1,NA,0.765462,0
"Dc35779","locus282",0.63923,0.821952,0.332892,NA,0.750664,NA,1,0
"Dc35779","locus286",0.716234,0.606514,NA,NA,0.527164,NA,1,0
"Dc35779","locus291",0.764384,0.514188,NA,NA,0.970472,NA,0.088282,0
"Dc35779","locus292",0.367934,0.371682,NA,NA,0.043214,NA,0.666262,1
"Dc35779","locus296",0.29834,0.679552,NA,NA,0.263704,NA,1,0
"Dc35779","locus301",0.522296,0.140582,NA,NA,0.29004,NA,0.308156,0
"Dc35779","locus314",1,0.58131,NA,NA,0.622936,NA,1,0
"Dc35779","locus321",0.233622,0.90778,NA,NA,0.728458,NA,1,0
"Dc35779","locus322",0.611906,0.909672,NA,NA,0.119516,NA,1,0
"Dc35779","locus323",1,0.449768,NA,NA,0.375834,NA,1,0
"Dc35779","locus329",0.404922,0.309874,NA,NA,0.259562,NA,0.030916,1
"Dc35779","locus332",0.327958,0.23901,NA,NA,0.189028,NA,0.578698,0
"Dc35779","locus358",0.869708,0.080912,NA,NA,0.600928,NA,0.494504,0
"Dc35779","locus359",0.671668,0.463986,NA,NA,0.136064,NA,Inf,0
"Dc35779","locus360",0.702528,0.766536,NA,NA,0.113436,NA,0.905848,0
"Dc36571","Dc36616",0.341326,0.528402,NA,NA,0.744294,0.6005,0.535972,0
"Dc36571","Dc40235",0.088452,0.572312,NA,NA,0.25302,0.600772,1,0
"Dc36571","Dc41234",0.469506,0.397172,NA,NA,NA,NA,0.20377,0
"Dc36571","Dc46984",0.172438,0.695802,NA,NA,0.9026,1,0.516622,0
"Dc36571","Dc47572",0.743788,0.659082,NA,NA,0.285098,1,0.231204,0
"Dc36571","Dc47935",0.433488,0.178246,NA,NA,0.412542,0.600032,0.194498,0
"Dc36571","Dc48207",0.411236,1,NA,NA,0.117742,1,0.18183,0
"Dc36571","Dc48950",0.814448,0.301244,NA,NA,0.835546,0.602162,0.27069,0
"Dc36571","Dc49080",0.418082,0.408216,NA,NA,0.07662,0.198924,0.266404,0
"Dc36571","Dc49184",0.722412,0.197942,NA,NA,0.539178,1,0.462642,0
"Dc36571","Dc51020",0.075816,0.586236,NA,NA,0.370026,1,0.564032,0
"Dc36571","Dc52523",0.85125,0.814994,NA,NA,0.49977,0.333532,1,0
"Dc36571","Dc55481",0.45442,0.456252,NA,1,0.759826,NA,0.051472,0
"Dc36571","Dc58248",0.247474,0.993172,NA,0.165924,0.875176,NA,0.32807,0
"Dc36571","Dc62188",0.995632,0.850838,Inf,1,0.012242,NA,0.640832,1
"Dc36571","Dc67011",0.447054,0.677326,NA,1,0.573248,NA,0.306218,0
"Dc36571","locus003",0.457948,0.767858,1,1,0.891698,NA,0.392518,0
"Dc36571","locus004",0.104788,0.066206,NA,1,0.560246,NA,0.230888,0
"Dc36571","locus005",0.556108,0.28541,NA,1,0.487042,NA,0.679426,0
"Dc36571","locus006",0.043802,0.064062,NA,1,0.119178,NA,0.895536,1
"Dc36571","locus008",0.3684,0.680002,NA,1,0.438742,NA,0.143978,0
"Dc36571","locus013",0.713174,0.56061,NA,1,0.600252,NA,1,0
"Dc36571","locus014",0.363386,0.906918,NA,0.16668,0.0685,NA,0.915994,0
"Dc36571","locus022",0.62043,0.861928,NA,1,0.183932,NA,0.848858,0
"Dc36571","locus024",0.893272,0.477246,1,1,0.453672,NA,0.350276,0
"Dc36571","locus025",0.066602,0.94208,NA,NA,0.64334,NA,0.47497,0
"Dc36571","locus027",0.717452,0.716112,Inf,NA,NA,NA,NA,0
"Dc36571","locus030",0.96426,0.042722,NA,NA,0.276082,NA,0.019324,2
"Dc36571","locus035",0.479512,0.425098,NA,NA,0.48896,NA,0.12828,0
"Dc36571","locus038",0.095738,0.417016,NA,0.500922,0.942958,NA,0.683038,0
"Dc36571","locus039",0.130942,0.107514,NA,NA,0.796046,NA,0.308306,0
"Dc36571","locus040",1,0.755308,1,NA,0.120536,NA,1,0
"Dc36571","locus041",0.12426,0.521012,NA,NA,0.737784,NA,0.220084,0
"Dc36571","locus045",0.137948,0.9416,1,NA,0.216402,NA,0.22567,0
"Dc36571","locus047",0.430974,0.294536,NA,NA,0.287242,NA,0.890472,0
"Dc36571","locus048",0.400678,0.756872,NA,NA,0.056428,NA,1,0
"Dc36571","locus053",0.426896,0.86872,NA,NA,0.126276,NA,0.159628,0
"Dc36571","locus055",0.08938,0.761614,1,NA,0.838488,NA,0.89528,0
"Dc36571","locus056",0.518872,0.382242,NA,1,0.538724,NA,0.036696,1
"Dc36571","locus058",0.601636,0.394206,NA,0.498214,0.848916,NA,0.304458,0
"Dc36571","locus060",0.017986,0.035956,NA,1,0.059206,NA,0.052484,2
"Dc36571","locus061",0.818456,NA,Inf,NA,0.874276,NA,1,0
"Dc36571","locus062",0.756834,0.834416,1,1,0.42313,NA,0.915328,0
"Dc36571","locus064",0.401276,0.660368,NA,1,0.87943,NA,0.539636,0
"Dc36571","locus065",0.136808,0.884782,1,1,0.000222,NA,0.461076,1
"Dc36571","locus073",0.198486,0.710208,NA,1,0.185956,NA,1,0
"Dc36571","locus074",0.735428,0.249994,NA,1,0.81557,NA,0.432462,0
"Dc36571","locus076",0.75291,0.053482,NA,NA,0.592014,NA,0.267104,0
"Dc36571","locus077",0.52943,0.053022,NA,Inf,0.513224,NA,0.306522,0
"Dc36571","locus080",0.748762,0.564154,NA,NA,0.811502,NA,0.36047,0
"Dc36571","locus083",0.66739,NA,NA,NA,0.597088,NA,1,0
"Dc36571","locus088",0.34494,0.731046,1,NA,1,NA,0.106126,0
"Dc36571","locus093",0.715214,Inf,Inf,NA,0.119038,NA,1,0
"Dc36571","locus096",0.806994,0.936794,NA,NA,0.26458,NA,0.377928,0
"Dc36571","locus098",0.437406,0.474976,NA,NA,0.103214,NA,0.029766,1
"Dc36571","locus100",0.588756,0.53606,NA,NA,0.733902,NA,0.217124,0
"Dc36571","locus106",0.885984,0.313398,NA,NA,0.014036,NA,0.033122,2
"Dc36571","locus116",0.970952,0.265938,NA,NA,0.839288,NA,0.269168,0
"Dc36571","locus119",0.544936,0.890422,NA,NA,0.074658,NA,0.210738,0
"Dc36571","locus120",0.161134,0.783076,NA,NA,0.247564,NA,0.259098,0
"Dc36571","locus128",0.481358,0.394814,NA,1,0.464826,NA,0.709032,0
"Dc36571","locus129",0.739326,0.977794,NA,0.500826,0.814186,NA,0.410964,0
"Dc36571","locus130",0.433958,NA,NA,NA,0.498794,NA,0.773682,0
"Dc36571","locus134",0.386632,0.813888,Inf,NA,0.788366,NA,0.535226,0
"Dc36571","locus135",0.91827,0.838418,NA,1,0.100328,NA,0.444704,0
"Dc36571","locus137",0.836322,0.684156,NA,1,0.066902,NA,0.413628,0
"Dc36571","locus139",0.623954,0.112566,NA,1,0.659914,NA,0.28212,0
"Dc36571","locus140",0.624638,0.113934,NA,1,0.658574,NA,0.28568,0
"Dc36571","locus146",0.036374,0.79984,NA,0.40088,0.34052,NA,0.663256,1
"Dc36571","locus148",0.256446,0.060424,NA,0.332852,0.949628,NA,0.664602,0
"Dc36571","locus151",0.84362,NA,NA,0.199702,0.075006,NA,0.23646,0
"Dc36571","locus157",0.908568,NA,NA,NA,0.564156,NA,1,0
"Dc36571","locus161",0.273988,0.393924,NA,1,0.836048,NA,0.42713,0
"Dc36571","locus165",0.146578,0.430688,NA,NA,0.759262,NA,0.05191,0
"Dc36571","locus170",0.328336,0.919396,NA,0.167128,0.794998,NA,0.394892,0
"Dc36571","locus176",0.933474,NA,NA,NA,0.671004,NA,0.859204,0
"Dc36571","locus184",0.56253,0.35675,NA,1,0.78115,NA,1,0
"Dc36571","locus186",0.885686,0.977826,NA,1,0.032822,NA,0.408096,1
"Dc36571","locus188",0.157214,0.719582,NA,NA,0.66277,NA,0.361288,0
"Dc36571","locus189",0.572656,0.989952,NA,NA,0.934116,0.334138,0.75664,0
"Dc36571","locus190",0.729432,0.562188,NA,NA,0.062808,0.599868,0.28818,0
"Dc36571","locus191",0.26698,NA,NA,NA,0.049488,0.065372,0.044782,2
"Dc36571","locus192",0.936118,0.731172,NA,NA,0.92499,0.19869,0.820158,0
"Dc36571","locus195",0.050464,1,NA,NA,0.447518,1,0.396346,0
"Dc36571","locus202",1,0.542798,NA,NA,0.18664,0.600644,0.829024,0
"Dc36571","locus215",0.48207,NA,NA,NA,0.724134,0.199258,0.140988,0
"Dc36571","locus227",0.432286,0.800206,Inf,NA,0.563162,0.601824,0.691262,0
"Dc36571","locus231",0.489276,0.139628,NA,NA,0.835636,NA,1,0
"Dc36571","locus235",0.110098,0.453548,NA,NA,0.609762,Inf,0.564024,0
"Dc36571","locus236",0.757994,0.298372,NA,NA,0.906094,0.600898,0.633224,0
"Dc36571","locus237",0.646718,0.30049,NA,NA,0.077748,1,0.858916,0
"Dc36571","locus239",0.706392,0.30897,NA,NA,0.948526,1,0.693594,0
"Dc36571","locus248",0.578718,0.295376,NA,NA,0.039274,1,0.605344,1
"Dc36571","locus256",0.607058,0.917068,NA,NA,0.194892,NA,0.108384,0
"Dc36571","locus263",0.558892,0.815492,NA,NA,0.627766,NA,0.537766,0
"Dc36571","locus264",0.893378,0.457922,NA,NA,0.642796,NA,0.442398,0
"Dc36571","locus274",0.986984,0.524422,1,NA,0.356764,NA,1,0
"Dc36571","locus280",0.380574,0.98603,NA,NA,0.56808,NA,1,0
"Dc36571","locus282",0.005568,0.72801,1,NA,0.071498,NA,0.497884,1
"Dc36571","locus286",0.276372,0.271924,NA,NA,0.239066,NA,0.018286,1
"Dc36571","locus291",0.985542,0.610738,NA,NA,0.618192,NA,0.36699,0
"Dc36571","locus292",0.578812,0.10944,NA,NA,0.921364,NA,1,0
"Dc36571","locus296",0.90748,0.26372,NA,NA,0.544634,NA,0.35315,0
"Dc36571","locus301",0.11416,0.890354,NA,NA,0.692632,NA,0.249974,0
"Dc36571","locus314",0.485678,0.742734,NA,NA,0.56562,NA,1,0
"Dc36571","locus321",0.835132,0.148996,NA,NA,0.033,NA,1,1
"Dc36571","locus322",0.944776,0.74486,NA,NA,0.713772,NA,0.82067,0
"Dc36571","locus323",0.090486,0.337524,NA,NA,0.143958,NA,0.356144,0
"Dc36571","locus329",0.385892,0.920626,NA,NA,0.55406,NA,0.211324,0
"Dc36571","locus332",0.800274,0.571742,NA,NA,0.015478,NA,0.493212,1
"Dc36571","locus358",0.274742,0.685998,NA,NA,0.688286,NA,1,0
"Dc36571","locus359",0.282846,1,NA,NA,0.616084,NA,Inf,0
"Dc36571","locus360",0.710446,0.308784,NA,NA,0.208596,NA,0.07418,0
"Dc36616","Dc40235",0.457564,0.647088,NA,NA,1,1,0.094608,0
"Dc36616","Dc41234",0.26255,0.266172,NA,NA,NA,NA,0.084416,0
"Dc36616","Dc46984",0.714256,0.936164,NA,NA,0.845356,0.807112,0.519306,0
"Dc36616","Dc47572",0.471634,0.431454,NA,NA,0.842806,1,1,0
"Dc36616","Dc47935",0.809932,0.617456,NA,NA,0.519502,1,0.29661,0
"Dc36616","Dc48207",1,0.257278,NA,NA,0.54954,1,1,0
"Dc36616","Dc48950",0.762666,0.108138,NA,NA,0.41526,0.71123,0.45064,0
"Dc36616","Dc49080",0.602916,0.232154,NA,NA,0.786152,1,1,0
"Dc36616","Dc49184",0.681996,0.373972,NA,NA,0.840832,0.62017,1,0
"Dc36616","Dc51020",0.657234,0.467422,NA,NA,0.836312,0.142992,0.364264,0
"Dc36616","Dc52523",0.265208,0.445602,NA,NA,0.29785,1,0.648442,0
"Dc36616","Dc55481",0.680746,0.914468,NA,1,0.169958,NA,0.319692,0
"Dc36616","Dc58248",0.628354,0.445882,NA,0.166866,0.638332,NA,0.848946,0
"Dc36616","Dc62188",0.632656,0.66533,NA,1,0.21148,NA,1,0
"Dc36616","Dc67011",0.378,0.13011,NA,1,0.663636,NA,0.5473,0
"Dc36616","locus003",0.579204,0.892646,1,1,0.042754,NA,0.808952,1
"Dc36616","locus004",0.02661,0.17134,NA,1,0.770716,NA,1,1
"Dc36616","locus005",0.11992,0.757364,NA,1,0.263948,NA,0.8015,0
"Dc36616","locus006",0.653348,0.853968,NA,1,0.941798,NA,1,0
"Dc36616","locus008",0.925562,0.592446,NA,1,0.506892,NA,0.538782,0
"Dc36616","locus013",0.457456,0.606506,NA,1,0.29714,NA,1,0
"Dc36616","locus014",0.569102,0.663898,NA,0.167534,0.766862,NA,0.18624,0
"Dc36616","locus022",0.4906,0.62926,NA,1,0.41377,NA,0.090296,0
"Dc36616","locus024",0.451058,0.65425,0.248064,1,0.87147,NA,0.704546,0
"Dc36616","locus025",0.156534,0.65748,NA,NA,0.718388,NA,0.208736,0
"Dc36616","locus027",0.163048,0.288304,NA,NA,NA,NA,NA,0
"Dc36616","locus030",0.987368,0.29909,NA,NA,0.818944,NA,0.752148,0
"Dc36616","locus035",0.885912,0.273588,NA,NA,0.220994,NA,0.54714,0
"Dc36616","locus038",0.785872,0.024972,NA,0.497996,0.807812,NA,1,1
"Dc36616","locus039",0.177816,0.412344,NA,NA,0.82888,NA,1,0
"Dc36616","locus040",0.05559,0.644638,1,NA,0.921238,NA,1,0
"Dc36616","locus041",0.078428,0.96609,NA,NA,0.387398,NA,1,0
"Dc36616","locus045",0.605884,0.110218,1,NA,0.648394,NA,1,0
"Dc36616","locus047",0.058972,0.85437,NA,NA,0.659514,NA,0.691334,0
"Dc36616","locus048",0.575488,0.09955,NA,NA,1,NA,1,0
"Dc36616","locus053",0.86925,0.793884,NA,NA,0.080904,NA,0.390604,0
"Dc36616","locus055",0.547846,0.101144,0.499928,NA,0.161278,NA,0.250262,0
"Dc36616","locus056",0.48332,0.504116,NA,1,0.112882,NA,1,0
"Dc36616","locus058",0.454822,0.4248,NA,0.499918,0.369292,NA,1,0
"Dc36616","locus060",0.198106,0.297458,NA,1,0.128444,NA,0.257696,0
"Dc36616","locus061",0.424992,NA,NA,NA,1,NA,0.61501,0
"Dc36616","locus062",0.664724,0.184718,1,1,0.617842,NA,0.328132,0
"Dc36616","locus064",0.114252,0.507586,NA,1,0.909248,NA,0.636234,0
"Dc36616","locus065",0.879164,0.612902,1,1,0.471158,NA,0.637682,0
"Dc36616","locus073",0.018798,0.885988,NA,1,0.352818,NA,0.39366,1
"Dc36616","locus074",0.086432,0.73519,NA,1,0.401384,NA,0.041194,1
"Dc36616","locus076",0.210714,9e-04,NA,NA,0.615022,NA,0.69628,1
"Dc36616","locus077",0.500196,0.887368,NA,Inf,0.686954,NA,1,0
"Dc36616","locus080",0.243704,0.36766,NA,NA,0.700664,NA,0.187052,0
"Dc36616","locus083",0.645898,NA,NA,NA,0.228076,NA,1,0
"Dc36616","locus088",0.95301,0.805804,1,NA,0.742178,NA,1,0
"Dc36616","locus093",1,Inf,Inf,NA,1,NA,1,0
"Dc36616","locus096",0.831126,0.875254,NA,NA,0.365948,NA,1,0
"Dc36616","locus098",0.04725,0.045708,NA,NA,0.076038,NA,0.771948,2
"Dc36616","locus100",0.231504,0.069696,NA,NA,0.10769,NA,0.211082,0
"Dc36616","locus106",1,0.889056,NA,NA,0.452826,NA,1,0
"Dc36616","locus116",0.022674,0.059416,NA,NA,0.67901,NA,1,1
"Dc36616","locus119",0.91095,0.208074,NA,NA,0.959668,NA,0.802562,0
"Dc36616","locus120",0.900492,0.860008,NA,NA,1,NA,0.175652,0
"Dc36616","locus128",0.837022,0.852574,NA,1,0.689394,NA,1,0
"Dc36616","locus129",0.654298,0.030418,NA,0.497612,0.447532,NA,0.604924,1
"Dc36616","locus130",0.493182,NA,NA,NA,0.19488,NA,1,0
"Dc36616","locus134",0.213766,0.408156,NA,NA,0.807882,NA,1,0
"Dc36616","locus135",0.119858,0.658554,NA,1,0.881156,NA,1,0
"Dc36616","locus137",0.443758,0.595874,NA,1,0.86862,NA,1,0
"Dc36616","locus139",0.554646,0.480856,NA,1,0.073046,NA,1,0
"Dc36616","locus140",0.557732,0.480456,NA,1,0.070602,NA,1,0
"Dc36616","locus146",0.782084,0.526602,NA,0.40192,0.894512,NA,0.604658,0
"Dc36616","locus148",0.438196,0.304392,NA,0.334604,0.094986,NA,0.4545,0
"Dc36616","locus151",0.943052,NA,NA,0.197662,0.285982,NA,0.613506,0
"Dc36616","locus157",0.332984,NA,NA,NA,0.292364,NA,1,0
"Dc36616","locus161",0.172366,0.305376,NA,1,0.341182,NA,0.654868,0
"Dc36616","locus165",0.87569,0.342796,NA,NA,0.192136,NA,1,0
"Dc36616","locus170",0.781118,0.391874,NA,0.166564,0.065886,NA,1,0
"Dc36616","locus176",0.766236,NA,NA,NA,0.737664,NA,0.35782,0
"Dc36616","locus184",0.670138,0.728902,NA,1,0.038232,NA,1,1
"Dc36616","locus186",0.175572,0.892352,NA,1,0.117428,NA,1,0
"Dc36616","locus188",0.202918,0.561974,NA,NA,0.545518,NA,0.88363,0
"Dc36616","locus189",0.43694,0.593798,NA,NA,0.212096,1,0.449598,0
"Dc36616","locus190",0.554586,0.811364,NA,NA,0.778278,0.048336,1,1
"Dc36616","locus191",0.034126,NA,NA,NA,0.23459,1,0.802632,1
"Dc36616","locus192",0.873098,0.289634,NA,NA,0.142242,1,0.80168,0
"Dc36616","locus195",0.522104,0.468958,NA,NA,0.475404,0.43019,0.09135,0
"Dc36616","locus202",0.917572,0.223372,NA,NA,0.89182,1,1,0
"Dc36616","locus215",0.722544,NA,NA,NA,0.871986,1,1,0
"Dc36616","locus227",0.60755,0.227632,Inf,NA,0.85912,1,0.636728,0
"Dc36616","locus231",0.889822,0.539312,NA,NA,0.047478,NA,0.66537,1
"Dc36616","locus235",0.816158,0.969284,NA,NA,0.873156,Inf,0.096198,0
"Dc36616","locus236",0.621274,0.735594,NA,NA,0.11334,1,1,0
"Dc36616","locus237",0.287302,0.751396,NA,NA,0.087248,0.52318,0.230834,0
"Dc36616","locus239",0.536372,0.333056,NA,NA,0.97601,1,0.32753,0
"Dc36616","locus248",0.667238,0.652784,NA,NA,0.75879,1,1,0
"Dc36616","locus256",0.93493,0.5625,NA,NA,0.498672,NA,0.539596,0
"Dc36616","locus263",0.15816,0.461256,NA,NA,0.700406,NA,1,0
"Dc36616","locus264",0.260904,0.728156,NA,NA,0.790356,NA,0.40443,0
"Dc36616","locus274",0.036042,0.393616,Inf,NA,0.09507,NA,0.287366,1
"Dc36616","locus280",0.938672,0.862076,NA,NA,0.381418,NA,1,0
"Dc36616","locus282",0.137012,0.61482,0.50001,NA,0.003748,NA,1,1
"Dc36616","locus286",0.062924,0.410008,NA,NA,0.835196,NA,0.546604,0
"Dc36616","locus291",0.714992,0.771304,NA,NA,0.324894,NA,0.450686,0
"Dc36616","locus292",0.11291,0.818616,NA,NA,0.014924,NA,1,1
"Dc36616","locus296",0.302706,0.902234,NA,NA,0.762946,NA,0.80263,0
"Dc36616","locus301",0.669204,0.472918,Inf,NA,0.675518,NA,1,0
"Dc36616","locus314",0.540228,0.122844,NA,NA,1,NA,1,0
"Dc36616","locus321",0.976268,0.748866,NA,NA,0.291374,NA,0.754634,0
"Dc36616","locus322",0.560418,0.323026,NA,NA,0.199486,NA,1,0
"Dc36616","locus323",0.986508,0.556834,NA,NA,0.61269,NA,1,0
"Dc36616","locus329",0.03399,0.439304,NA,NA,0.942734,NA,0.354352,1
"Dc36616","locus332",0.20466,0.929928,NA,NA,0.068786,NA,0.538462,0
"Dc36616","locus358",0.554122,0.006708,NA,NA,0.491346,NA,0.25782,1
"Dc36616","locus359",0.177838,0.285258,NA,NA,0.164826,NA,Inf,0
"Dc36616","locus360",0.147808,0.161896,NA,NA,6.6e-05,NA,0.207856,1
"Dc40235","Dc41234",0.056116,0.948836,NA,NA,NA,NA,0.111214,0
"Dc40235","Dc46984",0.233628,0.945894,NA,NA,0.050054,1,0.518528,0
"Dc40235","Dc47572",0.166134,0.525564,NA,NA,0.807282,1,1,0
"Dc40235","Dc47935",0.642966,0.708198,NA,NA,0.777312,0.656868,0.299848,0
"Dc40235","Dc48207",1,0.594482,NA,NA,0.604518,0.427952,1,0
"Dc40235","Dc48950",0.259384,0.27003,NA,NA,0.276498,0.029104,1,1
"Dc40235","Dc49080",0.636104,0.259326,NA,NA,0.378214,0.142366,1,0
"Dc40235","Dc49184",0.349254,0.581556,NA,NA,0.970064,1,0.033724,1
"Dc40235","Dc51020",0.6467,0.857116,NA,NA,0.117764,0.659438,1,0
"Dc40235","Dc52523",0.78811,0.638034,NA,NA,0.700816,0.430718,0.651792,0
"Dc40235","Dc55481",0.229594,0.187796,NA,1,0.047076,NA,0.319058,1
"Dc40235","Dc58248",0.109476,0.225258,NA,1,0.3745,NA,0.85099,0
"Dc40235","Dc62188",0.460932,0.588516,NA,1,0.955,NA,0.84847,0
"Dc40235","Dc67011",1,0.859276,NA,1,0.344692,NA,0.545002,0
"Dc40235","locus003",0.518918,0.855088,0.331528,1,0.59911,NA,0.52125,0
"Dc40235","locus004",0.191062,0.054092,NA,0.40069,0.397474,NA,0.257104,0
"Dc40235","locus005",0.114334,0.227684,NA,0.400358,0.595352,NA,0.800884,0
"Dc40235","locus006",0.607004,0.509722,NA,1,0.25549,NA,0.61357,0
"Dc40235","locus008",0.42931,0.858412,NA,0.400298,0.38986,NA,0.539598,0
"Dc40235","locus013",0.198178,0.413524,NA,1,0.958878,NA,1,0
"Dc40235","locus014",0.638904,0.447652,NA,0.601328,0.16426,NA,0.80209,0
"Dc40235","locus022",0.35798,0.696768,NA,1,0.047892,NA,0.645262,1
"Dc40235","locus024",0.652096,0.451572,1,1,0.63485,NA,1,0
"Dc40235","locus025",0.974532,0.40619,NA,NA,0.941376,NA,1,0
"Dc40235","locus027",0.72728,0.461128,NA,NA,NA,NA,NA,0
"Dc40235","locus030",0.62224,0.192548,NA,NA,0.07403,NA,1,0
"Dc40235","locus035",0.681594,0.768428,NA,NA,0.538158,NA,0.54638,0
"Dc40235","locus038",0.517022,0.963724,NA,1,0.331828,NA,1,0
"Dc40235","locus039",0.263664,0.035776,NA,NA,0.668914,NA,1,1
"Dc40235","locus040",1,0.23593,0.334098,NA,0.08469,NA,1,0
"Dc40235","locus041",0.953146,0.342282,NA,NA,0.582488,NA,1,0
"Dc40235","locus045",0.273614,0.630512,Inf,NA,0.352686,NA,1,0
"Dc40235","locus047",0.762358,0.860998,NA,NA,0.350742,NA,0.076716,0
"Dc40235","locus048",0.152288,0.1261,NA,NA,1,NA,0.546114,0
"Dc40235","locus053",0.655516,0.16325,NA,NA,0.289036,NA,0.39003,0
"Dc40235","locus055",0.439676,0.57506,Inf,NA,0.24657,NA,1,0
"Dc40235","locus056",0.26612,0.708544,NA,1,0.746424,NA,0.53778,0
"Dc40235","locus058",0.808422,0.390566,NA,1,0.889326,NA,0.12723,0
"Dc40235","locus060",0.054038,0.80249,NA,Inf,0.605086,NA,1,0
"Dc40235","locus061",0.585002,NA,NA,NA,0.604738,NA,0.61481,0
"Dc40235","locus062",0.64516,0.019214,Inf,0.399964,1,NA,0.327194,1
"Dc40235","locus064",0.426388,0.658278,NA,0.401272,0.419904,NA,1,0
"Dc40235","locus065",0.032636,1,0.332806,1,0.137738,NA,1,1
"Dc40235","locus073",0.026638,0.13352,NA,1,0.552742,NA,1,1
"Dc40235","locus074",0.679368,0.43,NA,0.4004,0.331128,NA,0.041326,1
"Dc40235","locus076",0.09093,0.672656,NA,NA,0.043972,NA,0.044552,2
"Dc40235","locus077",0.454052,0.525656,NA,Inf,0.095056,NA,1,0
"Dc40235","locus080",0.9747,0.028798,NA,NA,0.766596,NA,1,1
"Dc40235","locus083",1,NA,NA,NA,0.956458,NA,1,0
"Dc40235","locus088",0.908158,0.276952,1,NA,0.013816,NA,0.32612,1
"Dc40235","locus093",0.670978,Inf,Inf,NA,0.36364,NA,1,0
"Dc40235","locus096",0.549546,0.857472,NA,NA,0.242944,NA,1,0
"Dc40235","locus098",0.818376,0.156114,NA,NA,0.21156,NA,0.773426,0
"Dc40235","locus100",0.575214,1,NA,NA,0.080934,NA,0.209868,0
"Dc40235","locus106",0.139074,0.768648,NA,NA,0.046144,NA,1,1
"Dc40235","locus116",0.54902,0.649802,NA,NA,0.039538,NA,0.691924,1
"Dc40235","locus119",0.471756,0.2705,NA,NA,0.019694,NA,0.801942,1
"Dc40235","locus120",0.489784,0.832004,NA,NA,1,NA,0.17718,0
"Dc40235","locus128",0.879944,0.816472,NA,1,0.587958,NA,1,0
"Dc40235","locus129",0.443948,0.913082,NA,1,0.141052,NA,1,0
"Dc40235","locus130",0.585842,NA,NA,NA,0.687142,NA,1,0
"Dc40235","locus134",0.329048,0.966864,NA,NA,0.806254,NA,1,0
"Dc40235","locus135",0.412868,0.932358,NA,0.400804,0.007418,NA,0.847396,1
"Dc40235","locus137",0.497944,0.274692,NA,1,0.064722,NA,0.127306,0
"Dc40235","locus139",0.721334,0.034106,NA,1,0.088694,NA,1,1
"Dc40235","locus140",0.721138,0.035544,NA,1,0.092758,NA,1,1
"Dc40235","locus146",0.81551,0.973662,NA,1,0.469228,NA,1,0
"Dc40235","locus148",0.602184,0.900116,NA,1,0.61989,NA,0.456098,0
"Dc40235","locus151",1,NA,NA,0.601166,0.254792,NA,0.616646,0
"Dc40235","locus157",0.33128,NA,NA,NA,0.64139,NA,0.10704,0
"Dc40235","locus161",0.684666,0.163644,NA,1,0.308012,NA,0.651776,0
"Dc40235","locus165",0.298452,0.209174,NA,NA,0.112604,NA,1,0
"Dc40235","locus170",0.303398,0.009086,NA,0.602366,0.746418,NA,1,1
"Dc40235","locus176",0.862112,NA,NA,NA,0.67513,NA,0.35606,0
"Dc40235","locus184",0.648116,0.749334,NA,0.39956,0.840406,NA,0.1756,0
"Dc40235","locus186",0.77415,0.55297,NA,0.398654,0.464616,NA,1,0
"Dc40235","locus188",0.065478,0.264484,NA,NA,0.924868,NA,0.882892,0
"Dc40235","locus189",0.348414,0.764288,NA,NA,0.305958,0.056732,0.449774,0
"Dc40235","locus190",0.331474,0.250136,NA,NA,1,1,1,0
"Dc40235","locus191",0.251164,NA,NA,NA,0.049378,0.141058,0.805242,1
"Dc40235","locus192",0.67331,0.474084,NA,NA,0.078604,0.142886,0.80305,0
"Dc40235","locus195",0.797414,0.646036,NA,NA,0.549734,0.14257,0.211298,0
"Dc40235","locus202",0.160744,0.694182,NA,NA,0.867262,0.485698,1,0
"Dc40235","locus215",0.195582,NA,NA,NA,0.132884,0.656926,1,0
"Dc40235","locus227",0.567484,0.280462,Inf,NA,0.04842,0.1434,0.637322,1
"Dc40235","locus231",0.062438,0.848888,NA,NA,0.90462,NA,0.666494,0
"Dc40235","locus235",0.902208,0.406404,NA,NA,0.582054,Inf,1,0
"Dc40235","locus236",0.132418,0.794172,NA,NA,0.406528,0.487582,0.19452,0
"Dc40235","locus237",0.760156,0.91959,NA,NA,0.336914,1,1,0
"Dc40235","locus239",0.908374,0.748504,NA,NA,0.028304,0.659134,1,1
"Dc40235","locus248",0.74969,0.093636,NA,NA,0.358006,1,1,0
"Dc40235","locus256",0.91505,0.212768,NA,NA,0.958046,NA,0.538132,0
"Dc40235","locus263",0.378024,1,NA,NA,1,NA,0.213252,0
"Dc40235","locus264",0.080752,0.6372,NA,NA,0.146532,NA,1,0
"Dc40235","locus274",0.43152,0.658688,Inf,NA,0.05827,NA,1,0
"Dc40235","locus280",0.376124,0.019386,NA,NA,0.768984,NA,1,1
"Dc40235","locus282",0.902044,0.14955,Inf,NA,0.57176,NA,0.506294,0
"Dc40235","locus286",0.342834,1,NA,NA,0.327184,NA,0.546426,0
"Dc40235","locus291",0.439138,0.921038,NA,NA,0.322812,NA,1,0
"Dc40235","locus292",0.73455,0.006714,NA,NA,0.244776,NA,1,1
"Dc40235","locus296",0.368076,0.667512,NA,NA,0.478646,NA,1,0
"Dc40235","locus301",0.821088,0.415544,Inf,NA,0.590992,NA,1,0
"Dc40235","locus314",0.685876,0.31341,NA,NA,0.179776,NA,1,0
"Dc40235","locus321",0.951622,0.558024,NA,NA,0.059656,NA,0.38288,0
"Dc40235","locus322",0.236682,0.847728,NA,NA,0.603002,NA,0.252552,0
"Dc40235","locus323",0.778018,0.7511,NA,NA,0.03744,NA,1,1
"Dc40235","locus329",0.534258,0.343002,NA,NA,0.284994,NA,0.355976,0
"Dc40235","locus332",0.518192,0.355936,NA,NA,0.257958,NA,0.538256,0
"Dc40235","locus358",0.918212,0.681794,NA,NA,0.078416,NA,0.258544,0
"Dc40235","locus359",0.282446,0.325942,NA,NA,0.819106,NA,Inf,0
"Dc40235","locus360",0.216434,0.74492,NA,NA,0.187298,NA,0.209644,0
"Dc41234","Dc46984",0.751574,0.653332,NA,NA,NA,NA,0.11563,0
"Dc41234","Dc47572",0.884242,0.541376,NA,NA,NA,NA,0.415618,0
"Dc41234","Dc47935",0.352514,0.232926,Inf,NA,NA,NA,0.88669,0
"Dc41234","Dc48207",0.14757,0.362936,NA,NA,NA,NA,Inf,0
"Dc41234","Dc48950",0.959286,0.66304,NA,NA,NA,NA,1,0
"Dc41234","Dc49080",0.003716,0.066486,Inf,NA,NA,NA,1,1
"Dc41234","Dc49184",0.228192,0.232724,NA,NA,NA,NA,Inf,0
"Dc41234","Dc51020",0.477352,0.772582,NA,NA,NA,NA,0.223342,0
"Dc41234","Dc52523",0.11001,0.718324,NA,NA,NA,NA,1,0
"Dc41234","Dc55481",0.586644,0.270458,NA,NA,NA,NA,0.168596,0
"Dc41234","Dc58248",0.18068,0.87687,NA,NA,NA,NA,0.462848,0
"Dc41234","Dc62188",0.821892,0.146072,NA,NA,NA,NA,1,0
"Dc41234","Dc67011",0.747094,0.56399,NA,NA,NA,NA,1,0
"Dc41234","locus003",0.937804,0.923858,Inf,NA,NA,NA,0.284956,0
"Dc41234","locus004",0.480938,0.448146,NA,NA,NA,NA,1,0
"Dc41234","locus005",0.859398,0.616206,NA,NA,NA,NA,1,0
"Dc41234","locus006",0.19241,0.489846,NA,NA,NA,NA,0.366502,0
"Dc41234","locus008",0.564316,0.766912,NA,NA,NA,NA,1,0
"Dc41234","locus013",0.674708,0.110512,NA,NA,NA,NA,1,0
"Dc41234","locus014",0.871868,0.901178,NA,NA,NA,NA,0.286512,0
"Dc41234","locus022",0.661478,0.593346,NA,NA,NA,NA,0.905422,0
"Dc41234","locus024",0.735972,0.86807,Inf,NA,NA,NA,0.368966,0
"Dc41234","locus025",0.841966,0.784562,NA,NA,NA,NA,0.941452,0
"Dc41234","locus027",0.636394,0.786126,NA,NA,NA,NA,NA,0
"Dc41234","locus030",0.184292,0.925688,NA,NA,NA,NA,0.284738,0
"Dc41234","locus035",0.966704,0.967388,NA,NA,NA,NA,0.418394,0
"Dc41234","locus038",0.773558,0.366996,Inf,NA,NA,NA,0.375722,0
"Dc41234","locus039",0.144572,0.872292,NA,NA,NA,NA,0.112106,0
"Dc41234","locus040",0.263208,0.351136,Inf,NA,NA,NA,1,0
"Dc41234","locus041",0.14763,0.596884,NA,NA,NA,NA,1,0
"Dc41234","locus045",0.107984,0.128362,Inf,NA,NA,NA,0.212898,0
"Dc41234","locus047",0.655474,0.709714,NA,NA,NA,NA,0.372856,0
"Dc41234","locus048",0.662176,0.681504,NA,NA,NA,NA,0.179362,0
"Dc41234","locus053",0.070318,0.5593,NA,NA,NA,NA,0.178248,0
"Dc41234","locus055",0.013494,0.774696,NA,NA,NA,NA,0.08333,1
"Dc41234","locus056",0.729598,0.18028,NA,NA,NA,NA,0.463558,0
"Dc41234","locus058",0.765482,0.280272,Inf,NA,NA,NA,0.574134,0
"Dc41234","locus060",0.011972,0.080948,NA,NA,NA,NA,0.463332,1
"Dc41234","locus061",0.669034,NA,NA,NA,NA,NA,1,0
"Dc41234","locus062",0.608422,0.912166,Inf,NA,NA,NA,1,0
"Dc41234","locus064",0.071162,0.375616,NA,NA,NA,NA,Inf,0
"Dc41234","locus065",0.75645,0.79401,Inf,NA,NA,NA,Inf,0
"Dc41234","locus073",0.47232,0.177248,NA,NA,NA,NA,0.85565,0
"Dc41234","locus074",0.022638,0.939444,NA,NA,NA,NA,0.287826,1
"Dc41234","locus076",0.527474,0.64296,NA,NA,NA,NA,0.62374,0
"Dc41234","locus077",0.387044,0.702704,NA,NA,NA,NA,0.413262,0
"Dc41234","locus080",0.581098,0.308604,NA,NA,NA,NA,0.36564,0
"Dc41234","locus083",0.607596,NA,NA,NA,NA,NA,0.428704,0
"Dc41234","locus088",0.920038,0.746028,Inf,NA,NA,NA,0.858786,0
"Dc41234","locus093",0.616804,Inf,Inf,NA,NA,NA,1,0
"Dc41234","locus096",0.61996,0.049844,NA,NA,NA,NA,1,1
"Dc41234","locus098",0.509444,1,NA,NA,NA,NA,0.943564,0
"Dc41234","locus100",0.584,0.196638,NA,NA,NA,NA,0.62861,0
"Dc41234","locus106",0.090154,0.894744,NA,NA,NA,NA,0.749914,0
"Dc41234","locus116",0.563578,0.729702,NA,NA,NA,NA,0.367234,0
"Dc41234","locus119",0.145248,0.638926,NA,NA,NA,NA,1,0
"Dc41234","locus120",0.083694,0.700154,NA,NA,NA,NA,0.416072,0
"Dc41234","locus128",0.481792,0.911358,NA,NA,NA,NA,0.625906,0
"Dc41234","locus129",0.888678,0.912246,NA,NA,NA,NA,0.011706,1
"Dc41234","locus130",0.552698,NA,NA,NA,NA,NA,0.355608,0
"Dc41234","locus134",0.653242,0.489426,NA,NA,NA,NA,0.783744,0
"Dc41234","locus135",0.161212,0.190686,NA,NA,NA,NA,1,0
"Dc41234","locus137",0.800012,0.957878,NA,NA,NA,NA,0.465482,0
"Dc41234","locus139",1,0.79415,NA,NA,NA,NA,0.035632,1
"Dc41234","locus140",1,0.7941,NA,NA,NA,NA,0.036342,1
"Dc41234","locus146",0.861518,0.75107,NA,NA,NA,NA,0.202726,0
"Dc41234","locus148",0.49914,0.201772,NA,NA,NA,NA,0.750228,0
"Dc41234","locus151",0.17175,NA,NA,NA,NA,NA,0.20027,0
"Dc41234","locus157",0.541866,NA,NA,NA,NA,NA,1,0
"Dc41234","locus161",0.571646,0.027396,NA,NA,NA,NA,0.853394,1
"Dc41234","locus165",0.713034,0.34456,NA,NA,NA,NA,0.463148,0
"Dc41234","locus170",0.078902,0.887472,Inf,NA,NA,NA,1,0
"Dc41234","locus176",0.65152,NA,NA,NA,NA,NA,0.282378,0
"Dc41234","locus184",0.031766,0.97211,NA,NA,NA,NA,0.548654,1
"Dc41234","locus186",0.034856,0.272344,NA,NA,NA,NA,0.856646,1
"Dc41234","locus188",0.607556,0.472612,NA,NA,NA,NA,0.440484,0
"Dc41234","locus189",0.691686,0.020974,NA,NA,NA,NA,0.873496,1
"Dc41234","locus190",0.77587,0.579588,NA,NA,NA,NA,0.048852,1
"Dc41234","locus191",0.595366,NA,NA,NA,NA,NA,0.114498,0
"Dc41234","locus192",0.10344,0.962354,NA,NA,NA,NA,1,0
"Dc41234","locus195",0.942426,0.706018,NA,NA,NA,NA,0.21631,0
"Dc41234","locus202",0.352226,0.77895,Inf,NA,NA,NA,0.942614,0
"Dc41234","locus215",0.217112,NA,Inf,NA,NA,NA,0.784594,0
"Dc41234","locus227",0.491916,0.342026,Inf,NA,NA,NA,1,0
"Dc41234","locus231",0.093242,0.745566,NA,NA,NA,NA,0.884336,0
"Dc41234","locus235",0.305288,0.289512,NA,NA,NA,NA,0.188032,0
"Dc41234","locus236",0.908842,0.246062,NA,NA,NA,NA,0.573084,0
"Dc41234","locus237",0.413752,0.901346,NA,NA,NA,NA,1,0
"Dc41234","locus239",0.945286,0.986244,NA,NA,NA,NA,0.545682,0
"Dc41234","locus248",0.469872,0.923836,NA,NA,NA,NA,0.764036,0
"Dc41234","locus256",0.756052,0.939228,NA,NA,NA,NA,0.61554,0
"Dc41234","locus263",0.055354,0.16182,NA,NA,NA,NA,Inf,0
"Dc41234","locus264",0.70417,0.727426,NA,NA,NA,NA,0.630278,0
"Dc41234","locus274",0.097514,0.19736,Inf,NA,NA,NA,0.747388,0
"Dc41234","locus280",0.050546,0.989548,NA,NA,NA,NA,1,0
"Dc41234","locus282",0.797622,0.648744,NA,NA,NA,NA,0.17935,0
"Dc41234","locus286",0.3882,0.130266,NA,NA,NA,NA,0.46367,0
"Dc41234","locus291",0.263942,0.782544,NA,NA,NA,NA,0.868954,0
"Dc41234","locus292",0.834504,0.72929,NA,NA,NA,NA,1,0
"Dc41234","locus296",0.333686,0.247848,NA,NA,NA,NA,0.549984,0
"Dc41234","locus301",0.955106,0.201188,NA,NA,NA,NA,1,0
"Dc41234","locus314",0.759718,0.707908,NA,NA,NA,NA,0.802144,0
"Dc41234","locus321",0.282966,0.552528,NA,NA,NA,NA,0.62542,0
"Dc41234","locus322",0.165154,0.66262,NA,NA,NA,NA,0.195068,0
"Dc41234","locus323",0.576002,0.041888,NA,NA,NA,NA,0.631824,1
"Dc41234","locus329",0.130742,0.783772,NA,NA,NA,NA,0.546066,0
"Dc41234","locus332",0.560578,0.243574,NA,NA,NA,NA,0.189204,0
"Dc41234","locus358",0.925366,0.534898,NA,NA,NA,NA,0.464662,0
"Dc41234","locus359",0.593244,0.39157,NA,NA,NA,NA,Inf,0
"Dc41234","locus360",0.39544,0.21872,NA,NA,NA,NA,0.858414,0
"Dc46984","Dc47572",0.892336,0.235806,NA,NA,0.561292,0.808818,0.062718,0
"Dc46984","Dc47935",0.589626,0.114406,NA,NA,0.320314,0.577618,0.539378,0
"Dc46984","Dc48207",0.45211,0.108266,NA,NA,0.184146,1,0.585916,0
"Dc46984","Dc48950",0.76637,0.697012,NA,NA,0.273028,1,0.949806,0
"Dc46984","Dc49080",0.105842,0.113032,NA,NA,0.828798,0.810646,0.943714,0
"Dc46984","Dc49184",0.628152,0.791724,NA,NA,0.334024,1,0.676492,0
"Dc46984","Dc51020",0.097074,0.162044,1,NA,0.975072,1,0.751406,0
"Dc46984","Dc52523",0.138684,0.302908,NA,NA,0.384338,1,0.227462,0
"Dc46984","Dc55481",0.083016,0.774876,1,0.503038,0.448448,NA,0.221228,0
"Dc46984","Dc58248",0.30109,0.41708,NA,1,0.162254,NA,0.875062,0
"Dc46984","Dc62188",0.552984,0.271384,NA,1,0.350966,NA,0.797426,0
"Dc46984","Dc67011",1,0.257562,NA,1,0.335844,NA,1,0
"Dc46984","locus003",0.738402,0.510422,NA,0.601946,0.307144,NA,0.727924,0
"Dc46984","locus004",0.74617,0.173288,NA,1,0.31932,NA,0.767472,0
"Dc46984","locus005",0.478208,0.30099,NA,1,0.10755,NA,0.308722,0
"Dc46984","locus006",0.744808,0.764194,NA,1,0.962538,NA,0.484068,0
"Dc46984","locus008",0.57386,0.604916,NA,1,0.299158,NA,0.64748,0
"Dc46984","locus013",0.38376,0.758936,NA,1,0.351724,NA,0.943196,0
"Dc46984","locus014",0.560058,0.540716,NA,0.772408,0.663664,NA,0.016136,1
"Dc46984","locus022",0.709112,0.718532,NA,0.541882,0.418812,NA,0.17543,0
"Dc46984","locus024",0.27245,0.237794,NA,0.60221,0.808042,NA,0.575098,0
"Dc46984","locus025",0.025704,0.428654,Inf,NA,0.013042,NA,0.318992,2
"Dc46984","locus027",0.405534,0.879996,NA,NA,NA,NA,NA,0
"Dc46984","locus030",0.491236,0.619368,NA,NA,0.860962,NA,0.801976,0
"Dc46984","locus035",0.48668,0.00829,NA,NA,0.535894,NA,1,1
"Dc46984","locus038",0.094268,0.17864,NA,Inf,0.07458,NA,1,0
"Dc46984","locus039",0.48747,0.127108,NA,NA,0.46221,NA,1,0
"Dc46984","locus040",0.798206,0.149126,NA,NA,0.858298,NA,0.455002,0
"Dc46984","locus041",0.874056,0.55319,NA,NA,0.988432,NA,0.759454,0
"Dc46984","locus045",0.956518,0.900274,1,NA,0.37592,NA,0.63602,0
"Dc46984","locus047",0.294138,0.540232,NA,NA,0.010994,NA,0.136148,1
"Dc46984","locus048",0.664434,0.350292,NA,NA,0.019748,NA,0.675622,1
"Dc46984","locus053",0.423008,0.74813,NA,NA,0.425258,NA,0.887062,0
"Dc46984","locus055",0.209608,0.892068,NA,NA,0.233696,NA,0.07803,0
"Dc46984","locus056",0.728314,0.631866,NA,0.14376,0.814688,NA,0.402142,0
"Dc46984","locus058",0.032396,0.203132,NA,0.539932,0.760694,NA,0.865416,1
"Dc46984","locus060",0.175444,0.85996,NA,1,0.327674,NA,0.53469,0
"Dc46984","locus061",0.585676,NA,NA,NA,0.290382,NA,0.603858,0
"Dc46984","locus062",0.085438,0.433654,1,0.429986,0.905414,NA,0.347738,0
"Dc46984","locus064",0.912468,0.766476,NA,1,0.81315,NA,0.59955,0
"Dc46984","locus065",0.051904,0.14301,NA,1,0.698052,NA,1,0
"Dc46984","locus073",0.18797,0.793554,NA,0.46485,0.84013,NA,0.437394,0
"Dc46984","locus074",0.268074,0.386628,NA,1,0.409836,NA,0.27615,0
"Dc46984","locus076",0.280418,0.565578,NA,NA,0.182814,NA,0.369896,0
"Dc46984","locus077",0.7583,0.736316,NA,Inf,0.044104,NA,0.017774,2
"Dc46984","locus080",0.678894,0.835454,NA,NA,0.299208,NA,0.315588,0
"Dc46984","locus083",0.667968,NA,NA,NA,0.693262,NA,0.1786,0
"Dc46984","locus088",0.592502,0.23897,NA,NA,0.52052,NA,0.243018,0
"Dc46984","locus093",0.358218,Inf,Inf,NA,1,NA,0.110652,0
"Dc46984","locus096",0.59044,0.598562,NA,NA,0.35973,NA,1,0
"Dc46984","locus098",0.99482,0.643418,NA,NA,0.674326,NA,0.913174,0
"Dc46984","locus100",0.430736,0.050078,NA,NA,0.58699,NA,0.790626,0
"Dc46984","locus106",0.139098,0.001092,NA,NA,0.453016,NA,0.884168,1
"Dc46984","locus116",0.694834,0.926494,0.33396,NA,0.174856,NA,0.238594,0
"Dc46984","locus119",0.296258,0.578728,NA,NA,0.77427,NA,1,0
"Dc46984","locus120",0.641482,0.195876,1,NA,0.761204,NA,0.769876,0
"Dc46984","locus128",0.24566,0.175004,NA,0.498708,0.581928,NA,1,0
"Dc46984","locus129",0.419326,0.574214,NA,1,0.046594,NA,0.801946,1
"Dc46984","locus130",0.123766,NA,NA,NA,0.62869,NA,0.208392,0
"Dc46984","locus134",0.63283,0.852874,NA,NA,0.140726,NA,0.132536,0
"Dc46984","locus135",0.317048,0.939648,1,0.42723,0.633296,NA,0.209736,0
"Dc46984","locus137",0.65624,0.796564,NA,1,0.138324,NA,0.893282,0
"Dc46984","locus139",0.883652,0.517518,NA,1,0.266856,NA,0.298134,0
"Dc46984","locus140",0.885552,0.516532,NA,1,0.270444,NA,0.296274,0
"Dc46984","locus146",0.323956,0.18226,NA,1,0.011624,NA,0.88647,1
"Dc46984","locus148",0.747122,0.085182,NA,1,0.6495,NA,0.150596,0
"Dc46984","locus151",0.850638,NA,NA,0.467894,0.320182,NA,0.029754,1
"Dc46984","locus157",0.983918,NA,Inf,NA,0.569852,NA,0.166566,0
"Dc46984","locus161",0.838874,0.272382,NA,1,0.341604,NA,0.386796,0
"Dc46984","locus165",0.901762,0.35136,Inf,NA,0.724272,NA,0.107978,0
"Dc46984","locus170",0.488092,0.898378,NA,0.545334,0.439052,NA,0.599028,0
"Dc46984","locus176",0.0108,NA,NA,NA,0.591034,NA,0.13999,1
"Dc46984","locus184",0.265104,0.251418,NA,1,0.67716,NA,1,0
"Dc46984","locus186",0.070578,0.25363,NA,1,0.556616,NA,0.53249,0
"Dc46984","locus188",0.02154,0.482872,Inf,NA,0.204436,NA,0.46947,1
"Dc46984","locus189",0.67799,0.389364,NA,NA,0.825446,1,0.389028,0
"Dc46984","locus190",0.351278,0.817372,NA,NA,0.99739,0.808388,0.070876,0
"Dc46984","locus191",0.535446,NA,Inf,NA,0.141312,1,0.643378,0
"Dc46984","locus192",0.413586,0.904362,NA,NA,0.586568,0.81013,0.302924,0
"Dc46984","locus195",0.973346,0.470002,NA,NA,0.076546,1,0.54231,0
"Dc46984","locus202",0.24692,0.41662,NA,NA,0.760852,0.199306,0.237896,0
"Dc46984","locus215",0.243644,NA,NA,NA,0.076208,1,1,0
"Dc46984","locus227",0.044908,0.24841,Inf,NA,0.353734,0.655254,0.231698,1
"Dc46984","locus231",0.054982,0.418312,NA,NA,0.959136,NA,0.855068,0
"Dc46984","locus235",0.809772,0.120162,1,NA,0.1477,Inf,0.805812,0
"Dc46984","locus236",0.808028,0.162372,NA,NA,0.022114,0.65707,1,1
"Dc46984","locus237",0.718594,0.186158,NA,NA,0.863452,0.238516,0.192586,0
"Dc46984","locus239",0.834718,0.798214,1,NA,0.258632,1,0.6373,0
"Dc46984","locus248",0.595678,0.041768,NA,NA,0.624816,0.198206,0.568132,1
"Dc46984","locus256",0.704818,0.721952,1,NA,0.732586,NA,0.599582,0
"Dc46984","locus263",0.554046,0.396674,NA,NA,0.423842,NA,1,0
"Dc46984","locus264",0.90535,0.14724,NA,NA,0.653956,NA,0.703014,0
"Dc46984","locus274",0.057736,0.953958,Inf,NA,0.075872,NA,0.378826,0
"Dc46984","locus280",0.89165,0.968564,NA,NA,0.373268,NA,0.944036,0
"Dc46984","locus282",0.830482,0.528144,NA,NA,0.210546,NA,0.10765,0
"Dc46984","locus286",0.115084,0.350496,NA,NA,0.777374,NA,0.267458,0
"Dc46984","locus291",0.287554,0.38238,NA,NA,0.89064,NA,0.661644,0
"Dc46984","locus292",0.7551,0.212154,NA,NA,0.530488,NA,0.54847,0
"Dc46984","locus296",0.345956,0.207624,NA,NA,0.270706,NA,0.73501,0
"Dc46984","locus301",0.313658,0.331264,NA,NA,0.954164,NA,0.05562,0
"Dc46984","locus314",0.23312,0.334122,NA,NA,1,NA,1,0
"Dc46984","locus321",0.716214,0.324466,NA,NA,0.531714,NA,0.569512,0
"Dc46984","locus322",0.39084,0.190808,NA,NA,0.89247,NA,0.598702,0
"Dc46984","locus323",0.326354,0.57332,1,NA,0.675206,NA,0.185902,0
"Dc46984","locus329",0.88827,0.21952,NA,NA,0.89748,NA,0.344256,0
"Dc46984","locus332",0.225328,0.639224,NA,NA,0.39304,NA,0.649926,0
"Dc46984","locus358",0.395146,0.448344,NA,NA,0.240296,NA,0.083314,0
"Dc46984","locus359",0.862614,0.331892,NA,NA,0.337898,NA,0.534042,0
"Dc46984","locus360",0.359794,0.409158,NA,NA,0.740616,NA,0.5921,0
"Dc47572","Dc47935",0.443024,0.83918,NA,NA,0.28111,0.714922,0.718736,0
"Dc47572","Dc48207",0.42095,1,NA,NA,0.734392,1,0.33301,0
"Dc47572","Dc48950",0.203946,0.539574,NA,NA,0.123252,1,0.658838,0
"Dc47572","Dc49080",0.571074,0.438016,NA,NA,0.54189,1,0.791922,0
"Dc47572","Dc49184",0.009082,0.184576,NA,NA,0.279492,0.713664,1,1
"Dc47572","Dc51020",0.825492,0.348084,1,NA,0.253556,1,0.800694,0
"Dc47572","Dc52523",0.944392,0.616806,NA,NA,0.495766,0.424456,1,0
"Dc47572","Dc55481",0.07038,0.111098,1,0.50081,0.780912,NA,0.0601,0
"Dc47572","Dc58248",0.059812,0.812974,NA,0.570482,0.191456,NA,0.894312,0
"Dc47572","Dc62188",0.59311,0.384198,NA,0.427806,0.558454,NA,0.007174,1
"Dc47572","Dc67011",0.912316,0.616342,NA,1,0.817298,NA,0.236114,0
"Dc47572","locus003",0.433508,0.993598,NA,1,0.329424,NA,0.124712,0
"Dc47572","locus004",0.680064,0.484858,NA,1,0.523078,NA,1,0
"Dc47572","locus005",0.339366,0.954204,NA,1,0.24926,NA,0.624564,0
"Dc47572","locus006",0.573612,0.28631,NA,1,0.411502,NA,0.747538,0
"Dc47572","locus008",1,0.215274,NA,0.522394,0.083786,NA,1,0
"Dc47572","locus013",0.40991,0.455154,NA,1,0.626034,NA,1,0
"Dc47572","locus014",0.69785,0.140822,NA,0.14236,0.07397,NA,0.799602,0
"Dc47572","locus022",0.337286,0.653338,NA,0.095226,0.617614,NA,0.880592,0
"Dc47572","locus024",0.877642,0.380326,NA,1,0.591184,NA,0.452648,0
"Dc47572","locus025",0.115574,0.215528,NA,NA,0.600268,NA,0.266984,0
"Dc47572","locus027",0.269094,0.525096,NA,NA,NA,NA,NA,0
"Dc47572","locus030",0.960372,0.928806,NA,NA,0.096664,NA,0.329478,0
"Dc47572","locus035",0.14909,0.185806,NA,NA,0.892444,NA,1,0
"Dc47572","locus038",0.19967,0.42082,NA,NA,0.935986,NA,1,0
"Dc47572","locus039",0.2787,0.49234,NA,NA,0.900132,NA,1,0
"Dc47572","locus040",0.74881,0.594658,NA,NA,0.667934,NA,0.272694,0
"Dc47572","locus041",0.82687,0.097122,NA,NA,0.261562,NA,1,0
"Dc47572","locus045",0.236424,0.691792,1,NA,0.937502,NA,0.275562,0
"Dc47572","locus047",0.271162,0.460594,NA,NA,0.32083,NA,0.797844,0
"Dc47572","locus048",0.12985,0.114436,NA,NA,0.364978,NA,0.227092,0
"Dc47572","locus053",0.34973,0.392716,NA,NA,0.394472,NA,0.317408,0
"Dc47572","locus055",0.199448,0.945216,NA,NA,0.693526,NA,0.069786,0
"Dc47572","locus056",0.669474,0.895734,NA,0.287326,0.743808,NA,0.776472,0
"Dc47572","locus058",0.893346,0.517842,NA,1,0.209702,NA,0.537822,0
"Dc47572","locus060",0.98049,0.283624,NA,1,0.88154,NA,0.285216,0
"Dc47572","locus061",0.518732,NA,NA,NA,0.600294,NA,0.47212,0
"Dc47572","locus062",0.875706,0.833246,1,0.520496,0.083986,NA,0.076766,0
"Dc47572","locus064",0.169048,0.983744,NA,0.28523,0.205772,NA,1,0
"Dc47572","locus065",1,0.17574,NA,0.522596,1,NA,1,0
"Dc47572","locus073",0.732316,0.819992,NA,0.197592,0.620138,NA,0.215008,0
"Dc47572","locus074",0.51452,0.12049,NA,0.523564,0.9916,NA,0.399824,0
"Dc47572","locus076",0.685788,0.959608,NA,NA,0.33133,NA,0.457562,0
"Dc47572","locus077",0.349992,0.750858,NA,Inf,0.806562,NA,1,0
"Dc47572","locus080",0.022164,0.762298,NA,NA,0.213042,NA,0.407214,1
"Dc47572","locus083",0.23051,NA,NA,NA,0.86922,NA,0.59241,0
"Dc47572","locus088",0.768648,0.130844,NA,NA,0.66348,NA,0.635002,0
"Dc47572","locus093",0.606096,Inf,Inf,NA,1,NA,1,0
"Dc47572","locus096",0.26886,0.78121,NA,NA,0.092528,NA,0.34131,0
"Dc47572","locus098",0.386854,0.896082,NA,NA,0.762252,NA,0.395036,0
"Dc47572","locus100",1,0.314002,NA,NA,0.221892,NA,0.384198,0
"Dc47572","locus106",0.628252,0.847432,NA,NA,0.669596,NA,1,0
"Dc47572","locus116",0.332,0.385724,1,NA,0.788306,NA,0.37742,0
"Dc47572","locus119",0.76478,0.34072,NA,NA,0.104142,NA,0.631942,0
"Dc47572","locus120",0.567352,0.76799,1,NA,0.255852,NA,1,0
"Dc47572","locus128",0.301648,0.15777,NA,0.499268,0.815722,NA,0.054938,0
"Dc47572","locus129",0.80301,0.93538,NA,1,0.876042,NA,1,0
"Dc47572","locus130",0.488686,NA,Inf,NA,0.245246,NA,0.264162,0
"Dc47572","locus134",0.2581,0.841888,NA,NA,0.148418,NA,1,0
"Dc47572","locus135",0.938852,0.16932,1,0.524762,0.87496,NA,0.544556,0
"Dc47572","locus137",0.73624,0.149982,NA,1,0.978056,NA,1,0
"Dc47572","locus139",1,0.005558,NA,1,0.050058,NA,1,1
"Dc47572","locus140",1,0.004822,NA,1,0.053504,NA,1,1
"Dc47572","locus146",0.740434,0.706782,NA,1,0.409878,NA,0.748976,0
"Dc47572","locus148",0.568192,0.697676,NA,1,0.188264,NA,0.747006,0
"Dc47572","locus151",0.745898,NA,0.334122,1,0.379138,NA,0.182894,0
"Dc47572","locus157",0.164172,NA,NA,NA,0.035102,NA,1,1
"Dc47572","locus161",0.328432,0.656318,NA,1,0.861734,NA,0.75594,0
"Dc47572","locus165",0.961932,0.295642,NA,NA,0.08879,NA,0.60413,0
"Dc47572","locus170",0.33861,0.316892,NA,1,0.155298,NA,1,0
"Dc47572","locus176",0.316424,NA,NA,NA,0.917882,NA,1,0
"Dc47572","locus184",0.21861,0.458724,NA,0.286734,0.735012,NA,0.604022,0
"Dc47572","locus186",0.228946,0.556084,NA,0.33516,0.432888,NA,0.748326,0
"Dc47572","locus188",0.001214,0.720552,NA,NA,0.767914,NA,0.648176,1
"Dc47572","locus189",0.095916,0.868314,NA,NA,0.852448,0.285368,0.800574,0
"Dc47572","locus190",0.379216,0.219718,NA,NA,0.464858,1,0.026718,1
"Dc47572","locus191",0.885346,NA,NA,NA,0.5084,1,0.78323,0
"Dc47572","locus192",0.638166,0.513,NA,NA,0.148636,1,0.083898,0
"Dc47572","locus195",0.429756,0.699704,NA,NA,0.952878,0.141354,0.660178,0
"Dc47572","locus202",0.164034,0.280102,NA,NA,0.326608,1,0.346742,0
"Dc47572","locus215",0.733062,NA,NA,NA,0.050512,0.713184,0.62124,0
"Dc47572","locus227",0.958982,0.411136,Inf,NA,0.046924,1,1,1
"Dc47572","locus231",0.816048,0.636026,NA,NA,0.096506,NA,1,0
"Dc47572","locus235",0.203618,0.45471,1,NA,0.253556,Inf,0.126028,0
"Dc47572","locus236",0.633512,0.933328,NA,NA,0.770498,1,0.316076,0
"Dc47572","locus237",0.166786,0.93003,NA,NA,0.131806,0.522694,1,0
"Dc47572","locus239",0.011382,0.298582,1,NA,0.30293,0.28761,0.637006,1
"Dc47572","locus248",0.878496,0.396928,NA,NA,0.711146,1,0.73531,0
"Dc47572","locus256",0.877954,0.450642,1,NA,0.157984,NA,0.790206,0
"Dc47572","locus263",0.354932,0.056976,NA,NA,0.12048,NA,1,0
"Dc47572","locus264",0.622206,0.309614,NA,NA,0.2386,NA,0.821066,0
"Dc47572","locus274",0.178884,0.082484,NA,NA,0.881634,NA,0.050926,0
"Dc47572","locus280",0.867052,0.249986,NA,NA,0.88031,NA,0.558148,0
"Dc47572","locus282",0.604108,0.915752,NA,NA,0.210304,NA,0.604246,0
"Dc47572","locus286",0.284172,0.378812,NA,NA,0.679856,NA,0.229718,0
"Dc47572","locus291",0.46205,0.866348,NA,NA,0.846952,NA,0.79987,0
"Dc47572","locus292",0.104708,0.988898,NA,NA,0.436694,NA,0.340394,0
"Dc47572","locus296",0.779692,0.064522,NA,NA,0.33573,NA,0.061378,0
"Dc47572","locus301",0.552044,0.275494,NA,NA,0.188576,NA,0.505166,0
"Dc47572","locus314",0.779482,0.008564,NA,NA,1,NA,1,1
"Dc47572","locus321",0.208796,0.158708,NA,NA,0.594772,NA,0.327822,0
"Dc47572","locus322",0.022384,0.392762,NA,NA,0.22742,NA,0.118714,1
"Dc47572","locus323",0.657234,0.720948,1,NA,0.495282,NA,0.02432,1
"Dc47572","locus329",0.778862,0.653512,NA,NA,0.348048,NA,0.289118,0
"Dc47572","locus332",0.704598,0.396646,NA,NA,0.21486,NA,0.118872,0
"Dc47572","locus358",0.645596,0.693532,NA,NA,0.984104,NA,0.580302,0
"Dc47572","locus359",0.948068,0.082672,NA,NA,0.431716,NA,1,0
"Dc47572","locus360",0.236174,0.694074,NA,NA,0.007822,NA,1,1
"Dc47935","Dc48207",0.60809,0.08593,NA,NA,0.502596,1,1,0
"Dc47935","Dc48950",0.032452,0.734056,NA,NA,0.81475,0.371186,0.507796,1
"Dc47935","Dc49080",0.711626,0.635396,NA,NA,0.33847,0.14254,0.646366,0
"Dc47935","Dc49184",0.551642,0.554672,NA,NA,0.104144,0.773978,0.688996,0
"Dc47935","Dc51020",0.653342,0.802996,Inf,NA,0.227664,0.766858,0.198134,0
"Dc47935","Dc52523",0.056572,0.539424,NA,NA,0.471916,0.769822,0.172384,0
"Dc47935","Dc55481",0.99025,0.245924,Inf,1,0.37366,NA,0.55658,0
"Dc47935","Dc58248",0.455546,0.135506,NA,1,0.674126,NA,0.305234,0
"Dc47935","Dc62188",0.628624,0.515954,NA,1,0.015354,NA,0.583282,1
"Dc47935","Dc67011",0.283132,0.766802,NA,0.141208,0.144594,NA,0.449842,0
"Dc47935","locus003",0.364828,0.080626,NA,0.255266,0.353864,NA,0.61697,0
"Dc47935","locus004",0.65867,0.951738,NA,0.77246,0.647682,NA,0.21465,0
"Dc47935","locus005",0.62826,0.2392,NA,0.42827,0.82037,NA,0.338762,0
"Dc47935","locus006",0.758846,0.925424,NA,0.143136,0.053312,NA,0.664622,0
"Dc47935","locus008",0.64111,0.05483,NA,0.141132,0.492064,NA,0.535116,0
"Dc47935","locus013",0.8576,0.832218,NA,1,0.176838,NA,0.829978,0
"Dc47935","locus014",0.802924,0.60489,NA,1,0.352892,NA,0.905896,0
"Dc47935","locus022",0.972658,0.84956,NA,1,0.904848,NA,0.360956,0
"Dc47935","locus024",0.861538,0.69911,NA,0.59659,0.400744,NA,0.366456,0
"Dc47935","locus025",0.270716,0.044228,NA,NA,0.981944,NA,0.126074,1
"Dc47935","locus027",0.823246,0.42547,NA,NA,NA,NA,NA,0
"Dc47935","locus030",0.731998,0.73704,NA,NA,0.304506,NA,0.416352,0
"Dc47935","locus035",0.558208,0.415928,NA,NA,0.52405,NA,1,0
"Dc47935","locus038",0.17263,0.323312,NA,NA,0.34472,NA,0.58708,0
"Dc47935","locus039",0.091546,0.230948,NA,NA,0.154868,NA,0.342562,0
"Dc47935","locus040",0.046768,0.489132,NA,NA,0.56164,NA,0.182028,1
"Dc47935","locus041",0.872038,0.031202,NA,NA,0.277802,NA,0.831008,1
"Dc47935","locus045",0.972448,0.501936,Inf,NA,0.488734,NA,0.545858,0
"Dc47935","locus047",0.304266,0.937798,NA,NA,0.629558,NA,0.64078,0
"Dc47935","locus048",0.362204,0.194012,NA,NA,0.086212,NA,1,0
"Dc47935","locus053",0.273184,0.208768,NA,NA,0.839938,NA,0.687458,0
"Dc47935","locus055",0.94902,0.239632,NA,NA,0.467418,NA,1,0
"Dc47935","locus056",0.726188,0.886766,NA,1,0.763388,NA,0.53295,0
"Dc47935","locus058",0.00314,0.112422,NA,1,0.966042,NA,1,1
"Dc47935","locus060",0.162526,0.081512,NA,1,0.06121,NA,0.77586,0
"Dc47935","locus061",0.789518,NA,NA,NA,0.956774,NA,1,0
"Dc47935","locus062",0.942516,0.87464,Inf,1,0.056944,NA,0.764318,0
"Dc47935","locus064",0.96777,0.929182,NA,1,0.717838,NA,0.688498,0
"Dc47935","locus065",0.21626,0.3008,NA,0.42679,0.8005,NA,0.688536,0
"Dc47935","locus073",0.683632,0.75874,NA,1,0.711488,NA,0.378228,0
"Dc47935","locus074",0.814086,0.764628,NA,0.143814,0.626612,NA,0.291366,0
"Dc47935","locus076",0.348144,0.833848,NA,NA,0.308928,NA,0.896504,0
"Dc47935","locus077",0.54496,0.634934,NA,Inf,0.705488,NA,0.447992,0
"Dc47935","locus080",0.400374,0.218358,Inf,NA,0.054372,NA,1,0
"Dc47935","locus083",0.765152,NA,NA,NA,0.134744,NA,0.391626,0
"Dc47935","locus088",0.789654,0.800874,NA,NA,0.793598,NA,0.384748,0
"Dc47935","locus093",0.664092,Inf,Inf,NA,0.31827,NA,1,0
"Dc47935","locus096",0.663826,0.807568,NA,NA,0.380012,NA,0.411682,0
"Dc47935","locus098",0.972542,0.452068,NA,NA,0.858992,NA,0.624646,0
"Dc47935","locus100",0.321078,0.198676,NA,NA,0.16438,NA,0.923948,0
"Dc47935","locus106",0.247212,0.131074,NA,NA,0.468102,NA,0.801918,0
"Dc47935","locus116",0.456254,0.030036,Inf,NA,0.80107,NA,0.961338,1
"Dc47935","locus119",0.122026,0.936564,NA,NA,0.471098,NA,0.909228,0
"Dc47935","locus120",0.017362,0.069488,Inf,NA,0.20011,NA,0.309726,1
"Dc47935","locus128",0.962322,0.943972,NA,1,0.977844,NA,1,0
"Dc47935","locus129",0.06858,0.676534,NA,1,0.675832,NA,0.772754,0
"Dc47935","locus130",0.196874,NA,NA,NA,1,NA,0.522852,0
"Dc47935","locus134",0.532658,0.220278,NA,NA,0.748686,NA,0.192746,0
"Dc47935","locus135",0.986588,0.308872,Inf,0.141394,0.69789,NA,0.637206,0
"Dc47935","locus137",0.807996,0.77378,NA,0.143364,0.566614,NA,0.185576,0
"Dc47935","locus139",0.3508,0.73923,NA,0.428054,0.725286,NA,0.135438,0
"Dc47935","locus140",0.340642,0.742806,NA,0.42715,0.71708,NA,0.136992,0
"Dc47935","locus146",0.394304,0.76047,NA,1,0.925716,NA,0.822696,0
"Dc47935","locus148",0.247098,0.365722,NA,0.428598,0.371912,NA,0.597242,0
"Dc47935","locus151",0.832762,NA,Inf,1,0.40036,NA,0.66495,0
"Dc47935","locus157",0.429806,NA,NA,NA,0.413016,NA,0.902574,0
"Dc47935","locus161",0.754818,0.423342,NA,1,0.519298,NA,0.166848,0
"Dc47935","locus165",0.70326,0.031658,NA,NA,0.78042,NA,0.887016,1
"Dc47935","locus170",0.641874,0.873654,NA,1,0.09907,NA,0.275574,0
"Dc47935","locus176",0.279634,NA,Inf,NA,0.219648,NA,0.641402,0
"Dc47935","locus184",0.182156,0.752846,NA,1,0.132392,NA,0.091708,0
"Dc47935","locus186",0.555698,0.200736,NA,0.334856,0.480278,NA,0.591784,0
"Dc47935","locus188",0.231594,0.52727,NA,NA,0.102012,NA,0.546328,0
"Dc47935","locus189",0.022288,0.317592,NA,NA,0.719814,0.228972,0.332788,1
"Dc47935","locus190",0.420008,0.49132,NA,NA,0.106848,1,0.635872,0
"Dc47935","locus191",0.702274,NA,NA,NA,0.750958,0.198028,0.60729,0
"Dc47935","locus192",0.940698,0.172126,NA,NA,0.050932,0.141962,0.94722,0
"Dc47935","locus195",0.203156,0.312836,NA,NA,0.157728,1,0.25424,0
"Dc47935","locus202",0.514324,0.583644,NA,NA,0.159986,0.656682,0.330016,0
"Dc47935","locus215",0.297994,NA,NA,NA,0.16321,0.427956,0.053998,0
"Dc47935","locus227",0.116062,0.232472,Inf,NA,0.317044,1,0.340386,0
"Dc47935","locus231",0.100932,0.651218,NA,NA,0.033516,NA,0.164824,1
"Dc47935","locus235",0.26419,0.827474,Inf,NA,0.794772,Inf,0.099554,0
"Dc47935","locus236",0.776494,0.226504,NA,NA,0.258886,1,0.13524,0
"Dc47935","locus237",0.931254,0.193014,NA,NA,0.650744,0.144302,0.089626,0
"Dc47935","locus239",0.450036,0.489222,Inf,NA,0.488666,0.124148,0.3506,0
"Dc47935","locus248",0.344742,0.668776,NA,NA,0.374694,0.255528,0.301878,0
"Dc47935","locus256",0.577948,0.012852,Inf,NA,0.975892,NA,0.406914,1
"Dc47935","locus263",0.206166,0.712872,NA,NA,0.569716,NA,0.42684,0
"Dc47935","locus264",0.956156,0.922554,NA,NA,0.919876,NA,0.258584,0
"Dc47935","locus274",0.50233,0.238922,NA,NA,0.270076,NA,0.560576,0
"Dc47935","locus280",0.448228,0.938442,NA,NA,0.496726,NA,0.575664,0
"Dc47935","locus282",0.29108,0.5725,NA,NA,0.170686,NA,0.887268,0
"Dc47935","locus286",0.186234,1,NA,NA,0.660138,NA,1,0
"Dc47935","locus291",0.424206,0.863938,NA,NA,0.985746,NA,1,0
"Dc47935","locus292",0.547936,0.87337,NA,NA,0.823436,NA,0.44416,0
"Dc47935","locus296",0.762574,0.310562,NA,NA,0.024774,NA,0.0923,1
"Dc47935","locus301",0.475568,0.90396,NA,NA,0.336238,NA,1,0
"Dc47935","locus314",0.847274,0.5652,NA,NA,0.283022,NA,0.666614,0
"Dc47935","locus321",0.767898,0.566206,NA,NA,0.79319,NA,0.853428,0
"Dc47935","locus322",0.180116,0.312044,NA,NA,0.221284,NA,1,0
"Dc47935","locus323",0.636868,0.27563,Inf,NA,0.549092,NA,0.714116,0
"Dc47935","locus329",0.935288,0.423616,NA,NA,0.70259,NA,0.820058,0
"Dc47935","locus332",0.424196,0.665812,NA,NA,0.494082,NA,0.908154,0
"Dc47935","locus358",0.392072,0.100542,NA,NA,0.260452,NA,0.284168,0
"Dc47935","locus359",0.621522,0.242826,NA,NA,0.885808,NA,Inf,0
"Dc47935","locus360",0.521942,0.398862,Inf,NA,0.08043,NA,0.676238,0
"Dc48207","Dc48950",1,0.669748,Inf,NA,0.662692,0.427012,1,0
"Dc48207","Dc49080",0.270634,0.491084,NA,NA,1,1,0.416432,0
"Dc48207","Dc49184",1,0.580828,NA,NA,0.08806,1,1,0
"Dc48207","Dc51020",0.57372,0.48812,NA,NA,1,0.427334,1,0
"Dc48207","Dc52523",0.904352,0.365928,NA,NA,1,1,1,0
"Dc48207","Dc55481",0.397718,0.670032,NA,Inf,1,NA,1,0
"Dc48207","Dc58248",0.053514,1,NA,Inf,0.504098,NA,1,0
"Dc48207","Dc62188",0.683038,0.544312,Inf,Inf,0.825866,NA,0.082866,0
"Dc48207","Dc67011",0.586804,1,NA,Inf,1,NA,1,0
"Dc48207","locus003",0.091998,1,NA,Inf,0.52545,NA,1,0
"Dc48207","locus004",1,0.562268,NA,Inf,0.375656,NA,1,0
"Dc48207","locus005",0.419102,1,NA,Inf,0.630936,NA,1,0
"Dc48207","locus006",0.106958,1,Inf,Inf,0.628234,NA,0.415718,0
"Dc48207","locus008",1,0.275728,NA,Inf,0.524324,NA,0.417282,0
"Dc48207","locus013",0.559998,1,NA,Inf,1,NA,1,0
"Dc48207","locus014",0.57177,0.191902,NA,Inf,0.660196,NA,1,0
"Dc48207","locus022",0.238424,0.15664,NA,Inf,0.05103,NA,0.667802,0
"Dc48207","locus024",0.638258,0.607596,NA,Inf,0.510598,NA,0.335328,0
"Dc48207","locus025",1,0.19009,NA,NA,0.142898,NA,0.499366,0
"Dc48207","locus027",0.55652,0.16683,NA,NA,NA,NA,NA,0
"Dc48207","locus030",0.802728,1,NA,NA,0.492462,NA,0.585668,0
"Dc48207","locus035",0.554844,0.671148,NA,NA,1,NA,0.251148,0
"Dc48207","locus038",1,0.344736,NA,NA,0.702774,NA,0.457902,0
"Dc48207","locus039",1,0.598674,NA,NA,1,NA,1,0
"Dc48207","locus040",1,1,NA,NA,0.034892,NA,Inf,1
"Dc48207","locus041",1,0.217504,Inf,NA,1,NA,1,0
"Dc48207","locus045",1,1,NA,NA,0.071544,NA,1,0
"Dc48207","locus047",0.79944,0.145362,Inf,NA,1,NA,1,0
"Dc48207","locus048",0.58554,0.199414,NA,NA,1,NA,1,0
"Dc48207","locus053",0.696344,0.146816,NA,NA,0.767372,NA,1,0
"Dc48207","locus055",1,0.13296,NA,NA,0.577804,NA,0.501316,0
"Dc48207","locus056",0.606652,1,NA,Inf,1,NA,1,0
"Dc48207","locus058",0.585554,0.631872,NA,Inf,0.557368,NA,0.166744,0
"Dc48207","locus060",0.382206,0.035176,NA,Inf,0.635376,NA,1,1
"Dc48207","locus061",0.586814,NA,NA,NA,0.06691,NA,1,0
"Dc48207","locus062",0.801102,1,NA,Inf,0.621578,NA,0.414266,0
"Dc48207","locus064",0.677802,1,NA,Inf,1,NA,1,0
"Dc48207","locus065",1,1,NA,Inf,0.084286,NA,0.168448,0
"Dc48207","locus073",1,0.36895,NA,Inf,0.707138,NA,1,0
"Dc48207","locus074",1,0.10251,NA,Inf,0.620532,NA,1,0
"Dc48207","locus076",0.788232,0.519362,NA,NA,1,NA,0.5816,0
"Dc48207","locus077",1,1,NA,Inf,1,NA,1,0
"Dc48207","locus080",1,0.168088,NA,NA,0.508568,NA,1,0
"Dc48207","locus083",1,NA,NA,NA,0.331166,NA,1,0
"Dc48207","locus088",0.321404,0.552422,NA,NA,0.532206,NA,1,0
"Dc48207","locus093",1,Inf,Inf,NA,1,NA,Inf,0
"Dc48207","locus096",0.399662,0.524922,NA,NA,0.523596,NA,1,0
"Dc48207","locus098",1,0.338942,NA,NA,1,NA,0.545948,0
"Dc48207","locus100",0.553244,0.068614,NA,NA,0.73758,NA,1,0
"Dc48207","locus106",1,0.262446,NA,NA,0.636994,NA,1,0
"Dc48207","locus116",1,1,NA,NA,1,NA,1,0
"Dc48207","locus119",0.682452,1,NA,NA,1,NA,0.417914,0
"Dc48207","locus120",0.634032,1,NA,NA,1,NA,1,0
"Dc48207","locus128",0.329702,0.580128,Inf,Inf,0.557018,NA,1,0
"Dc48207","locus129",0.699756,0.69529,NA,Inf,0.344934,NA,0.330072,0
"Dc48207","locus130",0.575158,NA,NA,NA,1,NA,0.363624,0
"Dc48207","locus134",0.419958,1,NA,NA,1,NA,1,0
"Dc48207","locus135",0.2378,0.490982,NA,Inf,0.376938,NA,1,0
"Dc48207","locus137",1,0.40474,NA,Inf,0.68484,NA,0.417336,0
"Dc48207","locus139",1,0.292664,NA,Inf,0.58259,NA,1,0
"Dc48207","locus140",1,0.29248,NA,Inf,0.584888,NA,1,0
"Dc48207","locus146",0.270492,0.659834,NA,Inf,0.51019,NA,1,0
"Dc48207","locus148",1,0.18679,Inf,Inf,1,NA,0.083742,0
"Dc48207","locus151",0.329862,NA,NA,Inf,1,NA,1,0
"Dc48207","locus157",1,NA,NA,NA,0.384254,NA,1,0
"Dc48207","locus161",0.03897,0.587148,NA,Inf,0.575666,NA,1,1
"Dc48207","locus165",0.41201,0.460282,NA,NA,0.579338,NA,1,0
"Dc48207","locus170",1,0.131904,NA,Inf,0.16163,NA,1,0
"Dc48207","locus176",1,NA,NA,NA,0.366774,NA,0.415728,0
"Dc48207","locus184",0.616502,0.57787,NA,Inf,1,NA,1,0
"Dc48207","locus186",0.156822,0.192604,NA,Inf,1,NA,1,0
"Dc48207","locus188",0.32355,0.453726,NA,NA,0.834466,NA,1,0
"Dc48207","locus189",0.769952,0.576178,NA,NA,0.184028,1,1,0
"Dc48207","locus190",0.085596,1,NA,NA,0.594632,1,1,0
"Dc48207","locus191",0.575466,NA,NA,NA,1,0.569392,1,0
"Dc48207","locus192",0.288286,1,NA,NA,0.590864,1,0.166154,0
"Dc48207","locus195",1,1,NA,NA,1,1,0.272468,0
"Dc48207","locus202",0.206002,0.168544,NA,NA,0.187554,1,0.250364,0
"Dc48207","locus215",1,NA,NA,NA,0.278834,1,0.335194,0
"Dc48207","locus227",1,1,Inf,NA,1,1,1,0
"Dc48207","locus231",0.608576,1,Inf,NA,1,NA,0.501454,0
"Dc48207","locus235",0.284128,1,NA,NA,0.098626,Inf,1,0
"Dc48207","locus236",1,1,NA,NA,0.582522,0.426624,1,0
"Dc48207","locus237",0.258304,1,NA,NA,0.103036,1,1,0
"Dc48207","locus239",0.072544,0.59248,NA,NA,1,1,0.168152,0
"Dc48207","locus248",0.270158,1,NA,NA,1,1,1,0
"Dc48207","locus256",0.571144,1,NA,NA,0.150962,NA,0.581816,0
"Dc48207","locus263",1,1,NA,NA,1,NA,1,0
"Dc48207","locus264",0.831528,0.577922,NA,NA,0.119802,NA,0.58289,0
"Dc48207","locus274",0.850934,1,NA,NA,1,NA,0.414234,0
"Dc48207","locus280",0.292202,0.187118,NA,NA,0.596456,NA,1,0
"Dc48207","locus282",0.55605,1,NA,NA,0.618262,NA,1,0
"Dc48207","locus286",1,1,NA,NA,0.34099,NA,1,0
"Dc48207","locus291",1,0.624508,NA,NA,0.173522,NA,0.582372,0
"Dc48207","locus292",1,0.63784,Inf,NA,1,NA,1,0
"Dc48207","locus296",1,1,NA,NA,0.643882,NA,1,0
"Dc48207","locus301",1,0.545568,NA,NA,1,NA,1,0
"Dc48207","locus314",0.376148,1,NA,NA,1,NA,1,0
"Dc48207","locus321",1,1,Inf,NA,1,NA,0.581504,0
"Dc48207","locus322",0.83162,1,NA,NA,0.639804,NA,1,0
"Dc48207","locus323",0.839258,0.531552,NA,NA,0.118166,NA,1,0
"Dc48207","locus329",0.047168,0.49444,NA,NA,0.497768,NA,0.417246,1
"Dc48207","locus332",0.291338,0.58108,NA,NA,0.633792,NA,1,0
"Dc48207","locus358",0.540102,1,NA,NA,0.667098,NA,0.415792,0
"Dc48207","locus359",0.54774,0.355666,NA,NA,0.54221,NA,Inf,0
"Dc48207","locus360",0.259788,1,NA,NA,0.34275,NA,0.583972,0
"Dc48950","Dc49080",0.83819,0.739806,NA,NA,0.788442,0.146558,0.94037,0
"Dc48950","Dc49184",0.971928,0.00945,NA,NA,0.416258,1,0.736554,1
"Dc48950","Dc51020",0.852326,0.602726,NA,NA,0.723568,0.37002,0.580022,0
"Dc48950","Dc52523",0.570136,0.551866,NA,NA,0.508586,0.771128,0.388184,0
"Dc48950","Dc55481",0.069972,0.473318,NA,1,0.944636,NA,0.903034,0
"Dc48950","Dc58248",0.427624,0.84872,NA,0.225204,0.000788,NA,0.67725,1
"Dc48950","Dc62188",0.509958,0.605576,Inf,0.487056,0.943224,NA,1,0
"Dc48950","Dc67011",0.144414,0.650774,NA,1,0.118682,NA,1,0
"Dc48950","locus003",0.629566,0.141352,NA,0.825158,0.26408,NA,0.13542,0
"Dc48950","locus004",0.65759,0.369134,NA,0.88646,0.091678,NA,0.517692,0
"Dc48950","locus005",0.138858,0.862206,NA,1,0.293008,NA,0.940628,0
"Dc48950","locus006",0.448344,0.98458,1,1,0.182238,NA,0.081008,0
"Dc48950","locus008",0.373662,0.5681,NA,0.2889,0.989012,NA,0.076728,0
"Dc48950","locus013",0.869606,0.347622,NA,0.017118,0.312126,NA,0.022446,2
"Dc48950","locus014",0.049474,0.43954,NA,0.88711,0.325718,NA,0.570804,1
"Dc48950","locus022",0.841648,0.097732,NA,0.715808,0.453838,NA,0.90392,0
"Dc48950","locus024",0.650086,0.241206,NA,1,0.470526,NA,0.811758,0
"Dc48950","locus025",0.576542,0.37805,NA,NA,0.477794,NA,0.158542,0
"Dc48950","locus027",0.858756,0.777056,NA,NA,NA,NA,NA,0
"Dc48950","locus030",0.815842,0.593204,NA,NA,0.341794,NA,0.660248,0
"Dc48950","locus035",0.07095,0.04275,NA,NA,0.980228,NA,1,1
"Dc48950","locus038",0.435552,0.02768,NA,NA,0.531868,NA,0.423206,1
"Dc48950","locus039",0.32255,0.057614,NA,NA,0.17396,NA,0.05756,0
"Dc48950","locus040",0.334284,0.724116,NA,NA,0.689752,NA,1,0
"Dc48950","locus041",0.380356,0.433388,1,NA,0.886734,NA,0.102488,0
"Dc48950","locus045",0.795804,0.444776,NA,NA,0.046078,NA,0.011186,2
"Dc48950","locus047",0.539468,0.140832,0.331436,NA,0.505948,NA,0.936132,0
"Dc48950","locus048",0.642252,0.937094,NA,NA,0.233562,NA,0.57047,0
"Dc48950","locus053",0.112576,0.09703,NA,NA,0.672246,NA,0.150084,0
"Dc48950","locus055",0.788336,0.79786,NA,NA,0.731906,NA,0.603218,0
"Dc48950","locus056",0.261612,0.76236,NA,1,0.39002,NA,0.16017,0
"Dc48950","locus058",0.008356,0.382636,NA,0.20283,0.984896,NA,0.830474,1
"Dc48950","locus060",0.083772,0.838346,NA,0.284686,0.414936,NA,0.11716,0
"Dc48950","locus061",0.980534,NA,NA,NA,0.018212,NA,0.065808,1
"Dc48950","locus062",0.183074,0.78381,NA,0.04899,0.556326,NA,0.68959,1
"Dc48950","locus064",0.307738,0.102748,NA,0.287556,0.650738,NA,1,0
"Dc48950","locus065",0.67227,0.377422,NA,0.715466,0.96449,NA,0.29492,0
"Dc48950","locus073",0.33675,0.286982,NA,0.70228,0.813274,NA,0.840736,0
"Dc48950","locus074",0.876576,0.859182,NA,0.285702,0.036674,NA,0.859232,1
"Dc48950","locus076",0.117966,0.0867,NA,NA,0.76001,NA,0.869856,0
"Dc48950","locus077",0.678172,0.139568,NA,Inf,0.849086,NA,0.139686,0
"Dc48950","locus080",0.20751,0.536564,NA,NA,0.558502,NA,0.53404,0
"Dc48950","locus083",0.487422,NA,NA,NA,0.664612,NA,0.789872,0
"Dc48950","locus088",0.671056,0.615218,NA,NA,0.05874,NA,0.152024,0
"Dc48950","locus093",0.343954,Inf,Inf,NA,1,NA,1,0
"Dc48950","locus096",0.457726,0.734186,NA,NA,0.866618,NA,0.074082,0
"Dc48950","locus098",0.855634,0.4728,NA,NA,0.84061,NA,0.15661,0
"Dc48950","locus100",0.424714,0.45442,NA,NA,0.157238,NA,0.41255,0
"Dc48950","locus106",0.53717,0.930192,NA,NA,0.38044,NA,0.285024,0
"Dc48950","locus116",0.101316,0.886914,NA,NA,0.242714,NA,0.123574,0
"Dc48950","locus119",0.423576,0.209526,NA,NA,0.3767,NA,0.061578,0
"Dc48950","locus120",0.050154,0.137256,NA,NA,0.385694,NA,0.03006,1
"Dc48950","locus128",0.65688,0.923926,0.33406,1,0.398266,NA,0.270344,0
"Dc48950","locus129",0.230516,0.002272,NA,0.826926,0.35573,NA,0.920964,1
"Dc48950","locus130",0.213282,NA,NA,NA,0.626364,NA,0.80152,0
"Dc48950","locus134",0.029572,0.142768,NA,NA,0.62143,NA,0.778194,1
"Dc48950","locus135",0.389116,0.855144,NA,1,0.284458,NA,0.484884,0
"Dc48950","locus137",0.361744,0.741644,NA,1,0.378386,NA,1,0
"Dc48950","locus139",0.790622,0.711286,NA,0.713374,1,NA,1,0
"Dc48950","locus140",0.79129,0.710746,NA,0.713312,1,NA,1,0
"Dc48950","locus146",0.987922,0.257096,NA,1,0.317968,NA,0.253274,0
"Dc48950","locus148",0.920432,0.07816,1,0.71319,0.737624,NA,0.922402,0
"Dc48950","locus151",0.502372,NA,NA,0.801752,0.708488,NA,1,0
"Dc48950","locus157",0.03947,NA,NA,NA,0.714506,NA,1,1
"Dc48950","locus161",0.1514,0.573898,NA,0.095914,0.313506,NA,0.392214,0
"Dc48950","locus165",0.127276,0.133268,NA,NA,0.049958,NA,1,1
"Dc48950","locus170",0.647708,0.413654,NA,0.713356,0.014116,NA,0.254366,1
"Dc48950","locus176",0.99175,NA,NA,NA,0.733622,NA,0.053016,0
"Dc48950","locus184",0.62122,0.143636,NA,0.283122,0.63449,NA,0.077268,0
"Dc48950","locus186",0.233934,0.405174,NA,0.500576,0.396988,NA,0.060196,0
"Dc48950","locus188",0.11558,0.809332,NA,NA,0.878144,NA,0.645218,0
"Dc48950","locus189",0.638118,0.194124,NA,NA,0.04457,0.227384,0.236562,1
"Dc48950","locus190",0.292096,0.051008,NA,NA,0.068702,0.715308,0.921346,0
"Dc48950","locus191",0.396028,NA,NA,NA,0.981856,0.116486,0.261788,0
"Dc48950","locus192",0.414998,0.98502,NA,NA,0.42871,0.143376,1,0
"Dc48950","locus195",0.14639,0.58121,NA,NA,0.91134,0.48429,1,0
"Dc48950","locus202",0.079068,0.669868,NA,NA,0.265504,0.484916,0.949094,0
"Dc48950","locus215",0.685212,NA,NA,NA,0.042228,0.375974,1,1
"Dc48950","locus227",0.071006,0.494266,Inf,NA,0.93179,0.486984,1,0
"Dc48950","locus231",0.839618,0.404398,Inf,NA,0.943336,NA,0.0741,0
"Dc48950","locus235",0.86106,0.98155,NA,NA,0.187576,Inf,0.520044,0
"Dc48950","locus236",0.456034,0.010148,NA,NA,0.346816,0.486604,0.230364,1
"Dc48950","locus237",0.503118,0.466258,NA,NA,0.612942,0.71283,0.734252,0
"Dc48950","locus239",0.498942,0.735766,NA,NA,0.212034,1,0.690034,0
"Dc48950","locus248",0.497198,0.808034,NA,NA,0.38826,1,0.664416,0
"Dc48950","locus256",0.882702,0.659874,NA,NA,0.733206,NA,0.013418,1
"Dc48950","locus263",0.856964,1,NA,NA,0.909318,NA,1,0
"Dc48950","locus264",0.763874,0.359458,NA,NA,0.443266,NA,0.332412,0
"Dc48950","locus274",0.608406,0.089242,NA,NA,0.04049,NA,0.859882,1
"Dc48950","locus280",0.510412,0.734602,NA,NA,0.690204,NA,0.282482,0
"Dc48950","locus282",0.819178,0.208154,NA,NA,0.60979,NA,1,0
"Dc48950","locus286",0.15105,0.899792,NA,NA,0.68351,NA,0.571624,0
"Dc48950","locus291",0.511086,0.479498,NA,NA,0.167164,NA,0.586398,0
"Dc48950","locus292",0.133562,0.373988,1,NA,0.739052,NA,0.31803,0
"Dc48950","locus296",0.796316,0.098578,NA,NA,0.361172,NA,1,0
"Dc48950","locus301",0.643116,0.011378,NA,NA,0.46763,NA,1,1
"Dc48950","locus314",0.71091,0.238248,NA,NA,0.349868,NA,0.401518,0
"Dc48950","locus321",0.34119,0.970566,1,NA,0.187774,NA,0.939138,0
"Dc48950","locus322",0.876092,0.848032,NA,NA,0.524316,NA,0.434198,0
"Dc48950","locus323",0.23981,0.637852,NA,NA,0.055246,NA,0.056344,0
"Dc48950","locus329",0.00675,0.195752,NA,NA,0.25859,NA,0.109174,1
"Dc48950","locus332",0.084258,0.651354,NA,NA,0.461122,NA,0.118852,0
"Dc48950","locus358",0.67463,0.373452,NA,NA,0.735078,NA,0.649932,0
"Dc48950","locus359",0.236464,0.751058,NA,NA,0.633338,NA,1,0
"Dc48950","locus360",0.741052,0.089892,NA,NA,0.41446,NA,0.502904,0
"Dc49080","Dc49184",0.354222,0.680544,NA,NA,0.7959,1,1,0
"Dc49080","Dc51020",0.965498,0.190512,NA,NA,0.578374,0.335702,1,0
"Dc49080","Dc52523",0.648972,0.357958,NA,NA,0.219578,1,0.282388,0
"Dc49080","Dc55481",0.111108,0.536964,NA,1,0.370184,NA,0.20023,0
"Dc49080","Dc58248",0.375602,0.009396,NA,0.56741,0.484626,NA,0.485312,1
"Dc49080","Dc62188",0.747894,0.452678,NA,0.426218,0.03709,NA,0.486906,1
"Dc49080","Dc67011",0.910318,0.375072,NA,1,0.668166,NA,0.037166,1
"Dc49080","locus003",0.212924,0.163834,NA,0.28632,0.351514,NA,0.536352,0
"Dc49080","locus004",0.534806,0.182828,NA,0.144552,0.02701,NA,1,1
"Dc49080","locus005",0.56162,0.910532,NA,0.522602,0.468552,NA,0.906726,0
"Dc49080","locus006",0.556614,0.143846,1,1,0.098188,NA,0.811584,0
"Dc49080","locus008",0.701396,0.968886,NA,1,0.623366,NA,0.619102,0
"Dc49080","locus013",0.968966,0.087654,NA,0.145568,0.26185,NA,0.030674,1
"Dc49080","locus014",0.750466,0.851108,NA,1,0.644518,NA,0.682338,0
"Dc49080","locus022",0.992854,0.114392,NA,1,0.363156,NA,0.404238,0
"Dc49080","locus024",0.578782,0.886012,NA,1,0.219842,NA,0.100162,0
"Dc49080","locus025",0.292324,0.679908,NA,NA,0.081356,NA,1,0
"Dc49080","locus027",0.558938,0.36979,Inf,NA,NA,NA,NA,0
"Dc49080","locus030",0.646798,0.030688,NA,NA,0.723374,NA,0.642728,1
"Dc49080","locus035",0.716638,0.120214,NA,NA,0.10803,NA,0.539504,0
"Dc49080","locus038",0.965208,0.777866,NA,NA,0.620906,NA,0.650098,0
"Dc49080","locus039",0.499778,0.27581,NA,NA,0.15198,NA,0.598508,0
"Dc49080","locus040",0.464828,0.203672,NA,NA,0.156712,NA,1,0
"Dc49080","locus041",0.023068,0.32194,Inf,NA,0.063652,NA,0.12052,1
"Dc49080","locus045",0.636764,0.672454,NA,NA,0.877626,NA,0.669332,0
"Dc49080","locus047",0.03269,0.677366,1,NA,0.391874,NA,0.353378,1
"Dc49080","locus048",0.697014,0.756324,NA,NA,0.204574,NA,0.540446,0
"Dc49080","locus053",0.272382,0.864594,NA,NA,0.566178,NA,1,0
"Dc49080","locus055",0.61721,0.366172,NA,NA,0.410054,NA,0.609442,0
"Dc49080","locus056",0.418422,0.367702,NA,1,0.821784,NA,0.30185,0
"Dc49080","locus058",0.636266,0.371534,NA,1,0.046122,NA,0.449348,1
"Dc49080","locus060",0.134422,0.23985,NA,0.283816,0.93314,NA,1,0
"Dc49080","locus061",0.86482,NA,Inf,NA,0.520296,NA,1,0
"Dc49080","locus062",0.41581,0.495352,NA,0.525328,0.677644,NA,0.655106,0
"Dc49080","locus064",0.987416,0.761568,NA,1,0.322566,NA,0.46636,0
"Dc49080","locus065",0.21039,0.87951,NA,1,0.117586,NA,1,0
"Dc49080","locus073",0.67962,0.92945,NA,0.402486,0.823044,NA,0.653052,0
"Dc49080","locus074",0.084524,0.941514,NA,1,0.312596,NA,0.553302,0
"Dc49080","locus076",0.288502,0.01712,NA,NA,0.433046,NA,0.011696,2
"Dc49080","locus077",0.73171,0.707966,NA,Inf,0.752162,NA,0.816046,0
"Dc49080","locus080",0.748164,0.86859,NA,NA,0.627248,NA,0.874886,0
"Dc49080","locus083",0.224394,NA,NA,NA,0.787878,NA,0.387558,0
"Dc49080","locus088",0.89044,0.04574,NA,NA,0.16834,NA,1,1
"Dc49080","locus093",0.356472,Inf,Inf,NA,1,NA,0.44491,0
"Dc49080","locus096",0.81302,0.03387,NA,NA,0.809522,NA,0.65081,1
"Dc49080","locus098",0.049728,0.776438,NA,NA,0.520836,NA,1,1
"Dc49080","locus100",0.345624,0.267448,NA,NA,0.008448,NA,0.137838,1
"Dc49080","locus106",0.484184,0.886146,NA,NA,0.967196,NA,0.462476,0
"Dc49080","locus116",0.142694,0.683502,NA,NA,0.249836,NA,0.698576,0
"Dc49080","locus119",0.103612,0.94878,NA,NA,0.08049,NA,0.000532,1
"Dc49080","locus120",0.588898,0.58015,NA,NA,0.011612,NA,0.814294,1
"Dc49080","locus128",0.087054,0.452408,Inf,1,0.300566,NA,0.454548,0
"Dc49080","locus129",0.648804,0.721936,NA,0.28708,0.378708,NA,0.248296,0
"Dc49080","locus130",0.503138,NA,NA,NA,0.379514,NA,0.776056,0
"Dc49080","locus134",0.505388,0.03799,Inf,NA,0.101064,NA,0.429836,1
"Dc49080","locus135",0.167106,0.519384,NA,0.52726,0.36893,NA,1,0
"Dc49080","locus137",0.118116,0.08503,NA,1,0.344522,NA,0.73959,0
"Dc49080","locus139",0.051832,0.139188,NA,0.522824,0.535728,NA,0.412792,0
"Dc49080","locus140",0.053512,0.136762,NA,0.527292,0.523952,NA,0.412132,0
"Dc49080","locus146",0.893922,0.035452,NA,1,0.017848,NA,0.07679,2
"Dc49080","locus148",0.299384,0.787062,0.49883,1,0.492224,NA,0.127526,0
"Dc49080","locus151",0.76514,NA,NA,0.501682,0.238216,NA,0.420474,0
"Dc49080","locus157",0.196544,NA,NA,NA,0.404972,NA,1,0
"Dc49080","locus161",0.242156,0.16409,NA,0.52623,0.867564,NA,0.363966,0
"Dc49080","locus165",0.10413,0.34431,NA,NA,0.76496,NA,0.661668,0
"Dc49080","locus170",0.45821,0.914092,NA,1,0.776864,NA,0.66564,0
"Dc49080","locus176",0.498876,NA,NA,NA,0.186894,NA,0.62324,0
"Dc49080","locus184",0.872794,0.401772,NA,1,0.759216,NA,0.175374,0
"Dc49080","locus186",0.759458,0.237046,NA,1,0.411744,NA,1,0
"Dc49080","locus188",0.199646,0.818616,NA,NA,0.816298,NA,0.018326,1
"Dc49080","locus189",0.589032,0.332,NA,NA,0.158672,0.572468,1,0
"Dc49080","locus190",0.391808,0.537328,NA,NA,0.947282,1,0.34818,0
"Dc49080","locus191",0.67142,NA,NA,NA,0.15241,0.09398,0.38158,0
"Dc49080","locus192",0.270676,0.119008,NA,NA,0.555884,0.04664,0.801364,1
"Dc49080","locus195",0.779246,0.303548,NA,NA,0.463428,0.42855,0.452326,0
"Dc49080","locus202",0.521052,0.388892,NA,NA,0.270898,0.141836,0.02983,1
"Dc49080","locus215",0.233612,NA,NA,NA,0.244498,0.141986,0.29396,0
"Dc49080","locus227",0.27313,0.513782,Inf,NA,0.44893,0.42976,1,0
"Dc49080","locus231",0.661204,0.227536,NA,NA,0.792988,NA,0.086876,0
"Dc49080","locus235",0.733752,0.249718,NA,NA,0.201026,Inf,0.783704,0
"Dc49080","locus236",0.413264,0.526434,NA,NA,0.929306,1,0.618758,0
"Dc49080","locus237",0.668644,0.767742,NA,NA,0.38826,1,0.13778,0
"Dc49080","locus239",0.891804,0.802284,NA,NA,0.592966,1,0.90621,0
"Dc49080","locus248",0.849192,0.372682,NA,NA,0.868176,1,1,0
"Dc49080","locus256",0.595006,0.738136,NA,NA,0.642618,NA,1,0
"Dc49080","locus263",0.047774,0.524512,NA,NA,0.586946,NA,1,1
"Dc49080","locus264",0.500502,0.95933,NA,NA,0.837658,NA,0.588968,0
"Dc49080","locus274",0.057438,0.466676,NA,NA,0.629322,NA,0.4068,0
"Dc49080","locus280",0.32626,0.689764,NA,NA,0.808654,NA,0.16844,0
"Dc49080","locus282",0.828696,0.93188,NA,NA,0.674982,NA,1,0
"Dc49080","locus286",0.331118,0.321,NA,NA,0.33901,NA,0.815986,0
"Dc49080","locus291",0.063936,0.637444,NA,NA,0.088358,NA,0.517154,0
"Dc49080","locus292",0.297486,0.823222,1,NA,0.79506,NA,0.791076,0
"Dc49080","locus296",0.819066,0.965304,NA,NA,0.086302,NA,1,0
"Dc49080","locus301",0.951534,0.118454,NA,NA,1,NA,0.60608,0
"Dc49080","locus314",0.205704,0.162608,NA,NA,0.274646,NA,0.726558,0
"Dc49080","locus321",0.207606,0.183126,1,NA,0.618872,NA,0.930284,0
"Dc49080","locus322",0.75061,0.296566,NA,NA,0.538002,NA,1,0
"Dc49080","locus323",0.136888,0.326384,NA,NA,0.02727,NA,1,1
"Dc49080","locus329",0.468506,0.980968,NA,NA,0.404048,NA,0.916188,0
"Dc49080","locus332",0.84042,0.793776,NA,NA,0.91717,NA,0.783178,0
"Dc49080","locus358",0.474216,0.577208,NA,NA,0.088398,NA,0.381302,0
"Dc49080","locus359",0.261086,0.083246,NA,NA,0.99022,NA,0.133414,0
"Dc49080","locus360",0.788964,0.553858,NA,NA,0.281742,NA,0.910196,0
"Dc49184","Dc51020",0.592662,0.335788,NA,NA,0.192688,0.771752,0.247204,0
"Dc49184","Dc52523",0.692774,0.753012,NA,NA,0.437402,0.199278,1,0
"Dc49184","Dc55481",0.683654,0.020064,NA,0.25052,0.847048,NA,0.497378,1
"Dc49184","Dc58248",0.846776,0.620682,NA,1,0.491708,NA,0.624562,0
"Dc49184","Dc62188",0.94942,0.953578,NA,0.77035,0.349004,NA,1,0
"Dc49184","Dc67011",0.57648,0.59203,NA,1,0.785832,NA,1,0
"Dc49184","locus003",0.630946,0.398926,NA,0.658268,0.607788,NA,0.53826,0
"Dc49184","locus004",0.236788,0.440414,NA,0.772864,0.450306,NA,0.28594,0
"Dc49184","locus005",0.780328,0.504172,NA,0.619054,0.216572,NA,0.53921,0
"Dc49184","locus006",0.717284,0.172878,0.25,1,0.01694,NA,1,1
"Dc49184","locus008",0.522566,0.269372,NA,0.33386,0.094202,NA,0.076828,0
"Dc49184","locus013",0.703288,0.390254,NA,0.429766,0.004548,NA,0.30772,1
"Dc49184","locus014",0.931628,0.059842,NA,1,0.505824,NA,1,0
"Dc49184","locus022",0.666216,0.823462,NA,0.203968,0.18949,NA,0.725918,0
"Dc49184","locus024",0.874074,0.68913,NA,1,0.297028,NA,1,0
"Dc49184","locus025",0.178552,0.901082,NA,NA,0.436512,NA,0.753686,0
"Dc49184","locus027",0.726176,0.12176,NA,NA,NA,NA,NA,0
"Dc49184","locus030",0.279938,0.466358,NA,NA,0.106358,NA,1,0
"Dc49184","locus035",0.26392,0.1064,NA,NA,0.228576,NA,0.565632,0
"Dc49184","locus038",0.656882,0.271968,NA,NA,0.196072,NA,1,0
"Dc49184","locus039",0.068698,0.49128,NA,NA,0.000688,NA,1,1
"Dc49184","locus040",0.261384,0.460672,NA,NA,0.240052,NA,1,0
"Dc49184","locus041",0.74789,0.681344,NA,NA,0.165092,NA,1,0
"Dc49184","locus045",0.533024,0.38076,NA,NA,0.031716,NA,0.698414,1
"Dc49184","locus047",0.000864,0.358414,0.498164,NA,0.88146,NA,0.365464,1
"Dc49184","locus048",0.181796,0.588748,NA,NA,0.73156,NA,0.564184,0
"Dc49184","locus053",0.325152,0.117006,NA,NA,0.59438,NA,0.144618,0
"Dc49184","locus055",0.181486,0.033058,NA,NA,0.501444,NA,1,1
"Dc49184","locus056",0.38723,0.58058,NA,0.431592,0.896246,NA,0.032838,1
"Dc49184","locus058",0.124708,0.149998,NA,1,0.300056,NA,0.179724,0
"Dc49184","locus060",0.451366,0.883662,NA,0.428536,0.497662,NA,0.52499,0
"Dc49184","locus061",0.187874,NA,NA,NA,0.017368,NA,0.63654,1
"Dc49184","locus062",0.501906,0.751104,NA,0.720434,0.82999,NA,0.339992,0
"Dc49184","locus064",0.10155,0.020586,NA,1,0.51794,NA,0.372072,1
"Dc49184","locus065",0.794364,0.477246,NA,0.620748,0.90049,NA,0.372378,0
"Dc49184","locus073",0.934386,0.236884,NA,0.201144,0.515162,NA,0.343908,0
"Dc49184","locus074",0.294088,0.527128,NA,0.335008,0.372922,NA,0.366988,0
"Dc49184","locus076",0.667338,0.885988,NA,NA,0.644442,NA,0.25087,0
"Dc49184","locus077",0.297464,0.632938,NA,Inf,0.459356,NA,0.565054,0
"Dc49184","locus080",0.58266,0.174214,NA,NA,0.392418,NA,1,0
"Dc49184","locus083",0.910144,NA,NA,NA,0.584472,NA,1,0
"Dc49184","locus088",0.694396,0.673766,NA,NA,0.876018,NA,0.3424,0
"Dc49184","locus093",1,Inf,Inf,NA,1,NA,Inf,0
"Dc49184","locus096",0.884082,0.53525,NA,NA,0.80197,NA,0.287518,0
"Dc49184","locus098",0.804666,0.549272,NA,NA,0.250802,NA,1,0
"Dc49184","locus100",0.988646,0.813336,NA,NA,0.06919,NA,0.218064,0
"Dc49184","locus106",0.466168,1,NA,NA,0.530854,NA,0.393878,0
"Dc49184","locus116",0.934538,0.890948,NA,NA,0.544864,NA,0.163812,0
"Dc49184","locus119",0.704978,0.096902,NA,NA,0.769524,NA,1,0
"Dc49184","locus120",0.899918,0.95501,NA,NA,0.241096,NA,1,0
"Dc49184","locus128",0.979542,0.62161,NA,0.250502,0.166364,NA,0.345446,0
"Dc49184","locus129",0.577818,0.130618,NA,0.232228,0.511562,NA,1,0
"Dc49184","locus130",0.407064,NA,NA,NA,0.243448,NA,0.257504,0
"Dc49184","locus134",0.23399,0.366798,NA,NA,0.438818,NA,0.515962,0
"Dc49184","locus135",0.569548,0.760202,NA,1,0.532558,NA,0.84115,0
"Dc49184","locus137",0.55492,0.968502,NA,1,0.9401,NA,0.22194,0
"Dc49184","locus139",0.793544,0.088914,NA,1,0.2661,NA,0.199288,0
"Dc49184","locus140",0.79717,0.089678,NA,1,0.259244,NA,0.200008,0
"Dc49184","locus146",0.079498,0.887276,NA,0.39995,0.029668,NA,0.601172,1
"Dc49184","locus148",0.681332,0.904454,1,0.61579,0.069712,NA,1,0
"Dc49184","locus151",0.828676,NA,NA,1,0.932284,NA,0.253542,0
"Dc49184","locus157",0.298616,NA,NA,NA,0.202526,NA,0.038554,1
"Dc49184","locus161",0.022392,0.810388,NA,0.33388,0.384036,NA,0.245322,1
"Dc49184","locus165",0.590642,0.772528,NA,NA,0.588368,NA,1,0
"Dc49184","locus170",0.800758,0.150652,NA,1,0.057658,NA,1,0
"Dc49184","locus176",0.97402,NA,NA,NA,0.109324,NA,1,0
"Dc49184","locus184",0.93542,0.84416,NA,1,0.641164,NA,0.109972,0
"Dc49184","locus186",0.321654,0.57341,NA,1,0.02634,NA,0.60379,1
"Dc49184","locus188",0.342866,0.456218,NA,NA,0.381496,NA,0.690746,0
"Dc49184","locus189",0.899156,0.452618,NA,NA,0.852596,1,0.726308,0
"Dc49184","locus190",0.511578,0.657878,NA,NA,0.906186,0.619968,0.123644,0
"Dc49184","locus191",0.93239,NA,NA,NA,0.139168,1,0.462868,0
"Dc49184","locus192",0.745666,1,NA,NA,0.813354,1,0.815104,0
"Dc49184","locus195",0.21076,0.849104,NA,NA,0.734366,0.657186,1,0
"Dc49184","locus202",0.72256,0.588982,NA,NA,0.400696,0.658522,0.73559,0
"Dc49184","locus215",0.590814,NA,NA,NA,0.42447,0.428562,1,0
"Dc49184","locus227",0.811882,0.63423,Inf,NA,0.561506,0.427692,1,0
"Dc49184","locus231",0.421454,0.733196,NA,NA,0.954944,NA,1,0
"Dc49184","locus235",0.91933,0.738002,NA,NA,0.121512,Inf,1,0
"Dc49184","locus236",0.808458,0.230876,NA,NA,0.82966,1,0.198818,0
"Dc49184","locus237",0.666078,0.53237,NA,NA,0.477058,1,0.26263,0
"Dc49184","locus239",0.24755,0.933966,NA,NA,0.269658,0.429348,1,0
"Dc49184","locus248",0.110582,0.184238,NA,NA,0.13219,0.429638,0.517266,0
"Dc49184","locus256",0.765346,0.523734,NA,NA,0.118758,NA,0.307348,0
"Dc49184","locus263",0.341772,0.73824,Inf,NA,1,NA,0.201096,0
"Dc49184","locus264",0.037302,0.290726,NA,NA,0.532534,NA,0.308652,1
"Dc49184","locus274",0.486666,0.499784,NA,NA,0.342924,NA,0.632116,0
"Dc49184","locus280",0.77464,0.331372,NA,NA,0.287136,NA,1,0
"Dc49184","locus282",0.332512,0.502808,NA,NA,0.771158,NA,0.516274,0
"Dc49184","locus286",0.89481,0.739338,NA,NA,0.222912,NA,0.5635,0
"Dc49184","locus291",0.128454,0.579234,NA,NA,0.4709,NA,0.725892,0
"Dc49184","locus292",0.911878,0.245288,1,NA,0.0867,NA,0.505162,0
"Dc49184","locus296",0.8763,0.290656,NA,NA,0.357736,NA,1,0
"Dc49184","locus301",0.447068,0.495276,Inf,NA,0.344308,NA,1,0
"Dc49184","locus314",0.466644,0.910726,NA,NA,0.62896,NA,1,0
"Dc49184","locus321",0.913282,0.441552,0.249254,NA,0.42886,NA,0.383492,0
"Dc49184","locus322",0.771272,0.635368,NA,NA,0.11577,NA,0.262286,0
"Dc49184","locus323",0.44251,0.52704,NA,NA,0.05187,NA,0.649948,0
"Dc49184","locus329",0.902042,0.370212,NA,NA,0.892552,NA,1,0
"Dc49184","locus332",0.918258,0.276336,NA,NA,0.872168,NA,0.56876,0
"Dc49184","locus358",0.654616,0.829096,NA,NA,0.28282,NA,0.286122,0
"Dc49184","locus359",0.543332,0.515554,NA,NA,0.265492,NA,0.198948,0
"Dc49184","locus360",0.164774,0.578654,NA,NA,0.030106,NA,0.132968,1
"Dc51020","Dc52523",0.656568,0.620324,NA,NA,0.280788,0.772598,0.82816,0
"Dc51020","Dc55481",0.889394,0.815844,NA,1,0.0947,NA,0.191704,0
"Dc51020","Dc58248",0.2793,0.027352,NA,0.227516,0.227928,NA,0.475224,1
"Dc51020","Dc62188",0.722172,0.880718,NA,0.772552,0.593564,NA,0.66315,0
"Dc51020","Dc67011",0.198938,0.65431,NA,1,0.603626,NA,0.788078,0
"Dc51020","locus003",0.435754,0.162892,NA,1,0.750196,NA,0.70859,0
"Dc51020","locus004",1,0.549436,NA,1,0.440362,NA,0.775858,0
"Dc51020","locus005",0.48774,0.912184,NA,1,0.365706,NA,0.492182,0
"Dc51020","locus006",0.01499,0.283248,1,1,0.312618,NA,0.699662,1
"Dc51020","locus008",0.154078,0.266094,NA,1,0.500862,NA,0.763236,0
"Dc51020","locus013",0.0938,0.080592,NA,0.25624,0.087686,NA,0.917056,0
"Dc51020","locus014",0.198792,0.322772,NA,0.429472,0.04873,NA,0.210228,1
"Dc51020","locus022",0.127236,0.732118,NA,0.656654,0.248952,NA,0.361028,0
"Dc51020","locus024",0.149974,0.949324,NA,1,0.728394,NA,0.373904,0
"Dc51020","locus025",0.65341,0.502018,NA,NA,0.91882,NA,0.199904,0
"Dc51020","locus027",0.375548,0.963614,NA,NA,NA,NA,NA,0
"Dc51020","locus030",0.859286,0.964914,NA,NA,0.85111,NA,0.074434,0
"Dc51020","locus035",0.830714,0.014318,NA,NA,0.918254,NA,0.52538,1
"Dc51020","locus038",0.382056,0.766894,NA,NA,0.601944,NA,0.448032,0
"Dc51020","locus039",0.1007,0.09024,NA,NA,0.028448,NA,0.065606,1
"Dc51020","locus040",0.414392,0.341674,NA,NA,0.895302,NA,1,0
"Dc51020","locus041",0.446976,0.783922,NA,NA,0.022644,NA,1,1
"Dc51020","locus045",0.655448,0.676952,NA,NA,0.48936,NA,0.538824,0
"Dc51020","locus047",0.471056,0.253972,1,NA,0.520938,NA,0.920218,0
"Dc51020","locus048",0.14845,0.042626,NA,NA,0.736046,NA,0.366988,1
"Dc51020","locus053",0.702544,0.752766,NA,NA,0.99647,NA,0.663532,0
"Dc51020","locus055",0.471578,0.931304,NA,NA,0.91282,NA,0.85102,0
"Dc51020","locus056",0.061654,0.010718,NA,1,0.883624,NA,0.514024,1
"Dc51020","locus058",0.42863,0.406546,NA,0.141914,0.602658,NA,0.554018,0
"Dc51020","locus060",0.240006,0.53072,NA,1,0.848972,NA,0.44593,0
"Dc51020","locus061",0.486418,NA,NA,NA,0.597864,NA,0.33851,0
"Dc51020","locus062",0.591756,0.126696,NA,1,0.359384,NA,0.911236,0
"Dc51020","locus064",0.09991,0.109486,NA,1,0.017086,NA,0.658308,1
"Dc51020","locus065",0.007302,0.867762,NA,0.428378,0.69487,NA,0.656308,1
"Dc51020","locus073",0.976968,0.379016,NA,0.597036,0.20556,NA,0.110926,0
"Dc51020","locus074",0.837088,0.08112,NA,1,0.956752,NA,1,0
"Dc51020","locus076",0.653694,0.143676,NA,NA,0.279686,NA,0.804774,0
"Dc51020","locus077",1,0.377318,NA,Inf,1,NA,1,0
"Dc51020","locus080",0.726962,0.742932,NA,NA,0.517274,NA,0.586354,0
"Dc51020","locus083",0.389662,NA,NA,NA,0.208996,NA,0.494204,0
"Dc51020","locus088",0.35768,0.499846,NA,NA,0.104172,NA,0.792544,0
"Dc51020","locus093",1,Inf,Inf,NA,1,NA,1,0
"Dc51020","locus096",0.391008,0.882918,NA,NA,0.561658,NA,0.777208,0
"Dc51020","locus098",0.718934,0.497658,NA,NA,0.34835,NA,0.647442,0
"Dc51020","locus100",0.702882,0.45794,NA,NA,0.254546,NA,0.44557,0
"Dc51020","locus106",0.894128,0.600858,NA,NA,0.13643,NA,0.692564,0
"Dc51020","locus116",0.653018,0.737488,NA,NA,0.642162,NA,0.762862,0
"Dc51020","locus119",0.332038,0.059462,NA,NA,0.451154,NA,0.79944,0
"Dc51020","locus120",0.458992,0.509502,NA,NA,0.472682,NA,0.544656,0
"Dc51020","locus128",0.022286,0.713344,NA,1,0.522258,NA,0.673708,1
"Dc51020","locus129",0.07945,0.606084,NA,1,0.35057,NA,0.013882,1
"Dc51020","locus130",0.753204,NA,NA,NA,0.52855,NA,0.119704,0
"Dc51020","locus134",0.774974,0.526156,NA,NA,0.385382,NA,0.789136,0
"Dc51020","locus135",0.544804,0.574744,NA,1,0.800092,NA,0.869534,0
"Dc51020","locus137",0.708564,0.648166,NA,1,0.424746,NA,1,0
"Dc51020","locus139",0.05566,0.469744,NA,0.427798,0.025986,NA,0.608852,1
"Dc51020","locus140",0.058058,0.468852,NA,0.429184,0.026438,NA,0.606956,1
"Dc51020","locus146",0.740644,0.12168,NA,1,0.093508,NA,0.236202,0
"Dc51020","locus148",0.09021,0.343868,1,1,0.094786,NA,0.695106,0
"Dc51020","locus151",0.04727,NA,NA,1,0.85139,NA,1,1
"Dc51020","locus157",0.356992,NA,NA,NA,0.45955,NA,0.218896,0
"Dc51020","locus161",0.223098,0.582272,NA,0.142672,0.022862,NA,0.16694,1
"Dc51020","locus165",0.581572,0.094414,NA,NA,0.593336,NA,1,0
"Dc51020","locus170",0.05642,0.537798,NA,0.312472,0.42696,NA,0.377232,0
"Dc51020","locus176",0.581828,NA,NA,NA,0.731216,NA,0.201776,0
"Dc51020","locus184",0.196162,0.50185,NA,1,0.257634,NA,0.534986,0
"Dc51020","locus186",0.683874,0.227238,NA,1,0.471604,NA,0.730216,0
"Dc51020","locus188",0.339162,0.413612,NA,NA,0.940748,NA,0.402278,0
"Dc51020","locus189",0.40924,0.870742,NA,NA,0.267316,1,0.83817,0
"Dc51020","locus190",0.53179,0.328382,NA,NA,0.8555,0.143338,0.86454,0
"Dc51020","locus191",0.954362,NA,NA,NA,0.623378,1,0.732202,0
"Dc51020","locus192",0.907628,0.81713,NA,NA,0.016788,0.332616,0.281738,1
"Dc51020","locus195",0.615862,0.184318,NA,NA,0.139988,0.258424,0.322232,0
"Dc51020","locus202",0.96252,0.72351,NA,NA,0.933872,0.427138,1,0
"Dc51020","locus215",0.45072,NA,NA,NA,0.066722,0.774174,0.446082,0
"Dc51020","locus227",0.53147,1,Inf,NA,0.154314,1,0.648522,0
"Dc51020","locus231",0.052452,0.771364,NA,NA,0.343178,NA,0.621026,0
"Dc51020","locus235",0.561924,0.452056,NA,NA,0.76351,Inf,0.153236,0
"Dc51020","locus236",0.03862,0.064386,NA,NA,0.582458,0.6553,0.608184,1
"Dc51020","locus237",0.739334,0.413494,NA,NA,0.980608,0.617818,0.856406,0
"Dc51020","locus239",0.059836,0.702316,NA,NA,0.921506,0.427024,0.415584,0
"Dc51020","locus248",0.57747,0.127896,NA,NA,0.585072,0.426256,0.244026,0
"Dc51020","locus256",0.93373,0.502968,NA,NA,0.309338,NA,1,0
"Dc51020","locus263",0.402774,0.645974,1,NA,0.202532,NA,1,0
"Dc51020","locus264",0.463,0.034894,NA,NA,0.110686,NA,0.204748,1
"Dc51020","locus274",0.715928,0.973586,NA,NA,0.706736,NA,0.864902,0
"Dc51020","locus280",0.016074,0.440938,NA,NA,0.89467,NA,0.86746,1
"Dc51020","locus282",0.579602,0.544358,NA,NA,0.680182,NA,0.08985,0
"Dc51020","locus286",0.058788,0.48726,NA,NA,0.212888,NA,0.68272,0
"Dc51020","locus291",1,0.506572,NA,NA,0.919846,NA,0.363194,0
"Dc51020","locus292",0.376242,0.861884,1,NA,0.792132,NA,0.464166,0
"Dc51020","locus296",0.066192,0.381454,NA,NA,0.988694,NA,0.788198,0
"Dc51020","locus301",0.960718,0.304692,Inf,NA,0.85325,NA,0.649938,0
"Dc51020","locus314",0.193146,1,NA,NA,0.50402,NA,0.055562,0
"Dc51020","locus321",0.560454,0.371226,1,NA,0.33243,NA,0.245466,0
"Dc51020","locus322",0.622002,0.022482,NA,NA,0.06177,NA,0.601674,1
"Dc51020","locus323",0.420292,0.54539,NA,NA,0.043576,NA,1,1
"Dc51020","locus329",0.420718,0.456358,NA,NA,0.773148,NA,0.200832,0
"Dc51020","locus332",0.768132,0.91831,NA,NA,0.286816,NA,0.308444,0
"Dc51020","locus358",0.00143,0.509806,NA,NA,0.712824,NA,0.46281,1
"Dc51020","locus359",0.160078,0.280536,NA,NA,0.314716,NA,1,0
"Dc51020","locus360",0.800938,0.954364,NA,NA,0.1998,NA,0.195268,0
"Dc52523","Dc55481",0.98492,0.28812,NA,1,0.240926,NA,0.841764,0
"Dc52523","Dc58248",0.307174,0.45245,NA,0.602894,0.636852,NA,0.908746,0
"Dc52523","Dc62188",0.55648,0.678914,NA,0.20009,0.306454,NA,0.746316,0
"Dc52523","Dc67011",0.235224,0.908466,NA,1,0.693056,NA,0.10639,0
"Dc52523","locus003",0.557782,0.366764,NA,1,0.748426,NA,0.264348,0
"Dc52523","locus004",0.881314,0.57653,NA,0.466566,0.400168,NA,0.85924,0
"Dc52523","locus005",0.692288,0.825926,NA,0.466152,0.915886,NA,0.700798,0
"Dc52523","locus006",0.16875,0.145238,1,1,0.873496,NA,0.194834,0
"Dc52523","locus008",0.515646,0.090616,NA,1,0.676056,NA,0.026626,1
"Dc52523","locus013",0.29116,0.596944,NA,0.467248,0.007486,NA,0.13074,1
"Dc52523","locus014",0.56229,0.928744,NA,0.068442,0.640008,NA,0.94835,0
"Dc52523","locus022",0.16933,0.642244,NA,0.067992,0.39975,NA,0.536886,0
"Dc52523","locus024",0.034198,0.054582,NA,1,0.391814,NA,1,1
"Dc52523","locus025",0.332924,0.322108,NA,NA,0.269676,NA,0.386126,0
"Dc52523","locus027",0.02099,0.795306,NA,NA,NA,NA,NA,1
"Dc52523","locus030",0.048358,0.675478,NA,NA,0.464276,NA,0.92523,1
"Dc52523","locus035",0.096812,0.669656,NA,NA,0.44573,NA,1,0
"Dc52523","locus038",0.897574,0.129886,NA,NA,0.370302,NA,0.816952,0
"Dc52523","locus039",0.308544,0.568502,NA,NA,0.636914,NA,0.037342,1
"Dc52523","locus040",0.611568,0.85826,NA,NA,0.801946,NA,0.302046,0
"Dc52523","locus041",0.649234,0.709404,NA,NA,0.139518,NA,0.470632,0
"Dc52523","locus045",0.259034,0.940814,NA,NA,0.091556,NA,0.0451,1
"Dc52523","locus047",0.306006,0.333272,0.500096,NA,0.672212,NA,0.250512,0
"Dc52523","locus048",0.08919,0.667682,NA,NA,0.85125,NA,1,0
"Dc52523","locus053",0.01038,0.54105,NA,NA,0.102352,NA,0.547424,1
"Dc52523","locus055",0.998714,0.786478,NA,NA,0.49501,NA,0.699774,0
"Dc52523","locus056",0.078176,0.792408,NA,0.331336,0.678214,NA,1,0
"Dc52523","locus058",0.079236,0.41215,NA,1,0.883214,NA,0.840898,0
"Dc52523","locus060",0.05079,0.677712,NA,Inf,0.301356,NA,1,0
"Dc52523","locus061",0.3208,NA,NA,NA,0.56145,NA,0.676572,0
"Dc52523","locus062",0.14142,0.183774,NA,0.333154,0.487472,NA,0.263722,0
"Dc52523","locus064",0.07264,0.14174,NA,0.335828,0.534972,NA,1,0
"Dc52523","locus065",0.728012,0.158106,NA,1,0.03217,NA,0.681288,1
"Dc52523","locus073",0.491756,0.845928,NA,0.09996,0.780876,NA,1,0
"Dc52523","locus074",0.698358,0.274786,NA,1,0.026568,NA,0.065854,1
"Dc52523","locus076",0.429906,0.986498,NA,NA,0.289244,NA,0.26621,0
"Dc52523","locus077",0.436696,0.295062,NA,Inf,0.707084,NA,0.38857,0
"Dc52523","locus080",0.06164,0.119982,NA,NA,0.86892,NA,0.94535,0
"Dc52523","locus083",0.20422,NA,NA,NA,0.775066,NA,0.35112,0
"Dc52523","locus088",0.122168,0.803732,NA,NA,0.141392,NA,1,0
"Dc52523","locus093",0.0038,Inf,Inf,NA,0.301542,NA,1,1
"Dc52523","locus096",0.03009,0.566466,NA,NA,0.372426,NA,0.083124,1
"Dc52523","locus098",0.241914,0.05031,NA,NA,0.87353,NA,0.86698,0
"Dc52523","locus100",0.704142,0.069368,NA,NA,0.779934,NA,1,0
"Dc52523","locus106",0.821286,0.159582,NA,NA,0.909642,NA,1,0
"Dc52523","locus116",0.172784,0.320542,NA,NA,0.24706,NA,0.821896,0
"Dc52523","locus119",0.235814,0.401322,NA,NA,0.321594,NA,1,0
"Dc52523","locus120",0.584082,0.210808,NA,NA,0.114278,NA,0.197648,0
"Dc52523","locus128",0.759232,0.234182,NA,1,0.67264,NA,1,0
"Dc52523","locus129",0.266318,0.563868,NA,1,0.302694,NA,0.340652,0
"Dc52523","locus130",0.105016,NA,NA,NA,0.712844,NA,0.495986,0
"Dc52523","locus134",0.955634,0.59182,NA,NA,0.642802,NA,0.303478,0
"Dc52523","locus135",0.64187,0.241914,NA,1,0.458056,NA,0.909218,0
"Dc52523","locus137",0.062468,0.542712,NA,1,0.507852,NA,0.516384,0
"Dc52523","locus139",0.684592,0.27464,NA,1,0.01026,NA,1,1
"Dc52523","locus140",0.678482,0.277002,NA,1,0.010084,NA,1,1
"Dc52523","locus146",0.02088,0.50241,NA,1,0.467878,NA,0.656172,1
"Dc52523","locus148",0.404698,0.70202,0.250138,0.466076,0.353442,NA,0.3522,0
"Dc52523","locus151",0.800748,NA,NA,1,0.606502,NA,1,0
"Dc52523","locus157",0.6008,NA,NA,NA,0.36904,NA,0.820384,0
"Dc52523","locus161",0.959144,0.190566,NA,0.466262,0.91886,NA,1,0
"Dc52523","locus165",0.788264,0.678116,NA,NA,0.103966,NA,0.388118,0
"Dc52523","locus170",0.79919,0.899774,NA,1,0.105432,NA,0.700102,0
"Dc52523","locus176",0.718562,NA,NA,NA,0.785336,NA,0.771124,0
"Dc52523","locus184",0.355706,0.346472,NA,0.334244,0.917434,NA,0.107102,0
"Dc52523","locus186",0.708674,0.664262,NA,0.400734,0.853036,NA,0.302976,0
"Dc52523","locus188",0.11342,0.468468,NA,NA,0.30803,NA,0.517888,0
"Dc52523","locus189",0.193364,0.820068,NA,NA,0.179056,0.25616,0.686268,0
"Dc52523","locus190",0.267732,0.326068,NA,NA,0.177092,1,0.860232,0
"Dc52523","locus191",0.384048,NA,NA,NA,0.578188,0.544066,0.387924,0
"Dc52523","locus192",0.573152,0.525296,NA,NA,0.800102,1,0.791326,0
"Dc52523","locus195",0.39431,0.320154,NA,NA,0.250104,0.772308,0.04762,1
"Dc52523","locus202",0.707444,0.624728,NA,NA,0.694492,1,0.47456,0
"Dc52523","locus215",0.076864,NA,Inf,NA,0.618128,0.768908,1,0
"Dc52523","locus227",0.592486,0.694832,Inf,NA,0.528294,0.085586,0.422662,0
"Dc52523","locus231",0.813214,0.467114,NA,NA,0.518558,NA,0.055066,0
"Dc52523","locus235",0.122084,0.936646,NA,NA,0.754712,Inf,0.515922,0
"Dc52523","locus236",0.721044,0.124962,NA,NA,0.007856,0.429676,0.41905,1
"Dc52523","locus237",0.649236,0.62271,NA,NA,0.36488,0.430766,0.41552,0
"Dc52523","locus239",0.70432,0.258544,NA,NA,0.301524,1,0.715882,0
"Dc52523","locus248",0.500092,0.579912,NA,NA,0.586052,0.770626,0.578892,0
"Dc52523","locus256",0.453024,0.386386,NA,NA,0.644204,NA,0.320306,0
"Dc52523","locus263",0.686634,0.918252,0.334686,NA,0.119376,NA,1,0
"Dc52523","locus264",0.551686,0.949166,NA,NA,0.152714,NA,0.39274,0
"Dc52523","locus274",0.166962,0.522444,NA,NA,0.166388,NA,0.198022,0
"Dc52523","locus280",0.040184,0.812794,NA,NA,0.419412,NA,0.006286,2
"Dc52523","locus282",0.720522,0.368062,NA,NA,0.813314,NA,0.649598,0
"Dc52523","locus286",0.746488,0.899276,NA,NA,0.812052,NA,0.679672,0
"Dc52523","locus291",0.611554,0.939844,NA,NA,0.288304,NA,0.052014,0
"Dc52523","locus292",0.701988,0.557616,1,NA,0.298692,NA,0.195456,0
"Dc52523","locus296",0.254882,0.922022,NA,NA,0.338892,NA,0.52837,0
"Dc52523","locus301",0.695668,0.141726,NA,NA,0.773678,NA,1,0
"Dc52523","locus314",0.44171,0.590666,NA,NA,0.582762,NA,1,0
"Dc52523","locus321",0.101724,0.056066,1,NA,0.673958,NA,0.839244,0
"Dc52523","locus322",0.42909,0.493104,NA,NA,0.256648,NA,1,0
"Dc52523","locus323",0.316314,0.401992,NA,NA,0.52631,NA,0.655,0
"Dc52523","locus329",0.523296,0.300436,NA,NA,0.018478,NA,0.910234,1
"Dc52523","locus332",0.39542,0.033498,NA,NA,0.647776,NA,0.61283,1
"Dc52523","locus358",0.618026,0.811032,NA,NA,0.646878,NA,0.614294,0
"Dc52523","locus359",0.851674,0.96073,NA,NA,0.289246,NA,Inf,0
"Dc52523","locus360",0.558574,0.95576,NA,NA,0.778786,NA,0.388802,0
"Dc55481","Dc58248",0.7327,0.82475,NA,1,0.67937,NA,1,0
"Dc55481","Dc62188",0.450558,0.786214,NA,1,0.486276,NA,0.228196,0
"Dc55481","Dc67011",1,0.79095,NA,Inf,0.049264,NA,0.547188,1
"Dc55481","locus003",0.8824,0.19907,NA,1,0.883722,NA,1,0
"Dc55481","locus004",0.018632,0.253388,NA,1,0.730762,NA,1,1
"Dc55481","locus005",0.061496,0.586422,NA,1,0.656754,NA,1,0
"Dc55481","locus006",0.67345,0.619238,1,Inf,0.54633,NA,1,0
"Dc55481","locus008",0.94764,0.919552,NA,1,1,NA,1,0
"Dc55481","locus013",0.725322,0.0849,NA,1,0.875986,NA,1,0
"Dc55481","locus014",0.166466,0.64117,NA,1,0.68067,NA,0.29232,0
"Dc55481","locus022",0.288758,0.160804,NA,1,0.550726,NA,0.31909,0
"Dc55481","locus024",0.840022,0.08315,NA,Inf,0.490234,NA,0.372522,0
"Dc55481","locus025",0.378466,0.910284,Inf,NA,0.673238,NA,0.512604,0
"Dc55481","locus027",0.86107,0.142304,NA,NA,NA,NA,NA,0
"Dc55481","locus030",0.944304,0.02436,NA,NA,0.275974,NA,0.434374,1
"Dc55481","locus035",0.288286,0.56935,NA,NA,1,NA,0.160534,0
"Dc55481","locus038",0.723976,0.050748,NA,NA,0.624328,NA,0.45457,0
"Dc55481","locus039",0.691206,0.33428,NA,NA,0.313002,NA,1,0
"Dc55481","locus040",0.832746,0.589202,NA,NA,0.89851,NA,1,0
"Dc55481","locus041",0.674976,0.329536,NA,NA,0.777648,NA,0.167776,0
"Dc55481","locus045",0.02562,0.179012,NA,NA,0.513114,NA,1,1
"Dc55481","locus047",0.088706,0.162852,1,NA,0.587952,NA,0.541154,0
"Dc55481","locus048",0.07898,0.844786,NA,NA,0.659756,NA,0.661766,0
"Dc55481","locus053",0.30024,0.886096,NA,NA,0.304024,NA,0.305684,0
"Dc55481","locus055",0.427086,0.936612,NA,NA,0.403058,NA,0.196116,0
"Dc55481","locus056",0.74779,0.449274,NA,0.249978,0.112112,NA,0.341424,0
"Dc55481","locus058",0.372062,0.429396,NA,1,0.616612,NA,1,0
"Dc55481","locus060",1,0.93604,NA,Inf,0.214338,NA,0.344102,0
"Dc55481","locus061",0.540874,NA,NA,NA,1,NA,0.18133,0
"Dc55481","locus062",0.07505,0.385928,NA,1,0.015418,NA,0.070044,1
"Dc55481","locus064",0.420742,0.60108,NA,1,0.888836,NA,0.501056,0
"Dc55481","locus065",0.365336,0.1283,NA,1,0.747544,NA,1,0
"Dc55481","locus073",0.025228,0.558268,NA,1,0.247854,NA,0.56862,1
"Dc55481","locus074",0.076274,0.050602,NA,1,0.402182,NA,1,0
"Dc55481","locus076",0.404162,0.011342,NA,NA,0.453398,NA,0.056206,1
"Dc55481","locus077",0.302484,0.762638,NA,Inf,0.21268,NA,1,0
"Dc55481","locus080",0.415502,0.17644,NA,NA,0.693054,NA,0.850642,0
"Dc55481","locus083",0.251124,NA,NA,NA,0.265502,NA,1,0
"Dc55481","locus088",1,0.480622,NA,NA,0.415224,NA,0.737794,0
"Dc55481","locus093",0.575038,Inf,Inf,NA,1,NA,1,0
"Dc55481","locus096",1,0.272228,NA,NA,1,NA,0.7451,0
"Dc55481","locus098",0.960798,0.367566,NA,NA,0.337738,NA,0.579798,0
"Dc55481","locus100",0.820562,0.717842,NA,NA,0.754782,NA,0.22216,0
"Dc55481","locus106",0.626504,0.056222,NA,NA,1,NA,1,0
"Dc55481","locus116",0.174344,1,NA,NA,0.470702,NA,0.29346,0
"Dc55481","locus119",0.226818,0.6697,NA,NA,0.596758,NA,0.58303,0
"Dc55481","locus120",0.464382,0.840392,NA,NA,0.225188,NA,1,0
"Dc55481","locus128",0.492944,0.043134,NA,0.250082,0.570884,NA,0.501044,1
"Dc55481","locus129",0.50133,0.79999,NA,1,0.900884,NA,0.847284,0
"Dc55481","locus130",1,NA,NA,NA,0.122792,NA,1,0
"Dc55481","locus134",0.158972,0.020094,NA,NA,0.749902,NA,1,1
"Dc55481","locus135",0.246928,0.253084,NA,1,0.904474,NA,0.449284,0
"Dc55481","locus137",1,0.150024,NA,Inf,0.19,NA,0.73908,0
"Dc55481","locus139",0.593786,0.072788,NA,Inf,1,NA,0.747082,0
"Dc55481","locus140",0.592288,0.073894,NA,Inf,1,NA,0.746656,0
"Dc55481","locus146",0.947378,0.125126,NA,1,0.385704,NA,0.042028,1
"Dc55481","locus148",0.30174,0.866892,1,1,0.000684,NA,1,1
"Dc55481","locus151",0.959976,NA,NA,0.499046,0.648526,NA,0.069148,0
"Dc55481","locus157",0.126232,NA,NA,NA,0.553878,NA,1,0
"Dc55481","locus161",0.633088,0.211388,NA,1,1,NA,0.073262,0
"Dc55481","locus165",0.519808,0.183184,Inf,NA,1,NA,0.09137,0
"Dc55481","locus170",0.489548,0.666132,NA,0.498988,0.944434,NA,1,0
"Dc55481","locus176",0.319826,NA,NA,NA,0.127548,NA,0.583846,0
"Dc55481","locus184",0.302164,0.764186,NA,1,0.573662,NA,0.596742,0
"Dc55481","locus186",0.246972,0.060824,NA,1,0.22141,NA,0.736888,0
"Dc55481","locus188",0.536186,0.37857,Inf,NA,0.766122,NA,0.55397,0
"Dc55481","locus189",0.112092,0.141216,NA,NA,0.512438,1,0.109574,0
"Dc55481","locus190",0.321878,0.677832,NA,NA,0.359792,1,0.146928,0
"Dc55481","locus191",0.6149,NA,Inf,NA,0.656166,1,0.739772,0
"Dc55481","locus192",0.965878,0.657656,NA,NA,0.50572,1,1,0
"Dc55481","locus195",0.678432,0.74457,NA,NA,0.11125,1,1,0
"Dc55481","locus202",0.541316,0.591004,NA,NA,0.613088,1,0.764668,0
"Dc55481","locus215",0.260602,NA,NA,NA,0.312984,1,0.239312,0
"Dc55481","locus227",0.966624,0.87563,Inf,NA,0.533032,1,0.544938,0
"Dc55481","locus231",0.777986,0.218502,NA,NA,0.65059,NA,0.59392,0
"Dc55481","locus235",0.013706,0.39766,NA,NA,0.455814,Inf,0.63364,1
"Dc55481","locus236",0.250652,0.4821,NA,NA,0.517898,1,0.56749,0
"Dc55481","locus237",0.392254,0.261442,NA,NA,0.532604,1,0.470106,0
"Dc55481","locus239",0.51863,0.378818,NA,NA,0.063186,1,0.871804,0
"Dc55481","locus248",0.91266,0.351528,NA,NA,0.313236,0.249184,1,0
"Dc55481","locus256",0.20132,0.963478,NA,NA,0.188582,NA,1,0
"Dc55481","locus263",0.060908,0.844266,1,NA,0.67865,NA,0.502132,0
"Dc55481","locus264",0.349674,0.80328,NA,NA,0.543878,NA,0.903144,0
"Dc55481","locus274",0.709518,0.127552,NA,NA,0.415888,NA,0.633368,0
"Dc55481","locus280",0.500454,0.255006,NA,NA,0.37244,NA,1,0
"Dc55481","locus282",0.19771,0.539094,NA,NA,1,NA,0.345654,0
"Dc55481","locus286",0.679188,0.334644,NA,NA,1,NA,0.090196,0
"Dc55481","locus291",0.973104,0.221422,NA,NA,0.816848,NA,0.901366,0
"Dc55481","locus292",0.818368,0.11137,0.249138,NA,0.634328,NA,1,0
"Dc55481","locus296",0.675904,0.452954,NA,NA,0.250742,NA,0.470828,0
"Dc55481","locus301",0.958656,0.54807,NA,NA,0.288736,NA,1,0
"Dc55481","locus314",0.08245,0.658364,NA,NA,0.694356,NA,0.250152,0
"Dc55481","locus321",0.53334,0.227396,1,NA,0.92778,NA,0.9015,0
"Dc55481","locus322",0.837158,1,NA,NA,0.875848,NA,1,0
"Dc55481","locus323",0.422788,0.134598,NA,NA,0.132028,NA,0.350108,0
"Dc55481","locus329",0.00749,0.437638,NA,NA,0.259656,NA,1,1
"Dc55481","locus332",0.44591,0.373186,NA,NA,0.194906,NA,0.015136,1
"Dc55481","locus358",1,0.504628,NA,NA,0.692358,NA,0.698406,0
"Dc55481","locus359",0.887196,0.434888,NA,NA,0.215288,NA,Inf,0
"Dc55481","locus360",0.07543,0.414914,NA,NA,0.040334,NA,1,1
"Dc58248","Dc62188",0.346732,0.289524,NA,0.26014,0.91969,NA,1,0
"Dc58248","Dc67011",0.574622,0.230472,NA,1,0.561636,NA,0.742372,0
"Dc58248","locus003",0.883122,0.783424,NA,1,0.093816,NA,0.144978,0
"Dc58248","locus004",0.365576,0.887708,NA,1,0.622304,NA,0.24816,0
"Dc58248","locus005",0.95438,0.840134,NA,1,0.31276,NA,0.823528,0
"Dc58248","locus006",0.033834,0.07081,0.501292,1,0.66349,NA,0.2989,1
"Dc58248","locus008",0.943762,0.519838,NA,1,0.267806,NA,0.83229,0
"Dc58248","locus013",0.066132,0.210922,NA,0.116496,0.219834,NA,0.497786,0
"Dc58248","locus014",0.589538,0.803954,NA,0.112794,0.233854,NA,0.81491,0
"Dc58248","locus022",0.62294,0.841758,NA,0.486488,0.671764,NA,0.0825,0
"Dc58248","locus024",0.835676,0.904016,NA,1,0.98702,NA,0.662552,0
"Dc58248","locus025",0.127122,0.396838,Inf,NA,0.153812,NA,0.37617,0
"Dc58248","locus027",0.642522,0.735914,NA,NA,NA,NA,NA,0
"Dc58248","locus030",0.307636,0.331374,NA,NA,0.554046,NA,0.103072,0
"Dc58248","locus035",0.381452,0.230554,NA,NA,0.763804,NA,0.624756,0
"Dc58248","locus038",0.642962,0.162182,NA,NA,0.517162,NA,0.16597,0
"Dc58248","locus039",0.334406,0.12215,NA,NA,0.935282,NA,0.740454,0
"Dc58248","locus040",1,0.312922,NA,NA,0.502244,NA,1,0
"Dc58248","locus041",0.985246,0.927486,NA,NA,0.220248,NA,0.48554,0
"Dc58248","locus045",0.391574,0.465702,NA,NA,0.389354,NA,0.371286,0
"Dc58248","locus047",0.700026,0.524622,1,NA,0.182632,NA,0.941258,0
"Dc58248","locus048",0.379038,0.916358,NA,NA,0.362774,NA,0.38576,0
"Dc58248","locus053",0.416632,0.020806,NA,NA,0.872722,NA,0.18276,1
"Dc58248","locus055",0.360312,0.698184,NA,NA,0.430754,NA,0.104604,0
"Dc58248","locus056",0.459118,0.148932,NA,1,0.200918,NA,0.669554,0
"Dc58248","locus058",0.20702,0.170952,NA,0.485426,0.507376,NA,0.997348,0
"Dc58248","locus060",0.552604,0.777114,NA,1,0.214094,NA,0.528018,0
"Dc58248","locus061",0.117222,NA,NA,NA,0.038898,NA,0.901486,1
"Dc58248","locus062",0.313586,0.282476,NA,1,0.150482,NA,0.990232,0
"Dc58248","locus064",0.639648,0.18917,NA,1,0.484222,NA,1,0
"Dc58248","locus065",0.361222,0.469352,NA,0.572228,0.089186,NA,1,0
"Dc58248","locus073",0.335818,0.175302,NA,0.7994,0.14458,NA,0.356802,0
"Dc58248","locus074",0.544532,0.501564,NA,1,0.50143,NA,0.669782,0
"Dc58248","locus076",0.485058,0.089422,NA,NA,0.654974,NA,1,0
"Dc58248","locus077",0.464532,0.967386,NA,Inf,0.157776,NA,0.70314,0
"Dc58248","locus080",0.791562,0.504988,NA,NA,0.789858,NA,0.711128,0
"Dc58248","locus083",0.142074,NA,NA,NA,0.943156,NA,0.100238,0
"Dc58248","locus088",0.340664,0.692428,NA,NA,0.44633,NA,0.537938,0
"Dc58248","locus093",1,Inf,Inf,NA,1,NA,1,0
"Dc58248","locus096",0.473836,0.175566,NA,NA,0.193152,NA,0.127938,0
"Dc58248","locus098",0.033102,0.736096,NA,NA,0.600546,NA,0.933602,1
"Dc58248","locus100",0.33963,0.953086,NA,NA,0.940186,NA,0.164784,0
"Dc58248","locus106",0.10312,0.58326,NA,NA,0.162092,NA,0.53131,0
"Dc58248","locus116",0.555768,0.861954,NA,NA,0.751526,NA,0.722788,0
"Dc58248","locus119",0.010666,0.637234,NA,NA,0.645972,NA,0.483106,1
"Dc58248","locus120",0.921332,0.081244,NA,NA,0.62615,NA,0.92287,0
"Dc58248","locus128",0.163144,0.029214,NA,1,0.109926,NA,0.707902,1
"Dc58248","locus129",0.322954,0.134694,NA,1,0.172816,NA,0.536656,0
"Dc58248","locus130",0.296796,NA,NA,NA,0.163252,NA,0.352476,0
"Dc58248","locus134",0.162018,0.19441,NA,NA,0.485712,NA,0.346272,0
"Dc58248","locus135",0.787244,0.64616,NA,1,0.892326,NA,0.296684,0
"Dc58248","locus137",0.01588,0.465464,NA,1,0.439166,NA,0.298312,1
"Dc58248","locus139",0.587776,0.446926,NA,1,0.715016,NA,0.03249,1
"Dc58248","locus140",0.583584,0.448848,NA,1,0.722904,NA,0.033562,1
"Dc58248","locus146",0.419776,0.835118,NA,1,0.154524,NA,0.709506,0
"Dc58248","locus148",0.02729,0.591158,1,0.570692,0.567606,NA,0.535358,1
"Dc58248","locus151",0.776716,NA,NA,0.798758,0.933458,NA,0.806266,0
"Dc58248","locus157",0.94198,NA,NA,NA,0.590892,NA,1,0
"Dc58248","locus161",0.551122,0.729448,NA,0.568656,0.309068,NA,0.652566,0
"Dc58248","locus165",0.71211,0.783694,Inf,NA,0.313946,NA,0.351316,0
"Dc58248","locus170",0.2128,0.083178,NA,0.486652,0.250664,NA,0.942978,0
"Dc58248","locus176",0.06837,NA,NA,NA,0.344846,NA,0.470102,0
"Dc58248","locus184",0.714752,0.208772,NA,1,0.940794,NA,0.34897,0
"Dc58248","locus186",0.777462,0.406106,NA,1,0.112588,NA,1,0
"Dc58248","locus188",0.952206,0.099776,Inf,NA,0.710256,NA,0.291782,0
"Dc58248","locus189",0.151732,0.694026,NA,NA,0.470912,0.057098,1,0
"Dc58248","locus190",0.686732,0.272426,NA,NA,0.289924,0.713812,0.75181,0
"Dc58248","locus191",0.962076,NA,Inf,NA,0.203168,0.71561,0.282434,0
"Dc58248","locus192",0.612216,0.302754,NA,NA,0.162416,0.713894,0.036474,1
"Dc58248","locus195",0.980976,0.148874,NA,NA,0.227172,0.085228,0.918278,0
"Dc58248","locus202",0.365388,0.163694,NA,NA,0.957774,1,0.670686,0
"Dc58248","locus215",0.282866,NA,NA,NA,0.091586,0.88468,0.892454,0
"Dc58248","locus227",0.520054,0.233886,Inf,NA,0.394896,0.086486,0.900926,0
"Dc58248","locus231",0.931014,0.445236,NA,NA,0.340196,NA,1,0
"Dc58248","locus235",0.191648,0.293738,NA,NA,0.825254,Inf,0.948854,0
"Dc58248","locus236",0.163866,0.21116,NA,NA,0.288602,0.483346,0.833302,0
"Dc58248","locus237",0.44011,0.672872,NA,NA,0.313978,1,0.76651,0
"Dc58248","locus239",0.608944,0.380068,NA,NA,0.184302,0.716596,0.865302,0
"Dc58248","locus248",0.584862,0.36479,NA,NA,0.857502,0.484588,0.311752,0
"Dc58248","locus256",0.814254,0.294672,NA,NA,0.069098,NA,0.398628,0
"Dc58248","locus263",0.29291,0.161482,1,NA,0.096686,NA,1,0
"Dc58248","locus264",0.625218,0.59337,NA,NA,0.581916,NA,0.332976,0
"Dc58248","locus274",0.02043,0.971994,NA,NA,0.493288,NA,0.041632,2
"Dc58248","locus280",0.474582,0.264468,NA,NA,0.955646,NA,0.608948,0
"Dc58248","locus282",0.841738,0.42172,NA,NA,0.839256,NA,0.742852,0
"Dc58248","locus286",0.875014,0.783048,NA,NA,0.352422,NA,0.62861,0
"Dc58248","locus291",0.944404,0.176326,NA,NA,0.137064,NA,0.893082,0
"Dc58248","locus292",0.901134,0.859736,0.50099,NA,0.82768,NA,0.786134,0
"Dc58248","locus296",0.536064,0.79349,NA,NA,0.992572,NA,0.440136,0
"Dc58248","locus301",0.997596,0.63142,NA,NA,0.541662,NA,1,0
"Dc58248","locus314",0.777476,0.17494,NA,NA,0.375604,NA,0.219148,0
"Dc58248","locus321",0.70787,0.971602,0.500866,NA,0.070718,NA,0.747418,0
"Dc58248","locus322",0.109862,0.438176,NA,NA,0.19256,NA,0.31121,0
"Dc58248","locus323",0.07274,0.49539,NA,NA,0.191978,NA,0.730318,0
"Dc58248","locus329",0.865652,0.380902,NA,NA,0.496296,NA,0.269442,0
"Dc58248","locus332",0.964354,0.671688,NA,NA,0.611102,NA,0.581896,0
"Dc58248","locus358",0.827384,0.535942,NA,NA,0.543992,NA,0.278626,0
"Dc58248","locus359",0.567738,0.18606,NA,NA,0.026028,NA,1,1
"Dc58248","locus360",0.239868,0.978676,NA,NA,0.946912,NA,0.813998,0
"Dc62188","Dc67011",0.690918,0.143392,NA,1,0.899574,NA,0.024552,1
"Dc62188","locus003",0.560666,0.427458,NA,1,0.085606,NA,0.231608,0
"Dc62188","locus004",0.395548,0.49193,NA,0.768952,0.233968,NA,1,0
"Dc62188","locus005",0.212642,0.106114,NA,0.426372,0.130848,NA,0.314812,0
"Dc62188","locus006",0.983374,0.366926,Inf,1,0.254986,NA,0.642342,0
"Dc62188","locus008",0.621604,0.049494,NA,1,0.669682,NA,0.86047,1
"Dc62188","locus013",0.49385,0.92963,NA,0.201294,0.02943,NA,0.830432,1
"Dc62188","locus014",0.067454,0.235102,NA,0.200328,0.49379,NA,1,0
"Dc62188","locus022",0.00403,0.07259,NA,0.028152,0.42046,NA,0.625242,2
"Dc62188","locus024",0.887386,0.24678,NA,1,0.108768,NA,0.016744,1
"Dc62188","locus025",0.815812,0.701202,Inf,NA,0.453154,NA,0.172372,0
"Dc62188","locus027",0.439528,0.269892,NA,NA,NA,NA,NA,0
"Dc62188","locus030",0.910172,0.648928,NA,NA,0.571842,NA,0.571816,0
"Dc62188","locus035",0.849652,0.017934,NA,NA,0.261828,NA,0.211776,1
"Dc62188","locus038",0.701216,0.198638,NA,NA,0.862494,NA,0.53816,0
"Dc62188","locus039",0.355974,0.89707,NA,NA,0.384268,NA,1,0
"Dc62188","locus040",0.303596,0.322952,NA,NA,0.492194,NA,0.361798,0
"Dc62188","locus041",0.015606,0.225608,NA,NA,0.157546,NA,1,1
"Dc62188","locus045",0.590874,0.400046,NA,NA,0.56122,NA,0.430438,0
"Dc62188","locus047",0.549324,0.642684,Inf,NA,0.05998,NA,0.946002,0
"Dc62188","locus048",0.480986,0.100328,NA,NA,0.81756,NA,0.496206,0
"Dc62188","locus053",0.26889,0.825254,NA,NA,0.344944,NA,0.833222,0
"Dc62188","locus055",0.124242,0.893714,NA,NA,0.350014,NA,0.488066,0
"Dc62188","locus056",0.908218,0.17311,NA,1,0.300682,NA,0.53383,0
"Dc62188","locus058",0.293584,0.228162,NA,1,0.87853,NA,0.03635,1
"Dc62188","locus060",0.834496,0.50461,NA,1,0.741482,NA,0.546372,0
"Dc62188","locus061",0.1672,NA,NA,NA,0.630026,NA,0.690844,0
"Dc62188","locus062",0.701344,0.750716,NA,1,0.071488,NA,0.017312,1
"Dc62188","locus064",0.850466,0.546382,NA,1,0.731328,NA,1,0
"Dc62188","locus065",0.296432,0.733588,NA,1,0.044846,NA,0.218704,1
"Dc62188","locus073",0.695198,0.657676,NA,0.066716,0.923958,NA,0.038272,1
"Dc62188","locus074",0.951026,0.865306,NA,1,0.252076,NA,0.829554,0
"Dc62188","locus076",0.068214,0.66864,NA,NA,0.381264,NA,0.09627,0
"Dc62188","locus077",0.692802,0.464414,NA,Inf,0.599782,NA,0.84754,0
"Dc62188","locus080",0.504832,0.555542,NA,NA,0.6486,NA,0.254128,0
"Dc62188","locus083",0.262178,NA,NA,NA,0.736152,NA,0.74107,0
"Dc62188","locus088",0.832768,0.5463,NA,NA,0.632822,NA,0.953178,0
"Dc62188","locus093",0.313176,Inf,Inf,NA,0.63571,NA,1,0
"Dc62188","locus096",0.358064,0.499258,NA,NA,0.060254,NA,1,0
"Dc62188","locus098",0.524732,0.48052,NA,NA,0.168054,NA,0.460836,0
"Dc62188","locus100",0.931502,0.999478,NA,NA,0.093586,NA,0.59229,0
"Dc62188","locus106",0.797328,0.038702,NA,NA,0.08383,NA,1,1
"Dc62188","locus116",0.247078,0.18155,NA,NA,0.415274,NA,0.660568,0
"Dc62188","locus119",0.70473,0.947168,NA,NA,0.787568,NA,0.457492,0
"Dc62188","locus120",0.249354,0.90811,NA,NA,0.240194,NA,0.61003,0
"Dc62188","locus128",0.697956,0.36657,NA,1,0.00816,NA,0.365976,1
"Dc62188","locus129",0.66058,0.511778,NA,1,0.144636,NA,0.70096,0
"Dc62188","locus130",0.704668,NA,NA,NA,0.756976,NA,0.639338,0
"Dc62188","locus134",0.740474,0.31046,NA,NA,0.721304,NA,0.607824,0
"Dc62188","locus135",0.641128,0.57486,NA,0.429228,0.242876,NA,0.337262,0
"Dc62188","locus137",0.165752,0.162616,NA,1,0.998394,NA,0.36013,0
"Dc62188","locus139",0.11294,0.847248,NA,1,0.736872,NA,0.75344,0
"Dc62188","locus140",0.106094,0.847818,NA,1,0.742776,NA,0.756114,0
"Dc62188","locus146",0.689842,0.224204,NA,1,0.468552,NA,0.338516,0
"Dc62188","locus148",0.090968,0.434272,Inf,0.143892,0.209174,NA,0.132562,0
"Dc62188","locus151",0.433642,NA,NA,1,0.056418,NA,0.558946,0
"Dc62188","locus157",0.679958,NA,NA,NA,0.457244,NA,0.853626,0
"Dc62188","locus161",0.54712,0.688114,NA,0.429832,0.401664,NA,0.599214,0
"Dc62188","locus165",0.224924,0.369788,Inf,NA,0.114726,NA,1,0
"Dc62188","locus170",0.56244,0.606832,NA,1,0.545828,NA,0.600086,0
"Dc62188","locus176",0.65673,NA,NA,NA,0.101016,NA,0.490584,0
"Dc62188","locus184",0.715532,0.63691,NA,1,0.060378,NA,0.803308,0
"Dc62188","locus186",0.006138,0.663882,NA,1,0.447474,NA,0.755484,1
"Dc62188","locus188",0.795928,4e-05,Inf,NA,0.519834,NA,0.961512,1
"Dc62188","locus189",0.936574,0.972292,NA,NA,0.469092,0.056564,0.47538,0
"Dc62188","locus190",0.150646,0.03598,NA,NA,0.494382,0.712812,0.18806,1
"Dc62188","locus191",0.396528,NA,Inf,NA,0.814586,0.009394,0.902712,1
"Dc62188","locus192",0.791022,0.701196,NA,NA,0.239122,0.095708,0.54859,0
"Dc62188","locus195",0.218288,0.207432,NA,NA,0.789666,1,0.337596,0
"Dc62188","locus202",0.78164,0.839124,NA,NA,0.325816,0.482998,0.609206,0
"Dc62188","locus215",0.981202,NA,NA,NA,0.276356,0.3096,0.533446,0
"Dc62188","locus227",0.03814,0.132296,Inf,NA,0.237066,1,1,1
"Dc62188","locus231",0.340054,0.698772,NA,NA,0.14616,NA,0.721442,0
"Dc62188","locus235",0.669738,0.30363,NA,NA,0.860664,Inf,0.091484,0
"Dc62188","locus236",0.098452,0.667638,NA,NA,0.91252,1,1,0
"Dc62188","locus237",0.651064,0.735864,NA,NA,0.119708,0.2842,0.486612,0
"Dc62188","locus239",0.65738,0.152208,NA,NA,0.20319,0.719338,0.718826,0
"Dc62188","locus248",0.292354,0.528792,NA,NA,0.967002,1,0.419354,0
"Dc62188","locus256",0.393294,0.318964,NA,NA,0.36698,NA,0.846902,0
"Dc62188","locus263",0.97434,0.807502,Inf,NA,0.721462,NA,1,0
"Dc62188","locus264",0.242414,0.984436,NA,NA,0.437448,NA,0.531272,0
"Dc62188","locus274",0.017682,0.80772,NA,NA,0.353284,NA,0.280398,1
"Dc62188","locus280",0.042854,0.508896,NA,NA,0.383186,NA,0.45271,1
"Dc62188","locus282",0.925806,0.607552,NA,NA,0.037576,NA,1,1
"Dc62188","locus286",0.91439,0.064702,NA,NA,0.570092,NA,0.496282,0
"Dc62188","locus291",0.86622,0.858058,NA,NA,0.62026,NA,1,0
"Dc62188","locus292",0.26941,0.036572,Inf,NA,0.96721,NA,1,1
"Dc62188","locus296",0.818692,0.368876,NA,NA,0.53343,NA,0.08761,0
"Dc62188","locus301",0.579466,0.053264,NA,NA,0.624436,NA,1,0
"Dc62188","locus314",0.231514,0.600568,NA,NA,0.575848,NA,0.37398,0
"Dc62188","locus321",0.531282,0.567754,Inf,NA,0.980696,NA,0.567074,0
"Dc62188","locus322",0.2439,0.821122,NA,NA,0.459222,NA,0.551294,0
"Dc62188","locus323",0.903082,0.763588,NA,NA,0.45745,NA,0.306048,0
"Dc62188","locus329",0.36115,0.416258,NA,NA,0.948278,NA,0.487086,0
"Dc62188","locus332",0.340464,0.245728,NA,NA,0.497626,NA,0.108782,0
"Dc62188","locus358",0.129012,0.670004,NA,NA,0.534622,NA,0.362974,0
"Dc62188","locus359",0.7722,0.285466,NA,NA,0.253824,NA,Inf,0
"Dc62188","locus360",0.842672,0.699936,Inf,NA,0.095856,NA,0.765118,0
"Dc67011","locus003",0.909694,1,NA,1,0.28158,NA,0.02189,1
"Dc67011","locus004",0.53676,1,1,0.427852,0.486164,NA,1,0
"Dc67011","locus005",0.583322,0.380744,NA,0.28491,0.162132,NA,0.662252,0
"Dc67011","locus006",1,0.356396,NA,0.142124,0.689438,NA,0.692484,0
"Dc67011","locus008",0.372036,0.195208,NA,1,0.352442,NA,0.569276,0
"Dc67011","locus013",0.18569,0.176014,NA,1,0.88989,NA,0.12378,0
"Dc67011","locus014",1,0.162942,1,1,0.250376,NA,0.483796,0
"Dc67011","locus022",0.017518,0.86616,NA,1,0.446614,NA,0.394942,1
"Dc67011","locus024",1,1,NA,0.200014,0.15237,NA,0.260648,0
"Dc67011","locus025",0.086052,0.411698,NA,NA,0.514952,NA,0.302614,0
"Dc67011","locus027",0.445268,0.629418,NA,NA,NA,NA,NA,0
"Dc67011","locus030",0.114994,0.888248,1,NA,0.71872,NA,0.462776,0
"Dc67011","locus035",0.783568,0.77068,NA,NA,1,NA,0.516924,0
"Dc67011","locus038",0.485618,0.418454,NA,NA,0.220072,NA,0.537284,0
"Dc67011","locus039",0.29932,0.612036,NA,NA,0.91126,NA,1,0
"Dc67011","locus040",0.774342,0.272682,NA,NA,0.62069,NA,0.182478,0
"Dc67011","locus041",0.377622,0.632988,NA,NA,0.949184,NA,0.490798,0
"Dc67011","locus045",0.424156,0.483088,NA,NA,0.698928,NA,0.242072,0
"Dc67011","locus047",0.919684,0.322196,NA,NA,0.281462,NA,0.305922,0
"Dc67011","locus048",1,1,NA,NA,0.691076,NA,0.517274,0
"Dc67011","locus053",0.945176,0.349484,NA,NA,0.252154,NA,0.822632,0
"Dc67011","locus055",0.452918,0.598944,NA,NA,0.80945,NA,0.10205,0
"Dc67011","locus056",0.476718,0.772392,NA,1,0.364518,NA,0.448328,0
"Dc67011","locus058",0.548322,0.29871,NA,1,0.007328,NA,0.0374,2
"Dc67011","locus060",0.28166,0.498976,NA,1,0.26742,NA,1,0
"Dc67011","locus061",1,NA,NA,NA,0.938122,NA,0.560616,0
"Dc67011","locus062",0.70228,0.344096,NA,1,0.360158,NA,0.186298,0
"Dc67011","locus064",0.02584,0.730908,NA,1,0.42831,NA,1,1
"Dc67011","locus065",1,1,NA,0.286704,0.950028,NA,0.580668,0
"Dc67011","locus073",0.601466,0.359196,NA,1,0.569292,NA,0.26876,0
"Dc67011","locus074",0.309378,0.793598,NA,1,0.591884,NA,0.6899,0
"Dc67011","locus076",0.531422,0.266084,1,NA,0.868318,NA,0.288426,0
"Dc67011","locus077",1,1,NA,Inf,0.047648,NA,1,1
"Dc67011","locus080",0.165568,0.537482,NA,NA,0.607458,NA,0.76223,0
"Dc67011","locus083",0.50565,NA,NA,NA,0.191328,NA,1,0
"Dc67011","locus088",1,0.363972,NA,NA,0.842818,NA,0.79492,0
"Dc67011","locus093",1,Inf,Inf,NA,1,NA,1,0
"Dc67011","locus096",1,1,NA,NA,0.338964,NA,1,0
"Dc67011","locus098",0.41367,0.04969,1,NA,0.25711,NA,1,1
"Dc67011","locus100",0.172426,0.675526,NA,NA,0.837384,NA,0.588928,0
"Dc67011","locus106",0.204174,0.337222,NA,NA,0.054462,NA,0.69791,0
"Dc67011","locus116",0.730582,0.18206,NA,NA,0.81883,NA,1,0
"Dc67011","locus119",0.210238,0.71437,NA,NA,0.369758,NA,0.64962,0
"Dc67011","locus120",0.23795,0.391098,NA,NA,0.907254,NA,1,0
"Dc67011","locus128",0.672286,0.600756,NA,Inf,0.346862,NA,Inf,0
"Dc67011","locus129",1,0.028946,NA,1,0.47941,NA,0.69128,1
"Dc67011","locus130",0.783926,NA,Inf,NA,0.474356,NA,1,0
"Dc67011","locus134",0.779904,0.784628,NA,NA,0.78879,NA,0.516218,0
"Dc67011","locus135",0.42312,0.362818,NA,1,0.954302,NA,0.332084,0
"Dc67011","locus137",0.520768,0.910916,0.333724,0.143342,0.905772,NA,1,0
"Dc67011","locus139",1,1,NA,0.285918,0.852336,NA,0.56935,0
"Dc67011","locus140",1,1,NA,0.284998,0.851766,NA,0.568354,0
"Dc67011","locus146",0.0634,0.364934,NA,1,0.984254,NA,1,0
"Dc67011","locus148",0.296552,0.026176,NA,0.285882,0.741228,NA,0.299974,1
"Dc67011","locus151",0.376878,NA,NA,1,0.465672,NA,0.286664,0
"Dc67011","locus157",0.435134,NA,NA,NA,0.62533,NA,0.613942,0
"Dc67011","locus161",0.311394,0.833278,NA,1,0.379942,NA,1,0
"Dc67011","locus165",0.237126,1,NA,NA,1,NA,0.27676,0
"Dc67011","locus170",0.143702,0.967284,NA,0.572616,0.711634,NA,1,0
"Dc67011","locus176",0.829214,NA,NA,NA,0.54324,NA,0.542788,0
"Dc67011","locus184",0.650354,0.60592,NA,1,0.571174,NA,0.362926,0
"Dc67011","locus186",0.787716,0.6972,NA,1,0.590642,NA,1,0
"Dc67011","locus188",0.328402,0.168806,NA,NA,0.528374,NA,0.622772,0
"Dc67011","locus189",0.921188,0.403604,NA,NA,0.860038,1,0.230634,0
"Dc67011","locus190",0.590624,0.424686,NA,NA,0.264998,1,0.071456,0
"Dc67011","locus191",0.15327,NA,NA,NA,0.711654,1,0.191476,0
"Dc67011","locus192",0.267284,0.276956,NA,NA,1,1,1,0
"Dc67011","locus195",0.109862,0.126126,1,NA,0.363734,1,1,0
"Dc67011","locus202",0.644102,0.262604,NA,NA,0.637984,1,1,0
"Dc67011","locus215",0.906828,NA,NA,NA,0.39362,0.046608,0.603076,1
"Dc67011","locus227",0.325826,0.052932,Inf,NA,0.302538,0.4278,1,0
"Dc67011","locus231",0.054598,0.000354,NA,NA,0.586538,NA,Inf,1
"Dc67011","locus235",0.297566,0.198964,NA,NA,0.361306,Inf,0.460748,0
"Dc67011","locus236",0.277712,0.725864,NA,NA,0.216308,0.143018,1,0
"Dc67011","locus237",0.426422,0.225356,1,NA,0.439248,0.524192,0.031476,1
"Dc67011","locus239",0.118666,0.297676,NA,NA,0.135126,0.428694,0.795512,0
"Dc67011","locus248",0.90142,0.328298,NA,NA,0.591518,1,0.354584,0
"Dc67011","locus256",0.541954,0.657784,NA,NA,0.876314,NA,0.692296,0
"Dc67011","locus263",1,0.682418,NA,NA,0.695434,NA,1,0
"Dc67011","locus264",0.909192,0.415172,NA,NA,0.909324,NA,0.36238,0
"Dc67011","locus274",0.55569,0.198206,NA,NA,0.857066,NA,0.025056,1
"Dc67011","locus280",0.519946,1,NA,NA,0.045908,NA,0.131906,1
"Dc67011","locus282",0.080722,0.839312,NA,NA,0.292144,NA,1,0
"Dc67011","locus286",0.347358,0.135114,NA,NA,0.836548,NA,0.517284,0
"Dc67011","locus291",0.379688,0.614788,NA,NA,0.975698,NA,1,0
"Dc67011","locus292",0.630206,0.196622,NA,NA,0.18253,NA,0.558694,0
"Dc67011","locus296",0.630426,1,NA,NA,0.208032,NA,0.274082,0
"Dc67011","locus301",1,0.315384,NA,NA,0.827312,NA,1,0
"Dc67011","locus314",0.581064,0.215768,NA,NA,0.429164,NA,1,0
"Dc67011","locus321",0.124678,0.505818,NA,NA,0.947016,NA,0.461792,0
"Dc67011","locus322",0.298326,0.85303,NA,NA,0.389924,NA,0.692804,0
"Dc67011","locus323",1,0.412132,NA,NA,0.511306,NA,0.231756,0
"Dc67011","locus329",0.110984,0.46709,NA,NA,0.900906,NA,1,0
"Dc67011","locus332",0.10061,0.325238,NA,NA,0.687992,NA,0.56817,0
"Dc67011","locus358",1,0.058826,NA,NA,0.30819,NA,0.559682,0
"Dc67011","locus359",0.753448,0.245194,NA,NA,0.194024,NA,0.267374,0
"Dc67011","locus360",0.906208,0.062554,NA,NA,0.288728,NA,1,0
"locus003","locus004",0.802896,0.720842,1,0.655864,0.253438,NA,0.790444,0
"locus003","locus005",0.080954,0.666584,NA,0.57107,0.484942,NA,0.707232,0
"locus003","locus006",0.438958,0.93312,NA,1,0.21951,NA,0.420504,0
"locus003","locus008",0.770156,0.227112,NA,0.569738,0.006888,NA,0.14677,1
"locus003","locus013",0.394416,0.636164,NA,0.658088,0.416486,NA,0.128374,0
"locus003","locus014",0.48691,0.701596,0.50035,1,0.361504,NA,1,0
"locus003","locus022",0.718848,0.791092,NA,1,0.610652,NA,0.96955,0
"locus003","locus024",0.159918,0.23595,NA,1,0.094824,NA,0.381546,0
"locus003","locus025",0.828494,0.311792,NA,NA,0.008666,NA,0.1856,1
"locus003","locus027",0.959614,0.832826,NA,NA,NA,NA,NA,0
"locus003","locus030",0.991724,0.829452,1,NA,0.555294,NA,0.200806,0
"locus003","locus035",0.165726,0.052364,NA,NA,1,NA,0.150326,0
"locus003","locus038",0.210504,0.704622,NA,NA,0.391104,NA,0.565194,0
"locus003","locus039",0.717808,0.464758,NA,NA,1,NA,0.268788,0
"locus003","locus040",0.78353,0.202836,NA,NA,0.649504,NA,1,0
"locus003","locus041",0.31462,0.44633,NA,NA,0.255502,NA,0.719876,0
"locus003","locus045",0.328294,0.502606,NA,NA,0.240962,NA,0.051332,0
"locus003","locus047",0.768484,0.821976,NA,NA,0.29841,NA,0.187394,0
"locus003","locus048",0.712562,1,NA,NA,1,NA,0.815476,0
"locus003","locus053",0.28119,0.388316,NA,NA,0.630392,NA,0.117648,0
"locus003","locus055",0.758752,0.879076,NA,NA,0.689966,NA,0.258548,0
"locus003","locus056",0.706576,0.71008,NA,1,0.541028,NA,1,0
"locus003","locus058",0.937848,0.892742,NA,0.484932,0.674722,NA,0.642154,0
"locus003","locus060",0.241958,0.937494,NA,1,0.899196,NA,0.78989,0
"locus003","locus061",0.746478,NA,NA,NA,0.474762,NA,1,0
"locus003","locus062",0.01897,0.947056,NA,1,0.795238,NA,0.471646,1
"locus003","locus064",0.7803,0.29195,NA,1,0.095174,NA,0.268004,0
"locus003","locus065",0.264802,0.34045,NA,0.57052,0.861102,NA,1,0
"locus003","locus073",0.890668,0.949838,NA,1,0.394432,NA,0.843284,0
"locus003","locus074",0.964398,0.583624,NA,0.570276,0.521916,NA,0.61681,0
"locus003","locus076",0.55704,0.025038,1,NA,0.227742,NA,0.902116,1
"locus003","locus077",0.030638,0.66192,NA,Inf,0.683858,NA,0.215546,1
"locus003","locus080",0.882896,0.588474,Inf,NA,0.384304,NA,0.521798,0
"locus003","locus083",0.783536,NA,NA,NA,0.033422,NA,1,1
"locus003","locus088",0.30125,0.05914,NA,NA,0.514242,NA,0.100736,0
"locus003","locus093",0.252784,Inf,Inf,NA,1,NA,0.443234,0
"locus003","locus096",0.013094,0.770634,NA,NA,0.271092,NA,0.130826,1
"locus003","locus098",0.683852,0.646848,1,NA,0.096164,NA,0.746848,0
"locus003","locus100",0.274856,0.438602,NA,NA,0.892866,NA,0.367202,0
"locus003","locus106",0.282212,0.51052,NA,NA,0.662112,NA,0.409966,0
"locus003","locus116",0.760708,0.66139,NA,NA,0.108476,NA,0.437104,0
"locus003","locus119",0.62996,0.396796,NA,NA,0.49088,NA,0.179234,0
"locus003","locus120",0.131056,0.114454,NA,NA,0.096398,NA,0.814492,0
"locus003","locus128",0.40691,0.388744,NA,1,0.582696,NA,0.490944,0
"locus003","locus129",0.079514,0.590272,NA,0.485054,0.585346,NA,0.897162,0
"locus003","locus130",0.080784,NA,NA,NA,0.496694,NA,1,0
"locus003","locus134",0.425874,0.06551,NA,NA,0.641022,NA,0.814706,0
"locus003","locus135",0.835264,0.378562,NA,0.573346,0.24038,NA,0.81556,0
"locus003","locus137",0.716384,0.0483,1,1,0.129284,NA,0.628752,1
"locus003","locus139",0.10148,0.179886,NA,1,0.12311,NA,0.413584,0
"locus003","locus140",0.101444,0.179216,NA,1,0.118152,NA,0.414774,0
"locus003","locus146",0.09231,0.367248,NA,0.19863,0.059672,NA,1,0
"locus003","locus148",0.193758,0.482404,NA,1,0.82411,NA,0.02523,1
"locus003","locus151",0.432356,NA,NA,0.798794,0.86523,NA,0.339186,0
"locus003","locus157",0.759654,NA,NA,NA,0.7977,NA,0.633586,0
"locus003","locus161",0.722682,0.919236,NA,0.5689,0.018606,NA,0.727902,1
"locus003","locus165",0.85879,0.118986,NA,NA,0.719872,NA,0.432038,0
"locus003","locus170",0.020258,0.709498,NA,1,0.343626,NA,0.173294,1
"locus003","locus176",0.211542,NA,Inf,NA,0.654106,NA,0.849708,0
"locus003","locus184",0.71638,0.102682,NA,1,0.059094,NA,0.174008,0
"locus003","locus186",0.60742,0.01512,NA,0.500468,0.774568,NA,1,1
"locus003","locus188",0.192496,0.276906,NA,NA,0.534034,NA,0.307064,0
"locus003","locus189",0.804158,0.81267,NA,NA,0.153958,1,0.236766,0
"locus003","locus190",0.93532,0.568576,NA,NA,0.611414,0.42856,0.626626,0
"locus003","locus191",0.160682,NA,NA,NA,0.237134,1,0.351884,0
"locus003","locus192",0.197114,0.6736,NA,NA,0.445562,1,0.568576,0
"locus003","locus195",0.639596,0.927722,1,NA,0.636882,1,0.50186,0
"locus003","locus202",0.266234,0.5302,NA,NA,0.334934,0.485942,1,0
"locus003","locus215",0.643594,NA,NA,NA,0.44514,0.425674,0.479456,0
"locus003","locus227",0.276948,0.639928,Inf,NA,0.955472,1,1,0
"locus003","locus231",0.62396,0.90313,NA,NA,0.576816,NA,0.715922,0
"locus003","locus235",0.143788,0.626484,NA,NA,0.716014,Inf,0.130042,0
"locus003","locus236",1,0.0544,NA,NA,0.564984,1,0.095436,0
"locus003","locus237",0.96608,0.753814,1,NA,0.351166,1,0.0719,0
"locus003","locus239",0.694058,0.210764,NA,NA,0.774254,0.657734,0.466956,0
"locus003","locus248",0.146674,0.41536,NA,NA,0.49715,1,1,0
"locus003","locus256",0.95182,0.421806,NA,NA,0.226488,NA,0.112656,0
"locus003","locus263",0.132702,1,NA,NA,0.437768,NA,0.53271,0
"locus003","locus264",0.417724,0.748854,NA,NA,0.65164,NA,0.331772,0
"locus003","locus274",0.356096,0.076288,NA,NA,0.173098,NA,0.270566,0
"locus003","locus280",0.524674,0.96437,NA,NA,0.722742,NA,0.301004,0
"locus003","locus282",0.636242,0.69168,NA,NA,0.512882,NA,1,0
"locus003","locus286",0.579342,0.705838,NA,NA,0.011582,NA,0.815718,1
"locus003","locus291",0.07758,0.41716,NA,NA,0.365346,NA,0.84944,0
"locus003","locus292",0.612698,0.385896,NA,NA,0.990522,NA,0.380826,0
"locus003","locus296",0.378972,0.874722,NA,NA,0.744606,NA,1,0
"locus003","locus301",0.124216,0.244874,NA,NA,0.273664,NA,1,0
"locus003","locus314",0.22289,0.273816,NA,NA,0.427234,NA,1,0
"locus003","locus321",0.120554,0.341856,NA,NA,0.1666,NA,0.876538,0
"locus003","locus322",0.285254,0.47258,NA,NA,0.008764,NA,0.663744,1
"locus003","locus323",0.319838,0.827142,NA,NA,0.418846,NA,0.850288,0
"locus003","locus329",0.918916,0.25202,NA,NA,0.573692,NA,0.423354,0
"locus003","locus332",0.275132,0.842952,NA,NA,0.642932,NA,0.41146,0
"locus003","locus358",0.59039,0.600326,NA,NA,0.416414,NA,0.476594,0
"locus003","locus359",0.73188,0.869566,NA,NA,0.036686,NA,0.534306,1
"locus003","locus360",0.900388,0.978374,NA,NA,0.96649,NA,1,0
"locus004","locus005",0.64211,0.11386,NA,0.04865,0.261442,NA,0.172056,1
"locus004","locus006",1,0.908782,NA,0.429382,0.02012,NA,0.511054,1
"locus004","locus008",0.255712,0.770456,NA,0.618138,0.711462,NA,1,0
"locus004","locus013",0.219678,0.912938,NA,0.42774,0.044436,NA,0.79024,1
"locus004","locus014",0.264792,0.80164,1,0.772948,0.114728,NA,1,0
"locus004","locus022",0.826928,0.308414,NA,0.42388,0.318114,NA,0.582338,0
"locus004","locus024",0.270038,0.059834,NA,0.400156,0.028502,NA,0.461966,1
"locus004","locus025",0.37345,0.94137,NA,NA,0.058302,NA,0.814664,0
"locus004","locus027",0.191352,0.335338,NA,NA,NA,NA,NA,0
"locus004","locus030",0.6212,0.428272,1,NA,0.399976,NA,0.126248,0
"locus004","locus035",0.40116,0.376402,NA,NA,0.238512,NA,0.285396,0
"locus004","locus038",0.486696,0.019066,NA,NA,0.329424,NA,0.31472,1
"locus004","locus039",0.549076,0.060266,NA,NA,0.364572,NA,1,0
"locus004","locus040",0.377118,0.663792,NA,NA,0.824682,NA,1,0
"locus004","locus041",0.828778,0.906696,NA,NA,0.94465,NA,0.302866,0
"locus004","locus045",0.640926,0.613538,NA,NA,0.93821,NA,0.668886,0
"locus004","locus047",0.818172,0.067622,NA,NA,0.253156,NA,0.46538,0
"locus004","locus048",0.158096,1,NA,NA,0.326056,NA,1,0
"locus004","locus053",0.513886,0.705472,NA,NA,0.122272,NA,0.120336,0
"locus004","locus055",1,0.63255,NA,NA,0.53579,NA,0.510126,0
"locus004","locus056",0.786804,0.216196,NA,1,0.005122,NA,0.391482,1
"locus004","locus058",0.874424,0.911498,NA,1,0.932328,NA,0.25357,0
"locus004","locus060",0.878588,0.841452,NA,0.141656,0.636354,NA,0.344302,0
"locus004","locus061",0.170058,NA,NA,NA,0.691382,NA,1,0
"locus004","locus062",0.650696,0.534832,NA,0.34011,0.46809,NA,0.812986,0
"locus004","locus064",0.414938,0.163104,NA,1,0.77518,NA,0.523516,0
"locus004","locus065",1,0.228344,NA,1,0.348126,NA,0.524988,0
"locus004","locus073",0.779152,0.620302,NA,0.201194,0.707704,NA,0.8129,0
"locus004","locus074",0.335024,0.444584,NA,0.617916,0.305228,NA,1,0
"locus004","locus076",0.444736,0.198914,1,NA,0.969916,NA,0.758,0
"locus004","locus077",1,0.427772,NA,Inf,0.52121,NA,1,0
"locus004","locus080",0.871922,0.47778,NA,NA,0.180536,NA,0.281958,0
"locus004","locus083",1,NA,NA,NA,0.40555,NA,1,0
"locus004","locus088",0.859722,0.751108,NA,NA,0.884406,NA,0.00658,1
"locus004","locus093",0.525652,Inf,Inf,NA,0.519478,NA,0.444976,0
"locus004","locus096",0.781822,0.073314,NA,NA,0.128904,NA,0.600138,0
"locus004","locus098",0.706736,0.126594,1,NA,0.954338,NA,1,0
"locus004","locus100",0.677282,0.221454,NA,NA,0.719856,NA,0.814346,0
"locus004","locus106",0.719214,0.58012,NA,NA,0.152672,NA,0.274298,0
"locus004","locus116",0.338306,0.903524,NA,NA,0.77022,NA,0.607968,0
"locus004","locus119",0.345808,0.773852,NA,NA,0.239302,NA,1,0
"locus004","locus120",0.04688,0.478482,NA,NA,0.355954,NA,0.561338,1
"locus004","locus128",1,0.275108,NA,1,0.944564,NA,1,0
"locus004","locus129",0.564842,0.935248,NA,0.116086,0.724356,NA,1,0
"locus004","locus130",0.546904,NA,NA,NA,0.543758,NA,1,0
"locus004","locus134",0.210832,0.029292,NA,NA,0.238948,NA,0.230516,1
"locus004","locus135",0.752014,0.840272,NA,1,0.4088,NA,0.33948,0
"locus004","locus137",1,0.047402,1,0.427304,0.396064,NA,0.372298,1
"locus004","locus139",0.378166,0.239194,NA,0.143734,0.372754,NA,0.60844,0
"locus004","locus140",0.376448,0.236372,NA,0.142346,0.369204,NA,0.609008,0
"locus004","locus146",0.55908,0.13138,NA,0.400118,0.321034,NA,1,0
"locus004","locus148",0.593744,0.917238,NA,1,0.626604,NA,1,0
"locus004","locus151",0.282258,NA,NA,1,0.107474,NA,1,0
"locus004","locus157",0.047118,NA,NA,NA,0.860538,NA,1,1
"locus004","locus161",1,0.407154,NA,1,0.287848,NA,0.508334,0
"locus004","locus165",0.529802,0.163848,NA,NA,0.002774,NA,1,1
"locus004","locus170",0.500764,0.796526,NA,1,0.602,NA,0.719938,0
"locus004","locus176",0.26696,NA,NA,NA,0.871588,NA,0.212206,0
"locus004","locus184",0.045158,0.446524,NA,1,0.045936,NA,0.462434,2
"locus004","locus186",1,0.654314,NA,1,0.777094,NA,0.319608,0
"locus004","locus188",0.793232,0.208966,NA,NA,0.07341,NA,0.141694,0
"locus004","locus189",0.049396,0.975808,NA,NA,0.769416,0.656994,0.249652,1
"locus004","locus190",0.676606,0.146256,NA,NA,0.316386,1,0.721418,0
"locus004","locus191",0.679668,NA,NA,NA,0.099234,1,0.315088,0
"locus004","locus192",0.378962,0.545874,NA,NA,0.381676,1,0.243468,0
"locus004","locus195",0.251528,0.066818,1,NA,0.040634,0.658056,0.733458,1
"locus004","locus202",0.289196,0.42922,NA,NA,0.644838,0.256848,1,0
"locus004","locus215",0.853274,NA,NA,NA,0.165748,1,0.581094,0
"locus004","locus227",0.528856,1,Inf,NA,0.15861,0.656232,0.504918,0
"locus004","locus231",1,1,Inf,NA,0.467456,NA,0.571312,0
"locus004","locus235",0.897016,0.06434,NA,NA,0.225462,Inf,1,0
"locus004","locus236",0.772082,0.102172,NA,NA,0.904638,1,0.608242,0
"locus004","locus237",0.90318,0.976632,1,NA,0.817628,0.332368,0.662986,0
"locus004","locus239",0.447716,0.09793,NA,NA,0.047072,0.20236,0.626884,1
"locus004","locus248",0.422084,0.07777,NA,NA,0.659526,0.028112,0.186728,1
"locus004","locus256",0.229416,0.69726,NA,NA,0.084144,NA,1,0
"locus004","locus263",0.664762,1,NA,NA,1,NA,1,0
"locus004","locus264",0.494878,0.716608,NA,NA,0.649012,NA,0.649092,0
"locus004","locus274",0.791558,0.354116,NA,NA,0.490746,NA,1,0
"locus004","locus280",1,0.89091,NA,NA,0.311188,NA,0.297184,0
"locus004","locus282",0.15384,0.360038,NA,NA,0.257602,NA,0.076636,0
"locus004","locus286",1,0.115894,NA,NA,0.562828,NA,1,0
"locus004","locus291",0.647472,0.554588,NA,NA,0.660952,NA,1,0
"locus004","locus292",0.579216,0.327444,NA,NA,0.12665,NA,0.599462,0
"locus004","locus296",0.127134,1,NA,NA,0.95476,NA,0.532238,0
"locus004","locus301",0.43229,0.646516,NA,NA,0.859304,NA,0.506586,0
"locus004","locus314",0.798836,0.286976,NA,NA,0.623418,NA,1,0
"locus004","locus321",0.612912,0.581324,NA,NA,0.3277,NA,0.50776,0
"locus004","locus322",0.60221,0.509426,NA,NA,0.746056,NA,0.089766,0
"locus004","locus323",1,0.685758,NA,NA,0.855948,NA,1,0
"locus004","locus329",0.688524,0.263764,NA,NA,0.24153,NA,1,0
"locus004","locus332",0.401934,0.385672,NA,NA,0.84603,NA,1,0
"locus004","locus358",0.172438,0.485136,NA,NA,0.814472,NA,0.601262,0
"locus004","locus359",0.76547,0.881906,NA,NA,0.436324,NA,1,0
"locus004","locus360",0.243714,0.253218,NA,NA,0.341822,NA,0.15757,0
"locus005","locus006",0.971986,0.294592,NA,0.286466,0.82097,NA,0.347406,0
"locus005","locus008",0.889936,0.548056,NA,0.5243,0.058948,NA,0.521682,0
"locus005","locus013",0.130638,0.886408,NA,1,0.544348,NA,0.835256,0
"locus005","locus014",0.21899,0.356106,0.500646,0.61861,0.849248,NA,0.68251,0
"locus005","locus022",0.738036,0.54167,NA,0.237306,0.209706,NA,0.819358,0
"locus005","locus024",0.100372,0.817244,NA,0.398042,0.921294,NA,0.516404,0
"locus005","locus025",0.681454,0.938726,NA,NA,0.131176,NA,0.24697,0
"locus005","locus027",0.274402,0.02798,NA,NA,NA,NA,NA,1
"locus005","locus030",0.698028,0.011266,1,NA,0.378914,NA,0.055518,1
"locus005","locus035",0.383424,0.602002,NA,NA,0.135572,NA,0.813982,0
"locus005","locus038",0.541646,0.40459,NA,NA,0.177458,NA,0.744,0
"locus005","locus039",0.054786,0.06387,NA,NA,0.656116,NA,1,0
"locus005","locus040",0.105442,0.593514,NA,NA,0.41952,NA,1,0
"locus005","locus041",0.84043,0.660038,NA,NA,0.958902,NA,0.714972,0
"locus005","locus045",0.16737,0.571386,NA,NA,0.588108,NA,0.670532,0
"locus005","locus047",0.433104,0.23418,NA,NA,0.283308,NA,0.19042,0
"locus005","locus048",0.550158,0.880508,NA,NA,0.684422,NA,0.540616,0
"locus005","locus053",0.692204,0.546182,NA,NA,0.960102,NA,0.897586,0
"locus005","locus055",0.87615,0.79592,NA,NA,0.305386,NA,0.312686,0
"locus005","locus056",0.186866,0.917274,NA,1,0.82,NA,0.014752,1
"locus005","locus058",0.871236,0.460746,NA,1,0.080074,NA,0.44978,0
"locus005","locus060",0.089038,0.353134,NA,1,0.647758,NA,0.294952,0
"locus005","locus061",0.769924,NA,NA,NA,0.141752,NA,0.143008,0
"locus005","locus062",0.438842,0.133066,NA,1,0.192574,NA,0.653538,0
"locus005","locus064",0.881126,0.525408,NA,1,0.022614,NA,0.151812,1
"locus005","locus065",0.18526,0.784186,NA,1,0.647046,NA,1,0
"locus005","locus073",0.346358,0.021748,NA,0.60047,0.416774,NA,0.293226,1
"locus005","locus074",0.285088,0.931834,NA,0.52316,0.636322,NA,0.109988,0
"locus005","locus076",0.034012,0.374974,1,NA,0.886098,NA,0.920868,1
"locus005","locus077",1,0.718332,NA,Inf,0.0199,NA,1,1
"locus005","locus080",0.933784,0.752744,NA,NA,0.06406,NA,0.058068,0
"locus005","locus083",0.574432,NA,NA,NA,0.466624,NA,0.768504,0
"locus005","locus088",0.810982,0.614884,NA,NA,0.20196,NA,0.371062,0
"locus005","locus093",0.58897,Inf,Inf,NA,0.397914,NA,0.440348,0
"locus005","locus096",0.561738,0.091172,NA,NA,0.803514,NA,0.789624,0
"locus005","locus098",0.197694,0.370194,1,NA,0.273428,NA,0.588716,0
"locus005","locus100",0.516464,0.07902,NA,NA,0.886394,NA,0.652648,0
"locus005","locus106",0.782612,0.54042,NA,NA,0.705806,NA,0.086336,0
"locus005","locus116",0.280696,0.039006,NA,NA,0.16984,NA,0.47275,1
"locus005","locus119",0.501944,0.73452,NA,NA,0.82454,NA,1,0
"locus005","locus120",0.109746,0.442874,NA,NA,0.054238,NA,0.816012,0
"locus005","locus128",0.876276,0.52954,NA,1,0.534072,NA,1,0
"locus005","locus129",0.273736,0.596776,NA,0.572668,0.183504,NA,0.350166,0
"locus005","locus130",0.798002,NA,NA,NA,0.04017,NA,0.534646,1
"locus005","locus134",0.641856,0.0379,NA,NA,0.628042,NA,0.661492,1
"locus005","locus135",0.097958,0.37963,NA,1,0.453998,NA,0.818228,0
"locus005","locus137",0.16808,0.023758,1,0.285418,0.011552,NA,0.11219,2
"locus005","locus139",0.12895,0.636598,NA,1,0.598644,NA,0.18448,0
"locus005","locus140",0.126258,0.63729,NA,1,0.599662,NA,0.183498,0
"locus005","locus146",0.297956,0.831352,NA,0.399544,0.966866,NA,0.508132,0
"locus005","locus148",0.926406,0.318944,NA,1,0.824414,NA,0.7393,0
"locus005","locus151",0.271172,NA,NA,1,0.01608,NA,1,1
"locus005","locus157",0.054694,NA,NA,NA,0.51368,NA,0.214572,0
"locus005","locus161",1,0.196292,NA,1,0.680628,NA,1,0
"locus005","locus165",0.541946,0.395544,NA,NA,0.855984,NA,0.813938,0
"locus005","locus170",0.634988,0.670254,NA,1,0.160372,NA,0.556412,0
"locus005","locus176",0.095528,NA,NA,NA,0.081998,NA,0.046956,1
"locus005","locus184",0.00657,0.659492,NA,1,0.327526,NA,0.727768,1
"locus005","locus186",0.030982,0.076742,NA,1,0.057502,NA,0.107368,1
"locus005","locus188",0.004158,0.70199,NA,NA,0.632202,NA,0.581418,1
"locus005","locus189",0.125158,0.877052,NA,NA,0.676402,0.22767,0.523524,0
"locus005","locus190",0.619016,0.189168,NA,NA,0.054028,0.428974,1,0
"locus005","locus191",0.576726,NA,NA,NA,0.425876,0.1447,0.4913,0
"locus005","locus192",0.319646,0.429612,NA,NA,0.348112,1,0.71012,0
"locus005","locus195",0.628754,0.830326,1,NA,0.392074,1,0.597886,0
"locus005","locus202",0.242942,0.437604,NA,NA,0.36247,1,0.940362,0
"locus005","locus215",0.135934,NA,NA,NA,0.362812,0.429226,0.082608,0
"locus005","locus227",1,1,Inf,NA,0.736884,1,1,0
"locus005","locus231",0.946372,0.543064,Inf,NA,0.959506,NA,0.904528,0
"locus005","locus235",0.670434,0.803812,NA,NA,0.217408,Inf,0.126988,0
"locus005","locus236",0.389552,0.235526,NA,NA,0.60224,1,0.41333,0
"locus005","locus237",0.694986,0.58518,1,NA,0.914538,0.14242,0.21792,0
"locus005","locus239",0.264896,0.406182,NA,NA,0.777884,0.65509,0.398798,0
"locus005","locus248",0.522326,0.05487,NA,NA,0.14682,1,0.009034,1
"locus005","locus256",0.347262,0.269468,NA,NA,0.135448,NA,0.307162,0
"locus005","locus263",0.22875,0.014902,NA,NA,0.761746,NA,0.53349,1
"locus005","locus264",0.188456,0.586252,NA,NA,0.84601,NA,0.258542,0
"locus005","locus274",0.576468,0.383584,NA,NA,0.375654,NA,0.616434,0
"locus005","locus280",0.545706,0.740828,NA,NA,0.035066,NA,1,1
"locus005","locus282",0.489182,0.493752,NA,NA,0.534532,NA,0.815178,0
"locus005","locus286",0.220658,0.320738,NA,NA,0.885972,NA,1,0
"locus005","locus291",0.921964,0.035616,NA,NA,0.723006,NA,1,1
"locus005","locus292",0.168904,0.943738,NA,NA,0.364796,NA,0.651422,0
"locus005","locus296",0.834562,0.700084,NA,NA,0.89677,NA,0.58549,0
"locus005","locus301",0.888748,0.672592,NA,NA,0.18294,NA,1,0
"locus005","locus314",0.140854,0.88069,NA,NA,0.684212,NA,1,0
"locus005","locus321",1,0.730026,NA,NA,0.434958,NA,0.22943,0
"locus005","locus322",0.958676,0.610718,NA,NA,0.171042,NA,0.271482,0
"locus005","locus323",0.878204,1,NA,NA,0.202146,NA,0.416208,0
"locus005","locus329",0.296658,0.03282,NA,NA,0.612778,NA,1,1
"locus005","locus332",0.90185,0.511052,NA,NA,0.124172,NA,0.77957,0
"locus005","locus358",0.763502,0.670834,NA,NA,0.88666,NA,1,0
"locus005","locus359",1,1,NA,NA,0.44951,NA,1,0
"locus005","locus360",0.209136,0.329236,NA,NA,0.487924,NA,0.011836,1
"locus006","locus008",0.616522,0.94088,NA,1,0.341532,NA,1,0
"locus006","locus013",0.575908,0.459954,NA,1,0.34337,NA,0.419792,0
"locus006","locus014",0.630476,0.254518,1,1,0.90752,NA,0.05253,0
"locus006","locus022",0.386474,0.145138,NA,1,0.27195,NA,0.860168,0
"locus006","locus024",0.222914,1,NA,0.198448,0.097084,NA,0.830502,0
"locus006","locus025",0.75411,0.717412,NA,NA,0.09788,NA,0.010454,1
"locus006","locus027",0.617194,0.392578,Inf,NA,NA,NA,NA,0
"locus006","locus030",0.049688,0.942006,1,NA,0.43669,NA,0.471764,1
"locus006","locus035",0.89995,0.742694,NA,NA,0.266182,NA,1,0
"locus006","locus038",0.415812,0.105812,NA,NA,0.068438,NA,0.522306,0
"locus006","locus039",0.752388,1,NA,NA,0.4155,NA,0.230174,0
"locus006","locus040",0.838674,0.667166,NA,NA,0.284822,NA,0.453144,0
"locus006","locus041",0.056254,0.321884,NA,NA,1,NA,0.232918,0
"locus006","locus045",0.713076,1,NA,NA,0.105962,NA,0.027652,1
"locus006","locus047",0.64905,0.482166,NA,NA,0.745334,NA,0.764632,0
"locus006","locus048",0.306824,0.212242,NA,NA,0.102946,NA,0.407438,0
"locus006","locus053",0.781762,0.41002,NA,NA,0.219662,NA,0.287768,0
"locus006","locus055",0.509262,0.48977,NA,NA,0.406946,NA,0.054042,0
"locus006","locus056",0.538666,0.277272,NA,1,0.581888,NA,0.368734,0
"locus006","locus058",0.894016,0.453062,NA,1,0.167094,NA,0.64152,0
"locus006","locus060",0.890504,0.360576,NA,1,0.801522,NA,0.410554,0
"locus006","locus061",0.767966,NA,Inf,NA,0.174634,NA,0.141478,0
"locus006","locus062",0.538614,0.59047,NA,1,0.771806,NA,0.21755,0
"locus006","locus064",0.079206,0.036164,NA,1,0.762772,NA,1,1
"locus006","locus065",1,0.450428,NA,0.285454,0.55481,NA,0.229586,0
"locus006","locus073",0.356492,0.100196,NA,1,0.478316,NA,0.423482,0
"locus006","locus074",0.65667,0.065512,NA,1,0.031954,NA,0.168522,1
"locus006","locus076",0.815752,0.572664,Inf,NA,0.956978,NA,0.603456,0
"locus006","locus077",0.312192,0.348216,NA,Inf,0.712866,NA,0.22312,0
"locus006","locus080",0.093882,0.883094,NA,NA,0.38715,NA,1,0
"locus006","locus083",0.372624,NA,NA,NA,0.893454,NA,0.559498,0
"locus006","locus088",0.371748,0.2003,NA,NA,0.37097,NA,0.422052,0
"locus006","locus093",1,Inf,Inf,NA,0.183058,NA,0.112418,0
"locus006","locus096",0.70935,0.059908,NA,NA,0.228496,NA,0.369574,0
"locus006","locus098",0.506182,0.28964,1,NA,0.880324,NA,0.64467,0
"locus006","locus100",0.817608,0.55499,NA,NA,0.001848,NA,0.421986,1
"locus006","locus106",0.87052,0.715456,NA,NA,0.492,NA,0.59531,0
"locus006","locus116",0.03602,0.062038,NA,NA,0.072776,NA,0.276494,1
"locus006","locus119",0.090034,0.198168,NA,NA,0.375542,NA,0.32845,0
"locus006","locus120",0.345434,0.518428,NA,NA,0.670638,NA,0.298742,0
"locus006","locus128",8e-05,0.776254,NA,Inf,0.539114,NA,0.61978,1
"locus006","locus129",0.377878,0.683342,NA,1,0.804996,NA,0.72884,0
"locus006","locus130",0.033396,NA,NA,NA,0.17228,NA,0.22126,1
"locus006","locus134",0.51756,0.26821,Inf,NA,0.448324,NA,0.69131,0
"locus006","locus135",0.93939,0.46573,NA,1,0.911354,NA,0.43936,0
"locus006","locus137",0.828568,0.418552,1,0.1436,0.14957,NA,0.310456,0
"locus006","locus139",0.762382,0.48914,NA,0.285998,0.188914,NA,0.41339,0
"locus006","locus140",0.759398,0.489066,NA,0.284852,0.192514,NA,0.415794,0
"locus006","locus146",0.436838,0.575928,NA,1,0.491272,NA,0.82974,0
"locus006","locus148",0.238794,0.192756,NA,0.28587,0.452964,NA,0.309194,0
"locus006","locus151",0.204534,NA,NA,1,0.496244,NA,0.567222,0
"locus006","locus157",0.398554,NA,NA,NA,0.365974,NA,0.387064,0
"locus006","locus161",0.01543,0.78292,NA,1,0.631704,NA,0.149282,1
"locus006","locus165",0.221114,1,NA,NA,0.747028,NA,0.16484,0
"locus006","locus170",0.397456,0.539362,NA,0.572564,0.283756,NA,1,0
"locus006","locus176",0.369366,NA,NA,NA,0.654036,NA,0.389514,0
"locus006","locus184",0.923656,1,NA,1,0.686684,NA,0.707934,0
"locus006","locus186",0.932804,0.355636,NA,1,0.673742,NA,0.395306,0
"locus006","locus188",0.77811,0.035266,NA,NA,0.888572,NA,0.058936,1
"locus006","locus189",0.908528,0.22419,NA,NA,0.37881,1,0.799892,0
"locus006","locus190",0.88545,0.002924,NA,NA,0.72043,0.429232,0.833268,1
"locus006","locus191",0.836742,NA,NA,NA,0.892432,0.313948,0.305836,0
"locus006","locus192",0.97437,0.284798,NA,NA,0.285112,0.42955,1,0
"locus006","locus195",0.903606,1,0.248606,NA,0.72781,0.484106,0.444754,0
"locus006","locus202",0.77341,0.562744,NA,NA,0.67909,1,0.920992,0
"locus006","locus215",0.670842,NA,NA,NA,0.890274,0.257834,0.748834,0
"locus006","locus227",0.776936,0.777008,Inf,NA,0.72597,0.485304,1,0
"locus006","locus231",0.119486,1,NA,NA,0.024132,NA,0.855332,1
"locus006","locus235",0.682782,0.342048,NA,NA,0.835192,Inf,0.894882,0
"locus006","locus236",0.676422,0.887324,NA,NA,0.628836,1,1,0
"locus006","locus237",0.205594,0.931214,1,NA,0.515352,1,0.709028,0
"locus006","locus239",0.779324,0.752072,NA,NA,0.51146,1,0.22022,0
"locus006","locus248",0.53383,0.91063,NA,NA,0.06457,0.484954,0.423448,0
"locus006","locus256",0.963766,0.29831,NA,NA,0.71763,NA,0.096768,0
"locus006","locus263",0.25856,0.627932,NA,NA,0.635456,NA,0.39957,0
"locus006","locus264",0.452368,0.934334,NA,NA,0.019912,NA,0.251684,1
"locus006","locus274",0.456968,0.720196,NA,NA,0.137444,NA,0.205848,0
"locus006","locus280",0.82143,0.19706,NA,NA,0.92888,NA,0.833892,0
"locus006","locus282",0.638976,0.607322,NA,NA,0.758296,NA,1,0
"locus006","locus286",0.869816,0.570632,NA,NA,1,NA,0.40709,0
"locus006","locus291",0.411366,0.826586,NA,NA,0.220244,NA,0.250968,0
"locus006","locus292",0.517196,0.269172,NA,NA,0.199152,NA,1,0
"locus006","locus296",0.646048,0.788342,NA,NA,0.389436,NA,0.848294,0
"locus006","locus301",0.449802,0.160964,NA,NA,0.865952,NA,0.605504,0
"locus006","locus314",1,0.019684,NA,NA,1,NA,1,1
"locus006","locus321",0.486202,1,NA,NA,0.024292,NA,0.639934,1
"locus006","locus322",0.41687,1,NA,NA,0.605332,NA,0.553582,0
"locus006","locus323",0.166476,0.758852,NA,NA,0.009288,NA,0.497016,1
"locus006","locus329",0.392968,0.038406,NA,NA,0.758944,NA,0.600302,1
"locus006","locus332",0.120826,0.39364,NA,NA,0.674974,NA,1,0
"locus006","locus358",0.243814,0.11877,NA,NA,0.856456,NA,0.368554,0
"locus006","locus359",0.630942,1,NA,NA,0.600478,NA,1,0
"locus006","locus360",0.049016,0.258786,NA,NA,0.693634,NA,0.420468,1
"locus008","locus013",0.809902,0.772382,NA,1,0.698714,NA,0.181406,0
"locus008","locus014",0.264428,0.344146,Inf,1,0.807968,NA,0.803756,0
"locus008","locus022",0.063056,0.283582,NA,0.42728,0.039748,NA,0.626864,1
"locus008","locus024",0.26224,0.65488,NA,1,0.803282,NA,0.765724,0
"locus008","locus025",0.388712,0.66515,NA,NA,0.30891,NA,0.544512,0
"locus008","locus027",0.919074,0.893058,Inf,NA,NA,NA,NA,0
"locus008","locus030",0.225776,0.186458,Inf,NA,0.579474,NA,1,0
"locus008","locus035",1,0.166942,NA,NA,0.21068,NA,0.568798,0
"locus008","locus038",0.79432,0.08639,NA,NA,0.267276,NA,0.608828,0
"locus008","locus039",0.80374,0.525292,NA,NA,0.002626,NA,0.467084,1
"locus008","locus040",0.38425,0.377466,NA,NA,0.81676,NA,1,0
"locus008","locus041",0.17444,0.42091,NA,NA,0.101352,NA,0.454892,0
"locus008","locus045",0.860426,0.935406,NA,NA,0.848996,NA,0.193728,0
"locus008","locus047",0.428556,0.695998,NA,NA,0.074618,NA,0.50279,0
"locus008","locus048",1,4e-04,NA,NA,0.419108,NA,0.568642,1
"locus008","locus053",0.9945,0.145418,NA,NA,0.43487,NA,0.379846,0
"locus008","locus055",1,0.064248,NA,NA,0.012592,NA,1,1
"locus008","locus056",0.559292,0.32966,NA,1,0.292738,NA,0.783268,0
"locus008","locus058",0.343788,0.380316,NA,1,0.589352,NA,0.179762,0
"locus008","locus060",0.099414,0.421982,NA,1,1,NA,1,0
"locus008","locus061",0.535014,NA,Inf,NA,0.01436,NA,0.461256,1
"locus008","locus062",0.976704,0.221642,NA,0.52514,0.746358,NA,0.607818,0
"locus008","locus064",1,0.133666,NA,0.285278,0.892456,NA,1,0
"locus008","locus065",1,0.18382,NA,1,0.32412,NA,0.20037,0
"locus008","locus073",0.960604,0.031752,NA,0.502722,0.205718,NA,0.41292,1
"locus008","locus074",0.767846,0.261844,NA,0.048128,0.906004,NA,0.188358,1
"locus008","locus076",0.411922,0.768884,Inf,NA,0.354322,NA,0.357128,0
"locus008","locus077",1,0.581158,NA,Inf,0.341788,NA,0.199204,0
"locus008","locus080",0.85366,0.100684,NA,NA,0.247266,NA,0.4726,0
"locus008","locus083",0.935128,NA,NA,NA,0.89615,NA,1,0
"locus008","locus088",0.169752,0.143162,NA,NA,0.3934,NA,1,0
"locus008","locus093",0.049504,Inf,Inf,NA,1,NA,1,1
"locus008","locus096",0.864672,0.544312,NA,NA,0.465844,NA,0.026058,1
"locus008","locus098",0.721838,0.98997,Inf,NA,0.732588,NA,0.242286,0
"locus008","locus100",0.846754,0.359786,NA,NA,0.572886,NA,0.520576,0
"locus008","locus106",1,0.097156,NA,NA,0.329132,NA,0.165566,0
"locus008","locus116",0.931342,0.949876,NA,NA,0.65307,NA,1,0
"locus008","locus119",0.424254,0.518826,NA,NA,0.107542,NA,0.126226,0
"locus008","locus120",0.567404,0.150562,NA,NA,0.012234,NA,0.570326,1
"locus008","locus128",0.928356,0.980138,NA,1,0.450506,NA,0.454948,0
"locus008","locus129",0.743022,0.337628,NA,1,0.971032,NA,1,0
"locus008","locus130",0.026238,NA,NA,NA,0.405052,NA,1,1
"locus008","locus134",0.963536,0.894624,Inf,NA,0.430784,NA,0.568644,0
"locus008","locus135",0.762156,0.823996,NA,0.524262,0.706928,NA,1,0
"locus008","locus137",0.611026,0.601304,Inf,1,0.059896,NA,0.052596,0
"locus008","locus139",1,0.429116,NA,0.524698,0.651636,NA,1,0
"locus008","locus140",1,0.42665,NA,0.523212,0.646706,NA,1,0
"locus008","locus146",0.414206,0.13156,NA,1,0.632444,NA,0.413498,0
"locus008","locus148",1,0.000606,NA,0.524444,0.405742,NA,0.28389,1
"locus008","locus151",0.702112,NA,NA,1,0.210642,NA,0.2754,0
"locus008","locus157",0.039414,NA,NA,NA,0.107916,NA,0.5606,1
"locus008","locus161",0.45876,0.161876,NA,1,0.623998,NA,0.428664,0
"locus008","locus165",0.22052,0.358114,NA,NA,1,NA,0.568984,0
"locus008","locus170",0.530516,0.689044,NA,1,0.370102,NA,0.781736,0
"locus008","locus176",0.87336,NA,NA,NA,0.332964,NA,1,0
"locus008","locus184",0.409408,0.694286,NA,0.284672,0.932076,NA,0.569758,0
"locus008","locus186",0.44789,0.756306,NA,0.165304,0.193846,NA,0.412562,0
"locus008","locus188",0.179566,0.464068,NA,NA,0.768758,NA,0.384276,0
"locus008","locus189",0.072946,0.773914,NA,NA,0.112838,0.572856,0.301182,0
"locus008","locus190",0.10376,0.041162,NA,NA,0.18101,1,0.280866,1
"locus008","locus191",0.229336,NA,NA,NA,0.588256,0.42844,0.13597,0
"locus008","locus192",0.237682,0.319878,NA,NA,0.174978,1,0.783672,0
"locus008","locus195",0.443202,0.743024,Inf,NA,0.572606,0.428484,0.737768,0
"locus008","locus202",0.68002,0.4482,NA,NA,1,1,0.547664,0
"locus008","locus215",0.315316,NA,NA,NA,0.499614,1,1,0
"locus008","locus227",1,1,Inf,NA,0.35438,0.429178,1,0
"locus008","locus231",0.928764,0.228434,NA,NA,0.721658,NA,0.28751,0
"locus008","locus235",0.136216,0.821766,NA,NA,0.250214,Inf,1,0
"locus008","locus236",0.866032,0.840712,NA,NA,0.353854,0.143778,0.618562,0
"locus008","locus237",0.812378,0.791808,Inf,NA,0.410866,0.524018,0.249116,0
"locus008","locus239",0.00733,0.709992,NA,NA,0.012796,1,1,2
"locus008","locus248",0.339048,0.630688,NA,NA,0.02968,1,0.712674,1
"locus008","locus256",0.317588,0.611906,NA,NA,0.355558,NA,0.060326,0
"locus008","locus263",0.74169,0.053998,NA,NA,0.45086,NA,0.465458,0
"locus008","locus264",0.9731,0.669116,NA,NA,0.448232,NA,0.012586,1
"locus008","locus274",0.419198,0.504494,NA,NA,0.628054,NA,0.444778,0
"locus008","locus280",0.26182,0.479406,NA,NA,0.880726,NA,0.036392,1
"locus008","locus282",0.64731,0.50031,NA,NA,0.804116,NA,0.569458,0
"locus008","locus286",0.187774,1,NA,NA,0.194014,NA,0.200796,0
"locus008","locus291",0.880088,0.334976,NA,NA,0.696278,NA,1,0
"locus008","locus292",0.01502,0.660926,NA,NA,0.90019,NA,0.117994,1
"locus008","locus296",0.275578,0.259048,NA,NA,1,NA,1,0
"locus008","locus301",0.33503,0.683686,NA,NA,0.68174,NA,0.461236,0
"locus008","locus314",0.552826,0.914772,NA,NA,0.351948,NA,1,0
"locus008","locus321",0.032608,0.81378,NA,NA,0.644916,NA,1,1
"locus008","locus322",0.156094,0.794384,NA,NA,0.48539,NA,0.445152,0
"locus008","locus323",0.042594,0.58649,NA,NA,0.177246,NA,0.372874,1
"locus008","locus329",0.12311,0.126994,NA,NA,0.883552,NA,0.60909,0
"locus008","locus332",0.480866,0.420598,NA,NA,0.823734,NA,0.619986,0
"locus008","locus358",0.06,0.325054,NA,NA,0.181578,NA,0.282104,0
"locus008","locus359",1,1,NA,NA,0.792044,NA,0.466004,0
"locus008","locus360",0.038168,0.046184,NA,NA,0.705152,NA,0.263462,2
"locus013","locus014",0.691842,0.979754,1,0.771688,0.938124,NA,1,0
"locus013","locus022",0.827202,0.145944,NA,0.42554,0.370148,NA,0.105434,0
"locus013","locus024",0.888892,0.671488,NA,1,0.70559,NA,0.81302,0
"locus013","locus025",0.491418,0.143608,NA,NA,0.714818,NA,0.2501,0
"locus013","locus027",0.28195,0.390418,Inf,NA,NA,NA,NA,0
"locus013","locus030",0.00182,0.494136,1,NA,0.163286,NA,0.643572,1
"locus013","locus035",0.763082,0.163366,NA,NA,0.156758,NA,0.536722,0
"locus013","locus038",0.552876,0.308534,NA,NA,0.492076,NA,0.131174,0
"locus013","locus039",1,0.795572,NA,NA,0.094588,NA,0.264464,0
"locus013","locus040",0.399184,0.925026,NA,NA,0.212738,NA,1,0
"locus013","locus041",0.973744,0.901558,NA,NA,0.078678,NA,0.236846,0
"locus013","locus045",0.509608,0.018326,NA,NA,0.1297,NA,0.050902,1
"locus013","locus047",0.882448,0.739738,NA,NA,0.348292,NA,0.847024,0
"locus013","locus048",0.379654,0.650058,NA,NA,0.730274,NA,0.81624,0
"locus013","locus053",0.556844,0.793114,NA,NA,0.563078,NA,0.52799,0
"locus013","locus055",0.635244,0.320308,NA,NA,0.015082,NA,0.607306,1
"locus013","locus056",0.15269,0.445156,NA,1,0.97988,NA,0.047078,1
"locus013","locus058",0.600264,0.078122,NA,0.121774,0.084212,NA,0.644158,0
"locus013","locus060",0.162312,0.858966,NA,0.143852,0.899438,NA,0.479818,0
"locus013","locus061",0.171584,NA,Inf,NA,0.222408,NA,0.340778,0
"locus013","locus062",0.087852,0.9337,NA,0.329852,0.622906,NA,0.784472,0
"locus013","locus064",0.31785,0.371958,NA,1,0.912716,NA,0.467286,0
"locus013","locus065",0.016296,0.509986,NA,0.619906,1,NA,1,1
"locus013","locus073",0.045602,0.565538,NA,0.400084,0.938048,NA,0.655582,1
"locus013","locus074",0.244068,0.543732,NA,1,0.34717,NA,0.618056,0
"locus013","locus076",0.93132,0.20797,Inf,NA,0.127454,NA,1,0
"locus013","locus077",0.009516,0.54862,NA,Inf,0.247688,NA,0.537884,1
"locus013","locus080",0.022262,0.711824,NA,NA,0.53575,NA,0.4588,1
"locus013","locus083",0.550058,NA,NA,NA,0.607108,NA,0.502744,0
"locus013","locus088",0.573144,0.78952,NA,NA,0.635544,NA,0.366556,0
"locus013","locus093",1,Inf,Inf,NA,1,NA,1,0
"locus013","locus096",0.299928,0.078968,NA,NA,0.073112,NA,0.00197,1
"locus013","locus098",0.011906,0.473524,1,NA,0.048282,NA,1,2
"locus013","locus100",0.93085,0.392044,NA,NA,0.764042,NA,0.844052,0
"locus013","locus106",0.5507,0.079152,NA,NA,0.063702,NA,0.459798,0
"locus013","locus116",0.973176,0.144726,NA,NA,0.836638,NA,0.859954,0
"locus013","locus119",0.585744,0.045016,NA,NA,0.058486,NA,0.118602,1
"locus013","locus120",0.38181,0.407438,NA,NA,0.848446,NA,0.815498,0
"locus013","locus128",0.226706,0.841818,NA,1,0.052038,NA,0.45509,0
"locus013","locus129",0.126654,0.438506,NA,0.654338,0.927312,NA,0.125896,0
"locus013","locus130",0.86386,NA,NA,NA,0.73116,NA,0.439108,0
"locus013","locus134",0.97459,0.570426,Inf,NA,0.796056,NA,0.661466,0
"locus013","locus135",0.395826,0.248336,NA,1,0.296534,NA,1,0
"locus013","locus137",1,0.52569,1,1,0.261096,NA,1,0
"locus013","locus139",0.031116,1,NA,0.333518,0.37195,NA,0.050382,1
"locus013","locus140",0.030208,1,NA,0.3326,0.36476,NA,0.050512,1
"locus013","locus146",0.409972,0.9275,NA,1,0.532428,NA,0.590106,0
"locus013","locus148",0.868906,0.797896,NA,0.620686,0.65856,NA,0.127108,0
"locus013","locus151",0.675716,NA,NA,1,0.857972,NA,0.210904,0
"locus013","locus157",0.836374,NA,NA,NA,0.280254,NA,1,0
"locus013","locus161",0.663786,0.444604,NA,0.048774,0.913804,NA,0.128382,1
"locus013","locus165",0.435552,0.323212,NA,NA,1,NA,0.660176,0
"locus013","locus170",0.218248,0.314382,NA,1,0.127898,NA,0.463696,0
"locus013","locus176",0.33204,NA,NA,NA,0.103806,NA,0.915292,0
"locus013","locus184",0.09003,0.760564,NA,1,0.532702,NA,1,0
"locus013","locus186",0.50418,0.34487,NA,1,0.803058,NA,1,0
"locus013","locus188",0.002356,0.062132,NA,NA,0.822316,NA,0.2441,1
"locus013","locus189",0.932486,0.03835,NA,NA,0.413368,0.484462,0.018962,2
"locus013","locus190",0.848156,0.707784,NA,NA,0.519422,1,0.280506,0
"locus013","locus191",0.807348,NA,NA,NA,0.101054,0.77089,0.521306,0
"locus013","locus192",0.279378,0.938786,NA,NA,0.374054,0.427894,0.360152,0
"locus013","locus195",0.94606,0.04129,0.250756,NA,0.52026,0.657916,0.37719,1
"locus013","locus202",0.45919,0.722436,NA,NA,0.777052,1,0.59109,0
"locus013","locus215",0.431736,NA,NA,NA,0.936338,0.038904,1,1
"locus013","locus227",0.780326,0.388572,Inf,NA,0.24292,0.027844,1,1
"locus013","locus231",0.613406,0.289996,NA,NA,0.641446,NA,0.007578,1
"locus013","locus235",0.581326,0.05448,NA,NA,0.23082,Inf,0.449672,0
"locus013","locus236",0.458656,0.716616,NA,NA,0.316082,0.144784,0.783072,0
"locus013","locus237",0.515516,0.2797,1,NA,0.91388,1,0.139686,0
"locus013","locus239",0.446462,0.97449,NA,NA,0.769034,0.772602,0.652182,0
"locus013","locus248",0.428876,0.139634,NA,NA,0.653806,0.655526,1,0
"locus013","locus256",0.51999,0.158646,NA,NA,0.853564,NA,0.004592,1
"locus013","locus263",0.396872,0.687474,NA,NA,0.767514,NA,1,0
"locus013","locus264",0.317322,0.3711,NA,NA,0.139882,NA,0.939558,0
"locus013","locus274",0.97086,0.08925,NA,NA,0.607046,NA,0.24133,0
"locus013","locus280",0.037518,0.98987,NA,NA,0.727424,NA,0.004878,2
"locus013","locus282",0.959456,0.495308,NA,NA,0.697482,NA,1,0
"locus013","locus286",0.523748,0.495882,NA,NA,0.61586,NA,0.539068,0
"locus013","locus291",0.789946,0.127458,NA,NA,0.615622,NA,0.519186,0
"locus013","locus292",0.426174,0.613154,NA,NA,0.332582,NA,0.790528,0
"locus013","locus296",0.69477,0.51997,NA,NA,0.838344,NA,1,0
"locus013","locus301",0.97421,1,NA,NA,0.743732,NA,0.614804,0
"locus013","locus314",0.49096,0.242626,NA,NA,0.411098,NA,0.54202,0
"locus013","locus321",0.617662,0.706888,NA,NA,0.08314,NA,1,0
"locus013","locus322",0.942064,0.91955,NA,NA,0.974288,NA,1,0
"locus013","locus323",0.810858,0.069934,NA,NA,0.545992,NA,0.696962,0
"locus013","locus329",0.063198,0.39572,NA,NA,0.712814,NA,0.626486,0
"locus013","locus332",0.758616,0.72242,NA,NA,0.101936,NA,1,0
"locus013","locus358",0.390222,0.435114,NA,NA,1,NA,0.12849,0
"locus013","locus359",0.675308,0.741764,NA,NA,0.345364,NA,0.133368,0
"locus013","locus360",0.898118,0.498562,NA,NA,0.475848,NA,0.137846,0
"locus014","locus022",0.421204,0.39906,NA,0.123024,0.634276,NA,0.140026,0
"locus014","locus024",0.977306,0.047512,NA,1,0.682694,NA,0.052742,1
"locus014","locus025",0.340932,0.566496,NA,NA,0.307558,NA,0.070574,0
"locus014","locus027",0.00462,0.876238,Inf,NA,NA,NA,NA,1
"locus014","locus030",0.46319,0.833144,0.500266,NA,0.003138,NA,0.855166,1
"locus014","locus035",0.875584,0.296832,NA,NA,0.602294,NA,0.789818,0
"locus014","locus038",0.08268,0.214986,NA,NA,0.767308,NA,0.881934,0
"locus014","locus039",0.846432,0.508156,NA,NA,0.058534,NA,0.466176,0
"locus014","locus040",0.012662,0.299028,NA,NA,0.06518,NA,1,1
"locus014","locus041",0.786546,0.209658,NA,NA,0.13241,NA,0.568124,0
"locus014","locus045",0.435746,0.006744,NA,NA,0.060302,NA,1,1
"locus014","locus047",0.331962,0.761634,NA,NA,0.93212,NA,0.799046,0
"locus014","locus048",1,0.670852,NA,NA,0.83161,NA,0.03661,1
"locus014","locus053",0.792612,0.492286,NA,NA,0.653152,NA,0.515818,0
"locus014","locus055",0.066304,0.14969,NA,NA,0.795044,NA,0.16346,0
"locus014","locus056",0.648208,0.798268,NA,0.432412,0.757302,NA,0.399066,0
"locus014","locus058",0.53576,0.450748,NA,0.428974,0.72207,NA,0.605386,0
"locus014","locus060",0.51202,0.042146,NA,1,1,NA,0.395852,1
"locus014","locus061",0.263536,NA,Inf,NA,0.419834,NA,1,0
"locus014","locus062",0.495074,0.910416,NA,0.713544,0.66174,NA,0.353714,0
"locus014","locus064",0.231374,0.569482,NA,0.425694,0.917238,NA,1,0
"locus014","locus065",0.541968,0.606948,NA,1,0.140764,NA,0.466112,0
"locus014","locus073",0.919764,0.905226,NA,0.200102,0.363514,NA,0.632938,0
"locus014","locus074",1,0.104614,NA,1,0.82513,NA,0.050778,0
"locus014","locus076",0.594216,0.491796,Inf,NA,0.374872,NA,0.30277,0
"locus014","locus077",1,0.187442,NA,Inf,0.312578,NA,0.358232,0
"locus014","locus080",0.950504,0.12876,NA,NA,0.589882,NA,0.12961,0
"locus014","locus083",0.65798,NA,NA,NA,0.880102,NA,0.080278,0
"locus014","locus088",0.963804,0.387586,NA,NA,0.815188,NA,0.876934,0
"locus014","locus093",0.358558,Inf,Inf,NA,1,NA,0.443316,0
"locus014","locus096",0.308868,0.778112,NA,NA,0.185654,NA,1,0
"locus014","locus098",0.370006,0.71348,0.497992,NA,0.988758,NA,0.648668,0
"locus014","locus100",0.729356,0.352636,NA,NA,0.501546,NA,0.743214,0
"locus014","locus106",0.553468,1,NA,NA,0.354006,NA,0.5364,0
"locus014","locus116",0.548284,0.61735,NA,NA,0.97099,NA,0.670566,0
"locus014","locus119",0.65537,0.959794,NA,NA,0.819522,NA,0.788378,0
"locus014","locus120",0.3234,0.794546,NA,NA,0.003484,NA,1,1
"locus014","locus128",0.442254,0.365544,NA,1,0.022888,NA,1,1
"locus014","locus129",0.64991,0.943318,NA,1,0.384688,NA,0.652986,0
"locus014","locus130",0.412932,NA,NA,NA,0.029204,NA,0.196536,1
"locus014","locus134",0.793324,0.233702,Inf,NA,0.393788,NA,0.486166,0
"locus014","locus135",0.233296,0.615052,NA,1,0.186974,NA,0.37005,0
"locus014","locus137",0.571964,0.86686,1,1,0.554496,NA,0.887464,0
"locus014","locus139",0.783182,0.050784,NA,0.62016,0.09764,NA,0.644198,0
"locus014","locus140",0.783196,0.052494,NA,0.617288,0.095452,NA,0.649002,0
"locus014","locus146",0.147162,0.967932,NA,0.600494,0.983656,NA,0.732212,0
"locus014","locus148",0.326418,0.235544,NA,0.332308,0.247832,NA,0.416504,0
"locus014","locus151",0.94161,NA,NA,0.79886,0.754682,NA,0.241594,0
"locus014","locus157",0.27103,NA,NA,NA,0.48155,NA,0.708074,0
"locus014","locus161",0.922584,0.9367,NA,0.619434,0.613334,NA,1,0
"locus014","locus165",0.389132,0.04807,NA,NA,0.000392,NA,0.167,2
"locus014","locus170",0.897412,0.195218,NA,1,0.275964,NA,0.673576,0
"locus014","locus176",0.180314,NA,NA,NA,0.401722,NA,0.801818,0
"locus014","locus184",0.553528,0.401766,NA,0.427318,0.216232,NA,0.61558,0
"locus014","locus186",0.610688,0.579774,NA,0.502856,0.10747,NA,0.56676,0
"locus014","locus188",0.733762,0.456146,NA,NA,0.890632,NA,0.333834,0
"locus014","locus189",0.660304,0.685368,NA,NA,0.978548,0.65513,0.288648,0
"locus014","locus190",0.520856,0.77082,NA,NA,0.103064,0.618094,0.788658,0
"locus014","locus191",0.005606,NA,NA,NA,0.26694,0.428526,0.44645,1
"locus014","locus192",0.64415,0.721834,NA,NA,0.583168,0.620598,0.412414,0
"locus014","locus195",0.14428,0.459302,1,NA,1,0.25721,0.714452,0
"locus014","locus202",0.948076,0.241976,NA,NA,0.640668,1,0.856296,0
"locus014","locus215",0.773578,NA,NA,NA,0.139336,0.77114,1,0
"locus014","locus227",0.17431,0.530074,Inf,NA,0.25398,0.258092,1,0
"locus014","locus231",0.613166,0.89899,NA,NA,0.147352,NA,1,0
"locus014","locus235",0.902396,0.822154,NA,NA,0.417778,Inf,0.532826,0
"locus014","locus236",0.934868,0.452608,NA,NA,0.21329,0.43046,0.805534,0
"locus014","locus237",0.87518,0.560412,0.333402,NA,0.147748,1,0.255038,0
"locus014","locus239",0.362808,0.09163,NA,NA,0.028312,1,0.205018,1
"locus014","locus248",0.417268,0.963378,NA,NA,0.820728,0.259326,0.753834,0
"locus014","locus256",0.62949,0.122048,NA,NA,0.852512,NA,0.662594,0
"locus014","locus263",0.372808,0.128894,NA,NA,0.637034,NA,1,0
"locus014","locus264",0.232164,0.623004,NA,NA,0.049994,NA,0.026224,2
"locus014","locus274",0.179624,0.001558,NA,NA,0.130282,NA,0.40158,1
"locus014","locus280",0.902164,0.306684,NA,NA,0.119228,NA,1,0
"locus014","locus282",0.67026,0.273628,NA,NA,0.881694,NA,0.167966,0
"locus014","locus286",0.571908,1,NA,NA,0.842884,NA,0.540976,0
"locus014","locus291",0.118418,0.463418,NA,NA,0.637792,NA,0.496658,0
"locus014","locus292",0.211436,0.71402,NA,NA,0.607248,NA,0.776526,0
"locus014","locus296",0.40699,0.388294,NA,NA,0.483436,NA,0.758462,0
"locus014","locus301",0.075778,0.432872,NA,NA,0.386568,NA,0.09693,0
"locus014","locus314",0.203884,0.581108,NA,NA,0.369056,NA,0.399874,0
"locus014","locus321",0.683838,1,NA,NA,0.578028,NA,0.383372,0
"locus014","locus322",0.514052,0.02382,NA,NA,0.180824,NA,0.61759,1
"locus014","locus323",0.833716,0.480692,NA,NA,0.155174,NA,0.52571,0
"locus014","locus329",0.476956,0.40813,NA,NA,0.109006,NA,0.47976,0
"locus014","locus332",0.176046,0.346966,NA,NA,0.019468,NA,0.647342,1
"locus014","locus358",0.540566,0.212884,NA,NA,0.352286,NA,0.773462,0
"locus014","locus359",0.85882,0.59967,NA,NA,0.142648,NA,0.465154,0
"locus014","locus360",0.670342,0.040822,Inf,NA,0.107214,NA,0.734464,1
"locus022","locus024",0.583372,0.045578,NA,1,0.352472,NA,0.292776,1
"locus022","locus025",0.361318,0.608162,NA,NA,0.01908,NA,0.82988,1
"locus022","locus027",0.793342,0.11434,NA,NA,NA,NA,NA,0
"locus022","locus030",0.642002,0.735538,1,NA,0.160888,NA,0.223404,0
"locus022","locus035",0.961402,0.648924,NA,NA,0.468222,NA,0.505426,0
"locus022","locus038",0.872376,0.770814,NA,NA,0.775458,NA,0.66064,0
"locus022","locus039",0.892474,0.310094,NA,NA,0.124972,NA,1,0
"locus022","locus040",0.801366,0.755706,NA,NA,0.46745,NA,0.272042,0
"locus022","locus041",0.084382,0.886898,NA,NA,0.308346,NA,1,0
"locus022","locus045",0.60037,0.874902,NA,NA,0.290728,NA,0.817442,0
"locus022","locus047",0.441792,0.718756,NA,NA,0.457904,NA,0.745578,0
"locus022","locus048",0.790966,0.000744,NA,NA,0.778782,NA,0.085314,1
"locus022","locus053",0.718148,0.69801,NA,NA,0.707568,NA,0.402206,0
"locus022","locus055",0.570158,0.52465,NA,NA,0.952686,NA,0.02115,1
"locus022","locus056",0.390198,0.117002,NA,0.572436,0.870864,NA,0.750744,0
"locus022","locus058",0.593346,0.59649,NA,1,0.844606,NA,0.960152,0
"locus022","locus060",0.725754,0.603724,NA,0.573446,0.630804,NA,0.639332,0
"locus022","locus061",0.153792,NA,NA,NA,0.094482,NA,0.176596,0
"locus022","locus062",0.220132,0.922792,NA,0.282366,0.605696,NA,0.029134,1
"locus022","locus064",0.381184,0.543694,NA,0.572338,0.559924,NA,0.762568,0
"locus022","locus065",0.882274,0.57588,NA,1,0.346486,NA,0.76116,0
"locus022","locus073",0.07272,0.032494,NA,0.017392,0.593366,NA,0.510222,2
"locus022","locus074",0.281682,0.743618,NA,0.429534,0.48615,NA,1,0
"locus022","locus076",0.564772,0.954274,NA,NA,0.949292,NA,0.446098,0
"locus022","locus077",0.327384,0.48783,NA,Inf,0.049572,NA,0.1551,1
"locus022","locus080",0.801896,0.671334,NA,NA,0.600152,NA,0.435832,0
"locus022","locus083",0.066462,NA,NA,NA,0.872082,NA,0.033214,1
"locus022","locus088",0.273548,0.321282,NA,NA,0.583844,NA,0.84701,0
"locus022","locus093",0.01325,Inf,Inf,NA,0.723864,NA,0.110076,1
"locus022","locus096",0.150012,0.002948,NA,NA,0.795718,NA,0.113104,1
"locus022","locus098",0.077478,0.22306,1,NA,0.813952,NA,0.826448,0
"locus022","locus100",0.701722,0.090594,NA,NA,0.041452,NA,0.701324,1
"locus022","locus106",0.42074,0.458798,NA,NA,0.907506,NA,0.362166,0
"locus022","locus116",0.824574,0.964032,NA,NA,0.766588,NA,0.90605,0
"locus022","locus119",0.680056,0.227072,NA,NA,0.81864,NA,0.72507,0
"locus022","locus120",0.5491,0.591808,NA,NA,0.150014,NA,0.889976,0
"locus022","locus128",0.924082,0.778122,NA,1,0.83739,NA,1,0
"locus022","locus129",0.587048,0.77323,NA,0.82695,0.947138,NA,0.859408,0
"locus022","locus130",0.12854,NA,NA,NA,0.987132,NA,1,0
"locus022","locus134",0.422052,0.294368,NA,NA,0.163318,NA,0.39185,0
"locus022","locus135",0.086634,0.43912,NA,1,0.089852,NA,0.054488,0
"locus022","locus137",0.669528,0.834194,1,1,0.295768,NA,0.540028,0
"locus022","locus139",0.696102,0.386894,NA,1,0.524826,NA,0.721498,0
"locus022","locus140",0.700332,0.383406,NA,1,0.520698,NA,0.71961,0
"locus022","locus146",0.809788,0.228648,NA,1,0.008144,NA,0.40835,1
"locus022","locus148",0.037162,0.735962,NA,0.237,0.316496,NA,0.160686,1
"locus022","locus151",0.367442,NA,NA,1,0.166956,NA,0.73598,0
"locus022","locus157",0.31577,NA,NA,NA,0.390746,NA,1,0
"locus022","locus161",0.049726,0.90492,NA,1,0.041688,NA,0.85661,2
"locus022","locus165",0.091134,0.727902,NA,NA,0.808518,NA,0.669392,0
"locus022","locus170",0.211628,0.28197,NA,1,0.711668,NA,0.919206,0
"locus022","locus176",0.363516,NA,NA,NA,0.211198,NA,0.414322,0
"locus022","locus184",0.990874,0.313422,NA,0.571872,0.758072,NA,0.53173,0
"locus022","locus186",0.62678,0.130256,NA,0.499536,0.42584,NA,0.920808,0
"locus022","locus188",0.538762,0.658084,NA,NA,0.972136,NA,0.586374,0
"locus022","locus189",0.99588,0.905182,NA,NA,0.43028,0.65553,0.7094,0
"locus022","locus190",0.985048,0.79086,NA,NA,0.58357,0.618936,0.51086,0
"locus022","locus191",0.348374,NA,NA,NA,0.414508,0.122676,0.768274,0
"locus022","locus192",0.195648,0.093262,NA,NA,0.335132,0.61801,0.047946,1
"locus022","locus195",0.521114,0.089236,0.49836,NA,0.744998,0.658052,1,0
"locus022","locus202",0.532394,0.722168,NA,NA,0.637258,0.257712,0.758304,0
"locus022","locus215",0.697822,NA,NA,NA,0.755378,0.768006,0.64031,0
"locus022","locus227",0.074286,0.528316,Inf,NA,0.811356,1,0.481222,0
"locus022","locus231",0.128872,0.196802,NA,NA,0.20155,NA,0.1214,0
"locus022","locus235",0.709006,0.612398,NA,NA,0.657528,Inf,0.628076,0
"locus022","locus236",0.501706,0.941396,NA,NA,0.104126,0.657016,0.630146,0
"locus022","locus237",0.73658,0.44249,0.330912,NA,0.414508,1,0.009134,1
"locus022","locus239",0.54565,0.3944,NA,NA,0.681066,1,0.497056,0
"locus022","locus248",0.997472,0.851338,NA,NA,0.059266,1,0.951548,0
"locus022","locus256",0.133552,0.352468,NA,NA,0.058926,NA,0.851102,0
"locus022","locus263",0.39921,1,NA,NA,0.063878,NA,1,0
"locus022","locus264",0.937682,0.602404,NA,NA,0.585568,NA,0.076506,0
"locus022","locus274",0.41324,0.497738,NA,NA,0.938408,NA,0.017148,1
"locus022","locus280",0.12505,0.721916,NA,NA,0.11051,NA,0.09199,0
"locus022","locus282",0.306238,0.497064,NA,NA,0.74437,NA,0.466394,0
"locus022","locus286",0.729414,0.519178,NA,NA,0.081242,NA,0.83479,0
"locus022","locus291",0.410082,0.745826,NA,NA,0.210586,NA,0.594088,0
"locus022","locus292",0.975042,0.027946,NA,NA,0.07654,NA,0.6515,1
"locus022","locus296",0.050554,0.841798,NA,NA,0.367802,NA,0.56576,0
"locus022","locus301",0.563176,0.168088,Inf,NA,0.133888,NA,1,0
"locus022","locus314",0.955976,0.23175,NA,NA,0.58039,NA,0.669186,0
"locus022","locus321",0.03652,0.228284,NA,NA,0.3778,NA,0.96021,1
"locus022","locus322",0.43991,0.44837,NA,NA,0.765034,NA,1,0
"locus022","locus323",0.968464,0.155558,NA,NA,0.576182,NA,0.907176,0
"locus022","locus329",0.625142,0.63803,NA,NA,0.550192,NA,0.742456,0
"locus022","locus332",0.872982,0.809674,NA,NA,0.524302,NA,0.625398,0
"locus022","locus358",0.602168,0.306452,NA,NA,0.641168,NA,0.027568,1
"locus022","locus359",0.846432,0.65506,NA,NA,0.783396,NA,1,0
"locus022","locus360",0.039608,0.032186,NA,NA,0.829504,NA,0.742196,2
"locus024","locus025",0.907116,0.717648,NA,NA,0.325866,NA,0.279578,0
"locus024","locus027",0.432086,1,NA,NA,NA,NA,NA,0
"locus024","locus030",0.412336,0.022254,0.251816,NA,0.750876,NA,0.620818,1
"locus024","locus035",0.558406,0.699762,NA,NA,0.50388,NA,0.702476,0
"locus024","locus038",1,0.419994,NA,NA,0.689208,NA,0.28506,0
"locus024","locus039",0.537318,0.624428,NA,NA,0.769696,NA,0.714128,0
"locus024","locus040",0.938776,0.703744,NA,NA,0.717138,NA,1,0
"locus024","locus041",0.049788,0.631266,NA,NA,0.780908,NA,0.77299,1
"locus024","locus045",1,0.064478,NA,NA,0.426156,NA,0.80202,0
"locus024","locus047",0.681206,0.917176,NA,NA,0.251022,NA,0.474072,0
"locus024","locus048",0.170584,0.532098,NA,NA,0.647384,NA,0.702354,0
"locus024","locus053",0.851308,0.38347,NA,NA,0.335878,NA,0.855612,0
"locus024","locus055",0.70821,1,NA,NA,0.802458,NA,0.497518,0
"locus024","locus056",0.174576,0.836034,NA,1,0.30786,NA,0.666304,0
"locus024","locus058",0.77159,0.635596,NA,1,0.677702,NA,0.127282,0
"locus024","locus060",0.508656,0.86689,NA,Inf,0.536498,NA,0.606518,0
"locus024","locus061",0.666212,NA,NA,NA,0.663696,NA,0.308154,0
"locus024","locus062",0.299552,0.26624,NA,1,0.816586,NA,1,0
"locus024","locus064",0.746984,0.04767,NA,1,0.680656,NA,0.711724,1
"locus024","locus065",0.287892,1,NA,0.40068,1,NA,1,0
"locus024","locus073",0.426672,0.583078,NA,1,0.244404,NA,0.519692,0
"locus024","locus074",0.090418,0.70955,NA,1,1,NA,0.717854,0
"locus024","locus076",0.312354,0.107826,NA,NA,0.879146,NA,0.515752,0
"locus024","locus077",1,0.263316,NA,Inf,0.38971,NA,0.372244,0
"locus024","locus080",0.573898,0.289304,NA,NA,0.30841,NA,0.771622,0
"locus024","locus083",0.09119,NA,NA,NA,0.019562,NA,0.126214,1
"locus024","locus088",0.27097,0.803698,NA,NA,1,NA,0.757448,0
"locus024","locus093",1,Inf,Inf,NA,1,NA,1,0
"locus024","locus096",0.90515,0.738802,NA,NA,0.655902,NA,1,0
"locus024","locus098",0.953518,0.723006,0.250786,NA,0.287298,NA,0.645928,0
"locus024","locus100",0.686114,0.873314,NA,NA,0.13496,NA,0.51846,0
"locus024","locus106",0.540204,0.321112,NA,NA,0.058384,NA,1,0
"locus024","locus116",0.125952,0.724662,NA,NA,0.538626,NA,0.83233,0
"locus024","locus119",0.63824,1,NA,NA,0.580662,NA,0.211076,0
"locus024","locus120",0.406688,0.718002,NA,NA,1,NA,0.80369,0
"locus024","locus128",1,0.321084,NA,Inf,0.07323,NA,1,0
"locus024","locus129",0.7034,0.951282,NA,1,0.204562,NA,0.468494,0
"locus024","locus130",0.671386,NA,NA,NA,0.852996,NA,0.451618,0
"locus024","locus134",0.83848,0.948446,NA,NA,0.135074,NA,0.263768,0
"locus024","locus135",0.498308,0.88469,NA,1,0.81809,NA,0.224096,0
"locus024","locus137",0.53838,0.276042,1,0.199862,0.070012,NA,1,0
"locus024","locus139",0.14088,0.807504,NA,0.20007,0.460442,NA,0.76308,0
"locus024","locus140",0.139944,0.80346,NA,0.199574,0.463528,NA,0.764622,0
"locus024","locus146",0.809564,0.096616,NA,1,0.83867,NA,0.041128,1
"locus024","locus148",0.18938,0.973552,NA,0.401828,0.589918,NA,0.419452,0
"locus024","locus151",0.13843,NA,NA,1,0.68186,NA,0.432204,0
"locus024","locus157",0.33206,NA,NA,NA,0.108974,NA,1,0
"locus024","locus161",0.319154,0.738564,NA,1,0.707014,NA,0.647658,0
"locus024","locus165",0.096174,0.044814,NA,NA,0.888638,NA,0.110346,1
"locus024","locus170",0.951472,0.347162,NA,1,0.103804,NA,0.203294,0
"locus024","locus176",0.001794,NA,NA,NA,0.63767,NA,0.642278,1
"locus024","locus184",0.77125,0.720586,NA,1,0.307732,NA,0.32585,0
"locus024","locus186",0.256586,0.352288,NA,1,1,NA,0.43564,0
"locus024","locus188",0.139824,0.584556,NA,NA,0.799934,NA,0.728438,0
"locus024","locus189",0.36159,0.049364,NA,NA,0.349112,0.1155,0.373994,1
"locus024","locus190",0.153578,0.52356,NA,NA,0.524982,1,1,0
"locus024","locus191",0.176266,NA,NA,NA,0.564684,0.038216,0.097928,1
"locus024","locus192",0.728922,0.581996,NA,NA,0.35871,0.047914,0.467576,1
"locus024","locus195",0.697756,0.357564,1,NA,0.870282,0.428834,1,0
"locus024","locus202",0.382454,0.40626,NA,NA,0.88708,0.25896,0.04512,1
"locus024","locus215",0.113336,NA,Inf,NA,1,0.43068,0.454462,0
"locus024","locus227",0.552352,0.021258,Inf,NA,0.783836,0.429734,0.702478,1
"locus024","locus231",0.149696,0.233466,NA,NA,0.125656,NA,0.253816,0
"locus024","locus235",1,0.1189,NA,NA,0.349152,Inf,1,0
"locus024","locus236",0.670134,0.6167,NA,NA,0.160404,1,0.763246,0
"locus024","locus237",0.61719,0.013158,1,NA,0.578348,0.141904,0.382582,1
"locus024","locus239",0.327224,1,NA,NA,0.566792,0.426832,0.758374,0
"locus024","locus248",0.833532,0.874182,NA,NA,1,0.657806,0.53867,0
"locus024","locus256",0.261966,0.972964,NA,NA,0.262922,NA,0.518324,0
"locus024","locus263",0.736216,0.393996,NA,NA,0.639094,NA,1,0
"locus024","locus264",0.259188,0.804156,NA,NA,0.866128,NA,0.15809,0
"locus024","locus274",0.592796,0.777924,NA,NA,0.362684,NA,0.664462,0
"locus024","locus280",0.380922,0.578998,NA,NA,0.51599,NA,0.71306,0
"locus024","locus282",0.92078,0.961334,NA,NA,0.698676,NA,1,0
"locus024","locus286",0.553236,0.301842,NA,NA,0.748146,NA,0.703416,0
"locus024","locus291",0.611548,0.880056,NA,NA,1,NA,0.377942,0
"locus024","locus292",0.59016,0.021734,NA,NA,0.792596,NA,0.460874,1
"locus024","locus296",0.519694,0.321526,NA,NA,1,NA,1,0
"locus024","locus301",0.380048,0.64787,NA,NA,0.27334,NA,0.70179,0
"locus024","locus314",0.75572,0.650616,NA,NA,0.295764,NA,0.05321,0
"locus024","locus321",0.078684,0.073224,NA,NA,0.871516,NA,0.618674,0
"locus024","locus322",0.889888,0.318936,NA,NA,0.285814,NA,0.0756,0
"locus024","locus323",0.143826,0.440008,NA,NA,0.068698,NA,0.830238,0
"locus024","locus329",0.11198,0.099976,NA,NA,0.738632,NA,0.640432,0
"locus024","locus332",0.702294,0.385414,NA,NA,0.89875,NA,0.763546,0
"locus024","locus358",0.634454,0.76967,NA,NA,0.834406,NA,0.320084,0
"locus024","locus359",0.335458,0.71452,NA,NA,0.162782,NA,1,0
"locus024","locus360",0.92091,0.04527,NA,NA,0.28346,NA,1,1
"locus025","locus027",0.08206,0.539878,NA,NA,NA,NA,NA,0
"locus025","locus030",0.386376,0.5616,Inf,NA,0.915914,NA,0.408664,0
"locus025","locus035",1,0.565316,NA,NA,0.04038,NA,1,1
"locus025","locus038",0.121834,0.187106,NA,NA,0.813386,NA,0.179306,0
"locus025","locus039",0.927232,0.949734,NA,NA,0.08945,NA,0.11436,0
"locus025","locus040",0.44956,0.33919,NA,NA,0.329258,NA,0.546378,0
"locus025","locus041",0.879072,0.864694,NA,NA,0.419004,NA,1,0
"locus025","locus045",0.594598,0.508674,NA,NA,0.062084,NA,0.25083,0
"locus025","locus047",0.742828,0.924372,NA,NA,0.460202,NA,0.5118,0
"locus025","locus048",0.072414,0.292178,NA,NA,0.07642,NA,0.75535,0
"locus025","locus053",0.473298,0.144692,NA,NA,0.78579,NA,0.579958,0
"locus025","locus055",0.014056,0.888718,NA,NA,0.73483,NA,0.508298,1
"locus025","locus056",0.97838,0.25065,NA,1,0.053254,NA,0.04019,1
"locus025","locus058",0.802354,0.699304,NA,1,0.182994,NA,1,0
"locus025","locus060",0.214588,0.82772,NA,1,0.784558,NA,0.003886,1
"locus025","locus061",0.895312,NA,NA,NA,0.403906,NA,1,0
"locus025","locus062",0.708246,0.926876,NA,0.406714,0.509794,NA,0.412814,0
"locus025","locus064",0.13512,0.473488,NA,0.16714,0.451036,NA,0.312056,0
"locus025","locus065",0.112356,0.679278,NA,0.168196,0.822102,NA,1,0
"locus025","locus073",0.76197,0.570042,NA,1,0.61785,NA,0.78785,0
"locus025","locus074",0.06507,0.210024,NA,0.197462,0.378608,NA,0.173904,0
"locus025","locus076",0.61116,0.405564,NA,NA,0.44654,NA,0.922744,0
"locus025","locus077",0.810648,0.051406,NA,Inf,0.55838,NA,0.754164,0
"locus025","locus080",0.016822,0.9669,NA,NA,0.084088,NA,0.172242,1
"locus025","locus083",0.66535,NA,NA,NA,0.603982,NA,1,0
"locus025","locus088",0.114202,0.96716,NA,NA,0.472638,NA,0.789802,0
"locus025","locus093",0.337714,Inf,Inf,NA,0.583126,NA,1,0
"locus025","locus096",0.5786,0.310016,NA,NA,0.178128,NA,0.81206,0
"locus025","locus098",0.525482,0.275826,Inf,NA,0.148694,NA,0.578202,0
"locus025","locus100",0.522876,0.888304,NA,NA,0.041286,NA,0.886868,1
"locus025","locus106",0.804814,0.562236,NA,NA,0.399344,NA,1,0
"locus025","locus116",0.011334,0.642422,NA,NA,0.44086,NA,0.19552,1
"locus025","locus119",0.56405,0.05171,NA,NA,0.199114,NA,0.397902,0
"locus025","locus120",0.075208,0.479836,NA,NA,0.06847,NA,0.754792,0
"locus025","locus128",0.033752,0.30523,NA,1,0.726108,NA,0.126794,1
"locus025","locus129",0.39369,0.213506,NA,0.79809,0.85251,NA,0.42928,0
"locus025","locus130",0.798082,NA,NA,NA,0.095632,NA,0.048542,1
"locus025","locus134",1,0.906108,NA,NA,0.212384,NA,0.303924,0
"locus025","locus135",0.32714,0.653594,NA,0.60039,0.240878,NA,0.932134,0
"locus025","locus137",0.076332,0.415812,Inf,Inf,0.52101,NA,1,0
"locus025","locus139",0.702282,0.378498,NA,1,0.231376,NA,0.370336,0
"locus025","locus140",0.703214,0.376764,NA,1,0.236386,NA,0.370738,0
"locus025","locus146",0.044348,0.222834,NA,1,0.942952,NA,0.887722,1
"locus025","locus148",0.940284,0.754282,NA,0.49727,0.277648,NA,0.178134,0
"locus025","locus151",0.59768,NA,NA,1,0.230738,NA,0.197158,0
"locus025","locus157",0.90672,NA,NA,NA,0.30826,NA,0.718888,0
"locus025","locus161",0.444992,0.716124,NA,1,0.00697,NA,0.025484,2
"locus025","locus165",0.820724,0.973526,NA,NA,0.28497,NA,0.302218,0
"locus025","locus170",0.968646,0.914252,NA,0.197748,0.805348,NA,0.654872,0
"locus025","locus176",0.423422,NA,NA,NA,0.759356,NA,0.64803,0
"locus025","locus184",0.189474,0.369116,NA,0.165482,0.767916,NA,0.664702,0
"locus025","locus186",0.95376,0.925966,NA,0.400556,0.148532,NA,0.555024,0
"locus025","locus188",0.43315,0.719866,NA,NA,0.44727,NA,0.615404,0
"locus025","locus189",0.337204,0.531992,NA,NA,0.438852,1,0.255048,0
"locus025","locus190",0.655532,0.187726,NA,NA,0.836828,1,0.828962,0
"locus025","locus191",0.798324,NA,NA,NA,0.914666,1,0.565788,0
"locus025","locus192",1,0.05423,NA,NA,0.800082,1,0.382568,0
"locus025","locus195",0.295128,0.73501,Inf,NA,0.713584,1,0.019176,1
"locus025","locus202",0.794264,0.608416,NA,NA,0.85809,0.399496,0.371262,0
"locus025","locus215",0.054002,NA,Inf,NA,0.01664,0.60069,1,1
"locus025","locus227",0.043918,0.39622,Inf,NA,0.144958,1,1,1
"locus025","locus231",0.221148,0.251564,NA,NA,0.456704,NA,0.37929,0
"locus025","locus235",0.86122,0.51885,NA,NA,0.316902,Inf,0.9449,0
"locus025","locus236",0.16118,0.034414,NA,NA,0.679546,1,1,1
"locus025","locus237",0.289858,0.75826,Inf,NA,0.52247,0.4669,0.5265,0
"locus025","locus239",1,0.520942,NA,NA,0.656014,0.200826,0.198582,0
"locus025","locus248",0.68477,0.623476,NA,NA,0.71654,0.399022,0.344034,0
"locus025","locus256",0.651444,0.029826,NA,NA,0.275272,NA,0.372104,1
"locus025","locus263",0.749802,1,NA,NA,0.370958,NA,1,0
"locus025","locus264",0.84976,0.05375,NA,NA,0.438944,NA,0.275932,0
"locus025","locus274",0.277872,0.955354,NA,NA,0.417524,NA,0.651628,0
"locus025","locus280",0.496938,0.665912,NA,NA,0.736084,NA,0.442728,0
"locus025","locus282",0.289698,0.212302,NA,NA,0.851116,NA,1,0
"locus025","locus286",0.157204,0.515526,NA,NA,0.921516,NA,0.754018,0
"locus025","locus291",0.76744,0.757488,NA,NA,0.5678,NA,0.440166,0
"locus025","locus292",0.381076,0.205138,NA,NA,0.818016,NA,1,0
"locus025","locus296",0.453706,0.442224,NA,NA,0.571474,NA,0.352476,0
"locus025","locus301",0.205642,0.132946,NA,NA,0.046084,NA,0.46177,1
"locus025","locus314",0.005056,0.629458,NA,NA,1,NA,0.396416,1
"locus025","locus321",0.387786,0.339836,NA,NA,0.615986,NA,0.40372,0
"locus025","locus322",0.048484,0.582514,NA,NA,0.263316,NA,0.916848,1
"locus025","locus323",0.11874,0.78175,NA,NA,0.098302,NA,0.663428,0
"locus025","locus329",0.404182,0.010942,NA,NA,0.831516,NA,0.510558,1
"locus025","locus332",0.422428,0.195532,NA,NA,0.71322,NA,0.80288,0
"locus025","locus358",0.24288,0.633214,NA,NA,0.639074,NA,0.395016,0
"locus025","locus359",0.228014,0.881738,NA,NA,0.293406,NA,1,0
"locus025","locus360",0.413302,0.732902,NA,NA,0.539726,NA,0.195008,0
"locus027","locus030",1,0.154194,Inf,NA,NA,NA,NA,0
"locus027","locus035",0.679626,0.313622,NA,NA,NA,NA,NA,0
"locus027","locus038",0.525806,0.488284,NA,NA,NA,NA,NA,0
"locus027","locus039",0.877362,0.784654,NA,NA,NA,NA,NA,0
"locus027","locus040",0.423448,0.777344,NA,NA,NA,NA,NA,0
"locus027","locus041",0.77896,0.16395,NA,NA,NA,NA,NA,0
"locus027","locus045",0.90715,0.436318,NA,NA,NA,NA,NA,0
"locus027","locus047",0.145344,0.381154,NA,NA,NA,NA,NA,0
"locus027","locus048",0.225836,0.53303,NA,NA,NA,NA,NA,0
"locus027","locus053",0.888326,0.827782,Inf,NA,NA,NA,NA,0
"locus027","locus055",0.03095,0.486862,NA,NA,NA,NA,NA,1
"locus027","locus056",0.610242,0.249876,NA,NA,NA,NA,NA,0
"locus027","locus058",0.339048,0.378464,NA,NA,NA,NA,NA,0
"locus027","locus060",0.460492,0.656438,NA,NA,NA,NA,NA,0
"locus027","locus061",0.926842,NA,NA,NA,NA,NA,NA,0
"locus027","locus062",0.679212,0.693598,NA,NA,NA,NA,NA,0
"locus027","locus064",0.507854,0.798344,NA,NA,NA,NA,NA,0
"locus027","locus065",0.7163,1,NA,NA,NA,NA,NA,0
"locus027","locus073",0.12944,0.703088,NA,NA,NA,NA,NA,0
"locus027","locus074",0.310398,0.274524,NA,NA,NA,NA,NA,0
"locus027","locus076",0.008548,0.201126,NA,NA,NA,NA,NA,1
"locus027","locus077",0.308676,0.877294,NA,NA,NA,NA,NA,0
"locus027","locus080",0.458878,0.114814,NA,NA,NA,NA,NA,0
"locus027","locus083",0.710082,NA,NA,NA,NA,NA,NA,0
"locus027","locus088",0.919384,0.95445,NA,NA,NA,NA,NA,0
"locus027","locus093",0.565458,Inf,Inf,NA,NA,NA,NA,0
"locus027","locus096",0.497854,0.215566,NA,NA,NA,NA,NA,0
"locus027","locus098",0.140834,0.38115,Inf,NA,NA,NA,NA,0
"locus027","locus100",0.351454,0.79774,NA,NA,NA,NA,NA,0
"locus027","locus106",0.683812,0.7972,Inf,NA,NA,NA,NA,0
"locus027","locus116",0.260124,0.253124,NA,NA,NA,NA,NA,0
"locus027","locus119",0.138212,0.04066,NA,NA,NA,NA,NA,1
"locus027","locus120",0.764076,0.47961,NA,NA,NA,NA,NA,0
"locus027","locus128",0.252682,0.108156,NA,NA,NA,NA,NA,0
"locus027","locus129",0.491562,0.60353,NA,NA,NA,NA,NA,0
"locus027","locus130",0.25945,NA,NA,NA,NA,NA,NA,0
"locus027","locus134",0.581218,0.83603,NA,NA,NA,NA,NA,0
"locus027","locus135",0.746986,0.636234,NA,NA,NA,NA,NA,0
"locus027","locus137",0.375978,0.499684,NA,NA,NA,NA,NA,0
"locus027","locus139",0.40581,0.56305,NA,NA,NA,NA,NA,0
"locus027","locus140",0.402454,0.559412,NA,NA,NA,NA,NA,0
"locus027","locus146",0.103032,0.745552,NA,NA,NA,NA,NA,0
"locus027","locus148",0.846522,0.528422,NA,NA,NA,NA,NA,0
"locus027","locus151",0.95861,NA,NA,NA,NA,NA,NA,0
"locus027","locus157",0.236962,NA,NA,NA,NA,NA,NA,0
"locus027","locus161",0.264802,0.78888,Inf,NA,NA,NA,NA,0
"locus027","locus165",0.90409,0.43915,Inf,NA,NA,NA,NA,0
"locus027","locus170",0.658386,0.416938,NA,NA,NA,NA,NA,0
"locus027","locus176",0.969118,NA,NA,NA,NA,NA,NA,0
"locus027","locus184",0.09303,0.189646,NA,NA,NA,NA,NA,0
"locus027","locus186",0.392964,0.071618,NA,NA,NA,NA,NA,0
"locus027","locus188",0.137404,0.71956,Inf,NA,NA,NA,NA,0
"locus027","locus189",0.394428,0.555518,NA,NA,NA,NA,NA,0
"locus027","locus190",0.292726,0.924252,NA,NA,NA,NA,NA,0
"locus027","locus191",0.581572,NA,Inf,NA,NA,NA,NA,0
"locus027","locus192",1,0.000474,NA,NA,NA,NA,NA,1
"locus027","locus195",0.421074,0.86889,Inf,NA,NA,NA,NA,0
"locus027","locus202",0.238584,1,NA,NA,NA,NA,NA,0
"locus027","locus215",0.96361,NA,NA,NA,NA,NA,NA,0
"locus027","locus227",0.82157,0.888602,Inf,NA,NA,NA,NA,0
"locus027","locus231",0.7723,0.334504,NA,NA,NA,NA,NA,0
"locus027","locus235",1,0.876064,NA,NA,NA,NA,NA,0
"locus027","locus236",0.750142,0.055196,NA,NA,NA,NA,NA,0
"locus027","locus237",0.484978,0.97424,NA,NA,NA,NA,NA,0
"locus027","locus239",0.453802,0.63438,NA,NA,NA,NA,NA,0
"locus027","locus248",0.790614,0.409136,NA,NA,NA,NA,NA,0
"locus027","locus256",0.361006,0.845366,NA,NA,NA,NA,NA,0
"locus027","locus263",0.51916,0.622278,NA,NA,NA,NA,NA,0
"locus027","locus264",0.720724,0.824672,NA,NA,NA,NA,NA,0
"locus027","locus274",0.175226,0.282746,NA,NA,NA,NA,NA,0
"locus027","locus280",0.179694,0.079914,NA,NA,NA,NA,NA,0
"locus027","locus282",0.268602,0.425382,NA,NA,NA,NA,NA,0
"locus027","locus286",0.30487,0.159144,NA,NA,NA,NA,NA,0
"locus027","locus291",0.405378,0.395558,NA,NA,NA,NA,NA,0
"locus027","locus292",0.131194,0.63596,NA,NA,NA,NA,NA,0
"locus027","locus296",0.58298,0.877266,NA,NA,NA,NA,NA,0
"locus027","locus301",0.902578,0.735374,NA,NA,NA,NA,NA,0
"locus027","locus314",0.049466,0.904906,NA,NA,NA,NA,NA,1
"locus027","locus321",0.755596,0.146686,NA,NA,NA,NA,NA,0
"locus027","locus322",0.332432,0.05144,NA,NA,NA,NA,NA,0
"locus027","locus323",0.095072,0.052404,NA,NA,NA,NA,NA,0
"locus027","locus329",0.84441,0.349186,NA,NA,NA,NA,NA,0
"locus027","locus332",0.022776,0.768182,NA,NA,NA,NA,NA,1
"locus027","locus358",0.486586,0.180984,NA,NA,NA,NA,NA,0
"locus027","locus359",0.677256,0.412206,NA,NA,NA,NA,NA,0
"locus027","locus360",0.23304,0.635184,NA,NA,NA,NA,NA,0
"locus030","locus035",0.036786,0.917562,1,NA,0.618848,NA,0.023488,2
"locus030","locus038",0.175304,0.663694,NA,NA,0.800286,NA,0.744034,0
"locus030","locus039",0.150204,0.408508,NA,NA,0.713046,NA,0.323812,0
"locus030","locus040",0.386638,0.52466,NA,NA,0.628714,NA,1,0
"locus030","locus041",0.141844,0.24557,NA,NA,0.627258,NA,0.757252,0
"locus030","locus045",0.81956,0.730486,NA,NA,0.040076,NA,0.751612,1
"locus030","locus047",0.359378,0.707338,NA,NA,0.355876,NA,0.82523,0
"locus030","locus048",0.391976,0.848338,NA,NA,0.086598,NA,0.769552,0
"locus030","locus053",0.20584,0.611488,NA,NA,0.317206,NA,0.028344,1
"locus030","locus055",0.732358,0.49513,NA,NA,0.512552,NA,0.59103,0
"locus030","locus056",0.450792,0.627626,1,0.570312,0.011218,NA,0.430674,1
"locus030","locus058",0.564062,0.881804,NA,0.065806,0.015748,NA,0.130484,1
"locus030","locus060",0.143366,0.552646,NA,0.570694,0.644444,NA,0.790628,0
"locus030","locus061",0.887506,NA,NA,NA,0.152894,NA,0.232768,0
"locus030","locus062",0.891606,0.040058,NA,0.0948,0.781958,NA,0.184952,1
"locus030","locus064",0.42675,1,NA,0.572022,0.193416,NA,0.468126,0
"locus030","locus065",0.26606,1,NA,1,0.080102,NA,0.463844,0
"locus030","locus073",0.577556,0.00822,NA,0.602446,0.311958,NA,0.224294,1
"locus030","locus074",0.125632,0.951112,NA,1,0.29397,NA,0.695688,0
"locus030","locus076",0.696774,0.582262,NA,NA,0.038404,NA,0.431638,1
"locus030","locus077",1,1,NA,Inf,0.338388,NA,1,0
"locus030","locus080",0.557778,0.54091,NA,NA,0.98861,NA,0.950024,0
"locus030","locus083",1,NA,NA,NA,0.539714,NA,0.767298,0
"locus030","locus088",0.799328,0.926846,NA,NA,0.082392,NA,0.775636,0
"locus030","locus093",0.718874,Inf,Inf,NA,0.295498,NA,0.440462,0
"locus030","locus096",0.588228,0.584624,NA,NA,0.211372,NA,0.791524,0
"locus030","locus098",0.812006,0.11648,0.251082,NA,0.150634,NA,0.509288,0
"locus030","locus100",0.364576,0.540178,NA,NA,0.433236,NA,0.186384,0
"locus030","locus106",0.8933,0.221712,NA,NA,0.43961,NA,0.087854,0
"locus030","locus116",0.480052,0.786648,NA,NA,0.82527,NA,0.859778,0
"locus030","locus119",0.64772,0.915456,0.503482,NA,0.26944,NA,0.856292,0
"locus030","locus120",0.343514,0.369662,NA,NA,0.232254,NA,1,0
"locus030","locus128",0.13102,0.965192,NA,1,0.351936,NA,1,0
"locus030","locus129",0.714482,0.690942,1,0.485374,0.843966,NA,0.19115,0
"locus030","locus130",0.575216,NA,Inf,NA,0.961116,NA,0.160026,0
"locus030","locus134",0.505978,0.084214,NA,NA,0.82681,NA,0.615676,0
"locus030","locus135",0.833752,0.763644,NA,1,0.315704,NA,0.69251,0
"locus030","locus137",0.272446,0.724144,NA,1,0.45769,NA,0.4697,0
"locus030","locus139",0.634104,0.343318,NA,1,0.397372,NA,0.330538,0
"locus030","locus140",0.635288,0.34211,NA,1,0.391626,NA,0.330128,0
"locus030","locus146",0.263294,0.826648,NA,0.198228,0.939752,NA,0.727326,0
"locus030","locus148",0.13265,0.440058,NA,1,0.567934,NA,0.894288,0
"locus030","locus151",0.871554,NA,NA,0.801082,0.559682,NA,0.427818,0
"locus030","locus157",0.566484,NA,NA,NA,0.950214,NA,0.12992,0
"locus030","locus161",1,0.410946,NA,0.237242,0.610666,NA,0.838102,0
"locus030","locus165",0.645068,0.10198,NA,NA,0.193522,NA,0.769614,0
"locus030","locus170",0.377172,0.477202,NA,0.77163,0.445228,NA,0.906932,0
"locus030","locus176",0.332674,NA,NA,NA,0.450326,NA,0.864554,0
"locus030","locus184",0.855192,0.368902,NA,0.56995,0.735476,NA,0.359666,0
"locus030","locus186",0.572562,0.17242,NA,1,0.242382,NA,0.615652,0
"locus030","locus188",0.139166,0.726856,NA,NA,0.06953,NA,0.767072,0
"locus030","locus189",0.736424,0.279816,NA,NA,0.643356,0.659498,0.784496,0
"locus030","locus190",0.42891,0.226298,NA,NA,0.478356,0.620314,1,0
"locus030","locus191",0.69909,NA,NA,NA,0.386412,0.125098,0.291582,0
"locus030","locus192",0.032316,0.760708,NA,NA,0.142926,0.619094,0.129894,1
"locus030","locus195",0.625234,0.499576,1,NA,0.97237,0.655448,0.724186,0
"locus030","locus202",0.210748,0.59341,NA,NA,0.61767,0.428592,0.518934,0
"locus030","locus215",0.440042,NA,NA,NA,0.06878,0.77085,0.329944,0
"locus030","locus227",0.684768,0.612556,Inf,NA,0.19434,0.656552,1,0
"locus030","locus231",0.608988,0.694376,NA,NA,0.82835,NA,1,0
"locus030","locus235",0.385082,0.614984,NA,NA,0.794132,Inf,0.016392,1
"locus030","locus236",0.529574,0.91942,NA,NA,0.973404,1,0.231606,0
"locus030","locus237",0.236144,0.138354,NA,NA,0.2353,1,0.905672,0
"locus030","locus239",0.253964,0.832768,NA,NA,0.205154,1,1,0
"locus030","locus248",0.225072,0.977916,NA,NA,0.794548,0.657614,0.034722,1
"locus030","locus256",0.165742,0.313322,NA,NA,0.861894,NA,0.745072,0
"locus030","locus263",0.750042,0.116074,NA,NA,0.85771,NA,0.20024,0
"locus030","locus264",0.362366,0.507246,0.498612,NA,0.51067,NA,0.83257,0
"locus030","locus274",0.592196,0.287332,NA,NA,0.720606,NA,1,0
"locus030","locus280",0.462834,0.396358,NA,NA,0.450846,NA,1,0
"locus030","locus282",0.930786,0.1079,NA,NA,0.32903,NA,0.256252,0
"locus030","locus286",1,0.611604,NA,NA,0.58678,NA,1,0
"locus030","locus291",0.231748,0.511478,NA,NA,0.556868,NA,0.783674,0
"locus030","locus292",0.920214,0.491644,NA,NA,0.039678,NA,0.790506,1
"locus030","locus296",0.439706,0.13585,NA,NA,0.473684,NA,0.38725,0
"locus030","locus301",0.105078,0.650964,NA,NA,0.609618,NA,1,0
"locus030","locus314",0.059338,0.104154,NA,NA,0.801782,NA,1,0
"locus030","locus321",0.169734,0.159758,NA,NA,0.191942,NA,0.18359,0
"locus030","locus322",0.110892,0.278908,NA,NA,0.06376,NA,0.90547,0
"locus030","locus323",0.449618,0.674884,NA,NA,0.569466,NA,0.860148,0
"locus030","locus329",0.080606,0.108964,NA,NA,0.000498,NA,0.916146,1
"locus030","locus332",0.268744,0.971664,NA,NA,0.650504,NA,0.412176,0
"locus030","locus358",0.74242,0.651414,NA,NA,0.079776,NA,1,0
"locus030","locus359",0.805836,0.258448,NA,NA,0.060316,NA,1,0
"locus030","locus360",0.501024,0.829504,NA,NA,0.191232,NA,0.16079,0
"locus035","locus038",0.965604,0.877928,NA,NA,0.430306,NA,1,0
"locus035","locus039",0.419058,0.563482,NA,NA,0.027386,NA,1,1
"locus035","locus040",0.22296,0.352568,NA,NA,0.863938,NA,1,0
"locus035","locus041",0.814164,0.132648,NA,NA,0.87406,NA,0.200496,0
"locus035","locus045",0.46405,0.202248,NA,NA,0.233042,NA,0.69838,0
"locus035","locus047",0.84852,0.719344,NA,NA,0.619444,NA,0.249036,0
"locus035","locus048",1,1,NA,NA,0.175554,NA,1,0
"locus035","locus053",0.357518,0.77536,NA,NA,0.684448,NA,0.089686,0
"locus035","locus055",0.815992,0.773656,NA,NA,0.284986,NA,1,0
"locus035","locus056",0.936118,0.592958,1,1,0.045004,NA,1,1
"locus035","locus058",0.469444,0.021072,NA,1,0.452626,NA,1,1
"locus035","locus060",0.061764,0.044772,NA,1,0.056946,NA,1,1
"locus035","locus061",0.532892,NA,NA,NA,0.88016,NA,1,0
"locus035","locus062",0.499356,0.495564,NA,0.523628,0.210076,NA,0.516646,0
"locus035","locus064",0.351932,0.62093,NA,0.286568,0.241122,NA,1,0
"locus035","locus065",0.701794,0.145534,NA,1,1,NA,0.370978,0
"locus035","locus073",0.804436,0.307766,NA,0.503482,0.231868,NA,0.51558,0
"locus035","locus074",0.867162,0.690002,NA,0.047158,0.17602,NA,1,1
"locus035","locus076",0.734606,0.120916,NA,NA,0.55947,NA,0.544542,0
"locus035","locus077",0.601156,0.60756,NA,Inf,1,NA,0.564014,0
"locus035","locus080",0.126442,0.481434,NA,NA,0.283774,NA,0.8225,0
"locus035","locus083",0.303412,NA,NA,NA,0.481716,NA,1,0
"locus035","locus088",0.64532,0.734364,NA,NA,0.632774,NA,0.21634,0
"locus035","locus093",0.598208,Inf,Inf,NA,0.112154,NA,1,0
"locus035","locus096",0.815708,1,NA,NA,1,NA,1,0
"locus035","locus098",1,0.767562,1,NA,0.234672,NA,0.773838,0
"locus035","locus100",0.448168,0.411748,NA,NA,0.00633,NA,0.094616,1
"locus035","locus106",0.514968,0.205392,NA,NA,0.529626,NA,1,0
"locus035","locus116",0.151646,0.683526,NA,NA,0.02698,NA,0.230356,1
"locus035","locus119",0.012854,0.558974,1,NA,0.655692,NA,1,1
"locus035","locus120",0.90586,0.840628,NA,NA,1,NA,0.517568,0
"locus035","locus128",0.162542,0.660642,NA,1,0.789604,NA,0.563258,0
"locus035","locus129",0.439466,0.242744,1,1,0.900752,NA,1,0
"locus035","locus130",1,NA,Inf,NA,1,NA,1,0
"locus035","locus134",0.333454,0.673386,NA,NA,0.031296,NA,1,1
"locus035","locus135",0.795266,0.586374,NA,0.523376,1,NA,0.17997,0
"locus035","locus137",1,0.731388,NA,1,0.068624,NA,1,0
"locus035","locus139",0.272186,0.09036,NA,0.52434,0.608226,NA,1,0
"locus035","locus140",0.271792,0.090686,NA,0.524034,0.605554,NA,1,0
"locus035","locus146",0.443242,0.28138,NA,1,0.569762,NA,1,0
"locus035","locus148",0.415812,0.367518,NA,0.52433,0.758612,NA,0.123176,0
"locus035","locus151",0.385368,NA,NA,1,0.00197,NA,0.394322,1
"locus035","locus157",0.053054,NA,NA,NA,0.572632,NA,0.527188,0
"locus035","locus161",0.67326,1,NA,1,0.71547,NA,1,0
"locus035","locus165",0.494562,0.206536,NA,NA,0.12689,NA,1,0
"locus035","locus170",0.95599,0.527696,NA,1,0.433092,NA,0.367978,0
"locus035","locus176",0.262656,NA,NA,NA,0.838504,NA,1,0
"locus035","locus184",0.321908,0.320206,NA,0.283834,0.324402,NA,0.373758,0
"locus035","locus186",0.56816,0.494858,NA,0.166782,1,NA,1,0
"locus035","locus188",0.752532,0.496294,NA,NA,0.007066,NA,0.877286,1
"locus035","locus189",0.008808,0.407238,NA,NA,0.151126,0.229612,0.726838,1
"locus035","locus190",0.100212,0.77486,NA,NA,0.011322,1,0.602964,1
"locus035","locus191",0.110682,NA,NA,NA,0.472588,0.657302,0.215462,0
"locus035","locus192",0.019142,0.207472,NA,NA,0.33097,0.42741,1,1
"locus035","locus195",0.117936,0.358148,1,NA,0.435448,0.485348,1,0
"locus035","locus202",0.730312,0.16397,NA,NA,0.00553,1,1,1
"locus035","locus215",0.138756,NA,NA,NA,0.537672,0.25591,0.524746,0
"locus035","locus227",1,0.814088,Inf,NA,0.718158,0.028716,1,1
"locus035","locus231",0.788188,0.224638,NA,NA,1,NA,1,0
"locus035","locus235",0.525238,0.316358,NA,NA,0.283992,Inf,0.179344,0
"locus035","locus236",0.631426,1,NA,NA,0.609892,0.14238,0.569486,0
"locus035","locus237",0.86708,0.011812,NA,NA,0.841444,1,0.6096,1
"locus035","locus239",0.03432,0.489344,NA,NA,1,1,0.693634,1
"locus035","locus248",0.770518,0.940636,NA,NA,0.482374,0.48661,0.516102,0
"locus035","locus256",0.312802,0.038598,NA,NA,0.110848,NA,0.380284,1
"locus035","locus263",0.077142,1,NA,NA,1,NA,1,0
"locus035","locus264",0.257336,0.003396,0.331816,NA,0.421818,NA,0.30647,1
"locus035","locus274",0.120942,0.618814,NA,NA,0.137876,NA,1,0
"locus035","locus280",0.216768,0.345224,NA,NA,0.437536,NA,1,0
"locus035","locus282",0.9148,0.651916,NA,NA,0.049812,NA,0.51572,1
"locus035","locus286",0.702086,1,NA,NA,1,NA,1,0
"locus035","locus291",0.794678,0.70112,NA,NA,0.014434,NA,0.72692,1
"locus035","locus292",0.423344,0.693744,NA,NA,0.160094,NA,1,0
"locus035","locus296",0.694148,0.596638,NA,NA,0.40876,NA,0.163418,0
"locus035","locus301",0.742296,0.213876,NA,NA,1,NA,1,0
"locus035","locus314",0.50891,0.491262,NA,NA,1,NA,0.492808,0
"locus035","locus321",0.730864,0.091876,NA,NA,0.894822,NA,1,0
"locus035","locus322",0.458164,0.185894,NA,NA,0.160878,NA,0.630142,0
"locus035","locus323",1,0.476022,NA,NA,0.587006,NA,0.362744,0
"locus035","locus329",0.080222,0.704428,NA,NA,0.208976,NA,0.365456,0
"locus035","locus332",1,0.172784,NA,NA,0.054606,NA,1,0
"locus035","locus358",1,0.094146,NA,NA,0.432172,NA,1,0
"locus035","locus359",0.318552,0.340804,NA,NA,1,NA,1,0
"locus035","locus360",1,0.215142,NA,NA,0.14559,NA,1,0
"locus038","locus039",0.624408,0.00259,NA,NA,0.019978,NA,1,2
"locus038","locus040",0.054326,0.599174,NA,NA,0.864916,NA,1,0
"locus038","locus041",0.35661,0.665388,NA,NA,0.307532,NA,0.388362,0
"locus038","locus045",0.812986,0.66738,NA,NA,0.56639,NA,1,0
"locus038","locus047",0.331628,0.266808,NA,NA,0.895768,NA,0.403258,0
"locus038","locus048",0.595384,1,NA,NA,1,NA,1,0
"locus038","locus053",0.09759,0.516142,NA,NA,0.704102,NA,1,0
"locus038","locus055",0.476806,0.81529,NA,NA,0.859978,NA,1,0
"locus038","locus056",0.94344,0.404158,0.501192,1,0.311834,NA,0.206216,0
"locus038","locus058",0.572768,0.604814,NA,1,0.922564,NA,1,0
"locus038","locus060",0.708234,0.885386,NA,Inf,0.153408,NA,0.090804,0
"locus038","locus061",0.128066,NA,NA,NA,0.484884,NA,0.636806,0
"locus038","locus062",0.69334,0.67488,NA,1,0.167394,NA,0.906454,0
"locus038","locus064",0.745912,0.6239,NA,1,0.858302,NA,0.154134,0
"locus038","locus065",0.013552,0.34615,NA,1,0.84376,NA,0.38346,1
"locus038","locus073",0.606084,0.517588,NA,0.332706,0.375518,NA,0.675448,0
"locus038","locus074",0.743476,0.946974,NA,1,0.50507,NA,0.672986,0
"locus038","locus076",0.724622,0.149736,NA,NA,0.760796,NA,0.508988,0
"locus038","locus077",0.180544,0.323674,NA,Inf,0.120534,NA,0.706452,0
"locus038","locus080",0.448602,0.529364,Inf,NA,0.121328,NA,0.53925,0
"locus038","locus083",0.846478,NA,NA,NA,0.72899,NA,1,0
"locus038","locus088",0.300538,0.266588,NA,NA,0.624508,NA,0.197484,0
"locus038","locus093",0.696816,Inf,Inf,NA,0.512832,NA,1,0
"locus038","locus096",0.570744,0.594508,NA,NA,0.787986,NA,0.44374,0
"locus038","locus098",0.76345,0.818022,1,NA,0.60814,NA,0.207516,0
"locus038","locus100",0.260396,0.19215,NA,NA,0.257034,NA,0.464112,0
"locus038","locus106",0.71887,0.291542,NA,NA,0.671522,NA,0.157082,0
"locus038","locus116",0.10969,0.292132,NA,NA,0.031118,NA,0.443668,1
"locus038","locus119",0.104238,0.265898,1,NA,0.2126,NA,0.264812,0
"locus038","locus120",0.589124,0.96939,NA,NA,0.27562,NA,0.76471,0
"locus038","locus128",0.874876,0.161296,NA,1,0.52032,NA,0.596458,0
"locus038","locus129",0.154914,0.569488,1,1,0.08611,NA,0.066596,0
"locus038","locus130",0.975294,NA,NA,NA,0.443572,NA,0.053652,0
"locus038","locus134",0.173824,0.560058,NA,NA,0.740642,NA,1,0
"locus038","locus135",0.846622,0.33166,NA,1,0.013942,NA,0.655836,1
"locus038","locus137",0.68681,0.350842,NA,0.502172,0.177126,NA,0.766036,0
"locus038","locus139",0.873382,0.823762,NA,0.499494,0.002872,NA,0.093798,1
"locus038","locus140",0.87069,0.822832,NA,0.499188,0.003036,NA,0.09295,1
"locus038","locus146",0.201198,0.050216,NA,1,0.056056,NA,0.71604,0
"locus038","locus148",0.750986,0.830858,NA,0.333262,0.397642,NA,0.711392,0
"locus038","locus151",0.847272,NA,NA,1,0.049142,NA,0.713784,1
"locus038","locus157",0.934478,NA,NA,NA,0.520852,NA,0.636766,0
"locus038","locus161",1,0.618046,NA,Inf,0.491922,NA,0.21854,0
"locus038","locus165",0.130732,0.227752,NA,NA,0.06107,NA,1,0
"locus038","locus170",0.259994,0.614866,NA,1,0.101424,NA,0.514206,0
"locus038","locus176",0.538114,NA,Inf,NA,0.150466,NA,0.947954,0
"locus038","locus184",0.963558,0.816046,NA,1,0.870678,NA,0.382552,0
"locus038","locus186",0.951256,0.185944,NA,1,1,NA,0.443232,0
"locus038","locus188",0.541392,0.4795,NA,NA,0.514896,NA,0.858476,0
"locus038","locus189",0.663826,0.990918,NA,NA,0.487002,1,0.071208,0
"locus038","locus190",0.780148,0.30926,NA,NA,0.19073,1,0.737498,0
"locus038","locus191",0.782546,NA,NA,NA,0.579672,1,0.064116,0
"locus038","locus192",0.704428,0.032002,NA,NA,0.214416,1,0.15653,1
"locus038","locus195",0.19613,0.858922,1,NA,0.77862,1,0.584802,0
"locus038","locus202",0.212312,0.545538,NA,NA,0.970684,1,0.795004,0
"locus038","locus215",0.678918,NA,NA,NA,0.049956,1,1,1
"locus038","locus227",0.321198,0.93537,Inf,NA,0.463176,1,0.69288,0
"locus038","locus231",0.784554,0.510576,NA,NA,0.615968,NA,0.400888,0
"locus038","locus235",0.45787,0.398712,NA,NA,0.748084,Inf,0.601804,0
"locus038","locus236",0.639186,0.084236,NA,NA,0.704506,1,1,0
"locus038","locus237",0.587594,0.781956,NA,NA,0.747716,1,0.535372,0
"locus038","locus239",0.563182,0.231136,NA,NA,0.102906,0.498328,0.126584,0
"locus038","locus248",0.326212,0.190708,NA,NA,0.954148,1,1,0
"locus038","locus256",0.412848,0.123942,NA,NA,0.742012,NA,0.441554,0
"locus038","locus263",0.552148,0.102926,NA,NA,0.479168,NA,Inf,0
"locus038","locus264",0.219192,0.319586,1,NA,0.381264,NA,0.860912,0
"locus038","locus274",0.31416,0.986768,NA,NA,0.499274,NA,1,0
"locus038","locus280",0.957138,0.632048,NA,NA,0.918852,NA,0.74848,0
"locus038","locus282",0.154714,0.081556,NA,NA,0.28573,NA,1,0
"locus038","locus286",0.326878,0.530508,NA,NA,0.56914,NA,0.70852,0
"locus038","locus291",0.09141,0.763016,NA,NA,0.72059,NA,0.274566,0
"locus038","locus292",0.523122,0.264708,NA,NA,0.592226,NA,0.340526,0
"locus038","locus296",0.47185,0.107402,NA,NA,0.005124,NA,0.24577,1
"locus038","locus301",0.546726,0.681034,NA,NA,0.34371,NA,1,0
"locus038","locus314",0.739912,0.160402,NA,NA,1,NA,1,0
"locus038","locus321",0.467708,0.877456,NA,NA,0.214228,NA,0.814778,0
"locus038","locus322",0.241814,0.917918,NA,NA,0.180436,NA,0.35509,0
"locus038","locus323",0.280656,0.360084,NA,NA,0.859168,NA,0.35572,0
"locus038","locus329",0.71472,0.718646,NA,NA,0.968578,NA,0.402324,0
"locus038","locus332",0.744886,0.85983,NA,NA,0.890472,NA,0.013466,1
"locus038","locus358",0.10483,0.3491,NA,NA,0.984594,NA,0.739342,0
"locus038","locus359",0.865534,0.341434,NA,NA,0.191268,NA,Inf,0
"locus038","locus360",0.055168,0.59077,NA,NA,0.471866,NA,0.603422,0
"locus039","locus040",0.063098,0.761088,NA,NA,0.777726,NA,1,0
"locus039","locus041",0.007268,0.077458,NA,NA,0.255092,NA,0.49436,1
"locus039","locus045",0.301094,0.385058,NA,NA,0.6063,NA,0.032236,1
"locus039","locus047",0.92798,0.306298,NA,NA,0.874418,NA,0.316002,0
"locus039","locus048",1,0.20016,NA,NA,1,NA,1,0
"locus039","locus053",0.306414,0.694304,NA,NA,0.721332,NA,0.142482,0
"locus039","locus055",0.708102,0.530574,NA,1,0.126216,NA,1,0
"locus039","locus056",0.538064,0.095032,Inf,1,0.752098,NA,0.543036,0
"locus039","locus058",0.738886,0.19468,NA,1,0.695562,NA,1,0
"locus039","locus060",0.786784,0.576746,NA,Inf,0.740456,NA,0.484988,0
"locus039","locus061",0.65225,NA,NA,NA,0.251378,NA,1,0
"locus039","locus062",0.328358,0.814548,NA,1,0.067836,NA,1,0
"locus039","locus064",0.802808,1,NA,1,0.251458,NA,1,0
"locus039","locus065",1,0.700744,NA,1,0.65456,NA,1,0
"locus039","locus073",1,0.845984,NA,1,0.60358,NA,1,0
"locus039","locus074",0.225316,0.265128,NA,1,0.031414,NA,1,1
"locus039","locus076",0.013814,0.948546,NA,NA,1,NA,0.248666,1
"locus039","locus077",0.577868,0.819886,NA,Inf,0.33474,NA,0.372676,0
"locus039","locus080",0.86001,0.62071,NA,NA,0.37785,NA,1,0
"locus039","locus083",0.62627,NA,NA,NA,0.139416,NA,0.460732,0
"locus039","locus088",0.54394,0.53509,NA,NA,0.213284,NA,1,0
"locus039","locus093",1,Inf,Inf,NA,1,NA,1,0
"locus039","locus096",0.587126,0.80876,NA,NA,1,NA,1,0
"locus039","locus098",0.442948,0.653692,Inf,NA,0.16142,NA,1,0
"locus039","locus100",0.896984,0.714016,NA,NA,0.008864,NA,0.619014,1
"locus039","locus106",0.429828,1,NA,NA,1,NA,1,0
"locus039","locus116",0.825168,0.00946,NA,NA,0.332544,NA,0.647736,1
"locus039","locus119",0.90603,0.007684,Inf,NA,0.81169,NA,0.467784,1
"locus039","locus120",0.558504,0.736028,NA,NA,0.334792,NA,0.057032,0
"locus039","locus128",0.873252,0.370228,NA,1,0.077794,NA,1,0
"locus039","locus129",0.351666,0.107808,Inf,0.399466,0.935668,NA,0.22944,0
"locus039","locus130",0.163674,NA,NA,NA,0.21745,NA,0.109226,0
"locus039","locus134",0.531782,0.56204,NA,NA,0.082922,NA,1,0
"locus039","locus135",0.314676,0.850758,NA,1,0.892614,NA,1,0
"locus039","locus137",0.528658,0.035038,NA,1,0.73406,NA,0.569826,1
"locus039","locus139",1,1,NA,1,0.431358,NA,1,0
"locus039","locus140",1,1,NA,1,0.434292,NA,1,0
"locus039","locus146",0.317802,0.874238,NA,0.400746,0.360466,NA,1,0
"locus039","locus148",1,0.439478,NA,0.399614,0.000774,NA,1,1
"locus039","locus151",0.576152,NA,Inf,0.200196,0.186804,NA,0.559884,0
"locus039","locus157",1,NA,NA,NA,0.45266,NA,0.614688,0
"locus039","locus161",0.751738,0.228324,NA,1,0.001818,NA,0.533728,1
"locus039","locus165",0.774424,0.035374,NA,NA,0.48716,NA,0.579978,1
"locus039","locus170",1,0.035802,NA,0.199824,0.025956,NA,1,2
"locus039","locus176",0.340614,NA,NA,NA,0.156046,NA,0.656136,0
"locus039","locus184",0.058718,0.863242,NA,1,0.467642,NA,0.286112,0
"locus039","locus186",0.053198,0.459864,NA,1,0.256688,NA,0.097926,0
"locus039","locus188",0.940538,0.122332,NA,NA,0.065974,NA,0.322002,0
"locus039","locus189",0.147838,0.378754,NA,NA,0.677818,1,1,0
"locus039","locus190",0.655012,0.26354,NA,NA,0.015982,1,1,1
"locus039","locus191",0.095344,NA,NA,NA,0.097478,0.657922,0.089696,0
"locus039","locus192",0.212072,0.931028,NA,NA,0.626724,1,1,0
"locus039","locus195",0.270996,0.387008,Inf,NA,1,1,0.091858,0
"locus039","locus202",0.022774,0.081482,NA,NA,0.930586,0.485238,0.715244,1
"locus039","locus215",1,NA,NA,NA,0.608718,0.425276,1,0
"locus039","locus227",0.745218,0.678658,Inf,NA,0.338412,0.484014,1,0
"locus039","locus231",0.717488,0.712192,Inf,NA,0.767806,NA,0.20015,0
"locus039","locus235",0.32527,0.237206,NA,NA,0.899496,Inf,0.467696,0
"locus039","locus236",0.112312,0.869536,NA,NA,0.11424,0.14255,1,0
"locus039","locus237",0.347428,0.139136,NA,NA,0.050042,1,1,0
"locus039","locus239",0.835636,0.058934,NA,NA,0.188258,0.65738,0.200836,0
"locus039","locus248",1,0.439718,NA,NA,1,1,0.47319,0
"locus039","locus256",0.845542,0.485188,NA,NA,1,NA,0.230588,0
"locus039","locus263",0.356532,0.476086,NA,NA,1,NA,1,0
"locus039","locus264",0.915966,0.928684,Inf,NA,0.595358,NA,0.295996,0
"locus039","locus274",0.349934,0.67615,NA,NA,0.866948,NA,1,0
"locus039","locus280",0.319088,0.385144,NA,NA,0.703238,NA,0.232678,0
"locus039","locus282",1,0.096812,NA,NA,0.546442,NA,1,0
"locus039","locus286",0.66197,0.35946,NA,NA,0.314382,NA,1,0
"locus039","locus291",0.157526,1,NA,NA,0.482672,NA,0.28447,0
"locus039","locus292",0.435936,0.309648,NA,NA,0.341414,NA,0.525112,0
"locus039","locus296",0.073654,0.625548,NA,NA,0.4329,NA,1,0
"locus039","locus301",0.157278,0.148434,NA,NA,0.729122,NA,1,0
"locus039","locus314",0.35438,0.0029,NA,NA,0.325866,NA,1,1
"locus039","locus321",0.483662,0.101002,NA,NA,0.012736,NA,1,1
"locus039","locus322",0.043786,0.597244,NA,NA,0.082136,NA,1,1
"locus039","locus323",0.30575,0.553702,NA,NA,0.575314,NA,1,0
"locus039","locus329",0.29975,0.492986,NA,NA,0.75291,NA,0.658564,0
"locus039","locus332",0.217036,0.134498,NA,NA,0.518136,NA,1,0
"locus039","locus358",0.789096,0.164686,NA,NA,0.886994,NA,0.52382,0
"locus039","locus359",0.36689,0.62413,NA,NA,0.569384,NA,1,0
"locus039","locus360",0.231226,0.927512,NA,NA,0.076928,NA,1,0
"locus040","locus041",0.532948,0.030666,NA,NA,0.237738,NA,Inf,1
"locus040","locus045",0.232222,0.2979,NA,NA,0.647308,NA,Inf,0
"locus040","locus047",0.41585,0.412122,NA,NA,0.688292,NA,1,0
"locus040","locus048",1,1,NA,NA,1,NA,1,0
"locus040","locus053",0.083054,0.187322,NA,NA,0.592136,NA,0.091754,0
"locus040","locus055",0.416932,0.314582,NA,Inf,0.038144,NA,0.454654,1
"locus040","locus056",0.01618,0.398514,0.25,Inf,0.693978,NA,1,1
"locus040","locus058",0.793454,0.553926,NA,Inf,0.482294,NA,1,0
"locus040","locus060",0.667714,0.243192,NA,Inf,1,NA,1,0
"locus040","locus061",0.224692,NA,NA,NA,0.300868,NA,1,0
"locus040","locus062",0.73301,0.461592,NA,Inf,0.877172,NA,0.361522,0
"locus040","locus064",0.57026,0.36426,NA,Inf,0.641308,NA,1,0
"locus040","locus065",0.653328,1,NA,Inf,0.75553,NA,1,0
"locus040","locus073",0.23266,0.36024,NA,Inf,0.05988,NA,1,0
"locus040","locus074",1,0.139822,NA,Inf,1,NA,0.455234,0
"locus040","locus076",0.951436,0.31593,NA,NA,0.142788,NA,1,0
"locus040","locus077",1,0.663036,NA,Inf,0.068542,NA,1,0
"locus040","locus080",0.820536,0.1963,NA,NA,0.69678,NA,1,0
"locus040","locus083",0.906468,NA,NA,NA,0.514168,NA,Inf,0
"locus040","locus088",0.34828,0.225928,NA,NA,0.728644,NA,1,0
"locus040","locus093",1,Inf,Inf,NA,1,NA,1,0
"locus040","locus096",0.42075,0.324214,NA,NA,0.733064,NA,0.454256,0
"locus040","locus098",0.09157,0.086884,1,NA,0.756404,NA,0.499898,0
"locus040","locus100",0.338262,0.30219,NA,NA,0.87408,NA,1,0
"locus040","locus106",0.72613,0.728212,NA,NA,0.106582,NA,1,0
"locus040","locus116",0.69525,0.756822,NA,NA,0.35559,NA,1,0
"locus040","locus119",0.086352,0.901804,0.497706,NA,0.163954,NA,1,0
"locus040","locus120",0.563406,0.780616,NA,NA,0.148776,NA,1,0
"locus040","locus128",1,0.246126,NA,Inf,0.03644,NA,Inf,1
"locus040","locus129",0.580652,0.31218,1,Inf,0.201888,NA,1,0
"locus040","locus130",0.213778,NA,NA,NA,0.19719,NA,Inf,0
"locus040","locus134",0.921184,0.503826,NA,NA,0.389652,NA,0.272766,0
"locus040","locus135",0.34827,0.062612,NA,Inf,0.555796,NA,0.27487,0
"locus040","locus137",0.817986,0.192506,NA,Inf,0.105172,NA,1,0
"locus040","locus139",0.71914,0.032336,NA,Inf,0.408352,NA,1,1
"locus040","locus140",0.71498,0.032822,NA,Inf,0.405614,NA,1,1
"locus040","locus146",0.369412,0.1569,NA,Inf,0.954802,NA,1,0
"locus040","locus148",0.326014,0.417672,NA,Inf,0.956214,NA,1,0
"locus040","locus151",0.948662,NA,1,Inf,0.720914,NA,1,0
"locus040","locus157",0.797696,NA,NA,NA,0.455602,NA,1,0
"locus040","locus161",1,0.702608,NA,Inf,0.667776,NA,1,0
"locus040","locus165",0.468722,0.317908,NA,NA,0.570228,NA,1,0
"locus040","locus170",0.132176,0.910304,NA,Inf,0.918814,NA,1,0
"locus040","locus176",0.35183,NA,NA,NA,0.24472,NA,0.364982,0
"locus040","locus184",0.038132,0.445306,NA,Inf,0.12377,NA,0.36345,1
"locus040","locus186",0.030114,0.92408,NA,Inf,0.004228,NA,1,2
"locus040","locus188",0.73855,0.603386,NA,NA,0.759074,NA,0.548478,0
"locus040","locus189",0.583638,0.748332,NA,NA,0.78136,1,1,0
"locus040","locus190",0.483858,0.654242,NA,NA,0.45899,1,1,0
"locus040","locus191",0.567838,NA,NA,NA,0.734158,1,Inf,0
"locus040","locus192",0.105718,0.377332,NA,NA,0.5873,1,0.455022,0
"locus040","locus195",0.42581,0.025984,1,NA,0.415312,0.428126,Inf,1
"locus040","locus202",0.678192,0.678646,NA,NA,0.02141,1,1,1
"locus040","locus215",0.116782,NA,NA,NA,0.448132,0.428948,1,0
"locus040","locus227",0.184302,0.174456,Inf,NA,0.670268,1,0.18178,0
"locus040","locus231",0.038708,0.970004,Inf,NA,0.050356,NA,Inf,1
"locus040","locus235",0.419522,0.908282,NA,NA,0.538836,Inf,1,0
"locus040","locus236",0.383986,0.258006,NA,NA,0.674814,0.4292,1,0
"locus040","locus237",0.278234,0.8989,NA,NA,0.768254,1,0.18142,0
"locus040","locus239",1,0.343566,NA,NA,0.431864,0.572494,1,0
"locus040","locus248",1,0.77068,NA,NA,0.002972,1,1,1
"locus040","locus256",0.051396,1,NA,NA,1,NA,0.59881,0
"locus040","locus263",1,0.295838,NA,NA,0.587026,NA,1,0
"locus040","locus264",0.278038,0.393458,1,NA,0.198316,NA,1,0
"locus040","locus274",0.629156,0.353692,NA,NA,0.75373,NA,0.091688,0
"locus040","locus280",0.253702,1,NA,NA,0.44834,NA,1,0
"locus040","locus282",0.624926,0.57728,NA,NA,0.808158,NA,1,0
"locus040","locus286",0.005024,1,NA,NA,0.375596,NA,1,1
"locus040","locus291",0.001166,0.634874,NA,NA,0.686624,NA,1,1
"locus040","locus292",0.600764,0.708668,NA,NA,0.569918,NA,0.362594,0
"locus040","locus296",0.328336,0.549498,NA,NA,0.285272,NA,0.18329,0
"locus040","locus301",0.086482,0.575112,NA,NA,0.31999,NA,Inf,0
"locus040","locus314",0.467658,0.321778,NA,NA,0.031692,NA,1,1
"locus040","locus321",0.937734,0.27326,NA,NA,0.9674,NA,1,0
"locus040","locus322",0.203616,0.205178,NA,NA,0.359762,NA,0.454722,0
"locus040","locus323",0.615202,0.344648,NA,NA,0.18425,NA,1,0
"locus040","locus329",0.635288,0.148732,NA,NA,0.87111,NA,1,0
"locus040","locus332",0.853762,0.33927,NA,NA,0.593018,NA,1,0
"locus040","locus358",0.19118,0.137816,NA,NA,0.575924,NA,0.271638,0
"locus040","locus359",0.573018,0.500148,NA,NA,0.311786,NA,Inf,0
"locus040","locus360",0.30601,0.480036,NA,NA,0.57364,NA,0.454216,0
"locus041","locus045",0.674762,0.008302,NA,NA,0.832004,NA,0.148564,1
"locus041","locus047",0.279668,0.59842,NA,NA,0.474086,NA,1,0
"locus041","locus048",0.874958,0.73477,NA,NA,1,NA,0.318748,0
"locus041","locus053",0.807118,0.706072,NA,NA,0.13119,NA,0.218362,0
"locus041","locus055",0.418806,0.221774,NA,1,0.186498,NA,0.274098,0
"locus041","locus056",0.931474,0.861312,0.33238,1,0.177048,NA,0.454098,0
"locus041","locus058",0.97382,0.335112,NA,1,0.657914,NA,1,0
"locus041","locus060",0.815614,0.013658,NA,Inf,0.291558,NA,0.45338,1
"locus041","locus061",0.569548,NA,Inf,NA,0.798774,NA,0.299164,0
"locus041","locus062",0.300352,0.9577,NA,1,0.119022,NA,0.239914,0
"locus041","locus064",0.222096,0.825726,NA,1,0.427402,NA,1,0
"locus041","locus065",0.378482,0.548412,NA,1,0.12481,NA,1,0
"locus041","locus073",0.88831,0.765096,NA,1,0.58813,NA,0.609478,0
"locus041","locus074",0.325804,0.005594,NA,1,0.596916,NA,0.3024,1
"locus041","locus076",0.19779,0.654262,NA,NA,0.832598,NA,1,0
"locus041","locus077",0.159226,0.891838,NA,Inf,0.71358,NA,1,0
"locus041","locus080",0.47407,0.076454,NA,NA,0.832522,NA,0.577978,0
"locus041","locus083",0.642956,NA,NA,NA,0.87918,NA,1,0
"locus041","locus088",0.766682,0.462212,NA,NA,0.702872,NA,0.59677,0
"locus041","locus093",1,Inf,Inf,NA,1,NA,0.285724,0
"locus041","locus096",0.25996,0.89671,NA,NA,0.682724,NA,1,0
"locus041","locus098",0.192126,0.393884,1,NA,0.007392,NA,1,1
"locus041","locus100",0.82941,0.862622,NA,NA,0.90924,NA,0.591764,0
"locus041","locus106",0.029266,0.249906,NA,NA,0.936856,NA,0.198416,1
"locus041","locus116",0.98429,0.126432,NA,NA,0.082038,NA,1,0
"locus041","locus119",0.672592,0.153464,Inf,NA,0.938294,NA,0.577484,0
"locus041","locus120",0.78372,0.316308,NA,NA,1,NA,0.054504,0
"locus041","locus128",0.466422,0.03771,NA,1,0.233018,NA,1,1
"locus041","locus129",0.152374,0.788066,1,0.400886,0.985538,NA,1,0
"locus041","locus130",0.8134,NA,NA,NA,0.222494,NA,1,0
"locus041","locus134",0.45496,0.730638,Inf,NA,0.351258,NA,0.319346,0
"locus041","locus135",0.458574,0.401206,NA,1,0.27606,NA,0.363312,0
"locus041","locus137",1,0.010876,NA,1,0.17395,NA,1,1
"locus041","locus139",0.660248,0.809656,NA,1,0.89545,NA,0.696784,0
"locus041","locus140",0.656432,0.809952,NA,1,0.894506,NA,0.696198,0
"locus041","locus146",0.886256,0.27473,NA,0.400208,0.019504,NA,0.748738,1
"locus041","locus148",0.342252,0.367436,NA,0.400798,0.0811,NA,0.367618,0
"locus041","locus151",0.899058,NA,1,0.198916,0.97455,NA,0.066284,0
"locus041","locus157",0.89926,NA,NA,NA,0.020666,NA,1,1
"locus041","locus161",0.407642,0.086142,NA,1,0.630182,NA,0.61112,0
"locus041","locus165",0.019292,0.938128,NA,NA,0.70372,NA,1,1
"locus041","locus170",0.327204,0.377298,NA,0.200346,0.624972,NA,0.272576,0
"locus041","locus176",0.219772,NA,NA,NA,0.900668,NA,1,0
"locus041","locus184",0.109508,0.886662,NA,1,0.355744,NA,0.774692,0
"locus041","locus186",0.30876,0.495966,NA,1,0.310602,NA,0.090648,0
"locus041","locus188",0.195248,0.081662,NA,NA,0.878812,NA,0.062014,0
"locus041","locus189",0.538838,0.131304,NA,NA,0.839532,0.200234,0.103404,0
"locus041","locus190",0.048232,0.191608,NA,NA,0.12301,1,0.280536,1
"locus041","locus191",0.436122,NA,NA,NA,0.871162,0.066596,0.265424,0
"locus041","locus192",0.313686,0.39655,NA,NA,0.141066,1,0.697314,0
"locus041","locus195",0.203074,0.76077,Inf,NA,0.419026,1,1,0
"locus041","locus202",0.004768,0.681704,NA,NA,0.314512,0.465524,1,1
"locus041","locus215",0.193194,NA,NA,NA,0.75769,1,0.059098,0
"locus041","locus227",0.375916,0.900006,Inf,NA,0.44537,1,0.091012,0
"locus041","locus231",0.922156,0.782534,NA,NA,0.309472,NA,0.722762,0
"locus041","locus235",0.273806,0.550066,NA,NA,0.32652,Inf,0.715054,0
"locus041","locus236",0.192344,0.941922,NA,NA,0.732098,1,1,0
"locus041","locus237",0.426252,0.726358,NA,NA,0.737954,1,0.110156,0
"locus041","locus239",0.646522,0.304604,NA,NA,0.92592,0.601426,1,0
"locus041","locus248",0.286218,0.884512,NA,NA,0.941442,1,1,0
"locus041","locus256",0.369916,1,NA,NA,0.287794,NA,0.443816,0
"locus041","locus263",0.212248,0.681246,NA,NA,1,NA,1,0
"locus041","locus264",0.150872,0.79647,Inf,NA,1,NA,0.36527,0
"locus041","locus274",0.37084,0.095358,NA,NA,0.450284,NA,1,0
"locus041","locus280",0.971312,0.646214,NA,NA,0.057638,NA,0.332532,0
"locus041","locus282",0.918542,0.465372,NA,NA,0.261504,NA,1,0
"locus041","locus286",0.396434,0.68664,NA,NA,0.39903,NA,1,0
"locus041","locus291",0.588002,0.868898,NA,NA,0.108638,NA,0.717176,0
"locus041","locus292",0.690378,0.605894,NA,NA,0.704966,NA,0.32245,0
"locus041","locus296",0.970662,0.888684,NA,NA,1,NA,0.150898,0
"locus041","locus301",0.594262,0.269,NA,NA,0.26948,NA,0.090612,0
"locus041","locus314",0.241148,0.75128,NA,NA,0.042772,NA,1,1
"locus041","locus321",0.069558,0.166366,NA,NA,0.797664,NA,0.483316,0
"locus041","locus322",0.681104,0.589172,NA,NA,0.548816,NA,0.390276,0
"locus041","locus323",0.646128,0.795048,NA,NA,0.052596,NA,0.576886,0
"locus041","locus329",0.129748,0.436292,NA,NA,0.335472,NA,0.288254,0
"locus041","locus332",0.132414,0.79581,NA,NA,0.914912,NA,0.059842,0
"locus041","locus358",0.816022,1,NA,NA,0.116854,NA,1,0
"locus041","locus359",0.679552,1,NA,NA,0.097464,NA,Inf,0
"locus041","locus360",0.453628,0.1795,Inf,NA,0.211082,NA,0.363154,0
"locus045","locus047",0.167894,0.78435,NA,NA,0.827216,NA,0.352646,0
"locus045","locus048",1,0.682772,NA,NA,0.348406,NA,0.697382,0
"locus045","locus053",0.341374,0.168758,NA,NA,0.477102,NA,0.010592,1
"locus045","locus055",0.579362,0.574362,1,0.401982,0.203418,NA,0.214214,0
"locus045","locus056",0.077678,0.052286,1,0.334012,0.616106,NA,0.461246,0
"locus045","locus058",0.306926,0.713666,NA,1,0.54637,NA,0.29808,0
"locus045","locus060",0.150036,0.11323,NA,1,0.660422,NA,0.469232,0
"locus045","locus061",1,NA,NA,NA,0.671056,NA,0.420164,0
"locus045","locus062",0.312536,1,NA,1,0.812502,NA,0.347584,0
"locus045","locus064",0.660868,0.423836,NA,1,0.930896,NA,1,0
"locus045","locus065",0.358376,0.430186,NA,0.600756,0.938042,NA,1,0
"locus045","locus073",0.312772,0.777822,NA,1,0.452118,NA,1,0
"locus045","locus074",0.198114,0.11612,NA,1,0.64605,NA,1,0
"locus045","locus076",0.92287,0.443688,NA,NA,0.439484,NA,0.708688,0
"locus045","locus077",0.66647,1,NA,Inf,0.729648,NA,0.033326,1
"locus045","locus080",0.726762,0.557026,NA,NA,0.77263,NA,0.339954,0
"locus045","locus083",0.88993,NA,NA,NA,0.179116,NA,1,0
"locus045","locus088",0.928274,1,NA,NA,0.607724,NA,0.808048,0
"locus045","locus093",0.63861,Inf,Inf,NA,1,NA,0.250704,0
"locus045","locus096",0.911462,0.652294,NA,NA,0.597884,NA,0.06656,0
"locus045","locus098",0.854768,0.851648,1,NA,0.956088,NA,0.30665,0
"locus045","locus100",0.281028,0.489438,NA,NA,0.566942,NA,0.41037,0
"locus045","locus106",0.61215,0.45591,NA,NA,0.750734,NA,1,0
"locus045","locus116",0.50647,0.21607,NA,NA,0.41378,NA,1,0
"locus045","locus119",0.533232,0.919628,NA,NA,0.152856,NA,1,0
"locus045","locus120",0.178788,0.895862,NA,NA,0.230658,NA,0.010884,1
"locus045","locus128",0.90675,0.248068,NA,0.250288,0.683856,NA,1,0
"locus045","locus129",0.765018,0.799694,0.501298,1,0.157946,NA,0.741212,0
"locus045","locus130",0.715892,NA,NA,NA,0.055846,NA,0.669924,0
"locus045","locus134",0.56734,0.840238,NA,NA,0.639416,NA,1,0
"locus045","locus135",0.667808,0.5424,NA,0.600958,0.112712,NA,0.768674,0
"locus045","locus137",0.88585,0.03691,NA,0.335358,0.632614,NA,1,1
"locus045","locus139",0.023238,0.726318,NA,0.597062,0.684382,NA,0.165346,1
"locus045","locus140",0.024136,0.726722,NA,0.598784,0.686368,NA,0.166494,1
"locus045","locus146",0.094254,0.461302,NA,1,0.066912,NA,1,0
"locus045","locus148",0.432578,0.771536,NA,0.597744,0.815828,NA,0.743972,0
"locus045","locus151",0.218046,NA,Inf,0.59911,0.44494,NA,0.588752,0
"locus045","locus157",0.080094,NA,NA,NA,0.346852,NA,1,0
"locus045","locus161",0.691108,1,NA,1,0.620304,NA,0.271242,0
"locus045","locus165",0.943084,0.421988,NA,NA,1,NA,0.66932,0
"locus045","locus170",0.303618,0.781254,NA,0.197446,0.87462,NA,0.578782,0
"locus045","locus176",0.7756,NA,NA,NA,0.954566,NA,0.569938,0
"locus045","locus184",0.738954,1,NA,1,0.953552,NA,0.673016,0
"locus045","locus186",0.519568,0.714588,NA,1,0.528086,NA,0.027678,1
"locus045","locus188",0.33994,0.000642,NA,NA,0.697488,NA,0.112464,1
"locus045","locus189",0.435012,0.30128,NA,NA,0.267424,Inf,0.39644,0
"locus045","locus190",0.256084,0.428852,NA,NA,0.71326,Inf,1,0
"locus045","locus191",0.408476,NA,NA,NA,0.0989,Inf,0.05044,0
"locus045","locus192",0.574592,0.404654,NA,NA,0.032456,Inf,1,1
"locus045","locus195",0.254686,0.513304,0.250328,NA,0.26442,Inf,0.205652,0
"locus045","locus202",0.6407,0.427194,NA,NA,1,Inf,0.750456,0
"locus045","locus215",0.837352,NA,NA,NA,0.780136,Inf,0.693564,0
"locus045","locus227",0.112616,1,Inf,NA,0.701036,Inf,1,0
"locus045","locus231",0.466742,0.453754,NA,NA,1,NA,0.223636,0
"locus045","locus235",0.414848,0.815422,NA,NA,0.248724,Inf,0.753212,0
"locus045","locus236",0.24631,0.89185,NA,NA,0.391148,Inf,0.460728,0
"locus045","locus237",0.705242,0.007888,NA,NA,0.888134,Inf,0.639702,1
"locus045","locus239",0.483154,1,NA,NA,0.266806,Inf,0.599866,0
"locus045","locus248",0.80674,0.513558,NA,NA,0.17843,Inf,0.17415,0
"locus045","locus256",0.740132,0.792104,NA,NA,0.809942,NA,0.014742,1
"locus045","locus263",0.76025,1,NA,NA,0.684212,NA,1,0
"locus045","locus264",0.192988,0.52308,NA,NA,0.21678,NA,0.120304,0
"locus045","locus274",0.356574,0.396222,NA,NA,0.26278,NA,0.472792,0
"locus045","locus280",0.961176,0.299864,NA,NA,0.917604,NA,0.07493,0
"locus045","locus282",0.5254,0.777124,1,NA,1,NA,0.230678,0
"locus045","locus286",0.031408,1,NA,NA,0.397842,NA,0.695944,1
"locus045","locus291",0.74873,0.048226,NA,NA,0.235816,NA,1,1
"locus045","locus292",0.889854,0.318322,NA,NA,0.389486,NA,0.671182,0
"locus045","locus296",0.68682,0.083432,NA,NA,0.214428,NA,0.144448,0
"locus045","locus301",0.356486,1,Inf,NA,0.112688,NA,1,0
"locus045","locus314",1,0.844776,NA,NA,0.347008,NA,1,0
"locus045","locus321",0.79441,0.220982,NA,NA,0.4686,NA,0.752284,0
"locus045","locus322",0.075358,0.683734,NA,NA,0.72411,NA,0.76941,0
"locus045","locus323",0.70796,0.74713,NA,NA,0.338562,NA,0.19368,0
"locus045","locus329",0.971496,0.255356,NA,NA,0.353758,NA,0.693328,0
"locus045","locus332",0.791032,0.0639,NA,NA,0.292324,NA,1,0
"locus045","locus358",0.23387,0.511018,NA,NA,0.502654,NA,1,0
"locus045","locus359",0.47599,0.630706,NA,NA,0.63585,NA,1,0
"locus045","locus360",0.367524,0.403142,NA,NA,0.427264,NA,0.861786,0
"locus047","locus048",0.906272,0.638312,NA,NA,1,NA,1,0
"locus047","locus053",0.619018,0.337126,NA,NA,0.747796,NA,0.66586,0
"locus047","locus055",0.021454,0.659772,1,1,0.651264,NA,0.697614,1
"locus047","locus056",0.16972,0.150502,1,0.428156,0.93598,NA,0.602492,0
"locus047","locus058",0.251674,0.099058,NA,0.142918,0.955262,NA,0.8229,0
"locus047","locus060",0.683148,0.351654,NA,1,0.649536,NA,1,0
"locus047","locus061",0.357028,NA,NA,NA,0.564836,NA,1,0
"locus047","locus062",0.809004,0.401736,NA,1,0.819924,NA,0.135174,0
"locus047","locus064",0.934456,0.321752,NA,1,0.617812,NA,0.141966,0
"locus047","locus065",1,0.478274,NA,0.427262,0.469642,NA,1,0
"locus047","locus073",0.024364,0.826696,NA,1,0.16188,NA,0.911708,1
"locus047","locus074",0.38554,0.21387,NA,1,0.840866,NA,0.755676,0
"locus047","locus076",0.137754,0.66691,NA,NA,0.176662,NA,0.908626,0
"locus047","locus077",0.327502,0.336736,NA,Inf,0.044394,NA,0.017318,2
"locus047","locus080",0.619118,0.558002,NA,NA,0.782828,NA,0.586604,0
"locus047","locus083",0.630334,NA,NA,NA,0.546944,NA,0.591586,0
"locus047","locus088",0.502156,0.56498,NA,NA,0.205076,NA,1,0
"locus047","locus093",0.374246,Inf,Inf,NA,0.2059,NA,0.331036,0
"locus047","locus096",0.383862,0.636356,NA,NA,0.344734,NA,0.777774,0
"locus047","locus098",0.200584,0.745512,1,NA,0.748344,NA,0.796582,0
"locus047","locus100",0.449912,0.15278,NA,NA,0.461206,NA,0.911902,0
"locus047","locus106",0.050512,0.29076,NA,NA,0.975444,NA,1,0
"locus047","locus116",0.170282,0.747938,NA,NA,0.497746,NA,0.014602,1
"locus047","locus119",0.727292,0.835242,NA,NA,0.832116,NA,0.559586,0
"locus047","locus120",0.261158,0.93903,NA,NA,0.38235,NA,0.384112,0
"locus047","locus128",0.258154,0.242462,NA,1,0.302626,NA,1,0
"locus047","locus129",0.65555,0.03481,0.165618,1,0.353624,NA,0.259124,1
"locus047","locus130",0.460124,NA,NA,NA,0.737814,NA,1,0
"locus047","locus134",0.794152,0.854464,NA,NA,0.231838,NA,0.037358,1
"locus047","locus135",0.268692,0.886372,NA,0.14166,0.471148,NA,0.868358,0
"locus047","locus137",0.507796,0.948338,NA,1,0.19303,NA,0.513958,0
"locus047","locus139",0.508498,0.135728,NA,0.428594,0.452556,NA,1,0
"locus047","locus140",0.50881,0.135066,NA,0.428112,0.45731,NA,1,0
"locus047","locus146",0.933672,0.608424,NA,1,0.17456,NA,0.027334,1
"locus047","locus148",0.028898,0.27072,NA,0.427594,0.2122,NA,0.86677,1
"locus047","locus151",0.393558,NA,0.335024,1,0.422464,NA,0.689894,0
"locus047","locus157",0.845008,NA,NA,NA,0.186326,NA,0.0149,1
"locus047","locus161",0.4831,0.384642,NA,0.141946,0.03941,NA,1,1
"locus047","locus165",0.90806,0.24572,NA,NA,0.681094,NA,0.542426,0
"locus047","locus170",0.520432,0.648686,NA,1,0.227154,NA,0.864286,0
"locus047","locus176",0.860304,NA,NA,NA,0.107574,NA,0.325012,0
"locus047","locus184",0.518536,0.735584,NA,1,0.09469,NA,0.842214,0
"locus047","locus186",0.817702,0.5517,NA,1,0.854766,NA,1,0
"locus047","locus188",0.491646,0.517212,NA,NA,0.870072,NA,0.882594,0
"locus047","locus189",0.273124,0.381566,NA,NA,0.269598,0.486598,1,0
"locus047","locus190",0.674298,0.117366,NA,NA,0.701372,0.426042,1,0
"locus047","locus191",0.169166,NA,NA,NA,0.131662,0.771142,0.497582,0
"locus047","locus192",0.894156,0.730296,NA,NA,0.736408,0.427874,0.627158,0
"locus047","locus195",0.98916,0.62269,0.5009,NA,0.08085,0.028896,0.18603,1
"locus047","locus202",0.388246,0.924064,NA,NA,0.379734,1,0.560224,0
"locus047","locus215",0.490862,NA,NA,NA,0.056094,1,0.597278,0
"locus047","locus227",0.129398,0.525934,Inf,NA,0.029308,0.658622,0.650244,1
"locus047","locus231",0.178482,0.000632,NA,NA,0.218732,NA,0.31777,1
"locus047","locus235",0.714314,0.075182,NA,NA,0.067188,Inf,0.823726,0
"locus047","locus236",1,0.776334,NA,NA,0.086956,0.31475,0.763758,0
"locus047","locus237",0.72658,0.095794,NA,NA,0.731494,1,0.759086,0
"locus047","locus239",0.526272,0.160106,NA,NA,0.69712,0.316726,0.44846,0
"locus047","locus248",0.882524,0.34466,NA,NA,0.318068,0.657126,0.64804,0
"locus047","locus256",0.069526,0.684416,NA,NA,0.673342,NA,0.917648,0
"locus047","locus263",0.26988,0.686096,NA,NA,0.211424,NA,0.399862,0
"locus047","locus264",0.195624,0.247176,NA,NA,0.879258,NA,0.559054,0
"locus047","locus274",0.924596,0.206036,NA,NA,0.45695,NA,0.866234,0
"locus047","locus280",0.406658,0.879422,NA,NA,0.947184,NA,0.61859,0
"locus047","locus282",0.702712,0.919778,1,NA,0.763102,NA,0.790282,0
"locus047","locus286",0.06904,1,NA,NA,0.859132,NA,1,0
"locus047","locus291",0.143368,0.406196,NA,NA,0.246534,NA,0.358072,0
"locus047","locus292",0.21251,0.351014,NA,NA,0.843144,NA,0.466404,0
"locus047","locus296",0.72731,0.385832,NA,NA,0.410012,NA,0.88034,0
"locus047","locus301",0.793668,0.916432,Inf,NA,0.74816,NA,0.648322,0
"locus047","locus314",0.485218,0.021448,NA,NA,0.453046,NA,0.726124,1
"locus047","locus321",0.455624,0.69954,NA,NA,0.783364,NA,0.36894,0
"locus047","locus322",0.558462,0.669808,NA,NA,0.246272,NA,0.348644,0
"locus047","locus323",0.809564,0.218318,NA,NA,0.781248,NA,1,0
"locus047","locus329",0.554132,0.289186,NA,NA,0.628732,NA,0.202028,0
"locus047","locus332",0.414114,0.000834,NA,NA,0.871006,NA,1,1
"locus047","locus358",0.172526,0.883576,NA,NA,0.053982,NA,0.77609,0
"locus047","locus359",0.34123,0.007136,NA,NA,0.455984,NA,1,1
"locus047","locus360",0.62122,0.131714,NA,NA,0.439646,NA,0.383978,0
"locus048","locus053",0.443648,0.076482,NA,NA,1,NA,0.71941,0
"locus048","locus055",1,0.009306,Inf,1,0.404722,NA,0.247118,1
"locus048","locus056",1,0.53211,Inf,1,0.729048,NA,0.632474,0
"locus048","locus058",0.00631,0.070176,NA,1,0.052768,NA,0.76973,1
"locus048","locus060",1,0.446838,NA,1,1,NA,0.524968,0
"locus048","locus061",0.524474,NA,NA,NA,0.570592,NA,0.637996,0
"locus048","locus062",0.013734,0.889286,NA,1,0.619514,NA,0.215872,1
"locus048","locus064",0.516418,0.70775,NA,1,0.73203,NA,1,0
"locus048","locus065",0.580358,0.13468,NA,1,1,NA,1,0
"locus048","locus073",0.781788,0.834414,NA,0.600442,1,NA,0.09398,0
"locus048","locus074",0.55892,0.571102,NA,0.524184,0.45731,NA,1,0
"locus048","locus076",0.347862,0.6387,NA,NA,0.800482,NA,0.726446,0
"locus048","locus077",1,0.374496,NA,Inf,1,NA,0.564458,0
"locus048","locus080",0.12156,1,NA,NA,0.17016,NA,0.04521,1
"locus048","locus083",0.072386,NA,NA,NA,0.397734,NA,0.559206,0
"locus048","locus088",0.776724,0.343992,NA,NA,0.671276,NA,1,0
"locus048","locus093",1,Inf,Inf,NA,0.068366,NA,1,0
"locus048","locus096",0.716206,0.034334,NA,NA,1,NA,1,1
"locus048","locus098",1,0.7741,Inf,NA,1,NA,0.31941,0
"locus048","locus100",0.25773,0.360902,NA,NA,0.070534,NA,0.515778,0
"locus048","locus106",1,1,NA,NA,1,NA,1,0
"locus048","locus116",0.883962,1,NA,NA,0.866602,NA,0.51566,0
"locus048","locus119",0.59378,0.359602,NA,NA,1,NA,1,0
"locus048","locus120",0.36488,0.726124,NA,NA,1,NA,0.516374,0
"locus048","locus128",0.180798,0.104726,NA,1,0.377694,NA,0.563082,0
"locus048","locus129",1,0.900788,Inf,1,0.300642,NA,0.22169,0
"locus048","locus130",0.262766,NA,NA,NA,1,NA,1,0
"locus048","locus134",0.326012,1,NA,NA,1,NA,1,0
"locus048","locus135",0.540708,0.755272,NA,0.524018,0.213486,NA,0.343844,0
"locus048","locus137",0.146868,0.233074,NA,0.285084,0.3571,NA,1,0
"locus048","locus139",0.68227,0.577806,NA,1,1,NA,0.569512,0
"locus048","locus140",0.681908,0.575496,NA,1,1,NA,0.568058,0
"locus048","locus146",0.818158,1,NA,1,0.251718,NA,0.209796,0
"locus048","locus148",0.888184,0.003952,NA,0.047252,1,NA,1,2
"locus048","locus151",0.41029,NA,Inf,0.600276,1,NA,0.39998,0
"locus048","locus157",0.561666,NA,NA,NA,1,NA,0.527732,0
"locus048","locus161",0.710888,0.17345,NA,0.52461,0.028824,NA,1,1
"locus048","locus165",0.361406,1,NA,NA,0.65901,NA,1,0
"locus048","locus170",1,0.246002,NA,0.426402,1,NA,0.366,0
"locus048","locus176",0.461746,NA,NA,NA,0.178328,NA,0.249464,0
"locus048","locus184",0.714436,0.271984,NA,1,0.276776,NA,0.372028,0
"locus048","locus186",0.559446,0.137,NA,1,1,NA,1,0
"locus048","locus188",0.478942,0.049074,NA,NA,0.620458,NA,0.695372,1
"locus048","locus189",0.152896,0.18296,NA,NA,0.178356,1,1,0
"locus048","locus190",0.696444,0.399964,NA,NA,0.1605,0.523086,0.605846,0
"locus048","locus191",0.442534,NA,NA,NA,0.33649,1,0.217946,0
"locus048","locus192",0.401718,0.825448,NA,NA,0.017202,1,0.81426,1
"locus048","locus195",0.692112,0.398158,Inf,NA,0.600546,1,1,0
"locus048","locus202",0.819644,0.582196,NA,NA,0.32466,1,1,0
"locus048","locus215",0.344054,NA,Inf,NA,0.026418,0.14305,1,1
"locus048","locus227",0.522396,0.347948,Inf,NA,1,0.428182,1,0
"locus048","locus231",0.719856,0.31832,NA,NA,0.664782,NA,0.75088,0
"locus048","locus235",0.19681,0.468146,NA,NA,0.737298,Inf,0.538144,0
"locus048","locus236",1,0.720682,NA,NA,1,1,0.077914,0
"locus048","locus237",1,0.739988,NA,NA,0.107282,1,0.38179,0
"locus048","locus239",0.775654,0.755366,NA,NA,0.245452,1,0.215466,0
"locus048","locus248",0.18482,0.464312,NA,NA,0.244738,0.428982,0.514484,0
"locus048","locus256",0.204244,0.560332,NA,NA,0.059544,NA,0.747482,0
"locus048","locus263",0.58165,0.653968,NA,NA,1,NA,1,0
"locus048","locus264",0.140582,0.13984,NA,NA,0.247604,NA,0.008822,1
"locus048","locus274",0.788496,0.030374,Inf,NA,1,NA,0.261554,1
"locus048","locus280",0.396692,0.891346,NA,NA,1,NA,0.608198,0
"locus048","locus282",0.085366,1,Inf,NA,0.131832,NA,0.154304,0
"locus048","locus286",0.60742,0.635246,NA,NA,1,NA,1,0
"locus048","locus291",0.627976,1,NA,NA,0.632934,NA,0.723872,0
"locus048","locus292",0.216916,1,NA,NA,0.025212,NA,0.506126,1
"locus048","locus296",0.131186,0.722964,NA,NA,0.437098,NA,0.822072,0
"locus048","locus301",0.288868,0.451962,NA,NA,0.416172,NA,1,0
"locus048","locus314",0.739422,0.101688,NA,NA,0.271508,NA,0.343332,0
"locus048","locus321",0.422102,1,NA,NA,0.329342,NA,0.245788,0
"locus048","locus322",0.369994,0.205334,NA,NA,1,NA,0.03297,1
"locus048","locus323",0.212566,0.762772,NA,NA,0.389292,NA,0.693242,0
"locus048","locus329",0.796704,0.464912,NA,NA,0.249192,NA,1,0
"locus048","locus332",0.712928,0.777698,NA,NA,0.348602,NA,0.569858,0
"locus048","locus358",1,1,NA,NA,0.17819,NA,1,0
"locus048","locus359",0.463144,1,NA,NA,0.491222,NA,1,0
"locus048","locus360",0.150028,0.608928,NA,NA,0.12206,NA,1,0
"locus053","locus055",0.297794,0.730438,1,1,0.078352,NA,1,0
"locus053","locus056",0.443594,0.87919,0.500684,1,0.877412,NA,0.674294,0
"locus053","locus058",0.147394,0.818532,NA,1,0.53021,NA,0.343842,0
"locus053","locus060",0.895848,0.413226,NA,0.502968,0.70673,NA,0.447324,0
"locus053","locus061",0.78638,NA,NA,NA,0.86936,NA,0.822268,0
"locus053","locus062",0.386904,0.482764,NA,0.196268,0.473066,NA,0.052294,0
"locus053","locus064",0.37847,0.816424,NA,0.504932,0.40765,NA,1,0
"locus053","locus065",0.766222,0.878054,NA,1,0.125436,NA,1,0
"locus053","locus073",0.871946,0.046506,NA,0.702256,0.411072,NA,0.928856,1
"locus053","locus074",0.514476,0.797404,NA,0.502528,0.373998,NA,0.669786,0
"locus053","locus076",0.64017,0.322618,NA,NA,0.40676,NA,0.610084,0
"locus053","locus077",0.855974,0.055438,NA,Inf,0.274126,NA,0.464926,0
"locus053","locus080",0.833534,0.177994,NA,NA,0.919546,NA,0.606802,0
"locus053","locus083",0.91016,NA,NA,NA,0.192526,NA,1,0
"locus053","locus088",0.854088,0.520156,NA,NA,0.615038,NA,0.325768,0
"locus053","locus093",0.557068,Inf,Inf,NA,0.36198,NA,1,0
"locus053","locus096",0.216978,0.95351,NA,NA,0.416906,NA,0.605162,0
"locus053","locus098",0.032104,0.372418,0.501258,NA,0.533554,NA,0.811924,1
"locus053","locus100",0.62053,0.055752,NA,NA,0.531578,NA,0.061716,0
"locus053","locus106",0.445184,0.289492,NA,NA,0.085936,NA,0.231492,0
"locus053","locus116",0.882842,0.677996,NA,NA,0.387564,NA,0.582676,0
"locus053","locus119",0.783076,0.716174,NA,NA,0.199048,NA,0.864522,0
"locus053","locus120",0.614206,0.924532,NA,NA,0.387486,NA,0.003838,1
"locus053","locus128",0.30591,0.779324,NA,1,0.485942,NA,0.109032,0
"locus053","locus129",0.40776,0.277706,1,0.696048,0.795368,NA,0.78543,0
"locus053","locus130",0.5248,NA,NA,NA,0.444296,NA,0.856342,0
"locus053","locus134",0.185676,0.425632,NA,NA,0.212496,NA,0.345636,0
"locus053","locus135",0.72006,0.81641,NA,1,0.427772,NA,0.749772,0
"locus053","locus137",0.879774,0.940518,NA,1,0.79184,NA,0.972824,0
"locus053","locus139",0.279288,0.858018,NA,1,0.728928,NA,0.900148,0
"locus053","locus140",0.277304,0.85872,NA,1,0.727756,NA,0.901634,0
"locus053","locus146",0.079794,0.978248,NA,1,0.612754,NA,0.948306,0
"locus053","locus148",0.904018,0.324,NA,1,0.94601,NA,0.860328,0
"locus053","locus151",0.404648,NA,Inf,0.6005,0.599656,NA,0.693468,0
"locus053","locus157",0.436616,NA,NA,NA,0.227898,NA,0.719784,0
"locus053","locus161",0.560746,0.844076,NA,1,0.171216,NA,0.20718,0
"locus053","locus165",0.787014,0.407852,NA,NA,0.77136,NA,0.59481,0
"locus053","locus170",0.737104,0.74055,NA,0.697604,0.659414,NA,1,0
"locus053","locus176",0.326696,NA,NA,NA,0.464188,NA,0.453064,0
"locus053","locus184",0.25688,0.139402,NA,0.503434,0.670418,NA,0.240054,0
"locus053","locus186",0.218868,0.680298,NA,0.497718,0.920712,NA,0.025056,1
"locus053","locus188",0.53325,0.356108,NA,NA,0.209268,NA,0.390796,0
"locus053","locus189",0.372118,0.968898,NA,NA,0.13656,1,0.09286,0
"locus053","locus190",0.209788,0.300254,NA,NA,0.631222,0.620064,1,0
"locus053","locus191",0.920162,NA,NA,NA,0.452478,1,0.01084,1
"locus053","locus192",0.554688,0.841418,NA,NA,0.888492,1,0.721848,0
"locus053","locus195",0.02813,0.326444,1,NA,0.862804,0.657968,0.943824,1
"locus053","locus202",0.048834,0.66996,NA,NA,0.108542,0.65807,0.938408,1
"locus053","locus215",0.734514,NA,Inf,NA,0.751972,0.428616,0.310226,0
"locus053","locus227",0.907004,0.419548,Inf,NA,0.069688,0.429222,0.352384,0
"locus053","locus231",0.823566,0.880038,NA,NA,0.643314,NA,0.772236,0
"locus053","locus235",0.108774,0.683196,NA,NA,0.530288,Inf,0.436506,0
"locus053","locus236",0.708476,0.03997,NA,NA,0.412436,1,0.898214,1
"locus053","locus237",0.41152,0.336622,NA,NA,0.661062,1,0.79768,0
"locus053","locus239",0.922634,0.280382,NA,NA,0.162324,0.428214,0.954546,0
"locus053","locus248",0.24196,0.22063,NA,NA,0.479506,0.428968,0.165526,0
"locus053","locus256",0.847062,0.849696,NA,NA,0.026886,NA,0.289706,1
"locus053","locus263",0.254906,0.400886,NA,NA,0.460462,NA,1,0
"locus053","locus264",0.516454,0.605058,NA,NA,0.50677,NA,0.273976,0
"locus053","locus274",0.731462,0.728476,1,NA,0.353012,NA,0.7867,0
"locus053","locus280",0.170432,0.707654,NA,NA,0.386206,NA,0.67754,0
"locus053","locus282",0.408898,0.846268,1,NA,0.675468,NA,0.65223,0
"locus053","locus286",0.597074,0.208876,NA,NA,0.576534,NA,0.895626,0
"locus053","locus291",0.989734,0.014466,NA,NA,0.300424,NA,0.667484,1
"locus053","locus292",0.853796,0.175352,NA,NA,0.660696,NA,0.156976,0
"locus053","locus296",0.133272,0.890882,NA,NA,0.429484,NA,0.234424,0
"locus053","locus301",0.63262,0.530826,NA,NA,0.346468,NA,1,0
"locus053","locus314",0.511306,0.624918,NA,NA,0.71669,NA,1,0
"locus053","locus321",0.426036,0.884542,NA,NA,0.060994,NA,1,0
"locus053","locus322",0.172494,0.936012,NA,NA,0.850142,NA,1,0
"locus053","locus323",0.05948,0.534724,NA,NA,0.41332,NA,0.737058,0
"locus053","locus329",0.93425,4e-06,NA,NA,0.043712,NA,0.445226,2
"locus053","locus332",0.184044,0.763482,NA,NA,0.205482,NA,0.211534,0
"locus053","locus358",0.529696,0.344018,NA,NA,0.945646,NA,0.769398,0
"locus053","locus359",0.5211,0.778868,NA,NA,0.625676,NA,1,0
"locus053","locus360",0.912158,0.098922,NA,NA,0.147218,NA,0.804,0
"locus055","locus056",0.66895,0.78687,1,0.167286,0.777212,NA,0.782752,0
"locus055","locus058",0.588234,0.964956,NA,1,0.695694,NA,0.592448,0
"locus055","locus060",0.05563,0.662818,NA,1,0.511534,NA,1,0
"locus055","locus061",0.765206,NA,NA,NA,0.511602,NA,0.065644,0
"locus055","locus062",0.972652,0.182566,NA,1,0.787024,NA,0.081472,0
"locus055","locus064",0.305534,0.399178,NA,Inf,0.944442,NA,0.530716,0
"locus055","locus065",1,0.169076,NA,1,0.950504,NA,0.53441,0
"locus055","locus073",1,0.699792,NA,0.400024,0.325036,NA,0.50301,0
"locus055","locus074",0.692966,0.297444,NA,1,0.53602,NA,0.783998,0
"locus055","locus076",0.491928,0.385176,NA,NA,0.750658,NA,0.902034,0
"locus055","locus077",1,0.487752,NA,Inf,0.109566,NA,0.353988,0
"locus055","locus080",0.450794,0.440866,NA,NA,0.421312,NA,0.780062,0
"locus055","locus083",0.438522,NA,NA,NA,0.813714,NA,0.767382,0
"locus055","locus088",0.59243,0.726724,NA,NA,0.898104,NA,0.306122,0
"locus055","locus093",1,Inf,Inf,NA,0.476748,NA,0.110676,0
"locus055","locus096",0.332642,0.754416,NA,NA,0.377264,NA,0.36293,0
"locus055","locus098",0.236226,1,0.498842,NA,0.124312,NA,0.64691,0
"locus055","locus100",0.750614,0.83947,NA,NA,0.472266,NA,0.613904,0
"locus055","locus106",0.139448,0.626818,NA,NA,0.197714,NA,0.462114,0
"locus055","locus116",0.222562,0.86178,NA,NA,0.558242,NA,0.695728,0
"locus055","locus119",0.770422,0.394382,NA,NA,0.289564,NA,0.671386,0
"locus055","locus120",0.825228,0.22416,NA,NA,0.720812,NA,0.319814,0
"locus055","locus128",0.027316,0.71726,Inf,0.333048,0.702494,NA,1,1
"locus055","locus129",0.614738,0.448974,1,1,0.938384,NA,1,0
"locus055","locus130",0.272302,NA,NA,NA,0.367464,NA,0.738516,0
"locus055","locus134",0.119754,0.771864,NA,NA,0.547708,NA,1,0
"locus055","locus135",0.049186,0.327148,NA,0.332772,0.845576,NA,0.400362,1
"locus055","locus137",0.427458,0.130234,NA,1,0.14592,NA,0.219856,0
"locus055","locus139",0.227292,0.560896,NA,1,0.885168,NA,1,0
"locus055","locus140",0.231308,0.561612,NA,1,0.882076,NA,1,0
"locus055","locus146",0.837854,0.20344,NA,1,0.160152,NA,0.512006,0
"locus055","locus148",0.361814,0.268816,NA,1,0.350294,NA,0.216618,0
"locus055","locus151",0.5658,NA,NA,1,0.52121,NA,0.212906,0
"locus055","locus157",0.509658,NA,Inf,NA,0.007654,NA,0.387624,1
"locus055","locus161",0.537754,0.80628,NA,1,0.408762,NA,1,0
"locus055","locus165",0.944628,0.89372,Inf,NA,0.369392,NA,0.102412,0
"locus055","locus170",0.923146,0.026006,NA,1,0.65213,NA,0.786394,1
"locus055","locus176",0.684982,NA,NA,NA,0.119158,NA,0.128002,0
"locus055","locus184",0.069002,0.343934,NA,Inf,0.194336,NA,0.131408,0
"locus055","locus186",0.46878,0.68607,NA,Inf,0.602596,NA,0.263876,0
"locus055","locus188",0.418644,0.278514,Inf,NA,0.424296,NA,0.328734,0
"locus055","locus189",0.978558,0.21592,NA,NA,0.236078,0.571528,0.651064,0
"locus055","locus190",0.27506,1,NA,NA,0.411082,0.524258,0.021612,1
"locus055","locus191",0.353292,NA,Inf,NA,0.391302,0.095364,0.605724,0
"locus055","locus192",0.63103,0.483188,NA,NA,0.573036,0.523414,0.604544,0
"locus055","locus195",0.272784,0.214628,1,NA,0.87689,1,1,0
"locus055","locus202",0.624188,0.584162,NA,NA,0.502892,0.42865,0.600806,0
"locus055","locus215",0.839192,NA,NA,NA,0.826908,0.617968,0.754436,0
"locus055","locus227",1,0.66078,Inf,NA,0.16408,1,1,0
"locus055","locus231",1,0.160312,NA,NA,0.755252,NA,0.679462,0
"locus055","locus235",0.867328,0.137206,NA,NA,0.319184,Inf,1,0
"locus055","locus236",0.88026,0.486678,NA,NA,0.048118,1,1,1
"locus055","locus237",0.104734,0.28501,NA,NA,0.417176,1,0.116418,0
"locus055","locus239",0.793024,0.91711,NA,NA,0.253062,1,0.50353,0
"locus055","locus248",0.423244,0.482324,NA,NA,0.296788,1,0.423236,0
"locus055","locus256",0.782686,0.74903,NA,NA,0.666452,NA,0.479494,0
"locus055","locus263",0.726908,0.24688,NA,NA,0.16559,NA,1,0
"locus055","locus264",0.546372,0.222256,NA,NA,0.677132,NA,0.096182,0
"locus055","locus274",0.474936,0.602912,1,NA,0.411806,NA,0.000586,1
"locus055","locus280",0.252332,0.744046,NA,NA,0.627424,NA,1,0
"locus055","locus282",0.407186,0.879592,0.168272,NA,0.697944,NA,0.675598,0
"locus055","locus286",0.75107,1,NA,NA,0.801128,NA,0.247112,0
"locus055","locus291",0.129676,0.129208,NA,NA,0.343886,NA,0.416976,0
"locus055","locus292",0.942388,0.809036,NA,NA,0.515682,NA,1,0
"locus055","locus296",0.80188,0.698666,NA,NA,0.521872,NA,1,0
"locus055","locus301",0.09773,1,NA,NA,0.142386,NA,1,0
"locus055","locus314",0.070718,0.158414,NA,NA,0.70792,NA,1,0
"locus055","locus321",0.321232,0.140172,NA,NA,0.306136,NA,0.592818,0
"locus055","locus322",0.868326,0.270644,NA,NA,0.92575,NA,0.124194,0
"locus055","locus323",0.787122,0.702174,NA,NA,0.819808,NA,0.018654,1
"locus055","locus329",0.410314,0.333344,NA,NA,0.168736,NA,0.578984,0
"locus055","locus332",0.014132,0.662022,NA,NA,0.283632,NA,1,1
"locus055","locus358",0.219684,0.926172,NA,NA,0.499534,NA,0.363288,0
"locus055","locus359",0.085102,0.714722,NA,NA,0.838684,NA,1,0
"locus055","locus360",0.3181,0.043466,NA,NA,0.420994,NA,1,1
"locus056","locus058",0.572194,0.01809,NA,0.569612,0.200664,NA,0.90604,1
"locus056","locus060",0.952176,0.691688,NA,1,0.036982,NA,0.001312,2
"locus056","locus061",0.690524,NA,NA,NA,0.702544,NA,0.562288,0
"locus056","locus062",0.531676,0.251658,NA,1,0.321138,NA,0.724432,0
"locus056","locus064",0.532286,1,NA,1,0.709332,NA,0.275736,0
"locus056","locus065",0.736658,1,NA,1,0.940314,NA,1,0
"locus056","locus073",1,0.63465,NA,0.499922,0.780382,NA,0.372244,0
"locus056","locus074",0.684458,0.048966,NA,1,0.382742,NA,0.23329,1
"locus056","locus076",0.960276,0.254708,NA,NA,0.878164,NA,0.77195,0
"locus056","locus077",0.177824,1,NA,Inf,1,NA,1,0
"locus056","locus080",0.524362,1,NA,NA,0.966482,NA,0.201564,0
"locus056","locus083",0.849536,NA,NA,NA,0.23996,NA,1,0
"locus056","locus088",0.73902,0.166872,NA,NA,0.917424,NA,0.370334,0
"locus056","locus093",1,Inf,Inf,NA,1,NA,1,0
"locus056","locus096",0.414186,0.812214,NA,NA,0.554794,NA,0.393124,0
"locus056","locus098",0.13774,0.609822,1,NA,0.80672,NA,0.242588,0
"locus056","locus100",0.395756,0.278074,NA,NA,0.211626,NA,0.876548,0
"locus056","locus106",0.807586,0.143766,NA,NA,0.819956,NA,0.056298,0
"locus056","locus116",0.71357,0.582774,NA,NA,0.238818,NA,0.151528,0
"locus056","locus119",0.215252,0.345546,NA,NA,0.169724,NA,0.615938,0
"locus056","locus120",0.61155,0.63961,NA,NA,0.051092,NA,0.6924,0
"locus056","locus128",0.5098,0.077962,NA,0.250064,0.70035,NA,1,0
"locus056","locus129",0.61457,0.184636,1,1,0.83256,NA,0.076028,0
"locus056","locus130",0.869444,NA,Inf,NA,0.101124,NA,0.368872,0
"locus056","locus134",0.190502,0.684984,NA,NA,0.630628,NA,1,0
"locus056","locus135",0.004182,0.2846,NA,0.287666,0.63908,NA,0.686832,1
"locus056","locus137",0.718064,0.449278,NA,1,0.076618,NA,0.075382,0
"locus056","locus139",0.761352,1,NA,1,0.15103,NA,0.06685,0
"locus056","locus140",0.763452,1,NA,1,0.154746,NA,0.06778,0
"locus056","locus146",0.70978,0.976784,NA,0.399424,0.958536,NA,0.719306,0
"locus056","locus148",0.843728,0.877216,NA,1,0.957824,NA,0.634332,0
"locus056","locus151",1,NA,NA,1,0.799176,NA,0.275338,0
"locus056","locus157",0.484596,NA,NA,NA,0.731192,NA,0.511454,0
"locus056","locus161",0.396456,0.341402,NA,1,0.141936,NA,0.327216,0
"locus056","locus165",0.378888,0.380482,NA,NA,0.799568,NA,0.324982,0
"locus056","locus170",0.065096,0.279706,NA,0.572454,0.338264,NA,0.876914,0
"locus056","locus176",0.22144,NA,NA,NA,0.685012,NA,0.347266,0
"locus056","locus184",0.12196,0.14097,NA,1,0.28105,NA,0.722026,0
"locus056","locus186",0.064552,0.507668,NA,1,0.625634,NA,0.718362,0
"locus056","locus188",0.444928,0.128738,NA,1,0.30587,NA,0.130558,0
"locus056","locus189",0.668648,0.11065,NA,NA,0.31041,1,0.801854,0
"locus056","locus190",0.0462,0.68105,NA,NA,0.723012,1,0.092694,1
"locus056","locus191",0.633698,NA,NA,NA,0.301238,1,0.045136,1
"locus056","locus192",0.218994,0.600928,NA,NA,0.32358,1,1,0
"locus056","locus195",0.826958,0.028316,1,NA,1,0.485896,0.116642,1
"locus056","locus202",0.818654,0.109732,NA,NA,0.411444,1,1,0
"locus056","locus215",0.023308,NA,NA,NA,0.971874,0.257504,1,1
"locus056","locus227",0.76331,0.745774,Inf,NA,0.52516,1,1,0
"locus056","locus231",0.206644,0.779994,NA,NA,0.053572,NA,0.570922,0
"locus056","locus235",0.21836,0.186686,NA,NA,0.22541,Inf,0.696982,0
"locus056","locus236",0.101614,0.792776,NA,NA,0.78652,0.48544,1,0
"locus056","locus237",0.787708,0.749702,NA,NA,0.457216,1,0.126904,0
"locus056","locus239",0.778428,0.349274,NA,NA,0.800002,0.140972,0.603692,0
"locus056","locus248",0.213944,0.635908,NA,NA,0.603086,0.48533,0.795206,0
"locus056","locus256",0.468438,0.129154,NA,NA,0.068998,NA,0.239932,0
"locus056","locus263",1,0.089654,1,NA,1,NA,0.467308,0
"locus056","locus264",0.458724,0.640854,NA,NA,0.90871,NA,0.43357,0
"locus056","locus274",0.920244,0.953004,1,NA,0.629442,NA,0.876372,0
"locus056","locus280",0.835046,0.557776,NA,NA,0.842982,NA,1,0
"locus056","locus282",0.804864,0.15865,1,NA,0.351828,NA,1,0
"locus056","locus286",0.097014,0.149938,NA,NA,0.18469,NA,0.632526,0
"locus056","locus291",0.670572,0.464998,NA,NA,0.90089,NA,0.534194,0
"locus056","locus292",0.76201,0.943396,NA,NA,0.491946,NA,0.532926,0
"locus056","locus296",0.742166,0.410376,NA,NA,0.600928,NA,0.872574,0
"locus056","locus301",0.799608,0.27647,NA,NA,0.063884,NA,0.06663,0
"locus056","locus314",0.585214,1,NA,NA,1,NA,0.729356,0
"locus056","locus321",0.465662,0.481314,NA,NA,0.73562,NA,0.906534,0
"locus056","locus322",0.78303,0.739582,NA,NA,0.106966,NA,0.873286,0
"locus056","locus323",0.416698,0.678266,NA,NA,0.557952,NA,0.376406,0
"locus056","locus329",0.561096,0.603722,NA,NA,0.527616,NA,0.603174,0
"locus056","locus332",0.278948,0.88551,NA,NA,0.275478,NA,0.78362,0
"locus056","locus358",0.29199,0.030148,NA,NA,0.50624,NA,1,1
"locus056","locus359",0.892512,1,NA,NA,0.419134,NA,0.066986,0
"locus056","locus360",0.02607,0.556868,NA,NA,0.11457,NA,0.013814,2
"locus058","locus060",0.591124,0.5828,NA,1,0.167592,NA,1,0
"locus058","locus061",0.83991,NA,NA,NA,0.846702,NA,1,0
"locus058","locus062",0.59665,0.583362,NA,1,0.012766,NA,0.15787,1
"locus058","locus064",0.944804,0.300832,NA,1,0.539346,NA,0.667734,0
"locus058","locus065",0.121998,1,NA,0.238012,0.334798,NA,0.028282,1
"locus058","locus073",0.83157,0.116426,NA,1,0.62544,NA,0.221738,0
"locus058","locus074",0.446902,0.7211,NA,1,0.071454,NA,0.161498,0
"locus058","locus076",0.137436,0.273436,NA,NA,0.228746,NA,0.002662,1
"locus058","locus077",0.43582,0.307438,NA,Inf,0.44027,NA,0.53856,0
"locus058","locus080",0.14264,0.209048,Inf,NA,0.91714,NA,0.750276,0
"locus058","locus083",0.322998,NA,NA,NA,0.46092,NA,0.632254,0
"locus058","locus088",0.897648,0.66416,NA,NA,0.868042,NA,0.513122,0
"locus058","locus093",0.180316,Inf,Inf,NA,0.534986,NA,1,0
"locus058","locus096",0.448088,0.007508,NA,NA,0.48353,NA,0.50942,1
"locus058","locus098",0.5666,0.8466,1,NA,0.265648,NA,0.80579,0
"locus058","locus100",0.806438,0.124608,NA,NA,0.839916,NA,1,0
"locus058","locus106",0.646524,0.604896,NA,NA,0.057638,NA,0.42506,0
"locus058","locus116",0.259926,0.171138,NA,NA,0.887418,NA,0.859774,0
"locus058","locus119",0.041282,0.59314,NA,NA,0.55153,NA,0.531756,1
"locus058","locus120",0.899396,0.24789,NA,NA,0.419758,NA,0.771246,0
"locus058","locus128",1,0.838904,NA,1,0.781612,NA,1,0
"locus058","locus129",0.33301,0.014026,1,0.484682,0.201468,NA,0.894152,1
"locus058","locus130",0.016284,NA,NA,NA,0.31839,NA,1,1
"locus058","locus134",0.787156,0.260928,NA,NA,0.350308,NA,0.614188,0
"locus058","locus135",0.655824,0.023602,NA,0.426308,0.86961,NA,1,1
"locus058","locus137",0.124106,0.813728,NA,1,0.940674,NA,0.645762,0
"locus058","locus139",1,0.044948,NA,0.237042,0.129012,NA,1,1
"locus058","locus140",1,0.044716,NA,0.236402,0.130532,NA,1,1
"locus058","locus146",0.422312,0.442794,NA,0.199586,0.263572,NA,0.531404,0
"locus058","locus148",0.012242,0.738632,NA,1,0.094462,NA,0.192536,1
"locus058","locus151",0.719218,NA,NA,1,0.915894,NA,0.75817,0
"locus058","locus157",0.766166,NA,NA,NA,0.317064,NA,0.179614,0
"locus058","locus161",0.413858,0.730026,NA,0.093618,0.67421,NA,0.59126,0
"locus058","locus165",0.53794,0.000276,NA,NA,0.752066,NA,1,1
"locus058","locus170",0.465604,0.569808,NA,0.770906,0.274018,NA,0.693888,0
"locus058","locus176",0.807314,NA,Inf,NA,0.265248,NA,0.416294,0
"locus058","locus184",0.22186,0.084768,NA,1,0.6854,NA,0.24631,0
"locus058","locus186",0.28925,0.60165,NA,1,0.245376,NA,0.07435,0
"locus058","locus188",0.703348,0.339936,NA,1,0.037966,NA,1,1
"locus058","locus189",0.29581,0.05875,NA,NA,0.07154,0.287816,0.630058,0
"locus058","locus190",0.418446,0.220202,NA,NA,0.670686,1,0.39066,0
"locus058","locus191",0.010904,NA,NA,NA,0.084962,0.284566,0.323296,1
"locus058","locus192",0.679732,0.481758,NA,NA,0.118374,0.524556,0.877322,0
"locus058","locus195",0.82669,0.14934,1,NA,0.607168,1,0.44515,0
"locus058","locus202",0.862396,0.8273,NA,NA,0.490348,1,0.4455,0
"locus058","locus215",0.990464,NA,NA,NA,0.441324,0.334314,0.32837,0
"locus058","locus227",0.689566,0.15393,Inf,NA,0.347126,1,1,0
"locus058","locus231",0.203224,0.97935,NA,NA,0.817892,NA,1,0
"locus058","locus235",0.35452,0.032728,NA,NA,0.434214,Inf,0.455084,1
"locus058","locus236",0.80105,0.771574,NA,NA,0.591902,1,1,0
"locus058","locus237",0.571356,0.639872,NA,NA,0.059618,0.047844,0.65297,1
"locus058","locus239",0.500092,0.028328,NA,NA,0.25257,1,0.77505,1
"locus058","locus248",0.56714,0.111568,NA,NA,0.721906,1,0.0207,1
"locus058","locus256",0.052672,0.469728,NA,NA,0.231252,NA,0.8822,0
"locus058","locus263",0.62606,0.611064,Inf,NA,0.061988,NA,0.201458,0
"locus058","locus264",1,0.186804,NA,NA,0.43962,NA,0.661514,0
"locus058","locus274",0.848498,0.096622,Inf,NA,0.796066,NA,0.699236,0
"locus058","locus280",0.593856,1,NA,NA,0.092572,NA,0.886974,0
"locus058","locus282",0.47343,0.761322,1,NA,0.319152,NA,0.460576,0
"locus058","locus286",0.58309,0.292902,NA,NA,0.898398,NA,0.768364,0
"locus058","locus291",0.640548,0.04142,NA,NA,0.634408,NA,1,1
"locus058","locus292",0.158862,0.33493,NA,NA,0.212672,NA,0.79136,0
"locus058","locus296",0.25044,0.287552,NA,NA,0.464172,NA,0.749484,0
"locus058","locus301",0.541976,0.124428,NA,NA,0.10319,NA,1,0
"locus058","locus314",0.854726,0.820736,NA,NA,0.736712,NA,1,0
"locus058","locus321",0.946226,0.578854,NA,NA,0.729376,NA,0.580392,0
"locus058","locus322",0.70799,0.148962,NA,NA,0.15498,NA,0.323432,0
"locus058","locus323",0.281576,0.07211,NA,NA,0.540828,NA,0.3147,0
"locus058","locus329",0.896384,0.612308,NA,NA,0.01574,NA,0.91587,1
"locus058","locus332",0.741522,0.18851,NA,NA,0.863572,NA,1,0
"locus058","locus358",0.070522,0.36964,NA,NA,0.638508,NA,0.79194,0
"locus058","locus359",0.45503,0.65206,NA,NA,0.06979,NA,1,0
"locus058","locus360",0.057912,0.967184,NA,NA,0.035824,NA,0.590994,1
"locus060","locus061",1,NA,NA,NA,0.21993,NA,0.50446,0
"locus060","locus062",0.91952,0.256766,NA,0.285112,0.637388,NA,0.216884,0
"locus060","locus064",0.097924,0.927184,NA,1,0.480016,NA,0.143008,0
"locus060","locus065",1,1,NA,1,0.457836,NA,1,0
"locus060","locus073",0.007636,0.697054,NA,0.167022,0.566632,NA,1,1
"locus060","locus074",1,0.041182,NA,1,0.441808,NA,0.118984,1
"locus060","locus076",0.068116,0.307506,Inf,NA,0.775572,NA,0.77375,0
"locus060","locus077",1,0.344216,NA,Inf,1,NA,1,0
"locus060","locus080",0.71706,0.446868,NA,NA,0.788204,NA,0.061632,0
"locus060","locus083",0.840118,NA,NA,NA,0.328286,NA,1,0
"locus060","locus088",0.73833,0.835462,NA,NA,1,NA,0.775776,0
"locus060","locus093",0.590106,Inf,Inf,NA,1,NA,1,0
"locus060","locus096",0.49619,0.296486,NA,NA,0.65099,NA,0.338732,0
"locus060","locus098",0.11535,0.555232,Inf,NA,0.231536,NA,0.191508,0
"locus060","locus100",0.876644,0.944112,NA,NA,0.368424,NA,0.63655,0
"locus060","locus106",0.501434,0.759328,NA,NA,0.343786,NA,0.668782,0
"locus060","locus116",0.53129,1,NA,NA,0.39534,NA,0.23246,0
"locus060","locus119",0.700808,0.693218,NA,NA,0.11056,NA,1,0
"locus060","locus120",0.022968,1,NA,NA,1,NA,0.103432,1
"locus060","locus128",0.7492,0.2974,NA,Inf,0.206448,NA,0.48998,0
"locus060","locus129",0.025752,0.922744,Inf,0.143354,0.765942,NA,0.411358,1
"locus060","locus130",0.108074,NA,NA,NA,0.767224,NA,0.301676,0
"locus060","locus134",0.54958,0.922794,NA,NA,0.487658,NA,1,0
"locus060","locus135",0.677414,0.747632,NA,1,0.370454,NA,0.54602,0
"locus060","locus137",0.12431,0.425444,NA,1,0.02169,NA,0.410374,1
"locus060","locus139",0.080658,0.227028,NA,0.286386,0.37958,NA,0.120836,0
"locus060","locus140",0.082794,0.227328,NA,0.28516,0.38103,NA,0.118978,0
"locus060","locus146",0.685408,0.820838,NA,Inf,1,NA,0.549994,0
"locus060","locus148",0.901576,0.890752,NA,1,0.072068,NA,0.748086,0
"locus060","locus151",1,NA,NA,Inf,0.733976,NA,0.545716,0
"locus060","locus157",0.085648,NA,NA,NA,0.87288,NA,1,0
"locus060","locus161",1,0.835066,NA,1,0.804726,NA,0.753884,0
"locus060","locus165",0.966202,1,NA,NA,0.038238,NA,1,1
"locus060","locus170",1,0.526784,NA,1,0.587604,NA,0.56549,0
"locus060","locus176",0.609652,NA,NA,NA,0.313562,NA,0.597024,0
"locus060","locus184",0.950458,0.578198,NA,1,0.07837,NA,0.750042,0
"locus060","locus186",0.806742,0.758092,NA,1,0.559632,NA,0.54591,0
"locus060","locus188",0.22517,0.911158,NA,0.602288,0.270692,NA,0.456304,0
"locus060","locus189",0.335162,0.929304,NA,NA,0.29585,1,1,0
"locus060","locus190",0.328846,0.911256,NA,NA,0.151256,0.428634,0.16162,0
"locus060","locus191",0.57652,NA,NA,NA,0.837682,1,0.053658,0
"locus060","locus192",0.949544,0.713428,NA,NA,0.676006,1,0.484238,0
"locus060","locus195",0.107076,0.233108,Inf,NA,0.088444,0.485898,0.116732,0
"locus060","locus202",0.215924,0.023144,NA,NA,0.791712,1,1,1
"locus060","locus215",0.939594,NA,NA,NA,0.361536,0.655564,1,0
"locus060","locus227",0.066306,0.847778,Inf,NA,0.664784,1,1,0
"locus060","locus231",0.947796,0.27429,Inf,NA,0.051274,NA,0.570038,0
"locus060","locus235",0.758994,0.270008,NA,NA,1,Inf,1,0
"locus060","locus236",0.22037,0.20522,NA,NA,1,1,1,0
"locus060","locus237",0.144118,0.060532,NA,NA,0.523756,0.143488,0.469482,0
"locus060","locus239",0.630824,0.25492,NA,NA,0.212478,1,0.52393,0
"locus060","locus248",0.875324,0.717414,NA,NA,0.801006,1,0.737186,0
"locus060","locus256",0.402732,0.051806,NA,NA,0.279378,NA,0.38003,0
"locus060","locus263",0.201518,1,NA,NA,1,NA,0.400744,0
"locus060","locus264",0.503972,0.61681,NA,NA,0.919434,NA,1,0
"locus060","locus274",0.61291,0.427896,NA,NA,0.12993,NA,1,0
"locus060","locus280",0.597272,0.69545,NA,NA,0.024376,NA,0.685916,1
"locus060","locus282",0.390654,1,Inf,NA,0.118542,NA,1,0
"locus060","locus286",0.298418,0.651348,NA,NA,1,NA,0.524166,0
"locus060","locus291",0.696308,0.971128,NA,NA,0.131778,NA,0.80096,0
"locus060","locus292",0.136504,0.434788,NA,NA,0.356596,NA,0.57953,0
"locus060","locus296",0.875852,0.326466,NA,NA,0.714288,NA,0.405214,0
"locus060","locus301",0.741082,0.681034,NA,NA,1,NA,0.164448,0
"locus060","locus314",0.262662,0.252372,NA,NA,0.566208,NA,1,0
"locus060","locus321",0.6314,0.65427,NA,NA,0.919656,NA,0.789114,0
"locus060","locus322",0.668002,0.465004,NA,NA,0.108162,NA,0.568082,0
"locus060","locus323",1,0.872066,NA,NA,0.903788,NA,0.230734,0
"locus060","locus329",0.532654,0.591006,NA,NA,1,NA,0.342348,0
"locus060","locus332",0.064108,0.538752,NA,NA,0.404266,NA,0.314492,0
"locus060","locus358",0.881292,0.271688,NA,NA,0.039438,NA,1,1
"locus060","locus359",0.62278,0.12382,NA,NA,0.235098,NA,0.398492,0
"locus060","locus360",0.519622,0.305788,Inf,NA,0.414162,NA,0.157382,0
"locus061","locus062",0.429054,NA,NA,NA,0.215196,NA,0.230714,0
"locus061","locus064",0.312312,NA,NA,NA,0.480706,NA,1,0
"locus061","locus065",0.286216,NA,NA,NA,0.102726,NA,1,0
"locus061","locus073",0.871116,NA,NA,NA,0.710406,NA,1,0
"locus061","locus074",0.084872,NA,NA,NA,0.846636,NA,0.540144,0
"locus061","locus076",0.198708,NA,Inf,NA,0.584396,NA,1,0
"locus061","locus077",0.59562,NA,NA,NA,0.574414,NA,1,0
"locus061","locus080",0.506106,NA,NA,NA,0.515528,NA,0.472748,0
"locus061","locus083",0.122486,NA,NA,NA,0.874082,NA,1,0
"locus061","locus088",1,NA,NA,NA,0.317612,NA,1,0
"locus061","locus093",0.05312,NA,Inf,NA,1,NA,0.250864,0
"locus061","locus096",0.3194,NA,NA,NA,0.830496,NA,0.109654,0
"locus061","locus098",1,NA,Inf,NA,0.87362,NA,0.546474,0
"locus061","locus100",0.14748,NA,NA,NA,0.246664,NA,0.142132,0
"locus061","locus106",0.082262,NA,NA,NA,0.815094,NA,1,0
"locus061","locus116",0.073402,NA,NA,NA,0.65288,NA,1,0
"locus061","locus119",0.443544,NA,NA,NA,0.132146,NA,1,0
"locus061","locus120",1,NA,NA,NA,0.40927,NA,1,0
"locus061","locus128",0.916048,NA,NA,NA,0.252218,NA,1,0
"locus061","locus129",0.753488,NA,Inf,NA,0.54888,NA,0.558088,0
"locus061","locus130",0.693008,NA,NA,NA,0.532398,NA,0.486152,0
"locus061","locus134",0.8069,NA,NA,NA,0.50234,NA,0.56046,0
"locus061","locus135",0.197388,NA,NA,NA,0.67707,NA,0.161392,0
"locus061","locus137",0.430596,NA,NA,NA,0.583964,NA,1,0
"locus061","locus139",0.413472,NA,NA,NA,1,NA,1,0
"locus061","locus140",0.406554,NA,NA,NA,1,NA,1,0
"locus061","locus146",0.25638,NA,NA,NA,0.282108,NA,1,0
"locus061","locus148",0.272162,NA,NA,NA,0.22793,NA,1,0
"locus061","locus151",0.50217,NA,NA,NA,1,NA,1,0
"locus061","locus157",0.167138,NA,NA,NA,0.466714,NA,1,0
"locus061","locus161",0.819888,NA,NA,NA,0.414608,NA,1,0
"locus061","locus165",0.014398,NA,NA,NA,0.496838,NA,1,1
"locus061","locus170",0.28899,NA,NA,NA,0.253398,NA,1,0
"locus061","locus176",0.05978,NA,NA,NA,0.806756,NA,0.307414,0
"locus061","locus184",0.554102,NA,NA,NA,0.870356,NA,0.671644,0
"locus061","locus186",0.727126,NA,NA,NA,1,NA,1,0
"locus061","locus188",0.61957,NA,NA,NA,0.395342,NA,0.736688,0
"locus061","locus189",0.890394,NA,NA,NA,0.893444,1,1,0
"locus061","locus190",0.71239,NA,NA,NA,0.940078,1,1,0
"locus061","locus191",0.68043,NA,NA,NA,0.47261,1,1,0
"locus061","locus192",0.686608,NA,NA,NA,0.857524,1,1,0
"locus061","locus195",0.538312,NA,Inf,NA,0.238102,1,0.618352,0
"locus061","locus202",0.92407,NA,NA,NA,0.557044,1,0.14316,0
"locus061","locus215",1,NA,NA,NA,0.003044,0.25727,1,1
"locus061","locus227",0.285726,NA,Inf,NA,0.495428,0.142194,1,0
"locus061","locus231",0.336546,NA,Inf,NA,0.204216,NA,0.445384,0
"locus061","locus235",0.659358,NA,NA,NA,0.88773,Inf,0.306682,0
"locus061","locus236",1,NA,NA,NA,0.715598,0.028392,0.461196,1
"locus061","locus237",0.356522,NA,NA,NA,0.668672,0.428806,0.310854,0
"locus061","locus239",0.689374,NA,NA,NA,0.72293,1,1,0
"locus061","locus248",0.476208,NA,NA,NA,0.905514,1,0.153944,0
"locus061","locus256",0.148902,NA,NA,NA,0.557946,NA,0.454688,0
"locus061","locus263",0.668878,NA,NA,NA,0.569022,NA,1,0
"locus061","locus264",0.208086,NA,NA,NA,0.262016,NA,1,0
"locus061","locus274",0.268536,NA,NA,NA,0.218264,NA,0.53923,0
"locus061","locus280",0.1047,NA,NA,NA,0.91702,NA,0.590946,0
"locus061","locus282",0.834202,NA,Inf,NA,0.078676,NA,0.637702,0
"locus061","locus286",0.710526,NA,NA,NA,1,NA,0.275622,0
"locus061","locus291",0.814022,NA,NA,NA,0.018858,NA,0.284124,1
"locus061","locus292",0.614566,NA,NA,NA,0.647238,NA,0.505402,0
"locus061","locus296",0.084624,NA,NA,NA,0.848216,NA,1,0
"locus061","locus301",0.149408,NA,NA,NA,0.746422,NA,1,0
"locus061","locus314",0.773764,NA,NA,NA,0.175774,NA,0.204278,0
"locus061","locus321",0.93329,NA,NA,NA,0.031346,NA,0.693298,1
"locus061","locus322",0.039986,NA,NA,NA,0.905358,NA,0.252406,1
"locus061","locus323",0.631938,NA,NA,NA,0.231214,NA,0.129282,0
"locus061","locus329",0.659018,NA,NA,NA,0.211964,NA,0.703688,0
"locus061","locus332",0.281734,NA,NA,NA,0.767916,NA,0.472926,0
"locus061","locus358",0.631202,NA,NA,NA,0.920142,NA,1,0
"locus061","locus359",0.814148,NA,NA,NA,0.043398,NA,1,1
"locus061","locus360",0.535546,NA,Inf,NA,0.89822,NA,0.28249,0
"locus062","locus064",0.102244,0.241254,NA,0.286868,0.682674,NA,1,0
"locus062","locus065",0.847376,0.611774,NA,0.523518,0.272428,NA,1,0
"locus062","locus073",0.127436,0.54925,1,0.201282,0.61959,NA,0.194328,0
"locus062","locus074",0.930708,0.319218,NA,0.524244,0.40863,NA,0.3668,0
"locus062","locus076",0.990824,0.54742,NA,NA,0.920722,NA,0.376732,0
"locus062","locus077",0.689354,0.053436,NA,Inf,0.515544,NA,0.694112,0
"locus062","locus080",0.104956,0.665,NA,NA,0.581172,NA,0.437974,0
"locus062","locus083",0.502076,NA,NA,NA,0.969384,NA,0.20812,0
"locus062","locus088",0.061882,0.674872,NA,NA,0.6344,NA,0.535248,0
"locus062","locus093",1,Inf,Inf,NA,0.477484,NA,0.112424,0
"locus062","locus096",0.68324,0.865592,NA,NA,0.905132,NA,1,0
"locus062","locus098",0.56199,0.140676,1,NA,0.264078,NA,0.899098,0
"locus062","locus100",0.914274,0.285342,NA,NA,0.241862,NA,0.840114,0
"locus062","locus106",0.186514,0.461616,NA,NA,0.84961,NA,0.679318,0
"locus062","locus116",0.098244,0.893102,NA,NA,0.676766,NA,0.14774,0
"locus062","locus119",0.192998,0.704382,NA,NA,0.174232,NA,0.35103,0
"locus062","locus120",0.846634,0.672108,NA,NA,0.298364,NA,0.074814,0
"locus062","locus128",0.925194,0.358822,NA,1,0.987038,NA,1,0
"locus062","locus129",0.260496,0.09026,NA,0.288916,0.289162,NA,0.716218,0
"locus062","locus130",0.762622,NA,NA,NA,0.177168,NA,0.607916,0
"locus062","locus134",0.231352,0.830204,Inf,NA,0.091308,NA,0.795984,0
"locus062","locus135",0.557276,0.949794,NA,1,0.804882,NA,0.49014,0
"locus062","locus137",0.725388,0.474052,NA,1,0.507934,NA,0.886752,0
"locus062","locus139",0.91268,0.059786,NA,0.525022,0.784296,NA,1,0
"locus062","locus140",0.911784,0.058212,NA,0.527242,0.783334,NA,1,0
"locus062","locus146",0.408054,0.351578,1,1,0.911814,NA,0.741076,0
"locus062","locus148",0.892174,0.868802,NA,1,0.03914,NA,0.72217,1
"locus062","locus151",0.315824,NA,NA,0.50147,0.399538,NA,0.881532,0
"locus062","locus157",0.939144,NA,NA,NA,0.367166,NA,0.052162,0
"locus062","locus161",0.533162,0.440506,NA,1,0.761722,NA,1,0
"locus062","locus165",0.970838,0.471814,NA,NA,0.352654,NA,1,0
"locus062","locus170",0.143238,0.108742,1,1,0.427056,NA,0.604992,0
"locus062","locus176",1,NA,NA,NA,0.632682,NA,0.669092,0
"locus062","locus184",0.243042,0.40279,NA,0.288656,0.4853,NA,0.59013,0
"locus062","locus186",0.358662,0.08633,NA,0.331998,0.191942,NA,1,0
"locus062","locus188",0.473476,1,NA,1,0.237058,NA,0.199822,0
"locus062","locus189",0.217834,0.50771,NA,NA,0.280684,1,0.187934,0
"locus062","locus190",0.44132,0.86907,NA,NA,0.654258,0.333216,0.419734,0
"locus062","locus191",0.803164,NA,NA,NA,0.000864,1,1,1
"locus062","locus192",0.685646,0.414496,NA,NA,0.311412,1,0.367676,0
"locus062","locus195",0.396272,0.06301,0.249392,NA,0.799656,1,0.784052,0
"locus062","locus202",0.23556,0.827784,1,NA,0.259224,1,1,0
"locus062","locus215",0.78996,NA,NA,NA,0.510634,0.42912,0.271678,0
"locus062","locus227",0.486588,1,Inf,NA,0.312756,0.42852,1,0
"locus062","locus231",0.427744,0.924278,NA,NA,0.175768,NA,0.16503,0
"locus062","locus235",0.404376,0.55065,NA,NA,0.584504,Inf,0.03604,1
"locus062","locus236",0.588344,0.61704,NA,NA,0.66612,1,0.520658,0
"locus062","locus237",0.338672,0.66766,NA,NA,0.329398,1,0.295632,0
"locus062","locus239",0.831444,0.618316,NA,NA,0.490124,1,0.531096,0
"locus062","locus248",0.60838,0.38017,NA,NA,0.897558,0.256986,0.44547,0
"locus062","locus256",0.981298,0.45547,NA,NA,0.513276,NA,0.859316,0
"locus062","locus263",0.489112,0.691512,NA,NA,0.241134,NA,1,0
"locus062","locus264",0.139984,0.3989,NA,NA,0.010768,NA,0.411872,1
"locus062","locus274",0.240608,0.403298,NA,NA,0.885926,NA,0.301792,0
"locus062","locus280",0.666882,0.568754,NA,NA,0.066218,NA,0.079534,0
"locus062","locus282",0.478138,0.12002,NA,NA,0.779034,NA,0.588828,0
"locus062","locus286",0.746492,1,NA,NA,0.631328,NA,1,0
"locus062","locus291",0.988656,0.141534,NA,NA,0.59112,NA,0.544958,0
"locus062","locus292",0.76465,0.54621,NA,NA,0.740916,NA,0.441462,0
"locus062","locus296",0.606666,0.359638,NA,NA,0.946096,NA,0.384686,0
"locus062","locus301",0.478756,0.82712,NA,NA,0.098078,NA,0.64739,0
"locus062","locus314",0.294322,0.361058,NA,NA,0.247894,NA,0.726486,0
"locus062","locus321",0.907786,0.653822,NA,NA,0.567554,NA,0.610636,0
"locus062","locus322",0.081826,0.635782,NA,NA,0.034168,NA,1,1
"locus062","locus323",0.871772,0.062764,NA,NA,0.322824,NA,0.71782,0
"locus062","locus329",0.19035,0.495804,NA,NA,0.159492,NA,0.909184,0
"locus062","locus332",0.668422,0.236308,1,NA,0.957762,NA,0.054584,0
"locus062","locus358",0.620294,0.423264,NA,NA,0.710962,NA,0.229332,0
"locus062","locus359",0.402394,0.17198,NA,NA,0.624164,NA,1,0
"locus062","locus360",0.249642,0.237642,NA,NA,0.80343,NA,1,0
"locus064","locus065",0.695364,0.724696,NA,0.28602,0.500086,NA,0.257294,0
"locus064","locus073",0.822178,0.660284,1,0.500936,0.500486,NA,0.620184,0
"locus064","locus074",0.41897,0.514148,NA,0.28566,0.363178,NA,1,0
"locus064","locus076",0.210288,0.500866,NA,NA,0.731916,NA,0.696438,0
"locus064","locus077",0.136996,0.825886,NA,Inf,0.692248,NA,0.371328,0
"locus064","locus080",0.828596,0.47568,NA,NA,0.308908,NA,1,0
"locus064","locus083",0.378964,NA,NA,NA,0.441466,NA,1,0
"locus064","locus088",0.865734,0.623756,NA,NA,0.360648,NA,1,0
"locus064","locus093",1,Inf,Inf,NA,1,NA,Inf,0
"locus064","locus096",0.378552,0.918452,NA,NA,0.566346,NA,0.524128,0
"locus064","locus098",0.745956,0.256812,1,NA,0.356456,NA,1,0
"locus064","locus100",0.667406,1,NA,NA,0.176824,NA,1,0
"locus064","locus106",0.30264,0.238468,NA,NA,0.91037,NA,1,0
"locus064","locus116",0.435064,0.130332,NA,NA,0.270072,NA,0.16416,0
"locus064","locus119",0.59942,0.951808,NA,NA,0.50627,NA,0.467484,0
"locus064","locus120",0.449934,0.20908,NA,NA,0.16383,NA,0.580062,0
"locus064","locus128",0.154468,0.953388,NA,1,0.364994,NA,1,0
"locus064","locus129",0.080652,0.410908,NA,1,0.699956,NA,0.573324,0
"locus064","locus130",0.563998,NA,NA,NA,0.0324,NA,0.506266,1
"locus064","locus134",0.402312,0.41316,Inf,NA,0.604078,NA,1,0
"locus064","locus135",0.128,0.638434,NA,1,0.676484,NA,0.490632,0
"locus064","locus137",0.726302,0.651614,NA,1,0.371168,NA,0.13524,0
"locus064","locus139",0.81661,0.178446,NA,1,0.641166,NA,0.466264,0
"locus064","locus140",0.819412,0.179392,NA,1,0.642128,NA,0.466462,0
"locus064","locus146",0.764804,0.002558,1,1,0.17599,NA,1,1
"locus064","locus148",0.472,0.676768,NA,1,0.705266,NA,1,0
"locus064","locus151",0.313468,NA,NA,0.500526,0.722752,NA,1,0
"locus064","locus157",0.794586,NA,NA,NA,0.586088,NA,0.229826,0
"locus064","locus161",0.243698,0.682088,NA,1,0.205424,NA,0.531972,0
"locus064","locus165",0.926716,1,NA,NA,0.382712,NA,0.58096,0
"locus064","locus170",0.90543,0.09816,1,1,0.21402,NA,0.27657,0
"locus064","locus176",0.829202,NA,NA,NA,0.416164,NA,0.655516,0
"locus064","locus184",0.440404,0.653192,NA,0.142472,0.790262,NA,1,0
"locus064","locus186",0.878176,0.33635,NA,0.166534,0.697406,NA,0.617416,0
"locus064","locus188",0.290644,0.182814,NA,1,0.616852,NA,0.602086,0
"locus064","locus189",0.459012,0.005544,NA,NA,0.718068,0.482766,1,1
"locus064","locus190",0.777212,0.726596,NA,NA,0.714058,1,0.571252,0
"locus064","locus191",0.596628,NA,NA,NA,0.522428,0.486108,0.642042,0
"locus064","locus192",0.151002,0.963526,NA,NA,0.19341,0.573386,0.600324,0
"locus064","locus195",0.634176,0.94768,0.250098,NA,0.562842,1,0.63662,0
"locus064","locus202",0.60296,0.934918,1,NA,0.590468,1,0.152484,0
"locus064","locus215",0.939696,NA,NA,NA,0.874546,0.114078,0.48581,0
"locus064","locus227",0.7398,1,Inf,NA,0.567426,0.228748,1,0
"locus064","locus231",0.508866,0.35919,NA,NA,0.308916,NA,1,0
"locus064","locus235",0.796996,0.428826,NA,NA,0.407118,Inf,0.666418,0
"locus064","locus236",0.43605,0.657856,NA,NA,0.271178,1,1,0
"locus064","locus237",0.381082,0.961276,NA,NA,0.568294,0.571062,0.1204,0
"locus064","locus239",0.43383,0.906936,NA,NA,0.732068,0.826484,0.105,0
"locus064","locus248",0.757198,0.15266,NA,NA,0.430162,1,1,0
"locus064","locus256",0.936394,0.689044,NA,NA,0.767054,NA,0.306678,0
"locus064","locus263",0.417526,0.454956,NA,NA,1,NA,0.132622,0
"locus064","locus264",0.006668,0.298768,NA,NA,0.01031,NA,1,2
"locus064","locus274",0.792898,0.969214,NA,NA,0.416718,NA,0.273962,0
"locus064","locus280",0.267436,0.68774,NA,NA,0.086736,NA,1,0
"locus064","locus282",0.829884,0.556356,NA,NA,0.947086,NA,0.580782,0
"locus064","locus286",0.597006,0.6533,NA,NA,0.731788,NA,1,0
"locus064","locus291",0.281458,0.328854,NA,NA,0.826144,NA,0.283134,0
"locus064","locus292",0.571752,0.532264,NA,NA,0.589508,NA,1,0
"locus064","locus296",0.6646,0.5302,NA,NA,0.780148,NA,1,0
"locus064","locus301",0.512554,0.599976,NA,NA,0.676366,NA,1,0
"locus064","locus314",0.560224,0.463066,NA,NA,0.622616,NA,1,0
"locus064","locus321",0.483776,0.948196,NA,NA,0.083808,NA,0.667578,0
"locus064","locus322",0.350114,0.851436,NA,NA,0.282866,NA,0.54047,0
"locus064","locus323",0.67041,0.726112,NA,NA,0.527602,NA,0.649334,0
"locus064","locus329",0.338462,0.037742,NA,NA,0.754286,NA,0.314102,1
"locus064","locus332",0.902546,0.49647,1,NA,0.672034,NA,1,0
"locus064","locus358",0.619158,1,NA,NA,0.095388,NA,1,0
"locus064","locus359",1,0.879884,NA,NA,0.399372,NA,1,0
"locus064","locus360",0.089346,0.255386,NA,NA,0.431564,NA,0.131484,0
"locus065","locus073",0.317016,1,1,1,0.591948,NA,0.61835,0
"locus065","locus074",0.695944,0.77868,NA,1,0.268862,NA,0.276544,0
"locus065","locus076",0.575982,1,NA,NA,0.65785,NA,0.472452,0
"locus065","locus077",0.66397,0.615576,NA,Inf,0.384224,NA,1,0
"locus065","locus080",0.269894,0.30364,NA,NA,0.359096,NA,1,0
"locus065","locus083",1,NA,NA,NA,0.8162,NA,1,0
"locus065","locus088",0.461026,0.270884,NA,NA,0.702332,NA,0.618286,0
"locus065","locus093",1,Inf,Inf,NA,1,NA,Inf,0
"locus065","locus096",0.726796,0.475284,NA,NA,0.630074,NA,0.523922,0
"locus065","locus098",0.548026,0.543636,1,NA,0.614808,NA,1,0
"locus065","locus100",0.41416,1,NA,NA,0.389414,NA,1,0
"locus065","locus106",0.056506,0.577832,NA,NA,0.191588,NA,1,0
"locus065","locus116",0.71864,0.232594,NA,NA,0.150796,NA,0.341854,0
"locus065","locus119",0.492208,0.230784,NA,NA,0.575044,NA,1,0
"locus065","locus120",1,0.77196,NA,NA,0.818778,NA,0.582066,0
"locus065","locus128",1,0.438654,NA,1,0.304922,NA,1,0
"locus065","locus129",0.332186,0.43972,NA,0.571138,0.453834,NA,1,0
"locus065","locus130",0.329938,NA,NA,NA,0.710382,NA,1,0
"locus065","locus134",0.563404,0.382536,Inf,NA,0.466616,NA,0.581344,0
"locus065","locus135",0.598308,0.317278,NA,0.52366,0.783604,NA,1,0
"locus065","locus137",1,0.192462,NA,0.286074,0.145214,NA,0.048478,1
"locus065","locus139",1,0.586608,NA,1,0.748972,NA,1,0
"locus065","locus140",1,0.586316,NA,1,0.746456,NA,1,0
"locus065","locus146",0.842966,0.026478,1,0.401592,0.966678,NA,0.621536,1
"locus065","locus148",0.100262,0.598718,NA,1,0.87691,NA,0.130468,0
"locus065","locus151",0.378018,NA,NA,1,1,NA,1,0
"locus065","locus157",0.44398,NA,NA,NA,0.299184,NA,1,0
"locus065","locus161",1,1,NA,0.52417,0.63363,NA,1,0
"locus065","locus165",0.62984,0.78223,NA,NA,0.297864,NA,0.58081,0
"locus065","locus170",0.167136,0.26805,0.499448,1,0.807064,NA,1,0
"locus065","locus176",1,NA,NA,NA,0.317352,NA,1,0
"locus065","locus184",0.224768,1,NA,0.28529,0.244198,NA,1,0
"locus065","locus186",0.409936,1,NA,0.333386,0.639456,NA,0.618872,0
"locus065","locus188",0.297272,0.688736,NA,1,0.357328,NA,0.600196,0
"locus065","locus189",0.408322,0.8792,NA,NA,0.38029,1,1,0
"locus065","locus190",0.876952,0.697648,NA,NA,0.453736,1,0.572408,0
"locus065","locus191",0.615774,NA,NA,NA,0.51469,1,0.461176,0
"locus065","locus192",1,0.832158,NA,NA,0.473548,1,0.600584,0
"locus065","locus195",0.851898,0.128454,1,NA,0.803992,0.42988,1,0
"locus065","locus202",0.635544,1,0.50041,NA,0.230066,1,1,0
"locus065","locus215",0.391774,NA,NA,NA,0.720388,0.425526,1,0
"locus065","locus227",0.855572,1,Inf,NA,0.32908,1,1,0
"locus065","locus231",0.177764,0.054736,NA,NA,0.207372,NA,1,0
"locus065","locus235",0.405498,0.663628,NA,NA,0.731248,Inf,0.322344,0
"locus065","locus236",0.730014,0.364446,NA,NA,0.770514,0.428904,1,0
"locus065","locus237",1,0.85963,NA,NA,0.127162,1,1,0
"locus065","locus239",0.451942,0.54066,NA,NA,0.788176,0.571044,0.199772,0
"locus065","locus248",0.752796,0.614974,NA,NA,1,1,1,0
"locus065","locus256",0.53507,0.749962,NA,NA,0.333016,NA,1,0
"locus065","locus263",1,0.599254,NA,NA,0.380658,NA,0.134178,0
"locus065","locus264",0.850664,0.013558,NA,NA,0.353832,NA,0.152978,1
"locus065","locus274",0.860138,1,NA,NA,0.673846,NA,0.273268,0
"locus065","locus280",0.40646,0.604174,NA,NA,1,NA,1,0
"locus065","locus282",0.846916,0.453616,NA,NA,0.548568,NA,0.580088,0
"locus065","locus286",0.580452,1,NA,NA,0.433642,NA,1,0
"locus065","locus291",1,0.750374,NA,NA,0.695892,NA,1,0
"locus065","locus292",0.719636,0.283234,NA,NA,0.460928,NA,1,0
"locus065","locus296",0.361064,0.102624,NA,NA,0.366498,NA,1,0
"locus065","locus301",0.48085,0.781474,NA,NA,0.537298,NA,1,0
"locus065","locus314",0.132422,0.134508,NA,NA,1,NA,1,0
"locus065","locus321",0.87757,0.666248,NA,NA,0.591012,NA,0.467474,0
"locus065","locus322",0.46348,0.029524,NA,NA,0.382628,NA,0.54531,1
"locus065","locus323",0.200606,1,NA,NA,0.603478,NA,0.648196,0
"locus065","locus329",0.716938,1,NA,NA,0.187276,NA,1,0
"locus065","locus332",1,0.539976,0.248778,NA,0.057712,NA,0.19968,0
"locus065","locus358",0.343196,0.744388,NA,NA,0.311466,NA,1,0
"locus065","locus359",0.16594,0.288922,NA,NA,0.000192,NA,1,1
"locus065","locus360",0.640386,0.808954,NA,NA,0.537338,NA,0.471518,0
"locus073","locus074",1,0.425084,NA,0.49864,0.389786,NA,1,0
"locus073","locus076",0.882546,0.987966,NA,NA,0.840386,NA,1,0
"locus073","locus077",0.24584,0.906346,NA,Inf,1,NA,1,0
"locus073","locus080",0.77097,0.091234,NA,NA,0.715182,NA,0.51039,0
"locus073","locus083",0.17863,NA,NA,NA,0.297424,NA,0.591494,0
"locus073","locus088",0.589808,0.697256,NA,NA,0.952862,NA,0.719206,0
"locus073","locus093",0.51409,Inf,Inf,NA,1,NA,0.444122,0
"locus073","locus096",0.957128,0.716928,NA,NA,0.163102,NA,0.323624,0
"locus073","locus098",0.018638,0.047686,1,NA,0.734812,NA,0.784176,2
"locus073","locus100",0.577376,0.268034,NA,NA,0.304544,NA,0.538062,0
"locus073","locus106",0.441218,0.6444,NA,NA,0.755462,NA,1,0
"locus073","locus116",0.902956,0.391016,NA,NA,0.62227,NA,1,0
"locus073","locus119",0.513094,0.068098,NA,NA,0.949172,NA,0.87523,0
"locus073","locus120",0.923822,0.63739,NA,NA,0.297566,NA,0.588876,0
"locus073","locus128",0.247348,0.145472,NA,1,0.501104,NA,1,0
"locus073","locus129",0.22571,0.678276,NA,0.801812,0.49866,NA,0.218012,0
"locus073","locus130",0.255646,NA,NA,NA,0.826466,NA,0.37131,0
"locus073","locus134",0.218778,0.256262,NA,NA,0.173142,NA,0.79519,0
"locus073","locus135",0.699028,0.255632,NA,1,0.985204,NA,0.753184,0
"locus073","locus137",0.76409,0.623298,NA,1,0.874804,NA,0.294266,0
"locus073","locus139",0.638766,0.064032,NA,0.600318,0.026124,NA,0.783472,1
"locus073","locus140",0.635536,0.065616,NA,0.596656,0.025688,NA,0.783132,1
"locus073","locus146",0.870012,0.0729,1,1,0.200092,NA,0.404576,0
"locus073","locus148",0.930032,0.429772,NA,0.600302,0.116714,NA,0.887094,0
"locus073","locus151",0.787186,NA,NA,1,0.319276,NA,0.333476,0
"locus073","locus157",0.868046,NA,NA,NA,1,NA,0.264162,0
"locus073","locus161",0.655244,0.082376,NA,1,0.105016,NA,0.308124,0
"locus073","locus165",0.599122,0.231754,NA,NA,0.819526,NA,0.795732,0
"locus073","locus170",0.967494,0.86205,0.333194,1,0.262928,NA,0.875054,0
"locus073","locus176",0.471114,NA,NA,NA,0.558798,NA,0.57947,0
"locus073","locus184",0.94614,0.201418,NA,0.502652,0.34938,NA,0.759546,0
"locus073","locus186",0.138058,0.314298,NA,0.499972,0.37009,NA,0.739646,0
"locus073","locus188",0.380222,0.87027,NA,0.164728,0.073602,NA,0.791526,0
"locus073","locus189",0.638026,0.81285,NA,NA,0.725786,1,0.54667,0
"locus073","locus190",0.119344,0.506752,NA,NA,0.408836,1,0.014984,1
"locus073","locus191",0.947476,NA,NA,NA,0.300246,1,0.687336,0
"locus073","locus192",0.890512,0.332542,NA,NA,0.059026,0.523174,0.136012,0
"locus073","locus195",0.182604,0.823868,1,NA,0.045092,0.428664,0.271104,1
"locus073","locus202",0.454654,0.958054,0.333074,NA,0.547074,0.428926,1,0
"locus073","locus215",0.463974,NA,NA,NA,0.949546,0.618702,0.215358,0
"locus073","locus227",0.159888,0.102048,Inf,NA,0.297476,1,1,0
"locus073","locus231",0.620496,0.20971,NA,NA,0.328658,NA,0.663082,0
"locus073","locus235",0.748404,0.79611,NA,NA,0.183998,Inf,0.013632,1
"locus073","locus236",0.314874,0.648126,NA,NA,0.627198,1,0.783686,0
"locus073","locus237",0.952724,0.297924,NA,NA,0.63409,0.523832,0.123044,0
"locus073","locus239",0.132916,0.911838,NA,NA,0.878522,0.23757,0.84154,0
"locus073","locus248",0.74911,0.987116,NA,NA,0.246242,0.428646,0.185066,0
"locus073","locus256",0.80009,0.804086,NA,NA,0.932326,NA,1,0
"locus073","locus263",0.315564,0.61255,NA,NA,0.511754,NA,1,0
"locus073","locus264",0.79207,0.91102,NA,NA,0.676244,NA,0.468996,0
"locus073","locus274",0.35807,0.258294,NA,NA,0.513484,NA,0.728634,0
"locus073","locus280",0.41611,0.823436,NA,NA,0.864486,NA,0.438396,0
"locus073","locus282",0.544788,0.275092,NA,NA,0.79558,NA,1,0
"locus073","locus286",1,1,NA,NA,0.921762,NA,0.515742,0
"locus073","locus291",0.79334,0.954942,NA,NA,0.729634,NA,0.734782,0
"locus073","locus292",0.59631,0.675764,NA,NA,0.019812,NA,0.177466,1
"locus073","locus296",0.658384,0.852336,NA,NA,0.95998,NA,0.3839,0
"locus073","locus301",0.840152,0.12911,Inf,NA,0.519644,NA,0.233412,0
"locus073","locus314",0.233188,0.450572,NA,NA,0.586332,NA,0.292234,0
"locus073","locus321",0.89212,0.18201,NA,NA,0.730356,NA,0.92908,0
"locus073","locus322",0.869686,0.543982,NA,NA,0.219814,NA,0.875528,0
"locus073","locus323",0.963182,0.55612,NA,NA,0.521806,NA,0.447204,0
"locus073","locus329",0.74645,0.24508,NA,NA,0.19689,NA,1,0
"locus073","locus332",0.133202,0.697962,1,NA,0.41523,NA,0.412234,0
"locus073","locus358",0.454828,0.330794,NA,NA,0.927068,NA,0.441328,0
"locus073","locus359",0.089442,0.562292,NA,NA,0.467984,NA,0.133504,0
"locus073","locus360",0.788364,0.400318,NA,NA,0.200182,NA,0.66103,0
"locus074","locus076",0.362356,0.648702,NA,NA,0.862246,NA,1,0
"locus074","locus077",1,1,NA,Inf,0.33429,NA,1,0
"locus074","locus080",0.963984,0.346772,NA,NA,0.167696,NA,0.620798,0
"locus074","locus083",0.117176,NA,NA,NA,1,NA,1,0
"locus074","locus088",0.795752,0.64664,NA,NA,0.051164,NA,0.366346,0
"locus074","locus093",0.14239,Inf,Inf,NA,0.045174,NA,1,1
"locus074","locus096",0.151796,0.182602,NA,NA,0.71866,NA,1,0
"locus074","locus098",0.516724,0.221092,1,NA,0.776136,NA,0.46156,0
"locus074","locus100",0.463448,0.913864,NA,NA,0.258478,NA,0.60179,0
"locus074","locus106",0.526062,0.361316,NA,NA,0.316392,NA,0.215372,0
"locus074","locus116",0.150242,0.471934,NA,NA,0.349354,NA,0.765706,0
"locus074","locus119",0.273556,0.844594,NA,NA,0.609988,NA,0.438,0
"locus074","locus120",0.359098,0.632962,NA,NA,0.435826,NA,0.447674,0
"locus074","locus128",0.582136,0.054288,NA,1,0.08934,NA,0.180916,0
"locus074","locus129",0.74749,0.313824,NA,1,0.663618,NA,0.859202,0
"locus074","locus130",0.127536,NA,NA,NA,0.921032,NA,0.544688,0
"locus074","locus134",0.93272,0.47128,NA,NA,0.202594,NA,1,0
"locus074","locus135",0.394156,0.867944,NA,0.524088,0.992394,NA,1,0
"locus074","locus137",0.172148,0.008814,NA,1,0.166412,NA,0.481004,1
"locus074","locus139",1,0.589328,NA,0.523412,1,NA,0.066852,0
"locus074","locus140",1,0.590768,NA,0.524158,1,NA,0.067454,0
"locus074","locus146",0.701262,0.306688,1,1,0.69974,NA,1,0
"locus074","locus148",0.720808,0.119008,NA,0.523792,0.062684,NA,0.04089,1
"locus074","locus151",0.91501,NA,NA,1,0.067752,NA,0.654974,0
"locus074","locus157",0.663388,NA,NA,NA,1,NA,0.367812,0
"locus074","locus161",0.388358,0.822888,NA,1,0.83108,NA,0.782914,0
"locus074","locus165",0.354746,1,NA,NA,0.457586,NA,0.065176,0
"locus074","locus170",0.512812,0.640276,1,1,0.177868,NA,1,0
"locus074","locus176",0.237322,NA,NA,NA,0.149696,NA,1,0
"locus074","locus184",0.793444,0.510538,NA,0.287176,1,NA,0.833674,0
"locus074","locus186",0.25399,0.710286,NA,0.167108,0.294496,NA,0.718406,0
"locus074","locus188",0.425232,0.147374,NA,1,0.75574,NA,0.379358,0
"locus074","locus189",0.696216,0.635148,NA,NA,0.015642,0.65826,0.334412,1
"locus074","locus190",0.940942,0.27867,NA,NA,0.62663,0.620622,0.370646,0
"locus074","locus191",0.510956,NA,NA,NA,0.568494,1,0.689128,0
"locus074","locus192",0.721574,0.93679,NA,NA,0.946278,1,0.71875,0
"locus074","locus195",0.45697,0.904082,1,NA,0.260372,0.655646,0.3106,0
"locus074","locus202",0.269152,0.902484,1,NA,0.884032,0.657212,1,0
"locus074","locus215",0.117494,NA,Inf,NA,0.47022,0.767834,0.200178,0
"locus074","locus227",0.058696,0.911344,Inf,NA,1,0.65611,1,0
"locus074","locus231",0.331578,0.397168,NA,NA,0.874328,NA,1,0
"locus074","locus235",0.29131,0.548506,NA,NA,0.8333,Inf,0.293486,0
"locus074","locus236",0.566304,0.10259,NA,NA,0.804334,0.25816,1,0
"locus074","locus237",0.33013,0.892414,NA,NA,0.085336,0.048306,0.924364,1
"locus074","locus239",0.721762,0.220756,NA,NA,0.798528,1,0.403464,0
"locus074","locus248",0.769226,0.865966,NA,NA,0.69297,0.65737,0.352626,0
"locus074","locus256",0.53984,0.57119,NA,NA,0.808014,NA,0.819936,0
"locus074","locus263",0.219722,0.86456,NA,NA,1,NA,0.467092,0
"locus074","locus264",0.41623,0.301548,NA,NA,0.397566,NA,0.593202,0
"locus074","locus274",0.702794,0.231862,NA,NA,0.187108,NA,0.600952,0
"locus074","locus280",0.62796,0.097596,NA,NA,0.76922,NA,0.72133,0
"locus074","locus282",0.34203,0.50296,NA,NA,0.499862,NA,0.693688,0
"locus074","locus286",0.704152,1,NA,NA,1,NA,0.2621,0
"locus074","locus291",0.097902,0.577136,NA,NA,0.058496,NA,0.135968,0
"locus074","locus292",0.820342,0.774836,NA,NA,0.002938,NA,0.7199,1
"locus074","locus296",0.756128,0.291998,NA,NA,0.523488,NA,0.623242,0
"locus074","locus301",0.816306,0.381788,NA,NA,0.219964,NA,0.561272,0
"locus074","locus314",0.249776,0.617726,NA,NA,0.379914,NA,1,0
"locus074","locus321",0.617136,0.83267,NA,NA,0.162248,NA,1,0
"locus074","locus322",0.059448,0.865564,NA,NA,0.897822,NA,0.15634,0
"locus074","locus323",0.43176,0.396728,NA,NA,0.153288,NA,0.309788,0
"locus074","locus329",0.440974,0.854062,NA,NA,0.219552,NA,0.864796,0
"locus074","locus332",0.581868,0.085682,1,NA,0.698982,NA,0.44688,0
"locus074","locus358",0.814758,0.42543,NA,NA,0.68694,NA,1,0
"locus074","locus359",1,1,NA,NA,0.442566,NA,1,0
"locus074","locus360",0.29172,0.022698,NA,NA,0.439538,NA,0.03684,2
"locus076","locus077",0.465556,0.31265,NA,NA,0.622418,NA,1,0
"locus076","locus080",0.715838,0.65608,NA,NA,0.258168,NA,1,0
"locus076","locus083",0.819996,NA,NA,NA,0.713772,NA,0.46097,0
"locus076","locus088",0.091936,0.228594,NA,NA,0.216488,NA,0.470178,0
"locus076","locus093",1,Inf,Inf,NA,0.204854,NA,0.554924,0
"locus076","locus096",0.622636,0.518874,NA,NA,0.837902,NA,0.771512,0
"locus076","locus098",0.091628,0.082928,1,NA,0.48314,NA,0.60339,0
"locus076","locus100",0.043738,0.671232,NA,NA,0.09904,NA,0.508654,1
"locus076","locus106",0.640238,0.80272,NA,NA,0.55234,NA,0.319918,0
"locus076","locus116",0.002096,0.824932,NA,NA,0.42733,NA,0.801886,1
"locus076","locus119",0.986042,0.97994,NA,NA,0.645994,NA,0.027354,1
"locus076","locus120",0.515746,0.778104,NA,NA,0.703002,NA,0.46975,0
"locus076","locus128",0.709866,0.313576,NA,NA,0.771368,NA,1,0
"locus076","locus129",0.808048,0.00375,NA,NA,0.875554,NA,1,1
"locus076","locus130",1,NA,NA,NA,0.74036,NA,1,0
"locus076","locus134",0.06637,0.281928,NA,NA,0.063038,NA,1,0
"locus076","locus135",0.299488,0.16776,NA,NA,0.134008,NA,0.855072,0
"locus076","locus137",0.041746,0.170244,NA,NA,0.001488,NA,0.139544,2
"locus076","locus139",0.694274,0.02729,NA,NA,0.155596,NA,0.7734,1
"locus076","locus140",0.68998,0.027542,NA,NA,0.15164,NA,0.772888,1
"locus076","locus146",0.719592,0.88067,0.33446,NA,0.41767,NA,0.14037,0
"locus076","locus148",0.812,0.86304,NA,NA,0.040086,NA,0.726972,1
"locus076","locus151",0.381914,NA,NA,NA,0.800456,NA,0.378032,0
"locus076","locus157",0.759618,NA,NA,NA,0.835954,NA,0.709806,0
"locus076","locus161",0.18167,0.09118,NA,NA,0.31761,NA,0.298244,0
"locus076","locus165",0.925442,0.122,NA,NA,0.486314,NA,0.544632,0
"locus076","locus170",0.944548,0.032232,Inf,NA,0.595046,NA,0.903354,1
"locus076","locus176",0.862968,NA,NA,NA,0.76822,NA,0.43869,0
"locus076","locus184",0.158964,0.18652,NA,NA,0.114042,NA,0.01983,1
"locus076","locus186",0.011704,0.45611,NA,NA,0.16655,NA,0.13516,1
"locus076","locus188",0.656338,0.512626,NA,NA,0.797036,NA,0.75727,0
"locus076","locus189",0.591514,0.747696,NA,NA,0.378378,NA,0.814922,0
"locus076","locus190",0.071936,0.639676,NA,NA,0.009046,NA,0.77153,1
"locus076","locus191",0.000686,NA,NA,NA,0.080048,NA,0.6879,1
"locus076","locus192",0.167374,0.665776,NA,NA,0.51735,NA,0.805148,0
"locus076","locus195",0.074188,0.526834,Inf,NA,0.057658,NA,1,0
"locus076","locus202",0.038016,0.533766,Inf,NA,0.5766,NA,0.638794,1
"locus076","locus215",0.74052,NA,Inf,NA,0.010206,NA,0.054192,1
"locus076","locus227",0.130746,0.600004,Inf,NA,0.223574,NA,1,0
"locus076","locus231",0.700818,0.01052,NA,NA,0.600332,NA,0.770134,1
"locus076","locus235",0.464076,0.000148,NA,NA,0.07931,NA,1,1
"locus076","locus236",0.628594,0.119702,NA,NA,0.824076,NA,0.219614,0
"locus076","locus237",0.184356,0.1158,NA,NA,0.23192,NA,0.803838,0
"locus076","locus239",0.658368,0.553944,NA,NA,0.017176,NA,0.923062,1
"locus076","locus248",0.766308,0.586326,NA,NA,0.887876,NA,0.354258,0
"locus076","locus256",0.99109,0.062818,NA,NA,0.722768,NA,1,0
"locus076","locus263",0.535052,0.008166,NA,NA,0.705224,NA,0.248528,1
"locus076","locus264",0.20373,0.181496,NA,NA,0.105912,NA,0.86856,0
"locus076","locus274",0.41641,0.621842,NA,NA,0.929556,NA,1,0
"locus076","locus280",1,0.065134,NA,NA,0.946244,NA,0.757256,0
"locus076","locus282",0.941548,0.352802,NA,NA,0.843676,NA,0.547494,0
"locus076","locus286",1,0.28386,NA,NA,0.665264,NA,0.54608,0
"locus076","locus291",0.700374,0.542912,NA,NA,0.208796,NA,0.873358,0
"locus076","locus292",0.91568,0.176658,NA,NA,0.433072,NA,1,0
"locus076","locus296",0.362948,0.788798,NA,NA,0.351938,NA,1,0
"locus076","locus301",0.03651,0.125444,NA,NA,0.21356,NA,1,1
"locus076","locus314",1,0.558778,NA,NA,0.594782,NA,1,0
"locus076","locus321",0.419748,0.782522,NA,NA,0.827284,NA,0.63697,0
"locus076","locus322",0.81272,0.682878,NA,NA,0.692656,NA,1,0
"locus076","locus323",0.232112,0.384276,NA,NA,0.57806,NA,0.922128,0
"locus076","locus329",0.40396,0.58851,NA,NA,0.538714,NA,0.437968,0
"locus076","locus332",0.772454,0.615096,1,NA,0.730068,NA,0.219456,0
"locus076","locus358",0.404882,0.086784,NA,NA,0.36438,NA,0.281994,0
"locus076","locus359",0.684224,0.027594,NA,NA,0.153548,NA,Inf,1
"locus076","locus360",0.37868,0.02855,NA,NA,0.475116,NA,1,1
"locus077","locus080",0.248456,0.231988,NA,NA,0.837808,NA,0.34875,0
"locus077","locus083",1,NA,NA,NA,0.554176,NA,0.559518,0
"locus077","locus088",0.22502,0.82184,NA,NA,0.700448,NA,0.516154,0
"locus077","locus093",1,Inf,Inf,NA,1,NA,0.221606,0
"locus077","locus096",0.331428,1,NA,NA,1,NA,0.504568,0
"locus077","locus098",1,0.641138,Inf,NA,0.571066,NA,0.31775,0
"locus077","locus100",0.75417,0.669324,NA,NA,0.576596,NA,1,0
"locus077","locus106",1,1,NA,NA,0.574014,NA,0.696192,0
"locus077","locus116",0.35435,0.724064,NA,NA,0.104504,NA,0.36049,0
"locus077","locus119",0.297156,0.305138,NA,NA,1,NA,0.789228,0
"locus077","locus120",0.626038,1,NA,NA,1,NA,0.154272,0
"locus077","locus128",0.668952,0.256714,NA,Inf,0.199082,NA,1,0
"locus077","locus129",0.14389,0.462654,NA,Inf,1,NA,1,0
"locus077","locus130",1,NA,NA,NA,0.097604,NA,1,0
"locus077","locus134",0.71975,0.218352,NA,NA,0.399056,NA,0.153738,0
"locus077","locus135",0.876178,1,NA,Inf,0.258792,NA,0.338174,0
"locus077","locus137",1,0.685958,NA,Inf,0.567312,NA,1,0
"locus077","locus139",1,0.121228,NA,Inf,0.69587,NA,0.56847,0
"locus077","locus140",1,0.121524,NA,Inf,0.698216,NA,0.570074,0
"locus077","locus146",0.700604,0.291956,Inf,Inf,0.118306,NA,0.341704,0
"locus077","locus148",1,0.759286,NA,Inf,1,NA,0.605912,0
"locus077","locus151",0.624938,NA,NA,Inf,0.551732,NA,0.28516,0
"locus077","locus157",0.657934,NA,NA,NA,0.448152,NA,1,0
"locus077","locus161",0.589068,0.040402,NA,Inf,0.133106,NA,1,1
"locus077","locus165",0.286012,0.449334,Inf,NA,0.439226,NA,0.516532,0
"locus077","locus170",1,1,NA,Inf,0.130662,NA,1,0
"locus077","locus176",0.699708,NA,NA,NA,0.06068,NA,0.526784,0
"locus077","locus184",0.70413,0.525536,NA,Inf,1,NA,0.57267,0
"locus077","locus186",1,0.021424,NA,Inf,0.060486,NA,0.339878,1
"locus077","locus188",0.497862,0.66267,Inf,Inf,0.580594,NA,0.598726,0
"locus077","locus189",0.814572,1,NA,NA,0.74111,1,0.72365,0
"locus077","locus190",0.373064,0.481808,NA,NA,0.675066,1,1,0
"locus077","locus191",1,NA,Inf,NA,0.733362,0.572554,0.094418,0
"locus077","locus192",1,0.428312,NA,NA,0.510734,1,1,0
"locus077","locus195",1,0.592404,Inf,NA,0.29683,1,0.14486,0
"locus077","locus202",0.120588,0.239056,NA,NA,0.306914,1,0.309216,0
"locus077","locus215",0.435726,NA,NA,NA,0.879292,1,1,0
"locus077","locus227",0.70827,1,Inf,NA,0.731384,1,0.638698,0
"locus077","locus231",0.158178,0.336858,NA,NA,0.190616,NA,0.221024,0
"locus077","locus235",0.474648,0.660828,NA,NA,0.262398,Inf,1,0
"locus077","locus236",1,0.32383,NA,NA,1,0.429518,1,0
"locus077","locus237",0.45971,0.428998,NA,NA,0.48811,1,0.489876,0
"locus077","locus239",0.67452,0.290438,NA,NA,0.66582,1,0.692864,0
"locus077","locus248",0.044856,0.891028,NA,NA,0.228028,1,0.152866,1
"locus077","locus256",0.07041,0.658172,Inf,NA,0.28243,NA,0.192182,0
"locus077","locus263",0.663612,0.299874,NA,NA,0.662468,NA,1,0
"locus077","locus264",0.19818,0.821304,NA,NA,0.297346,NA,0.074942,0
"locus077","locus274",0.719402,0.547478,NA,NA,0.27294,NA,1,0
"locus077","locus280",0.120672,0.29203,NA,NA,0.315722,NA,0.439866,0
"locus077","locus282",1,0.50611,NA,NA,0.674342,NA,0.517478,0
"locus077","locus286",1,1,NA,NA,0.605148,NA,0.565292,0
"locus077","locus291",0.125162,0.308854,NA,NA,0.656818,NA,1,0
"locus077","locus292",0.585402,0.189852,NA,NA,0.178378,NA,0.28583,0
"locus077","locus296",1,0.494204,NA,NA,0.748486,NA,0.348022,0
"locus077","locus301",1,0.056898,NA,NA,0.259086,NA,0.637464,0
"locus077","locus314",1,0.71089,NA,NA,1,NA,1,0
"locus077","locus321",0.733866,1,NA,NA,0.211524,NA,0.385578,0
"locus077","locus322",0.805312,0.62991,NA,NA,0.660664,NA,1,0
"locus077","locus323",0.341402,0.785164,NA,NA,1,NA,0.365266,0
"locus077","locus329",0.120682,0.083108,NA,NA,0.864578,NA,0.525346,0
"locus077","locus332",0.25341,0.266606,Inf,NA,0.518342,NA,1,0
"locus077","locus358",0.644116,0.888134,NA,NA,0.507768,NA,0.505386,0
"locus077","locus359",1,0.770274,NA,NA,0.59463,NA,1,0
"locus077","locus360",0.348006,0.642382,Inf,NA,0.489038,NA,1,0
"locus080","locus083",0.301818,NA,NA,NA,0.73053,NA,1,0
"locus080","locus088",0.607328,0.556688,NA,NA,0.656744,NA,0.189102,0
"locus080","locus093",0.136532,Inf,Inf,NA,1,NA,1,0
"locus080","locus096",0.661238,1,NA,NA,0.029868,NA,0.533696,1
"locus080","locus098",0.682944,0.443534,Inf,NA,0.39448,NA,0.646458,0
"locus080","locus100",0.336992,0.387686,NA,NA,0.19878,NA,0.385558,0
"locus080","locus106",0.144254,0.078452,NA,NA,0.645912,NA,0.54046,0
"locus080","locus116",0.794186,0.279236,NA,NA,0.127148,NA,0.147778,0
"locus080","locus119",0.078406,0.167524,NA,NA,0.28792,NA,0.839914,0
"locus080","locus120",0.927762,0.30415,NA,NA,0.866592,NA,0.276292,0
"locus080","locus128",0.44716,0.765036,NA,1,0.974216,NA,0.6755,0
"locus080","locus129",0.831672,0.488214,NA,1,0.24983,NA,0.23332,0
"locus080","locus130",0.733942,NA,NA,NA,0.91015,NA,1,0
"locus080","locus134",0.580592,0.815962,NA,NA,0.849206,NA,0.762566,0
"locus080","locus135",0.628964,0.514532,NA,1,0.714858,NA,0.950344,0
"locus080","locus137",0.931654,0.094914,NA,Inf,0.005042,NA,0.372402,1
"locus080","locus139",0.621982,1,NA,1,0.074054,NA,1,0
"locus080","locus140",0.623382,1,NA,1,0.076338,NA,1,0
"locus080","locus146",0.615706,0.538214,Inf,1,0.777176,NA,0.472812,0
"locus080","locus148",0.538072,0.390126,NA,0.39921,0.560382,NA,1,0
"locus080","locus151",0.580712,NA,NA,1,0.875096,NA,0.579958,0
"locus080","locus157",1,NA,NA,NA,0.156708,NA,1,0
"locus080","locus161",0.589766,0.039568,NA,0.401184,0.10937,NA,1,1
"locus080","locus165",0.587576,0.656492,Inf,NA,0.280852,NA,1,0
"locus080","locus170",0.151116,0.248496,NA,0.601778,0.896476,NA,0.520594,0
"locus080","locus176",0.785902,NA,NA,NA,0.448328,NA,0.13105,0
"locus080","locus184",0.948696,0.049312,NA,1,0.00194,NA,0.588008,2
"locus080","locus186",0.231736,0.112142,NA,1,0.93639,NA,1,0
"locus080","locus188",0.149164,0.492186,Inf,0.299004,0.163718,NA,0.517936,0
"locus080","locus189",0.7669,0.795424,NA,NA,0.715818,1,0.918914,0
"locus080","locus190",0.913196,0.588404,NA,NA,0.472542,1,0.46929,0
"locus080","locus191",0.475012,NA,Inf,NA,0.280564,0.571098,0.334038,0
"locus080","locus192",0.493542,0.174844,NA,NA,0.43446,1,0.772938,0
"locus080","locus195",0.097346,0.272944,Inf,NA,0.665878,1,0.087922,0
"locus080","locus202",0.33234,0.51159,NA,NA,0.010352,1,0.9274,1
"locus080","locus215",0.964014,NA,NA,NA,0.555048,1,0.774284,0
"locus080","locus227",0.859896,0.334916,Inf,NA,0.315928,1,1,0
"locus080","locus231",0.940188,0.737272,NA,NA,0.003984,NA,0.859586,1
"locus080","locus235",0.767642,1,NA,NA,0.605112,Inf,0.314386,0
"locus080","locus236",0.5698,0.443792,NA,NA,0.162,0.42888,0.46944,0
"locus080","locus237",1,0.895924,NA,NA,0.398486,1,0.919454,0
"locus080","locus239",0.816394,0.270266,NA,NA,0.099324,1,0.867358,0
"locus080","locus248",0.004888,0.702318,NA,NA,0.312946,1,0.36997,1
"locus080","locus256",0.387146,0.862756,Inf,NA,0.088054,NA,0.40577,0
"locus080","locus263",0.364878,0.27,NA,NA,0.200256,NA,0.40105,0
"locus080","locus264",0.458148,0.667092,NA,NA,0.598872,NA,0.022258,1
"locus080","locus274",0.174826,0.56995,NA,NA,0.003512,NA,1,1
"locus080","locus280",0.070664,0.855518,NA,NA,0.825266,NA,0.296228,0
"locus080","locus282",0.974122,0.644524,NA,NA,0.482866,NA,0.392548,0
"locus080","locus286",0.881102,0.32281,NA,NA,1,NA,0.82275,0
"locus080","locus291",0.267728,0.082784,NA,NA,0.56339,NA,0.92059,0
"locus080","locus292",0.655146,0.474154,NA,NA,0.707742,NA,0.747716,0
"locus080","locus296",0.449604,0.099534,NA,NA,0.393738,NA,0.174788,0
"locus080","locus301",0.478556,1,NA,NA,0.640636,NA,1,0
"locus080","locus314",0.052014,0.888178,Inf,NA,0.80421,NA,0.619548,0
"locus080","locus321",0.302406,0.36685,NA,NA,0.685622,NA,0.190036,0
"locus080","locus322",0.910216,0.951518,NA,NA,0.932178,NA,0.521316,0
"locus080","locus323",0.49425,0.73277,NA,NA,0.338306,NA,0.672298,0
"locus080","locus329",0.224576,0.819142,NA,NA,0.993258,NA,0.590892,0
"locus080","locus332",0.4596,0.83106,Inf,NA,0.493992,NA,1,0
"locus080","locus358",0.89329,0.956408,NA,NA,0.262144,NA,0.533222,0
"locus080","locus359",0.756172,0.471448,NA,NA,0.5587,NA,1,0
"locus080","locus360",0.502766,0.27531,Inf,NA,0.362604,NA,0.736098,0
"locus083","locus088",0.82357,NA,NA,NA,0.640686,NA,0.388666,0
"locus083","locus093",0.115682,NA,NA,NA,1,NA,0.429166,0
"locus083","locus096",0.012442,NA,NA,NA,0.044992,NA,1,2
"locus083","locus098",0.254852,NA,NA,NA,0.702194,NA,0.205246,0
"locus083","locus100",0.597184,NA,NA,NA,0.764292,NA,1,0
"locus083","locus106",0.212702,NA,NA,NA,0.320258,NA,1,0
"locus083","locus116",0.023986,NA,NA,NA,0.009954,NA,0.739364,2
"locus083","locus119",0.654566,NA,NA,NA,0.42373,NA,0.49124,0
"locus083","locus120",0.524612,NA,NA,NA,0.88454,NA,1,0
"locus083","locus128",0.381318,NA,NA,NA,0.776776,NA,1,0
"locus083","locus129",0.548446,NA,NA,NA,0.499888,NA,1,0
"locus083","locus130",1,NA,NA,NA,0.083854,NA,1,0
"locus083","locus134",0.627192,NA,NA,NA,0.081674,NA,1,0
"locus083","locus135",0.078566,NA,NA,NA,0.896608,NA,0.297474,0
"locus083","locus137",0.448556,NA,NA,NA,0.131628,NA,1,0
"locus083","locus139",0.025236,NA,NA,NA,0.688526,NA,0.28834,1
"locus083","locus140",0.025714,NA,NA,NA,0.689408,NA,0.285518,1
"locus083","locus146",0.197596,NA,NA,NA,0.489064,NA,0.755584,0
"locus083","locus148",0.057436,NA,NA,NA,1,NA,0.392528,0
"locus083","locus151",0.13755,NA,NA,NA,0.901956,NA,1,0
"locus083","locus157",0.633642,NA,NA,NA,0.324012,NA,0.54458,0
"locus083","locus161",0.5696,NA,NA,NA,0.426644,NA,1,0
"locus083","locus165",0.268536,NA,NA,NA,0.78619,NA,0.559048,0
"locus083","locus170",0.9114,NA,NA,NA,0.22348,NA,0.419176,0
"locus083","locus176",0.240928,NA,NA,NA,0.376474,NA,1,0
"locus083","locus184",0.458174,NA,NA,NA,0.347554,NA,0.314416,0
"locus083","locus186",0.260978,NA,NA,NA,1,NA,0.56004,0
"locus083","locus188",0.178576,NA,NA,NA,0.498734,NA,1,0
"locus083","locus189",0.891448,NA,NA,NA,0.839156,0.657728,1,0
"locus083","locus190",1,NA,NA,NA,0.581884,1,0.394578,0
"locus083","locus191",0.060502,NA,NA,NA,0.365414,0.426484,0.546638,0
"locus083","locus192",0.607224,NA,NA,NA,0.928504,0.618244,0.388298,0
"locus083","locus195",0.427024,NA,NA,NA,0.46015,1,1,0
"locus083","locus202",0.141166,NA,NA,NA,0.78083,0.256898,0.504158,0
"locus083","locus215",0.710632,NA,NA,NA,0.827274,0.772774,0.590942,0
"locus083","locus227",0.294334,NA,NA,NA,1,0.257826,1,0
"locus083","locus231",1,NA,NA,NA,0.614668,NA,0.079038,0
"locus083","locus235",0.167698,NA,NA,NA,0.426752,Inf,1,0
"locus083","locus236",0.369392,NA,NA,NA,0.516884,0.42826,0.592546,0
"locus083","locus237",0.766002,NA,NA,NA,0.408914,1,1,0
"locus083","locus239",0.936404,NA,NA,NA,0.561188,1,0.589516,0
"locus083","locus248",0.473802,NA,NA,NA,0.861714,1,0.462884,0
"locus083","locus256",0.42464,NA,NA,NA,0.494098,NA,1,0
"locus083","locus263",1,NA,NA,NA,1,NA,1,0
"locus083","locus264",0.536616,NA,NA,NA,0.594318,NA,0.321176,0
"locus083","locus274",0.340488,NA,NA,NA,0.52118,NA,0.592014,0
"locus083","locus280",0.358448,NA,NA,NA,0.680036,NA,0.241668,0
"locus083","locus282",0.220986,NA,NA,NA,0.731218,NA,0.558558,0
"locus083","locus286",0.562178,NA,NA,NA,0.894454,NA,1,0
"locus083","locus291",0.756438,NA,NA,NA,0.68782,NA,1,0
"locus083","locus292",0.154854,NA,NA,NA,0.150044,NA,0.560288,0
"locus083","locus296",0.051062,NA,NA,NA,0.14599,NA,0.242222,0
"locus083","locus301",0.364954,NA,NA,NA,0.024166,NA,0.461558,1
"locus083","locus314",0.343866,NA,NA,NA,0.696804,NA,1,0
"locus083","locus321",0.082654,NA,NA,NA,0.29146,NA,0.49347,0
"locus083","locus322",0.22311,NA,NA,NA,0.269816,NA,1,0
"locus083","locus323",0.37784,NA,NA,NA,0.184386,NA,0.54386,0
"locus083","locus329",0.702426,NA,NA,NA,0.699674,NA,1,0
"locus083","locus332",0.592372,NA,NA,NA,0.551824,NA,1,0
"locus083","locus358",0.792408,NA,NA,NA,0.325506,NA,0.021064,1
"locus083","locus359",0.257564,NA,NA,NA,0.37386,NA,1,0
"locus083","locus360",0.870128,NA,NA,NA,1,NA,1,0
"locus088","locus093",1,Inf,Inf,NA,1,NA,0.445222,0
"locus088","locus096",0.027374,0.14617,NA,NA,0.55745,NA,0.439746,1
"locus088","locus098",0.529868,0.12853,1,NA,0.439882,NA,0.74978,0
"locus088","locus100",0.106898,0.593474,NA,NA,0.187828,NA,0.718712,0
"locus088","locus106",1,1,NA,NA,0.323024,NA,0.032496,1
"locus088","locus116",0.836092,0.903056,NA,NA,0.780226,NA,0.100484,0
"locus088","locus119",0.50944,0.704364,NA,NA,0.442374,NA,0.923322,0
"locus088","locus120",0.467158,0.845476,NA,NA,0.234442,NA,0.382706,0
"locus088","locus128",0.519236,0.181926,NA,1,0.1467,NA,0.182932,0
"locus088","locus129",0.720166,0.91001,NA,0.57157,0.62834,NA,0.720852,0
"locus088","locus130",1,NA,Inf,NA,0.257908,NA,0.616254,0
"locus088","locus134",0.077254,0.358452,NA,NA,1,NA,0.59044,0
"locus088","locus135",0.62873,0.367454,NA,1,0.029604,NA,0.38608,1
"locus088","locus137",0.191548,1,NA,1,0.015506,NA,0.532604,1
"locus088","locus139",1,0.258876,NA,1,0.223844,NA,0.521978,0
"locus088","locus140",1,0.263532,NA,1,0.223648,NA,0.521824,0
"locus088","locus146",0.610202,0.953878,NA,1,0.240026,NA,0.739122,0
"locus088","locus148",0.340266,1,NA,0.52449,0.488504,NA,0.531732,0
"locus088","locus151",0.660484,NA,NA,0.500448,0.210772,NA,0.341314,0
"locus088","locus157",0.916378,NA,NA,NA,0.890806,NA,1,0
"locus088","locus161",0.265394,0.456246,NA,1,0.469828,NA,0.438426,0
"locus088","locus165",0.844168,0.177218,NA,NA,0.102818,NA,0.031232,1
"locus088","locus170",0.47729,0.943478,NA,0.240938,0.620066,NA,0.152662,0
"locus088","locus176",0.757546,NA,NA,NA,0.085274,NA,0.17673,0
"locus088","locus184",0.013814,0.610064,NA,1,0.893734,NA,0.181052,1
"locus088","locus186",0.566854,0.743298,NA,1,1,NA,0.37437,0
"locus088","locus188",0.828396,0.881422,NA,0.60129,0.108354,NA,0.623202,0
"locus088","locus189",0.402926,0.149436,NA,NA,0.683124,1,0.051148,0
"locus088","locus190",0.744202,1,NA,NA,0.193072,1,0.127188,0
"locus088","locus191",0.764736,NA,NA,NA,0.847568,1,0.163286,0
"locus088","locus192",0.027124,0.886272,NA,NA,0.114822,1,0.90537,1
"locus088","locus195",0.65474,0.194096,1,NA,1,1,1,0
"locus088","locus202",0.743228,0.42935,NA,NA,0.517534,0.485884,0.407674,0
"locus088","locus215",0.395772,NA,NA,NA,0.334012,1,0.273434,0
"locus088","locus227",1,0.904546,Inf,NA,0.435156,1,0.464194,0
"locus088","locus231",0.111934,1,NA,NA,0.211188,NA,0.860222,0
"locus088","locus235",0.49684,0.280434,NA,NA,0.411474,Inf,0.18423,0
"locus088","locus236",0.051906,0.018908,NA,NA,0.31612,0.486644,0.09686,1
"locus088","locus237",0.549512,0.950446,NA,NA,0.82102,0.428558,0.348784,0
"locus088","locus239",0.027602,0.10415,NA,NA,0.061936,1,0.361122,1
"locus088","locus248",0.5283,0.243464,NA,NA,0.601464,0.486526,0.522404,0
"locus088","locus256",0.306078,0.97642,NA,NA,0.13051,NA,0.563162,0
"locus088","locus263",0.46295,1,NA,NA,1,NA,1,0
"locus088","locus264",0.348788,0.625542,NA,NA,0.963866,NA,0.69137,0
"locus088","locus274",0.93574,1,NA,NA,0.189584,NA,0.602572,0
"locus088","locus280",0.061492,0.49197,NA,NA,0.03206,NA,0.615326,1
"locus088","locus282",0.46502,0.345864,NA,NA,0.966096,NA,0.383368,0
"locus088","locus286",0.739204,0.447038,NA,NA,0.505588,NA,0.33989,0
"locus088","locus291",0.95765,1,NA,NA,0.658808,NA,1,0
"locus088","locus292",0.764054,0.53198,NA,NA,0.016452,NA,0.44144,1
"locus088","locus296",0.454018,0.851098,NA,NA,0.47271,NA,0.43929,0
"locus088","locus301",0.713812,0.519512,NA,NA,1,NA,0.463144,0
"locus088","locus314",1,0.134544,NA,NA,0.676016,NA,1,0
"locus088","locus321",0.60622,0.338312,NA,NA,0.323914,NA,1,0
"locus088","locus322",0.109788,0.646146,NA,NA,0.175266,NA,0.874726,0
"locus088","locus323",0.408068,0.95598,NA,NA,0.023516,NA,0.58173,1
"locus088","locus329",0.921172,0.493642,NA,NA,0.187876,NA,0.175608,0
"locus088","locus332",0.69113,0.518548,NA,NA,0.664196,NA,0.610196,0
"locus088","locus358",0.92377,0.741382,NA,NA,0.632456,NA,0.625162,0
"locus088","locus359",0.58813,0.041344,NA,NA,0.70905,NA,1,1
"locus088","locus360",0.732388,0.175906,NA,NA,0.433644,NA,0.880076,0
"locus093","locus096",0.22387,Inf,NA,NA,1,NA,1,0
"locus093","locus098",0.573672,Inf,Inf,NA,1,NA,1,0
"locus093","locus100",1,Inf,NA,NA,0.068344,NA,1,0
"locus093","locus106",1,Inf,NA,NA,1,NA,1,0
"locus093","locus116",0.492288,Inf,NA,NA,0.524534,NA,0.33208,0
"locus093","locus119",1,Inf,NA,NA,0.18186,NA,0.448538,0
"locus093","locus120",0.671206,Inf,NA,NA,1,NA,0.222926,0
"locus093","locus128",0.6537,Inf,NA,Inf,1,NA,1,0
"locus093","locus129",1,Inf,NA,Inf,1,NA,1,0
"locus093","locus130",0.055922,NA,NA,NA,0.300232,NA,1,0
"locus093","locus134",0.146388,Inf,NA,NA,1,NA,1,0
"locus093","locus135",0.572204,Inf,NA,Inf,0.461556,NA,0.553506,0
"locus093","locus137",0.094696,Inf,NA,Inf,0.090262,NA,0.333664,0
"locus093","locus139",1,Inf,NA,Inf,0.31711,NA,1,0
"locus093","locus140",1,Inf,NA,Inf,0.320324,NA,1,0
"locus093","locus146",0.652842,Inf,NA,Inf,1,NA,1,0
"locus093","locus148",0.258218,Inf,NA,Inf,0.456466,NA,0.223422,0
"locus093","locus151",0.48996,NA,NA,Inf,0.417224,NA,1,0
"locus093","locus157",1,NA,NA,NA,1,NA,0.111066,0
"locus093","locus161",0.539232,Inf,NA,Inf,0.4644,NA,1,0
"locus093","locus165",0.663454,Inf,NA,NA,1,NA,1,0
"locus093","locus170",0.033766,Inf,NA,Inf,1,NA,1,1
"locus093","locus176",0.651784,NA,Inf,NA,0.18062,NA,0.446886,0
"locus093","locus184",1,Inf,NA,Inf,1,NA,1,0
"locus093","locus186",1,Inf,NA,Inf,1,NA,0.440628,0
"locus093","locus188",0.303284,Inf,NA,Inf,1,NA,0.551708,0
"locus093","locus189",1,Inf,NA,NA,0.13618,NA,1,0
"locus093","locus190",0.540916,Inf,NA,NA,1,NA,0.444712,0
"locus093","locus191",1,NA,NA,NA,1,NA,0.500028,0
"locus093","locus192",1,Inf,NA,NA,0.486284,NA,0.443682,0
"locus093","locus195",0.634828,Inf,Inf,NA,0.45171,NA,1,0
"locus093","locus202",0.153708,Inf,NA,NA,0.570688,NA,0.556746,0
"locus093","locus215",1,NA,NA,NA,0.401308,NA,0.333756,0
"locus093","locus227",0.435366,Inf,Inf,NA,0.360584,NA,1,0
"locus093","locus231",0.55115,Inf,NA,NA,0.436704,NA,0.500668,0
"locus093","locus235",0.509694,Inf,NA,NA,0.45638,NA,1,0
"locus093","locus236",0.587596,Inf,NA,NA,1,NA,1,0
"locus093","locus237",1,Inf,NA,NA,1,NA,0.109802,0
"locus093","locus239",0.186558,Inf,NA,NA,0.181478,NA,1,0
"locus093","locus248",0.538876,Inf,NA,NA,1,NA,0.447456,0
"locus093","locus256",0.641388,Inf,NA,NA,0.478772,NA,1,0
"locus093","locus263",1,Inf,NA,NA,1,NA,Inf,0
"locus093","locus264",0.18406,Inf,NA,NA,1,NA,1,0
"locus093","locus274",0.48809,Inf,NA,NA,0.500382,NA,1,0
"locus093","locus280",0.14131,Inf,NA,NA,1,NA,1,0
"locus093","locus282",0.492172,Inf,NA,NA,1,NA,1,0
"locus093","locus286",1,Inf,NA,NA,1,NA,1,0
"locus093","locus291",0.157236,Inf,NA,NA,0.090232,NA,1,0
"locus093","locus292",0.604162,Inf,NA,NA,0.227396,NA,1,0
"locus093","locus296",0.224738,Inf,NA,NA,0.248848,NA,1,0
"locus093","locus301",0.223052,Inf,NA,NA,1,NA,1,0
"locus093","locus314",1,Inf,NA,NA,1,NA,Inf,0
"locus093","locus321",0.09763,Inf,NA,NA,0.524026,NA,0.221808,0
"locus093","locus322",0.690578,Inf,NA,NA,1,NA,1,0
"locus093","locus323",0.113938,Inf,NA,NA,0.111926,NA,1,0
"locus093","locus329",0.493422,Inf,NA,NA,0.416806,NA,1,0
"locus093","locus332",0.357586,Inf,NA,NA,1,NA,1,0
"locus093","locus358",1,Inf,NA,NA,1,NA,0.33372,0
"locus093","locus359",1,Inf,NA,NA,1,NA,Inf,0
"locus093","locus360",0.633308,Inf,NA,NA,0.252566,NA,1,0
"locus096","locus098",0.611772,0.282992,1,NA,0.754192,NA,0.747124,0
"locus096","locus100",0.863022,0.291116,NA,NA,0.536776,NA,0.813394,0
"locus096","locus106",0.616096,0.236714,NA,NA,0.314336,NA,0.505614,0
"locus096","locus116",0.848824,0.89731,NA,NA,0.710294,NA,1,0
"locus096","locus119",0.601888,1,NA,NA,0.299178,NA,0.493052,0
"locus096","locus120",0.335436,1,NA,NA,0.062588,NA,0.56067,0
"locus096","locus128",0.217976,0.775022,NA,1,0.673942,NA,0.491812,0
"locus096","locus129",0.218488,0.494396,NA,1,0.131786,NA,0.509002,0
"locus096","locus130",1,NA,NA,NA,0.387638,NA,0.580414,0
"locus096","locus134",0.660334,0.60462,NA,NA,0.045244,NA,0.559544,1
"locus096","locus135",0.3406,0.586076,NA,1,1,NA,0.48485,0
"locus096","locus137",0.788858,0.243656,NA,1,0.952248,NA,0.72074,0
"locus096","locus139",1,0.179814,NA,1,0.41625,NA,0.119586,0
"locus096","locus140",1,0.179472,NA,1,0.410652,NA,0.119462,0
"locus096","locus146",0.381654,0.513278,NA,1,0.06853,NA,0.322024,0
"locus096","locus148",0.903118,0.057056,NA,0.430024,0.37767,NA,1,0
"locus096","locus151",0.931198,NA,NA,1,1,NA,0.721764,0
"locus096","locus157",0.790406,NA,NA,NA,0.627656,NA,1,0
"locus096","locus161",0.7897,0.45219,NA,0.142518,0.077392,NA,0.360216,0
"locus096","locus165",0.698202,0.372448,NA,NA,0.497012,NA,0.560738,0
"locus096","locus170",0.102354,0.249234,NA,0.657402,0.249972,NA,0.393606,0
"locus096","locus176",0.368642,NA,Inf,NA,1,NA,1,0
"locus096","locus184",1,0.812774,NA,1,0.297904,NA,1,0
"locus096","locus186",0.613518,0.140374,NA,1,0.06153,NA,0.719154,0
"locus096","locus188",0.741414,1,NA,0.396558,0.40931,NA,0.327434,0
"locus096","locus189",0.220172,0.002278,NA,NA,0.356644,0.572692,0.251898,1
"locus096","locus190",0.259038,0.073986,NA,NA,0.160674,0.523168,0.371806,0
"locus096","locus191",0.472996,NA,NA,NA,0.490582,0.235558,0.451532,0
"locus096","locus192",0.163272,0.041944,NA,NA,0.193284,0.524436,0.130954,1
"locus096","locus195",0.364326,0.264516,0.250996,NA,0.873544,0.143844,0.17907,0
"locus096","locus202",0.620452,0.200226,NA,NA,0.010934,1,0.51465,1
"locus096","locus215",0.042798,NA,NA,NA,0.49375,1,0.340176,1
"locus096","locus227",0.69026,0.095906,Inf,NA,0.105538,1,1,0
"locus096","locus231",0.372382,0.804406,NA,NA,0.415058,NA,0.02415,1
"locus096","locus235",0.695978,0.290946,NA,NA,0.952538,Inf,0.511138,0
"locus096","locus236",0.449642,0.063704,NA,NA,0.259332,1,0.282152,0
"locus096","locus237",0.898036,0.854066,NA,NA,0.481236,0.525034,0.252752,0
"locus096","locus239",0.921704,0.633514,NA,NA,0.013618,0.095266,0.812006,1
"locus096","locus248",0.261402,0.351962,NA,NA,0.724086,1,1,0
"locus096","locus256",0.342102,0.858566,NA,NA,0.631094,NA,0.016384,1
"locus096","locus263",1,0.088722,NA,NA,0.058848,NA,1,0
"locus096","locus264",0.102186,0.636024,NA,NA,0.740758,NA,0.650664,0
"locus096","locus274",0.73973,0.530126,NA,NA,0.586878,NA,0.049864,1
"locus096","locus280",0.762944,1,NA,NA,0.555902,NA,0.074422,0
"locus096","locus282",0.428374,0.378058,NA,NA,0.568782,NA,1,0
"locus096","locus286",0.47493,1,NA,NA,0.63678,NA,0.50539,0
"locus096","locus291",0.96584,0.34606,NA,NA,0.139564,NA,0.49821,0
"locus096","locus292",0.821338,0.01501,NA,NA,0.129426,NA,0.600604,1
"locus096","locus296",0.608074,0.479824,NA,NA,0.69275,NA,1,0
"locus096","locus301",0.728236,0.279484,NA,NA,0.176194,NA,0.560488,0
"locus096","locus314",0.151898,1,NA,NA,0.64939,NA,0.109898,0
"locus096","locus321",0.689496,0.353282,NA,NA,0.213334,NA,0.79015,0
"locus096","locus322",0.868536,0.890008,NA,NA,0.378844,NA,0.533088,0
"locus096","locus323",0.872204,0.349134,NA,NA,0.042838,NA,0.118218,1
"locus096","locus329",0.94761,0.951134,NA,NA,0.274628,NA,0.09112,0
"locus096","locus332",0.288494,0.719892,NA,NA,0.469362,NA,1,0
"locus096","locus358",0.286276,0.769342,NA,NA,0.415994,NA,0.250682,0
"locus096","locus359",0.631168,0.215788,NA,NA,0.733928,NA,1,0
"locus096","locus360",0.558842,1,NA,NA,0.538222,NA,0.277688,0
"locus098","locus100",0.881108,0.558044,NA,NA,0.890116,NA,0.591372,0
"locus098","locus106",0.37076,0.78583,NA,NA,0.034144,NA,0.10815,1
"locus098","locus116",0.708798,0.536182,NA,NA,0.104926,NA,0.64471,0
"locus098","locus119",0.64821,0.28699,NA,NA,0.073802,NA,1,0
"locus098","locus120",0.609102,0.282966,NA,NA,0.138328,NA,0.77361,0
"locus098","locus128",0.314502,0.35153,NA,1,0.636638,NA,1,0
"locus098","locus129",0.751944,0.28435,NA,1,0.146076,NA,0.448836,0
"locus098","locus130",0.786984,NA,NA,NA,0.388924,NA,1,0
"locus098","locus134",0.703492,0.737428,NA,NA,0.193674,NA,0.772362,0
"locus098","locus135",0.139012,0.940184,NA,1,0.291498,NA,1,0
"locus098","locus137",0.07265,0.420666,NA,Inf,0.13017,NA,0.644924,0
"locus098","locus139",0.601816,0.146934,NA,Inf,0.897378,NA,1,0
"locus098","locus140",0.601654,0.150424,NA,Inf,0.897716,NA,1,0
"locus098","locus146",0.59766,0.16685,NA,1,0.899886,NA,0.444618,0
"locus098","locus148",0.266592,0.024028,NA,1,0.33159,NA,0.69697,1
"locus098","locus151",0.780048,NA,NA,1,0.609782,NA,1,0
"locus098","locus157",0.936846,NA,NA,NA,0.953254,NA,0.771316,0
"locus098","locus161",1,0.911378,NA,1,0.099998,NA,1,0
"locus098","locus165",0.273372,0.237682,NA,NA,0.5323,NA,0.190118,0
"locus098","locus170",0.613346,0.689906,NA,1,0.1834,NA,0.497488,0
"locus098","locus176",0.338396,NA,Inf,NA,0.219694,NA,0.291536,0
"locus098","locus184",0.050438,0.617764,NA,0.400844,0.056316,NA,0.866726,0
"locus098","locus186",0.11657,0.5338,NA,0.249644,0.792412,NA,0.44229,0
"locus098","locus188",0.901788,0.72596,NA,1,0.503362,NA,0.849398,0
"locus098","locus189",0.164672,0.278492,NA,NA,0.97058,1,1,0
"locus098","locus190",0.83813,0.732014,NA,NA,0.792536,0.101174,0.243016,0
"locus098","locus191",0.422654,NA,NA,NA,0.0091,1,0.135598,1
"locus098","locus192",0.057156,0.872972,NA,NA,0.978822,0.399872,1,0
"locus098","locus195",0.03723,0.477694,1,NA,0.270844,0.100246,0.133738,1
"locus098","locus202",0.52499,0.286996,NA,NA,0.187986,1,0.689354,0
"locus098","locus215",0.009584,NA,NA,NA,0.81863,1,0.74756,1
"locus098","locus227",0.311022,0.092516,Inf,NA,0.103408,1,0.318864,0
"locus098","locus231",1,0.689182,NA,NA,0.193934,NA,0.905304,0
"locus098","locus235",1,0.037916,NA,NA,1,Inf,1,1
"locus098","locus236",0.949154,0.396286,NA,NA,0.595884,1,0.749232,0
"locus098","locus237",0.409834,0.604074,NA,NA,0.52589,1,0.597318,0
"locus098","locus239",0.163108,0.020954,NA,NA,0.734144,0.599524,0.203776,1
"locus098","locus248",0.880728,1,NA,NA,0.380788,1,0.19113,0
"locus098","locus256",0.200292,0.47206,NA,NA,0.850692,NA,0.508048,0
"locus098","locus263",1,0.865652,NA,NA,1,NA,1,0
"locus098","locus264",0.317634,0.614676,NA,NA,0.207246,NA,0.40146,0
"locus098","locus274",0.44362,0.239626,NA,NA,0.953524,NA,0.79751,0
"locus098","locus280",0.866184,1,NA,NA,0.148058,NA,1,0
"locus098","locus282",0.699906,0.662898,NA,NA,0.324958,NA,0.045702,1
"locus098","locus286",0.547892,0.749132,NA,NA,0.467818,NA,0.045402,1
"locus098","locus291",0.296924,0.216724,NA,NA,0.98039,NA,0.68802,0
"locus098","locus292",0.429638,0.226666,NA,NA,0.942738,NA,0.392298,0
"locus098","locus296",0.95432,0.34985,NA,NA,0.777226,NA,0.419424,0
"locus098","locus301",0.138912,0.829904,NA,NA,0.607944,NA,0.546002,0
"locus098","locus314",0.250726,0.49148,NA,NA,1,NA,0.276426,0
"locus098","locus321",0.636294,0.119878,NA,NA,0.874296,NA,0.213862,0
"locus098","locus322",0.960444,0.160284,NA,NA,0.543754,NA,0.45512,0
"locus098","locus323",0.1484,1,NA,NA,0.5002,NA,0.036004,1
"locus098","locus329",0.90674,0.481758,NA,NA,0.243346,NA,0.442264,0
"locus098","locus332",0.316762,0.45143,NA,NA,0.481132,NA,0.568532,0
"locus098","locus358",1,0.10202,NA,NA,0.099068,NA,1,0
"locus098","locus359",0.514696,1,NA,NA,0.10406,NA,Inf,0
"locus098","locus360",0.306844,0.20135,NA,NA,0.816878,NA,0.154478,0
"locus100","locus106",0.398698,0.591564,NA,NA,0.16103,NA,0.602084,0
"locus100","locus116",0.092856,0.4564,NA,NA,0.7277,NA,0.85227,0
"locus100","locus119",0.784384,0.969668,NA,NA,0.790564,NA,0.376096,0
"locus100","locus120",0.335152,0.669712,NA,NA,0.784162,NA,0.124742,0
"locus100","locus128",0.603906,0.436294,NA,1,1,NA,1,0
"locus100","locus129",0.30513,0.879992,NA,1,0.218296,NA,0.425276,0
"locus100","locus130",0.453128,NA,NA,NA,0.674976,NA,0.370904,0
"locus100","locus134",0.272922,0.002374,NA,NA,0.469402,NA,0.795502,1
"locus100","locus135",0.027186,0.539432,NA,0.521856,1,NA,0.27706,1
"locus100","locus137",0.89802,0.693546,NA,1,0.012636,NA,0.722274,1
"locus100","locus139",1,0.815366,NA,0.524306,0.012448,NA,0.519988,1
"locus100","locus140",1,0.818638,NA,0.523242,0.013282,NA,0.520676,1
"locus100","locus146",0.667954,0.486294,NA,1,0.461784,NA,0.88556,0
"locus100","locus148",0.076474,0.000544,NA,1,0.14058,NA,0.536422,1
"locus100","locus151",0.041168,NA,NA,0.201796,0.373642,NA,0.048366,2
"locus100","locus157",0.525386,NA,NA,NA,0.864528,NA,0.218544,0
"locus100","locus161",0.302678,0.424348,NA,0.52322,0.827308,NA,0.30862,0
"locus100","locus165",0.692798,0.752046,NA,NA,0.707014,NA,0.07536,0
"locus100","locus170",0.544536,0.59847,NA,1,0.662582,NA,0.87817,0
"locus100","locus176",0.431194,NA,Inf,NA,0.231428,NA,1,0
"locus100","locus184",0.121618,0.06674,NA,0.287404,1,NA,0.180628,0
"locus100","locus186",0.416342,0.456058,NA,0.334188,1,NA,0.294298,0
"locus100","locus188",0.756158,0.439122,NA,1,0.42816,NA,0.620634,0
"locus100","locus189",0.776266,0.861494,NA,NA,0.50775,0.572076,1,0
"locus100","locus190",0.58474,0.321262,NA,NA,0.540448,0.524128,0.216046,0
"locus100","locus191",0.871368,NA,NA,NA,0.067916,0.429922,0.522538,0
"locus100","locus192",0.64983,0.773164,NA,NA,0.891948,1,0.369972,0
"locus100","locus195",0.363216,0.166044,1,NA,0.070548,1,0.59477,0
"locus100","locus202",0.113882,0.687794,NA,NA,0.955964,1,0.761246,0
"locus100","locus215",0.646778,NA,NA,NA,0.164384,0.335406,1,0
"locus100","locus227",0.772998,0.113116,Inf,NA,0.948746,1,1,0
"locus100","locus231",0.078716,0.555912,NA,NA,0.285388,NA,0.886582,0
"locus100","locus235",0.030348,0.037944,NA,NA,0.223926,Inf,0.775212,2
"locus100","locus236",0.52585,0.099568,NA,NA,0.664118,0.427786,0.008046,1
"locus100","locus237",0.94265,0.007492,NA,NA,0.342004,0.047362,0.696376,2
"locus100","locus239",0.950908,0.382952,NA,NA,0.885346,1,0.915716,0
"locus100","locus248",0.898582,0.830478,NA,NA,0.288148,1,0.862904,0
"locus100","locus256",0.586458,0.594706,NA,NA,0.218754,NA,0.034508,1
"locus100","locus263",0.09241,1,NA,NA,0.537624,NA,1,0
"locus100","locus264",0.583322,0.798616,NA,NA,0.238902,NA,0.84005,0
"locus100","locus274",0.03265,0.87154,NA,NA,0.462018,NA,0.604148,1
"locus100","locus280",0.420252,1,NA,NA,0.9483,NA,1,0
"locus100","locus282",0.363528,0.654492,NA,NA,0.035912,NA,1,1
"locus100","locus286",0.608902,0.65224,NA,NA,0.365032,NA,0.010458,1
"locus100","locus291",0.334002,0.717226,NA,NA,0.325868,NA,1,0
"locus100","locus292",0.1348,0.94566,NA,NA,0.474776,NA,0.440496,0
"locus100","locus296",0.254776,0.225822,NA,NA,0.19519,NA,0.438448,0
"locus100","locus301",0.834694,0.343104,NA,NA,0.187872,NA,1,0
"locus100","locus314",0.823158,0.893456,NA,NA,1,NA,0.164504,0
"locus100","locus321",0.190516,0.075366,NA,NA,0.648008,NA,1,0
"locus100","locus322",0.683312,1,NA,NA,0.860562,NA,0.306762,0
"locus100","locus323",0.030902,0.825484,NA,NA,0.044418,NA,0.362964,2
"locus100","locus329",0.064436,0.906734,NA,NA,0.289076,NA,0.111784,0
"locus100","locus332",0.827684,0.735584,NA,NA,0.2389,NA,1,0
"locus100","locus358",0.703538,0.046636,NA,NA,0.52651,NA,0.322826,1
"locus100","locus359",0.7372,0.42131,NA,NA,0.899166,NA,1,0
"locus100","locus360",0.881646,0.714034,NA,NA,0.0188,NA,0.560058,1
"locus106","locus116",0.46002,0.305636,NA,NA,1,NA,1,0
"locus106","locus119",0.772336,0.870088,NA,NA,0.78889,NA,0.065706,0
"locus106","locus120",0.52844,0.235664,NA,NA,0.045122,NA,1,1
"locus106","locus128",0.332446,0.783304,NA,0.251298,0.516278,NA,0.49118,0
"locus106","locus129",0.158936,0.230146,NA,1,0.0644,NA,0.736902,0
"locus106","locus130",0.03765,NA,NA,NA,0.842854,NA,0.487676,1
"locus106","locus134",0.437406,0.235788,NA,NA,0.600924,NA,1,0
"locus106","locus135",0.522898,0.383652,NA,1,0.327874,NA,0.74886,0
"locus106","locus137",0.703262,0.755694,NA,0.401392,0.247688,NA,0.739574,0
"locus106","locus139",0.692306,1,NA,0.40055,0.776222,NA,0.193496,0
"locus106","locus140",0.691168,1,NA,0.400028,0.778022,NA,0.19315,0
"locus106","locus146",0.477214,0.613966,NA,1,0.2765,NA,0.738346,0
"locus106","locus148",0.570684,0.124276,NA,1,0.755652,NA,0.737902,0
"locus106","locus151",0.401372,NA,NA,0.200578,0.065672,NA,0.051992,0
"locus106","locus157",0.53858,NA,NA,NA,0.913436,NA,1,0
"locus106","locus161",1,1,NA,1,0.615992,NA,0.767944,0
"locus106","locus165",0.595514,0.435296,NA,NA,0.724516,NA,0.34174,0
"locus106","locus170",0.296634,1,NA,0.198748,0.194608,NA,0.21149,0
"locus106","locus176",0.697868,NA,Inf,NA,0.331582,NA,0.437354,0
"locus106","locus184",0.198978,0.387448,NA,1,0.758042,NA,0.336394,0
"locus106","locus186",0.467058,0.365578,NA,1,0.553322,NA,0.162352,0
"locus106","locus188",0.712642,0.073704,NA,1,0.904066,NA,0.389192,0
"locus106","locus189",0.89242,0.14397,NA,NA,0.739648,0.571198,1,0
"locus106","locus190",0.352214,0.793274,NA,NA,0.894154,1,0.67135,0
"locus106","locus191",0.064502,NA,NA,NA,0.649968,0.237852,0.144424,0
"locus106","locus192",1,0.363564,NA,NA,0.66024,0.52282,1,0
"locus106","locus195",0.765768,0.901888,1,NA,0.221676,1,1,0
"locus106","locus202",0.396886,0.879624,NA,NA,0.013668,0.428822,0.390516,1
"locus106","locus215",0.188148,NA,NA,NA,0.450858,1,0.055838,0
"locus106","locus227",0.836472,0.694448,Inf,NA,0.777068,1,0.396662,0
"locus106","locus231",0.132842,1,NA,NA,0.47314,NA,1,0
"locus106","locus235",0.322062,0.873686,NA,NA,0.738804,Inf,0.845488,0
"locus106","locus236",0.79873,1,NA,NA,0.07468,1,1,0
"locus106","locus237",0.88994,0.672558,NA,NA,0.382304,0.52416,0.692392,0
"locus106","locus239",0.415404,0.200066,NA,NA,0.840696,1,0.409312,0
"locus106","locus248",0.24042,0.402136,NA,NA,0.478414,0.427552,0.33701,0
"locus106","locus256",0.38177,0.386338,NA,NA,0.113882,NA,0.419244,0
"locus106","locus263",0.057926,0.653766,NA,NA,0.77007,NA,1,0
"locus106","locus264",0.884558,0.558928,NA,NA,0.987448,NA,0.132742,0
"locus106","locus274",0.37511,0.461464,NA,NA,0.203196,NA,0.597936,0
"locus106","locus280",0.783936,0.41075,NA,NA,0.523456,NA,1,0
"locus106","locus282",0.878842,0.309286,NA,NA,0.904068,NA,0.230472,0
"locus106","locus286",0.091666,0.636246,NA,NA,0.556608,NA,0.245514,0
"locus106","locus291",0.688644,0.760284,NA,NA,0.858026,NA,1,0
"locus106","locus292",0.467624,0.678188,NA,NA,0.199068,NA,1,0
"locus106","locus296",0.782922,0.493176,NA,NA,0.339412,NA,0.540032,0
"locus106","locus301",1,0.89818,NA,NA,0.819024,NA,0.231804,0
"locus106","locus314",0.737404,0.456738,NA,NA,0.68378,NA,1,0
"locus106","locus321",0.878424,0.612678,NA,NA,0.21356,NA,0.753542,0
"locus106","locus322",0.209934,0.162114,NA,NA,0.278078,NA,0.770964,0
"locus106","locus323",0.3126,0.899882,NA,NA,0.434438,NA,0.352382,0
"locus106","locus329",0.326526,0.210802,NA,NA,0.77454,NA,0.341696,0
"locus106","locus332",1,0.139046,NA,NA,0.39549,NA,0.473046,0
"locus106","locus358",0.446042,0.30283,NA,NA,0.016622,NA,0.509538,1
"locus106","locus359",0.699528,1,NA,NA,0.094694,NA,Inf,0
"locus106","locus360",0.268144,1,NA,NA,0.00299,NA,0.132918,1
"locus116","locus119",0.00202,0.542808,NA,NA,0.873086,NA,0.667702,1
"locus116","locus120",0.59748,0.685664,NA,NA,0.922494,NA,0.55302,0
"locus116","locus128",0.383084,0.574318,NA,1,0.663048,NA,0.072894,0
"locus116","locus129",0.35478,0.275166,NA,1,0.336602,NA,0.060482,0
"locus116","locus130",0.425356,NA,NA,NA,0.016846,NA,1,1
"locus116","locus134",0.212088,0.052454,NA,NA,0.407162,NA,0.775418,0
"locus116","locus135",0.86006,0.544998,NA,1,0.32918,NA,0.976816,0
"locus116","locus137",0.841494,0.2871,NA,Inf,0.033328,NA,0.308512,1
"locus116","locus139",0.74137,1,NA,Inf,0.748648,NA,1,0
"locus116","locus140",0.74011,1,NA,Inf,0.746566,NA,1,0
"locus116","locus146",0.796014,0.184638,NA,1,0.703866,NA,0.395576,0
"locus116","locus148",0.224614,0.63616,NA,0.399772,0.417478,NA,0.863906,0
"locus116","locus151",0.465378,NA,NA,0.600414,0.659738,NA,1,0
"locus116","locus157",0.111516,NA,NA,NA,0.188766,NA,0.06434,0
"locus116","locus161",0.92369,0.136914,NA,1,0.462736,NA,0.69758,0
"locus116","locus165",0.867472,0.016592,NA,NA,0.199756,NA,1,1
"locus116","locus170",0.715728,0.23576,NA,1,0.064648,NA,1,0
"locus116","locus176",0.431452,NA,NA,NA,0.907724,NA,0.069248,0
"locus116","locus184",0.837168,0.472984,NA,1,0.720126,NA,0.51637,0
"locus116","locus186",0.798076,0.606902,NA,1,0.829634,NA,0.86525,0
"locus116","locus188",0.377594,0.572996,NA,0.49878,0.526474,NA,0.891206,0
"locus116","locus189",0.852862,0.016954,NA,NA,0.054,1,0.59879,1
"locus116","locus190",0.77585,0.858488,NA,NA,0.113486,0.426976,0.301516,0
"locus116","locus191",0.085312,NA,NA,NA,0.232672,0.314628,0.733796,0
"locus116","locus192",0.506786,0.849528,NA,NA,0.762574,0.428916,1,0
"locus116","locus195",0.364704,0.458038,1,NA,0.498024,0.486332,0.310348,0
"locus116","locus202",0.881504,0.42503,NA,NA,0.190096,0.14232,0.49363,0
"locus116","locus215",0.373944,NA,NA,NA,0.413346,1,0.58858,0
"locus116","locus227",0.185514,0.5668,Inf,NA,0.565976,1,0.650216,0
"locus116","locus231",0.78357,0.260958,Inf,NA,0.81502,NA,1,0
"locus116","locus235",0.900282,0.341016,NA,NA,0.807492,Inf,0.804794,0
"locus116","locus236",0.19033,0.905538,NA,NA,0.383924,0.485508,1,0
"locus116","locus237",0.683814,0.231802,NA,NA,0.812038,1,0.632746,0
"locus116","locus239",0.919986,0.857894,NA,NA,0.340392,1,0.854624,0
"locus116","locus248",0.67572,0.749118,NA,NA,0.491266,1,1,0
"locus116","locus256",0.869378,0.676136,NA,NA,0.771408,NA,0.565554,0
"locus116","locus263",0.04393,1,NA,NA,0.86176,NA,0.14334,1
"locus116","locus264",0.677272,0.88613,NA,NA,0.047914,NA,0.872046,1
"locus116","locus274",0.524054,0.369702,NA,NA,0.024346,NA,0.875046,1
"locus116","locus280",0.494158,0.697414,NA,NA,0.223334,NA,1,0
"locus116","locus282",0.915296,0.126432,NA,NA,0.512734,NA,0.288002,0
"locus116","locus286",0.027048,0.69545,NA,NA,0.792908,NA,0.513678,1
"locus116","locus291",0.62912,0.222546,NA,NA,0.79917,NA,0.139728,0
"locus116","locus292",0.724914,0.65582,NA,NA,0.246024,NA,0.290066,0
"locus116","locus296",1,0.439568,NA,NA,0.718286,NA,0.781102,0
"locus116","locus301",0.915376,0.731922,NA,NA,0.435668,NA,1,0
"locus116","locus314",0.295574,0.365592,NA,NA,1,NA,0.662064,0
"locus116","locus321",0.37117,0.58545,NA,NA,0.032058,NA,0.309998,1
"locus116","locus322",0.075954,0.92731,NA,NA,0.519874,NA,0.172496,0
"locus116","locus323",0.105802,0.440078,NA,NA,0.90721,NA,0.764374,0
"locus116","locus329",0.837904,0.622598,NA,NA,0.526916,NA,0.069774,0
"locus116","locus332",0.449028,0.231776,NA,NA,0.603414,NA,0.05843,0
"locus116","locus358",0.029198,0.840208,NA,NA,0.036554,NA,0.775482,2
"locus116","locus359",0.63181,1,NA,NA,0.459286,NA,Inf,0
"locus116","locus360",0.108516,0.453516,NA,NA,0.13486,NA,0.378878,0
"locus119","locus120",0.9217,0.660312,NA,NA,0.679954,NA,1,0
"locus119","locus128",0.97227,0.799928,NA,1,0.74274,NA,0.10939,0
"locus119","locus129",0.761238,0.14528,NA,1,0.683798,NA,0.18491,0
"locus119","locus130",0.565892,NA,NA,NA,0.15112,NA,0.790142,0
"locus119","locus134",0.370644,0.973612,NA,NA,0.03753,NA,0.360942,1
"locus119","locus135",0.659222,0.91204,NA,1,0.09888,NA,0.98613,0
"locus119","locus137",1,0.725222,NA,1,0.079512,NA,0.417412,0
"locus119","locus139",0.230078,0.4823,NA,1,0.31319,NA,0.516048,0
"locus119","locus140",0.232604,0.484724,NA,1,0.310828,NA,0.517388,0
"locus119","locus146",0.721774,0.613318,NA,1,0.20085,NA,0.106154,0
"locus119","locus148",0.106394,0.580848,NA,0.569976,0.765796,NA,0.014092,1
"locus119","locus151",0.352456,NA,NA,0.79994,0.120198,NA,0.183548,0
"locus119","locus157",0.326336,NA,NA,NA,0.04976,NA,1,1
"locus119","locus161",0.913362,1,NA,0.573386,0.495594,NA,0.367782,0
"locus119","locus165",0.476006,0.258914,NA,NA,0.813582,NA,1,0
"locus119","locus170",0.338002,0.262848,NA,0.486028,0.018336,NA,0.051386,1
"locus119","locus176",0.117656,NA,NA,NA,0.68927,NA,0.265582,0
"locus119","locus184",0.344004,0.82721,NA,1,0.972158,NA,0.617224,0
"locus119","locus186",0.73278,0.832662,NA,1,0.099716,NA,1,0
"locus119","locus188",0.505622,0.840388,NA,0.197638,0.757704,NA,0.047034,1
"locus119","locus189",0.108464,0.726538,NA,NA,0.333024,0.486462,0.285444,0
"locus119","locus190",0.69526,0.588806,NA,NA,0.660254,1,0.788372,0
"locus119","locus191",0.358632,NA,NA,NA,0.0935,0.48491,0.854842,0
"locus119","locus192",0.623668,0.082732,NA,NA,0.432546,0.572086,1,0
"locus119","locus195",0.890398,0.360344,1,NA,0.973828,1,0.872072,0
"locus119","locus202",0.737272,0.439352,NA,NA,0.59993,0.228724,0.17279,0
"locus119","locus215",0.174724,NA,NA,NA,0.632096,1,0.493672,0
"locus119","locus227",0.575078,0.397886,Inf,NA,0.103514,1,1,0
"locus119","locus231",0.695428,0.896544,Inf,NA,0.519302,NA,0.015182,1
"locus119","locus235",0.874624,0.562222,NA,NA,0.894448,Inf,0.854082,0
"locus119","locus236",0.559632,0.107148,NA,NA,0.73116,1,0.80434,0
"locus119","locus237",0.699888,0.639758,NA,NA,0.168432,0.570856,0.329628,0
"locus119","locus239",0.321462,0.938228,NA,NA,0.085354,0.48499,0.52715,0
"locus119","locus248",0.393564,0.236538,NA,NA,0.988788,0.227744,1,0
"locus119","locus256",0.002726,0.904174,NA,NA,0.75917,NA,0.195042,1
"locus119","locus263",0.817806,0.23534,NA,NA,1,NA,1,0
"locus119","locus264",0.90746,0.718472,NA,NA,0.961916,NA,0.401576,0
"locus119","locus274",0.589784,0.071352,NA,NA,0.700754,NA,1,0
"locus119","locus280",0.861636,0.849404,NA,NA,0.51403,NA,0.48784,0
"locus119","locus282",0.668208,0.371192,NA,NA,0.841376,NA,0.64861,0
"locus119","locus286",0.709868,0.859086,NA,NA,0.048484,NA,0.787788,1
"locus119","locus291",0.318974,0.935718,NA,NA,0.002954,NA,0.420296,1
"locus119","locus292",0.838274,0.725932,NA,NA,0.020612,NA,1,1
"locus119","locus296",0.888426,0.874066,NA,NA,0.188472,NA,0.437866,0
"locus119","locus301",0.587238,0.360998,NA,NA,0.42155,NA,0.230102,0
"locus119","locus314",0.31191,0.121278,NA,NA,0.682616,NA,0.729076,0
"locus119","locus321",0.411532,0.80678,NA,NA,0.665646,NA,0.689554,0
"locus119","locus322",0.138346,0.971286,NA,NA,0.743356,NA,0.67256,0
"locus119","locus323",0.08742,0.381688,NA,NA,0.750134,NA,1,0
"locus119","locus329",0.760086,0.84215,NA,NA,0.28421,NA,0.798924,0
"locus119","locus332",0.98764,0.102132,NA,NA,0.315578,NA,0.203472,0
"locus119","locus358",0.535426,0.319546,NA,NA,0.141442,NA,0.08581,0
"locus119","locus359",0.482068,0.221112,NA,NA,0.254424,NA,0.46608,0
"locus119","locus360",0.025572,0.918384,NA,NA,0.39815,NA,0.638822,1
"locus120","locus128",0.53072,0.868752,NA,1,0.341402,NA,1,0
"locus120","locus129",0.280968,0.80521,NA,1,0.114882,NA,0.693984,0
"locus120","locus130",1,NA,NA,NA,0.34306,NA,0.581164,0
"locus120","locus134",0.879826,0.35894,Inf,NA,0.282786,NA,1,0
"locus120","locus135",0.38523,0.673974,NA,0.61747,0.447258,NA,1,0
"locus120","locus137",0.87559,0.426654,NA,0.429724,0.918428,NA,1,0
"locus120","locus139",0.03781,0.797962,NA,1,0.5588,NA,1,1
"locus120","locus140",0.038264,0.800216,NA,1,0.560514,NA,1,1
"locus120","locus146",0.854412,1,NA,1,0.202858,NA,1,0
"locus120","locus148",0.384154,0.87092,NA,0.048172,0.85719,NA,0.693842,1
"locus120","locus151",0.126108,NA,1,0.80156,0.312998,NA,0.720636,0
"locus120","locus157",0.050884,NA,NA,NA,0.04065,NA,0.495606,1
"locus120","locus161",0.690504,0.882118,NA,0.620918,0.391264,NA,0.677426,0
"locus120","locus165",0.304608,0.25459,NA,NA,0.603836,NA,1,0
"locus120","locus170",0.37238,0.410044,NA,1,0.820966,NA,0.694926,0
"locus120","locus176",0.792892,NA,NA,NA,0.50432,NA,0.303922,0
"locus120","locus184",0.208764,0.163858,NA,0.141434,0.424048,NA,0.53884,0
"locus120","locus186",1,0.139896,NA,0.166908,0.478924,NA,0.033606,1
"locus120","locus188",0.211408,0.682618,NA,1,0.353942,NA,0.618936,0
"locus120","locus189",0.368332,0.443834,NA,NA,0.330222,1,1,0
"locus120","locus190",0.71213,0.161264,NA,NA,1,1,1,0
"locus120","locus191",0.330684,NA,NA,NA,0.60084,1,0.177706,0
"locus120","locus192",0.2123,0.17083,NA,NA,0.18694,1,0.661152,0
"locus120","locus195",0.479046,0.496918,1,NA,0.536164,1,0.366928,0
"locus120","locus202",0.435018,0.869022,NA,NA,0.184466,1,1,0
"locus120","locus215",0.278266,NA,NA,NA,0.680692,0.255814,0.232782,0
"locus120","locus227",0.714248,0.585832,Inf,NA,0.900442,0.142378,0.559748,0
"locus120","locus231",0.952934,0.465602,NA,NA,0.186184,NA,0.22376,0
"locus120","locus235",0.246932,0.006506,NA,NA,0.744944,Inf,0.463714,1
"locus120","locus236",0.018346,0.831554,NA,NA,0.841698,0.028514,0.569188,2
"locus120","locus237",0.249888,0.87343,NA,NA,0.700258,0.42796,0.671546,0
"locus120","locus239",0.430622,0.733362,NA,NA,0.501534,1,1,0
"locus120","locus248",0.604258,0.795718,NA,NA,0.719996,1,1,0
"locus120","locus256",0.466542,0.670982,NA,NA,0.583692,NA,0.193442,0
"locus120","locus263",0.094016,0.664582,NA,NA,0.602336,NA,1,0
"locus120","locus264",0.749712,0.309006,NA,NA,0.924396,NA,0.224232,0
"locus120","locus274",0.339036,0.40029,NA,NA,0.625074,NA,0.692022,0
"locus120","locus280",0.542218,0.637802,NA,NA,0.796738,NA,0.129008,0
"locus120","locus282",0.717272,0.402768,NA,NA,0.779446,NA,1,0
"locus120","locus286",1,0.409774,NA,NA,1,NA,0.515396,0
"locus120","locus291",0.591638,0.134766,NA,NA,0.648166,NA,0.451578,0
"locus120","locus292",0.054836,0.528842,NA,NA,0.108516,NA,0.23007,0
"locus120","locus296",0.084694,0.31104,NA,NA,0.80256,NA,0.27522,0
"locus120","locus301",0.520712,0.319532,NA,NA,1,NA,0.56027,0
"locus120","locus314",0.591844,0.26264,NA,NA,1,NA,1,0
"locus120","locus321",0.606948,0.960568,NA,NA,1,NA,1,0
"locus120","locus322",0.190186,0.520524,NA,NA,0.132494,NA,1,0
"locus120","locus323",0.29394,0.7963,NA,NA,0.328304,NA,0.550494,0
"locus120","locus329",0.523686,0.289618,NA,NA,0.690958,NA,0.182058,0
"locus120","locus332",0.040786,0.967398,NA,NA,0.173688,NA,0.56937,1
"locus120","locus358",0.283642,0.867276,NA,NA,0.019508,NA,1,1
"locus120","locus359",0.230406,1,NA,NA,0.75085,NA,1,0
"locus120","locus360",0.039998,0.407558,Inf,NA,0.68614,NA,1,1
"locus128","locus129",0.293302,0.956818,NA,1,0.78061,NA,0.620418,0
"locus128","locus130",0.28379,NA,NA,NA,0.195952,NA,1,0
"locus128","locus134",0.954486,0.328174,NA,NA,0.681872,NA,1,0
"locus128","locus135",0.406388,0.581278,NA,1,0.736644,NA,0.745908,0
"locus128","locus137",0.517378,0.220416,NA,Inf,0.409306,NA,1,0
"locus128","locus139",1,0.455078,NA,Inf,1,NA,1,0
"locus128","locus140",1,0.457468,NA,Inf,1,NA,1,0
"locus128","locus146",0.774236,0.011526,NA,1,0.91043,NA,0.617792,1
"locus128","locus148",0.699868,0.57558,NA,1,0.02325,NA,1,1
"locus128","locus151",0.160368,NA,0.331908,0.499642,0.452088,NA,1,0
"locus128","locus157",0.322526,NA,NA,NA,0.27567,NA,1,0
"locus128","locus161",0.882964,0.89658,NA,1,0.591646,NA,0.1808,0
"locus128","locus165",0.62155,0.735728,NA,NA,0.174768,NA,1,0
"locus128","locus170",0.191972,0.199326,NA,0.49589,0.142514,NA,1,0
"locus128","locus176",0.02804,NA,NA,NA,0.015764,NA,1,2
"locus128","locus184",0.496724,0.017258,NA,1,0.879036,NA,1,1
"locus128","locus186",0.914864,0.448712,NA,1,0.44227,NA,0.62072,0
"locus128","locus188",0.842068,0.090058,NA,1,0.302652,NA,0.182622,0
"locus128","locus189",0.293204,0.705638,NA,NA,0.914656,NA,0.310112,0
"locus128","locus190",0.114494,0.26742,NA,NA,0.624736,NA,0.453088,0
"locus128","locus191",0.329348,NA,NA,NA,0.891374,NA,1,0
"locus128","locus192",0.362396,0.971836,NA,NA,0.210418,NA,0.546802,0
"locus128","locus195",0.73079,0.829748,Inf,NA,0.636664,NA,1,0
"locus128","locus202",0.71924,0.38358,NA,NA,0.938548,NA,0.27284,0
"locus128","locus215",1,NA,NA,NA,0.688398,NA,1,0
"locus128","locus227",0.6038,0.73309,Inf,NA,0.42301,NA,1,0
"locus128","locus231",0.46768,0.263274,NA,NA,0.535204,NA,1,0
"locus128","locus235",0.829256,0.3525,NA,NA,0.904326,NA,0.073366,0
"locus128","locus236",0.450356,0.0729,NA,NA,1,NA,1,0
"locus128","locus237",0.309298,0.368964,NA,NA,0.615024,NA,1,0
"locus128","locus239",0.55153,0.313562,NA,NA,0.872868,NA,1,0
"locus128","locus248",0.759538,0.2246,NA,NA,0.476484,NA,1,0
"locus128","locus256",0.844282,0.889804,NA,NA,0.109484,NA,0.310014,0
"locus128","locus263",0.562426,0.548142,NA,NA,1,NA,1,0
"locus128","locus264",0.592766,0.121052,NA,NA,0.906438,NA,1,0
"locus128","locus274",0.426942,0.381396,NA,NA,0.800592,NA,1,0
"locus128","locus280",0.23511,0.016006,NA,NA,0.178882,NA,1,1
"locus128","locus282",0.576932,0.856176,NA,NA,0.359472,NA,0.564452,0
"locus128","locus286",0.350154,0.36297,NA,NA,0.814656,NA,0.563516,0
"locus128","locus291",0.615516,0.474844,NA,NA,0.535786,NA,0.709592,0
"locus128","locus292",0.290786,0.577478,NA,NA,0.814806,NA,0.56358,0
"locus128","locus296",0.334608,0.248808,NA,NA,0.031232,NA,0.236944,1
"locus128","locus301",0.547148,0.969348,Inf,NA,0.214664,NA,1,0
"locus128","locus314",0.52628,0.497944,NA,NA,0.602766,NA,1,0
"locus128","locus321",0.172972,0.540166,NA,NA,0.627938,NA,0.27366,0
"locus128","locus322",0.077734,0.691676,NA,NA,0.83833,NA,0.543662,0
"locus128","locus323",0.001566,0.369892,NA,NA,0.242808,NA,0.309086,1
"locus128","locus329",0.720552,0.548436,NA,NA,0.374542,NA,0.235068,0
"locus128","locus332",0.14504,0.576708,NA,NA,0.119096,NA,0.182942,0
"locus128","locus358",0.112828,0.816192,NA,NA,0.390504,NA,0.564318,0
"locus128","locus359",0.113202,0.40492,NA,NA,0.551538,NA,Inf,0
"locus128","locus360",0.650748,0.344004,NA,NA,0.218648,NA,1,0
"locus129","locus130",0.186404,NA,NA,NA,0.81917,NA,0.124124,0
"locus129","locus134",0.139436,0.754582,NA,NA,0.296264,NA,1,0
"locus129","locus135",0.35283,0.275538,NA,1,0.26443,NA,1,0
"locus129","locus137",0.338134,0.901516,NA,1,0.769376,NA,0.728126,0
"locus129","locus139",0.019828,0.563388,NA,0.570188,0.625764,NA,0.413852,1
"locus129","locus140",0.017558,0.56729,NA,0.574566,0.620322,NA,0.410146,1
"locus129","locus146",0.3814,0.961672,NA,0.098598,0.334968,NA,0.058826,0
"locus129","locus148",0.474766,0.10812,NA,1,0.570784,NA,0.248338,0
"locus129","locus151",0.38596,NA,0.332942,0.401582,0.776062,NA,0.830462,0
"locus129","locus157",0.09798,NA,NA,NA,0.250566,NA,0.439234,0
"locus129","locus161",0.59074,0.315714,NA,1,0.369088,NA,0.749706,0
"locus129","locus165",0.601746,0.061036,NA,NA,0.139306,NA,0.072396,0
"locus129","locus170",0.146674,0.166652,NA,0.484034,0.767278,NA,1,0
"locus129","locus176",0.327052,NA,NA,NA,0.91213,NA,0.699028,0
"locus129","locus184",0.734982,0.648426,NA,1,0.062082,NA,1,0
"locus129","locus186",0.712754,0.817592,NA,1,0.82574,NA,1,0
"locus129","locus188",0.08094,0.197662,NA,1,0.50667,NA,0.624108,0
"locus129","locus189",0.087062,0.45498,NA,NA,0.956968,1,0.300504,0
"locus129","locus190",0.858314,0.443264,NA,NA,0.876318,1,0.307616,0
"locus129","locus191",0.343042,NA,NA,NA,0.234118,1,0.711992,0
"locus129","locus192",0.18908,0.82859,NA,NA,0.04274,1,0.81281,1
"locus129","locus195",0.3351,0.101928,0.501884,NA,0.425328,0.428834,0.004458,1
"locus129","locus202",0.01685,0.490592,NA,NA,0.11787,1,0.56745,1
"locus129","locus215",0.919638,NA,Inf,NA,0.323516,0.427088,1,0
"locus129","locus227",0.314644,0.227472,Inf,NA,0.260354,1,0.604222,0
"locus129","locus231",0.264962,0.049132,NA,NA,0.539742,NA,0.857516,1
"locus129","locus235",0.095756,0.16913,NA,NA,0.611402,Inf,0.262642,0
"locus129","locus236",0.051748,0.932412,NA,NA,0.894118,0.428008,0.412886,0
"locus129","locus237",0.923936,0.659032,NA,NA,0.428256,1,0.709348,0
"locus129","locus239",0.142982,0.567244,NA,NA,0.78491,0.570508,0.293052,0
"locus129","locus248",0.829114,0.246552,NA,NA,0.813698,1,0.824308,0
"locus129","locus256",0.530602,0.796564,NA,NA,0.177514,NA,0.873726,0
"locus129","locus263",0.332084,0.350896,NA,NA,0.280498,NA,1,0
"locus129","locus264",0.15137,0.127444,NA,NA,0.083914,NA,0.920882,0
"locus129","locus274",0.085394,0.21952,NA,NA,0.570054,NA,0.858722,0
"locus129","locus280",0.70392,0.855508,NA,NA,0.656216,NA,0.667342,0
"locus129","locus282",0.387596,0.050586,NA,NA,0.075254,NA,0.298382,0
"locus129","locus286",0.226474,0.465746,NA,NA,0.87645,NA,0.123236,0
"locus129","locus291",0.67193,0.881838,NA,NA,0.03644,NA,0.024814,2
"locus129","locus292",0.634444,0.43506,NA,NA,0.266214,NA,1,0
"locus129","locus296",0.157198,0.405342,NA,NA,0.77211,NA,0.597884,0
"locus129","locus301",0.47476,0.465686,NA,NA,0.455428,NA,1,0
"locus129","locus314",0.508856,0.04102,NA,NA,0.073432,NA,0.183138,1
"locus129","locus321",0.695114,0.564586,NA,NA,0.67738,NA,0.121084,0
"locus129","locus322",0.971434,0.658398,NA,NA,0.028878,NA,0.13607,1
"locus129","locus323",0.667428,0.08337,NA,NA,0.974816,NA,0.393824,0
"locus129","locus329",0.071536,0.83942,NA,NA,0.802098,NA,0.697898,0
"locus129","locus332",0.834602,0.026926,NA,NA,0.239584,NA,0.054246,1
"locus129","locus358",0.057782,0.179038,NA,NA,0.15344,NA,0.508592,0
"locus129","locus359",0.87799,0.398388,NA,NA,0.751862,NA,0.40022,0
"locus129","locus360",0.061856,0.397422,NA,NA,0.199534,NA,0.108798,0
"locus130","locus134",0.66386,NA,NA,NA,1,NA,1,0
"locus130","locus135",0.829964,NA,NA,NA,0.342048,NA,0.622328,0
"locus130","locus137",0.164324,NA,NA,NA,0.270404,NA,1,0
"locus130","locus139",0.321548,NA,NA,NA,1,NA,0.090526,0
"locus130","locus140",0.31901,NA,NA,NA,1,NA,0.09077,0
"locus130","locus146",0.38018,NA,NA,NA,0.74786,NA,0.497186,0
"locus130","locus148",0.271874,NA,NA,NA,0.19797,NA,0.545988,0
"locus130","locus151",0.51538,NA,Inf,NA,0.938964,NA,0.021074,1
"locus130","locus157",0.328606,NA,NA,NA,1,NA,0.204354,0
"locus130","locus161",0.392906,NA,NA,NA,0.66064,NA,0.009714,1
"locus130","locus165",0.80804,NA,Inf,NA,0.497746,NA,1,0
"locus130","locus170",0.705794,NA,NA,NA,0.587388,NA,1,0
"locus130","locus176",0.58423,NA,NA,NA,0.457186,NA,1,0
"locus130","locus184",0.83322,NA,NA,NA,0.822968,NA,0.759776,0
"locus130","locus186",1,NA,NA,NA,0.164352,NA,1,0
"locus130","locus188",0.345724,NA,Inf,NA,0.05562,NA,0.425942,0
"locus130","locus189",0.224826,NA,NA,NA,0.038942,0.571538,0.500462,1
"locus130","locus190",0.567142,NA,NA,NA,0.682582,0.522828,1,0
"locus130","locus191",0.209658,NA,Inf,NA,0.707134,1,0.268976,0
"locus130","locus192",1,NA,NA,NA,0.893948,0.523088,0.440064,0
"locus130","locus195",0.790386,NA,Inf,NA,1,0.142594,0.310058,0
"locus130","locus202",0.213814,NA,NA,NA,0.685914,0.428968,0.088794,0
"locus130","locus215",1,NA,NA,NA,0.428846,1,1,0
"locus130","locus227",0.3042,NA,Inf,NA,0.664192,1,1,0
"locus130","locus231",0.941342,NA,NA,NA,0.571056,NA,0.71381,0
"locus130","locus235",0.60356,NA,NA,NA,0.471502,Inf,0.513136,0
"locus130","locus236",0.770576,NA,NA,NA,0.249454,1,0.265248,0
"locus130","locus237",0.401734,NA,NA,NA,0.296802,1,0.831822,0
"locus130","locus239",0.679362,NA,NA,NA,0.196508,0.427698,0.126408,0
"locus130","locus248",0.480582,NA,NA,NA,0.072066,1,0.1246,0
"locus130","locus256",0.971216,NA,NA,NA,0.295384,NA,0.758746,0
"locus130","locus263",0.684682,NA,NA,NA,1,NA,1,0
"locus130","locus264",0.382842,NA,NA,NA,0.132518,NA,1,0
"locus130","locus274",0.100144,NA,NA,NA,0.05206,NA,0.581056,0
"locus130","locus280",0.40045,NA,NA,NA,0.007886,NA,0.735482,1
"locus130","locus282",0.818454,NA,NA,NA,0.50822,NA,0.580572,0
"locus130","locus286",0.223914,NA,NA,NA,0.775952,NA,1,0
"locus130","locus291",0.29226,NA,NA,NA,1,NA,0.501404,0
"locus130","locus292",0.564242,NA,NA,NA,0.906224,NA,0.131456,0
"locus130","locus296",0.44088,NA,NA,NA,1,NA,0.325936,0
"locus130","locus301",0.904692,NA,NA,NA,0.194386,NA,0.505448,0
"locus130","locus314",0.347054,NA,NA,NA,0.58073,NA,0.533876,0
"locus130","locus321",0.08037,NA,NA,NA,0.102134,NA,0.23486,0
"locus130","locus322",0.90396,NA,NA,NA,0.134636,NA,0.372034,0
"locus130","locus323",0.93283,NA,NA,NA,0.256794,NA,1,0
"locus130","locus329",1,NA,NA,NA,0.622628,NA,1,0
"locus130","locus332",0.451818,NA,NA,NA,0.093194,NA,1,0
"locus130","locus358",0.845104,NA,NA,NA,0.63206,NA,0.579276,0
"locus130","locus359",1,NA,NA,NA,0.332676,NA,1,0
"locus130","locus360",0.684942,NA,NA,NA,0.9142,NA,0.232124,0
"locus134","locus135",0.092166,0.122812,NA,NA,0.728588,NA,0.06372,0
"locus134","locus137",0.47148,0.407272,NA,NA,0.244206,NA,0.166014,0
"locus134","locus139",0.790404,0.475032,NA,NA,0.700636,NA,1,0
"locus134","locus140",0.78853,0.473022,NA,NA,0.700322,NA,1,0
"locus134","locus146",0.95009,0.51471,NA,NA,0.220218,NA,0.647472,0
"locus134","locus148",0.597584,0.747492,NA,NA,0.379558,NA,1,0
"locus134","locus151",0.716198,NA,NA,NA,0.24156,NA,0.070422,0
"locus134","locus157",0.592992,NA,NA,NA,0.564292,NA,0.529576,0
"locus134","locus161",0.01079,0.826974,Inf,NA,0.683238,NA,0.675818,1
"locus134","locus165",0.700038,0.958946,NA,NA,0.254626,NA,0.274658,0
"locus134","locus170",0.895148,0.816916,NA,NA,0.544748,NA,0.449208,0
"locus134","locus176",0.872356,NA,NA,NA,0.722906,NA,0.789726,0
"locus134","locus184",0.51613,0.137372,NA,NA,0.331112,NA,1,0
"locus134","locus186",0.34933,0.028816,NA,NA,0.714404,NA,0.64632,1
"locus134","locus188",0.565846,0.359762,NA,NA,0.26014,NA,1,0
"locus134","locus189",1,0.123018,NA,NA,0.281186,1,0.230026,0
"locus134","locus190",0.562718,0.864326,NA,NA,0.362816,0.047242,0.69055,1
"locus134","locus191",0.403708,NA,NA,NA,0.138418,1,1,0
"locus134","locus192",0.678994,0.124276,NA,NA,0.732914,1,0.814278,0
"locus134","locus195",0.392114,0.802228,Inf,NA,0.169512,0.429414,0.144324,0
"locus134","locus202",0.289188,0.104876,NA,NA,0.641258,1,0.029776,1
"locus134","locus215",0.878858,NA,NA,NA,0.457076,1,0.603458,0
"locus134","locus227",0.77138,0.046288,Inf,NA,0.919538,1,0.066484,1
"locus134","locus231",0.539638,0.508274,NA,NA,0.572182,NA,0.667158,0
"locus134","locus235",0.824358,0.810544,NA,NA,0.390902,Inf,1,0
"locus134","locus236",0.242524,0.00175,NA,NA,0.48541,1,1,1
"locus134","locus237",0.069986,0.918952,NA,NA,0.068122,0.523548,1,0
"locus134","locus239",0.800624,0.261842,NA,NA,0.347392,1,1,0
"locus134","locus248",0.122448,0.915326,NA,NA,0.674116,1,0.839828,0
"locus134","locus256",0.050254,0.091594,NA,NA,0.559798,NA,0.174684,0
"locus134","locus263",0.88052,0.354152,NA,NA,0.863256,NA,1,0
"locus134","locus264",0.190342,0.675092,NA,NA,0.904962,NA,0.223432,0
"locus134","locus274",0.004888,0.530392,NA,NA,0.668378,NA,0.44595,1
"locus134","locus280",0.22101,0.601882,NA,NA,0.301768,NA,1,0
"locus134","locus282",0.35396,0.284702,NA,NA,0.954002,NA,0.274602,0
"locus134","locus286",0.780378,0.604834,NA,NA,0.377488,NA,0.514398,0
"locus134","locus291",0.458812,0.265932,NA,NA,0.452558,NA,0.449222,0
"locus134","locus292",0.634356,0.750812,NA,NA,0.193634,NA,0.56038,0
"locus134","locus296",0.343182,0.897826,NA,NA,0.843466,NA,1,0
"locus134","locus301",0.35212,0.975474,NA,NA,0.045956,NA,1,1
"locus134","locus314",0.834102,0.398228,NA,NA,1,NA,1,0
"locus134","locus321",0.646914,0.102878,NA,NA,0.620854,NA,0.255666,0
"locus134","locus322",0.457584,0.492454,NA,NA,0.66147,NA,0.694636,0
"locus134","locus323",0.807088,0.740798,NA,NA,0.73818,NA,0.551392,0
"locus134","locus329",0.24557,0.648834,NA,NA,0.071456,NA,1,0
"locus134","locus332",0.498236,0.559002,NA,NA,0.397126,NA,0.570136,0
"locus134","locus358",0.610558,0.188002,NA,NA,0.15884,NA,0.559356,0
"locus134","locus359",0.744374,0.305772,NA,NA,0.561072,NA,1,0
"locus134","locus360",0.940828,1,NA,NA,0.155952,NA,0.131888,0
"locus135","locus137",0.173112,0.552734,NA,1,0.190064,NA,0.642726,0
"locus135","locus139",0.882592,0.020254,NA,0.525046,0.094824,NA,0.478276,1
"locus135","locus140",0.875394,0.019856,NA,0.523922,0.093554,NA,0.479374,1
"locus135","locus146",0.591234,0.496536,NA,1,0.004874,NA,0.483644,1
"locus135","locus148",0.369842,0.612144,1,0.523932,0.78508,NA,0.961216,0
"locus135","locus151",0.02906,NA,NA,1,0.574608,NA,0.376564,1
"locus135","locus157",0.53297,NA,NA,NA,0.819146,NA,1,0
"locus135","locus161",0.929466,0.296458,NA,1,0.77557,NA,1,0
"locus135","locus165",0.444848,0.045764,NA,NA,0.814,NA,0.57409,1
"locus135","locus170",0.59972,0.650382,NA,1,0.928848,NA,0.233784,0
"locus135","locus176",0.401956,NA,Inf,NA,0.204768,NA,0.868706,0
"locus135","locus184",0.51422,0.047086,NA,1,0.218114,NA,0.657068,1
"locus135","locus186",0.205452,0.854072,NA,1,0.263046,NA,0.937646,0
"locus135","locus188",0.855646,0.427502,NA,1,0.903026,NA,0.643674,0
"locus135","locus189",0.109334,0.863552,NA,NA,0.082048,0.028666,0.363204,1
"locus135","locus190",0.189436,0.783506,NA,NA,0.07475,0.714162,0.638094,0
"locus135","locus191",0.534384,NA,NA,NA,0.509196,0.027852,0.861666,1
"locus135","locus192",0.20009,0.319414,NA,NA,0.733278,0.286418,0.312206,0
"locus135","locus195",0.684174,0.113858,0.496172,NA,0.10231,0.47977,1,0
"locus135","locus202",0.341464,0.98759,NA,NA,0.025456,1,0.019726,2
"locus135","locus215",0.176186,NA,NA,NA,0.33733,0.884796,1,0
"locus135","locus227",0.87561,0.164442,Inf,NA,0.933782,0.48484,0.077024,0
"locus135","locus231",0.643072,0.807724,NA,NA,0.723112,NA,0.929268,0
"locus135","locus235",0.411432,0.54619,NA,NA,0.97381,Inf,0.962526,0
"locus135","locus236",0.002556,0.632108,NA,NA,0.456046,1,1,1
"locus135","locus237",0.130784,0.343522,NA,NA,0.548792,0.287374,0.269558,0
"locus135","locus239",0.256136,0.228278,NA,NA,0.266738,0.198522,0.590134,0
"locus135","locus248",0.387812,0.629592,NA,NA,0.123666,0.482364,1,0
"locus135","locus256",0.65657,0.770416,NA,NA,0.750748,NA,0.756576,0
"locus135","locus263",0.307304,0.49227,1,NA,0.35013,NA,1,0
"locus135","locus264",0.412398,0.380834,1,NA,0.500294,NA,0.882546,0
"locus135","locus274",0.874356,0.261768,NA,NA,0.800024,NA,0.149874,0
"locus135","locus280",0.348202,1,NA,NA,0.875662,NA,0.95368,0
"locus135","locus282",0.849176,0.820832,NA,NA,0.689252,NA,1,0
"locus135","locus286",0.82087,0.640392,NA,NA,0.417906,NA,0.660252,0
"locus135","locus291",0.324202,0.499998,NA,NA,0.02505,NA,1,1
"locus135","locus292",0.904772,0.395452,NA,NA,0.588208,NA,0.483782,0
"locus135","locus296",0.350874,0.741878,NA,NA,0.182574,NA,0.228612,0
"locus135","locus301",0.232478,0.3292,NA,NA,0.956598,NA,0.403792,0
"locus135","locus314",0.559562,0.820912,NA,NA,0.06508,NA,0.607944,0
"locus135","locus321",0.85464,0.903998,NA,NA,0.93635,NA,0.598396,0
"locus135","locus322",0.63619,0.09703,NA,NA,0.264056,NA,0.455902,0
"locus135","locus323",0.253826,0.025904,NA,NA,0.642886,NA,0.732692,1
"locus135","locus329",0.964448,0.959614,NA,NA,0.356798,NA,0.375536,0
"locus135","locus332",0.28347,0.652506,NA,NA,0.054772,NA,0.611334,0
"locus135","locus358",0.92251,0.524926,NA,NA,0.306462,NA,0.486314,0
"locus135","locus359",0.137904,0.762308,NA,NA,0.290742,NA,1,0
"locus135","locus360",0.775748,0.370906,NA,NA,0.871848,NA,0.71832,0
"locus137","locus139",0.130864,0.236624,NA,0.285502,0.212044,NA,0.183652,0
"locus137","locus140",0.131012,0.23244,NA,0.28551,0.21212,NA,0.183154,0
"locus137","locus146",0.09816,0.243212,NA,1,0.778822,NA,0.833124,0
"locus137","locus148",0.101706,0.041032,1,0.284758,0.405708,NA,0.727668,1
"locus137","locus151",0.547992,NA,NA,1,0.747588,NA,0.69281,0
"locus137","locus157",0.378726,NA,NA,NA,0.6696,NA,0.244826,0
"locus137","locus161",0.749494,0.8928,NA,1,0.15592,NA,0.563494,0
"locus137","locus165",0.535524,0.947422,NA,NA,0.7155,NA,0.160016,0
"locus137","locus170",0.77216,0.831408,NA,0.571916,0.187776,NA,0.859606,0
"locus137","locus176",0.02988,NA,Inf,NA,0.397974,NA,0.14753,1
"locus137","locus184",0.399654,0.896494,NA,1,0.212952,NA,0.420544,0
"locus137","locus186",0.794574,0.625332,NA,1,0.655116,NA,0.834232,0
"locus137","locus188",0.713608,0.038488,NA,Inf,0.215362,NA,0.918668,1
"locus137","locus189",0.512312,0.830836,NA,NA,0.06179,1,0.79784,0
"locus137","locus190",0.22067,0.210774,NA,NA,0.109102,0.619934,0.1408,0
"locus137","locus191",0.598566,NA,NA,NA,0.014506,1,0.713674,1
"locus137","locus192",0.64338,0.480146,NA,NA,0.743662,0.333616,0.743096,0
"locus137","locus195",0.197198,0.628254,1,NA,0.08083,1,0.787028,0
"locus137","locus202",0.925958,0.321576,NA,NA,0.789744,0.429014,0.256194,0
"locus137","locus215",0.413978,NA,NA,NA,0.576998,0.427444,1,0
"locus137","locus227",0.750636,0.801394,Inf,NA,0.965882,0.256608,0.604696,0
"locus137","locus231",0.883216,0.912064,NA,NA,0.619858,NA,0.669266,0
"locus137","locus235",0.505812,0.134536,NA,NA,0.430632,Inf,0.39358,0
"locus137","locus236",0.028134,0.735096,NA,NA,0.597682,0.256392,1,1
"locus137","locus237",0.26666,0.005384,NA,NA,0.640458,0.33688,0.49584,1
"locus137","locus239",0.555208,0.187562,NA,NA,0.127132,1,0.79479,0
"locus137","locus248",0.3558,0.798394,NA,NA,0.740674,0.25887,1,0
"locus137","locus256",0.189586,0.705602,NA,NA,0.62569,NA,1,0
"locus137","locus263",1,0.386646,1,NA,0.34871,NA,0.068034,0
"locus137","locus264",0.099054,0.52387,0.333748,NA,0.6648,NA,0.284834,0
"locus137","locus274",0.65365,0.78414,NA,NA,0.873474,NA,0.484816,0
"locus137","locus280",0.485712,0.275596,NA,NA,0.149886,NA,0.463728,0
"locus137","locus282",0.503324,0.172906,NA,NA,0.815364,NA,1,0
"locus137","locus286",1,0.117582,NA,NA,0.896154,NA,0.407378,0
"locus137","locus291",0.611314,0.716686,NA,NA,0.331254,NA,1,0
"locus137","locus292",0.6034,0.210376,NA,NA,0.76886,NA,0.370692,0
"locus137","locus296",0.772944,0.013048,NA,NA,0.311356,NA,0.091876,1
"locus137","locus301",0.89172,0.21791,NA,NA,0.707624,NA,1,0
"locus137","locus314",0.854468,0.331712,NA,NA,0.853246,NA,1,0
"locus137","locus321",0.803448,0.464454,NA,NA,0.054278,NA,0.639228,0
"locus137","locus322",0.256238,0.644712,NA,NA,0.895988,NA,1,0
"locus137","locus323",0.544198,0.377418,NA,NA,0.046488,NA,0.864518,1
"locus137","locus329",0.7116,0.443482,NA,NA,0.75803,NA,0.867216,0
"locus137","locus332",0.713626,0.341958,NA,NA,0.92176,NA,0.411738,0
"locus137","locus358",0.486084,0.926522,NA,NA,0.135838,NA,1,0
"locus137","locus359",0.76423,0.164912,NA,NA,0.396002,NA,0.398184,0
"locus137","locus360",0.706998,1,NA,NA,0.540586,NA,0.469774,0
"locus139","locus140",0,0,NA,0.04744,0,NA,0.000112,5
"locus139","locus146",0.909408,1,NA,1,0.543556,NA,0.765184,0
"locus139","locus148",0.3263,0.228644,Inf,1,0.022662,NA,1,1
"locus139","locus151",0.8064,NA,NA,1,0.490094,NA,0.103082,0
"locus139","locus157",0.01121,NA,NA,NA,0.461094,NA,0.559394,1
"locus139","locus161",0.69094,0.711256,NA,0.524136,0.757658,NA,0.06368,0
"locus139","locus165",0.331264,0.53342,NA,NA,0.28796,NA,0.56916,0
"locus139","locus170",0.717584,1,NA,1,0.341532,NA,0.446992,0
"locus139","locus176",0.224754,NA,NA,NA,0.214304,NA,0.385166,0
"locus139","locus184",0.80754,0.882146,NA,1,0.090972,NA,1,0
"locus139","locus186",0.70309,0.182828,NA,1,0.837182,NA,1,0
"locus139","locus188",0.183696,0.705208,NA,0.600194,0.075064,NA,0.38422,0
"locus139","locus189",0.387338,0.596828,NA,NA,0.598688,0.659242,1,0
"locus139","locus190",0.554828,0.072138,NA,NA,0.700788,1,1,0
"locus139","locus191",0.628884,NA,NA,NA,0.655702,0.426228,0.372426,0
"locus139","locus192",1,0.865084,NA,NA,0.089768,0.331886,0.617472,0
"locus139","locus195",1,0.086876,Inf,NA,0.083058,1,0.545742,0
"locus139","locus202",0.843012,0.069332,NA,NA,0.849196,0.655658,1,0
"locus139","locus215",0.059432,NA,NA,NA,0.334924,0.123888,0.607708,0
"locus139","locus227",0.44245,1,Inf,NA,0.586514,0.257656,1,0
"locus139","locus231",1,0.48695,Inf,NA,0.424556,NA,0.283816,0
"locus139","locus235",0.071966,0.186568,NA,NA,0.540138,Inf,0.112944,0
"locus139","locus236",0.025248,0.396598,NA,NA,0.802618,0.259558,0.618732,1
"locus139","locus237",0.138272,0.134226,NA,NA,0.614924,0.33254,0.677498,0
"locus139","locus239",0.329676,0.328498,NA,NA,0.142188,1,0.196818,0
"locus139","locus248",0.802892,0.811644,NA,NA,0.362708,1,0.426168,0
"locus139","locus256",0.654212,0.498242,NA,NA,0.740734,NA,0.239722,0
"locus139","locus263",0.143908,1,Inf,NA,0.64667,NA,1,0
"locus139","locus264",0.304506,0.397682,Inf,NA,0.016206,NA,1,1
"locus139","locus274",0.858548,0.645236,NA,NA,0.655056,NA,0.60948,0
"locus139","locus280",0.147736,0.10236,NA,NA,0.163794,NA,0.753482,0
"locus139","locus282",0.30134,0.710504,NA,NA,0.807736,NA,1,0
"locus139","locus286",0.723656,1,NA,NA,0.630802,NA,1,0
"locus139","locus291",0.434632,0.341118,NA,NA,0.417604,NA,1,0
"locus139","locus292",0.28836,0.345932,NA,NA,0.92851,NA,1,0
"locus139","locus296",0.48883,0.562122,NA,NA,0.442864,NA,0.235588,0
"locus139","locus301",0.181,0.643502,NA,NA,1,NA,0.473332,0
"locus139","locus314",1,0.406656,NA,NA,1,NA,0.618332,0
"locus139","locus321",0.816834,0.476958,NA,NA,0.47237,NA,1,0
"locus139","locus322",0.730948,0.52079,NA,NA,0.271414,NA,0.60866,0
"locus139","locus323",0.76486,0.81646,NA,NA,0.096468,NA,1,0
"locus139","locus329",0.55081,1,NA,NA,0.384626,NA,0.763902,0
"locus139","locus332",0.74985,0.456294,NA,NA,0.571672,NA,0.619464,0
"locus139","locus358",0.224868,1,NA,NA,0.255022,NA,0.118548,0
"locus139","locus359",0.385352,0.700056,NA,NA,0.483648,NA,1,0
"locus139","locus360",0.093332,0.718912,Inf,NA,0.481652,NA,0.01695,1
"locus140","locus146",0.90992,1,NA,1,0.539654,NA,0.7648,0
"locus140","locus148",0.327648,0.231202,Inf,1,0.020106,NA,1,1
"locus140","locus151",0.81025,NA,NA,1,0.484952,NA,0.10113,0
"locus140","locus157",0.010444,NA,NA,NA,0.450076,NA,0.558208,1
"locus140","locus161",0.69186,0.711636,NA,0.52361,0.75816,NA,0.061424,0
"locus140","locus165",0.333438,0.53123,NA,NA,0.281464,NA,0.569974,0
"locus140","locus170",0.721148,1,NA,1,0.341254,NA,0.445156,0
"locus140","locus176",0.22408,NA,NA,NA,0.217612,NA,0.385724,0
"locus140","locus184",0.81377,0.881426,NA,1,0.092466,NA,1,0
"locus140","locus186",0.704544,0.182288,NA,1,0.840962,NA,1,0
"locus140","locus188",0.179962,0.705928,NA,0.600652,0.07929,NA,0.382422,0
"locus140","locus189",0.383962,0.599056,NA,NA,0.601566,0.657218,1,0
"locus140","locus190",0.554048,0.073576,NA,NA,0.704552,1,1,0
"locus140","locus191",0.630028,NA,NA,NA,0.655516,0.426086,0.37037,0
"locus140","locus192",1,0.864744,NA,NA,0.094394,0.333432,0.619776,0
"locus140","locus195",1,0.085558,Inf,NA,0.088416,1,0.545074,0
"locus140","locus202",0.843832,0.070786,NA,NA,0.850466,0.657246,1,0
"locus140","locus215",0.058516,NA,NA,NA,0.333458,0.125688,0.6089,0
"locus140","locus227",0.444002,1,Inf,NA,0.580368,0.257194,1,0
"locus140","locus231",1,0.486924,Inf,NA,0.419856,NA,0.284426,0
"locus140","locus235",0.07444,0.188238,NA,NA,0.534462,Inf,0.114048,0
"locus140","locus236",0.024932,0.401902,NA,NA,0.80254,0.257352,0.620636,1
"locus140","locus237",0.14241,0.132972,NA,NA,0.61182,0.333956,0.677006,0
"locus140","locus239",0.326972,0.322682,NA,NA,0.143686,1,0.195538,0
"locus140","locus248",0.80071,0.808852,NA,NA,0.36072,1,0.426968,0
"locus140","locus256",0.65562,0.497818,NA,NA,0.741056,NA,0.238582,0
"locus140","locus263",0.146598,1,Inf,NA,0.647892,NA,1,0
"locus140","locus264",0.30288,0.39751,Inf,NA,0.016478,NA,1,1
"locus140","locus274",0.857226,0.642006,NA,NA,0.653854,NA,0.607842,0
"locus140","locus280",0.146524,0.102546,NA,NA,0.161256,NA,0.75423,0
"locus140","locus282",0.30455,0.71193,NA,NA,0.804108,NA,1,0
"locus140","locus286",0.72599,1,NA,NA,0.630232,NA,1,0
"locus140","locus291",0.433008,0.337566,NA,NA,0.414376,NA,1,0
"locus140","locus292",0.291972,0.347318,NA,NA,0.925158,NA,1,0
"locus140","locus296",0.48735,0.55966,NA,NA,0.442972,NA,0.236564,0
"locus140","locus301",0.180344,0.644878,NA,NA,1,NA,0.472544,0
"locus140","locus314",1,0.40681,NA,NA,1,NA,0.61625,0
"locus140","locus321",0.818168,0.477574,NA,NA,0.47418,NA,1,0
"locus140","locus322",0.728688,0.518606,NA,NA,0.265992,NA,0.610174,0
"locus140","locus323",0.762964,0.816764,NA,NA,0.096592,NA,1,0
"locus140","locus329",0.54724,1,NA,NA,0.391542,NA,0.762848,0
"locus140","locus332",0.748534,0.453534,NA,NA,0.568502,NA,0.619774,0
"locus140","locus358",0.22979,1,NA,NA,0.25134,NA,0.120066,0
"locus140","locus359",0.38469,0.697906,NA,NA,0.478526,NA,1,0
"locus140","locus360",0.09414,0.721038,Inf,NA,0.486618,NA,0.016476,1
"locus146","locus148",0.217122,0.176896,0.250724,1,0.869932,NA,0.669164,0
"locus146","locus151",0.09827,NA,NA,0.601192,0.90835,NA,1,0
"locus146","locus157",1,NA,NA,NA,0.845324,NA,0.623974,0
"locus146","locus161",0.21988,0.43185,NA,1,0.07132,NA,0.70291,0
"locus146","locus165",0.964232,0.85955,NA,NA,0.902074,NA,0.450826,0
"locus146","locus170",0.654932,0.925216,NA,0.59979,0.882668,NA,0.500614,0
"locus146","locus176",0.798216,NA,NA,NA,0.068744,NA,0.238958,0
"locus146","locus184",0.010866,0.191968,NA,1,0.844502,NA,0.686008,1
"locus146","locus186",0.366728,0.256956,NA,1,0.775522,NA,1,0
"locus146","locus188",0.83657,0.231514,NA,1,0.654482,NA,0.336676,0
"locus146","locus189",0.984306,0.541204,NA,NA,0.500118,0.658752,0.59994,0
"locus146","locus190",0.646574,0.70044,NA,NA,0.660294,1,0.469622,0
"locus146","locus191",0.53353,NA,NA,NA,0.641354,1,1,0
"locus146","locus192",0.986616,0.385586,NA,NA,0.174732,1,0.643994,0
"locus146","locus195",0.309154,0.474872,1,NA,0.880884,0.65552,0.788588,0
"locus146","locus202",0.051332,0.433918,NA,NA,0.029534,1,0.16601,1
"locus146","locus215",0.894364,NA,NA,NA,0.032194,0.066048,0.052204,1
"locus146","locus227",0.42333,0.215644,Inf,NA,0.84414,0.429234,0.605186,0
"locus146","locus231",0.635218,0.328612,Inf,NA,0.922242,NA,0.080836,0
"locus146","locus235",0.079034,0.08966,NA,NA,0.115854,Inf,0.728092,0
"locus146","locus236",0.030304,0.46261,NA,NA,0.397552,0.258166,0.765516,1
"locus146","locus237",0.704666,0.7101,NA,NA,0.913846,0.332798,1,0
"locus146","locus239",0.931646,1,NA,NA,0.152674,0.199192,0.888852,0
"locus146","locus248",0.23423,0.441598,NA,NA,0.225166,0.655156,0.868378,0
"locus146","locus256",0.018544,0.526522,NA,NA,0.705234,NA,0.886092,1
"locus146","locus263",0.101306,0.585462,0.333624,NA,1,NA,1,0
"locus146","locus264",0.56424,0.82367,0.498962,NA,0.843186,NA,0.762722,0
"locus146","locus274",1,0.257982,NA,NA,0.124254,NA,0.7185,0
"locus146","locus280",0.424388,0.508626,NA,NA,0.963184,NA,1,0
"locus146","locus282",0.30551,0.725294,NA,NA,0.980054,NA,0.452054,0
"locus146","locus286",0.198042,1,NA,NA,0.172582,NA,0.211436,0
"locus146","locus291",0.916816,0.971378,NA,NA,0.47152,NA,1,0
"locus146","locus292",0.286364,0.6144,NA,NA,0.355882,NA,1,0
"locus146","locus296",0.13386,0.186118,NA,NA,0.648952,NA,0.851684,0
"locus146","locus301",0.693428,0.758872,NA,NA,0.202044,NA,0.603198,0
"locus146","locus314",0.439836,0.214746,NA,NA,0.55994,NA,0.051718,0
"locus146","locus321",0.496044,0.70372,NA,NA,0.446238,NA,0.528686,0
"locus146","locus322",0.560782,0.596736,NA,NA,0.449988,NA,0.180522,0
"locus146","locus323",0.477818,0.772238,NA,NA,0.50421,NA,0.306774,0
"locus146","locus329",0.201782,0.173602,NA,NA,0.573956,NA,0.448508,0
"locus146","locus332",0.809708,0.471022,NA,NA,0.890348,NA,0.765448,0
"locus146","locus358",0.607672,0.345088,NA,NA,0.473506,NA,0.48084,0
"locus146","locus359",0.92441,0.93259,NA,NA,0.797996,NA,1,0
"locus146","locus360",0.615506,0.687242,Inf,NA,0.8346,NA,0.906016,0
"locus148","locus151",0.619774,NA,NA,0.600042,0.927228,NA,0.159024,0
"locus148","locus157",0.770134,NA,NA,NA,0.949972,NA,1,0
"locus148","locus161",0.793184,0.169676,NA,0.523994,0.185076,NA,0.758132,0
"locus148","locus165",0.559548,0.935468,NA,NA,0.659094,NA,1,0
"locus148","locus170",0.338,0.921212,NA,0.427508,0.796906,NA,1,0
"locus148","locus176",0.83593,NA,NA,NA,0.720532,NA,0.76031,0
"locus148","locus184",0.757938,0.723372,NA,1,0.081306,NA,0.831518,0
"locus148","locus186",0.763198,0.770572,NA,1,0.623544,NA,1,0
"locus148","locus188",0.68903,0.87829,NA,0.600754,0.435276,NA,0.81142,0
"locus148","locus189",0.959986,0.341704,NA,NA,0.55052,0.488238,0.151938,0
"locus148","locus190",0.313714,0.121394,NA,NA,0.981554,1,0.477486,0
"locus148","locus191",0.013814,NA,NA,NA,0.138976,0.769504,0.8702,1
"locus148","locus192",1,0.490042,NA,NA,0.476332,0.428764,0.112012,0
"locus148","locus195",0.017798,0.786526,1,NA,0.294958,0.657138,0.533322,1
"locus148","locus202",0.857052,0.55564,NA,NA,0.572986,0.143362,0.253978,0
"locus148","locus215",0.827136,NA,NA,NA,0.641562,1,0.74868,0
"locus148","locus227",0.863854,0.543198,Inf,NA,0.441026,0.659956,0.602792,0
"locus148","locus231",0.229628,0.748,NA,NA,0.019412,NA,0.016718,2
"locus148","locus235",0.018688,0.325188,NA,NA,0.698394,Inf,0.638708,1
"locus148","locus236",0.361396,0.692402,NA,NA,0.820312,1,0.412316,0
"locus148","locus237",0.401672,0.017574,NA,NA,0.30105,1,0.174684,1
"locus148","locus239",0.676008,1,NA,NA,0.026756,0.77162,0.33222,1
"locus148","locus248",0.083632,0.84934,NA,NA,1,0.315648,0.824292,0
"locus148","locus256",0.131992,0.791358,NA,NA,0.693458,NA,0.87254,0
"locus148","locus263",0.676896,0.642218,0.33307,NA,0.415404,NA,1,0
"locus148","locus264",0.181042,0.109118,0.498888,NA,0.389766,NA,0.616366,0
"locus148","locus274",0.155816,0.17699,NA,NA,0.904212,NA,0.48246,0
"locus148","locus280",0.90958,0.9331,NA,NA,0.175858,NA,0.267564,0
"locus148","locus282",0.887632,0.531398,NA,NA,0.499102,NA,0.690536,0
"locus148","locus286",0.899422,0.500044,NA,NA,0.151372,NA,1,0
"locus148","locus291",0.022708,0.61459,NA,NA,0.547044,NA,0.500134,1
"locus148","locus292",0.8848,0.920554,NA,NA,0.268,NA,0.72115,0
"locus148","locus296",0.6046,0.366842,NA,NA,0.064792,NA,0.595748,0
"locus148","locus301",0.646242,0.104178,NA,NA,0.311854,NA,1,0
"locus148","locus314",1,0.258386,NA,NA,0.376406,NA,0.619704,0
"locus148","locus321",0.433218,0.250126,NA,NA,0.578426,NA,0.755416,0
"locus148","locus322",0.778072,0.329158,NA,NA,1,NA,0.637124,0
"locus148","locus323",0.574934,0.474014,NA,NA,0.201964,NA,1,0
"locus148","locus329",0.533258,0.370158,NA,NA,0.808162,NA,0.76728,0
"locus148","locus332",0.488276,0.10015,NA,NA,0.64235,NA,1,0
"locus148","locus358",0.72451,0.550734,NA,NA,0.123252,NA,0.131638,0
"locus148","locus359",0.015688,0.405282,NA,NA,0.672326,NA,0.399806,1
"locus148","locus360",0.553912,0.00914,NA,NA,0.992396,NA,0.330114,1
"locus151","locus157",0.267222,NA,NA,NA,0.836256,NA,0.632876,0
"locus151","locus161",1,NA,NA,1,0.622334,NA,0.008724,1
"locus151","locus165",0.209332,NA,NA,NA,0.083202,NA,0.299414,0
"locus151","locus170",0.848072,NA,NA,0.202106,0.125398,NA,0.09131,0
"locus151","locus176",0.004176,NA,NA,NA,0.615616,NA,0.745,1
"locus151","locus184",0.691424,NA,NA,0.498988,0.68241,NA,1,0
"locus151","locus186",0.884928,NA,NA,1,1,NA,0.161686,0
"locus151","locus188",0.995744,NA,NA,1,0.264436,NA,0.563072,0
"locus151","locus189",0.987868,NA,NA,NA,0.262298,1,0.06023,0
"locus151","locus190",0.405356,NA,NA,NA,0.15166,1,0.54641,0
"locus151","locus191",0.285118,NA,NA,NA,0.37353,1,0.123274,0
"locus151","locus192",1,NA,NA,NA,0.312,1,0.453298,0
"locus151","locus195",0.5188,NA,Inf,NA,1,0.427652,1,0
"locus151","locus202",0.360314,NA,NA,NA,0.53153,0.428464,0.476134,0
"locus151","locus215",0.976708,NA,NA,NA,0.950518,1,0.769152,0
"locus151","locus227",0.947262,NA,Inf,NA,0.65979,0.428428,0.142418,0
"locus151","locus231",0.766154,NA,NA,NA,0.465448,NA,0.26117,0
"locus151","locus235",0.854004,NA,NA,NA,0.499346,Inf,0.895728,0
"locus151","locus236",0.829222,NA,NA,NA,0.660516,1,0.267334,0
"locus151","locus237",0.489794,NA,NA,NA,0.110172,1,1,0
"locus151","locus239",0.194662,NA,NA,NA,0.316128,0.570958,0.660158,0
"locus151","locus248",0.59694,NA,NA,NA,0.067344,0.429006,0.812606,0
"locus151","locus256",0.395102,NA,NA,NA,0.930918,NA,0.395822,0
"locus151","locus263",0.04028,NA,0.332884,NA,0.733782,NA,0.428272,1
"locus151","locus264",0.16977,NA,Inf,NA,0.340336,NA,0.370692,0
"locus151","locus274",0.804386,NA,NA,NA,0.574654,NA,0.56496,0
"locus151","locus280",0.21362,NA,NA,NA,0.409396,NA,0.458906,0
"locus151","locus282",0.62169,NA,NA,NA,0.665586,NA,1,0
"locus151","locus286",1,NA,NA,NA,0.134738,NA,0.616526,0
"locus151","locus291",0.750024,NA,NA,NA,0.034254,NA,1,1
"locus151","locus292",0.227226,NA,NA,NA,0.822604,NA,0.299942,0
"locus151","locus296",0.051498,NA,NA,NA,0.177482,NA,0.135172,0
"locus151","locus301",0.541826,NA,Inf,NA,0.909514,NA,0.077926,0
"locus151","locus314",0.389434,NA,NA,NA,0.191272,NA,1,0
"locus151","locus321",0.54584,NA,NA,NA,0.776656,NA,0.756414,0
"locus151","locus322",0.896212,NA,NA,NA,0.417076,NA,0.564266,0
"locus151","locus323",0.287398,NA,NA,NA,0.304108,NA,0.765594,0
"locus151","locus329",0.472036,NA,NA,NA,0.42769,NA,0.39074,0
"locus151","locus332",0.125398,NA,NA,NA,1,NA,0.767488,0
"locus151","locus358",0.405302,NA,NA,NA,0.575378,NA,0.029714,1
"locus151","locus359",0.099066,NA,NA,NA,0.427918,NA,Inf,0
"locus151","locus360",0.938002,NA,NA,NA,0.479322,NA,0.49914,0
"locus157","locus161",0.484588,NA,NA,NA,0.343614,NA,0.632194,0
"locus157","locus165",0.189788,NA,NA,NA,0.816882,NA,1,0
"locus157","locus170",0.46056,NA,NA,NA,0.938838,NA,1,0
"locus157","locus176",0.593714,NA,NA,NA,0.799582,NA,0.537474,0
"locus157","locus184",0.93427,NA,NA,NA,0.171292,NA,1,0
"locus157","locus186",1,NA,NA,NA,0.761148,NA,1,0
"locus157","locus188",0.580238,NA,NA,NA,0.755984,NA,1,0
"locus157","locus189",0.040956,NA,NA,NA,0.953994,1,0.719192,1
"locus157","locus190",0.907206,NA,NA,NA,0.947902,1,0.231304,0
"locus157","locus191",0.697032,NA,NA,NA,0.487724,1,1,0
"locus157","locus192",0.207802,NA,NA,NA,0.068196,1,1,0
"locus157","locus195",0.650574,NA,Inf,NA,0.715362,1,0.618838,0
"locus157","locus202",0.56176,NA,NA,NA,0.869144,0.398786,0.442154,0
"locus157","locus215",0.34971,NA,Inf,NA,0.930064,1,0.559314,0
"locus157","locus227",0.444502,NA,Inf,NA,0.642804,1,0.61442,0
"locus157","locus231",1,NA,NA,NA,0.94383,NA,1,0
"locus157","locus235",0.586256,NA,NA,NA,1,Inf,0.363306,0
"locus157","locus236",0.030638,NA,NA,NA,0.892492,0.39979,0.193654,1
"locus157","locus237",0.040138,NA,NA,NA,0.735312,0.399592,0.14746,1
"locus157","locus239",1,NA,NA,NA,0.056118,0.598652,0.803892,0
"locus157","locus248",0.225236,NA,NA,NA,0.420776,0.399664,1,0
"locus157","locus256",0.905154,NA,NA,NA,0.02307,NA,0.545346,1
"locus157","locus263",0.04089,NA,1,NA,0.618042,NA,0.229782,1
"locus157","locus264",0.323936,NA,NA,NA,0.338232,NA,1,0
"locus157","locus274",0.06557,NA,NA,NA,0.698662,NA,1,0
"locus157","locus280",0.347512,NA,NA,NA,0.200204,NA,1,0
"locus157","locus282",0.231482,NA,Inf,NA,0.163748,NA,0.30691,0
"locus157","locus286",0.20566,NA,NA,NA,0.374934,NA,0.527782,0
"locus157","locus291",0.525016,NA,NA,NA,0.0982,NA,0.231284,0
"locus157","locus292",0.015138,NA,NA,NA,0.917388,NA,1,1
"locus157","locus296",0.794006,NA,NA,NA,0.767902,NA,1,0
"locus157","locus301",0.936614,NA,NA,NA,0.234768,NA,1,0
"locus157","locus314",0.733424,NA,NA,NA,0.017584,NA,1,1
"locus157","locus321",0.518592,NA,NA,NA,0.531856,NA,0.177728,0
"locus157","locus322",0.78544,NA,NA,NA,0.332922,NA,1,0
"locus157","locus323",0.132856,NA,NA,NA,0.065786,NA,0.805216,0
"locus157","locus329",0.310458,NA,NA,NA,0.052872,NA,0.624264,0
"locus157","locus332",0.935446,NA,NA,NA,0.067606,NA,1,0
"locus157","locus358",0.30891,NA,NA,NA,0.164272,NA,1,0
"locus157","locus359",0.848052,NA,NA,NA,0.305452,NA,Inf,0
"locus157","locus360",0.412624,NA,NA,NA,0.01758,NA,0.190468,1
"locus161","locus165",0.552566,0.887148,NA,NA,0.41407,NA,0.677516,0
"locus161","locus170",0.20566,0.513754,1,1,0.672488,NA,0.230146,0
"locus161","locus176",0.612778,NA,NA,NA,0.005798,NA,0.363722,1
"locus161","locus184",0.792396,0.715314,NA,1,0.088754,NA,1,0
"locus161","locus186",0.805494,0.131022,NA,1,0.581328,NA,0.134262,0
"locus161","locus188",0.170956,0.870432,NA,0.599164,0.106714,NA,0.069678,0
"locus161","locus189",0.750866,0.378976,NA,NA,0.579382,0.569586,0.096514,0
"locus161","locus190",0.810074,1,NA,NA,0.162422,0.522764,1,0
"locus161","locus191",0.519482,NA,NA,NA,0.545848,1,0.070586,0
"locus161","locus192",0.36313,0.514388,NA,NA,0.33343,1,0.890022,0
"locus161","locus195",0.834354,0.657438,1,NA,0.747316,1,1,0
"locus161","locus202",0.228662,0.199038,1,NA,0.763324,1,0.328962,0
"locus161","locus215",0.595856,NA,Inf,NA,0.295586,1,0.75377,0
"locus161","locus227",0.357512,0.557912,Inf,NA,0.855696,0.14313,0.539158,0
"locus161","locus231",0.623494,0.709818,NA,NA,0.617376,NA,0.259194,0
"locus161","locus235",0.592432,0.135856,NA,NA,0.580492,Inf,0.83576,0
"locus161","locus236",0.193522,0.497854,NA,NA,0.31146,1,0.430108,0
"locus161","locus237",0.27481,0.38737,NA,NA,0.128262,1,1,0
"locus161","locus239",0.841854,0.418112,NA,NA,0.936178,1,0.30936,0
"locus161","locus248",0.893792,0.226164,NA,NA,0.082932,1,0.423158,0
"locus161","locus256",0.322784,0.323002,NA,NA,0.60592,NA,0.187378,0
"locus161","locus263",0.649984,1,Inf,NA,1,NA,1,0
"locus161","locus264",0.77572,0.772876,NA,NA,0.338688,NA,0.602672,0
"locus161","locus274",0.052002,0.186856,NA,NA,0.25551,NA,0.781968,0
"locus161","locus280",0.18744,0.212546,NA,NA,0.429116,NA,0.440474,0
"locus161","locus282",0.919274,0.900722,NA,NA,0.56847,NA,1,0
"locus161","locus286",1,1,NA,NA,0.806702,NA,1,0
"locus161","locus291",0.130566,0.533256,NA,NA,0.434964,NA,0.417216,0
"locus161","locus292",0.362634,0.03577,NA,NA,0.879362,NA,1,1
"locus161","locus296",0.268738,0.299856,NA,NA,0.445022,NA,1,0
"locus161","locus301",0.457618,0.565352,NA,NA,0.156686,NA,1,0
"locus161","locus314",0.068328,0.822322,NA,NA,1,NA,1,0
"locus161","locus321",0.734216,0.109508,NA,NA,0.01138,NA,0.834786,1
"locus161","locus322",0.150584,0.722788,NA,NA,0.332882,NA,1,0
"locus161","locus323",0.249868,0.899982,NA,NA,0.550326,NA,0.862384,0
"locus161","locus329",0.371446,1,NA,NA,0.78957,NA,0.361702,0
"locus161","locus332",0.572922,0.11471,NA,NA,0.258276,NA,1,0
"locus161","locus358",0.307126,0.441946,NA,NA,0.710694,NA,0.363298,0
"locus161","locus359",1,1,NA,NA,0.749342,NA,1,0
"locus161","locus360",0.769498,0.569244,NA,NA,0.685082,NA,0.579068,0
"locus165","locus170",0.348286,0.764294,Inf,NA,0.149906,NA,0.69294,0
"locus165","locus176",0.158798,NA,NA,NA,0.412706,NA,0.788984,0
"locus165","locus184",0.860474,0.357276,NA,NA,0.347004,NA,0.53906,0
"locus165","locus186",0.373568,0.691908,NA,NA,0.449012,NA,0.165016,0
"locus165","locus188",0.008924,0.149548,Inf,NA,0.248602,NA,0.714124,1
"locus165","locus189",0.619604,0.287378,NA,NA,1,1,0.449124,0
"locus165","locus190",0.401358,0.109794,NA,NA,0.35868,0.467006,0.300022,0
"locus165","locus191",0.416176,NA,Inf,NA,0.165038,1,0.274598,0
"locus165","locus192",0.08511,0.417602,NA,NA,0.281622,1,0.278362,0
"locus165","locus195",0.457516,0.409214,Inf,NA,0.447502,1,0.61923,0
"locus165","locus202",0.186154,0.884528,Inf,NA,1,1,1,0
"locus165","locus215",0.762322,NA,NA,NA,0.00272,0.468204,1,1
"locus165","locus227",0.001376,0.688294,Inf,NA,0.003106,1,0.560586,2
"locus165","locus231",0.679488,0.769028,NA,NA,0.083872,NA,1,0
"locus165","locus235",0.97383,0.667824,NA,NA,0.753154,Inf,1,0
"locus165","locus236",0.917948,0.813086,NA,NA,0.786454,1,0.56964,0
"locus165","locus237",0.63349,1,NA,NA,0.037878,1,0.395562,1
"locus165","locus239",0.793622,0.698366,NA,NA,0.163304,1,0.590784,0
"locus165","locus248",1,0.077868,NA,NA,0.399906,1,0.840384,0
"locus165","locus256",0.586814,0.365094,NA,NA,0.105856,NA,0.111494,0
"locus165","locus263",0.487674,1,NA,NA,1,NA,1,0
"locus165","locus264",0.29906,1,NA,NA,0.235868,NA,0.60491,0
"locus165","locus274",0.337032,0.04656,NA,NA,1,NA,0.118614,1
"locus165","locus280",0.615358,0.829052,NA,NA,0.210968,NA,0.4384,0
"locus165","locus282",0.051464,0.744308,NA,NA,0.100538,NA,0.516796,0
"locus165","locus286",0.220062,1,NA,NA,0.67403,NA,0.009352,1
"locus165","locus291",0.591384,0.646716,NA,NA,0.073784,NA,0.230158,0
"locus165","locus292",0.879106,0.541094,NA,NA,0.324866,NA,0.232186,0
"locus165","locus296",1,0.677754,NA,NA,0.594664,NA,1,0
"locus165","locus301",0.233924,0.027982,NA,NA,0.057144,NA,0.561288,1
"locus165","locus314",0.754126,0.60476,NA,NA,0.635322,NA,0.107398,0
"locus165","locus321",0.377554,0.590096,NA,NA,0.847846,NA,0.61548,0
"locus165","locus322",0.564722,0.6361,NA,NA,1,NA,0.204504,0
"locus165","locus323",0.610072,0.493238,NA,NA,0.116934,NA,0.106696,0
"locus165","locus329",1,0.881296,NA,NA,0.529804,NA,0.78936,0
"locus165","locus332",0.967756,0.554414,NA,NA,0.23661,NA,1,0
"locus165","locus358",0.69334,0.656172,NA,NA,0.52941,NA,1,0
"locus165","locus359",0.558656,0.112454,NA,NA,0.557762,NA,1,0
"locus165","locus360",0.130416,0.956696,NA,NA,0.87662,NA,0.290334,0
"locus170","locus176",0.264658,NA,NA,NA,0.683564,NA,0.200664,0
"locus170","locus184",1,0.13275,NA,1,0.080758,NA,0.666894,0
"locus170","locus186",0.455728,0.828274,NA,1,0.598128,NA,0.418308,0
"locus170","locus188",0.279506,0.95168,NA,1,0.237102,0.522394,0.129358,0
"locus170","locus189",0.080556,0.470682,NA,NA,0.047638,0.571946,0.532698,1
"locus170","locus190",0.847898,0.950858,NA,NA,0.533242,1,0.368814,0
"locus170","locus191",0.67627,NA,NA,NA,0.36822,0.237302,1,0
"locus170","locus192",0.693912,0.309852,NA,NA,0.422208,0.524256,1,0
"locus170","locus195",0.413878,0.936284,1,NA,0.947852,1,1,0
"locus170","locus202",0.533712,0.660086,NA,NA,0.896952,1,0.088048,0
"locus170","locus215",0.061372,NA,NA,NA,0.821772,0.620134,0.201964,0
"locus170","locus227",0.794004,0.930998,Inf,NA,0.362536,0.143366,0.141002,0
"locus170","locus231",0.428958,0.008058,NA,NA,0.621474,NA,0.26401,1
"locus170","locus235",0.389446,0.129246,NA,NA,0.100494,Inf,0.906324,0
"locus170","locus236",0.126196,0.860156,NA,NA,0.038956,0.42853,0.184416,1
"locus170","locus237",0.177346,0.162678,0.333956,NA,0.028768,0.524362,0.741988,1
"locus170","locus239",0.381082,0.07188,NA,NA,0.693142,1,0.005358,1
"locus170","locus248",0.263278,0.890918,NA,NA,0.037838,1,0.794708,1
"locus170","locus256",0.70957,0.31594,0.167858,NA,0.859734,NA,0.1151,0
"locus170","locus263",0.38183,0.055006,NA,NA,1,NA,0.468178,0
"locus170","locus264",0.89782,0.878806,NA,NA,0.437552,NA,0.595706,0
"locus170","locus274",0.560406,0.026226,NA,NA,0.736704,NA,0.36829,1
"locus170","locus280",0.844962,0.078566,NA,NA,0.561154,NA,0.03119,1
"locus170","locus282",0.824558,0.15705,NA,NA,0.176604,NA,1,0
"locus170","locus286",0.06317,1,NA,NA,0.383708,NA,1,0
"locus170","locus291",0.269984,0.607644,NA,NA,0.268512,NA,0.534968,0
"locus170","locus292",0.495266,0.677812,NA,NA,0.292114,NA,0.53268,0
"locus170","locus296",0.185398,0.873436,NA,NA,0.350542,NA,0.203156,0
"locus170","locus301",0.70158,0.89378,NA,NA,0.45274,NA,0.142094,0
"locus170","locus314",0.93267,0.574046,NA,NA,1,NA,0.620076,0
"locus170","locus321",0.712426,0.735398,NA,NA,0.204794,NA,0.694518,0
"locus170","locus322",0.74711,0.828388,NA,NA,0.531144,NA,0.595784,0
"locus170","locus323",0.334958,0.20806,NA,NA,0.608332,NA,0.313454,0
"locus170","locus329",0.730186,0.105926,NA,NA,0.078898,NA,0.071456,0
"locus170","locus332",0.643744,0.376656,NA,NA,0.44833,NA,0.44572,0
"locus170","locus358",0.167054,0.253398,NA,NA,0.892452,NA,0.39394,0
"locus170","locus359",0.923644,0.860042,NA,NA,0.464432,NA,1,0
"locus170","locus360",0.350918,0.212342,NA,NA,0.016446,NA,0.583746,1
"locus176","locus184",0.85534,NA,NA,NA,0.225422,NA,0.370146,0
"locus176","locus186",0.689024,NA,NA,NA,0.041442,NA,0.38455,1
"locus176","locus188",0.038242,NA,NA,NA,0.939196,1,0.172408,1
"locus176","locus189",0.748654,NA,NA,NA,0.040084,0.829618,1,1
"locus176","locus190",0.114822,NA,NA,NA,0.573484,0.428378,0.510814,0
"locus176","locus191",0.861616,NA,NA,NA,0.574238,0.773092,0.229218,0
"locus176","locus192",0.83691,NA,NA,NA,0.491636,1,1,0
"locus176","locus195",0.463298,NA,Inf,NA,0.86014,0.655898,0.888472,0
"locus176","locus202",0.423792,NA,NA,NA,0.813858,0.657746,0.562836,0
"locus176","locus215",0.204422,NA,NA,NA,0.907326,1,1,0
"locus176","locus227",0.284686,NA,Inf,NA,0.403166,1,1,0
"locus176","locus231",0.302544,NA,NA,NA,0.92898,NA,1,0
"locus176","locus235",0.776958,NA,NA,NA,0.817398,Inf,0.554892,0
"locus176","locus236",0.466638,NA,NA,NA,0.167726,1,0.76591,0
"locus176","locus237",0.423944,NA,Inf,NA,0.047678,1,0.589388,1
"locus176","locus239",0.41777,NA,NA,NA,0.285542,0.067942,0.580916,0
"locus176","locus248",0.061742,NA,NA,NA,0.439672,0.315432,0.045476,1
"locus176","locus256",0.661972,NA,Inf,NA,0.697392,NA,0.348888,0
"locus176","locus263",1,NA,NA,NA,0.545938,NA,1,0
"locus176","locus264",0.249306,NA,NA,NA,0.061144,NA,0.55778,0
"locus176","locus274",0.362778,NA,NA,NA,0.993992,NA,0.603,0
"locus176","locus280",1,NA,NA,NA,0.350402,NA,0.842294,0
"locus176","locus282",0.796216,NA,NA,NA,0.623848,NA,0.790092,0
"locus176","locus286",0.748734,NA,NA,NA,0.920234,NA,1,0
"locus176","locus291",0.783092,NA,NA,NA,0.942634,NA,0.839508,0
"locus176","locus292",0.56795,NA,NA,NA,0.433036,NA,0.633118,0
"locus176","locus296",0.370256,NA,NA,NA,0.584394,NA,0.588116,0
"locus176","locus301",0.888488,NA,NA,NA,0.103448,NA,1,0
"locus176","locus314",0.261474,NA,NA,NA,0.698548,NA,1,0
"locus176","locus321",0.102678,NA,NA,NA,0.525898,NA,0.721314,0
"locus176","locus322",0.410802,NA,NA,NA,0.081626,NA,0.866112,0
"locus176","locus323",0.10184,NA,NA,NA,0.877644,NA,0.833138,0
"locus176","locus329",0.77068,NA,NA,NA,0.820534,NA,0.089052,0
"locus176","locus332",0.5773,NA,NA,NA,0.360384,NA,0.305474,0
"locus176","locus358",0.29931,NA,NA,NA,0.451016,NA,0.7765,0
"locus176","locus359",0.30951,NA,NA,NA,0.043338,NA,0.400574,1
"locus176","locus360",0.684728,NA,NA,NA,0.453968,NA,0.28863,0
"locus184","locus186",6e-06,6e-06,NA,0.166152,0.004958,NA,0.055816,3
"locus184","locus188",0.788374,0.530556,NA,1,0.183482,1,0.925848,0
"locus184","locus189",0.71053,0.894696,NA,NA,0.518242,1,1,0
"locus184","locus190",0.84437,0.559426,NA,NA,0.316174,1,0.047664,1
"locus184","locus191",0.489584,NA,NA,NA,0.04874,1,0.484434,1
"locus184","locus192",0.967226,0.838596,NA,NA,0.79741,0.525288,0.916404,0
"locus184","locus195",0.59694,0.207312,0.24803,NA,0.71668,1,0.291828,0
"locus184","locus202",0.482846,0.756978,NA,NA,0.09615,0.142,0.266288,0
"locus184","locus215",0.086444,NA,NA,NA,0.916272,0.335264,0.327096,0
"locus184","locus227",0.966868,0.721962,Inf,NA,0.007884,1,0.50111,1
"locus184","locus231",0.892528,0.324224,Inf,NA,0.344222,NA,0.831854,0
"locus184","locus235",0.063272,0.425188,NA,NA,0.170214,Inf,0.91482,0
"locus184","locus236",0.622152,0.073776,NA,NA,1,1,0.026004,1
"locus184","locus237",0.063106,0.816764,NA,NA,0.783124,0.524414,0.171474,0
"locus184","locus239",0.086332,0.85834,NA,NA,0.549974,1,0.759502,0
"locus184","locus248",0.794722,0.442496,NA,NA,0.391366,1,0.113252,0
"locus184","locus256",0.1709,0.185026,NA,NA,0.622846,NA,0.493108,0
"locus184","locus263",1,0.144592,NA,NA,0.17652,NA,0.3363,0
"locus184","locus264",0.427384,0.09143,NA,NA,0.660472,NA,0.341952,0
"locus184","locus274",0.956808,0.552762,NA,NA,0.402212,NA,0.074792,0
"locus184","locus280",0.456252,0.226208,NA,NA,0.846288,NA,1,0
"locus184","locus282",0.463844,0.01283,NA,NA,0.68963,NA,0.537394,1
"locus184","locus286",1,0.17281,NA,NA,0.580252,NA,0.56984,0
"locus184","locus291",0.757448,0.179264,NA,NA,0.086394,NA,0.604598,0
"locus184","locus292",0.217282,0.68194,NA,NA,0.452378,NA,0.02276,1
"locus184","locus296",0.57257,0.493074,NA,NA,0.600676,NA,1,0
"locus184","locus301",0.752714,0.804378,NA,NA,0.24976,NA,0.506522,0
"locus184","locus314",0.738288,1,NA,NA,0.294816,NA,1,0
"locus184","locus321",0.76082,0.708726,NA,NA,0.409316,NA,0.80248,0
"locus184","locus322",0.216842,0.039774,NA,NA,0.335154,NA,0.437666,1
"locus184","locus323",0.895602,0.410896,NA,NA,0.37585,NA,0.270784,0
"locus184","locus329",0.258232,0.74203,NA,NA,0.298406,NA,1,0
"locus184","locus332",0.613014,0.306132,NA,NA,0.277758,NA,0.187922,0
"locus184","locus358",0.487424,0.967054,NA,NA,0.01239,NA,0.760022,1
"locus184","locus359",0.893362,0.763562,NA,NA,0.459862,NA,0.332708,0
"locus184","locus360",0.265272,0.529618,Inf,NA,0.840228,NA,0.720996,0
"locus186","locus188",0.827986,0.86365,NA,1,0.148778,0.517064,0.796956,0
"locus186","locus189",0.280424,0.356242,NA,NA,0.950524,0.571064,0.230396,0
"locus186","locus190",0.451718,0.472776,NA,NA,0.584074,1,0.473386,0
"locus186","locus191",0.887666,NA,NA,NA,0.047258,0.237548,0.068942,1
"locus186","locus192",0.702662,0.143972,NA,NA,0.243974,0.52461,0.434966,0
"locus186","locus195",0.008488,0.888774,Inf,NA,0.852758,1,0.785538,1
"locus186","locus202",0.259548,0.649114,NA,NA,0.638548,1,0.41573,0
"locus186","locus215",0.142588,NA,NA,NA,0.824012,0.621002,0.137164,0
"locus186","locus227",0.672442,0.685522,Inf,NA,0.85652,0.14335,1,0
"locus186","locus231",0.290552,0.288986,Inf,NA,0.118868,NA,1,0
"locus186","locus235",0.108446,0.88298,NA,NA,0.490482,Inf,1,0
"locus186","locus236",0.355066,0.118536,NA,NA,0.399628,0.428546,1,0
"locus186","locus237",0.334084,0.750028,NA,NA,0.202586,0.524324,0.750168,0
"locus186","locus239",0.43626,0.745656,NA,NA,0.447872,1,1,0
"locus186","locus248",0.427618,0.68437,NA,NA,0.16804,1,0.121908,0
"locus186","locus256",0.607958,0.658762,NA,NA,0.75242,NA,0.207412,0
"locus186","locus263",1,0.110742,NA,NA,1,NA,1,0
"locus186","locus264",0.488694,0.53072,NA,NA,0.467718,NA,0.165852,0
"locus186","locus274",0.650326,0.137592,NA,NA,0.12522,NA,0.719772,0
"locus186","locus280",0.200922,0.18568,NA,NA,0.302878,NA,0.452872,0
"locus186","locus282",0.258376,0.207482,NA,NA,0.55646,NA,0.447068,0
"locus186","locus286",1,0.364212,NA,NA,0.755176,NA,0.120026,0
"locus186","locus291",0.564774,1,NA,NA,0.042196,NA,0.230444,1
"locus186","locus292",1,0.571528,NA,NA,0.566462,NA,1,0
"locus186","locus296",0.260822,0.170672,NA,NA,0.867318,NA,1,0
"locus186","locus301",0.78977,0.089896,NA,NA,0.640618,NA,1,0
"locus186","locus314",1,0.50056,NA,NA,0.122268,NA,1,0
"locus186","locus321",0.380872,0.860716,NA,NA,0.098666,NA,0.53019,0
"locus186","locus322",0.002304,0.116452,NA,NA,0.370502,NA,0.246898,1
"locus186","locus323",0.4263,0.602232,NA,NA,0.825774,NA,0.02457,1
"locus186","locus329",0.003476,0.984594,NA,NA,0.729154,NA,0.51326,1
"locus186","locus332",0.878086,0.03146,NA,NA,0.875054,NA,0.568036,1
"locus186","locus358",0.36086,1,NA,NA,0.159432,NA,1,0
"locus186","locus359",0.18272,0.15903,NA,NA,0.680878,NA,1,0
"locus186","locus360",0.30262,0.482428,NA,NA,0.95709,NA,1,0
"locus188","locus189",0.520862,0.62543,NA,NA,0.757868,0.282204,0.47849,0
"locus188","locus190",0.459554,0,NA,NA,0.701094,1,0.62478,1
"locus188","locus191",0.898286,NA,NA,NA,0.715088,0.237378,0.196574,0
"locus188","locus192",0.216562,0.750422,NA,NA,0.979364,0.522012,0.886914,0
"locus188","locus195",0.47717,0.913542,Inf,NA,0.036716,0.426762,0.694482,1
"locus188","locus202",0.475418,0.778416,NA,NA,0.659846,0.431748,0.273208,0
"locus188","locus215",0.717556,NA,NA,NA,0.14415,1,0.749406,0
"locus188","locus227",0.27896,0.21615,Inf,NA,0.730066,0.427944,0.387278,0
"locus188","locus231",0.88115,0.778034,Inf,NA,0.747776,NA,0.930118,0
"locus188","locus235",0.10909,0.960654,NA,NA,0.482992,Inf,0.519254,0
"locus188","locus236",0.169124,0.638436,NA,NA,0.454494,1,0.513654,0
"locus188","locus237",0.41174,0.988606,NA,NA,0.333912,1,0.35898,0
"locus188","locus239",0.738374,0.099864,NA,NA,0.172152,1,0.08112,0
"locus188","locus248",0.334808,0.719284,NA,NA,0.133348,1,0.429972,0
"locus188","locus256",0.778358,0.060328,NA,NA,0.05688,NA,0.299378,0
"locus188","locus263",0.366258,0.805642,NA,NA,0.122702,NA,1,0
"locus188","locus264",0.273342,0.777968,NA,NA,0.734032,NA,0.118404,0
"locus188","locus274",0.153468,0.517236,NA,NA,0.834972,NA,0.375444,0
"locus188","locus280",0.257204,0.459744,NA,NA,0.506262,NA,0.213446,0
"locus188","locus282",0.175294,0.615568,NA,NA,0.15261,NA,0.538486,0
"locus188","locus286",0.42871,0.772102,NA,NA,0.817686,NA,0.87711,0
"locus188","locus291",0.485658,0.35367,NA,NA,0.061984,NA,0.284232,0
"locus188","locus292",0.10284,0.018084,NA,NA,0.003956,NA,0.90781,2
"locus188","locus296",0.053508,0.255378,NA,NA,0.215908,NA,0.511302,0
"locus188","locus301",0.317124,0.645662,NA,NA,0.681246,NA,0.2366,0
"locus188","locus314",0.882964,0.50249,NA,NA,0.509488,NA,0.72317,0
"locus188","locus321",0.043236,0.232414,NA,NA,0.188756,NA,0.944652,1
"locus188","locus322",0.909172,0.55116,NA,NA,0.342006,NA,0.860328,0
"locus188","locus323",0.398882,0.764742,NA,NA,0.927706,NA,1,0
"locus188","locus329",6.2e-05,0.254002,NA,NA,0.012334,NA,0.49403,2
"locus188","locus332",0.986942,0.615248,NA,NA,0.724412,NA,0.22777,0
"locus188","locus358",0.95169,0.669088,NA,NA,0.7985,NA,0.32491,0
"locus188","locus359",0.69391,0.854872,NA,NA,0.926916,NA,0.536096,0
"locus188","locus360",0.234216,0.924814,NA,NA,0.988796,NA,0.821726,0
"locus189","locus190",0.186648,0.756546,NA,NA,0.649454,1,0.301772,0
"locus189","locus191",0.15687,NA,NA,NA,0.25065,0.059372,0.71978,0
"locus189","locus192",0.624626,0.77137,NA,NA,0.237958,0.572456,0.650478,0
"locus189","locus195",0.56852,0.89404,Inf,NA,0.905662,0.227276,1,0
"locus189","locus202",0.694556,0.980566,NA,NA,0.028702,1,0.873066,1
"locus189","locus215",0.069972,NA,NA,NA,0.872642,1,0.799972,0
"locus189","locus227",0.365976,0.412548,Inf,NA,0.595464,0.228156,0.287716,0
"locus189","locus231",0.921792,0.10187,NA,NA,0.80226,NA,0.028676,1
"locus189","locus235",0.360316,0.729572,NA,NA,0.500332,Inf,0.260262,0
"locus189","locus236",0.138266,0.62016,NA,NA,0.046328,1,1,1
"locus189","locus237",0.622884,0.761738,NA,NA,0.003706,0.57187,0.251828,1
"locus189","locus239",0.121388,0.58611,NA,NA,0.847836,0.487078,0.544202,0
"locus189","locus248",0.669392,1,NA,NA,0.981986,1,1,0
"locus189","locus256",0.99107,0.2514,NA,NA,0.951844,NA,0.038932,1
"locus189","locus263",1,0.710912,NA,NA,0.736208,NA,1,0
"locus189","locus264",0.101144,0.790986,NA,NA,0.128516,NA,0.264006,0
"locus189","locus274",0.693694,0.274948,NA,NA,0.341202,NA,1,0
"locus189","locus280",0.565478,0.66587,NA,NA,0.046498,NA,0.157408,1
"locus189","locus282",0.265324,0.940742,NA,NA,0.964552,NA,1,0
"locus189","locus286",0.676512,0.50017,NA,NA,0.414868,NA,0.726562,0
"locus189","locus291",0.495308,0.19167,NA,NA,0.058364,NA,0.508558,0
"locus189","locus292",0.168174,0.322756,NA,NA,0.118332,NA,1,0
"locus189","locus296",0.455756,0.073968,NA,NA,0.50639,NA,0.919996,0
"locus189","locus301",0.945754,0.87632,NA,NA,0.111126,NA,0.726438,0
"locus189","locus314",1,0.640808,Inf,0.502748,0.084916,NA,1,0
"locus189","locus321",0.025904,0.66903,NA,NA,0.247392,NA,0.780292,1
"locus189","locus322",0.54302,0.953384,NA,NA,0.292116,NA,0.800174,0
"locus189","locus323",0.779886,0.640072,NA,NA,0.06321,NA,0.356692,0
"locus189","locus329",0.041296,0.217688,NA,NA,0.697326,NA,1,1
"locus189","locus332",0.691874,0.744044,NA,NA,0.597284,NA,0.066598,0
"locus189","locus358",0.86433,1,NA,NA,0.962226,NA,0.25087,0
"locus189","locus359",0.562994,0.354792,NA,NA,0.248466,NA,1,0
"locus189","locus360",0.80118,0.437486,NA,NA,0.446582,NA,0.691402,0
"locus190","locus191",0.152332,NA,NA,NA,0.536758,1,1,0
"locus190","locus192",0.011948,0.808458,NA,NA,0.460334,1,0.630112,1
"locus190","locus195",0.182932,0.62878,Inf,NA,0.27113,0.4287,0.203984,0
"locus190","locus202",0.613114,0.570406,NA,NA,0.493678,1,0.336938,0
"locus190","locus215",0.11933,NA,NA,NA,0.93728,1,1,0
"locus190","locus227",0.93547,1,Inf,NA,0.192776,1,1,0
"locus190","locus231",0.85252,0.80644,NA,NA,0.173216,NA,0.524266,0
"locus190","locus235",0.79578,0.447104,NA,NA,0.170512,Inf,0.389664,0
"locus190","locus236",0.912578,0.122882,NA,NA,0.010964,1,1,1
"locus190","locus237",0.258526,0.473966,NA,NA,0.07037,0.523638,0.063002,0
"locus190","locus239",0.911388,0.090598,NA,NA,0.980516,1,0.889576,0
"locus190","locus248",0.701872,0.177094,NA,NA,0.08981,1,1,0
"locus190","locus256",0.835812,0.774936,NA,NA,0.627934,NA,0.283792,0
"locus190","locus263",1,1,NA,NA,0.360936,NA,1,0
"locus190","locus264",0.246732,0.7847,NA,NA,0.624586,NA,0.921192,0
"locus190","locus274",1,0.36777,NA,NA,0.156838,NA,0.03948,1
"locus190","locus280",0.73559,0.557362,NA,NA,0.237288,NA,1,0
"locus190","locus282",0.84197,0.75243,NA,NA,0.345866,NA,0.694514,0
"locus190","locus286",0.602136,0.214756,NA,NA,0.368324,NA,0.04215,1
"locus190","locus291",0.609654,0.09634,NA,NA,0.275802,NA,0.801866,0
"locus190","locus292",0.057238,0.017104,NA,NA,0.469426,NA,0.512826,1
"locus190","locus296",0.40375,0.954682,NA,NA,0.658474,NA,0.470224,0
"locus190","locus301",0.4029,0.197914,NA,NA,0.873046,NA,0.0544,0
"locus190","locus314",0.558342,0.44165,Inf,0.598812,1,NA,0.548124,0
"locus190","locus321",0.777144,0.010062,NA,NA,0.176388,NA,1,1
"locus190","locus322",0.986094,0.87945,NA,NA,0.559918,NA,0.202168,0
"locus190","locus323",0.110686,0.713226,NA,NA,0.786052,NA,0.003042,1
"locus190","locus329",0.61049,0.31973,NA,NA,0.400862,NA,0.389332,0
"locus190","locus332",0.163274,0.6108,NA,NA,0.621216,NA,0.413968,0
"locus190","locus358",0.76434,0.37685,NA,NA,0.117666,NA,0.721902,0
"locus190","locus359",0.186094,0.89928,NA,NA,0.064046,NA,0.066298,0
"locus190","locus360",0.511748,0.719382,NA,NA,0.187224,NA,0.639752,0
"locus191","locus192",0.89418,NA,NA,NA,0.50132,0.096344,0.76965,0
"locus191","locus195",0.383036,NA,Inf,NA,0.224648,0.65705,0.684952,0
"locus191","locus202",0.766182,NA,NA,NA,1,0.313698,0.858902,0
"locus191","locus215",0.50145,NA,NA,NA,0.613452,0.428346,1,0
"locus191","locus227",0.936142,NA,Inf,NA,0.537574,0.65432,1,0
"locus191","locus231",0.423058,NA,NA,NA,0.352722,NA,1,0
"locus191","locus235",0.498048,NA,NA,NA,0.233652,Inf,0.860498,0
"locus191","locus236",0.471478,NA,NA,NA,0.370338,1,1,0
"locus191","locus237",0.213452,NA,NA,NA,0.078016,0.429946,0.86994,0
"locus191","locus239",0.726622,NA,NA,NA,0.148296,0.77104,0.90568,0
"locus191","locus248",0.818604,NA,NA,NA,0.281722,1,0.045416,1
"locus191","locus256",0.688946,NA,NA,NA,0.989656,NA,0.16448,0
"locus191","locus263",0.114286,NA,NA,NA,0.533808,NA,1,0
"locus191","locus264",0.80261,NA,NA,NA,0.232156,NA,0.01241,1
"locus191","locus274",0.189424,NA,NA,NA,0.575626,NA,0.783412,0
"locus191","locus280",0.065398,NA,NA,NA,0.013302,NA,0.700416,1
"locus191","locus282",0.275916,NA,NA,NA,0.798802,NA,1,0
"locus191","locus286",0.655496,NA,NA,NA,0.7057,NA,0.361338,0
"locus191","locus291",0.242296,NA,NA,NA,0.29649,NA,0.480208,0
"locus191","locus292",0.770638,NA,NA,NA,0.026798,NA,0.215626,1
"locus191","locus296",0.342392,NA,NA,NA,0.743214,NA,0.390778,0
"locus191","locus301",0.444976,NA,NA,NA,0.52802,NA,1,0
"locus191","locus314",0.633478,NA,Inf,NA,0.377032,NA,1,0
"locus191","locus321",0.226572,NA,NA,NA,0.080374,NA,1,0
"locus191","locus322",0.146312,NA,NA,NA,0.035798,NA,1,1
"locus191","locus323",0.485688,NA,NA,NA,0.620352,NA,0.734176,0
"locus191","locus329",0.667552,NA,NA,NA,0.818126,NA,0.122316,0
"locus191","locus332",0.237222,NA,NA,NA,0.620268,NA,0.754384,0
"locus191","locus358",0.70535,NA,NA,NA,1,NA,1,0
"locus191","locus359",0.61681,NA,NA,NA,0.24309,NA,Inf,0
"locus191","locus360",0.807194,NA,NA,NA,0.464014,NA,0.565614,0
"locus192","locus195",0.921662,0.468064,Inf,NA,0.876524,0.42856,0.499698,0
"locus192","locus202",0.430548,0.819316,NA,NA,0.496076,0.143394,0.939534,0
"locus192","locus215",0.629778,NA,NA,NA,0.394822,0.14313,0.483752,0
"locus192","locus227",0.70157,0.580308,Inf,NA,0.196062,0.429054,1,0
"locus192","locus231",0.064648,0.654304,NA,NA,1,NA,0.233012,0
"locus192","locus235",0.970268,0.075956,NA,NA,0.048614,Inf,0.784134,1
"locus192","locus236",0.152626,0.648188,NA,NA,0.20006,1,0.411094,0
"locus192","locus237",0.856938,0.67877,NA,NA,0.687408,1,0.217836,0
"locus192","locus239",0.81552,0.735134,NA,NA,0.249492,1,0.367876,0
"locus192","locus248",0.471504,0.556968,NA,NA,0.540098,1,0.201024,0
"locus192","locus256",0.182956,0.880036,NA,NA,0.88891,NA,1,0
"locus192","locus263",0.417682,0.577912,NA,NA,0.757702,NA,1,0
"locus192","locus264",0.382636,0.373,NA,NA,0.093106,NA,1,0
"locus192","locus274",0.430874,0.985616,NA,NA,0.20572,NA,0.241018,0
"locus192","locus280",0.048198,0.506214,NA,NA,0.659246,NA,0.188524,1
"locus192","locus282",0.96751,0.826874,NA,NA,0.316452,NA,0.431554,0
"locus192","locus286",0.894624,0.174786,NA,NA,1,NA,0.538676,0
"locus192","locus291",0.568128,0.408504,NA,NA,0.925392,NA,0.850378,0
"locus192","locus292",1,0.57155,NA,NA,0.166184,NA,0.243166,0
"locus192","locus296",0.895378,0.609966,NA,NA,1,NA,0.772512,0
"locus192","locus301",0.597454,0.722584,Inf,NA,0.47795,NA,0.461652,0
"locus192","locus314",0.556996,0.162902,NA,NA,0.393742,NA,1,0
"locus192","locus321",0.342016,0.026358,NA,NA,0.390492,NA,0.13343,1
"locus192","locus322",0.310942,0.151514,NA,NA,0.539864,NA,0.107178,0
"locus192","locus323",0.64481,0.535082,NA,NA,0.558708,NA,0.841032,0
"locus192","locus329",0.064642,0.250162,NA,NA,0.206444,NA,0.067026,0
"locus192","locus332",0.975054,0.706314,Inf,NA,0.972764,NA,0.782964,0
"locus192","locus358",0.507092,0.048632,NA,NA,0.657516,NA,0.130012,1
"locus192","locus359",0.252862,1,NA,NA,0.536156,NA,1,0
"locus192","locus360",0.286402,1,NA,NA,0.090602,NA,0.792544,0
"locus195","locus202",0.770316,0.139576,NA,NA,0.807228,1,0.42373,0
"locus195","locus215",0.466784,NA,NA,NA,0.641886,1,0.734778,0
"locus195","locus227",0.154114,0.153656,Inf,NA,0.424752,0.485506,1,0
"locus195","locus231",0.962688,0.39166,NA,NA,0.944816,NA,0.722484,0
"locus195","locus235",0.651166,0.247948,NA,NA,0.337408,Inf,0.760092,0
"locus195","locus236",0.569286,0.527278,NA,NA,0.341752,1,0.20597,0
"locus195","locus237",0.31596,0.119646,NA,NA,0.865464,1,1,0
"locus195","locus239",0.19299,0.908066,NA,NA,0.613828,0.142942,0.182832,0
"locus195","locus248",0.970766,0.364964,NA,NA,0.513562,0.48424,0.292188,0
"locus195","locus256",0.823122,0.046334,NA,NA,0.655958,NA,0.718906,1
"locus195","locus263",0.324776,0.449068,NA,NA,0.426594,NA,1,0
"locus195","locus264",0.30577,0.756506,NA,NA,0.423334,NA,1,0
"locus195","locus274",0.577104,0.099416,NA,NA,0.579338,NA,0.734366,0
"locus195","locus280",0.357902,0.856106,NA,NA,0.032206,NA,0.542572,1
"locus195","locus282",0.877646,0.686756,NA,NA,0.453108,NA,0.662036,0
"locus195","locus286",0.60362,0.312428,NA,NA,0.147276,NA,0.620132,0
"locus195","locus291",0.49797,0.067804,NA,NA,0.211452,NA,0.046714,1
"locus195","locus292",0.492576,0.396374,NA,NA,0.737978,NA,1,0
"locus195","locus296",0.79035,0.7255,NA,NA,0.498966,NA,0.34775,0
"locus195","locus301",0.257236,0.265338,Inf,NA,0.11598,NA,1,0
"locus195","locus314",0.54891,0.660036,NA,Inf,0.369148,NA,1,0
"locus195","locus321",0.318518,0.532186,NA,NA,0.310284,NA,0.081854,0
"locus195","locus322",0.435234,0.136944,NA,NA,0.939384,NA,1,0
"locus195","locus323",0.777816,0.81204,NA,NA,0.149296,NA,0.210112,0
"locus195","locus329",0.367098,0.944208,NA,NA,0.791034,NA,0.87274,0
"locus195","locus332",0.098174,0.746432,1,NA,0.936138,NA,0.546756,0
"locus195","locus358",0.908688,0.097946,NA,NA,0.061516,NA,1,0
"locus195","locus359",0.661374,0.249438,NA,NA,0.953634,NA,Inf,0
"locus195","locus360",0.508338,0.837962,NA,NA,0.679382,NA,0.036362,1
"locus202","locus215",0.978292,NA,NA,NA,0.639168,0.658434,0.661836,0
"locus202","locus227",0.751526,0.92015,Inf,NA,0.426598,1,0.066142,0
"locus202","locus231",0.57614,0.205826,NA,NA,0.810686,NA,0.773966,0
"locus202","locus235",0.34326,0.33363,NA,NA,0.178476,Inf,0.44425,0
"locus202","locus236",0.226212,0.51398,NA,NA,0.182952,1,0.549906,0
"locus202","locus237",0.877592,0.61376,NA,NA,0.417388,1,0.267994,0
"locus202","locus239",0.177252,0.258378,NA,NA,0.2398,1,0.413292,0
"locus202","locus248",0.60407,0.545988,NA,NA,0.001202,0.485906,0.663772,1
"locus202","locus256",0.918354,0.029006,NA,NA,0.788448,NA,0.761224,1
"locus202","locus263",0.457984,0.052798,NA,NA,0.62208,NA,0.602394,0
"locus202","locus264",0.678886,0.261062,NA,NA,0.016042,NA,0.534662,1
"locus202","locus274",0.179786,0.963794,NA,NA,0.603262,NA,0.162158,0
"locus202","locus280",0.527096,0.669118,NA,NA,0.90684,NA,1,0
"locus202","locus282",0.76247,0.377634,NA,NA,0.136746,NA,1,0
"locus202","locus286",0.180374,0.083118,NA,NA,1,NA,1,0
"locus202","locus291",0.576916,0.711448,NA,NA,0.003428,NA,0.58567,1
"locus202","locus292",0.972566,0.098822,NA,NA,0.070026,NA,0.516734,0
"locus202","locus296",0.822262,0.47112,NA,NA,0.415196,NA,0.53427,0
"locus202","locus301",0.090298,1,Inf,NA,0.380028,NA,0.670506,0
"locus202","locus314",0.28417,0.357602,NA,1,0.504542,NA,0.708258,0
"locus202","locus321",0.840324,0.431902,NA,NA,0.8262,NA,0.663522,0
"locus202","locus322",0.705196,0.677004,NA,NA,0.845656,NA,0.593472,0
"locus202","locus323",0.400174,0.283092,NA,NA,0.424352,NA,0.358936,0
"locus202","locus329",0.6006,0.935464,NA,NA,0.8437,NA,0.559626,0
"locus202","locus332",0.29603,0.422274,0.50334,NA,0.54002,NA,1,0
"locus202","locus358",0.783288,0.27094,NA,NA,0.033662,NA,1,1
"locus202","locus359",0.598222,0.319378,NA,NA,0.038052,NA,1,1
"locus202","locus360",0.098964,0.485648,NA,NA,0.435114,NA,0.89612,0
"locus215","locus227",0.709506,NA,Inf,NA,0.777474,0.256776,1,0
"locus215","locus231",0.36319,NA,NA,NA,0.504686,NA,0.57236,0
"locus215","locus235",0.196286,NA,NA,NA,0.763648,Inf,0.124896,0
"locus215","locus236",0.369472,NA,NA,NA,0.712834,0.255868,1,0
"locus215","locus237",0.055212,NA,NA,NA,0.108418,0.333202,0.596698,0
"locus215","locus239",0.105314,NA,NA,NA,0.060478,1,0.776196,0
"locus215","locus248",0.51683,NA,NA,NA,0.418692,1,0.143396,0
"locus215","locus256",0.80852,NA,NA,NA,0.710624,NA,1,0
"locus215","locus263",0.849706,NA,Inf,NA,1,NA,1,0
"locus215","locus264",0.750102,NA,NA,NA,0.076342,NA,0.659436,0
"locus215","locus274",0.26259,NA,NA,NA,0.08049,NA,0.775586,0
"locus215","locus280",0.611262,NA,NA,NA,0.28038,NA,0.521834,0
"locus215","locus282",0.741286,NA,NA,NA,0.726888,NA,1,0
"locus215","locus286",1,NA,NA,NA,0.896498,NA,1,0
"locus215","locus291",0.536868,NA,NA,NA,0.681488,NA,0.80089,0
"locus215","locus292",0.774802,NA,NA,NA,0.164188,NA,0.340788,0
"locus215","locus296",0.533258,NA,NA,NA,0.593782,NA,0.77247,0
"locus215","locus301",0.815894,NA,NA,NA,0.069192,NA,1,0
"locus215","locus314",0.439642,NA,NA,NA,0.390608,NA,1,0
"locus215","locus321",0.539768,NA,NA,NA,0.224592,NA,0.329158,0
"locus215","locus322",0.742574,NA,NA,NA,0.015726,NA,0.282562,1
"locus215","locus323",0.962958,NA,NA,NA,0.103676,NA,1,0
"locus215","locus329",0.238508,NA,NA,NA,0.821816,NA,0.287576,0
"locus215","locus332",0.92341,NA,Inf,NA,0.428912,NA,0.609188,0
"locus215","locus358",0.103976,NA,NA,NA,0.20942,NA,1,0
"locus215","locus359",0.051602,NA,NA,NA,0.50808,NA,1,0
"locus215","locus360",0.007772,NA,NA,NA,0.186966,NA,0.818556,1
"locus227","locus231",0.344554,0.604178,NA,NA,0.126318,NA,1,0
"locus227","locus235",0.443332,0.107928,NA,NA,0.346922,Inf,0.461444,0
"locus227","locus236",1,0.725656,NA,NA,0.242958,0.142216,1,0
"locus227","locus237",0.51431,0.178948,NA,NA,0.347598,1,0.341556,0
"locus227","locus239",1,0.850214,NA,NA,0.364446,1,0.461832,0
"locus227","locus248",1,0.61118,NA,NA,0.24469,0.484008,1,0
"locus227","locus256",0.870824,0.036326,NA,NA,0.361888,NA,0.691148,1
"locus227","locus263",0.855334,0.573222,NA,NA,0.35268,NA,1,0
"locus227","locus264",0.915538,0.513426,Inf,NA,0.850866,NA,1,0
"locus227","locus274",0.016686,0.251042,NA,NA,0.90247,NA,0.141082,1
"locus227","locus280",0.444388,0.137578,NA,NA,0.66398,NA,1,0
"locus227","locus282",0.322998,0.204174,NA,NA,0.647752,NA,0.559178,0
"locus227","locus286",0.044494,0.33633,NA,NA,0.401166,NA,0.63754,1
"locus227","locus291",0.01897,0.927662,NA,NA,0.252898,NA,1,1
"locus227","locus292",0.48605,0.618424,NA,NA,0.865212,NA,0.065308,0
"locus227","locus296",0.22381,1,NA,NA,0.538688,NA,0.166094,0
"locus227","locus301",0.136644,0.34646,NA,NA,0.339828,NA,0.076464,0
"locus227","locus314",0.747496,0.692802,NA,Inf,1,NA,1,0
"locus227","locus321",0.599938,0.17713,NA,NA,0.885716,NA,0.672246,0
"locus227","locus322",0.52236,0.657814,NA,NA,0.28024,NA,1,0
"locus227","locus323",0.307106,0.38664,NA,NA,0.808204,NA,1,0
"locus227","locus329",0.55626,0.6761,NA,NA,0.631216,NA,1,0
"locus227","locus332",0.21518,0.630826,NA,NA,0.811884,NA,0.472482,0
"locus227","locus358",0.587358,0.806304,NA,NA,0.521532,NA,1,0
"locus227","locus359",0.405688,0.763312,NA,NA,0.956838,NA,Inf,0
"locus227","locus360",0.173784,0.75259,NA,NA,0.90819,NA,0.472132,0
"locus231","locus235",0.71423,0.412436,NA,NA,0.723764,NA,1,0
"locus231","locus236",0.946664,0.206766,NA,NA,0.326512,NA,0.524412,0
"locus231","locus237",0.096168,0.080704,NA,NA,0.504372,NA,0.723342,0
"locus231","locus239",0.320996,0.219516,NA,NA,0.958304,NA,0.377506,0
"locus231","locus248",0.490338,0.759914,NA,NA,1,NA,1,0
"locus231","locus256",0.057336,0.266516,NA,NA,0.5908,NA,0.13555,0
"locus231","locus263",1,0.322466,NA,NA,0.660888,NA,1,0
"locus231","locus264",0.720442,0.49967,Inf,NA,0.93637,NA,1,0
"locus231","locus274",0.489334,0.27642,NA,NA,0.17216,NA,0.749088,0
"locus231","locus280",0.507504,0.35516,NA,NA,1,NA,0.007966,1
"locus231","locus282",0.268878,0.248886,NA,NA,0.478512,NA,0.75079,0
"locus231","locus286",0.209826,0.651382,NA,NA,0.151898,NA,1,0
"locus231","locus291",0.523612,0.34341,NA,NA,0.669822,NA,0.267684,0
"locus231","locus292",0.384726,0.11202,NA,NA,0.802356,NA,0.210266,0
"locus231","locus296",0.315058,0.535146,NA,NA,0.533402,NA,0.502548,0
"locus231","locus301",0.763232,0.879264,NA,NA,0.703608,NA,1,0
"locus231","locus314",0.482516,0.00782,NA,Inf,1,NA,0.286114,1
"locus231","locus321",0.951178,0.221048,NA,NA,0.05287,NA,0.353652,0
"locus231","locus322",0.634786,0.778568,NA,NA,0.057292,NA,0.858206,0
"locus231","locus323",0.393946,0.373442,NA,NA,0.585302,NA,0.65902,0
"locus231","locus329",0.066078,0.777498,NA,NA,0.829458,NA,0.85722,0
"locus231","locus332",0.713936,0.001838,NA,NA,0.947144,NA,1,1
"locus231","locus358",0.781508,0.56436,NA,NA,0.78707,NA,0.008208,1
"locus231","locus359",0.882008,0.535652,NA,NA,0.601768,NA,Inf,0
"locus231","locus360",0.86061,0.087878,NA,NA,0.56961,NA,0.904012,0
"locus235","locus236",0.279748,0.205566,NA,NA,0.29083,Inf,0.50926,0
"locus235","locus237",0.319742,0.034818,NA,NA,0.93066,Inf,0.189832,1
"locus235","locus239",0.04032,0.933946,NA,NA,0.407016,Inf,0.867508,1
"locus235","locus248",0.027426,0.715038,NA,NA,0.119236,Inf,0.161178,1
"locus235","locus256",0.32005,0.05618,NA,NA,0.960098,NA,0.693408,0
"locus235","locus263",0.774648,0.862552,NA,NA,0.654822,NA,1,0
"locus235","locus264",0.756414,0.773854,NA,NA,0.660262,NA,0.65973,0
"locus235","locus274",0.423814,0.625554,NA,NA,0.804884,NA,0.906206,0
"locus235","locus280",0.913654,0.02962,NA,NA,0.160112,NA,0.452594,1
"locus235","locus282",0.82832,0.87527,1,NA,0.446036,NA,0.76934,0
"locus235","locus286",0.062568,0.011862,NA,NA,0.660316,NA,0.768724,1
"locus235","locus291",0.951448,0.450872,NA,NA,0.920584,NA,1,0
"locus235","locus292",0.258796,0.132174,NA,NA,0.744396,NA,0.511956,0
"locus235","locus296",0.963108,0.055494,NA,NA,0.687946,NA,0.056874,0
"locus235","locus301",0.70197,0.439362,NA,NA,0.42259,NA,1,0
"locus235","locus314",0.51271,0.197584,NA,NA,0.574248,NA,0.727312,0
"locus235","locus321",0.76046,0.941346,NA,NA,0.989892,NA,0.45752,0
"locus235","locus322",0.974984,0.902732,NA,NA,0.750058,NA,0.694566,0
"locus235","locus323",0.075244,0.270554,NA,NA,0.592962,NA,0.585694,0
"locus235","locus329",0.106372,0.189932,NA,NA,0.674472,NA,0.51817,0
"locus235","locus332",0.85469,0.51919,NA,NA,0.85668,NA,0.114582,0
"locus235","locus358",0.364326,0.300438,NA,NA,1,NA,0.790826,0
"locus235","locus359",0.419942,0.18623,NA,NA,0.146092,NA,0.533804,0
"locus235","locus360",0.539686,0.243408,Inf,NA,0.686296,NA,0.447304,0
"locus236","locus237",0.611256,0.250796,NA,NA,0.055442,0.429096,0.439126,0
"locus236","locus239",0.64303,0.562416,NA,NA,0.86862,1,0.78122,0
"locus236","locus248",0.14714,0.722676,NA,NA,0.584818,1,0.71188,0
"locus236","locus256",0.01683,0.959006,NA,NA,0.867562,NA,0.240206,1
"locus236","locus263",0.345488,0.70618,NA,NA,0.37487,NA,1,0
"locus236","locus264",0.02166,0.583694,NA,NA,0.2714,NA,0.549578,1
"locus236","locus274",0.790126,0.744842,NA,NA,0.09298,NA,0.445874,0
"locus236","locus280",0.110278,0.268074,NA,NA,0.325792,NA,0.39565,0
"locus236","locus282",0.646838,0.538108,Inf,NA,0.807642,NA,0.282262,0
"locus236","locus286",1,0.384202,NA,NA,0.619144,NA,1,0
"locus236","locus291",0.787072,0.226642,NA,NA,0.117126,NA,0.299782,0
"locus236","locus292",0.626012,0.24486,NA,NA,0.748568,NA,1,0
"locus236","locus296",0.779688,0.793638,NA,NA,0.636592,NA,1,0
"locus236","locus301",0.57401,0.679426,NA,NA,0.441616,NA,1,0
"locus236","locus314",0.550606,1,NA,NA,0.60295,NA,0.61653,0
"locus236","locus321",0.244772,0.06079,NA,NA,0.005932,NA,0.331672,1
"locus236","locus322",0.231662,0.878388,NA,NA,0.809458,NA,0.782608,0
"locus236","locus323",0.138218,0.782632,NA,NA,0.472386,NA,0.754398,0
"locus236","locus329",0.261748,0.732942,NA,NA,0.212686,NA,0.38616,0
"locus236","locus332",0.040288,0.794528,NA,NA,0.255566,NA,1,1
"locus236","locus358",0.668546,0.620452,NA,NA,0.624654,NA,0.60882,0
"locus236","locus359",0.530106,0.1411,NA,NA,0.562998,NA,1,0
"locus236","locus360",0.042024,0.062954,NA,NA,0.04845,NA,1,2
"locus237","locus239",0.49597,0.278926,NA,NA,0.0684,1,0.420264,0
"locus237","locus248",0.360706,0.110214,NA,NA,0.227404,1,0.801566,0
"locus237","locus256",0.746828,0.07342,NA,NA,0.818038,NA,0.518744,0
"locus237","locus263",0.870932,0.746158,NA,NA,0.73974,NA,0.464376,0
"locus237","locus264",0.797204,0.863316,NA,NA,0.432778,NA,0.380634,0
"locus237","locus274",0.1054,0.831392,NA,NA,0.580624,NA,0.11851,0
"locus237","locus280",0.917922,0.008084,NA,NA,0.040466,NA,0.528528,2
"locus237","locus282",0.037168,0.84885,1,NA,0.125844,NA,0.834572,1
"locus237","locus286",0.163946,0.613396,NA,NA,0.421062,NA,0.61221,0
"locus237","locus291",0.157776,0.911818,NA,NA,0.036674,NA,0.735776,1
"locus237","locus292",0.139526,0.148912,NA,NA,0.63051,NA,0.739976,0
"locus237","locus296",0.159188,0.394302,NA,NA,0.225098,NA,0.799036,0
"locus237","locus301",0.375328,0.797024,NA,NA,0.982028,NA,0.340186,0
"locus237","locus314",0.855726,0.23565,NA,NA,0.496346,NA,0.724504,0
"locus237","locus321",0.812032,0.33752,NA,NA,0.23774,NA,0.501118,0
"locus237","locus322",0.745446,0.421438,NA,NA,0.373604,NA,1,0
"locus237","locus323",1,0.799278,NA,NA,0.153216,NA,0.910266,0
"locus237","locus329",0.039178,0.334548,NA,NA,0.071204,NA,0.455838,1
"locus237","locus332",0.345458,0.108328,NA,NA,0.95893,NA,0.250426,0
"locus237","locus358",0.007956,0.920938,NA,NA,0.901132,NA,0.849098,1
"locus237","locus359",0.273512,0.388986,NA,NA,0.143842,NA,0.067452,0
"locus237","locus360",0.165878,0.060754,NA,NA,0.55602,NA,0.66661,0
"locus239","locus248",0.114184,0.415498,NA,NA,0.077328,0.141544,0.359548,0
"locus239","locus256",0.196438,1,NA,NA,0.337224,NA,0.570434,0
"locus239","locus263",1,0.861986,NA,NA,0.350994,NA,0.467522,0
"locus239","locus264",1,0.458168,NA,NA,0.245412,NA,0.257664,0
"locus239","locus274",0.76965,0.059686,NA,NA,0.0051,NA,0.178878,1
"locus239","locus280",0.582624,0.692672,NA,NA,0.516696,NA,0.570694,0
"locus239","locus282",0.89681,0.43528,0.501514,NA,0.95763,NA,0.590132,0
"locus239","locus286",0.080258,0.03673,NA,NA,0.042194,NA,1,2
"locus239","locus291",0.566358,0.485964,NA,NA,0.814964,NA,0.389278,0
"locus239","locus292",0.306176,0.952286,NA,NA,0.520778,NA,0.43846,0
"locus239","locus296",0.504456,0.42913,NA,NA,0.291004,NA,0.717526,0
"locus239","locus301",0.589998,0.126682,NA,NA,0.441328,NA,0.461708,0
"locus239","locus314",1,0.357974,NA,NA,0.505624,NA,0.726064,0
"locus239","locus321",0.914438,0.185146,NA,NA,0.97524,NA,0.92968,0
"locus239","locus322",0.527216,0.836238,NA,NA,0.617446,NA,0.601584,0
"locus239","locus323",0.499418,0.820212,NA,NA,0.160976,NA,0.718008,0
"locus239","locus329",0.413936,0.771864,NA,NA,0.624762,NA,0.176082,0
"locus239","locus332",0.521274,0.275166,NA,NA,0.901212,NA,0.19468,0
"locus239","locus358",0.034444,0.181832,NA,NA,0.493146,NA,0.812248,1
"locus239","locus359",0.165284,0.581932,NA,NA,0.548912,NA,1,0
"locus239","locus360",0.6859,0.939808,NA,NA,0.905704,NA,0.19111,0
"locus248","locus256",0.66922,0.684194,NA,NA,0.15959,NA,0.492408,0
"locus248","locus263",0.752746,0.68443,NA,NA,0.728218,NA,1,0
"locus248","locus264",0.480516,0.503504,NA,NA,0.87677,NA,0.503308,0
"locus248","locus274",0.186712,0.936964,NA,NA,0.72655,NA,0.796332,0
"locus248","locus280",0.275906,0.120872,NA,NA,0.182088,NA,1,0
"locus248","locus282",0.006846,0.699604,0.500224,NA,0.436196,NA,0.838342,1
"locus248","locus286",0.585464,0.362466,NA,NA,0.670844,NA,1,0
"locus248","locus291",0.905488,0.95313,NA,NA,0.944284,NA,1,0
"locus248","locus292",0.192278,0.597644,NA,NA,0.814952,NA,0.340692,0
"locus248","locus296",0.742316,0.154894,NA,NA,0.698744,NA,0.36452,0
"locus248","locus301",0.401476,0.022588,NA,NA,0.29433,NA,1,1
"locus248","locus314",0.6714,0.717638,NA,NA,0.181682,NA,1,0
"locus248","locus321",0.462656,0.900428,NA,NA,0.800786,NA,0.431658,0
"locus248","locus322",0.749486,0.853614,NA,NA,0.773296,NA,0.35015,0
"locus248","locus323",0.313868,0.85631,NA,NA,0.11118,NA,0.402932,0
"locus248","locus329",0.820242,0.301786,NA,NA,0.616016,NA,0.648608,0
"locus248","locus332",0.674482,0.107718,NA,NA,0.192604,NA,1,0
"locus248","locus358",1,0.403774,NA,NA,0.280766,NA,0.781324,0
"locus248","locus359",0.792164,0.363098,NA,NA,0.513706,NA,1,0
"locus248","locus360",0.94734,1,NA,NA,0.944016,NA,0.528954,0
"locus256","locus263",0.462582,0.025888,NA,NA,0.543934,NA,1,1
"locus256","locus264",0.889492,0.138966,NA,NA,0.990042,NA,0.271574,0
"locus256","locus274",0.649918,0.93358,NA,NA,0.530954,NA,0.41128,0
"locus256","locus280",0.163876,0.055532,NA,NA,0.73818,NA,0.084248,0
"locus256","locus282",0.72899,0.118158,1,NA,0.291482,NA,0.381732,0
"locus256","locus286",0.469516,0.06644,NA,NA,0.329112,NA,0.017354,1
"locus256","locus291",0.070714,0.404098,NA,NA,0.829282,NA,0.927516,0
"locus256","locus292",0.803232,0.59249,NA,NA,0.214714,NA,0.26133,0
"locus256","locus296",0.467116,0.918184,NA,NA,0.15998,NA,0.860102,0
"locus256","locus301",0.141912,0.565074,NA,NA,0.587734,NA,1,0
"locus256","locus314",0.373842,0.321248,NA,NA,0.168728,NA,0.647408,0
"locus256","locus321",0.236616,0.867344,NA,NA,0.509758,NA,0.372506,0
"locus256","locus322",0.971232,0.920766,NA,NA,0.925308,NA,0.684902,0
"locus256","locus323",0.102298,0.535056,NA,NA,0.865656,NA,0.216066,0
"locus256","locus329",0.632228,0.62394,NA,NA,0.887134,NA,0.408906,0
"locus256","locus332",0.946806,0.131288,NA,NA,0.876334,NA,0.49182,0
"locus256","locus358",0.784114,0.169546,NA,NA,0.546164,NA,0.464382,0
"locus256","locus359",0.168206,0.494722,NA,NA,0.291508,NA,Inf,0
"locus256","locus360",0.012068,0.397784,NA,NA,0.05965,NA,0.124944,1
"locus263","locus264",0.099386,0.643026,NA,NA,0.073546,NA,0.60071,0
"locus263","locus274",0.665504,0.15189,NA,NA,0.702418,NA,0.467678,0
"locus263","locus280",0.106974,0.460132,NA,NA,1,NA,0.387268,0
"locus263","locus282",0.848068,0.287402,Inf,NA,0.734406,NA,1,0
"locus263","locus286",1,0.59664,NA,NA,1,NA,1,0
"locus263","locus291",0.866234,0.703492,NA,NA,1,NA,1,0
"locus263","locus292",1,0.559528,NA,NA,0.706504,NA,0.332746,0
"locus263","locus296",1,0.157764,NA,NA,0.219502,NA,0.403374,0
"locus263","locus301",0.398262,0.150378,NA,NA,0.629084,NA,1,0
"locus263","locus314",1,0.862498,NA,NA,1,NA,1,0
"locus263","locus321",0.421684,1,NA,NA,0.744846,NA,0.198848,0
"locus263","locus322",1,0.686526,NA,NA,0.846406,NA,1,0
"locus263","locus323",0.728316,0.289566,NA,NA,1,NA,1,0
"locus263","locus329",1,0.07779,NA,NA,0.354694,NA,1,0
"locus263","locus332",1,0.532556,NA,NA,0.709882,NA,0.465724,0
"locus263","locus358",1,0.690482,NA,NA,0.698226,NA,1,0
"locus263","locus359",0.412174,1,NA,NA,0.438034,NA,1,0
"locus263","locus360",0.439436,1,NA,NA,1,NA,0.573158,0
"locus264","locus274",0.20712,0.769066,NA,NA,0.946906,NA,0.093442,0
"locus264","locus280",0.170808,0.107404,NA,NA,0.252284,NA,0.364902,0
"locus264","locus282",0.136952,0.820334,NA,NA,0.716954,NA,0.289902,0
"locus264","locus286",0.86361,1,NA,NA,0.83983,NA,1,0
"locus264","locus291",0.919728,0.366668,NA,NA,0.000532,NA,0.584728,1
"locus264","locus292",0.057902,0.348678,NA,NA,0.948508,NA,0.516712,0
"locus264","locus296",0.038856,0.02233,NA,NA,0.212804,NA,0.533076,2
"locus264","locus301",0.954278,0.023354,NA,NA,0.754718,NA,0.728288,1
"locus264","locus314",0.280526,0.903934,NA,NA,1,NA,0.70903,0
"locus264","locus321",0.82368,0.088488,NA,NA,0.772182,NA,0.939134,0
"locus264","locus322",0.415394,0.163338,NA,NA,0.03376,NA,0.434342,1
"locus264","locus323",0.597642,0.54184,NA,NA,0.472746,NA,1,0
"locus264","locus329",0.314636,0.820772,NA,NA,0.837948,NA,0.935454,0
"locus264","locus332",0.676726,0.042024,NA,NA,0.908474,NA,0.812976,1
"locus264","locus358",0.561504,0.51648,NA,NA,0.105286,NA,0.64994,0
"locus264","locus359",0.32108,0.37291,NA,NA,0.493404,NA,0.600358,0
"locus264","locus360",0.282694,0.0942,NA,NA,0.033076,NA,0.938316,1
"locus274","locus280",0.211918,0.905736,NA,NA,0.09882,NA,0.617722,0
"locus274","locus282",0.613094,0.209608,NA,NA,0.298028,NA,0.690236,0
"locus274","locus286",1,0.178766,NA,NA,0.535898,NA,0.264186,0
"locus274","locus291",0.27289,0.562688,NA,NA,0.946096,NA,0.335256,0
"locus274","locus292",0.776128,0.74236,NA,NA,0.464172,NA,0.534068,0
"locus274","locus296",0.186336,0.257656,NA,NA,0.87027,NA,0.62017,0
"locus274","locus301",0.57683,0.193586,Inf,NA,0.54149,NA,1,0
"locus274","locus314",0.404942,0.234026,NA,NA,0.582256,NA,1,0
"locus274","locus321",0.351156,0.50734,NA,NA,0.139942,NA,1,0
"locus274","locus322",0.601494,0.002064,NA,NA,0.756762,NA,0.158406,1
"locus274","locus323",0.520954,1,NA,NA,0.182442,NA,0.0495,1
"locus274","locus329",0.136818,0.536984,NA,NA,0.498248,NA,0.377866,0
"locus274","locus332",0.12869,0.393342,NA,NA,0.041766,NA,1,1
"locus274","locus358",0.482038,0.456834,NA,NA,0.47765,NA,0.533366,0
"locus274","locus359",0.18679,0.137334,NA,NA,0.613782,NA,0.466436,0
"locus274","locus360",0.947082,0.360412,NA,NA,0.193344,NA,0.839012,0
"locus280","locus282",0.583196,0.529526,NA,NA,0.275646,NA,0.243492,0
"locus280","locus286",1,0.848172,NA,NA,0.76703,NA,0.589562,0
"locus280","locus291",0.974632,0.167658,NA,NA,0.449294,NA,0.366444,0
"locus280","locus292",0.772454,0.731214,NA,NA,0.97483,NA,0.051704,0
"locus280","locus296",0.507476,0.117644,NA,NA,0.9603,NA,0.187334,0
"locus280","locus301",0.05304,0.224766,Inf,NA,0.21144,NA,0.414846,0
"locus280","locus314",0.70598,0.592946,NA,NA,1,NA,1,0
"locus280","locus321",0.782168,0.767334,NA,NA,0.047234,NA,0.553464,1
"locus280","locus322",0.084264,0.38367,NA,NA,0.785058,NA,0.619304,0
"locus280","locus323",0.840462,0.155844,NA,NA,0.695924,NA,1,0
"locus280","locus329",0.32,0.347646,NA,NA,0.66298,NA,1,0
"locus280","locus332",0.040968,0.252874,NA,NA,0.238212,NA,1,1
"locus280","locus358",0.465358,0.178706,NA,NA,0.96672,NA,0.075792,0
"locus280","locus359",0.410652,0.454996,NA,NA,0.445872,NA,Inf,0
"locus280","locus360",0.408276,0.784832,NA,NA,0.505246,NA,1,0
"locus282","locus286",0.126438,0.132084,NA,NA,0.595976,NA,0.154306,0
"locus282","locus291",0.216594,0.766314,NA,NA,0.11417,NA,1,0
"locus282","locus292",0.93539,0.97069,NA,NA,0.315246,NA,1,0
"locus282","locus296",0.485506,0.220104,NA,NA,0.755596,NA,0.761392,0
"locus282","locus301",0.974598,1,Inf,NA,0.165842,NA,0.55961,0
"locus282","locus314",0.880342,0.0927,NA,NA,0.614734,NA,0.34801,0
"locus282","locus321",0.576972,0.169994,NA,NA,0.6904,NA,0.0076,1
"locus282","locus322",0.459584,0.410718,NA,NA,0.56662,NA,0.026114,1
"locus282","locus323",0.782484,0.215042,NA,NA,0.311502,NA,0.04343,1
"locus282","locus329",0.187194,0.62305,NA,NA,0.30381,NA,0.788468,0
"locus282","locus332",0.078086,0.336502,NA,NA,0.097922,NA,0.28065,0
"locus282","locus358",0.672204,0.016378,NA,NA,0.675992,NA,1,1
"locus282","locus359",0.065896,0.113798,NA,NA,0.144824,NA,1,0
"locus282","locus360",0.644832,0.606068,NA,NA,0.011336,NA,0.293776,1
"locus286","locus291",0.095676,1,NA,NA,0.76846,NA,0.72563,0
"locus286","locus292",0.517378,0.343296,NA,NA,1,NA,0.288038,0
"locus286","locus296",0.892588,0.443598,NA,NA,0.193806,NA,0.822188,0
"locus286","locus301",0.698398,1,NA,NA,0.17785,NA,0.63753,0
"locus286","locus314",0.750532,0.638952,NA,NA,0.565756,NA,0.05503,0
"locus286","locus321",0.888572,0.566306,NA,NA,0.397502,NA,0.539514,0
"locus286","locus322",0.427192,0.656532,NA,NA,0.72269,NA,0.033144,1
"locus286","locus323",0.736156,1,NA,NA,0.419104,NA,0.022228,1
"locus286","locus329",0.411288,0.614484,NA,NA,1,NA,1,0
"locus286","locus332",1,0.385094,NA,NA,1,NA,0.568734,0
"locus286","locus358",0.243884,0.131168,NA,NA,1,NA,1,0
"locus286","locus359",0.682822,0.092804,NA,NA,0.896444,NA,1,0
"locus286","locus360",0.851404,0.209744,Inf,NA,0.84937,NA,0.077866,0
"locus291","locus292",0.983642,0.189688,NA,NA,0.389648,NA,1,0
"locus291","locus296",0.27798,0.94804,NA,NA,0.724992,NA,1,0
"locus291","locus301",0.561394,0.455838,NA,NA,0.968622,NA,1,0
"locus291","locus314",0.291468,0.211198,NA,NA,0.084344,NA,0.709572,0
"locus291","locus321",0.081952,0.421342,NA,NA,0.244578,NA,0.85161,0
"locus291","locus322",0.695568,0.662554,NA,NA,0.21208,NA,0.533144,0
"locus291","locus323",0.844592,0.334934,NA,NA,0.447676,NA,0.357654,0
"locus291","locus329",0.842796,0.647632,NA,NA,0.753612,NA,0.601006,0
"locus291","locus332",0.899218,0.619568,NA,NA,0.03355,NA,1,1
"locus291","locus358",0.795466,0.84352,NA,NA,0.260314,NA,1,0
"locus291","locus359",1,0.714814,NA,NA,0.867622,NA,1,0
"locus291","locus360",0.56372,0.507574,Inf,NA,0.41134,NA,0.502078,0
"locus292","locus296",0.427318,0.529164,NA,NA,0.952424,NA,0.749726,0
"locus292","locus301",0.089042,0.955354,NA,NA,0.80017,NA,0.065412,0
"locus292","locus314",1,0.758982,NA,NA,0.673066,NA,1,0
"locus292","locus321",0.197264,0.598108,NA,NA,0.318296,NA,0.61394,0
"locus292","locus322",0.708348,0.130666,NA,NA,0.496056,NA,1,0
"locus292","locus323",0.551782,0.967212,NA,NA,0.450666,NA,0.77695,0
"locus292","locus329",0.252738,0.911882,NA,NA,0.302546,NA,0.632838,0
"locus292","locus332",0.697238,0.971352,NA,NA,0.7587,NA,0.609586,0
"locus292","locus358",0.04462,0.679698,NA,NA,0.832982,NA,0.599482,1
"locus292","locus359",0.27518,0.787728,NA,NA,0.166324,NA,0.333216,0
"locus292","locus360",0.71636,0.129994,NA,NA,0.537744,NA,0.13165,0
"locus296","locus301",0.029756,0.081722,NA,NA,0.60572,NA,1,1
"locus296","locus314",1,0.308154,NA,NA,1,NA,0.72836,0
"locus296","locus321",0.027656,0.3188,NA,NA,0.38799,NA,0.349322,1
"locus296","locus322",0.72013,0.519674,NA,NA,0.632568,NA,0.874518,0
"locus296","locus323",0.948108,0.66567,NA,NA,0.873978,NA,0.273852,0
"locus296","locus329",0.186772,0.006598,NA,NA,0.811222,NA,0.585188,1
"locus296","locus332",0.469266,0.96775,NA,NA,0.071958,NA,0.235782,0
"locus296","locus358",0.109162,0.443108,NA,NA,0.47364,NA,0.530264,0
"locus296","locus359",0.432654,0.833614,NA,NA,0.588912,NA,1,0
"locus296","locus360",1,0.062264,NA,NA,0.985756,NA,0.734914,0
"locus301","locus314",0.558792,0.622544,NA,NA,0.38701,NA,1,0
"locus301","locus321",0.551304,0.571594,NA,NA,0.587048,NA,0.669244,0
"locus301","locus322",0.194286,0.739454,NA,NA,0.53281,NA,1,0
"locus301","locus323",0.964944,0.331388,NA,NA,0.066374,NA,0.462268,0
"locus301","locus329",0.122924,0.83778,NA,NA,0.311412,NA,0.077264,0
"locus301","locus332",0.635176,0.66739,NA,NA,0.118292,NA,1,0
"locus301","locus358",0.952484,0.114256,NA,NA,0.247614,NA,0.560336,0
"locus301","locus359",0.706342,0.765598,NA,NA,0.214042,NA,0.143892,0
"locus301","locus360",0.509722,0.40161,NA,NA,0.318464,NA,0.5374,0
"locus314","locus321",0.292482,0.861384,NA,NA,0.331368,NA,0.72688,0
"locus314","locus322",0.62753,0.005562,NA,NA,0.828978,NA,0.054168,1
"locus314","locus323",0.00226,1,NA,NA,0.611734,NA,0.2245,1
"locus314","locus329",0.25868,0.069292,NA,NA,0.805286,NA,1,0
"locus314","locus332",1,0.39741,NA,NA,0.327138,NA,1,0
"locus314","locus358",0.41243,0.725886,NA,NA,0.16873,NA,0.618292,0
"locus314","locus359",1,0.275796,NA,NA,0.324414,NA,1,0
"locus314","locus360",0.87075,0.880984,NA,NA,0.818456,NA,0.131956,0
"locus321","locus322",0.902336,0.503978,NA,NA,0.240932,NA,0.18868,0
"locus321","locus323",0.962858,0.358394,NA,NA,0.680856,NA,0.140658,0
"locus321","locus329",0.103964,0.245944,NA,NA,0.985386,NA,0.723298,0
"locus321","locus332",0.465272,0.920376,NA,NA,0.87332,NA,0.331584,0
"locus321","locus358",0.887438,0.051158,NA,NA,0.70666,NA,1,0
"locus321","locus359",0.600354,0.837128,NA,NA,0.095408,NA,1,0
"locus321","locus360",0.19592,0.312554,NA,NA,0.944656,NA,0.392762,0
"locus322","locus323",0.572894,0.35338,NA,NA,0.157206,NA,0.091214,0
"locus322","locus329",0.51927,0.50847,NA,NA,0.082544,NA,0.689688,0
"locus322","locus332",0.623074,0.35968,NA,NA,0.120856,NA,0.60851,0
"locus322","locus358",0.770392,0.784778,NA,NA,0.521444,NA,0.253916,0
"locus322","locus359",0.739052,0.186764,NA,NA,0.278218,NA,1,0
"locus322","locus360",0.405682,0.537962,NA,NA,0.51962,NA,0.239818,0
"locus323","locus329",0.851854,0.499824,NA,NA,0.395712,NA,0.832538,0
"locus323","locus332",0.69861,0.780368,NA,NA,0.849628,NA,0.374598,0
"locus323","locus358",0.136328,0.286636,NA,NA,0.43603,NA,1,0
"locus323","locus359",0.78339,0.326286,NA,NA,0.622192,NA,Inf,0
"locus323","locus360",0.753292,1,NA,NA,7.6e-05,NA,0.664298,1
"locus329","locus332",0.082852,0.672362,NA,NA,0.039274,NA,0.310352,1
"locus329","locus358",0.87895,0.783852,NA,NA,0.430162,NA,1,0
"locus329","locus359",0.210948,0.52267,NA,NA,0.355834,NA,0.401508,0
"locus329","locus360",0.558112,0.030546,NA,NA,0.793176,NA,1,1
"locus332","locus358",0.972868,0.937928,NA,NA,0.626964,NA,1,0
"locus332","locus359",0.85973,0.762522,NA,NA,0.860062,NA,0.466496,0
"locus332","locus360",0.403866,0.273682,NA,NA,0.396348,NA,0.497596,0
"locus358","locus359",0.01287,0.312158,NA,NA,0.882082,NA,1,1
"locus358","locus360",0.122896,0.425378,NA,NA,0.235032,NA,1,0
"locus359","locus360",0.849456,0.709946,NA,NA,0.762064,NA,Inf,0
