"locus","stratum","num.genotyped","num.missing","prop.genotyped","num.alleles","allelic.richness","prop.unique.alleles","exptd.het","obsvd.het","num.snps"
"Dc01018","IsabelSI-South",50,17,0.746268656716418,2,0.04,0,0.357777777777778,0.343283582089552,1
"Dc01661","IsabelSI-South",66,1,0.985074626865672,3,0.0454545454545455,0.0151515151515152,0.641799676150821,0.582089552238806,2
"Dc01707","IsabelSI-South",67,0,1,4,0.0597014925373134,0,0.665357423409269,0.746268656716418,2
"Dc01784","IsabelSI-South",67,0,1,2,0.0298507462686567,0,0.415778251599147,0.492537313432836,1
"Dc02951","IsabelSI-South",67,0,1,2,0.0298507462686567,0,0.358321176074515,0.343283582089552,1
"Dc03456","IsabelSI-South",67,0,1,2,0.0298507462686567,0,0.503310515093704,0.492537313432836,1
"Dc03556","IsabelSI-South",65,2,0.970149253731343,2,0.0307692307692308,0,0.489445438282648,0.507462686567164,1
"Dc06503","IsabelSI-South",37,30,0.552238805970149,2,0.0540540540540541,0,0.195483154387264,0.119402985074627,1
"Dc07300","IsabelSI-South",66,1,0.985074626865672,3,0.0454545454545455,0.0151515151515152,0.647698357622022,0.641791044776119,2
"Dc07937","IsabelSI-South",65,2,0.970149253731343,3,0.0461538461538462,0,0.586881335718545,0.582089552238806,2
"Dc08054","IsabelSI-South",67,0,1,3,0.0447761194029851,0,0.585343956907193,0.611940298507463,2
"Dc08189","IsabelSI-South",62,5,0.925373134328358,3,0.0483870967741935,0,0.593889325990034,0.626865671641791,2
"Dc08463","IsabelSI-South",67,0,1,2,0.0298507462686567,0,0.333071484681854,0.298507462686567,1
"Dc08865","IsabelSI-South",67,0,1,3,0.0447761194029851,0,0.609471439793514,0.611940298507463,2
"Dc10003","IsabelSI-South",34,33,0.507462686567164,2,0.0588235294117647,0,0.31387181738367,0.164179104477612,1
"Dc10390","IsabelSI-South",67,0,1,2,0.0298507462686567,0,0.176523398047357,0.164179104477612,1
"Dc10878","IsabelSI-South",43,24,0.641791044776119,2,0.0465116279069767,0,0.488372093023256,0.313432835820896,1
"Dc10885","IsabelSI-South",67,0,1,3,0.0447761194029851,0,0.590842778588262,0.567164179104478,2
"Dc11203","IsabelSI-South",67,0,1,2,0.0298507462686567,0,0.176523398047357,0.194029850746269,2
"Dc11714","IsabelSI-South",64,3,0.955223880597015,2,0.03125,0,0.500861220472441,0.343283582089552,1
"Dc13159","IsabelSI-South",61,6,0.91044776119403,3,0.0491803278688525,0,0.554260940251998,0.447761194029851,2
"Dc13592","IsabelSI-South",58,9,0.865671641791045,3,0.0517241379310345,0,0.300449775112444,0.238805970149254,2
"Dc14022","IsabelSI-South",65,2,0.970149253731343,1,0.0153846153846154,0,0,0,1
"Dc14945","IsabelSI-South",67,0,1,2,0.0298507462686567,0,0.126248456963304,0.104477611940299,1
"Dc16747","IsabelSI-South",56,11,0.835820895522388,2,0.0357142857142857,0,0.395752895752896,0.298507462686567,1
"Dc18951","IsabelSI-South",67,0,1,2,0.0298507462686567,0,0.471327572663001,0.388059701492537,1
"Dc20232","IsabelSI-South",66,1,0.985074626865672,3,0.0454545454545455,0.0151515151515152,0.220217441591487,0.208955223880597,2
"Dc22883","IsabelSI-South",52,15,0.776119402985075,3,0.0576923076923077,0,0.628080657206871,0.462686567164179,2
"Dc22887","IsabelSI-South",66,1,0.985074626865672,2,0.0303030303030303,0.0151515151515152,0.153944020356234,0.164179104477612,1
"Dc27955","IsabelSI-South",49,18,0.73134328358209,2,0.0408163265306122,0,0.315800547022933,0.223880597014925,1
"Dc28124","IsabelSI-South",67,0,1,2,0.0298507462686567,0,0.164291325328246,0.17910447761194,1
"Dc28776","IsabelSI-South",65,2,0.970149253731343,2,0.0307692307692308,0,0.416935002981514,0.477611940298507,1
"Dc30071","IsabelSI-South",67,0,1,2,0.0298507462686567,0,0.503647177645607,0.447761194029851,1
"Dc31007","IsabelSI-South",40,27,0.597014925373134,2,0.05,0,0.161708860759494,0.104477611940299,1
"Dc33714","IsabelSI-South",66,1,0.985074626865672,3,0.0454545454545455,0.0151515151515152,0.588364561647004,0.507462686567164,2
"Dc33907","IsabelSI-South",62,5,0.925373134328358,2,0.032258064516129,0,0.408471020194073,0.373134328358209,1
"Dc34902","IsabelSI-South",67,0,1,2,0.0298507462686567,0,0.1885310290652,0.17910447761194,1
"Dc35779","IsabelSI-South",67,0,1,2,0.0298507462686567,0,0.276512175962294,0.26865671641791,1
"Dc36571","IsabelSI-South",63,4,0.940298507462687,2,0.0317460317460317,0,0.488634920634921,0.477611940298507,1
"Dc36616","IsabelSI-South",66,1,0.985074626865672,2,0.0303030303030303,0.0151515151515152,0.318760120286838,0.328358208955224,1
"Dc40235","IsabelSI-South",65,2,0.970149253731343,2,0.0307692307692308,0,0.349314251639833,0.313432835820896,1
"Dc41234","IsabelSI-South",33,34,0.492537313432836,3,0.0909090909090909,0,0.585547785547786,0.253731343283582,2
"Dc46984","IsabelSI-South",67,0,1,3,0.0447761194029851,0,0.602738188755471,0.567164179104478,2
"Dc47572","IsabelSI-South",67,0,1,3,0.0447761194029851,0,0.390977443609023,0.373134328358209,2
"Dc47935","IsabelSI-South",67,0,1,4,0.0597014925373134,0,0.599147121535181,0.641791044776119,3
"Dc48207","IsabelSI-South",60,7,0.895522388059702,2,0.0333333333333333,0,0.0330532212885154,0.0298507462686567,1
"Dc48950","IsabelSI-South",67,0,1,3,0.0447761194029851,0,0.566827516552575,0.522388059701492,2
"Dc49080","IsabelSI-South",67,0,1,2,0.0298507462686567,0,0.500953877230389,0.447761194029851,1
"Dc49184","IsabelSI-South",67,0,1,3,0.0447761194029851,0,0.430928066434744,0.417910447761194,2
"Dc51020","IsabelSI-South",67,0,1,2,0.0298507462686567,0,0.463247671417349,0.477611940298507,1
"Dc52523","IsabelSI-South",62,5,0.925373134328358,4,0.0645161290322581,0,0.544715447154472,0.507462686567164,2
"Dc55481","IsabelSI-South",53,14,0.791044776119403,2,0.0377358490566038,0,0.156873315363881,0.104477611940299,1
"Dc58248","IsabelSI-South",67,0,1,4,0.0597014925373134,0,0.551116597463809,0.462686567164179,2
"Dc62188","IsabelSI-South",67,0,1,3,0.0447761194029851,0,0.612164740208731,0.597014925373134,2
"Dc67011","IsabelSI-South",66,1,0.985074626865672,2,0.0303030303030303,0.0151515151515152,0.353920888272033,0.388059701492537,1
"locus003","IsabelSI-South",67,0,1,2,0.0298507462686567,0,0.415778251599147,0.462686567164179,1
"locus004","IsabelSI-South",67,0,1,2,0.0298507462686567,0,0.427898103467624,0.402985074626866,1
"locus005","IsabelSI-South",65,2,0.970149253731343,2,0.0307692307692308,0,0.331663685152057,0.283582089552239,1
"locus006","IsabelSI-South",67,0,1,2,0.0298507462686567,0,0.245202558635395,0.253731343283582,1
"locus008","IsabelSI-South",67,0,1,2,0.0298507462686567,0,0.402760632925598,0.492537313432836,1
"locus013","IsabelSI-South",67,0,1,2,0.0298507462686567,0,0.402760632925598,0.402985074626866,1
"locus014","IsabelSI-South",67,0,1,2,0.0298507462686567,0,0.47850970710358,0.477611940298507,1
"locus022","IsabelSI-South",67,0,1,3,0.0447761194029851,0,0.616653574234093,0.597014925373134,2
"locus024","IsabelSI-South",61,6,0.91044776119403,2,0.0327868852459016,0,0.318656008670912,0.358208955223881,1
"locus025","IsabelSI-South",63,4,0.940298507462687,2,0.0317460317460317,0,0.488634920634921,0.447761194029851,1
"locus027","IsabelSI-South",28,39,0.417910447761194,2,0.0714285714285714,0,0.456493506493506,0.164179104477612,1
"locus030","IsabelSI-South",66,1,0.985074626865672,2,0.0303030303030303,0.0151515151515152,0.503701133472126,0.462686567164179,1
"locus035","IsabelSI-South",67,0,1,2,0.0298507462686567,0,0.176523398047357,0.194029850746269,1
"locus038","IsabelSI-South",58,9,0.865671641791045,2,0.0344827586206897,0,0.498950524737631,0.417910447761194,1
"locus039","IsabelSI-South",63,4,0.940298507462687,2,0.0317460317460317,0,0.235301587301587,0.253731343283582,1
"locus040","IsabelSI-South",62,5,0.925373134328358,2,0.032258064516129,0,0.261605035405193,0.164179104477612,1
"locus041","IsabelSI-South",53,14,0.791044776119403,2,0.0377358490566038,0,0.383288409703504,0.223880597014925,1
"locus045","IsabelSI-South",61,6,0.91044776119403,2,0.0327868852459016,0,0.287359436390733,0.253731343283582,2
"locus047","IsabelSI-South",67,0,1,2,0.0298507462686567,0,0.502749410840534,0.477611940298507,1
"locus048","IsabelSI-South",65,2,0.970149253731343,2,0.0307692307692308,0,0.0601073345259394,0.0597014925373134,1
"locus053","IsabelSI-South",66,1,0.985074626865672,3,0.0454545454545455,0.0151515151515152,0.582118898912792,0.641791044776119,2
"locus055","IsabelSI-South",67,0,1,2,0.0298507462686567,0,0.402760632925598,0.373134328358209,1
"locus056","IsabelSI-South",67,0,1,2,0.0298507462686567,0,0.366288856469532,0.358208955223881,1
"locus058","IsabelSI-South",66,1,0.985074626865672,2,0.0303030303030303,0.0151515151515152,0.431529030765672,0.462686567164179,1
"locus060","IsabelSI-South",67,0,1,2,0.0298507462686567,0,0.200314218381775,0.223880597014925,1
"locus061","IsabelSI-South",59,8,0.880597014925373,2,0.0338983050847458,0,0.316529045342605,0.223880597014925,2
"locus062","IsabelSI-South",67,0,1,2,0.0298507462686567,0,0.415778251599147,0.343283582089552,1
"locus064","IsabelSI-South",67,0,1,2,0.0298507462686567,0,0.395915161036921,0.388059701492537,1
"locus065","IsabelSI-South",67,0,1,2,0.0298507462686567,0,0.223207271911121,0.223880597014925,1
"locus073","IsabelSI-South",63,4,0.940298507462687,2,0.0317460317460317,0,0.499428571428571,0.402985074626866,1
"locus074","IsabelSI-South",67,0,1,2,0.0298507462686567,0,0.286499831668724,0.253731343283582,1
"locus076","IsabelSI-South",58,9,0.865671641791045,2,0.0344827586206897,0,0.503748125937031,0.447761194029851,1
"locus077","IsabelSI-South",64,3,0.955223880597015,2,0.03125,0,0.0900590551181104,0.0895522388059701,1
"locus080","IsabelSI-South",65,2,0.970149253731343,2,0.0307692307692308,0,0.503756708407871,0.567164179104478,1
"locus083","IsabelSI-South",46,21,0.686567164179104,2,0.0434782608695652,0,0.331342570473005,0.223880597014925,1
"locus088","IsabelSI-South",67,0,1,2,0.0298507462686567,0,0.333071484681854,0.388059701492537,1
"locus093","IsabelSI-South",44,23,0.656716417910448,2,0.0454545454545455,0.0227272727272727,0.0227272727272727,0.0149253731343284,1
"locus096","IsabelSI-South",67,0,1,2,0.0298507462686567,0,0.324206037481764,0.373134328358209,1
"locus098","IsabelSI-South",62,5,0.925373134328358,2,0.032258064516129,0,0.36978756884343,0.328358208955224,1
"locus100","IsabelSI-South",67,0,1,2,0.0298507462686567,0,0.350129053978229,0.238805970149254,3
"locus106","IsabelSI-South",66,1,0.985074626865672,2,0.0303030303030303,0.0151515151515152,0.318760120286838,0.26865671641791,1
"locus116","IsabelSI-South",59,8,0.880597014925373,2,0.0338983050847458,0,0.420831522526438,0.343283582089552,1
"locus119","IsabelSI-South",67,0,1,2,0.0298507462686567,0,0.463247671417349,0.358208955223881,1
"locus120","IsabelSI-South",67,0,1,2,0.0298507462686567,0,0.245202558635395,0.283582089552239,1
"locus128","IsabelSI-South",50,17,0.746268656716418,2,0.04,0,0.398181818181818,0.313432835820896,1
"locus129","IsabelSI-South",67,0,1,3,0.0447761194029851,0,0.499943889574683,0.492537313432836,2
"locus130","IsabelSI-South",54,13,0.805970149253731,2,0.037037037037037,0,0.254759432329526,0.208955223880597,1
"locus134","IsabelSI-South",60,7,0.895522388059702,2,0.0333333333333333,0,0.484033613445378,0.477611940298507,1
"locus135","IsabelSI-South",64,3,0.955223880597015,3,0.046875,0,0.364173228346457,0.328358208955224,2
"locus137","IsabelSI-South",67,0,1,2,0.0298507462686567,0,0.341712490180675,0.253731343283582,1
"locus139","IsabelSI-South",67,0,1,2,0.0298507462686567,0,0.276512175962294,0.298507462686567,1
"locus140","IsabelSI-South",67,0,1,2,0.0298507462686567,0,0.276512175962294,0.298507462686567,1
"locus146","IsabelSI-South",66,1,0.985074626865672,2,0.0303030303030303,0.0151515151515152,0.496414526948878,0.447761194029851,1
"locus148","IsabelSI-South",67,0,1,2,0.0298507462686567,0,0.415778251599147,0.373134328358209,1
"locus151","IsabelSI-South",66,1,0.985074626865672,2,0.0303030303030303,0.0151515151515152,0.431529030765672,0.522388059701492,1
"locus157","IsabelSI-South",53,14,0.791044776119403,2,0.0377358490566038,0,0.217250673854447,0.134328358208955,1
"locus161","IsabelSI-South",66,1,0.985074626865672,2,0.0303030303030303,0.0151515151515152,0.385380522785103,0.388059701492537,1
"locus165","IsabelSI-South",57,10,0.850746268656716,2,0.0350877192982456,0,0.324949541996584,0.283582089552239,1
"locus170","IsabelSI-South",67,0,1,2,0.0298507462686567,0,0.481764111771967,0.432835820895522,1
"locus176","IsabelSI-South",60,7,0.895522388059702,2,0.0333333333333333,0,0.480532212885154,0.373134328358209,1
"locus184","IsabelSI-South",67,0,1,2,0.0298507462686567,0,0.402760632925598,0.432835820895522,1
"locus186","IsabelSI-South",67,0,1,2,0.0298507462686567,0,0.176523398047357,0.164179104477612,1
"locus188","IsabelSI-South",63,4,0.940298507462687,3,0.0476190476190476,0,0.624634920634921,0.641791044776119,2
"locus189","IsabelSI-South",67,0,1,2,0.0298507462686567,0,0.463247671417349,0.477611940298507,2
"locus190","IsabelSI-South",67,0,1,2,0.0298507462686567,0,0.374032095163281,0.343283582089552,1
"locus191","IsabelSI-South",61,6,0.91044776119403,2,0.0327868852459016,0,0.499254843517139,0.462686567164179,1
"locus192","IsabelSI-South",62,5,0.925373134328358,2,0.032258064516129,0,0.470495672698662,0.507462686567164,1
"locus195","IsabelSI-South",57,10,0.850746268656716,2,0.0350877192982456,0,0.364694923148579,0.373134328358209,1
"locus202","IsabelSI-South",67,0,1,2,0.0298507462686567,0,0.471327572663001,0.417910447761194,1
"locus215","IsabelSI-South",62,5,0.925373134328358,2,0.032258064516129,0,0.36978756884343,0.298507462686567,1
"locus227","IsabelSI-South",63,4,0.940298507462687,2,0.0317460317460317,0,0.28,0.253731343283582,1
"locus231","IsabelSI-South",46,21,0.686567164179104,2,0.0434782608695652,0,0.400143334925944,0.253731343283582,1
"locus235","IsabelSI-South",67,0,1,2,0.0298507462686567,0,0.358321176074515,0.343283582089552,1
"locus236","IsabelSI-South",67,0,1,2,0.0298507462686567,0,0.296263045673886,0.328358208955224,1
"locus237","IsabelSI-South",67,0,1,3,0.0447761194029851,0,0.444394568510829,0.313432835820896,2
"locus239","IsabelSI-South",67,0,1,2,0.0298507462686567,0,0.449444506789361,0.402985074626866,1
"locus248","IsabelSI-South",67,0,1,2,0.0298507462686567,0,0.324206037481764,0.313432835820896,1
"locus256","IsabelSI-South",61,6,0.91044776119403,2,0.0327868852459016,0,0.477577564015716,0.462686567164179,1
"locus263","IsabelSI-South",64,3,0.955223880597015,2,0.03125,0,0.0756643700787402,0.0746268656716418,1
"locus264","IsabelSI-South",67,0,1,2,0.0298507462686567,0,0.484794074739087,0.567164179104478,1
"locus274","IsabelSI-South",65,2,0.970149253731343,2,0.0307692307692308,0,0.502802623732856,0.477611940298507,1
"locus280","IsabelSI-South",55,12,0.82089552238806,2,0.0363636363636364,0,0.364303586321935,0.26865671641791,1
"locus282","IsabelSI-South",61,6,0.91044776119403,2,0.0327868852459016,0,0.426094025199837,0.343283582089552,1
"locus286","IsabelSI-South",66,1,0.985074626865672,2,0.0303030303030303,0.0151515151515152,0.191071015498497,0.208955223880597,1
"locus291","IsabelSI-South",67,0,1,2,0.0298507462686567,0,0.433621366849961,0.388059701492537,2
"locus292","IsabelSI-South",67,0,1,2,0.0298507462686567,0,0.494669509594883,0.447761194029851,1
"locus296","IsabelSI-South",67,0,1,2,0.0298507462686567,0,0.296263045673886,0.26865671641791,1
"locus301","IsabelSI-South",62,5,0.925373134328358,2,0.032258064516129,0,0.27275111460792,0.238805970149254,1
"locus314","IsabelSI-South",55,12,0.82089552238806,2,0.0363636363636364,0,0.0707256046705588,0.0597014925373134,1
"locus321","IsabelSI-South",61,6,0.91044776119403,2,0.0327868852459016,0,0.464977645305514,0.447761194029851,1
"locus322","IsabelSI-South",67,0,1,2,0.0298507462686567,0,0.47850970710358,0.477611940298507,1
"locus323","IsabelSI-South",66,1,0.985074626865672,2,0.0303030303030303,0.0151515151515152,0.385380522785103,0.328358208955224,1
"locus329","IsabelSI-South",63,4,0.940298507462687,2,0.0317460317460317,0,0.502857142857143,0.477611940298507,1
"locus332","IsabelSI-South",67,0,1,2,0.0298507462686567,0,0.30580181797778,0.283582089552239,1
"locus358","IsabelSI-South",67,0,1,2,0.0298507462686567,0,0.30580181797778,0.253731343283582,1
"locus359","IsabelSI-South",67,0,1,2,0.0298507462686567,0,0.427898103467624,0.492537313432836,1
"locus360","IsabelSI-South",62,5,0.925373134328358,2,0.032258064516129,0,0.50354051927616,0.388059701492537,1
"Dc01018","PNG",12,3,0.8,2,0.166666666666667,0,0.289855072463768,0.266666666666667,1
"Dc01661","PNG",15,0,1,3,0.2,0,0.645977011494253,0.666666666666667,2
"Dc01707","PNG",14,1,0.933333333333333,4,0.285714285714286,0.0714285714285714,0.711640211640212,0.6,2
"Dc01784","PNG",13,2,0.866666666666667,2,0.153846153846154,0,0.409230769230769,0.466666666666667,1
"Dc02951","PNG",15,0,1,2,0.133333333333333,0,0.480459770114943,0.466666666666667,1
"Dc03456","PNG",15,0,1,2,0.133333333333333,0,0.404597701149425,0.533333333333333,1
"Dc03556","PNG",15,0,1,2,0.133333333333333,0,0.508045977011494,0.733333333333333,1
"Dc06503","PNG",8,7,0.533333333333333,2,0.25,0.125,0.125,0.0666666666666667,1
"Dc07300","PNG",15,0,1,3,0.2,0,0.673563218390805,0.8,2
"Dc07937","PNG",12,3,0.8,3,0.25,0.0833333333333333,0.452898550724638,0.466666666666667,2
"Dc08054","PNG",15,0,1,3,0.2,0,0.625287356321839,0.733333333333333,2
"Dc08189","PNG",13,2,0.866666666666667,3,0.230769230769231,0,0.581538461538462,0.533333333333333,2
"Dc08463","PNG",15,0,1,2,0.133333333333333,0,0.43448275862069,0.333333333333333,1
"Dc08865","PNG",15,0,1,3,0.2,0,0.517241379310345,0.4,2
"Dc10003","PNG",6,9,0.4,2,0.333333333333333,0,0.53030303030303,0.0666666666666667,1
"Dc10390","PNG",15,0,1,2,0.133333333333333,0,0.28735632183908,0.0666666666666667,1
"Dc10878","PNG",9,6,0.6,2,0.222222222222222,0,0.503267973856209,0.333333333333333,1
"Dc10885","PNG",14,1,0.933333333333333,3,0.214285714285714,0.0714285714285714,0.462962962962963,0.466666666666667,2
"Dc11203","PNG",15,0,1,2,0.133333333333333,0,0.33103448275862,0.266666666666667,2
"Dc11714","PNG",14,1,0.933333333333333,2,0.142857142857143,0.0714285714285714,0.494708994708995,0.6,1
"Dc13159","PNG",12,3,0.8,3,0.25,0,0.597826086956522,0.4,2
"Dc13592","PNG",12,3,0.8,3,0.25,0,0.420289855072464,0.2,2
"Dc14022","PNG",14,1,0.933333333333333,1,0.0714285714285714,0.0714285714285714,0,0,1
"Dc14945","PNG",15,0,1,2,0.133333333333333,0.0666666666666667,0.0666666666666666,0.0666666666666667,1
"Dc16747","PNG",13,2,0.866666666666667,2,0.153846153846154,0,0.270769230769231,0.266666666666667,1
"Dc18951","PNG",15,0,1,2,0.133333333333333,0,0.496551724137931,0.533333333333333,1
"Dc20232","PNG",14,1,0.933333333333333,3,0.214285714285714,0.142857142857143,0.203703703703704,0.2,2
"Dc22883","PNG",10,5,0.666666666666667,3,0.3,0,0.626315789473684,0.533333333333333,2
"Dc22887","PNG",15,0,1,2,0.133333333333333,0,0.370114942528736,0.333333333333333,1
"Dc27955","PNG",11,4,0.733333333333333,2,0.181818181818182,0,0.246753246753247,0.2,1
"Dc28124","PNG",15,0,1,2,0.133333333333333,0,0.186206896551724,0.2,1
"Dc28776","PNG",14,1,0.933333333333333,2,0.142857142857143,0.0714285714285714,0.476190476190476,0.533333333333333,1
"Dc30071","PNG",15,0,1,2,0.133333333333333,0,0.480459770114943,0.6,1
"Dc31007","PNG",8,7,0.533333333333333,2,0.25,0,0.325,0.0666666666666667,1
"Dc33714","PNG",14,1,0.933333333333333,3,0.214285714285714,0.0714285714285714,0.455026455026455,0.533333333333333,2
"Dc33907","PNG",14,1,0.933333333333333,2,0.142857142857143,0.0714285714285714,0.515873015873016,0.466666666666667,1
"Dc34902","PNG",14,1,0.933333333333333,2,0.142857142857143,0.0714285714285714,0.198412698412698,0.2,1
"Dc35779","PNG",14,1,0.933333333333333,2,0.142857142857143,0.0714285714285714,0.349206349206349,0.266666666666667,1
"Dc36571","PNG",13,2,0.866666666666667,2,0.153846153846154,0,0.507692307692308,0.2,1
"Dc36616","PNG",14,1,0.933333333333333,2,0.142857142857143,0.0714285714285714,0.198412698412698,0.2,1
"Dc40235","PNG",14,1,0.933333333333333,2,0.142857142857143,0.0714285714285714,0.198412698412698,0.2,1
"Dc41234","PNG",9,6,0.6,3,0.333333333333333,0,0.660130718954248,0.4,2
"Dc46984","PNG",15,0,1,3,0.2,0,0.604597701149425,0.666666666666667,2
"Dc47572","PNG",15,0,1,2,0.133333333333333,0,0.33103448275862,0.4,2
"Dc47935","PNG",14,1,0.933333333333333,4,0.285714285714286,0.142857142857143,0.513227513227513,0.266666666666667,3
"Dc48207","PNG",12,3,0.8,2,0.166666666666667,0.0833333333333333,0.0833333333333331,0.0666666666666667,1
"Dc48950","PNG",15,0,1,3,0.2,0,0.514942528735632,0.666666666666667,2
"Dc49080","PNG",15,0,1,2,0.133333333333333,0,0.480459770114943,0.466666666666667,1
"Dc49184","PNG",15,0,1,2,0.133333333333333,0,0.186206896551724,0.2,2
"Dc51020","PNG",15,0,1,2,0.133333333333333,0,0.508045977011494,0.6,1
"Dc52523","PNG",13,2,0.866666666666667,3,0.230769230769231,0,0.541538461538462,0.466666666666667,2
"Dc55481","PNG",12,3,0.8,2,0.166666666666667,0,0.431159420289855,0.333333333333333,1
"Dc58248","PNG",15,0,1,4,0.266666666666667,0,0.680459770114943,0.6,2
"Dc62188","PNG",14,1,0.933333333333333,3,0.214285714285714,0.0714285714285714,0.568783068783069,0.6,2
"Dc67011","PNG",15,0,1,2,0.133333333333333,0,0.239080459770115,0.266666666666667,1
"locus003","PNG",15,0,1,2,0.133333333333333,0,0.459770114942529,0.4,1
"locus004","PNG",15,0,1,2,0.133333333333333,0,0.28735632183908,0.333333333333333,1
"locus005","PNG",15,0,1,2,0.133333333333333,0,0.459770114942529,0.4,1
"locus006","PNG",15,0,1,2,0.133333333333333,0,0.370114942528736,0.333333333333333,1
"locus008","PNG",15,0,1,2,0.133333333333333,0,0.370114942528736,0.466666666666667,1
"locus013","PNG",15,0,1,2,0.133333333333333,0,0.459770114942529,0.4,1
"locus014","PNG",15,0,1,2,0.133333333333333,0,0.514942528735632,0.533333333333333,1
"locus022","PNG",15,0,1,3,0.2,0,0.558620689655173,0.533333333333333,2
"locus024","PNG",15,0,1,2,0.133333333333333,0,0.370114942528736,0.2,1
"locus025","PNG",15,0,1,2,0.133333333333333,0,0.517241379310345,0.466666666666667,1
"locus027","PNG",7,8,0.466666666666667,2,0.285714285714286,0,0.494505494505494,0.0666666666666667,1
"locus030","PNG",15,0,1,2,0.133333333333333,0,0.508045977011494,0.466666666666667,1
"locus035","PNG",15,0,1,2,0.133333333333333,0,0.186206896551724,0.2,1
"locus038","PNG",13,2,0.866666666666667,2,0.153846153846154,0,0.516923076923077,0.533333333333333,1
"locus039","PNG",15,0,1,2,0.133333333333333,0,0.128735632183908,0.133333333333333,1
"locus040","PNG",11,4,0.733333333333333,2,0.181818181818182,0.0909090909090909,0.0909090909090908,0.0666666666666667,1
"locus041","PNG",11,4,0.733333333333333,2,0.181818181818182,0,0.51948051948052,0.533333333333333,1
"locus045","PNG",14,1,0.933333333333333,2,0.142857142857143,0.0714285714285714,0.253968253968254,0.133333333333333,2
"locus047","PNG",15,0,1,2,0.133333333333333,0,0.508045977011494,0.6,1
"locus048","PNG",15,0,1,2,0.133333333333333,0,0.186206896551724,0.2,1
"locus053","PNG",15,0,1,3,0.2,0,0.659770114942529,0.6,2
"locus055","PNG",15,0,1,2,0.133333333333333,0,0.43448275862069,0.466666666666667,1
"locus056","PNG",15,0,1,2,0.133333333333333,0,0.459770114942529,0.533333333333333,1
"locus058","PNG",15,0,1,2,0.133333333333333,0,0.508045977011494,0.466666666666667,1
"locus060","PNG",15,0,1,2,0.133333333333333,0,0.33103448275862,0.4,1
"locus061","PNG",14,1,0.933333333333333,2,0.142857142857143,0.0714285714285714,0.253968253968254,0,2
"locus062","PNG",15,0,1,2,0.133333333333333,0,0.43448275862069,0.333333333333333,1
"locus064","PNG",15,0,1,2,0.133333333333333,0,0.128735632183908,0.133333333333333,1
"locus065","PNG",15,0,1,2,0.133333333333333,0,0.128735632183908,0.133333333333333,1
"locus073","PNG",15,0,1,2,0.133333333333333,0,0.43448275862069,0.333333333333333,1
"locus074","PNG",15,0,1,2,0.133333333333333,0,0.459770114942529,0.533333333333333,1
"locus076","PNG",12,3,0.8,2,0.166666666666667,0,0.507246376811594,0.266666666666667,1
"locus077","PNG",15,0,1,2,0.133333333333333,0,0.186206896551724,0.2,1
"locus080","PNG",15,0,1,2,0.133333333333333,0,0.517241379310345,0.6,1
"locus083","PNG",13,2,0.866666666666667,2,0.153846153846154,0,0.369230769230769,0.4,1
"locus088","PNG",15,0,1,2,0.133333333333333,0,0.43448275862069,0.333333333333333,1
"locus093","PNG",9,6,0.6,2,0.222222222222222,0.111111111111111,0.111111111111111,0.0666666666666667,1
"locus096","PNG",15,0,1,2,0.133333333333333,0,0.28735632183908,0.333333333333333,1
"locus098","PNG",12,3,0.8,2,0.166666666666667,0,0.489130434782609,0.333333333333333,1
"locus100","PNG",15,0,1,2,0.133333333333333,0,0.496551724137931,0.533333333333333,3
"locus106","PNG",14,1,0.933333333333333,2,0.142857142857143,0.0714285714285714,0.253968253968254,0.133333333333333,1
"locus116","PNG",14,1,0.933333333333333,2,0.142857142857143,0.0714285714285714,0.507936507936508,0.533333333333333,1
"locus119","PNG",15,0,1,2,0.133333333333333,0,0.514942528735632,0.533333333333333,1
"locus120","PNG",15,0,1,2,0.133333333333333,0,0.239080459770115,0.266666666666667,1
"locus128","PNG",11,4,0.733333333333333,2,0.181818181818182,0,0.173160173160173,0.133333333333333,1
"locus129","PNG",15,0,1,3,0.2,0.0666666666666667,0.342528735632184,0.4,2
"locus130","PNG",14,1,0.933333333333333,2,0.142857142857143,0.0714285714285714,0.304232804232804,0.333333333333333,1
"locus134","PNG",15,0,1,2,0.133333333333333,0,0.239080459770115,0.266666666666667,1
"locus135","PNG",15,0,1,3,0.2,0,0.480459770114943,0.266666666666667,2
"locus137","PNG",15,0,1,2,0.133333333333333,0,0.370114942528736,0.333333333333333,1
"locus139","PNG",15,0,1,2,0.133333333333333,0,0.404597701149425,0.533333333333333,1
"locus140","PNG",15,0,1,2,0.133333333333333,0,0.404597701149425,0.533333333333333,1
"locus146","PNG",15,0,1,2,0.133333333333333,0,0.496551724137931,0.666666666666667,1
"locus148","PNG",15,0,1,2,0.133333333333333,0,0.370114942528736,0.333333333333333,1
"locus151","PNG",14,1,0.933333333333333,2,0.142857142857143,0.0714285714285714,0.388888888888889,0.333333333333333,1
"locus157","PNG",13,2,0.866666666666667,2,0.153846153846154,0,0.212307692307692,0.2,1
"locus161","PNG",15,0,1,2,0.133333333333333,0,0.43448275862069,0.466666666666667,1
"locus165","PNG",15,0,1,2,0.133333333333333,0,0.239080459770115,0.266666666666667,1
"locus170","PNG",15,0,1,2,0.133333333333333,0,0.404597701149425,0.4,1
"locus176","PNG",15,0,1,2,0.133333333333333,0,0.508045977011494,0.6,1
"locus184","PNG",15,0,1,2,0.133333333333333,0,0.514942528735632,0.666666666666667,1
"locus186","PNG",15,0,1,2,0.133333333333333,0,0.33103448275862,0.266666666666667,1
"locus188","PNG",15,0,1,3,0.2,0,0.570114942528736,0.6,2
"locus189","PNG",15,0,1,2,0.133333333333333,0,0.517241379310345,0.333333333333333,2
"locus190","PNG",15,0,1,2,0.133333333333333,0,0.370114942528736,0.333333333333333,1
"locus191","PNG",13,2,0.866666666666667,2,0.153846153846154,0,0.443076923076923,0.266666666666667,1
"locus192","PNG",15,0,1,2,0.133333333333333,0,0.480459770114943,0.466666666666667,1
"locus195","PNG",12,3,0.8,2,0.166666666666667,0,0.507246376811594,0.533333333333333,1
"locus202","PNG",15,0,1,2,0.133333333333333,0,0.514942528735632,0.4,1
"locus215","PNG",15,0,1,2,0.133333333333333,0,0.33103448275862,0.4,1
"locus227","PNG",14,1,0.933333333333333,2,0.142857142857143,0.0714285714285714,0.137566137566138,0.133333333333333,1
"locus231","PNG",10,5,0.666666666666667,2,0.2,0,0.521052631578947,0.333333333333333,1
"locus235","PNG",15,0,1,2,0.133333333333333,0,0.480459770114943,0.333333333333333,1
"locus236","PNG",15,0,1,2,0.133333333333333,0,0.370114942528736,0.466666666666667,1
"locus237","PNG",15,0,1,3,0.2,0,0.432183908045977,0.4,2
"locus239","PNG",15,0,1,2,0.133333333333333,0,0.496551724137931,0.533333333333333,1
"locus248","PNG",15,0,1,2,0.133333333333333,0,0.33103448275862,0.133333333333333,1
"locus256","PNG",13,2,0.866666666666667,2,0.153846153846154,0,0.516923076923077,0.4,1
"locus263","PNG",15,0,1,2,0.133333333333333,0.0666666666666667,0.0666666666666666,0.0666666666666667,1
"locus264","PNG",15,0,1,2,0.133333333333333,0,0.514942528735632,0.4,1
"locus274","PNG",15,0,1,2,0.133333333333333,0,0.459770114942529,0.533333333333333,1
"locus280","PNG",13,2,0.866666666666667,2,0.153846153846154,0,0.369230769230769,0.266666666666667,1
"locus282","PNG",15,0,1,2,0.133333333333333,0,0.480459770114943,0.733333333333333,1
"locus286","PNG",15,0,1,2,0.133333333333333,0,0.186206896551724,0.2,1
"locus291","PNG",15,0,1,2,0.133333333333333,0,0.517241379310345,0.333333333333333,2
"locus292","PNG",15,0,1,2,0.133333333333333,0,0.28735632183908,0.333333333333333,1
"locus296","PNG",15,0,1,2,0.133333333333333,0,0.43448275862069,0.2,1
"locus301","PNG",14,1,0.933333333333333,2,0.142857142857143,0.0714285714285714,0.137566137566138,0.133333333333333,1
"locus314","PNG",11,4,0.733333333333333,2,0.181818181818182,0,0.246753246753247,0.0666666666666667,1
"locus321","PNG",15,0,1,2,0.133333333333333,0,0.480459770114943,0.333333333333333,1
"locus322","PNG",15,0,1,2,0.133333333333333,0,0.404597701149425,0.4,1
"locus323","PNG",14,1,0.933333333333333,2,0.142857142857143,0.0714285714285714,0.423280423280423,0.266666666666667,1
"locus329","PNG",15,0,1,2,0.133333333333333,0,0.508045977011494,0.6,1
"locus332","PNG",15,0,1,2,0.133333333333333,0,0.370114942528736,0.466666666666667,1
"locus358","PNG",15,0,1,2,0.133333333333333,0,0.28735632183908,0.333333333333333,1
"locus359","PNG",15,0,1,2,0.133333333333333,0.0666666666666667,0.0666666666666666,0.0666666666666667,1
"locus360","PNG",14,1,0.933333333333333,2,0.142857142857143,0.0714285714285714,0.518518518518518,0.4,1
"Dc01018","Malaysia",4,3,0.571428571428571,1,0.25,0,0,0,1
"Dc01661","Malaysia",7,0,1,2,0.285714285714286,0,0.362637362637363,0.142857142857143,2
"Dc01707","Malaysia",7,0,1,3,0.428571428571429,0,0.648351648351648,0.857142857142857,2
"Dc01784","Malaysia",7,0,1,2,0.285714285714286,0,0.362637362637363,0.428571428571429,1
"Dc02951","Malaysia",7,0,1,2,0.285714285714286,0.142857142857143,0.142857142857143,0.142857142857143,1
"Dc03456","Malaysia",7,0,1,2,0.285714285714286,0,0.527472527472528,0.571428571428571,1
"Dc03556","Malaysia",7,0,1,2,0.285714285714286,0,0.362637362637363,0.428571428571429,1
"Dc06503","Malaysia",2,5,0.285714285714286,1,0.5,0,0,0,1
"Dc07300","Malaysia",7,0,1,3,0.428571428571429,0.142857142857143,0.582417582417582,0.571428571428571,2
"Dc07937","Malaysia",7,0,1,3,0.428571428571429,0,0.648351648351648,0.571428571428571,2
"Dc08054","Malaysia",7,0,1,2,0.285714285714286,0.142857142857143,0.142857142857143,0.142857142857143,2
"Dc08189","Malaysia",6,1,0.857142857142857,3,0.5,0.333333333333333,0.621212121212121,0.714285714285714,2
"Dc08463","Malaysia",7,0,1,2,0.285714285714286,0,0.527472527472528,0.857142857142857,1
"Dc08865","Malaysia",7,0,1,3,0.428571428571429,0.142857142857143,0.582417582417582,0.714285714285714,2
"Dc10003","Malaysia",7,0,1,1,0.142857142857143,0,0,0,1
"Dc10390","Malaysia",7,0,1,1,0.142857142857143,0,0,0,1
"Dc10878","Malaysia",3,4,0.428571428571429,2,0.666666666666667,0.333333333333333,0.333333333333333,0.142857142857143,1
"Dc10885","Malaysia",7,0,1,3,0.428571428571429,0.142857142857143,0.538461538461538,0.285714285714286,2
"Dc11203","Malaysia",7,0,1,2,0.285714285714286,0,0.538461538461538,0.428571428571429,2
"Dc11714","Malaysia",6,1,0.857142857142857,2,0.333333333333333,0.166666666666667,0.545454545454545,0.285714285714286,1
"Dc13159","Malaysia",5,2,0.714285714285714,2,0.4,0,0.533333333333333,0.285714285714286,2
"Dc13592","Malaysia",6,1,0.857142857142857,3,0.5,0.5,0.439393939393939,0.142857142857143,2
"Dc14022","Malaysia",7,0,1,2,0.285714285714286,0.142857142857143,0.142857142857143,0.142857142857143,1
"Dc14945","Malaysia",7,0,1,1,0.142857142857143,0,0,0,1
"Dc16747","Malaysia",4,3,0.571428571428571,2,0.5,0,0.571428571428571,0.571428571428571,1
"Dc18951","Malaysia",7,0,1,2,0.285714285714286,0,0.538461538461538,0.428571428571429,1
"Dc20232","Malaysia",7,0,1,3,0.428571428571429,0,0.648351648351648,0.714285714285714,2
"Dc22883","Malaysia",3,4,0.428571428571429,3,1,0.333333333333333,0.733333333333333,0.428571428571429,2
"Dc22887","Malaysia",7,0,1,2,0.285714285714286,0,0.362637362637363,0.428571428571429,1
"Dc27955","Malaysia",3,4,0.428571428571429,2,0.666666666666667,0.333333333333333,0.333333333333333,0.142857142857143,1
"Dc28124","Malaysia",7,0,1,1,0.142857142857143,0,0,0,1
"Dc28776","Malaysia",7,0,1,2,0.285714285714286,0,0.362637362637363,0.428571428571429,1
"Dc30071","Malaysia",7,0,1,2,0.285714285714286,0,0.494505494505494,0.142857142857143,1
"Dc31007","Malaysia",2,5,0.285714285714286,2,1,0.5,0.5,0.142857142857143,1
"Dc33714","Malaysia",7,0,1,2,0.285714285714286,0.142857142857143,0.142857142857143,0.142857142857143,2
"Dc33907","Malaysia",6,1,0.857142857142857,2,0.333333333333333,0.166666666666667,0.53030303030303,0.428571428571429,1
"Dc34902","Malaysia",7,0,1,1,0.142857142857143,0,0,0,1
"Dc35779","Malaysia",6,1,0.857142857142857,2,0.333333333333333,0.166666666666667,0.53030303030303,0.714285714285714,1
"Dc36571","Malaysia",5,2,0.714285714285714,2,0.4,0,0.533333333333333,0.285714285714286,1
"Dc36616","Malaysia",7,0,1,2,0.285714285714286,0,0.263736263736264,0.285714285714286,1
"Dc40235","Malaysia",7,0,1,2,0.285714285714286,0,0.362637362637363,0.428571428571429,1
"Dc41234","Malaysia",3,4,0.428571428571429,3,1,0.666666666666667,0.733333333333333,0.142857142857143,2
"Dc46984","Malaysia",7,0,1,3,0.428571428571429,0,0.692307692307692,0.714285714285714,2
"Dc47572","Malaysia",7,0,1,2,0.285714285714286,0,0.538461538461538,0.714285714285714,2
"Dc47935","Malaysia",7,0,1,3,0.428571428571429,0.142857142857143,0.384615384615385,0.428571428571429,3
"Dc48207","Malaysia",7,0,1,2,0.285714285714286,0.142857142857143,0.142857142857143,0.142857142857143,1
"Dc48950","Malaysia",7,0,1,3,0.428571428571429,0,0.648351648351648,0.857142857142857,2
"Dc49080","Malaysia",7,0,1,2,0.285714285714286,0,0.494505494505494,0.714285714285714,1
"Dc49184","Malaysia",7,0,1,2,0.285714285714286,0,0.527472527472528,0.571428571428571,2
"Dc51020","Malaysia",7,0,1,2,0.285714285714286,0,0.527472527472528,0.571428571428571,1
"Dc52523","Malaysia",7,0,1,3,0.428571428571429,0,0.615384615384615,0.571428571428571,2
"Dc55481","Malaysia",4,3,0.571428571428571,2,0.5,0.25,0.25,0.142857142857143,1
"Dc58248","Malaysia",7,0,1,3,0.428571428571429,0,0.692307692307692,0.142857142857143,2
"Dc62188","Malaysia",7,0,1,3,0.428571428571429,0,0.714285714285714,0.857142857142857,2
"Dc67011","Malaysia",7,0,1,2,0.285714285714286,0,0.494505494505494,0.714285714285714,1
"locus003","Malaysia",7,0,1,2,0.285714285714286,0,0.43956043956044,0.571428571428571,1
"locus004","Malaysia",7,0,1,2,0.285714285714286,0,0.43956043956044,0.285714285714286,1
"locus005","Malaysia",7,0,1,2,0.285714285714286,0,0.362637362637363,0.428571428571429,1
"locus006","Malaysia",7,0,1,2,0.285714285714286,0,0.362637362637363,0.428571428571429,1
"locus008","Malaysia",7,0,1,2,0.285714285714286,0,0.43956043956044,0,1
"locus013","Malaysia",7,0,1,2,0.285714285714286,0,0.527472527472528,0.285714285714286,1
"locus014","Malaysia",7,0,1,2,0.285714285714286,0,0.527472527472528,0.571428571428571,1
"locus022","Malaysia",7,0,1,2,0.285714285714286,0,0.43956043956044,0.285714285714286,2
"locus024","Malaysia",7,0,1,2,0.285714285714286,0,0.527472527472528,0.571428571428571,1
"locus025","Malaysia",6,1,0.857142857142857,2,0.333333333333333,0.166666666666667,0.303030303030303,0.285714285714286,1
"locus027","Malaysia",2,5,0.285714285714286,2,1,0.5,0.5,0.142857142857143,1
"locus030","Malaysia",7,0,1,2,0.285714285714286,0,0.494505494505494,0.142857142857143,1
"locus035","Malaysia",7,0,1,2,0.285714285714286,0,0.362637362637363,0.428571428571429,1
"locus038","Malaysia",4,3,0.571428571428571,2,0.5,0.25,0.25,0.142857142857143,1
"locus039","Malaysia",7,0,1,2,0.285714285714286,0,0.362637362637363,0.428571428571429,1
"locus040","Malaysia",7,0,1,2,0.285714285714286,0.142857142857143,0.142857142857143,0.142857142857143,1
"locus041","Malaysia",6,1,0.857142857142857,2,0.333333333333333,0.166666666666667,0.303030303030303,0.285714285714286,1
"locus045","Malaysia",7,0,1,1,0.142857142857143,0,0,0,2
"locus047","Malaysia",7,0,1,2,0.285714285714286,0,0.527472527472528,0.285714285714286,1
"locus048","Malaysia",7,0,1,2,0.285714285714286,0,0.263736263736264,0.285714285714286,1
"locus053","Malaysia",7,0,1,2,0.285714285714286,0,0.494505494505494,0.142857142857143,2
"locus055","Malaysia",7,0,1,2,0.285714285714286,0,0.494505494505494,0.714285714285714,1
"locus056","Malaysia",7,0,1,2,0.285714285714286,0,0.362637362637363,0.428571428571429,1
"locus058","Malaysia",7,0,1,2,0.285714285714286,0,0.538461538461538,0.714285714285714,1
"locus060","Malaysia",7,0,1,2,0.285714285714286,0,0.362637362637363,0.428571428571429,1
"locus061","Malaysia",7,0,1,2,0.285714285714286,0,0.362637362637363,0.428571428571429,2
"locus062","Malaysia",7,0,1,2,0.285714285714286,0,0.527472527472528,0.571428571428571,1
"locus064","Malaysia",7,0,1,2,0.285714285714286,0,0.494505494505494,0.428571428571429,1
"locus065","Malaysia",7,0,1,2,0.285714285714286,0.142857142857143,0.142857142857143,0.142857142857143,1
"locus073","Malaysia",7,0,1,2,0.285714285714286,0,0.494505494505494,0.714285714285714,1
"locus074","Malaysia",7,0,1,2,0.285714285714286,0,0.527472527472528,0.571428571428571,1
"locus076","Malaysia",2,5,0.285714285714286,2,1,0,0.666666666666667,0.285714285714286,1
"locus077","Malaysia",7,0,1,2,0.285714285714286,0.142857142857143,0.142857142857143,0.142857142857143,1
"locus080","Malaysia",7,0,1,2,0.285714285714286,0.142857142857143,0.142857142857143,0.142857142857143,1
"locus083","Malaysia",7,0,1,2,0.285714285714286,0,0.527472527472528,0.571428571428571,1
"locus088","Malaysia",7,0,1,2,0.285714285714286,0,0.362637362637363,0.428571428571429,1
"locus093","Malaysia",2,5,0.285714285714286,1,0.5,0,0,0,1
"locus096","Malaysia",7,0,1,2,0.285714285714286,0,0.263736263736264,0.285714285714286,1
"locus098","Malaysia",5,2,0.714285714285714,2,0.4,0,0.355555555555555,0.285714285714286,1
"locus100","Malaysia",7,0,1,2,0.285714285714286,0,0.263736263736264,0.285714285714286,3
"locus106","Malaysia",7,0,1,2,0.285714285714286,0,0.263736263736264,0.285714285714286,1
"locus116","Malaysia",7,0,1,2,0.285714285714286,0,0.362637362637363,0.428571428571429,1
"locus119","Malaysia",7,0,1,2,0.285714285714286,0,0.494505494505494,0.428571428571429,1
"locus120","Malaysia",7,0,1,2,0.285714285714286,0,0.362637362637363,0.428571428571429,1
"locus128","Malaysia",2,5,0.285714285714286,2,1,1,0.666666666666667,0,1
"locus129","Malaysia",7,0,1,2,0.285714285714286,0.142857142857143,0.142857142857143,0.142857142857143,2
"locus130","Malaysia",7,0,1,2,0.285714285714286,0,0.263736263736264,0.285714285714286,1
"locus134","Malaysia",7,0,1,2,0.285714285714286,0,0.263736263736264,0.285714285714286,1
"locus135","Malaysia",7,0,1,3,0.428571428571429,0,0.56043956043956,0.571428571428571,2
"locus137","Malaysia",7,0,1,2,0.285714285714286,0,0.43956043956044,0.285714285714286,1
"locus139","Malaysia",7,0,1,2,0.285714285714286,0,0.527472527472528,0.571428571428571,1
"locus140","Malaysia",7,0,1,2,0.285714285714286,0,0.527472527472528,0.571428571428571,1
"locus146","Malaysia",7,0,1,2,0.285714285714286,0,0.43956043956044,0.285714285714286,1
"locus148","Malaysia",7,0,1,2,0.285714285714286,0,0.538461538461538,0.428571428571429,1
"locus151","Malaysia",7,0,1,2,0.285714285714286,0,0.527472527472528,0.857142857142857,1
"locus157","Malaysia",5,2,0.714285714285714,2,0.4,0,0.355555555555555,0.285714285714286,1
"locus161","Malaysia",7,0,1,2,0.285714285714286,0,0.362637362637363,0.142857142857143,1
"locus165","Malaysia",6,1,0.857142857142857,2,0.333333333333333,0.166666666666667,0.484848484848485,0.571428571428571,1
"locus170","Malaysia",7,0,1,2,0.285714285714286,0,0.494505494505494,0.714285714285714,1
"locus176","Malaysia",7,0,1,2,0.285714285714286,0,0.527472527472528,0.285714285714286,1
"locus184","Malaysia",7,0,1,2,0.285714285714286,0,0.362637362637363,0.142857142857143,1
"locus186","Malaysia",7,0,1,2,0.285714285714286,0,0.263736263736264,0.285714285714286,1
"locus188","Malaysia",7,0,1,3,0.428571428571429,0,0.714285714285714,0.571428571428571,2
"locus189","Malaysia",7,0,1,2,0.285714285714286,0,0.494505494505494,0.428571428571429,2
"locus190","Malaysia",7,0,1,2,0.285714285714286,0,0.263736263736264,0.285714285714286,1
"locus191","Malaysia",7,0,1,2,0.285714285714286,0,0.527472527472528,0.285714285714286,1
"locus192","Malaysia",7,0,1,2,0.285714285714286,0,0.263736263736264,0.285714285714286,1
"locus195","Malaysia",7,0,1,2,0.285714285714286,0,0.362637362637363,0.428571428571429,1
"locus202","Malaysia",7,0,1,2,0.285714285714286,0,0.362637362637363,0.428571428571429,1
"locus215","Malaysia",7,0,1,2,0.285714285714286,0,0.494505494505494,0.142857142857143,1
"locus227","Malaysia",7,0,1,2,0.285714285714286,0,0.43956043956044,0.571428571428571,1
"locus231","Malaysia",3,4,0.428571428571429,1,0.333333333333333,0,0,0,1
"locus235","Malaysia",7,0,1,1,0.142857142857143,0,0,0,1
"locus236","Malaysia",7,0,1,2,0.285714285714286,0,0.362637362637363,0.428571428571429,1
"locus237","Malaysia",7,0,1,2,0.285714285714286,0,0.263736263736264,0.285714285714286,2
"locus239","Malaysia",7,0,1,2,0.285714285714286,0,0.538461538461538,0.428571428571429,1
"locus248","Malaysia",7,0,1,2,0.285714285714286,0,0.43956043956044,0.571428571428571,1
"locus256","Malaysia",5,2,0.714285714285714,2,0.4,0,0.355555555555555,0.285714285714286,1
"locus263","Malaysia",7,0,1,2,0.285714285714286,0,0.263736263736264,0.285714285714286,1
"locus264","Malaysia",7,0,1,2,0.285714285714286,0,0.527472527472528,0.285714285714286,1
"locus274","Malaysia",7,0,1,2,0.285714285714286,0,0.43956043956044,0.571428571428571,1
"locus280","Malaysia",7,0,1,2,0.285714285714286,0,0.362637362637363,0.428571428571429,1
"locus282","Malaysia",7,0,1,2,0.285714285714286,0,0.494505494505494,0.142857142857143,1
"locus286","Malaysia",7,0,1,1,0.142857142857143,0,0,0,1
"locus291","Malaysia",7,0,1,2,0.285714285714286,0,0.263736263736264,0.285714285714286,2
"locus292","Malaysia",7,0,1,2,0.285714285714286,0,0.43956043956044,0.571428571428571,1
"locus296","Malaysia",7,0,1,2,0.285714285714286,0,0.263736263736264,0.285714285714286,1
"locus301","Malaysia",6,1,0.857142857142857,2,0.333333333333333,0.333333333333333,0.166666666666667,0.142857142857143,1
"locus314","Malaysia",6,1,0.857142857142857,2,0.333333333333333,0.333333333333333,0.166666666666667,0.142857142857143,1
"locus321","Malaysia",7,0,1,2,0.285714285714286,0,0.43956043956044,0.285714285714286,1
"locus322","Malaysia",7,0,1,2,0.285714285714286,0,0.538461538461538,0.428571428571429,1
"locus323","Malaysia",7,0,1,2,0.285714285714286,0,0.263736263736264,0.285714285714286,1
"locus329","Malaysia",7,0,1,2,0.285714285714286,0,0.538461538461538,0.428571428571429,1
"locus332","Malaysia",7,0,1,2,0.285714285714286,0,0.362637362637363,0.142857142857143,1
"locus358","Malaysia",7,0,1,2,0.285714285714286,0.142857142857143,0.142857142857143,0.142857142857143,1
"locus359","Malaysia",7,0,1,2,0.285714285714286,0,0.362637362637363,0.142857142857143,1
"locus360","Malaysia",7,0,1,2,0.285714285714286,0,0.494505494505494,0.142857142857143,1
"Dc01018","In-water, CA",7,0,1,2,0.285714285714286,0,0.43956043956044,0.285714285714286,1
"Dc01661","In-water, CA",7,0,1,3,0.428571428571429,0.142857142857143,0.472527472527473,0.571428571428571,2
"Dc01707","In-water, CA",7,0,1,3,0.428571428571429,0,0.714285714285714,0.714285714285714,2
"Dc01784","In-water, CA",7,0,1,2,0.285714285714286,0,0.494505494505494,0.428571428571429,1
"Dc02951","In-water, CA",7,0,1,2,0.285714285714286,0,0.263736263736264,0.285714285714286,1
"Dc03456","In-water, CA",7,0,1,2,0.285714285714286,0,0.494505494505494,0.428571428571429,1
"Dc03556","In-water, CA",7,0,1,2,0.285714285714286,0,0.494505494505494,0.428571428571429,1
"Dc06503","In-water, CA",7,0,1,2,0.285714285714286,0.142857142857143,0.142857142857143,0.142857142857143,1
"Dc07300","In-water, CA",7,0,1,3,0.428571428571429,0.142857142857143,0.648351648351648,0.428571428571429,2
"Dc07937","In-water, CA",7,0,1,3,0.428571428571429,0.142857142857143,0.538461538461538,0.571428571428571,2
"Dc08054","In-water, CA",7,0,1,3,0.428571428571429,0,0.483516483516483,0.571428571428571,2
"Dc08189","In-water, CA",7,0,1,2,0.285714285714286,0,0.362637362637363,0.428571428571429,2
"Dc08463","In-water, CA",7,0,1,2,0.285714285714286,0.142857142857143,0.142857142857143,0.142857142857143,1
"Dc08865","In-water, CA",7,0,1,3,0.428571428571429,0,0.56043956043956,0.571428571428571,2
"Dc10003","In-water, CA",6,1,0.857142857142857,1,0.166666666666667,0.166666666666667,0,0,1
"Dc10390","In-water, CA",7,0,1,2,0.285714285714286,0,0.263736263736264,0.285714285714286,1
"Dc10878","In-water, CA",7,0,1,2,0.285714285714286,0,0.538461538461538,0.714285714285714,1
"Dc10885","In-water, CA",7,0,1,3,0.428571428571429,0,0.659340659340659,0.714285714285714,2
"Dc11203","In-water, CA",7,0,1,2,0.285714285714286,0,0.263736263736264,0.285714285714286,2
"Dc11714","In-water, CA",7,0,1,2,0.285714285714286,0,0.494505494505494,0.142857142857143,1
"Dc13159","In-water, CA",7,0,1,3,0.428571428571429,0,0.648351648351648,0.714285714285714,2
"Dc13592","In-water, CA",7,0,1,3,0.428571428571429,0,0.483516483516483,0.428571428571429,2
"Dc14022","In-water, CA",7,0,1,2,0.285714285714286,0.142857142857143,0.142857142857143,0.142857142857143,1
"Dc14945","In-water, CA",7,0,1,1,0.142857142857143,0,0,0,1
"Dc16747","In-water, CA",7,0,1,2,0.285714285714286,0,0.362637362637363,0.428571428571429,1
"Dc18951","In-water, CA",7,0,1,2,0.285714285714286,0,0.43956043956044,0.571428571428571,1
"Dc20232","In-water, CA",7,0,1,2,0.285714285714286,0.142857142857143,0.142857142857143,0.142857142857143,2
"Dc22883","In-water, CA",7,0,1,3,0.428571428571429,0,0.703296703296703,0.714285714285714,2
"Dc22887","In-water, CA",7,0,1,2,0.285714285714286,0,0.263736263736264,0.285714285714286,1
"Dc27955","In-water, CA",7,0,1,2,0.285714285714286,0,0.494505494505494,0.428571428571429,1
"Dc28124","In-water, CA",7,0,1,2,0.285714285714286,0.142857142857143,0.142857142857143,0.142857142857143,1
"Dc28776","In-water, CA",7,0,1,2,0.285714285714286,0,0.43956043956044,0.285714285714286,1
"Dc30071","In-water, CA",7,0,1,2,0.285714285714286,0,0.538461538461538,0.714285714285714,1
"Dc31007","In-water, CA",7,0,1,1,0.142857142857143,0,0,0,1
"Dc33714","In-water, CA",7,0,1,3,0.428571428571429,0.142857142857143,0.538461538461538,0.571428571428571,2
"Dc33907","In-water, CA",7,0,1,2,0.285714285714286,0,0.43956043956044,0.571428571428571,1
"Dc34902","In-water, CA",7,0,1,2,0.285714285714286,0,0.362637362637363,0.142857142857143,1
"Dc35779","In-water, CA",7,0,1,2,0.285714285714286,0,0.43956043956044,0.571428571428571,1
"Dc36571","In-water, CA",7,0,1,2,0.285714285714286,0,0.494505494505494,0.714285714285714,1
"Dc36616","In-water, CA",7,0,1,2,0.285714285714286,0.142857142857143,0.142857142857143,0.142857142857143,1
"Dc40235","In-water, CA",7,0,1,2,0.285714285714286,0.142857142857143,0.142857142857143,0.142857142857143,1
"Dc41234","In-water, CA",7,0,1,3,0.428571428571429,0,0.648351648351648,0.571428571428571,2
"Dc46984","In-water, CA",7,0,1,3,0.428571428571429,0.142857142857143,0.604395604395604,0.714285714285714,2
"Dc47572","In-water, CA",7,0,1,3,0.428571428571429,0.142857142857143,0.384615384615385,0.428571428571429,2
"Dc47935","In-water, CA",7,0,1,3,0.428571428571429,0,0.56043956043956,0.428571428571429,3
"Dc48207","In-water, CA",7,0,1,1,0.142857142857143,0,0,0,1
"Dc48950","In-water, CA",7,0,1,3,0.428571428571429,0,0.626373626373626,0.285714285714286,2
"Dc49080","In-water, CA",7,0,1,2,0.285714285714286,0,0.527472527472528,0.285714285714286,1
"Dc49184","In-water, CA",7,0,1,3,0.428571428571429,0.285714285714286,0.384615384615385,0.142857142857143,2
"Dc51020","In-water, CA",7,0,1,2,0.285714285714286,0,0.362637362637363,0.428571428571429,1
"Dc52523","In-water, CA",7,0,1,4,0.571428571428571,0.142857142857143,0.703296703296703,0.857142857142857,2
"Dc55481","In-water, CA",7,0,1,2,0.285714285714286,0,0.362637362637363,0.142857142857143,1
"Dc58248","In-water, CA",7,0,1,4,0.571428571428571,0.285714285714286,0.67032967032967,0.714285714285714,2
"Dc62188","In-water, CA",7,0,1,3,0.428571428571429,0,0.626373626373626,0.857142857142857,2
"Dc67011","In-water, CA",7,0,1,2,0.285714285714286,0,0.494505494505494,0.428571428571429,1
"locus003","In-water, CA",7,0,1,2,0.285714285714286,0,0.494505494505494,0.428571428571429,1
"locus004","In-water, CA",7,0,1,2,0.285714285714286,0.142857142857143,0.263736263736264,0,1
"locus005","In-water, CA",7,0,1,2,0.285714285714286,0,0.263736263736264,0.285714285714286,1
"locus006","In-water, CA",7,0,1,2,0.285714285714286,0,0.263736263736264,0.285714285714286,1
"locus008","In-water, CA",7,0,1,2,0.285714285714286,0,0.527472527472528,0.285714285714286,1
"locus013","In-water, CA",7,0,1,2,0.285714285714286,0,0.527472527472528,0.571428571428571,1
"locus014","In-water, CA",7,0,1,2,0.285714285714286,0,0.538461538461538,0.714285714285714,1
"locus022","In-water, CA",7,0,1,3,0.428571428571429,0,0.714285714285714,0.857142857142857,2
"locus024","In-water, CA",7,0,1,2,0.285714285714286,0,0.362637362637363,0.428571428571429,1
"locus025","In-water, CA",7,0,1,2,0.285714285714286,0,0.538461538461538,0.714285714285714,1
"locus027","In-water, CA",7,0,1,2,0.285714285714286,0,0.43956043956044,0.285714285714286,1
"locus030","In-water, CA",7,0,1,2,0.285714285714286,0,0.527472527472528,0.571428571428571,1
"locus035","In-water, CA",7,0,1,2,0.285714285714286,0,0.263736263736264,0.285714285714286,1
"locus038","In-water, CA",7,0,1,2,0.285714285714286,0,0.494505494505494,0.428571428571429,1
"locus039","In-water, CA",7,0,1,2,0.285714285714286,0,0.263736263736264,0.285714285714286,1
"locus040","In-water, CA",7,0,1,2,0.285714285714286,0,0.263736263736264,0.285714285714286,1
"locus041","In-water, CA",7,0,1,2,0.285714285714286,0,0.362637362637363,0.142857142857143,1
"locus045","In-water, CA",7,0,1,2,0.285714285714286,0,0.263736263736264,0.285714285714286,2
"locus047","In-water, CA",7,0,1,2,0.285714285714286,0,0.538461538461538,0.428571428571429,1
"locus048","In-water, CA",7,0,1,2,0.285714285714286,0,0.263736263736264,0.285714285714286,1
"locus053","In-water, CA",7,0,1,3,0.428571428571429,0,0.67032967032967,0.571428571428571,2
"locus055","In-water, CA",7,0,1,2,0.285714285714286,0,0.362637362637363,0.428571428571429,1
"locus056","In-water, CA",7,0,1,2,0.285714285714286,0.142857142857143,0.142857142857143,0.142857142857143,1
"locus058","In-water, CA",7,0,1,2,0.285714285714286,0,0.538461538461538,0.428571428571429,1
"locus060","In-water, CA",7,0,1,2,0.285714285714286,0,0.43956043956044,0.285714285714286,1
"locus061","In-water, CA",7,0,1,2,0.285714285714286,0.142857142857143,0.142857142857143,0.142857142857143,2
"locus062","In-water, CA",7,0,1,2,0.285714285714286,0,0.494505494505494,0.428571428571429,1
"locus064","In-water, CA",7,0,1,2,0.285714285714286,0,0.263736263736264,0.285714285714286,1
"locus065","In-water, CA",7,0,1,2,0.285714285714286,0.142857142857143,0.142857142857143,0.142857142857143,1
"locus073","In-water, CA",7,0,1,2,0.285714285714286,0,0.538461538461538,0.142857142857143,1
"locus074","In-water, CA",7,0,1,2,0.285714285714286,0,0.494505494505494,0.142857142857143,1
"locus076","In-water, CA",7,0,1,2,0.285714285714286,0,0.538461538461538,0.428571428571429,1
"locus077","In-water, CA",7,0,1,2,0.285714285714286,0,0.362637362637363,0.428571428571429,1
"locus080","In-water, CA",7,0,1,2,0.285714285714286,0,0.43956043956044,0.285714285714286,1
"locus083","In-water, CA",6,1,0.857142857142857,2,0.333333333333333,0.333333333333333,0.303030303030303,0,1
"locus088","In-water, CA",7,0,1,2,0.285714285714286,0,0.362637362637363,0.428571428571429,1
"locus093","In-water, CA",7,0,1,1,0.142857142857143,0,0,0,1
"locus096","In-water, CA",7,0,1,2,0.285714285714286,0,0.263736263736264,0.285714285714286,1
"locus098","In-water, CA",7,0,1,2,0.285714285714286,0.142857142857143,0.142857142857143,0.142857142857143,1
"locus100","In-water, CA",7,0,1,2,0.285714285714286,0,0.362637362637363,0.428571428571429,3
"locus106","In-water, CA",7,0,1,2,0.285714285714286,0,0.263736263736264,0.285714285714286,1
"locus116","In-water, CA",7,0,1,2,0.285714285714286,0,0.43956043956044,0.285714285714286,1
"locus119","In-water, CA",7,0,1,2,0.285714285714286,0,0.494505494505494,0.714285714285714,1
"locus120","In-water, CA",7,0,1,2,0.285714285714286,0.142857142857143,0.142857142857143,0.142857142857143,1
"locus128","In-water, CA",7,0,1,2,0.285714285714286,0,0.43956043956044,0.285714285714286,1
"locus129","In-water, CA",7,0,1,3,0.428571428571429,0.142857142857143,0.384615384615385,0.285714285714286,2
"locus130","In-water, CA",6,1,0.857142857142857,2,0.333333333333333,0.166666666666667,0.484848484848485,0.571428571428571,1
"locus134","In-water, CA",7,0,1,2,0.285714285714286,0,0.527472527472528,0.571428571428571,1
"locus135","In-water, CA",7,0,1,3,0.428571428571429,0.142857142857143,0.472527472527473,0.571428571428571,2
"locus137","In-water, CA",7,0,1,2,0.285714285714286,0,0.263736263736264,0.285714285714286,1
"locus139","In-water, CA",7,0,1,2,0.285714285714286,0,0.362637362637363,0.428571428571429,1
"locus140","In-water, CA",7,0,1,2,0.285714285714286,0,0.362637362637363,0.428571428571429,1
"locus146","In-water, CA",7,0,1,2,0.285714285714286,0,0.494505494505494,0.714285714285714,1
"locus148","In-water, CA",7,0,1,2,0.285714285714286,0,0.494505494505494,0.428571428571429,1
"locus151","In-water, CA",7,0,1,2,0.285714285714286,0,0.494505494505494,0.142857142857143,1
"locus157","In-water, CA",7,0,1,2,0.285714285714286,0.142857142857143,0.142857142857143,0.142857142857143,1
"locus161","In-water, CA",7,0,1,2,0.285714285714286,0.142857142857143,0.142857142857143,0.142857142857143,1
"locus165","In-water, CA",6,1,0.857142857142857,2,0.333333333333333,0.166666666666667,0.484848484848485,0.571428571428571,1
"locus170","In-water, CA",7,0,1,2,0.285714285714286,0,0.43956043956044,0.571428571428571,1
"locus176","In-water, CA",7,0,1,2,0.285714285714286,0,0.527472527472528,0.571428571428571,1
"locus184","In-water, CA",7,0,1,2,0.285714285714286,0,0.494505494505494,0.714285714285714,1
"locus186","In-water, CA",7,0,1,2,0.285714285714286,0,0.43956043956044,0.571428571428571,1
"locus188","In-water, CA",7,0,1,3,0.428571428571429,0,0.615384615384615,0.571428571428571,2
"locus189","In-water, CA",7,0,1,2,0.285714285714286,0,0.43956043956044,0.285714285714286,2
"locus190","In-water, CA",7,0,1,2,0.285714285714286,0,0.43956043956044,0.285714285714286,1
"locus191","In-water, CA",7,0,1,2,0.285714285714286,0,0.43956043956044,0.285714285714286,1
"locus192","In-water, CA",7,0,1,2,0.285714285714286,0,0.362637362637363,0.142857142857143,1
"locus195","In-water, CA",7,0,1,2,0.285714285714286,0,0.527472527472528,0.285714285714286,1
"locus202","In-water, CA",7,0,1,2,0.285714285714286,0,0.527472527472528,0.571428571428571,1
"locus215","In-water, CA",7,0,1,2,0.285714285714286,0,0.494505494505494,0.428571428571429,1
"locus227","In-water, CA",7,0,1,1,0.142857142857143,0,0,0,1
"locus231","In-water, CA",7,0,1,2,0.285714285714286,0,0.362637362637363,0.428571428571429,1
"locus235","In-water, CA",7,0,1,2,0.285714285714286,0,0.527472527472528,0.857142857142857,1
"locus236","In-water, CA",7,0,1,2,0.285714285714286,0,0.362637362637363,0.428571428571429,1
"locus237","In-water, CA",7,0,1,3,0.428571428571429,0.142857142857143,0.384615384615385,0.428571428571429,2
"locus239","In-water, CA",7,0,1,2,0.285714285714286,0,0.43956043956044,0.571428571428571,1
"locus248","In-water, CA",7,0,1,2,0.285714285714286,0,0.263736263736264,0.285714285714286,1
"locus256","In-water, CA",7,0,1,2,0.285714285714286,0,0.527472527472528,0.285714285714286,1
"locus263","In-water, CA",7,0,1,2,0.285714285714286,0.142857142857143,0.142857142857143,0.142857142857143,1
"locus264","In-water, CA",7,0,1,2,0.285714285714286,0,0.43956043956044,0.571428571428571,1
"locus274","In-water, CA",7,0,1,2,0.285714285714286,0,0.527472527472528,0.285714285714286,1
"locus280","In-water, CA",7,0,1,2,0.285714285714286,0,0.527472527472528,0.285714285714286,1
"locus282","In-water, CA",7,0,1,2,0.285714285714286,0,0.43956043956044,0.285714285714286,1
"locus286","In-water, CA",7,0,1,2,0.285714285714286,0.142857142857143,0.142857142857143,0.142857142857143,1
"locus291","In-water, CA",7,0,1,2,0.285714285714286,0,0.494505494505494,0.714285714285714,2
"locus292","In-water, CA",7,0,1,2,0.285714285714286,0,0.494505494505494,0.428571428571429,1
"locus296","In-water, CA",7,0,1,2,0.285714285714286,0,0.263736263736264,0.285714285714286,1
"locus301","In-water, CA",7,0,1,2,0.285714285714286,0,0.527472527472528,0.285714285714286,1
"locus314","In-water, CA",7,0,1,2,0.285714285714286,0,0.43956043956044,0,1
"locus321","In-water, CA",7,0,1,2,0.285714285714286,0,0.538461538461538,0.428571428571429,1
"locus322","In-water, CA",7,0,1,2,0.285714285714286,0,0.43956043956044,0.285714285714286,1
"locus323","In-water, CA",7,0,1,2,0.285714285714286,0,0.362637362637363,0.428571428571429,1
"locus329","In-water, CA",7,0,1,2,0.285714285714286,0,0.538461538461538,0.142857142857143,1
"locus332","In-water, CA",7,0,1,2,0.285714285714286,0,0.43956043956044,0.571428571428571,1
"locus358","In-water, CA",7,0,1,2,0.285714285714286,0,0.362637362637363,0.428571428571429,1
"locus359","In-water, CA",7,0,1,2,0.285714285714286,0.142857142857143,0.142857142857143,0.142857142857143,1
"locus360","In-water, CA",7,0,1,2,0.285714285714286,0,0.527472527472528,0.571428571428571,1
"Dc01018","Bird's Head-Summer",42,10,0.807692307692308,2,0.0476190476190476,0,0.281124497991968,0.192307692307692,1
"Dc01661","Bird's Head-Summer",52,0,1,3,0.0576923076923077,0,0.629387602688574,0.673076923076923,2
"Dc01707","Bird's Head-Summer",52,0,1,4,0.0769230769230769,0,0.633121732636296,0.673076923076923,2
"Dc01784","Bird's Head-Summer",51,1,0.980769230769231,2,0.0392156862745098,0.0196078431372549,0.495437779072025,0.576923076923077,1
"Dc02951","Bird's Head-Summer",52,0,1,2,0.0384615384615385,0,0.276138909634055,0.211538461538462,1
"Dc03456","Bird's Head-Summer",52,0,1,2,0.0384615384615385,0,0.492905153099328,0.538461538461538,1
"Dc03556","Bird's Head-Summer",52,0,1,2,0.0384615384615385,0,0.49570575056012,0.557692307692308,1
"Dc06503","Bird's Head-Summer",32,20,0.615384615384615,2,0.0625,0,0.119047619047619,0.0769230769230769,1
"Dc07300","Bird's Head-Summer",52,0,1,3,0.0576923076923077,0,0.670089619118745,0.596153846153846,2
"Dc07937","Bird's Head-Summer",49,3,0.942307692307692,3,0.0612244897959184,0,0.587208079107932,0.615384615384615,2
"Dc08054","Bird's Head-Summer",52,0,1,3,0.0576923076923077,0,0.608476474981329,0.653846153846154,2
"Dc08189","Bird's Head-Summer",46,6,0.884615384615385,3,0.0652173913043478,0,0.574534161490683,0.480769230769231,2
"Dc08463","Bird's Head-Summer",52,0,1,2,0.0384615384615385,0,0.437453323375654,0.326923076923077,1
"Dc08865","Bird's Head-Summer",52,0,1,3,0.0576923076923077,0,0.495332337565347,0.5,2
"Dc10003","Bird's Head-Summer",42,10,0.807692307692308,2,0.0476190476190476,0,0.312105565117613,0.230769230769231,1
"Dc10390","Bird's Head-Summer",52,0,1,2,0.0384615384615385,0,0.220873786407767,0.25,1
"Dc10878","Bird's Head-Summer",36,16,0.692307692307692,2,0.0555555555555556,0,0.506651017214398,0.403846153846154,1
"Dc10885","Bird's Head-Summer",52,0,1,3,0.0576923076923077,0,0.582337565347274,0.538461538461538,2
"Dc11203","Bird's Head-Summer",52,0,1,2,0.0384615384615385,0,0.220873786407767,0.211538461538462,2
"Dc11714","Bird's Head-Summer",49,3,0.942307692307692,2,0.0408163265306122,0,0.501788344203661,0.365384615384615,1
"Dc13159","Bird's Head-Summer",46,6,0.884615384615385,3,0.0652173913043478,0,0.463688485427616,0.461538461538462,2
"Dc13592","Bird's Head-Summer",49,3,0.942307692307692,3,0.0612244897959184,0,0.343993267410057,0.365384615384615,2
"Dc14022","Bird's Head-Summer",49,3,0.942307692307692,2,0.0408163265306122,0,0.134020618556701,0.134615384615385,1
"Dc14945","Bird's Head-Summer",52,0,1,2,0.0384615384615385,0,0.159634055265123,0.134615384615385,1
"Dc16747","Bird's Head-Summer",44,8,0.846153846153846,2,0.0454545454545455,0,0.446969696969697,0.365384615384615,1
"Dc18951","Bird's Head-Summer",52,0,1,2,0.0384615384615385,0,0.450896191187453,0.326923076923077,1
"Dc20232","Bird's Head-Summer",51,1,0.980769230769231,3,0.0588235294117647,0.0196078431372549,0.198990487284022,0.211538461538462,2
"Dc22883","Bird's Head-Summer",46,6,0.884615384615385,3,0.0652173913043478,0,0.642140468227425,0.538461538461538,2
"Dc22887","Bird's Head-Summer",52,0,1,2,0.0384615384615385,0,0.159634055265123,0.173076923076923,1
"Dc27955","Bird's Head-Summer",43,9,0.826923076923077,2,0.0465116279069767,0,0.373461012311902,0.211538461538462,1
"Dc28124","Bird's Head-Summer",52,0,1,2,0.0384615384615385,0,0.262882748319642,0.307692307692308,1
"Dc28776","Bird's Head-Summer",48,4,0.923076923076923,2,0.0416666666666667,0,0.378947368421053,0.307692307692308,1
"Dc30071","Bird's Head-Summer",51,1,0.980769230769231,2,0.0392156862745098,0.0196078431372549,0.495437779072025,0.538461538461538,1
"Dc31007","Bird's Head-Summer",35,17,0.673076923076923,2,0.0571428571428571,0,0.205383022774327,0.153846153846154,1
"Dc33714","Bird's Head-Summer",51,1,0.980769230769231,3,0.0588235294117647,0.0196078431372549,0.50475635798874,0.519230769230769,2
"Dc33907","Bird's Head-Summer",49,3,0.942307692307692,2,0.0408163265306122,0,0.315800547022933,0.365384615384615,1
"Dc34902","Bird's Head-Summer",52,0,1,2,0.0384615384615385,0,0.143390589992532,0.153846153846154,1
"Dc35779","Bird's Head-Summer",52,0,1,2,0.0384615384615385,0,0.235250186706497,0.230769230769231,1
"Dc36571","Bird's Head-Summer",51,1,0.980769230769231,2,0.0392156862745098,0.0196078431372549,0.497961560861969,0.557692307692308,1
"Dc36616","Bird's Head-Summer",52,0,1,2,0.0384615384615385,0,0.406086631814787,0.403846153846154,1
"Dc40235","Bird's Head-Summer",52,0,1,2,0.0384615384615385,0,0.262882748319642,0.230769230769231,1
"Dc41234","Bird's Head-Summer",37,15,0.711538461538462,3,0.0810810810810811,0,0.614587189929656,0.423076923076923,2
"Dc46984","Bird's Head-Summer",52,0,1,3,0.0576923076923077,0,0.608663181478715,0.519230769230769,2
"Dc47572","Bird's Head-Summer",52,0,1,3,0.0576923076923077,0,0.359036594473488,0.365384615384615,2
"Dc47935","Bird's Head-Summer",52,0,1,4,0.0769230769230769,0,0.63722927557879,0.615384615384615,3
"Dc48207","Bird's Head-Summer",42,10,0.807692307692308,2,0.0476190476190476,0,0.0697074010327021,0.0576923076923077,1
"Dc48950","Bird's Head-Summer",52,0,1,3,0.0576923076923077,0,0.666355489171023,0.769230769230769,2
"Dc49080","Bird's Head-Summer",52,0,1,2,0.0384615384615385,0,0.48226288274832,0.519230769230769,1
"Dc49184","Bird's Head-Summer",52,0,1,3,0.0576923076923077,0,0.41168782673637,0.442307692307692,2
"Dc51020","Bird's Head-Summer",52,0,1,2,0.0384615384615385,0,0.388162808065721,0.403846153846154,1
"Dc52523","Bird's Head-Summer",51,1,0.980769230769231,4,0.0784313725490196,0.0196078431372549,0.595806639487478,0.653846153846154,2
"Dc55481","Bird's Head-Summer",46,6,0.884615384615385,2,0.0434782608695652,0,0.400143334925944,0.365384615384615,1
"Dc58248","Bird's Head-Summer",52,0,1,3,0.0576923076923077,0,0.556385362210605,0.519230769230769,2
"Dc62188","Bird's Head-Summer",52,0,1,3,0.0576923076923077,0,0.608476474981329,0.653846153846154,2
"Dc67011","Bird's Head-Summer",52,0,1,2,0.0384615384615385,0,0.220873786407767,0.25,1
"locus003","Bird's Head-Summer",52,0,1,2,0.0384615384615385,0,0.462845407020164,0.403846153846154,1
"locus004","Bird's Head-Summer",52,0,1,2,0.0384615384615385,0,0.313666915608663,0.384615384615385,1
"locus005","Bird's Head-Summer",52,0,1,2,0.0384615384615385,0,0.336818521284541,0.307692307692308,1
"locus006","Bird's Head-Summer",52,0,1,2,0.0384615384615385,0,0.406086631814787,0.365384615384615,1
"locus008","Bird's Head-Summer",52,0,1,2,0.0384615384615385,0,0.39731142643764,0.461538461538462,1
"locus013","Bird's Head-Summer",52,0,1,2,0.0384615384615385,0,0.48226288274832,0.480769230769231,1
"locus014","Bird's Head-Summer",52,0,1,2,0.0384615384615385,0,0.500186706497386,0.519230769230769,1
"locus022","Bird's Head-Summer",52,0,1,3,0.0576923076923077,0,0.556945481702763,0.615384615384615,2
"locus024","Bird's Head-Summer",52,0,1,2,0.0384615384615385,0,0.347834204630321,0.365384615384615,1
"locus025","Bird's Head-Summer",52,0,1,2,0.0384615384615385,0,0.498132935026139,0.461538461538462,1
"locus027","Bird's Head-Summer",38,14,0.730769230769231,2,0.0526315789473684,0,0.366315789473684,0.269230769230769,1
"locus030","Bird's Head-Summer",52,0,1,2,0.0384615384615385,0,0.501867064973861,0.461538461538462,1
"locus035","Bird's Head-Summer",51,1,0.980769230769231,2,0.0392156862745098,0.0196078431372549,0.267132595612503,0.269230769230769,1
"locus038","Bird's Head-Summer",50,2,0.961538461538462,2,0.04,0,0.503232323232323,0.442307692307692,1
"locus039","Bird's Head-Summer",52,0,1,2,0.0384615384615385,0,0.262882748319642,0.307692307692308,1
"locus040","Bird's Head-Summer",44,8,0.846153846153846,2,0.0454545454545455,0,0.270637408568443,0.230769230769231,1
"locus041","Bird's Head-Summer",47,5,0.903846153846154,2,0.0425531914893617,0,0.477693891557996,0.5,1
"locus045","Bird's Head-Summer",52,0,1,2,0.0384615384615385,0,0.325429424943988,0.288461538461538,2
"locus047","Bird's Head-Summer",52,0,1,2,0.0384615384615385,0,0.49570575056012,0.442307692307692,1
"locus048","Bird's Head-Summer",52,0,1,2,0.0384615384615385,0,0.175504107542943,0.192307692307692,1
"locus053","Bird's Head-Summer",52,0,1,3,0.0576923076923077,0,0.595407020164302,0.673076923076923,2
"locus055","Bird's Head-Summer",52,0,1,2,0.0384615384615385,0,0.313666915608663,0.307692307692308,1
"locus056","Bird's Head-Summer",52,0,1,2,0.0384615384615385,0,0.347834204630321,0.365384615384615,1
"locus058","Bird's Head-Summer",52,0,1,2,0.0384615384615385,0,0.486183719193428,0.384615384615385,1
"locus060","Bird's Head-Summer",52,0,1,2,0.0384615384615385,0,0.289021657953697,0.269230769230769,1
"locus061","Bird's Head-Summer",50,2,0.961538461538462,2,0.04,0,0.243232323232323,0.230769230769231,2
"locus062","Bird's Head-Summer",52,0,1,2,0.0384615384615385,0,0.486183719193428,0.461538461538462,1
"locus064","Bird's Head-Summer",52,0,1,2,0.0384615384615385,0,0.457057505601195,0.538461538461538,1
"locus065","Bird's Head-Summer",52,0,1,2,0.0384615384615385,0,0.109783420463032,0.115384615384615,1
"locus073","Bird's Head-Summer",52,0,1,2,0.0384615384615385,0,0.504107542942494,0.615384615384615,1
"locus074","Bird's Head-Summer",52,0,1,2,0.0384615384615385,0,0.276138909634055,0.288461538461538,1
"locus076","Bird's Head-Summer",48,4,0.923076923076923,2,0.0416666666666667,0,0.504385964912281,0.423076923076923,1
"locus077","Bird's Head-Summer",52,0,1,2,0.0384615384615385,0,0.0746825989544437,0.0769230769230769,1
"locus080","Bird's Head-Summer",52,0,1,2,0.0384615384615385,0,0.503174010455564,0.480769230769231,1
"locus083","Bird's Head-Summer",51,1,0.980769230769231,2,0.0392156862745098,0.0196078431372549,0.330227140361095,0.25,1
"locus088","Bird's Head-Summer",52,0,1,2,0.0384615384615385,0,0.325429424943988,0.365384615384615,1
"locus093","Bird's Head-Summer",41,11,0.788461538461538,2,0.048780487804878,0,0.0481782595603735,0.0384615384615385,1
"locus096","Bird's Head-Summer",52,0,1,2,0.0384615384615385,0,0.313666915608663,0.307692307692308,1
"locus098","Bird's Head-Summer",46,6,0.884615384615385,2,0.0434782608695652,0,0.379120879120879,0.326923076923077,1
"locus100","Bird's Head-Summer",52,0,1,2,0.0384615384615385,0,0.378640776699029,0.346153846153846,3
"locus106","Bird's Head-Summer",52,0,1,2,0.0384615384615385,0,0.159634055265123,0.173076923076923,1
"locus116","Bird's Head-Summer",46,6,0.884615384615385,2,0.0434782608695652,0,0.458671763019589,0.346153846153846,1
"locus119","Bird's Head-Summer",52,0,1,2,0.0384615384615385,0,0.504107542942494,0.653846153846154,1
"locus120","Bird's Head-Summer",52,0,1,2,0.0384615384615385,0,0.249253174010456,0.211538461538462,1
"locus128","Bird's Head-Summer",48,4,0.923076923076923,2,0.0416666666666667,0,0.320833333333333,0.25,1
"locus129","Bird's Head-Summer",52,0,1,3,0.0576923076923077,0,0.383681852128454,0.326923076923077,2
"locus130","Bird's Head-Summer",46,6,0.884615384615385,2,0.0434782608695652,0,0.290492116579073,0.230769230769231,1
"locus134","Bird's Head-Summer",52,0,1,2,0.0384615384615385,0,0.368745332337565,0.326923076923077,1
"locus135","Bird's Head-Summer",52,0,1,3,0.0576923076923077,0,0.48319641523525,0.538461538461538,2
"locus137","Bird's Head-Summer",52,0,1,2,0.0384615384615385,0,0.262882748319642,0.307692307692308,1
"locus139","Bird's Head-Summer",52,0,1,2,0.0384615384615385,0,0.0924197162061242,0.0576923076923077,1
"locus140","Bird's Head-Summer",52,0,1,2,0.0384615384615385,0,0.0924197162061242,0.0576923076923077,1
"locus146","Bird's Head-Summer",52,0,1,2,0.0384615384615385,0,0.492905153099328,0.5,1
"locus148","Bird's Head-Summer",52,0,1,2,0.0384615384615385,0,0.437453323375654,0.519230769230769,1
"locus151","Bird's Head-Summer",47,5,0.903846153846154,2,0.0425531914893617,0,0.439258750857927,0.384615384615385,1
"locus157","Bird's Head-Summer",46,6,0.884615384615385,2,0.0434782608695652,0,0.3561872909699,0.365384615384615,1
"locus161","Bird's Head-Summer",52,0,1,2,0.0384615384615385,0,0.276138909634055,0.326923076923077,1
"locus165","Bird's Head-Summer",47,5,0.903846153846154,2,0.0425531914893617,0,0.477693891557996,0.384615384615385,1
"locus170","Bird's Head-Summer",52,0,1,2,0.0384615384615385,0,0.489731142643764,0.519230769230769,1
"locus176","Bird's Head-Summer",52,0,1,2,0.0384615384615385,0,0.473300970873786,0.442307692307692,1
"locus184","Bird's Head-Summer",52,0,1,2,0.0384615384615385,0,0.388162808065721,0.403846153846154,1
"locus186","Bird's Head-Summer",52,0,1,2,0.0384615384615385,0,0.206123973114264,0.192307692307692,1
"locus188","Bird's Head-Summer",52,0,1,3,0.0576923076923077,0,0.647684839432412,0.538461538461538,2
"locus189","Bird's Head-Summer",52,0,1,2,0.0384615384615385,0,0.498132935026139,0.423076923076923,2
"locus190","Bird's Head-Summer",52,0,1,2,0.0384615384615385,0,0.388162808065721,0.365384615384615,1
"locus191","Bird's Head-Summer",52,0,1,2,0.0384615384615385,0,0.500186706497386,0.557692307692308,1
"locus192","Bird's Head-Summer",52,0,1,2,0.0384615384615385,0,0.422516803584765,0.480769230769231,1
"locus195","Bird's Head-Summer",52,0,1,2,0.0384615384615385,0,0.477968633308439,0.538461538461538,1
"locus202","Bird's Head-Summer",52,0,1,2,0.0384615384615385,0,0.477968633308439,0.423076923076923,1
"locus215","Bird's Head-Summer",52,0,1,2,0.0384615384615385,0,0.414488424197162,0.307692307692308,1
"locus227","Bird's Head-Summer",52,0,1,2,0.0384615384615385,0,0.262882748319642,0.153846153846154,1
"locus231","Bird's Head-Summer",44,8,0.846153846153846,2,0.0454545454545455,0,0.367554858934169,0.326923076923077,1
"locus235","Bird's Head-Summer",52,0,1,2,0.0384615384615385,0,0.406086631814787,0.442307692307692,1
"locus236","Bird's Head-Summer",52,0,1,2,0.0384615384615385,0,0.301530993278566,0.288461538461538,1
"locus237","Bird's Head-Summer",52,0,1,3,0.0576923076923077,0,0.380694548170276,0.442307692307692,2
"locus239","Bird's Head-Summer",52,0,1,2,0.0384615384615385,0,0.336818521284541,0.384615384615385,1
"locus248","Bird's Head-Summer",52,0,1,2,0.0384615384615385,0,0.378640776699029,0.423076923076923,1
"locus256","Bird's Head-Summer",47,5,0.903846153846154,2,0.0425531914893617,0,0.494166094715168,0.423076923076923,1
"locus263","Bird's Head-Summer",52,0,1,2,0.0384615384615385,0,0.109783420463032,0.115384615384615,1
"locus264","Bird's Head-Summer",52,0,1,2,0.0384615384615385,0,0.473300970873786,0.480769230769231,1
"locus274","Bird's Head-Summer",52,0,1,2,0.0384615384615385,0,0.457057505601195,0.423076923076923,1
"locus280","Bird's Head-Summer",48,4,0.923076923076923,2,0.0416666666666667,0,0.408552631578947,0.403846153846154,1
"locus282","Bird's Head-Summer",52,0,1,2,0.0384615384615385,0,0.437453323375654,0.365384615384615,1
"locus286","Bird's Head-Summer",52,0,1,2,0.0384615384615385,0,0.126773711725168,0.134615384615385,1
"locus291","Bird's Head-Summer",52,0,1,2,0.0384615384615385,0,0.457057505601195,0.5,2
"locus292","Bird's Head-Summer",52,0,1,2,0.0384615384615385,0,0.498132935026139,0.653846153846154,1
"locus296","Bird's Head-Summer",52,0,1,2,0.0384615384615385,0,0.325429424943988,0.288461538461538,1
"locus301","Bird's Head-Summer",52,0,1,2,0.0384615384615385,0,0.358476474981329,0.346153846153846,1
"locus314","Bird's Head-Summer",36,16,0.692307692307692,2,0.0555555555555556,0,0.200312989045383,0.0384615384615385,1
"locus321","Bird's Head-Summer",52,0,1,2,0.0384615384615385,0,0.457057505601195,0.538461538461538,1
"locus322","Bird's Head-Summer",52,0,1,2,0.0384615384615385,0,0.500186706497386,0.519230769230769,1
"locus323","Bird's Head-Summer",52,0,1,2,0.0384615384615385,0,0.422516803584765,0.326923076923077,1
"locus329","Bird's Head-Summer",52,0,1,2,0.0384615384615385,0,0.492905153099328,0.538461538461538,1
"locus332","Bird's Head-Summer",52,0,1,2,0.0384615384615385,0,0.473300970873786,0.442307692307692,1
"locus358","Bird's Head-Summer",52,0,1,2,0.0384615384615385,0,0.313666915608663,0.307692307692308,1
"locus359","Bird's Head-Summer",52,0,1,2,0.0384615384615385,0,0.289021657953697,0.346153846153846,1
"locus360","Bird's Head-Summer",52,0,1,2,0.0384615384615385,0,0.489731142643764,0.557692307692308,1
"Dc01018","Bird's Head-Winter",55,6,0.901639344262295,2,0.0363636363636364,0,0.333778148457048,0.278688524590164,1
"Dc01661","Bird's Head-Winter",61,0,1,3,0.0491803278688525,0,0.613331526893375,0.639344262295082,2
"Dc01707","Bird's Head-Winter",61,0,1,4,0.0655737704918033,0,0.653434493971007,0.672131147540984,2
"Dc01784","Bird's Head-Winter",61,0,1,2,0.0327868852459016,0,0.397913561847988,0.311475409836066,1
"Dc02951","Bird's Head-Winter",61,0,1,2,0.0327868852459016,0,0.338165560222192,0.39344262295082,1
"Dc03456","Bird's Head-Winter",61,0,1,2,0.0327868852459016,0,0.501964503454816,0.442622950819672,1
"Dc03556","Bird's Head-Winter",61,0,1,2,0.0327868852459016,0,0.499254843517139,0.540983606557377,1
"Dc06503","Bird's Head-Winter",34,27,0.557377049180328,2,0.0588235294117647,0,0.163301141352063,0.0983606557377049,1
"Dc07300","Bird's Head-Winter",61,0,1,3,0.0491803278688525,0,0.644763582170438,0.655737704918033,2
"Dc07937","Bird's Head-Winter",61,0,1,3,0.0491803278688525,0,0.54735130741092,0.524590163934426,2
"Dc08054","Bird's Head-Winter",61,0,1,3,0.0491803278688525,0,0.630131418506977,0.622950819672131,2
"Dc08189","Bird's Head-Winter",58,3,0.950819672131147,3,0.0517241379310345,0,0.596701649175412,0.622950819672131,2
"Dc08463","Bird's Head-Winter",61,0,1,2,0.0327868852459016,0,0.419455358352527,0.459016393442623,1
"Dc08865","Bird's Head-Winter",61,0,1,3,0.0491803278688525,0,0.498441945535835,0.475409836065574,2
"Dc10003","Bird's Head-Winter",27,34,0.442622950819672,2,0.0740740740740741,0,0.229909154437456,0.0819672131147541,1
"Dc10390","Bird's Head-Winter",61,0,1,2,0.0327868852459016,0,0.204850291288443,0.163934426229508,1
"Dc10878","Bird's Head-Winter",45,16,0.737704918032787,2,0.0444444444444444,0,0.504619225967541,0.344262295081967,1
"Dc10885","Bird's Head-Winter",61,0,1,3,0.0491803278688525,0,0.587454274488552,0.59016393442623,2
"Dc11203","Bird's Head-Winter",61,0,1,2,0.0327868852459016,0,0.229779162715079,0.262295081967213,2
"Dc11714","Bird's Head-Winter",52,9,0.852459016393443,2,0.0384615384615385,0,0.486183719193428,0.295081967213115,1
"Dc13159","Bird's Head-Winter",60,1,0.983606557377049,3,0.05,0.0166666666666667,0.56078431372549,0.573770491803279,2
"Dc13592","Bird's Head-Winter",56,5,0.918032786885246,3,0.0535714285714286,0,0.242760617760618,0.213114754098361,2
"Dc14022","Bird's Head-Winter",61,0,1,2,0.0327868852459016,0,0.0639479745291965,0.0655737704918033,1
"Dc14945","Bird's Head-Winter",61,0,1,2,0.0327868852459016,0,0.151740956509958,0.131147540983607,1
"Dc16747","Bird's Head-Winter",53,8,0.868852459016393,2,0.0377358490566038,0,0.425516621743037,0.39344262295082,1
"Dc18951","Bird's Head-Winter",61,0,1,2,0.0327868852459016,0,0.373933071399539,0.327868852459016,1
"Dc20232","Bird's Head-Winter",61,0,1,3,0.0491803278688525,0,0.233572686627828,0.262295081967213,2
"Dc22883","Bird's Head-Winter",54,7,0.885245901639344,3,0.0555555555555556,0,0.643302180685358,0.557377049180328,2
"Dc22887","Bird's Head-Winter",60,1,0.983606557377049,2,0.0333333333333333,0.0166666666666667,0.207843137254902,0.229508196721311,1
"Dc27955","Bird's Head-Winter",55,6,0.901639344262295,2,0.0363636363636364,0,0.344286905754796,0.295081967213115,1
"Dc28124","Bird's Head-Winter",61,0,1,2,0.0327868852459016,0,0.241837149437745,0.278688524590164,1
"Dc28776","Bird's Head-Winter",59,2,0.967213114754098,2,0.0338983050847458,0,0.365058670143416,0.327868852459016,1
"Dc30071","Bird's Head-Winter",59,2,0.967213114754098,2,0.0338983050847458,0,0.501955671447197,0.573770491803279,1
"Dc31007","Bird's Head-Winter",22,39,0.360655737704918,2,0.0909090909090909,0,0.130021141649049,0.0491803278688525,1
"Dc33714","Bird's Head-Winter",61,0,1,3,0.0491803278688525,0,0.555344804227069,0.59016393442623,2
"Dc33907","Bird's Head-Winter",60,1,0.983606557377049,2,0.0333333333333333,0.0166666666666667,0.332633053221289,0.344262295081967,1
"Dc34902","Bird's Head-Winter",61,0,1,2,0.0327868852459016,0,0.191979406584474,0.180327868852459,1
"Dc35779","Bird's Head-Winter",60,1,0.983606557377049,2,0.0333333333333333,0.0166666666666667,0.342296918767507,0.295081967213115,1
"Dc36571","Bird's Head-Winter",55,6,0.901639344262295,2,0.0363636363636364,0,0.503085904920767,0.327868852459016,1
"Dc36616","Bird's Head-Winter",61,0,1,2,0.0327868852459016,0,0.382197534209457,0.344262295081967,1
"Dc40235","Bird's Head-Winter",61,0,1,2,0.0327868852459016,0,0.29806259314456,0.295081967213115,1
"Dc41234","Bird's Head-Winter",36,25,0.59016393442623,3,0.0833333333333333,0,0.659233176838811,0.442622950819672,2
"Dc46984","Bird's Head-Winter",61,0,1,3,0.0491803278688525,0,0.570247933884298,0.540983606557377,2
"Dc47572","Bird's Head-Winter",61,0,1,3,0.0491803278688525,0,0.359978322720499,0.327868852459016,2
"Dc47935","Bird's Head-Winter",61,0,1,4,0.0655737704918033,0,0.576480151740956,0.59016393442623,3
"Dc48207","Bird's Head-Winter",57,4,0.934426229508197,2,0.0350877192982456,0,0.0347772085079958,0.0327868852459016,1
"Dc48950","Bird's Head-Winter",61,0,1,3,0.0491803278688525,0,0.59680260127354,0.573770491803279,2
"Dc49080","Bird's Head-Winter",61,0,1,2,0.0327868852459016,0,0.502912884433004,0.459016393442623,1
"Dc49184","Bird's Head-Winter",61,0,1,3,0.0491803278688525,0,0.405365126676602,0.459016393442623,2
"Dc51020","Bird's Head-Winter",61,0,1,2,0.0327868852459016,0,0.438558460913155,0.377049180327869,1
"Dc52523","Bird's Head-Winter",60,1,0.983606557377049,4,0.0666666666666667,0.0166666666666667,0.574649859943978,0.491803278688525,2
"Dc55481","Bird's Head-Winter",48,13,0.786885245901639,2,0.0416666666666667,0,0.357017543859649,0.19672131147541,1
"Dc58248","Bird's Head-Winter",61,0,1,4,0.0655737704918033,0,0.554260940251998,0.540983606557377,2
"Dc62188","Bird's Head-Winter",61,0,1,3,0.0491803278688525,0,0.614415390868446,0.557377049180328,2
"Dc67011","Bird's Head-Winter",61,0,1,2,0.0327868852459016,0,0.318656008670912,0.360655737704918,1
"locus003","Bird's Head-Winter",61,0,1,2,0.0327868852459016,0,0.460235740414578,0.475409836065574,1
"locus004","Bird's Head-Winter",61,0,1,2,0.0327868852459016,0,0.338165560222192,0.327868852459016,1
"locus005","Bird's Head-Winter",61,0,1,2,0.0327868852459016,0,0.365397642595854,0.311475409836066,1
"locus006","Bird's Head-Winter",61,0,1,2,0.0327868852459016,0,0.347513887007181,0.442622950819672,1
"locus008","Bird's Head-Winter",61,0,1,2,0.0327868852459016,0,0.469448584202683,0.475409836065574,1
"locus013","Bird's Head-Winter",61,0,1,2,0.0327868852459016,0,0.477577564015716,0.442622950819672,1
"locus014","Bird's Head-Winter",61,0,1,2,0.0327868852459016,0,0.504132231404959,0.311475409836066,1
"locus022","Bird's Head-Winter",61,0,1,3,0.0491803278688525,0,0.619834710743802,0.672131147540984,2
"locus024","Bird's Head-Winter",61,0,1,2,0.0327868852459016,0,0.318656008670912,0.327868852459016,1
"locus025","Bird's Head-Winter",61,0,1,2,0.0327868852459016,0,0.493158108657364,0.39344262295082,1
"locus027","Bird's Head-Winter",52,9,0.852459016393443,2,0.0384615384615385,0,0.368745332337565,0.311475409836066,1
"locus030","Bird's Head-Winter",61,0,1,2,0.0327868852459016,0,0.49546131960439,0.508196721311475,1
"locus035","Bird's Head-Winter",61,0,1,2,0.0327868852459016,0,0.217450209998645,0.213114754098361,1
"locus038","Bird's Head-Winter",61,0,1,2,0.0327868852459016,0,0.500745156482861,0.459016393442623,1
"locus039","Bird's Head-Winter",61,0,1,2,0.0327868852459016,0,0.276385313643138,0.295081967213115,1
"locus040","Bird's Head-Winter",57,4,0.934426229508197,2,0.0350877192982456,0,0.28023598820059,0.147540983606557,1
"locus041","Bird's Head-Winter",58,3,0.950819672131147,2,0.0344827586206897,0,0.350824587706147,0.360655737704918,1
"locus045","Bird's Head-Winter",61,0,1,2,0.0327868852459016,0,0.328546267443436,0.40983606557377,2
"locus047","Bird's Head-Winter",61,0,1,2,0.0327868852459016,0,0.487738788782008,0.491803278688525,1
"locus048","Bird's Head-Winter",61,0,1,2,0.0327868852459016,0,0.0942961658311882,0.0983606557377049,1
"locus053","Bird's Head-Winter",61,0,1,3,0.0491803278688525,0,0.596260669286005,0.508196721311475,2
"locus055","Bird's Head-Winter",61,0,1,2,0.0327868852459016,0,0.338165560222192,0.295081967213115,1
"locus056","Bird's Head-Winter",61,0,1,2,0.0327868852459016,0,0.397913561847988,0.475409836065574,1
"locus058","Bird's Head-Winter",61,0,1,2,0.0327868852459016,0,0.484622679853678,0.540983606557377,1
"locus060","Bird's Head-Winter",61,0,1,2,0.0327868852459016,0,0.347513887007181,0.40983606557377,1
"locus061","Bird's Head-Winter",11,50,0.180327868852459,2,0.181818181818182,0,0.311688311688312,0.0327868852459016,2
"locus062","Bird's Head-Winter",60,1,0.983606557377049,2,0.0333333333333333,0.0166666666666667,0.463725490196078,0.573770491803279,1
"locus064","Bird's Head-Winter",61,0,1,2,0.0327868852459016,0,0.338165560222192,0.39344262295082,1
"locus065","Bird's Head-Winter",61,0,1,2,0.0327868852459016,0,0.109063812491532,0.114754098360656,1
"locus073","Bird's Head-Winter",58,3,0.950819672131147,2,0.0344827586206897,0,0.486206896551724,0.40983606557377,1
"locus074","Bird's Head-Winter",61,0,1,2,0.0327868852459016,0,0.373933071399539,0.327868852459016,1
"locus076","Bird's Head-Winter",59,2,0.967213114754098,2,0.0338983050847458,0,0.497175141242938,0.360655737704918,1
"locus077","Bird's Head-Winter",49,12,0.80327868852459,2,0.0408163265306122,0,0.247422680412371,0.229508196721311,1
"locus080","Bird's Head-Winter",31,30,0.508196721311475,2,0.0645161290322581,0,0.49497620306716,0.229508196721311,1
"locus083","Bird's Head-Winter",15,46,0.245901639344262,2,0.133333333333333,0,0.370114942528736,0.114754098360656,1
"locus088","Bird's Head-Winter",61,0,1,2,0.0327868852459016,0,0.347513887007181,0.377049180327869,1
"locus093","Bird's Head-Winter",57,4,0.934426229508197,1,0.0175438596491228,0,0,0,1
"locus096","Bird's Head-Winter",61,0,1,2,0.0327868852459016,0,0.318656008670912,0.360655737704918,1
"locus098","Bird's Head-Winter",60,1,0.983606557377049,2,0.0333333333333333,0.0166666666666667,0.430112044817927,0.442622950819672,1
"locus100","Bird's Head-Winter",61,0,1,2,0.0327868852459016,0,0.373933071399539,0.426229508196721,3
"locus106","Bird's Head-Winter",58,3,0.950819672131147,2,0.0344827586206897,0,0.129535232383808,0.131147540983607,1
"locus116","Bird's Head-Winter",58,3,0.950819672131147,2,0.0344827586206897,0,0.402998500749625,0.459016393442623,1
"locus119","Bird's Head-Winter",61,0,1,2,0.0327868852459016,0,0.473648557106083,0.59016393442623,1
"locus120","Bird's Head-Winter",61,0,1,2,0.0327868852459016,0,0.276385313643138,0.229508196721311,1
"locus128","Bird's Head-Winter",61,0,1,2,0.0327868852459016,0,0.365397642595854,0.344262295081967,1
"locus129","Bird's Head-Winter",61,0,1,3,0.0491803278688525,0,0.388158786072348,0.39344262295082,2
"locus130","Bird's Head-Winter",9,52,0.147540983606557,2,0.222222222222222,0,0.294117647058823,0.0491803278688525,1
"locus134","Bird's Head-Winter",50,11,0.819672131147541,2,0.04,0,0.407272727272727,0.262295081967213,1
"locus135","Bird's Head-Winter",61,0,1,3,0.0491803278688525,0,0.491938761685409,0.508196721311475,2
"locus137","Bird's Head-Winter",61,0,1,2,0.0327868852459016,0,0.253624170166644,0.229508196721311,1
"locus139","Bird's Head-Winter",61,0,1,2,0.0327868852459016,0,0.151740956509958,0.163934426229508,1
"locus140","Bird's Head-Winter",61,0,1,2,0.0327868852459016,0,0.151740956509958,0.163934426229508,1
"locus146","Bird's Head-Winter",61,0,1,2,0.0327868852459016,0,0.493158108657364,0.59016393442623,1
"locus148","Bird's Head-Winter",61,0,1,2,0.0327868852459016,0,0.464977645305514,0.459016393442623,1
"locus151","Bird's Head-Winter",10,51,0.163934426229508,2,0.2,0,0.336842105263158,0.0655737704918033,1
"locus157","Bird's Head-Winter",27,34,0.442622950819672,2,0.0740740740740741,0,0.330538085255066,0.147540983606557,1
"locus161","Bird's Head-Winter",61,0,1,2,0.0327868852459016,0,0.241837149437745,0.278688524590164,1
"locus165","Bird's Head-Winter",38,23,0.622950819672131,2,0.0526315789473684,0,0.38,0.245901639344262,1
"locus170","Bird's Head-Winter",61,0,1,2,0.0327868852459016,0,0.49546131960439,0.508196721311475,1
"locus176","Bird's Head-Winter",24,37,0.39344262295082,2,0.0833333333333333,0,0.453900709219858,0.131147540983607,1
"locus184","Bird's Head-Winter",61,0,1,2,0.0327868852459016,0,0.449939032651402,0.475409836065574,1
"locus186","Bird's Head-Winter",61,0,1,2,0.0327868852459016,0,0.365397642595854,0.40983606557377,1
"locus188","Bird's Head-Winter",31,30,0.508196721311475,3,0.0967741935483871,0,0.647805393971444,0.295081967213115,2
"locus189","Bird's Head-Winter",61,0,1,2,0.0327868852459016,0,0.444384229779163,0.491803278688525,2
"locus190","Bird's Head-Winter",61,0,1,2,0.0327868852459016,0,0.390191031025606,0.426229508196721,1
"locus191","Bird's Head-Winter",29,32,0.475409836065574,2,0.0689655172413793,0,0.503327283726558,0.229508196721311,1
"locus192","Bird's Head-Winter",46,15,0.754098360655738,2,0.0434782608695652,0,0.465121834687052,0.278688524590164,1
"locus195","Bird's Head-Winter",61,0,1,2,0.0327868852459016,0,0.373933071399539,0.39344262295082,1
"locus202","Bird's Head-Winter",61,0,1,2,0.0327868852459016,0,0.444384229779163,0.459016393442623,1
"locus215","Bird's Head-Winter",17,44,0.278688524590164,2,0.117647058823529,0,0.486631016042781,0.114754098360656,1
"locus227","Bird's Head-Winter",61,0,1,2,0.0327868852459016,0,0.253624170166644,0.295081967213115,1
"locus231","Bird's Head-Winter",58,3,0.950819672131147,2,0.0344827586206897,0,0.350824587706147,0.327868852459016,1
"locus235","Bird's Head-Winter",61,0,1,2,0.0327868852459016,0,0.449939032651402,0.442622950819672,1
"locus236","Bird's Head-Winter",61,0,1,2,0.0327868852459016,0,0.29806259314456,0.295081967213115,1
"locus237","Bird's Head-Winter",61,0,1,3,0.0491803278688525,0,0.366481506570925,0.442622950819672,2
"locus239","Bird's Head-Winter",61,0,1,2,0.0327868852459016,0,0.444384229779163,0.459016393442623,1
"locus248","Bird's Head-Winter",61,0,1,2,0.0327868852459016,0,0.373933071399539,0.39344262295082,1
"locus256","Bird's Head-Winter",48,13,0.786885245901639,2,0.0416666666666667,0,0.499780701754386,0.377049180327869,1
"locus263","Bird's Head-Winter",33,28,0.540983606557377,2,0.0606060606060606,0,0.142191142191142,0.0819672131147541,1
"locus264","Bird's Head-Winter",61,0,1,2,0.0327868852459016,0,0.444384229779163,0.459016393442623,1
"locus274","Bird's Head-Winter",61,0,1,2,0.0327868852459016,0,0.449939032651402,0.40983606557377,1
"locus280","Bird's Head-Winter",61,0,1,2,0.0327868852459016,0,0.390191031025606,0.39344262295082,1
"locus282","Bird's Head-Winter",61,0,1,2,0.0327868852459016,0,0.390191031025606,0.39344262295082,1
"locus286","Bird's Head-Winter",32,29,0.524590163934426,2,0.0625,0,0.119047619047619,0.0655737704918033,1
"locus291","Bird's Head-Winter",61,0,1,2,0.0327868852459016,0,0.449939032651402,0.40983606557377,2
"locus292","Bird's Head-Winter",61,0,1,2,0.0327868852459016,0,0.481235604931581,0.426229508196721,1
"locus296","Bird's Head-Winter",61,0,1,2,0.0327868852459016,0,0.29806259314456,0.295081967213115,1
"locus301","Bird's Head-Winter",58,3,0.950819672131147,2,0.0344827586206897,0,0.378260869565217,0.377049180327869,1
"locus314","Bird's Head-Winter",59,2,0.967213114754098,2,0.0338983050847458,0,0.19774011299435,0.0491803278688525,1
"locus321","Bird's Head-Winter",61,0,1,2,0.0327868852459016,0,0.473648557106083,0.426229508196721,1
"locus322","Bird's Head-Winter",61,0,1,2,0.0327868852459016,0,0.449939032651402,0.573770491803279,1
"locus323","Bird's Head-Winter",61,0,1,2,0.0327868852459016,0,0.397913561847988,0.442622950819672,1
"locus329","Bird's Head-Winter",61,0,1,2,0.0327868852459016,0,0.501964503454816,0.442622950819672,1
"locus332","Bird's Head-Winter",61,0,1,2,0.0327868852459016,0,0.444384229779163,0.491803278688525,1
"locus358","Bird's Head-Winter",61,0,1,2,0.0327868852459016,0,0.30849478390462,0.311475409836066,1
"locus359","Bird's Head-Winter",31,30,0.508196721311475,2,0.0645161290322581,0,0.317292437863564,0.163934426229508,1
"locus360","Bird's Head-Winter",36,25,0.59016393442623,2,0.0555555555555556,0,0.506651017214398,0.377049180327869,1
"Dc01018","In-water, Indonesia",2,1,0.666666666666667,1,0.5,0.5,0,0,1
"Dc01661","In-water, Indonesia",3,0,1,2,0.666666666666667,0,0.6,0.333333333333333,2
"Dc01707","In-water, Indonesia",3,0,1,4,1.33333333333333,0.666666666666667,0.866666666666667,1,2
"Dc01784","In-water, Indonesia",3,0,1,2,0.666666666666667,0,0.6,0.333333333333333,1
"Dc02951","In-water, Indonesia",3,0,1,2,0.666666666666667,0.333333333333333,0.333333333333333,0.333333333333333,1
"Dc03456","In-water, Indonesia",3,0,1,2,0.666666666666667,0,0.533333333333333,0.666666666666667,1
"Dc03556","In-water, Indonesia",3,0,1,2,0.666666666666667,0,0.533333333333333,0.666666666666667,1
"Dc06503","In-water, Indonesia",0,3,0,0,NA,NA,NA,0,1
"Dc07300","In-water, Indonesia",3,0,1,3,1,0.333333333333333,0.733333333333333,0.666666666666667,2
"Dc07937","In-water, Indonesia",3,0,1,1,0.333333333333333,0,0,0,2
"Dc08054","In-water, Indonesia",3,0,1,1,0.333333333333333,0,0,0,2
"Dc08189","In-water, Indonesia",2,1,0.666666666666667,2,1,1.5,0.666666666666667,0,2
"Dc08463","In-water, Indonesia",3,0,1,2,0.666666666666667,0,0.533333333333333,0.666666666666667,1
"Dc08865","In-water, Indonesia",3,0,1,2,0.666666666666667,0.333333333333333,0.333333333333333,0.333333333333333,2
"Dc10003","In-water, Indonesia",0,3,0,0,NA,NA,NA,0,1
"Dc10390","In-water, Indonesia",3,0,1,1,0.333333333333333,0,0,0,1
"Dc10878","In-water, Indonesia",1,2,0.333333333333333,2,2,2,1,0.333333333333333,1
"Dc10885","In-water, Indonesia",3,0,1,3,1,0.333333333333333,0.733333333333333,1,2
"Dc11203","In-water, Indonesia",3,0,1,2,0.666666666666667,0.333333333333333,0.333333333333333,0.333333333333333,2
"Dc11714","In-water, Indonesia",3,0,1,2,0.666666666666667,0,0.533333333333333,0.666666666666667,1
"Dc13159","In-water, Indonesia",2,1,0.666666666666667,3,1.5,1.5,0.833333333333333,0.666666666666667,2
"Dc13592","In-water, Indonesia",3,0,1,2,0.666666666666667,0,0.533333333333333,0.666666666666667,2
"Dc14022","In-water, Indonesia",3,0,1,1,0.333333333333333,0,0,0,1
"Dc14945","In-water, Indonesia",3,0,1,1,0.333333333333333,0,0,0,1
"Dc16747","In-water, Indonesia",1,2,0.333333333333333,1,1,1,0,0,1
"Dc18951","In-water, Indonesia",3,0,1,2,0.666666666666667,0.333333333333333,0.333333333333333,0.333333333333333,1
"Dc20232","In-water, Indonesia",3,0,1,1,0.333333333333333,0,0,0,2
"Dc22883","In-water, Indonesia",2,1,0.666666666666667,3,1.5,1.5,0.833333333333333,0.666666666666667,2
"Dc22887","In-water, Indonesia",3,0,1,1,0.333333333333333,0,0,0,1
"Dc27955","In-water, Indonesia",2,1,0.666666666666667,2,1,1,0.5,0.333333333333333,1
"Dc28124","In-water, Indonesia",3,0,1,1,0.333333333333333,0,0,0,1
"Dc28776","In-water, Indonesia",3,0,1,2,0.666666666666667,0.333333333333333,0.333333333333333,0.333333333333333,1
"Dc30071","In-water, Indonesia",3,0,1,2,0.666666666666667,0,0.6,0.333333333333333,1
"Dc31007","In-water, Indonesia",2,1,0.666666666666667,1,0.5,0.5,0,0,1
"Dc33714","In-water, Indonesia",3,0,1,3,1,0.333333333333333,0.733333333333333,1,2
"Dc33907","In-water, Indonesia",3,0,1,2,0.666666666666667,0.333333333333333,0.333333333333333,0.333333333333333,1
"Dc34902","In-water, Indonesia",3,0,1,2,0.666666666666667,0.333333333333333,0.333333333333333,0.333333333333333,1
"Dc35779","In-water, Indonesia",3,0,1,1,0.333333333333333,0,0,0,1
"Dc36571","In-water, Indonesia",1,2,0.333333333333333,2,2,2,1,0.333333333333333,1
"Dc36616","In-water, Indonesia",3,0,1,1,0.333333333333333,0,0,0,1
"Dc40235","In-water, Indonesia",3,0,1,2,0.666666666666667,0.333333333333333,0.533333333333333,0,1
"Dc41234","In-water, Indonesia",1,2,0.333333333333333,2,2,2,1,0.333333333333333,2
"Dc46984","In-water, Indonesia",3,0,1,3,1,0.333333333333333,0.733333333333333,1,2
"Dc47572","In-water, Indonesia",3,0,1,2,0.666666666666667,0.333333333333333,0.333333333333333,0.333333333333333,2
"Dc47935","In-water, Indonesia",3,0,1,3,1,0.666666666666667,0.6,0.666666666666667,3
"Dc48207","In-water, Indonesia",2,1,0.666666666666667,1,0.5,0.5,0,0,1
"Dc48950","In-water, Indonesia",3,0,1,3,1,0.666666666666667,0.733333333333333,0.333333333333333,2
"Dc49080","In-water, Indonesia",3,0,1,2,0.666666666666667,0.333333333333333,0.333333333333333,0.333333333333333,1
"Dc49184","In-water, Indonesia",3,0,1,3,1,0.666666666666667,0.6,0.333333333333333,2
"Dc51020","In-water, Indonesia",3,0,1,1,0.333333333333333,0,0,0,1
"Dc52523","In-water, Indonesia",3,0,1,3,1,0.666666666666667,0.733333333333333,0.333333333333333,2
"Dc55481","In-water, Indonesia",1,2,0.333333333333333,2,2,2,1,0.333333333333333,1
"Dc58248","In-water, Indonesia",3,0,1,2,0.666666666666667,0.333333333333333,0.333333333333333,0.333333333333333,2
"Dc62188","In-water, Indonesia",3,0,1,2,0.666666666666667,0,0.6,0.333333333333333,2
"Dc67011","In-water, Indonesia",3,0,1,2,0.666666666666667,0,0.533333333333333,0.666666666666667,1
"locus003","In-water, Indonesia",3,0,1,1,0.333333333333333,0,0,0,1
"locus004","In-water, Indonesia",3,0,1,1,0.333333333333333,0,0,0,1
"locus005","In-water, Indonesia",3,0,1,2,0.666666666666667,0,0.6,0.333333333333333,1
"locus006","In-water, Indonesia",3,0,1,2,0.666666666666667,0,0.6,1,1
"locus008","In-water, Indonesia",3,0,1,2,0.666666666666667,0.333333333333333,0.333333333333333,0.333333333333333,1
"locus013","In-water, Indonesia",3,0,1,2,0.666666666666667,0,0.6,0.333333333333333,1
"locus014","In-water, Indonesia",3,0,1,2,0.666666666666667,0.333333333333333,0.333333333333333,0.333333333333333,1
"locus022","In-water, Indonesia",3,0,1,2,0.666666666666667,0.333333333333333,0.333333333333333,0.333333333333333,2
"locus024","In-water, Indonesia",3,0,1,2,0.666666666666667,0.333333333333333,0.333333333333333,0.333333333333333,1
"locus025","In-water, Indonesia",3,0,1,2,0.666666666666667,0.333333333333333,0.333333333333333,0.333333333333333,1
"locus027","In-water, Indonesia",0,3,0,0,NA,NA,NA,0,1
"locus030","In-water, Indonesia",3,0,1,2,0.666666666666667,0.333333333333333,0.533333333333333,0,1
"locus035","In-water, Indonesia",3,0,1,1,0.333333333333333,0,0,0,1
"locus038","In-water, Indonesia",2,1,0.666666666666667,2,1,1,0.5,0.333333333333333,1
"locus039","In-water, Indonesia",3,0,1,2,0.666666666666667,0,0.533333333333333,0.666666666666667,1
"locus040","In-water, Indonesia",2,1,0.666666666666667,1,0.5,0.5,0,0,1
"locus041","In-water, Indonesia",0,3,0,0,NA,NA,NA,0,1
"locus045","In-water, Indonesia",3,0,1,2,0.666666666666667,0.333333333333333,0.333333333333333,0.333333333333333,2
"locus047","In-water, Indonesia",3,0,1,2,0.666666666666667,0.333333333333333,0.333333333333333,0.333333333333333,1
"locus048","In-water, Indonesia",3,0,1,1,0.333333333333333,0,0,0,1
"locus053","In-water, Indonesia",3,0,1,1,0.333333333333333,0,0,0,2
"locus055","In-water, Indonesia",3,0,1,1,0.333333333333333,0,0,0,1
"locus056","In-water, Indonesia",3,0,1,2,0.666666666666667,0,0.6,0.333333333333333,1
"locus058","In-water, Indonesia",3,0,1,2,0.666666666666667,0,0.533333333333333,0.666666666666667,1
"locus060","In-water, Indonesia",3,0,1,1,0.333333333333333,0,0,0,1
"locus061","In-water, Indonesia",3,0,1,2,0.666666666666667,0.333333333333333,0.333333333333333,0.333333333333333,2
"locus062","In-water, Indonesia",3,0,1,2,0.666666666666667,0,0.533333333333333,0.666666666666667,1
"locus064","In-water, Indonesia",3,0,1,2,0.666666666666667,0.333333333333333,0.333333333333333,0.333333333333333,1
"locus065","In-water, Indonesia",3,0,1,1,0.333333333333333,0,0,0,1
"locus073","In-water, Indonesia",3,0,1,2,0.666666666666667,0,0.533333333333333,0.666666666666667,1
"locus074","In-water, Indonesia",3,0,1,2,0.666666666666667,0.333333333333333,0.333333333333333,0.333333333333333,1
"locus076","In-water, Indonesia",2,1,0.666666666666667,2,1,1,0.5,0.333333333333333,1
"locus077","In-water, Indonesia",3,0,1,1,0.333333333333333,0,0,0,1
"locus080","In-water, Indonesia",3,0,1,2,0.666666666666667,0,0.533333333333333,0.666666666666667,1
"locus083","In-water, Indonesia",1,2,0.333333333333333,2,2,2,1,0.333333333333333,1
"locus088","In-water, Indonesia",3,0,1,2,0.666666666666667,0.333333333333333,0.333333333333333,0.333333333333333,1
"locus093","In-water, Indonesia",1,2,0.333333333333333,1,1,1,0,0,1
"locus096","In-water, Indonesia",3,0,1,2,0.666666666666667,0,0.533333333333333,0.666666666666667,1
"locus098","In-water, Indonesia",3,0,1,2,0.666666666666667,0.333333333333333,0.333333333333333,0.333333333333333,1
"locus100","In-water, Indonesia",3,0,1,1,0.333333333333333,0,0,0,3
"locus106","In-water, Indonesia",3,0,1,1,0.333333333333333,0,0,0,1
"locus116","In-water, Indonesia",3,0,1,2,0.666666666666667,0.333333333333333,0.333333333333333,0.333333333333333,1
"locus119","In-water, Indonesia",3,0,1,2,0.666666666666667,0.333333333333333,0.333333333333333,0.333333333333333,1
"locus120","In-water, Indonesia",3,0,1,2,0.666666666666667,0.333333333333333,0.333333333333333,0.333333333333333,1
"locus128","In-water, Indonesia",2,1,0.666666666666667,1,0.5,0.5,0,0,1
"locus129","In-water, Indonesia",3,0,1,2,0.666666666666667,0.333333333333333,0.333333333333333,0.333333333333333,2
"locus130","In-water, Indonesia",1,2,0.333333333333333,1,1,1,0,0,1
"locus134","In-water, Indonesia",2,1,0.666666666666667,2,1,0.5,0.666666666666667,0.666666666666667,1
"locus135","In-water, Indonesia",3,0,1,3,1,0.666666666666667,0.6,0.666666666666667,2
"locus137","In-water, Indonesia",3,0,1,1,0.333333333333333,0,0,0,1
"locus139","In-water, Indonesia",3,0,1,2,0.666666666666667,0.333333333333333,0.333333333333333,0.333333333333333,1
"locus140","In-water, Indonesia",3,0,1,2,0.666666666666667,0.333333333333333,0.333333333333333,0.333333333333333,1
"locus146","In-water, Indonesia",3,0,1,2,0.666666666666667,0.333333333333333,0.333333333333333,0.333333333333333,1
"locus148","In-water, Indonesia",3,0,1,2,0.666666666666667,0,0.533333333333333,0.666666666666667,1
"locus151","In-water, Indonesia",2,1,0.666666666666667,2,1,1.5,0.666666666666667,0,1
"locus157","In-water, Indonesia",0,3,0,0,NA,NA,NA,0,1
"locus161","In-water, Indonesia",3,0,1,2,0.666666666666667,0.333333333333333,0.333333333333333,0.333333333333333,1
"locus165","In-water, Indonesia",3,0,1,2,0.666666666666667,0,0.6,1,1
"locus170","In-water, Indonesia",3,0,1,1,0.333333333333333,0,0,0,1
"locus176","In-water, Indonesia",3,0,1,2,0.666666666666667,0,0.533333333333333,0.666666666666667,1
"locus184","In-water, Indonesia",3,0,1,2,0.666666666666667,0,0.533333333333333,0.666666666666667,1
"locus186","In-water, Indonesia",3,0,1,1,0.333333333333333,0,0,0,1
"locus188","In-water, Indonesia",3,0,1,3,1,0,0.8,1,2
"locus189","In-water, Indonesia",3,0,1,2,0.666666666666667,0.333333333333333,0.333333333333333,0.333333333333333,2
"locus190","In-water, Indonesia",3,0,1,2,0.666666666666667,0,0.6,0.333333333333333,1
"locus191","In-water, Indonesia",1,2,0.333333333333333,2,2,2,1,0.333333333333333,1
"locus192","In-water, Indonesia",3,0,1,2,0.666666666666667,0,0.533333333333333,0.666666666666667,1
"locus195","In-water, Indonesia",2,1,0.666666666666667,2,1,1,0.5,0.333333333333333,1
"locus202","In-water, Indonesia",3,0,1,2,0.666666666666667,0,0.533333333333333,0.666666666666667,1
"locus215","In-water, Indonesia",3,0,1,2,0.666666666666667,0,0.6,1,1
"locus227","In-water, Indonesia",3,0,1,2,0.666666666666667,0,0.6,0.333333333333333,1
"locus231","In-water, Indonesia",0,3,0,0,NA,NA,NA,0,1
"locus235","In-water, Indonesia",3,0,1,2,0.666666666666667,0.333333333333333,0.333333333333333,0.333333333333333,1
"locus236","In-water, Indonesia",3,0,1,2,0.666666666666667,0.333333333333333,0.333333333333333,0.333333333333333,1
"locus237","In-water, Indonesia",3,0,1,2,0.666666666666667,0.333333333333333,0.333333333333333,0.333333333333333,2
"locus239","In-water, Indonesia",3,0,1,2,0.666666666666667,0,0.533333333333333,0.666666666666667,1
"locus248","In-water, Indonesia",3,0,1,2,0.666666666666667,0.333333333333333,0.333333333333333,0.333333333333333,1
"locus256","In-water, Indonesia",2,1,0.666666666666667,2,1,1,0.5,0.333333333333333,1
"locus263","In-water, Indonesia",3,0,1,1,0.333333333333333,0,0,0,1
"locus264","In-water, Indonesia",3,0,1,2,0.666666666666667,0,0.533333333333333,0.666666666666667,1
"locus274","In-water, Indonesia",3,0,1,2,0.666666666666667,0.333333333333333,0.333333333333333,0.333333333333333,1
"locus280","In-water, Indonesia",2,1,0.666666666666667,2,1,1,0.5,0.333333333333333,1
"locus282","In-water, Indonesia",3,0,1,2,0.666666666666667,0.333333333333333,0.333333333333333,0.333333333333333,1
"locus286","In-water, Indonesia",3,0,1,2,0.666666666666667,0.333333333333333,0.533333333333333,0,1
"locus291","In-water, Indonesia",3,0,1,2,0.666666666666667,0,0.6,0.333333333333333,2
"locus292","In-water, Indonesia",3,0,1,2,0.666666666666667,0.333333333333333,0.333333333333333,0.333333333333333,1
"locus296","In-water, Indonesia",3,0,1,1,0.333333333333333,0,0,0,1
"locus301","In-water, Indonesia",3,0,1,2,0.666666666666667,0.333333333333333,0.333333333333333,0.333333333333333,1
"locus314","In-water, Indonesia",3,0,1,1,0.333333333333333,0,0,0,1
"locus321","In-water, Indonesia",3,0,1,2,0.666666666666667,0.333333333333333,0.533333333333333,0,1
"locus322","In-water, Indonesia",3,0,1,2,0.666666666666667,0,0.533333333333333,0.666666666666667,1
"locus323","In-water, Indonesia",3,0,1,2,0.666666666666667,0,0.6,0.333333333333333,1
"locus329","In-water, Indonesia",3,0,1,2,0.666666666666667,0,0.6,0.333333333333333,1
"locus332","In-water, Indonesia",3,0,1,2,0.666666666666667,0,0.533333333333333,0.666666666666667,1
"locus358","In-water, Indonesia",3,0,1,2,0.666666666666667,0.333333333333333,0.333333333333333,0.333333333333333,1
"locus359","In-water, Indonesia",3,0,1,1,0.333333333333333,0,0,0,1
"locus360","In-water, Indonesia",2,1,0.666666666666667,2,1,1.5,0.666666666666667,0,1
"Dc01018","HaevoSI-Winter",4,3,0.571428571428571,2,0.5,0,0.535714285714286,0.142857142857143,1
"Dc01661","HaevoSI-Winter",7,0,1,3,0.428571428571429,0,0.659340659340659,0.571428571428571,2
"Dc01707","HaevoSI-Winter",7,0,1,4,0.571428571428571,0.142857142857143,0.648351648351648,0.714285714285714,2
"Dc01784","HaevoSI-Winter",7,0,1,2,0.285714285714286,0,0.494505494505494,0.714285714285714,1
"Dc02951","HaevoSI-Winter",7,0,1,2,0.285714285714286,0,0.362637362637363,0.142857142857143,1
"Dc03456","HaevoSI-Winter",7,0,1,2,0.285714285714286,0,0.43956043956044,0.571428571428571,1
"Dc03556","HaevoSI-Winter",7,0,1,2,0.285714285714286,0,0.527472527472528,0.571428571428571,1
"Dc06503","HaevoSI-Winter",3,4,0.428571428571429,1,0.333333333333333,0,0,0,1
"Dc07300","HaevoSI-Winter",7,0,1,3,0.428571428571429,0,0.659340659340659,0.571428571428571,2
"Dc07937","HaevoSI-Winter",5,2,0.714285714285714,3,0.6,0.2,0.644444444444444,0.428571428571429,2
"Dc08054","HaevoSI-Winter",7,0,1,3,0.428571428571429,0.142857142857143,0.472527472527473,0.571428571428571,2
"Dc08189","HaevoSI-Winter",5,2,0.714285714285714,3,0.6,0,0.733333333333333,0.714285714285714,2
"Dc08463","HaevoSI-Winter",7,0,1,2,0.285714285714286,0,0.527472527472528,0.571428571428571,1
"Dc08865","HaevoSI-Winter",7,0,1,3,0.428571428571429,0,0.648351648351648,0.857142857142857,2
"Dc10003","HaevoSI-Winter",4,3,0.571428571428571,2,0.5,0,0.535714285714286,0.142857142857143,1
"Dc10390","HaevoSI-Winter",7,0,1,2,0.285714285714286,0,0.263736263736264,0.285714285714286,1
"Dc10878","HaevoSI-Winter",3,4,0.428571428571429,2,0.666666666666667,0.333333333333333,0.533333333333333,0,1
"Dc10885","HaevoSI-Winter",5,2,0.714285714285714,2,0.4,0,0.555555555555556,0.428571428571429,2
"Dc11203","HaevoSI-Winter",7,0,1,2,0.285714285714286,0.142857142857143,0.142857142857143,0.142857142857143,2
"Dc11714","HaevoSI-Winter",7,0,1,2,0.285714285714286,0,0.494505494505494,0.428571428571429,1
"Dc13159","HaevoSI-Winter",4,3,0.571428571428571,3,0.75,0.25,0.607142857142857,0.285714285714286,2
"Dc13592","HaevoSI-Winter",6,1,0.857142857142857,3,0.5,0.333333333333333,0.545454545454545,0.285714285714286,2
"Dc14022","HaevoSI-Winter",6,1,0.857142857142857,1,0.166666666666667,0.166666666666667,0,0,1
"Dc14945","HaevoSI-Winter",7,0,1,2,0.285714285714286,0,0.263736263736264,0.285714285714286,1
"Dc16747","HaevoSI-Winter",4,3,0.571428571428571,2,0.5,0,0.535714285714286,0.428571428571429,1
"Dc18951","HaevoSI-Winter",7,0,1,2,0.285714285714286,0,0.527472527472528,0.571428571428571,1
"Dc20232","HaevoSI-Winter",5,2,0.714285714285714,1,0.2,0,0,0,2
"Dc22883","HaevoSI-Winter",4,3,0.571428571428571,3,0.75,0.25,0.678571428571429,0.428571428571429,2
"Dc22887","HaevoSI-Winter",6,1,0.857142857142857,2,0.333333333333333,0.166666666666667,0.303030303030303,0.285714285714286,1
"Dc27955","HaevoSI-Winter",4,3,0.571428571428571,2,0.5,0,0.535714285714286,0.428571428571429,1
"Dc28124","HaevoSI-Winter",7,0,1,2,0.285714285714286,0.142857142857143,0.142857142857143,0.142857142857143,1
"Dc28776","HaevoSI-Winter",5,2,0.714285714285714,2,0.4,0,0.533333333333333,0.285714285714286,1
"Dc30071","HaevoSI-Winter",6,1,0.857142857142857,2,0.333333333333333,0.166666666666667,0.484848484848485,0.285714285714286,1
"Dc31007","HaevoSI-Winter",4,3,0.571428571428571,1,0.25,0,0,0,1
"Dc33714","HaevoSI-Winter",7,0,1,3,0.428571428571429,0,0.56043956043956,0.571428571428571,2
"Dc33907","HaevoSI-Winter",5,2,0.714285714285714,2,0.4,0,0.355555555555555,0.285714285714286,1
"Dc34902","HaevoSI-Winter",7,0,1,2,0.285714285714286,0.142857142857143,0.142857142857143,0.142857142857143,1
"Dc35779","HaevoSI-Winter",6,1,0.857142857142857,2,0.333333333333333,0.333333333333333,0.166666666666667,0.142857142857143,1
"Dc36571","HaevoSI-Winter",6,1,0.857142857142857,2,0.333333333333333,0.333333333333333,0.166666666666667,0.142857142857143,1
"Dc36616","HaevoSI-Winter",6,1,0.857142857142857,2,0.333333333333333,0.333333333333333,0.303030303030303,0,1
"Dc40235","HaevoSI-Winter",5,2,0.714285714285714,2,0.4,0,0.355555555555555,0.285714285714286,1
"Dc41234","HaevoSI-Winter",3,4,0.428571428571429,3,1,0.666666666666667,0.6,0.142857142857143,2
"Dc46984","HaevoSI-Winter",7,0,1,3,0.428571428571429,0,0.615384615384615,0.571428571428571,2
"Dc47572","HaevoSI-Winter",7,0,1,3,0.428571428571429,0.142857142857143,0.384615384615385,0.285714285714286,2
"Dc47935","HaevoSI-Winter",7,0,1,4,0.571428571428571,0,0.714285714285714,0.714285714285714,3
"Dc48207","HaevoSI-Winter",5,2,0.714285714285714,1,0.2,0,0,0,1
"Dc48950","HaevoSI-Winter",7,0,1,3,0.428571428571429,0,0.56043956043956,0.571428571428571,2
"Dc49080","HaevoSI-Winter",7,0,1,2,0.285714285714286,0,0.538461538461538,0.714285714285714,1
"Dc49184","HaevoSI-Winter",7,0,1,2,0.285714285714286,0,0.494505494505494,0.142857142857143,2
"Dc51020","HaevoSI-Winter",7,0,1,2,0.285714285714286,0,0.362637362637363,0.428571428571429,1
"Dc52523","HaevoSI-Winter",6,1,0.857142857142857,3,0.5,0.166666666666667,0.666666666666667,0.857142857142857,2
"Dc55481","HaevoSI-Winter",4,3,0.571428571428571,2,0.5,0.25,0.25,0.142857142857143,1
"Dc58248","HaevoSI-Winter",7,0,1,2,0.285714285714286,0,0.494505494505494,0.428571428571429,2
"Dc62188","HaevoSI-Winter",7,0,1,3,0.428571428571429,0,0.615384615384615,0.571428571428571,2
"Dc67011","HaevoSI-Winter",7,0,1,2,0.285714285714286,0.142857142857143,0.142857142857143,0.142857142857143,1
"locus003","HaevoSI-Winter",7,0,1,2,0.285714285714286,0,0.494505494505494,0.428571428571429,1
"locus004","HaevoSI-Winter",7,0,1,2,0.285714285714286,0,0.43956043956044,0.285714285714286,1
"locus005","HaevoSI-Winter",7,0,1,2,0.285714285714286,0,0.263736263736264,0.285714285714286,1
"locus006","HaevoSI-Winter",7,0,1,2,0.285714285714286,0.142857142857143,0.263736263736264,0,1
"locus008","HaevoSI-Winter",7,0,1,2,0.285714285714286,0,0.263736263736264,0.285714285714286,1
"locus013","HaevoSI-Winter",7,0,1,2,0.285714285714286,0,0.494505494505494,0.142857142857143,1
"locus014","HaevoSI-Winter",7,0,1,2,0.285714285714286,0,0.527472527472528,0.571428571428571,1
"locus022","HaevoSI-Winter",7,0,1,3,0.428571428571429,0,0.483516483516483,0.571428571428571,2
"locus024","HaevoSI-Winter",5,2,0.714285714285714,2,0.4,0.2,0.2,0.142857142857143,1
"locus025","HaevoSI-Winter",6,1,0.857142857142857,2,0.333333333333333,0.166666666666667,0.484848484848485,0.285714285714286,1
"locus027","HaevoSI-Winter",3,4,0.428571428571429,2,0.666666666666667,0,0.533333333333333,0.285714285714286,1
"locus030","HaevoSI-Winter",7,0,1,2,0.285714285714286,0,0.538461538461538,0.428571428571429,1
"locus035","HaevoSI-Winter",7,0,1,2,0.285714285714286,0,0.263736263736264,0.285714285714286,1
"locus038","HaevoSI-Winter",4,3,0.571428571428571,2,0.5,0,0.571428571428571,0.285714285714286,1
"locus039","HaevoSI-Winter",5,2,0.714285714285714,2,0.4,0.2,0.2,0.142857142857143,1
"locus040","HaevoSI-Winter",5,2,0.714285714285714,1,0.2,0,0,0,1
"locus041","HaevoSI-Winter",5,2,0.714285714285714,2,0.4,0.2,0.2,0.142857142857143,1
"locus045","HaevoSI-Winter",6,1,0.857142857142857,2,0.333333333333333,0.166666666666667,0.409090909090909,0.142857142857143,2
"locus047","HaevoSI-Winter",7,0,1,2,0.285714285714286,0,0.43956043956044,0.571428571428571,1
"locus048","HaevoSI-Winter",7,0,1,2,0.285714285714286,0,0.263736263736264,0.285714285714286,1
"locus053","HaevoSI-Winter",6,1,0.857142857142857,3,0.5,0.333333333333333,0.621212121212121,0.571428571428571,2
"locus055","HaevoSI-Winter",6,1,0.857142857142857,2,0.333333333333333,0.333333333333333,0.166666666666667,0.142857142857143,1
"locus056","HaevoSI-Winter",7,0,1,2,0.285714285714286,0.142857142857143,0.142857142857143,0.142857142857143,1
"locus058","HaevoSI-Winter",7,0,1,2,0.285714285714286,0,0.527472527472528,0.285714285714286,1
"locus060","HaevoSI-Winter",7,0,1,2,0.285714285714286,0.142857142857143,0.142857142857143,0.142857142857143,1
"locus061","HaevoSI-Winter",1,6,0.142857142857143,1,1,1,0,0,2
"locus062","HaevoSI-Winter",7,0,1,2,0.285714285714286,0,0.362637362637363,0.142857142857143,1
"locus064","HaevoSI-Winter",7,0,1,2,0.285714285714286,0.142857142857143,0.142857142857143,0.142857142857143,1
"locus065","HaevoSI-Winter",7,0,1,2,0.285714285714286,0,0.263736263736264,0.285714285714286,1
"locus073","HaevoSI-Winter",6,1,0.857142857142857,2,0.333333333333333,0.166666666666667,0.53030303030303,0.428571428571429,1
"locus074","HaevoSI-Winter",7,0,1,2,0.285714285714286,0,0.263736263736264,0.285714285714286,1
"locus076","HaevoSI-Winter",3,4,0.428571428571429,2,0.666666666666667,0,0.6,0.428571428571429,1
"locus077","HaevoSI-Winter",4,3,0.571428571428571,1,0.25,0,0,0,1
"locus080","HaevoSI-Winter",5,2,0.714285714285714,2,0.4,0,0.555555555555556,0.428571428571429,1
"locus083","HaevoSI-Winter",2,5,0.285714285714286,2,1,0.5,0.5,0.142857142857143,1
"locus088","HaevoSI-Winter",7,0,1,2,0.285714285714286,0,0.263736263736264,0.285714285714286,1
"locus093","HaevoSI-Winter",4,3,0.571428571428571,1,0.25,0,0,0,1
"locus096","HaevoSI-Winter",7,0,1,2,0.285714285714286,0,0.362637362637363,0.428571428571429,1
"locus098","HaevoSI-Winter",5,2,0.714285714285714,2,0.4,0,0.555555555555556,0.428571428571429,1
"locus100","HaevoSI-Winter",7,0,1,2,0.285714285714286,0,0.263736263736264,0.285714285714286,3
"locus106","HaevoSI-Winter",5,2,0.714285714285714,2,0.4,0,0.355555555555555,0.285714285714286,1
"locus116","HaevoSI-Winter",5,2,0.714285714285714,2,0.4,0,0.355555555555555,0.285714285714286,1
"locus119","HaevoSI-Winter",7,0,1,2,0.285714285714286,0,0.538461538461538,0.142857142857143,1
"locus120","HaevoSI-Winter",7,0,1,2,0.285714285714286,0,0.43956043956044,0.285714285714286,1
"locus128","HaevoSI-Winter",4,3,0.571428571428571,2,0.5,0.25,0.25,0.142857142857143,1
"locus129","HaevoSI-Winter",7,0,1,3,0.428571428571429,0.142857142857143,0.538461538461538,0.571428571428571,2
"locus130","HaevoSI-Winter",1,6,0.142857142857143,1,1,1,0,0,1
"locus134","HaevoSI-Winter",2,5,0.285714285714286,2,1,0,0.666666666666667,0.285714285714286,1
"locus135","HaevoSI-Winter",7,0,1,2,0.285714285714286,0,0.263736263736264,0.285714285714286,2
"locus137","HaevoSI-Winter",7,0,1,2,0.285714285714286,0.142857142857143,0.142857142857143,0.142857142857143,1
"locus139","HaevoSI-Winter",7,0,1,2,0.285714285714286,0,0.263736263736264,0.285714285714286,1
"locus140","HaevoSI-Winter",7,0,1,2,0.285714285714286,0,0.263736263736264,0.285714285714286,1
"locus146","HaevoSI-Winter",5,2,0.714285714285714,2,0.4,0,0.355555555555555,0.285714285714286,1
"locus148","HaevoSI-Winter",7,0,1,2,0.285714285714286,0,0.494505494505494,0.714285714285714,1
"locus151","HaevoSI-Winter",6,1,0.857142857142857,2,0.333333333333333,0.166666666666667,0.53030303030303,0.428571428571429,1
"locus157","HaevoSI-Winter",3,4,0.428571428571429,2,0.666666666666667,0.333333333333333,0.333333333333333,0.142857142857143,1
"locus161","HaevoSI-Winter",7,0,1,2,0.285714285714286,0,0.263736263736264,0.285714285714286,1
"locus165","HaevoSI-Winter",2,5,0.285714285714286,2,1,0.5,0.5,0.142857142857143,1
"locus170","HaevoSI-Winter",7,0,1,2,0.285714285714286,0,0.527472527472528,0.285714285714286,1
"locus176","HaevoSI-Winter",3,4,0.428571428571429,2,0.666666666666667,0,0.6,0.428571428571429,1
"locus184","HaevoSI-Winter",7,0,1,2,0.285714285714286,0.142857142857143,0.263736263736264,0,1
"locus186","HaevoSI-Winter",6,1,0.857142857142857,2,0.333333333333333,0.333333333333333,0.166666666666667,0.142857142857143,1
"locus188","HaevoSI-Winter",5,2,0.714285714285714,3,0.6,0.2,0.644444444444444,0.428571428571429,2
"locus189","HaevoSI-Winter",6,1,0.857142857142857,2,0.333333333333333,0.166666666666667,0.53030303030303,0.428571428571429,2
"locus190","HaevoSI-Winter",7,0,1,2,0.285714285714286,0,0.362637362637363,0.428571428571429,1
"locus191","HaevoSI-Winter",3,4,0.428571428571429,2,0.666666666666667,0.333333333333333,0.333333333333333,0.142857142857143,1
"locus192","HaevoSI-Winter",3,4,0.428571428571429,2,0.666666666666667,0,0.533333333333333,0.285714285714286,1
"locus195","HaevoSI-Winter",5,2,0.714285714285714,2,0.4,0,0.533333333333333,0.571428571428571,1
"locus202","HaevoSI-Winter",7,0,1,2,0.285714285714286,0,0.527472527472528,0.285714285714286,1
"locus215","HaevoSI-Winter",3,4,0.428571428571429,1,0.333333333333333,0,0,0,1
"locus227","HaevoSI-Winter",5,2,0.714285714285714,1,0.2,0,0,0,1
"locus231","HaevoSI-Winter",4,3,0.571428571428571,2,0.5,0.25,0.25,0.142857142857143,1
"locus235","HaevoSI-Winter",7,0,1,2,0.285714285714286,0,0.494505494505494,0.428571428571429,1
"locus236","HaevoSI-Winter",7,0,1,2,0.285714285714286,0,0.362637362637363,0.142857142857143,1
"locus237","HaevoSI-Winter",7,0,1,3,0.428571428571429,0.142857142857143,0.384615384615385,0.428571428571429,2
"locus239","HaevoSI-Winter",7,0,1,2,0.285714285714286,0,0.527472527472528,0.857142857142857,1
"locus248","HaevoSI-Winter",7,0,1,2,0.285714285714286,0,0.527472527472528,0.285714285714286,1
"locus256","HaevoSI-Winter",5,2,0.714285714285714,2,0.4,0,0.555555555555556,0.428571428571429,1
"locus263","HaevoSI-Winter",7,0,1,1,0.142857142857143,0,0,0,1
"locus264","HaevoSI-Winter",7,0,1,2,0.285714285714286,0,0.362637362637363,0.428571428571429,1
"locus274","HaevoSI-Winter",4,3,0.571428571428571,2,0.5,0,0.571428571428571,0.571428571428571,1
"locus280","HaevoSI-Winter",5,2,0.714285714285714,2,0.4,0.2,0.2,0.142857142857143,1
"locus282","HaevoSI-Winter",5,2,0.714285714285714,2,0.4,0.2,0.355555555555555,0,1
"locus286","HaevoSI-Winter",7,0,1,2,0.285714285714286,0,0.263736263736264,0.285714285714286,1
"locus291","HaevoSI-Winter",7,0,1,2,0.285714285714286,0,0.263736263736264,0.285714285714286,2
"locus292","HaevoSI-Winter",7,0,1,2,0.285714285714286,0,0.527472527472528,0.285714285714286,1
"locus296","HaevoSI-Winter",7,0,1,2,0.285714285714286,0,0.263736263736264,0.285714285714286,1
"locus301","HaevoSI-Winter",5,2,0.714285714285714,2,0.4,0,0.533333333333333,0.571428571428571,1
"locus314","HaevoSI-Winter",5,2,0.714285714285714,2,0.4,0,0.533333333333333,0.285714285714286,1
"locus321","HaevoSI-Winter",5,2,0.714285714285714,2,0.4,0,0.355555555555555,0.285714285714286,1
"locus322","HaevoSI-Winter",7,0,1,2,0.285714285714286,0,0.494505494505494,0.142857142857143,1
"locus323","HaevoSI-Winter",6,1,0.857142857142857,2,0.333333333333333,0.166666666666667,0.409090909090909,0.428571428571429,1
"locus329","HaevoSI-Winter",5,2,0.714285714285714,2,0.4,0,0.533333333333333,0.571428571428571,1
"locus332","HaevoSI-Winter",7,0,1,2,0.285714285714286,0.142857142857143,0.142857142857143,0.142857142857143,1
"locus358","HaevoSI-Winter",7,0,1,2,0.285714285714286,0,0.494505494505494,0.142857142857143,1
"locus359","HaevoSI-Winter",7,0,1,2,0.285714285714286,0,0.494505494505494,0.714285714285714,1
"locus360","HaevoSI-Winter",2,5,0.285714285714286,2,1,0.5,0.5,0.142857142857143,1
"Dc01018","HaevoSI-Summer",3,1,0.75,1,0.333333333333333,0.333333333333333,0,0,1
"Dc01661","HaevoSI-Summer",4,0,1,2,0.5,0,0.428571428571429,0.5,2
"Dc01707","HaevoSI-Summer",4,0,1,3,0.75,0.25,0.678571428571429,0.75,2
"Dc01784","HaevoSI-Summer",4,0,1,2,0.5,0,0.535714285714286,0.75,1
"Dc02951","HaevoSI-Summer",4,0,1,2,0.5,0,0.428571428571429,0.5,1
"Dc03456","HaevoSI-Summer",4,0,1,2,0.5,0,0.428571428571429,0.5,1
"Dc03556","HaevoSI-Summer",4,0,1,2,0.5,0,0.428571428571429,0.5,1
"Dc06503","HaevoSI-Summer",2,2,0.5,2,1,0.5,0.5,0.25,1
"Dc07300","HaevoSI-Summer",4,0,1,3,0.75,0.5,0.607142857142857,0.25,2
"Dc07937","HaevoSI-Summer",4,0,1,2,0.5,0,0.535714285714286,0.75,2
"Dc08054","HaevoSI-Summer",4,0,1,3,0.75,0.25,0.607142857142857,0.75,2
"Dc08189","HaevoSI-Summer",4,0,1,3,0.75,0.5,0.464285714285714,0.5,2
"Dc08463","HaevoSI-Summer",4,0,1,1,0.25,0,0,0,1
"Dc08865","HaevoSI-Summer",4,0,1,3,0.75,0.25,0.678571428571429,0.75,2
"Dc10003","HaevoSI-Summer",3,1,0.75,2,0.666666666666667,0.666666666666667,0.533333333333333,0,1
"Dc10390","HaevoSI-Summer",4,0,1,1,0.25,0,0,0,1
"Dc10878","HaevoSI-Summer",3,1,0.75,2,0.666666666666667,0.666666666666667,0.533333333333333,0,1
"Dc10885","HaevoSI-Summer",4,0,1,3,0.75,0,0.75,0.75,2
"Dc11203","HaevoSI-Summer",4,0,1,2,0.5,0,0.428571428571429,0.5,2
"Dc11714","HaevoSI-Summer",3,1,0.75,2,0.666666666666667,0.666666666666667,0.533333333333333,0,1
"Dc13159","HaevoSI-Summer",4,0,1,2,0.5,0,0.535714285714286,0.25,2
"Dc13592","HaevoSI-Summer",4,0,1,2,0.5,0.25,0.25,0.25,2
"Dc14022","HaevoSI-Summer",4,0,1,1,0.25,0,0,0,1
"Dc14945","HaevoSI-Summer",4,0,1,2,0.5,0.25,0.25,0.25,1
"Dc16747","HaevoSI-Summer",3,1,0.75,2,0.666666666666667,0.333333333333333,0.533333333333333,0.5,1
"Dc18951","HaevoSI-Summer",4,0,1,2,0.5,0,0.535714285714286,0.75,1
"Dc20232","HaevoSI-Summer",4,0,1,1,0.25,0,0,0,2
"Dc22883","HaevoSI-Summer",3,1,0.75,3,1,0.666666666666667,0.733333333333333,0.75,2
"Dc22887","HaevoSI-Summer",4,0,1,2,0.5,0.25,0.25,0.25,1
"Dc27955","HaevoSI-Summer",2,2,0.5,1,0.5,0,0,0,1
"Dc28124","HaevoSI-Summer",4,0,1,2,0.5,0.25,0.25,0.25,1
"Dc28776","HaevoSI-Summer",4,0,1,2,0.5,0.25,0.25,0.25,1
"Dc30071","HaevoSI-Summer",4,0,1,2,0.5,0,0.571428571428571,1,1
"Dc31007","HaevoSI-Summer",4,0,1,2,0.5,0.25,0.25,0.25,1
"Dc33714","HaevoSI-Summer",4,0,1,3,0.75,0.25,0.678571428571429,0.5,2
"Dc33907","HaevoSI-Summer",4,0,1,2,0.5,0,0.428571428571429,0.5,1
"Dc34902","HaevoSI-Summer",4,0,1,1,0.25,0,0,0,1
"Dc35779","HaevoSI-Summer",4,0,1,2,0.5,0,0.428571428571429,0.5,1
"Dc36571","HaevoSI-Summer",4,0,1,2,0.5,0,0.428571428571429,0.5,1
"Dc36616","HaevoSI-Summer",4,0,1,2,0.5,0.25,0.25,0.25,1
"Dc40235","HaevoSI-Summer",3,1,0.75,2,0.666666666666667,0.333333333333333,0.533333333333333,0.5,1
"Dc41234","HaevoSI-Summer",3,1,0.75,2,0.666666666666667,0.333333333333333,0.6,0.25,2
"Dc46984","HaevoSI-Summer",4,0,1,3,0.75,0.25,0.678571428571429,0.25,2
"Dc47572","HaevoSI-Summer",4,0,1,2,0.5,0.25,0.25,0.25,2
"Dc47935","HaevoSI-Summer",4,0,1,3,0.75,0.25,0.678571428571429,0.5,3
"Dc48207","HaevoSI-Summer",4,0,1,1,0.25,0,0,0,1
"Dc48950","HaevoSI-Summer",4,0,1,3,0.75,0,0.714285714285714,1,2
"Dc49080","HaevoSI-Summer",4,0,1,2,0.5,0,0.535714285714286,0.25,1
"Dc49184","HaevoSI-Summer",4,0,1,2,0.5,0.25,0.25,0.25,2
"Dc51020","HaevoSI-Summer",4,0,1,2,0.5,0,0.428571428571429,0.5,1
"Dc52523","HaevoSI-Summer",4,0,1,3,0.75,0.5,0.464285714285714,0.25,2
"Dc55481","HaevoSI-Summer",4,0,1,2,0.5,0.25,0.25,0.25,1
"Dc58248","HaevoSI-Summer",4,0,1,3,0.75,0.25,0.607142857142857,0.75,2
"Dc62188","HaevoSI-Summer",4,0,1,3,0.75,0,0.714285714285714,0.75,2
"Dc67011","HaevoSI-Summer",4,0,1,2,0.5,0,0.428571428571429,0.5,1
"locus003","HaevoSI-Summer",4,0,1,2,0.5,0.25,0.25,0.25,1
"locus004","HaevoSI-Summer",4,0,1,2,0.5,0,0.428571428571429,0.5,1
"locus005","HaevoSI-Summer",4,0,1,2,0.5,0.25,0.25,0.25,1
"locus006","HaevoSI-Summer",4,0,1,2,0.5,0,0.535714285714286,0.75,1
"locus008","HaevoSI-Summer",3,1,0.75,1,0.333333333333333,0.333333333333333,0,0,1
"locus013","HaevoSI-Summer",4,0,1,2,0.5,0,0.535714285714286,0.75,1
"locus014","HaevoSI-Summer",4,0,1,2,0.5,0,0.571428571428571,0.5,1
"locus022","HaevoSI-Summer",4,0,1,3,0.75,0.5,0.464285714285714,0.5,2
"locus024","HaevoSI-Summer",4,0,1,2,0.5,0.25,0.25,0.25,1
"locus025","HaevoSI-Summer",2,2,0.5,2,1,1,0.666666666666667,0,1
"locus027","HaevoSI-Summer",2,2,0.5,2,1,0.5,0.5,0.25,1
"locus030","HaevoSI-Summer",4,0,1,2,0.5,0,0.535714285714286,0.75,1
"locus035","HaevoSI-Summer",4,0,1,2,0.5,0,0.428571428571429,0.5,1
"locus038","HaevoSI-Summer",4,0,1,2,0.5,0,0.535714285714286,0.25,1
"locus039","HaevoSI-Summer",4,0,1,1,0.25,0,0,0,1
"locus040","HaevoSI-Summer",4,0,1,2,0.5,0.25,0.25,0.25,1
"locus041","HaevoSI-Summer",3,1,0.75,2,0.666666666666667,0.333333333333333,0.533333333333333,0.5,1
"locus045","HaevoSI-Summer",4,0,1,2,0.5,0.25,0.25,0.25,2
"locus047","HaevoSI-Summer",4,0,1,2,0.5,0,0.571428571428571,0.5,1
"locus048","HaevoSI-Summer",4,0,1,1,0.25,0,0,0,1
"locus053","HaevoSI-Summer",4,0,1,3,0.75,0.5,0.464285714285714,0.5,2
"locus055","HaevoSI-Summer",4,0,1,2,0.5,0,0.535714285714286,0.25,1
"locus056","HaevoSI-Summer",4,0,1,2,0.5,0,0.535714285714286,0.75,1
"locus058","HaevoSI-Summer",4,0,1,2,0.5,0,0.571428571428571,0.5,1
"locus060","HaevoSI-Summer",4,0,1,1,0.25,0,0,0,1
"locus061","HaevoSI-Summer",2,2,0.5,2,1,0.5,0.5,0.25,2
"locus062","HaevoSI-Summer",4,0,1,2,0.5,0,0.535714285714286,0.75,1
"locus064","HaevoSI-Summer",4,0,1,2,0.5,0.25,0.428571428571429,0,1
"locus065","HaevoSI-Summer",4,0,1,2,0.5,0.25,0.25,0.25,1
"locus073","HaevoSI-Summer",4,0,1,2,0.5,0,0.428571428571429,0.5,1
"locus074","HaevoSI-Summer",4,0,1,2,0.5,0,0.428571428571429,0.5,1
"locus076","HaevoSI-Summer",3,1,0.75,2,0.666666666666667,0.333333333333333,0.533333333333333,0.5,1
"locus077","HaevoSI-Summer",2,2,0.5,1,0.5,0,0,0,1
"locus080","HaevoSI-Summer",2,2,0.5,2,1,0.5,0.5,0.25,1
"locus083","HaevoSI-Summer",0,4,0,0,NA,NA,NA,0,1
"locus088","HaevoSI-Summer",4,0,1,2,0.5,0.25,0.25,0.25,1
"locus093","HaevoSI-Summer",2,2,0.5,1,0.5,0,0,0,1
"locus096","HaevoSI-Summer",4,0,1,2,0.5,0.25,0.25,0.25,1
"locus098","HaevoSI-Summer",4,0,1,2,0.5,0,0.535714285714286,0.75,1
"locus100","HaevoSI-Summer",4,0,1,2,0.5,0,0.428571428571429,0.5,3
"locus106","HaevoSI-Summer",4,0,1,2,0.5,0,0.571428571428571,0.5,1
"locus116","HaevoSI-Summer",4,0,1,2,0.5,0,0.428571428571429,0.5,1
"locus119","HaevoSI-Summer",4,0,1,2,0.5,0,0.535714285714286,0.25,1
"locus120","HaevoSI-Summer",4,0,1,2,0.5,0,0.428571428571429,0.5,1
"locus128","HaevoSI-Summer",3,1,0.75,2,0.666666666666667,0.666666666666667,0.333333333333333,0.25,1
"locus129","HaevoSI-Summer",4,0,1,3,0.75,0.5,0.607142857142857,0.25,2
"locus130","HaevoSI-Summer",2,2,0.5,2,1,0.5,0.5,0.25,1
"locus134","HaevoSI-Summer",2,2,0.5,2,1,0.5,0.5,0.25,1
"locus135","HaevoSI-Summer",4,0,1,3,0.75,0.5,0.464285714285714,0.5,2
"locus137","HaevoSI-Summer",4,0,1,2,0.5,0,0.428571428571429,0.5,1
"locus139","HaevoSI-Summer",4,0,1,1,0.25,0,0,0,1
"locus140","HaevoSI-Summer",4,0,1,1,0.25,0,0,0,1
"locus146","HaevoSI-Summer",4,0,1,2,0.5,0.25,0.428571428571429,0,1
"locus148","HaevoSI-Summer",4,0,1,2,0.5,0.25,0.25,0.25,1
"locus151","HaevoSI-Summer",3,1,0.75,2,0.666666666666667,0.333333333333333,0.533333333333333,0.5,1
"locus157","HaevoSI-Summer",3,1,0.75,2,0.666666666666667,0.666666666666667,0.333333333333333,0.25,1
"locus161","HaevoSI-Summer",4,0,1,2,0.5,0,0.535714285714286,0.25,1
"locus165","HaevoSI-Summer",2,2,0.5,2,1,0.5,0.5,0.25,1
"locus170","HaevoSI-Summer",4,0,1,2,0.5,0,0.535714285714286,0.25,1
"locus176","HaevoSI-Summer",2,2,0.5,2,1,0.5,0.5,0.25,1
"locus184","HaevoSI-Summer",4,0,1,2,0.5,0.25,0.25,0.25,1
"locus186","HaevoSI-Summer",4,0,1,1,0.25,0,0,0,1
"locus188","HaevoSI-Summer",2,2,0.5,2,1,0.5,0.5,0.25,2
"locus189","HaevoSI-Summer",4,0,1,2,0.5,0,0.571428571428571,1,2
"locus190","HaevoSI-Summer",4,0,1,1,0.25,0,0,0,1
"locus191","HaevoSI-Summer",2,2,0.5,2,1,0.5,0.5,0.25,1
"locus192","HaevoSI-Summer",2,2,0.5,2,1,0,0.666666666666667,0.5,1
"locus195","HaevoSI-Summer",4,0,1,2,0.5,0.25,0.25,0.25,1
"locus202","HaevoSI-Summer",4,0,1,2,0.5,0,0.571428571428571,0.5,1
"locus215","HaevoSI-Summer",2,2,0.5,2,1,1,0.666666666666667,0,1
"locus227","HaevoSI-Summer",4,0,1,1,0.25,0,0,0,1
"locus231","HaevoSI-Summer",2,2,0.5,2,1,0.5,0.5,0.25,1
"locus235","HaevoSI-Summer",4,0,1,2,0.5,0,0.571428571428571,0.5,1
"locus236","HaevoSI-Summer",4,0,1,1,0.25,0,0,0,1
"locus237","HaevoSI-Summer",4,0,1,2,0.5,0,0.428571428571429,0.5,2
"locus239","HaevoSI-Summer",4,0,1,2,0.5,0,0.535714285714286,0.75,1
"locus248","HaevoSI-Summer",4,0,1,2,0.5,0.25,0.25,0.25,1
"locus256","HaevoSI-Summer",4,0,1,2,0.5,0,0.571428571428571,0.5,1
"locus263","HaevoSI-Summer",3,1,0.75,2,0.666666666666667,0.666666666666667,0.333333333333333,0.25,1
"locus264","HaevoSI-Summer",4,0,1,2,0.5,0,0.535714285714286,0.25,1
"locus274","HaevoSI-Summer",3,1,0.75,2,0.666666666666667,0.333333333333333,0.533333333333333,0.5,1
"locus280","HaevoSI-Summer",4,0,1,1,0.25,0,0,0,1
"locus282","HaevoSI-Summer",4,0,1,2,0.5,0,0.571428571428571,0.5,1
"locus286","HaevoSI-Summer",3,1,0.75,1,0.333333333333333,0.333333333333333,0,0,1
"locus291","HaevoSI-Summer",4,0,1,2,0.5,0,0.535714285714286,0.75,2
"locus292","HaevoSI-Summer",4,0,1,2,0.5,0.25,0.25,0.25,1
"locus296","HaevoSI-Summer",4,0,1,2,0.5,0,0.428571428571429,0.5,1
"locus301","HaevoSI-Summer",2,2,0.5,2,1,0.5,0.5,0.25,1
"locus314","HaevoSI-Summer",2,2,0.5,1,0.5,0,0,0,1
"locus321","HaevoSI-Summer",4,0,1,2,0.5,0.25,0.25,0.25,1
"locus322","HaevoSI-Summer",4,0,1,2,0.5,0,0.428571428571429,0.5,1
"locus323","HaevoSI-Summer",4,0,1,2,0.5,0,0.535714285714286,0.75,1
"locus329","HaevoSI-Summer",4,0,1,2,0.5,0,0.535714285714286,0.75,1
"locus332","HaevoSI-Summer",4,0,1,2,0.5,0.25,0.25,0.25,1
"locus358","HaevoSI-Summer",4,0,1,2,0.5,0,0.571428571428571,1,1
"locus359","HaevoSI-Summer",3,1,0.75,1,0.333333333333333,0.333333333333333,0,0,1
"locus360","HaevoSI-Summer",3,1,0.75,2,0.666666666666667,0.333333333333333,0.6,0.25,1
