"Locus.1","Locus.2","p.val.Bird's Head-Summer_adj","p.val.Bird's Head-Winter_adj","p.val.HaevoSI-Summer_adj","p.val.HaevoSI-Winter_adj","p.val.IsabelSI-South_adj","p.val.Malaysia_adj","p.val.PNG_adj","num.sig.adj.p"
"locus139","locus140",0,0,NA,0.04744,0,NA,0.000224,5
"locus184","locus186",3e-05,3e-05,NA,0.166152,0.014874,NA,0.111632,3
"Dc14945","Dc22883",0.024344,0.024344,NA,NA,1,NA,1,2
"Dc20232","locus291",0.53788,0.339524,NA,NA,0.04881,NA,0.043096,2
"Dc33907","locus146",0.526988,0.245874,NA,1,0.041104,NA,0.02815,2
"locus064","locus264",0.026672,0.597536,NA,NA,0.03093,NA,1,2
"locus083","locus116",0.047972,NA,NA,NA,0.029862,NA,0.739364,2
"locus165","locus227",0.008256,1,1,NA,0.01553,1,1,2
"locus188","locus329",0.000248,0.508004,NA,NA,0.037002,NA,0.508004,2
"Dc01018","Dc14022",0.0418,1,NA,NA,1,1,1,1
"Dc01018","Dc46984",0.021,0.599056,NA,NA,1,1,1,1
"Dc01018","Dc49080",1,1,1,NA,0.01392,1,1,1
"Dc01018","locus004",1,0.863682,NA,1,0.65688,NA,0.04971,1
"Dc01661","Dc47572",1,0.01336,NA,NA,1,1,1,1
"Dc01661","locus040",0.405714,0.046048,NA,NA,1,NA,1,1
"Dc01661","locus076",0.253824,1,NA,NA,1,NA,0.008128,1
"Dc01661","locus077",1,0.01039,NA,1,1,NA,1,1
"Dc01661","locus301",0.016264,1,NA,NA,1,NA,1,1
"Dc01707","Dc22883",1,0.36216,NA,NA,1,NA,0.036736,1
"Dc01707","Dc35779",1,0.01427,NA,NA,0.821784,1,1,1
"Dc01707","Dc49080",1,1,1,NA,0.04908,1,0.27066,1
"Dc01707","locus004",1,0.00702,NA,0.809152,1,NA,1,1
"Dc01707","locus045",1,1,NA,NA,0.037496,NA,1,1
"Dc01707","locus060",1,1,NA,1,0.00085,NA,1,1
"Dc01707","locus096",0.629694,0.937272,0.937272,NA,0.03243,NA,0.553528,1
"Dc01707","locus215",0.080376,NA,NA,NA,1,1,0.042432,1
"Dc01784","Dc28124",1,0.02039,NA,NA,1,1,1,1
"Dc01784","Dc47935",1,0.00933,NA,NA,1,1,1,1
"Dc01784","locus186",0.03202,0.571856,NA,1,1,NA,1,1
"Dc01784","locus256",0.01238,1,NA,NA,1,1,1,1
"Dc02951","Dc08463",0.03152,1,NA,NA,0.43336,1,1,1
"Dc02951","Dc10878",1,0.02712,NA,NA,0.294546,NA,1,1
"Dc02951","locus014",0.767192,1,NA,1,1,NA,0.03872,1
"Dc02951","locus022",1,1,1,1,0.045348,NA,1,1
"Dc02951","locus129",1,0.03007,NA,1,1,NA,1,1
"Dc02951","locus134",0.518228,0.045472,NA,NA,0.052296,NA,1,1
"Dc02951","locus256",0.09744,1,NA,NA,0.0201,1,1,1
"Dc03456","Dc08865",1,0.02896,NA,NA,1,1,0.7664,1
"Dc03456","Dc40235",0.189176,1,NA,NA,0.04924,0.770934,1,1
"Dc03456","locus014",1,0.00259,NA,1,1,NA,1,1
"Dc03456","locus157",0.031428,NA,NA,NA,0.385276,NA,0.385276,1
"Dc03456","locus323",0.502926,0.007872,NA,NA,0.600548,NA,1,1
"Dc03556","Dc08054",0.02248,1,NA,NA,1,1,1,1
"Dc03556","Dc31007",0.930056,NA,NA,NA,0.026094,NA,0.930056,1
"Dc03556","locus008",1,0.04275,NA,1,1,NA,1,1
"Dc03556","locus041",0.031104,1,NA,NA,1,NA,1,1
"Dc03556","locus096",1,0.00695,1,NA,1,NA,1,1
"Dc03556","locus188",0.026584,0.140166,NA,NA,0.670344,NA,0.701158,1
"Dc03556","locus264",1,1,NA,NA,0.033424,NA,1,1
"Dc06503","Dc27955",1,1,NA,NA,0.045808,NA,1,1
"Dc06503","Dc35779",1,1,NA,NA,0.007712,NA,1,1
"Dc06503","Dc62188",1,0.001912,NA,NA,0.09996,NA,1,1
"Dc06503","locus041",1,0.966468,NA,NA,0.001672,NA,0.966468,1
"Dc06503","locus301",1,0.047536,NA,NA,1,NA,1,1
"Dc07300","Dc33714",0.671712,1,NA,NA,0.03576,1,1,1
"Dc07300","Dc35779",1,0.01089,NA,NA,1,1,1,1
"Dc07300","Dc48207",0.02251,1,NA,NA,1,1,1,1
"Dc07300","Dc49080",1,0.02908,NA,NA,1,1,1,1
"Dc07300","Dc58248",0.831276,0.831276,NA,0.831276,0.03488,NA,0.503616,1
"Dc07300","locus025",1,0.00108,1,1,1,NA,0.36014,1
"Dc07300","locus055",1,1,NA,NA,0.007832,NA,1,1
"Dc07300","locus237",1,0.0221,NA,NA,1,0.381496,1,1
"Dc07300","locus239",1,1,NA,NA,0.422648,1,0.04896,1
"Dc07300","locus263",0.022976,0.958476,NA,NA,0.958476,NA,0.958476,1
"Dc07300","locus359",0.013736,0.954306,NA,NA,0.789402,NA,0.799928,1
"Dc07937","Dc08463",1,0.02691,NA,NA,0.37236,1,1,1
"Dc07937","locus003",1,1,NA,1,1,NA,0.03837,1
"Dc07937","locus047",0.267396,1,NA,NA,1,NA,0.011848,1
"Dc07937","locus098",0.023208,0.623208,NA,NA,1,NA,1,1
"Dc07937","locus292",0.019696,0.70725,NA,NA,1,NA,1,1
"Dc08054","Dc13592",1,1,NA,NA,1,1,0.04938,1
"Dc08054","locus008",1,0.479574,NA,1,0.03115,NA,0.087744,1
"Dc08054","locus025",1,0.04572,NA,1,1,NA,0.55868,1
"Dc08054","locus062",0.78333,0.965884,NA,0.965884,0.503264,NA,0.04975,1
"Dc08054","locus083",0.005508,NA,NA,NA,1,NA,1,1
"Dc08054","locus139",0.04685,0.514872,NA,1,1,NA,1,1
"Dc08054","locus140",0.04797,0.515936,NA,1,1,NA,1,1
"Dc08189","Dc14945",0.02761,1,NA,NA,0.64688,1,1,1
"Dc08189","Dc22887",1,0.03067,NA,NA,1,1,0.622168,1
"Dc08189","locus013",0.77328,1,NA,1,0.279376,NA,0.00883,1
"Dc08189","locus055",0.88182,0.882084,NA,NA,0.0462,NA,0.882084,1
"Dc08189","locus083",0.962544,NA,NA,NA,0.006642,NA,0.962544,1
"Dc08189","locus130",0.16442,NA,NA,NA,0.004758,NA,0.273862,1
"Dc08189","locus236",0.560936,1,NA,NA,0.04189,1,1,1
"Dc08189","locus248",0.0481,1,NA,NA,1,1,1,1
"Dc08189","locus274",0.3087,1,NA,NA,0.01376,NA,1,1
"Dc08189","locus323",0.477864,0.018168,NA,NA,0.891988,NA,1,1
"Dc08463","Dc10003",1,NA,NA,NA,0.043722,1,NA,1
"Dc08463","Dc11203",0.02858,1,NA,NA,1,1,0.425392,1
"Dc08463","Dc14945",0.00735,1,NA,NA,0.295064,1,1,1
"Dc08463","Dc52523",1,0.04469,NA,NA,0.598938,0.5704,1,1
"Dc08463","locus055",0.073458,1,NA,NA,0.04104,NA,1,1
"Dc08463","locus129",0.677472,0.48027,1,1,1,NA,0.018672,1
"Dc08463","locus130",0.406936,NA,NA,NA,0.923656,NA,0.031728,1
"Dc08463","locus146",0.006696,0.74875,1,1,1,NA,1,1
"Dc08463","locus202",1,1,NA,NA,0.724848,1,0.0159,1
"Dc08865","Dc62188",0.867176,1,NA,1,1,NA,0.01468,1
"Dc08865","locus098",1,0.015192,NA,NA,1,NA,1,1
"Dc08865","locus157",0.725464,NA,NA,NA,0.023208,NA,0.725464,1
"Dc08865","locus329",0.630896,0.761038,NA,NA,0.030528,NA,0.370002,1
"Dc10003","Dc27955",0.047936,NA,NA,NA,0.698122,NA,NA,1
"Dc10003","Dc33714",0.04392,NA,NA,NA,0.1523,1,NA,1
"Dc10003","locus106",0.888318,NA,NA,NA,0.040128,NA,NA,1
"Dc10003","locus332",0.201212,NA,1,NA,0.019224,NA,NA,1
"Dc10390","locus065",0.01184,0.702892,NA,0.702892,0.666132,NA,0.574936,1
"Dc10390","locus148",1,1,NA,1,1,NA,0.0345,1
"Dc10390","locus161",1,0.00595,NA,1,1,NA,1,1
"Dc10390","locus280",1,1,NA,NA,0.03728,NA,1,1
"Dc10878","locus202",1,0.98684,NA,NA,0.048912,NA,0.165468,1
"Dc10878","locus239",0.263538,0.007344,NA,NA,0.679312,NA,0.263538,1
"Dc10885","Dc58248",0.482456,1,NA,1,1,NA,0.03026,1
"Dc10885","locus014",0.04262,1,NA,1,0.786056,NA,1,1
"Dc10885","locus045",0.014552,0.926232,NA,NA,1,NA,1,1
"Dc10885","locus058",0.00953,1,NA,1,1,NA,1,1
"Dc10885","locus170",0.922816,0.922816,NA,1,0.00678,NA,1,1
"Dc10885","locus296",1,1,NA,NA,0.46692,NA,0.006648,1
"Dc11203","locus076",0.00756,1,NA,NA,1,NA,1,1
"Dc11203","locus129",1,1,NA,1,1,NA,0.00316,1
"Dc11203","locus135",0.278104,0.04154,NA,1,1,NA,1,1
"Dc11203","locus157",0.849808,NA,NA,NA,0.022134,NA,0.849808,1
"Dc11203","locus195",1,1,NA,NA,1,1,0.01045,1
"Dc11203","locus256",0.686556,0.043544,NA,NA,1,NA,1,1
"Dc11203","locus292",1,1,NA,NA,0.035304,NA,1,1
"Dc11714","Dc22883",0.647076,0.035712,NA,NA,1,NA,1,1
"Dc11714","Dc36571",0.03492,0.416562,NA,NA,1,0.271112,1,1
"Dc11714","Dc58248",1,1,NA,1,0.03782,NA,1,1
"Dc11714","locus022",0.04592,0.967928,NA,0.967928,0.113304,NA,0.698916,1
"Dc11714","locus047",0.510852,0.510852,NA,NA,0.009752,NA,0.524542,1
"Dc11714","locus227",1,1,1,NA,0.03438,1,1,1
"Dc13159","locus058",0.0335,0.208056,NA,1,1,NA,1,1
"Dc13592","Dc22883",1,1,NA,NA,1,NA,0.031632,1
"Dc13592","locus003",0.658904,0.941796,NA,0.941796,0.00145,NA,0.941796,1
"Dc13592","locus077",1,0.01237,NA,1,1,NA,1,1
"Dc13592","locus188",0.999728,0.017976,NA,NA,0.999728,NA,0.727146,1
"Dc13592","locus189",1,1,NA,1,0.00852,1,1,1
"Dc13592","locus239",0.587844,0.02064,NA,NA,0.587844,0.587844,0.380656,1
"Dc13592","locus321",0.01488,1,NA,NA,1,NA,1,1
"Dc14022","Dc35779",1,0.04406,NA,NA,1,1,1,1
"Dc14022","locus292",0.002632,1,NA,NA,1,NA,1,1
"Dc14945","locus055",1,0.043728,NA,NA,1,NA,1,1
"Dc14945","locus264",1,0.237114,NA,NA,0.026792,NA,1,1
"Dc14945","locus321",0.014056,0.200058,NA,NA,0.200058,NA,1,1
"Dc16747","Dc51020",1,1,NA,NA,1,1,0.04797,1
"Dc16747","locus184",1,0.045624,1,1,1,NA,1,1
"Dc16747","locus186",0.521648,8e-05,NA,1,1,NA,1,1
"Dc16747","locus292",1,0.021352,NA,NA,1,NA,1,1
"Dc18951","locus003",0.03772,1,NA,1,0.98835,NA,0.757264,1
"Dc18951","locus040",1,0.02108,NA,NA,1,NA,1,1
"Dc18951","locus053",0.03471,1,1,NA,0.926816,NA,1,1
"Dc18951","locus130",1,NA,NA,NA,0.007224,NA,1,1
"Dc18951","locus188",0.216894,0.00552,NA,NA,0.325264,NA,0.788534,1
"Dc18951","locus215",0.59442,NA,NA,NA,0.008632,0.59442,1,1
"Dc18951","locus264",1,0.617898,NA,NA,1,NA,0.042976,1
"Dc18951","locus280",0.894828,0.894828,NA,NA,0.018968,NA,1,1
"Dc18951","locus301",0.043072,1,NA,NA,0.298422,NA,1,1
"Dc20232","locus301",1,0.027424,NA,NA,1,NA,1,1
"Dc20232","locus360",0.88806,0.016656,NA,NA,0.88806,NA,0.88806,1
"Dc22883","Dc33714",0.667592,0.505134,NA,NA,0.667592,NA,0.023088,1
"Dc22883","Dc51020",0.033472,0.996876,NA,NA,0.996876,NA,0.996876,1
"Dc22883","locus006",1,0.016,NA,1,1,NA,1,1
"Dc22883","locus056",1,1,NA,1,0.02429,NA,1,1
"Dc22883","locus088",0.667372,0.229506,NA,NA,0.043496,NA,0.667372,1
"Dc22887","locus003",0.516024,1,NA,1,0.852114,NA,0.00727,1
"Dc22887","locus004",1,1,NA,1,0.03253,NA,1,1
"Dc22887","locus064",0.185096,0.81786,NA,0.667432,0.03675,NA,0.185096,1
"Dc22887","locus148",1,1,NA,1,0.883176,NA,0.02607,1
"Dc22887","locus237",1,1,NA,NA,1,1,0.02897,1
"Dc22887","locus239",1,1,NA,NA,0.00474,1,1,1
"Dc27955","Dc41234",0.039078,1,NA,NA,NA,NA,1,1
"Dc27955","locus013",0.02379,1,NA,1,0.175984,NA,1,1
"Dc27955","locus148",0.04813,1,NA,1,0.359408,NA,0.457446,1
"Dc28124","Dc41234",0.016608,0.829012,NA,NA,NA,NA,1,1
"Dc28124","Dc48950",1,1,NA,NA,0.02632,1,1,1
"Dc28124","locus027",0.004508,0.161034,NA,NA,NA,NA,NA,1
"Dc28124","locus041",0.045408,0.293154,NA,NA,1,NA,1,1
"Dc28124","locus080",1,0.032344,NA,NA,1,NA,1,1
"Dc28124","locus239",1,1,NA,NA,0.03763,1,1,1
"Dc28776","locus041",0.0202,0.40479,NA,NA,0.983972,NA,0.983972,1
"Dc28776","locus073",1,1,1,1,0.022884,NA,1,1
"Dc28776","locus074",0.13348,1,1,1,0.245832,NA,0.003204,1
"Dc28776","locus202",0.01947,1,NA,NA,1,1,1,1
"Dc28776","locus322",0.484626,0.031656,NA,NA,0.804608,NA,0.484626,1
"Dc28776","locus358",1,0.035288,NA,NA,0.968922,NA,1,1
"Dc30071","Dc58248",0.388056,0.02725,NA,1,0.739332,NA,1,1
"Dc30071","locus151",1,NA,NA,0.050094,0.028416,NA,1,1
"Dc30071","locus184",1,0.037932,1,1,1,NA,0.57925,1
"Dc30071","locus236",0.879426,0.879426,NA,NA,0.00602,0.879426,0.73868,1
"Dc33714","Dc51020",0.063032,0.854576,NA,NA,0.00836,0.854576,0.744372,1
"Dc33714","locus055",1,1,NA,NA,0.019008,NA,1,1
"Dc33714","locus170",0.94792,0.94792,NA,1,0.03736,NA,0.94792,1
"Dc33714","locus280",1,0.03716,NA,NA,1,NA,1,1
"Dc33714","locus358",0.933216,1,NA,NA,0.043656,NA,1,1
"Dc33907","Dc62188",1,0.03035,NA,0.797304,1,NA,1,1
"Dc33907","locus047",0.009808,0.957752,NA,NA,0.08613,NA,0.729316,1
"Dc33907","locus170",1,0.535072,NA,1,0.00832,NA,1,1
"Dc33907","locus190",1,1,NA,NA,0.01493,1,1,1
"Dc34902","Dc40235",1,0.666848,NA,NA,0.02083,1,1,1
"Dc34902","locus134",1,0.001368,NA,NA,1,NA,1,1
"Dc34902","locus176",1,NA,NA,NA,1,NA,0.034068,1
"Dc34902","locus188",0.208026,1,NA,NA,1,NA,0.033648,1
"Dc34902","locus292",0.044344,0.733004,NA,NA,0.297054,NA,1,1
"Dc34902","locus332",1,0.02148,NA,NA,1,NA,0.624816,1
"Dc34902","locus360",0.991962,1,NA,NA,0.015848,NA,1,1
"Dc35779","Dc36616",0.796448,0.95604,NA,NA,0.00653,0.95604,0.95604,1
"Dc35779","Dc55481",0.01681,1,NA,1,0.872648,NA,1,1
"Dc35779","Dc62188",0.820816,1,NA,1,0.01668,NA,1,1
"Dc35779","locus035",0.764466,0.00448,NA,NA,1,NA,1,1
"Dc36571","locus065",0.68404,1,1,1,0.001332,NA,1,1
"Dc36571","locus282",0.02784,1,1,NA,0.285992,NA,1,1
"Dc36616","locus076",0.632142,0.0036,NA,NA,1,NA,1,1
"Dc36616","locus282",0.548048,1,1,NA,0.01874,NA,1,1
"Dc36616","locus358",0.982692,0.026832,NA,NA,0.982692,NA,0.77346,1
"Dc36616","locus360",0.443424,0.443424,NA,NA,0.000264,NA,0.443424,1
"Dc40235","locus135",1,1,NA,1,0.03709,NA,1,1
"Dc40235","locus170",1,0.04543,NA,1,1,NA,1,1
"Dc40235","locus292",1,0.026856,NA,NA,0.734328,NA,1,1
"Dc41234","Dc49080",0.014864,0.199458,1,NA,NA,NA,1,1
"Dc41234","locus055",0.040482,0.774696,NA,NA,NA,NA,0.16666,1
"Dc41234","locus060",0.035916,0.161896,NA,NA,NA,NA,0.463332,1
"Dc41234","locus129",1,1,NA,NA,NA,NA,0.035118,1
"Dc46984","locus035",1,0.03316,NA,NA,1,NA,1,1
"Dc46984","locus047",0.588276,0.588276,NA,NA,0.043976,NA,0.408444,1
"Dc46984","locus106",0.417294,0.004368,NA,NA,0.906032,NA,0.906032,1
"Dc46984","locus176",0.0324,NA,NA,NA,0.591034,NA,0.27998,1
"Dc47572","Dc49184",0.04541,0.738304,NA,NA,0.838476,1,1,1
"Dc47572","Dc62188",1,1,NA,1,1,NA,0.03587,1
"Dc47572","locus139",1,0.02779,NA,1,0.200232,NA,1,1
"Dc47572","locus140",1,0.02411,NA,1,0.214016,NA,1,1
"Dc47572","locus188",0.004856,1,NA,NA,1,NA,1,1
"Dc47572","locus314",1,0.034256,NA,NA,1,NA,1,1
"Dc47572","locus360",0.708522,1,NA,NA,0.031288,NA,1,1
"Dc47935","locus058",0.0157,0.449688,NA,1,1,NA,1,1
"Dc48950","Dc49184",1,0.04725,NA,NA,1,1,1,1
"Dc48950","Dc58248",1,1,NA,0.900816,0.00394,NA,1,1
"Dc48950","locus045",0.889552,0.889552,NA,NA,0.138234,NA,0.044744,1
"Dc48950","locus058",0.04178,1,NA,0.81132,1,NA,1,1
"Dc48950","locus129",0.922064,0.01136,NA,1,1,NA,1,1
"Dc48950","locus301",1,0.045512,NA,NA,1,NA,1,1
"Dc48950","locus329",0.027,0.391504,NA,NA,0.391504,NA,0.327522,1
"Dc49080","Dc58248",1,0.04698,NA,1,1,NA,1,1
"Dc49080","locus076",0.577004,0.05136,NA,NA,0.577004,NA,0.046784,1
"Dc49080","locus100",0.534896,0.534896,NA,NA,0.033792,NA,0.413514,1
"Dc49080","locus119",0.24147,0.94878,NA,NA,0.24147,NA,0.002128,1
"Dc49080","locus120",1,1,NA,NA,0.046448,NA,1,1
"Dc49184","locus013",1,1,NA,1,0.02274,NA,1,1
"Dc49184","locus039",0.206094,0.98256,NA,NA,0.002752,NA,1,1
"Dc49184","locus047",0.00432,1,1,NA,1,NA,1,1
"Dc51020","locus065",0.03651,1,NA,1,1,NA,1,1
"Dc51020","locus358",0.00572,1,NA,NA,1,NA,1,1
"Dc52523","locus013",0.87348,0.934496,NA,0.934496,0.03743,NA,0.52296,1
"Dc52523","locus027",0.04198,0.795306,NA,NA,NA,NA,NA,1
"Dc52523","locus053",0.04152,1,NA,NA,0.307056,NA,1,1
"Dc52523","locus093",0.019,1,1,NA,1,NA,1,1
"Dc52523","locus236",1,0.499848,NA,NA,0.03928,1,1,1
"Dc52523","locus280",0.120552,0.838824,NA,NA,0.838824,NA,0.025144,1
"Dc55481","locus076",0.808324,0.045368,NA,NA,0.808324,NA,0.168618,1
"Dc55481","locus148",1,1,1,1,0.004104,NA,1,1
"Dc55481","locus329",0.02996,0.875276,NA,NA,0.778968,NA,1,1
"Dc58248","locus119",0.042664,1,NA,NA,1,NA,1,1
"Dc62188","locus022",0.02015,0.21777,NA,0.112608,0.84092,NA,0.84092,1
"Dc62188","locus128",1,1,NA,1,0.0408,NA,1,1
"Dc62188","locus186",0.03069,1,NA,1,1,NA,1,1
"Dc62188","locus188",1,2e-04,1,NA,1,NA,1,1
"Dc62188","locus191",1,NA,1,NA,1,0.04697,1,1
"Dc67011","locus058",1,0.89613,NA,1,0.03664,NA,0.1496,1
"Dc67011","locus231",0.163794,0.001416,NA,NA,1,NA,1,1
"locus003","locus008",1,0.681336,NA,1,0.03444,NA,0.58708,1
"locus003","locus025",0.828494,0.623584,NA,NA,0.034664,NA,0.5568,1
"locus003","locus286",1,1,NA,NA,0.046328,NA,1,1
"locus003","locus322",0.855762,0.94516,NA,NA,0.035056,NA,0.94516,1
"locus004","locus056",1,0.864784,NA,1,0.02561,NA,1,1
"locus004","locus088",1,1,NA,NA,1,NA,0.02632,1
"locus004","locus165",1,0.491544,NA,NA,0.011096,NA,1,1
"locus005","locus184",0.03285,1,NA,1,1,NA,1,1
"locus005","locus188",0.016632,1,NA,NA,1,NA,1,1
"locus005","locus248",1,0.21948,NA,NA,0.44046,1,0.04517,1
"locus005","locus360",0.627408,0.658472,NA,NA,0.658472,NA,0.047344,1
"locus006","locus025",1,1,NA,NA,0.29364,NA,0.041816,1
"locus006","locus100",1,1,NA,NA,0.007392,NA,1,1
"locus006","locus128",4e-04,1,NA,1,1,NA,1,1
"locus006","locus190",1,0.01462,NA,NA,1,1,1,1
"locus006","locus323",0.499428,0.994032,NA,NA,0.037152,NA,0.994032,1
"locus008","locus039",1,1,NA,NA,0.010504,NA,1,1
"locus008","locus048",1,0.0016,NA,NA,1,NA,1,1
"locus008","locus120",1,0.451686,NA,NA,0.048936,NA,1,1
"locus008","locus148",1,0.00303,NA,1,1,NA,1,1
"locus008","locus239",0.03665,1,NA,NA,0.051184,1,1,1
"locus013","locus030",0.0091,1,1,NA,0.653144,NA,1,1
"locus013","locus077",0.04758,1,NA,1,0.990752,NA,1,1
"locus013","locus096",0.299928,0.219336,NA,NA,0.219336,NA,0.00788,1
"locus013","locus188",0.009424,0.186396,NA,NA,0.822316,NA,0.4882,1
"locus013","locus231",1,0.869988,NA,NA,1,NA,0.030312,1
"locus013","locus256",1,0.475938,NA,NA,1,NA,0.018368,1
"locus013","locus280",0.112554,1,NA,NA,1,NA,0.019512,1
"locus014","locus027",0.01386,1,1,NA,NA,NA,NA,1
"locus014","locus030",1,1,1,NA,0.01569,NA,1,1
"locus014","locus045",0.871492,0.026976,NA,NA,0.180906,NA,1,1
"locus014","locus120",0.9702,1,NA,NA,0.013936,NA,1,1
"locus014","locus165",0.389132,0.14421,NA,NA,0.001568,NA,0.334,1
"locus014","locus191",0.022424,NA,NA,NA,0.80082,0.857052,0.857052,1
"locus014","locus274",0.390846,0.006232,NA,NA,0.390846,NA,0.40158,1
"locus022","locus048",1,0.002976,NA,NA,1,NA,0.255942,1
"locus022","locus096",0.339312,0.011792,NA,NA,0.795718,NA,0.339312,1
"locus022","locus146",1,0.914592,NA,1,0.04072,NA,1,1
"locus024","locus176",0.005382,NA,NA,NA,1,NA,1,1
"locus025","locus060",0.858352,1,NA,1,1,NA,0.01943,1
"locus025","locus116",0.045336,0.88172,NA,NA,0.88172,NA,0.58656,1
"locus025","locus161",1,1,NA,1,0.03485,NA,0.101936,1
"locus025","locus314",0.020224,1,NA,NA,1,NA,1,1
"locus025","locus329",1,0.043768,NA,NA,1,NA,1,1
"locus027","locus076",0.017096,0.201126,NA,NA,NA,NA,NA,1
"locus027","locus192",1,0.000948,NA,NA,NA,NA,NA,1
"locus027","locus332",0.045552,0.768182,NA,NA,NA,NA,NA,1
"locus030","locus073",1,0.0411,NA,1,0.935874,NA,0.897176,1
"locus030","locus329",0.241818,0.241818,NA,NA,0.001992,NA,0.916146,1
"locus035","locus100",0.823496,0.823496,NA,NA,0.02532,NA,0.283848,1
"locus035","locus151",1,NA,NA,1,0.00788,NA,1,1
"locus035","locus188",1,1,NA,NA,0.028264,NA,1,1
"locus035","locus189",0.04404,0.814476,NA,NA,0.604504,0.688836,0.814476,1
"locus035","locus202",1,0.65588,NA,NA,0.02765,1,1,1
"locus035","locus264",1,0.01698,1,NA,1,NA,1,1
"locus038","locus039",1,0.01036,NA,NA,0.059934,NA,1,1
"locus038","locus139",1,1,NA,1,0.01436,NA,0.375192,1
"locus038","locus140",1,1,NA,1,0.01518,NA,0.3718,1
"locus038","locus296",0.49154,0.322206,NA,NA,0.020496,NA,0.49154,1
"locus039","locus041",0.029072,0.232374,NA,NA,0.510184,NA,0.510184,1
"locus039","locus100",1,1,NA,NA,0.035456,NA,1,1
"locus039","locus116",1,0.03784,NA,NA,0.997632,NA,1,1
"locus039","locus119",1,0.03842,1,NA,1,NA,1,1
"locus039","locus148",1,1,NA,1,0.00387,NA,1,1
"locus039","locus161",1,0.913296,NA,1,0.00909,NA,1,1
"locus039","locus314",0.977598,0.0116,NA,NA,0.977598,NA,1,1
"locus040","locus186",0.120456,1,NA,1,0.02114,NA,1,1
"locus040","locus248",1,1,NA,NA,0.01486,1,1,1
"locus040","locus286",0.020096,1,NA,NA,1,NA,1,1
"locus040","locus291",0.004664,1,NA,NA,1,NA,1,1
"locus041","locus045",1,0.033208,NA,NA,1,NA,0.445692,1
"locus041","locus074",1,0.02797,NA,1,1,NA,1,1
"locus041","locus098",0.768504,1,1,NA,0.03696,NA,1,1
"locus041","locus202",0.02384,1,NA,NA,1,1,1,1
"locus045","locus053",0.682748,0.506274,NA,NA,0.682748,NA,0.042368,1
"locus045","locus120",0.536364,0.895862,NA,NA,0.536364,NA,0.043536,1
"locus045","locus188",0.67988,0.002568,NA,NA,0.697488,NA,0.337392,1
"locus045","locus237",1,0.03944,NA,NA,1,1,1,1
"locus047","locus157",0.845008,NA,NA,NA,0.372652,NA,0.0447,1
"locus047","locus231",0.535446,0.002528,NA,NA,0.535446,NA,0.535446,1
"locus047","locus332",1,0.003336,NA,NA,1,NA,1,1
"locus047","locus359",1,0.028544,NA,NA,1,NA,1,1
"locus048","locus058",0.03155,0.211072,NA,1,0.211072,NA,1,1
"locus048","locus148",1,0.01976,NA,0.189008,1,NA,1,1
"locus048","locus264",0.41952,0.41952,NA,NA,0.41952,NA,0.035288,1
"locus053","locus120",1,1,NA,NA,1,NA,0.015352,1
"locus053","locus191",1,NA,NA,NA,1,1,0.04336,1
"locus053","locus329",0.93425,1.6e-05,NA,NA,0.131136,NA,0.890452,1
"locus055","locus157",1,NA,1,NA,0.030616,NA,1,1
"locus055","locus274",1,1,1,NA,1,NA,0.00293,1
"locus056","locus060",1,1,NA,1,0.147928,NA,0.00656,1
"locus056","locus135",0.02091,1,NA,1,1,NA,1,1
"locus058","locus076",0.412308,0.457492,NA,NA,0.457492,NA,0.010648,1
"locus058","locus096",1,0.030032,NA,NA,1,NA,1,1
"locus058","locus130",0.048852,NA,NA,NA,0.63678,NA,1,1
"locus058","locus165",1,0.001104,NA,NA,1,NA,1,1
"locus058","locus191",0.043616,NA,NA,NA,0.254886,0.569132,0.569132,1
"locus060","locus073",0.03818,1,NA,0.668088,1,NA,1,1
"locus061","locus165",0.043194,NA,NA,NA,0.993676,NA,1,1
"locus061","locus215",1,NA,NA,NA,0.012176,0.77181,1,1
"locus062","locus191",1,NA,NA,NA,0.003456,1,1,1
"locus062","locus264",0.419952,0.7978,NA,NA,0.043072,NA,0.7978,1
"locus064","locus146",1,0.015348,1,1,0.87995,NA,1,1
"locus064","locus189",1,0.02772,NA,NA,1,1,1,1
"locus065","locus359",0.49782,0.577844,NA,NA,0.000768,NA,1,1
"locus074","locus137",0.665648,0.04407,NA,1,0.665648,NA,0.962008,1
"locus074","locus292",1,1,NA,NA,0.011752,NA,1,1
"locus076","locus116",0.008384,1,NA,NA,1,NA,1,1
"locus076","locus129",1,0.015,NA,NA,1,NA,1,1
"locus076","locus137",0.125238,0.279088,NA,NA,0.005952,NA,0.279088,1
"locus076","locus186",0.046816,0.45611,NA,NA,0.40548,NA,0.40548,1
"locus076","locus190",0.215808,1,NA,NA,0.036184,NA,1,1
"locus076","locus191",0.002058,NA,NA,NA,0.160096,NA,0.6879,1
"locus076","locus215",1,NA,1,NA,0.040824,NA,0.162576,1
"locus076","locus231",1,0.04208,NA,NA,1,NA,1,1
"locus076","locus235",0.928152,0.000592,NA,NA,0.23793,NA,1,1
"locus076","locus263",1,0.032664,NA,NA,1,NA,0.745584,1
"locus080","locus137",1,0.379656,NA,1,0.02521,NA,1,1
"locus080","locus184",1,0.197248,NA,1,0.0097,NA,1,1
"locus080","locus231",1,1,NA,NA,0.015936,NA,1,1
"locus080","locus248",0.02444,1,NA,NA,1,1,1,1
"locus080","locus274",0.524478,1,NA,NA,0.014048,NA,1,1
"locus083","locus096",0.037326,NA,NA,NA,0.089984,NA,1,1
"locus096","locus189",0.880688,0.01139,NA,NA,0.880688,0.880688,0.880688,1
"locus098","locus191",0.845308,NA,NA,NA,0.0364,1,0.406794,1
"locus098","locus215",0.038336,NA,NA,NA,1,1,1,1
"locus100","locus134",0.818766,0.009496,NA,NA,0.938804,NA,0.938804,1
"locus100","locus148",0.305896,0.00272,NA,1,0.42174,NA,1,1
"locus100","locus236",1,0.398272,NA,NA,1,1,0.04023,1
"locus100","locus237",1,0.03746,NA,NA,1,0.189448,1,1
"locus100","locus286",1,1,NA,NA,1,NA,0.041832,1
"locus106","locus360",0.536288,1,NA,NA,0.01196,NA,0.398754,1
"locus116","locus119",0.00808,1,NA,NA,1,NA,1,1
"locus119","locus256",0.010904,1,NA,NA,1,NA,0.585126,1
"locus119","locus291",0.956922,0.956922,NA,NA,0.011816,NA,0.956922,1
"locus120","locus235",0.987728,0.03253,NA,NA,1,1,1,1
"locus128","locus176",0.05608,NA,NA,NA,0.047292,NA,1,1
"locus128","locus323",0.006264,0.728424,NA,NA,0.728424,NA,0.728424,1
"locus129","locus195",1,0.50964,1,NA,1,1,0.026748,1
"locus130","locus161",0.785812,NA,NA,NA,0.785812,NA,0.029142,1
"locus130","locus280",0.8009,NA,NA,NA,0.023658,NA,0.8009,1
"locus134","locus236",0.970096,0.00875,NA,NA,1,1,1,1
"locus134","locus274",0.019552,1,NA,NA,1,NA,1,1
"locus135","locus146",1,1,NA,1,0.02437,NA,1,1
"locus135","locus236",0.01278,1,NA,NA,1,1,1,1
"locus137","locus237",1,0.02692,NA,NA,1,1,1,1
"locus139","locus157",0.03363,NA,NA,NA,0.922188,NA,0.922188,1
"locus140","locus157",0.031332,NA,NA,NA,0.900152,NA,0.900152,1
"locus148","locus360",1,0.03656,NA,NA,1,NA,0.990342,1
"locus151","locus161",1,NA,NA,1,1,NA,0.034896,1
"locus151","locus176",0.012528,NA,NA,NA,1,NA,1,1
"locus157","locus292",0.045414,NA,NA,NA,1,NA,1,1
"locus161","locus176",0.727444,NA,NA,NA,0.017394,NA,0.727444,1
"locus161","locus321",1,0.328524,NA,NA,0.04552,NA,1,1
"locus165","locus188",0.04462,0.598192,1,NA,0.745806,NA,1,1
"locus165","locus215",1,NA,NA,NA,0.01088,1,1,1
"locus165","locus286",0.660186,1,NA,NA,1,NA,0.037408,1
"locus170","locus231",0.857916,0.032232,NA,NA,0.857916,NA,0.79203,1
"locus170","locus239",1,0.28752,NA,NA,1,1,0.02679,1
"locus184","locus227",1,1,1,NA,0.047304,1,1,1
"locus184","locus358",1,1,NA,NA,0.04956,NA,1,1
"locus186","locus322",0.009216,0.349356,NA,NA,0.493796,NA,0.493796,1
"locus186","locus329",0.013904,1,NA,NA,1,NA,1,1
"locus188","locus190",1,0,NA,NA,1,1,1,1
"locus188","locus292",0.20568,0.054252,NA,NA,0.015824,NA,0.90781,1
"locus189","locus237",1,1,NA,NA,0.01853,1,1,1
"locus190","locus321",1,0.040248,NA,NA,0.529164,NA,1,1
"locus190","locus323",0.332058,1,NA,NA,1,NA,0.012168,1
"locus191","locus264",0.80261,NA,NA,NA,0.464312,NA,0.03723,1
"locus191","locus280",0.130796,NA,NA,NA,0.039906,NA,0.700416,1
"locus202","locus248",1,1,NA,NA,0.00601,1,1,1
"locus202","locus291",1,1,NA,NA,0.013712,NA,1,1
"locus215","locus322",0.742574,NA,NA,NA,0.047178,NA,0.565124,1
"locus215","locus360",0.023316,NA,NA,NA,0.373932,NA,0.818556,1
"locus231","locus280",1,1,NA,NA,1,NA,0.031864,1
"locus231","locus314",1,0.0391,NA,1,1,NA,1,1
"locus231","locus332",1,0.007352,NA,NA,1,NA,1,1
"locus231","locus358",1,1,NA,NA,1,NA,0.032832,1
"locus235","locus286",0.187704,0.047448,NA,NA,1,NA,1,1
"locus236","locus321",0.489544,0.18237,NA,NA,0.023728,NA,0.489544,1
"locus237","locus280",1,0.032336,NA,NA,0.121398,NA,1,1
"locus237","locus358",0.031824,1,NA,NA,1,NA,1,1
"locus239","locus274",0.76965,0.179058,NA,NA,0.0204,NA,0.357756,1
"locus248","locus282",0.03423,1,1,NA,1,NA,1,1
"locus256","locus360",0.048272,0.397784,NA,NA,0.17895,NA,0.249888,1
"locus264","locus291",1,1,NA,NA,0.002128,NA,1,1
"locus274","locus322",1,0.008256,NA,NA,1,NA,0.475218,1
"locus282","locus321",1,0.509982,NA,NA,1,NA,0.0304,1
"locus282","locus360",1,1,NA,NA,0.045344,NA,0.881328,1
"locus296","locus329",0.560316,0.026392,NA,NA,1,NA,1,1
"locus314","locus322",1,0.022248,NA,NA,1,NA,0.162504,1
"locus314","locus323",0.00904,1,NA,NA,1,NA,0.6735,1
"locus323","locus360",1,1,NA,NA,0.000304,NA,1,1
"Dc01018","Dc01661",1,1,1,1,1,1,0.845012,0
"Dc01018","Dc01707",1,1,1,1,1,1,1,0
"Dc01018","Dc01784",0.364656,1,1,NA,1,1,1,0
"Dc01018","Dc02951",1,1,1,NA,1,1,1,0
"Dc01018","Dc03456",1,1,1,NA,1,1,1,0
"Dc01018","Dc03556",1,1,1,NA,1,1,1,0
"Dc01018","Dc06503",1,0.88799,1,NA,1,NA,1,0
"Dc01018","Dc07300",1,1,NA,NA,1,1,1,0
"Dc01018","Dc07937",0.30401,0.30401,NA,NA,1,1,1,0
"Dc01018","Dc08054",1,1,NA,NA,1,1,1,0
"Dc01018","Dc08189",1,0.799952,NA,NA,1,1,0.65946,0
"Dc01018","Dc08463",1,1,NA,NA,1,1,1,0
"Dc01018","Dc08865",1,1,NA,NA,1,1,1,0
"Dc01018","Dc10003",0.69843,NA,NA,NA,1,1,NA,0
"Dc01018","Dc10390",1,1,NA,NA,1,1,1,0
"Dc01018","Dc10878",1,1,NA,NA,1,NA,1,0
"Dc01018","Dc10885",0.56436,0.791064,NA,NA,1,1,1,0
"Dc01018","Dc11203",1,1,NA,NA,1,1,1,0
"Dc01018","Dc11714",0.62236,1,NA,NA,0.11547,1,0.62316,0
"Dc01018","Dc13159",1,1,NA,NA,1,1,1,0
"Dc01018","Dc13592",1,1,NA,NA,1,1,0.59443,0
"Dc01018","Dc14945",1,1,NA,NA,1,1,1,0
"Dc01018","Dc16747",1,1,NA,NA,0.32037,1,1,0
"Dc01018","Dc18951",1,1,NA,NA,1,1,1,0
"Dc01018","Dc20232",1,0.59981,NA,NA,1,1,1,0
"Dc01018","Dc22883",1,1,NA,NA,1,NA,1,0
"Dc01018","Dc22887",1,1,NA,NA,0.76352,1,1,0
"Dc01018","Dc27955",1,1,NA,NA,1,NA,1,0
"Dc01018","Dc28124",1,0.68503,NA,NA,1,1,1,0
"Dc01018","Dc28776",1,1,NA,NA,1,1,1,0
"Dc01018","Dc30071",1,1,NA,NA,1,1,1,0
"Dc01018","Dc31007",0.57828,NA,NA,NA,1,NA,1,0
"Dc01018","Dc33714",1,1,NA,NA,1,1,1,0
"Dc01018","Dc33907",1,1,NA,NA,1,1,1,0
"Dc01018","Dc34902",1,1,NA,NA,1,1,1,0
"Dc01018","Dc35779",1,1,NA,NA,1,1,1,0
"Dc01018","Dc36571",1,1,1,NA,0.734724,1,1,0
"Dc01018","Dc36616",1,1,NA,NA,1,1,1,0
"Dc01018","Dc40235",1,1,NA,NA,1,1,1,0
"Dc01018","Dc41234",1,0.719892,NA,NA,NA,NA,1,0
"Dc01018","Dc47572",0.611864,0.995742,NA,NA,0.3653,1,1,0
"Dc01018","Dc47935",1,1,NA,NA,1,1,1,0
"Dc01018","Dc48207",1,1,NA,NA,1,1,1,0
"Dc01018","Dc48950",1,1,NA,NA,1,1,1,0
"Dc01018","Dc49184",0.67871,0.67871,NA,NA,0.67871,1,1,0
"Dc01018","Dc51020",1,1,NA,NA,1,1,1,0
"Dc01018","Dc52523",1,0.486,NA,NA,0.486,1,1,0
"Dc01018","Dc55481",1,1,NA,NA,1,1,1,0
"Dc01018","Dc58248",1,0.25617,NA,1,1,NA,1,0
"Dc01018","Dc62188",1,1,NA,1,1,NA,1,0
"Dc01018","Dc67011",1,1,1,1,1,NA,1,0
"Dc01018","locus003",1,1,NA,1,1,NA,1,0
"Dc01018","locus005",1,1,1,1,1,NA,1,0
"Dc01018","locus006",1,1,NA,1,0.81034,NA,1,0
"Dc01018","locus008",1,1,NA,1,1,NA,1,0
"Dc01018","locus013",0.80229,1,NA,1,1,NA,1,0
"Dc01018","locus014",1,1,NA,1,1,NA,1,0
"Dc01018","locus022",1,1,1,1,1,NA,0.054288,0
"Dc01018","locus024",1,0.84701,NA,1,1,NA,0.84701,0
"Dc01018","locus025",0.99925,1,NA,1,1,NA,1,0
"Dc01018","locus027",0.727478,0.359096,NA,NA,NA,NA,NA,0
"Dc01018","locus030",0.994764,1,NA,NA,1,NA,0.3712,0
"Dc01018","locus035",1,1,1,NA,0.41896,NA,1,0
"Dc01018","locus038",1,1,1,NA,1,NA,0.89805,0
"Dc01018","locus039",1,0.188456,NA,NA,0.995892,NA,1,0
"Dc01018","locus040",1,1,NA,NA,1,NA,1,0
"Dc01018","locus041",0.8529,0.503584,NA,NA,1,NA,0.8529,0
"Dc01018","locus045",1,1,NA,NA,1,NA,1,0
"Dc01018","locus047",0.343992,1,NA,NA,1,NA,1,0
"Dc01018","locus048",0.374664,1,NA,NA,1,NA,0.817476,0
"Dc01018","locus053",1,1,NA,NA,1,NA,0.580248,0
"Dc01018","locus055",0.481048,1,NA,NA,1,NA,0.88089,0
"Dc01018","locus056",1,1,1,1,1,NA,1,0
"Dc01018","locus058",0.37808,0.080388,1,1,1,NA,1,0
"Dc01018","locus060",1,1,NA,1,1,NA,1,0
"Dc01018","locus061",1,NA,NA,NA,1,NA,1,0
"Dc01018","locus062",0.79413,0.591824,NA,1,0.07159,NA,1,0
"Dc01018","locus064",1,1,NA,1,1,NA,1,0
"Dc01018","locus065",1,1,NA,1,1,NA,1,0
"Dc01018","locus073",0.25014,1,NA,1,1,NA,1,0
"Dc01018","locus074",1,0.119796,1,1,1,NA,1,0
"Dc01018","locus076",1,1,NA,NA,1,NA,1,0
"Dc01018","locus077",1,1,NA,1,1,NA,1,0
"Dc01018","locus080",0.50806,1,NA,1,1,NA,1,0
"Dc01018","locus083",0.502122,NA,NA,NA,1,NA,1,0
"Dc01018","locus088",1,1,NA,NA,1,NA,0.122832,0
"Dc01018","locus093",1,1,1,NA,1,NA,1,0
"Dc01018","locus096",1,0.60149,1,NA,1,NA,1,0
"Dc01018","locus098",0.271912,1,NA,NA,0.685804,NA,0.6411,0
"Dc01018","locus100",1,1,1,NA,1,NA,1,0
"Dc01018","locus106",1,1,NA,NA,1,NA,1,0
"Dc01018","locus116",0.240536,0.70659,NA,NA,1,NA,1,0
"Dc01018","locus119",1,1,NA,NA,1,NA,1,0
"Dc01018","locus120",0.440088,1,NA,NA,1,NA,1,0
"Dc01018","locus128",0.759808,1,NA,NA,1,NA,1,0
"Dc01018","locus129",0.05304,1,NA,1,1,NA,1,0
"Dc01018","locus130",1,NA,NA,NA,1,NA,1,0
"Dc01018","locus134",0.324672,0.623676,NA,NA,0.228616,NA,0.542252,0
"Dc01018","locus135",1,0.1247,NA,1,0.1247,NA,1,0
"Dc01018","locus137",1,0.92659,NA,1,1,NA,1,0
"Dc01018","locus139",1,1,NA,1,0.50719,NA,1,0
"Dc01018","locus140",1,1,NA,1,0.50405,NA,1,0
"Dc01018","locus146",1,1,NA,1,1,NA,1,0
"Dc01018","locus148",1,1,NA,1,1,NA,1,0
"Dc01018","locus151",1,NA,1,0.82936,1,NA,1,0
"Dc01018","locus157",1,NA,NA,NA,1,NA,1,0
"Dc01018","locus161",1,1,NA,1,1,NA,1,0
"Dc01018","locus165",1,1,NA,NA,1,NA,1,0
"Dc01018","locus170",1,0.685104,1,0.83567,1,NA,1,0
"Dc01018","locus176",0.543018,NA,NA,NA,0.663398,NA,0.543018,0
"Dc01018","locus184",1,1,1,1,1,NA,1,0
"Dc01018","locus186",1,1,NA,1,1,NA,1,0
"Dc01018","locus188",1,1,NA,1,1,NA,1,0
"Dc01018","locus189",1,1,NA,1,1,1,1,0
"Dc01018","locus190",1,0.154,NA,NA,0.273344,1,1,0
"Dc01018","locus191",1,NA,NA,NA,1,1,0.060384,0
"Dc01018","locus192",1,1,NA,NA,1,1,1,0
"Dc01018","locus195",1,1,NA,NA,1,1,1,0
"Dc01018","locus202",1,1,1,NA,0.227064,1,1,0
"Dc01018","locus215",1,NA,NA,NA,1,1,1,0
"Dc01018","locus227",1,0.3898,1,NA,0.339852,1,1,0
"Dc01018","locus231",1,1,1,NA,1,NA,1,0
"Dc01018","locus235",1,1,NA,NA,0.39572,1,1,0
"Dc01018","locus236",1,1,NA,NA,1,1,1,0
"Dc01018","locus237",1,0.30705,NA,NA,0.71044,1,0.71044,0
"Dc01018","locus239",1,1,NA,NA,1,1,1,0
"Dc01018","locus248",0.82956,1,NA,NA,0.12539,1,0.262848,0
"Dc01018","locus256",1,0.22251,NA,NA,0.925848,1,1,0
"Dc01018","locus263",1,1,NA,NA,1,NA,1,0
"Dc01018","locus264",1,1,NA,NA,1,NA,1,0
"Dc01018","locus274",1,1,NA,NA,1,NA,1,0
"Dc01018","locus280",1,0.384224,NA,NA,0.384224,NA,1,0
"Dc01018","locus282",0.977148,0.655512,NA,NA,0.951618,NA,0.977148,0
"Dc01018","locus286",1,1,NA,NA,1,NA,1,0
"Dc01018","locus291",1,1,NA,NA,1,NA,1,0
"Dc01018","locus292",0.60424,1,NA,NA,1,NA,0.814962,0
"Dc01018","locus296",1,0.570192,NA,NA,1,NA,1,0
"Dc01018","locus301",1,1,NA,NA,1,NA,1,0
"Dc01018","locus314",0.360696,0.64659,NA,NA,0.998536,NA,1,0
"Dc01018","locus321",0.462688,1,NA,NA,1,NA,1,0
"Dc01018","locus322",1,1,NA,NA,1,NA,1,0
"Dc01018","locus323",1,1,NA,NA,1,NA,1,0
"Dc01018","locus329",1,1,NA,NA,0.832176,NA,1,0
"Dc01018","locus332",0.425248,1,NA,NA,0.425248,NA,1,0
"Dc01018","locus358",1,1,NA,NA,1,NA,1,0
"Dc01018","locus359",1,0.852128,NA,NA,0.852128,NA,1,0
"Dc01018","locus360",0.893964,0.605214,NA,NA,1,NA,0.359576,0
"Dc01661","Dc01707",1,1,1,NA,1,1,0.838116,0
"Dc01661","Dc01784",1,1,1,NA,0.43778,1,0.068892,0
"Dc01661","Dc02951",1,1,1,NA,1,1,0.296496,0
"Dc01661","Dc03456",1,1,1,NA,1,1,0.765144,0
"Dc01661","Dc03556",1,1,1,NA,1,1,1,0
"Dc01661","Dc06503",0.75818,0.788488,1,NA,1,NA,1,0
"Dc01661","Dc07300",1,1,NA,NA,1,1,1,0
"Dc01661","Dc07937",1,1,NA,NA,1,1,0.57881,0
"Dc01661","Dc08054",1,0.15147,NA,NA,1,1,1,0
"Dc01661","Dc08189",1,1,NA,NA,0.65765,1,1,0
"Dc01661","Dc08463",0.59201,1,NA,NA,0.59201,1,1,0
"Dc01661","Dc08865",0.82479,1,NA,NA,1,1,1,0
"Dc01661","Dc10003",0.665556,NA,NA,NA,0.679464,1,NA,0
"Dc01661","Dc10390",1,0.95403,NA,NA,1,1,1,0
"Dc01661","Dc10878",0.42723,0.687416,NA,NA,0.108984,NA,1,0
"Dc01661","Dc10885",1,1,NA,NA,1,1,1,0
"Dc01661","Dc11203",1,1,NA,NA,1,1,1,0
"Dc01661","Dc11714",0.805776,1,NA,NA,0.46158,1,1,0
"Dc01661","Dc13159",0.91352,1,NA,NA,1,1,1,0
"Dc01661","Dc13592",1,1,NA,NA,0.23436,1,1,0
"Dc01661","Dc14022",1,1,NA,NA,1,1,1,0
"Dc01661","Dc14945",1,1,NA,NA,1,1,1,0
"Dc01661","Dc16747",0.63352,1,NA,NA,1,1,1,0
"Dc01661","Dc18951",1,1,NA,NA,0.90522,1,1,0
"Dc01661","Dc20232",1,1,NA,NA,1,1,1,0
"Dc01661","Dc22883",0.239176,1,NA,NA,1,NA,1,0
"Dc01661","Dc22887",1,1,NA,NA,1,0.71703,1,0
"Dc01661","Dc27955",0.460416,0.69782,NA,NA,0.474378,NA,0.855084,0
"Dc01661","Dc28124",1,1,NA,NA,1,1,1,0
"Dc01661","Dc28776",1,0.73513,NA,NA,0.858904,1,1,0
"Dc01661","Dc30071",0.42791,0.42791,NA,NA,0.42791,0.42791,0.42791,0
"Dc01661","Dc31007",0.711522,NA,NA,NA,0.944192,NA,1,0
"Dc01661","Dc33714",1,0.915,NA,NA,1,1,1,0
"Dc01661","Dc33907",0.27437,1,NA,NA,1,1,1,0
"Dc01661","Dc34902",1,1,NA,NA,1,1,1,0
"Dc01661","Dc35779",1,1,NA,NA,1,1,1,0
"Dc01661","Dc36571",1,0.669876,1,NA,0.669876,1,1,0
"Dc01661","Dc36616",1,1,NA,NA,0.32428,0.23296,1,0
"Dc01661","Dc40235",1,1,NA,NA,1,1,1,0
"Dc01661","Dc41234",1,0.327834,NA,NA,NA,NA,1,0
"Dc01661","Dc46984",1,1,NA,NA,1,1,1,0
"Dc01661","Dc47935",1,0.716616,NA,NA,0.27121,1,1,0
"Dc01661","Dc48207",1,1,NA,NA,1,1,1,0
"Dc01661","Dc48950",1,1,NA,NA,1,1,1,0
"Dc01661","Dc49080",1,1,1,NA,1,1,0.3,0
"Dc01661","Dc49184",0.34864,0.967746,NA,NA,0.964656,1,0.967746,0
"Dc01661","Dc51020",1,1,NA,NA,1,0.72361,1,0
"Dc01661","Dc52523",1,1,NA,NA,1,1,1,0
"Dc01661","Dc55481",0.7165,1,NA,NA,1,1,0.7165,0
"Dc01661","Dc58248",1,1,NA,1,1,NA,1,0
"Dc01661","Dc62188",1,1,NA,1,0.10416,NA,1,0
"Dc01661","Dc67011",1,1,1,1,1,NA,1,0
"Dc01661","locus003",0.09198,0.647056,NA,0.647056,0.647056,NA,0.647056,0
"Dc01661","locus004",0.34994,0.74504,NA,1,1,NA,0.75873,0
"Dc01661","locus005",0.64548,1,1,1,0.77442,NA,1,0
"Dc01661","locus006",1,1,NA,1,1,NA,1,0
"Dc01661","locus008",0.25073,0.27044,NA,0.852156,0.281214,NA,0.852156,0
"Dc01661","locus013",1,1,NA,1,1,NA,1,0
"Dc01661","locus014",1,1,NA,1,0.48783,NA,1,0
"Dc01661","locus022",1,1,1,1,1,NA,1,0
"Dc01661","locus024",0.882872,1,NA,1,0.41413,NA,1,0
"Dc01661","locus025",1,1,NA,1,1,NA,1,0
"Dc01661","locus027",0.761182,0.74124,NA,NA,NA,NA,NA,0
"Dc01661","locus030",1,1,NA,NA,1,NA,1,0
"Dc01661","locus035",1,1,1,NA,0.76365,NA,1,0
"Dc01661","locus038",1,1,1,NA,1,NA,1,0
"Dc01661","locus039",1,1,NA,NA,0.480536,NA,1,0
"Dc01661","locus041",1,1,NA,NA,1,NA,1,0
"Dc01661","locus045",1,0.461176,NA,NA,0.571926,NA,1,0
"Dc01661","locus047",1,1,NA,NA,1,NA,1,0
"Dc01661","locus048",1,0.468192,NA,NA,1,NA,1,0
"Dc01661","locus053",0.369656,0.412464,NA,NA,0.412464,NA,0.583774,0
"Dc01661","locus055",0.096216,0.451048,NA,NA,0.298788,NA,0.699442,0
"Dc01661","locus056",1,1,1,1,0.567624,NA,1,0
"Dc01661","locus058",1,1,1,1,1,NA,0.6891,0
"Dc01661","locus060",0.53912,0.609504,NA,1,0.609504,NA,1,0
"Dc01661","locus061",1,NA,NA,NA,1,NA,1,0
"Dc01661","locus062",1,1,NA,1,0.12316,NA,1,0
"Dc01661","locus064",1,0.32236,NA,1,1,NA,1,0
"Dc01661","locus065",1,1,NA,0.71785,1,NA,1,0
"Dc01661","locus073",1,1,NA,1,1,NA,1,0
"Dc01661","locus074",1,1,1,1,1,NA,1,0
"Dc01661","locus080",1,1,NA,NA,1,NA,1,0
"Dc01661","locus083",1,NA,NA,NA,1,NA,1,0
"Dc01661","locus088",1,1,NA,NA,1,NA,1,0
"Dc01661","locus093",1,1,1,NA,1,NA,1,0
"Dc01661","locus096",1,0.82328,1,NA,1,NA,1,0
"Dc01661","locus098",1,1,NA,NA,0.65956,NA,1,0
"Dc01661","locus100",1,1,1,NA,1,NA,0.98694,0
"Dc01661","locus106",1,1,NA,NA,1,NA,1,0
"Dc01661","locus116",1,1,NA,NA,1,NA,1,0
"Dc01661","locus119",0.981666,0.783852,NA,NA,0.581368,NA,0.581368,0
"Dc01661","locus120",1,1,NA,NA,1,NA,1,0
"Dc01661","locus128",0.628568,1,NA,NA,1,NA,1,0
"Dc01661","locus129",1,1,NA,1,1,NA,1,0
"Dc01661","locus130",0.560346,NA,NA,NA,0.560346,NA,0.708562,0
"Dc01661","locus134",0.904782,1,NA,NA,0.827096,NA,1,0
"Dc01661","locus135",1,1,NA,0.71199,1,NA,1,0
"Dc01661","locus137",1,1,NA,1,1,NA,1,0
"Dc01661","locus139",1,1,NA,1,1,NA,1,0
"Dc01661","locus140",1,1,NA,1,1,NA,1,0
"Dc01661","locus146",1,1,NA,1,1,NA,0.26458,0
"Dc01661","locus148",1,1,NA,1,1,NA,1,0
"Dc01661","locus151",0.969152,NA,1,1,0.06954,NA,1,0
"Dc01661","locus157",1,NA,NA,NA,1,NA,1,0
"Dc01661","locus161",1,1,NA,1,0.40505,NA,0.533776,0
"Dc01661","locus165",1,1,NA,NA,1,NA,1,0
"Dc01661","locus170",1,1,1,1,1,NA,0.057792,0
"Dc01661","locus176",0.14601,NA,NA,NA,0.371416,NA,0.371416,0
"Dc01661","locus184",1,1,1,1,1,NA,1,0
"Dc01661","locus186",1,0.37869,NA,1,1,NA,1,0
"Dc01661","locus188",1,1,NA,NA,1,NA,1,0
"Dc01661","locus189",1,1,NA,0.404244,1,1,1,0
"Dc01661","locus190",1,1,NA,NA,1,0.24046,1,0
"Dc01661","locus191",0.908304,NA,NA,NA,1,1,1,0
"Dc01661","locus192",1,1,NA,NA,1,1,1,0
"Dc01661","locus195",0.52011,1,NA,NA,1,1,1,0
"Dc01661","locus202",1,0.708312,1,NA,1,1,0.77982,0
"Dc01661","locus215",1,NA,NA,NA,1,1,0.904504,0
"Dc01661","locus227",1,1,1,NA,1,1,1,0
"Dc01661","locus231",1,1,1,NA,1,NA,1,0
"Dc01661","locus235",0.34749,1,NA,NA,1,1,1,0
"Dc01661","locus236",1,1,NA,NA,1,1,1,0
"Dc01661","locus237",0.903808,1,NA,NA,0.12514,1,1,0
"Dc01661","locus239",1,1,NA,NA,1,1,1,0
"Dc01661","locus248",0.514312,1,NA,NA,0.49495,1,1,0
"Dc01661","locus256",1,1,NA,NA,1,1,1,0
"Dc01661","locus263",0.81204,0.81204,NA,NA,0.364456,NA,0.599244,0
"Dc01661","locus264",0.695556,0.695556,NA,NA,0.584656,NA,1,0
"Dc01661","locus274",1,1,NA,NA,1,NA,1,0
"Dc01661","locus280",0.94203,1,NA,NA,1,NA,0.67364,0
"Dc01661","locus282",1,1,NA,NA,1,NA,1,0
"Dc01661","locus286",1,1,NA,NA,1,NA,1,0
"Dc01661","locus291",1,0.389856,NA,NA,0.611088,NA,1,0
"Dc01661","locus292",1,1,NA,NA,1,NA,1,0
"Dc01661","locus296",1,1,NA,NA,1,NA,1,0
"Dc01661","locus314",1,1,NA,NA,1,NA,1,0
"Dc01661","locus321",1,1,NA,NA,1,NA,1,0
"Dc01661","locus322",0.41404,1,NA,NA,1,NA,1,0
"Dc01661","locus323",0.410296,1,NA,NA,1,NA,1,0
"Dc01661","locus329",1,0.123632,NA,NA,1,NA,1,0
"Dc01661","locus332",1,0.587008,NA,NA,1,NA,1,0
"Dc01661","locus358",1,1,NA,NA,1,NA,1,0
"Dc01661","locus359",0.971696,1,NA,NA,0.971696,NA,1,0
"Dc01661","locus360",1,1,NA,NA,1,NA,1,0
"Dc01707","Dc01784",0.721644,0.721644,0.976,NA,0.721644,0.976,0.721644,0
"Dc01707","Dc02951",1,1,1,NA,1,1,1,0
"Dc01707","Dc03456",1,1,1,NA,1,1,1,0
"Dc01707","Dc03556",1,0.20568,1,NA,1,1,1,0
"Dc01707","Dc06503",1,1,NA,NA,1,NA,1,0
"Dc01707","Dc07300",1,0.97148,NA,NA,0.19786,1,1,0
"Dc01707","Dc07937",1,1,NA,NA,1,1,1,0
"Dc01707","Dc08054",0.55937,1,NA,NA,0.902048,1,0.902048,0
"Dc01707","Dc08189",1,1,NA,NA,1,1,0.71906,0
"Dc01707","Dc08463",1,1,NA,NA,1,1,1,0
"Dc01707","Dc08865",0.39782,1,NA,NA,0.956928,1,1,0
"Dc01707","Dc10003",1,NA,NA,NA,0.276804,1,NA,0
"Dc01707","Dc10390",1,1,NA,NA,1,1,1,0
"Dc01707","Dc10878",1,1,NA,NA,1,NA,1,0
"Dc01707","Dc10885",0.90656,1,NA,NA,1,1,1,0
"Dc01707","Dc11203",1,1,NA,NA,1,1,1,0
"Dc01707","Dc11714",1,1,NA,NA,1,1,1,0
"Dc01707","Dc13159",1,1,NA,NA,0.28654,1,1,0
"Dc01707","Dc13592",0.675774,0.079,NA,NA,1,1,0.07551,0
"Dc01707","Dc14022",0.59969,1,NA,NA,1,1,1,0
"Dc01707","Dc14945",1,1,NA,NA,0.88683,1,1,0
"Dc01707","Dc16747",1,1,NA,NA,0.70938,1,1,0
"Dc01707","Dc18951",1,0.4528,NA,NA,1,1,1,0
"Dc01707","Dc20232",1,0.94733,NA,NA,1,1,1,0
"Dc01707","Dc22887",1,1,NA,NA,1,1,1,0
"Dc01707","Dc27955",0.61892,1,NA,NA,0.61892,NA,1,0
"Dc01707","Dc28124",1,1,NA,NA,1,1,1,0
"Dc01707","Dc28776",1,1,NA,NA,1,1,1,0
"Dc01707","Dc30071",0.456032,1,NA,NA,0.39598,1,1,0
"Dc01707","Dc31007",1,NA,NA,NA,0.619284,NA,1,0
"Dc01707","Dc33714",0.327824,0.923958,NA,NA,0.982644,0.923958,0.13761,0
"Dc01707","Dc33907",1,1,NA,NA,1,1,1,0
"Dc01707","Dc34902",1,1,NA,NA,1,1,1,0
"Dc01707","Dc36571",1,1,1,NA,1,1,1,0
"Dc01707","Dc36616",1,0.42156,NA,NA,0.873128,1,1,0
"Dc01707","Dc40235",1,1,NA,NA,1,1,1,0
"Dc01707","Dc41234",1,1,NA,NA,NA,NA,1,0
"Dc01707","Dc46984",1,0.72949,NA,NA,1,1,1,0
"Dc01707","Dc47572",1,1,NA,NA,1,1,1,0
"Dc01707","Dc47935",0.68186,1,NA,NA,1,1,1,0
"Dc01707","Dc48207",0.49526,1,NA,NA,1,1,1,0
"Dc01707","Dc48950",1,1,NA,NA,0.90584,1,1,0
"Dc01707","Dc49184",1,1,NA,NA,1,1,1,0
"Dc01707","Dc51020",1,1,NA,NA,1,1,1,0
"Dc01707","Dc52523",0.48424,1,NA,NA,1,1,1,0
"Dc01707","Dc55481",1,1,NA,NA,1,1,1,0
"Dc01707","Dc58248",1,1,NA,1,1,NA,1,0
"Dc01707","Dc62188",1,1,NA,1,1,NA,1,0
"Dc01707","Dc67011",1,0.782028,1,1,1,NA,1,0
"Dc01707","locus003",1,1,NA,1,1,NA,1,0
"Dc01707","locus005",1,0.815892,1,0.815892,1,NA,1,0
"Dc01707","locus006",1,1,NA,1,1,NA,1,0
"Dc01707","locus008",1,0.47863,NA,1,1,NA,1,0
"Dc01707","locus013",0.982552,1,NA,1,1,NA,0.29228,0
"Dc01707","locus014",0.55352,1,NA,1,1,NA,1,0
"Dc01707","locus022",1,1,1,1,1,NA,1,0
"Dc01707","locus024",0.20799,1,NA,1,1,NA,1,0
"Dc01707","locus025",1,1,NA,0.34033,0.900032,NA,1,0
"Dc01707","locus027",1,1,1,NA,NA,NA,NA,0
"Dc01707","locus030",1,1,NA,NA,0.753376,NA,1,0
"Dc01707","locus035",1,1,1,NA,1,NA,1,0
"Dc01707","locus038",0.790792,0.37268,1,NA,1,NA,1,0
"Dc01707","locus039",0.567174,0.567174,NA,NA,0.567174,NA,0.433344,0
"Dc01707","locus040",1,0.839832,NA,NA,1,NA,1,0
"Dc01707","locus041",1,1,NA,NA,1,NA,1,0
"Dc01707","locus047",0.70044,1,NA,NA,0.388648,NA,1,0
"Dc01707","locus048",0.513928,0.513928,NA,NA,1,NA,1,0
"Dc01707","locus053",0.313536,0.664386,NA,NA,0.744432,NA,0.778124,0
"Dc01707","locus055",1,1,NA,NA,1,NA,1,0
"Dc01707","locus056",1,1,1,1,1,NA,1,0
"Dc01707","locus058",1,1,1,1,1,NA,0.82944,0
"Dc01707","locus061",0.721832,NA,1,NA,0.74511,NA,1,0
"Dc01707","locus062",1,1,NA,1,1,NA,1,0
"Dc01707","locus064",0.784224,0.823086,NA,0.71,1,NA,1,0
"Dc01707","locus065",1,1,NA,1,1,NA,1,0
"Dc01707","locus073",1,0.73641,NA,1,0.73641,NA,1,0
"Dc01707","locus074",1,1,1,1,0.766608,NA,1,0
"Dc01707","locus076",0.916958,0.435952,NA,NA,0.237294,NA,0.1358,0
"Dc01707","locus077",1,0.97851,NA,1,1,NA,1,0
"Dc01707","locus080",1,1,NA,NA,1,NA,1,0
"Dc01707","locus083",0.131132,NA,NA,NA,0.071664,NA,0.31577,0
"Dc01707","locus088",1,1,NA,NA,1,NA,1,0
"Dc01707","locus093",1,1,1,NA,1,NA,1,0
"Dc01707","locus098",1,0.592176,NA,NA,1,NA,1,0
"Dc01707","locus100",1,0.83998,1,NA,1,NA,1,0
"Dc01707","locus106",0.962412,0.962412,NA,NA,0.531968,NA,0.962412,0
"Dc01707","locus116",1,0.293632,NA,NA,1,NA,1,0
"Dc01707","locus119",0.287432,0.483356,NA,NA,0.388752,NA,0.483356,0
"Dc01707","locus120",1,1,NA,NA,0.788944,NA,0.788944,0
"Dc01707","locus128",0.087352,0.15972,NA,NA,0.471548,NA,0.711894,0
"Dc01707","locus129",1,0.61649,NA,1,1,NA,1,0
"Dc01707","locus130",0.613038,NA,NA,NA,0.845192,NA,0.82268,0
"Dc01707","locus134",1,1,1,NA,1,NA,1,0
"Dc01707","locus135",1,1,NA,1,1,NA,1,0
"Dc01707","locus137",1,1,NA,1,1,NA,1,0
"Dc01707","locus139",1,1,NA,1,1,NA,1,0
"Dc01707","locus140",1,1,NA,1,1,NA,1,0
"Dc01707","locus146",0.7598,1,NA,1,1,NA,1,0
"Dc01707","locus148",1,1,NA,1,1,NA,1,0
"Dc01707","locus151",0.38981,NA,1,1,1,NA,1,0
"Dc01707","locus157",0.681108,NA,NA,NA,0.13179,NA,0.71643,0
"Dc01707","locus161",0.861408,0.314864,NA,1,0.18489,NA,0.823182,0
"Dc01707","locus165",1,1,NA,NA,1,NA,1,0
"Dc01707","locus170",1,0.52863,1,1,0.52863,NA,0.341184,0
"Dc01707","locus176",1,NA,NA,NA,1,NA,1,0
"Dc01707","locus184",1,1,1,0.852084,1,NA,1,0
"Dc01707","locus186",0.991188,0.991188,NA,0.991188,0.62548,NA,0.42313,0
"Dc01707","locus188",1,1,NA,NA,0.174424,NA,1,0
"Dc01707","locus189",1,1,NA,1,0.805272,1,1,0
"Dc01707","locus190",1,1,NA,NA,1,1,0.68663,0
"Dc01707","locus191",1,NA,NA,NA,1,1,1,0
"Dc01707","locus192",1,1,NA,NA,1,1,1,0
"Dc01707","locus195",0.35013,1,NA,NA,0.602232,1,1,0
"Dc01707","locus202",0.594456,1,1,NA,1,1,0.87479,0
"Dc01707","locus227",0.62902,0.18564,1,NA,1,1,1,0
"Dc01707","locus231",0.894208,0.915188,NA,NA,0.915188,NA,0.894208,0
"Dc01707","locus235",1,0.17995,NA,NA,1,1,1,0
"Dc01707","locus236",1,1,NA,NA,0.64385,1,1,0
"Dc01707","locus237",1,1,NA,NA,0.73014,1,1,0
"Dc01707","locus239",1,1,NA,NA,1,1,1,0
"Dc01707","locus248",1,1,NA,NA,1,1,0.68643,0
"Dc01707","locus256",1,1,NA,NA,1,1,1,0
"Dc01707","locus263",1,1,NA,NA,1,NA,1,0
"Dc01707","locus264",1,1,NA,NA,0.745152,NA,1,0
"Dc01707","locus274",0.764024,0.764024,NA,NA,0.764024,NA,0.807778,0
"Dc01707","locus280",0.901668,0.468726,NA,NA,0.712652,NA,0.235848,0
"Dc01707","locus282",0.708672,1,NA,NA,1,NA,1,0
"Dc01707","locus286",1,1,NA,NA,1,NA,1,0
"Dc01707","locus291",0.757204,0.595926,NA,NA,0.06068,NA,0.757204,0
"Dc01707","locus292",1,1,NA,NA,0.836464,NA,1,0
"Dc01707","locus296",0.807096,1,NA,NA,0.807096,NA,1,0
"Dc01707","locus301",1,1,NA,NA,1,NA,1,0
"Dc01707","locus314",1,1,NA,NA,1,NA,1,0
"Dc01707","locus321",1,1,NA,NA,1,NA,1,0
"Dc01707","locus322",0.91848,0.91848,NA,NA,0.91848,NA,1,0
"Dc01707","locus323",1,0.185144,NA,NA,1,NA,1,0
"Dc01707","locus329",0.144272,0.728544,NA,NA,0.776416,NA,0.776416,0
"Dc01707","locus332",1,0.812658,NA,NA,0.220312,NA,1,0
"Dc01707","locus358",1,1,NA,NA,0.18896,NA,1,0
"Dc01707","locus359",1,1,NA,NA,1,NA,1,0
"Dc01707","locus360",1,1,NA,NA,1,NA,1,0
"Dc01784","Dc02951",1,1,1,NA,1,1,0.304356,0
"Dc01784","Dc03456",0.491208,1,1,NA,1,1,1,0
"Dc01784","Dc03556",1,1,1,NA,1,1,1,0
"Dc01784","Dc06503",1,1,NA,NA,1,NA,1,0
"Dc01784","Dc07300",1,1,NA,NA,1,0.41769,1,0
"Dc01784","Dc07937",1,0.79606,NA,NA,1,1,1,0
"Dc01784","Dc08054",0.749118,1,NA,NA,0.35688,1,0.35688,0
"Dc01784","Dc08189",0.88946,0.88946,NA,NA,0.88946,0.88946,0.88946,0
"Dc01784","Dc08463",1,1,NA,NA,1,1,1,0
"Dc01784","Dc08865",1,1,NA,NA,1,1,1,0
"Dc01784","Dc10003",1,NA,NA,NA,1,1,NA,0
"Dc01784","Dc10390",1,0.28612,NA,NA,1,1,1,0
"Dc01784","Dc10878",1,0.893096,NA,NA,1,NA,1,0
"Dc01784","Dc10885",1,1,NA,NA,1,1,1,0
"Dc01784","Dc11203",1,0.25467,NA,NA,1,1,1,0
"Dc01784","Dc11714",1,1,NA,NA,0.19562,1,1,0
"Dc01784","Dc13159",1,1,NA,NA,0.99632,1,1,0
"Dc01784","Dc13592",1,1,NA,NA,1,1,1,0
"Dc01784","Dc14022",1,0.77537,NA,NA,1,1,1,0
"Dc01784","Dc14945",1,1,NA,NA,0.66984,1,1,0
"Dc01784","Dc16747",1,1,NA,NA,1,1,1,0
"Dc01784","Dc18951",1,1,NA,NA,0.76931,1,1,0
"Dc01784","Dc20232",1,1,NA,NA,1,1,1,0
"Dc01784","Dc22883",1,1,NA,NA,1,NA,1,0
"Dc01784","Dc22887",0.30442,0.881748,NA,NA,0.30442,1,1,0
"Dc01784","Dc27955",1,1,NA,1,0.40419,NA,1,0
"Dc01784","Dc28776",1,0.92832,NA,NA,1,1,1,0
"Dc01784","Dc30071",1,0.62846,NA,NA,1,1,1,0
"Dc01784","Dc31007",1,NA,NA,NA,1,NA,1,0
"Dc01784","Dc33714",1,1,NA,NA,1,1,0.7715,0
"Dc01784","Dc33907",1,1,NA,NA,1,1,1,0
"Dc01784","Dc34902",1,1,NA,NA,1,1,1,0
"Dc01784","Dc35779",0.138,1,NA,NA,1,1,1,0
"Dc01784","Dc36571",1,1,1,NA,1,1,1,0
"Dc01784","Dc36616",1,0.30099,NA,NA,1,1,1,0
"Dc01784","Dc40235",1,1,NA,NA,1,1,1,0
"Dc01784","Dc41234",0.894052,0.736938,NA,NA,NA,NA,1,0
"Dc01784","Dc46984",1,1,NA,NA,1,1,1,0
"Dc01784","Dc47572",1,1,NA,NA,1,1,1,0
"Dc01784","Dc48207",0.5268,1,NA,NA,1,1,1,0
"Dc01784","Dc48950",1,1,NA,NA,1,1,1,0
"Dc01784","Dc49080",1,1,1,NA,0.761148,1,1,0
"Dc01784","Dc49184",1,1,NA,NA,0.79242,1,1,0
"Dc01784","Dc51020",1,1,NA,NA,1,1,1,0
"Dc01784","Dc52523",1,1,NA,NA,0.836256,1,0.27253,0
"Dc01784","Dc55481",1,1,NA,1,1,1,1,0
"Dc01784","Dc58248",1,1,NA,1,1,NA,1,0
"Dc01784","Dc62188",1,1,1,1,1,NA,1,0
"Dc01784","Dc67011",0.233172,1,1,1,1,NA,1,0
"Dc01784","locus003",1,1,NA,1,0.24649,NA,1,0
"Dc01784","locus004",1,1,NA,1,0.80638,NA,1,0
"Dc01784","locus005",1,1,1,1,1,NA,1,0
"Dc01784","locus006",1,1,NA,1,1,NA,1,0
"Dc01784","locus008",1,1,NA,1,1,NA,0.51048,0
"Dc01784","locus013",0.47934,1,NA,1,1,NA,1,0
"Dc01784","locus014",1,1,NA,1,1,NA,1,0
"Dc01784","locus022",0.782388,1,1,1,1,NA,1,0
"Dc01784","locus024",1,1,NA,1,0.4787,NA,1,0
"Dc01784","locus025",1,1,NA,1,1,NA,1,0
"Dc01784","locus027",0.756408,0.452992,NA,NA,NA,NA,NA,0
"Dc01784","locus030",0.466968,1,NA,NA,1,NA,1,0
"Dc01784","locus035",0.73294,0.73294,1,NA,0.73294,NA,1,0
"Dc01784","locus038",0.05152,0.377024,1,NA,1,NA,1,0
"Dc01784","locus039",1,1,NA,NA,1,NA,1,0
"Dc01784","locus040",0.833226,0.346952,NA,NA,1,NA,1,0
"Dc01784","locus041",0.572352,0.572352,NA,NA,0.572352,NA,1,0
"Dc01784","locus045",0.879148,0.619062,NA,NA,0.286328,NA,1,0
"Dc01784","locus047",1,1,NA,NA,0.223384,NA,1,0
"Dc01784","locus048",0.877416,1,NA,NA,1,NA,1,0
"Dc01784","locus053",1,1,NA,NA,1,NA,1,0
"Dc01784","locus055",1,1,NA,NA,0.246344,NA,0.490632,0
"Dc01784","locus056",1,1,1,1,0.845832,NA,1,0
"Dc01784","locus058",1,1,1,1,1,NA,1,0
"Dc01784","locus060",1,1,NA,1,1,NA,1,0
"Dc01784","locus061",0.79978,NA,NA,NA,0.49575,NA,1,0
"Dc01784","locus062",0.59185,0.637232,NA,1,0.637232,NA,1,0
"Dc01784","locus064",1,0.39135,NA,1,0.439856,NA,1,0
"Dc01784","locus065",1,0.94101,NA,1,1,NA,1,0
"Dc01784","locus073",1,0.88345,NA,1,1,NA,1,0
"Dc01784","locus074",1,1,1,1,1,NA,1,0
"Dc01784","locus076",1,1,NA,NA,1,NA,0.611976,0
"Dc01784","locus077",1,1,NA,1,1,NA,1,0
"Dc01784","locus080",0.168296,0.40926,NA,NA,1,NA,1,0
"Dc01784","locus083",1,NA,NA,NA,0.213972,NA,1,0
"Dc01784","locus088",0.470352,0.76925,NA,NA,0.464628,NA,0.185048,0
"Dc01784","locus093",1,1,1,NA,1,NA,1,0
"Dc01784","locus096",1,1,0.996256,NA,1,NA,0.51488,0
"Dc01784","locus098",1,1,NA,NA,1,NA,1,0
"Dc01784","locus100",0.88856,0.88856,1,NA,1,NA,0.88856,0
"Dc01784","locus106",1,1,NA,NA,1,NA,1,0
"Dc01784","locus116",1,1,NA,NA,1,NA,1,0
"Dc01784","locus119",1,1,NA,NA,1,NA,1,0
"Dc01784","locus120",1,1,NA,NA,1,NA,1,0
"Dc01784","locus128",0.60981,0.992632,NA,0.992632,1,NA,1,0
"Dc01784","locus129",1,1,NA,1,0.26945,NA,1,0
"Dc01784","locus130",0.935144,NA,NA,NA,0.180582,NA,1,0
"Dc01784","locus134",1,1,NA,NA,1,NA,1,0
"Dc01784","locus135",1,0.18072,NA,1,1,NA,1,0
"Dc01784","locus137",1,1,NA,1,1,NA,0.18591,0
"Dc01784","locus139",1,0.06226,NA,1,1,NA,1,0
"Dc01784","locus140",1,0.06138,NA,1,1,NA,1,0
"Dc01784","locus146",0.52741,1,NA,1,1,NA,1,0
"Dc01784","locus148",1,1,NA,1,1,NA,1,0
"Dc01784","locus151",0.980104,NA,1,1,0.28567,NA,1,0
"Dc01784","locus157",0.79209,NA,NA,NA,1,NA,1,0
"Dc01784","locus161",1,1,NA,1,1,NA,1,0
"Dc01784","locus165",1,1,NA,NA,1,NA,0.085264,0
"Dc01784","locus170",0.37038,0.52868,1,1,1,NA,0.651592,0
"Dc01784","locus176",0.09999,NA,NA,NA,0.866024,NA,0.866024,0
"Dc01784","locus184",1,0.416304,1,1,1,NA,1,0
"Dc01784","locus188",0.113176,1,NA,NA,0.419046,NA,1,0
"Dc01784","locus189",1,1,NA,1,0.242196,1,1,0
"Dc01784","locus190",0.326,1,NA,NA,1,1,0.40832,0
"Dc01784","locus191",1,NA,NA,NA,1,1,1,0
"Dc01784","locus192",1,1,NA,NA,1,1,0.20756,0
"Dc01784","locus195",1,1,NA,NA,1,1,1,0
"Dc01784","locus202",1,1,1,NA,1,0.857496,1,0
"Dc01784","locus215",1,NA,NA,NA,0.606824,1,1,0
"Dc01784","locus227",1,1,1,NA,0.60948,1,1,0
"Dc01784","locus231",0.76308,1,NA,NA,1,NA,0.76308,0
"Dc01784","locus235",0.542336,0.542336,NA,NA,0.45103,1,1,0
"Dc01784","locus236",1,1,NA,NA,1,1,0.51496,0
"Dc01784","locus237",0.814632,0.814632,NA,NA,0.814632,0.814632,0.47512,0
"Dc01784","locus239",1,1,NA,NA,1,1,1,0
"Dc01784","locus248",0.08072,1,NA,NA,1,0.572448,1,0
"Dc01784","locus263",1,1,NA,NA,1,NA,1,0
"Dc01784","locus264",1,1,NA,NA,1,NA,1,0
"Dc01784","locus274",1,1,NA,NA,0.654174,NA,0.277976,0
"Dc01784","locus280",1,0.920664,NA,NA,0.920664,NA,0.320744,0
"Dc01784","locus282",0.93621,0.630872,NA,NA,1,NA,1,0
"Dc01784","locus286",0.095856,1,NA,NA,0.9262,NA,0.209142,0
"Dc01784","locus291",1,1,NA,NA,0.097304,NA,1,0
"Dc01784","locus292",1,1,NA,NA,0.940088,NA,1,0
"Dc01784","locus296",1,1,NA,NA,1,NA,1,0
"Dc01784","locus301",1,1,1,NA,1,NA,1,0
"Dc01784","locus314",1,1,NA,NA,0.578208,NA,1,0
"Dc01784","locus321",1,1,NA,NA,0.859136,NA,0.859136,0
"Dc01784","locus322",1,0.505256,NA,NA,1,NA,1,0
"Dc01784","locus323",1,1,NA,NA,1,NA,0.82672,0
"Dc01784","locus329",1,1,NA,NA,1,NA,1,0
"Dc01784","locus332",1,0.606656,NA,NA,1,NA,1,0
"Dc01784","locus358",1,1,NA,NA,1,NA,1,0
"Dc01784","locus359",0.63808,0.536748,NA,NA,0.257528,NA,1,0
"Dc01784","locus360",0.755568,1,NA,NA,1,NA,1,0
"Dc02951","Dc03456",0.393552,1,1,NA,1,1,0.72361,0
"Dc02951","Dc03556",1,1,1,NA,1,1,1,0
"Dc02951","Dc06503",1,1,NA,NA,1,NA,1,0
"Dc02951","Dc07300",1,1,NA,NA,1,1,1,0
"Dc02951","Dc07937",1,0.75695,NA,NA,0.75695,1,1,0
"Dc02951","Dc08054",0.20259,1,NA,NA,0.449824,1,1,0
"Dc02951","Dc08189",0.56326,1,NA,NA,1,1,1,0
"Dc02951","Dc08865",1,1,NA,NA,0.96936,1,0.07668,0
"Dc02951","Dc10003",1,NA,NA,NA,1,1,NA,0
"Dc02951","Dc10390",1,0.50464,NA,NA,1,1,1,0
"Dc02951","Dc10885",1,1,NA,NA,1,1,1,0
"Dc02951","Dc11203",0.35127,1,NA,NA,0.89328,1,1,0
"Dc02951","Dc11714",0.6201,0.6201,NA,NA,0.6201,1,1,0
"Dc02951","Dc13159",1,0.33495,NA,NA,1,0.802704,1,0
"Dc02951","Dc13592",1,0.5208,NA,NA,1,1,1,0
"Dc02951","Dc14022",1,1,NA,NA,1,1,1,0
"Dc02951","Dc14945",1,1,NA,NA,0.2865,1,1,0
"Dc02951","Dc16747",0.08994,1,NA,NA,1,1,1,0
"Dc02951","Dc18951",1,1,NA,NA,1,1,1,0
"Dc02951","Dc20232",1,1,NA,NA,1,1,1,0
"Dc02951","Dc22883",0.91832,0.91832,NA,NA,1,NA,1,0
"Dc02951","Dc22887",1,1,NA,NA,1,1,0.56084,0
"Dc02951","Dc27955",0.706776,1,NA,1,0.58293,NA,1,0
"Dc02951","Dc28124",1,1,NA,NA,1,1,1,0
"Dc02951","Dc28776",1,1,NA,NA,1,1,1,0
"Dc02951","Dc30071",1,1,NA,NA,1,1,1,0
"Dc02951","Dc31007",1,NA,NA,NA,0.121164,NA,1,0
"Dc02951","Dc33714",1,1,1,NA,1,0.85212,1,0
"Dc02951","Dc33907",0.801988,0.801988,NA,NA,0.3791,0.66772,0.742914,0
"Dc02951","Dc34902",0.88916,0.822,NA,NA,1,1,1,0
"Dc02951","Dc35779",1,1,NA,NA,1,1,0.85715,0
"Dc02951","Dc36571",1,1,1,NA,1,1,1,0
"Dc02951","Dc36616",1,0.72889,NA,NA,1,1,1,0
"Dc02951","Dc40235",1,1,NA,NA,1,1,1,0
"Dc02951","Dc41234",1,1,NA,NA,NA,NA,1,0
"Dc02951","Dc46984",1,1,NA,NA,1,1,0.81002,0
"Dc02951","Dc47572",1,0.598176,NA,NA,0.05223,1,1,0
"Dc02951","Dc47935",1,1,NA,NA,1,1,1,0
"Dc02951","Dc48207",0.71204,0.71204,NA,NA,0.71204,0.71204,1,0
"Dc02951","Dc48950",1,0.29285,NA,NA,0.29285,1,1,0
"Dc02951","Dc49080",1,1,1,NA,1,1,1,0
"Dc02951","Dc49184",1,1,NA,NA,1,1,1,0
"Dc02951","Dc51020",1,1,NA,NA,0.68876,1,1,0
"Dc02951","Dc52523",1,1,NA,NA,0.88638,1,1,0
"Dc02951","Dc55481",0.660204,1,NA,0.996336,1,1,0.74261,0
"Dc02951","Dc58248",0.346224,0.52191,NA,1,0.29527,NA,1,0
"Dc02951","Dc62188",1,1,NA,1,1,NA,1,0
"Dc02951","Dc67011",1,1,1,1,0.78184,NA,0.733476,0
"Dc02951","locus003",1,1,NA,1,1,NA,1,0
"Dc02951","locus004",0.79415,0.832936,NA,1,1,NA,1,0
"Dc02951","locus005",0.167772,1,1,1,1,NA,1,0
"Dc02951","locus006",1,1,NA,1,1,NA,1,0
"Dc02951","locus008",0.37509,1,NA,1,1,NA,1,0
"Dc02951","locus013",0.4093,0.4093,NA,1,1,NA,1,0
"Dc02951","locus024",1,1,NA,1,1,NA,1,0
"Dc02951","locus025",1,0.96573,NA,1,1,NA,1,0
"Dc02951","locus027",1,1,NA,NA,NA,NA,NA,0
"Dc02951","locus030",0.937916,0.05456,NA,NA,0.754416,NA,1,0
"Dc02951","locus035",1,0.98027,1,NA,1,NA,1,0
"Dc02951","locus038",1,1,1,NA,1,NA,1,0
"Dc02951","locus039",1,1,NA,NA,1,NA,1,0
"Dc02951","locus040",1,1,NA,NA,1,NA,1,0
"Dc02951","locus041",1,1,NA,NA,1,NA,1,0
"Dc02951","locus045",1,1,NA,NA,0.080896,NA,1,0
"Dc02951","locus047",0.183352,0.717138,NA,NA,1,NA,1,0
"Dc02951","locus048",1,1,NA,NA,1,NA,1,0
"Dc02951","locus053",1,1,NA,NA,1,NA,1,0
"Dc02951","locus055",1,1,NA,NA,0.432816,NA,0.421168,0
"Dc02951","locus056",1,1,1,1,1,NA,1,0
"Dc02951","locus058",1,1,1,1,1,NA,1,0
"Dc02951","locus060",1,1,NA,1,1,NA,1,0
"Dc02951","locus061",1,NA,NA,NA,1,NA,1,0
"Dc02951","locus062",1,1,NA,1,1,NA,1,0
"Dc02951","locus064",1,1,NA,1,1,NA,1,0
"Dc02951","locus065",1,1,NA,1,1,NA,1,0
"Dc02951","locus073",1,1,NA,1,1,NA,1,0
"Dc02951","locus074",1,0.357048,1,1,1,NA,1,0
"Dc02951","locus076",0.826494,0.41223,NA,NA,0.41223,NA,0.06836,0
"Dc02951","locus077",1,1,NA,1,1,NA,1,0
"Dc02951","locus080",1,1,NA,NA,1,NA,1,0
"Dc02951","locus083",0.168582,NA,NA,NA,1,NA,1,0
"Dc02951","locus088",1,0.13844,NA,NA,1,NA,1,0
"Dc02951","locus093",1,1,1,NA,1,NA,1,0
"Dc02951","locus096",1,1,1,NA,1,NA,1,0
"Dc02951","locus098",1,0.968184,NA,NA,1,NA,0.968184,0
"Dc02951","locus100",1,0.65466,1,NA,1,NA,1,0
"Dc02951","locus106",0.506672,0.525306,NA,NA,0.888416,NA,0.888416,0
"Dc02951","locus116",1,1,NA,NA,1,NA,1,0
"Dc02951","locus119",0.338808,0.983964,NA,NA,1,NA,1,0
"Dc02951","locus120",1,1,NA,NA,1,NA,1,0
"Dc02951","locus128",1,1,NA,1,1,NA,1,0
"Dc02951","locus130",0.50118,NA,NA,NA,0.41376,NA,0.50118,0
"Dc02951","locus135",1,1,NA,1,1,NA,1,0
"Dc02951","locus137",1,1,NA,1,1,NA,1,0
"Dc02951","locus139",1,1,NA,1,1,NA,1,0
"Dc02951","locus140",1,1,NA,1,1,NA,1,0
"Dc02951","locus146",1,0.67877,NA,1,1,NA,1,0
"Dc02951","locus148",0.92096,0.65063,NA,1,1,NA,0.92096,0
"Dc02951","locus151",1,NA,1,1,1,NA,1,0
"Dc02951","locus157",1,NA,NA,NA,1,NA,1,0
"Dc02951","locus161",1,1,NA,1,1,NA,0.53523,0
"Dc02951","locus165",0.083928,0.323448,NA,NA,0.364102,NA,0.083928,0
"Dc02951","locus170",1,1,1,0.56658,1,NA,1,0
"Dc02951","locus176",0.178668,NA,NA,NA,0.990412,NA,0.990412,0
"Dc02951","locus184",0.31452,1,1,1,1,NA,1,0
"Dc02951","locus186",1,1,NA,1,1,NA,0.38873,0
"Dc02951","locus188",1,1,NA,NA,1,NA,1,0
"Dc02951","locus189",1,1,NA,1,1,1,1,0
"Dc02951","locus190",1,1,NA,NA,1,1,1,0
"Dc02951","locus191",0.273378,NA,NA,NA,1,1,0.100296,0
"Dc02951","locus192",1,1,NA,NA,1,1,1,0
"Dc02951","locus195",1,0.8767,NA,NA,1,1,1,0
"Dc02951","locus202",0.062808,1,1,NA,1,1,1,0
"Dc02951","locus215",1,NA,NA,NA,1,1,1,0
"Dc02951","locus227",1,1,1,NA,1,1,1,0
"Dc02951","locus231",1,0.746656,NA,NA,0.820908,NA,1,0
"Dc02951","locus235",0.647304,0.741138,NA,NA,0.25691,1,1,0
"Dc02951","locus236",0.28383,1,NA,NA,1,1,1,0
"Dc02951","locus237",1,1,NA,NA,1,1,0.11143,0
"Dc02951","locus239",1,1,NA,NA,0.14877,1,1,0
"Dc02951","locus248",1,1,NA,NA,1,1,1,0
"Dc02951","locus263",1,1,NA,NA,1,NA,1,0
"Dc02951","locus264",0.052064,0.59691,NA,NA,0.969312,NA,0.969312,0
"Dc02951","locus274",1,0.111162,NA,NA,1,NA,0.076832,0
"Dc02951","locus280",1,1,NA,NA,1,NA,1,0
"Dc02951","locus282",1,0.274648,NA,NA,1,NA,0.838146,0
"Dc02951","locus286",0.66829,0.108512,NA,NA,0.108512,NA,0.144372,0
"Dc02951","locus291",0.703824,1,NA,NA,1,NA,1,0
"Dc02951","locus292",1,0.78004,NA,NA,0.78004,NA,1,0
"Dc02951","locus296",1,0.989992,NA,NA,1,NA,1,0
"Dc02951","locus301",1,1,1,NA,1,NA,1,0
"Dc02951","locus314",1,1,NA,NA,1,NA,1,0
"Dc02951","locus321",0.333432,0.333432,NA,NA,0.333432,NA,0.333432,0
"Dc02951","locus322",1,1,NA,NA,0.471416,NA,1,0
"Dc02951","locus323",1,1,NA,NA,1,NA,1,0
"Dc02951","locus329",1,1,NA,NA,1,NA,1,0
"Dc02951","locus332",1,0.556216,NA,NA,1,NA,1,0
"Dc02951","locus358",1,1,NA,NA,0.824024,NA,1,0
"Dc02951","locus359",0.532168,0.67377,NA,NA,0.596324,NA,0.532168,0
"Dc02951","locus360",1,1,NA,NA,0.132224,NA,1,0
"Dc03456","Dc03556",1,1,1,NA,1,1,1,0
"Dc03456","Dc06503",0.806412,0.380728,NA,NA,0.806412,NA,0.806412,0
"Dc03456","Dc07300",1,0.394664,NA,NA,0.19771,1,1,0
"Dc03456","Dc07937",1,1,NA,NA,1,1,1,0
"Dc03456","Dc08054",1,1,NA,NA,1,1,1,0
"Dc03456","Dc08189",0.58426,1,NA,NA,1,0.785632,1,0
"Dc03456","Dc08463",0.21309,0.631448,NA,NA,0.992916,1,1,0
"Dc03456","Dc10003",1,NA,NA,NA,1,1,NA,0
"Dc03456","Dc10390",0.32413,1,NA,NA,0.635826,1,0.32413,0
"Dc03456","Dc10878",1,1,NA,NA,1,NA,1,0
"Dc03456","Dc10885",1,0.61746,NA,NA,1,1,1,0
"Dc03456","Dc11203",0.15932,1,NA,NA,1,1,1,0
"Dc03456","Dc11714",1,1,NA,NA,0.57291,0.797872,1,0
"Dc03456","Dc13159",1,1,NA,NA,1,1,1,0
"Dc03456","Dc13592",1,1,NA,NA,1,1,1,0
"Dc03456","Dc14022",1,1,NA,NA,1,1,1,0
"Dc03456","Dc14945",0.845248,1,NA,NA,0.28683,1,1,0
"Dc03456","Dc16747",1,0.870024,NA,NA,1,1,0.10295,0
"Dc03456","Dc18951",0.25847,0.825784,NA,NA,0.25847,0.376572,0.825784,0
"Dc03456","Dc20232",1,1,NA,NA,0.29743,1,1,0
"Dc03456","Dc22883",0.33708,1,NA,NA,1,NA,1,0
"Dc03456","Dc22887",0.20843,0.671324,NA,NA,0.50284,0.671324,0.552432,0
"Dc03456","Dc27955",0.829104,0.880238,NA,0.829104,0.829104,NA,0.30346,0
"Dc03456","Dc28124",1,1,NA,NA,1,1,1,0
"Dc03456","Dc28776",1,1,NA,NA,1,1,1,0
"Dc03456","Dc30071",0.85228,1,NA,NA,1,1,1,0
"Dc03456","Dc31007",0.654036,NA,NA,NA,1,NA,1,0
"Dc03456","Dc33714",1,0.58837,NA,NA,1,1,1,0
"Dc03456","Dc33907",0.552512,0.604026,NA,NA,0.24495,1,1,0
"Dc03456","Dc34902",1,1,NA,NA,1,1,1,0
"Dc03456","Dc35779",0.807112,0.24588,NA,NA,0.92224,0.661872,0.799482,0
"Dc03456","Dc36571",1,1,1,NA,1,1,1,0
"Dc03456","Dc36616",1,1,NA,NA,1,1,1,0
"Dc03456","Dc41234",1,0.351864,NA,NA,NA,NA,1,0
"Dc03456","Dc46984",1,1,NA,NA,1,1,1,0
"Dc03456","Dc47572",1,1,NA,NA,1,1,1,0
"Dc03456","Dc47935",1,1,NA,NA,0.67548,1,1,0
"Dc03456","Dc48207",1,1,NA,NA,1,1,1,0
"Dc03456","Dc48950",1,1,NA,NA,1,1,1,0
"Dc03456","Dc49080",1,0.76285,1,NA,1,1,0.3837,0
"Dc03456","Dc49184",1,1,NA,NA,1,1,1,0
"Dc03456","Dc51020",1,1,NA,NA,1,1,1,0
"Dc03456","Dc52523",1,0.27306,NA,NA,1,1,1,0
"Dc03456","Dc55481",0.15594,1,NA,1,1,1,1,0
"Dc03456","Dc58248",1,1,NA,0.28736,0.675872,NA,1,0
"Dc03456","Dc62188",1,1,NA,1,1,NA,1,0
"Dc03456","Dc67011",1,1,1,1,0.610308,NA,1,0
"Dc03456","locus003",1,1,NA,1,1,NA,1,0
"Dc03456","locus004",0.9048,1,NA,1,1,NA,1,0
"Dc03456","locus005",1,1,1,1,1,NA,0.373296,0
"Dc03456","locus006",1,1,NA,1,1,NA,1,0
"Dc03456","locus008",0.24999,0.38672,NA,1,0.38672,NA,1,0
"Dc03456","locus013",1,1,NA,1,1,NA,1,0
"Dc03456","locus022",0.430608,1,1,1,1,NA,1,0
"Dc03456","locus024",1,1,NA,1,1,NA,0.28977,0
"Dc03456","locus025",1,1,NA,1,0.77924,NA,1,0
"Dc03456","locus027",0.182724,0.604856,NA,NA,NA,NA,NA,0
"Dc03456","locus030",1,1,NA,NA,1,NA,1,0
"Dc03456","locus035",1,1,1,NA,1,NA,1,0
"Dc03456","locus038",1,1,1,NA,1,NA,1,0
"Dc03456","locus039",0.897906,1,NA,NA,0.881528,NA,1,0
"Dc03456","locus040",1,1,NA,NA,1,NA,1,0
"Dc03456","locus041",1,1,NA,NA,1,NA,1,0
"Dc03456","locus045",1,0.296616,NA,NA,1,NA,1,0
"Dc03456","locus047",0.165714,1,NA,NA,1,NA,0.081592,0
"Dc03456","locus048",0.352272,1,NA,NA,1,NA,1,0
"Dc03456","locus053",1,0.979544,NA,NA,1,NA,1,0
"Dc03456","locus055",1,0.890784,NA,NA,1,NA,1,0
"Dc03456","locus056",1,1,1,1,0.745464,NA,1,0
"Dc03456","locus058",1,1,1,1,1,NA,1,0
"Dc03456","locus060",1,1,NA,1,1,NA,1,0
"Dc03456","locus061",1,NA,NA,NA,1,NA,1,0
"Dc03456","locus062",1,1,NA,1,1,NA,1,0
"Dc03456","locus064",1,1,NA,1,0.10984,NA,1,0
"Dc03456","locus065",1,1,NA,0.71373,0.797808,NA,0.797808,0
"Dc03456","locus073",0.18004,1,NA,1,0.526752,NA,1,0
"Dc03456","locus074",1,1,1,1,1,NA,1,0
"Dc03456","locus076",0.421242,0.710828,NA,NA,0.41324,NA,0.710828,0
"Dc03456","locus077",1,1,NA,1,1,NA,1,0
"Dc03456","locus080",0.266628,0.06344,NA,NA,0.266628,NA,0.238212,0
"Dc03456","locus083",1,NA,NA,NA,1,NA,1,0
"Dc03456","locus088",0.838184,0.822424,NA,NA,0.822424,NA,1,0
"Dc03456","locus093",0.42473,1,1,NA,1,NA,1,0
"Dc03456","locus096",1,1,1,NA,1,NA,1,0
"Dc03456","locus098",1,1,NA,NA,1,NA,1,0
"Dc03456","locus100",0.51215,1,0.999366,NA,0.51215,NA,1,0
"Dc03456","locus106",1,1,NA,NA,1,NA,1,0
"Dc03456","locus116",1,1,NA,NA,1,NA,1,0
"Dc03456","locus119",1,1,NA,NA,1,NA,1,0
"Dc03456","locus120",0.558858,0.151472,NA,NA,0.563404,NA,0.563404,0
"Dc03456","locus128",1,0.86719,NA,1,0.86719,NA,1,0
"Dc03456","locus129",1,1,NA,1,0.64768,NA,1,0
"Dc03456","locus130",0.509808,NA,NA,NA,0.496332,NA,1,0
"Dc03456","locus134",1,1,NA,NA,1,NA,1,0
"Dc03456","locus135",1,0.78027,NA,1,1,NA,1,0
"Dc03456","locus137",0.44424,1,NA,1,1,NA,1,0
"Dc03456","locus139",0.578456,1,NA,1,0.23338,NA,1,0
"Dc03456","locus140",0.589032,1,NA,1,0.23711,NA,1,0
"Dc03456","locus146",1,1,NA,1,1,NA,0.37881,0
"Dc03456","locus148",0.53493,0.682352,NA,1,0.682352,NA,0.821144,0
"Dc03456","locus151",1,NA,1,1,1,NA,1,0
"Dc03456","locus161",1,1,NA,1,1,NA,0.99768,0
"Dc03456","locus165",1,0.389,NA,NA,1,NA,1,0
"Dc03456","locus170",0.872436,1,1,1,1,NA,1,0
"Dc03456","locus176",1,NA,NA,NA,1,NA,1,0
"Dc03456","locus184",1,1,1,1,1,NA,1,0
"Dc03456","locus186",1,0.10666,NA,1,1,NA,1,0
"Dc03456","locus188",1,1,NA,NA,1,NA,1,0
"Dc03456","locus189",1,1,NA,0.99756,1,0.684948,1,0
"Dc03456","locus190",1,1,NA,NA,1,1,1,0
"Dc03456","locus191",1,NA,NA,NA,1,0.491496,0.626178,0
"Dc03456","locus192",1,1,NA,NA,0.98698,1,1,0
"Dc03456","locus195",1,1,NA,NA,1,1,1,0
"Dc03456","locus202",1,1,1,NA,0.997356,1,1,0
"Dc03456","locus215",1,NA,NA,NA,0.724944,1,0.161216,0
"Dc03456","locus227",1,1,1,NA,1,1,1,0
"Dc03456","locus231",1,1,NA,NA,1,NA,0.347608,0
"Dc03456","locus235",1,1,NA,NA,1,1,1,0
"Dc03456","locus236",1,1,NA,NA,1,1,1,0
"Dc03456","locus237",0.675544,0.20987,NA,NA,1,1,1,0
"Dc03456","locus239",1,1,NA,NA,1,0.61455,1,0
"Dc03456","locus248",1,1,NA,NA,1,1,1,0
"Dc03456","locus256",0.62108,1,NA,NA,0.80728,0.80728,1,0
"Dc03456","locus263",0.542568,0.542568,NA,NA,0.934408,NA,0.934408,0
"Dc03456","locus264",1,0.575768,NA,NA,0.575768,NA,1,0
"Dc03456","locus274",1,0.393464,NA,NA,1,NA,1,0
"Dc03456","locus280",1,1,NA,NA,1,NA,1,0
"Dc03456","locus282",1,1,NA,NA,0.853424,NA,1,0
"Dc03456","locus286",1,1,NA,NA,0.509088,NA,1,0
"Dc03456","locus291",1,1,NA,NA,1,NA,1,0
"Dc03456","locus292",1,0.497728,NA,NA,1,NA,1,0
"Dc03456","locus296",1,1,NA,NA,1,NA,1,0
"Dc03456","locus301",1,1,1,NA,1,NA,1,0
"Dc03456","locus314",1,1,NA,NA,1,NA,1,0
"Dc03456","locus321",0.347892,0.711044,NA,NA,0.711044,NA,0.169128,0
"Dc03456","locus322",1,1,NA,NA,1,NA,1,0
"Dc03456","locus329",1,1,NA,NA,1,NA,1,0
"Dc03456","locus332",1,1,NA,NA,1,NA,1,0
"Dc03456","locus358",1,1,NA,NA,1,NA,1,0
"Dc03456","locus359",1,1,NA,NA,1,NA,1,0
"Dc03456","locus360",1,1,1,NA,1,NA,1,0
"Dc03556","Dc06503",1,0.821928,NA,NA,1,NA,1,0
"Dc03556","Dc07300",1,1,NA,NA,1,1,1,0
"Dc03556","Dc07937",1,1,NA,NA,0.09291,1,1,0
"Dc03556","Dc08189",1,0.47665,NA,NA,1,1,1,0
"Dc03556","Dc08463",1,1,NA,NA,1,1,1,0
"Dc03556","Dc08865",0.3259,1,NA,NA,1,1,1,0
"Dc03556","Dc10003",1,NA,NA,NA,1,1,NA,0
"Dc03556","Dc10390",0.55347,1,NA,NA,1,1,1,0
"Dc03556","Dc10878",1,1,NA,NA,1,NA,1,0
"Dc03556","Dc10885",1,1,NA,NA,1,1,0.13754,0
"Dc03556","Dc11203",1,1,NA,NA,1,1,1,0
"Dc03556","Dc11714",1,0.75129,NA,NA,1,1,1,0
"Dc03556","Dc13159",0.18491,1,NA,NA,0.851176,1,1,0
"Dc03556","Dc13592",0.568716,0.2198,NA,NA,0.330752,1,1,0
"Dc03556","Dc14022",1,1,NA,NA,1,1,1,0
"Dc03556","Dc14945",0.18252,0.200634,NA,NA,0.06244,1,0.200634,0
"Dc03556","Dc16747",1,0.72586,NA,NA,1,1,1,0
"Dc03556","Dc18951",1,1,NA,NA,1,1,0.86268,0
"Dc03556","Dc20232",0.5298,1,NA,NA,1,1,1,0
"Dc03556","Dc22883",1,1,NA,NA,1,NA,1,0
"Dc03556","Dc22887",1,1,NA,NA,1,1,1,0
"Dc03556","Dc27955",1,1,NA,1,1,NA,1,0
"Dc03556","Dc28124",0.20691,1,NA,NA,0.751248,1,0.823776,0
"Dc03556","Dc28776",0.721932,0.68842,NA,NA,0.942298,0.68842,0.721932,0
"Dc03556","Dc30071",1,1,NA,NA,1,1,1,0
"Dc03556","Dc33714",1,1,NA,NA,1,1,1,0
"Dc03556","Dc33907",1,1,NA,NA,1,0.33266,1,0
"Dc03556","Dc34902",1,1,NA,NA,1,1,0.66694,0
"Dc03556","Dc35779",1,1,NA,NA,1,1,1,0
"Dc03556","Dc36571",1,1,1,NA,1,1,1,0
"Dc03556","Dc36616",0.26887,0.802488,NA,NA,1,1,1,0
"Dc03556","Dc40235",1,1,NA,NA,1,0.71764,1,0
"Dc03556","Dc41234",1,0.449784,NA,NA,NA,NA,1,0
"Dc03556","Dc46984",1,1,NA,NA,1,1,1,0
"Dc03556","Dc47572",1,0.71903,NA,NA,0.71903,0.71903,1,0
"Dc03556","Dc47935",1,1,1,NA,1,1,0.184728,0
"Dc03556","Dc48207",1,1,NA,NA,1,1,1,0
"Dc03556","Dc48950",1,1,NA,NA,1,1,1,0
"Dc03556","Dc49080",1,1,1,NA,1,1,1,0
"Dc03556","Dc49184",1,1,NA,NA,0.207,1,1,0
"Dc03556","Dc51020",1,1,NA,NA,1,1,1,0
"Dc03556","Dc52523",0.41493,1,NA,NA,1,1,1,0
"Dc03556","Dc55481",1,1,NA,1,1,1,1,0
"Dc03556","Dc58248",1,1,NA,1,1,NA,1,0
"Dc03556","Dc62188",1,0.62785,NA,0.80712,0.80712,NA,1,0
"Dc03556","Dc67011",0.925152,1,1,1,1,NA,0.925152,0
"Dc03556","locus003",1,1,NA,1,1,NA,1,0
"Dc03556","locus004",1,1,NA,1,1,NA,1,0
"Dc03556","locus005",1,1,1,1,0.773244,NA,1,0
"Dc03556","locus006",0.728128,0.39463,NA,0.857504,0.728128,NA,0.857504,0
"Dc03556","locus013",1,1,NA,0.61123,1,NA,1,0
"Dc03556","locus014",0.67463,1,NA,1,1,NA,1,0
"Dc03556","locus022",1,0.767796,1,1,1,NA,0.767796,0
"Dc03556","locus024",1,1,NA,1,0.58496,NA,1,0
"Dc03556","locus025",1,0.14591,NA,1,1,NA,1,0
"Dc03556","locus027",0.73496,0.73496,NA,NA,NA,NA,NA,0
"Dc03556","locus030",1,1,NA,NA,1,NA,1,0
"Dc03556","locus035",1,1,1,NA,1,NA,1,0
"Dc03556","locus038",1,0.34124,1,NA,1,NA,1,0
"Dc03556","locus039",0.748872,1,NA,NA,1,NA,1,0
"Dc03556","locus040",1,1,NA,NA,1,NA,0.363888,0
"Dc03556","locus045",0.700152,1,NA,NA,1,NA,1,0
"Dc03556","locus047",1,0.643302,NA,NA,0.3318,NA,1,0
"Dc03556","locus048",0.249516,0.249516,NA,NA,0.140096,NA,0.63867,0
"Dc03556","locus053",1,0.810978,NA,NA,1,NA,0.684864,0
"Dc03556","locus055",1,1,NA,NA,1,NA,1,0
"Dc03556","locus056",1,1,1,1,1,NA,1,0
"Dc03556","locus058",1,0.587424,1,1,1,NA,1,0
"Dc03556","locus060",0.499744,0.499744,NA,0.499744,0.17712,NA,1,0
"Dc03556","locus061",1,NA,NA,NA,0.79212,NA,1,0
"Dc03556","locus062",0.94024,1,NA,1,1,NA,1,0
"Dc03556","locus064",1,1,NA,1,1,NA,1,0
"Dc03556","locus065",1,1,NA,1,1,NA,1,0
"Dc03556","locus073",1,1,NA,0.98654,1,NA,1,0
"Dc03556","locus074",1,1,1,1,1,NA,1,0
"Dc03556","locus076",0.539144,1,NA,NA,1,NA,1,0
"Dc03556","locus077",1,1,NA,1,0.13389,NA,1,0
"Dc03556","locus080",0.699408,1,NA,NA,0.703464,NA,1,0
"Dc03556","locus083",1,NA,NA,NA,1,NA,1,0
"Dc03556","locus088",0.951332,0.420726,NA,NA,0.318576,NA,0.951332,0
"Dc03556","locus093",1,1,1,NA,0.68907,NA,1,0
"Dc03556","locus098",1,1,NA,NA,0.671216,NA,1,0
"Dc03556","locus100",1,0.76419,1,NA,0.927912,NA,1,0
"Dc03556","locus106",0.131512,0.33471,NA,NA,0.392164,NA,1,0
"Dc03556","locus116",1,1,NA,NA,0.910984,NA,1,0
"Dc03556","locus119",0.61911,0.314024,NA,NA,1,NA,1,0
"Dc03556","locus120",1,1,NA,NA,1,NA,1,0
"Dc03556","locus128",1,0.34719,NA,1,1,NA,1,0
"Dc03556","locus129",1,1,NA,1,1,NA,1,0
"Dc03556","locus130",1,NA,NA,NA,1,NA,0.777516,0
"Dc03556","locus134",1,1,NA,NA,1,NA,0.6186,0
"Dc03556","locus135",1,0.33377,NA,1,1,NA,0.88844,0
"Dc03556","locus137",1,0.67547,NA,1,1,NA,0.752064,0
"Dc03556","locus139",0.754904,0.25674,NA,0.437328,0.26104,NA,0.437328,0
"Dc03556","locus140",0.759516,0.26029,NA,0.433116,0.26029,NA,0.433116,0
"Dc03556","locus146",1,1,NA,1,1,NA,1,0
"Dc03556","locus148",1,1,NA,0.23902,1,NA,1,0
"Dc03556","locus151",1,NA,0.99588,1,0.08671,NA,0.36048,0
"Dc03556","locus157",1,NA,NA,NA,1,NA,0.983616,0
"Dc03556","locus161",1,1,NA,1,0.2337,NA,1,0
"Dc03556","locus165",1,1,NA,NA,1,NA,1,0
"Dc03556","locus170",1,1,1,1,1,NA,1,0
"Dc03556","locus176",0.16062,NA,NA,NA,0.16062,NA,0.223898,0
"Dc03556","locus184",1,1,1,1,1,NA,1,0
"Dc03556","locus186",1,0.9414,NA,1,1,NA,1,0
"Dc03556","locus189",1,1,NA,1,1,1,1,0
"Dc03556","locus190",1,1,NA,NA,1,1,1,0
"Dc03556","locus191",1,NA,NA,NA,1,1,0.872312,0
"Dc03556","locus192",1,1,NA,NA,1,1,1,0
"Dc03556","locus195",1,1,NA,NA,0.07069,1,1,0
"Dc03556","locus202",0.455628,1,1,NA,1,0.71709,1,0
"Dc03556","locus215",0.071648,NA,NA,NA,1,1,1,0
"Dc03556","locus227",1,1,1,NA,1,1,1,0
"Dc03556","locus231",1,1,NA,NA,1,NA,1,0
"Dc03556","locus235",1,1,NA,NA,1,1,1,0
"Dc03556","locus236",0.86808,0.1757,NA,NA,1,1,0.509088,0
"Dc03556","locus237",0.960432,1,NA,NA,1,1,0.87031,0
"Dc03556","locus239",0.38536,1,NA,NA,1,1,1,0
"Dc03556","locus248",0.66019,0.89805,NA,NA,0.66019,1,1,0
"Dc03556","locus256",1,1,NA,NA,1,1,1,0
"Dc03556","locus263",1,1,NA,NA,1,NA,1,0
"Dc03556","locus274",1,1,NA,NA,1,NA,0.799344,0
"Dc03556","locus280",1,1,NA,NA,1,NA,1,0
"Dc03556","locus282",0.091616,0.70803,NA,NA,0.70803,NA,0.70803,0
"Dc03556","locus286",1,1,NA,NA,1,NA,1,0
"Dc03556","locus291",1,1,NA,NA,0.080344,NA,1,0
"Dc03556","locus292",1,0.759088,NA,NA,1,NA,1,0
"Dc03556","locus296",0.868548,0.306276,NA,NA,0.091254,NA,0.091152,0
"Dc03556","locus301",1,1,1,NA,1,NA,1,0
"Dc03556","locus314",0.439016,1,NA,NA,1,NA,1,0
"Dc03556","locus321",0.710384,1,NA,NA,1,NA,1,0
"Dc03556","locus322",1,1,NA,NA,1,NA,1,0
"Dc03556","locus323",1,1,NA,NA,1,NA,1,0
"Dc03556","locus329",1,1,NA,NA,1,NA,1,0
"Dc03556","locus332",1,1,NA,NA,1,NA,1,0
"Dc03556","locus358",0.832902,0.832902,NA,NA,0.832902,NA,0.756536,0
"Dc03556","locus359",1,0.848544,NA,NA,1,NA,1,0
"Dc03556","locus360",1,1,NA,NA,1,NA,1,0
"Dc06503","Dc07300",0.123408,1,NA,NA,0.689094,NA,1,0
"Dc06503","Dc07937",1,0.260296,NA,NA,0.514392,NA,1,0
"Dc06503","Dc08054",1,1,NA,NA,1,NA,1,0
"Dc06503","Dc08189",1,1,NA,NA,1,NA,0.499856,0
"Dc06503","Dc08463",1,0.993632,NA,NA,1,NA,1,0
"Dc06503","Dc08865",1,0.360864,NA,NA,1,NA,1,0
"Dc06503","Dc10003",0.736488,NA,NA,NA,1,NA,NA,0
"Dc06503","Dc10390",1,1,NA,NA,1,NA,1,0
"Dc06503","Dc10878",0.908576,1,NA,NA,1,NA,1,0
"Dc06503","Dc10885",1,1,NA,NA,0.378824,NA,1,0
"Dc06503","Dc11203",1,1,NA,NA,1,NA,1,0
"Dc06503","Dc11714",1,1,NA,NA,0.377096,NA,1,0
"Dc06503","Dc13159",1,1,NA,NA,0.274784,NA,1,0
"Dc06503","Dc13592",0.512368,1,NA,NA,1,NA,1,0
"Dc06503","Dc14022",1,1,NA,NA,1,NA,1,0
"Dc06503","Dc14945",1,1,NA,NA,1,NA,1,0
"Dc06503","Dc16747",0.684448,1,NA,NA,1,NA,1,0
"Dc06503","Dc18951",1,1,NA,NA,1,NA,0.502776,0
"Dc06503","Dc20232",0.356928,0.913556,NA,NA,0.913556,NA,0.751956,0
"Dc06503","Dc22883",1,1,NA,NA,1,NA,1,0
"Dc06503","Dc22887",1,1,NA,NA,1,NA,0.998232,0
"Dc06503","Dc28124",1,1,NA,NA,0.230312,NA,1,0
"Dc06503","Dc28776",1,1,NA,NA,1,NA,1,0
"Dc06503","Dc30071",0.129088,1,NA,NA,1,NA,1,0
"Dc06503","Dc31007",0.054582,NA,NA,NA,1,NA,1,0
"Dc06503","Dc33714",0.686424,1,NA,NA,1,NA,0.499256,0
"Dc06503","Dc33907",1,1,NA,NA,1,NA,1,0
"Dc06503","Dc34902",1,1,NA,NA,0.79332,NA,1,0
"Dc06503","Dc36571",1,1,1,NA,1,NA,1,0
"Dc06503","Dc36616",1,1,NA,NA,1,NA,1,0
"Dc06503","Dc40235",1,0.741846,NA,NA,0.474976,NA,1,0
"Dc06503","Dc41234",0.145776,1,1,NA,NA,NA,1,0
"Dc06503","Dc46984",0.347696,0.347696,NA,NA,0.348374,NA,0.347696,0
"Dc06503","Dc47572",1,1,NA,NA,1,NA,1,0
"Dc06503","Dc47935",0.278928,0.75918,NA,NA,1,NA,1,0
"Dc06503","Dc48207",1,1,NA,NA,0.864488,NA,1,0
"Dc06503","Dc48950",0.726936,0.113608,NA,NA,1,NA,1,0
"Dc06503","Dc49080",1,1,1,NA,1,NA,1,0
"Dc06503","Dc49184",1,0.233456,NA,NA,1,NA,1,0
"Dc06503","Dc51020",1,1,NA,NA,1,NA,1,0
"Dc06503","Dc52523",1,1,NA,NA,1,NA,1,0
"Dc06503","Dc55481",1,1,NA,NA,1,NA,1,0
"Dc06503","Dc58248",0.093376,1,NA,NA,1,NA,1,0
"Dc06503","Dc67011",1,1,1,NA,1,NA,1,0
"Dc06503","locus003",1,1,NA,NA,1,NA,1,0
"Dc06503","locus004",1,1,NA,NA,1,NA,1,0
"Dc06503","locus005",0.39162,0.39162,1,NA,1,NA,1,0
"Dc06503","locus006",1,1,NA,NA,0.924708,NA,0.502488,0
"Dc06503","locus008",1,1,NA,NA,1,NA,1,0
"Dc06503","locus013",1,0.86388,NA,NA,1,NA,1,0
"Dc06503","locus014",1,1,NA,NA,1,NA,1,0
"Dc06503","locus022",1,0.709968,1,NA,0.62989,NA,0.62989,0
"Dc06503","locus024",1,1,NA,NA,0.405736,NA,1,0
"Dc06503","locus025",1,1,NA,NA,1,NA,1,0
"Dc06503","locus027",1,0.259748,NA,NA,NA,NA,NA,0
"Dc06503","locus030",1,1,NA,NA,1,NA,1,0
"Dc06503","locus035",1,1,1,NA,1,NA,1,0
"Dc06503","locus038",0.742288,0.0516,1,NA,0.742288,NA,1,0
"Dc06503","locus039",1,1,NA,NA,1,NA,1,0
"Dc06503","locus040",0.28828,1,NA,NA,0.296808,NA,1,0
"Dc06503","locus045",1,1,NA,NA,1,NA,1,0
"Dc06503","locus047",0.812704,0.812704,NA,NA,0.812704,NA,0.812704,0
"Dc06503","locus048",1,1,NA,NA,0.444816,NA,1,0
"Dc06503","locus053",0.458928,0.721032,NA,NA,0.627306,NA,1,0
"Dc06503","locus055",1,0.836672,NA,NA,0.185336,NA,0.375408,0
"Dc06503","locus056",1,1,1,NA,1,NA,1,0
"Dc06503","locus058",1,1,1,NA,1,NA,1,0
"Dc06503","locus060",1,1,NA,NA,1,NA,1,0
"Dc06503","locus061",0.600214,NA,NA,NA,0.45048,NA,0.57446,0
"Dc06503","locus062",1,1,NA,NA,0.297816,NA,0.375318,0
"Dc06503","locus064",1,1,NA,NA,1,NA,1,0
"Dc06503","locus065",1,1,NA,NA,0.359352,NA,1,0
"Dc06503","locus073",0.155192,1,NA,NA,1,NA,1,0
"Dc06503","locus074",1,1,1,NA,1,NA,1,0
"Dc06503","locus076",1,0.688536,NA,NA,1,NA,1,0
"Dc06503","locus077",1,0.752658,NA,NA,0.527544,NA,0.752658,0
"Dc06503","locus080",1,1,NA,NA,0.751592,NA,1,0
"Dc06503","locus083",1,NA,NA,NA,1,NA,0.999288,0
"Dc06503","locus088",0.22836,1,NA,NA,1,NA,1,0
"Dc06503","locus093",1,1,1,NA,1,NA,0.62749,0
"Dc06503","locus096",1,1,1,NA,1,NA,1,0
"Dc06503","locus098",0.898668,0.415736,NA,NA,0.415736,NA,1,0
"Dc06503","locus100",1,1,1,NA,1,NA,1,0
"Dc06503","locus106",1,1,NA,NA,0.470888,NA,1,0
"Dc06503","locus116",1,0.778736,NA,NA,1,NA,1,0
"Dc06503","locus119",1,1,NA,NA,0.940088,NA,1,0
"Dc06503","locus120",1,1,NA,NA,1,NA,1,0
"Dc06503","locus128",1,0.722376,NA,NA,0.257136,NA,1,0
"Dc06503","locus129",1,1,NA,NA,0.707224,NA,1,0
"Dc06503","locus130",0.613962,NA,NA,NA,0.613962,NA,1,0
"Dc06503","locus134",0.765032,1,NA,NA,1,NA,1,0
"Dc06503","locus135",0.995336,0.755694,NA,NA,0.071464,NA,0.995336,0
"Dc06503","locus137",0.87694,0.87694,NA,NA,0.195952,NA,0.74781,0
"Dc06503","locus139",1,1,NA,NA,1,NA,1,0
"Dc06503","locus140",1,1,NA,NA,1,NA,1,0
"Dc06503","locus146",0.439356,1,NA,NA,0.410384,NA,1,0
"Dc06503","locus148",1,0.16864,NA,NA,1,NA,0.749664,0
"Dc06503","locus151",1,NA,1,NA,1,NA,1,0
"Dc06503","locus157",1,NA,NA,NA,1,NA,0.374154,0
"Dc06503","locus161",1,1,NA,NA,1,NA,1,0
"Dc06503","locus165",1,1,NA,NA,1,NA,1,0
"Dc06503","locus170",1,1,1,NA,1,NA,1,0
"Dc06503","locus176",1,NA,NA,NA,1,NA,1,0
"Dc06503","locus184",0.42363,1,1,NA,1,NA,1,0
"Dc06503","locus186",0.35056,0.480186,NA,NA,1,NA,1,0
"Dc06503","locus188",1,1,NA,NA,1,NA,1,0
"Dc06503","locus189",1,1,NA,NA,1,NA,1,0
"Dc06503","locus190",1,1,NA,NA,1,NA,1,0
"Dc06503","locus191",1,NA,NA,NA,1,NA,1,0
"Dc06503","locus192",1,1,NA,NA,0.958752,NA,1,0
"Dc06503","locus195",1,1,NA,NA,1,NA,1,0
"Dc06503","locus202",1,1,1,NA,1,NA,1,0
"Dc06503","locus215",1,NA,1,NA,1,NA,1,0
"Dc06503","locus227",1,1,1,NA,1,NA,1,0
"Dc06503","locus231",1,1,NA,NA,1,NA,1,0
"Dc06503","locus235",1,1,NA,NA,1,NA,1,0
"Dc06503","locus236",1,0.334752,NA,NA,1,NA,1,0
"Dc06503","locus237",0.741924,0.719238,NA,NA,0.741924,NA,0.500856,0
"Dc06503","locus239",0.417704,1,NA,NA,1,NA,1,0
"Dc06503","locus248",1,1,NA,NA,1,NA,1,0
"Dc06503","locus256",1,1,NA,NA,1,NA,1,0
"Dc06503","locus263",1,1,NA,NA,1,NA,1,0
"Dc06503","locus264",1,0.43344,NA,NA,0.43344,NA,1,0
"Dc06503","locus274",0.95463,0.333504,NA,NA,1,NA,1,0
"Dc06503","locus280",0.963282,0.165056,NA,NA,1,NA,1,0
"Dc06503","locus282",0.47164,1,NA,NA,0.47164,NA,1,0
"Dc06503","locus286",1,1,NA,NA,1,NA,1,0
"Dc06503","locus291",1,0.966624,NA,NA,1,NA,1,0
"Dc06503","locus292",1,1,NA,NA,1,NA,1,0
"Dc06503","locus296",1,0.832616,NA,NA,0.832616,NA,1,0
"Dc06503","locus314",1,1,NA,NA,0.967152,NA,1,0
"Dc06503","locus321",1,1,NA,NA,1,NA,1,0
"Dc06503","locus322",0.777604,0.339784,NA,NA,0.44982,NA,1,0
"Dc06503","locus323",0.871644,0.619016,NA,NA,0.871644,NA,1,0
"Dc06503","locus329",1,1,NA,NA,1,NA,1,0
"Dc06503","locus332",0.568728,1,NA,NA,1,NA,1,0
"Dc06503","locus358",1,1,NA,NA,0.712032,NA,1,0
"Dc06503","locus359",1,1,NA,NA,0.317224,NA,1,0
"Dc06503","locus360",1,0.178608,NA,NA,1,NA,1,0
"Dc07300","Dc07937",1,1,NA,NA,1,1,1,0
"Dc07300","Dc08054",1,1,NA,NA,1,1,0.81935,0
"Dc07300","Dc08189",0.91137,0.889328,NA,NA,0.84223,1,0.91137,0
"Dc07300","Dc08463",1,1,NA,NA,0.97766,1,1,0
"Dc07300","Dc08865",1,1,NA,NA,1,1,1,0
"Dc07300","Dc10003",1,NA,1,NA,1,1,NA,0
"Dc07300","Dc10390",1,0.843486,NA,NA,0.53376,1,0.81832,0
"Dc07300","Dc10878",0.235448,1,NA,NA,1,NA,0.6483,0
"Dc07300","Dc10885",1,1,1,NA,1,1,0.3786,0
"Dc07300","Dc11203",1,1,NA,NA,1,1,1,0
"Dc07300","Dc11714",1,1,NA,NA,1,1,0.49104,0
"Dc07300","Dc13159",1,1,NA,NA,1,1,1,0
"Dc07300","Dc13592",1,1,NA,NA,0.57521,1,0.658424,0
"Dc07300","Dc14022",1,1,NA,NA,1,1,1,0
"Dc07300","Dc14945",1,1,NA,NA,0.55639,1,1,0
"Dc07300","Dc16747",1,1,NA,NA,1,1,1,0
"Dc07300","Dc18951",0.22122,1,NA,NA,1,1,1,0
"Dc07300","Dc20232",1,1,NA,NA,1,1,1,0
"Dc07300","Dc22883",1,1,NA,NA,0.681896,NA,1,0
"Dc07300","Dc22887",1,1,NA,NA,1,1,1,0
"Dc07300","Dc27955",0.432496,1,NA,1,0.25968,NA,1,0
"Dc07300","Dc28124",0.07042,1,NA,NA,1,1,1,0
"Dc07300","Dc28776",1,1,NA,NA,1,1,1,0
"Dc07300","Dc30071",0.91654,1,NA,NA,0.91654,1,1,0
"Dc07300","Dc31007",1,NA,NA,NA,1,NA,1,0
"Dc07300","Dc33907",1,1,NA,NA,1,1,1,0
"Dc07300","Dc34902",1,0.48843,NA,NA,1,1,1,0
"Dc07300","Dc36571",1,1,NA,NA,1,1,1,0
"Dc07300","Dc36616",1,1,NA,NA,0.51564,1,1,0
"Dc07300","Dc40235",1,1,NA,NA,1,1,1,0
"Dc07300","Dc41234",0.835074,0.835074,NA,NA,NA,NA,0.835074,0
"Dc07300","Dc46984",1,0.861328,NA,NA,1,0.13877,1,0
"Dc07300","Dc47572",1,1,1,NA,1,1,1,0
"Dc07300","Dc47935",1,1,NA,NA,1,0.56535,1,0
"Dc07300","Dc48950",1,1,NA,NA,1,1,1,0
"Dc07300","Dc49184",1,0.15383,NA,NA,1,1,0.504704,0
"Dc07300","Dc51020",1,1,NA,NA,1,1,1,0
"Dc07300","Dc52523",1,1,NA,NA,1,1,1,0
"Dc07300","Dc55481",1,1,NA,1,0.109332,1,1,0
"Dc07300","Dc62188",1,1,NA,1,0.77309,NA,1,0
"Dc07300","Dc67011",1,1,NA,1,0.49796,NA,1,0
"Dc07300","locus003",0.70801,0.70801,NA,0.765312,0.913416,NA,0.913416,0
"Dc07300","locus004",1,1,NA,1,1,NA,1,0
"Dc07300","locus005",1,1,NA,1,1,NA,1,0
"Dc07300","locus006",0.3643,0.77088,NA,1,0.88977,NA,1,0
"Dc07300","locus008",1,1,NA,1,1,NA,1,0
"Dc07300","locus013",1,1,NA,1,0.4776,NA,1,0
"Dc07300","locus014",1,1,NA,1,1,NA,1,0
"Dc07300","locus022",1,0.24375,NA,1,1,NA,0.292976,0
"Dc07300","locus024",1,1,NA,1,1,NA,1,0
"Dc07300","locus027",0.414796,0.414796,NA,NA,NA,NA,NA,0
"Dc07300","locus030",1,1,NA,NA,1,NA,1,0
"Dc07300","locus035",1,1,NA,NA,0.121904,NA,1,0
"Dc07300","locus038",0.415908,0.962028,NA,NA,0.962028,NA,0.051568,0
"Dc07300","locus039",1,1,NA,NA,1,NA,1,0
"Dc07300","locus040",1,1,NA,NA,0.35692,NA,1,0
"Dc07300","locus041",1,1,NA,NA,1,NA,1,0
"Dc07300","locus045",0.850626,1,NA,NA,0.273984,NA,1,0
"Dc07300","locus047",1,1,NA,NA,1,NA,1,0
"Dc07300","locus048",1,1,NA,NA,1,NA,0.143304,0
"Dc07300","locus053",0.404776,1,NA,NA,1,NA,1,0
"Dc07300","locus056",0.55574,1,NA,1,0.788496,NA,1,0
"Dc07300","locus058",1,1,NA,1,0.40105,NA,1,0
"Dc07300","locus060",1,1,NA,1,0.856,NA,0.35853,0
"Dc07300","locus061",0.697328,NA,NA,NA,0.6969,NA,1,0
"Dc07300","locus062",1,0.227288,NA,1,0.0875,NA,1,0
"Dc07300","locus064",1,1,NA,1,1,NA,1,0
"Dc07300","locus065",1,1,NA,1,1,NA,1,0
"Dc07300","locus073",1,1,1,1,1,NA,1,0
"Dc07300","locus074",1,0.652056,1,1,0.85112,NA,1,0
"Dc07300","locus076",1,1,NA,NA,1,NA,1,0
"Dc07300","locus077",0.31195,1,NA,1,1,NA,0.769584,0
"Dc07300","locus080",0.154352,1,NA,NA,1,NA,1,0
"Dc07300","locus083",1,NA,NA,NA,1,NA,1,0
"Dc07300","locus088",0.772928,1,NA,NA,1,NA,1,0
"Dc07300","locus093",1,1,1,NA,1,NA,1,0
"Dc07300","locus096",0.82857,1,1,NA,1,NA,1,0
"Dc07300","locus098",1,1,NA,NA,0.612896,NA,1,0
"Dc07300","locus100",0.05891,0.441072,1,NA,1,NA,1,0
"Dc07300","locus106",1,1,NA,NA,0.085008,NA,1,0
"Dc07300","locus116",1,0.963536,NA,NA,0.963536,NA,1,0
"Dc07300","locus119",1,0.47332,NA,NA,1,NA,1,0
"Dc07300","locus120",1,1,NA,NA,0.72012,NA,1,0
"Dc07300","locus128",0.351684,0.777576,1,1,1,NA,0.45448,0
"Dc07300","locus129",1,1,1,1,0.163236,NA,1,0
"Dc07300","locus130",1,NA,NA,NA,0.346266,NA,1,0
"Dc07300","locus134",1,0.193984,NA,NA,1,NA,0.528852,0
"Dc07300","locus135",1,0.84879,NA,1,1,NA,0.985504,0
"Dc07300","locus137",1,0.48649,NA,1,1,NA,1,0
"Dc07300","locus139",0.867114,0.79335,NA,1,1,NA,0.79335,0
"Dc07300","locus140",0.871032,0.80701,NA,1,1,NA,0.80701,0
"Dc07300","locus146",1,1,1,1,0.777768,NA,1,0
"Dc07300","locus148",0.32163,1,NA,1,0.32163,NA,1,0
"Dc07300","locus151",1,NA,NA,1,1,NA,0.998264,0
"Dc07300","locus157",0.39562,NA,NA,NA,0.289872,NA,1,0
"Dc07300","locus161",0.961362,0.961362,NA,0.961362,0.78467,NA,0.918592,0
"Dc07300","locus165",1,1,1,NA,1,NA,1,0
"Dc07300","locus170",1,1,NA,1,1,NA,1,0
"Dc07300","locus176",1,NA,NA,NA,0.914106,NA,1,0
"Dc07300","locus184",0.216276,1,1,1,0.72224,NA,0.23596,0
"Dc07300","locus186",0.864416,0.74833,NA,1,1,NA,1,0
"Dc07300","locus188",1,1,1,NA,0.62527,NA,1,0
"Dc07300","locus189",1,1,NA,1,0.563808,1,1,0
"Dc07300","locus190",1,1,NA,NA,1,1,1,0
"Dc07300","locus191",1,NA,1,NA,0.42824,1,1,0
"Dc07300","locus192",1,1,NA,NA,1,1,0.24521,0
"Dc07300","locus195",1,1,NA,NA,0.1878,1,1,0
"Dc07300","locus202",1,1,NA,NA,0.2122,0.338424,1,0
"Dc07300","locus215",0.671016,NA,NA,NA,1,1,1,0
"Dc07300","locus227",1,1,1,NA,0.10224,1,1,0
"Dc07300","locus231",1,1,NA,NA,1,NA,1,0
"Dc07300","locus235",0.24417,1,NA,NA,1,1,1,0
"Dc07300","locus236",1,1,NA,NA,1,1,1,0
"Dc07300","locus248",0.955228,0.884064,NA,NA,0.884064,0.43161,0.955228,0
"Dc07300","locus256",0.971392,0.235956,0.81972,NA,1,1,1,0
"Dc07300","locus264",1,1,NA,NA,1,NA,1,0
"Dc07300","locus274",0.406728,1,NA,NA,1,NA,0.89112,0
"Dc07300","locus280",1,0.634952,NA,NA,0.634952,NA,1,0
"Dc07300","locus282",0.751896,1,NA,NA,0.298272,NA,1,0
"Dc07300","locus286",1,1,NA,NA,1,NA,1,0
"Dc07300","locus291",1,1,NA,NA,1,NA,1,0
"Dc07300","locus292",0.950756,0.373968,NA,NA,0.950756,NA,0.373968,0
"Dc07300","locus296",0.545304,0.480184,NA,NA,0.931108,NA,0.931108,0
"Dc07300","locus301",0.610984,1,NA,NA,0.624096,NA,1,0
"Dc07300","locus314",1,1,NA,NA,1,NA,1,0
"Dc07300","locus321",1,1,NA,NA,1,NA,1,0
"Dc07300","locus322",0.217008,0.672456,NA,NA,0.217008,NA,0.672456,0
"Dc07300","locus323",1,1,NA,NA,1,NA,1,0
"Dc07300","locus329",1,0.550856,NA,NA,1,NA,1,0
"Dc07300","locus332",1,0.476728,1,NA,1,NA,0.32957,0
"Dc07300","locus358",1,1,NA,NA,1,NA,0.368152,0
"Dc07300","locus360",0.976304,1,NA,NA,1,NA,1,0
"Dc07937","Dc08054",1,1,NA,NA,1,1,1,0
"Dc07937","Dc08189",1,1,NA,NA,1,1,1,0
"Dc07937","Dc08865",0.38387,1,NA,NA,1,1,1,0
"Dc07937","Dc10003",1,NA,NA,NA,1,1,NA,0
"Dc07937","Dc10390",1,1,NA,NA,1,1,1,0
"Dc07937","Dc10878",1,1,NA,NA,1,NA,1,0
"Dc07937","Dc10885",1,1,1,NA,1,1,1,0
"Dc07937","Dc11203",1,0.6669,NA,NA,1,1,1,0
"Dc07937","Dc11714",1,1,NA,NA,0.27722,1,1,0
"Dc07937","Dc13159",1,1,NA,NA,1,1,1,0
"Dc07937","Dc13592",0.671888,1,NA,NA,0.4478,1,0.909654,0
"Dc07937","Dc14022",0.45564,1,NA,NA,1,1,1,0
"Dc07937","Dc14945",1,1,NA,NA,1,1,1,0
"Dc07937","Dc16747",0.915918,0.54108,1,NA,0.54108,1,0.54108,0
"Dc07937","Dc18951",0.23008,1,NA,NA,1,1,1,0
"Dc07937","Dc20232",1,1,NA,NA,1,1,1,0
"Dc07937","Dc22883",1,1,NA,NA,0.50248,NA,1,0
"Dc07937","Dc22887",1,1,NA,NA,1,1,0.44661,0
"Dc07937","Dc27955",1,0.96538,NA,1,1,NA,1,0
"Dc07937","Dc28124",1,1,NA,NA,1,1,1,0
"Dc07937","Dc28776",1,1,NA,NA,1,1,1,0
"Dc07937","Dc30071",0.345088,0.870924,NA,NA,0.870924,0.870924,0.07405,0
"Dc07937","Dc31007",1,NA,NA,NA,1,NA,1,0
"Dc07937","Dc33714",1,1,NA,NA,1,1,1,0
"Dc07937","Dc33907",0.730536,1,NA,NA,0.24417,1,1,0
"Dc07937","Dc34902",0.09388,1,NA,NA,1,1,1,0
"Dc07937","Dc35779",0.46535,1,NA,NA,1,1,1,0
"Dc07937","Dc36571",0.67197,1,NA,NA,1,1,1,0
"Dc07937","Dc36616",1,1,NA,NA,1,1,1,0
"Dc07937","Dc40235",1,1,NA,NA,1,1,0.45253,0
"Dc07937","Dc41234",1,1,NA,NA,NA,NA,0.612558,0
"Dc07937","Dc46984",1,0.83334,NA,NA,0.83334,1,1,0
"Dc07937","Dc47572",1,0.90126,1,NA,0.90126,1,1,0
"Dc07937","Dc47935",0.63536,1,NA,NA,1,1,1,0
"Dc07937","Dc48207",1,1,NA,NA,1,1,1,0
"Dc07937","Dc48950",1,1,NA,NA,1,1,1,0
"Dc07937","Dc49080",0.12408,1,NA,NA,1,1,1,0
"Dc07937","Dc49184",1,1,NA,NA,0.56808,0.41683,0.952746,0
"Dc07937","Dc51020",1,1,NA,NA,0.84156,1,1,0
"Dc07937","Dc52523",0.505584,0.505584,NA,NA,0.749588,0.15249,0.42004,0
"Dc07937","Dc55481",1,0.05094,NA,1,0.30368,1,1,0
"Dc07937","Dc58248",1,1,NA,1,0.16849,NA,1,0
"Dc07937","Dc62188",1,1,NA,1,1,NA,1,0
"Dc07937","Dc67011",0.63323,1,NA,1,1,NA,1,0
"Dc07937","locus004",1,1,NA,1,1,NA,1,0
"Dc07937","locus005",1,1,NA,1,0.53621,NA,1,0
"Dc07937","locus006",1,1,NA,1,1,NA,1,0
"Dc07937","locus008",0.3288,1,NA,1,1,NA,1,0
"Dc07937","locus013",1,1,NA,1,0.12542,NA,1,0
"Dc07937","locus014",1,1,NA,1,1,NA,1,0
"Dc07937","locus022",0.14115,1,NA,1,1,NA,1,0
"Dc07937","locus024",1,1,NA,1,1,NA,1,0
"Dc07937","locus025",0.30224,1,NA,1,1,NA,1,0
"Dc07937","locus027",0.825984,0.825984,NA,NA,NA,NA,NA,0
"Dc07937","locus030",1,1,NA,NA,1,NA,1,0
"Dc07937","locus035",1,1,NA,NA,0.624864,NA,0.750198,0
"Dc07937","locus038",0.674196,0.899516,NA,NA,0.153136,NA,0.899516,0
"Dc07937","locus039",0.080648,0.393052,NA,NA,0.393052,NA,0.252006,0
"Dc07937","locus040",1,0.547144,NA,NA,1,NA,1,0
"Dc07937","locus041",0.06744,1,1,NA,1,NA,1,0
"Dc07937","locus045",1,1,NA,NA,1,NA,0.296272,0
"Dc07937","locus048",0.325144,1,NA,NA,0.325144,NA,1,0
"Dc07937","locus053",1,1,NA,NA,0.74799,NA,0.601784,0
"Dc07937","locus055",1,1,NA,NA,0.332472,NA,1,0
"Dc07937","locus056",1,1,NA,1,1,NA,1,0
"Dc07937","locus058",1,1,NA,1,1,NA,1,0
"Dc07937","locus060",1,1,NA,1,1,NA,1,0
"Dc07937","locus061",1,NA,NA,NA,1,NA,1,0
"Dc07937","locus062",0.35322,1,NA,1,1,NA,1,0
"Dc07937","locus064",1,1,NA,1,0.22311,NA,1,0
"Dc07937","locus065",0.95964,0.75393,NA,1,1,NA,1,0
"Dc07937","locus073",1,1,1,1,0.187152,NA,1,0
"Dc07937","locus074",1,0.099072,1,1,1,NA,1,0
"Dc07937","locus076",1,1,NA,NA,1,NA,1,0
"Dc07937","locus077",1,1,NA,1,1,NA,0.38102,0
"Dc07937","locus080",1,1,NA,NA,1,NA,1,0
"Dc07937","locus083",0.25125,NA,NA,NA,1,NA,1,0
"Dc07937","locus088",1,0.58288,NA,NA,1,NA,1,0
"Dc07937","locus093",1,1,1,NA,1,NA,1,0
"Dc07937","locus096",1,1,1,NA,1,NA,0.73853,0
"Dc07937","locus100",1,1,1,NA,1,NA,0.95266,0
"Dc07937","locus106",0.117168,1,NA,NA,1,NA,1,0
"Dc07937","locus116",0.710976,0.710976,NA,NA,0.431696,NA,0.710976,0
"Dc07937","locus119",1,1,NA,NA,1,NA,1,0
"Dc07937","locus120",0.946566,0.946566,NA,NA,0.946566,NA,0.366712,0
"Dc07937","locus128",1,0.99184,NA,1,0.99184,NA,1,0
"Dc07937","locus129",1,1,1,1,1,NA,1,0
"Dc07937","locus130",1,NA,1,NA,1,NA,1,0
"Dc07937","locus134",1,1,NA,NA,1,NA,1,0
"Dc07937","locus135",0.57885,0.81828,NA,1,1,NA,1,0
"Dc07937","locus137",1,1,NA,1,1,NA,1,0
"Dc07937","locus139",1,1,NA,1,0.40007,NA,1,0
"Dc07937","locus140",1,1,NA,1,0.38763,NA,1,0
"Dc07937","locus146",1,0.712536,1,1,1,NA,1,0
"Dc07937","locus148",1,1,NA,1,1,NA,1,0
"Dc07937","locus151",1,NA,NA,1,1,NA,1,0
"Dc07937","locus157",1,NA,NA,NA,1,NA,0.271278,0
"Dc07937","locus161",0.76008,1,NA,1,0.76008,NA,1,0
"Dc07937","locus165",1,1,NA,NA,1,NA,1,0
"Dc07937","locus170",1,1,NA,1,1,NA,1,0
"Dc07937","locus176",0.559468,NA,NA,NA,0.143976,NA,1,0
"Dc07937","locus184",1,0.211812,1,1,1,NA,0.5677,0
"Dc07937","locus186",1,0.68912,NA,1,0.24977,NA,1,0
"Dc07937","locus188",1,1,NA,NA,1,NA,1,0
"Dc07937","locus189",1,1,NA,1,1,1,1,0
"Dc07937","locus190",1,1,NA,NA,1,1,1,0
"Dc07937","locus191",1,NA,NA,NA,1,1,1,0
"Dc07937","locus192",0.59492,1,NA,NA,0.59492,1,1,0
"Dc07937","locus195",1,1,NA,NA,0.435424,1,0.36992,0
"Dc07937","locus202",1,1,NA,NA,1,1,1,0
"Dc07937","locus215",1,NA,NA,NA,1,1,1,0
"Dc07937","locus227",1,1,1,NA,1,1,1,0
"Dc07937","locus231",1,1,NA,NA,1,NA,1,0
"Dc07937","locus235",1,0.701,NA,NA,1,1,1,0
"Dc07937","locus236",1,1,NA,NA,1,1,1,0
"Dc07937","locus237",1,1,NA,NA,1,1,1,0
"Dc07937","locus239",0.57379,0.760032,NA,NA,1,1,1,0
"Dc07937","locus248",1,1,NA,NA,1,1,1,0
"Dc07937","locus256",0.49926,1,1,NA,0.72182,1,1,0
"Dc07937","locus263",0.28634,1,1,NA,1,NA,1,0
"Dc07937","locus264",1,1,NA,NA,1,NA,1,0
"Dc07937","locus274",1,0.177136,NA,NA,1,NA,1,0
"Dc07937","locus280",1,1,NA,NA,1,NA,1,0
"Dc07937","locus282",1,1,NA,NA,1,NA,1,0
"Dc07937","locus286",0.553408,0.553408,NA,NA,1,NA,1,0
"Dc07937","locus291",1,1,NA,NA,1,NA,0.986328,0
"Dc07937","locus296",1,0.320112,NA,NA,1,NA,1,0
"Dc07937","locus301",1,1,NA,NA,1,NA,1,0
"Dc07937","locus314",1,1,NA,NA,1,NA,1,0
"Dc07937","locus321",0.715008,0.657136,NA,NA,0.657136,NA,0.90196,0
"Dc07937","locus322",1,1,NA,NA,1,NA,1,0
"Dc07937","locus323",1,1,NA,NA,1,NA,1,0
"Dc07937","locus329",1,1,NA,NA,1,NA,0.769424,0
"Dc07937","locus332",1,1,1,NA,1,NA,1,0
"Dc07937","locus358",1,1,NA,NA,1,NA,1,0
"Dc07937","locus359",1,1,NA,NA,0.676072,NA,1,0
"Dc07937","locus360",1,1,NA,NA,1,NA,1,0
"Dc08054","Dc08189",1,1,NA,NA,1,1,1,0
"Dc08054","Dc08463",1,1,NA,NA,1,1,1,0
"Dc08054","Dc08865",1,1,NA,NA,0.07104,1,0.303808,0
"Dc08054","Dc10003",1,NA,NA,NA,1,1,NA,0
"Dc08054","Dc10390",1,1,NA,NA,1,1,1,0
"Dc08054","Dc10878",1,1,NA,NA,1,NA,1,0
"Dc08054","Dc10885",1,1,0.985632,NA,1,1,1,0
"Dc08054","Dc11203",1,1,NA,NA,1,1,1,0
"Dc08054","Dc11714",1,0.96509,NA,NA,1,1,1,0
"Dc08054","Dc13159",0.61846,1,NA,NA,1,1,1,0
"Dc08054","Dc14022",1,1,NA,NA,1,1,1,0
"Dc08054","Dc14945",1,1,NA,NA,1,1,1,0
"Dc08054","Dc16747",1,1,1,NA,1,1,1,0
"Dc08054","Dc18951",1,1,NA,NA,1,1,1,0
"Dc08054","Dc20232",1,1,NA,NA,1,1,1,0
"Dc08054","Dc22883",0.415592,0.240924,NA,NA,0.517338,NA,0.14628,0
"Dc08054","Dc22887",0.7022,0.85792,NA,NA,0.7022,0.85792,0.7022,0
"Dc08054","Dc27955",0.640674,0.29256,NA,NA,1,NA,1,0
"Dc08054","Dc28124",0.588432,1,NA,NA,0.57911,1,1,0
"Dc08054","Dc28776",1,1,NA,NA,1,1,1,0
"Dc08054","Dc30071",0.26945,0.74712,NA,NA,0.74712,0.57232,0.74712,0
"Dc08054","Dc31007",0.881828,NA,NA,NA,0.1068,NA,0.419684,0
"Dc08054","Dc33714",1,1,NA,NA,1,1,1,0
"Dc08054","Dc33907",1,1,NA,NA,0.9821,1,1,0
"Dc08054","Dc34902",1,1,NA,NA,1,1,1,0
"Dc08054","Dc35779",1,1,NA,NA,1,1,1,0
"Dc08054","Dc36571",1,1,NA,NA,0.58528,0.798776,1,0
"Dc08054","Dc36616",1,1,NA,NA,1,1,1,0
"Dc08054","Dc40235",1,1,NA,NA,0.17274,1,1,0
"Dc08054","Dc41234",1,0.536088,NA,NA,NA,NA,1,0
"Dc08054","Dc46984",1,1,NA,NA,0.80272,1,0.57666,0
"Dc08054","Dc47572",1,1,1,NA,1,1,0.456792,0
"Dc08054","Dc47935",1,1,NA,NA,0.40559,1,1,0
"Dc08054","Dc48207",1,1,NA,NA,1,1,1,0
"Dc08054","Dc48950",1,1,NA,NA,1,1,1,0
"Dc08054","Dc49080",1,1,NA,NA,0.15297,0.855822,0.791928,0
"Dc08054","Dc49184",1,1,NA,NA,0.9836,1,1,0
"Dc08054","Dc51020",0.10831,1,NA,NA,1,0.570088,1,0
"Dc08054","Dc52523",1,0.39005,NA,NA,1,1,0.398608,0
"Dc08054","Dc55481",1,1,NA,1,1,NA,0.5481,0
"Dc08054","Dc58248",1,0.1456,NA,1,1,NA,1,0
"Dc08054","Dc62188",0.367572,1,1,1,1,NA,1,0
"Dc08054","Dc67011",1,1,NA,1,1,NA,1,0
"Dc08054","locus003",1,1,NA,1,1,NA,1,0
"Dc08054","locus004",1,1,NA,1,0.2861,NA,1,0
"Dc08054","locus005",1,1,NA,1,1,NA,1,0
"Dc08054","locus006",1,1,NA,1,1,NA,1,0
"Dc08054","locus013",1,1,NA,1,1,NA,1,0
"Dc08054","locus014",0.613944,1,NA,1,0.697518,NA,0.20118,0
"Dc08054","locus022",1,1,NA,1,1,NA,1,0
"Dc08054","locus024",1,1,NA,1,1,NA,1,0
"Dc08054","locus027",0.820368,0.820368,NA,NA,NA,NA,NA,0
"Dc08054","locus030",1,1,NA,NA,1,NA,1,0
"Dc08054","locus035",1,1,NA,NA,1,NA,1,0
"Dc08054","locus038",0.169936,1,NA,NA,1,NA,0.372084,0
"Dc08054","locus039",1,1,NA,NA,1,NA,1,0
"Dc08054","locus040",1,1,NA,NA,1,NA,1,0
"Dc08054","locus041",1,1,1,NA,1,NA,1,0
"Dc08054","locus045",0.570184,0.586632,NA,NA,1,NA,1,0
"Dc08054","locus047",0.807256,0.888566,NA,NA,0.75243,NA,0.242112,0
"Dc08054","locus048",1,1,NA,NA,1,NA,1,0
"Dc08054","locus053",1,1,NA,NA,1,NA,1,0
"Dc08054","locus055",1,1,NA,NA,1,NA,1,0
"Dc08054","locus056",1,0.51319,NA,0.575736,1,NA,1,0
"Dc08054","locus058",1,1,NA,0.28512,1,NA,0.737392,0
"Dc08054","locus060",0.2801,1,NA,1,1,NA,1,0
"Dc08054","locus061",0.070524,NA,NA,NA,1,NA,1,0
"Dc08054","locus064",0.36252,1,NA,1,1,NA,0.883624,0
"Dc08054","locus065",1,0.07258,NA,1,1,NA,1,0
"Dc08054","locus073",1,1,1,1,1,NA,1,0
"Dc08054","locus074",1,1,1,1,0.178296,NA,1,0
"Dc08054","locus076",1,1,NA,NA,1,NA,0.421816,0
"Dc08054","locus077",1,0.18356,NA,1,0.998184,NA,0.93704,0
"Dc08054","locus080",0.83436,1,NA,NA,1,NA,1,0
"Dc08054","locus088",1,1,NA,NA,1,NA,1,0
"Dc08054","locus093",1,1,1,NA,0.22948,NA,1,0
"Dc08054","locus096",1,1,1,NA,1,NA,1,0
"Dc08054","locus098",1,0.94708,NA,NA,1,NA,1,0
"Dc08054","locus100",0.710256,1,1,NA,1,NA,0.44581,0
"Dc08054","locus106",1,1,NA,NA,1,NA,1,0
"Dc08054","locus116",1,1,NA,NA,1,NA,1,0
"Dc08054","locus119",0.709902,0.525414,NA,NA,0.331808,NA,0.530808,0
"Dc08054","locus120",1,1,NA,NA,0.285,NA,1,0
"Dc08054","locus128",1,1,NA,1,1,NA,1,0
"Dc08054","locus129",1,1,1,1,1,NA,1,0
"Dc08054","locus130",1,NA,1,NA,1,NA,1,0
"Dc08054","locus134",1,1,NA,NA,0.900816,NA,1,0
"Dc08054","locus135",1,1,NA,1,1,NA,1,0
"Dc08054","locus137",1,1,NA,1,0.18491,NA,0.656464,0
"Dc08054","locus146",0.68017,1,1,1,0.251208,NA,1,0
"Dc08054","locus148",0.80284,1,NA,1,1,NA,1,0
"Dc08054","locus151",0.409104,NA,NA,1,0.80955,NA,1,0
"Dc08054","locus157",0.723388,NA,NA,NA,0.723388,NA,0.580446,0
"Dc08054","locus161",1,0.13191,NA,1,1,NA,1,0
"Dc08054","locus165",1,1,NA,NA,0.766312,NA,1,0
"Dc08054","locus170",1,1,NA,1,1,NA,1,0
"Dc08054","locus176",1,NA,NA,NA,0.444594,NA,1,0
"Dc08054","locus184",1,0.290448,1,1,1,NA,0.38491,0
"Dc08054","locus186",1,1,NA,1,1,NA,1,0
"Dc08054","locus188",1,1,NA,NA,1,NA,1,0
"Dc08054","locus189",1,1,NA,1,1,1,1,0
"Dc08054","locus190",1,1,NA,NA,1,1,1,0
"Dc08054","locus191",1,NA,NA,NA,1,1,1,0
"Dc08054","locus192",0.993016,0.91166,NA,NA,0.91166,0.91166,0.91166,0
"Dc08054","locus195",1,1,NA,NA,1,1,1,0
"Dc08054","locus202",0.45324,1,NA,NA,1,1,1,0
"Dc08054","locus215",1,NA,NA,NA,1,1,1,0
"Dc08054","locus227",0.94991,0.871788,1,NA,1,1,1,0
"Dc08054","locus231",1,1,NA,NA,1,NA,1,0
"Dc08054","locus235",1,1,NA,NA,1,1,1,0
"Dc08054","locus236",1,1,NA,NA,1,1,1,0
"Dc08054","locus237",1,1,NA,NA,1,1,0.45704,0
"Dc08054","locus239",1,0.24749,NA,NA,0.280464,1,0.382536,0
"Dc08054","locus248",1,1,NA,NA,1,1,0.74109,0
"Dc08054","locus256",1,1,1,NA,0.87792,NA,1,0
"Dc08054","locus263",0.97793,1,1,NA,1,NA,1,0
"Dc08054","locus264",0.433422,0.433422,NA,NA,0.933152,NA,0.337672,0
"Dc08054","locus274",1,1,NA,NA,1,NA,0.79296,0
"Dc08054","locus280",1,1,NA,NA,1,NA,1,0
"Dc08054","locus282",0.654288,0.965884,NA,NA,0.76044,NA,0.965884,0
"Dc08054","locus286",1,1,NA,NA,1,NA,1,0
"Dc08054","locus291",1,1,NA,NA,0.454216,NA,1,0
"Dc08054","locus292",0.954784,0.468248,NA,NA,0.738438,NA,0.954784,0
"Dc08054","locus296",0.502052,0.097528,NA,NA,0.395268,NA,0.491132,0
"Dc08054","locus301",1,0.752624,NA,NA,1,NA,1,0
"Dc08054","locus314",0.169312,1,NA,NA,1,NA,1,0
"Dc08054","locus321",0.20548,0.771306,NA,NA,0.9485,NA,0.9485,0
"Dc08054","locus322",1,0.565488,NA,NA,0.638298,NA,1,0
"Dc08054","locus323",1,1,NA,NA,0.687688,NA,1,0
"Dc08054","locus329",1,1,NA,NA,1,NA,0.389736,0
"Dc08054","locus332",1,1,1,NA,0.43799,NA,0.896168,0
"Dc08054","locus358",1,0.51156,NA,NA,1,NA,1,0
"Dc08054","locus359",0.70779,0.450944,NA,NA,1,NA,1,0
"Dc08054","locus360",1,1,NA,NA,0.36644,NA,1,0
"Dc08189","Dc08463",1,1,NA,NA,1,1,0.66808,0
"Dc08189","Dc08865",1,1,NA,NA,1,1,1,0
"Dc08189","Dc10003",1,NA,NA,NA,1,1,NA,0
"Dc08189","Dc10390",1,1,NA,NA,0.98554,1,1,0
"Dc08189","Dc10878",0.629504,1,NA,NA,1,NA,1,0
"Dc08189","Dc10885",1,1,1,NA,1,1,1,0
"Dc08189","Dc11203",1,0.40554,NA,NA,0.537888,1,1,0
"Dc08189","Dc11714",1,1,NA,NA,1,1,0.63113,0
"Dc08189","Dc13159",1,1,NA,NA,1,1,1,0
"Dc08189","Dc13592",1,1,NA,NA,1,1,1,0
"Dc08189","Dc14022",1,1,NA,NA,1,1,1,0
"Dc08189","Dc16747",1,1,1,NA,0.768804,1,1,0
"Dc08189","Dc18951",0.747504,1,NA,NA,0.13264,1,1,0
"Dc08189","Dc20232",1,1,NA,NA,0.88481,1,1,0
"Dc08189","Dc22883",0.58668,0.74778,NA,NA,0.74778,NA,0.74778,0
"Dc08189","Dc27955",0.977088,0.479752,NA,NA,0.977088,NA,0.977088,0
"Dc08189","Dc28124",1,1,NA,NA,1,1,1,0
"Dc08189","Dc28776",1,1,NA,NA,1,1,1,0
"Dc08189","Dc30071",1,0.86288,NA,NA,1,1,1,0
"Dc08189","Dc31007",1,NA,NA,NA,0.088368,NA,1,0
"Dc08189","Dc33714",1,1,1,NA,0.801588,1,1,0
"Dc08189","Dc33907",1,0.70911,NA,NA,0.310928,1,0.27329,0
"Dc08189","Dc34902",0.79504,1,NA,NA,1,1,1,0
"Dc08189","Dc35779",1,1,NA,NA,0.99231,1,1,0
"Dc08189","Dc36571",1,0.15692,NA,NA,0.490832,1,1,0
"Dc08189","Dc36616",1,1,NA,NA,0.19915,1,1,0
"Dc08189","Dc40235",1,1,NA,NA,1,1,1,0
"Dc08189","Dc41234",1,1,NA,NA,NA,NA,1,0
"Dc08189","Dc46984",0.918832,0.82336,NA,NA,0.918832,1,1,0
"Dc08189","Dc47572",1,1,1,NA,1,1,1,0
"Dc08189","Dc47935",1,1,NA,NA,1,1,1,0
"Dc08189","Dc48207",1,0.36006,NA,NA,1,1,1,0
"Dc08189","Dc48950",1,1,NA,NA,1,1,0.66113,0
"Dc08189","Dc49080",1,1,NA,NA,1,1,1,0
"Dc08189","Dc49184",1,0.74992,NA,NA,1,1,0.74992,0
"Dc08189","Dc51020",1,0.74787,NA,NA,1,1,1,0
"Dc08189","Dc52523",1,0.23773,NA,NA,0.260064,1,1,0
"Dc08189","Dc55481",1,1,NA,1,1,NA,1,0
"Dc08189","Dc58248",1,1,NA,1,1,NA,0.67744,0
"Dc08189","Dc62188",1,1,NA,1,1,NA,1,0
"Dc08189","Dc67011",0.99118,0.99118,NA,0.99118,0.99118,NA,0.99118,0
"Dc08189","locus003",0.665604,0.636256,NA,0.665604,0.636256,NA,0.38852,0
"Dc08189","locus004",0.921096,0.921096,NA,1,1,NA,0.19057,0
"Dc08189","locus005",1,1,NA,1,1,NA,1,0
"Dc08189","locus006",1,1,NA,0.798472,1,NA,0.40584,0
"Dc08189","locus008",1,1,NA,1,0.27399,NA,1,0
"Dc08189","locus014",1,1,NA,1,1,NA,1,0
"Dc08189","locus022",1,1,NA,1,1,NA,1,0
"Dc08189","locus024",1,1,NA,0.799256,0.47025,NA,1,0
"Dc08189","locus025",1,0.84394,NA,1,1,NA,1,0
"Dc08189","locus027",0.270954,0.121104,NA,NA,NA,NA,NA,0
"Dc08189","locus030",0.529544,1,NA,NA,1,NA,1,0
"Dc08189","locus035",1,1,NA,NA,1,NA,1,0
"Dc08189","locus038",1,1,NA,NA,1,NA,1,0
"Dc08189","locus039",0.889518,0.889518,NA,NA,0.815936,NA,0.889518,0
"Dc08189","locus040",1,1,NA,NA,0.868584,NA,1,0
"Dc08189","locus041",0.99822,1,1,NA,1,NA,1,0
"Dc08189","locus045",1,1,NA,NA,0.315752,NA,0.818448,0
"Dc08189","locus047",1,1,NA,NA,1,NA,1,0
"Dc08189","locus048",0.232856,1,NA,NA,1,NA,1,0
"Dc08189","locus053",1,1,NA,NA,1,NA,1,0
"Dc08189","locus056",1,1,NA,1,1,NA,1,0
"Dc08189","locus058",1,0.68703,NA,1,1,NA,1,0
"Dc08189","locus060",1,1,NA,1,1,NA,1,0
"Dc08189","locus061",1,NA,NA,NA,0.93669,NA,1,0
"Dc08189","locus062",0.41942,1,NA,1,1,NA,1,0
"Dc08189","locus064",1,0.823704,NA,1,1,NA,0.75045,0
"Dc08189","locus065",1,1,NA,1,1,NA,1,0
"Dc08189","locus073",1,1,1,1,1,NA,1,0
"Dc08189","locus074",1,1,1,1,1,NA,1,0
"Dc08189","locus076",1,1,NA,NA,1,NA,1,0
"Dc08189","locus077",1,1,NA,1,1,NA,1,0
"Dc08189","locus080",1,0.78054,1,NA,0.78054,NA,1,0
"Dc08189","locus088",1,1,NA,NA,1,NA,0.058296,0
"Dc08189","locus093",1,1,1,NA,1,NA,1,0
"Dc08189","locus096",1,1,1,NA,1,NA,0.43969,0
"Dc08189","locus098",1,1,NA,NA,0.332528,NA,1,0
"Dc08189","locus100",1,1,1,NA,1,NA,1,0
"Dc08189","locus106",0.722536,0.973664,NA,NA,0.973664,NA,0.890784,0
"Dc08189","locus116",0.756292,0.740106,NA,NA,0.57844,NA,0.742968,0
"Dc08189","locus119",0.763976,1,NA,NA,1,NA,0.763976,0
"Dc08189","locus120",1,1,NA,NA,1,NA,1,0
"Dc08189","locus128",1,0.13754,NA,1,1,NA,1,0
"Dc08189","locus129",1,1,1,1,1,NA,1,0
"Dc08189","locus134",1,0.830368,NA,NA,1,NA,1,0
"Dc08189","locus135",1,1,NA,1,1,NA,1,0
"Dc08189","locus137",0.795464,0.821088,NA,0.795464,0.795464,NA,0.64354,0
"Dc08189","locus139",0.59427,0.36334,NA,0.59427,0.6913,NA,0.572056,0
"Dc08189","locus140",0.601896,0.36607,NA,0.601896,0.691796,NA,0.58636,0
"Dc08189","locus146",0.487896,0.99617,1,0.99617,1,NA,1,0
"Dc08189","locus148",0.64405,1,NA,1,1,NA,1,0
"Dc08189","locus151",1,NA,NA,1,0.627936,NA,1,0
"Dc08189","locus157",0.887682,NA,NA,NA,0.887682,NA,0.887682,0
"Dc08189","locus161",1,0.50692,NA,1,1,NA,1,0
"Dc08189","locus165",1,1,NA,NA,1,NA,1,0
"Dc08189","locus170",1,0.16314,NA,1,1,NA,1,0
"Dc08189","locus176",0.952064,NA,1,NA,1,NA,1,0
"Dc08189","locus184",1,0.2466,1,1,1,NA,1,0
"Dc08189","locus186",1,0.59064,NA,1,1,NA,1,0
"Dc08189","locus188",0.514136,1,NA,NA,1,NA,1,0
"Dc08189","locus189",1,1,NA,1,0.98669,1,0.331536,0
"Dc08189","locus190",1,1,NA,NA,1,1,1,0
"Dc08189","locus191",0.477924,NA,NA,NA,0.19996,1,1,0
"Dc08189","locus192",1,1,NA,NA,1,1,0.37949,0
"Dc08189","locus195",1,1,NA,NA,0.96393,1,1,0
"Dc08189","locus202",1,1,NA,NA,1,1,1,0
"Dc08189","locus215",1,NA,NA,NA,1,1,1,0
"Dc08189","locus227",1,1,1,NA,1,1,1,0
"Dc08189","locus231",0.593346,1,NA,NA,1,NA,0.483024,0
"Dc08189","locus235",1,1,NA,NA,1,1,1,0
"Dc08189","locus237",1,1,NA,NA,1,1,0.32927,0
"Dc08189","locus239",1,0.70537,NA,NA,0.70537,1,1,0
"Dc08189","locus256",0.866024,0.67205,0.67205,NA,0.866024,NA,0.67205,0
"Dc08189","locus263",1,0.25453,1,NA,0.615808,NA,0.615808,0
"Dc08189","locus264",0.946938,0.946938,NA,NA,0.642152,NA,1,0
"Dc08189","locus280",0.929124,0.156864,NA,NA,0.98309,NA,0.144552,0
"Dc08189","locus282",1,1,NA,NA,1,NA,1,0
"Dc08189","locus286",1,1,NA,NA,1,NA,1,0
"Dc08189","locus291",1,1,NA,NA,1,NA,1,0
"Dc08189","locus292",1,1,NA,NA,1,NA,1,0
"Dc08189","locus296",0.877284,1,NA,NA,0.419928,NA,1,0
"Dc08189","locus301",1,1,NA,NA,0.777736,NA,1,0
"Dc08189","locus314",0.069096,1,NA,NA,1,NA,1,0
"Dc08189","locus321",0.515936,0.515936,NA,NA,1,NA,1,0
"Dc08189","locus322",1,1,NA,NA,1,NA,1,0
"Dc08189","locus329",1,1,NA,NA,1,NA,1,0
"Dc08189","locus332",1,1,1,NA,1,NA,1,0
"Dc08189","locus358",0.09068,0.38973,NA,NA,0.516676,NA,0.516676,0
"Dc08189","locus359",1,1,NA,NA,1,NA,1,0
"Dc08189","locus360",0.653288,1,NA,NA,1,NA,0.851364,0
"Dc08463","Dc08865",1,0.72149,NA,NA,1,0.72149,0.72149,0
"Dc08463","Dc10390",1,1,NA,NA,1,1,1,0
"Dc08463","Dc10878",1,0.953512,NA,NA,1,NA,1,0
"Dc08463","Dc10885",1,0.705408,1,NA,1,1,1,0
"Dc08463","Dc11714",1,1,NA,NA,1,1,0.40663,0
"Dc08463","Dc13159",0.1998,1,NA,NA,1,1,1,0
"Dc08463","Dc13592",1,1,NA,NA,1,1,1,0
"Dc08463","Dc14022",1,1,NA,NA,1,0.71714,1,0
"Dc08463","Dc16747",0.65795,1,NA,NA,1,1,1,0
"Dc08463","Dc18951",1,1,NA,NA,1,1,0.64783,0
"Dc08463","Dc20232",1,1,NA,NA,0.924096,0.924096,0.86373,0
"Dc08463","Dc22883",1,1,1,NA,0.67332,NA,1,0
"Dc08463","Dc22887",1,1,NA,NA,0.681,1,1,0
"Dc08463","Dc27955",0.24208,1,NA,NA,0.352812,NA,1,0
"Dc08463","Dc28124",1,1,NA,NA,1,1,1,0
"Dc08463","Dc28776",1,0.81367,NA,NA,0.81367,1,0.81367,0
"Dc08463","Dc30071",0.47737,1,NA,NA,0.578696,1,1,0
"Dc08463","Dc31007",0.860394,NA,NA,NA,0.860394,NA,0.860394,0
"Dc08463","Dc33714",1,0.65412,NA,NA,1,1,1,0
"Dc08463","Dc33907",1,1,NA,NA,1,1,1,0
"Dc08463","Dc34902",1,1,NA,NA,1,1,1,0
"Dc08463","Dc35779",1,1,NA,NA,1,1,1,0
"Dc08463","Dc36571",1,1,NA,NA,1,1,1,0
"Dc08463","Dc36616",1,1,NA,NA,1,1,1,0
"Dc08463","Dc40235",0.806592,1,NA,NA,0.08599,1,1,0
"Dc08463","Dc41234",0.391992,0.72584,NA,NA,NA,NA,0.72584,0
"Dc08463","Dc46984",1,1,NA,NA,1,1,1,0
"Dc08463","Dc47572",1,1,1,NA,0.097344,1,1,0
"Dc08463","Dc47935",1,1,NA,NA,0.25071,1,1,0
"Dc08463","Dc48207",1,1,NA,NA,0.65038,1,1,0
"Dc08463","Dc48950",1,1,NA,NA,1,1,0.87649,0
"Dc08463","Dc49080",0.22921,1,NA,NA,0.810072,1,0.23208,0
"Dc08463","Dc49184",0.53309,1,NA,NA,0.62784,1,1,0
"Dc08463","Dc51020",1,1,NA,NA,1,1,1,0
"Dc08463","Dc55481",1,1,NA,1,1,NA,1,0
"Dc08463","Dc58248",0.97619,1,NA,1,1,NA,1,0
"Dc08463","Dc62188",1,1,NA,1,1,NA,1,0
"Dc08463","Dc67011",1,1,NA,1,1,NA,1,0
"Dc08463","locus003",1,0.23285,NA,0.922632,1,NA,1,0
"Dc08463","locus004",1,1,NA,1,1,NA,1,0
"Dc08463","locus005",1,1,NA,1,1,NA,1,0
"Dc08463","locus006",0.61633,1,NA,1,1,NA,1,0
"Dc08463","locus008",1,1,NA,1,1,NA,1,0
"Dc08463","locus013",1,1,NA,1,0.895488,NA,0.13126,0
"Dc08463","locus014",0.98408,0.43413,NA,1,1,NA,1,0
"Dc08463","locus022",1,1,NA,1,1,NA,1,0
"Dc08463","locus024",1,1,NA,1,1,NA,1,0
"Dc08463","locus025",0.991766,0.809016,NA,0.801704,0.964072,NA,0.35438,0
"Dc08463","locus027",0.549552,0.549552,NA,NA,NA,NA,NA,0
"Dc08463","locus030",0.410352,0.691868,NA,NA,0.348392,NA,0.691868,0
"Dc08463","locus035",1,0.309224,NA,NA,0.309224,NA,1,0
"Dc08463","locus038",1,1,NA,NA,1,NA,0.156016,0
"Dc08463","locus039",0.945856,0.669126,NA,NA,0.945856,NA,0.415088,0
"Dc08463","locus040",1,1,NA,NA,1,NA,1,0
"Dc08463","locus041",1,1,NA,NA,1,NA,1,0
"Dc08463","locus045",1,0.36076,NA,NA,1,NA,1,0
"Dc08463","locus047",1,1,NA,NA,1,NA,1,0
"Dc08463","locus048",1,1,NA,NA,1,NA,1,0
"Dc08463","locus053",1,1,NA,NA,0.231776,NA,1,0
"Dc08463","locus056",0.451584,0.27332,NA,1,1,NA,1,0
"Dc08463","locus058",1,1,NA,1,1,NA,1,0
"Dc08463","locus060",1,1,NA,0.71999,1,NA,1,0
"Dc08463","locus061",1,NA,NA,NA,0.90282,NA,0.921136,0
"Dc08463","locus062",1,1,NA,1,1,NA,1,0
"Dc08463","locus064",1,1,NA,1,1,NA,1,0
"Dc08463","locus065",1,0.55324,NA,1,1,NA,1,0
"Dc08463","locus073",1,0.494832,1,1,1,NA,1,0
"Dc08463","locus074",1,1,1,1,0.599052,NA,1,0
"Dc08463","locus076",1,1,1,NA,1,NA,1,0
"Dc08463","locus077",0.458304,0.43983,NA,1,0.43983,NA,1,0
"Dc08463","locus080",1,0.960888,NA,NA,1,NA,1,0
"Dc08463","locus083",0.393396,NA,NA,NA,1,NA,1,0
"Dc08463","locus088",1,1,NA,NA,1,NA,1,0
"Dc08463","locus093",1,1,1,NA,1,NA,1,0
"Dc08463","locus096",0.971024,1,1,NA,0.90552,NA,1,0
"Dc08463","locus098",1,1,NA,NA,1,NA,1,0
"Dc08463","locus100",1,1,1,NA,1,NA,1,0
"Dc08463","locus106",1,1,NA,NA,1,NA,1,0
"Dc08463","locus116",1,1,NA,NA,1,NA,0.784472,0
"Dc08463","locus119",0.95025,0.829792,NA,NA,0.361338,NA,0.132728,0
"Dc08463","locus120",1,1,NA,NA,1,NA,1,0
"Dc08463","locus128",0.09816,0.09816,NA,1,1,NA,0.09563,0
"Dc08463","locus134",0.2352,1,NA,NA,1,NA,1,0
"Dc08463","locus135",1,0.822336,NA,0.24178,1,NA,1,0
"Dc08463","locus137",0.34891,1,NA,1,0.9692,NA,1,0
"Dc08463","locus139",1,1,NA,1,1,NA,1,0
"Dc08463","locus140",1,1,NA,1,1,NA,1,0
"Dc08463","locus148",1,1,NA,1,1,NA,1,0
"Dc08463","locus151",1,NA,NA,1,1,NA,1,0
"Dc08463","locus157",0.76596,NA,NA,NA,0.76596,NA,0.76596,0
"Dc08463","locus161",1,1,NA,1,1,NA,0.40717,0
"Dc08463","locus165",0.751336,1,NA,NA,1,NA,1,0
"Dc08463","locus170",1,1,NA,1,0.37916,NA,1,0
"Dc08463","locus176",1,NA,NA,NA,1,NA,1,0
"Dc08463","locus184",1,0.414324,1,1,1,NA,1,0
"Dc08463","locus186",1,1,NA,1,1,NA,1,0
"Dc08463","locus188",1,1,NA,NA,0.2233,1,0.565024,0
"Dc08463","locus189",1,1,NA,0.793,1,0.71266,0.23718,0
"Dc08463","locus190",1,1,NA,NA,1,1,1,0
"Dc08463","locus191",1,NA,NA,NA,1,1,1,0
"Dc08463","locus192",1,0.46236,NA,NA,0.876088,1,1,0
"Dc08463","locus195",1,1,NA,NA,1,1,1,0
"Dc08463","locus215",0.136184,NA,NA,NA,0.882366,1,1,0
"Dc08463","locus227",1,1,1,NA,1,1,1,0
"Dc08463","locus231",1,1,1,NA,1,NA,1,0
"Dc08463","locus235",1,1,NA,NA,1,1,1,0
"Dc08463","locus236",1,1,NA,NA,1,1,1,0
"Dc08463","locus237",1,1,NA,NA,1,1,1,0
"Dc08463","locus239",1,1,NA,NA,0.37217,1,1,0
"Dc08463","locus248",1,1,NA,NA,0.30237,1,1,0
"Dc08463","locus256",0.90326,1,1,NA,1,NA,1,0
"Dc08463","locus263",1,1,NA,NA,1,NA,1,0
"Dc08463","locus264",1,0.89416,NA,NA,1,NA,1,0
"Dc08463","locus274",1,0.172904,NA,NA,1,NA,1,0
"Dc08463","locus280",1,1,NA,NA,1,NA,1,0
"Dc08463","locus282",1,0.705372,NA,NA,0.141552,NA,1,0
"Dc08463","locus286",1,0.33564,NA,NA,1,NA,1,0
"Dc08463","locus291",1,1,NA,NA,0.681848,NA,1,0
"Dc08463","locus292",1,1,NA,NA,1,NA,1,0
"Dc08463","locus296",0.520496,0.879924,NA,NA,0.775704,NA,0.879924,0
"Dc08463","locus301",1,0.963126,NA,NA,0.827792,NA,1,0
"Dc08463","locus314",1,0.90984,NA,NA,1,NA,1,0
"Dc08463","locus321",0.205308,0.445624,NA,NA,0.199504,NA,0.445624,0
"Dc08463","locus322",0.920528,0.681544,NA,NA,0.681544,NA,0.681544,0
"Dc08463","locus323",1,0.672432,NA,NA,1,NA,1,0
"Dc08463","locus329",1,0.807304,NA,NA,0.816378,NA,1,0
"Dc08463","locus332",1,1,1,NA,0.10684,NA,0.385488,0
"Dc08463","locus358",0.77024,0.77024,NA,NA,0.9523,NA,0.9523,0
"Dc08463","locus359",0.459424,1,NA,NA,1,NA,1,0
"Dc08463","locus360",1,1,NA,NA,1,NA,1,0
"Dc08865","Dc10003",1,NA,NA,NA,1,1,NA,0
"Dc08865","Dc10390",0.917058,1,NA,NA,0.09074,1,0.566624,0
"Dc08865","Dc10878",0.753872,0.753872,NA,NA,0.753872,NA,0.753872,0
"Dc08865","Dc10885",1,1,1,NA,0.885612,1,1,0
"Dc08865","Dc11203",1,1,NA,NA,1,1,1,0
"Dc08865","Dc11714",1,1,NA,NA,1,1,1,0
"Dc08865","Dc13159",1,1,NA,NA,0.31836,1,1,0
"Dc08865","Dc13592",0.16205,0.890388,NA,NA,0.890388,0.811536,0.890388,0
"Dc08865","Dc14022",0.570592,0.52919,NA,NA,1,0.570592,1,0
"Dc08865","Dc14945",0.6337,1,NA,NA,1,1,1,0
"Dc08865","Dc16747",1,1,NA,NA,1,1,1,0
"Dc08865","Dc18951",0.45356,1,NA,NA,0.844392,1,0.472696,0
"Dc08865","Dc20232",0.402246,0.402246,NA,NA,0.08694,0.08694,0.709928,0
"Dc08865","Dc22883",0.49269,1,1,NA,0.55948,NA,1,0
"Dc08865","Dc22887",0.17684,1,NA,NA,0.461208,1,1,0
"Dc08865","Dc27955",1,1,NA,NA,1,NA,1,0
"Dc08865","Dc28124",1,0.67991,NA,NA,1,1,0.67991,0
"Dc08865","Dc28776",1,1,NA,NA,1,1,0.72567,0
"Dc08865","Dc30071",0.64943,1,NA,NA,1,1,1,0
"Dc08865","Dc31007",0.638752,NA,NA,NA,0.638752,NA,0.31086,0
"Dc08865","Dc33714",1,1,NA,NA,0.16479,1,1,0
"Dc08865","Dc33907",1,1,NA,NA,0.27141,1,1,0
"Dc08865","Dc34902",1,1,NA,NA,1,1,1,0
"Dc08865","Dc35779",0.680598,0.07364,NA,NA,0.154824,1,1,0
"Dc08865","Dc36571",0.787896,0.32624,NA,NA,1,1,1,0
"Dc08865","Dc36616",1,1,NA,NA,1,1,1,0
"Dc08865","Dc40235",1,1,NA,NA,0.51744,1,1,0
"Dc08865","Dc41234",1,0.592602,NA,NA,NA,NA,1,0
"Dc08865","Dc46984",1,1,NA,NA,1,1,1,0
"Dc08865","Dc47572",1,1,1,NA,1,0.881136,1,0
"Dc08865","Dc47935",1,1,NA,NA,1,1,1,0
"Dc08865","Dc48207",1,0.51812,NA,NA,0.992992,1,0.992992,0
"Dc08865","Dc48950",1,0.657704,NA,NA,0.07041,1,1,0
"Dc08865","Dc49080",1,1,NA,NA,1,1,1,0
"Dc08865","Dc49184",1,1,NA,NA,0.07337,1,1,0
"Dc08865","Dc51020",1,1,NA,NA,1,1,1,0
"Dc08865","Dc52523",1,1,NA,NA,1,1,1,0
"Dc08865","Dc55481",0.912832,0.34692,NA,1,0.912832,NA,1,0
"Dc08865","Dc58248",1,1,NA,1,1,NA,1,0
"Dc08865","Dc67011",1,1,NA,1,1,NA,1,0
"Dc08865","locus003",0.67017,1,NA,1,1,NA,1,0
"Dc08865","locus004",1,0.667312,NA,1,0.2904,NA,1,0
"Dc08865","locus005",0.97125,0.43405,NA,1,0.97125,NA,0.945576,0
"Dc08865","locus006",1,1,NA,1,0.62818,NA,1,0
"Dc08865","locus008",0.577592,1,NA,0.577592,0.17055,NA,1,0
"Dc08865","locus013",1,1,NA,1,1,NA,1,0
"Dc08865","locus014",1,0.92887,NA,1,1,NA,1,0
"Dc08865","locus022",1,1,NA,1,0.52601,NA,1,0
"Dc08865","locus024",1,0.571056,NA,1,0.45595,NA,0.5718,0
"Dc08865","locus025",1,1,NA,0.23535,1,NA,0.23535,0
"Dc08865","locus027",0.223924,0.703994,NA,NA,NA,NA,NA,0
"Dc08865","locus030",1,1,NA,NA,0.914696,NA,1,0
"Dc08865","locus035",1,1,NA,NA,1,NA,1,0
"Dc08865","locus038",1,1,NA,NA,1,NA,1,0
"Dc08865","locus039",0.391932,0.774,NA,NA,0.252368,NA,0.774,0
"Dc08865","locus040",1,1,NA,NA,1,NA,1,0
"Dc08865","locus041",1,1,NA,NA,1,NA,1,0
"Dc08865","locus045",0.824544,0.824544,NA,NA,0.35196,NA,0.824544,0
"Dc08865","locus047",1,1,NA,NA,1,NA,1,0
"Dc08865","locus048",1,0.632298,NA,NA,0.097024,NA,1,0
"Dc08865","locus053",0.822456,1,NA,NA,1,NA,1,0
"Dc08865","locus055",1,1,NA,NA,1,NA,1,0
"Dc08865","locus056",1,1,NA,1,0.813304,NA,0.63626,0
"Dc08865","locus058",1,0.221944,NA,1,0.20145,NA,0.417456,0
"Dc08865","locus060",0.838848,0.11671,NA,1,0.905946,NA,0.921664,0
"Dc08865","locus061",0.856524,NA,NA,NA,0.856524,NA,1,0
"Dc08865","locus062",1,1,NA,1,1,NA,1,0
"Dc08865","locus064",0.42603,1,NA,1,1,NA,1,0
"Dc08865","locus065",0.43423,1,NA,1,1,NA,1,0
"Dc08865","locus073",1,0.730584,1,1,0.730584,NA,1,0
"Dc08865","locus074",1,1,1,0.862476,1,NA,1,0
"Dc08865","locus076",1,1,1,NA,1,NA,0.72542,0
"Dc08865","locus077",1,0.82008,NA,1,1,NA,1,0
"Dc08865","locus080",0.82017,0.304864,NA,NA,1,NA,1,0
"Dc08865","locus083",0.960576,NA,NA,NA,0.960576,NA,0.960576,0
"Dc08865","locus088",1,0.877264,NA,NA,1,NA,1,0
"Dc08865","locus093",1,1,1,NA,1,NA,1,0
"Dc08865","locus096",1,1,1,NA,1,NA,1,0
"Dc08865","locus100",1,1,1,NA,0.1458,NA,1,0
"Dc08865","locus106",0.60748,1,NA,NA,1,NA,1,0
"Dc08865","locus116",1,1,NA,NA,0.50536,NA,0.50536,0
"Dc08865","locus119",0.39136,0.39136,NA,NA,0.787224,NA,0.787224,0
"Dc08865","locus120",1,0.4574,NA,NA,1,NA,1,0
"Dc08865","locus128",1,0.511736,NA,1,1,NA,0.37421,0
"Dc08865","locus129",1,1,1,1,0.345624,NA,1,0
"Dc08865","locus130",0.366804,NA,NA,NA,0.362826,NA,0.366804,0
"Dc08865","locus134",1,1,NA,NA,1,NA,1,0
"Dc08865","locus135",1,1,NA,1,1,NA,1,0
"Dc08865","locus137",1,1,NA,1,1,NA,1,0
"Dc08865","locus139",0.5385,1,NA,1,1,NA,1,0
"Dc08865","locus140",0.53627,1,NA,1,1,NA,1,0
"Dc08865","locus146",1,1,1,1,1,NA,1,0
"Dc08865","locus148",1,0.41222,NA,1,0.729368,NA,0.729368,0
"Dc08865","locus151",1,NA,NA,1,1,NA,1,0
"Dc08865","locus161",1,0.555488,NA,1,1,NA,0.2273,0
"Dc08865","locus165",1,0.899752,NA,NA,1,NA,1,0
"Dc08865","locus170",0.58789,1,NA,1,1,NA,1,0
"Dc08865","locus176",0.154086,NA,NA,NA,0.486796,NA,0.519494,0
"Dc08865","locus184",1,1,1,1,1,NA,1,0
"Dc08865","locus186",1,1,NA,1,1,NA,1,0
"Dc08865","locus188",1,1,NA,NA,0.24592,1,1,0
"Dc08865","locus189",0.569544,1,NA,1,1,1,1,0
"Dc08865","locus190",1,1,NA,NA,1,1,1,0
"Dc08865","locus191",0.279136,NA,NA,NA,1,1,1,0
"Dc08865","locus192",1,0.938432,NA,NA,0.8333,1,0.973776,0
"Dc08865","locus195",0.8361,1,NA,NA,1,1,1,0
"Dc08865","locus202",1,1,NA,NA,1,1,1,0
"Dc08865","locus215",1,NA,NA,NA,1,0.260752,1,0
"Dc08865","locus227",1,1,1,NA,0.133632,1,1,0
"Dc08865","locus231",1,1,1,NA,1,NA,1,0
"Dc08865","locus235",1,1,NA,NA,0.19828,1,1,0
"Dc08865","locus236",0.989384,0.989384,NA,NA,0.62662,0.989384,1,0
"Dc08865","locus237",1,1,NA,NA,0.25129,1,1,0
"Dc08865","locus239",0.947412,1,NA,NA,0.0886,0.79824,1,0
"Dc08865","locus248",1,1,NA,NA,1,1,1,0
"Dc08865","locus256",1,1,1,NA,1,NA,1,0
"Dc08865","locus263",0.373338,1,NA,NA,0.354936,NA,1,0
"Dc08865","locus264",0.945952,0.945952,NA,NA,0.945952,NA,0.948078,0
"Dc08865","locus274",0.877992,0.877992,NA,NA,0.877992,NA,0.877992,0
"Dc08865","locus280",0.247928,1,NA,NA,1,NA,1,0
"Dc08865","locus282",1,1,NA,NA,1,NA,1,0
"Dc08865","locus286",1,1,NA,NA,1,NA,1,0
"Dc08865","locus291",1,0.891036,NA,NA,0.721184,NA,1,0
"Dc08865","locus292",0.43856,1,NA,NA,1,NA,1,0
"Dc08865","locus296",1,1,NA,NA,1,NA,1,0
"Dc08865","locus301",1,1,NA,NA,1,NA,1,0
"Dc08865","locus314",1,1,NA,NA,1,NA,1,0
"Dc08865","locus321",0.924228,0.924228,NA,NA,0.91629,NA,0.669176,0
"Dc08865","locus322",0.653094,0.653094,NA,NA,0.102808,NA,0.653094,0
"Dc08865","locus323",1,1,NA,NA,0.471104,NA,1,0
"Dc08865","locus332",1,1,1,NA,0.67125,NA,1,0
"Dc08865","locus358",1,1,NA,NA,1,NA,1,0
"Dc08865","locus359",1,1,NA,NA,1,NA,1,0
"Dc08865","locus360",1,1,NA,NA,1,NA,0.690392,0
"Dc10003","Dc10390",1,NA,NA,NA,1,1,NA,0
"Dc10003","Dc10878",0.935886,NA,NA,NA,0.87336,NA,NA,0
"Dc10003","Dc10885",0.242192,NA,1,NA,0.567546,1,NA,0
"Dc10003","Dc11203",0.106848,NA,NA,NA,1,1,NA,0
"Dc10003","Dc11714",1,NA,1,NA,1,1,NA,0
"Dc10003","Dc13159",1,NA,NA,NA,1,1,NA,0
"Dc10003","Dc13592",1,NA,NA,NA,0.337188,1,NA,0
"Dc10003","Dc14022",1,NA,NA,NA,1,1,NA,0
"Dc10003","Dc14945",0.780624,NA,NA,NA,0.780624,1,NA,0
"Dc10003","Dc16747",1,NA,NA,NA,1,1,NA,0
"Dc10003","Dc18951",0.821718,NA,NA,NA,1,1,NA,0
"Dc10003","Dc20232",0.826516,NA,NA,NA,0.535608,1,NA,0
"Dc10003","Dc22883",0.464094,NA,0.464094,NA,0.464094,NA,NA,0
"Dc10003","Dc22887",1,NA,NA,NA,1,1,NA,0
"Dc10003","Dc28124",0.980504,NA,NA,NA,0.812652,1,NA,0
"Dc10003","Dc28776",1,NA,NA,NA,0.320736,1,NA,0
"Dc10003","Dc30071",1,NA,NA,NA,1,1,NA,0
"Dc10003","Dc31007",0.49132,NA,NA,NA,1,NA,NA,0
"Dc10003","Dc33907",1,NA,NA,NA,1,1,NA,0
"Dc10003","Dc34902",1,NA,NA,NA,1,1,NA,0
"Dc10003","Dc35779",1,NA,NA,NA,1,1,NA,0
"Dc10003","Dc36571",0.93357,NA,NA,NA,1,1,NA,0
"Dc10003","Dc36616",0.759972,NA,NA,NA,0.993964,1,NA,0
"Dc10003","Dc40235",1,NA,NA,NA,1,1,NA,0
"Dc10003","Dc41234",0.808928,NA,NA,NA,NA,NA,NA,0
"Dc10003","Dc46984",0.990472,NA,NA,NA,0.721236,1,NA,0
"Dc10003","Dc47572",1,NA,1,NA,1,1,NA,0
"Dc10003","Dc47935",1,NA,1,NA,1,1,NA,0
"Dc10003","Dc48207",1,NA,NA,NA,1,1,NA,0
"Dc10003","Dc48950",0.414126,NA,NA,NA,1,1,NA,0
"Dc10003","Dc49080",1,NA,NA,NA,1,1,NA,0
"Dc10003","Dc49184",1,NA,NA,NA,1,1,NA,0
"Dc10003","Dc51020",1,NA,NA,NA,1,1,NA,0
"Dc10003","Dc52523",1,NA,NA,NA,1,1,NA,0
"Dc10003","Dc55481",1,NA,NA,1,1,NA,NA,0
"Dc10003","Dc58248",1,NA,NA,1,1,NA,NA,0
"Dc10003","Dc62188",1,NA,NA,1,1,NA,NA,0
"Dc10003","Dc67011",0.388206,NA,NA,1,0.532328,NA,NA,0
"Dc10003","locus003",1,NA,NA,1,1,NA,NA,0
"Dc10003","locus004",0.64812,NA,NA,1,1,NA,NA,0
"Dc10003","locus005",0.741352,NA,NA,0.741352,0.654192,NA,NA,0
"Dc10003","locus006",0.41196,NA,NA,1,0.246522,NA,NA,0
"Dc10003","locus008",1,NA,NA,1,1,NA,NA,0
"Dc10003","locus013",0.06798,NA,NA,0.820148,0.820148,NA,NA,0
"Dc10003","locus014",1,NA,NA,1,0.641856,NA,NA,0
"Dc10003","locus022",0.800324,NA,NA,1,0.555216,NA,NA,0
"Dc10003","locus024",1,NA,NA,1,0.662178,NA,NA,0
"Dc10003","locus025",0.752772,NA,NA,1,0.942232,NA,NA,0
"Dc10003","locus027",0.058712,NA,NA,NA,NA,NA,NA,0
"Dc10003","locus030",0.382956,NA,NA,NA,0.382956,NA,NA,0
"Dc10003","locus035",1,NA,NA,NA,1,NA,NA,0
"Dc10003","locus038",1,NA,NA,NA,1,NA,NA,0
"Dc10003","locus039",0.773692,NA,NA,NA,0.45924,NA,NA,0
"Dc10003","locus040",1,NA,NA,NA,1,NA,NA,0
"Dc10003","locus041",0.67356,NA,NA,NA,0.29266,NA,NA,0
"Dc10003","locus045",0.416796,NA,NA,NA,0.656696,NA,NA,0
"Dc10003","locus047",1,NA,NA,NA,0.836004,NA,NA,0
"Dc10003","locus048",0.686332,NA,NA,NA,1,NA,NA,0
"Dc10003","locus053",0.876078,NA,NA,NA,0.121112,NA,NA,0
"Dc10003","locus055",0.511712,NA,NA,NA,0.655522,NA,NA,0
"Dc10003","locus056",1,NA,NA,1,1,NA,NA,0
"Dc10003","locus058",1,NA,NA,1,1,NA,NA,0
"Dc10003","locus060",1,NA,NA,1,1,NA,NA,0
"Dc10003","locus061",1,NA,NA,NA,0.26924,NA,NA,0
"Dc10003","locus062",1,NA,NA,1,1,NA,NA,0
"Dc10003","locus064",1,NA,NA,1,1,NA,NA,0
"Dc10003","locus065",1,NA,NA,1,0.146118,NA,NA,0
"Dc10003","locus073",1,NA,1,1,1,NA,NA,0
"Dc10003","locus074",1,NA,1,1,0.349488,NA,NA,0
"Dc10003","locus076",0.99561,NA,0.99561,NA,0.99561,NA,NA,0
"Dc10003","locus077",1,NA,NA,1,1,NA,NA,0
"Dc10003","locus080",0.757704,NA,NA,NA,0.265692,NA,NA,0
"Dc10003","locus083",0.730428,NA,NA,NA,0.694016,NA,NA,0
"Dc10003","locus088",0.828628,NA,NA,NA,0.828628,NA,NA,0
"Dc10003","locus093",1,NA,1,NA,1,NA,NA,0
"Dc10003","locus096",1,NA,1,NA,1,NA,NA,0
"Dc10003","locus098",1,NA,NA,NA,1,NA,NA,0
"Dc10003","locus100",1,NA,1,NA,1,NA,NA,0
"Dc10003","locus116",0.7073,NA,NA,NA,0.7073,NA,NA,0
"Dc10003","locus119",0.856388,NA,NA,NA,0.246048,NA,NA,0
"Dc10003","locus120",0.173576,NA,NA,NA,0.78655,NA,NA,0
"Dc10003","locus128",0.220212,NA,NA,0.996148,0.996148,NA,NA,0
"Dc10003","locus129",1,NA,1,1,0.591496,NA,NA,0
"Dc10003","locus130",0.574884,NA,NA,NA,0.574884,NA,NA,0
"Dc10003","locus134",0.96022,NA,NA,NA,0.96022,NA,NA,0
"Dc10003","locus135",1,NA,NA,0.997698,1,NA,NA,0
"Dc10003","locus137",1,NA,NA,1,1,NA,NA,0
"Dc10003","locus139",0.524184,NA,NA,1,0.997596,NA,NA,0
"Dc10003","locus140",0.502752,NA,NA,1,0.99272,NA,NA,0
"Dc10003","locus146",0.748864,NA,0.999078,1,1,NA,NA,0
"Dc10003","locus148",0.664044,NA,NA,1,1,NA,NA,0
"Dc10003","locus151",1,NA,NA,1,1,NA,NA,0
"Dc10003","locus157",0.285644,NA,NA,NA,0.733132,NA,NA,0
"Dc10003","locus161",0.89172,NA,NA,0.99728,0.99728,NA,NA,0
"Dc10003","locus165",1,NA,NA,NA,1,NA,NA,0
"Dc10003","locus170",1,NA,NA,1,1,NA,NA,0
"Dc10003","locus176",0.425904,NA,NA,NA,0.425904,NA,NA,0
"Dc10003","locus184",1,NA,1,1,1,NA,NA,0
"Dc10003","locus186",1,NA,NA,1,0.830094,NA,NA,0
"Dc10003","locus188",0.134118,NA,NA,NA,0.91018,1,NA,0
"Dc10003","locus189",0.524416,NA,NA,1,0.53721,1,NA,0
"Dc10003","locus190",1,NA,NA,NA,1,1,NA,0
"Dc10003","locus191",1,NA,NA,NA,1,1,NA,0
"Dc10003","locus192",0.334332,NA,NA,NA,1,1,NA,0
"Dc10003","locus195",0.228534,NA,NA,NA,1,1,NA,0
"Dc10003","locus202",1,NA,NA,NA,1,1,NA,0
"Dc10003","locus215",1,NA,NA,NA,1,1,NA,0
"Dc10003","locus227",1,NA,1,NA,0.882976,1,NA,0
"Dc10003","locus231",1,NA,1,NA,0.226572,NA,NA,0
"Dc10003","locus235",1,NA,NA,NA,1,1,NA,0
"Dc10003","locus236",0.528448,NA,NA,NA,0.247668,1,NA,0
"Dc10003","locus237",0.975828,NA,NA,NA,1,1,NA,0
"Dc10003","locus239",1,NA,NA,NA,1,1,NA,0
"Dc10003","locus248",1,NA,NA,NA,1,1,NA,0
"Dc10003","locus256",1,NA,1,NA,1,NA,NA,0
"Dc10003","locus263",1,NA,NA,NA,1,NA,NA,0
"Dc10003","locus264",0.388548,NA,NA,NA,0.577698,NA,NA,0
"Dc10003","locus274",1,NA,NA,NA,1,NA,NA,0
"Dc10003","locus280",0.114848,NA,NA,NA,0.232272,NA,NA,0
"Dc10003","locus282",0.584388,NA,NA,NA,0.064892,NA,NA,0
"Dc10003","locus286",1,NA,NA,NA,1,NA,NA,0
"Dc10003","locus291",0.958464,NA,NA,NA,0.570184,NA,NA,0
"Dc10003","locus292",0.357236,NA,NA,NA,0.206664,NA,NA,0
"Dc10003","locus296",0.072852,NA,NA,NA,0.54982,NA,NA,0
"Dc10003","locus301",0.892732,NA,NA,NA,0.892732,NA,NA,0
"Dc10003","locus314",1,NA,NA,NA,1,NA,NA,0
"Dc10003","locus321",1,NA,NA,NA,1,NA,NA,0
"Dc10003","locus322",0.699272,NA,NA,NA,0.699272,NA,NA,0
"Dc10003","locus323",0.72728,NA,NA,NA,1,NA,NA,0
"Dc10003","locus329",0.363904,NA,NA,NA,0.447418,NA,NA,0
"Dc10003","locus358",0.406356,NA,NA,NA,0.406356,NA,NA,0
"Dc10003","locus359",0.777736,NA,NA,NA,0.777736,NA,NA,0
"Dc10003","locus360",0.563694,NA,1,NA,1,NA,NA,0
"Dc10390","Dc10878",1,1,NA,NA,1,NA,1,0
"Dc10390","Dc10885",0.56214,1,1,NA,1,1,1,0
"Dc10390","Dc11203",1,1,NA,NA,1,1,0.26747,0
"Dc10390","Dc11714",0.58265,1,1,NA,0.5688,1,1,0
"Dc10390","Dc13159",0.31195,1,NA,NA,0.551976,1,1,0
"Dc10390","Dc13592",0.431112,0.18558,NA,NA,0.431112,1,1,0
"Dc10390","Dc14022",1,1,NA,NA,1,1,1,0
"Dc10390","Dc14945",1,0.636392,NA,NA,0.185,1,1,0
"Dc10390","Dc16747",1,0.22159,NA,NA,1,1,1,0
"Dc10390","Dc18951",0.521152,0.38981,NA,NA,0.521152,1,0.7369,0
"Dc10390","Dc20232",1,1,NA,NA,1,1,1,0
"Dc10390","Dc22883",1,1,1,NA,1,NA,1,0
"Dc10390","Dc22887",1,1,NA,NA,1,1,1,0
"Dc10390","Dc27955",1,0.788562,NA,NA,1,NA,0.605192,0
"Dc10390","Dc28124",1,1,NA,NA,1,1,1,0
"Dc10390","Dc28776",1,1,NA,NA,1,1,1,0
"Dc10390","Dc30071",1,0.57123,NA,NA,1,1,1,0
"Dc10390","Dc31007",1,NA,NA,NA,0.207702,NA,1,0
"Dc10390","Dc33714",1,0.97888,NA,NA,0.14486,1,1,0
"Dc10390","Dc33907",1,1,NA,NA,1,1,1,0
"Dc10390","Dc34902",1,1,NA,NA,1,1,1,0
"Dc10390","Dc35779",1,0.58603,NA,NA,1,1,1,0
"Dc10390","Dc36571",1,1,NA,NA,1,1,1,0
"Dc10390","Dc36616",1,1,NA,NA,0.63909,1,1,0
"Dc10390","Dc40235",1,1,NA,NA,1,1,1,0
"Dc10390","Dc41234",1,0.482096,1,NA,NA,NA,1,0
"Dc10390","Dc46984",1,1,1,NA,1,1,1,0
"Dc10390","Dc47572",1,1,1,NA,1,1,1,0
"Dc10390","Dc47935",1,1,NA,NA,1,1,1,0
"Dc10390","Dc48207",1,1,NA,NA,1,1,0.42044,0
"Dc10390","Dc48950",1,0.782424,NA,NA,0.76357,1,1,0
"Dc10390","Dc49080",1,0.977448,NA,NA,1,1,0.59592,0
"Dc10390","Dc49184",1,1,NA,NA,1,1,1,0
"Dc10390","Dc51020",1,1,NA,NA,0.77648,1,1,0
"Dc10390","Dc52523",1,1,NA,NA,1,1,1,0
"Dc10390","Dc55481",0.12661,0.51244,NA,0.749922,0.749922,NA,1,0
"Dc10390","Dc58248",0.701952,1,NA,1,0.35438,NA,1,0
"Dc10390","Dc62188",0.646974,1,NA,1,0.40985,NA,0.40985,0
"Dc10390","Dc67011",1,1,NA,1,1,NA,1,0
"Dc10390","locus003",0.78271,0.926408,NA,1,1,NA,0.96441,0
"Dc10390","locus004",1,1,NA,1,1,NA,1,0
"Dc10390","locus005",1,1,NA,1,1,NA,1,0
"Dc10390","locus006",1,1,NA,1,1,NA,0.84233,0
"Dc10390","locus008",1,0.943992,NA,1,0.62035,NA,1,0
"Dc10390","locus013",0.34843,1,NA,1,1,NA,0.505176,0
"Dc10390","locus014",1,1,NA,1,1,NA,1,0
"Dc10390","locus022",1,1,NA,1,1,NA,1,0
"Dc10390","locus024",1,1,NA,1,1,NA,1,0
"Dc10390","locus025",0.46508,1,NA,1,1,NA,1,0
"Dc10390","locus027",1,1,1,NA,NA,NA,NA,0
"Dc10390","locus030",1,0.96456,NA,NA,1,NA,1,0
"Dc10390","locus035",1,1,NA,NA,1,NA,0.910704,0
"Dc10390","locus038",1,1,NA,NA,1,NA,1,0
"Dc10390","locus039",1,1,NA,NA,1,NA,1,0
"Dc10390","locus040",1,0.469688,NA,NA,0.469688,NA,1,0
"Dc10390","locus041",1,0.154048,NA,NA,1,NA,1,0
"Dc10390","locus045",1,1,NA,NA,1,NA,1,0
"Dc10390","locus047",1,0.498876,NA,NA,1,NA,0.416216,0
"Dc10390","locus048",1,1,NA,NA,1,NA,1,0
"Dc10390","locus053",1,1,NA,NA,1,NA,1,0
"Dc10390","locus055",0.895292,0.810928,NA,NA,0.810928,NA,0.810928,0
"Dc10390","locus056",1,0.77852,NA,1,1,NA,1,0
"Dc10390","locus058",0.24506,1,NA,1,1,NA,1,0
"Dc10390","locus060",1,1,NA,1,1,NA,1,0
"Dc10390","locus061",1,NA,1,NA,1,NA,1,0
"Dc10390","locus062",1,1,NA,1,1,NA,1,0
"Dc10390","locus064",1,1,NA,1,1,NA,1,0
"Dc10390","locus073",1,1,1,1,0.998736,NA,1,0
"Dc10390","locus074",0.78768,1,1,1,1,NA,1,0
"Dc10390","locus076",1,0.40783,1,NA,1,NA,1,0
"Dc10390","locus077",1,0.59771,NA,1,1,NA,1,0
"Dc10390","locus080",1,1,NA,NA,1,NA,1,0
"Dc10390","locus083",0.76604,NA,NA,NA,0.269468,NA,0.208062,0
"Dc10390","locus088",0.16152,0.252306,NA,NA,0.252306,NA,1,0
"Dc10390","locus093",1,1,1,NA,1,NA,1,0
"Dc10390","locus096",1,0.85272,1,NA,1,NA,0.47822,0
"Dc10390","locus098",1,1,NA,NA,0.709984,NA,1,0
"Dc10390","locus100",0.96077,1,1,NA,1,NA,1,0
"Dc10390","locus106",1,1,NA,NA,1,NA,1,0
"Dc10390","locus116",0.395008,0.405924,NA,NA,1,NA,0.690108,0
"Dc10390","locus119",0.13914,1,NA,NA,1,NA,0.080776,0
"Dc10390","locus120",1,1,NA,NA,1,NA,1,0
"Dc10390","locus128",1,1,NA,1,1,NA,1,0
"Dc10390","locus129",1,1,1,1,1,NA,1,0
"Dc10390","locus130",1,NA,NA,NA,0.569172,NA,1,0
"Dc10390","locus134",0.120528,0.05733,1,NA,1,NA,1,0
"Dc10390","locus135",1,1,NA,1,1,NA,1,0
"Dc10390","locus137",1,1,NA,1,1,NA,1,0
"Dc10390","locus139",1,1,NA,1,1,NA,0.38248,0
"Dc10390","locus140",1,1,NA,1,1,NA,0.37903,0
"Dc10390","locus146",1,1,1,1,1,NA,1,0
"Dc10390","locus151",1,NA,NA,1,0.92924,NA,1,0
"Dc10390","locus157",0.392214,NA,NA,NA,1,NA,1,0
"Dc10390","locus165",0.512292,1,NA,NA,0.3958,NA,1,0
"Dc10390","locus170",0.08049,1,NA,1,0.143864,NA,1,0
"Dc10390","locus176",1,NA,NA,NA,1,NA,0.941706,0
"Dc10390","locus184",0.61926,1,1,1,1,NA,1,0
"Dc10390","locus186",1,0.68351,NA,1,1,NA,1,0
"Dc10390","locus188",1,1,NA,NA,0.111,1,1,0
"Dc10390","locus189",1,1,NA,1,1,1,1,0
"Dc10390","locus190",1,1,NA,NA,1,1,1,0
"Dc10390","locus191",1,NA,NA,NA,1,1,1,0
"Dc10390","locus192",1,1,NA,NA,1,1,1,0
"Dc10390","locus195",1,1,NA,NA,0.39808,1,1,0
"Dc10390","locus202",1,1,NA,NA,1,1,1,0
"Dc10390","locus215",1,NA,NA,NA,0.316456,1,1,0
"Dc10390","locus227",1,1,1,NA,1,1,1,0
"Dc10390","locus231",0.50097,1,NA,NA,1,NA,0.067384,0
"Dc10390","locus235",0.39142,1,NA,NA,1,1,1,0
"Dc10390","locus236",0.64967,1,NA,NA,1,1,1,0
"Dc10390","locus237",1,1,NA,NA,1,1,1,0
"Dc10390","locus239",1,1,NA,NA,1,1,0.52545,0
"Dc10390","locus248",1,1,NA,NA,0.05339,1,1,0
"Dc10390","locus256",0.320472,0.837692,NA,NA,0.280712,NA,0.837692,0
"Dc10390","locus263",1,0.672584,NA,NA,1,NA,1,0
"Dc10390","locus264",1,1,NA,NA,1,NA,1,0
"Dc10390","locus274",1,1,NA,NA,1,NA,1,0
"Dc10390","locus282",1,1,NA,NA,1,NA,1,0
"Dc10390","locus286",1,1,NA,NA,1,NA,1,0
"Dc10390","locus291",1,1,NA,NA,1,NA,1,0
"Dc10390","locus292",1,0.573376,NA,NA,1,NA,1,0
"Dc10390","locus296",1,1,NA,NA,1,NA,1,0
"Dc10390","locus301",1,1,NA,NA,1,NA,1,0
"Dc10390","locus314",1,1,NA,NA,1,NA,1,0
"Dc10390","locus321",0.41556,0.780162,NA,NA,0.739188,NA,0.739188,0
"Dc10390","locus322",1,1,NA,NA,1,NA,0.636768,0
"Dc10390","locus323",0.674646,0.354448,NA,NA,0.674646,NA,0.674646,0
"Dc10390","locus329",1,1,NA,NA,1,NA,1,0
"Dc10390","locus332",1,1,1,NA,1,NA,1,0
"Dc10390","locus358",1,1,NA,NA,1,NA,0.08848,0
"Dc10390","locus359",1,1,NA,NA,1,NA,1,0
"Dc10390","locus360",1,1,NA,NA,1,NA,1,0
"Dc10878","Dc10885",1,1,1,NA,1,NA,1,0
"Dc10878","Dc11203",0.899208,1,NA,NA,1,NA,0.899208,0
"Dc10878","Dc11714",0.72008,1,1,NA,0.26919,NA,1,0
"Dc10878","Dc13159",1,1,NA,NA,1,NA,1,0
"Dc10878","Dc13592",1,1,NA,NA,0.237912,NA,1,0
"Dc10878","Dc14022",1,1,NA,NA,1,NA,1,0
"Dc10878","Dc14945",0.219376,0.219376,NA,NA,1,NA,1,0
"Dc10878","Dc16747",0.924558,0.555656,NA,NA,0.924558,NA,0.924558,0
"Dc10878","Dc18951",1,1,NA,NA,0.052112,NA,0.384378,0
"Dc10878","Dc20232",1,1,NA,NA,0.605488,NA,1,0
"Dc10878","Dc22883",1,1,1,NA,1,NA,1,0
"Dc10878","Dc22887",0.556888,1,NA,NA,1,NA,1,0
"Dc10878","Dc27955",1,1,NA,NA,0.763904,NA,1,0
"Dc10878","Dc28124",1,1,NA,NA,0.854344,NA,1,0
"Dc10878","Dc28776",1,1,NA,NA,1,NA,1,0
"Dc10878","Dc30071",1,1,NA,NA,1,NA,1,0
"Dc10878","Dc31007",1,NA,NA,NA,0.408738,NA,1,0
"Dc10878","Dc33714",1,1,NA,NA,1,NA,1,0
"Dc10878","Dc33907",0.75906,0.339736,NA,NA,0.75906,NA,0.75906,0
"Dc10878","Dc34902",1,1,NA,NA,1,NA,1,0
"Dc10878","Dc35779",1,1,NA,NA,0.148824,NA,1,0
"Dc10878","Dc36571",0.71986,0.625278,NA,NA,0.441184,NA,0.71986,0
"Dc10878","Dc36616",1,1,NA,NA,1,NA,1,0
"Dc10878","Dc40235",0.275196,0.904936,NA,NA,0.1518,NA,1,0
"Dc10878","Dc41234",1,0.581608,1,NA,NA,NA,1,0
"Dc10878","Dc46984",1,1,1,NA,1,NA,1,0
"Dc10878","Dc47572",1,0.29335,1,NA,1,NA,1,0
"Dc10878","Dc47935",1,1,NA,NA,1,NA,1,0
"Dc10878","Dc48207",0.995328,0.683058,NA,NA,1,NA,0.4484,0
"Dc10878","Dc48950",1,0.364096,NA,NA,1,NA,1,0
"Dc10878","Dc49080",1,1,NA,NA,1,NA,1,0
"Dc10878","Dc49184",1,0.233432,NA,NA,1,NA,1,0
"Dc10878","Dc51020",1,1,NA,NA,1,NA,0.352784,0
"Dc10878","Dc52523",1,1,NA,NA,1,NA,1,0
"Dc10878","Dc55481",1,1,NA,NA,1,NA,1,0
"Dc10878","Dc58248",1,0.462496,NA,NA,1,NA,1,0
"Dc10878","Dc62188",1,0.687904,NA,NA,1,NA,0.687904,0
"Dc10878","Dc67011",1,0.595374,NA,NA,0.263312,NA,1,0
"Dc10878","locus003",0.899592,0.899592,NA,NA,0.901092,NA,1,0
"Dc10878","locus004",1,1,NA,NA,1,NA,1,0
"Dc10878","locus005",1,1,NA,NA,1,NA,1,0
"Dc10878","locus006",1,0.771024,NA,NA,1,NA,1,0
"Dc10878","locus008",1,1,NA,NA,1,NA,1,0
"Dc10878","locus013",1,1,NA,NA,1,NA,1,0
"Dc10878","locus014",1,1,NA,NA,1,NA,1,0
"Dc10878","locus022",1,1,NA,NA,0.924104,NA,1,0
"Dc10878","locus024",1,1,NA,NA,0.491172,NA,0.187216,0
"Dc10878","locus025",1,1,NA,NA,1,NA,0.853808,0
"Dc10878","locus027",1,1,1,NA,NA,NA,NA,0
"Dc10878","locus030",0.835884,0.120688,NA,NA,0.571056,NA,0.835884,0
"Dc10878","locus035",1,0.478482,NA,NA,0.269664,NA,1,0
"Dc10878","locus038",0.079288,0.985636,NA,NA,0.38979,NA,0.985636,0
"Dc10878","locus039",1,1,NA,NA,1,NA,1,0
"Dc10878","locus040",1,1,NA,NA,1,NA,1,0
"Dc10878","locus041",1,1,NA,NA,1,NA,1,0
"Dc10878","locus045",0.919416,1,NA,NA,1,NA,1,0
"Dc10878","locus047",1,1,NA,NA,1,NA,1,0
"Dc10878","locus048",0.629544,0.629544,NA,NA,0.455304,NA,1,0
"Dc10878","locus053",1,0.71868,NA,NA,1,NA,1,0
"Dc10878","locus055",1,1,NA,NA,1,NA,1,0
"Dc10878","locus056",1,1,NA,NA,1,NA,1,0
"Dc10878","locus058",1,0.556752,NA,NA,1,NA,0.504216,0
"Dc10878","locus060",0.585312,0.585312,NA,NA,1,NA,1,0
"Dc10878","locus061",1,NA,1,NA,1,NA,1,0
"Dc10878","locus062",1,1,NA,NA,1,NA,1,0
"Dc10878","locus064",1,1,NA,NA,1,NA,1,0
"Dc10878","locus065",1,1,NA,NA,0.828708,NA,0.438232,0
"Dc10878","locus073",0.16723,0.662448,1,NA,0.682196,NA,0.662448,0
"Dc10878","locus074",1,1,1,NA,1,NA,1,0
"Dc10878","locus076",1,1,1,NA,1,NA,1,0
"Dc10878","locus077",0.621594,0.415528,NA,NA,0.621594,NA,0.621594,0
"Dc10878","locus080",1,0.7198,NA,NA,0.985782,NA,1,0
"Dc10878","locus083",1,NA,NA,NA,0.158862,NA,1,0
"Dc10878","locus088",1,1,NA,NA,1,NA,1,0
"Dc10878","locus093",0.1175,1,1,NA,0.557488,NA,1,0
"Dc10878","locus096",1,1,1,NA,1,NA,1,0
"Dc10878","locus098",1,0.072576,NA,NA,0.28611,NA,1,0
"Dc10878","locus100",1,0.33977,1,NA,1,NA,1,0
"Dc10878","locus106",1,1,NA,NA,1,NA,1,0
"Dc10878","locus116",1,1,NA,NA,1,NA,1,0
"Dc10878","locus119",0.508568,1,NA,NA,0.602826,NA,1,0
"Dc10878","locus120",1,1,NA,NA,1,NA,1,0
"Dc10878","locus128",0.69084,0.946912,NA,NA,0.744636,NA,0.946912,0
"Dc10878","locus129",1,1,1,NA,1,NA,1,0
"Dc10878","locus130",0.177726,NA,NA,NA,0.284652,NA,0.484306,0
"Dc10878","locus134",0.60734,0.856554,1,NA,0.821856,NA,0.856554,0
"Dc10878","locus135",1,1,NA,NA,1,NA,1,0
"Dc10878","locus137",0.542048,0.228064,NA,NA,0.358302,NA,0.641968,0
"Dc10878","locus139",0.896406,0.57952,NA,NA,1,NA,1,0
"Dc10878","locus140",0.893352,0.586424,NA,NA,1,NA,1,0
"Dc10878","locus146",1,0.70627,1,NA,1,NA,1,0
"Dc10878","locus148",0.187504,0.250492,NA,NA,0.194436,NA,0.323828,0
"Dc10878","locus151",1,NA,NA,NA,1,NA,1,0
"Dc10878","locus157",1,NA,NA,NA,1,NA,1,0
"Dc10878","locus161",1,1,NA,NA,1,NA,1,0
"Dc10878","locus165",1,1,NA,NA,1,NA,1,0
"Dc10878","locus170",1,1,NA,NA,1,NA,1,0
"Dc10878","locus176",0.457344,NA,NA,NA,0.457344,NA,0.761618,0
"Dc10878","locus184",1,0.28759,1,NA,1,NA,1,0
"Dc10878","locus186",1,0.605216,NA,NA,1,NA,0.605216,0
"Dc10878","locus188",1,0.633048,NA,NA,1,NA,1,0
"Dc10878","locus189",1,1,NA,NA,1,NA,1,0
"Dc10878","locus190",0.90288,1,NA,NA,1,NA,1,0
"Dc10878","locus191",1,NA,NA,NA,1,NA,1,0
"Dc10878","locus192",1,0.992682,NA,NA,1,NA,0.148488,0
"Dc10878","locus195",0.319616,0.50518,NA,NA,0.319616,NA,0.50518,0
"Dc10878","locus215",0.982564,NA,NA,NA,0.982564,NA,0.49812,0
"Dc10878","locus227",1,1,1,NA,1,NA,1,0
"Dc10878","locus231",0.152288,1,NA,NA,1,NA,1,0
"Dc10878","locus235",1,1,NA,NA,0.195064,NA,1,0
"Dc10878","locus236",0.385064,1,NA,NA,1,NA,0.85566,0
"Dc10878","locus237",0.712928,1,NA,NA,1,NA,1,0
"Dc10878","locus248",1,0.711464,NA,NA,1,NA,1,0
"Dc10878","locus256",0.209352,0.807012,NA,NA,0.677952,NA,0.807012,0
"Dc10878","locus263",1,0.991672,NA,NA,1,NA,1,0
"Dc10878","locus264",1,1,NA,NA,1,NA,0.223464,0
"Dc10878","locus274",1,1,NA,NA,1,NA,1,0
"Dc10878","locus280",1,1,NA,NA,1,NA,1,0
"Dc10878","locus282",1,0.977712,NA,NA,1,NA,1,0
"Dc10878","locus286",0.234786,0.066512,NA,NA,1,NA,1,0
"Dc10878","locus291",0.074312,1,NA,NA,1,NA,1,0
"Dc10878","locus292",0.524392,0.803324,NA,NA,0.61653,NA,0.803324,0
"Dc10878","locus296",0.401208,0.399808,NA,NA,1,NA,1,0
"Dc10878","locus301",0.29872,0.70582,NA,NA,0.54894,NA,1,0
"Dc10878","locus314",0.66102,0.66102,NA,NA,0.55784,NA,0.55784,0
"Dc10878","locus321",1,1,NA,NA,1,NA,1,0
"Dc10878","locus322",1,0.342152,NA,NA,1,NA,1,0
"Dc10878","locus323",0.2938,0.34041,NA,NA,1,NA,1,0
"Dc10878","locus329",0.365248,0.82005,NA,NA,0.82005,NA,0.82005,0
"Dc10878","locus332",1,1,1,NA,0.4519,NA,1,0
"Dc10878","locus358",0.693,0.693,NA,NA,0.693,NA,1,0
"Dc10878","locus359",1,1,NA,NA,1,NA,1,0
"Dc10878","locus360",1,1,NA,NA,1,NA,1,0
"Dc10885","Dc11203",1,1,NA,NA,1,1,1,0
"Dc10885","Dc11714",1,1,1,NA,1,1,1,0
"Dc10885","Dc13159",1,1,NA,NA,1,1,1,0
"Dc10885","Dc13592",1,1,NA,NA,1,1,1,0
"Dc10885","Dc14022",0.68528,1,NA,NA,1,1,1,0
"Dc10885","Dc14945",1,1,NA,NA,1,1,1,0
"Dc10885","Dc16747",1,1,NA,NA,1,1,1,0
"Dc10885","Dc18951",0.474344,0.12969,NA,NA,0.987624,1,0.987624,0
"Dc10885","Dc20232",1,0.77985,NA,NA,1,1,1,0
"Dc10885","Dc22883",1,0.532744,NA,NA,1,NA,1,0
"Dc10885","Dc22887",1,1,NA,NA,1,1,1,0
"Dc10885","Dc27955",0.143568,0.081336,NA,NA,0.625404,NA,0.855734,0
"Dc10885","Dc28124",1,1,NA,NA,0.36272,1,1,0
"Dc10885","Dc28776",1,0.76844,NA,NA,1,1,0.3013,0
"Dc10885","Dc30071",1,1,NA,NA,1,1,1,0
"Dc10885","Dc31007",0.319584,NA,NA,NA,0.319584,NA,0.216318,0
"Dc10885","Dc33714",0.30395,1,NA,NA,1,1,0.706616,0
"Dc10885","Dc33907",1,1,NA,NA,1,1,1,0
"Dc10885","Dc34902",1,0.21212,NA,NA,1,1,0.23796,0
"Dc10885","Dc35779",1,1,NA,NA,1,1,1,0
"Dc10885","Dc36571",1,0.34647,NA,NA,1,1,1,0
"Dc10885","Dc36616",1,1,NA,NA,1,1,1,0
"Dc10885","Dc40235",1,1,1,NA,1,1,1,0
"Dc10885","Dc41234",0.099468,0.560004,NA,NA,NA,NA,0.560004,0
"Dc10885","Dc46984",1,0.99248,NA,NA,1,1,1,0
"Dc10885","Dc47572",1,1,1,NA,1,1,1,0
"Dc10885","Dc47935",1,0.41552,NA,NA,1,1,0.41116,0
"Dc10885","Dc48207",1,1,NA,NA,1,1,1,0
"Dc10885","Dc48950",1,0.06954,NA,NA,1,1,1,0
"Dc10885","Dc49080",1,1,NA,NA,1,1,1,0
"Dc10885","Dc49184",0.379272,1,NA,NA,1,1,0.37488,0
"Dc10885","Dc51020",1,1,NA,NA,1,1,1,0
"Dc10885","Dc52523",0.0504,0.401272,NA,NA,1,1,1,0
"Dc10885","Dc55481",1,1,NA,1,1,NA,0.57623,0
"Dc10885","Dc62188",1,0.61694,NA,1,1,NA,1,0
"Dc10885","Dc67011",1,1,NA,1,0.28907,NA,1,0
"Dc10885","locus003",1,0.614736,NA,1,0.21413,NA,1,0
"Dc10885","locus004",1,1,NA,1,1,NA,1,0
"Dc10885","locus005",1,1,NA,1,1,NA,1,0
"Dc10885","locus006",0.67061,1,NA,1,1,NA,1,0
"Dc10885","locus008",1,1,NA,1,1,NA,1,0
"Dc10885","locus013",0.75151,0.75151,NA,1,1,NA,1,0
"Dc10885","locus022",1,1,NA,1,1,NA,1,0
"Dc10885","locus024",1,0.45891,NA,1,1,NA,1,0
"Dc10885","locus025",1,1,NA,1,1,NA,1,0
"Dc10885","locus027",0.168356,0.556878,NA,NA,NA,NA,NA,0
"Dc10885","locus030",0.506592,0.161624,NA,NA,0.506592,NA,0.506592,0
"Dc10885","locus035",1,1,NA,NA,1,NA,1,0
"Dc10885","locus038",0.924972,0.924972,NA,NA,0.924972,NA,0.396408,0
"Dc10885","locus039",1,1,NA,NA,0.48992,NA,1,0
"Dc10885","locus040",0.725238,0.447512,NA,NA,0.739728,NA,0.725238,0
"Dc10885","locus041",1,1,NA,NA,1,NA,1,0
"Dc10885","locus047",1,1,NA,NA,0.595848,NA,1,0
"Dc10885","locus048",1,1,NA,NA,1,NA,1,0
"Dc10885","locus053",1,1,NA,NA,1,NA,1,0
"Dc10885","locus055",1,0.351832,NA,NA,1,NA,1,0
"Dc10885","locus056",1,1,NA,1,1,NA,1,0
"Dc10885","locus060",1,1,NA,1,1,NA,1,0
"Dc10885","locus061",0.509736,NA,NA,NA,0.509736,NA,1,0
"Dc10885","locus062",1,1,NA,1,0.84503,NA,1,0
"Dc10885","locus064",1,0.35089,NA,1,1,NA,0.879888,0
"Dc10885","locus065",1,1,NA,1,1,NA,1,0
"Dc10885","locus073",1,0.931584,1,1,1,NA,1,0
"Dc10885","locus074",1,0.99772,1,1,1,NA,0.627012,0
"Dc10885","locus076",0.487,1,NA,NA,1,NA,1,0
"Dc10885","locus077",1,1,NA,1,1,NA,1,0
"Dc10885","locus080",1,1,NA,NA,1,NA,1,0
"Dc10885","locus083",0.742946,NA,NA,NA,0.254712,NA,0.254712,0
"Dc10885","locus088",0.512952,1,NA,NA,1,NA,1,0
"Dc10885","locus093",1,1,1,NA,1,NA,1,0
"Dc10885","locus096",1,1,1,NA,1,NA,1,0
"Dc10885","locus098",1,1,NA,NA,1,NA,1,0
"Dc10885","locus100",1,1,1,NA,1,NA,1,0
"Dc10885","locus106",1,0.06876,NA,NA,1,NA,1,0
"Dc10885","locus116",1,1,NA,NA,1,NA,1,0
"Dc10885","locus119",0.876152,0.876152,NA,NA,0.236728,NA,0.775986,0
"Dc10885","locus120",0.874086,0.38396,NA,NA,1,NA,1,0
"Dc10885","locus128",0.718712,1,NA,1,0.09408,NA,0.718712,0
"Dc10885","locus129",0.69812,1,NA,1,1,NA,1,0
"Dc10885","locus130",1,NA,NA,NA,1,NA,1,0
"Dc10885","locus134",0.564348,0.329608,NA,NA,1,NA,1,0
"Dc10885","locus135",1,1,NA,1,0.66428,NA,1,0
"Dc10885","locus137",0.397576,1,NA,1,1,NA,0.35448,0
"Dc10885","locus139",1,0.765544,NA,1,1,NA,0.08629,0
"Dc10885","locus140",1,0.775208,NA,1,1,NA,0.08499,0
"Dc10885","locus146",1,1,1,1,1,NA,1,0
"Dc10885","locus148",0.94344,1,NA,1,1,NA,1,0
"Dc10885","locus151",1,NA,NA,1,1,NA,1,0
"Dc10885","locus157",0.814494,NA,NA,NA,0.814494,NA,0.814494,0
"Dc10885","locus161",1,1,NA,1,1,NA,1,0
"Dc10885","locus165",1,1,NA,NA,1,NA,1,0
"Dc10885","locus176",0.934916,NA,NA,NA,0.934916,NA,0.766446,0
"Dc10885","locus184",1,1,1,1,1,NA,0.441096,0
"Dc10885","locus186",1,1,NA,1,1,NA,1,0
"Dc10885","locus188",1,1,NA,NA,1,1,1,0
"Dc10885","locus189",1,1,NA,1,0.564408,1,1,0
"Dc10885","locus190",1,1,NA,NA,1,1,1,0
"Dc10885","locus191",0.486144,NA,NA,NA,0.973632,1,1,0
"Dc10885","locus192",0.98567,1,NA,NA,1,1,1,0
"Dc10885","locus195",1,1,NA,NA,0.24847,1,1,0
"Dc10885","locus202",1,1,NA,NA,1,1,1,0
"Dc10885","locus215",1,NA,NA,NA,0.888168,1,1,0
"Dc10885","locus227",1,1,1,NA,1,1,1,0
"Dc10885","locus231",1,1,NA,NA,1,NA,1,0
"Dc10885","locus235",1,1,NA,NA,1,1,1,0
"Dc10885","locus236",1,1,NA,NA,1,1,1,0
"Dc10885","locus237",0.963552,1,NA,NA,0.85887,1,1,0
"Dc10885","locus239",1,1,NA,NA,1,1,1,0
"Dc10885","locus248",1,1,NA,NA,1,1,1,0
"Dc10885","locus256",1,1,NA,NA,1,NA,1,0
"Dc10885","locus263",1,1,NA,NA,1,NA,0.281984,0
"Dc10885","locus264",0.918056,1,NA,NA,1,NA,1,0
"Dc10885","locus274",1,0.97644,NA,NA,1,NA,0.73612,0
"Dc10885","locus280",0.74952,0.861936,NA,NA,0.918408,NA,0.918408,0
"Dc10885","locus282",1,0.997736,NA,NA,1,NA,1,0
"Dc10885","locus286",1,1,NA,NA,1,NA,1,0
"Dc10885","locus291",0.706506,0.706506,NA,NA,0.668112,NA,0.706506,0
"Dc10885","locus292",1,0.503624,NA,NA,1,NA,1,0
"Dc10885","locus301",1,1,1,NA,0.92069,NA,1,0
"Dc10885","locus314",1,1,NA,NA,0.52568,NA,1,0
"Dc10885","locus321",1,1,NA,NA,1,NA,1,0
"Dc10885","locus322",1,1,NA,NA,0.97832,NA,1,0
"Dc10885","locus323",1,1,NA,NA,1,NA,1,0
"Dc10885","locus329",1,0.472456,NA,NA,1,NA,1,0
"Dc10885","locus332",0.22314,1,1,NA,0.14856,NA,0.10532,0
"Dc10885","locus358",0.756736,0.217112,NA,NA,0.756736,NA,0.565632,0
"Dc10885","locus359",1,0.585882,NA,NA,0.265736,NA,1,0
"Dc10885","locus360",1,1,NA,NA,1,NA,1,0
"Dc11203","Dc11714",1,1,NA,NA,1,1,1,0
"Dc11203","Dc13159",1,1,NA,NA,0.737832,0.33332,1,0
"Dc11203","Dc13592",1,1,NA,NA,1,1,1,0
"Dc11203","Dc14022",1,1,NA,NA,1,1,1,0
"Dc11203","Dc14945",0.486208,0.40471,NA,NA,1,1,1,0
"Dc11203","Dc16747",0.52235,1,NA,NA,1,1,1,0
"Dc11203","Dc18951",1,1,NA,NA,1,1,1,0
"Dc11203","Dc20232",1,1,NA,NA,0.33954,1,1,0
"Dc11203","Dc22883",1,1,NA,NA,1,NA,1,0
"Dc11203","Dc22887",0.779424,0.986484,NA,NA,0.3821,0.56724,1,0
"Dc11203","Dc27955",1,1,NA,NA,1,NA,1,0
"Dc11203","Dc28124",1,1,NA,NA,1,1,1,0
"Dc11203","Dc28776",0.17461,1,NA,NA,1,1,1,0
"Dc11203","Dc30071",0.978876,0.978876,NA,NA,0.60763,0.802904,0.978876,0
"Dc11203","Dc31007",1,NA,NA,NA,0.266988,NA,1,0
"Dc11203","Dc33714",1,0.10642,NA,NA,0.158504,1,1,0
"Dc11203","Dc33907",1,1,NA,NA,1,1,1,0
"Dc11203","Dc34902",1,0.17045,NA,NA,1,1,1,0
"Dc11203","Dc35779",1,1,NA,NA,1,1,1,0
"Dc11203","Dc36571",0.984312,0.984312,NA,NA,0.26795,0.984312,0.426776,0
"Dc11203","Dc36616",1,1,NA,NA,1,1,1,0
"Dc11203","Dc40235",1,0.521712,1,NA,1,1,1,0
"Dc11203","Dc41234",1,1,NA,NA,NA,NA,0.25365,0
"Dc11203","Dc46984",0.80722,0.80722,NA,NA,0.82214,0.82214,0.80722,0
"Dc11203","Dc47572",1,0.395904,1,NA,1,1,1,0
"Dc11203","Dc47935",1,1,NA,NA,1,0.61889,1,0
"Dc11203","Dc48207",1,1,NA,NA,1,1,0.42543,0
"Dc11203","Dc48950",1,1,NA,NA,1,1,1,0
"Dc11203","Dc49080",1,1,NA,NA,1,1,0.29331,0
"Dc11203","Dc49184",1,1,NA,NA,1,1,1,0
"Dc11203","Dc51020",1,0.5713,NA,NA,0.5713,1,0.5713,0
"Dc11203","Dc52523",0.985636,0.67441,NA,NA,0.985636,0.67441,0.67441,0
"Dc11203","Dc55481",1,1,NA,1,1,NA,1,0
"Dc11203","Dc58248",0.57864,0.40684,NA,0.57864,0.621584,NA,0.70656,0
"Dc11203","Dc62188",1,1,NA,1,1,NA,1,0
"Dc11203","Dc67011",1,1,NA,1,1,NA,1,0
"Dc11203","locus003",1,1,NA,1,1,NA,1,0
"Dc11203","locus004",1,0.78409,NA,1,0.943552,NA,1,0
"Dc11203","locus005",1,0.41478,NA,1,1,NA,1,0
"Dc11203","locus006",1,1,NA,1,1,NA,1,0
"Dc11203","locus008",0.39902,1,NA,1,1,NA,1,0
"Dc11203","locus013",1,1,NA,1,1,NA,0.5286,0
"Dc11203","locus014",1,1,NA,0.71589,1,NA,1,0
"Dc11203","locus022",1,1,NA,1,1,NA,1,0
"Dc11203","locus024",1,1,NA,1,0.94103,NA,1,0
"Dc11203","locus025",1,1,NA,1,1,NA,1,0
"Dc11203","locus027",0.311928,0.887658,NA,NA,NA,NA,NA,0
"Dc11203","locus030",0.288372,0.7516,NA,NA,0.7516,NA,0.261824,0
"Dc11203","locus035",0.291232,0.335892,NA,NA,1,NA,0.335892,0
"Dc11203","locus038",0.351288,1,NA,NA,1,NA,1,0
"Dc11203","locus039",0.542214,1,NA,NA,1,NA,0.382424,0
"Dc11203","locus040",1,1,NA,NA,1,NA,1,0
"Dc11203","locus041",1,1,NA,NA,1,NA,1,0
"Dc11203","locus045",1,1,NA,NA,1,NA,1,0
"Dc11203","locus047",1,1,NA,NA,1,NA,1,0
"Dc11203","locus048",1,1,NA,NA,1,NA,1,0
"Dc11203","locus053",1,1,NA,NA,1,NA,1,0
"Dc11203","locus055",1,0.183824,NA,NA,0.607242,NA,1,0
"Dc11203","locus056",1,1,NA,1,1,NA,0.38474,0
"Dc11203","locus058",0.87674,1,NA,1,1,NA,1,0
"Dc11203","locus060",1,1,NA,1,1,NA,1,0
"Dc11203","locus061",1,NA,NA,NA,0.478956,NA,1,0
"Dc11203","locus062",1,1,NA,1,1,NA,1,0
"Dc11203","locus064",1,1,NA,1,1,NA,1,0
"Dc11203","locus065",0.20067,1,NA,1,1,NA,0.756688,0
"Dc11203","locus073",1,0.093396,0.998178,1,0.17581,NA,0.730576,0
"Dc11203","locus074",1,1,1,1,1,NA,1,0
"Dc11203","locus077",1,1,NA,1,1,NA,1,0
"Dc11203","locus080",0.9539,0.480936,NA,NA,0.942,NA,0.9539,0
"Dc11203","locus083",0.404108,NA,NA,NA,0.21708,NA,0.55912,0
"Dc11203","locus088",1,1,NA,NA,1,NA,1,0
"Dc11203","locus093",1,1,1,NA,0.91015,NA,1,0
"Dc11203","locus096",0.6206,1,1,NA,0.6206,NA,1,0
"Dc11203","locus098",1,1,NA,NA,1,NA,1,0
"Dc11203","locus100",1,1,1,NA,1,NA,0.73348,0
"Dc11203","locus106",0.610728,1,NA,NA,0.18896,NA,1,0
"Dc11203","locus116",1,1,NA,NA,1,NA,1,0
"Dc11203","locus119",0.89156,0.152296,NA,NA,0.674148,NA,0.89156,0
"Dc11203","locus120",1,1,NA,NA,1,NA,1,0
"Dc11203","locus128",1,1,NA,1,0.14019,NA,1,0
"Dc11203","locus130",0.986634,NA,NA,NA,0.986634,NA,0.986634,0
"Dc11203","locus134",0.525864,0.558504,NA,NA,0.558504,NA,1,0
"Dc11203","locus137",1,1,NA,1,1,NA,1,0
"Dc11203","locus139",1,1,NA,1,1,NA,1,0
"Dc11203","locus140",1,1,NA,1,1,NA,1,0
"Dc11203","locus146",1,1,1,1,1,NA,1,0
"Dc11203","locus148",1,1,NA,1,1,NA,0.31732,0
"Dc11203","locus151",1,NA,NA,0.664632,1,NA,1,0
"Dc11203","locus161",1,1,NA,1,1,NA,1,0
"Dc11203","locus165",0.431112,1,NA,NA,1,NA,0.955206,0
"Dc11203","locus170",1,1,NA,1,1,NA,1,0
"Dc11203","locus176",1,NA,NA,NA,1,NA,1,0
"Dc11203","locus184",1,1,1,1,1,NA,1,0
"Dc11203","locus186",1,1,NA,1,1,NA,1,0
"Dc11203","locus188",1,1,NA,NA,1,1,1,0
"Dc11203","locus189",1,1,NA,1,1,1,1,0
"Dc11203","locus190",1,1,NA,NA,1,1,1,0
"Dc11203","locus191",0.87832,NA,NA,NA,1,1,1,0
"Dc11203","locus192",1,0.19043,NA,NA,1,1,1,0
"Dc11203","locus202",1,1,NA,NA,0.36181,1,1,0
"Dc11203","locus215",1,NA,1,NA,1,1,1,0
"Dc11203","locus227",0.4378,0.063432,1,NA,1,0.570048,1,0
"Dc11203","locus231",1,1,NA,NA,0.70028,NA,1,0
"Dc11203","locus235",0.07256,1,NA,NA,1,1,0.520688,0
"Dc11203","locus236",1,1,NA,NA,1,1,1,0
"Dc11203","locus237",1,1,NA,NA,1,1,1,0
"Dc11203","locus239",1,1,NA,NA,1,1,0.94879,0
"Dc11203","locus248",1,1,NA,NA,1,0.7191,1,0
"Dc11203","locus263",1,1,NA,NA,1,NA,1,0
"Dc11203","locus264",1,1,NA,NA,1,NA,1,0
"Dc11203","locus274",1,1,NA,NA,1,NA,1,0
"Dc11203","locus280",1,1,NA,NA,1,NA,1,0
"Dc11203","locus282",1,1,NA,NA,1,NA,1,0
"Dc11203","locus286",1,0.70016,NA,NA,0.853596,NA,1,0
"Dc11203","locus291",0.739228,0.739228,NA,NA,0.194992,NA,0.194992,0
"Dc11203","locus296",1,1,NA,NA,1,NA,1,0
"Dc11203","locus301",0.190992,1,NA,NA,1,NA,1,0
"Dc11203","locus314",1,1,NA,1,1,NA,1,0
"Dc11203","locus321",0.759448,0.439062,NA,NA,0.182424,NA,0.759448,0
"Dc11203","locus322",0.404504,1,NA,NA,1,NA,1,0
"Dc11203","locus323",1,1,NA,NA,1,NA,1,0
"Dc11203","locus329",1,1,NA,NA,1,NA,1,0
"Dc11203","locus332",1,0.40623,1,NA,1,NA,0.608624,0
"Dc11203","locus358",1,1,NA,NA,1,NA,0.347648,0
"Dc11203","locus359",1,1,NA,NA,1,NA,1,0
"Dc11203","locus360",1,1,NA,NA,1,NA,0.54244,0
"Dc11714","Dc13159",0.995634,0.844464,NA,NA,0.47251,0.995634,0.995634,0
"Dc11714","Dc13592",0.87612,1,NA,NA,0.13133,1,1,0
"Dc11714","Dc14022",1,1,NA,NA,1,1,1,0
"Dc11714","Dc14945",1,0.24202,NA,NA,1,1,1,0
"Dc11714","Dc16747",1,1,NA,NA,0.39053,1,1,0
"Dc11714","Dc18951",1,1,NA,NA,1,0.98878,1,0
"Dc11714","Dc20232",0.77363,1,NA,NA,1,1,1,0
"Dc11714","Dc22887",0.93992,0.93992,NA,NA,0.93992,1,1,0
"Dc11714","Dc27955",0.964398,0.445752,NA,NA,0.964398,NA,0.964398,0
"Dc11714","Dc28124",1,1,NA,NA,1,1,1,0
"Dc11714","Dc28776",0.62113,1,NA,NA,1,1,1,0
"Dc11714","Dc30071",1,1,NA,NA,1,1,1,0
"Dc11714","Dc31007",1,NA,NA,NA,1,NA,1,0
"Dc11714","Dc33714",1,1,NA,NA,1,1,1,0
"Dc11714","Dc33907",1,1,NA,NA,1,1,0.26716,0
"Dc11714","Dc34902",1,1,NA,NA,1,1,1,0
"Dc11714","Dc35779",1,0.4143,NA,NA,0.4143,1,1,0
"Dc11714","Dc36616",1,1,NA,NA,1,1,1,0
"Dc11714","Dc40235",1,1,1,NA,0.09864,1,1,0
"Dc11714","Dc41234",1,1,NA,NA,NA,NA,1,0
"Dc11714","Dc46984",1,1,NA,NA,0.66041,1,1,0
"Dc11714","Dc47572",1,1,1,NA,1,1,1,0
"Dc11714","Dc47935",1,1,NA,NA,1,1,1,0
"Dc11714","Dc48207",1,0.22413,NA,NA,1,1,1,0
"Dc11714","Dc48950",1,1,NA,NA,1,1,1,0
"Dc11714","Dc49080",1,1,NA,NA,0.91026,0.91026,0.91026,0
"Dc11714","Dc49184",0.58463,0.58463,NA,NA,0.58463,1,1,0
"Dc11714","Dc51020",0.31165,1,NA,NA,1,1,1,0
"Dc11714","Dc52523",1,1,NA,NA,1,1,1,0
"Dc11714","Dc55481",1,1,NA,1,1,NA,1,0
"Dc11714","Dc62188",1,0.87876,1,1,0.87876,NA,1,0
"Dc11714","Dc67011",1,1,NA,1,1,NA,1,0
"Dc11714","locus003",1,1,NA,1,1,NA,1,0
"Dc11714","locus004",1,1,NA,1,1,NA,1,0
"Dc11714","locus005",0.19364,1,NA,1,1,NA,1,0
"Dc11714","locus006",0.518896,1,NA,1,0.13005,NA,1,0
"Dc11714","locus008",1,1,NA,1,0.2333,NA,1,0
"Dc11714","locus013",1,1,NA,1,1,NA,0.7065,0
"Dc11714","locus014",1,0.29087,NA,1,1,NA,1,0
"Dc11714","locus024",1,1,NA,1,1,NA,1,0
"Dc11714","locus025",1,0.363996,1,1,1,NA,1,0
"Dc11714","locus027",0.864964,0.386444,NA,NA,NA,NA,NA,0
"Dc11714","locus030",1,1,NA,NA,1,NA,1,0
"Dc11714","locus035",0.434166,0.146696,NA,NA,0.434166,NA,0.456958,0
"Dc11714","locus038",1,1,NA,NA,1,NA,1,0
"Dc11714","locus039",1,1,NA,NA,0.050776,NA,1,0
"Dc11714","locus040",1,1,NA,NA,1,NA,1,0
"Dc11714","locus041",1,1,NA,NA,1,NA,1,0
"Dc11714","locus045",1,1,NA,NA,1,NA,1,0
"Dc11714","locus048",0.143072,0.53926,NA,NA,1,NA,0.379794,0
"Dc11714","locus053",0.98175,0.984592,NA,NA,0.984592,NA,0.228456,0
"Dc11714","locus055",1,1,NA,NA,0.352864,NA,1,0
"Dc11714","locus056",1,1,NA,1,1,NA,1,0
"Dc11714","locus058",1,1,NA,1,1,NA,1,0
"Dc11714","locus060",1,0.60327,NA,1,1,NA,1,0
"Dc11714","locus061",1,NA,NA,NA,1,NA,1,0
"Dc11714","locus062",1,1,NA,1,1,NA,1,0
"Dc11714","locus064",1,1,NA,0.71183,1,NA,1,0
"Dc11714","locus065",0.88388,1,NA,1,1,NA,1,0
"Dc11714","locus073",1,1,1,1,1,NA,1,0
"Dc11714","locus074",1,0.45906,1,1,1,NA,1,0
"Dc11714","locus076",0.745648,1,NA,NA,1,NA,1,0
"Dc11714","locus077",1,1,NA,1,1,NA,1,0
"Dc11714","locus080",1,1,NA,NA,1,NA,0.85012,0
"Dc11714","locus083",1,NA,NA,NA,1,NA,1,0
"Dc11714","locus088",0.656764,0.656764,NA,NA,0.09848,NA,0.107898,0
"Dc11714","locus093",1,1,1,NA,1,NA,1,0
"Dc11714","locus096",1,1,1,NA,1,NA,0.7433,0
"Dc11714","locus098",1,1,NA,NA,1,NA,0.729816,0
"Dc11714","locus100",1,1,1,NA,1,NA,1,0
"Dc11714","locus106",1,0.162936,NA,NA,1,NA,1,0
"Dc11714","locus116",1,1,NA,NA,0.42928,NA,0.925146,0
"Dc11714","locus119",0.881688,0.881688,NA,NA,0.881688,NA,0.843296,0
"Dc11714","locus120",1,0.62716,NA,NA,1,NA,1,0
"Dc11714","locus128",0.784122,1,NA,1,0.11657,NA,0.441192,0
"Dc11714","locus129",0.501272,0.40966,NA,0.598788,0.598788,NA,0.501272,0
"Dc11714","locus130",0.775854,NA,NA,NA,0.31683,NA,0.693252,0
"Dc11714","locus134",0.914532,0.914532,NA,NA,0.202536,NA,0.914532,0
"Dc11714","locus135",1,1,NA,1,1,NA,1,0
"Dc11714","locus137",0.694688,1,NA,1,0.29949,NA,1,0
"Dc11714","locus139",1,1,NA,1,1,NA,1,0
"Dc11714","locus140",1,1,NA,1,1,NA,1,0
"Dc11714","locus146",1,1,1,1,1,NA,0.152172,0
"Dc11714","locus148",1,1,NA,1,1,NA,1,0
"Dc11714","locus151",1,NA,NA,1,1,NA,1,0
"Dc11714","locus157",0.181566,NA,NA,NA,1,NA,1,0
"Dc11714","locus161",1,1,NA,1,1,NA,1,0
"Dc11714","locus165",0.916144,0.89584,1,NA,0.89584,NA,0.89584,0
"Dc11714","locus170",0.43754,1,NA,1,1,NA,1,0
"Dc11714","locus176",1,NA,NA,NA,1,NA,1,0
"Dc11714","locus184",0.385608,1,1,0.71406,1,NA,1,0
"Dc11714","locus186",1,1,NA,0.82418,1,NA,1,0
"Dc11714","locus188",1,0.0822,1,NA,1,0.98971,1,0
"Dc11714","locus189",1,1,NA,0.104616,1,1,1,0
"Dc11714","locus190",1,1,NA,NA,1,1,1,0
"Dc11714","locus191",1,NA,1,NA,0.475568,0.33682,1,0
"Dc11714","locus192",1,1,NA,NA,1,0.9906,1,0
"Dc11714","locus195",1,1,NA,NA,1,1,1,0
"Dc11714","locus202",0.857392,1,NA,NA,1,1,0.22777,0
"Dc11714","locus215",0.468378,NA,NA,NA,0.455824,0.468378,0.468378,0
"Dc11714","locus231",0.777876,0.63356,NA,NA,0.770358,NA,0.777876,0
"Dc11714","locus235",1,1,NA,NA,1,1,1,0
"Dc11714","locus236",1,0.08216,NA,NA,1,1,1,0
"Dc11714","locus237",0.94517,1,NA,NA,0.971752,1,1,0
"Dc11714","locus239",1,0.75041,NA,NA,1,1,1,0
"Dc11714","locus248",1,1,NA,NA,0.22216,1,1,0
"Dc11714","locus256",1,1,NA,NA,1,NA,1,0
"Dc11714","locus263",1,0.065944,NA,NA,0.623706,NA,1,0
"Dc11714","locus264",1,1,NA,NA,1,NA,1,0
"Dc11714","locus274",0.565336,1,NA,NA,1,NA,1,0
"Dc11714","locus280",0.54798,0.868204,NA,NA,0.262352,NA,0.868204,0
"Dc11714","locus282",1,1,NA,NA,0.353952,NA,0.536004,0
"Dc11714","locus286",0.793856,0.32956,NA,NA,0.926418,NA,0.670314,0
"Dc11714","locus291",1,1,NA,NA,0.127312,NA,1,0
"Dc11714","locus292",1,1,NA,NA,1,NA,1,0
"Dc11714","locus296",0.404296,0.957788,NA,NA,0.51132,NA,0.957788,0
"Dc11714","locus301",1,1,NA,NA,1,NA,1,0
"Dc11714","locus314",1,1,NA,1,1,NA,1,0
"Dc11714","locus321",0.957936,1,NA,NA,1,NA,1,0
"Dc11714","locus322",1,0.827928,NA,NA,1,NA,0.693296,0
"Dc11714","locus323",1,0.757008,NA,NA,1,NA,0.14416,0
"Dc11714","locus329",1,1,NA,NA,1,NA,1,0
"Dc11714","locus332",1,1,1,NA,1,NA,1,0
"Dc11714","locus358",0.12072,0.448776,NA,NA,0.898074,NA,0.448776,0
"Dc11714","locus359",1,1,NA,NA,1,NA,1,0
"Dc11714","locus360",1,1,NA,NA,0.77252,NA,0.794964,0
"Dc13159","Dc13592",1,1,NA,NA,1,1,1,0
"Dc13159","Dc14022",0.19696,0.402736,NA,NA,1,1,1,0
"Dc13159","Dc14945",1,1,NA,NA,1,1,0.84695,0
"Dc13159","Dc16747",1,1,NA,NA,1,1,1,0
"Dc13159","Dc18951",1,0.16617,NA,NA,1,1,1,0
"Dc13159","Dc20232",0.0519,1,NA,NA,1,1,1,0
"Dc13159","Dc22883",0.828128,0.828128,NA,NA,0.26643,NA,0.122,0
"Dc13159","Dc22887",1,1,NA,NA,0.7857,1,1,0
"Dc13159","Dc27955",0.803916,0.707272,NA,NA,0.803916,NA,0.707272,0
"Dc13159","Dc28124",0.708072,1,NA,NA,0.39462,1,0.852834,0
"Dc13159","Dc28776",1,1,NA,NA,1,1,1,0
"Dc13159","Dc30071",1,1,NA,NA,1,1,1,0
"Dc13159","Dc31007",1,NA,NA,NA,1,NA,0.641694,0
"Dc13159","Dc33714",1,1,1,NA,1,1,1,0
"Dc13159","Dc33907",1,1,NA,NA,0.94749,1,1,0
"Dc13159","Dc34902",1,1,NA,NA,1,1,1,0
"Dc13159","Dc35779",1,1,NA,NA,0.28647,1,1,0
"Dc13159","Dc36571",1,0.83537,NA,NA,1,1,1,0
"Dc13159","Dc36616",1,1,NA,NA,1,1,1,0
"Dc13159","Dc40235",1,1,NA,NA,1,1,1,0
"Dc13159","Dc41234",1,0.646764,NA,NA,NA,NA,1,0
"Dc13159","Dc46984",0.31362,1,NA,NA,1,1,1,0
"Dc13159","Dc47572",1,1,1,NA,1,1,1,0
"Dc13159","Dc47935",1,1,NA,NA,1,0.78704,0.13461,0
"Dc13159","Dc48207",1,1,NA,NA,1,0.9925,1,0
"Dc13159","Dc48950",1,1,NA,NA,1,1,1,0
"Dc13159","Dc49080",1,1,NA,NA,1,1,1,0
"Dc13159","Dc49184",0.07683,1,NA,NA,1,1,1,0
"Dc13159","Dc51020",1,0.27327,NA,NA,0.772248,1,1,0
"Dc13159","Dc52523",1,1,NA,NA,1,1,0.52096,0
"Dc13159","Dc55481",1,1,NA,1,1,NA,1,0
"Dc13159","Dc58248",1,1,NA,1,1,NA,1,0
"Dc13159","Dc62188",1,1,NA,1,0.94582,NA,1,0
"Dc13159","Dc67011",1,1,NA,1,1,NA,0.83344,0
"Dc13159","locus003",0.87163,1,NA,1,1,NA,1,0
"Dc13159","locus004",0.93063,1,NA,1,1,NA,0.93063,0
"Dc13159","locus005",1,1,NA,1,1,NA,1,0
"Dc13159","locus006",1,1,NA,1,1,NA,1,0
"Dc13159","locus008",1,1,NA,1,1,NA,1,0
"Dc13159","locus013",1,1,NA,1,1,NA,1,0
"Dc13159","locus014",1,1,1,1,1,NA,1,0
"Dc13159","locus022",0.46263,1,NA,1,1,NA,1,0
"Dc13159","locus024",1,1,NA,1,1,NA,1,0
"Dc13159","locus025",1,1,1,1,1,NA,1,0
"Dc13159","locus027",1,1,NA,NA,NA,NA,NA,0
"Dc13159","locus030",0.9432,0.9432,NA,NA,0.9432,NA,0.903544,0
"Dc13159","locus035",1,1,NA,NA,0.848118,NA,0.498104,0
"Dc13159","locus038",1,1,NA,NA,1,NA,1,0
"Dc13159","locus039",1,1,NA,NA,1,NA,1,0
"Dc13159","locus040",0.91049,0.474066,NA,NA,0.315448,NA,0.474066,0
"Dc13159","locus041",1,0.052096,NA,NA,0.530418,NA,1,0
"Dc13159","locus045",1,1,NA,NA,1,NA,1,0
"Dc13159","locus047",0.95364,0.22768,NA,NA,1,NA,1,0
"Dc13159","locus048",0.779928,0.779928,NA,NA,0.442832,NA,0.547518,0
"Dc13159","locus053",1,1,NA,NA,1,NA,0.546248,0
"Dc13159","locus055",1,0.543536,NA,NA,0.543536,NA,1,0
"Dc13159","locus056",1,0.57808,NA,1,1,NA,1,0
"Dc13159","locus060",1,1,NA,1,1,NA,1,0
"Dc13159","locus061",0.438708,NA,NA,NA,1,NA,1,0
"Dc13159","locus062",1,0.37488,NA,1,0.723522,NA,0.554072,0
"Dc13159","locus064",1,1,NA,1,0.12226,NA,1,0
"Dc13159","locus065",0.97684,1,NA,1,1,NA,1,0
"Dc13159","locus073",1,1,1,1,1,NA,0.79686,0
"Dc13159","locus074",1,1,1,1,1,NA,0.798216,0
"Dc13159","locus076",0.253736,1,NA,NA,1,NA,1,0
"Dc13159","locus077",1,1,NA,1,1,NA,1,0
"Dc13159","locus080",1,1,NA,NA,1,NA,1,0
"Dc13159","locus083",0.66966,NA,NA,NA,0.66966,NA,0.382764,0
"Dc13159","locus088",1,1,NA,NA,1,NA,0.154752,0
"Dc13159","locus093",0.71861,1,1,NA,1,NA,1,0
"Dc13159","locus096",0.53621,1,1,NA,1,NA,1,0
"Dc13159","locus098",1,1,NA,NA,1,NA,1,0
"Dc13159","locus100",1,1,1,NA,1,NA,1,0
"Dc13159","locus106",1,1,NA,NA,1,NA,1,0
"Dc13159","locus116",1,1,NA,NA,1,NA,1,0
"Dc13159","locus119",1,1,NA,NA,0.798088,NA,1,0
"Dc13159","locus120",1,0.483792,NA,NA,1,NA,1,0
"Dc13159","locus128",1,1,NA,1,1,NA,1,0
"Dc13159","locus129",1,1,NA,1,1,NA,1,0
"Dc13159","locus130",1,NA,NA,NA,1,NA,1,0
"Dc13159","locus134",1,1,NA,NA,1,NA,1,0
"Dc13159","locus135",1,0.34508,NA,1,1,NA,1,0
"Dc13159","locus137",1,1,NA,1,0.49699,NA,1,0
"Dc13159","locus139",1,1,NA,1,1,NA,1,0
"Dc13159","locus140",1,1,NA,1,1,NA,1,0
"Dc13159","locus146",1,1,1,1,1,NA,1,0
"Dc13159","locus148",1,1,NA,1,1,NA,1,0
"Dc13159","locus151",0.670048,NA,NA,0.670048,1,NA,1,0
"Dc13159","locus157",0.802404,NA,NA,NA,0.802404,NA,0.802404,0
"Dc13159","locus161",1,1,NA,1,1,NA,1,0
"Dc13159","locus165",0.67667,1,1,NA,1,NA,1,0
"Dc13159","locus170",0.7779,0.62254,NA,0.673688,0.7779,NA,0.7779,0
"Dc13159","locus176",0.852664,NA,NA,NA,0.237924,NA,0.852664,0
"Dc13159","locus184",1,1,1,1,1,NA,1,0
"Dc13159","locus186",1,1,NA,1,1,NA,1,0
"Dc13159","locus188",1,0.498504,1,NA,1,1,1,0
"Dc13159","locus189",1,1,NA,1,1,1,1,0
"Dc13159","locus190",1,1,NA,NA,0.78482,1,1,0
"Dc13159","locus191",0.35506,NA,1,NA,0.35506,0.76425,0.76425,0
"Dc13159","locus192",0.77256,1,NA,NA,1,1,1,0
"Dc13159","locus195",1,1,NA,NA,1,1,1,0
"Dc13159","locus202",1,1,NA,NA,0.2408,1,1,0
"Dc13159","locus215",1,NA,NA,NA,1,1,0.306904,0
"Dc13159","locus227",1,1,1,NA,1,1,1,0
"Dc13159","locus231",1,1,NA,NA,1,NA,1,0
"Dc13159","locus235",1,0.05729,NA,NA,1,1,1,0
"Dc13159","locus236",1,0.13758,NA,NA,1,1,1,0
"Dc13159","locus237",1,1,NA,NA,0.31157,1,1,0
"Dc13159","locus239",0.69085,1,NA,NA,1,1,1,0
"Dc13159","locus248",0.564768,1,NA,NA,0.979728,1,0.42655,0
"Dc13159","locus256",1,1,NA,NA,0.086616,NA,1,0
"Dc13159","locus263",1,1,NA,NA,1,NA,1,0
"Dc13159","locus264",0.655408,0.665548,NA,NA,0.655408,NA,0.655408,0
"Dc13159","locus274",1,1,NA,NA,1,NA,0.967848,0
"Dc13159","locus280",0.56032,1,NA,NA,1,NA,1,0
"Dc13159","locus282",1,1,NA,NA,1,NA,1,0
"Dc13159","locus286",1,1,NA,NA,1,NA,1,0
"Dc13159","locus291",1,1,NA,NA,1,NA,1,0
"Dc13159","locus292",1,1,NA,NA,1,NA,1,0
"Dc13159","locus296",0.06316,1,NA,NA,0.179118,NA,1,0
"Dc13159","locus301",0.818352,0.256464,NA,NA,1,NA,1,0
"Dc13159","locus314",1,1,NA,1,1,NA,1,0
"Dc13159","locus321",1,1,NA,NA,1,NA,1,0
"Dc13159","locus322",0.889656,1,NA,NA,1,NA,1,0
"Dc13159","locus323",1,1,NA,NA,1,NA,1,0
"Dc13159","locus329",1,1,NA,NA,1,NA,1,0
"Dc13159","locus332",1,1,1,NA,1,NA,1,0
"Dc13159","locus358",1,1,NA,NA,1,NA,1,0
"Dc13159","locus359",0.805824,0.805824,NA,NA,1,NA,1,0
"Dc13159","locus360",1,1,NA,NA,0.711688,NA,1,0
"Dc13592","Dc14022",1,1,NA,NA,1,1,1,0
"Dc13592","Dc14945",0.6362,1,NA,NA,0.58334,1,1,0
"Dc13592","Dc16747",0.26848,1,NA,NA,1,1,1,0
"Dc13592","Dc18951",1,0.79167,NA,NA,1,1,1,0
"Dc13592","Dc20232",1,1,NA,NA,1,1,1,0
"Dc13592","Dc22887",1,1,NA,NA,1,1,1,0
"Dc13592","Dc27955",1,1,NA,NA,1,NA,1,0
"Dc13592","Dc28124",1,0.36955,NA,NA,1,1,1,0
"Dc13592","Dc28776",1,1,NA,NA,1,1,1,0
"Dc13592","Dc30071",0.757086,0.757086,NA,NA,0.473632,0.3366,0.757086,0
"Dc13592","Dc31007",1,NA,NA,NA,1,NA,1,0
"Dc13592","Dc33714",1,1,NA,NA,1,1,1,0
"Dc13592","Dc33907",0.686936,1,NA,NA,0.05944,1,1,0
"Dc13592","Dc34902",1,1,NA,NA,0.35186,1,1,0
"Dc13592","Dc35779",1,1,NA,NA,1,1,1,0
"Dc13592","Dc36571",1,0.83396,NA,NA,1,1,1,0
"Dc13592","Dc36616",1,0.241904,NA,NA,0.13413,1,1,0
"Dc13592","Dc40235",1,1,NA,NA,0.99652,1,1,0
"Dc13592","Dc41234",1,0.717126,NA,NA,NA,NA,1,0
"Dc13592","Dc46984",1,1,NA,NA,1,1,1,0
"Dc13592","Dc47572",0.68441,1,1,NA,0.300996,1,0.962336,0
"Dc13592","Dc47935",1,1,NA,NA,0.28514,0.800128,1,0
"Dc13592","Dc48207",1,1,NA,NA,1,1,1,0
"Dc13592","Dc48950",0.72926,1,NA,NA,1,1,1,0
"Dc13592","Dc49080",1,1,NA,NA,1,1,1,0
"Dc13592","Dc49184",0.517992,0.479424,NA,NA,0.4694,1,1,0
"Dc13592","Dc51020",1,1,NA,NA,1,1,1,0
"Dc13592","Dc52523",1,1,NA,NA,1,1,0.34903,0
"Dc13592","Dc55481",1,1,NA,1,1,NA,1,0
"Dc13592","Dc58248",1,1,NA,1,1,NA,0.4354,0
"Dc13592","Dc62188",1,1,NA,1,0.07227,NA,1,0
"Dc13592","Dc67011",1,1,NA,1,1,NA,1,0
"Dc13592","locus004",0.13271,0.456528,NA,0.456528,0.166944,NA,0.456528,0
"Dc13592","locus005",1,1,NA,0.266256,0.20889,NA,1,0
"Dc13592","locus006",1,0.685808,NA,1,0.07088,NA,1,0
"Dc13592","locus008",1,1,NA,1,1,NA,1,0
"Dc13592","locus013",1,1,NA,1,1,NA,1,0
"Dc13592","locus014",1,1,1,1,1,NA,1,0
"Dc13592","locus022",1,1,NA,1,1,NA,1,0
"Dc13592","locus024",0.25619,1,NA,1,0.352168,NA,1,0
"Dc13592","locus025",1,1,NA,1,1,NA,0.32009,0
"Dc13592","locus027",1,1,NA,NA,NA,NA,NA,0
"Dc13592","locus030",0.763968,0.763968,NA,NA,0.342984,NA,1,0
"Dc13592","locus035",1,1,NA,NA,1,NA,1,0
"Dc13592","locus038",1,1,NA,NA,1,NA,1,0
"Dc13592","locus039",0.863578,0.511316,NA,NA,0.160072,NA,0.271896,0
"Dc13592","locus040",0.70456,1,NA,NA,1,NA,1,0
"Dc13592","locus041",0.565518,0.565518,NA,NA,0.087656,NA,0.880736,0
"Dc13592","locus045",1,0.856208,NA,NA,1,NA,0.856208,0
"Dc13592","locus047",0.9921,0.307936,NA,NA,0.9921,NA,0.9921,0
"Dc13592","locus048",0.508128,0.917892,NA,NA,0.917892,NA,1,0
"Dc13592","locus053",0.89397,1,NA,NA,1,NA,0.524944,0
"Dc13592","locus055",1,0.163664,NA,NA,1,NA,1,0
"Dc13592","locus056",1,1,NA,0.83775,1,NA,1,0
"Dc13592","locus058",0.88124,1,NA,1,1,NA,1,0
"Dc13592","locus060",1,1,NA,1,0.29398,NA,1,0
"Dc13592","locus061",0.696066,NA,NA,NA,1,NA,1,0
"Dc13592","locus062",1,1,NA,1,1,NA,1,0
"Dc13592","locus064",1,1,NA,1,0.96862,NA,1,0
"Dc13592","locus065",1,1,NA,1,1,NA,1,0
"Dc13592","locus073",1,0.207816,1,1,0.64248,NA,1,0
"Dc13592","locus074",1,1,1,1,1,NA,1,0
"Dc13592","locus076",1,1,NA,NA,1,NA,1,0
"Dc13592","locus080",1,1,NA,NA,1,NA,1,0
"Dc13592","locus083",1,NA,NA,NA,0.50163,NA,1,0
"Dc13592","locus088",1,1,NA,NA,1,NA,1,0
"Dc13592","locus093",1,1,1,NA,1,NA,1,0
"Dc13592","locus096",1,1,1,NA,1,NA,1,0
"Dc13592","locus098",0.18676,0.791468,NA,NA,0.18676,NA,0.791468,0
"Dc13592","locus100",0.51223,1,1,NA,0.79088,NA,1,0
"Dc13592","locus106",1,1,NA,NA,0.110712,NA,1,0
"Dc13592","locus116",0.993684,0.305264,NA,NA,0.993684,NA,1,0
"Dc13592","locus119",0.938874,0.224176,NA,NA,0.938874,NA,1,0
"Dc13592","locus120",1,1,NA,NA,1,NA,1,0
"Dc13592","locus128",0.398424,0.36673,NA,1,1,NA,1,0
"Dc13592","locus129",0.92208,0.965112,NA,1,1,NA,1,0
"Dc13592","locus130",0.079352,NA,1,NA,0.299524,NA,0.204732,0
"Dc13592","locus134",1,0.894324,NA,NA,0.277656,NA,1,0
"Dc13592","locus135",0.343984,0.982288,NA,0.602988,0.33601,NA,1,0
"Dc13592","locus137",1,1,NA,1,1,NA,1,0
"Dc13592","locus139",1,1,NA,1,0.37781,NA,1,0
"Dc13592","locus140",1,1,NA,1,0.36763,NA,1,0
"Dc13592","locus146",1,0.228168,1,1,1,NA,1,0
"Dc13592","locus148",0.367912,0.18383,NA,1,1,NA,1,0
"Dc13592","locus151",0.261928,NA,NA,1,0.522156,NA,1,0
"Dc13592","locus157",1,NA,NA,NA,1,NA,1,0
"Dc13592","locus161",0.53222,0.726096,NA,1,1,NA,0.726096,0
"Dc13592","locus165",1,1,NA,NA,1,NA,1,0
"Dc13592","locus170",0.366248,1,NA,1,0.13764,NA,1,0
"Dc13592","locus176",0.812552,NA,NA,NA,0.258054,NA,0.812552,0
"Dc13592","locus184",1,1,1,1,1,NA,1,0
"Dc13592","locus186",0.972496,1,NA,1,1,NA,0.47572,0
"Dc13592","locus190",1,1,NA,NA,0.08028,1,1,0
"Dc13592","locus191",1,NA,NA,NA,0.74991,1,0.063312,0
"Dc13592","locus192",1,1,NA,NA,0.65546,1,1,0
"Dc13592","locus195",1,1,NA,NA,1,1,1,0
"Dc13592","locus202",1,1,NA,NA,1,1,1,0
"Dc13592","locus215",0.463674,NA,NA,NA,0.219856,1,1,0
"Dc13592","locus227",1,1,1,NA,1,1,1,0
"Dc13592","locus231",1,1,NA,NA,1,NA,1,0
"Dc13592","locus235",0.50461,1,NA,NA,1,1,1,0
"Dc13592","locus236",1,1,NA,NA,1,1,1,0
"Dc13592","locus237",1,0.44377,NA,NA,0.933448,1,1,0
"Dc13592","locus248",1,1,NA,NA,1,1,0.35172,0
"Dc13592","locus256",1,1,NA,NA,0.763784,NA,1,0
"Dc13592","locus263",1,0.517448,NA,NA,1,NA,1,0
"Dc13592","locus264",0.952758,1,NA,NA,1,NA,0.81116,0
"Dc13592","locus274",1,1,NA,NA,0.444224,NA,1,0
"Dc13592","locus280",1,1,NA,NA,0.640688,NA,0.901968,0
"Dc13592","locus282",1,0.980832,NA,NA,1,NA,1,0
"Dc13592","locus286",1,1,NA,NA,1,NA,1,0
"Dc13592","locus291",1,1,NA,NA,1,NA,0.324024,0
"Dc13592","locus292",1,1,NA,NA,0.852696,NA,1,0
"Dc13592","locus296",1,1,NA,NA,1,NA,1,0
"Dc13592","locus301",0.231088,1,NA,NA,1,NA,1,0
"Dc13592","locus314",1,1,NA,NA,1,NA,1,0
"Dc13592","locus322",1,1,NA,NA,0.350168,NA,1,0
"Dc13592","locus323",1,1,NA,NA,1,NA,1,0
"Dc13592","locus329",1,1,NA,NA,1,NA,0.90368,0
"Dc13592","locus332",1,1,1,NA,1,NA,1,0
"Dc13592","locus358",1,1,NA,NA,0.62892,NA,1,0
"Dc13592","locus359",0.687324,1,NA,NA,0.628056,NA,1,0
"Dc13592","locus360",0.49008,1,NA,NA,0.230168,NA,1,0
"Dc14022","Dc14945",1,1,NA,NA,1,1,1,0
"Dc14022","Dc16747",1,1,NA,NA,1,1,1,0
"Dc14022","Dc18951",0.14537,0.65136,NA,NA,1,1,1,0
"Dc14022","Dc20232",1,1,NA,NA,1,1,1,0
"Dc14022","Dc22883",1,1,NA,NA,1,NA,1,0
"Dc14022","Dc22887",1,1,NA,NA,1,1,1,0
"Dc14022","Dc27955",0.725552,1,NA,NA,1,NA,1,0
"Dc14022","Dc28124",1,1,NA,NA,1,1,1,0
"Dc14022","Dc28776",1,1,NA,NA,1,1,1,0
"Dc14022","Dc30071",1,1,NA,NA,1,1,1,0
"Dc14022","Dc31007",1,NA,NA,NA,1,NA,1,0
"Dc14022","Dc33714",1,1,NA,NA,1,1,1,0
"Dc14022","Dc33907",1,1,NA,NA,1,1,1,0
"Dc14022","Dc34902",1,1,NA,NA,1,1,1,0
"Dc14022","Dc36571",1,1,NA,NA,1,1,1,0
"Dc14022","Dc36616",1,1,NA,NA,1,1,1,0
"Dc14022","Dc40235",1,1,NA,NA,1,1,1,0
"Dc14022","Dc41234",1,1,NA,NA,NA,NA,1,0
"Dc14022","Dc46984",1,1,NA,NA,1,1,1,0
"Dc14022","Dc47572",1,1,1,NA,1,1,1,0
"Dc14022","Dc47935",1,1,1,NA,1,1,1,0
"Dc14022","Dc48207",1,0.68627,NA,NA,1,1,1,0
"Dc14022","Dc48950",1,1,NA,NA,1,1,1,0
"Dc14022","Dc49080",1,1,NA,NA,1,1,1,0
"Dc14022","Dc49184",1,0.34436,NA,NA,1,1,1,0
"Dc14022","Dc51020",1,1,NA,NA,1,1,1,0
"Dc14022","Dc52523",1,1,NA,NA,1,0.7111,1,0
"Dc14022","Dc55481",1,1,NA,1,1,NA,1,0
"Dc14022","Dc58248",1,1,NA,1,1,NA,1,0
"Dc14022","Dc62188",0.26299,0.6046,NA,1,1,NA,1,0
"Dc14022","Dc67011",1,1,NA,1,1,NA,1,0
"Dc14022","locus003",0.98635,1,NA,1,1,NA,1,0
"Dc14022","locus004",1,1,NA,1,1,NA,1,0
"Dc14022","locus005",0.392568,0.10318,NA,1,1,NA,1,0
"Dc14022","locus006",1,1,NA,1,1,NA,1,0
"Dc14022","locus008",1,1,NA,1,1,NA,1,0
"Dc14022","locus013",0.86168,1,NA,1,1,NA,1,0
"Dc14022","locus014",1,1,1,1,1,NA,1,0
"Dc14022","locus022",1,0.48575,NA,1,1,NA,1,0
"Dc14022","locus024",1,1,NA,1,1,NA,1,0
"Dc14022","locus025",1,1,NA,1,1,NA,1,0
"Dc14022","locus027",0.71979,0.148992,NA,NA,NA,NA,NA,0
"Dc14022","locus030",1,1,NA,NA,1,NA,1,0
"Dc14022","locus035",1,1,NA,NA,1,NA,1,0
"Dc14022","locus038",0.800432,1,NA,NA,1,NA,1,0
"Dc14022","locus039",1,1,NA,NA,1,NA,1,0
"Dc14022","locus040",1,1,NA,NA,1,NA,1,0
"Dc14022","locus041",1,1,NA,NA,1,NA,1,0
"Dc14022","locus045",1,1,NA,NA,1,NA,1,0
"Dc14022","locus047",1,1,NA,NA,1,NA,1,0
"Dc14022","locus048",1,1,NA,NA,1,NA,1,0
"Dc14022","locus053",1,1,NA,NA,1,NA,1,0
"Dc14022","locus055",1,0.358992,NA,NA,1,NA,1,0
"Dc14022","locus056",1,1,NA,1,1,NA,1,0
"Dc14022","locus058",1,1,NA,1,1,NA,1,0
"Dc14022","locus060",0.739072,0.30987,NA,1,1,NA,1,0
"Dc14022","locus061",1,NA,NA,NA,1,NA,1,0
"Dc14022","locus062",1,1,NA,1,1,NA,1,0
"Dc14022","locus064",0.66563,1,NA,1,1,NA,1,0
"Dc14022","locus065",1,1,NA,1,1,NA,1,0
"Dc14022","locus073",1,1,1,1,1,NA,1,0
"Dc14022","locus074",1,1,1,1,1,NA,1,0
"Dc14022","locus076",1,1,NA,NA,1,NA,1,0
"Dc14022","locus077",0.45777,1,NA,1,1,NA,1,0
"Dc14022","locus080",0.347848,1,NA,NA,1,NA,1,0
"Dc14022","locus083",1,NA,NA,NA,1,NA,1,0
"Dc14022","locus088",1,1,NA,NA,1,NA,1,0
"Dc14022","locus093",1,1,1,NA,1,NA,1,0
"Dc14022","locus096",1,1,1,NA,1,NA,1,0
"Dc14022","locus098",0.834952,1,NA,NA,1,NA,1,0
"Dc14022","locus100",1,1,1,NA,1,NA,1,0
"Dc14022","locus106",1,1,NA,NA,1,NA,1,0
"Dc14022","locus116",0.583144,1,NA,NA,1,NA,1,0
"Dc14022","locus119",1,0.649616,NA,NA,1,NA,1,0
"Dc14022","locus120",1,1,NA,NA,1,NA,1,0
"Dc14022","locus128",1,1,NA,1,1,NA,1,0
"Dc14022","locus129",0.46284,1,NA,1,1,NA,1,0
"Dc14022","locus130",0.94036,NA,1,NA,1,NA,1,0
"Dc14022","locus134",1,1,NA,NA,1,NA,1,0
"Dc14022","locus135",1,1,NA,1,1,NA,1,0
"Dc14022","locus137",1,1,NA,1,1,NA,1,0
"Dc14022","locus139",1,1,NA,1,1,NA,1,0
"Dc14022","locus140",1,1,NA,1,1,NA,1,0
"Dc14022","locus146",1,1,1,1,1,NA,1,0
"Dc14022","locus148",1,1,NA,1,1,NA,1,0
"Dc14022","locus151",1,NA,NA,1,1,NA,1,0
"Dc14022","locus157",1,NA,NA,NA,1,NA,1,0
"Dc14022","locus161",1,1,NA,1,1,NA,1,0
"Dc14022","locus165",1,1,NA,NA,1,NA,1,0
"Dc14022","locus170",1,1,NA,1,1,NA,1,0
"Dc14022","locus176",1,NA,NA,NA,1,NA,1,0
"Dc14022","locus184",1,1,1,1,1,NA,1,0
"Dc14022","locus186",1,0.05831,NA,1,1,NA,1,0
"Dc14022","locus188",1,1,NA,NA,1,NA,1,0
"Dc14022","locus189",0.846192,1,NA,1,1,0.846192,1,0
"Dc14022","locus190",0.31426,1,NA,NA,1,1,1,0
"Dc14022","locus191",0.281744,NA,NA,NA,1,1,1,0
"Dc14022","locus192",1,1,NA,NA,1,1,1,0
"Dc14022","locus195",1,1,NA,NA,1,1,1,0
"Dc14022","locus202",1,0.64723,NA,NA,1,1,1,0
"Dc14022","locus215",1,NA,NA,NA,1,1,1,0
"Dc14022","locus227",1,1,1,NA,1,1,1,0
"Dc14022","locus231",1,1,NA,NA,1,NA,1,0
"Dc14022","locus235",0.92924,0.16088,NA,NA,1,1,1,0
"Dc14022","locus236",1,1,NA,NA,1,1,1,0
"Dc14022","locus237",1,1,NA,NA,1,1,1,0
"Dc14022","locus239",1,1,NA,NA,1,1,1,0
"Dc14022","locus248",1,1,NA,NA,1,1,1,0
"Dc14022","locus256",1,1,NA,NA,1,NA,1,0
"Dc14022","locus263",1,1,NA,NA,1,NA,1,0
"Dc14022","locus264",1,1,NA,NA,1,NA,1,0
"Dc14022","locus274",1,1,NA,NA,1,NA,1,0
"Dc14022","locus280",1,1,NA,NA,1,NA,1,0
"Dc14022","locus282",1,0.21368,NA,NA,1,NA,1,0
"Dc14022","locus286",1,1,NA,NA,1,NA,1,0
"Dc14022","locus291",0.823248,0.768872,NA,NA,1,NA,1,0
"Dc14022","locus296",1,1,NA,NA,1,NA,1,0
"Dc14022","locus301",1,1,NA,NA,1,NA,1,0
"Dc14022","locus314",1,1,NA,NA,1,NA,1,0
"Dc14022","locus321",1,1,NA,NA,1,NA,1,0
"Dc14022","locus322",1,1,NA,NA,1,NA,1,0
"Dc14022","locus323",0.570496,1,NA,NA,1,NA,1,0
"Dc14022","locus329",0.468752,1,NA,NA,1,NA,1,0
"Dc14022","locus332",1,0.48684,1,NA,1,NA,1,0
"Dc14022","locus358",1,0.607512,NA,NA,1,NA,1,0
"Dc14022","locus359",1,1,NA,NA,1,NA,1,0
"Dc14022","locus360",1,1,NA,NA,1,NA,1,0
"Dc14945","Dc16747",1,1,NA,NA,1,1,1,0
"Dc14945","Dc18951",1,1,NA,NA,0.17862,1,1,0
"Dc14945","Dc20232",1,1,NA,NA,1,1,1,0
"Dc14945","Dc22887",1,1,NA,NA,1,1,1,0
"Dc14945","Dc27955",0.5404,1,NA,NA,1,NA,1,0
"Dc14945","Dc28124",1,1,NA,NA,1,1,1,0
"Dc14945","Dc28776",1,1,NA,NA,1,1,1,0
"Dc14945","Dc30071",0.49202,1,NA,NA,1,1,1,0
"Dc14945","Dc31007",1,NA,NA,NA,1,NA,0.757896,0
"Dc14945","Dc33714",1,1,NA,NA,0.39288,1,1,0
"Dc14945","Dc33907",1,1,NA,NA,1,1,1,0
"Dc14945","Dc34902",1,1,NA,NA,1,1,1,0
"Dc14945","Dc35779",1,1,NA,NA,1,1,1,0
"Dc14945","Dc36571",1,1,NA,NA,1,1,1,0
"Dc14945","Dc36616",0.337224,0.16743,NA,NA,0.670644,1,1,0
"Dc14945","Dc40235",1,1,NA,NA,1,1,1,0
"Dc14945","Dc41234",1,0.66723,NA,NA,NA,NA,1,0
"Dc14945","Dc46984",1,1,NA,NA,1,1,1,0
"Dc14945","Dc47572",1,1,1,NA,1,1,1,0
"Dc14945","Dc47935",1,1,1,NA,1,1,0.85842,0
"Dc14945","Dc48207",1,1,NA,NA,1,1,1,0
"Dc14945","Dc48950",1,0.36714,NA,NA,0.36714,1,1,0
"Dc14945","Dc49080",1,0.59095,NA,NA,1,1,1,0
"Dc14945","Dc49184",0.57248,1,NA,NA,1,1,1,0
"Dc14945","Dc51020",1,1,NA,NA,1,1,1,0
"Dc14945","Dc52523",1,1,NA,NA,0.49313,1,0.928752,0
"Dc14945","Dc55481",1,1,NA,1,0.85776,NA,1,0
"Dc14945","Dc58248",1,1,NA,1,1,NA,1,0
"Dc14945","Dc62188",1,0.883664,NA,1,0.64937,NA,1,0
"Dc14945","Dc67011",0.806808,0.73508,NA,0.806808,0.15111,NA,0.806808,0
"Dc14945","locus003",0.427448,0.41979,NA,1,0.427448,NA,1,0
"Dc14945","locus004",1,1,NA,1,1,NA,1,0
"Dc14945","locus005",1,1,NA,1,1,NA,1,0
"Dc14945","locus006",1,1,NA,1,1,NA,1,0
"Dc14945","locus008",0.2371,1,NA,1,1,NA,1,0
"Dc14945","locus013",1,1,NA,1,1,NA,1,0
"Dc14945","locus014",1,1,1,1,1,NA,1,0
"Dc14945","locus022",1,1,NA,1,1,NA,0.66334,0
"Dc14945","locus024",1,1,NA,0.79916,0.77174,NA,1,0
"Dc14945","locus025",1,1,NA,1,1,NA,1,0
"Dc14945","locus027",1,0.879888,NA,NA,NA,NA,NA,0
"Dc14945","locus030",1,1,NA,NA,1,NA,1,0
"Dc14945","locus035",1,0.250088,NA,NA,1,NA,1,0
"Dc14945","locus038",1,1,NA,NA,1,NA,1,0
"Dc14945","locus039",0.747832,1,NA,NA,1,NA,1,0
"Dc14945","locus040",0.653684,0.261,NA,NA,0.653684,NA,0.270972,0
"Dc14945","locus041",1,0.318216,NA,NA,1,NA,1,0
"Dc14945","locus045",0.665296,1,NA,NA,0.665296,NA,1,0
"Dc14945","locus047",1,1,NA,NA,0.839824,NA,1,0
"Dc14945","locus048",1,1,NA,NA,1,NA,1,0
"Dc14945","locus053",0.838004,0.227024,NA,NA,0.838004,NA,0.398814,0
"Dc14945","locus056",1,1,NA,1,1,NA,1,0
"Dc14945","locus058",1,1,NA,1,1,NA,1,0
"Dc14945","locus060",1,1,NA,1,1,NA,1,0
"Dc14945","locus061",1,NA,NA,NA,1,NA,1,0
"Dc14945","locus062",0.67194,1,NA,1,1,NA,1,0
"Dc14945","locus064",1,1,NA,1,1,NA,1,0
"Dc14945","locus065",1,0.26541,NA,1,1,NA,1,0
"Dc14945","locus073",1,1,1,1,1,NA,1,0
"Dc14945","locus074",1,1,1,1,0.074148,NA,1,0
"Dc14945","locus076",1,0.837952,NA,NA,1,NA,1,0
"Dc14945","locus077",0.77614,1,NA,1,0.77614,NA,1,0
"Dc14945","locus080",0.477872,0.966204,NA,NA,1,NA,1,0
"Dc14945","locus083",1,NA,NA,NA,1,NA,1,0
"Dc14945","locus088",0.83271,1,NA,NA,0.058088,NA,1,0
"Dc14945","locus093",0.3308,1,1,NA,1,NA,1,0
"Dc14945","locus096",1,0.91609,1,NA,1,NA,1,0
"Dc14945","locus098",1,0.614128,NA,NA,0.622182,NA,1,0
"Dc14945","locus100",1,1,1,NA,1,NA,1,0
"Dc14945","locus106",1,1,NA,NA,1,NA,1,0
"Dc14945","locus116",0.209248,1,NA,NA,0.376458,NA,1,0
"Dc14945","locus119",1,1,NA,NA,1,NA,1,0
"Dc14945","locus120",1,0.83176,NA,NA,1,NA,1,0
"Dc14945","locus128",1,1,NA,1,1,NA,1,0
"Dc14945","locus129",1,1,NA,1,1,NA,1,0
"Dc14945","locus130",0.351696,NA,1,NA,1,NA,1,0
"Dc14945","locus134",0.806896,1,NA,NA,1,NA,0.806896,0
"Dc14945","locus135",1,1,NA,1,0.45764,NA,1,0
"Dc14945","locus137",1,1,NA,1,1,NA,1,0
"Dc14945","locus139",1,1,NA,1,1,NA,1,0
"Dc14945","locus140",1,1,NA,1,1,NA,1,0
"Dc14945","locus146",0.902376,1,1,1,0.99601,NA,1,0
"Dc14945","locus148",1,1,NA,1,0.4567,NA,1,0
"Dc14945","locus151",1,NA,NA,1,1,NA,1,0
"Dc14945","locus157",0.554784,NA,NA,NA,0.845168,NA,1,0
"Dc14945","locus161",1,1,NA,1,0.54819,NA,1,0
"Dc14945","locus165",1,1,NA,NA,1,NA,1,0
"Dc14945","locus170",0.14945,1,NA,1,1,NA,1,0
"Dc14945","locus176",0.366618,NA,NA,NA,0.494768,NA,0.494768,0
"Dc14945","locus184",0.192516,1,1,1,0.92143,NA,1,0
"Dc14945","locus186",1,1,NA,1,1,NA,1,0
"Dc14945","locus188",1,1,NA,NA,1,NA,1,0
"Dc14945","locus189",1,1,NA,1,1,1,1,0
"Dc14945","locus190",1,0.46169,NA,NA,1,1,1,0
"Dc14945","locus191",1,NA,NA,NA,1,1,1,0
"Dc14945","locus192",1,0.33701,NA,NA,1,1,1,0
"Dc14945","locus195",1,1,NA,NA,1,1,1,0
"Dc14945","locus202",1,1,NA,NA,0.51619,1,1,0
"Dc14945","locus215",0.151608,NA,NA,NA,1,1,1,0
"Dc14945","locus227",1,1,1,NA,1,1,0.851916,0
"Dc14945","locus231",1,1,NA,NA,1,NA,1,0
"Dc14945","locus235",0.891846,0.28218,NA,NA,0.697248,1,1,0
"Dc14945","locus236",1,0.06415,NA,NA,1,1,1,0
"Dc14945","locus237",1,1,NA,NA,1,1,1,0
"Dc14945","locus239",1,1,NA,NA,1,1,1,0
"Dc14945","locus248",0.39914,1,NA,NA,1,1,1,0
"Dc14945","locus256",1,1,NA,NA,1,NA,0.923808,0
"Dc14945","locus263",1,1,NA,NA,1,NA,1,0
"Dc14945","locus274",0.696284,0.660546,NA,NA,0.660546,NA,0.26752,0
"Dc14945","locus280",1,1,NA,NA,1,NA,1,0
"Dc14945","locus282",1,1,NA,NA,0.2688,NA,1,0
"Dc14945","locus286",0.473208,0.558888,NA,NA,0.737084,NA,1,0
"Dc14945","locus291",1,1,NA,NA,1,NA,1,0
"Dc14945","locus292",1,0.475376,NA,NA,1,NA,0.997944,0
"Dc14945","locus296",0.437032,1,NA,NA,1,NA,1,0
"Dc14945","locus301",1,1,NA,NA,0.715824,NA,1,0
"Dc14945","locus314",1,1,NA,NA,1,NA,1,0
"Dc14945","locus322",0.178856,0.480228,NA,NA,1,NA,1,0
"Dc14945","locus323",1,1,NA,NA,1,NA,1,0
"Dc14945","locus329",1,0.327216,NA,NA,1,NA,1,0
"Dc14945","locus332",1,1,1,NA,1,NA,1,0
"Dc14945","locus358",0.12428,0.12428,NA,NA,0.666908,NA,0.666908,0
"Dc14945","locus359",1,1,NA,NA,1,NA,1,0
"Dc14945","locus360",0.90484,1,NA,NA,1,NA,1,0
"Dc16747","Dc18951",1,1,NA,NA,1,1,1,0
"Dc16747","Dc20232",0.6267,1,NA,NA,1,1,1,0
"Dc16747","Dc22883",1,1,NA,NA,0.21708,NA,1,0
"Dc16747","Dc22887",1,1,NA,NA,1,1,1,0
"Dc16747","Dc27955",1,1,NA,NA,0.669712,NA,0.708996,0
"Dc16747","Dc28124",1,1,NA,NA,1,1,1,0
"Dc16747","Dc28776",0.17202,1,NA,NA,1,1,1,0
"Dc16747","Dc30071",1,1,NA,NA,1,1,1,0
"Dc16747","Dc31007",1,NA,NA,NA,1,NA,1,0
"Dc16747","Dc33714",1,1,NA,NA,1,1,1,0
"Dc16747","Dc33907",1,1,NA,NA,1,1,1,0
"Dc16747","Dc34902",1,1,NA,NA,1,1,1,0
"Dc16747","Dc35779",1,1,NA,NA,1,1,1,0
"Dc16747","Dc36571",1,1,NA,NA,0.5628,1,1,0
"Dc16747","Dc36616",1,1,NA,NA,1,1,1,0
"Dc16747","Dc40235",0.51251,0.974088,NA,NA,0.974088,1,1,0
"Dc16747","Dc41234",1,1,1,NA,NA,NA,1,0
"Dc16747","Dc46984",1,0.70399,NA,NA,0.70399,1,1,0
"Dc16747","Dc47572",1,1,1,NA,1,1,1,0
"Dc16747","Dc47935",1,1,NA,NA,0.70292,1,0.06968,0
"Dc16747","Dc48207",1,1,NA,NA,1,1,1,0
"Dc16747","Dc48950",1,0.93528,NA,NA,1,1,0.78962,0
"Dc16747","Dc49080",1,1,NA,NA,1,1,1,0
"Dc16747","Dc49184",1,1,NA,NA,1,1,1,0
"Dc16747","Dc52523",1,1,NA,NA,1,1,1,0
"Dc16747","Dc55481",1,0.0782,NA,1,1,NA,1,0
"Dc16747","Dc58248",1,0.20797,NA,1,1,NA,1,0
"Dc16747","Dc62188",1,1,NA,1,1,NA,0.34905,0
"Dc16747","Dc67011",1,1,NA,1,1,NA,1,0
"Dc16747","locus003",1,1,NA,1,1,NA,1,0
"Dc16747","locus004",1,1,NA,1,1,NA,1,0
"Dc16747","locus005",1,0.637992,NA,1,1,NA,0.3115,0
"Dc16747","locus006",0.96566,1,NA,1,1,NA,1,0
"Dc16747","locus008",0.81679,1,NA,1,1,NA,1,0
"Dc16747","locus013",1,1,NA,1,1,NA,1,0
"Dc16747","locus014",1,1,1,1,1,NA,1,0
"Dc16747","locus022",1,0.31819,NA,1,0.426464,NA,1,0
"Dc16747","locus024",1,1,NA,1,1,NA,0.28426,0
"Dc16747","locus025",1,1,NA,1,1,NA,0.26796,0
"Dc16747","locus027",0.857436,0.747924,NA,NA,NA,NA,NA,0
"Dc16747","locus030",1,1,NA,NA,1,NA,1,0
"Dc16747","locus035",1,1,NA,NA,1,NA,1,0
"Dc16747","locus038",1,0.790616,NA,NA,1,NA,1,0
"Dc16747","locus039",0.783768,1,NA,NA,1,NA,1,0
"Dc16747","locus040",0.25656,0.830628,NA,NA,1,NA,1,0
"Dc16747","locus041",1,0.901336,NA,NA,1,NA,1,0
"Dc16747","locus045",0.364264,0.364264,NA,NA,1,NA,1,0
"Dc16747","locus047",1,1,NA,NA,1,NA,0.517488,0
"Dc16747","locus048",1,1,NA,NA,1,NA,1,0
"Dc16747","locus053",0.080072,0.080072,NA,NA,1,NA,1,0
"Dc16747","locus055",1,0.38868,NA,NA,1,NA,1,0
"Dc16747","locus056",0.978896,0.978896,NA,0.978896,0.978896,NA,0.52234,0
"Dc16747","locus058",1,1,NA,1,1,NA,1,0
"Dc16747","locus060",1,1,NA,1,1,NA,1,0
"Dc16747","locus061",1,NA,NA,NA,1,NA,1,0
"Dc16747","locus062",1,0.37239,NA,1,1,NA,1,0
"Dc16747","locus064",1,1,NA,1,1,NA,1,0
"Dc16747","locus065",1,1,NA,1,1,NA,1,0
"Dc16747","locus073",1,0.567936,1,1,0.072096,NA,0.10005,0
"Dc16747","locus074",1,1,1,1,1,NA,1,0
"Dc16747","locus076",0.748746,0.620728,NA,NA,0.748746,NA,1,0
"Dc16747","locus077",1,0.91051,NA,1,0.91051,NA,1,0
"Dc16747","locus080",1,1,1,NA,1,NA,1,0
"Dc16747","locus083",0.597696,NA,NA,NA,1,NA,1,0
"Dc16747","locus088",1,1,NA,NA,1,NA,1,0
"Dc16747","locus093",1,1,1,NA,1,NA,1,0
"Dc16747","locus096",1,1,1,NA,1,NA,1,0
"Dc16747","locus098",0.57822,0.790064,NA,NA,0.124736,NA,0.790064,0
"Dc16747","locus100",1,1,1,NA,1,NA,1,0
"Dc16747","locus106",0.447882,0.345752,NA,NA,1,NA,1,0
"Dc16747","locus116",0.597376,1,NA,NA,0.895716,NA,1,0
"Dc16747","locus119",0.786056,1,NA,NA,1,NA,1,0
"Dc16747","locus120",0.304944,0.271344,NA,NA,1,NA,1,0
"Dc16747","locus128",1,1,NA,1,1,NA,1,0
"Dc16747","locus129",0.93088,1,NA,1,1,NA,1,0
"Dc16747","locus130",0.662964,NA,NA,NA,1,NA,1,0
"Dc16747","locus134",0.662296,0.662296,NA,NA,0.74196,NA,1,0
"Dc16747","locus135",1,0.48874,NA,1,1,NA,1,0
"Dc16747","locus137",0.95068,1,NA,1,0.962632,NA,1,0
"Dc16747","locus139",1,0.77238,NA,1,1,NA,1,0
"Dc16747","locus140",1,0.78536,NA,1,1,NA,1,0
"Dc16747","locus146",1,1,1,1,0.35508,NA,0.082044,0
"Dc16747","locus148",1,1,NA,1,1,NA,1,0
"Dc16747","locus151",0.322544,NA,NA,1,1,NA,1,0
"Dc16747","locus157",0.728424,NA,NA,NA,0.728424,NA,0.728424,0
"Dc16747","locus161",1,1,NA,1,0.96415,NA,1,0
"Dc16747","locus165",1,1,NA,NA,1,NA,1,0
"Dc16747","locus170",1,1,NA,1,1,NA,1,0
"Dc16747","locus176",0.475236,NA,1,NA,0.060296,NA,1,0
"Dc16747","locus188",1,1,NA,NA,0.501832,NA,0.622446,0
"Dc16747","locus189",0.33167,0.265632,NA,1,0.9806,1,1,0
"Dc16747","locus190",1,1,NA,NA,0.35609,1,1,0
"Dc16747","locus191",0.721072,NA,NA,NA,1,1,1,0
"Dc16747","locus192",1,1,NA,NA,1,1,1,0
"Dc16747","locus195",0.98876,1,NA,NA,1,1,1,0
"Dc16747","locus202",1,1,NA,NA,0.89873,1,1,0
"Dc16747","locus215",1,NA,NA,NA,1,1,0.27844,0
"Dc16747","locus227",0.277524,1,1,NA,0.277524,1,1,0
"Dc16747","locus231",0.623364,0.39484,NA,NA,0.623364,NA,0.39484,0
"Dc16747","locus235",1,1,NA,NA,1,1,0.88059,0
"Dc16747","locus236",1,0.52932,NA,NA,0.764304,1,1,0
"Dc16747","locus237",1,1,NA,NA,1,1,1,0
"Dc16747","locus239",1,1,NA,NA,1,1,1,0
"Dc16747","locus248",1,1,NA,NA,1,1,0.755,0
"Dc16747","locus256",1,1,NA,NA,1,NA,1,0
"Dc16747","locus263",1,1,NA,NA,1,NA,1,0
"Dc16747","locus264",1,1,NA,NA,0.826184,NA,1,0
"Dc16747","locus274",1,1,NA,NA,1,NA,1,0
"Dc16747","locus280",1,0.91044,NA,NA,0.91044,NA,1,0
"Dc16747","locus282",1,1,NA,NA,1,NA,1,0
"Dc16747","locus286",1,0.329912,NA,NA,1,NA,1,0
"Dc16747","locus291",1,0.529008,NA,NA,1,NA,1,0
"Dc16747","locus296",1,1,NA,NA,1,NA,1,0
"Dc16747","locus301",1,0.056368,NA,NA,1,NA,1,0
"Dc16747","locus314",1,1,NA,NA,1,NA,1,0
"Dc16747","locus321",0.649836,0.804008,NA,NA,0.302712,NA,0.670448,0
"Dc16747","locus322",1,1,NA,NA,1,NA,1,0
"Dc16747","locus323",0.399408,1,NA,NA,1,NA,1,0
"Dc16747","locus329",1,1,NA,NA,1,NA,0.679808,0
"Dc16747","locus332",1,1,1,NA,1,NA,1,0
"Dc16747","locus358",1,1,NA,NA,1,NA,0.913784,0
"Dc16747","locus359",1,1,NA,NA,1,NA,1,0
"Dc16747","locus360",1,0.80973,NA,NA,0.484464,NA,0.989116,0
"Dc18951","Dc20232",1,1,NA,NA,1,1,0.37988,0
"Dc18951","Dc22883",0.708352,0.932628,NA,NA,1,NA,1,0
"Dc18951","Dc22887",0.39555,0.40196,NA,NA,1,1,0.867402,0
"Dc18951","Dc27955",0.25592,1,NA,NA,1,NA,1,0
"Dc18951","Dc28124",1,1,NA,NA,1,1,1,0
"Dc18951","Dc28776",1,1,NA,NA,0.73387,1,1,0
"Dc18951","Dc30071",1,1,NA,NA,0.6186,1,1,0
"Dc18951","Dc31007",0.840774,NA,NA,NA,0.840774,NA,0.840774,0
"Dc18951","Dc33714",1,0.10658,NA,NA,1,1,1,0
"Dc18951","Dc33907",1,1,NA,NA,1,0.99991,0.99991,0
"Dc18951","Dc34902",1,1,NA,NA,1,1,1,0
"Dc18951","Dc35779",0.48446,1,NA,NA,1,1,1,0
"Dc18951","Dc36571",0.63088,1,NA,NA,1,1,1,0
"Dc18951","Dc36616",1,1,NA,NA,1,1,1,0
"Dc18951","Dc40235",1,0.1205,NA,NA,0.227032,0.942456,1,0
"Dc18951","Dc41234",1,1,NA,NA,NA,NA,1,0
"Dc18951","Dc46984",1,1,NA,NA,0.89584,1,1,0
"Dc18951","Dc47572",1,1,1,NA,1,1,1,0
"Dc18951","Dc47935",1,1,NA,NA,1,1,1,0
"Dc18951","Dc48207",1,1,NA,NA,1,1,1,0
"Dc18951","Dc48950",1,0.78414,NA,NA,1,1,1,0
"Dc18951","Dc49080",1,1,NA,NA,1,0.47843,1,0
"Dc18951","Dc49184",0.716174,0.36955,NA,NA,0.403872,0.403872,0.376264,0
"Dc18951","Dc51020",0.717168,0.907638,NA,NA,0.907638,0.907638,0.2601,0
"Dc18951","Dc52523",1,1,NA,NA,1,1,1,0
"Dc18951","Dc55481",0.54459,1,NA,1,1,NA,1,0
"Dc18951","Dc58248",1,0.23431,NA,1,1,NA,1,0
"Dc18951","Dc62188",1,1,NA,1,0.20987,NA,1,0
"Dc18951","Dc67011",1,0.18356,NA,1,1,NA,1,0
"Dc18951","locus004",1,1,NA,1,1,NA,1,0
"Dc18951","locus005",1,1,NA,1,1,NA,1,0
"Dc18951","locus006",1,1,NA,1,1,NA,0.61772,0
"Dc18951","locus008",0.98722,1,NA,1,1,NA,0.98722,0
"Dc18951","locus013",1,0.29141,NA,0.29141,1,NA,1,0
"Dc18951","locus014",1,1,NA,1,1,NA,1,0
"Dc18951","locus022",1,1,NA,1,1,NA,1,0
"Dc18951","locus024",1,1,NA,1,1,NA,1,0
"Dc18951","locus025",0.58669,1,NA,1,1,NA,1,0
"Dc18951","locus027",0.27751,0.169348,NA,NA,NA,NA,NA,0
"Dc18951","locus030",1,1,NA,NA,1,NA,0.333112,0
"Dc18951","locus035",1,1,NA,NA,1,NA,1,0
"Dc18951","locus038",1,1,NA,NA,1,NA,1,0
"Dc18951","locus039",1,1,NA,NA,1,NA,1,0
"Dc18951","locus041",0.834336,0.953372,NA,NA,0.827936,NA,1,0
"Dc18951","locus045",0.314464,1,NA,NA,1,NA,1,0
"Dc18951","locus047",1,1,NA,NA,0.583236,NA,0.538744,0
"Dc18951","locus048",1,0.254704,NA,NA,1,NA,0.65112,0
"Dc18951","locus055",0.753216,0.753216,NA,NA,0.356816,NA,0.425964,0
"Dc18951","locus056",1,1,NA,0.71446,1,NA,1,0
"Dc18951","locus058",1,0.767862,NA,0.19132,1,NA,0.738944,0
"Dc18951","locus060",1,1,NA,1,1,NA,1,0
"Dc18951","locus061",0.688446,NA,NA,NA,0.688446,NA,0.688446,0
"Dc18951","locus062",1,1,NA,1,0.83128,NA,1,0
"Dc18951","locus064",1,1,NA,1,1,NA,1,0
"Dc18951","locus065",0.58584,1,NA,1,1,NA,0.799552,0
"Dc18951","locus073",1,1,1,1,1,NA,1,0
"Dc18951","locus074",1,1,1,1,1,NA,1,0
"Dc18951","locus076",0.367912,0.925536,NA,NA,0.925536,NA,0.925536,0
"Dc18951","locus077",1,1,NA,1,1,NA,1,0
"Dc18951","locus080",1,1,NA,NA,1,NA,1,0
"Dc18951","locus083",0.10818,NA,NA,NA,1,NA,1,0
"Dc18951","locus088",1,1,NA,NA,1,NA,1,0
"Dc18951","locus093",0.55552,1,1,NA,1,NA,0.55552,0
"Dc18951","locus096",1,1,1,NA,1,NA,1,0
"Dc18951","locus098",1,1,NA,NA,1,NA,1,0
"Dc18951","locus100",0.65887,1,1,NA,1,NA,1,0
"Dc18951","locus106",1,1,1,NA,1,NA,1,0
"Dc18951","locus116",1,1,NA,NA,1,NA,1,0
"Dc18951","locus119",1,1,NA,NA,0.748224,NA,1,0
"Dc18951","locus120",0.099456,1,NA,NA,1,NA,1,0
"Dc18951","locus128",1,0.07013,NA,1,1,NA,0.50616,0
"Dc18951","locus129",1,1,NA,1,1,NA,1,0
"Dc18951","locus134",1,1,NA,NA,1,NA,0.5058,0
"Dc18951","locus135",1,1,NA,0.71518,1,NA,1,0
"Dc18951","locus137",0.47684,0.8976,NA,1,1,NA,0.15002,0
"Dc18951","locus139",0.31711,1,NA,1,0.773192,NA,1,0
"Dc18951","locus140",0.30899,1,NA,1,0.768136,NA,1,0
"Dc18951","locus146",1,1,1,1,1,NA,1,0
"Dc18951","locus148",1,1,NA,1,0.44767,NA,1,0
"Dc18951","locus151",1,NA,NA,1,1,NA,1,0
"Dc18951","locus157",0.32372,NA,NA,NA,0.32372,NA,0.08541,0
"Dc18951","locus161",1,1,1,0.278676,1,NA,1,0
"Dc18951","locus165",1,0.482864,NA,NA,0.760116,NA,1,0
"Dc18951","locus170",0.2128,1,NA,1,1,NA,1,0
"Dc18951","locus176",0.833348,NA,NA,NA,0.063942,NA,0.833348,0
"Dc18951","locus184",1,1,1,1,1,NA,1,0
"Dc18951","locus186",1,1,NA,1,1,NA,1,0
"Dc18951","locus189",1,1,NA,1,1,1,1,0
"Dc18951","locus190",1,1,NA,NA,0.06522,1,1,0
"Dc18951","locus191",1,NA,NA,NA,1,0.265192,1,0
"Dc18951","locus192",1,1,NA,NA,1,0.47347,1,0
"Dc18951","locus195",0.84253,1,NA,NA,1,1,1,0
"Dc18951","locus202",0.708332,0.12371,NA,NA,0.896936,0.430098,0.204448,0
"Dc18951","locus227",1,1,1,NA,1,1,1,0
"Dc18951","locus231",1,0.22026,1,NA,0.397016,NA,1,0
"Dc18951","locus235",1,0.99412,NA,NA,0.31273,1,1,0
"Dc18951","locus236",0.2024,1,NA,NA,0.353768,1,1,0
"Dc18951","locus237",1,1,NA,NA,0.36237,1,0.713288,0
"Dc18951","locus239",0.943896,0.31076,NA,NA,0.706312,0.943896,0.943896,0
"Dc18951","locus248",1,0.57908,NA,NA,0.785448,1,1,0
"Dc18951","locus256",0.146718,0.83216,NA,NA,0.054808,NA,0.83216,0
"Dc18951","locus263",0.777594,1,NA,NA,1,NA,0.537696,0
"Dc18951","locus274",1,1,NA,NA,1,NA,1,0
"Dc18951","locus282",1,1,NA,NA,1,NA,0.506936,0
"Dc18951","locus286",0.610808,1,NA,NA,0.653172,NA,1,0
"Dc18951","locus291",1,1,NA,NA,1,NA,1,0
"Dc18951","locus292",0.66261,0.160488,NA,NA,1,NA,1,0
"Dc18951","locus296",1,1,NA,NA,1,NA,1,0
"Dc18951","locus314",1,1,NA,NA,0.347296,NA,1,0
"Dc18951","locus321",0.456714,0.923812,NA,NA,0.923812,NA,0.260208,0
"Dc18951","locus322",1,0.369976,NA,NA,0.369976,NA,1,0
"Dc18951","locus323",0.748576,1,NA,NA,1,NA,1,0
"Dc18951","locus329",1,1,NA,NA,1,NA,1,0
"Dc18951","locus332",1,1,1,NA,1,NA,1,0
"Dc18951","locus358",1,1,NA,NA,1,NA,1,0
"Dc18951","locus359",1,1,NA,NA,0.141224,NA,1,0
"Dc18951","locus360",1,1,1,NA,1,NA,1,0
"Dc20232","Dc22883",1,1,NA,NA,1,NA,1,0
"Dc20232","Dc22887",1,1,NA,NA,1,1,1,0
"Dc20232","Dc27955",0.760864,0.760864,NA,NA,1,NA,1,0
"Dc20232","Dc28124",0.46845,0.97304,NA,NA,1,1,0.97304,0
"Dc20232","Dc28776",0.736048,0.824468,NA,NA,0.736048,1,0.1765,0
"Dc20232","Dc30071",1,1,NA,NA,1,1,1,0
"Dc20232","Dc31007",0.24327,NA,NA,NA,0.880444,NA,1,0
"Dc20232","Dc33714",0.700048,1,NA,NA,0.32608,1,1,0
"Dc20232","Dc33907",1,0.20417,NA,NA,0.79076,1,1,0
"Dc20232","Dc34902",1,1,NA,NA,0.37928,1,1,0
"Dc20232","Dc35779",1,1,NA,NA,1,1,1,0
"Dc20232","Dc36571",1,1,NA,NA,1,1,1,0
"Dc20232","Dc36616",1,1,NA,NA,1,1,1,0
"Dc20232","Dc40235",1,1,NA,NA,1,1,1,0
"Dc20232","Dc41234",0.78711,1,NA,NA,NA,NA,1,0
"Dc20232","Dc46984",1,1,NA,NA,1,1,1,0
"Dc20232","Dc47572",1,1,1,NA,1,1,1,0
"Dc20232","Dc47935",1,0.598912,NA,NA,0.598912,0.59565,1,0
"Dc20232","Dc48207",1,1,NA,NA,1,1,1,0
"Dc20232","Dc48950",1,0.962814,NA,NA,0.32717,1,0.487576,0
"Dc20232","Dc49080",1,1,NA,NA,1,1,1,0
"Dc20232","Dc49184",1,1,NA,NA,1,1,0.77802,0
"Dc20232","Dc51020",1,1,NA,NA,1,1,1,0
"Dc20232","Dc52523",0.61785,1,NA,NA,1,1,1,0
"Dc20232","Dc55481",1,0.953368,NA,1,1,NA,0.82351,0
"Dc20232","Dc58248",1,1,NA,1,1,NA,1,0
"Dc20232","Dc62188",0.85916,1,NA,1,1,NA,1,0
"Dc20232","Dc67011",1,1,NA,1,1,NA,1,0
"Dc20232","locus003",1,1,NA,1,1,NA,1,0
"Dc20232","locus004",1,1,NA,1,1,NA,1,0
"Dc20232","locus005",0.862936,0.37447,NA,1,1,NA,1,0
"Dc20232","locus006",1,1,NA,1,1,NA,1,0
"Dc20232","locus008",1,1,NA,1,1,NA,1,0
"Dc20232","locus013",1,1,NA,1,1,NA,1,0
"Dc20232","locus014",1,1,NA,1,1,NA,1,0
"Dc20232","locus022",0.46615,1,NA,1,1,NA,1,0
"Dc20232","locus024",1,1,NA,1,1,NA,1,0
"Dc20232","locus025",1,1,NA,1,1,NA,1,0
"Dc20232","locus027",1,1,1,NA,NA,NA,NA,0
"Dc20232","locus030",1,1,NA,NA,1,NA,1,0
"Dc20232","locus035",0.814328,1,NA,NA,1,NA,1,0
"Dc20232","locus038",1,1,NA,NA,1,NA,1,0
"Dc20232","locus039",0.364556,0.108588,NA,NA,0.076496,NA,1,0
"Dc20232","locus040",1,1,NA,NA,1,NA,1,0
"Dc20232","locus041",1,1,NA,NA,1,NA,1,0
"Dc20232","locus045",1,1,NA,NA,1,NA,1,0
"Dc20232","locus047",1,1,NA,NA,1,NA,1,0
"Dc20232","locus048",1,1,NA,NA,1,NA,1,0
"Dc20232","locus053",0.07336,0.958744,1,NA,1,NA,1,0
"Dc20232","locus055",1,0.528856,NA,NA,1,NA,0.64683,0
"Dc20232","locus056",1,1,NA,1,1,NA,1,0
"Dc20232","locus058",1,1,NA,1,1,NA,1,0
"Dc20232","locus060",1,1,NA,1,1,NA,1,0
"Dc20232","locus061",1,NA,1,NA,1,NA,0.051336,0
"Dc20232","locus062",1,1,NA,1,1,NA,0.10009,0
"Dc20232","locus064",1,0.773264,NA,1,0.40176,NA,1,0
"Dc20232","locus065",1,0.97702,NA,1,1,NA,1,0
"Dc20232","locus073",1,1,1,1,1,NA,1,0
"Dc20232","locus074",1,1,1,1,1,NA,0.205308,0
"Dc20232","locus076",0.29092,1,NA,NA,0.486804,NA,1,0
"Dc20232","locus077",0.61766,1,NA,1,0.959848,NA,1,0
"Dc20232","locus080",1,1,NA,NA,0.16108,NA,1,0
"Dc20232","locus083",0.931704,NA,NA,NA,1,NA,1,0
"Dc20232","locus088",1,1,NA,NA,1,NA,1,0
"Dc20232","locus093",1,1,1,NA,1,NA,1,0
"Dc20232","locus096",1,1,1,NA,1,NA,0.54936,0
"Dc20232","locus098",0.4572,0.771102,NA,NA,0.771102,NA,0.771102,0
"Dc20232","locus100",1,1,1,NA,1,NA,1,0
"Dc20232","locus106",1,1,1,NA,1,NA,1,0
"Dc20232","locus116",1,1,NA,NA,1,NA,1,0
"Dc20232","locus119",0.954088,0.954088,NA,NA,0.954088,NA,0.954088,0
"Dc20232","locus120",1,0.370776,NA,NA,1,NA,1,0
"Dc20232","locus128",1,1,NA,1,0.89967,NA,0.89967,0
"Dc20232","locus129",1,1,NA,1,0.39096,NA,1,0
"Dc20232","locus130",1,NA,NA,NA,1,NA,1,0
"Dc20232","locus134",1,1,1,NA,1,NA,1,0
"Dc20232","locus135",1,0.16369,NA,1,1,NA,1,0
"Dc20232","locus137",1,0.10629,NA,1,1,NA,1,0
"Dc20232","locus139",0.90662,1,NA,1,1,NA,1,0
"Dc20232","locus140",0.92036,1,NA,1,1,NA,1,0
"Dc20232","locus146",1,0.908064,1,1,1,NA,1,0
"Dc20232","locus148",1,1,NA,1,1,NA,1,0
"Dc20232","locus151",1,NA,NA,1,1,NA,1,0
"Dc20232","locus157",0.323742,NA,NA,NA,0.791806,NA,0.323742,0
"Dc20232","locus161",1,1,1,1,1,NA,1,0
"Dc20232","locus165",0.921036,0.359168,NA,NA,0.478806,NA,0.682452,0
"Dc20232","locus170",1,0.841672,NA,1,0.11406,NA,1,0
"Dc20232","locus176",1,NA,NA,NA,1,NA,1,0
"Dc20232","locus184",1,1,1,1,1,NA,1,0
"Dc20232","locus186",1,1,NA,1,1,NA,1,0
"Dc20232","locus188",1,1,NA,NA,0.561728,NA,1,0
"Dc20232","locus189",1,1,NA,1,1,1,1,0
"Dc20232","locus190",1,1,NA,NA,1,1,1,0
"Dc20232","locus191",1,NA,NA,NA,1,1,1,0
"Dc20232","locus192",1,1,NA,NA,1,1,1,0
"Dc20232","locus195",0.89161,1,NA,NA,1,1,1,0
"Dc20232","locus202",0.67707,1,NA,NA,1,1,1,0
"Dc20232","locus215",0.223824,NA,NA,NA,1,0.076208,1,0
"Dc20232","locus227",0.18636,1,1,NA,1,1,1,0
"Dc20232","locus231",1,1,NA,NA,1,NA,0.894528,0
"Dc20232","locus235",1,1,NA,NA,1,1,1,0
"Dc20232","locus236",1,1,NA,NA,1,1,0.95876,0
"Dc20232","locus237",1,1,NA,NA,1,0.46334,1,0
"Dc20232","locus239",1,1,NA,NA,0.09865,1,1,0
"Dc20232","locus248",1,1,NA,NA,1,1,1,0
"Dc20232","locus256",1,1,NA,NA,1,NA,1,0
"Dc20232","locus263",1,1,NA,NA,0.917384,NA,1,0
"Dc20232","locus264",1,1,NA,NA,0.053344,NA,1,0
"Dc20232","locus274",1,1,NA,NA,1,NA,1,0
"Dc20232","locus280",0.380496,1,NA,NA,0.380496,NA,1,0
"Dc20232","locus282",0.159416,1,NA,NA,1,NA,1,0
"Dc20232","locus286",1,1,NA,NA,1,NA,1,0
"Dc20232","locus292",1,1,NA,NA,0.271904,NA,1,0
"Dc20232","locus296",0.982304,1,NA,NA,1,NA,1,0
"Dc20232","locus314",1,1,NA,NA,1,NA,1,0
"Dc20232","locus321",0.665848,1,NA,NA,0.730332,NA,1,0
"Dc20232","locus322",0.440008,0.921132,NA,NA,0.582522,NA,0.921132,0
"Dc20232","locus323",0.565446,1,NA,NA,1,NA,0.485896,0
"Dc20232","locus329",1,1,NA,NA,0.969344,NA,1,0
"Dc20232","locus332",1,1,1,NA,1,NA,1,0
"Dc20232","locus358",1,0.977176,NA,NA,1,NA,1,0
"Dc20232","locus359",1,1,NA,NA,1,NA,1,0
"Dc22883","Dc22887",1,1,NA,NA,1,NA,1,0
"Dc22883","Dc27955",0.797192,0.828972,NA,NA,0.797192,NA,0.828972,0
"Dc22883","Dc28124",0.938838,0.081816,NA,NA,0.938838,NA,1,0
"Dc22883","Dc28776",1,1,NA,NA,0.822528,NA,1,0
"Dc22883","Dc30071",1,1,NA,NA,1,NA,1,0
"Dc22883","Dc31007",1,NA,NA,NA,1,NA,1,0
"Dc22883","Dc33907",0.450296,1,NA,NA,1,NA,0.931044,0
"Dc22883","Dc34902",1,1,NA,NA,0.648264,NA,1,0
"Dc22883","Dc35779",1,1,NA,NA,1,NA,1,0
"Dc22883","Dc36571",1,1,NA,NA,1,NA,1,0
"Dc22883","Dc36616",1,1,NA,NA,1,NA,1,0
"Dc22883","Dc40235",1,1,NA,NA,1,NA,1,0
"Dc22883","Dc41234",1,1,NA,NA,NA,NA,1,0
"Dc22883","Dc46984",1,1,NA,NA,0.664136,NA,1,0
"Dc22883","Dc47572",1,0.555752,0.997194,NA,0.43777,NA,1,0
"Dc22883","Dc47935",0.437744,1,NA,NA,1,NA,1,0
"Dc22883","Dc48207",1,1,NA,NA,1,NA,1,0
"Dc22883","Dc48950",1,1,NA,NA,1,NA,1,0
"Dc22883","Dc49080",1,1,NA,NA,1,NA,1,0
"Dc22883","Dc49184",1,1,NA,NA,1,NA,1,0
"Dc22883","Dc52523",1,0.256384,NA,NA,1,NA,1,0
"Dc22883","Dc55481",1,1,NA,1,1,NA,1,0
"Dc22883","Dc58248",1,1,NA,1,0.45519,NA,0.623416,0
"Dc22883","Dc62188",0.65358,1,NA,1,1,NA,1,0
"Dc22883","Dc67011",1,1,NA,1,1,NA,1,0
"Dc22883","locus003",1,1,NA,1,1,NA,1,0
"Dc22883","locus004",1,1,NA,1,1,NA,1,0
"Dc22883","locus005",1,1,NA,1,1,NA,1,0
"Dc22883","locus008",1,1,NA,1,1,NA,1,0
"Dc22883","locus013",0.97399,1,NA,1,1,NA,1,0
"Dc22883","locus014",1,1,NA,1,0.47093,NA,1,0
"Dc22883","locus022",0.9556,0.42587,NA,1,0.9556,NA,1,0
"Dc22883","locus024",1,0.23754,NA,1,1,NA,1,0
"Dc22883","locus025",0.25325,1,NA,0.672104,1,NA,1,0
"Dc22883","locus027",0.05172,0.380528,1,NA,NA,NA,NA,0
"Dc22883","locus030",0.807126,0.807126,NA,NA,0.45956,NA,0.807126,0
"Dc22883","locus035",1,1,NA,NA,0.626672,NA,0.626672,0
"Dc22883","locus038",1,1,NA,NA,1,NA,1,0
"Dc22883","locus039",1,1,NA,NA,1,NA,1,0
"Dc22883","locus040",0.179456,1,NA,NA,1,NA,1,0
"Dc22883","locus041",1,1,NA,NA,1,NA,1,0
"Dc22883","locus045",0.806514,0.30932,NA,NA,1,NA,1,0
"Dc22883","locus047",1,0.544416,NA,NA,1,NA,1,0
"Dc22883","locus048",0.742446,0.171072,NA,NA,0.742446,NA,0.742446,0
"Dc22883","locus053",1,1,1,NA,1,NA,1,0
"Dc22883","locus055",0.558568,0.90432,NA,NA,0.90432,NA,0.90432,0
"Dc22883","locus058",1,1,NA,1,1,NA,1,0
"Dc22883","locus060",1,1,NA,1,1,NA,1,0
"Dc22883","locus061",1,NA,1,NA,1,NA,1,0
"Dc22883","locus062",1,1,NA,1,1,NA,1,0
"Dc22883","locus064",1,1,NA,1,1,NA,1,0
"Dc22883","locus065",1,0.53977,NA,1,1,NA,1,0
"Dc22883","locus073",0.83533,1,1,1,1,NA,0.1362,0
"Dc22883","locus074",1,1,1,1,0.267984,NA,0.9806,0
"Dc22883","locus076",0.649208,1,NA,NA,1,NA,1,0
"Dc22883","locus077",0.22128,1,NA,1,1,NA,1,0
"Dc22883","locus080",1,1,NA,NA,1,NA,1,0
"Dc22883","locus083",1,NA,NA,NA,1,NA,1,0
"Dc22883","locus093",1,1,1,NA,1,NA,1,0
"Dc22883","locus096",1,1,1,NA,1,NA,1,0
"Dc22883","locus098",1,1,NA,NA,1,NA,1,0
"Dc22883","locus100",1,1,1,NA,1,NA,0.16347,0
"Dc22883","locus106",1,0.82731,1,NA,0.82731,NA,1,0
"Dc22883","locus116",1,0.327424,NA,NA,1,NA,1,0
"Dc22883","locus119",1,1,NA,NA,0.872448,NA,1,0
"Dc22883","locus120",0.1584,0.73263,NA,NA,1,NA,1,0
"Dc22883","locus128",1,1,NA,1,1,NA,1,0
"Dc22883","locus129",1,0.555656,NA,1,0.50211,NA,1,0
"Dc22883","locus130",0.622924,NA,NA,NA,0.6167,NA,0.199656,0
"Dc22883","locus134",1,1,1,NA,1,NA,1,0
"Dc22883","locus135",1,1,NA,1,1,NA,1,0
"Dc22883","locus137",0.36685,1,NA,1,1,NA,1,0
"Dc22883","locus139",0.15865,1,NA,1,1,NA,1,0
"Dc22883","locus140",0.15371,1,NA,1,1,NA,1,0
"Dc22883","locus146",1,1,1,1,1,NA,1,0
"Dc22883","locus148",1,1,NA,1,1,NA,1,0
"Dc22883","locus151",1,NA,NA,1,0.833016,NA,1,0
"Dc22883","locus157",0.50402,NA,NA,NA,0.339822,NA,0.339822,0
"Dc22883","locus161",1,1,1,1,1,NA,1,0
"Dc22883","locus165",1,1,NA,NA,1,NA,1,0
"Dc22883","locus170",1,1,NA,1,1,NA,1,0
"Dc22883","locus176",0.526284,NA,NA,NA,0.69866,NA,0.526284,0
"Dc22883","locus184",1,1,1,1,1,NA,1,0
"Dc22883","locus186",1,1,NA,1,1,NA,1,0
"Dc22883","locus188",0.703376,0.703376,NA,NA,0.703376,NA,0.91761,0
"Dc22883","locus189",1,1,NA,0.6682,0.14051,NA,1,0
"Dc22883","locus190",1,1,NA,NA,1,NA,0.096024,0
"Dc22883","locus191",1,NA,NA,NA,1,NA,0.110676,0
"Dc22883","locus192",1,0.22476,NA,NA,1,NA,1,0
"Dc22883","locus195",1,1,NA,NA,1,NA,1,0
"Dc22883","locus202",0.748168,0.831258,NA,NA,0.831258,NA,0.831258,0
"Dc22883","locus215",1,NA,NA,NA,1,NA,1,0
"Dc22883","locus227",1,0.18684,1,NA,1,NA,1,0
"Dc22883","locus231",1,0.504264,NA,NA,0.701436,NA,1,0
"Dc22883","locus235",1,1,NA,NA,1,NA,1,0
"Dc22883","locus236",0.146256,1,NA,NA,1,NA,1,0
"Dc22883","locus237",0.408592,1,NA,NA,0.536706,NA,1,0
"Dc22883","locus239",1,1,NA,NA,1,NA,1,0
"Dc22883","locus248",0.829152,0.942048,NA,NA,0.942048,NA,0.084648,0
"Dc22883","locus256",0.17322,0.89932,NA,NA,0.152152,NA,0.682408,0
"Dc22883","locus263",1,1,NA,NA,1,NA,1,0
"Dc22883","locus264",0.192272,1,NA,NA,0.276276,NA,1,0
"Dc22883","locus274",0.93888,0.966908,NA,NA,0.424408,NA,0.966908,0
"Dc22883","locus280",0.235088,0.235088,NA,NA,0.922408,NA,1,0
"Dc22883","locus282",1,0.5022,NA,NA,1,NA,1,0
"Dc22883","locus286",0.477096,0.984088,NA,NA,0.984088,NA,0.264672,0
"Dc22883","locus291",1,1,NA,NA,1,NA,1,0
"Dc22883","locus292",1,0.102792,NA,NA,1,NA,1,0
"Dc22883","locus296",1,1,NA,NA,0.82028,NA,1,0
"Dc22883","locus301",0.449784,1,NA,NA,1,NA,1,0
"Dc22883","locus314",0.89192,1,NA,NA,1,NA,1,0
"Dc22883","locus321",1,1,NA,NA,0.20052,NA,1,0
"Dc22883","locus322",1,1,NA,NA,1,NA,0.95156,0
"Dc22883","locus323",0.264564,0.161216,NA,NA,0.39908,NA,0.39908,0
"Dc22883","locus329",1,1,NA,NA,1,NA,0.659112,0
"Dc22883","locus332",1,1,1,NA,1,NA,1,0
"Dc22883","locus358",1,1,NA,NA,1,NA,1,0
"Dc22883","locus359",1,1,NA,NA,0.54236,NA,1,0
"Dc22883","locus360",0.458844,0.458032,NA,NA,1,NA,1,0
"Dc22887","Dc27955",0.264192,0.48645,NA,NA,1,NA,1,0
"Dc22887","Dc28124",1,1,NA,NA,0.776064,1,0.61798,0
"Dc22887","Dc28776",1,0.38396,NA,NA,1,1,1,0
"Dc22887","Dc30071",1,1,NA,NA,1,1,1,0
"Dc22887","Dc31007",1,NA,NA,NA,1,NA,1,0
"Dc22887","Dc33714",1,0.14944,NA,NA,1,1,1,0
"Dc22887","Dc33907",1,1,NA,NA,1,1,1,0
"Dc22887","Dc34902",1,1,NA,NA,1,1,1,0
"Dc22887","Dc35779",0.752826,0.752826,NA,NA,0.317344,1,0.12166,0
"Dc22887","Dc36571",0.86877,0.86877,NA,NA,0.86877,0.86877,0.86877,0
"Dc22887","Dc36616",1,1,NA,NA,1,0.71443,1,0
"Dc22887","Dc40235",1,1,NA,NA,1,1,1,0
"Dc22887","Dc41234",0.918996,0.918996,NA,NA,NA,NA,0.918996,0
"Dc22887","Dc46984",0.910992,0.910992,NA,NA,0.43517,0.7946,0.7946,0
"Dc22887","Dc47572",1,0.596412,1,NA,1,1,1,0
"Dc22887","Dc47935",1,1,NA,NA,0.05867,1,1,0
"Dc22887","Dc48207",1,0.2429,NA,NA,1,1,1,0
"Dc22887","Dc48950",1,1,NA,NA,1,1,1,0
"Dc22887","Dc49080",1,1,NA,NA,1,1,1,0
"Dc22887","Dc49184",1,1,NA,NA,1,1,1,0
"Dc22887","Dc51020",1,1,NA,NA,1,1,1,0
"Dc22887","Dc52523",1,1,NA,NA,1,1,1,0
"Dc22887","Dc55481",1,1,NA,1,1,NA,1,0
"Dc22887","Dc58248",0.9782,1,NA,1,1,NA,0.26697,0
"Dc22887","Dc62188",0.560928,1,1,1,1,NA,1,0
"Dc22887","Dc67011",1,1,NA,1,1,NA,1,0
"Dc22887","locus005",1,1,NA,1,0.0972,NA,1,0
"Dc22887","locus006",1,1,NA,1,1,NA,1,0
"Dc22887","locus008",0.07196,1,NA,0.26668,1,NA,1,0
"Dc22887","locus013",1,1,NA,1,1,NA,1,0
"Dc22887","locus014",1,1,NA,1,1,NA,1,0
"Dc22887","locus022",1,1,NA,0.99949,1,NA,1,0
"Dc22887","locus024",1,1,NA,1,1,NA,1,0
"Dc22887","locus025",1,1,NA,1,1,NA,0.88772,0
"Dc22887","locus027",0.898756,0.898756,NA,NA,NA,NA,NA,0
"Dc22887","locus030",1,0.235432,NA,NA,1,NA,0.58131,0
"Dc22887","locus035",1,1,NA,NA,1,NA,1,0
"Dc22887","locus038",1,1,NA,1,1,NA,1,0
"Dc22887","locus039",1,1,NA,NA,1,NA,1,0
"Dc22887","locus040",0.995552,1,NA,NA,1,NA,1,0
"Dc22887","locus041",0.407104,1,NA,NA,1,NA,1,0
"Dc22887","locus045",0.57628,0.671982,NA,NA,1,NA,1,0
"Dc22887","locus047",0.483476,0.483476,NA,NA,0.072096,NA,0.16905,0
"Dc22887","locus048",1,1,NA,NA,1,NA,1,0
"Dc22887","locus053",1,1,NA,NA,0.63296,NA,0.84348,0
"Dc22887","locus055",1,1,NA,NA,0.86348,NA,0.86348,0
"Dc22887","locus056",1,1,NA,1,1,NA,1,0
"Dc22887","locus058",1,1,NA,1,1,NA,1,0
"Dc22887","locus060",0.25549,0.98049,NA,1,1,NA,0.63772,0
"Dc22887","locus061",1,NA,NA,NA,0.383286,NA,1,0
"Dc22887","locus062",1,0.17802,NA,1,1,NA,1,0
"Dc22887","locus065",1,1,NA,1,0.09148,NA,1,0
"Dc22887","locus073",1,1,1,1,1,NA,1,0
"Dc22887","locus074",0.77579,1,1,0.397572,1,NA,1,0
"Dc22887","locus076",1,1,NA,NA,1,NA,1,0
"Dc22887","locus077",0.67268,1,NA,1,1,NA,0.892912,0
"Dc22887","locus080",1,0.799218,NA,NA,0.160216,NA,1,0
"Dc22887","locus083",0.648432,NA,NA,NA,1,NA,1,0
"Dc22887","locus088",0.51906,0.423696,NA,NA,0.51906,NA,0.532288,0
"Dc22887","locus093",1,1,1,NA,1,NA,1,0
"Dc22887","locus096",1,1,1,NA,0.30962,NA,1,0
"Dc22887","locus098",0.268384,0.268384,NA,NA,0.630828,NA,0.630828,0
"Dc22887","locus100",1,0.14715,1,NA,1,NA,1,0
"Dc22887","locus106",0.14716,1,NA,NA,0.658026,NA,1,0
"Dc22887","locus116",1,1,NA,NA,1,NA,0.324104,0
"Dc22887","locus119",1,0.08203,1,NA,1,NA,0.753592,0
"Dc22887","locus120",1,0.328784,NA,NA,0.812436,NA,1,0
"Dc22887","locus128",1,0.34924,NA,1,1,NA,1,0
"Dc22887","locus129",1,1,NA,1,1,NA,1,0
"Dc22887","locus130",1,NA,NA,NA,1,NA,1,0
"Dc22887","locus134",1,0.37683,NA,NA,1,NA,0.291888,0
"Dc22887","locus135",1,1,NA,1,1,NA,1,0
"Dc22887","locus137",1,1,NA,1,1,NA,1,0
"Dc22887","locus139",1,1,NA,1,1,NA,1,0
"Dc22887","locus140",1,1,NA,1,1,NA,1,0
"Dc22887","locus146",1,1,1,1,1,NA,0.706776,0
"Dc22887","locus151",1,NA,NA,1,1,NA,1,0
"Dc22887","locus157",0.387972,NA,NA,NA,0.99506,NA,0.99506,0
"Dc22887","locus161",1,1,NA,1,1,NA,1,0
"Dc22887","locus165",1,1,NA,NA,1,NA,1,0
"Dc22887","locus170",0.39193,1,NA,1,1,NA,1,0
"Dc22887","locus176",1,NA,NA,NA,1,NA,1,0
"Dc22887","locus184",1,1,1,1,1,NA,1,0
"Dc22887","locus186",0.97747,0.97747,NA,0.97747,1,NA,1,0
"Dc22887","locus188",1,1,NA,NA,1,NA,1,0
"Dc22887","locus189",0.30324,1,NA,1,1,1,1,0
"Dc22887","locus190",1,1,NA,NA,1,0.71603,1,0
"Dc22887","locus191",1,NA,NA,NA,1,1,1,0
"Dc22887","locus192",1,1,NA,NA,1,1,0.55058,0
"Dc22887","locus195",1,1,NA,NA,1,1,1,0
"Dc22887","locus202",1,1,NA,NA,0.16327,1,1,0
"Dc22887","locus215",1,NA,NA,NA,0.885624,1,1,0
"Dc22887","locus227",1,1,1,NA,1,1,1,0
"Dc22887","locus231",0.541,0.994584,NA,NA,0.994584,NA,0.994584,0
"Dc22887","locus235",1,1,NA,NA,1,1,1,0
"Dc22887","locus236",1,1,NA,NA,1,1,1,0
"Dc22887","locus248",1,1,NA,NA,1,1,1,0
"Dc22887","locus256",0.30612,0.286008,NA,NA,0.666308,NA,1,0
"Dc22887","locus263",1,1,NA,NA,1,NA,1,0
"Dc22887","locus264",0.20549,1,1,NA,1,NA,1,0
"Dc22887","locus274",0.886662,0.473088,NA,NA,0.886662,NA,0.886662,0
"Dc22887","locus280",1,1,NA,NA,1,NA,1,0
"Dc22887","locus282",1,1,NA,NA,1,NA,1,0
"Dc22887","locus286",0.268794,1,NA,NA,0.244496,NA,1,0
"Dc22887","locus291",1,1,NA,NA,1,NA,1,0
"Dc22887","locus292",0.105456,1,NA,NA,1,NA,1,0
"Dc22887","locus296",0.141408,1,NA,NA,1,NA,1,0
"Dc22887","locus301",1,1,1,NA,1,NA,1,0
"Dc22887","locus314",1,1,NA,NA,1,NA,1,0
"Dc22887","locus321",1,1,NA,NA,0.79952,NA,1,0
"Dc22887","locus322",1,1,NA,NA,1,NA,1,0
"Dc22887","locus323",0.436336,1,NA,NA,1,NA,1,0
"Dc22887","locus329",0.418504,0.513294,NA,NA,0.685544,NA,0.518056,0
"Dc22887","locus332",1,1,1,NA,1,NA,1,0
"Dc22887","locus358",1,1,NA,NA,1,NA,1,0
"Dc22887","locus359",1,0.085624,NA,NA,1,NA,1,0
"Dc22887","locus360",1,1,NA,NA,1,NA,1,0
"Dc27955","Dc28124",1,1,NA,NA,1,NA,1,0
"Dc27955","Dc28776",1,1,NA,NA,1,NA,1,0
"Dc27955","Dc30071",0.089136,1,NA,NA,1,NA,1,0
"Dc27955","Dc31007",0.078636,NA,NA,NA,1,NA,1,0
"Dc27955","Dc33714",0.21201,1,1,NA,1,NA,1,0
"Dc27955","Dc33907",0.995856,0.39468,NA,NA,0.995856,NA,0.995856,0
"Dc27955","Dc34902",0.981712,0.583884,NA,NA,0.330664,NA,0.981712,0
"Dc27955","Dc35779",1,1,NA,NA,1,NA,1,0
"Dc27955","Dc36571",0.963156,1,NA,NA,1,NA,0.1898,0
"Dc27955","Dc36616",0.227824,0.653274,NA,NA,0.653274,NA,0.653274,0
"Dc27955","Dc40235",1,1,NA,NA,1,NA,1,0
"Dc27955","Dc46984",0.8202,1,NA,NA,0.994056,NA,1,0
"Dc27955","Dc47572",1,1,1,NA,1,NA,1,0
"Dc27955","Dc47935",0.956578,0.47072,NA,NA,0.888828,NA,0.888828,0
"Dc27955","Dc48207",1,0.524432,NA,NA,1,NA,0.819528,0
"Dc27955","Dc48950",1,0.523368,NA,NA,1,NA,1,0
"Dc27955","Dc49080",0.248904,1,NA,NA,1,NA,0.245248,0
"Dc27955","Dc49184",1,0.919368,NA,NA,1,NA,1,0
"Dc27955","Dc51020",1,1,NA,NA,1,NA,1,0
"Dc27955","Dc52523",1,1,NA,NA,0.718008,NA,1,0
"Dc27955","Dc55481",1,0.74533,NA,1,1,NA,1,0
"Dc27955","Dc58248",0.86285,1,NA,1,1,NA,1,0
"Dc27955","Dc62188",0.58142,1,NA,1,1,NA,1,0
"Dc27955","Dc67011",1,1,NA,1,1,NA,1,0
"Dc27955","locus003",1,0.4911,NA,1,1,NA,1,0
"Dc27955","locus004",0.72933,1,NA,1,0.94856,NA,0.94856,0
"Dc27955","locus005",1,1,NA,1,1,NA,1,0
"Dc27955","locus006",1,1,NA,1,0.58362,NA,1,0
"Dc27955","locus008",1,1,NA,1,1,NA,1,0
"Dc27955","locus014",1,1,NA,1,0.82173,NA,1,0
"Dc27955","locus022",1,1,NA,1,1,NA,1,0
"Dc27955","locus024",1,1,NA,1,1,NA,0.5416,0
"Dc27955","locus025",1,1,NA,1,1,NA,1,0
"Dc27955","locus027",0.821762,0.809292,NA,NA,NA,NA,NA,0
"Dc27955","locus030",0.540168,0.72804,NA,NA,0.227016,NA,0.72804,0
"Dc27955","locus035",1,1,NA,NA,0.795162,NA,0.603304,0
"Dc27955","locus038",1,0.79033,NA,1,1,NA,1,0
"Dc27955","locus039",1,1,NA,NA,1,NA,1,0
"Dc27955","locus040",0.951162,0.285688,NA,NA,0.951162,NA,1,0
"Dc27955","locus041",1,1,NA,NA,1,NA,1,0
"Dc27955","locus045",1,1,NA,NA,1,NA,1,0
"Dc27955","locus047",1,1,NA,NA,1,NA,1,0
"Dc27955","locus048",1,1,NA,NA,1,NA,0.598448,0
"Dc27955","locus053",1,1,NA,NA,0.083344,NA,1,0
"Dc27955","locus055",0.523368,0.523368,NA,NA,1,NA,1,0
"Dc27955","locus056",1,1,NA,1,1,NA,1,0
"Dc27955","locus058",1,0.61085,NA,1,0.708264,NA,1,0
"Dc27955","locus060",1,1,NA,1,1,NA,1,0
"Dc27955","locus061",0.152232,NA,NA,NA,1,NA,1,0
"Dc27955","locus062",1,1,NA,1,1,NA,1,0
"Dc27955","locus064",0.48265,1,NA,1,1,NA,1,0
"Dc27955","locus065",1,1,NA,1,1,NA,1,0
"Dc27955","locus073",0.967932,1,1,1,1,NA,1,0
"Dc27955","locus074",1,0.567048,1,1,1,NA,1,0
"Dc27955","locus076",1,1,NA,NA,1,NA,1,0
"Dc27955","locus077",1,1,NA,1,1,NA,1,0
"Dc27955","locus080",0.560028,0.415712,NA,NA,1,NA,1,0
"Dc27955","locus083",0.356322,NA,NA,NA,1,NA,1,0
"Dc27955","locus088",0.837536,1,NA,NA,0.837536,NA,1,0
"Dc27955","locus093",1,1,1,NA,1,NA,1,0
"Dc27955","locus096",0.91221,1,1,NA,1,NA,1,0
"Dc27955","locus098",1,1,NA,NA,1,NA,0.855296,0
"Dc27955","locus100",1,1,1,NA,1,NA,0.24168,0
"Dc27955","locus106",0.947168,1,NA,NA,1,NA,1,0
"Dc27955","locus116",1,1,NA,NA,1,NA,1,0
"Dc27955","locus119",0.594584,0.594584,1,NA,0.594584,NA,0.4799,0
"Dc27955","locus120",0.647664,0.951032,NA,NA,0.81078,NA,0.951032,0
"Dc27955","locus128",1,1,NA,1,1,NA,1,0
"Dc27955","locus129",1,1,NA,1,1,NA,1,0
"Dc27955","locus130",1,NA,NA,NA,1,NA,1,0
"Dc27955","locus134",1,1,NA,NA,1,NA,1,0
"Dc27955","locus135",1,1,NA,1,0.7899,NA,1,0
"Dc27955","locus137",0.63874,1,NA,1,1,NA,1,0
"Dc27955","locus139",1,0.5407,NA,1,0.62416,NA,1,0
"Dc27955","locus140",1,0.54905,NA,1,0.640264,NA,1,0
"Dc27955","locus146",1,1,1,1,1,NA,0.916296,0
"Dc27955","locus151",1,NA,NA,1,1,NA,0.600104,0
"Dc27955","locus157",1,NA,NA,NA,1,NA,1,0
"Dc27955","locus161",1,1,NA,1,1,NA,1,0
"Dc27955","locus165",1,1,NA,NA,0.79956,NA,1,0
"Dc27955","locus170",1,1,NA,1,1,NA,0.75413,0
"Dc27955","locus176",1,NA,NA,NA,1,NA,1,0
"Dc27955","locus184",1,1,1,1,1,NA,1,0
"Dc27955","locus186",1,1,NA,1,1,NA,1,0
"Dc27955","locus188",0.576264,0.370832,NA,NA,0.576264,NA,0.370832,0
"Dc27955","locus189",0.83127,1,NA,1,1,NA,1,0
"Dc27955","locus190",1,1,NA,NA,1,NA,1,0
"Dc27955","locus191",0.973602,NA,NA,NA,0.973602,NA,0.973602,0
"Dc27955","locus192",0.3056,0.882502,NA,NA,0.849528,NA,0.849528,0
"Dc27955","locus195",1,1,NA,NA,1,NA,1,0
"Dc27955","locus202",1,1,NA,NA,0.929628,NA,0.800472,0
"Dc27955","locus215",0.641556,NA,NA,NA,0.057564,NA,0.641556,0
"Dc27955","locus227",1,1,1,NA,1,NA,1,0
"Dc27955","locus231",1,1,NA,NA,1,NA,1,0
"Dc27955","locus235",1,1,NA,NA,1,NA,1,0
"Dc27955","locus236",0.34044,0.388724,NA,NA,0.388724,NA,0.240176,0
"Dc27955","locus237",1,1,NA,NA,1,NA,1,0
"Dc27955","locus239",0.970468,0.941488,NA,NA,0.941488,NA,0.970468,0
"Dc27955","locus248",1,1,NA,NA,1,NA,1,0
"Dc27955","locus256",1,1,NA,NA,1,NA,1,0
"Dc27955","locus263",1,1,NA,NA,0.745624,NA,1,0
"Dc27955","locus264",1,1,1,NA,1,NA,0.99656,0
"Dc27955","locus274",1,1,NA,NA,1,NA,1,0
"Dc27955","locus280",0.753864,1,NA,NA,1,NA,1,0
"Dc27955","locus282",1,0.383184,NA,NA,1,NA,1,0
"Dc27955","locus286",1,1,NA,NA,1,NA,1,0
"Dc27955","locus291",1,1,NA,NA,1,NA,1,0
"Dc27955","locus292",1,1,NA,NA,1,NA,1,0
"Dc27955","locus296",1,1,NA,NA,1,NA,1,0
"Dc27955","locus301",1,1,1,NA,1,NA,1,0
"Dc27955","locus314",1,1,NA,NA,1,NA,1,0
"Dc27955","locus321",1,1,NA,NA,1,NA,1,0
"Dc27955","locus322",1,1,NA,NA,0.958624,NA,1,0
"Dc27955","locus323",1,1,NA,NA,1,NA,1,0
"Dc27955","locus329",1,1,NA,NA,1,NA,1,0
"Dc27955","locus332",1,1,1,NA,1,NA,1,0
"Dc27955","locus358",1,1,NA,NA,1,NA,1,0
"Dc27955","locus359",1,0.271976,NA,NA,0.271976,NA,1,0
"Dc27955","locus360",1,1,NA,NA,1,NA,1,0
"Dc28124","Dc28776",1,1,NA,NA,1,1,1,0
"Dc28124","Dc30071",0.8555,1,NA,NA,1,1,1,0
"Dc28124","Dc31007",0.860572,NA,NA,NA,1,NA,0.746952,0
"Dc28124","Dc33714",1,1,1,NA,1,1,1,0
"Dc28124","Dc33907",1,0.99413,NA,NA,1,1,1,0
"Dc28124","Dc34902",1,1,NA,NA,1,1,1,0
"Dc28124","Dc35779",1,1,NA,NA,0.50534,1,0.899464,0
"Dc28124","Dc36571",0.947424,0.16113,NA,NA,1,1,1,0
"Dc28124","Dc36616",0.82774,1,NA,NA,1,1,1,0
"Dc28124","Dc40235",1,1,NA,NA,1,1,1,0
"Dc28124","Dc46984",1,1,NA,NA,1,1,1,0
"Dc28124","Dc47572",1,1,1,NA,1,1,0.26904,0
"Dc28124","Dc47935",1,0.06962,NA,NA,0.296496,1,1,0
"Dc28124","Dc48207",1,1,NA,NA,0.18761,1,1,0
"Dc28124","Dc49080",1,1,NA,NA,1,1,1,0
"Dc28124","Dc49184",1,1,NA,NA,0.09979,1,1,0
"Dc28124","Dc51020",1,1,NA,NA,1,1,1,0
"Dc28124","Dc52523",1,1,NA,NA,1,1,1,0
"Dc28124","Dc55481",0.56213,1,NA,1,1,NA,1,0
"Dc28124","Dc58248",1,1,NA,1,1,NA,1,0
"Dc28124","Dc62188",0.391698,0.322496,NA,1,0.391698,NA,0.1269,0
"Dc28124","Dc67011",1,1,NA,1,1,NA,0.7664,0
"Dc28124","locus003",1,1,NA,1,1,NA,1,0
"Dc28124","locus004",1,1,NA,1,1,NA,1,0
"Dc28124","locus005",1,1,NA,1,0.36625,NA,1,0
"Dc28124","locus006",1,1,NA,1,1,NA,1,0
"Dc28124","locus008",1,0.80647,NA,1,1,NA,1,0
"Dc28124","locus013",1,1,NA,1,1,NA,1,0
"Dc28124","locus014",1,1,NA,1,1,NA,1,0
"Dc28124","locus022",0.15755,0.15755,NA,1,0.180714,NA,1,0
"Dc28124","locus024",1,1,NA,1,1,NA,1,0
"Dc28124","locus025",0.509072,1,NA,NA,1,NA,1,0
"Dc28124","locus030",1,1,NA,NA,1,NA,1,0
"Dc28124","locus035",1,0.431584,NA,NA,1,NA,1,0
"Dc28124","locus038",1,1,NA,1,1,NA,1,0
"Dc28124","locus039",1,1,NA,NA,0.280432,NA,1,0
"Dc28124","locus040",1,1,NA,NA,1,NA,0.366512,0
"Dc28124","locus045",1,0.777498,NA,NA,0.053728,NA,1,0
"Dc28124","locus047",0.919088,1,NA,NA,1,NA,1,0
"Dc28124","locus048",1,1,NA,NA,1,NA,1,0
"Dc28124","locus053",0.728118,1,NA,NA,1,NA,0.352432,0
"Dc28124","locus055",1,1,NA,NA,1,NA,1,0
"Dc28124","locus056",0.45165,1,NA,0.572664,1,NA,1,0
"Dc28124","locus058",1,1,NA,1,1,NA,1,0
"Dc28124","locus060",1,1,NA,1,0.61638,NA,1,0
"Dc28124","locus061",0.47724,NA,NA,NA,0.202116,NA,0.637968,0
"Dc28124","locus062",1,1,NA,1,1,NA,0.47066,0
"Dc28124","locus064",0.53289,1,NA,1,1,NA,1,0
"Dc28124","locus065",1,1,NA,1,1,NA,1,0
"Dc28124","locus073",1,1,1,1,1,NA,1,0
"Dc28124","locus074",1,1,1,1,1,NA,1,0
"Dc28124","locus076",0.892144,0.892144,NA,NA,1,NA,0.892144,0
"Dc28124","locus077",1,1,NA,1,1,NA,1,0
"Dc28124","locus083",1,NA,NA,NA,0.851084,NA,0.576852,0
"Dc28124","locus088",1,1,NA,NA,1,NA,1,0
"Dc28124","locus093",1,1,1,NA,1,NA,1,0
"Dc28124","locus096",0.16946,1,1,NA,1,NA,1,0
"Dc28124","locus098",0.784402,0.719728,NA,NA,0.723558,NA,0.723558,0
"Dc28124","locus100",0.426672,1,1,NA,0.17505,NA,1,0
"Dc28124","locus106",1,1,NA,NA,1,NA,1,0
"Dc28124","locus116",1,0.547848,NA,NA,1,NA,1,0
"Dc28124","locus119",0.35675,0.805896,1,NA,1,NA,1,0
"Dc28124","locus120",1,0.168344,NA,NA,1,NA,1,0
"Dc28124","locus128",1,1,NA,1,1,NA,0.90881,0
"Dc28124","locus129",1,1,NA,1,1,NA,1,0
"Dc28124","locus130",0.12807,NA,NA,NA,1,NA,1,0
"Dc28124","locus134",1,1,NA,NA,1,NA,0.62,0
"Dc28124","locus135",1,0.19494,NA,0.8556,1,NA,0.710416,0
"Dc28124","locus137",1,1,NA,1,1,NA,1,0
"Dc28124","locus139",0.65494,1,NA,1,1,NA,1,0
"Dc28124","locus140",0.64936,1,NA,1,1,NA,1,0
"Dc28124","locus146",1,1,1,1,1,NA,1,0
"Dc28124","locus148",1,0.673704,NA,1,0.16877,NA,1,0
"Dc28124","locus151",1,NA,NA,1,1,NA,1,0
"Dc28124","locus157",1,NA,NA,NA,1,NA,1,0
"Dc28124","locus161",1,1,NA,1,0.84114,NA,1,0
"Dc28124","locus165",1,1,NA,NA,1,NA,1,0
"Dc28124","locus170",1,1,NA,1,0.37507,NA,1,0
"Dc28124","locus176",0.677888,NA,NA,NA,0.315402,NA,1,0
"Dc28124","locus184",1,1,1,1,0.673524,NA,1,0
"Dc28124","locus186",1,0.602568,NA,1,0.12419,NA,1,0
"Dc28124","locus188",0.811384,1,NA,NA,0.811384,NA,1,0
"Dc28124","locus189",1,1,NA,NA,1,1,1,0
"Dc28124","locus190",1,1,NA,NA,1,1,1,0
"Dc28124","locus191",1,NA,NA,NA,1,1,1,0
"Dc28124","locus192",1,1,NA,NA,1,1,1,0
"Dc28124","locus195",1,1,NA,NA,1,1,1,0
"Dc28124","locus202",1,1,NA,NA,1,1,1,0
"Dc28124","locus215",0.37632,NA,NA,NA,0.913596,1,1,0
"Dc28124","locus227",1,1,1,NA,1,1,1,0
"Dc28124","locus231",1,1,NA,NA,1,NA,1,0
"Dc28124","locus235",1,1,NA,NA,0.90144,1,0.90144,0
"Dc28124","locus236",1,1,NA,NA,1,1,1,0
"Dc28124","locus237",0.648696,1,NA,NA,0.34762,1,1,0
"Dc28124","locus248",1,1,NA,NA,1,1,1,0
"Dc28124","locus256",1,1,NA,NA,1,NA,1,0
"Dc28124","locus263",1,1,NA,NA,1,NA,1,0
"Dc28124","locus264",1,1,1,NA,1,NA,1,0
"Dc28124","locus274",1,0.9438,NA,NA,1,NA,1,0
"Dc28124","locus280",1,1,NA,NA,1,NA,1,0
"Dc28124","locus282",0.13164,1,NA,NA,1,NA,1,0
"Dc28124","locus286",1,1,NA,NA,1,NA,1,0
"Dc28124","locus291",1,1,NA,NA,1,NA,1,0
"Dc28124","locus292",1,1,NA,NA,0.665352,NA,1,0
"Dc28124","locus296",0.995852,0.995852,NA,NA,0.65096,NA,0.65096,0
"Dc28124","locus301",1,1,1,NA,1,NA,1,0
"Dc28124","locus314",1,0.167816,NA,NA,1,NA,1,0
"Dc28124","locus321",0.720048,0.929822,NA,NA,0.720048,NA,0.720048,0
"Dc28124","locus322",1,1,NA,NA,1,NA,1,0
"Dc28124","locus323",0.888372,0.679352,NA,NA,0.888372,NA,0.696546,0
"Dc28124","locus329",1,1,NA,NA,1,NA,1,0
"Dc28124","locus332",1,1,0.994776,NA,0.994776,NA,0.99362,0
"Dc28124","locus358",1,1,NA,NA,1,NA,1,0
"Dc28124","locus359",0.518008,1,NA,NA,1,NA,1,0
"Dc28124","locus360",0.39456,0.626442,NA,NA,0.702462,NA,0.626442,0
"Dc28776","Dc30071",1,1,NA,NA,1,1,1,0
"Dc28776","Dc31007",0.755172,NA,NA,NA,0.712012,NA,0.105348,0
"Dc28776","Dc33714",1,1,NA,NA,1,1,1,0
"Dc28776","Dc33907",1,0.25679,NA,NA,1,1,1,0
"Dc28776","Dc34902",1,1,NA,NA,1,1,1,0
"Dc28776","Dc35779",1,1,NA,NA,0.3546,1,1,0
"Dc28776","Dc36571",0.13183,1,NA,NA,1,1,1,0
"Dc28776","Dc36616",1,0.37992,NA,NA,1,1,1,0
"Dc28776","Dc40235",1,1,NA,NA,1,0.13878,1,0
"Dc28776","Dc41234",1,1,NA,NA,NA,NA,1,0
"Dc28776","Dc46984",1,1,NA,NA,1,1,0.43635,0
"Dc28776","Dc47572",1,1,1,NA,1,1,1,0
"Dc28776","Dc47935",1,0.98799,NA,NA,1,1,1,0
"Dc28776","Dc48207",1,1,NA,NA,1,1,1,0
"Dc28776","Dc48950",0.75756,0.75756,NA,NA,0.75756,0.14074,0.75756,0
"Dc28776","Dc49080",1,1,NA,NA,1,0.712,1,0
"Dc28776","Dc49184",1,1,NA,NA,1,1,0.28024,0
"Dc28776","Dc51020",1,1,NA,NA,0.45493,1,1,0
"Dc28776","Dc52523",1,1,NA,NA,0.395848,1,0.31092,0
"Dc28776","Dc55481",1,1,NA,1,1,NA,1,0
"Dc28776","Dc58248",1,1,NA,1,1,NA,1,0
"Dc28776","Dc62188",1,1,NA,1,1,NA,1,0
"Dc28776","Dc67011",1,0.26407,NA,1,1,NA,1,0
"Dc28776","locus003",0.99004,0.99004,NA,1,1,NA,1,0
"Dc28776","locus004",1,1,NA,1,0.1962,NA,1,0
"Dc28776","locus005",0.82621,0.917408,NA,1,0.917408,NA,0.917408,0
"Dc28776","locus006",0.47706,1,NA,1,1,NA,1,0
"Dc28776","locus008",1,0.755528,NA,1,1,NA,0.21995,0
"Dc28776","locus013",1,1,NA,1,0.66491,NA,1,0
"Dc28776","locus014",1,1,NA,1,1,NA,0.93079,0
"Dc28776","locus022",0.872976,1,NA,1,0.44983,NA,1,0
"Dc28776","locus024",0.98248,1,NA,1,1,NA,1,0
"Dc28776","locus025",1,1,NA,NA,1,NA,1,0
"Dc28776","locus027",0.374526,0.175228,NA,NA,NA,NA,NA,0
"Dc28776","locus030",0.67304,0.73122,NA,NA,0.851548,NA,0.851548,0
"Dc28776","locus035",1,1,NA,NA,1,NA,1,0
"Dc28776","locus038",1,1,NA,1,1,NA,1,0
"Dc28776","locus039",0.884512,1,NA,NA,0.884512,NA,1,0
"Dc28776","locus040",0.649248,0.649248,NA,NA,0.727696,NA,0.727696,0
"Dc28776","locus045",1,1,NA,NA,1,NA,1,0
"Dc28776","locus047",1,1,NA,NA,1,NA,1,0
"Dc28776","locus048",1,1,NA,NA,1,NA,1,0
"Dc28776","locus053",0.123784,0.571416,NA,NA,0.571416,NA,0.571416,0
"Dc28776","locus055",0.846888,1,NA,NA,1,NA,0.846888,0
"Dc28776","locus056",1,1,NA,1,1,NA,1,0
"Dc28776","locus058",1,1,NA,1,1,NA,0.7442,0
"Dc28776","locus060",1,1,NA,1,1,NA,1,0
"Dc28776","locus061",1,NA,NA,NA,1,NA,1,0
"Dc28776","locus062",0.38544,1,NA,1,1,NA,1,0
"Dc28776","locus064",0.72323,1,NA,1,1,NA,1,0
"Dc28776","locus065",1,1,NA,0.99439,1,NA,1,0
"Dc28776","locus076",1,1,NA,NA,1,NA,1,0
"Dc28776","locus077",1,1,NA,1,1,NA,1,0
"Dc28776","locus080",1,0.926584,NA,NA,1,NA,1,0
"Dc28776","locus083",0.430248,NA,NA,NA,1,NA,1,0
"Dc28776","locus088",1,1,NA,NA,1,NA,1,0
"Dc28776","locus093",1,1,1,NA,1,NA,1,0
"Dc28776","locus096",0.3711,1,1,NA,1,NA,1,0
"Dc28776","locus098",1,1,NA,NA,1,NA,1,0
"Dc28776","locus100",1,1,1,NA,1,NA,1,0
"Dc28776","locus106",1,1,NA,NA,1,NA,0.975168,0
"Dc28776","locus116",1,1,NA,NA,1,NA,1,0
"Dc28776","locus119",0.870064,1,1,NA,0.17306,NA,1,0
"Dc28776","locus120",0.90452,0.893784,NA,NA,0.381228,NA,0.283248,0
"Dc28776","locus128",1,1,NA,1,0.701968,NA,0.35908,0
"Dc28776","locus129",1,1,NA,1,0.80609,NA,1,0
"Dc28776","locus130",1,NA,NA,NA,1,NA,1,0
"Dc28776","locus134",0.243924,0.412008,NA,NA,0.189384,NA,0.719552,0
"Dc28776","locus135",0.13964,1,NA,0.80044,1,NA,1,0
"Dc28776","locus137",1,1,NA,1,0.90108,NA,0.23015,0
"Dc28776","locus139",0.42834,1,NA,1,1,NA,1,0
"Dc28776","locus140",0.44258,1,NA,1,1,NA,1,0
"Dc28776","locus146",1,1,1,1,1,NA,1,0
"Dc28776","locus148",1,0.77285,NA,1,1,NA,0.885248,0
"Dc28776","locus151",1,NA,NA,1,1,NA,1,0
"Dc28776","locus157",1,NA,NA,NA,1,NA,1,0
"Dc28776","locus161",1,1,NA,1,1,NA,1,0
"Dc28776","locus165",0.288424,0.48181,NA,NA,0.288424,NA,0.288424,0
"Dc28776","locus170",1,1,NA,1,1,NA,1,0
"Dc28776","locus176",1,NA,NA,NA,1,NA,1,0
"Dc28776","locus184",1,1,1,1,0.855012,NA,1,0
"Dc28776","locus186",0.945876,1,NA,1,0.80077,NA,0.80077,0
"Dc28776","locus188",1,1,NA,NA,1,NA,1,0
"Dc28776","locus189",1,1,NA,NA,1,0.28654,1,0
"Dc28776","locus190",1,1,NA,NA,0.805344,1,0.15446,0
"Dc28776","locus191",1,NA,NA,NA,1,0.570496,1,0
"Dc28776","locus192",1,1,NA,NA,0.16384,0.571192,1,0
"Dc28776","locus195",1,1,NA,NA,1,0.71328,1,0
"Dc28776","locus215",1,NA,1,NA,1,1,1,0
"Dc28776","locus227",1,1,1,NA,0.20688,0.71172,1,0
"Dc28776","locus231",1,1,NA,NA,0.235808,NA,1,0
"Dc28776","locus235",1,1,NA,NA,1,1,1,0
"Dc28776","locus236",1,1,NA,NA,0.45899,1,1,0
"Dc28776","locus237",1,1,NA,NA,1,1,1,0
"Dc28776","locus239",1,0.17488,NA,NA,1,1,1,0
"Dc28776","locus248",1,1,NA,NA,1,1,1,0
"Dc28776","locus256",1,1,NA,NA,1,NA,1,0
"Dc28776","locus263",1,0.257456,NA,NA,1,NA,1,0
"Dc28776","locus264",0.79785,0.79785,1,NA,1,NA,0.800172,0
"Dc28776","locus274",0.668622,0.668622,NA,NA,0.540208,NA,0.668622,0
"Dc28776","locus280",1,1,NA,NA,1,NA,1,0
"Dc28776","locus282",1,0.460578,NA,NA,0.346904,NA,1,0
"Dc28776","locus286",1,0.521304,NA,NA,1,NA,0.856938,0
"Dc28776","locus291",1,1,NA,NA,1,NA,1,0
"Dc28776","locus292",1,1,NA,NA,0.123216,NA,0.89835,0
"Dc28776","locus296",1,0.896784,NA,NA,1,NA,1,0
"Dc28776","locus301",0.158704,1,NA,NA,1,NA,1,0
"Dc28776","locus314",0.132912,1,NA,NA,1,NA,1,0
"Dc28776","locus321",1,0.331336,NA,NA,0.775398,NA,1,0
"Dc28776","locus323",0.704796,0.704796,NA,NA,0.704796,NA,0.191952,0
"Dc28776","locus329",1,0.336008,NA,NA,1,NA,1,0
"Dc28776","locus332",1,1,1,NA,1,NA,1,0
"Dc28776","locus359",1,1,NA,NA,1,NA,1,0
"Dc28776","locus360",1,1,NA,NA,1,NA,1,0
"Dc30071","Dc31007",0.363078,NA,NA,NA,1,NA,1,0
"Dc30071","Dc33714",0.3075,1,NA,NA,1,1,1,0
"Dc30071","Dc33907",1,1,NA,NA,1,0.99688,1,0
"Dc30071","Dc34902",1,1,NA,NA,1,1,1,0
"Dc30071","Dc35779",1,0.31084,NA,NA,1,1,1,0
"Dc30071","Dc36571",0.58791,1,NA,NA,1,1,1,0
"Dc30071","Dc36616",0.16506,1,NA,NA,1,0.581352,1,0
"Dc30071","Dc40235",1,1,NA,NA,0.977304,1,0.67059,0
"Dc30071","Dc41234",0.394782,0.570926,NA,NA,NA,NA,0.409612,0
"Dc30071","Dc46984",0.5806,1,NA,NA,0.32392,1,1,0
"Dc30071","Dc47572",1,1,1,NA,1,1,1,0
"Dc30071","Dc47935",1,1,1,NA,0.964548,1,1,0
"Dc30071","Dc48207",1,1,NA,NA,1,1,1,0
"Dc30071","Dc48950",1,1,NA,NA,1,1,0.20132,0
"Dc30071","Dc49080",1,1,NA,NA,1,1,1,0
"Dc30071","Dc49184",1,1,NA,NA,1,1,1,0
"Dc30071","Dc51020",1,1,NA,NA,1,1,1,0
"Dc30071","Dc52523",1,1,NA,NA,1,1,1,0
"Dc30071","Dc55481",1,1,NA,1,0.23032,NA,1,0
"Dc30071","Dc62188",1,1,NA,1,1,NA,1,0
"Dc30071","Dc67011",1,0.870272,NA,1,0.62625,NA,1,0
"Dc30071","locus003",1,1,NA,1,1,NA,0.15855,0
"Dc30071","locus004",0.24721,1,NA,1,1,NA,1,0
"Dc30071","locus005",1,1,NA,1,1,NA,1,0
"Dc30071","locus006",1,0.32757,NA,1,1,NA,1,0
"Dc30071","locus008",0.9854,1,NA,1,0.9854,NA,1,0
"Dc30071","locus013",1,1,NA,1,1,NA,1,0
"Dc30071","locus014",1,1,NA,1,1,NA,1,0
"Dc30071","locus022",1,1,NA,1,1,NA,1,0
"Dc30071","locus024",1,1,NA,1,1,NA,0.81624,0
"Dc30071","locus025",1,1,1,NA,1,NA,1,0
"Dc30071","locus027",0.812696,0.812696,NA,NA,NA,NA,NA,0
"Dc30071","locus030",1,1,NA,NA,1,NA,1,0
"Dc30071","locus035",1,1,NA,NA,1,NA,1,0
"Dc30071","locus038",0.38664,0.20082,NA,1,1,NA,1,0
"Dc30071","locus039",1,1,NA,NA,1,NA,0.18968,0
"Dc30071","locus040",0.42584,1,NA,NA,0.441324,NA,1,0
"Dc30071","locus041",0.41396,0.592746,NA,NA,1,NA,1,0
"Dc30071","locus045",0.956016,1,NA,NA,1,NA,0.757912,0
"Dc30071","locus047",1,1,NA,NA,0.476982,NA,0.143256,0
"Dc30071","locus048",1,1,NA,NA,1,NA,1,0
"Dc30071","locus053",0.348472,0.745408,NA,NA,0.619104,NA,0.745408,0
"Dc30071","locus055",0.47052,1,NA,NA,0.186312,NA,1,0
"Dc30071","locus056",0.925728,1,NA,1,0.85165,NA,1,0
"Dc30071","locus058",1,1,NA,1,1,NA,1,0
"Dc30071","locus060",1,1,NA,1,1,NA,1,0
"Dc30071","locus061",1,NA,NA,NA,1,NA,1,0
"Dc30071","locus062",1,0.8527,NA,1,1,NA,1,0
"Dc30071","locus064",1,0.96017,NA,1,1,NA,1,0
"Dc30071","locus065",1,1,NA,1,1,NA,1,0
"Dc30071","locus073",1,1,1,1,1,NA,1,0
"Dc30071","locus074",1,1,1,1,1,NA,1,0
"Dc30071","locus076",1,1,NA,NA,1,NA,1,0
"Dc30071","locus077",1,1,NA,1,1,NA,1,0
"Dc30071","locus080",1,0.83616,NA,NA,1,NA,1,0
"Dc30071","locus083",0.84864,NA,NA,NA,0.84864,NA,1,0
"Dc30071","locus088",1,0.925616,NA,NA,0.925616,NA,1,0
"Dc30071","locus093",1,1,1,NA,1,NA,1,0
"Dc30071","locus096",1,0.32611,1,NA,1,NA,1,0
"Dc30071","locus098",0.628544,0.628544,NA,NA,1,NA,1,0
"Dc30071","locus100",0.668872,0.21044,1,NA,0.668872,NA,1,0
"Dc30071","locus106",1,1,NA,NA,1,NA,1,0
"Dc30071","locus116",1,1,NA,NA,0.930688,NA,1,0
"Dc30071","locus119",1,1,1,NA,0.19288,NA,1,0
"Dc30071","locus120",0.739808,0.89067,NA,NA,0.89067,NA,0.89067,0
"Dc30071","locus128",1,0.12255,NA,1,1,NA,1,0
"Dc30071","locus129",1,1,NA,1,1,NA,1,0
"Dc30071","locus130",0.84187,NA,NA,NA,0.11634,NA,0.530164,0
"Dc30071","locus134",0.710296,0.894702,NA,NA,0.897378,NA,0.894702,0
"Dc30071","locus135",1,1,NA,1,1,NA,1,0
"Dc30071","locus137",1,1,NA,1,1,NA,1,0
"Dc30071","locus139",0.578808,1,NA,1,0.4557,NA,0.850584,0
"Dc30071","locus140",0.58184,1,NA,1,0.47319,NA,0.842886,0
"Dc30071","locus146",1,0.0963,1,1,1,NA,0.12536,0
"Dc30071","locus148",1,1,NA,1,1,NA,1,0
"Dc30071","locus157",1,NA,NA,NA,1,NA,1,0
"Dc30071","locus161",1,1,NA,1,1,NA,1,0
"Dc30071","locus165",1,1,1,NA,1,NA,1,0
"Dc30071","locus170",0.68986,0.868938,NA,0.607932,0.174888,NA,0.06269,0
"Dc30071","locus176",0.80202,NA,NA,NA,0.501572,NA,0.317514,0
"Dc30071","locus186",1,0.1644,NA,1,0.60504,NA,1,0
"Dc30071","locus188",1,0.1044,1,NA,1,NA,1,0
"Dc30071","locus189",1,1,NA,NA,0.38898,1,1,0
"Dc30071","locus190",1,0.67225,NA,NA,1,0.67225,1,0
"Dc30071","locus191",1,NA,1,NA,1,1,1,0
"Dc30071","locus192",1,1,NA,NA,1,1,1,0
"Dc30071","locus195",1,1,NA,NA,0.76481,1,0.770112,0
"Dc30071","locus202",1,0.09575,NA,NA,1,1,1,0
"Dc30071","locus215",1,NA,NA,NA,0.531384,1,1,0
"Dc30071","locus227",0.9447,1,1,NA,1,1,1,0
"Dc30071","locus231",0.940666,0.917142,NA,NA,0.917142,NA,0.720616,0
"Dc30071","locus235",0.1057,0.909632,NA,NA,1,1,1,0
"Dc30071","locus237",1,1,NA,NA,0.43034,1,1,0
"Dc30071","locus239",1,1,NA,NA,1,1,1,0
"Dc30071","locus248",1,1,NA,NA,1,1,0.6869,0
"Dc30071","locus256",0.326872,0.69822,NA,NA,0.69822,NA,0.69822,0
"Dc30071","locus263",1,1,NA,NA,1,NA,1,0
"Dc30071","locus264",1,1,1,NA,1,NA,1,0
"Dc30071","locus274",0.650802,0.485048,NA,NA,1,NA,1,0
"Dc30071","locus280",1,0.17944,NA,NA,1,NA,1,0
"Dc30071","locus282",1,1,NA,NA,1,NA,1,0
"Dc30071","locus286",1,1,NA,NA,0.846296,NA,1,0
"Dc30071","locus291",0.598552,0.074296,NA,NA,0.13272,NA,0.598552,0
"Dc30071","locus292",1,0.134632,NA,NA,1,NA,1,0
"Dc30071","locus296",1,1,NA,NA,1,NA,1,0
"Dc30071","locus301",1,1,NA,NA,0.908376,NA,1,0
"Dc30071","locus314",0.530142,0.24492,NA,NA,1,NA,1,0
"Dc30071","locus321",0.573504,1,NA,NA,1,NA,1,0
"Dc30071","locus322",1,0.213056,NA,NA,1,NA,0.500424,0
"Dc30071","locus323",1,1,NA,NA,0.838016,NA,1,0
"Dc30071","locus329",1,1,NA,NA,1,NA,1,0
"Dc30071","locus332",1,1,1,NA,1,NA,1,0
"Dc30071","locus358",0.611976,0.69702,NA,NA,0.69702,NA,0.719772,0
"Dc30071","locus359",0.762576,1,NA,NA,1,NA,1,0
"Dc30071","locus360",1,1,NA,NA,0.6508,NA,1,0
"Dc31007","Dc33714",0.056502,NA,NA,NA,1,NA,1,0
"Dc31007","Dc33907",1,NA,NA,NA,1,NA,1,0
"Dc31007","Dc34902",0.603396,NA,NA,NA,0.207486,NA,0.214592,0
"Dc31007","Dc35779",1,NA,NA,NA,1,NA,1,0
"Dc31007","Dc36571",1,NA,NA,NA,1,NA,1,0
"Dc31007","Dc36616",0.146898,NA,NA,NA,1,NA,1,0
"Dc31007","Dc40235",0.977676,NA,NA,NA,0.977676,NA,1,0
"Dc31007","Dc41234",0.855384,NA,NA,NA,NA,NA,0.855384,0
"Dc31007","Dc46984",0.647004,NA,NA,NA,0.64224,NA,0.638574,0
"Dc31007","Dc47572",1,NA,0.750966,NA,0.8687,NA,0.141952,0
"Dc31007","Dc47935",0.889716,NA,1,NA,1,NA,0.8642,0
"Dc31007","Dc48207",1,NA,NA,NA,1,NA,1,0
"Dc31007","Dc48950",1,NA,NA,NA,1,NA,1,0
"Dc31007","Dc49080",0.317868,NA,NA,NA,0.317868,NA,1,0
"Dc31007","Dc49184",0.25437,NA,NA,NA,0.25437,NA,1,0
"Dc31007","Dc51020",1,NA,NA,NA,0.506856,NA,1,0
"Dc31007","Dc52523",1,NA,NA,NA,1,NA,0.843522,0
"Dc31007","Dc55481",1,NA,NA,1,1,NA,1,0
"Dc31007","Dc58248",0.880736,NA,NA,1,0.908154,NA,1,0
"Dc31007","Dc62188",1,NA,NA,1,1,NA,1,0
"Dc31007","Dc67011",1,NA,NA,1,0.11928,NA,0.737862,0
"Dc31007","locus003",1,NA,NA,1,1,NA,1,0
"Dc31007","locus004",1,NA,NA,1,1,NA,1,0
"Dc31007","locus005",1,NA,NA,1,1,NA,1,0
"Dc31007","locus006",1,NA,NA,1,0.694752,NA,1,0
"Dc31007","locus008",1,NA,NA,1,1,NA,1,0
"Dc31007","locus013",1,NA,NA,1,1,NA,1,0
"Dc31007","locus014",1,NA,NA,1,0.370856,NA,1,0
"Dc31007","locus022",1,NA,NA,1,1,NA,1,0
"Dc31007","locus024",0.815136,NA,NA,1,0.815136,NA,1,0
"Dc31007","locus025",1,NA,1,NA,1,NA,0.866656,0
"Dc31007","locus027",0.571512,NA,NA,NA,NA,NA,NA,0
"Dc31007","locus030",1,NA,NA,NA,1,NA,1,0
"Dc31007","locus035",1,NA,NA,NA,0.949758,NA,1,0
"Dc31007","locus038",1,NA,NA,1,0.883024,NA,1,0
"Dc31007","locus039",1,NA,NA,NA,1,NA,1,0
"Dc31007","locus040",0.199158,NA,NA,NA,0.437616,NA,0.437616,0
"Dc31007","locus041",0.427782,NA,NA,NA,0.427782,NA,1,0
"Dc31007","locus045",1,NA,NA,NA,1,NA,1,0
"Dc31007","locus047",0.895348,NA,NA,NA,0.54309,NA,1,0
"Dc31007","locus048",0.930264,NA,NA,NA,1,NA,1,0
"Dc31007","locus053",0.700386,NA,NA,NA,0.700386,NA,0.700386,0
"Dc31007","locus055",1,NA,NA,NA,0.775268,NA,0.33183,0
"Dc31007","locus056",0.380544,NA,NA,1,1,NA,1,0
"Dc31007","locus058",1,NA,NA,1,1,NA,1,0
"Dc31007","locus060",0.905008,NA,NA,1,1,NA,1,0
"Dc31007","locus061",1,NA,NA,NA,0.765888,NA,1,0
"Dc31007","locus062",0.689916,NA,NA,1,0.281016,NA,1,0
"Dc31007","locus064",0.196336,NA,NA,1,1,NA,1,0
"Dc31007","locus065",1,NA,NA,1,0.297312,NA,1,0
"Dc31007","locus073",1,NA,1,1,0.96833,NA,1,0
"Dc31007","locus074",1,NA,1,1,1,NA,0.54094,0
"Dc31007","locus076",0.539868,NA,NA,NA,1,NA,1,0
"Dc31007","locus077",1,NA,NA,1,1,NA,1,0
"Dc31007","locus080",1,NA,NA,NA,1,NA,1,0
"Dc31007","locus083",1,NA,NA,NA,1,NA,1,0
"Dc31007","locus088",1,NA,NA,NA,1,NA,1,0
"Dc31007","locus093",1,NA,1,NA,1,NA,1,0
"Dc31007","locus096",1,NA,1,NA,1,NA,1,0
"Dc31007","locus098",1,NA,NA,NA,0.750954,NA,1,0
"Dc31007","locus100",0.101728,NA,1,NA,1,NA,1,0
"Dc31007","locus106",1,NA,NA,NA,1,NA,1,0
"Dc31007","locus116",1,NA,NA,NA,1,NA,1,0
"Dc31007","locus119",1,NA,1,NA,1,NA,1,0
"Dc31007","locus120",1,NA,NA,NA,1,NA,1,0
"Dc31007","locus128",1,NA,NA,1,1,NA,0.575936,0
"Dc31007","locus129",1,NA,NA,1,1,NA,1,0
"Dc31007","locus130",1,NA,NA,NA,1,NA,1,0
"Dc31007","locus134",1,NA,NA,NA,1,NA,1,0
"Dc31007","locus135",1,NA,NA,1,1,NA,1,0
"Dc31007","locus137",1,NA,NA,1,1,NA,1,0
"Dc31007","locus139",1,NA,NA,1,0.166112,NA,1,0
"Dc31007","locus140",1,NA,NA,1,0.1706,NA,1,0
"Dc31007","locus146",1,NA,1,1,1,NA,1,0
"Dc31007","locus148",1,NA,NA,1,1,NA,1,0
"Dc31007","locus151",1,NA,NA,1,1,NA,1,0
"Dc31007","locus157",1,NA,NA,NA,0.05685,NA,1,0
"Dc31007","locus161",0.079168,NA,NA,1,0.079168,NA,0.57746,0
"Dc31007","locus165",1,NA,1,NA,1,NA,1,0
"Dc31007","locus170",1,NA,NA,1,1,NA,1,0
"Dc31007","locus176",1,NA,NA,NA,1,NA,0.643578,0
"Dc31007","locus184",1,NA,1,1,1,NA,1,0
"Dc31007","locus186",0.331464,NA,NA,1,1,NA,1,0
"Dc31007","locus188",0.848192,NA,1,NA,0.90976,NA,0.848192,0
"Dc31007","locus189",0.648468,NA,NA,NA,1,NA,1,0
"Dc31007","locus190",0.142452,NA,NA,NA,1,NA,0.210876,0
"Dc31007","locus191",1,NA,1,NA,1,NA,1,0
"Dc31007","locus192",1,NA,NA,NA,0.285384,NA,1,0
"Dc31007","locus195",0.95073,NA,NA,NA,1,NA,1,0
"Dc31007","locus202",1,NA,NA,NA,1,NA,1,0
"Dc31007","locus215",1,NA,NA,NA,1,NA,1,0
"Dc31007","locus227",1,NA,1,NA,1,NA,1,0
"Dc31007","locus231",1,NA,NA,NA,1,NA,1,0
"Dc31007","locus235",1,NA,NA,NA,1,NA,1,0
"Dc31007","locus236",1,NA,NA,NA,1,NA,1,0
"Dc31007","locus237",1,NA,NA,NA,1,NA,1,0
"Dc31007","locus239",1,NA,NA,NA,1,NA,1,0
"Dc31007","locus248",0.7875,NA,NA,NA,1,NA,1,0
"Dc31007","locus256",1,NA,NA,NA,1,NA,1,0
"Dc31007","locus263",1,NA,NA,NA,1,NA,1,0
"Dc31007","locus264",1,NA,1,NA,1,NA,1,0
"Dc31007","locus274",1,NA,NA,NA,1,NA,0.110532,0
"Dc31007","locus280",0.699872,NA,NA,NA,0.20325,NA,0.699872,0
"Dc31007","locus282",1,NA,NA,NA,1,NA,1,0
"Dc31007","locus286",1,NA,NA,NA,1,NA,1,0
"Dc31007","locus291",0.113082,NA,NA,NA,0.58208,NA,0.677142,0
"Dc31007","locus292",1,NA,NA,NA,1,NA,1,0
"Dc31007","locus296",0.860544,NA,NA,NA,0.860544,NA,0.860544,0
"Dc31007","locus301",1,NA,NA,NA,0.11412,NA,1,0
"Dc31007","locus314",1,NA,NA,NA,1,NA,1,0
"Dc31007","locus321",1,NA,NA,NA,1,NA,1,0
"Dc31007","locus322",0.453672,NA,NA,NA,0.453672,NA,0.453672,0
"Dc31007","locus323",0.122514,NA,NA,NA,0.735778,NA,0.141992,0
"Dc31007","locus329",1,NA,NA,NA,1,NA,0.853416,0
"Dc31007","locus332",1,NA,1,NA,1,NA,1,0
"Dc31007","locus358",1,NA,NA,NA,1,NA,1,0
"Dc31007","locus359",1,NA,NA,NA,1,NA,1,0
"Dc31007","locus360",1,NA,NA,NA,1,NA,1,0
"Dc33714","Dc33907",1,1,NA,NA,1,0.83768,1,0
"Dc33714","Dc34902",1,0.737592,NA,NA,0.31202,1,1,0
"Dc33714","Dc35779",0.77667,1,NA,NA,1,1,1,0
"Dc33714","Dc36571",1,1,NA,NA,1,1,1,0
"Dc33714","Dc36616",1,1,NA,NA,1,1,1,0
"Dc33714","Dc40235",1,1,NA,NA,1,1,1,0
"Dc33714","Dc41234",1,1,NA,NA,NA,NA,1,0
"Dc33714","Dc46984",1,1,NA,NA,1,1,1,0
"Dc33714","Dc47572",1,1,1,NA,0.960036,1,1,0
"Dc33714","Dc47935",0.59607,1,NA,NA,1,1,1,0
"Dc33714","Dc48207",0.3132,0.570624,NA,NA,1,0.570624,1,0
"Dc33714","Dc48950",0.68795,1,NA,NA,1,1,1,0
"Dc33714","Dc49080",1,1,NA,NA,1,1,1,0
"Dc33714","Dc49184",0.77235,1,NA,NA,1,1,1,0
"Dc33714","Dc52523",1,1,NA,NA,1,1,1,0
"Dc33714","Dc55481",1,1,NA,1,1,NA,1,0
"Dc33714","Dc58248",1,1,NA,1,1,NA,1,0
"Dc33714","Dc62188",1,1,NA,0.43593,1,NA,1,0
"Dc33714","Dc67011",1,1,NA,1,1,NA,1,0
"Dc33714","locus003",1,0.40481,NA,1,1,NA,1,0
"Dc33714","locus004",1,1,NA,0.55466,1,NA,1,0
"Dc33714","locus005",0.4304,1,NA,1,1,NA,1,0
"Dc33714","locus006",1,1,NA,1,1,NA,1,0
"Dc33714","locus008",1,1,NA,1,0.7732,NA,1,0
"Dc33714","locus013",1,1,NA,1,1,NA,1,0
"Dc33714","locus014",0.82504,1,NA,1,1,NA,1,0
"Dc33714","locus022",1,1,NA,0.99988,1,NA,1,0
"Dc33714","locus024",1,1,NA,1,1,NA,1,0
"Dc33714","locus025",1,0.876008,NA,NA,1,NA,1,0
"Dc33714","locus027",0.810128,0.810128,NA,NA,NA,NA,NA,0
"Dc33714","locus030",1,1,NA,NA,0.33411,NA,0.131208,0
"Dc33714","locus035",0.610712,0.345624,NA,NA,0.345624,NA,0.13572,0
"Dc33714","locus038",1,0.79761,NA,1,1,NA,1,0
"Dc33714","locus039",0.753138,0.341262,NA,NA,0.302648,NA,0.6783,0
"Dc33714","locus040",1,1,NA,NA,1,NA,1,0
"Dc33714","locus041",1,1,NA,NA,1,NA,1,0
"Dc33714","locus045",1,1,NA,NA,1,NA,1,0
"Dc33714","locus047",1,1,NA,NA,1,NA,1,0
"Dc33714","locus048",1,1,NA,NA,1,NA,1,0
"Dc33714","locus053",0.91324,0.96806,NA,NA,0.91324,NA,0.91324,0
"Dc33714","locus056",1,0.558712,NA,1,0.47432,NA,1,0
"Dc33714","locus058",0.4386,1,NA,1,1,NA,1,0
"Dc33714","locus060",1,1,NA,1,1,NA,1,0
"Dc33714","locus061",1,NA,NA,NA,1,NA,1,0
"Dc33714","locus062",1,1,NA,1,1,NA,1,0
"Dc33714","locus064",1,0.9921,NA,1,1,NA,1,0
"Dc33714","locus065",1,0.43206,NA,1,1,NA,1,0
"Dc33714","locus073",1,1,1,0.32896,0.778824,NA,0.215472,0
"Dc33714","locus074",1,1,1,1,1,NA,1,0
"Dc33714","locus076",0.452008,1,NA,NA,1,NA,1,0
"Dc33714","locus077",1,1,NA,1,1,NA,1,0
"Dc33714","locus080",1,1,NA,NA,1,NA,1,0
"Dc33714","locus083",0.73448,NA,NA,NA,0.32712,NA,0.32712,0
"Dc33714","locus088",1,0.747456,NA,NA,1,NA,1,0
"Dc33714","locus093",1,1,1,NA,1,NA,1,0
"Dc33714","locus096",1,1,1,NA,1,NA,1,0
"Dc33714","locus098",1,1,NA,NA,1,NA,1,0
"Dc33714","locus100",1,1,1,NA,0.77577,NA,1,0
"Dc33714","locus106",1,1,NA,NA,0.781344,NA,1,0
"Dc33714","locus116",1,1,NA,NA,0.553416,NA,1,0
"Dc33714","locus119",0.75414,0.75414,1,NA,1,NA,1,0
"Dc33714","locus120",0.382928,1,NA,NA,1,NA,1,0
"Dc33714","locus128",1,1,NA,1,1,NA,1,0
"Dc33714","locus129",1,1,NA,1,0.16978,NA,1,0
"Dc33714","locus130",0.534912,NA,1,NA,1,NA,0.335392,0
"Dc33714","locus134",0.556976,0.556976,NA,NA,1,NA,1,0
"Dc33714","locus135",1,1,NA,1,1,NA,0.1322,0
"Dc33714","locus137",1,1,NA,1,1,NA,1,0
"Dc33714","locus139",1,1,NA,1,1,NA,1,0
"Dc33714","locus140",1,1,NA,1,1,NA,1,0
"Dc33714","locus146",1,1,1,1,1,NA,1,0
"Dc33714","locus148",1,1,NA,0.377584,0.35308,NA,1,0
"Dc33714","locus151",0.096312,NA,NA,0.799536,0.095608,NA,0.248948,0
"Dc33714","locus157",0.96128,NA,NA,NA,0.96128,NA,0.219756,0
"Dc33714","locus161",1,0.65015,NA,1,1,NA,1,0
"Dc33714","locus165",0.87792,0.68276,NA,NA,0.87792,NA,1,0
"Dc33714","locus176",1,NA,NA,NA,1,NA,1,0
"Dc33714","locus184",1,1,1,1,1,NA,1,0
"Dc33714","locus186",1,0.32152,NA,1,1,NA,1,0
"Dc33714","locus188",1,1,NA,NA,0.098072,NA,1,0
"Dc33714","locus189",1,0.59322,NA,NA,1,1,1,0
"Dc33714","locus190",1,1,NA,NA,1,1,0.12371,0
"Dc33714","locus191",0.93864,NA,NA,NA,0.407352,0.984004,0.984004,0
"Dc33714","locus192",1,1,NA,NA,0.58598,1,1,0
"Dc33714","locus195",1,1,NA,NA,1,1,1,0
"Dc33714","locus202",1,0.989776,NA,NA,1,1,0.22001,0
"Dc33714","locus215",1,NA,NA,NA,1,1,1,0
"Dc33714","locus227",0.63414,1,1,NA,1,1,1,0
"Dc33714","locus231",1,0.726888,NA,NA,1,NA,1,0
"Dc33714","locus235",1,1,NA,NA,1,1,1,0
"Dc33714","locus236",1,1,NA,NA,0.98805,1,1,0
"Dc33714","locus237",1,1,NA,NA,1,1,1,0
"Dc33714","locus239",0.631232,0.42823,NA,NA,1,1,1,0
"Dc33714","locus248",0.92759,1,NA,NA,1,1,1,0
"Dc33714","locus256",1,0.799816,NA,NA,1,NA,1,0
"Dc33714","locus263",1,1,NA,NA,1,NA,1,0
"Dc33714","locus264",1,1,1,NA,1,NA,1,0
"Dc33714","locus274",1,1,NA,NA,1,NA,1,0
"Dc33714","locus282",1,1,NA,NA,1,NA,1,0
"Dc33714","locus286",1,1,NA,NA,1,NA,1,0
"Dc33714","locus291",1,1,NA,NA,1,NA,1,0
"Dc33714","locus292",1,0.941646,NA,NA,0.239624,NA,1,0
"Dc33714","locus296",1,1,NA,NA,1,NA,0.545336,0
"Dc33714","locus301",1,1,NA,NA,1,NA,0.614432,0
"Dc33714","locus314",1,1,NA,NA,1,NA,1,0
"Dc33714","locus321",0.796872,1,NA,NA,0.17652,NA,1,0
"Dc33714","locus322",1,1,NA,NA,1,NA,1,0
"Dc33714","locus323",0.50066,0.4953,NA,NA,0.50066,NA,0.488696,0
"Dc33714","locus329",1,1,NA,NA,0.249552,NA,1,0
"Dc33714","locus332",1,1,1,NA,1,NA,1,0
"Dc33714","locus359",1,1,NA,NA,1,NA,1,0
"Dc33714","locus360",1,0.996348,NA,NA,1,NA,0.993896,0
"Dc33907","Dc34902",1,1,NA,NA,1,1,1,0
"Dc33907","Dc35779",1,1,1,NA,0.72423,1,0.302412,0
"Dc33907","Dc36571",1,1,NA,NA,1,1,0.74233,0
"Dc33907","Dc36616",1,1,NA,NA,1,1,1,0
"Dc33907","Dc40235",1,0.68836,NA,NA,1,1,1,0
"Dc33907","Dc41234",1,1,1,NA,NA,NA,1,0
"Dc33907","Dc46984",1,1,NA,NA,1,1,1,0
"Dc33907","Dc47572",0.32684,1,NA,NA,1,1,0.32684,0
"Dc33907","Dc47935",1,1,NA,NA,1,1,1,0
"Dc33907","Dc48207",1,1,NA,NA,1,0.83808,1,0
"Dc33907","Dc48950",0.39638,1,NA,NA,1,1,1,0
"Dc33907","Dc49080",0.19066,1,NA,NA,1,1,1,0
"Dc33907","Dc49184",0.34421,1,NA,NA,0.83036,1,1,0
"Dc33907","Dc51020",0.915216,1,NA,NA,0.19722,1,1,0
"Dc33907","Dc52523",1,1,NA,NA,1,1,1,0
"Dc33907","Dc55481",1,1,NA,1,1,NA,0.3301,0
"Dc33907","Dc58248",1,1,NA,1,1,NA,1,0
"Dc33907","Dc67011",0.19443,0.326184,NA,1,1,NA,1,0
"Dc33907","locus003",1,0.912468,1,1,1,NA,1,0
"Dc33907","locus004",1,1,NA,1,1,NA,1,0
"Dc33907","locus005",1,1,NA,1,1,NA,1,0
"Dc33907","locus006",1,1,NA,1,1,NA,1,0
"Dc33907","locus008",1,1,NA,1,1,NA,1,0
"Dc33907","locus013",1,1,NA,1,0.38066,NA,1,0
"Dc33907","locus014",1,1,NA,1,1,NA,1,0
"Dc33907","locus022",0.39738,1,NA,1,1,NA,1,0
"Dc33907","locus024",1,1,1,1,0.33828,NA,1,0
"Dc33907","locus025",0.434816,0.682962,NA,NA,1,NA,1,0
"Dc33907","locus027",1,0.936812,NA,NA,NA,NA,NA,0
"Dc33907","locus030",1,1,NA,NA,1,NA,1,0
"Dc33907","locus035",1,1,NA,NA,1,NA,1,0
"Dc33907","locus038",1,1,NA,1,0.21028,NA,1,0
"Dc33907","locus039",1,1,NA,NA,1,NA,1,0
"Dc33907","locus040",1,1,1,NA,1,NA,1,0
"Dc33907","locus041",0.61432,1,NA,NA,1,NA,1,0
"Dc33907","locus045",1,0.46964,1,NA,1,NA,0.46964,0
"Dc33907","locus048",1,1,NA,NA,1,NA,1,0
"Dc33907","locus053",1,1,NA,NA,0.923382,NA,0.826392,0
"Dc33907","locus055",1,1,1,NA,1,NA,1,0
"Dc33907","locus056",1,1,NA,1,1,NA,1,0
"Dc33907","locus058",1,0.79772,NA,1,1,NA,1,0
"Dc33907","locus060",1,1,NA,1,1,NA,1,0
"Dc33907","locus061",0.718002,NA,NA,NA,0.96997,NA,0.92418,0
"Dc33907","locus062",1,1,1,1,1,NA,1,0
"Dc33907","locus064",1,1,NA,1,1,NA,1,0
"Dc33907","locus065",1,1,1,1,1,NA,1,0
"Dc33907","locus073",1,1,NA,1,1,NA,1,0
"Dc33907","locus074",1,1,NA,1,1,NA,1,0
"Dc33907","locus076",0.377512,0.778616,NA,NA,0.778616,NA,0.67158,0
"Dc33907","locus077",0.567688,1,NA,1,0.567688,NA,0.48178,0
"Dc33907","locus080",1,1,1,NA,0.885,NA,1,0
"Dc33907","locus083",1,NA,NA,NA,1,NA,1,0
"Dc33907","locus088",1,1,1,NA,1,NA,1,0
"Dc33907","locus093",1,1,1,NA,1,NA,1,0
"Dc33907","locus096",1,1,NA,NA,1,NA,1,0
"Dc33907","locus098",1,0.093552,NA,NA,1,NA,0.909912,0
"Dc33907","locus100",1,1,NA,NA,0.698148,NA,0.4732,0
"Dc33907","locus106",1,1,NA,NA,1,NA,1,0
"Dc33907","locus116",0.285688,0.61299,NA,NA,1,NA,1,0
"Dc33907","locus119",1,1,NA,NA,1,NA,1,0
"Dc33907","locus120",1,1,NA,NA,1,NA,1,0
"Dc33907","locus128",1,0.19081,NA,1,0.210736,NA,0.925308,0
"Dc33907","locus129",1,1,NA,1,0.21096,NA,1,0
"Dc33907","locus130",0.825056,NA,NA,NA,0.71421,NA,0.825056,0
"Dc33907","locus134",0.22148,1,NA,NA,1,NA,1,0
"Dc33907","locus135",0.27526,0.904008,NA,0.904008,0.904008,NA,0.510464,0
"Dc33907","locus137",0.797016,0.58623,NA,0.797016,0.753952,NA,0.753952,0
"Dc33907","locus139",1,0.81284,NA,1,1,NA,1,0
"Dc33907","locus140",1,0.83241,NA,1,1,NA,1,0
"Dc33907","locus148",0.48399,0.48399,NA,0.48399,1,NA,1,0
"Dc33907","locus151",1,NA,NA,1,0.878776,NA,1,0
"Dc33907","locus157",0.258786,NA,NA,NA,0.346284,NA,0.510694,0
"Dc33907","locus161",1,1,NA,1,1,NA,1,0
"Dc33907","locus165",0.259872,1,NA,NA,1,NA,0.502872,0
"Dc33907","locus176",1,NA,1,NA,1,NA,1,0
"Dc33907","locus184",1,1,NA,1,1,NA,1,0
"Dc33907","locus186",1,1,NA,1,1,NA,1,0
"Dc33907","locus188",1,1,NA,NA,1,NA,1,0
"Dc33907","locus189",1,0.17268,NA,NA,1,1,1,0
"Dc33907","locus191",1,NA,NA,NA,0.621328,1,1,0
"Dc33907","locus192",1,1,NA,NA,1,1,1,0
"Dc33907","locus195",1,1,NA,NA,1,1,1,0
"Dc33907","locus202",1,1,NA,NA,1,0.39868,0.26443,0
"Dc33907","locus215",1,NA,NA,NA,0.486536,1,0.486536,0
"Dc33907","locus227",0.758604,1,1,NA,0.758604,1,1,0
"Dc33907","locus231",0.559696,1,NA,NA,1,NA,1,0
"Dc33907","locus235",1,0.06256,NA,NA,1,1,1,0
"Dc33907","locus236",1,1,NA,NA,1,1,1,0
"Dc33907","locus237",1,1,NA,NA,1,1,1,0
"Dc33907","locus239",1,0.42613,NA,NA,1,1,1,0
"Dc33907","locus248",1,1,NA,NA,1,1,1,0
"Dc33907","locus256",0.99429,0.99429,NA,NA,0.885648,NA,0.99429,0
"Dc33907","locus263",1,1,NA,NA,1,NA,1,0
"Dc33907","locus264",1,1,NA,NA,1,NA,1,0
"Dc33907","locus274",0.39712,1,1,NA,0.746528,NA,1,0
"Dc33907","locus280",0.99476,0.99476,NA,NA,1,NA,1,0
"Dc33907","locus282",0.77298,1,1,NA,1,NA,1,0
"Dc33907","locus286",1,1,NA,NA,0.99324,NA,0.99324,0
"Dc33907","locus291",1,1,NA,NA,1,NA,1,0
"Dc33907","locus292",1,1,NA,NA,1,NA,1,0
"Dc33907","locus296",1,1,NA,NA,1,NA,1,0
"Dc33907","locus301",1,1,NA,NA,1,NA,1,0
"Dc33907","locus314",0.582232,1,NA,NA,1,NA,0.668796,0
"Dc33907","locus321",1,1,NA,NA,1,NA,1,0
"Dc33907","locus322",1,1,NA,NA,1,NA,1,0
"Dc33907","locus323",1,1,NA,NA,1,NA,1,0
"Dc33907","locus329",1,1,NA,NA,1,NA,1,0
"Dc33907","locus332",1,1,NA,NA,1,NA,1,0
"Dc33907","locus358",1,1,NA,NA,1,NA,1,0
"Dc33907","locus359",1,1,NA,NA,1,NA,1,0
"Dc33907","locus360",1,1,1,NA,0.65147,NA,1,0
"Dc34902","Dc35779",1,1,1,NA,1,1,1,0
"Dc34902","Dc36571",0.677934,1,NA,NA,0.667168,1,0.64655,0
"Dc34902","Dc36616",1,1,NA,NA,1,1,1,0
"Dc34902","Dc41234",1,0.964804,NA,NA,NA,NA,0.106578,0
"Dc34902","Dc46984",1,1,NA,NA,1,1,0.49045,0
"Dc34902","Dc47572",0.75825,1,NA,NA,1,1,1,0
"Dc34902","Dc47935",0.27522,1,NA,NA,1,1,1,0
"Dc34902","Dc48207",1,1,NA,NA,1,1,1,0
"Dc34902","Dc48950",1,0.90046,NA,NA,1,1,1,0
"Dc34902","Dc49080",1,1,NA,NA,1,1,1,0
"Dc34902","Dc49184",0.21204,0.380984,NA,NA,1,1,1,0
"Dc34902","Dc51020",1,1,NA,NA,1,1,1,0
"Dc34902","Dc52523",1,1,NA,NA,1,1,1,0
"Dc34902","Dc55481",1,1,NA,1,0.15061,NA,0.99224,0
"Dc34902","Dc58248",1,1,NA,1,0.63302,NA,0.952288,0
"Dc34902","Dc62188",0.38336,1,NA,1,1,NA,1,0
"Dc34902","Dc67011",1,1,NA,1,0.12355,NA,1,0
"Dc34902","locus003",1,1,1,1,1,NA,1,0
"Dc34902","locus004",1,1,NA,1,1,NA,1,0
"Dc34902","locus005",0.61367,1,NA,1,0.61367,NA,0.931638,0
"Dc34902","locus006",1,1,NA,1,0.9285,NA,1,0
"Dc34902","locus008",1,1,NA,1,1,NA,1,0
"Dc34902","locus013",0.08538,1,NA,1,1,NA,1,0
"Dc34902","locus014",1,1,NA,1,1,NA,1,0
"Dc34902","locus022",1,1,NA,1,1,NA,1,0
"Dc34902","locus024",1,1,1,1,1,NA,1,0
"Dc34902","locus025",1,1,NA,NA,0.710184,NA,1,0
"Dc34902","locus027",0.879924,0.879924,NA,NA,NA,NA,NA,0
"Dc34902","locus030",1,1,NA,NA,1,NA,1,0
"Dc34902","locus035",1,0.751644,NA,NA,0.684504,NA,1,0
"Dc34902","locus038",1,1,NA,1,1,NA,1,0
"Dc34902","locus039",1,1,NA,NA,0.978256,NA,1,0
"Dc34902","locus040",1,1,1,NA,1,NA,1,0
"Dc34902","locus041",1,1,NA,NA,0.089712,NA,1,0
"Dc34902","locus045",1,1,1,NA,1,NA,1,0
"Dc34902","locus047",1,1,NA,NA,1,NA,1,0
"Dc34902","locus048",0.138752,0.48078,NA,NA,1,NA,1,0
"Dc34902","locus053",1,1,NA,NA,1,NA,0.990664,0
"Dc34902","locus055",1,1,1,NA,1,NA,0.20828,0
"Dc34902","locus056",1,1,NA,1,1,NA,1,0
"Dc34902","locus058",1,1,NA,1,0.13805,NA,1,0
"Dc34902","locus060",1,1,NA,1,1,NA,1,0
"Dc34902","locus061",1,NA,NA,NA,1,NA,1,0
"Dc34902","locus062",1,1,1,1,1,NA,1,0
"Dc34902","locus064",1,0.64493,NA,0.64493,1,NA,1,0
"Dc34902","locus065",1,0.40493,1,1,0.369456,NA,1,0
"Dc34902","locus073",0.70602,1,NA,1,1,NA,1,0
"Dc34902","locus074",1,1,NA,1,0.07219,NA,1,0
"Dc34902","locus076",1,0.871128,NA,NA,0.871128,NA,1,0
"Dc34902","locus077",1,1,NA,1,1,NA,1,0
"Dc34902","locus080",1,1,NA,NA,0.336736,NA,1,0
"Dc34902","locus083",0.090204,NA,NA,NA,0.66422,NA,1,0
"Dc34902","locus088",1,1,1,NA,1,NA,1,0
"Dc34902","locus093",1,1,1,NA,0.90392,NA,1,0
"Dc34902","locus096",0.539968,1,NA,NA,1,NA,1,0
"Dc34902","locus098",1,1,NA,NA,0.626232,NA,1,0
"Dc34902","locus100",1,0.870546,NA,NA,0.492952,NA,1,0
"Dc34902","locus106",1,1,NA,NA,0.94032,NA,1,0
"Dc34902","locus116",1,0.268776,NA,NA,1,NA,1,0
"Dc34902","locus119",1,1,NA,NA,0.77984,NA,1,0
"Dc34902","locus120",1,1,NA,NA,0.258368,NA,1,0
"Dc34902","locus128",0.37181,1,NA,1,1,NA,1,0
"Dc34902","locus129",1,0.74549,NA,1,1,NA,1,0
"Dc34902","locus130",1,NA,NA,NA,1,NA,1,0
"Dc34902","locus135",0.52623,1,NA,1,1,NA,1,0
"Dc34902","locus137",1,1,NA,1,0.80482,NA,1,0
"Dc34902","locus139",1,1,NA,1,0.31835,NA,0.771872,0
"Dc34902","locus140",1,1,NA,1,0.30434,NA,0.765008,0
"Dc34902","locus146",1,1,NA,1,1,NA,1,0
"Dc34902","locus148",1,0.81348,NA,1,1,NA,1,0
"Dc34902","locus151",0.808352,NA,NA,0.860406,0.860406,NA,0.860406,0
"Dc34902","locus157",0.328812,NA,NA,NA,1,NA,1,0
"Dc34902","locus161",1,0.975712,NA,1,1,NA,0.76542,0
"Dc34902","locus165",1,1,NA,NA,1,NA,1,0
"Dc34902","locus170",1,1,NA,1,1,NA,1,0
"Dc34902","locus184",1,1,NA,0.71357,1,NA,1,0
"Dc34902","locus186",0.757338,0.98022,NA,0.662704,0.0569,NA,1,0
"Dc34902","locus189",1,0.14905,NA,NA,1,1,1,0
"Dc34902","locus190",0.73524,1,NA,NA,1,1,1,0
"Dc34902","locus191",0.0696,NA,NA,NA,1,1,0.265554,0
"Dc34902","locus192",1,1,NA,NA,0.23568,1,1,0
"Dc34902","locus195",0.96743,1,NA,NA,1,1,1,0
"Dc34902","locus202",1,1,NA,NA,0.27353,1,1,0
"Dc34902","locus215",1,NA,NA,NA,1,1,1,0
"Dc34902","locus227",1,1,1,NA,1,1,1,0
"Dc34902","locus231",1,1,1,NA,1,NA,1,0
"Dc34902","locus235",0.34788,0.987312,NA,NA,1,1,1,0
"Dc34902","locus236",1,0.511864,NA,NA,0.28955,1,1,0
"Dc34902","locus237",1,1,NA,NA,1,1,1,0
"Dc34902","locus239",1,1,NA,NA,1,1,1,0
"Dc34902","locus248",1,0.990312,NA,NA,1,1,0.88167,0
"Dc34902","locus256",1,1,NA,NA,1,NA,0.768288,0
"Dc34902","locus263",1,1,NA,NA,1,NA,1,0
"Dc34902","locus264",0.730644,0.635424,NA,NA,0.635424,NA,0.736738,0
"Dc34902","locus274",1,1,1,NA,0.97886,NA,1,0
"Dc34902","locus280",1,1,NA,NA,0.857432,NA,1,0
"Dc34902","locus282",1,1,1,NA,1,NA,1,0
"Dc34902","locus286",1,1,NA,NA,1,NA,1,0
"Dc34902","locus291",1,1,NA,NA,0.131888,NA,1,0
"Dc34902","locus296",1,1,NA,NA,1,NA,1,0
"Dc34902","locus301",0.693096,1,NA,NA,1,NA,1,0
"Dc34902","locus314",1,0.785352,NA,NA,1,NA,1,0
"Dc34902","locus321",1,1,NA,NA,1,NA,1,0
"Dc34902","locus322",1,1,NA,NA,1,NA,1,0
"Dc34902","locus323",0.634264,1,NA,NA,1,NA,1,0
"Dc34902","locus329",1,1,NA,NA,1,NA,1,0
"Dc34902","locus358",1,1,NA,NA,0.196208,NA,1,0
"Dc34902","locus359",0.758328,1,NA,NA,0.758328,NA,1,0
"Dc35779","Dc36571",1,0.13653,NA,NA,1,1,1,0
"Dc35779","Dc40235",0.43508,1,NA,NA,1,1,1,0
"Dc35779","Dc41234",1,1,NA,NA,NA,NA,1,0
"Dc35779","Dc46984",1,1,NA,NA,1,1,1,0
"Dc35779","Dc47572",0.45909,1,NA,NA,1,1,1,0
"Dc35779","Dc47935",1,1,NA,NA,1,1,1,0
"Dc35779","Dc48207",1,1,NA,NA,1,1,1,0
"Dc35779","Dc48950",0.95542,1,NA,NA,0.95542,1,1,0
"Dc35779","Dc49080",1,1,NA,NA,0.33539,1,1,0
"Dc35779","Dc49184",1,0.15507,NA,NA,1,1,1,0
"Dc35779","Dc51020",1,1,NA,NA,1,1,1,0
"Dc35779","Dc52523",0.92512,0.92512,NA,NA,0.69813,1,1,0
"Dc35779","Dc58248",1,1,NA,1,1,NA,1,0
"Dc35779","Dc67011",1,1,NA,1,1,NA,1,0
"Dc35779","locus003",1,1,1,1,1,NA,1,0
"Dc35779","locus004",1,0.642264,NA,1,0.19141,NA,1,0
"Dc35779","locus005",1,0.82584,NA,1,1,NA,1,0
"Dc35779","locus006",1,1,NA,1,1,NA,1,0
"Dc35779","locus008",1,0.42159,NA,1,1,NA,1,0
"Dc35779","locus013",1,1,NA,1,1,NA,1,0
"Dc35779","locus014",1,1,NA,1,1,NA,1,0
"Dc35779","locus022",0.08898,1,NA,1,0.937392,NA,1,0
"Dc35779","locus024",1,1,1,1,0.126156,NA,1,0
"Dc35779","locus025",1,1,NA,NA,1,NA,1,0
"Dc35779","locus027",0.747044,0.747044,NA,NA,NA,NA,NA,0
"Dc35779","locus030",0.95181,0.335584,NA,NA,0.95181,NA,1,0
"Dc35779","locus038",0.760824,1,NA,1,1,NA,0.43063,0
"Dc35779","locus039",1,0.942656,NA,NA,1,NA,1,0
"Dc35779","locus040",0.31393,0.893648,1,NA,1,NA,1,0
"Dc35779","locus041",1,1,NA,NA,0.820128,NA,1,0
"Dc35779","locus045",1,1,1,NA,1,NA,1,0
"Dc35779","locus047",1,1,NA,NA,1,NA,0.248112,0
"Dc35779","locus048",1,1,NA,NA,0.508656,NA,1,0
"Dc35779","locus053",1,1,NA,NA,1,NA,0.46932,0
"Dc35779","locus055",1,1,1,NA,0.47531,NA,1,0
"Dc35779","locus056",1,1,NA,1,0.16933,NA,1,0
"Dc35779","locus058",0.42652,0.42652,NA,1,0.27708,NA,0.647944,0
"Dc35779","locus060",1,0.95381,NA,1,1,NA,1,0
"Dc35779","locus061",1,NA,NA,NA,1,NA,1,0
"Dc35779","locus062",1,1,1,0.99906,1,NA,1,0
"Dc35779","locus064",0.367184,0.12451,NA,0.503064,0.503064,NA,0.503064,0
"Dc35779","locus065",1,1,1,1,1,NA,1,0
"Dc35779","locus073",0.9072,0.997664,NA,1,1,NA,1,0
"Dc35779","locus074",1,1,NA,1,1,NA,1,0
"Dc35779","locus076",1,1,NA,NA,1,NA,1,0
"Dc35779","locus077",1,0.744632,NA,1,1,NA,0.63243,0
"Dc35779","locus080",1,1,NA,NA,1,NA,1,0
"Dc35779","locus083",0.730292,NA,NA,NA,0.47067,NA,0.730292,0
"Dc35779","locus088",1,1,1,NA,1,NA,1,0
"Dc35779","locus093",1,1,1,NA,1,NA,1,0
"Dc35779","locus096",1,1,NA,NA,1,NA,1,0
"Dc35779","locus098",1,1,NA,NA,1,NA,1,0
"Dc35779","locus100",1,0.361984,NA,NA,1,NA,1,0
"Dc35779","locus106",0.766808,1,NA,NA,1,NA,1,0
"Dc35779","locus116",1,1,NA,NA,1,NA,1,0
"Dc35779","locus119",0.74925,0.961024,NA,NA,0.740848,NA,0.961024,0
"Dc35779","locus120",1,0.585704,NA,NA,1,NA,0.908736,0
"Dc35779","locus128",1,1,NA,1,0.2805,NA,1,0
"Dc35779","locus129",1,1,NA,1,0.92351,NA,1,0
"Dc35779","locus130",1,NA,NA,NA,1,NA,1,0
"Dc35779","locus134",0.622736,0.622736,NA,NA,0.622736,NA,0.622736,0
"Dc35779","locus135",1,1,NA,1,1,NA,0.56389,0
"Dc35779","locus137",1,1,NA,1,1,NA,1,0
"Dc35779","locus139",1,1,NA,1,1,NA,1,0
"Dc35779","locus140",1,1,NA,1,1,NA,1,0
"Dc35779","locus146",1,1,NA,1,1,NA,1,0
"Dc35779","locus148",1,1,NA,1,1,NA,1,0
"Dc35779","locus151",1,NA,NA,1,0.097584,NA,1,0
"Dc35779","locus157",0.974744,NA,NA,NA,0.974744,NA,0.923466,0
"Dc35779","locus161",0.37499,1,NA,1,1,NA,1,0
"Dc35779","locus165",1,0.188384,NA,NA,1,NA,1,0
"Dc35779","locus170",1,1,NA,1,1,NA,1,0
"Dc35779","locus176",1,NA,NA,NA,1,NA,1,0
"Dc35779","locus184",1,1,NA,0.83057,1,NA,1,0
"Dc35779","locus186",1,1,NA,0.99533,1,NA,1,0
"Dc35779","locus188",0.551544,0.475896,NA,NA,0.906728,NA,0.906728,0
"Dc35779","locus189",1,1,NA,NA,1,1,1,0
"Dc35779","locus190",1,1,NA,NA,1,1,1,0
"Dc35779","locus191",0.380896,NA,NA,NA,0.394868,1,0.380896,0
"Dc35779","locus192",1,1,NA,NA,1,1,1,0
"Dc35779","locus195",0.10346,1,NA,NA,1,1,1,0
"Dc35779","locus202",1,0.27972,NA,NA,1,1,0.344432,0
"Dc35779","locus215",1,NA,NA,NA,1,1,1,0
"Dc35779","locus227",1,1,1,NA,0.30924,1,0.54587,0
"Dc35779","locus231",1,0.74525,1,NA,1,NA,0.826048,0
"Dc35779","locus235",1,0.25699,NA,NA,1,1,1,0
"Dc35779","locus236",1,1,NA,NA,1,1,1,0
"Dc35779","locus237",1,0.20896,NA,NA,0.20896,1,1,0
"Dc35779","locus239",1,1,NA,NA,1,1,1,0
"Dc35779","locus248",1,1,NA,NA,1,1,1,0
"Dc35779","locus256",1,0.07692,NA,NA,1,NA,1,0
"Dc35779","locus263",0.347408,1,NA,NA,1,NA,1,0
"Dc35779","locus264",1,1,NA,NA,1,NA,1,0
"Dc35779","locus274",0.89042,1,1,NA,1,NA,1,0
"Dc35779","locus280",1,1,NA,NA,1,NA,1,0
"Dc35779","locus282",1,1,1,NA,1,NA,1,0
"Dc35779","locus286",1,1,NA,NA,1,NA,1,0
"Dc35779","locus291",1,1,NA,NA,1,NA,0.353128,0
"Dc35779","locus292",1,1,NA,NA,0.172856,NA,1,0
"Dc35779","locus296",1,1,NA,NA,1,NA,1,0
"Dc35779","locus301",0.87012,0.562328,NA,NA,0.87012,NA,0.87012,0
"Dc35779","locus314",1,1,NA,NA,1,NA,1,0
"Dc35779","locus321",0.934488,1,NA,NA,1,NA,1,0
"Dc35779","locus322",1,1,NA,NA,0.478064,NA,1,0
"Dc35779","locus323",1,1,NA,NA,1,NA,1,0
"Dc35779","locus329",0.778686,0.778686,NA,NA,0.778686,NA,0.123664,0
"Dc35779","locus332",0.756112,0.756112,NA,NA,0.756112,NA,0.756112,0
"Dc35779","locus358",1,0.323648,NA,NA,1,NA,1,0
"Dc35779","locus359",1,1,NA,NA,0.544256,NA,1,0
"Dc35779","locus360",1,1,NA,NA,0.453744,NA,1,0
"Dc36571","Dc36616",1,1,NA,NA,1,1,1,0
"Dc36571","Dc40235",0.44226,1,NA,NA,1,1,1,0
"Dc36571","Dc41234",0.794344,0.794344,NA,NA,NA,NA,0.61131,0
"Dc36571","Dc46984",0.86219,1,NA,NA,1,1,1,0
"Dc36571","Dc47572",1,1,NA,NA,1,1,1,0
"Dc36571","Dc47935",1,0.89123,NA,NA,1,1,0.89123,0
"Dc36571","Dc48207",1,1,NA,NA,0.58871,1,0.72732,0
"Dc36571","Dc48950",1,1,NA,NA,1,1,1,0
"Dc36571","Dc49080",0.816432,0.816432,NA,NA,0.3831,0.795696,0.799212,0
"Dc36571","Dc49184",1,0.98971,NA,NA,1,1,1,0
"Dc36571","Dc51020",0.37908,1,NA,NA,1,1,1,0
"Dc36571","Dc52523",1,1,NA,NA,1,1,1,0
"Dc36571","Dc55481",1,1,NA,1,1,NA,0.25736,0
"Dc36571","Dc58248",0.989896,1,NA,0.82962,1,NA,0.989896,0
"Dc36571","Dc62188",1,1,1,1,0.073452,NA,1,0
"Dc36571","Dc67011",1,1,NA,1,1,NA,1,0
"Dc36571","locus003",1,1,1,1,1,NA,1,0
"Dc36571","locus004",0.419152,0.33103,NA,1,1,NA,0.692664,0
"Dc36571","locus005",1,1,NA,1,1,NA,1,0
"Dc36571","locus006",0.21901,0.256248,NA,1,0.357534,NA,1,0
"Dc36571","locus008",1,1,NA,1,1,NA,0.71989,0
"Dc36571","locus013",1,1,NA,1,1,NA,1,0
"Dc36571","locus014",1,1,NA,0.66672,0.3425,NA,1,0
"Dc36571","locus022",1,1,NA,1,0.91966,NA,1,0
"Dc36571","locus024",1,1,1,1,1,NA,1,0
"Dc36571","locus025",0.266408,1,NA,NA,1,NA,1,0
"Dc36571","locus027",1,1,1,NA,NA,NA,NA,0
"Dc36571","locus030",0.96426,0.128166,NA,NA,0.552164,NA,0.077296,0
"Dc36571","locus035",1,1,NA,NA,1,NA,0.51312,0
"Dc36571","locus038",0.47869,1,NA,1,1,NA,1,0
"Dc36571","locus039",0.430056,0.430056,NA,NA,0.796046,NA,0.616612,0
"Dc36571","locus040",1,1,1,NA,0.60268,NA,1,0
"Dc36571","locus041",0.49704,1,NA,NA,1,NA,0.660252,0
"Dc36571","locus045",0.68974,1,1,NA,0.865608,NA,0.865608,0
"Dc36571","locus047",1,1,NA,NA,1,NA,1,0
"Dc36571","locus048",1,1,NA,NA,0.225712,NA,1,0
"Dc36571","locus053",0.853792,0.86872,NA,NA,0.505104,NA,0.505104,0
"Dc36571","locus055",0.4469,1,1,NA,1,NA,1,0
"Dc36571","locus056",1,1,NA,1,1,NA,0.18348,0
"Dc36571","locus058",1,1,NA,1,1,NA,1,0
"Dc36571","locus060",0.08993,0.143824,NA,1,0.157452,NA,0.157452,0
"Dc36571","locus061",1,NA,1,NA,1,NA,1,0
"Dc36571","locus062",1,1,1,1,1,NA,1,0
"Dc36571","locus064",1,1,NA,1,1,NA,1,0
"Dc36571","locus073",0.92978,1,NA,1,0.92978,NA,1,0
"Dc36571","locus074",1,1,NA,1,1,NA,1,0
"Dc36571","locus076",1,0.213928,NA,NA,1,NA,0.801312,0
"Dc36571","locus077",1,0.26511,NA,1,1,NA,1,0
"Dc36571","locus080",1,1,NA,NA,1,NA,1,0
"Dc36571","locus083",1,NA,NA,NA,1,NA,1,0
"Dc36571","locus088",1,1,1,NA,1,NA,0.53063,0
"Dc36571","locus093",1,1,1,NA,0.59519,NA,1,0
"Dc36571","locus096",1,1,NA,NA,1,NA,1,0
"Dc36571","locus098",0.874812,0.874812,NA,NA,0.309642,NA,0.119064,0
"Dc36571","locus100",1,1,NA,NA,1,NA,0.868496,0
"Dc36571","locus106",0.885984,0.626796,NA,NA,0.056144,NA,0.099366,0
"Dc36571","locus116",1,1,NA,NA,1,NA,1,0
"Dc36571","locus119",1,1,NA,NA,0.298632,NA,0.632214,0
"Dc36571","locus120",0.644536,0.783076,NA,NA,0.742692,NA,0.742692,0
"Dc36571","locus128",1,1,NA,1,1,NA,1,0
"Dc36571","locus129",1,1,NA,1,1,NA,1,0
"Dc36571","locus130",1,NA,NA,NA,1,NA,1,0
"Dc36571","locus134",1,1,1,NA,1,NA,1,0
"Dc36571","locus135",1,1,NA,1,0.50164,NA,1,0
"Dc36571","locus137",1,1,NA,1,0.33451,NA,1,0
"Dc36571","locus139",1,0.56283,NA,1,1,NA,1,0
"Dc36571","locus140",1,0.56967,NA,1,1,NA,1,0
"Dc36571","locus146",0.18187,1,NA,1,1,NA,1,0
"Dc36571","locus148",1,0.30212,NA,1,1,NA,1,0
"Dc36571","locus151",0.84362,NA,NA,0.599106,0.300024,NA,0.599106,0
"Dc36571","locus157",1,NA,NA,NA,1,NA,1,0
"Dc36571","locus161",1,1,NA,1,1,NA,1,0
"Dc36571","locus165",0.439734,0.861376,NA,NA,0.861376,NA,0.20764,0
"Dc36571","locus170",1,1,NA,0.83564,1,NA,1,0
"Dc36571","locus176",1,NA,NA,NA,1,NA,1,0
"Dc36571","locus184",1,1,NA,1,1,NA,1,0
"Dc36571","locus186",1,1,NA,1,0.16411,NA,1,0
"Dc36571","locus188",0.628856,1,NA,NA,1,NA,1,0
"Dc36571","locus189",1,1,NA,NA,1,1,1,0
"Dc36571","locus190",1,1,NA,NA,0.31404,1,1,0
"Dc36571","locus191",0.26698,NA,NA,NA,0.179128,0.179128,0.179128,0
"Dc36571","locus192",1,1,NA,NA,1,0.99345,1,0
"Dc36571","locus195",0.25232,1,NA,NA,1,1,1,0
"Dc36571","locus202",1,1,NA,NA,0.9332,1,1,0
"Dc36571","locus215",0.96414,NA,NA,NA,0.96414,0.597774,0.563952,0
"Dc36571","locus227",1,1,1,NA,1,1,1,0
"Dc36571","locus231",1,0.558512,NA,NA,1,NA,1,0
"Dc36571","locus235",0.55049,1,NA,NA,1,1,1,0
"Dc36571","locus236",1,1,NA,NA,1,1,1,0
"Dc36571","locus237",1,1,NA,NA,0.38874,1,1,0
"Dc36571","locus239",1,1,NA,NA,1,1,1,0
"Dc36571","locus248",1,1,NA,NA,0.19637,1,1,0
"Dc36571","locus256",1,1,NA,NA,0.584676,NA,0.433536,0
"Dc36571","locus263",1,1,NA,NA,1,NA,1,0
"Dc36571","locus264",1,1,NA,NA,1,NA,1,0
"Dc36571","locus274",1,1,1,NA,1,NA,1,0
"Dc36571","locus280",1,1,NA,NA,1,NA,1,0
"Dc36571","locus286",0.717198,0.717198,NA,NA,0.717198,NA,0.073144,0
"Dc36571","locus291",1,1,NA,NA,1,NA,1,0
"Dc36571","locus292",1,0.43776,NA,NA,1,NA,1,0
"Dc36571","locus296",1,1,NA,NA,1,NA,1,0
"Dc36571","locus301",0.45664,1,NA,NA,1,NA,0.749922,0
"Dc36571","locus314",1,1,NA,NA,1,NA,1,0
"Dc36571","locus321",1,0.446988,NA,NA,0.132,NA,1,0
"Dc36571","locus322",1,1,NA,NA,1,NA,1,0
"Dc36571","locus323",0.361944,0.675048,NA,NA,0.431874,NA,0.675048,0
"Dc36571","locus329",1,1,NA,NA,1,NA,0.845296,0
"Dc36571","locus332",1,1,NA,NA,0.061912,NA,1,0
"Dc36571","locus358",1,1,NA,NA,1,NA,1,0
"Dc36571","locus359",1,1,NA,NA,1,NA,1,0
"Dc36571","locus360",0.710446,0.625788,NA,NA,0.625788,NA,0.29672,0
"Dc36616","Dc40235",1,1,NA,NA,1,1,0.47304,0
"Dc36616","Dc41234",0.5251,0.5251,NA,NA,NA,NA,0.253248,0
"Dc36616","Dc46984",1,1,NA,NA,1,1,1,0
"Dc36616","Dc47572",1,1,NA,NA,1,1,1,0
"Dc36616","Dc47935",1,1,NA,NA,1,1,1,0
"Dc36616","Dc48207",1,1,NA,NA,1,1,1,0
"Dc36616","Dc48950",1,0.54069,NA,NA,1,1,1,0
"Dc36616","Dc49080",1,1,NA,NA,1,1,1,0
"Dc36616","Dc49184",1,1,NA,NA,1,1,1,0
"Dc36616","Dc51020",1,1,NA,NA,1,0.71496,1,0
"Dc36616","Dc52523",1,1,NA,NA,1,1,1,0
"Dc36616","Dc55481",1,1,NA,1,0.84979,NA,1,0
"Dc36616","Dc58248",1,1,NA,0.83433,1,NA,1,0
"Dc36616","Dc62188",1,1,NA,1,1,NA,1,0
"Dc36616","Dc67011",1,0.65055,NA,1,1,NA,1,0
"Dc36616","locus003",1,1,1,1,0.256524,NA,1,0
"Dc36616","locus004",0.13305,0.68536,NA,1,1,NA,1,0
"Dc36616","locus005",0.5996,1,NA,1,1,NA,1,0
"Dc36616","locus006",1,1,NA,1,1,NA,1,0
"Dc36616","locus008",1,1,NA,1,1,NA,1,0
"Dc36616","locus013",1,1,NA,1,1,NA,1,0
"Dc36616","locus014",1,1,NA,0.83767,1,NA,0.83767,0
"Dc36616","locus022",1,1,NA,1,1,NA,0.45148,0
"Dc36616","locus024",1,1,1,1,1,NA,1,0
"Dc36616","locus025",0.626136,1,NA,NA,1,NA,0.626208,0
"Dc36616","locus027",0.326096,0.326096,NA,NA,NA,NA,NA,0
"Dc36616","locus030",1,1,NA,NA,1,NA,1,0
"Dc36616","locus035",1,0.883976,NA,NA,0.883976,NA,1,0
"Dc36616","locus038",1,0.12486,NA,1,1,NA,1,0
"Dc36616","locus039",0.711264,1,NA,NA,1,NA,1,0
"Dc36616","locus040",0.27795,1,1,NA,1,NA,1,0
"Dc36616","locus041",0.313712,1,NA,NA,1,NA,1,0
"Dc36616","locus045",1,0.55109,1,NA,1,NA,1,0
"Dc36616","locus047",0.235888,1,NA,NA,1,NA,1,0
"Dc36616","locus048",1,0.3982,NA,NA,1,NA,1,0
"Dc36616","locus053",1,1,NA,NA,0.323616,NA,1,0
"Dc36616","locus055",0.999856,0.50572,0.999856,NA,0.645112,NA,0.750786,0
"Dc36616","locus056",1,1,NA,1,0.56441,NA,1,0
"Dc36616","locus058",1,1,NA,1,1,NA,1,0
"Dc36616","locus060",0.792424,0.792424,NA,1,0.64222,NA,0.792424,0
"Dc36616","locus061",1,NA,NA,NA,1,NA,1,0
"Dc36616","locus062",1,1,1,1,1,NA,1,0
"Dc36616","locus064",0.57126,1,NA,1,1,NA,1,0
"Dc36616","locus065",1,1,1,1,1,NA,1,0
"Dc36616","locus073",0.09399,1,NA,1,1,NA,1,0
"Dc36616","locus074",0.345728,1,NA,1,1,NA,0.20597,0
"Dc36616","locus077",1,1,NA,1,1,NA,1,0
"Dc36616","locus080",0.748208,0.748208,NA,NA,0.748208,NA,0.748208,0
"Dc36616","locus083",1,NA,NA,NA,0.684228,NA,1,0
"Dc36616","locus088",1,1,1,NA,1,NA,1,0
"Dc36616","locus093",1,1,1,NA,1,NA,1,0
"Dc36616","locus096",1,1,NA,NA,1,NA,1,0
"Dc36616","locus098",0.182832,0.182832,NA,NA,0.182832,NA,0.771948,0
"Dc36616","locus100",0.422164,0.278784,NA,NA,0.32307,NA,0.422164,0
"Dc36616","locus106",1,1,NA,NA,1,NA,1,0
"Dc36616","locus116",0.090696,0.178248,NA,NA,1,NA,1,0
"Dc36616","locus119",1,0.832296,NA,NA,1,NA,1,0
"Dc36616","locus120",1,1,NA,NA,1,NA,0.702608,0
"Dc36616","locus128",1,1,NA,1,1,NA,1,0
"Dc36616","locus129",1,0.15209,NA,1,1,NA,1,0
"Dc36616","locus130",0.986364,NA,NA,NA,0.58464,NA,1,0
"Dc36616","locus134",0.855064,1,NA,NA,1,NA,1,0
"Dc36616","locus135",0.59929,1,NA,1,1,NA,1,0
"Dc36616","locus137",1,1,NA,1,1,NA,1,0
"Dc36616","locus139",1,1,NA,1,0.36523,NA,1,0
"Dc36616","locus140",1,1,NA,1,0.35301,NA,1,0
"Dc36616","locus146",1,1,NA,1,1,NA,1,0
"Dc36616","locus148",1,1,NA,1,0.47493,NA,1,0
"Dc36616","locus151",1,NA,NA,0.790648,0.857946,NA,1,0
"Dc36616","locus157",0.877092,NA,NA,NA,0.877092,NA,1,0
"Dc36616","locus161",0.86183,1,NA,1,1,NA,1,0
"Dc36616","locus165",1,1,NA,NA,0.768544,NA,1,0
"Dc36616","locus170",1,1,NA,0.666256,0.32943,NA,1,0
"Dc36616","locus176",1,NA,NA,NA,1,NA,1,0
"Dc36616","locus184",1,1,NA,1,0.19116,NA,1,0
"Dc36616","locus186",0.702288,1,NA,1,0.58714,NA,1,0
"Dc36616","locus188",0.811672,1,NA,NA,1,NA,1,0
"Dc36616","locus189",1,1,NA,NA,1,1,1,0
"Dc36616","locus190",1,1,NA,NA,1,0.24168,1,0
"Dc36616","locus191",0.136504,NA,NA,NA,0.70377,1,1,0
"Dc36616","locus192",1,1,NA,NA,0.71121,1,1,0
"Dc36616","locus195",1,1,NA,NA,1,1,0.45675,0
"Dc36616","locus202",1,1,NA,NA,1,1,1,0
"Dc36616","locus215",1,NA,NA,NA,1,1,1,0
"Dc36616","locus227",1,1,1,NA,1,1,1,0
"Dc36616","locus231",1,1,NA,NA,0.189912,NA,1,0
"Dc36616","locus235",1,1,NA,NA,1,1,0.48099,0
"Dc36616","locus236",1,1,NA,NA,0.5667,1,1,0
"Dc36616","locus237",0.923336,1,NA,NA,0.43624,1,0.923336,0
"Dc36616","locus239",1,1,NA,NA,1,1,1,0
"Dc36616","locus248",1,1,NA,NA,1,1,1,0
"Dc36616","locus256",1,1,NA,NA,1,NA,1,0
"Dc36616","locus263",0.63264,1,NA,NA,1,NA,1,0
"Dc36616","locus264",1,1,NA,NA,1,NA,1,0
"Dc36616","locus274",0.18021,0.862098,1,NA,0.38028,NA,0.862098,0
"Dc36616","locus280",1,1,NA,NA,1,NA,1,0
"Dc36616","locus286",0.251696,1,NA,NA,1,NA,1,0
"Dc36616","locus291",1,1,NA,NA,1,NA,1,0
"Dc36616","locus292",0.33873,1,NA,NA,0.059696,NA,1,0
"Dc36616","locus296",1,1,NA,NA,1,NA,1,0
"Dc36616","locus301",1,1,1,NA,1,NA,1,0
"Dc36616","locus314",1,0.491376,NA,NA,1,NA,1,0
"Dc36616","locus321",1,1,NA,NA,1,NA,1,0
"Dc36616","locus322",1,0.969078,NA,NA,0.797944,NA,1,0
"Dc36616","locus323",1,1,NA,NA,1,NA,1,0
"Dc36616","locus329",0.13596,1,NA,NA,1,NA,1,0
"Dc36616","locus332",0.61398,1,NA,NA,0.275144,NA,1,0
"Dc36616","locus359",0.659304,0.659304,NA,NA,0.659304,NA,1,0
"Dc40235","Dc41234",0.168348,0.948836,NA,NA,NA,NA,0.222428,0
"Dc40235","Dc46984",0.934512,1,NA,NA,0.25027,1,1,0
"Dc40235","Dc47572",0.83067,1,NA,NA,1,1,1,0
"Dc40235","Dc47935",1,1,NA,NA,1,1,1,0
"Dc40235","Dc48207",1,1,NA,NA,1,1,1,0
"Dc40235","Dc48950",1,1,NA,NA,1,0.14552,1,0
"Dc40235","Dc49080",1,1,NA,NA,1,0.71183,1,0
"Dc40235","Dc49184",1,1,NA,NA,1,1,0.16862,0
"Dc40235","Dc51020",1,1,NA,NA,0.58882,1,1,0
"Dc40235","Dc52523",1,1,NA,NA,1,1,1,0
"Dc40235","Dc55481",0.751184,0.751184,NA,1,0.23538,NA,0.751184,0
"Dc40235","Dc58248",0.54738,0.901032,NA,1,1,NA,1,0
"Dc40235","Dc62188",1,1,NA,1,1,NA,1,0
"Dc40235","Dc67011",1,1,NA,1,1,NA,1,0
"Dc40235","locus003",1,1,1,1,1,NA,1,0
"Dc40235","locus004",0.764248,0.27046,NA,0.794948,0.794948,NA,0.771312,0
"Dc40235","locus005",0.57167,0.910736,NA,1,1,NA,1,0
"Dc40235","locus006",1,1,NA,1,1,NA,1,0
"Dc40235","locus008",1,1,NA,1,1,NA,1,0
"Dc40235","locus013",0.99089,1,NA,1,1,NA,1,0
"Dc40235","locus014",1,1,NA,1,0.8213,NA,1,0
"Dc40235","locus022",1,1,NA,1,0.23946,NA,1,0
"Dc40235","locus024",1,1,1,1,1,NA,1,0
"Dc40235","locus025",1,1,NA,NA,1,NA,1,0
"Dc40235","locus027",0.922256,0.922256,NA,NA,NA,NA,NA,0
"Dc40235","locus030",1,0.577644,NA,NA,0.29612,NA,1,0
"Dc40235","locus035",1,1,NA,NA,1,NA,1,0
"Dc40235","locus038",1,1,NA,1,1,NA,1,0
"Dc40235","locus039",0.790992,0.143104,NA,NA,1,NA,1,0
"Dc40235","locus040",1,0.94372,1,NA,0.42345,NA,1,0
"Dc40235","locus041",1,1,NA,NA,1,NA,1,0
"Dc40235","locus045",1,1,1,NA,1,NA,1,0
"Dc40235","locus047",1,1,NA,NA,1,NA,0.306864,0
"Dc40235","locus048",0.5044,0.5044,NA,NA,1,NA,1,0
"Dc40235","locus053",0.867108,0.653,NA,NA,0.867108,NA,0.867108,0
"Dc40235","locus055",1,1,1,NA,1,NA,1,0
"Dc40235","locus056",1,1,NA,1,1,NA,1,0
"Dc40235","locus058",1,1,NA,1,1,NA,0.63615,0
"Dc40235","locus060",0.27019,1,NA,1,1,NA,1,0
"Dc40235","locus061",1,NA,NA,NA,1,NA,1,0
"Dc40235","locus062",1,0.115284,1,1,1,NA,1,0
"Dc40235","locus064",1,1,NA,1,1,NA,1,0
"Dc40235","locus065",0.195816,1,1,1,0.68869,NA,1,0
"Dc40235","locus073",0.13319,0.53408,NA,1,1,NA,1,0
"Dc40235","locus074",1,1,NA,1,1,NA,0.20663,0
"Dc40235","locus076",0.18186,0.672656,NA,NA,0.175888,NA,0.175888,0
"Dc40235","locus077",1,1,NA,1,0.47528,NA,1,0
"Dc40235","locus080",1,0.115192,NA,NA,1,NA,1,0
"Dc40235","locus083",1,NA,NA,NA,1,NA,1,0
"Dc40235","locus088",1,1,1,NA,0.06908,NA,1,0
"Dc40235","locus093",1,1,1,NA,1,NA,1,0
"Dc40235","locus096",1,1,NA,NA,0.971776,NA,1,0
"Dc40235","locus098",1,0.624456,NA,NA,0.63468,NA,1,0
"Dc40235","locus100",1,1,NA,NA,0.323736,NA,0.629604,0
"Dc40235","locus106",0.417222,1,NA,NA,0.184576,NA,1,0
"Dc40235","locus116",1,1,NA,NA,0.158152,NA,1,0
"Dc40235","locus119",0.943512,0.8115,NA,NA,0.078776,NA,0.943512,0
"Dc40235","locus120",1,1,NA,NA,1,NA,0.70872,0
"Dc40235","locus128",1,1,NA,1,1,NA,1,0
"Dc40235","locus129",1,1,NA,1,0.70526,NA,1,0
"Dc40235","locus130",1,NA,NA,NA,1,NA,1,0
"Dc40235","locus134",1,1,NA,NA,1,NA,1,0
"Dc40235","locus137",0.995888,0.824076,NA,1,0.32361,NA,0.509224,0
"Dc40235","locus139",1,0.17053,NA,1,0.354776,NA,1,0
"Dc40235","locus140",1,0.17772,NA,1,0.371032,NA,1,0
"Dc40235","locus146",1,1,NA,1,1,NA,1,0
"Dc40235","locus148",1,1,NA,1,1,NA,1,0
"Dc40235","locus151",1,NA,NA,1,1,NA,1,0
"Dc40235","locus157",0.66256,NA,NA,NA,0.66256,NA,0.32112,0
"Dc40235","locus161",1,0.81822,NA,1,1,NA,1,0
"Dc40235","locus165",0.627522,0.627522,NA,NA,0.450416,NA,1,0
"Dc40235","locus176",1,NA,NA,NA,1,NA,1,0
"Dc40235","locus184",1,1,NA,1,1,NA,0.878,0
"Dc40235","locus186",1,1,NA,1,1,NA,1,0
"Dc40235","locus188",0.261912,0.793452,NA,NA,1,NA,1,0
"Dc40235","locus189",1,1,NA,NA,1,0.28366,1,0
"Dc40235","locus190",1,1,NA,NA,1,1,1,0
"Dc40235","locus191",0.502328,NA,NA,NA,0.197512,0.423174,0.805242,0
"Dc40235","locus192",1,1,NA,NA,0.39302,0.571544,1,0
"Dc40235","locus195",1,1,NA,NA,1,0.71285,0.845192,0
"Dc40235","locus202",0.80372,1,NA,NA,1,1,1,0
"Dc40235","locus215",0.586746,NA,NA,NA,0.531536,1,1,0
"Dc40235","locus227",1,1,1,NA,0.29052,0.717,1,0
"Dc40235","locus231",0.249752,1,NA,NA,1,NA,1,0
"Dc40235","locus235",1,1,NA,NA,1,1,1,0
"Dc40235","locus236",0.66209,1,NA,NA,1,1,0.77808,0
"Dc40235","locus237",1,1,NA,NA,1,1,1,0
"Dc40235","locus239",1,1,NA,NA,0.14152,1,1,0
"Dc40235","locus248",1,0.46818,NA,NA,1,1,1,0
"Dc40235","locus256",1,0.851072,NA,NA,1,NA,1,0
"Dc40235","locus263",1,1,NA,NA,1,NA,0.853008,0
"Dc40235","locus264",0.323008,1,NA,NA,0.439596,NA,1,0
"Dc40235","locus274",1,1,1,NA,0.29135,NA,1,0
"Dc40235","locus280",1,0.077544,NA,NA,1,NA,1,0
"Dc40235","locus282",1,0.74775,1,NA,1,NA,1,0
"Dc40235","locus286",1,1,NA,NA,1,NA,1,0
"Dc40235","locus291",1,1,NA,NA,1,NA,1,0
"Dc40235","locus296",1,1,NA,NA,1,NA,1,0
"Dc40235","locus301",1,1,1,NA,1,NA,1,0
"Dc40235","locus314",1,0.94023,NA,NA,0.719104,NA,1,0
"Dc40235","locus321",1,1,NA,NA,0.238624,NA,1,0
"Dc40235","locus322",0.946728,1,NA,NA,1,NA,0.946728,0
"Dc40235","locus323",1,1,NA,NA,0.14976,NA,1,0
"Dc40235","locus329",1,1,NA,NA,1,NA,1,0
"Dc40235","locus332",1,1,NA,NA,1,NA,1,0
"Dc40235","locus358",1,1,NA,NA,0.313664,NA,0.775632,0
"Dc40235","locus359",1,1,NA,NA,1,NA,1,0
"Dc40235","locus360",0.749192,0.749192,NA,NA,0.749192,NA,0.749192,0
"Dc41234","Dc46984",1,1,NA,NA,NA,NA,0.34689,0
"Dc41234","Dc47572",1,1,NA,NA,NA,NA,1,0
"Dc41234","Dc47935",1,0.931704,1,NA,NA,NA,1,0
"Dc41234","Dc48207",0.44271,0.725872,NA,NA,NA,NA,1,0
"Dc41234","Dc48950",1,1,NA,NA,NA,NA,1,0
"Dc41234","Dc49184",0.684576,0.684576,NA,NA,NA,NA,1,0
"Dc41234","Dc51020",0.954704,0.954704,NA,NA,NA,NA,0.670026,0
"Dc41234","Dc52523",0.33003,1,NA,NA,NA,NA,1,0
"Dc41234","Dc55481",0.586644,0.540916,NA,NA,NA,NA,0.505788,0
"Dc41234","Dc58248",0.54204,0.925696,NA,NA,NA,NA,0.925696,0
"Dc41234","Dc62188",1,0.438216,NA,NA,NA,NA,1,0
"Dc41234","Dc67011",1,1,NA,NA,NA,NA,1,0
"Dc41234","locus003",1,1,1,NA,NA,NA,1,0
"Dc41234","locus004",1,1,NA,NA,NA,NA,1,0
"Dc41234","locus005",1,1,NA,NA,NA,NA,1,0
"Dc41234","locus006",0.57723,0.733004,NA,NA,NA,NA,0.733004,0
"Dc41234","locus008",1,1,NA,NA,NA,NA,1,0
"Dc41234","locus013",1,0.331536,NA,NA,NA,NA,1,0
"Dc41234","locus014",1,1,NA,NA,NA,NA,0.859536,0
"Dc41234","locus022",1,1,NA,NA,NA,NA,1,0
"Dc41234","locus024",1,1,1,NA,NA,NA,1,0
"Dc41234","locus025",1,1,NA,NA,NA,NA,1,0
"Dc41234","locus027",1,1,NA,NA,NA,NA,NA,0
"Dc41234","locus030",0.552876,0.925688,NA,NA,NA,NA,0.569476,0
"Dc41234","locus035",1,1,NA,NA,NA,NA,1,0
"Dc41234","locus038",1,1,1,NA,NA,NA,1,0
"Dc41234","locus039",0.336318,0.872292,NA,NA,NA,NA,0.336318,0
"Dc41234","locus040",1,1,1,NA,NA,NA,1,0
"Dc41234","locus041",0.44289,1,NA,NA,NA,NA,1,0
"Dc41234","locus045",0.431936,0.431936,1,NA,NA,NA,0.431936,0
"Dc41234","locus047",1,1,NA,NA,NA,NA,1,0
"Dc41234","locus048",1,1,NA,NA,NA,NA,0.538086,0
"Dc41234","locus053",0.210954,0.5593,NA,NA,NA,NA,0.356496,0
"Dc41234","locus056",0.927116,0.54084,NA,NA,NA,NA,0.927116,0
"Dc41234","locus058",1,1,1,NA,NA,NA,1,0
"Dc41234","locus061",1,NA,NA,NA,NA,NA,1,0
"Dc41234","locus062",1,1,1,NA,NA,NA,1,0
"Dc41234","locus064",0.213486,0.751232,NA,NA,NA,NA,1,0
"Dc41234","locus065",1,1,1,NA,NA,NA,1,0
"Dc41234","locus073",0.94464,0.531744,NA,NA,NA,NA,0.94464,0
"Dc41234","locus074",0.067914,0.939444,NA,NA,NA,NA,0.575652,0
"Dc41234","locus076",1,1,NA,NA,NA,NA,1,0
"Dc41234","locus077",1,1,NA,NA,NA,NA,1,0
"Dc41234","locus080",0.925812,0.925812,NA,NA,NA,NA,0.925812,0
"Dc41234","locus083",0.857408,NA,NA,NA,NA,NA,0.857408,0
"Dc41234","locus088",1,1,1,NA,NA,NA,1,0
"Dc41234","locus093",1,1,1,NA,NA,NA,1,0
"Dc41234","locus096",1,0.149532,NA,NA,NA,NA,1,0
"Dc41234","locus098",1,1,NA,NA,NA,NA,1,0
"Dc41234","locus100",1,0.589914,NA,NA,NA,NA,1,0
"Dc41234","locus106",0.270462,1,NA,NA,NA,NA,1,0
"Dc41234","locus116",1,1,NA,NA,NA,NA,1,0
"Dc41234","locus119",0.435744,1,NA,NA,NA,NA,1,0
"Dc41234","locus120",0.251082,0.832144,NA,NA,NA,NA,0.832144,0
"Dc41234","locus128",1,1,NA,NA,NA,NA,1,0
"Dc41234","locus130",0.711216,NA,NA,NA,NA,NA,0.711216,0
"Dc41234","locus134",1,1,NA,NA,NA,NA,1,0
"Dc41234","locus135",0.483636,0.483636,NA,NA,NA,NA,1,0
"Dc41234","locus137",1,1,NA,NA,NA,NA,1,0
"Dc41234","locus139",1,1,NA,NA,NA,NA,0.106896,0
"Dc41234","locus140",1,1,NA,NA,NA,NA,0.109026,0
"Dc41234","locus146",1,1,NA,NA,NA,NA,0.608178,0
"Dc41234","locus148",0.99828,0.605316,NA,NA,NA,NA,0.99828,0
"Dc41234","locus151",0.3435,NA,NA,NA,NA,NA,0.3435,0
"Dc41234","locus157",1,NA,NA,NA,NA,NA,1,0
"Dc41234","locus161",1,0.082188,NA,NA,NA,NA,1,0
"Dc41234","locus165",1,1,NA,NA,NA,NA,1,0
"Dc41234","locus170",0.315608,1,1,NA,NA,NA,1,0
"Dc41234","locus176",0.65152,NA,NA,NA,NA,NA,0.564756,0
"Dc41234","locus184",0.095298,1,NA,NA,NA,NA,1,0
"Dc41234","locus186",0.104568,0.544688,NA,NA,NA,NA,0.856646,0
"Dc41234","locus188",1,1,NA,NA,NA,NA,1,0
"Dc41234","locus189",1,0.062922,NA,NA,NA,NA,1,0
"Dc41234","locus190",1,1,NA,NA,NA,NA,0.146556,0
"Dc41234","locus191",0.595366,NA,NA,NA,NA,NA,0.228996,0
"Dc41234","locus192",0.31032,1,NA,NA,NA,NA,1,0
"Dc41234","locus195",1,1,NA,NA,NA,NA,0.64893,0
"Dc41234","locus202",1,1,1,NA,NA,NA,1,0
"Dc41234","locus215",0.651336,NA,1,NA,NA,NA,1,0
"Dc41234","locus227",1,1,1,NA,NA,NA,1,0
"Dc41234","locus231",0.279726,1,NA,NA,NA,NA,1,0
"Dc41234","locus235",0.579024,0.579024,NA,NA,NA,NA,0.564096,0
"Dc41234","locus236",1,0.738186,NA,NA,NA,NA,1,0
"Dc41234","locus237",1,1,NA,NA,NA,NA,1,0
"Dc41234","locus239",1,1,NA,NA,NA,NA,1,0
"Dc41234","locus248",1,1,NA,NA,NA,NA,1,0
"Dc41234","locus256",1,1,NA,NA,NA,NA,1,0
"Dc41234","locus263",0.166062,0.32364,NA,NA,NA,NA,1,0
"Dc41234","locus264",1,1,NA,NA,NA,NA,1,0
"Dc41234","locus274",0.390056,0.59208,1,NA,NA,NA,1,0
"Dc41234","locus280",0.151638,1,NA,NA,NA,NA,1,0
"Dc41234","locus282",1,1,NA,NA,NA,NA,0.53805,0
"Dc41234","locus286",0.7764,0.390798,NA,NA,NA,NA,0.7764,0
"Dc41234","locus291",0.791826,1,NA,NA,NA,NA,1,0
"Dc41234","locus292",1,1,NA,NA,NA,NA,1,0
"Dc41234","locus296",0.743544,0.743544,NA,NA,NA,NA,0.743544,0
"Dc41234","locus301",1,0.603564,NA,NA,NA,NA,1,0
"Dc41234","locus314",1,1,NA,NA,NA,NA,1,0
"Dc41234","locus321",0.848898,1,NA,NA,NA,NA,1,0
"Dc41234","locus322",0.495462,0.66262,NA,NA,NA,NA,0.495462,0
"Dc41234","locus323",1,0.125664,NA,NA,NA,NA,1,0
"Dc41234","locus329",0.392226,1,NA,NA,NA,NA,1,0
"Dc41234","locus332",0.567612,0.567612,NA,NA,NA,NA,0.567612,0
"Dc41234","locus358",1,1,NA,NA,NA,NA,1,0
"Dc41234","locus359",1,1,NA,NA,NA,NA,1,0
"Dc41234","locus360",0.79088,0.65616,NA,NA,NA,NA,0.858414,0
"Dc46984","Dc47572",1,0.943224,NA,NA,1,1,0.31359,0
"Dc46984","Dc47935",1,0.57203,NA,NA,1,1,1,0
"Dc46984","Dc48207",1,0.54133,NA,NA,0.736584,1,1,0
"Dc46984","Dc48950",1,1,NA,NA,1,1,1,0
"Dc46984","Dc49080",0.52921,0.52921,NA,NA,1,1,1,0
"Dc46984","Dc49184",1,1,NA,NA,1,1,1,0
"Dc46984","Dc51020",0.582444,0.81022,1,NA,1,1,1,0
"Dc46984","Dc52523",0.69342,0.909848,NA,NA,0.909848,1,0.909848,0
"Dc46984","Dc55481",0.498096,1,1,1,1,NA,1,0
"Dc46984","Dc58248",1,1,NA,1,0.81127,NA,1,0
"Dc46984","Dc62188",1,1,NA,1,1,NA,1,0
"Dc46984","Dc67011",1,1,NA,1,1,NA,1,0
"Dc46984","locus003",1,1,NA,1,1,NA,1,0
"Dc46984","locus004",1,0.86644,NA,1,1,NA,1,0
"Dc46984","locus005",1,1,NA,1,0.53775,NA,1,0
"Dc46984","locus006",1,1,NA,1,1,NA,1,0
"Dc46984","locus008",1,1,NA,1,1,NA,1,0
"Dc46984","locus013",1,1,NA,1,1,NA,1,0
"Dc46984","locus014",1,1,NA,1,1,NA,0.08068,0
"Dc46984","locus022",1,1,NA,1,1,NA,0.87715,0
"Dc46984","locus024",1,1,NA,1,1,NA,1,0
"Dc46984","locus025",0.102816,0.956976,1,NA,0.06521,NA,0.956976,0
"Dc46984","locus027",0.811068,0.879996,NA,NA,NA,NA,NA,0
"Dc46984","locus030",1,1,NA,NA,1,NA,1,0
"Dc46984","locus038",0.377072,0.53592,NA,1,0.3729,NA,1,0
"Dc46984","locus039",1,0.508432,NA,NA,1,NA,1,0
"Dc46984","locus040",1,0.596504,NA,NA,1,NA,1,0
"Dc46984","locus041",1,1,NA,NA,1,NA,1,0
"Dc46984","locus045",1,1,1,NA,1,NA,1,0
"Dc46984","locus048",1,1,NA,NA,0.078992,NA,1,0
"Dc46984","locus053",1,1,NA,NA,1,NA,1,0
"Dc46984","locus055",0.628824,0.892068,NA,NA,0.628824,NA,0.31212,0
"Dc46984","locus056",1,1,NA,0.7188,1,NA,1,0
"Dc46984","locus058",0.16198,0.812528,NA,1,1,NA,1,0
"Dc46984","locus060",0.87722,1,NA,1,1,NA,1,0
"Dc46984","locus061",1,NA,NA,NA,0.871146,NA,1,0
"Dc46984","locus062",0.512628,1,1,1,1,NA,1,0
"Dc46984","locus064",1,1,NA,1,1,NA,1,0
"Dc46984","locus065",0.25952,0.57204,NA,1,1,NA,1,0
"Dc46984","locus073",0.93985,1,NA,1,1,NA,1,0
"Dc46984","locus074",1,1,NA,1,1,NA,1,0
"Dc46984","locus076",0.841254,0.841254,NA,NA,0.731256,NA,0.841254,0
"Dc46984","locus077",1,1,NA,1,0.176416,NA,0.08887,0
"Dc46984","locus080",1,1,NA,NA,1,NA,1,0
"Dc46984","locus083",1,NA,NA,NA,1,NA,0.5358,0
"Dc46984","locus088",1,0.95588,NA,NA,1,NA,0.95588,0
"Dc46984","locus093",1,1,1,NA,1,NA,0.55326,0
"Dc46984","locus096",1,1,NA,NA,1,NA,1,0
"Dc46984","locus098",1,1,NA,NA,1,NA,1,0
"Dc46984","locus100",1,0.200312,NA,NA,1,NA,1,0
"Dc46984","locus116",1,1,1,NA,0.87428,NA,0.954376,0
"Dc46984","locus119",1,1,NA,NA,1,NA,1,0
"Dc46984","locus120",1,0.97938,1,NA,1,NA,1,0
"Dc46984","locus128",0.98264,0.87502,NA,1,1,NA,1,0
"Dc46984","locus129",1,1,NA,1,0.23297,NA,1,0
"Dc46984","locus130",0.371298,NA,NA,NA,0.62869,NA,0.416784,0
"Dc46984","locus134",1,1,NA,NA,0.530144,NA,0.530144,0
"Dc46984","locus135",1,1,1,1,1,NA,1,0
"Dc46984","locus137",1,1,NA,1,0.69162,NA,1,0
"Dc46984","locus139",1,1,NA,1,1,NA,1,0
"Dc46984","locus140",1,1,NA,1,1,NA,1,0
"Dc46984","locus146",0.971868,0.72904,NA,1,0.05812,NA,1,0
"Dc46984","locus148",1,0.42591,NA,1,1,NA,0.602384,0
"Dc46984","locus151",0.960546,NA,NA,0.960546,0.960546,NA,0.119016,0
"Dc46984","locus157",1,NA,1,NA,1,NA,0.666264,0
"Dc46984","locus161",1,1,NA,1,1,NA,1,0
"Dc46984","locus165",1,1,1,NA,1,NA,0.53989,0
"Dc46984","locus170",1,1,NA,1,1,NA,1,0
"Dc46984","locus184",1,1,NA,1,1,NA,1,0
"Dc46984","locus186",0.35289,1,NA,1,1,NA,1,0
"Dc46984","locus188",0.1077,1,1,NA,0.817744,NA,1,0
"Dc46984","locus189",1,1,NA,NA,1,1,1,0
"Dc46984","locus190",1,1,NA,NA,1,1,0.35438,0
"Dc46984","locus191",1,NA,1,NA,0.70656,1,1,0
"Dc46984","locus192",1,1,NA,NA,1,1,1,0
"Dc46984","locus195",1,1,NA,NA,0.38273,1,1,0
"Dc46984","locus202",0.99653,0.99653,NA,NA,0.99653,0.99653,0.99653,0
"Dc46984","locus215",0.730932,NA,NA,NA,0.304832,1,1,0
"Dc46984","locus227",0.269448,1,1,NA,1,1,1,0
"Dc46984","locus231",0.219928,1,NA,NA,1,NA,1,0
"Dc46984","locus235",1,0.720972,1,NA,0.7385,1,1,0
"Dc46984","locus236",1,0.649488,NA,NA,0.11057,1,1,0
"Dc46984","locus237",1,0.93079,NA,NA,1,0.93079,0.93079,0
"Dc46984","locus239",1,1,1,NA,1,1,1,0
"Dc46984","locus248",1,0.20884,NA,NA,1,0.792824,1,0
"Dc46984","locus256",1,1,1,NA,1,NA,1,0
"Dc46984","locus263",1,1,NA,NA,1,NA,1,0
"Dc46984","locus264",1,0.58896,NA,NA,1,NA,1,0
"Dc46984","locus274",0.28868,1,1,NA,0.303488,NA,1,0
"Dc46984","locus280",1,1,NA,NA,1,NA,1,0
"Dc46984","locus282",1,1,NA,NA,0.631638,NA,0.4306,0
"Dc46984","locus286",0.460336,0.802374,NA,NA,0.802374,NA,0.802374,0
"Dc46984","locus291",1,1,NA,NA,1,NA,1,0
"Dc46984","locus292",1,0.848616,NA,NA,1,NA,1,0
"Dc46984","locus296",0.830496,0.830496,NA,NA,0.830496,NA,0.830496,0
"Dc46984","locus301",0.940974,0.940974,NA,NA,0.954164,NA,0.22248,0
"Dc46984","locus314",0.93248,1,NA,NA,1,NA,1,0
"Dc46984","locus321",1,1,NA,NA,1,NA,1,0
"Dc46984","locus322",1,0.763232,NA,NA,1,NA,1,0
"Dc46984","locus323",1,1,1,NA,1,NA,0.92951,0
"Dc46984","locus329",1,0.87808,NA,NA,1,NA,1,0
"Dc46984","locus332",0.901312,1,NA,NA,1,NA,1,0
"Dc46984","locus358",0.790292,0.790292,NA,NA,0.720888,NA,0.333256,0
"Dc46984","locus359",1,1,NA,NA,1,NA,1,0
"Dc46984","locus360",1,1,NA,NA,1,NA,1,0
"Dc47572","Dc47935",1,1,NA,NA,1,1,1,0
"Dc47572","Dc48207",1,1,NA,NA,1,1,1,0
"Dc47572","Dc48950",0.815784,1,NA,NA,0.61626,1,1,0
"Dc47572","Dc49080",1,1,NA,NA,1,1,1,0
"Dc47572","Dc51020",1,1,1,NA,1,1,1,0
"Dc47572","Dc52523",1,1,NA,NA,1,1,1,0
"Dc47572","Dc55481",0.3606,0.444392,1,1,1,NA,0.3606,0
"Dc47572","Dc58248",0.29906,1,NA,1,0.765824,NA,1,0
"Dc47572","Dc67011",1,1,NA,1,1,NA,1,0
"Dc47572","locus003",1,1,NA,1,1,NA,0.62356,0
"Dc47572","locus004",1,1,NA,1,1,NA,1,0
"Dc47572","locus005",1,1,NA,1,1,NA,1,0
"Dc47572","locus006",1,1,NA,1,1,NA,1,0
"Dc47572","locus008",1,0.861096,NA,1,0.41893,NA,1,0
"Dc47572","locus013",1,1,NA,1,1,NA,1,0
"Dc47572","locus014",1,0.563288,NA,0.563288,0.36985,NA,1,0
"Dc47572","locus022",1,1,NA,0.47613,1,NA,1,0
"Dc47572","locus024",1,1,NA,1,1,NA,1,0
"Dc47572","locus025",0.462296,0.646584,NA,NA,0.646584,NA,0.646584,0
"Dc47572","locus027",0.538188,0.538188,NA,NA,NA,NA,NA,0
"Dc47572","locus030",1,1,NA,NA,0.386656,NA,0.988434,0
"Dc47572","locus035",0.59636,0.59636,NA,NA,1,NA,1,0
"Dc47572","locus038",0.79868,1,NA,NA,1,NA,1,0
"Dc47572","locus039",1,1,NA,NA,1,NA,1,0
"Dc47572","locus040",1,1,NA,NA,1,NA,1,0
"Dc47572","locus041",1,0.388488,NA,NA,0.784686,NA,1,0
"Dc47572","locus045",1,1,1,NA,1,NA,1,0
"Dc47572","locus047",1,1,NA,NA,1,NA,1,0
"Dc47572","locus048",0.457744,0.457744,NA,NA,0.457744,NA,0.457744,0
"Dc47572","locus053",1,1,NA,NA,1,NA,1,0
"Dc47572","locus055",0.598344,1,NA,NA,1,NA,0.279144,0
"Dc47572","locus056",1,1,NA,1,1,NA,1,0
"Dc47572","locus058",1,1,NA,1,1,NA,1,0
"Dc47572","locus060",1,1,NA,1,1,NA,1,0
"Dc47572","locus061",1,NA,NA,NA,1,NA,1,0
"Dc47572","locus062",1,1,1,1,0.460596,NA,0.460596,0
"Dc47572","locus064",0.84524,1,NA,0.85569,0.84524,NA,1,0
"Dc47572","locus065",1,0.8787,NA,1,1,NA,1,0
"Dc47572","locus073",1,1,NA,0.98796,1,NA,0.98796,0
"Dc47572","locus074",1,0.60245,NA,1,1,NA,1,0
"Dc47572","locus076",1,1,NA,NA,1,NA,1,0
"Dc47572","locus077",1,1,NA,1,1,NA,1,0
"Dc47572","locus080",0.088656,0.814428,NA,NA,0.639126,NA,0.814428,0
"Dc47572","locus083",0.69153,NA,NA,NA,1,NA,1,0
"Dc47572","locus088",1,0.523376,NA,NA,1,NA,1,0
"Dc47572","locus093",1,1,1,NA,1,NA,1,0
"Dc47572","locus096",0.80658,0.80658,NA,NA,0.370112,NA,0.80658,0
"Dc47572","locus098",1,1,NA,NA,1,NA,1,0
"Dc47572","locus100",1,0.942006,NA,NA,0.887568,NA,0.942006,0
"Dc47572","locus106",1,1,NA,NA,1,NA,1,0
"Dc47572","locus116",1,1,1,NA,1,NA,1,0
"Dc47572","locus119",1,1,NA,NA,0.416568,NA,1,0
"Dc47572","locus120",1,1,1,NA,1,NA,1,0
"Dc47572","locus128",0.904944,0.63108,NA,0.998536,0.998536,NA,0.27469,0
"Dc47572","locus129",1,1,NA,1,1,NA,1,0
"Dc47572","locus130",0.980984,NA,1,NA,0.980984,NA,0.980984,0
"Dc47572","locus134",0.7743,1,NA,NA,0.593672,NA,1,0
"Dc47572","locus135",1,1,1,1,1,NA,1,0
"Dc47572","locus137",1,0.74991,NA,1,1,NA,1,0
"Dc47572","locus146",1,1,NA,1,1,NA,1,0
"Dc47572","locus148",1,1,NA,1,0.94132,NA,1,0
"Dc47572","locus151",1,NA,1,1,1,NA,0.91447,0
"Dc47572","locus157",0.328344,NA,NA,NA,0.105306,NA,1,0
"Dc47572","locus161",1,1,NA,1,1,NA,1,0
"Dc47572","locus165",1,0.886926,NA,NA,0.35516,NA,1,0
"Dc47572","locus170",1,1,NA,1,0.77649,NA,1,0
"Dc47572","locus176",0.949272,NA,NA,NA,1,NA,1,0
"Dc47572","locus184",1,1,NA,1,1,NA,1,0
"Dc47572","locus186",1,1,NA,1,1,NA,1,0
"Dc47572","locus189",0.47958,1,NA,NA,1,1,1,0
"Dc47572","locus190",1,0.878872,NA,NA,1,1,0.13359,0
"Dc47572","locus191",1,NA,NA,NA,1,1,1,0
"Dc47572","locus192",1,1,NA,NA,0.594544,1,0.41949,0
"Dc47572","locus195",1,1,NA,NA,1,0.70677,1,0
"Dc47572","locus202",0.82017,1,NA,NA,1,1,1,0
"Dc47572","locus215",1,NA,NA,NA,0.202048,1,1,0
"Dc47572","locus227",1,1,1,NA,0.281544,1,1,0
"Dc47572","locus231",1,1,NA,NA,0.386024,NA,1,0
"Dc47572","locus235",1,1,1,NA,1,1,0.756168,0
"Dc47572","locus236",1,1,NA,NA,1,1,1,0
"Dc47572","locus237",0.667144,1,NA,NA,0.65903,1,1,0
"Dc47572","locus239",0.068292,1,1,NA,1,1,1,0
"Dc47572","locus248",1,1,NA,NA,1,1,1,0
"Dc47572","locus256",1,1,1,NA,0.78992,NA,1,0
"Dc47572","locus263",0.709864,0.227904,NA,NA,0.36144,NA,1,0
"Dc47572","locus264",1,0.9544,NA,NA,0.9544,NA,1,0
"Dc47572","locus274",0.357768,0.247452,NA,NA,0.881634,NA,0.203704,0
"Dc47572","locus280",1,0.999944,NA,NA,1,NA,1,0
"Dc47572","locus282",1,1,NA,NA,0.841216,NA,1,0
"Dc47572","locus286",0.918872,0.918872,NA,NA,0.918872,NA,0.918872,0
"Dc47572","locus291",1,1,NA,NA,1,NA,1,0
"Dc47572","locus292",0.418832,1,NA,NA,1,NA,1,0
"Dc47572","locus296",0.779692,0.245512,NA,NA,0.67146,NA,0.245512,0
"Dc47572","locus301",1,0.826482,NA,NA,0.754304,NA,1,0
"Dc47572","locus321",0.634832,0.634832,NA,NA,0.655644,NA,0.655644,0
"Dc47572","locus322",0.089536,0.45484,NA,NA,0.45484,NA,0.356142,0
"Dc47572","locus323",1,1,1,NA,1,NA,0.1216,0
"Dc47572","locus329",1,1,NA,NA,1,NA,1,0
"Dc47572","locus332",0.793292,0.793292,NA,NA,0.64458,NA,0.475488,0
"Dc47572","locus358",1,1,NA,NA,1,NA,1,0
"Dc47572","locus359",1,0.330688,NA,NA,1,NA,1,0
"Dc47935","Dc48207",1,0.42965,NA,NA,1,1,1,0
"Dc47935","Dc48950",0.16226,1,NA,NA,1,1,1,0
"Dc47935","Dc49080",1,1,NA,NA,1,0.7127,1,0
"Dc47935","Dc49184",1,1,NA,NA,0.52072,1,1,0
"Dc47935","Dc51020",1,1,1,NA,1,1,1,0
"Dc47935","Dc52523",0.28286,1,NA,NA,1,1,0.689536,0
"Dc47935","Dc55481",1,1,1,1,1,NA,1,0
"Dc47935","Dc58248",1,0.67753,NA,1,1,NA,1,0
"Dc47935","Dc62188",1,1,NA,1,0.07677,NA,1,0
"Dc47935","Dc67011",0.849396,0.899684,NA,0.70604,0.70604,NA,0.899684,0
"Dc47935","locus003",1,0.40313,NA,1,1,NA,1,0
"Dc47935","locus004",1,1,NA,1,1,NA,1,0
"Dc47935","locus005",1,1,NA,1,1,NA,1,0
"Dc47935","locus006",1,1,NA,0.572544,0.26656,NA,1,0
"Dc47935","locus008",1,0.27415,NA,0.564528,1,NA,1,0
"Dc47935","locus013",1,1,NA,1,0.88419,NA,1,0
"Dc47935","locus014",1,1,NA,1,1,NA,1,0
"Dc47935","locus022",1,1,NA,1,1,NA,1,0
"Dc47935","locus024",1,1,NA,1,1,NA,1,0
"Dc47935","locus025",0.541432,0.176912,NA,NA,0.981944,NA,0.378222,0
"Dc47935","locus027",0.85094,0.85094,NA,NA,NA,NA,NA,0
"Dc47935","locus030",1,1,NA,NA,1,NA,1,0
"Dc47935","locus035",1,1,NA,NA,1,NA,1,0
"Dc47935","locus038",0.69052,0.969936,NA,NA,0.969936,NA,0.969936,0
"Dc47935","locus039",0.366184,0.464604,NA,NA,0.464604,NA,0.464604,0
"Dc47935","locus040",0.187072,0.978264,NA,NA,0.978264,NA,0.546084,0
"Dc47935","locus041",1,0.124808,NA,NA,0.833406,NA,1,0
"Dc47935","locus045",1,1,1,NA,1,NA,1,0
"Dc47935","locus047",1,1,NA,NA,1,NA,1,0
"Dc47935","locus048",0.724408,0.582036,NA,NA,0.344848,NA,1,0
"Dc47935","locus053",0.835072,0.835072,NA,NA,1,NA,1,0
"Dc47935","locus055",1,0.958528,NA,NA,1,NA,1,0
"Dc47935","locus056",1,1,NA,1,1,NA,1,0
"Dc47935","locus060",0.487578,0.326048,NA,1,0.30605,NA,1,0
"Dc47935","locus061",1,NA,NA,NA,1,NA,1,0
"Dc47935","locus062",1,1,1,1,0.341664,NA,1,0
"Dc47935","locus064",1,1,NA,1,1,NA,1,0
"Dc47935","locus065",1,1,NA,1,1,NA,1,0
"Dc47935","locus073",1,1,NA,1,1,NA,1,0
"Dc47935","locus074",1,1,NA,0.71907,1,NA,1,0
"Dc47935","locus076",1,1,NA,NA,1,NA,1,0
"Dc47935","locus077",1,1,NA,1,1,NA,1,0
"Dc47935","locus080",1,0.873432,1,NA,0.27186,NA,1,0
"Dc47935","locus083",0.783252,NA,NA,NA,0.404232,NA,0.783252,0
"Dc47935","locus088",1,1,NA,NA,1,NA,1,0
"Dc47935","locus093",1,1,1,NA,1,NA,1,0
"Dc47935","locus096",1,1,NA,NA,1,NA,1,0
"Dc47935","locus098",1,1,NA,NA,1,NA,1,0
"Dc47935","locus100",0.65752,0.65752,NA,NA,0.65752,NA,0.923948,0
"Dc47935","locus106",0.741636,0.524296,NA,NA,0.936204,NA,0.936204,0
"Dc47935","locus116",1,0.15018,1,NA,1,NA,1,0
"Dc47935","locus119",0.488104,1,NA,NA,1,NA,1,0
"Dc47935","locus120",0.08681,0.277952,1,NA,0.60033,NA,0.619452,0
"Dc47935","locus128",1,1,NA,1,1,NA,1,0
"Dc47935","locus129",0.3429,1,NA,1,1,NA,1,0
"Dc47935","locus130",0.590622,NA,NA,NA,1,NA,1,0
"Dc47935","locus134",1,0.770984,NA,NA,1,NA,0.770984,0
"Dc47935","locus135",1,1,1,0.848364,1,NA,1,0
"Dc47935","locus137",1,1,NA,0.71682,1,NA,0.742304,0
"Dc47935","locus139",1,1,NA,1,1,NA,0.67719,0
"Dc47935","locus140",1,1,NA,1,1,NA,0.68496,0
"Dc47935","locus146",1,1,NA,1,1,NA,1,0
"Dc47935","locus148",1,1,NA,1,1,NA,1,0
"Dc47935","locus151",1,NA,1,1,1,NA,1,0
"Dc47935","locus157",1,NA,NA,NA,1,NA,1,0
"Dc47935","locus161",1,1,NA,1,1,NA,0.83424,0
"Dc47935","locus165",1,0.126632,NA,NA,1,NA,1,0
"Dc47935","locus170",1,1,NA,1,0.49535,NA,1,0
"Dc47935","locus176",0.878592,NA,1,NA,0.878592,NA,1,0
"Dc47935","locus184",0.546468,1,NA,1,0.529568,NA,0.45854,0
"Dc47935","locus186",1,1,NA,1,1,NA,1,0
"Dc47935","locus188",0.694782,1,NA,NA,0.408048,NA,1,0
"Dc47935","locus189",0.11144,0.952776,NA,NA,0.952776,0.915888,0.952776,0
"Dc47935","locus190",1,1,NA,NA,0.53424,1,1,0
"Dc47935","locus191",1,NA,NA,NA,1,0.792112,1,0
"Dc47935","locus192",1,0.567848,NA,NA,0.25466,0.567848,1,0
"Dc47935","locus195",0.812624,0.812624,NA,NA,0.78864,1,0.812624,0
"Dc47935","locus202",1,1,NA,NA,0.79993,1,1,0
"Dc47935","locus215",0.595988,NA,NA,NA,0.48963,0.595988,0.215992,0
"Dc47935","locus227",0.696372,1,1,NA,1,1,1,0
"Dc47935","locus231",0.302796,0.651218,NA,NA,0.134064,NA,0.329648,0
"Dc47935","locus235",1,1,1,NA,1,1,0.597324,0
"Dc47935","locus236",1,0.906016,NA,NA,0.906016,1,0.6762,0
"Dc47935","locus237",1,0.579042,NA,NA,1,0.577208,0.44813,0
"Dc47935","locus239",1,1,1,NA,1,0.744888,1,0
"Dc47935","locus248",1,1,NA,NA,1,1,1,0
"Dc47935","locus256",1,0.06426,1,NA,1,NA,1,0
"Dc47935","locus263",0.824664,1,NA,NA,1,NA,1,0
"Dc47935","locus264",1,1,NA,NA,1,NA,1,0
"Dc47935","locus274",1,0.955688,NA,NA,0.955688,NA,1,0
"Dc47935","locus280",1,1,NA,NA,1,NA,1,0
"Dc47935","locus282",0.87324,1,NA,NA,0.682744,NA,1,0
"Dc47935","locus286",0.744936,1,NA,NA,1,NA,1,0
"Dc47935","locus291",1,1,NA,NA,1,NA,1,0
"Dc47935","locus292",1,1,NA,NA,1,NA,1,0
"Dc47935","locus296",0.762574,0.621124,NA,NA,0.099096,NA,0.2769,0
"Dc47935","locus301",1,1,NA,NA,1,NA,1,0
"Dc47935","locus314",1,1,NA,NA,1,NA,1,0
"Dc47935","locus321",1,1,NA,NA,1,NA,1,0
"Dc47935","locus322",0.720464,0.720464,NA,NA,0.720464,NA,1,0
"Dc47935","locus323",1,1,1,NA,1,NA,1,0
"Dc47935","locus329",1,1,NA,NA,1,NA,1,0
"Dc47935","locus332",1,1,NA,NA,1,NA,1,0
"Dc47935","locus358",0.781356,0.402168,NA,NA,0.781356,NA,0.781356,0
"Dc47935","locus359",1,0.971304,NA,NA,1,NA,1,0
"Dc47935","locus360",1,1,1,NA,0.40215,NA,1,0
"Dc48207","Dc48950",1,1,1,NA,1,1,1,0
"Dc48207","Dc49080",1,1,NA,NA,1,1,1,0
"Dc48207","Dc49184",1,1,NA,NA,0.4403,1,1,0
"Dc48207","Dc51020",1,1,NA,NA,1,1,1,0
"Dc48207","Dc52523",1,1,NA,NA,1,1,1,0
"Dc48207","Dc55481",1,1,NA,1,1,NA,1,0
"Dc48207","Dc58248",0.26757,1,NA,1,1,NA,1,0
"Dc48207","Dc62188",1,1,1,1,1,NA,0.497196,0
"Dc48207","Dc67011",1,1,NA,1,1,NA,1,0
"Dc48207","locus003",0.45999,1,NA,1,1,NA,1,0
"Dc48207","locus004",1,1,NA,1,1,NA,1,0
"Dc48207","locus005",1,1,NA,1,1,NA,1,0
"Dc48207","locus006",0.641748,1,1,1,1,NA,1,0
"Dc48207","locus008",1,1,NA,1,1,NA,1,0
"Dc48207","locus013",1,1,NA,1,1,NA,1,0
"Dc48207","locus014",1,0.95951,NA,1,1,NA,1,0
"Dc48207","locus022",0.715272,0.62656,NA,1,0.25515,NA,1,0
"Dc48207","locus024",1,1,NA,1,1,NA,1,0
"Dc48207","locus025",1,0.571592,NA,NA,0.571592,NA,0.998732,0
"Dc48207","locus027",0.55652,0.33366,NA,NA,NA,NA,NA,0
"Dc48207","locus030",1,1,NA,NA,1,NA,1,0
"Dc48207","locus035",1,1,NA,NA,1,NA,1,0
"Dc48207","locus038",1,1,NA,NA,1,NA,1,0
"Dc48207","locus039",1,1,NA,NA,1,NA,1,0
"Dc48207","locus040",1,1,NA,NA,0.139568,NA,1,0
"Dc48207","locus041",1,1,1,NA,1,NA,1,0
"Dc48207","locus045",1,1,NA,NA,0.286176,NA,1,0
"Dc48207","locus047",1,0.72681,1,NA,1,NA,1,0
"Dc48207","locus048",1,0.797656,NA,NA,1,NA,1,0
"Dc48207","locus053",1,0.587264,NA,NA,1,NA,1,0
"Dc48207","locus055",1,0.53184,NA,NA,1,NA,1,0
"Dc48207","locus056",1,1,NA,1,1,NA,1,0
"Dc48207","locus058",1,1,NA,1,1,NA,0.83372,0
"Dc48207","locus060",1,0.17588,NA,1,1,NA,1,0
"Dc48207","locus061",1,NA,NA,NA,0.20073,NA,1,0
"Dc48207","locus062",1,1,NA,1,1,NA,1,0
"Dc48207","locus064",1,1,NA,1,1,NA,1,0
"Dc48207","locus065",1,1,NA,1,0.42143,NA,0.673792,0
"Dc48207","locus073",1,1,NA,1,1,NA,1,0
"Dc48207","locus074",1,0.51255,NA,1,1,NA,1,0
"Dc48207","locus076",1,1,NA,NA,1,NA,1,0
"Dc48207","locus077",1,1,NA,1,1,NA,1,0
"Dc48207","locus080",1,0.672352,NA,NA,1,NA,1,0
"Dc48207","locus083",1,NA,NA,NA,0.993498,NA,1,0
"Dc48207","locus088",1,1,NA,NA,1,NA,1,0
"Dc48207","locus093",1,1,1,NA,1,NA,1,0
"Dc48207","locus096",1,1,NA,NA,1,NA,1,0
"Dc48207","locus098",1,1,NA,NA,1,NA,1,0
"Dc48207","locus100",1,0.274456,NA,NA,1,NA,1,0
"Dc48207","locus106",1,1,NA,NA,1,NA,1,0
"Dc48207","locus116",1,1,NA,NA,1,NA,1,0
"Dc48207","locus119",1,1,NA,NA,1,NA,1,0
"Dc48207","locus120",1,1,NA,NA,1,NA,1,0
"Dc48207","locus128",1,1,1,1,1,NA,1,0
"Dc48207","locus129",1,1,NA,1,1,NA,1,0
"Dc48207","locus130",1,NA,NA,NA,1,NA,1,0
"Dc48207","locus134",1,1,NA,NA,1,NA,1,0
"Dc48207","locus135",1,1,NA,1,1,NA,1,0
"Dc48207","locus137",1,1,NA,1,1,NA,1,0
"Dc48207","locus139",1,1,NA,1,1,NA,1,0
"Dc48207","locus140",1,1,NA,1,1,NA,1,0
"Dc48207","locus146",1,1,NA,1,1,NA,1,0
"Dc48207","locus148",1,0.93395,1,1,1,NA,0.502452,0
"Dc48207","locus151",1,NA,NA,1,1,NA,1,0
"Dc48207","locus157",1,NA,NA,NA,1,NA,1,0
"Dc48207","locus161",0.19485,1,NA,1,1,NA,1,0
"Dc48207","locus165",1,1,NA,NA,1,NA,1,0
"Dc48207","locus170",1,0.65952,NA,1,0.65952,NA,1,0
"Dc48207","locus176",1,NA,NA,NA,1,NA,1,0
"Dc48207","locus184",1,1,NA,1,1,NA,1,0
"Dc48207","locus186",0.78411,0.78411,NA,1,1,NA,1,0
"Dc48207","locus188",1,1,NA,NA,1,NA,1,0
"Dc48207","locus189",1,1,NA,NA,0.92014,1,1,0
"Dc48207","locus190",0.42798,1,NA,NA,1,1,1,0
"Dc48207","locus191",1,NA,NA,NA,1,1,1,0
"Dc48207","locus192",1,1,NA,NA,1,1,0.83077,0
"Dc48207","locus195",1,1,NA,NA,1,1,1,0
"Dc48207","locus202",0.84272,0.84272,NA,NA,0.84272,1,0.84272,0
"Dc48207","locus215",1,NA,NA,NA,1,1,1,0
"Dc48207","locus227",1,1,1,NA,1,1,1,0
"Dc48207","locus231",1,1,1,NA,1,NA,1,0
"Dc48207","locus235",1,1,NA,NA,0.49313,1,1,0
"Dc48207","locus236",1,1,NA,NA,1,1,1,0
"Dc48207","locus237",1,1,NA,NA,0.51518,1,1,0
"Dc48207","locus239",0.36272,1,NA,NA,1,1,0.672608,0
"Dc48207","locus248",1,1,NA,NA,1,1,1,0
"Dc48207","locus256",1,1,NA,NA,0.603848,NA,1,0
"Dc48207","locus263",1,1,NA,NA,1,NA,1,0
"Dc48207","locus264",1,1,NA,NA,0.479208,NA,1,0
"Dc48207","locus274",1,1,NA,NA,1,NA,1,0
"Dc48207","locus280",0.876606,0.748472,NA,NA,1,NA,1,0
"Dc48207","locus282",1,1,NA,NA,1,NA,1,0
"Dc48207","locus286",1,1,NA,NA,1,NA,1,0
"Dc48207","locus291",1,1,NA,NA,0.694088,NA,1,0
"Dc48207","locus292",1,1,1,NA,1,NA,1,0
"Dc48207","locus296",1,1,NA,NA,1,NA,1,0
"Dc48207","locus301",1,1,NA,NA,1,NA,1,0
"Dc48207","locus314",1,1,NA,NA,1,NA,1,0
"Dc48207","locus321",1,1,1,NA,1,NA,1,0
"Dc48207","locus322",1,1,NA,NA,1,NA,1,0
"Dc48207","locus323",1,1,NA,NA,0.472664,NA,1,0
"Dc48207","locus329",0.188672,1,NA,NA,1,NA,1,0
"Dc48207","locus332",1,1,NA,NA,1,NA,1,0
"Dc48207","locus358",1,1,NA,NA,1,NA,1,0
"Dc48207","locus359",1,1,NA,NA,1,NA,1,0
"Dc48207","locus360",1,1,NA,NA,1,NA,1,0
"Dc48950","Dc49080",1,1,NA,NA,1,0.73279,1,0
"Dc48950","Dc51020",1,1,NA,NA,1,1,1,0
"Dc48950","Dc52523",1,1,NA,NA,1,1,1,0
"Dc48950","Dc55481",0.34986,1,NA,1,1,NA,1,0
"Dc48950","Dc62188",1,1,1,1,1,NA,1,0
"Dc48950","Dc67011",0.59341,1,NA,1,0.59341,NA,1,0
"Dc48950","locus003",1,0.6771,NA,1,0.79224,NA,0.6771,0
"Dc48950","locus004",1,1,NA,1,0.45839,NA,1,0
"Dc48950","locus005",0.69429,1,NA,1,1,NA,1,0
"Dc48950","locus006",1,1,1,1,0.91119,NA,0.486048,0
"Dc48950","locus008",1,1,NA,1,1,NA,0.38364,0
"Dc48950","locus013",0.936378,0.936378,NA,0.08559,0.936378,NA,0.089784,0
"Dc48950","locus014",0.24737,1,NA,1,1,NA,1,0
"Dc48950","locus022",1,0.48866,NA,1,1,NA,1,0
"Dc48950","locus024",1,1,NA,1,1,NA,1,0
"Dc48950","locus025",1,1,NA,NA,1,NA,0.634168,0
"Dc48950","locus027",1,1,NA,NA,NA,NA,NA,0
"Dc48950","locus030",1,1,NA,NA,1,NA,1,0
"Dc48950","locus035",0.21285,0.171,NA,NA,1,NA,1,0
"Dc48950","locus038",1,0.11072,NA,NA,1,NA,1,0
"Dc48950","locus039",0.34792,0.23024,NA,NA,0.34792,NA,0.23024,0
"Dc48950","locus040",1,1,NA,NA,1,NA,1,0
"Dc48950","locus041",1,1,1,NA,1,NA,0.51244,0
"Dc48950","locus047",1,0.70416,1,NA,1,NA,1,0
"Dc48950","locus048",1,1,NA,NA,0.934248,NA,1,0
"Dc48950","locus053",0.38812,0.38812,NA,NA,0.672246,NA,0.38812,0
"Dc48950","locus055",1,1,NA,NA,1,NA,1,0
"Dc48950","locus056",1,1,NA,1,1,NA,0.80085,0
"Dc48950","locus060",0.41886,0.854058,NA,0.854058,0.854058,NA,0.46864,0
"Dc48950","locus061",0.980534,NA,NA,NA,0.054636,NA,0.131616,0
"Dc48950","locus062",0.732296,1,NA,0.24495,1,NA,1,0
"Dc48950","locus064",1,0.51374,NA,1,1,NA,1,0
"Dc48950","locus065",1,1,NA,1,1,NA,1,0
"Dc48950","locus073",1,1,NA,1,1,NA,1,0
"Dc48950","locus074",1,1,NA,1,0.18337,NA,1,0
"Dc48950","locus076",0.353898,0.3468,NA,NA,1,NA,1,0
"Dc48950","locus077",1,0.69784,NA,1,1,NA,0.69784,0
"Dc48950","locus080",0.83004,1,NA,NA,1,NA,1,0
"Dc48950","locus083",1,NA,NA,NA,1,NA,1,0
"Dc48950","locus088",1,1,NA,NA,0.23496,NA,0.456072,0
"Dc48950","locus093",1,1,1,NA,1,NA,1,0
"Dc48950","locus096",1,1,NA,NA,1,NA,0.296328,0
"Dc48950","locus098",1,1,NA,NA,1,NA,0.62644,0
"Dc48950","locus100",1,1,NA,NA,0.628952,NA,1,0
"Dc48950","locus106",1,1,NA,NA,1,NA,1,0
"Dc48950","locus116",0.405264,0.886914,NA,NA,0.485428,NA,0.405264,0
"Dc48950","locus119",0.7534,0.628578,NA,NA,0.7534,NA,0.246312,0
"Dc48950","locus120",0.150462,0.274512,NA,NA,0.385694,NA,0.12024,0
"Dc48950","locus128",1,1,1,1,1,NA,1,0
"Dc48950","locus130",0.639846,NA,NA,NA,1,NA,1,0
"Dc48950","locus134",0.118288,0.428304,NA,NA,1,NA,1,0
"Dc48950","locus135",1,1,NA,1,1,NA,1,0
"Dc48950","locus137",1,1,NA,1,1,NA,1,0
"Dc48950","locus139",1,1,NA,1,1,NA,1,0
"Dc48950","locus140",1,1,NA,1,1,NA,1,0
"Dc48950","locus146",1,1,NA,1,1,NA,1,0
"Dc48950","locus148",1,0.46896,1,1,1,NA,1,0
"Dc48950","locus151",1,NA,NA,1,1,NA,1,0
"Dc48950","locus157",0.11841,NA,NA,NA,1,NA,1,0
"Dc48950","locus161",0.6056,0.940518,NA,0.47957,0.940518,NA,0.940518,0
"Dc48950","locus165",0.381828,0.381828,NA,NA,0.199832,NA,1,0
"Dc48950","locus170",1,1,NA,1,0.07058,NA,1,0
"Dc48950","locus176",1,NA,NA,NA,1,NA,0.159048,0
"Dc48950","locus184",1,0.574544,NA,0.849366,1,NA,0.38634,0
"Dc48950","locus186",0.935736,1,NA,1,1,NA,0.30098,0
"Dc48950","locus188",0.46232,1,NA,NA,1,NA,1,0
"Dc48950","locus189",0.776496,0.776496,NA,NA,0.22285,0.776496,0.776496,0
"Dc48950","locus190",0.876288,0.25504,NA,NA,0.274808,1,1,0
"Dc48950","locus191",0.792056,NA,NA,NA,0.981856,0.465944,0.785364,0
"Dc48950","locus192",1,1,NA,NA,1,0.71688,1,0
"Dc48950","locus195",0.73195,1,NA,NA,1,1,1,0
"Dc48950","locus202",0.39534,1,NA,NA,1,1,1,0
"Dc48950","locus215",1,NA,NA,NA,0.168912,1,1,0
"Dc48950","locus227",0.426036,1,1,NA,1,1,1,0
"Dc48950","locus231",1,1,1,NA,1,NA,0.3705,0
"Dc48950","locus235",1,1,NA,NA,0.93788,1,1,0
"Dc48950","locus236",1,0.05074,NA,NA,1,1,0.921456,0
"Dc48950","locus237",1,1,NA,NA,1,1,1,0
"Dc48950","locus239",1,1,NA,NA,1,1,1,0
"Dc48950","locus248",1,1,NA,NA,1,1,1,0
"Dc48950","locus256",1,1,NA,NA,1,NA,0.053672,0
"Dc48950","locus263",1,1,NA,NA,1,NA,1,0
"Dc48950","locus264",1,1,NA,NA,1,NA,1,0
"Dc48950","locus274",1,0.267726,NA,NA,0.16196,NA,1,0
"Dc48950","locus280",1,1,NA,NA,1,NA,1,0
"Dc48950","locus282",1,0.832616,NA,NA,1,NA,1,0
"Dc48950","locus286",0.6042,1,NA,NA,1,NA,1,0
"Dc48950","locus291",1,1,NA,NA,0.668656,NA,1,0
"Dc48950","locus292",0.66781,1,1,NA,1,NA,1,0
"Dc48950","locus296",1,0.394312,NA,NA,1,NA,1,0
"Dc48950","locus314",1,0.952992,NA,NA,1,NA,1,0
"Dc48950","locus321",1,1,1,NA,0.93887,NA,1,0
"Dc48950","locus322",1,1,NA,NA,1,NA,1,0
"Dc48950","locus323",0.47962,0.637852,NA,NA,0.220984,NA,0.220984,0
"Dc48950","locus332",0.337032,0.922244,NA,NA,0.922244,NA,0.356556,0
"Dc48950","locus358",1,1,NA,NA,1,NA,1,0
"Dc48950","locus359",0.945856,1,NA,NA,1,NA,1,0
"Dc48950","locus360",1,0.359568,NA,NA,1,NA,1,0
"Dc49080","Dc49184",1,1,NA,NA,1,1,1,0
"Dc49080","Dc51020",1,0.95256,NA,NA,1,1,1,0
"Dc49080","Dc52523",1,1,NA,NA,1,1,1,0
"Dc49080","Dc55481",0.55554,1,NA,1,1,NA,0.80092,0
"Dc49080","Dc62188",1,1,NA,1,0.18545,NA,1,0
"Dc49080","Dc67011",1,1,NA,1,1,NA,0.18583,0
"Dc49080","locus003",0.851696,0.81917,NA,0.85896,0.85896,NA,0.85896,0
"Dc49080","locus004",1,0.578208,NA,0.578208,0.13505,NA,1,0
"Dc49080","locus005",1,1,NA,1,1,NA,1,0
"Dc49080","locus006",1,0.71923,1,1,0.589128,NA,1,0
"Dc49080","locus008",1,1,NA,1,1,NA,1,0
"Dc49080","locus013",0.968966,0.350616,NA,0.436704,0.5237,NA,0.15337,0
"Dc49080","locus014",1,1,NA,1,1,NA,1,0
"Dc49080","locus022",1,0.57196,NA,1,1,NA,1,0
"Dc49080","locus024",1,1,NA,1,0.879368,NA,0.50081,0
"Dc49080","locus025",0.876972,1,NA,NA,0.325424,NA,1,0
"Dc49080","locus027",1,1,1,NA,NA,NA,NA,0
"Dc49080","locus030",1,0.122752,NA,NA,1,NA,1,0
"Dc49080","locus035",1,0.43212,NA,NA,0.43212,NA,1,0
"Dc49080","locus038",1,1,NA,NA,1,NA,1,0
"Dc49080","locus039",0.999556,0.82743,NA,NA,0.60792,NA,0.999556,0
"Dc49080","locus040",0.929656,0.626848,NA,NA,0.626848,NA,1,0
"Dc49080","locus041",0.11534,0.64388,1,NA,0.254608,NA,0.36156,0
"Dc49080","locus045",1,1,NA,NA,1,NA,1,0
"Dc49080","locus047",0.16345,1,1,NA,1,NA,1,0
"Dc49080","locus048",1,1,NA,NA,0.818296,NA,1,0
"Dc49080","locus053",1,1,NA,NA,1,NA,1,0
"Dc49080","locus055",1,1,NA,NA,1,NA,1,0
"Dc49080","locus056",1,1,NA,1,1,NA,1,0
"Dc49080","locus058",1,1,NA,1,0.23061,NA,1,0
"Dc49080","locus060",0.67211,0.9594,NA,0.9594,1,NA,1,0
"Dc49080","locus061",1,NA,1,NA,1,NA,1,0
"Dc49080","locus062",1,1,NA,1,1,NA,1,0
"Dc49080","locus064",1,1,NA,1,1,NA,1,0
"Dc49080","locus065",0.84156,1,NA,1,0.58793,NA,1,0
"Dc49080","locus073",1,1,NA,1,1,NA,1,0
"Dc49080","locus074",0.42262,1,NA,1,1,NA,1,0
"Dc49080","locus077",1,1,NA,1,1,NA,1,0
"Dc49080","locus080",1,1,NA,NA,1,NA,1,0
"Dc49080","locus083",0.673182,NA,NA,NA,0.787878,NA,0.775116,0
"Dc49080","locus088",1,0.18296,NA,NA,0.50502,NA,1,0
"Dc49080","locus093",1,1,1,NA,1,NA,1,0
"Dc49080","locus096",1,0.13548,NA,NA,1,NA,1,0
"Dc49080","locus098",0.198912,1,NA,NA,1,NA,1,0
"Dc49080","locus106",1,1,NA,NA,1,NA,1,0
"Dc49080","locus116",0.570776,1,NA,NA,0.749508,NA,1,0
"Dc49080","locus128",0.522324,1,1,1,1,NA,1,0
"Dc49080","locus129",1,1,NA,1,1,NA,1,0
"Dc49080","locus130",1,NA,NA,NA,1,NA,1,0
"Dc49080","locus134",1,0.18995,1,NA,0.404256,NA,1,0
"Dc49080","locus135",0.83553,1,NA,1,1,NA,1,0
"Dc49080","locus137",0.472464,0.42515,NA,1,1,NA,1,0
"Dc49080","locus139",0.25916,0.556752,NA,1,1,NA,1,0
"Dc49080","locus140",0.26756,0.547048,NA,1,1,NA,1,0
"Dc49080","locus146",1,0.141808,NA,1,0.08924,NA,0.23037,0
"Dc49080","locus148",1,1,1,1,1,NA,0.765156,0
"Dc49080","locus151",1,NA,NA,1,0.952864,NA,1,0
"Dc49080","locus157",0.589632,NA,NA,NA,0.809944,NA,1,0
"Dc49080","locus161",0.968624,0.82045,NA,1,1,NA,1,0
"Dc49080","locus165",0.41652,1,NA,NA,1,NA,1,0
"Dc49080","locus170",1,1,NA,1,1,NA,1,0
"Dc49080","locus176",0.997752,NA,NA,NA,0.560682,NA,0.997752,0
"Dc49080","locus184",1,1,NA,1,1,NA,0.87687,0
"Dc49080","locus186",1,1,NA,1,1,NA,1,0
"Dc49080","locus188",0.598938,1,NA,NA,1,NA,0.073304,0
"Dc49080","locus189",1,1,NA,NA,0.79336,1,1,0
"Dc49080","locus190",1,1,NA,NA,1,1,1,0
"Dc49080","locus191",0.76316,NA,NA,NA,0.45723,0.37592,0.76316,0
"Dc49080","locus192",0.812028,0.476032,NA,NA,1,0.2332,1,0
"Dc49080","locus195",1,1,NA,NA,1,1,1,0
"Dc49080","locus202",0.812694,0.812694,NA,NA,0.812694,0.567344,0.14915,0
"Dc49080","locus215",0.700836,NA,NA,NA,0.700836,0.567944,0.700836,0
"Dc49080","locus227",1,1,1,NA,1,1,1,0
"Dc49080","locus231",1,0.682608,NA,NA,1,NA,0.347504,0
"Dc49080","locus235",1,1,NA,NA,1,1,1,0
"Dc49080","locus236",1,1,NA,NA,1,1,1,0
"Dc49080","locus237",1,1,NA,NA,1,1,0.6889,0
"Dc49080","locus239",1,1,NA,NA,1,1,1,0
"Dc49080","locus248",1,1,NA,NA,1,1,1,0
"Dc49080","locus256",1,1,NA,NA,1,NA,1,0
"Dc49080","locus263",0.191096,1,NA,NA,1,NA,1,0
"Dc49080","locus264",1,1,NA,NA,1,NA,1,0
"Dc49080","locus274",0.229752,1,NA,NA,1,NA,1,0
"Dc49080","locus280",0.97878,1,NA,NA,1,NA,0.67376,0
"Dc49080","locus282",1,1,NA,NA,1,NA,1,0
"Dc49080","locus286",1,1,NA,NA,1,NA,1,0
"Dc49080","locus291",0.255744,1,NA,NA,0.265074,NA,1,0
"Dc49080","locus292",1,1,1,NA,1,NA,1,0
"Dc49080","locus296",1,1,NA,NA,0.345208,NA,1,0
"Dc49080","locus301",1,0.473816,NA,NA,1,NA,1,0
"Dc49080","locus314",0.650432,0.650432,NA,NA,0.650432,NA,0.726558,0
"Dc49080","locus321",0.91563,0.91563,1,NA,1,NA,1,0
"Dc49080","locus322",1,1,NA,NA,1,NA,1,0
"Dc49080","locus323",0.410664,0.652768,NA,NA,0.10908,NA,1,0
"Dc49080","locus329",1,1,NA,NA,1,NA,1,0
"Dc49080","locus332",1,1,NA,NA,1,NA,1,0
"Dc49080","locus358",1,1,NA,NA,0.353592,NA,1,0
"Dc49080","locus359",0.522172,0.332984,NA,NA,0.99022,NA,0.400242,0
"Dc49080","locus360",1,1,NA,NA,1,NA,1,0
"Dc49184","Dc51020",1,1,NA,NA,0.96344,1,0.988816,0
"Dc49184","Dc52523",1,1,NA,NA,1,0.99639,1,0
"Dc49184","Dc55481",1,0.10032,NA,1,1,NA,1,0
"Dc49184","Dc58248",1,1,NA,1,1,NA,1,0
"Dc49184","Dc62188",1,1,NA,1,1,NA,1,0
"Dc49184","Dc67011",1,1,NA,1,1,NA,1,0
"Dc49184","locus003",1,1,NA,1,1,NA,1,0
"Dc49184","locus004",1,1,NA,1,1,NA,1,0
"Dc49184","locus005",1,1,NA,1,1,NA,1,0
"Dc49184","locus006",1,0.86439,1,1,0.10164,NA,1,0
"Dc49184","locus008",0.808116,0.808116,NA,0.808116,0.38414,NA,0.38414,0
"Dc49184","locus014",1,0.29921,NA,1,1,NA,1,0
"Dc49184","locus022",1,1,NA,0.94745,0.94745,NA,1,0
"Dc49184","locus024",1,1,NA,1,1,NA,1,0
"Dc49184","locus025",0.714208,1,NA,NA,1,NA,1,0
"Dc49184","locus027",0.726176,0.24352,NA,NA,NA,NA,NA,0
"Dc49184","locus030",0.839814,0.932716,NA,NA,0.425432,NA,1,0
"Dc49184","locus035",0.685728,0.4256,NA,NA,0.685728,NA,0.685728,0
"Dc49184","locus038",1,0.815904,NA,NA,0.784288,NA,1,0
"Dc49184","locus040",0.960208,0.960208,NA,NA,0.960208,NA,1,0
"Dc49184","locus041",1,1,NA,NA,0.660368,NA,1,0
"Dc49184","locus045",1,1,NA,NA,0.126864,NA,1,0
"Dc49184","locus048",0.727184,1,NA,NA,1,NA,1,0
"Dc49184","locus053",0.650304,0.468024,NA,NA,0.650304,NA,0.468024,0
"Dc49184","locus055",0.544458,0.132232,NA,NA,1,NA,1,0
"Dc49184","locus056",1,1,NA,1,1,NA,0.16419,0
"Dc49184","locus058",0.62354,0.62354,NA,1,0.62354,NA,0.62354,0
"Dc49184","locus060",1,1,NA,1,1,NA,1,0
"Dc49184","locus061",0.375748,NA,NA,NA,0.052104,NA,0.63654,0
"Dc49184","locus062",1,1,NA,1,1,NA,1,0
"Dc49184","locus064",0.4062,0.10293,NA,1,1,NA,1,0
"Dc49184","locus065",1,1,NA,1,1,NA,1,0
"Dc49184","locus073",1,1,NA,1,1,NA,1,0
"Dc49184","locus074",1,1,NA,1,1,NA,1,0
"Dc49184","locus076",1,1,NA,NA,1,NA,1,0
"Dc49184","locus077",1,1,NA,1,1,NA,1,0
"Dc49184","locus080",1,0.696856,NA,NA,1,NA,1,0
"Dc49184","locus083",1,NA,NA,NA,1,NA,1,0
"Dc49184","locus088",1,1,NA,NA,1,NA,1,0
"Dc49184","locus093",1,1,1,NA,1,NA,1,0
"Dc49184","locus096",1,1,NA,NA,1,NA,1,0
"Dc49184","locus098",1,1,NA,NA,1,NA,1,0
"Dc49184","locus100",1,1,NA,NA,0.27676,NA,0.654192,0
"Dc49184","locus106",1,1,NA,NA,1,NA,1,0
"Dc49184","locus116",1,1,NA,NA,1,NA,0.655248,0
"Dc49184","locus119",1,0.387608,NA,NA,1,NA,1,0
"Dc49184","locus120",1,1,NA,NA,0.964384,NA,1,0
"Dc49184","locus128",1,1,NA,1,0.83182,NA,1,0
"Dc49184","locus129",1,0.65309,NA,0.928912,1,NA,1,0
"Dc49184","locus130",0.730344,NA,NA,NA,0.730344,NA,0.730344,0
"Dc49184","locus134",0.93596,1,NA,NA,1,NA,1,0
"Dc49184","locus135",1,1,NA,1,1,NA,1,0
"Dc49184","locus137",1,1,NA,1,1,NA,1,0
"Dc49184","locus139",1,0.44457,NA,1,0.7983,NA,0.797152,0
"Dc49184","locus140",1,0.44839,NA,1,0.800032,NA,0.800032,0
"Dc49184","locus146",0.317992,1,NA,1,0.14834,NA,1,0
"Dc49184","locus148",1,1,1,1,0.418272,NA,1,0
"Dc49184","locus151",1,NA,NA,1,1,NA,1,0
"Dc49184","locus157",0.405052,NA,NA,NA,0.405052,NA,0.115662,0
"Dc49184","locus161",0.11196,1,NA,1,1,NA,0.981288,0
"Dc49184","locus165",1,1,NA,NA,1,NA,1,0
"Dc49184","locus170",1,0.602608,NA,1,0.28829,NA,1,0
"Dc49184","locus176",1,NA,NA,NA,0.327972,NA,1,0
"Dc49184","locus184",1,1,NA,1,1,NA,0.54986,0
"Dc49184","locus186",1,1,NA,1,0.1317,NA,1,0
"Dc49184","locus188",1,1,NA,NA,1,NA,1,0
"Dc49184","locus189",1,1,NA,NA,1,1,1,0
"Dc49184","locus190",1,1,NA,NA,1,1,0.61822,0
"Dc49184","locus191",1,NA,NA,NA,0.556672,1,1,0
"Dc49184","locus192",1,1,NA,NA,1,1,1,0
"Dc49184","locus195",1,1,NA,NA,1,1,1,0
"Dc49184","locus202",1,1,NA,NA,1,1,1,0
"Dc49184","locus215",1,NA,NA,NA,1,1,1,0
"Dc49184","locus227",1,1,1,NA,1,1,1,0
"Dc49184","locus231",1,1,NA,NA,1,NA,1,0
"Dc49184","locus235",1,1,NA,NA,0.60756,1,1,0
"Dc49184","locus236",1,0.99409,NA,NA,1,1,0.99409,0
"Dc49184","locus237",1,1,NA,NA,1,1,1,0
"Dc49184","locus239",1,1,NA,NA,1,1,1,0
"Dc49184","locus248",0.55291,0.55291,NA,NA,0.55291,0.859276,0.859276,0
"Dc49184","locus256",1,1,NA,NA,0.475032,NA,0.922044,0
"Dc49184","locus263",1,1,1,NA,1,NA,1,0
"Dc49184","locus264",0.149208,0.872178,NA,NA,0.872178,NA,0.872178,0
"Dc49184","locus274",1,1,NA,NA,1,NA,1,0
"Dc49184","locus280",1,1,NA,NA,1,NA,1,0
"Dc49184","locus282",1,1,NA,NA,1,NA,1,0
"Dc49184","locus286",1,1,NA,NA,0.891648,NA,1,0
"Dc49184","locus291",0.513816,1,NA,NA,1,NA,1,0
"Dc49184","locus292",1,0.981152,1,NA,0.4335,NA,1,0
"Dc49184","locus296",1,1,NA,NA,1,NA,1,0
"Dc49184","locus301",1,1,1,NA,1,NA,1,0
"Dc49184","locus314",1,1,NA,NA,1,NA,1,0
"Dc49184","locus321",1,1,1,NA,1,NA,1,0
"Dc49184","locus322",1,1,NA,NA,0.46308,NA,0.786858,0
"Dc49184","locus323",1,1,NA,NA,0.20748,NA,1,0
"Dc49184","locus329",1,1,NA,NA,1,NA,1,0
"Dc49184","locus332",1,1,NA,NA,1,NA,1,0
"Dc49184","locus358",1,1,NA,NA,1,NA,1,0
"Dc49184","locus359",1,1,NA,NA,0.796476,NA,0.795792,0
"Dc49184","locus360",0.398904,0.578654,NA,NA,0.120424,NA,0.398904,0
"Dc51020","Dc52523",1,1,NA,NA,1,1,1,0
"Dc51020","Dc55481",1,1,NA,1,0.4735,NA,0.766816,0
"Dc51020","Dc58248",0.910064,0.13676,NA,0.910064,0.910064,NA,0.910064,0
"Dc51020","Dc62188",1,1,NA,1,1,NA,1,0
"Dc51020","Dc67011",0.99469,1,NA,1,1,NA,1,0
"Dc51020","locus003",1,0.81446,NA,1,1,NA,1,0
"Dc51020","locus004",1,1,NA,1,1,NA,1,0
"Dc51020","locus005",1,1,NA,1,1,NA,1,0
"Dc51020","locus006",0.08994,1,1,1,1,NA,1,0
"Dc51020","locus008",0.77039,1,NA,1,1,NA,1,0
"Dc51020","locus013",0.40296,0.40296,NA,0.51248,0.40296,NA,0.917056,0
"Dc51020","locus014",0.795168,0.795168,NA,0.795168,0.24365,NA,0.795168,0
"Dc51020","locus022",0.63618,1,NA,1,0.995808,NA,1,0
"Dc51020","locus024",0.74987,1,NA,1,1,NA,1,0
"Dc51020","locus025",1,1,NA,NA,1,NA,0.799616,0
"Dc51020","locus027",0.751096,0.963614,NA,NA,NA,NA,NA,0
"Dc51020","locus030",1,1,NA,NA,1,NA,0.297736,0
"Dc51020","locus035",1,0.057272,NA,NA,1,NA,1,0
"Dc51020","locus038",1,1,NA,NA,1,NA,1,0
"Dc51020","locus039",0.196818,0.196818,NA,NA,0.113792,NA,0.196818,0
"Dc51020","locus040",1,1,NA,NA,1,NA,1,0
"Dc51020","locus041",1,1,NA,NA,0.090576,NA,1,0
"Dc51020","locus045",1,1,NA,NA,1,NA,1,0
"Dc51020","locus047",1,1,1,NA,1,NA,1,0
"Dc51020","locus048",0.44535,0.170504,NA,NA,0.736046,NA,0.733976,0
"Dc51020","locus053",1,1,NA,NA,1,NA,1,0
"Dc51020","locus055",1,1,NA,NA,1,NA,1,0
"Dc51020","locus056",0.246616,0.05359,NA,1,1,NA,1,0
"Dc51020","locus058",1,1,NA,0.70957,1,NA,1,0
"Dc51020","locus060",1,1,NA,1,1,NA,1,0
"Dc51020","locus061",1,NA,NA,NA,1,NA,1,0
"Dc51020","locus062",1,0.63348,NA,1,1,NA,1,0
"Dc51020","locus064",0.39964,0.39964,NA,1,0.08543,NA,1,0
"Dc51020","locus073",1,1,NA,1,0.82224,NA,0.55463,0
"Dc51020","locus074",1,0.4056,NA,1,1,NA,1,0
"Dc51020","locus076",1,0.574704,NA,NA,0.839058,NA,1,0
"Dc51020","locus077",1,1,NA,1,1,NA,1,0
"Dc51020","locus080",1,1,NA,NA,1,NA,1,0
"Dc51020","locus083",0.779324,NA,NA,NA,0.626988,NA,0.779324,0
"Dc51020","locus088",1,1,NA,NA,0.416688,NA,1,0
"Dc51020","locus093",1,1,1,NA,1,NA,1,0
"Dc51020","locus096",1,1,NA,NA,1,NA,1,0
"Dc51020","locus098",1,1,NA,NA,1,NA,1,0
"Dc51020","locus100",1,1,NA,NA,1,NA,1,0
"Dc51020","locus106",1,1,NA,NA,0.54572,NA,1,0
"Dc51020","locus116",1,1,NA,NA,1,NA,1,0
"Dc51020","locus119",0.996114,0.237848,NA,NA,0.996114,NA,0.996114,0
"Dc51020","locus120",1,1,NA,NA,1,NA,1,0
"Dc51020","locus128",0.11143,1,NA,1,1,NA,1,0
"Dc51020","locus129",0.3178,1,NA,1,1,NA,0.06941,0
"Dc51020","locus130",1,NA,NA,NA,1,NA,0.359112,0
"Dc51020","locus134",1,1,NA,NA,1,NA,1,0
"Dc51020","locus135",1,1,NA,1,1,NA,1,0
"Dc51020","locus137",1,1,NA,1,1,NA,1,0
"Dc51020","locus139",0.22264,1,NA,1,0.12993,NA,1,0
"Dc51020","locus140",0.232232,1,NA,1,0.13219,NA,1,0
"Dc51020","locus146",1,0.48672,NA,1,0.46754,NA,0.708606,0
"Dc51020","locus148",0.54126,1,1,1,0.54126,NA,1,0
"Dc51020","locus151",0.18908,NA,NA,1,1,NA,1,0
"Dc51020","locus157",0.713984,NA,NA,NA,0.713984,NA,0.656688,0
"Dc51020","locus161",0.570688,0.582272,NA,0.570688,0.11431,NA,0.570688,0
"Dc51020","locus165",1,0.377656,NA,NA,1,NA,1,0
"Dc51020","locus170",0.2821,1,NA,1,1,NA,1,0
"Dc51020","locus176",1,NA,NA,NA,1,NA,0.605328,0
"Dc51020","locus184",0.98081,1,NA,1,1,NA,1,0
"Dc51020","locus186",1,1,NA,1,1,NA,1,0
"Dc51020","locus188",1,1,NA,NA,1,NA,1,0
"Dc51020","locus189",1,1,NA,NA,1,1,1,0
"Dc51020","locus190",1,1,NA,NA,1,0.71669,1,0
"Dc51020","locus191",1,NA,NA,NA,1,1,1,0
"Dc51020","locus192",1,1,NA,NA,0.08394,1,1,0
"Dc51020","locus195",0.775272,0.737272,NA,NA,0.69994,0.775272,0.775272,0
"Dc51020","locus202",1,1,NA,NA,1,1,1,0
"Dc51020","locus215",1,NA,NA,NA,0.266888,1,1,0
"Dc51020","locus227",1,1,1,NA,0.925884,1,1,0
"Dc51020","locus231",0.209808,1,NA,NA,1,NA,1,0
"Dc51020","locus235",1,1,NA,NA,1,1,0.76618,0
"Dc51020","locus236",0.1931,0.257544,NA,NA,1,1,1,0
"Dc51020","locus237",1,1,NA,NA,1,1,1,0
"Dc51020","locus239",0.29918,1,NA,NA,1,1,1,0
"Dc51020","locus248",1,0.63948,NA,NA,1,1,0.976104,0
"Dc51020","locus256",1,1,NA,NA,1,NA,1,0
"Dc51020","locus263",1,1,1,NA,1,NA,1,0
"Dc51020","locus264",0.463,0.139576,NA,NA,0.332058,NA,0.409496,0
"Dc51020","locus274",1,1,NA,NA,1,NA,1,0
"Dc51020","locus280",0.064296,1,NA,NA,1,NA,1,0
"Dc51020","locus282",1,1,NA,NA,1,NA,0.3594,0
"Dc51020","locus286",0.235152,0.97452,NA,NA,0.638664,NA,0.97452,0
"Dc51020","locus291",1,1,NA,NA,1,NA,1,0
"Dc51020","locus292",1,1,1,NA,1,NA,1,0
"Dc51020","locus296",0.264768,1,NA,NA,1,NA,1,0
"Dc51020","locus301",1,1,1,NA,1,NA,1,0
"Dc51020","locus314",0.579438,1,NA,NA,1,NA,0.222248,0
"Dc51020","locus321",1,1,1,NA,1,NA,1,0
"Dc51020","locus322",1,0.089928,NA,NA,0.18531,NA,1,0
"Dc51020","locus323",1,1,NA,NA,0.174304,NA,1,0
"Dc51020","locus329",1,1,NA,NA,1,NA,0.803328,0
"Dc51020","locus332",1,1,NA,NA,1,NA,1,0
"Dc51020","locus359",0.640312,0.841608,NA,NA,0.841608,NA,1,0
"Dc51020","locus360",1,1,NA,NA,0.781072,NA,0.781072,0
"Dc52523","Dc55481",1,1,NA,1,1,NA,1,0
"Dc52523","Dc58248",1,1,NA,1,1,NA,1,0
"Dc52523","Dc62188",1,1,NA,1,1,NA,1,0
"Dc52523","Dc67011",0.940896,1,NA,1,1,NA,0.53195,0
"Dc52523","locus003",1,1,NA,1,1,NA,1,0
"Dc52523","locus004",1,1,NA,1,1,NA,1,0
"Dc52523","locus005",1,1,NA,1,1,NA,1,0
"Dc52523","locus006",0.871428,0.871428,1,1,1,NA,0.871428,0
"Dc52523","locus008",1,0.362464,NA,1,1,NA,0.13313,0
"Dc52523","locus014",1,1,NA,0.34221,1,NA,1,0
"Dc52523","locus022",0.67732,1,NA,0.33996,1,NA,1,0
"Dc52523","locus024",0.17099,0.218328,NA,1,1,NA,1,0
"Dc52523","locus025",1,1,NA,NA,1,NA,1,0
"Dc52523","locus030",0.193432,1,NA,NA,1,NA,1,0
"Dc52523","locus035",0.387248,1,NA,NA,1,NA,1,0
"Dc52523","locus038",1,0.519544,NA,NA,1,NA,1,0
"Dc52523","locus039",0.925632,1,NA,NA,1,NA,0.149368,0
"Dc52523","locus040",1,1,NA,NA,1,NA,1,0
"Dc52523","locus041",1,1,NA,NA,0.558072,NA,1,0
"Dc52523","locus045",0.518068,0.940814,NA,NA,0.274668,NA,0.1804,0
"Dc52523","locus047",1,1,1,NA,1,NA,1,0
"Dc52523","locus048",0.35676,1,NA,NA,1,NA,1,0
"Dc52523","locus055",1,1,NA,NA,1,NA,1,0
"Dc52523","locus056",0.39088,1,NA,1,1,NA,1,0
"Dc52523","locus058",0.39618,1,NA,1,1,NA,1,0
"Dc52523","locus060",0.25395,1,NA,1,1,NA,1,0
"Dc52523","locus061",0.9624,NA,NA,NA,1,NA,1,0
"Dc52523","locus062",0.7071,0.735096,NA,0.791166,0.791166,NA,0.791166,0
"Dc52523","locus064",0.3632,0.56696,NA,1,1,NA,1,0
"Dc52523","locus065",1,0.632424,NA,1,0.16085,NA,1,0
"Dc52523","locus073",1,1,NA,0.4998,1,NA,1,0
"Dc52523","locus074",1,0.824358,NA,1,0.13284,NA,0.263416,0
"Dc52523","locus076",1,1,NA,NA,1,NA,1,0
"Dc52523","locus077",1,1,NA,1,1,NA,1,0
"Dc52523","locus080",0.24656,0.359946,NA,NA,1,NA,1,0
"Dc52523","locus083",0.61266,NA,NA,NA,0.775066,NA,0.70224,0
"Dc52523","locus088",0.488672,1,NA,NA,0.488672,NA,1,0
"Dc52523","locus096",0.12036,0.744852,NA,NA,0.744852,NA,0.249372,0
"Dc52523","locus098",0.725742,0.20124,NA,NA,1,NA,1,0
"Dc52523","locus100",1,0.277472,NA,NA,1,NA,1,0
"Dc52523","locus106",1,0.638328,NA,NA,1,NA,1,0
"Dc52523","locus116",0.691136,0.74118,NA,NA,0.74118,NA,0.821896,0
"Dc52523","locus119",0.943256,0.964782,NA,NA,0.964782,NA,1,0
"Dc52523","locus120",0.592944,0.592944,NA,NA,0.457112,NA,0.592944,0
"Dc52523","locus128",1,1,NA,1,1,NA,1,0
"Dc52523","locus129",1,1,NA,1,1,NA,1,0
"Dc52523","locus130",0.315048,NA,NA,NA,0.991972,NA,0.991972,0
"Dc52523","locus134",1,1,NA,NA,1,NA,1,0
"Dc52523","locus135",1,1,NA,1,1,NA,1,0
"Dc52523","locus137",0.31234,1,NA,1,1,NA,1,0
"Dc52523","locus139",1,1,NA,1,0.0513,NA,1,0
"Dc52523","locus140",1,1,NA,1,0.05042,NA,1,0
"Dc52523","locus146",0.1044,1,NA,1,1,NA,1,0
"Dc52523","locus148",1,1,1,1,1,NA,1,0
"Dc52523","locus151",1,NA,NA,1,1,NA,1,0
"Dc52523","locus157",1,NA,NA,NA,1,NA,1,0
"Dc52523","locus161",1,0.95283,NA,1,1,NA,1,0
"Dc52523","locus165",1,1,NA,NA,0.415864,NA,1,0
"Dc52523","locus170",1,1,NA,1,0.52716,NA,1,0
"Dc52523","locus176",1,NA,NA,NA,1,NA,1,0
"Dc52523","locus184",1,1,NA,1,1,NA,0.53551,0
"Dc52523","locus186",1,1,NA,1,1,NA,1,0
"Dc52523","locus188",0.45368,0.936936,NA,NA,0.92409,NA,0.936936,0
"Dc52523","locus189",0.89528,1,NA,NA,0.89528,0.89528,1,0
"Dc52523","locus190",1,1,NA,NA,0.88546,1,1,0
"Dc52523","locus191",1,NA,NA,NA,1,1,1,0
"Dc52523","locus192",1,1,NA,NA,1,1,1,0
"Dc52523","locus195",1,1,NA,NA,1,1,0.2381,0
"Dc52523","locus202",1,1,NA,NA,1,1,1,0
"Dc52523","locus215",0.38432,NA,1,NA,1,1,1,0
"Dc52523","locus227",1,1,1,NA,1,0.513516,1,0
"Dc52523","locus231",1,1,NA,NA,1,NA,0.220264,0
"Dc52523","locus235",0.61042,1,NA,NA,1,1,1,0
"Dc52523","locus237",1,1,NA,NA,1,1,1,0
"Dc52523","locus239",1,1,NA,NA,1,1,1,0
"Dc52523","locus248",1,1,NA,NA,1,1,1,0
"Dc52523","locus256",1,1,NA,NA,1,NA,1,0
"Dc52523","locus263",1,1,1,NA,0.59688,NA,1,0
"Dc52523","locus264",1,1,NA,NA,0.610856,NA,1,0
"Dc52523","locus274",0.665552,0.665552,NA,NA,0.665552,NA,0.665552,0
"Dc52523","locus282",1,1,NA,NA,1,NA,1,0
"Dc52523","locus286",1,1,NA,NA,1,NA,1,0
"Dc52523","locus291",1,1,NA,NA,0.864912,NA,0.208056,0
"Dc52523","locus292",1,1,1,NA,1,NA,0.97728,0
"Dc52523","locus296",1,1,NA,NA,1,NA,1,0
"Dc52523","locus301",1,0.566904,NA,NA,1,NA,1,0
"Dc52523","locus314",1,1,NA,NA,1,NA,1,0
"Dc52523","locus321",0.406896,0.28033,1,NA,1,NA,1,0
"Dc52523","locus322",1,1,NA,NA,1,NA,1,0
"Dc52523","locus323",1,1,NA,NA,1,NA,1,0
"Dc52523","locus329",1,0.901308,NA,NA,0.073912,NA,1,0
"Dc52523","locus332",1,0.133992,NA,NA,1,NA,1,0
"Dc52523","locus358",1,1,NA,NA,1,NA,1,0
"Dc52523","locus359",1,1,NA,NA,1,NA,1,0
"Dc52523","locus360",1,1,NA,NA,1,NA,1,0
"Dc55481","Dc58248",1,1,NA,1,1,NA,1,0
"Dc55481","Dc62188",1,1,NA,1,1,NA,1,0
"Dc55481","Dc67011",1,1,NA,1,0.24632,NA,1,0
"Dc55481","locus003",1,0.99535,NA,1,1,NA,1,0
"Dc55481","locus004",0.09316,1,NA,1,1,NA,1,0
"Dc55481","locus005",0.30748,1,NA,1,1,NA,1,0
"Dc55481","locus006",1,1,1,1,1,NA,1,0
"Dc55481","locus008",1,1,NA,1,1,NA,1,0
"Dc55481","locus013",1,0.4245,NA,1,1,NA,1,0
"Dc55481","locus014",0.83233,1,NA,1,1,NA,1,0
"Dc55481","locus022",1,0.80402,NA,1,1,NA,1,0
"Dc55481","locus024",1,0.41575,NA,1,1,NA,1,0
"Dc55481","locus025",1,1,1,NA,1,NA,1,0
"Dc55481","locus027",0.86107,0.284608,NA,NA,NA,NA,NA,0
"Dc55481","locus030",0.944304,0.09744,NA,NA,0.827922,NA,0.868748,0
"Dc55481","locus035",0.864858,1,NA,NA,1,NA,0.642136,0
"Dc55481","locus038",1,0.202992,NA,NA,1,NA,1,0
"Dc55481","locus039",1,1,NA,NA,1,NA,1,0
"Dc55481","locus040",1,1,NA,NA,1,NA,1,0
"Dc55481","locus041",1,0.988608,NA,NA,1,NA,0.671104,0
"Dc55481","locus045",0.10248,0.537036,NA,NA,1,NA,1,0
"Dc55481","locus047",0.44353,0.651408,1,NA,1,NA,1,0
"Dc55481","locus048",0.31592,1,NA,NA,1,NA,1,0
"Dc55481","locus053",1,1,NA,NA,1,NA,1,0
"Dc55481","locus055",1,1,NA,NA,1,NA,0.784464,0
"Dc55481","locus056",1,1,NA,0.999912,0.56056,NA,1,0
"Dc55481","locus058",1,1,NA,1,1,NA,1,0
"Dc55481","locus060",1,1,NA,1,1,NA,1,0
"Dc55481","locus061",1,NA,NA,NA,1,NA,0.54399,0
"Dc55481","locus062",0.280176,0.771856,NA,1,0.07709,NA,0.280176,0
"Dc55481","locus064",1,1,NA,1,1,NA,1,0
"Dc55481","locus065",1,0.6415,NA,1,1,NA,1,0
"Dc55481","locus073",0.12614,1,NA,1,0.991416,NA,1,0
"Dc55481","locus074",0.305096,0.25301,NA,1,1,NA,1,0
"Dc55481","locus077",1,1,NA,1,1,NA,1,0
"Dc55481","locus080",1,0.70576,NA,NA,1,NA,1,0
"Dc55481","locus083",0.753372,NA,NA,NA,0.753372,NA,1,0
"Dc55481","locus088",1,1,NA,NA,1,NA,1,0
"Dc55481","locus093",1,1,1,NA,1,NA,1,0
"Dc55481","locus096",1,1,NA,NA,1,NA,1,0
"Dc55481","locus098",1,1,NA,NA,1,NA,1,0
"Dc55481","locus100",1,1,NA,NA,1,NA,0.88864,0
"Dc55481","locus106",1,0.224888,NA,NA,1,NA,1,0
"Dc55481","locus116",0.697376,1,NA,NA,0.941404,NA,0.88038,0
"Dc55481","locus119",0.907272,1,NA,NA,1,NA,1,0
"Dc55481","locus120",1,1,NA,NA,0.900752,NA,1,0
"Dc55481","locus128",1,0.21567,NA,1,1,NA,1,0
"Dc55481","locus129",1,1,NA,1,1,NA,1,0
"Dc55481","locus130",1,NA,NA,NA,0.368376,NA,1,0
"Dc55481","locus134",0.476916,0.080376,NA,NA,1,NA,1,0
"Dc55481","locus135",1,1,NA,1,1,NA,1,0
"Dc55481","locus137",1,0.75012,NA,1,0.76,NA,1,0
"Dc55481","locus139",1,0.36394,NA,1,1,NA,1,0
"Dc55481","locus140",1,0.36947,NA,1,1,NA,1,0
"Dc55481","locus146",1,0.500504,NA,1,1,NA,0.21014,0
"Dc55481","locus151",1,NA,NA,1,1,NA,0.276592,0
"Dc55481","locus157",0.378696,NA,NA,NA,1,NA,1,0
"Dc55481","locus161",1,0.845552,NA,1,1,NA,0.36631,0
"Dc55481","locus165",1,0.732736,1,NA,1,NA,0.45685,0
"Dc55481","locus170",1,1,NA,1,1,NA,1,0
"Dc55481","locus176",0.639652,NA,NA,NA,0.382644,NA,0.639652,0
"Dc55481","locus184",1,1,NA,1,1,NA,1,0
"Dc55481","locus186",0.88564,0.30412,NA,1,0.88564,NA,1,0
"Dc55481","locus188",1,1,1,NA,1,NA,1,0
"Dc55481","locus189",0.54787,0.54787,NA,NA,1,1,0.54787,0
"Dc55481","locus190",1,1,NA,NA,1,1,0.73464,0
"Dc55481","locus191",1,NA,1,NA,1,1,1,0
"Dc55481","locus192",1,1,NA,NA,1,1,1,0
"Dc55481","locus195",1,1,NA,NA,0.55625,1,1,0
"Dc55481","locus202",1,1,NA,NA,1,1,1,0
"Dc55481","locus215",0.957248,NA,NA,NA,0.957248,1,0.957248,0
"Dc55481","locus227",1,1,1,NA,1,1,1,0
"Dc55481","locus231",1,0.874008,NA,NA,1,NA,1,0
"Dc55481","locus235",0.06853,1,NA,NA,1,1,1,0
"Dc55481","locus236",1,1,NA,NA,1,1,1,0
"Dc55481","locus237",1,1,NA,NA,1,1,1,0
"Dc55481","locus239",1,1,NA,NA,0.31593,1,1,0
"Dc55481","locus248",1,1,NA,NA,1,1,1,0
"Dc55481","locus256",0.754328,1,NA,NA,0.754328,NA,1,0
"Dc55481","locus263",0.30454,1,1,NA,1,NA,1,0
"Dc55481","locus264",1,1,NA,NA,1,NA,1,0
"Dc55481","locus274",1,0.510208,NA,NA,1,NA,1,0
"Dc55481","locus280",1,1,NA,NA,1,NA,1,0
"Dc55481","locus282",0.79084,1,NA,NA,1,NA,1,0
"Dc55481","locus286",1,1,NA,NA,1,NA,0.360784,0
"Dc55481","locus291",1,0.885688,NA,NA,1,NA,1,0
"Dc55481","locus292",1,0.55685,0.996552,NA,1,NA,1,0
"Dc55481","locus296",1,1,NA,NA,1,NA,1,0
"Dc55481","locus301",1,1,NA,NA,1,NA,1,0
"Dc55481","locus314",0.3298,1,NA,NA,1,NA,0.750456,0
"Dc55481","locus321",1,1,1,NA,1,NA,1,0
"Dc55481","locus322",1,1,NA,NA,1,NA,1,0
"Dc55481","locus323",0.700216,0.528112,NA,NA,0.528112,NA,0.700216,0
"Dc55481","locus332",0.746372,0.746372,NA,NA,0.584718,NA,0.060544,0
"Dc55481","locus358",1,1,NA,NA,1,NA,1,0
"Dc55481","locus359",1,1,NA,NA,0.861152,NA,1,0
"Dc55481","locus360",0.22629,0.829828,NA,NA,0.161336,NA,1,0
"Dc58248","Dc62188",1,1,NA,1,1,NA,1,0
"Dc58248","Dc67011",1,1,NA,1,1,NA,1,0
"Dc58248","locus003",1,1,NA,1,0.46908,NA,0.579912,0
"Dc58248","locus004",1,1,NA,1,1,NA,1,0
"Dc58248","locus005",1,1,NA,1,1,NA,1,0
"Dc58248","locus006",0.203004,0.35405,1,1,1,NA,1,0
"Dc58248","locus008",1,1,NA,1,1,NA,1,0
"Dc58248","locus013",0.33066,0.632766,NA,0.465984,0.632766,NA,0.632766,0
"Dc58248","locus014",1,1,NA,0.56397,0.935416,NA,1,0
"Dc58248","locus022",1,1,NA,1,1,NA,0.4125,0
"Dc58248","locus024",1,1,NA,1,1,NA,1,0
"Dc58248","locus025",0.63561,1,1,NA,0.63561,NA,1,0
"Dc58248","locus027",1,1,NA,NA,NA,NA,NA,0
"Dc58248","locus030",0.922908,0.922908,NA,NA,0.922908,NA,0.412288,0
"Dc58248","locus035",1,0.922216,NA,NA,1,NA,1,0
"Dc58248","locus038",1,0.648728,NA,NA,1,NA,0.648728,0
"Dc58248","locus039",1,0.4886,NA,NA,1,NA,1,0
"Dc58248","locus040",1,1,NA,NA,1,NA,1,0
"Dc58248","locus041",1,1,NA,NA,0.880992,NA,1,0
"Dc58248","locus045",1,1,NA,NA,1,NA,1,0
"Dc58248","locus047",1,1,1,NA,0.91316,NA,1,0
"Dc58248","locus048",1,1,NA,NA,1,NA,1,0
"Dc58248","locus053",0.833264,0.083224,NA,NA,0.872722,NA,0.54828,0
"Dc58248","locus055",1,1,NA,NA,1,NA,0.418416,0
"Dc58248","locus056",1,0.74466,NA,1,0.803672,NA,1,0
"Dc58248","locus058",0.85476,0.85476,NA,1,1,NA,1,0
"Dc58248","locus060",1,1,NA,1,1,NA,1,0
"Dc58248","locus061",0.234444,NA,NA,NA,0.116694,NA,0.901486,0
"Dc58248","locus062",1,1,NA,1,0.75241,NA,1,0
"Dc58248","locus064",1,0.94585,NA,1,1,NA,1,0
"Dc58248","locus065",1,1,NA,1,0.44593,NA,1,0
"Dc58248","locus073",1,0.7229,NA,1,0.7229,NA,1,0
"Dc58248","locus074",1,1,NA,1,1,NA,1,0
"Dc58248","locus076",1,0.357688,NA,NA,1,NA,1,0
"Dc58248","locus077",1,1,NA,1,0.78888,NA,1,0
"Dc58248","locus080",1,1,NA,NA,1,NA,1,0
"Dc58248","locus083",0.300714,NA,NA,NA,0.943156,NA,0.300714,0
"Dc58248","locus088",1,1,NA,NA,1,NA,1,0
"Dc58248","locus093",1,1,1,NA,1,NA,1,0
"Dc58248","locus096",0.526698,0.526698,NA,NA,0.526698,NA,0.511752,0
"Dc58248","locus098",0.132408,1,NA,NA,1,NA,1,0
"Dc58248","locus100",1,1,NA,NA,1,NA,0.659136,0
"Dc58248","locus106",0.41248,1,NA,NA,0.486276,NA,1,0
"Dc58248","locus116",1,1,NA,NA,1,NA,1,0
"Dc58248","locus120",1,0.324976,NA,NA,1,NA,1,0
"Dc58248","locus128",0.489432,0.14607,NA,1,0.439704,NA,1,0
"Dc58248","locus129",0.968862,0.67347,NA,1,0.691264,NA,1,0
"Dc58248","locus130",0.593592,NA,NA,NA,0.489756,NA,0.593592,0
"Dc58248","locus134",0.648072,0.648072,NA,NA,0.692544,NA,0.692544,0
"Dc58248","locus135",1,1,NA,1,1,NA,1,0
"Dc58248","locus137",0.0794,1,NA,1,1,NA,1,0
"Dc58248","locus139",1,1,NA,1,1,NA,0.16245,0
"Dc58248","locus140",1,1,NA,1,1,NA,0.16781,0
"Dc58248","locus146",1,1,NA,1,0.77262,NA,1,0
"Dc58248","locus148",0.16374,1,1,1,1,NA,1,0
"Dc58248","locus151",1,NA,NA,1,1,NA,1,0
"Dc58248","locus157",1,NA,NA,NA,1,NA,1,0
"Dc58248","locus161",1,1,NA,1,1,NA,1,0
"Dc58248","locus165",1,1,1,NA,1,NA,1,0
"Dc58248","locus170",0.8512,0.41589,NA,0.973304,0.8512,NA,0.973304,0
"Dc58248","locus176",0.20511,NA,NA,NA,0.689692,NA,0.689692,0
"Dc58248","locus184",1,1,NA,1,1,NA,1,0
"Dc58248","locus186",1,1,NA,1,0.56294,NA,1,0
"Dc58248","locus188",1,0.49888,1,NA,1,NA,1,0
"Dc58248","locus189",0.606928,1,NA,NA,1,0.28549,1,0
"Dc58248","locus190",1,1,NA,NA,1,1,1,0
"Dc58248","locus191",1,NA,1,NA,1,1,1,0
"Dc58248","locus192",1,0.908262,NA,NA,0.649664,1,0.18237,0
"Dc58248","locus195",1,0.595496,NA,NA,0.681516,0.42614,1,0
"Dc58248","locus202",1,0.81847,NA,NA,1,1,1,0
"Dc58248","locus215",0.848598,NA,NA,NA,0.366344,1,1,0
"Dc58248","locus227",1,1,1,NA,1,0.518916,1,0
"Dc58248","locus231",1,1,NA,NA,1,NA,1,0
"Dc58248","locus235",0.95824,1,NA,NA,1,1,1,0
"Dc58248","locus236",0.81933,0.84464,NA,NA,0.865806,0.966692,0.966692,0
"Dc58248","locus237",1,1,NA,NA,1,1,1,0
"Dc58248","locus239",1,1,NA,NA,0.92151,1,1,0
"Dc58248","locus248",1,1,NA,NA,1,1,1,0
"Dc58248","locus256",0.884016,0.884016,NA,NA,0.276392,NA,0.884016,0
"Dc58248","locus263",0.87873,0.645928,1,NA,0.48343,NA,1,0
"Dc58248","locus264",1,1,NA,NA,1,NA,1,0
"Dc58248","locus274",0.08172,0.986576,NA,NA,0.986576,NA,0.124896,0
"Dc58248","locus280",1,1,NA,NA,1,NA,1,0
"Dc58248","locus282",1,1,NA,NA,1,NA,1,0
"Dc58248","locus286",1,1,NA,NA,1,NA,1,0
"Dc58248","locus291",1,0.548256,NA,NA,0.548256,NA,1,0
"Dc58248","locus292",1,1,1,NA,1,NA,1,0
"Dc58248","locus296",1,1,NA,NA,1,NA,1,0
"Dc58248","locus301",1,1,NA,NA,1,NA,1,0
"Dc58248","locus314",0.777476,0.69976,NA,NA,0.751208,NA,0.69976,0
"Dc58248","locus321",1,1,1,NA,0.35359,NA,1,0
"Dc58248","locus322",0.439448,0.62242,NA,NA,0.57768,NA,0.62242,0
"Dc58248","locus323",0.29096,0.99078,NA,NA,0.575934,NA,0.99078,0
"Dc58248","locus329",1,1,NA,NA,1,NA,1,0
"Dc58248","locus332",1,1,NA,NA,1,NA,1,0
"Dc58248","locus358",1,1,NA,NA,1,NA,1,0
"Dc58248","locus359",1,0.55818,NA,NA,0.104112,NA,1,0
"Dc58248","locus360",0.959472,1,NA,NA,1,NA,1,0
"Dc62188","Dc67011",1,0.573568,NA,1,1,NA,0.12276,0
"Dc62188","locus003",1,1,NA,1,0.42803,NA,0.926432,0
"Dc62188","locus004",1,1,NA,1,1,NA,1,0
"Dc62188","locus005",0.637926,0.53057,NA,0.637926,0.53057,NA,0.637926,0
"Dc62188","locus006",1,1,1,1,1,NA,1,0
"Dc62188","locus008",1,0.24747,NA,1,1,NA,1,0
"Dc62188","locus013",1,1,NA,0.805176,0.14715,NA,1,0
"Dc62188","locus014",0.33727,0.801312,NA,0.801312,0.98758,NA,1,0
"Dc62188","locus024",1,0.74034,NA,1,0.435072,NA,0.08372,0
"Dc62188","locus025",1,1,1,NA,1,NA,0.86186,0
"Dc62188","locus027",0.539784,0.539784,NA,NA,NA,NA,NA,0
"Dc62188","locus030",1,1,NA,NA,1,NA,1,0
"Dc62188","locus035",0.849652,0.071736,NA,NA,0.635328,NA,0.635328,0
"Dc62188","locus038",1,0.794552,NA,NA,1,NA,1,0
"Dc62188","locus039",1,1,NA,NA,1,NA,1,0
"Dc62188","locus040",1,1,NA,NA,1,NA,1,0
"Dc62188","locus041",0.062424,0.472638,NA,NA,0.472638,NA,1,0
"Dc62188","locus045",1,1,NA,NA,1,NA,1,0
"Dc62188","locus047",1,1,1,NA,0.2999,NA,1,0
"Dc62188","locus048",1,0.401312,NA,NA,1,NA,1,0
"Dc62188","locus053",1,1,NA,NA,1,NA,1,0
"Dc62188","locus055",0.496968,1,NA,NA,1,NA,1,0
"Dc62188","locus056",1,0.86555,NA,1,1,NA,1,0
"Dc62188","locus058",0.912648,0.912648,NA,1,1,NA,0.18175,0
"Dc62188","locus060",1,1,NA,1,1,NA,1,0
"Dc62188","locus061",0.5016,NA,NA,NA,1,NA,1,0
"Dc62188","locus062",1,1,NA,1,0.285952,NA,0.08656,0
"Dc62188","locus064",1,1,NA,1,1,NA,1,0
"Dc62188","locus065",0.889296,1,NA,1,0.22423,NA,0.874816,0
"Dc62188","locus073",1,1,NA,0.266864,1,NA,0.19136,0
"Dc62188","locus074",1,1,NA,1,1,NA,1,0
"Dc62188","locus076",0.272856,0.762528,NA,NA,0.762528,NA,0.28881,0
"Dc62188","locus077",1,1,NA,1,1,NA,1,0
"Dc62188","locus080",1,1,NA,NA,1,NA,1,0
"Dc62188","locus083",0.786534,NA,NA,NA,1,NA,1,0
"Dc62188","locus088",1,1,NA,NA,1,NA,1,0
"Dc62188","locus093",1,1,1,NA,1,NA,1,0
"Dc62188","locus096",1,1,NA,NA,0.241016,NA,1,0
"Dc62188","locus098",1,1,NA,NA,0.672216,NA,1,0
"Dc62188","locus100",1,1,NA,NA,0.374344,NA,1,0
"Dc62188","locus106",1,0.154808,NA,NA,0.25149,NA,1,0
"Dc62188","locus116",0.741234,0.7262,NA,NA,0.830548,NA,0.830548,0
"Dc62188","locus119",1,1,NA,NA,1,NA,1,0
"Dc62188","locus120",0.960776,1,NA,NA,0.960776,NA,1,0
"Dc62188","locus129",1,1,NA,1,0.72318,NA,1,0
"Dc62188","locus130",1,NA,NA,NA,1,NA,1,0
"Dc62188","locus134",1,1,NA,NA,1,NA,1,0
"Dc62188","locus135",1,1,NA,1,1,NA,1,0
"Dc62188","locus137",0.81308,0.81308,NA,1,1,NA,1,0
"Dc62188","locus139",0.5647,1,NA,1,1,NA,1,0
"Dc62188","locus140",0.53047,1,NA,1,1,NA,1,0
"Dc62188","locus146",1,1,NA,1,1,NA,1,0
"Dc62188","locus148",0.545808,0.868544,1,0.66281,0.66281,NA,0.66281,0
"Dc62188","locus151",1,NA,NA,1,0.225672,NA,1,0
"Dc62188","locus157",1,NA,NA,NA,1,NA,1,0
"Dc62188","locus161",1,1,NA,1,1,NA,1,0
"Dc62188","locus165",0.899696,1,1,NA,0.57363,NA,1,0
"Dc62188","locus170",1,1,NA,1,1,NA,1,0
"Dc62188","locus176",0.981168,NA,NA,NA,0.303048,NA,0.981168,0
"Dc62188","locus184",1,1,NA,1,0.30189,NA,1,0
"Dc62188","locus189",1,1,NA,NA,1,0.28282,1,0
"Dc62188","locus190",0.602584,0.1799,NA,NA,0.988764,0.988764,0.602584,0
"Dc62188","locus192",1,1,NA,NA,0.956488,0.47854,1,0
"Dc62188","locus195",1,1,NA,NA,1,1,1,0
"Dc62188","locus202",1,1,NA,NA,1,1,1,0
"Dc62188","locus215",1,NA,NA,NA,1,1,1,0
"Dc62188","locus227",0.22884,0.66148,1,NA,0.948264,1,1,0
"Dc62188","locus231",1,1,NA,NA,0.58464,NA,1,0
"Dc62188","locus235",1,1,NA,NA,1,1,0.45742,0
"Dc62188","locus236",0.49226,1,NA,NA,1,1,1,0
"Dc62188","locus237",1,1,NA,NA,0.59854,1,1,0
"Dc62188","locus239",1,0.76104,NA,NA,0.81276,1,1,0
"Dc62188","locus248",1,1,NA,NA,1,1,1,0
"Dc62188","locus256",1,1,NA,NA,1,NA,1,0
"Dc62188","locus263",1,1,1,NA,1,NA,1,0
"Dc62188","locus264",0.969656,1,NA,NA,1,NA,1,0
"Dc62188","locus274",0.070728,0.841194,NA,NA,0.841194,NA,0.841194,0
"Dc62188","locus280",0.171416,1,NA,NA,1,NA,1,0
"Dc62188","locus282",1,1,NA,NA,0.150304,NA,1,0
"Dc62188","locus286",1,0.258808,NA,NA,1,NA,1,0
"Dc62188","locus291",1,1,NA,NA,1,NA,1,0
"Dc62188","locus292",1,0.18286,1,NA,1,NA,1,0
"Dc62188","locus296",1,1,NA,NA,1,NA,0.35044,0
"Dc62188","locus301",1,0.213056,NA,NA,1,NA,1,0
"Dc62188","locus314",0.926056,1,NA,NA,1,NA,1,0
"Dc62188","locus321",1,1,1,NA,1,NA,1,0
"Dc62188","locus322",0.9756,1,NA,NA,1,NA,1,0
"Dc62188","locus323",1,1,NA,NA,1,NA,1,0
"Dc62188","locus329",1,1,NA,NA,1,NA,1,0
"Dc62188","locus332",0.737184,0.737184,NA,NA,0.737184,NA,0.435128,0
"Dc62188","locus358",0.516048,1,NA,NA,1,NA,1,0
"Dc62188","locus359",1,1,NA,NA,1,NA,1,0
"Dc62188","locus360",1,1,1,NA,0.47928,NA,1,0
"Dc67011","locus003",1,1,NA,1,1,NA,0.10945,0
"Dc67011","locus004",1,1,1,1,1,NA,1,0
"Dc67011","locus005",1,1,NA,1,0.81066,NA,1,0
"Dc67011","locus006",1,1,NA,0.71062,1,NA,1,0
"Dc67011","locus008",1,0.97604,NA,1,1,NA,1,0
"Dc67011","locus013",0.704056,0.704056,NA,1,1,NA,0.6189,0
"Dc67011","locus014",1,0.977652,1,1,1,NA,1,0
"Dc67011","locus022",0.08759,1,NA,1,1,NA,1,0
"Dc67011","locus024",1,1,NA,0.800056,0.76185,NA,0.800056,0
"Dc67011","locus025",0.344208,0.907842,NA,NA,0.907842,NA,0.907842,0
"Dc67011","locus027",0.890536,0.890536,NA,NA,NA,NA,NA,0
"Dc67011","locus030",0.57497,1,1,NA,1,NA,1,0
"Dc67011","locus035",1,1,NA,NA,1,NA,1,0
"Dc67011","locus038",1,1,NA,NA,0.880288,NA,1,0
"Dc67011","locus039",1,1,NA,NA,1,NA,1,0
"Dc67011","locus040",1,0.818046,NA,NA,1,NA,0.729912,0
"Dc67011","locus041",1,1,NA,NA,1,NA,1,0
"Dc67011","locus045",1,1,NA,NA,1,NA,0.968288,0
"Dc67011","locus047",1,1,NA,NA,1,NA,1,0
"Dc67011","locus048",1,1,NA,NA,1,NA,1,0
"Dc67011","locus053",1,1,NA,NA,1,NA,1,0
"Dc67011","locus055",1,1,NA,NA,1,NA,0.4082,0
"Dc67011","locus056",1,1,NA,1,1,NA,1,0
"Dc67011","locus060",1,1,NA,1,1,NA,1,0
"Dc67011","locus061",1,NA,NA,NA,1,NA,1,0
"Dc67011","locus062",1,1,NA,1,1,NA,0.93149,0
"Dc67011","locus064",0.1292,1,NA,1,1,NA,1,0
"Dc67011","locus065",1,1,NA,1,1,NA,1,0
"Dc67011","locus073",1,1,NA,1,1,NA,1,0
"Dc67011","locus074",1,1,NA,1,1,NA,1,0
"Dc67011","locus076",1,1,1,NA,1,NA,1,0
"Dc67011","locus077",1,1,NA,1,0.23824,NA,1,0
"Dc67011","locus080",0.662272,1,NA,NA,1,NA,1,0
"Dc67011","locus083",1,NA,NA,NA,0.573984,NA,1,0
"Dc67011","locus088",1,1,NA,NA,1,NA,1,0
"Dc67011","locus093",1,1,1,NA,1,NA,1,0
"Dc67011","locus096",1,1,NA,NA,1,NA,1,0
"Dc67011","locus098",1,0.24845,1,NA,1,NA,1,0
"Dc67011","locus100",0.689704,1,NA,NA,1,NA,1,0
"Dc67011","locus106",0.612522,0.674444,NA,NA,0.217848,NA,0.69791,0
"Dc67011","locus116",1,0.72824,NA,NA,1,NA,1,0
"Dc67011","locus119",0.840952,1,NA,NA,1,NA,1,0
"Dc67011","locus120",0.9518,1,NA,NA,1,NA,1,0
"Dc67011","locus128",1,1,NA,1,1,NA,1,0
"Dc67011","locus129",1,0.14473,NA,1,1,NA,1,0
"Dc67011","locus130",1,NA,1,NA,1,NA,1,0
"Dc67011","locus134",1,1,NA,NA,1,NA,1,0
"Dc67011","locus135",1,1,NA,1,1,NA,1,0
"Dc67011","locus137",1,1,1,0.860052,1,NA,1,0
"Dc67011","locus139",1,1,NA,1,1,NA,1,0
"Dc67011","locus140",1,1,NA,1,1,NA,1,0
"Dc67011","locus146",0.317,1,NA,1,1,NA,1,0
"Dc67011","locus148",1,0.13088,NA,1,1,NA,1,0
"Dc67011","locus151",1,NA,NA,1,1,NA,1,0
"Dc67011","locus157",1,NA,NA,NA,1,NA,1,0
"Dc67011","locus161",1,1,NA,1,1,NA,1,0
"Dc67011","locus165",0.948504,1,NA,NA,1,NA,0.948504,0
"Dc67011","locus170",0.71851,1,NA,1,1,NA,1,0
"Dc67011","locus176",1,NA,NA,NA,1,NA,1,0
"Dc67011","locus184",1,1,NA,1,1,NA,1,0
"Dc67011","locus186",1,1,NA,1,1,NA,1,0
"Dc67011","locus188",0.985206,0.675224,NA,NA,1,NA,1,0
"Dc67011","locus189",1,1,NA,NA,1,1,1,0
"Dc67011","locus190",1,1,NA,NA,1,1,0.35728,0
"Dc67011","locus191",0.61308,NA,NA,NA,1,1,0.61308,0
"Dc67011","locus192",1,1,NA,NA,1,1,1,0
"Dc67011","locus195",0.659172,0.659172,1,NA,1,1,1,0
"Dc67011","locus202",1,1,NA,NA,1,1,1,0
"Dc67011","locus215",1,NA,NA,NA,1,0.186432,1,0
"Dc67011","locus227",1,0.317592,1,NA,1,1,1,0
"Dc67011","locus235",1,0.99482,NA,NA,1,1,1,0
"Dc67011","locus236",0.865232,1,NA,NA,0.865232,0.71509,1,0
"Dc67011","locus237",1,1,1,NA,1,1,0.188856,0
"Dc67011","locus239",0.59333,0.893028,NA,NA,0.59333,0.893028,0.893028,0
"Dc67011","locus248",1,1,NA,NA,1,1,1,0
"Dc67011","locus256",1,1,NA,NA,1,NA,1,0
"Dc67011","locus263",1,1,NA,NA,1,NA,1,0
"Dc67011","locus264",1,1,NA,NA,1,NA,1,0
"Dc67011","locus274",1,0.594618,NA,NA,1,NA,0.100224,0
"Dc67011","locus280",1,1,NA,NA,0.183632,NA,0.395718,0
"Dc67011","locus282",0.322888,1,NA,NA,0.876432,NA,1,0
"Dc67011","locus286",1,0.540456,NA,NA,1,NA,1,0
"Dc67011","locus291",1,1,NA,NA,1,NA,1,0
"Dc67011","locus292",1,0.73012,NA,NA,0.73012,NA,1,0
"Dc67011","locus296",1,1,NA,NA,0.832128,NA,0.832128,0
"Dc67011","locus301",1,1,NA,NA,1,NA,1,0
"Dc67011","locus314",1,0.863072,NA,NA,1,NA,1,0
"Dc67011","locus321",0.498712,1,NA,NA,1,NA,1,0
"Dc67011","locus322",1,1,NA,NA,1,NA,1,0
"Dc67011","locus323",1,1,NA,NA,1,NA,0.927024,0
"Dc67011","locus329",0.443936,1,NA,NA,1,NA,1,0
"Dc67011","locus332",0.40244,0.975714,NA,NA,1,NA,1,0
"Dc67011","locus358",1,0.235304,NA,NA,0.92457,NA,1,0
"Dc67011","locus359",0.776096,0.776096,NA,NA,0.776096,NA,0.776096,0
"Dc67011","locus360",1,0.250216,NA,NA,0.866184,NA,1,0
"locus003","locus004",1,1,1,1,1,NA,1,0
"locus003","locus005",0.40477,1,NA,1,1,NA,1,0
"locus003","locus006",1,1,NA,1,1,NA,1,0
"locus003","locus013",1,1,NA,1,1,NA,0.64187,0
"locus003","locus014",1,1,1,1,1,NA,1,0
"locus003","locus022",1,1,NA,1,1,NA,1,0
"locus003","locus024",0.639672,0.70785,NA,1,0.47412,NA,0.763092,0
"locus003","locus027",1,1,NA,NA,NA,NA,NA,0
"locus003","locus030",1,1,1,NA,1,NA,1,0
"locus003","locus035",0.450978,0.209456,NA,NA,1,NA,0.450978,0
"locus003","locus038",0.842016,1,NA,NA,1,NA,1,0
"locus003","locus039",1,1,NA,NA,1,NA,1,0
"locus003","locus040",1,0.811344,NA,NA,1,NA,1,0
"locus003","locus041",1,1,NA,NA,1,NA,1,0
"locus003","locus045",0.722886,0.722886,NA,NA,0.722886,NA,0.205328,0
"locus003","locus047",1,1,NA,NA,0.89523,NA,0.749576,0
"locus003","locus048",1,1,NA,NA,1,NA,1,0
"locus003","locus053",0.84357,0.84357,NA,NA,0.84357,NA,0.470592,0
"locus003","locus055",1,1,NA,NA,1,NA,1,0
"locus003","locus056",1,1,NA,1,1,NA,1,0
"locus003","locus058",1,1,NA,1,1,NA,1,0
"locus003","locus060",1,1,NA,1,1,NA,1,0
"locus003","locus061",1,NA,NA,NA,1,NA,1,0
"locus003","locus062",0.09485,1,NA,1,1,NA,1,0
"locus003","locus064",1,1,NA,1,0.47587,NA,1,0
"locus003","locus065",1,1,NA,1,1,NA,1,0
"locus003","locus073",1,1,NA,1,1,NA,1,0
"locus003","locus074",1,1,NA,1,1,NA,1,0
"locus003","locus076",1,0.12519,1,NA,0.910968,NA,1,0
"locus003","locus077",0.15319,1,NA,1,1,NA,0.862184,0
"locus003","locus080",1,1,1,NA,1,NA,1,0
"locus003","locus083",1,NA,NA,NA,0.100266,NA,1,0
"locus003","locus088",0.6025,0.23656,NA,NA,0.6025,NA,0.302208,0
"locus003","locus093",1,1,1,NA,1,NA,1,0
"locus003","locus096",0.052376,0.770634,NA,NA,0.542184,NA,0.392478,0
"locus003","locus098",1,1,1,NA,0.48082,NA,1,0
"locus003","locus100",1,1,NA,NA,1,NA,1,0
"locus003","locus106",1,1,NA,NA,1,NA,1,0
"locus003","locus116",1,1,NA,NA,0.433904,NA,1,0
"locus003","locus119",1,1,NA,NA,1,NA,0.716936,0
"locus003","locus120",0.385592,0.385592,NA,NA,0.385592,NA,0.814492,0
"locus003","locus128",1,1,NA,1,1,NA,1,0
"locus003","locus129",0.39757,1,NA,1,1,NA,1,0
"locus003","locus130",0.242352,NA,NA,NA,0.993388,NA,1,0
"locus003","locus134",1,0.26204,NA,NA,1,NA,1,0
"locus003","locus135",1,1,NA,1,1,NA,1,0
"locus003","locus137",1,0.2898,1,1,0.64642,NA,1,0
"locus003","locus139",0.5074,0.539658,NA,1,0.5074,NA,0.827168,0
"locus003","locus140",0.50722,0.537648,NA,1,0.50722,NA,0.829548,0
"locus003","locus146",0.36924,0.734496,NA,0.59589,0.29836,NA,1,0
"locus003","locus148",0.775032,1,NA,1,1,NA,0.12615,0
"locus003","locus151",1,NA,NA,1,1,NA,1,0
"locus003","locus157",1,NA,NA,NA,1,NA,1,0
"locus003","locus161",1,1,NA,1,0.09303,NA,1,0
"locus003","locus165",1,0.475944,NA,NA,1,NA,1,0
"locus003","locus170",0.10129,1,NA,1,1,NA,0.693176,0
"locus003","locus176",0.846168,NA,1,NA,1,NA,1,0
"locus003","locus184",1,0.410728,NA,1,0.29547,NA,0.522024,0
"locus003","locus186",1,0.0756,NA,1,1,NA,1,0
"locus003","locus188",0.769984,0.830718,NA,NA,0.830718,NA,0.830718,0
"locus003","locus189",1,1,NA,NA,0.76979,1,0.947064,0
"locus003","locus190",1,1,NA,NA,1,1,1,0
"locus003","locus191",0.642728,NA,NA,NA,0.711402,1,0.711402,0
"locus003","locus192",0.98557,1,NA,NA,1,1,1,0
"locus003","locus195",1,1,1,NA,1,1,1,0
"locus003","locus202",1,1,NA,NA,1,1,1,0
"locus003","locus215",1,NA,NA,NA,1,1,1,0
"locus003","locus227",1,1,1,NA,1,1,1,0
"locus003","locus231",1,1,NA,NA,1,NA,1,0
"locus003","locus235",0.65021,1,NA,NA,1,1,0.65021,0
"locus003","locus236",1,0.272,NA,NA,1,1,0.381744,0
"locus003","locus237",1,1,1,NA,1,1,0.4314,0
"locus003","locus239",1,1,NA,NA,1,1,1,0
"locus003","locus248",0.73337,1,NA,NA,1,1,1,0
"locus003","locus256",0.95182,0.843612,NA,NA,0.679464,NA,0.450624,0
"locus003","locus263",0.530808,1,NA,NA,1,NA,1,0
"locus003","locus264",1,1,NA,NA,1,NA,1,0
"locus003","locus274",0.541132,0.305152,NA,NA,0.519294,NA,0.541132,0
"locus003","locus280",1,1,NA,NA,1,NA,1,0
"locus003","locus282",1,1,NA,NA,1,NA,1,0
"locus003","locus291",0.31032,1,NA,NA,1,NA,1,0
"locus003","locus292",1,1,NA,NA,1,NA,1,0
"locus003","locus296",1,1,NA,NA,1,NA,1,0
"locus003","locus301",0.496864,0.734622,NA,NA,0.734622,NA,1,0
"locus003","locus314",0.89156,0.89156,NA,NA,0.89156,NA,1,0
"locus003","locus321",0.482216,0.683712,NA,NA,0.4998,NA,0.876538,0
"locus003","locus323",1,1,NA,NA,1,NA,1,0
"locus003","locus329",1,1,NA,NA,1,NA,1,0
"locus003","locus332",1,1,NA,NA,1,NA,1,0
"locus003","locus358",1,1,NA,NA,1,NA,1,0
"locus003","locus359",1,1,NA,NA,0.146744,NA,1,0
"locus003","locus360",1,1,NA,NA,1,NA,1,0
"locus004","locus005",0.64211,0.45544,NA,0.24325,0.522884,NA,0.516168,0
"locus004","locus006",1,1,NA,1,0.1006,NA,1,0
"locus004","locus008",1,1,NA,1,1,NA,1,0
"locus004","locus013",0.878712,1,NA,1,0.22218,NA,1,0
"locus004","locus014",1,1,1,1,0.688368,NA,1,0
"locus004","locus022",1,1,NA,1,1,NA,1,0
"locus004","locus024",0.810114,0.239336,NA,0.810114,0.14251,NA,0.810114,0
"locus004","locus025",1,1,NA,NA,0.233208,NA,1,0
"locus004","locus027",0.382704,0.382704,NA,NA,NA,NA,NA,0
"locus004","locus030",1,1,1,NA,1,NA,0.63124,0
"locus004","locus035",0.954048,0.954048,NA,NA,0.954048,NA,0.954048,0
"locus004","locus038",0.94416,0.076264,NA,NA,0.94416,NA,0.94416,0
"locus004","locus039",1,0.241064,NA,NA,1,NA,1,0
"locus004","locus040",1,1,NA,NA,1,NA,1,0
"locus004","locus041",1,1,NA,NA,1,NA,1,0
"locus004","locus045",1,1,NA,NA,1,NA,1,0
"locus004","locus047",0.93076,0.270488,NA,NA,0.759468,NA,0.93076,0
"locus004","locus048",0.632384,1,NA,NA,0.978168,NA,1,0
"locus004","locus053",1,1,NA,NA,0.481344,NA,0.481344,0
"locus004","locus055",1,1,NA,NA,1,NA,1,0
"locus004","locus058",1,1,NA,1,1,NA,1,0
"locus004","locus060",1,1,NA,0.70828,1,NA,1,0
"locus004","locus061",0.510174,NA,NA,NA,1,NA,1,0
"locus004","locus062",1,1,NA,1,1,NA,1,0
"locus004","locus064",1,0.81552,NA,1,1,NA,1,0
"locus004","locus065",1,1,NA,1,1,NA,1,0
"locus004","locus073",1,1,NA,1,1,NA,1,0
"locus004","locus074",1,1,NA,1,1,NA,1,0
"locus004","locus076",1,0.99457,1,NA,1,NA,1,0
"locus004","locus077",1,1,NA,1,1,NA,1,0
"locus004","locus080",0.95556,0.95556,NA,NA,0.722144,NA,0.845874,0
"locus004","locus083",1,NA,NA,NA,1,NA,1,0
"locus004","locus093",1,1,1,NA,1,NA,1,0
"locus004","locus096",1,0.293256,NA,NA,0.386712,NA,1,0
"locus004","locus098",1,0.63297,1,NA,1,NA,1,0
"locus004","locus100",1,0.885816,NA,NA,1,NA,1,0
"locus004","locus106",1,1,NA,NA,0.610688,NA,0.822894,0
"locus004","locus116",1,1,NA,NA,1,NA,1,0
"locus004","locus119",1,1,NA,NA,0.957208,NA,1,0
"locus004","locus120",0.18752,1,NA,NA,1,NA,1,0
"locus004","locus128",1,1,NA,1,1,NA,1,0
"locus004","locus129",1,1,NA,0.58043,1,NA,1,0
"locus004","locus130",1,NA,NA,NA,1,NA,1,0
"locus004","locus134",0.632496,0.117168,NA,NA,0.632496,NA,0.632496,0
"locus004","locus135",1,1,NA,1,1,NA,1,0
"locus004","locus137",1,0.284412,1,1,1,NA,1,0
"locus004","locus139",1,0.956776,NA,0.71867,1,NA,1,0
"locus004","locus140",1,0.945488,NA,0.71173,1,NA,1,0
"locus004","locus146",1,0.6569,NA,1,1,NA,1,0
"locus004","locus148",1,1,NA,1,1,NA,1,0
"locus004","locus151",0.846774,NA,NA,1,0.429896,NA,1,0
"locus004","locus157",0.141354,NA,NA,NA,1,NA,1,0
"locus004","locus161",1,1,NA,1,1,NA,1,0
"locus004","locus170",1,1,NA,1,1,NA,1,0
"locus004","locus176",0.636618,NA,NA,NA,0.871588,NA,0.636618,0
"locus004","locus184",0.22579,1,NA,1,0.22579,NA,1,0
"locus004","locus186",1,1,NA,1,1,NA,1,0
"locus004","locus188",0.793232,0.425082,NA,NA,0.29364,NA,0.425082,0
"locus004","locus189",0.24698,1,NA,NA,1,1,0.998608,0
"locus004","locus190",1,0.73128,NA,NA,1,1,1,0
"locus004","locus191",1,NA,NA,NA,0.396936,1,0.945264,0
"locus004","locus192",1,1,NA,NA,1,1,1,0
"locus004","locus195",1,0.33409,1,NA,0.243804,1,1,0
"locus004","locus202",1,1,NA,NA,1,1,1,0
"locus004","locus215",1,NA,NA,NA,0.662992,1,1,0
"locus004","locus227",1,1,1,NA,0.95166,1,1,0
"locus004","locus231",1,1,1,NA,1,NA,1,0
"locus004","locus235",1,0.3217,NA,NA,0.901848,1,1,0
"locus004","locus236",1,0.51086,NA,NA,1,1,1,0
"locus004","locus237",1,1,1,NA,1,1,1,0
"locus004","locus239",0.895432,0.39172,NA,NA,0.23536,0.60708,0.895432,0
"locus004","locus248",0.844168,0.31108,NA,NA,0.844168,0.14056,0.560184,0
"locus004","locus256",0.688248,1,NA,NA,0.336576,NA,1,0
"locus004","locus263",1,1,NA,NA,1,NA,1,0
"locus004","locus264",1,1,NA,NA,1,NA,1,0
"locus004","locus274",1,1,NA,NA,1,NA,1,0
"locus004","locus280",1,1,NA,NA,1,NA,1,0
"locus004","locus282",0.46152,0.515204,NA,NA,0.515204,NA,0.306544,0
"locus004","locus286",1,0.463576,NA,NA,1,NA,1,0
"locus004","locus291",1,1,NA,NA,1,NA,1,0
"locus004","locus292",1,0.982332,NA,NA,0.5066,NA,1,0
"locus004","locus296",0.508536,1,NA,NA,1,NA,1,0
"locus004","locus301",1,1,NA,NA,1,NA,1,0
"locus004","locus314",1,1,NA,NA,1,NA,1,0
"locus004","locus321",1,1,NA,NA,1,NA,1,0
"locus004","locus322",1,1,NA,NA,1,NA,0.359064,0
"locus004","locus323",1,1,NA,NA,1,NA,1,0
"locus004","locus329",1,0.96612,NA,NA,0.96612,NA,1,0
"locus004","locus332",1,1,NA,NA,1,NA,1,0
"locus004","locus358",0.689752,1,NA,NA,1,NA,1,0
"locus004","locus359",1,1,NA,NA,1,NA,1,0
"locus004","locus360",0.731142,0.731142,NA,NA,0.731142,NA,0.63028,0
"locus005","locus006",1,1,NA,1,1,NA,1,0
"locus005","locus008",1,1,NA,1,0.29474,NA,1,0
"locus005","locus013",0.65319,1,NA,1,1,NA,1,0
"locus005","locus014",1,1,1,1,1,NA,1,0
"locus005","locus022",1,1,NA,1,1,NA,1,0
"locus005","locus024",0.50186,1,NA,1,1,NA,1,0
"locus005","locus025",1,1,NA,NA,0.524704,NA,0.74091,0
"locus005","locus027",0.274402,0.05596,NA,NA,NA,NA,NA,0
"locus005","locus030",1,0.05633,1,NA,1,NA,0.222072,0
"locus005","locus035",1,1,NA,NA,0.542288,NA,1,0
"locus005","locus038",1,1,NA,NA,0.709832,NA,1,0
"locus005","locus039",0.219144,0.219144,NA,NA,1,NA,1,0
"locus005","locus040",0.421768,1,NA,NA,1,NA,1,0
"locus005","locus041",1,1,NA,NA,1,NA,1,0
"locus005","locus045",0.66948,1,NA,NA,1,NA,1,0
"locus005","locus047",0.76168,0.76168,NA,NA,0.76168,NA,0.76168,0
"locus005","locus048",1,1,NA,NA,1,NA,1,0
"locus005","locus053",1,1,NA,NA,1,NA,1,0
"locus005","locus055",1,1,NA,NA,1,NA,1,0
"locus005","locus056",0.747464,1,NA,1,1,NA,0.07376,0
"locus005","locus058",1,1,NA,1,0.40037,NA,1,0
"locus005","locus060",0.44519,1,NA,1,1,NA,1,0
"locus005","locus061",0.769924,NA,NA,NA,0.425256,NA,0.425256,0
"locus005","locus062",1,0.66533,NA,1,0.770296,NA,1,0
"locus005","locus064",1,1,NA,1,0.11307,NA,0.607248,0
"locus005","locus065",0.9263,1,NA,1,1,NA,1,0
"locus005","locus073",1,0.10874,NA,1,1,NA,1,0
"locus005","locus074",1,1,NA,1,1,NA,0.54994,0
"locus005","locus076",0.17006,1,1,NA,1,NA,1,0
"locus005","locus077",1,1,NA,1,0.0995,NA,1,0
"locus005","locus080",1,1,NA,NA,0.232272,NA,0.232272,0
"locus005","locus083",1,NA,NA,NA,1,NA,1,0
"locus005","locus088",1,1,NA,NA,0.80784,NA,1,0
"locus005","locus093",1,1,1,NA,1,NA,1,0
"locus005","locus096",1,0.364688,NA,NA,1,NA,1,0
"locus005","locus098",0.98847,1,1,NA,1,NA,1,0
"locus005","locus100",1,0.31608,NA,NA,1,NA,1,0
"locus005","locus106",1,1,NA,NA,1,NA,0.345344,0
"locus005","locus116",0.561392,0.156024,NA,NA,0.50952,NA,0.561392,0
"locus005","locus119",1,1,NA,NA,1,NA,1,0
"locus005","locus120",0.329238,0.885748,NA,NA,0.216952,NA,0.885748,0
"locus005","locus128",1,1,NA,1,1,NA,1,0
"locus005","locus129",1,1,NA,1,0.91752,NA,1,0
"locus005","locus130",1,NA,NA,NA,0.12051,NA,1,0
"locus005","locus134",1,0.1516,NA,NA,1,NA,1,0
"locus005","locus135",0.48979,1,NA,1,1,NA,1,0
"locus005","locus137",0.50424,0.11879,1,0.570836,0.069312,NA,0.44876,0
"locus005","locus139",0.64475,1,NA,1,1,NA,0.73792,0
"locus005","locus140",0.63129,1,NA,1,1,NA,0.733992,0
"locus005","locus146",1,1,NA,1,1,NA,1,0
"locus005","locus148",1,1,NA,1,1,NA,1,0
"locus005","locus151",0.813516,NA,NA,1,0.06432,NA,1,0
"locus005","locus157",0.164082,NA,NA,NA,0.51368,NA,0.429144,0
"locus005","locus161",1,0.98146,NA,1,1,NA,1,0
"locus005","locus165",1,1,NA,NA,1,NA,1,0
"locus005","locus170",1,1,NA,1,0.80186,NA,1,0
"locus005","locus176",0.163996,NA,NA,NA,0.163996,NA,0.140868,0
"locus005","locus186",0.15491,0.230226,NA,1,0.230008,NA,0.230226,0
"locus005","locus189",0.62579,1,NA,NA,1,0.91068,1,0
"locus005","locus190",1,0.756672,NA,NA,0.27014,1,1,0
"locus005","locus191",1,NA,NA,NA,1,0.5788,1,0
"locus005","locus192",1,1,NA,NA,1,1,1,0
"locus005","locus195",1,1,1,NA,1,1,1,0
"locus005","locus202",1,1,NA,NA,1,1,1,0
"locus005","locus215",0.407802,NA,NA,NA,0.725624,0.725624,0.330432,0
"locus005","locus227",1,1,1,NA,1,1,1,0
"locus005","locus231",1,1,1,NA,1,NA,1,0
"locus005","locus235",1,1,NA,NA,0.869632,1,0.63494,0
"locus005","locus236",1,1,NA,NA,1,1,1,0
"locus005","locus237",1,1,1,NA,1,0.85452,1,0
"locus005","locus239",1,1,NA,NA,1,1,1,0
"locus005","locus256",0.808404,0.808404,NA,NA,0.541792,NA,0.808404,0
"locus005","locus263",0.68625,0.059608,NA,NA,1,NA,1,0
"locus005","locus264",0.753824,1,NA,NA,1,NA,0.775626,0
"locus005","locus274",1,1,NA,NA,1,NA,1,0
"locus005","locus280",1,1,NA,NA,0.140264,NA,1,0
"locus005","locus282",1,1,NA,NA,1,NA,1,0
"locus005","locus286",0.882632,0.962214,NA,NA,1,NA,1,0
"locus005","locus291",1,0.142464,NA,NA,1,NA,1,0
"locus005","locus292",0.675616,1,NA,NA,1,NA,1,0
"locus005","locus296",1,1,NA,NA,1,NA,1,0
"locus005","locus301",1,1,NA,NA,0.73176,NA,1,0
"locus005","locus314",0.563416,1,NA,NA,1,NA,1,0
"locus005","locus321",1,1,NA,NA,1,NA,0.91772,0
"locus005","locus322",1,1,NA,NA,0.684168,NA,0.814446,0
"locus005","locus323",1,1,NA,NA,0.808584,NA,1,0
"locus005","locus329",0.889974,0.13128,NA,NA,1,NA,1,0
"locus005","locus332",1,1,NA,NA,0.496688,NA,1,0
"locus005","locus358",1,1,NA,NA,1,NA,1,0
"locus005","locus359",1,1,NA,NA,1,NA,1,0
"locus006","locus008",1,1,NA,1,1,NA,1,0
"locus006","locus013",1,1,NA,1,1,NA,1,0
"locus006","locus014",1,1,1,1,1,NA,0.31518,0
"locus006","locus022",1,0.72569,NA,1,1,NA,1,0
"locus006","locus024",0.793792,1,NA,0.793792,0.48542,NA,1,0
"locus006","locus027",1,1,1,NA,NA,NA,NA,0
"locus006","locus030",0.24844,1,1,NA,1,NA,1,0
"locus006","locus035",1,1,NA,NA,1,NA,1,0
"locus006","locus038",0.831624,0.317436,NA,NA,0.273752,NA,0.831624,0
"locus006","locus039",1,1,NA,NA,1,NA,0.920696,0
"locus006","locus040",1,1,NA,NA,1,NA,1,0
"locus006","locus041",0.225016,0.698754,NA,NA,1,NA,0.698754,0
"locus006","locus045",1,1,NA,NA,0.317886,NA,0.110608,0
"locus006","locus047",1,1,NA,NA,1,NA,1,0
"locus006","locus048",0.636726,0.636726,NA,NA,0.411784,NA,0.636726,0
"locus006","locus053",0.878648,0.878648,NA,NA,0.878648,NA,0.878648,0
"locus006","locus055",1,1,NA,NA,1,NA,0.216168,0
"locus006","locus056",1,1,NA,1,1,NA,1,0
"locus006","locus058",1,1,NA,1,0.83547,NA,1,0
"locus006","locus060",1,1,NA,1,1,NA,1,0
"locus006","locus061",1,NA,1,NA,0.565912,NA,0.565912,0
"locus006","locus062",1,1,NA,1,1,NA,1,0
"locus006","locus064",0.316824,0.18082,NA,1,1,NA,1,0
"locus006","locus065",1,1,NA,1,1,NA,1,0
"locus006","locus073",1,0.50098,NA,1,1,NA,1,0
"locus006","locus074",1,0.262048,NA,1,0.15977,NA,0.505566,0
"locus006","locus076",1,1,1,NA,1,NA,1,0
"locus006","locus077",1,1,NA,1,1,NA,1,0
"locus006","locus080",0.375528,1,NA,NA,1,NA,1,0
"locus006","locus083",1,NA,NA,NA,1,NA,1,0
"locus006","locus088",1,0.8012,NA,NA,1,NA,1,0
"locus006","locus093",1,1,1,NA,0.732232,NA,0.56209,0
"locus006","locus096",0.739148,0.239632,NA,NA,0.685488,NA,0.739148,0
"locus006","locus098",1,1,1,NA,1,NA,1,0
"locus006","locus106",1,1,NA,NA,1,NA,1,0
"locus006","locus116",0.14408,0.186114,NA,NA,0.186114,NA,0.276494,0
"locus006","locus119",0.360136,0.594504,NA,NA,0.6569,NA,0.6569,0
"locus006","locus120",1,1,NA,NA,1,NA,1,0
"locus006","locus129",1,1,NA,1,1,NA,1,0
"locus006","locus130",0.100188,NA,NA,NA,0.34456,NA,0.34456,0
"locus006","locus134",1,1,1,NA,1,NA,1,0
"locus006","locus135",1,1,NA,1,1,NA,1,0
"locus006","locus137",1,1,1,0.8616,0.8616,NA,1,0
"locus006","locus139",1,1,NA,1,0.94457,NA,1,0
"locus006","locus140",1,1,NA,1,0.96257,NA,1,0
"locus006","locus146",1,1,NA,1,1,NA,1,0
"locus006","locus148",0.96378,0.96378,NA,0.96378,0.96378,NA,0.96378,0
"locus006","locus151",0.818136,NA,NA,1,1,NA,1,0
"locus006","locus157",1,NA,NA,NA,1,NA,1,0
"locus006","locus161",0.07715,1,NA,1,1,NA,0.597128,0
"locus006","locus165",0.663342,1,NA,NA,1,NA,0.65936,0
"locus006","locus170",1,1,NA,1,1,NA,1,0
"locus006","locus176",1,NA,NA,NA,1,NA,1,0
"locus006","locus184",1,1,NA,1,1,NA,1,0
"locus006","locus186",1,1,NA,1,1,NA,1,0
"locus006","locus188",1,0.141064,NA,NA,1,NA,0.176808,0
"locus006","locus189",1,1,NA,NA,1,1,1,0
"locus006","locus191",1,NA,NA,NA,1,1,1,0
"locus006","locus192",1,1,NA,NA,1,1,1,0
"locus006","locus195",1,1,1,NA,1,1,1,0
"locus006","locus202",1,1,NA,NA,1,1,1,0
"locus006","locus215",1,NA,NA,NA,1,1,1,0
"locus006","locus227",1,1,1,NA,1,1,1,0
"locus006","locus231",0.358458,1,NA,NA,0.096528,NA,1,0
"locus006","locus235",1,1,NA,NA,1,1,1,0
"locus006","locus236",1,1,NA,NA,1,1,1,0
"locus006","locus237",1,1,1,NA,1,1,1,0
"locus006","locus239",1,1,NA,NA,1,1,1,0
"locus006","locus248",1,1,NA,NA,0.32285,1,1,0
"locus006","locus256",1,0.89493,NA,NA,1,NA,0.387072,0
"locus006","locus263",1,1,NA,NA,1,NA,1,0
"locus006","locus264",0.904736,0.934334,NA,NA,0.079648,NA,0.755052,0
"locus006","locus274",0.913936,0.913936,NA,NA,0.549776,NA,0.617544,0
"locus006","locus280",1,0.78824,NA,NA,1,NA,1,0
"locus006","locus282",1,1,NA,NA,1,NA,1,0
"locus006","locus286",1,1,NA,NA,1,NA,1,0
"locus006","locus291",0.880976,0.880976,NA,NA,0.880976,NA,0.880976,0
"locus006","locus292",1,0.807516,NA,NA,0.796608,NA,1,0
"locus006","locus296",1,1,NA,NA,1,NA,1,0
"locus006","locus301",1,0.643856,NA,NA,1,NA,1,0
"locus006","locus314",1,0.078736,NA,NA,1,NA,1,0
"locus006","locus321",1,1,NA,NA,0.097168,NA,1,0
"locus006","locus322",1,1,NA,NA,1,NA,1,0
"locus006","locus329",1,0.153624,NA,NA,1,NA,1,0
"locus006","locus332",0.483304,1,NA,NA,1,NA,1,0
"locus006","locus358",0.731442,0.47508,NA,NA,0.856456,NA,0.737108,0
"locus006","locus359",1,1,NA,NA,1,NA,1,0
"locus006","locus360",0.196064,0.776358,NA,NA,0.840936,NA,0.840936,0
"locus008","locus013",1,1,NA,1,1,NA,0.90703,0
"locus008","locus014",1,1,1,1,1,NA,1,0
"locus008","locus022",0.252224,0.850746,NA,0.85456,0.19874,NA,0.85456,0
"locus008","locus024",1,1,NA,1,1,NA,1,0
"locus008","locus025",1,1,NA,NA,1,NA,1,0
"locus008","locus027",1,1,1,NA,NA,NA,NA,0
"locus008","locus030",0.93229,0.93229,1,NA,1,NA,1,0
"locus008","locus035",1,0.667768,NA,NA,0.667768,NA,1,0
"locus008","locus038",1,0.34556,NA,NA,0.801828,NA,1,0
"locus008","locus040",1,1,NA,NA,1,NA,1,0
"locus008","locus041",0.52332,0.84182,NA,NA,0.405408,NA,0.84182,0
"locus008","locus045",1,1,NA,NA,1,NA,0.774912,0
"locus008","locus047",1,1,NA,NA,0.298472,NA,1,0
"locus008","locus053",1,0.581672,NA,NA,1,NA,1,0
"locus008","locus055",1,0.192744,NA,NA,0.050368,NA,1,0
"locus008","locus056",1,1,NA,1,1,NA,1,0
"locus008","locus058",1,1,NA,1,1,NA,0.89881,0
"locus008","locus060",0.49707,1,NA,1,1,NA,1,0
"locus008","locus061",1,NA,1,NA,0.05744,NA,1,0
"locus008","locus062",1,1,NA,1,1,NA,1,0
"locus008","locus064",1,0.66833,NA,1,1,NA,1,0
"locus008","locus065",1,0.9191,NA,1,0.97236,NA,0.9191,0
"locus008","locus073",1,0.15876,NA,1,0.822872,NA,1,0
"locus008","locus074",1,0.785532,NA,0.24064,1,NA,0.753432,0
"locus008","locus076",1,1,1,NA,1,NA,1,0
"locus008","locus077",1,1,NA,1,1,NA,0.99602,0
"locus008","locus080",0.9452,0.402736,NA,NA,0.741798,NA,0.9452,0
"locus008","locus083",1,NA,NA,NA,1,NA,1,0
"locus008","locus088",0.572648,0.572648,NA,NA,0.7868,NA,1,0
"locus008","locus093",0.24752,1,1,NA,1,NA,1,0
"locus008","locus096",1,1,NA,NA,1,NA,0.104232,0
"locus008","locus098",1,1,1,NA,1,NA,1,0
"locus008","locus100",1,1,NA,NA,1,NA,1,0
"locus008","locus106",1,0.388624,NA,NA,0.658264,NA,0.496698,0
"locus008","locus116",1,1,NA,NA,1,NA,1,0
"locus008","locus119",0.848508,0.848508,NA,NA,0.430168,NA,0.430168,0
"locus008","locus128",1,1,NA,1,1,NA,1,0
"locus008","locus129",1,1,NA,1,1,NA,1,0
"locus008","locus130",0.078714,NA,NA,NA,0.810104,NA,1,0
"locus008","locus134",1,1,1,NA,1,NA,1,0
"locus008","locus135",1,1,NA,1,1,NA,1,0
"locus008","locus137",1,1,1,1,0.315576,NA,0.315576,0
"locus008","locus139",1,1,NA,1,1,NA,1,0
"locus008","locus140",1,1,NA,1,1,NA,1,0
"locus008","locus146",1,0.6578,NA,1,1,NA,1,0
"locus008","locus151",1,NA,NA,1,0.842568,NA,0.842568,0
"locus008","locus157",0.118242,NA,NA,NA,0.215832,NA,0.5606,0
"locus008","locus161",1,0.80938,NA,1,1,NA,1,0
"locus008","locus165",0.88208,1,NA,NA,1,NA,1,0
"locus008","locus170",1,1,NA,1,1,NA,1,0
"locus008","locus176",1,NA,NA,NA,0.998892,NA,1,0
"locus008","locus184",1,1,NA,1,1,NA,1,0
"locus008","locus186",1,1,NA,0.82652,0.82652,NA,1,0
"locus008","locus188",0.718264,1,NA,NA,1,NA,1,0
"locus008","locus189",0.36473,1,NA,NA,0.451352,1,0.903546,0
"locus008","locus190",0.41504,0.20581,NA,NA,0.54303,1,0.561732,0
"locus008","locus191",0.688008,NA,NA,NA,0.85688,0.85688,0.54388,0
"locus008","locus192",0.950728,0.959634,NA,NA,0.87489,1,1,0
"locus008","locus195",1,1,1,NA,1,1,1,0
"locus008","locus202",1,1,NA,NA,1,1,1,0
"locus008","locus215",1,NA,NA,NA,1,1,1,0
"locus008","locus227",1,1,1,NA,1,1,1,0
"locus008","locus231",1,0.913736,NA,NA,1,NA,0.913736,0
"locus008","locus235",0.68108,1,NA,NA,1,1,1,0
"locus008","locus236",1,1,NA,NA,1,0.71889,1,0
"locus008","locus237",1,1,1,NA,1,1,1,0
"locus008","locus248",1,1,NA,NA,0.1484,1,1,0
"locus008","locus256",0.952764,0.952764,NA,NA,0.952764,NA,0.241304,0
"locus008","locus263",1,0.215992,NA,NA,1,NA,1,0
"locus008","locus264",1,1,NA,NA,1,NA,0.050344,0
"locus008","locus274",1,1,NA,NA,1,NA,1,0
"locus008","locus280",0.78546,0.958812,NA,NA,0.958812,NA,0.145568,0
"locus008","locus282",1,1,NA,NA,1,NA,1,0
"locus008","locus286",0.751096,1,NA,NA,0.751096,NA,0.751096,0
"locus008","locus291",1,1,NA,NA,1,NA,1,0
"locus008","locus292",0.06008,1,NA,NA,1,NA,0.353982,0
"locus008","locus296",1,1,NA,NA,1,NA,1,0
"locus008","locus301",1,1,NA,NA,1,NA,1,0
"locus008","locus314",1,1,NA,NA,1,NA,1,0
"locus008","locus321",0.130432,1,NA,NA,1,NA,1,0
"locus008","locus322",0.624376,1,NA,NA,1,NA,1,0
"locus008","locus323",0.170376,0.745748,NA,NA,0.531738,NA,0.745748,0
"locus008","locus329",0.49244,0.49244,NA,NA,1,NA,1,0
"locus008","locus332",1,1,NA,NA,1,NA,1,0
"locus008","locus358",0.24,0.564208,NA,NA,0.544734,NA,0.564208,0
"locus008","locus359",1,1,NA,NA,1,NA,1,0
"locus008","locus360",0.152672,0.152672,NA,NA,0.705152,NA,0.526924,0
"locus013","locus014",1,1,1,1,1,NA,1,0
"locus013","locus022",1,0.583776,NA,1,1,NA,0.52717,0
"locus013","locus024",1,1,NA,1,1,NA,1,0
"locus013","locus025",0.982836,0.574432,NA,NA,0.982836,NA,0.7503,0
"locus013","locus027",0.84585,0.84585,1,NA,NA,NA,NA,0
"locus013","locus035",1,0.627032,NA,NA,0.627032,NA,1,0
"locus013","locus038",0.984152,0.925602,NA,NA,0.984152,NA,0.524696,0
"locus013","locus039",1,1,NA,NA,0.378352,NA,0.793392,0
"locus013","locus040",1,1,NA,NA,0.850952,NA,1,0
"locus013","locus041",1,1,NA,NA,0.314712,NA,0.710538,0
"locus013","locus045",0.509608,0.073304,NA,NA,0.2594,NA,0.152706,0
"locus013","locus047",1,1,NA,NA,1,NA,1,0
"locus013","locus048",1,1,NA,NA,1,NA,1,0
"locus013","locus053",1,1,NA,NA,1,NA,1,0
"locus013","locus055",1,0.960924,NA,NA,0.060328,NA,1,0
"locus013","locus056",0.61076,1,NA,1,1,NA,0.23539,0
"locus013","locus058",1,0.39061,NA,0.39061,0.39061,NA,1,0
"locus013","locus060",0.71926,1,NA,0.71926,1,NA,1,0
"locus013","locus061",0.686336,NA,1,NA,0.686336,NA,0.686336,0
"locus013","locus062",0.43926,1,NA,1,1,NA,1,0
"locus013","locus064",1,1,NA,1,1,NA,1,0
"locus013","locus065",0.08148,1,NA,1,1,NA,1,0
"locus013","locus073",0.22801,1,NA,1,1,NA,1,0
"locus013","locus074",1,1,NA,1,1,NA,1,0
"locus013","locus076",1,0.83188,1,NA,0.63727,NA,1,0
"locus013","locus080",0.089048,1,NA,NA,1,NA,1,0
"locus013","locus083",1,NA,NA,NA,1,NA,1,0
"locus013","locus088",1,1,NA,NA,1,NA,1,0
"locus013","locus093",1,1,1,NA,1,NA,1,0
"locus013","locus098",0.05953,1,1,NA,0.193128,NA,1,0
"locus013","locus100",1,1,NA,NA,1,NA,1,0
"locus013","locus106",0.919596,0.254808,NA,NA,0.254808,NA,0.919596,0
"locus013","locus116",1,0.578904,NA,NA,1,NA,1,0
"locus013","locus119",0.585744,0.180064,NA,NA,0.180064,NA,0.237204,0
"locus013","locus120",1,1,NA,NA,1,NA,1,0
"locus013","locus128",0.906824,1,NA,1,0.26019,NA,1,0
"locus013","locus129",0.62948,1,NA,1,1,NA,0.62948,0
"locus013","locus130",1,NA,NA,NA,1,NA,1,0
"locus013","locus134",1,1,1,NA,1,NA,1,0
"locus013","locus135",1,1,NA,1,1,NA,1,0
"locus013","locus137",1,1,1,1,1,NA,1,0
"locus013","locus139",0.15558,1,NA,1,1,NA,0.201528,0
"locus013","locus140",0.15104,1,NA,0.9978,0.9978,NA,0.202048,0
"locus013","locus146",1,1,NA,1,1,NA,1,0
"locus013","locus148",1,1,NA,1,1,NA,0.63554,0
"locus013","locus151",1,NA,NA,1,1,NA,0.843616,0
"locus013","locus157",1,NA,NA,NA,0.840762,NA,1,0
"locus013","locus161",1,1,NA,0.24387,1,NA,0.513528,0
"locus013","locus165",1,1,NA,NA,1,NA,1,0
"locus013","locus170",0.872992,0.943146,NA,1,0.63949,NA,0.943146,0
"locus013","locus176",0.66408,NA,NA,NA,0.311418,NA,0.915292,0
"locus013","locus184",0.45015,1,NA,1,1,NA,1,0
"locus013","locus186",1,1,NA,1,1,NA,1,0
"locus013","locus189",1,0.1534,NA,NA,1,1,0.09481,0
"locus013","locus190",1,1,NA,NA,1,1,1,0
"locus013","locus191",1,NA,NA,NA,0.404216,1,1,0
"locus013","locus192",1,1,NA,NA,1,1,1,0
"locus013","locus195",1,0.24774,1,NA,1,1,1,0
"locus013","locus202",1,1,NA,NA,1,1,1,0
"locus013","locus215",1,NA,NA,NA,1,0.155616,1,0
"locus013","locus227",1,1,1,NA,1,0.167064,1,0
"locus013","locus235",1,0.2724,NA,NA,0.92328,1,1,0
"locus013","locus236",1,1,NA,NA,1,0.72392,1,0
"locus013","locus237",1,1,1,NA,1,1,0.838116,0
"locus013","locus239",1,1,NA,NA,1,1,1,0
"locus013","locus248",1,0.69817,NA,NA,1,1,1,0
"locus013","locus263",1,1,NA,NA,1,NA,1,0
"locus013","locus264",0.951966,0.951966,NA,NA,0.559528,NA,0.951966,0
"locus013","locus274",1,0.357,NA,NA,1,NA,0.72399,0
"locus013","locus282",1,1,NA,NA,1,NA,1,0
"locus013","locus286",1,1,NA,NA,1,NA,1,0
"locus013","locus291",1,0.509832,NA,NA,1,NA,1,0
"locus013","locus292",1,1,NA,NA,1,NA,1,0
"locus013","locus296",1,1,NA,NA,1,NA,1,0
"locus013","locus301",1,1,NA,NA,1,NA,1,0
"locus013","locus314",1,0.970504,NA,NA,1,NA,1,0
"locus013","locus321",1,1,NA,NA,0.33256,NA,1,0
"locus013","locus322",1,1,NA,NA,1,NA,1,0
"locus013","locus323",1,0.279736,NA,NA,1,NA,1,0
"locus013","locus329",0.252792,1,NA,NA,1,NA,1,0
"locus013","locus332",1,1,NA,NA,0.407744,NA,1,0
"locus013","locus358",1,1,NA,NA,1,NA,0.51396,0
"locus013","locus359",1,1,NA,NA,1,NA,0.533472,0
"locus013","locus360",1,1,NA,NA,1,NA,0.551384,0
"locus014","locus022",1,1,NA,0.61512,1,NA,0.61512,0
"locus014","locus024",1,0.23756,NA,1,1,NA,0.23756,0
"locus014","locus025",0.922674,0.922674,NA,NA,0.922674,NA,0.282296,0
"locus014","locus035",1,1,NA,NA,1,NA,1,0
"locus014","locus038",0.33072,0.644958,NA,NA,1,NA,1,0
"locus014","locus039",1,1,NA,NA,0.234136,NA,1,0
"locus014","locus040",0.050648,0.598056,NA,NA,0.19554,NA,1,0
"locus014","locus041",1,0.628974,NA,NA,0.52964,NA,1,0
"locus014","locus047",1,1,NA,NA,1,NA,1,0
"locus014","locus048",1,1,NA,NA,1,NA,0.14644,0
"locus014","locus053",1,1,NA,NA,1,NA,1,0
"locus014","locus055",0.265216,0.44907,NA,NA,0.795044,NA,0.44907,0
"locus014","locus056",1,1,NA,1,1,NA,1,0
"locus014","locus058",1,1,NA,1,1,NA,1,0
"locus014","locus060",1,0.21073,NA,1,1,NA,1,0
"locus014","locus061",1,NA,1,NA,1,NA,1,0
"locus014","locus062",1,1,NA,1,1,NA,1,0
"locus014","locus064",1,1,NA,1,1,NA,1,0
"locus014","locus065",1,1,NA,1,0.70382,NA,1,0
"locus014","locus073",1,1,NA,1,1,NA,1,0
"locus014","locus074",1,0.418456,NA,1,1,NA,0.25389,0
"locus014","locus076",1,1,1,NA,1,NA,1,0
"locus014","locus077",1,0.93721,NA,1,1,NA,1,0
"locus014","locus080",1,0.51504,NA,NA,1,NA,0.51504,0
"locus014","locus083",1,NA,NA,NA,1,NA,0.240834,0
"locus014","locus088",1,1,NA,NA,1,NA,1,0
"locus014","locus093",1,1,1,NA,1,NA,1,0
"locus014","locus096",0.926604,1,NA,NA,0.742616,NA,1,0
"locus014","locus098",1,1,1,NA,1,NA,1,0
"locus014","locus100",1,1,NA,NA,1,NA,1,0
"locus014","locus106",1,1,NA,NA,1,NA,1,0
"locus014","locus116",1,1,NA,NA,1,NA,1,0
"locus014","locus119",1,1,NA,NA,1,NA,1,0
"locus014","locus128",1,1,NA,1,0.11444,NA,1,0
"locus014","locus129",1,1,NA,1,1,NA,1,0
"locus014","locus130",0.412932,NA,NA,NA,0.087612,NA,0.393072,0
"locus014","locus134",1,1,1,NA,1,NA,1,0
"locus014","locus135",0.93487,1,NA,1,0.93487,NA,1,0
"locus014","locus137",1,1,1,1,1,NA,1,0
"locus014","locus139",1,0.25392,NA,1,0.39056,NA,1,0
"locus014","locus140",1,0.26247,NA,1,0.381808,NA,1,0
"locus014","locus146",0.73581,1,NA,1,1,NA,1,0
"locus014","locus148",1,1,NA,1,1,NA,1,0
"locus014","locus151",1,NA,NA,1,1,NA,0.966376,0
"locus014","locus157",0.81309,NA,NA,NA,0.9631,NA,0.9631,0
"locus014","locus161",1,1,NA,1,1,NA,1,0
"locus014","locus170",1,0.97609,NA,1,1,NA,1,0
"locus014","locus176",0.540942,NA,NA,NA,0.803444,NA,0.803444,0
"locus014","locus184",1,1,NA,1,1,NA,1,0
"locus014","locus186",1,1,NA,1,0.53735,NA,1,0
"locus014","locus188",1,1,NA,NA,1,NA,1,0
"locus014","locus189",1,1,NA,NA,1,1,1,0
"locus014","locus190",1,1,NA,NA,0.51532,1,1,0
"locus014","locus192",1,1,NA,NA,1,1,1,0
"locus014","locus195",0.86568,1,1,NA,1,1,1,0
"locus014","locus202",1,1,NA,NA,1,1,1,0
"locus014","locus215",1,NA,NA,NA,0.557344,1,1,0
"locus014","locus227",1,1,1,NA,1,1,1,0
"locus014","locus231",1,1,NA,NA,0.589408,NA,1,0
"locus014","locus235",1,1,NA,NA,1,1,1,0
"locus014","locus236",1,1,NA,NA,1,1,1,0
"locus014","locus237",1,1,1,NA,0.886488,1,1,0
"locus014","locus239",0.725616,0.36652,NA,NA,0.14156,1,0.615054,0
"locus014","locus248",1,1,NA,NA,1,1,1,0
"locus014","locus256",1,0.488192,NA,NA,1,NA,1,0
"locus014","locus263",1,0.515576,NA,NA,1,NA,1,0
"locus014","locus264",0.464328,0.623004,NA,NA,0.149982,NA,0.104896,0
"locus014","locus280",1,0.920052,NA,NA,0.476912,NA,1,0
"locus014","locus282",1,0.820884,NA,NA,1,NA,0.671864,0
"locus014","locus286",1,1,NA,NA,1,NA,1,0
"locus014","locus291",0.473672,1,NA,NA,1,NA,1,0
"locus014","locus292",0.845744,1,NA,NA,1,NA,1,0
"locus014","locus296",1,1,NA,NA,1,NA,1,0
"locus014","locus301",0.303112,0.773136,NA,NA,0.773136,NA,0.303112,0
"locus014","locus314",0.815536,1,NA,NA,1,NA,1,0
"locus014","locus321",1,1,NA,NA,1,NA,1,0
"locus014","locus322",1,0.09528,NA,NA,0.542472,NA,1,0
"locus014","locus323",1,1,NA,NA,0.620696,NA,1,0
"locus014","locus329",1,1,NA,NA,0.436024,NA,1,0
"locus014","locus332",0.528138,0.693932,NA,NA,0.077872,NA,0.693932,0
"locus014","locus358",1,0.851536,NA,NA,1,NA,1,0
"locus014","locus359",1,1,NA,NA,0.570592,NA,1,0
"locus014","locus360",1,0.20411,1,NA,0.428856,NA,1,0
"locus022","locus024",1,0.22789,NA,1,1,NA,1,0
"locus022","locus025",1,1,NA,NA,0.07632,NA,1,0
"locus022","locus027",0.793342,0.22868,NA,NA,NA,NA,NA,0
"locus022","locus030",1,1,1,NA,0.80444,NA,0.893616,0
"locus022","locus035",1,1,NA,NA,1,NA,1,0
"locus022","locus038",1,1,NA,NA,1,NA,1,0
"locus022","locus039",1,0.930282,NA,NA,0.499888,NA,1,0
"locus022","locus040",1,1,NA,NA,1,NA,1,0
"locus022","locus041",0.337528,1,NA,NA,0.925038,NA,1,0
"locus022","locus045",1,1,NA,NA,1,NA,1,0
"locus022","locus047",1,1,NA,NA,1,NA,1,0
"locus022","locus053",1,1,NA,NA,1,NA,1,0
"locus022","locus055",1,1,NA,NA,1,NA,0.0846,0
"locus022","locus056",1,0.58501,NA,1,1,NA,1,0
"locus022","locus058",1,1,NA,1,1,NA,1,0
"locus022","locus060",1,1,NA,1,1,NA,1,0
"locus022","locus061",0.307584,NA,NA,NA,0.283446,NA,0.307584,0
"locus022","locus062",0.880528,1,NA,0.880528,1,NA,0.14567,0
"locus022","locus064",1,1,NA,1,1,NA,1,0
"locus022","locus065",1,1,NA,1,1,NA,1,0
"locus022","locus073",0.21816,0.129976,NA,0.08696,1,NA,1,0
"locus022","locus074",1,1,NA,1,1,NA,1,0
"locus022","locus076",1,1,NA,NA,1,NA,1,0
"locus022","locus077",0.982152,0.982152,NA,1,0.24786,NA,0.6204,0
"locus022","locus080",1,1,NA,NA,1,NA,1,0
"locus022","locus083",0.132924,NA,NA,NA,0.872082,NA,0.099642,0
"locus022","locus088",1,1,NA,NA,1,NA,1,0
"locus022","locus093",0.06625,1,1,NA,1,NA,0.440304,0
"locus022","locus098",0.38739,0.89224,1,NA,1,NA,1,0
"locus022","locus100",1,0.271782,NA,NA,0.165808,NA,1,0
"locus022","locus106",1,1,NA,NA,1,NA,1,0
"locus022","locus116",1,1,NA,NA,1,NA,1,0
"locus022","locus119",1,0.908288,NA,NA,1,NA,1,0
"locus022","locus120",1,1,NA,NA,0.600056,NA,1,0
"locus022","locus128",1,1,NA,1,1,NA,1,0
"locus022","locus129",1,1,NA,1,1,NA,1,0
"locus022","locus130",0.38562,NA,NA,NA,1,NA,1,0
"locus022","locus134",0.883104,0.883104,NA,NA,0.653272,NA,0.883104,0
"locus022","locus135",0.346536,0.87824,NA,1,0.346536,NA,0.27244,0
"locus022","locus137",1,1,1,1,1,NA,1,0
"locus022","locus139",1,1,NA,1,1,NA,1,0
"locus022","locus140",1,1,NA,1,1,NA,1,0
"locus022","locus148",0.18581,0.735962,NA,0.711,0.711,NA,0.642744,0
"locus022","locus151",1,NA,NA,1,0.667824,NA,1,0
"locus022","locus157",0.94731,NA,NA,NA,0.94731,NA,1,0
"locus022","locus161",0.20844,1,NA,1,0.20844,NA,1,0
"locus022","locus165",0.364536,1,NA,NA,1,NA,1,0
"locus022","locus170",1,1,NA,1,1,NA,1,0
"locus022","locus176",0.727032,NA,NA,NA,0.633594,NA,0.727032,0
"locus022","locus184",1,1,NA,1,1,NA,1,0
"locus022","locus186",1,0.65128,NA,1,1,NA,1,0
"locus022","locus188",1,1,NA,NA,1,NA,1,0
"locus022","locus189",1,1,NA,NA,1,1,1,0
"locus022","locus190",1,1,NA,NA,1,1,1,0
"locus022","locus191",1,NA,NA,NA,1,0.490704,1,0
"locus022","locus192",0.586944,0.373048,NA,NA,0.670264,0.670264,0.23973,0
"locus022","locus195",1,0.535416,1,NA,1,1,1,0
"locus022","locus202",1,1,NA,NA,1,1,1,0
"locus022","locus215",1,NA,NA,NA,1,1,1,0
"locus022","locus227",0.445716,1,1,NA,1,1,1,0
"locus022","locus231",0.4856,0.4856,NA,NA,0.4856,NA,0.4856,0
"locus022","locus235",1,1,NA,NA,1,1,1,0
"locus022","locus236",1,1,NA,NA,0.52063,1,1,0
"locus022","locus237",1,1,1,NA,1,1,0.054804,0
"locus022","locus239",1,1,NA,NA,1,1,1,0
"locus022","locus248",1,1,NA,NA,0.29633,1,1,0
"locus022","locus256",0.400656,0.704936,NA,NA,0.235704,NA,0.851102,0
"locus022","locus263",1,1,NA,NA,0.255512,NA,1,0
"locus022","locus264",1,1,NA,NA,1,NA,0.306024,0
"locus022","locus274",1,1,NA,NA,1,NA,0.068592,0
"locus022","locus280",0.36796,0.721916,NA,NA,0.36796,NA,0.36796,0
"locus022","locus282",1,1,NA,NA,1,NA,1,0
"locus022","locus286",1,1,NA,NA,0.324968,NA,1,0
"locus022","locus291",1,1,NA,NA,0.842344,NA,1,0
"locus022","locus292",1,0.111784,NA,NA,0.22962,NA,1,0
"locus022","locus296",0.202216,1,NA,NA,1,NA,1,0
"locus022","locus301",1,0.672352,1,NA,0.66944,NA,1,0
"locus022","locus314",1,0.927,NA,NA,1,NA,1,0
"locus022","locus321",0.14608,0.684852,NA,NA,0.7556,NA,0.96021,0
"locus022","locus322",1,1,NA,NA,1,NA,1,0
"locus022","locus323",1,0.622232,NA,NA,1,NA,1,0
"locus022","locus329",1,1,NA,NA,1,NA,1,0
"locus022","locus332",1,1,NA,NA,1,NA,1,0
"locus022","locus358",1,0.919356,NA,NA,1,NA,0.110272,0
"locus022","locus359",1,1,NA,NA,1,NA,1,0
"locus022","locus360",0.128744,0.128744,NA,NA,1,NA,1,0
"locus024","locus025",1,1,NA,NA,1,NA,1,0
"locus024","locus027",0.864172,1,NA,NA,NA,NA,NA,0
"locus024","locus030",1,0.11127,1,NA,1,NA,1,0
"locus024","locus035",1,1,NA,NA,1,NA,1,0
"locus024","locus038",1,1,NA,NA,1,NA,1,0
"locus024","locus039",1,1,NA,NA,1,NA,1,0
"locus024","locus040",1,1,NA,NA,1,NA,1,0
"locus024","locus041",0.199152,1,NA,NA,1,NA,1,0
"locus024","locus045",1,0.257912,NA,NA,1,NA,1,0
"locus024","locus047",1,1,NA,NA,1,NA,1,0
"locus024","locus048",0.682336,1,NA,NA,1,NA,1,0
"locus024","locus053",1,1,NA,NA,1,NA,1,0
"locus024","locus055",1,1,NA,NA,1,NA,1,0
"locus024","locus056",0.87288,1,NA,1,1,NA,1,0
"locus024","locus058",1,1,NA,1,1,NA,0.63641,0
"locus024","locus060",1,1,NA,1,1,NA,1,0
"locus024","locus061",1,NA,NA,NA,1,NA,0.924462,0
"locus024","locus062",1,1,NA,1,1,NA,1,0
"locus024","locus064",1,0.23835,NA,1,1,NA,1,0
"locus024","locus065",1,1,NA,1,1,NA,1,0
"locus024","locus073",1,1,NA,1,1,NA,1,0
"locus024","locus074",0.45209,1,NA,1,1,NA,1,0
"locus024","locus076",0.937062,0.431304,NA,NA,1,NA,1,0
"locus024","locus077",1,1,NA,1,1,NA,1,0
"locus024","locus080",1,1,NA,NA,1,NA,1,0
"locus024","locus083",0.18238,NA,NA,NA,0.058686,NA,0.18238,0
"locus024","locus088",1,1,NA,NA,1,NA,1,0
"locus024","locus093",1,1,1,NA,1,NA,1,0
"locus024","locus096",1,1,NA,NA,1,NA,1,0
"locus024","locus098",1,1,1,NA,1,NA,1,0
"locus024","locus100",1,1,NA,NA,0.53984,NA,1,0
"locus024","locus106",1,0.963336,NA,NA,0.233536,NA,1,0
"locus024","locus116",0.503808,1,NA,NA,1,NA,1,0
"locus024","locus119",1,1,NA,NA,1,NA,0.844304,0
"locus024","locus120",1,1,NA,NA,1,NA,1,0
"locus024","locus128",1,1,NA,1,0.36615,NA,1,0
"locus024","locus129",1,1,NA,1,1,NA,1,0
"locus024","locus130",1,NA,NA,NA,1,NA,1,0
"locus024","locus134",1,1,NA,NA,0.540296,NA,0.791304,0
"locus024","locus135",1,1,NA,1,1,NA,1,0
"locus024","locus137",1,1,1,0.99931,0.420072,NA,1,0
"locus024","locus139",0.7044,1,NA,0.80028,1,NA,1,0
"locus024","locus140",0.69972,1,NA,0.798296,1,NA,1,0
"locus024","locus146",1,0.386464,NA,1,1,NA,0.20564,0
"locus024","locus148",0.9469,1,NA,1,1,NA,1,0
"locus024","locus151",0.55372,NA,NA,1,1,NA,1,0
"locus024","locus157",0.66412,NA,NA,NA,0.326922,NA,1,0
"locus024","locus161",1,1,NA,1,1,NA,1,0
"locus024","locus165",0.288522,0.179256,NA,NA,0.888638,NA,0.288522,0
"locus024","locus170",1,1,NA,1,0.51902,NA,0.813176,0
"locus024","locus184",1,1,NA,1,1,NA,1,0
"locus024","locus186",1,1,NA,1,1,NA,1,0
"locus024","locus188",0.559296,1,NA,NA,1,NA,1,0
"locus024","locus189",1,0.24682,NA,NA,1,0.462,1,0
"locus024","locus190",0.76789,1,NA,NA,1,1,1,0
"locus024","locus191",0.352532,NA,NA,NA,0.564684,0.152864,0.293784,0
"locus024","locus192",1,1,NA,NA,1,0.23957,1,0
"locus024","locus195",1,1,1,NA,1,1,1,0
"locus024","locus202",1,1,NA,NA,1,1,0.2256,0
"locus024","locus215",0.56668,NA,1,NA,1,1,1,0
"locus024","locus227",1,0.127548,1,NA,1,1,1,0
"locus024","locus231",0.502624,0.502624,NA,NA,0.502624,NA,0.502624,0
"locus024","locus235",1,0.5945,NA,NA,1,1,1,0
"locus024","locus236",1,1,NA,NA,0.80202,1,1,0
"locus024","locus237",1,0.078948,1,NA,1,0.70952,1,0
"locus024","locus239",1,1,NA,NA,1,1,1,0
"locus024","locus248",1,1,NA,NA,1,1,1,0
"locus024","locus256",1,1,NA,NA,1,NA,1,0
"locus024","locus263",1,1,NA,NA,1,NA,1,0
"locus024","locus264",0.777564,1,NA,NA,1,NA,0.63236,0
"locus024","locus274",1,1,NA,NA,1,NA,1,0
"locus024","locus280",1,1,NA,NA,1,NA,1,0
"locus024","locus282",1,1,NA,NA,1,NA,1,0
"locus024","locus286",1,1,NA,NA,1,NA,1,0
"locus024","locus291",1,1,NA,NA,1,NA,1,0
"locus024","locus292",1,0.086936,NA,NA,1,NA,1,0
"locus024","locus296",1,1,NA,NA,1,NA,1,0
"locus024","locus301",1,1,NA,NA,1,NA,1,0
"locus024","locus314",1,1,NA,NA,0.887292,NA,0.21284,0
"locus024","locus321",0.292896,0.292896,NA,NA,1,NA,1,0
"locus024","locus322",0.889888,0.857442,NA,NA,0.857442,NA,0.3024,0
"locus024","locus323",0.431478,0.880016,NA,NA,0.274792,NA,0.880016,0
"locus024","locus329",0.399904,0.399904,NA,NA,1,NA,1,0
"locus024","locus332",1,1,NA,NA,1,NA,1,0
"locus024","locus358",1,1,NA,NA,1,NA,1,0
"locus024","locus359",1,1,NA,NA,0.651128,NA,1,0
"locus024","locus360",1,0.18108,NA,NA,0.85038,NA,1,0
"locus025","locus027",0.16412,0.539878,NA,NA,NA,NA,NA,0
"locus025","locus030",1,1,1,NA,1,NA,1,0
"locus025","locus035",1,1,NA,NA,0.16152,NA,1,0
"locus025","locus038",0.487336,0.537918,NA,NA,0.813386,NA,0.537918,0
"locus025","locus039",1,1,NA,NA,0.3578,NA,0.3578,0
"locus025","locus040",1,1,NA,NA,1,NA,1,0
"locus025","locus041",1,1,NA,NA,1,NA,1,0
"locus025","locus045",1,1,NA,NA,0.248336,NA,0.75249,0
"locus025","locus047",1,1,NA,NA,1,NA,1,0
"locus025","locus048",0.289656,0.584356,NA,NA,0.289656,NA,0.75535,0
"locus025","locus053",1,0.578768,NA,NA,1,NA,1,0
"locus025","locus055",0.056224,1,NA,NA,1,NA,1,0
"locus025","locus056",1,0.75195,NA,1,0.213016,NA,0.20095,0
"locus025","locus058",1,1,NA,1,0.91497,NA,1,0
"locus025","locus061",1,NA,NA,NA,1,NA,1,0
"locus025","locus062",1,1,NA,1,1,NA,1,0
"locus025","locus064",0.6756,0.936168,NA,0.6756,0.936168,NA,0.936168,0
"locus025","locus065",0.56178,1,NA,0.672784,1,NA,1,0
"locus025","locus073",1,1,NA,1,1,NA,1,0
"locus025","locus074",0.32535,0.695616,NA,0.695616,0.695616,NA,0.695616,0
"locus025","locus076",1,1,NA,NA,1,NA,1,0
"locus025","locus077",1,0.25703,NA,1,1,NA,1,0
"locus025","locus080",0.067288,0.9669,NA,NA,0.252264,NA,0.344484,0
"locus025","locus083",1,NA,NA,NA,1,NA,1,0
"locus025","locus088",0.456808,1,NA,NA,1,NA,1,0
"locus025","locus093",1,1,1,NA,1,NA,1,0
"locus025","locus096",1,0.930048,NA,NA,0.712512,NA,1,0
"locus025","locus098",1,1,1,NA,0.74347,NA,1,0
"locus025","locus100",1,1,NA,NA,0.165144,NA,1,0
"locus025","locus106",1,1,NA,NA,1,NA,1,0
"locus025","locus119",0.795804,0.20684,NA,NA,0.597342,NA,0.795804,0
"locus025","locus120",0.27388,0.959672,NA,NA,0.27388,NA,0.959672,0
"locus025","locus128",0.16876,0.91569,NA,1,1,NA,0.507176,0
"locus025","locus129",1,1,NA,1,1,NA,1,0
"locus025","locus130",0.798082,NA,NA,NA,0.191264,NA,0.145626,0
"locus025","locus134",1,1,NA,NA,0.849536,NA,0.911772,0
"locus025","locus135",1,1,NA,1,1,NA,1,0
"locus025","locus137",0.457992,1,1,1,1,NA,1,0
"locus025","locus139",1,1,NA,1,1,NA,1,0
"locus025","locus140",1,1,NA,1,1,NA,1,0
"locus025","locus146",0.22174,0.891336,NA,1,1,NA,1,0
"locus025","locus148",1,1,NA,1,1,NA,0.89067,0
"locus025","locus151",1,NA,NA,1,0.788632,NA,0.788632,0
"locus025","locus157",1,NA,NA,NA,0.92478,NA,1,0
"locus025","locus165",1,1,NA,NA,1,NA,1,0
"locus025","locus170",1,1,NA,0.98874,1,NA,1,0
"locus025","locus176",1,NA,NA,NA,1,NA,1,0
"locus025","locus184",0.82741,1,NA,0.82741,1,NA,1,0
"locus025","locus186",1,1,NA,1,0.74266,NA,1,0
"locus025","locus188",1,1,NA,NA,1,NA,1,0
"locus025","locus189",1,1,NA,NA,1,1,1,0
"locus025","locus190",1,0.93863,NA,NA,1,1,1,0
"locus025","locus191",1,NA,NA,NA,1,1,1,0
"locus025","locus192",1,0.27115,NA,NA,1,1,1,0
"locus025","locus195",1,1,1,NA,1,1,0.115056,0
"locus025","locus202",1,1,NA,NA,1,1,1,0
"locus025","locus215",0.216008,NA,1,NA,0.0832,1,1,0
"locus025","locus227",0.263508,1,1,NA,0.72479,1,1,0
"locus025","locus231",0.884592,0.884592,NA,NA,0.884592,NA,0.884592,0
"locus025","locus235",1,1,NA,NA,1,1,1,0
"locus025","locus236",0.64472,0.17207,NA,NA,1,1,1,0
"locus025","locus237",1,1,1,NA,1,1,1,0
"locus025","locus239",1,1,NA,NA,1,0.99291,0.99291,0
"locus025","locus248",1,1,NA,NA,1,1,1,0
"locus025","locus256",0.825816,0.119304,NA,NA,0.825816,NA,0.825816,0
"locus025","locus263",1,1,NA,NA,1,NA,1,0
"locus025","locus264",0.877888,0.215,NA,NA,0.877888,NA,0.827796,0
"locus025","locus274",1,1,NA,NA,1,NA,1,0
"locus025","locus280",1,1,NA,NA,1,NA,1,0
"locus025","locus282",0.869094,0.849208,NA,NA,1,NA,1,0
"locus025","locus286",0.628816,1,NA,NA,1,NA,1,0
"locus025","locus291",1,1,NA,NA,1,NA,1,0
"locus025","locus292",1,0.820552,NA,NA,1,NA,1,0
"locus025","locus296",1,1,NA,NA,1,NA,1,0
"locus025","locus301",0.411284,0.398838,NA,NA,0.184336,NA,0.46177,0
"locus025","locus321",1,1,NA,NA,1,NA,1,0
"locus025","locus322",0.193936,1,NA,NA,0.789948,NA,1,0
"locus025","locus323",0.393208,1,NA,NA,0.393208,NA,1,0
"locus025","locus332",1,0.782128,NA,NA,1,NA,1,0
"locus025","locus358",0.97152,1,NA,NA,1,NA,1,0
"locus025","locus359",0.912056,1,NA,NA,0.912056,NA,1,0
"locus025","locus360",1,1,NA,NA,1,NA,0.780032,0
"locus027","locus030",1,0.462582,1,NA,NA,NA,NA,0
"locus027","locus035",0.679626,0.627244,NA,NA,NA,NA,NA,0
"locus027","locus038",0.976568,0.976568,NA,NA,NA,NA,NA,0
"locus027","locus039",1,1,NA,NA,NA,NA,NA,0
"locus027","locus040",0.846896,0.846896,NA,NA,NA,NA,NA,0
"locus027","locus041",0.77896,0.3279,NA,NA,NA,NA,NA,0
"locus027","locus045",0.90715,0.872636,NA,NA,NA,NA,NA,0
"locus027","locus047",0.290688,0.381154,NA,NA,NA,NA,NA,0
"locus027","locus048",0.451672,0.53303,NA,NA,NA,NA,NA,0
"locus027","locus053",1,1,1,NA,NA,NA,NA,0
"locus027","locus055",0.0619,0.486862,NA,NA,NA,NA,NA,0
"locus027","locus056",0.610242,0.499752,NA,NA,NA,NA,NA,0
"locus027","locus058",0.678096,0.678096,NA,NA,NA,NA,NA,0
"locus027","locus060",0.920984,0.920984,NA,NA,NA,NA,NA,0
"locus027","locus061",0.926842,NA,NA,NA,NA,NA,NA,0
"locus027","locus062",1,1,NA,NA,NA,NA,NA,0
"locus027","locus064",1,1,NA,NA,NA,NA,NA,0
"locus027","locus065",1,1,NA,NA,NA,NA,NA,0
"locus027","locus073",0.25888,0.703088,NA,NA,NA,NA,NA,0
"locus027","locus074",0.549048,0.549048,NA,NA,NA,NA,NA,0
"locus027","locus077",0.617352,0.877294,NA,NA,NA,NA,NA,0
"locus027","locus080",0.458878,0.229628,NA,NA,NA,NA,NA,0
"locus027","locus083",0.710082,NA,NA,NA,NA,NA,NA,0
"locus027","locus088",1,1,NA,NA,NA,NA,NA,0
"locus027","locus093",1,1,1,NA,NA,NA,NA,0
"locus027","locus096",0.497854,0.431132,NA,NA,NA,NA,NA,0
"locus027","locus098",0.422502,0.7623,1,NA,NA,NA,NA,0
"locus027","locus100",0.702908,0.79774,NA,NA,NA,NA,NA,0
"locus027","locus106",1,1,1,NA,NA,NA,NA,0
"locus027","locus116",0.506248,0.506248,NA,NA,NA,NA,NA,0
"locus027","locus119",0.138212,0.08132,NA,NA,NA,NA,NA,0
"locus027","locus120",0.95922,0.95922,NA,NA,NA,NA,NA,0
"locus027","locus128",0.252682,0.216312,NA,NA,NA,NA,NA,0
"locus027","locus129",0.983124,0.983124,NA,NA,NA,NA,NA,0
"locus027","locus130",0.25945,NA,NA,NA,NA,NA,NA,0
"locus027","locus134",1,1,NA,NA,NA,NA,NA,0
"locus027","locus135",1,1,NA,NA,NA,NA,NA,0
"locus027","locus137",0.751956,0.751956,NA,NA,NA,NA,NA,0
"locus027","locus139",0.81162,0.81162,NA,NA,NA,NA,NA,0
"locus027","locus140",0.804908,0.804908,NA,NA,NA,NA,NA,0
"locus027","locus146",0.206064,0.745552,NA,NA,NA,NA,NA,0
"locus027","locus148",1,1,NA,NA,NA,NA,NA,0
"locus027","locus151",0.95861,NA,NA,NA,NA,NA,NA,0
"locus027","locus157",0.236962,NA,NA,NA,NA,NA,NA,0
"locus027","locus161",0.794406,1,1,NA,NA,NA,NA,0
"locus027","locus165",1,1,1,NA,NA,NA,NA,0
"locus027","locus170",0.833876,0.833876,NA,NA,NA,NA,NA,0
"locus027","locus176",0.969118,NA,NA,NA,NA,NA,NA,0
"locus027","locus184",0.18606,0.189646,NA,NA,NA,NA,NA,0
"locus027","locus186",0.392964,0.143236,NA,NA,NA,NA,NA,0
"locus027","locus188",0.412212,1,1,NA,NA,NA,NA,0
"locus027","locus189",0.788856,0.788856,NA,NA,NA,NA,NA,0
"locus027","locus190",0.585452,0.924252,NA,NA,NA,NA,NA,0
"locus027","locus191",1,NA,1,NA,NA,NA,NA,0
"locus027","locus195",1,1,1,NA,NA,NA,NA,0
"locus027","locus202",0.477168,1,NA,NA,NA,NA,NA,0
"locus027","locus215",0.96361,NA,NA,NA,NA,NA,NA,0
"locus027","locus227",1,1,1,NA,NA,NA,NA,0
"locus027","locus231",0.7723,0.669008,NA,NA,NA,NA,NA,0
"locus027","locus235",1,1,NA,NA,NA,NA,NA,0
"locus027","locus236",0.750142,0.110392,NA,NA,NA,NA,NA,0
"locus027","locus237",0.969956,0.97424,NA,NA,NA,NA,NA,0
"locus027","locus239",0.907604,0.907604,NA,NA,NA,NA,NA,0
"locus027","locus248",0.818272,0.818272,NA,NA,NA,NA,NA,0
"locus027","locus256",0.722012,0.845366,NA,NA,NA,NA,NA,0
"locus027","locus263",1,1,NA,NA,NA,NA,NA,0
"locus027","locus264",1,1,NA,NA,NA,NA,NA,0
"locus027","locus274",0.350452,0.350452,NA,NA,NA,NA,NA,0
"locus027","locus280",0.179694,0.159828,NA,NA,NA,NA,NA,0
"locus027","locus282",0.537204,0.537204,NA,NA,NA,NA,NA,0
"locus027","locus286",0.318288,0.318288,NA,NA,NA,NA,NA,0
"locus027","locus291",0.791116,0.791116,NA,NA,NA,NA,NA,0
"locus027","locus292",0.262388,0.63596,NA,NA,NA,NA,NA,0
"locus027","locus296",1,1,NA,NA,NA,NA,NA,0
"locus027","locus301",1,1,NA,NA,NA,NA,NA,0
"locus027","locus314",0.098932,0.904906,NA,NA,NA,NA,NA,0
"locus027","locus321",0.755596,0.293372,NA,NA,NA,NA,NA,0
"locus027","locus322",0.332432,0.10288,NA,NA,NA,NA,NA,0
"locus027","locus323",0.104808,0.104808,NA,NA,NA,NA,NA,0
"locus027","locus329",0.84441,0.698372,NA,NA,NA,NA,NA,0
"locus027","locus358",0.486586,0.361968,NA,NA,NA,NA,NA,0
"locus027","locus359",0.824412,0.824412,NA,NA,NA,NA,NA,0
"locus027","locus360",0.46608,0.635184,NA,NA,NA,NA,NA,0
"locus030","locus035",0.147144,1,1,NA,1,NA,0.11744,0
"locus030","locus038",0.701216,1,NA,NA,1,NA,1,0
"locus030","locus039",0.600816,0.971436,NA,NA,0.971436,NA,0.971436,0
"locus030","locus040",1,1,NA,NA,1,NA,1,0
"locus030","locus041",0.567376,0.73671,NA,NA,1,NA,1,0
"locus030","locus045",1,1,NA,NA,0.160304,NA,1,0
"locus030","locus047",1,1,NA,NA,1,NA,1,0
"locus030","locus048",1,1,NA,NA,0.346392,NA,1,0
"locus030","locus053",0.61752,0.634412,NA,NA,0.634412,NA,0.113376,0
"locus030","locus055",1,1,NA,NA,1,NA,1,0
"locus030","locus056",1,1,1,1,0.067308,NA,1,0
"locus030","locus058",1,1,NA,0.263224,0.07874,NA,0.391452,0
"locus030","locus060",0.71683,1,NA,1,1,NA,1,0
"locus030","locus061",0.887506,NA,NA,NA,0.458682,NA,0.465536,0
"locus030","locus062",1,0.20029,NA,0.3792,1,NA,0.554856,0
"locus030","locus064",1,1,NA,1,0.96708,NA,1,0
"locus030","locus065",1,1,NA,1,0.40051,NA,1,0
"locus030","locus074",0.62816,1,NA,1,1,NA,1,0
"locus030","locus076",1,1,NA,NA,0.153616,NA,1,0
"locus030","locus077",1,1,NA,1,1,NA,1,0
"locus030","locus080",1,1,NA,NA,1,NA,1,0
"locus030","locus083",1,NA,NA,NA,1,NA,1,0
"locus030","locus088",1,1,NA,NA,0.329568,NA,1,0
"locus030","locus093",1,1,1,NA,1,NA,1,0
"locus030","locus096",1,1,NA,NA,0.845488,NA,1,0
"locus030","locus098",1,0.5824,0.753246,NA,0.602536,NA,1,0
"locus030","locus100",1,1,NA,NA,1,NA,0.745536,0
"locus030","locus106",0.8933,0.665136,NA,NA,0.87922,NA,0.351416,0
"locus030","locus116",1,1,NA,NA,1,NA,1,0
"locus030","locus119",1,1,1,NA,1,NA,1,0
"locus030","locus120",1,1,NA,NA,0.929016,NA,1,0
"locus030","locus128",0.6551,1,NA,1,1,NA,1,0
"locus030","locus129",1,1,1,1,1,NA,1,0
"locus030","locus130",1,NA,1,NA,1,NA,0.640104,0
"locus030","locus134",1,0.336856,NA,NA,1,NA,1,0
"locus030","locus135",1,1,NA,1,1,NA,1,0
"locus030","locus137",1,1,NA,1,1,NA,1,0
"locus030","locus139",1,1,NA,1,1,NA,1,0
"locus030","locus140",1,1,NA,1,1,NA,1,0
"locus030","locus146",1,1,NA,0.99114,1,NA,1,0
"locus030","locus148",0.66325,1,NA,1,1,NA,1,0
"locus030","locus151",1,NA,NA,1,1,NA,1,0
"locus030","locus157",1,NA,NA,NA,1,NA,0.38976,0
"locus030","locus161",1,1,NA,1,1,NA,1,0
"locus030","locus165",1,0.40792,NA,NA,0.580566,NA,1,0
"locus030","locus170",1,1,NA,1,1,NA,1,0
"locus030","locus176",0.998022,NA,NA,NA,0.998022,NA,0.998022,0
"locus030","locus184",1,1,NA,1,1,NA,1,0
"locus030","locus186",1,0.8621,NA,1,0.969528,NA,1,0
"locus030","locus188",0.417498,1,NA,NA,0.27812,NA,1,0
"locus030","locus189",1,1,NA,NA,1,1,1,0
"locus030","locus190",1,1,NA,NA,1,1,1,0
"locus030","locus191",0.874746,NA,NA,NA,0.874746,0.500392,0.874746,0
"locus030","locus192",0.16158,1,NA,NA,0.519576,1,0.519576,0
"locus030","locus195",1,1,1,NA,1,1,1,0
"locus030","locus202",1,1,NA,NA,1,1,1,0
"locus030","locus215",0.989832,NA,NA,NA,0.27512,0.989832,0.989832,0
"locus030","locus227",1,1,1,NA,1,1,1,0
"locus030","locus231",1,1,NA,NA,1,NA,1,0
"locus030","locus235",1,1,NA,NA,1,1,0.08196,0
"locus030","locus236",1,1,NA,NA,1,1,1,0
"locus030","locus237",0.9412,0.69177,NA,NA,0.9412,1,1,0
"locus030","locus239",1,1,NA,NA,1,1,1,0
"locus030","locus248",0.900288,1,NA,NA,1,1,0.17361,0
"locus030","locus256",0.662968,0.939966,NA,NA,1,NA,1,0
"locus030","locus263",1,0.464296,NA,NA,1,NA,0.60072,0
"locus030","locus264",1,1,1,NA,1,NA,1,0
"locus030","locus274",1,1,NA,NA,1,NA,1,0
"locus030","locus280",1,1,NA,NA,1,NA,1,0
"locus030","locus282",0.930786,0.4316,NA,NA,0.768756,NA,0.768756,0
"locus030","locus286",1,1,NA,NA,1,NA,1,0
"locus030","locus291",0.926992,1,NA,NA,1,NA,1,0
"locus030","locus292",1,1,NA,NA,0.158712,NA,1,0
"locus030","locus296",1,0.5434,NA,NA,1,NA,1,0
"locus030","locus301",0.420312,1,NA,NA,1,NA,1,0
"locus030","locus314",0.237352,0.312462,NA,NA,1,NA,1,0
"locus030","locus321",0.639032,0.639032,NA,NA,0.639032,NA,0.639032,0
"locus030","locus322",0.332676,0.557816,NA,NA,0.25504,NA,0.90547,0
"locus030","locus323",1,1,NA,NA,1,NA,1,0
"locus030","locus332",1,1,NA,NA,1,NA,1,0
"locus030","locus358",1,1,NA,NA,0.319104,NA,1,0
"locus030","locus359",1,0.775344,NA,NA,0.241264,NA,1,0
"locus030","locus360",1,1,NA,NA,0.64316,NA,0.64316,0
"locus035","locus038",1,1,NA,NA,1,NA,1,0
"locus035","locus039",1,1,NA,NA,0.109544,NA,1,0
"locus035","locus040",0.89184,1,NA,NA,1,NA,1,0
"locus035","locus041",1,0.530592,NA,NA,1,NA,0.601488,0
"locus035","locus045",0.9281,0.808992,NA,NA,0.808992,NA,0.9281,0
"locus035","locus047",1,1,NA,NA,1,NA,0.996144,0
"locus035","locus048",1,1,NA,NA,0.702216,NA,1,0
"locus035","locus053",1,1,NA,NA,1,NA,0.358744,0
"locus035","locus055",1,1,NA,NA,1,NA,1,0
"locus035","locus056",1,1,1,1,0.270024,NA,1,0
"locus035","locus058",1,0.10536,NA,1,1,NA,1,0
"locus035","locus060",0.227784,0.22386,NA,1,0.227784,NA,1,0
"locus035","locus061",1,NA,NA,NA,1,NA,1,0
"locus035","locus062",1,1,NA,1,1,NA,1,0
"locus035","locus064",1,1,NA,1,1,NA,1,0
"locus035","locus065",1,0.72767,NA,1,1,NA,1,0
"locus035","locus073",1,1,NA,1,1,NA,1,0
"locus035","locus074",1,1,NA,0.23579,0.70408,NA,1,0
"locus035","locus076",1,0.483664,NA,NA,1,NA,1,0
"locus035","locus077",1,1,NA,1,1,NA,1,0
"locus035","locus080",0.505768,0.962868,NA,NA,0.851322,NA,0.962868,0
"locus035","locus083",0.910236,NA,NA,NA,0.963432,NA,1,0
"locus035","locus088",1,1,NA,NA,1,NA,0.86536,0
"locus035","locus093",1,1,1,NA,0.56077,NA,1,0
"locus035","locus096",1,1,NA,NA,1,NA,1,0
"locus035","locus098",1,1,1,NA,1,NA,1,0
"locus035","locus106",1,0.821568,NA,NA,1,NA,1,0
"locus035","locus116",0.454938,0.683526,NA,NA,0.10792,NA,0.460712,0
"locus035","locus119",0.06427,1,1,NA,1,NA,1,0
"locus035","locus120",1,1,NA,NA,1,NA,1,0
"locus035","locus128",0.81271,1,NA,1,1,NA,1,0
"locus035","locus129",1,1,1,1,1,NA,1,0
"locus035","locus130",1,NA,1,NA,1,NA,1,0
"locus035","locus134",1,1,NA,NA,0.125184,NA,1,0
"locus035","locus135",1,1,NA,1,1,NA,0.89985,0
"locus035","locus137",1,1,NA,1,0.34312,NA,1,0
"locus035","locus139",1,0.4518,NA,1,1,NA,1,0
"locus035","locus140",1,0.45343,NA,1,1,NA,1,0
"locus035","locus146",1,1,NA,1,1,NA,1,0
"locus035","locus148",1,1,NA,1,1,NA,0.61588,0
"locus035","locus157",0.159162,NA,NA,NA,1,NA,1,0
"locus035","locus161",1,1,NA,1,1,NA,1,0
"locus035","locus165",0.989124,0.619608,NA,NA,0.50756,NA,1,0
"locus035","locus170",1,1,NA,1,1,NA,1,0
"locus035","locus176",0.787968,NA,NA,NA,1,NA,1,0
"locus035","locus184",1,1,NA,1,1,NA,1,0
"locus035","locus186",1,1,NA,0.83391,1,NA,1,0
"locus035","locus190",0.400848,1,NA,NA,0.05661,1,1,0
"locus035","locus191",0.442728,NA,NA,NA,0.945176,0.945176,0.646386,0
"locus035","locus192",0.09571,0.829888,NA,NA,0.99291,0.99291,1,0
"locus035","locus195",0.707616,1,1,NA,1,1,1,0
"locus035","locus215",0.555024,NA,NA,NA,1,0.76773,1,0
"locus035","locus227",1,1,1,NA,1,0.172296,1,0
"locus035","locus231",1,0.898552,NA,NA,1,NA,1,0
"locus035","locus235",1,1,NA,NA,1,1,0.89672,0
"locus035","locus236",1,1,NA,NA,1,0.7119,1,0
"locus035","locus237",1,0.05906,NA,NA,1,1,1,0
"locus035","locus239",0.1716,1,NA,NA,1,1,1,0
"locus035","locus248",1,1,NA,NA,1,1,1,0
"locus035","locus256",0.625604,0.154392,NA,NA,0.332544,NA,0.625604,0
"locus035","locus263",0.308568,1,NA,NA,1,NA,1,0
"locus035","locus274",0.483768,1,NA,NA,0.483768,NA,1,0
"locus035","locus280",0.867072,1,NA,NA,1,NA,1,0
"locus035","locus282",1,1,NA,NA,0.199248,NA,1,0
"locus035","locus286",1,1,NA,NA,1,NA,1,0
"locus035","locus291",1,1,NA,NA,0.057736,NA,1,0
"locus035","locus292",1,1,NA,NA,0.640376,NA,1,0
"locus035","locus296",1,1,NA,NA,1,NA,0.653672,0
"locus035","locus301",1,0.855504,NA,NA,1,NA,1,0
"locus035","locus314",1,1,NA,NA,1,NA,1,0
"locus035","locus321",1,0.367504,NA,NA,1,NA,1,0
"locus035","locus322",0.916328,0.643512,NA,NA,0.643512,NA,0.916328,0
"locus035","locus323",1,1,NA,NA,1,NA,1,0
"locus035","locus329",0.320888,0.730912,NA,NA,0.626928,NA,0.730912,0
"locus035","locus332",1,0.518352,NA,NA,0.218424,NA,1,0
"locus035","locus358",1,0.376584,NA,NA,1,NA,1,0
"locus035","locus359",1,1,NA,NA,1,NA,1,0
"locus035","locus360",1,0.645426,NA,NA,0.58236,NA,1,0
"locus038","locus040",0.217304,1,NA,NA,1,NA,1,0
"locus038","locus041",1,1,NA,NA,1,NA,1,0
"locus038","locus045",1,1,NA,NA,1,NA,1,0
"locus038","locus047",1,1,NA,NA,1,NA,1,0
"locus038","locus048",1,1,NA,NA,1,NA,1,0
"locus038","locus053",0.39036,1,NA,NA,1,NA,1,0
"locus038","locus055",1,1,NA,NA,1,NA,1,0
"locus038","locus056",1,1,1,1,1,NA,1,0
"locus038","locus058",1,1,NA,1,1,NA,1,0
"locus038","locus060",1,1,NA,1,0.613632,NA,0.45402,0
"locus038","locus061",0.384198,NA,NA,NA,0.969768,NA,0.969768,0
"locus038","locus062",1,1,NA,1,0.83697,NA,1,0
"locus038","locus064",1,1,NA,1,1,NA,0.77067,0
"locus038","locus065",0.06776,1,NA,1,1,NA,1,0
"locus038","locus073",1,1,NA,1,1,NA,1,0
"locus038","locus074",1,1,NA,1,1,NA,1,0
"locus038","locus076",1,0.598944,NA,NA,1,NA,1,0
"locus038","locus077",0.722176,0.971022,NA,1,0.60267,NA,1,0
"locus038","locus080",1,1,1,NA,0.60664,NA,1,0
"locus038","locus083",1,NA,NA,NA,1,NA,1,0
"locus038","locus088",0.799764,0.799764,NA,NA,0.799764,NA,0.789936,0
"locus038","locus093",1,1,1,NA,1,NA,1,0
"locus038","locus096",1,1,NA,NA,1,NA,1,0
"locus038","locus098",1,1,1,NA,1,NA,1,0
"locus038","locus100",0.771102,0.7686,NA,NA,0.771102,NA,0.771102,0
"locus038","locus106",1,0.874626,NA,NA,1,NA,0.628328,0
"locus038","locus116",0.32907,0.584264,NA,NA,0.124472,NA,0.584264,0
"locus038","locus119",0.52119,0.8504,1,NA,0.8504,NA,0.8504,0
"locus038","locus120",1,1,NA,NA,1,NA,1,0
"locus038","locus128",1,0.80648,NA,1,1,NA,1,0
"locus038","locus129",0.619656,1,1,1,0.43055,NA,0.399576,0
"locus038","locus130",0.975294,NA,NA,NA,0.887144,NA,0.160956,0
"locus038","locus134",0.695296,1,NA,NA,1,NA,1,0
"locus038","locus135",1,1,NA,1,0.06971,NA,1,0
"locus038","locus137",1,1,NA,1,0.88563,NA,1,0
"locus038","locus146",0.603594,0.25108,NA,1,0.25108,NA,1,0
"locus038","locus148",1,1,NA,1,1,NA,1,0
"locus038","locus151",1,NA,NA,1,0.196568,NA,1,0
"locus038","locus157",1,NA,NA,NA,1,NA,1,0
"locus038","locus161",1,1,NA,1,1,NA,1,0
"locus038","locus165",0.392196,0.455504,NA,NA,0.24428,NA,1,0
"locus038","locus170",1,1,NA,1,0.50712,NA,1,0
"locus038","locus176",1,NA,1,NA,0.601864,NA,1,0
"locus038","locus184",1,1,NA,1,1,NA,1,0
"locus038","locus186",1,0.92972,NA,1,1,NA,1,0
"locus038","locus188",1,1,NA,NA,1,NA,1,0
"locus038","locus189",1,1,NA,NA,1,1,0.35604,0
"locus038","locus190",1,1,NA,NA,0.95365,1,1,0
"locus038","locus191",1,NA,NA,NA,1,1,0.256464,0
"locus038","locus192",1,0.16001,NA,NA,0.643248,1,0.62612,0
"locus038","locus195",1,1,1,NA,1,1,1,0
"locus038","locus202",1,1,NA,NA,1,1,1,0
"locus038","locus215",1,NA,NA,NA,0.199824,1,1,0
"locus038","locus227",1,1,1,NA,1,1,1,0
"locus038","locus231",1,1,NA,NA,1,NA,1,0
"locus038","locus235",1,1,NA,NA,1,1,1,0
"locus038","locus236",1,0.42118,NA,NA,1,1,1,0
"locus038","locus237",1,1,NA,NA,1,1,1,0
"locus038","locus239",0.996656,0.693408,NA,NA,0.51453,0.996656,0.51453,0
"locus038","locus248",1,0.95354,NA,NA,1,1,1,0
"locus038","locus256",1,0.495768,NA,NA,1,NA,1,0
"locus038","locus263",1,0.411704,NA,NA,1,NA,1,0
"locus038","locus264",1,1,1,NA,1,NA,1,0
"locus038","locus274",1,1,NA,NA,1,NA,1,0
"locus038","locus280",1,1,NA,NA,1,NA,1,0
"locus038","locus282",0.464142,0.326224,NA,NA,0.57146,NA,1,0
"locus038","locus286",1,1,NA,NA,1,NA,1,0
"locus038","locus291",0.36564,1,NA,NA,1,NA,0.823698,0
"locus038","locus292",1,1,NA,NA,1,NA,1,0
"locus038","locus301",1,1,NA,NA,1,NA,1,0
"locus038","locus314",1,0.641608,NA,NA,1,NA,1,0
"locus038","locus321",1,1,NA,NA,0.856912,NA,1,0
"locus038","locus322",0.725442,0.917918,NA,NA,0.721744,NA,0.725442,0
"locus038","locus323",1,1,NA,NA,1,NA,1,0
"locus038","locus329",1,1,NA,NA,1,NA,1,0
"locus038","locus332",1,1,NA,NA,1,NA,0.053864,0
"locus038","locus358",0.41932,1,NA,NA,1,NA,1,0
"locus038","locus359",1,1,NA,NA,0.765072,NA,1,0
"locus038","locus360",0.220672,1,NA,NA,1,NA,1,0
"locus039","locus040",0.252392,1,NA,NA,1,NA,1,0
"locus039","locus045",0.903282,0.903282,NA,NA,0.903282,NA,0.128944,0
"locus039","locus047",1,1,NA,NA,1,NA,1,0
"locus039","locus048",1,0.80064,NA,NA,1,NA,1,0
"locus039","locus053",0.919242,1,NA,NA,1,NA,0.569928,0
"locus039","locus055",1,1,NA,1,0.63108,NA,1,0
"locus039","locus056",1,0.570192,1,1,1,NA,1,0
"locus039","locus058",1,0.9734,NA,1,1,NA,1,0
"locus039","locus060",1,1,NA,1,1,NA,1,0
"locus039","locus061",1,NA,NA,NA,0.754134,NA,1,0
"locus039","locus062",1,1,NA,1,0.33918,NA,1,0
"locus039","locus064",1,1,NA,1,1,NA,1,0
"locus039","locus065",1,1,NA,1,1,NA,1,0
"locus039","locus073",1,1,NA,1,1,NA,1,0
"locus039","locus074",0.901264,0.901264,NA,1,0.15707,NA,1,0
"locus039","locus076",0.055256,1,NA,NA,1,NA,0.745998,0
"locus039","locus077",1,1,NA,1,1,NA,1,0
"locus039","locus080",1,1,NA,NA,1,NA,1,0
"locus039","locus083",0.921464,NA,NA,NA,0.418248,NA,0.921464,0
"locus039","locus088",1,1,NA,NA,0.853136,NA,1,0
"locus039","locus093",1,1,1,NA,1,NA,1,0
"locus039","locus096",1,1,NA,NA,1,NA,1,0
"locus039","locus098",1,1,1,NA,0.8071,NA,1,0
"locus039","locus106",1,1,NA,NA,1,NA,1,0
"locus039","locus120",1,1,NA,NA,1,NA,0.228128,0
"locus039","locus128",1,1,NA,1,0.38897,NA,1,0
"locus039","locus129",1,0.646848,1,1,1,NA,1,0
"locus039","locus130",0.327678,NA,NA,NA,0.327678,NA,0.327678,0
"locus039","locus134",1,1,NA,NA,0.331688,NA,1,0
"locus039","locus135",1,1,NA,1,1,NA,1,0
"locus039","locus137",1,0.17519,NA,1,1,NA,1,0
"locus039","locus139",1,1,NA,1,1,NA,1,0
"locus039","locus140",1,1,NA,1,1,NA,1,0
"locus039","locus146",1,1,NA,1,1,NA,1,0
"locus039","locus151",1,NA,1,0.93402,0.93402,NA,1,0
"locus039","locus157",1,NA,NA,NA,1,NA,1,0
"locus039","locus165",1,0.141496,NA,NA,1,NA,1,0
"locus039","locus170",1,0.143208,NA,0.599472,0.12978,NA,1,0
"locus039","locus176",0.681228,NA,NA,NA,0.468138,NA,0.681228,0
"locus039","locus184",0.29359,1,NA,1,1,NA,1,0
"locus039","locus186",0.26599,0.919728,NA,1,0.770064,NA,0.391704,0
"locus039","locus188",0.940538,0.366996,NA,NA,0.263896,NA,0.644004,0
"locus039","locus189",0.73919,1,NA,NA,1,1,1,0
"locus039","locus190",1,1,NA,NA,0.07991,1,1,0
"locus039","locus191",0.358784,NA,NA,NA,0.358784,0.657922,0.358784,0
"locus039","locus192",1,1,NA,NA,1,1,1,0
"locus039","locus195",1,1,1,NA,1,1,0.551148,0
"locus039","locus202",0.11387,0.325928,NA,NA,1,1,1,0
"locus039","locus215",1,NA,NA,NA,1,1,1,0
"locus039","locus227",1,1,1,NA,1,1,1,0
"locus039","locus231",1,1,1,NA,1,NA,1,0
"locus039","locus235",1,1,NA,NA,1,1,1,0
"locus039","locus236",0.56156,1,NA,NA,0.56156,0.56156,1,0
"locus039","locus237",1,0.556544,NA,NA,0.25021,1,1,0
"locus039","locus239",1,0.29467,NA,NA,0.753032,1,0.753032,0
"locus039","locus248",1,1,NA,NA,1,1,1,0
"locus039","locus256",1,1,NA,NA,1,NA,0.922352,0
"locus039","locus263",1,1,NA,NA,1,NA,1,0
"locus039","locus264",1,1,1,NA,1,NA,1,0
"locus039","locus274",1,1,NA,NA,1,NA,1,0
"locus039","locus280",0.957264,0.957264,NA,NA,0.957264,NA,0.930712,0
"locus039","locus282",1,0.387248,NA,NA,1,NA,1,0
"locus039","locus286",1,1,NA,NA,1,NA,1,0
"locus039","locus291",0.630104,1,NA,NA,0.965344,NA,0.85341,0
"locus039","locus292",1,1,NA,NA,1,NA,1,0
"locus039","locus296",0.294616,1,NA,NA,1,NA,1,0
"locus039","locus301",0.593736,0.593736,NA,NA,1,NA,1,0
"locus039","locus321",0.967324,0.303006,NA,NA,0.050944,NA,1,0
"locus039","locus322",0.175144,1,NA,NA,0.246408,NA,1,0
"locus039","locus323",1,1,NA,NA,1,NA,1,0
"locus039","locus329",1,1,NA,NA,1,NA,1,0
"locus039","locus332",0.651108,0.537992,NA,NA,1,NA,1,0
"locus039","locus358",1,0.658744,NA,NA,1,NA,1,0
"locus039","locus359",1,1,NA,NA,1,NA,1,0
"locus039","locus360",0.693678,1,NA,NA,0.307712,NA,1,0
"locus040","locus041",1,0.122664,NA,NA,0.713214,NA,1,0
"locus040","locus045",0.928888,0.928888,NA,NA,1,NA,1,0
"locus040","locus047",1,1,NA,NA,1,NA,1,0
"locus040","locus048",1,1,NA,NA,1,NA,1,0
"locus040","locus053",0.332216,0.374644,NA,NA,0.592136,NA,0.332216,0
"locus040","locus055",1,1,NA,1,0.19072,NA,1,0
"locus040","locus056",0.09708,1,1,1,1,NA,1,0
"locus040","locus058",1,1,NA,1,1,NA,1,0
"locus040","locus060",1,1,NA,1,1,NA,1,0
"locus040","locus061",0.674076,NA,NA,NA,0.674076,NA,1,0
"locus040","locus062",1,1,NA,1,1,NA,1,0
"locus040","locus064",1,1,NA,1,1,NA,1,0
"locus040","locus065",1,1,NA,1,1,NA,1,0
"locus040","locus073",0.93064,1,NA,1,0.2994,NA,1,0
"locus040","locus074",1,0.69911,NA,1,1,NA,1,0
"locus040","locus076",1,0.94779,NA,NA,0.571152,NA,1,0
"locus040","locus077",1,1,NA,1,0.34271,NA,1,0
"locus040","locus080",1,0.7852,NA,NA,1,NA,1,0
"locus040","locus083",1,NA,NA,NA,1,NA,1,0
"locus040","locus088",1,0.903712,NA,NA,1,NA,1,0
"locus040","locus093",1,1,1,NA,1,NA,1,0
"locus040","locus096",1,1,NA,NA,1,NA,1,0
"locus040","locus098",0.43442,0.43442,1,NA,1,NA,1,0
"locus040","locus100",1,1,NA,NA,1,NA,1,0
"locus040","locus106",1,1,NA,NA,0.426328,NA,1,0
"locus040","locus116",1,1,NA,NA,1,NA,1,0
"locus040","locus119",0.43176,1,1,NA,0.655816,NA,1,0
"locus040","locus120",1,1,NA,NA,0.595104,NA,1,0
"locus040","locus128",1,0.984504,NA,1,0.1822,NA,1,0
"locus040","locus129",1,1,1,1,1,NA,1,0
"locus040","locus130",0.59157,NA,NA,NA,0.59157,NA,1,0
"locus040","locus134",1,1,NA,NA,1,NA,1,0
"locus040","locus135",1,0.31306,NA,1,1,NA,1,0
"locus040","locus137",1,0.770024,NA,1,0.52586,NA,1,0
"locus040","locus139",1,0.16168,NA,1,1,NA,1,0
"locus040","locus140",1,0.16411,NA,1,1,NA,1,0
"locus040","locus146",1,0.7845,NA,1,1,NA,1,0
"locus040","locus148",1,1,NA,1,1,NA,1,0
"locus040","locus151",1,NA,1,1,1,NA,1,0
"locus040","locus157",1,NA,NA,NA,1,NA,1,0
"locus040","locus161",1,1,NA,1,1,NA,1,0
"locus040","locus165",1,1,NA,NA,1,NA,1,0
"locus040","locus170",0.66088,1,NA,1,1,NA,1,0
"locus040","locus176",0.73416,NA,NA,NA,0.73416,NA,0.73416,0
"locus040","locus184",0.19066,1,NA,1,0.49508,NA,1,0
"locus040","locus188",1,1,NA,NA,1,NA,1,0
"locus040","locus189",1,1,NA,NA,1,1,1,0
"locus040","locus190",1,1,NA,NA,1,1,1,0
"locus040","locus191",1,NA,NA,NA,1,1,1,0
"locus040","locus192",0.52859,1,NA,NA,1,1,1,0
"locus040","locus195",1,0.155904,1,NA,1,1,1,0
"locus040","locus202",1,1,NA,NA,0.10705,1,1,0
"locus040","locus215",0.467128,NA,NA,NA,1,1,1,0
"locus040","locus227",1,1,1,NA,1,1,1,0
"locus040","locus231",0.19354,1,1,NA,0.201424,NA,1,0
"locus040","locus235",1,1,NA,NA,1,1,1,0
"locus040","locus236",1,1,NA,NA,1,1,1,0
"locus040","locus237",1,1,NA,NA,1,1,0.9071,0
"locus040","locus239",1,1,NA,NA,1,1,1,0
"locus040","locus256",0.205584,1,NA,NA,1,NA,1,0
"locus040","locus263",1,1,NA,NA,1,NA,1,0
"locus040","locus264",1,1,1,NA,0.99158,NA,1,0
"locus040","locus274",1,1,NA,NA,1,NA,0.366752,0
"locus040","locus280",1,1,NA,NA,1,NA,1,0
"locus040","locus282",1,1,NA,NA,1,NA,1,0
"locus040","locus292",1,1,NA,NA,1,NA,1,0
"locus040","locus296",0.855816,0.855816,NA,NA,0.855816,NA,0.73316,0
"locus040","locus301",0.345928,1,NA,NA,0.95997,NA,1,0
"locus040","locus314",0.965334,0.965334,NA,NA,0.126768,NA,1,0
"locus040","locus321",1,1,NA,NA,1,NA,1,0
"locus040","locus322",0.814464,0.814464,NA,NA,0.814464,NA,0.814464,0
"locus040","locus323",1,1,NA,NA,0.737,NA,1,0
"locus040","locus329",1,0.594928,NA,NA,1,NA,1,0
"locus040","locus332",1,1,NA,NA,1,NA,1,0
"locus040","locus358",0.57354,0.551264,NA,NA,0.575924,NA,0.57354,0
"locus040","locus359",1,1,NA,NA,1,NA,1,0
"locus040","locus360",1,1,NA,NA,1,NA,1,0
"locus041","locus047",1,1,NA,NA,1,NA,1,0
"locus041","locus048",1,1,NA,NA,1,NA,1,0
"locus041","locus053",1,1,NA,NA,0.52476,NA,0.655086,0
"locus041","locus055",0.93249,0.93249,NA,1,0.93249,NA,0.93249,0
"locus041","locus056",1,1,1,1,1,NA,1,0
"locus041","locus058",1,1,NA,1,1,NA,1,0
"locus041","locus060",1,0.06829,NA,1,1,NA,1,0
"locus041","locus061",1,NA,1,NA,1,NA,1,0
"locus041","locus062",0.959656,1,NA,1,0.59511,NA,0.959656,0
"locus041","locus064",1,1,NA,1,1,NA,1,0
"locus041","locus065",1,1,NA,1,0.62405,NA,1,0
"locus041","locus073",1,1,NA,1,1,NA,1,0
"locus041","locus076",0.79116,1,NA,NA,1,NA,1,0
"locus041","locus077",0.79613,1,NA,1,1,NA,1,0
"locus041","locus080",1,0.305816,NA,NA,1,NA,1,0
"locus041","locus083",1,NA,NA,NA,1,NA,1,0
"locus041","locus088",1,1,NA,NA,1,NA,1,0
"locus041","locus093",1,1,1,NA,1,NA,1,0
"locus041","locus096",1,1,NA,NA,1,NA,1,0
"locus041","locus100",1,1,NA,NA,1,NA,1,0
"locus041","locus106",0.117064,0.595248,NA,NA,0.936856,NA,0.595248,0
"locus041","locus116",1,0.379296,NA,NA,0.328152,NA,1,0
"locus041","locus119",1,0.76732,1,NA,1,NA,1,0
"locus041","locus120",1,0.948924,NA,NA,1,NA,0.218016,0
"locus041","locus128",1,0.18855,NA,1,0.932072,NA,1,0
"locus041","locus129",0.914244,1,1,1,1,NA,1,0
"locus041","locus130",1,NA,NA,NA,0.667482,NA,1,0
"locus041","locus134",1,1,1,NA,1,NA,1,0
"locus041","locus135",1,1,NA,1,1,NA,1,0
"locus041","locus137",1,0.05438,NA,1,0.6958,NA,1,0
"locus041","locus139",1,1,NA,1,1,NA,1,0
"locus041","locus140",1,1,NA,1,1,NA,1,0
"locus041","locus146",1,1,NA,1,0.09752,NA,1,0
"locus041","locus148",1,1,NA,1,0.4055,NA,1,0
"locus041","locus151",1,NA,1,0.795664,1,NA,0.33142,0
"locus041","locus157",1,NA,NA,NA,0.061998,NA,1,0
"locus041","locus161",1,0.43071,NA,1,1,NA,1,0
"locus041","locus165",0.077168,1,NA,NA,1,NA,1,0
"locus041","locus170",1,1,NA,1,1,NA,1,0
"locus041","locus176",0.659316,NA,NA,NA,1,NA,1,0
"locus041","locus184",0.54754,1,NA,1,1,NA,1,0
"locus041","locus186",1,1,NA,1,1,NA,0.45324,0
"locus041","locus188",0.390496,0.248056,NA,NA,0.878812,NA,0.248056,0
"locus041","locus189",1,0.525216,NA,NA,1,0.600702,0.51702,0
"locus041","locus190",0.24116,0.574824,NA,NA,0.49204,1,0.574824,0
"locus041","locus191",0.872244,NA,NA,NA,0.872244,0.266384,0.796272,0
"locus041","locus192",1,1,NA,NA,0.70533,1,1,0
"locus041","locus195",1,1,1,NA,1,1,1,0
"locus041","locus215",0.579582,NA,NA,NA,1,1,0.236392,0
"locus041","locus227",1,1,1,NA,1,1,0.546072,0
"locus041","locus231",1,1,NA,NA,1,NA,1,0
"locus041","locus235",1,1,NA,NA,1,1,1,0
"locus041","locus236",0.96172,1,NA,NA,1,1,1,0
"locus041","locus237",1,1,NA,NA,1,1,0.55078,0
"locus041","locus239",1,1,NA,NA,1,1,1,0
"locus041","locus248",1,1,NA,NA,1,1,1,0
"locus041","locus256",1,1,NA,NA,1,NA,1,0
"locus041","locus263",0.848992,1,NA,NA,1,NA,1,0
"locus041","locus264",0.75436,1,1,NA,1,NA,1,0
"locus041","locus274",1,0.381432,NA,NA,1,NA,1,0
"locus041","locus280",1,1,NA,NA,0.230552,NA,0.997596,0
"locus041","locus282",1,1,NA,NA,1,NA,1,0
"locus041","locus286",1,1,NA,NA,1,NA,1,0
"locus041","locus291",1,1,NA,NA,0.434552,NA,1,0
"locus041","locus292",1,1,NA,NA,1,NA,1,0
"locus041","locus296",1,1,NA,NA,1,NA,0.603592,0
"locus041","locus301",0.807,0.807,NA,NA,0.807,NA,0.362448,0
"locus041","locus314",0.723444,1,NA,NA,0.171088,NA,1,0
"locus041","locus321",0.278232,0.499098,NA,NA,0.966632,NA,0.966632,0
"locus041","locus322",1,1,NA,NA,1,NA,1,0
"locus041","locus323",1,1,NA,NA,0.210384,NA,1,0
"locus041","locus329",0.518992,0.864762,NA,NA,0.864762,NA,0.864762,0
"locus041","locus332",0.397242,1,NA,NA,1,NA,0.239368,0
"locus041","locus358",1,1,NA,NA,0.467416,NA,1,0
"locus041","locus359",1,1,NA,NA,0.389856,NA,1,0
"locus041","locus360",1,0.8975,1,NA,0.8975,NA,1,0
"locus045","locus047",0.671576,1,NA,NA,1,NA,1,0
"locus045","locus048",1,1,NA,NA,1,NA,1,0
"locus045","locus055",1,1,1,1,1,NA,1,0
"locus045","locus056",0.38839,0.313716,1,1,1,NA,1,0
"locus045","locus058",1,1,NA,1,1,NA,1,0
"locus045","locus060",0.600144,0.56615,NA,1,1,NA,1,0
"locus045","locus061",1,NA,NA,NA,1,NA,1,0
"locus045","locus062",1,1,NA,1,1,NA,1,0
"locus045","locus064",1,1,NA,1,1,NA,1,0
"locus045","locus065",1,1,NA,1,1,NA,1,0
"locus045","locus073",1,1,NA,1,1,NA,1,0
"locus045","locus074",0.792456,0.5806,NA,1,1,NA,1,0
"locus045","locus076",1,1,NA,NA,1,NA,1,0
"locus045","locus077",1,1,NA,1,1,NA,0.16663,0
"locus045","locus080",1,1,NA,NA,1,NA,1,0
"locus045","locus083",1,NA,NA,NA,0.537348,NA,1,0
"locus045","locus088",1,1,NA,NA,1,NA,1,0
"locus045","locus093",1,1,1,NA,1,NA,1,0
"locus045","locus096",1,1,NA,NA,1,NA,0.26624,0
"locus045","locus098",1,1,1,NA,1,NA,1,0
"locus045","locus100",1,1,NA,NA,1,NA,1,0
"locus045","locus106",1,1,NA,NA,1,NA,1,0
"locus045","locus116",1,0.86428,NA,NA,1,NA,1,0
"locus045","locus119",1,1,NA,NA,0.611424,NA,1,0
"locus045","locus128",1,1,NA,1,1,NA,1,0
"locus045","locus129",1,1,1,1,0.947676,NA,1,0
"locus045","locus130",1,NA,NA,NA,0.167538,NA,1,0
"locus045","locus134",1,1,NA,NA,1,NA,1,0
"locus045","locus135",1,1,NA,1,0.56356,NA,1,0
"locus045","locus137",1,0.18455,NA,1,1,NA,1,0
"locus045","locus139",0.11619,1,NA,1,1,NA,0.661384,0
"locus045","locus140",0.12068,1,NA,1,1,NA,0.665976,0
"locus045","locus146",0.377016,1,NA,1,0.33456,NA,1,0
"locus045","locus148",1,1,NA,1,1,NA,1,0
"locus045","locus151",1,NA,1,1,1,NA,1,0
"locus045","locus157",0.240282,NA,NA,NA,0.693704,NA,1,0
"locus045","locus161",1,1,NA,1,1,NA,1,0
"locus045","locus165",1,1,NA,NA,1,NA,1,0
"locus045","locus170",1,1,NA,0.98723,1,NA,1,0
"locus045","locus176",1,NA,NA,NA,1,NA,1,0
"locus045","locus184",1,1,NA,1,1,NA,1,0
"locus045","locus186",1,1,NA,1,1,NA,0.13839,0
"locus045","locus189",1,1,NA,NA,1,1,1,0
"locus045","locus190",1,1,NA,NA,1,1,1,0
"locus045","locus191",0.816952,NA,NA,NA,0.2967,1,0.20176,0
"locus045","locus192",1,1,NA,NA,0.16228,1,1,0
"locus045","locus195",1,1,1,NA,1,1,1,0
"locus045","locus202",1,1,NA,NA,1,1,1,0
"locus045","locus215",1,NA,NA,NA,1,1,1,0
"locus045","locus227",0.675696,1,1,NA,1,1,1,0
"locus045","locus231",1,1,NA,NA,1,NA,0.894544,0
"locus045","locus235",1,1,NA,NA,1,1,1,0
"locus045","locus236",1,1,NA,NA,1,1,1,0
"locus045","locus239",1,1,NA,NA,1,1,1,0
"locus045","locus248",1,1,NA,NA,0.87075,1,0.87075,0
"locus045","locus256",1,1,NA,NA,1,NA,0.058968,0
"locus045","locus263",1,1,NA,NA,1,NA,1,0
"locus045","locus264",0.578964,0.578964,NA,NA,0.578964,NA,0.481216,0
"locus045","locus274",1,1,NA,NA,1,NA,1,0
"locus045","locus280",1,0.899592,NA,NA,1,NA,0.29972,0
"locus045","locus282",1,1,1,NA,1,NA,1,0
"locus045","locus286",0.125632,1,NA,NA,1,NA,1,0
"locus045","locus291",1,0.192904,NA,NA,0.707448,NA,1,0
"locus045","locus292",1,1,NA,NA,1,NA,1,0
"locus045","locus296",0.68682,0.333728,NA,NA,0.433344,NA,0.433344,0
"locus045","locus301",1,1,1,NA,0.56344,NA,1,0
"locus045","locus314",1,1,NA,NA,1,NA,1,0
"locus045","locus321",1,0.883928,NA,NA,1,NA,1,0
"locus045","locus322",0.301432,1,NA,NA,1,NA,1,0
"locus045","locus323",1,1,NA,NA,1,NA,0.77472,0
"locus045","locus329",1,1,NA,NA,1,NA,1,0
"locus045","locus332",1,0.2556,NA,NA,0.876972,NA,1,0
"locus045","locus358",0.93548,1,NA,NA,1,NA,1,0
"locus045","locus359",1,1,NA,NA,1,NA,1,0
"locus045","locus360",1,1,NA,NA,1,NA,1,0
"locus047","locus048",1,1,NA,NA,1,NA,1,0
"locus047","locus053",1,1,NA,NA,1,NA,1,0
"locus047","locus055",0.128724,1,1,1,1,NA,1,0
"locus047","locus056",0.903012,0.903012,1,1,1,NA,1,0
"locus047","locus058",0.755022,0.49529,NA,0.571672,1,NA,1,0
"locus047","locus060",1,1,NA,1,1,NA,1,0
"locus047","locus061",1,NA,NA,NA,1,NA,1,0
"locus047","locus062",1,1,NA,1,1,NA,0.67587,0
"locus047","locus064",1,1,NA,1,1,NA,0.70983,0
"locus047","locus065",1,1,NA,1,1,NA,1,0
"locus047","locus073",0.12182,1,NA,1,0.64752,NA,1,0
"locus047","locus074",1,1,NA,1,1,NA,1,0
"locus047","locus076",0.551016,1,NA,NA,0.551016,NA,1,0
"locus047","locus077",0.982506,0.982506,NA,1,0.177576,NA,0.08659,0
"locus047","locus080",1,1,NA,NA,1,NA,1,0
"locus047","locus083",1,NA,NA,NA,1,NA,1,0
"locus047","locus088",1,1,NA,NA,0.820304,NA,1,0
"locus047","locus093",1,1,1,NA,1,NA,1,0
"locus047","locus096",1,1,NA,NA,1,NA,1,0
"locus047","locus098",1,1,1,NA,1,NA,1,0
"locus047","locus100",1,0.61112,NA,NA,1,NA,1,0
"locus047","locus106",0.202048,0.87228,NA,NA,1,NA,1,0
"locus047","locus116",0.510846,0.995492,NA,NA,0.995492,NA,0.058408,0
"locus047","locus119",1,1,NA,NA,1,NA,1,0
"locus047","locus120",1,1,NA,NA,1,NA,1,0
"locus047","locus128",1,1,NA,1,1,NA,1,0
"locus047","locus129",1,0.20886,0.82809,1,1,NA,1,0
"locus047","locus130",1,NA,NA,NA,1,NA,1,0
"locus047","locus134",1,1,NA,NA,0.695514,NA,0.149432,0
"locus047","locus135",1,1,NA,0.7083,1,NA,1,0
"locus047","locus137",1,1,NA,1,0.96515,NA,1,0
"locus047","locus139",1,0.67864,NA,1,1,NA,1,0
"locus047","locus140",1,0.67533,NA,1,1,NA,1,0
"locus047","locus146",1,1,NA,1,0.69824,NA,0.13667,0
"locus047","locus148",0.14449,0.8488,NA,0.855188,0.8488,NA,0.86677,0
"locus047","locus151",1,NA,1,1,1,NA,1,0
"locus047","locus161",1,1,NA,0.567784,0.19705,NA,1,0
"locus047","locus165",1,0.98288,NA,NA,1,NA,1,0
"locus047","locus170",1,1,NA,1,1,NA,1,0
"locus047","locus176",0.860304,NA,NA,NA,0.322722,NA,0.650024,0
"locus047","locus184",1,1,NA,1,0.47345,NA,1,0
"locus047","locus186",1,1,NA,1,1,NA,1,0
"locus047","locus188",1,1,NA,NA,1,NA,1,0
"locus047","locus189",1,1,NA,NA,1,1,1,0
"locus047","locus190",1,0.58683,NA,NA,1,1,1,0
"locus047","locus191",0.526648,NA,NA,NA,0.526648,0.995164,0.995164,0
"locus047","locus192",1,1,NA,NA,1,1,1,0
"locus047","locus195",1,1,1,NA,0.40425,0.173376,0.74412,0
"locus047","locus202",1,1,NA,NA,1,1,1,0
"locus047","locus215",1,NA,NA,NA,0.224376,1,1,0
"locus047","locus227",0.64699,1,1,NA,0.175848,1,1,0
"locus047","locus235",1,0.33594,NA,NA,0.33594,1,1,0
"locus047","locus236",1,1,NA,NA,0.43478,1,1,0
"locus047","locus237",1,0.47897,NA,NA,1,1,1,0
"locus047","locus239",1,0.80053,NA,NA,1,1,1,0
"locus047","locus248",1,1,NA,NA,1,1,1,0
"locus047","locus256",0.278104,1,NA,NA,1,NA,1,0
"locus047","locus263",0.845696,0.845696,NA,NA,0.845696,NA,0.845696,0
"locus047","locus264",0.782496,0.782496,NA,NA,1,NA,1,0
"locus047","locus274",1,0.824144,NA,NA,1,NA,1,0
"locus047","locus280",1,1,NA,NA,1,NA,1,0
"locus047","locus282",1,1,1,NA,1,NA,1,0
"locus047","locus286",0.27616,1,NA,NA,1,NA,1,0
"locus047","locus291",0.573472,0.739602,NA,NA,0.739602,NA,0.739602,0
"locus047","locus292",0.85004,1,NA,NA,1,NA,1,0
"locus047","locus296",1,1,NA,NA,1,NA,1,0
"locus047","locus301",1,1,1,NA,1,NA,1,0
"locus047","locus314",1,0.085792,NA,NA,1,NA,1,0
"locus047","locus321",1,1,NA,NA,1,NA,1,0
"locus047","locus322",1,1,NA,NA,0.985088,NA,1,0
"locus047","locus323",1,0.873272,NA,NA,1,NA,1,0
"locus047","locus329",1,0.867558,NA,NA,1,NA,0.808112,0
"locus047","locus358",0.517578,1,NA,NA,0.215928,NA,1,0
"locus047","locus360",1,0.526856,NA,NA,1,NA,1,0
"locus048","locus053",1,0.305928,NA,NA,1,NA,1,0
"locus048","locus055",1,0.055836,1,1,1,NA,1,0
"locus048","locus056",1,1,1,1,1,NA,1,0
"locus048","locus060",1,1,NA,1,1,NA,1,0
"locus048","locus061",1,NA,NA,NA,1,NA,1,0
"locus048","locus062",0.06867,1,NA,1,1,NA,0.863488,0
"locus048","locus064",1,1,NA,1,1,NA,1,0
"locus048","locus065",1,0.6734,NA,1,1,NA,1,0
"locus048","locus073",1,1,NA,1,1,NA,0.4699,0
"locus048","locus074",1,1,NA,1,1,NA,1,0
"locus048","locus076",1,1,NA,NA,1,NA,1,0
"locus048","locus077",1,1,NA,1,1,NA,1,0
"locus048","locus080",0.36468,1,NA,NA,0.36468,NA,0.18084,0
"locus048","locus083",0.217158,NA,NA,NA,0.795468,NA,0.795468,0
"locus048","locus088",1,1,NA,NA,1,NA,1,0
"locus048","locus093",1,1,1,NA,0.34183,NA,1,0
"locus048","locus096",1,0.137336,NA,NA,1,NA,1,0
"locus048","locus098",1,1,1,NA,1,NA,1,0
"locus048","locus100",0.77319,0.77319,NA,NA,0.282136,NA,0.77319,0
"locus048","locus106",1,1,NA,NA,1,NA,1,0
"locus048","locus116",1,1,NA,NA,1,NA,1,0
"locus048","locus119",1,1,NA,NA,1,NA,1,0
"locus048","locus120",1,1,NA,NA,1,NA,1,0
"locus048","locus128",0.723192,0.52363,NA,1,1,NA,1,0
"locus048","locus129",1,1,1,1,1,NA,1,0
"locus048","locus130",0.788298,NA,NA,NA,1,NA,1,0
"locus048","locus134",1,1,NA,NA,1,NA,1,0
"locus048","locus135",1,1,NA,1,1,NA,1,0
"locus048","locus137",0.73434,0.932296,NA,0.932296,0.932296,NA,1,0
"locus048","locus139",1,1,NA,1,1,NA,1,0
"locus048","locus140",1,1,NA,1,1,NA,1,0
"locus048","locus146",1,1,NA,1,1,NA,1,0
"locus048","locus151",1,NA,1,1,1,NA,1,0
"locus048","locus157",1,NA,NA,NA,1,NA,1,0
"locus048","locus161",1,0.6938,NA,1,0.14412,NA,1,0
"locus048","locus165",1,1,NA,NA,1,NA,1,0
"locus048","locus170",1,1,NA,1,1,NA,1,0
"locus048","locus176",0.534984,NA,NA,NA,0.534984,NA,0.534984,0
"locus048","locus184",1,1,NA,1,1,NA,1,0
"locus048","locus186",1,0.685,NA,1,1,NA,1,0
"locus048","locus188",1,0.196296,NA,NA,1,NA,1,0
"locus048","locus189",0.76448,0.76448,NA,NA,0.76448,1,1,0
"locus048","locus190",1,1,NA,NA,0.8025,1,1,0
"locus048","locus191",1,NA,NA,NA,1,1,0.871784,0
"locus048","locus192",1,1,NA,NA,0.08601,1,1,0
"locus048","locus195",1,1,1,NA,1,1,1,0
"locus048","locus202",1,1,NA,NA,1,1,1,0
"locus048","locus215",1,NA,1,NA,0.13209,0.5722,1,0
"locus048","locus227",1,1,1,NA,1,1,1,0
"locus048","locus231",1,1,NA,NA,1,NA,1,0
"locus048","locus235",0.98405,1,NA,NA,1,1,1,0
"locus048","locus236",1,1,NA,NA,1,1,0.38957,0
"locus048","locus237",1,1,NA,NA,0.53641,1,1,0
"locus048","locus239",1,1,NA,NA,1,1,1,0
"locus048","locus248",0.9241,1,NA,NA,0.978952,1,1,0
"locus048","locus256",0.612732,1,NA,NA,0.238176,NA,1,0
"locus048","locus263",1,1,NA,NA,1,NA,1,0
"locus048","locus274",1,0.15187,1,NA,1,NA,1,0
"locus048","locus280",1,1,NA,NA,1,NA,1,0
"locus048","locus282",0.42683,1,1,NA,0.527328,NA,0.527328,0
"locus048","locus286",1,1,NA,NA,1,NA,1,0
"locus048","locus291",1,1,NA,NA,1,NA,1,0
"locus048","locus292",0.650748,1,NA,NA,0.100848,NA,1,0
"locus048","locus296",0.524744,1,NA,NA,1,NA,1,0
"locus048","locus301",1,1,NA,NA,1,NA,1,0
"locus048","locus314",0.814524,0.406752,NA,NA,0.814524,NA,0.814524,0
"locus048","locus321",0.988026,1,NA,NA,0.988026,NA,0.983152,0
"locus048","locus322",0.739988,0.616002,NA,NA,1,NA,0.13188,0
"locus048","locus323",0.850264,1,NA,NA,1,NA,1,0
"locus048","locus329",1,1,NA,NA,0.996768,NA,1,0
"locus048","locus332",1,1,NA,NA,1,NA,1,0
"locus048","locus358",1,1,NA,NA,0.71276,NA,1,0
"locus048","locus359",1,1,NA,NA,1,NA,1,0
"locus048","locus360",0.48824,1,NA,NA,0.48824,NA,1,0
"locus053","locus055",1,1,1,1,0.470112,NA,1,0
"locus053","locus056",1,1,1,1,1,NA,1,0
"locus053","locus058",0.73697,1,NA,1,1,NA,1,0
"locus053","locus060",1,1,NA,1,1,NA,1,0
"locus053","locus061",1,NA,NA,NA,1,NA,1,0
"locus053","locus062",1,1,NA,0.785072,1,NA,0.26147,0
"locus053","locus064",1,1,NA,1,1,NA,1,0
"locus053","locus065",1,1,NA,1,0.62718,NA,1,0
"locus053","locus073",1,0.23253,NA,1,1,NA,1,0
"locus053","locus074",1,1,NA,1,1,NA,1,0
"locus053","locus076",1,1,NA,NA,1,NA,1,0
"locus053","locus077",1,0.27719,NA,1,1,NA,1,0
"locus053","locus080",1,0.711976,NA,NA,1,NA,1,0
"locus053","locus083",1,NA,NA,NA,0.577578,NA,1,0
"locus053","locus088",1,1,NA,NA,1,NA,1,0
"locus053","locus093",1,1,1,NA,1,NA,1,0
"locus053","locus096",0.867912,1,NA,NA,1,NA,1,0
"locus053","locus098",0.16052,1,1,NA,1,NA,1,0
"locus053","locus100",1,0.223008,NA,NA,1,NA,0.223008,0
"locus053","locus106",0.694476,0.694476,NA,NA,0.343744,NA,0.694476,0
"locus053","locus116",1,1,NA,NA,1,NA,1,0
"locus053","locus119",1,1,NA,NA,0.796192,NA,1,0
"locus053","locus128",1,1,NA,1,1,NA,0.54516,0
"locus053","locus129",1,1,1,1,1,NA,1,0
"locus053","locus130",1,NA,NA,NA,1,NA,1,0
"locus053","locus134",0.742704,0.742704,NA,NA,0.742704,NA,0.742704,0
"locus053","locus135",1,1,NA,1,1,NA,1,0
"locus053","locus137",1,1,NA,1,1,NA,1,0
"locus053","locus139",1,1,NA,1,1,NA,1,0
"locus053","locus140",1,1,NA,1,1,NA,1,0
"locus053","locus146",0.39897,1,NA,1,1,NA,1,0
"locus053","locus148",1,1,NA,1,1,NA,1,0
"locus053","locus151",1,NA,1,1,1,NA,1,0
"locus053","locus157",0.873232,NA,NA,NA,0.683694,NA,0.873232,0
"locus053","locus161",1,1,NA,1,0.85608,NA,0.85608,0
"locus053","locus165",1,1,NA,NA,1,NA,1,0
"locus053","locus170",1,1,NA,1,1,NA,1,0
"locus053","locus176",0.980088,NA,NA,NA,0.980088,NA,0.980088,0
"locus053","locus184",0.960216,0.69701,NA,1,1,NA,0.960216,0
"locus053","locus186",0.875472,1,NA,1,1,NA,0.12528,0
"locus053","locus188",1,1,NA,NA,0.837072,NA,1,0
"locus053","locus189",1,1,NA,NA,0.54624,1,0.4643,0
"locus053","locus190",1,1,NA,NA,1,1,1,0
"locus053","locus192",1,1,NA,NA,1,1,1,0
"locus053","locus195",0.16878,1,1,NA,1,1,1,0
"locus053","locus202",0.24417,1,NA,NA,0.434168,1,1,0
"locus053","locus215",1,NA,1,NA,1,1,1,0
"locus053","locus227",1,1,1,NA,0.418128,1,1,0
"locus053","locus231",1,1,NA,NA,1,NA,1,0
"locus053","locus235",0.54387,1,NA,NA,1,1,1,0
"locus053","locus236",1,0.19985,NA,NA,1,1,1,0
"locus053","locus237",1,1,NA,NA,1,1,1,0
"locus053","locus239",1,1,NA,NA,0.81162,1,1,0
"locus053","locus248",0.88252,0.88252,NA,NA,0.88252,0.88252,0.82763,0
"locus053","locus256",1,1,NA,NA,0.107544,NA,0.869118,0
"locus053","locus263",1,1,NA,NA,1,NA,1,0
"locus053","locus264",1,1,NA,NA,1,NA,1,0
"locus053","locus274",1,1,1,NA,1,NA,1,0
"locus053","locus280",0.681728,1,NA,NA,1,NA,1,0
"locus053","locus282",1,1,1,NA,1,NA,1,0
"locus053","locus286",1,0.835504,NA,NA,1,NA,1,0
"locus053","locus291",1,0.057864,NA,NA,0.901272,NA,1,0
"locus053","locus292",1,0.627904,NA,NA,1,NA,0.627904,0
"locus053","locus296",0.533088,0.890882,NA,NA,0.858968,NA,0.703272,0
"locus053","locus301",1,1,NA,NA,1,NA,1,0
"locus053","locus314",1,1,NA,NA,1,NA,1,0
"locus053","locus321",1,1,NA,NA,0.243976,NA,1,0
"locus053","locus322",0.689976,1,NA,NA,1,NA,1,0
"locus053","locus323",0.23792,1,NA,NA,1,NA,1,0
"locus053","locus332",0.736176,0.763482,NA,NA,0.736176,NA,0.736176,0
"locus053","locus358",1,1,NA,NA,1,NA,1,0
"locus053","locus359",1,1,NA,NA,1,NA,1,0
"locus053","locus360",1,0.395688,NA,NA,0.441654,NA,1,0
"locus055","locus056",1,1,1,1,1,NA,1,0
"locus055","locus058",1,1,NA,1,1,NA,1,0
"locus055","locus060",0.27815,1,NA,1,1,NA,1,0
"locus055","locus061",1,NA,NA,NA,1,NA,0.196932,0
"locus055","locus062",1,0.730264,NA,1,1,NA,0.40736,0
"locus055","locus064",1,1,NA,1,1,NA,1,0
"locus055","locus065",1,0.84538,NA,1,1,NA,1,0
"locus055","locus073",1,1,NA,1,1,NA,1,0
"locus055","locus074",1,1,NA,1,1,NA,1,0
"locus055","locus076",1,1,NA,NA,1,NA,1,0
"locus055","locus077",1,1,NA,1,0.54783,NA,1,0
"locus055","locus080",1,1,NA,NA,1,NA,1,0
"locus055","locus083",1,NA,NA,NA,1,NA,1,0
"locus055","locus088",1,1,NA,NA,1,NA,1,0
"locus055","locus093",1,1,1,NA,1,NA,0.55338,0
"locus055","locus096",1,1,NA,NA,1,NA,1,0
"locus055","locus098",0.944904,1,1,NA,0.62156,NA,1,0
"locus055","locus100",1,1,NA,NA,1,NA,1,0
"locus055","locus106",0.557792,0.924228,NA,NA,0.593142,NA,0.924228,0
"locus055","locus116",0.890248,1,NA,NA,1,NA,1,0
"locus055","locus119",1,1,NA,NA,1,NA,1,0
"locus055","locus120",1,0.89664,NA,NA,1,NA,0.959442,0
"locus055","locus128",0.163896,1,1,1,1,NA,1,0
"locus055","locus129",1,1,1,1,1,NA,1,0
"locus055","locus130",0.816906,NA,NA,NA,0.816906,NA,0.816906,0
"locus055","locus134",0.479016,1,NA,NA,1,NA,1,0
"locus055","locus135",0.24593,1,NA,1,1,NA,1,0
"locus055","locus137",0.854916,0.65117,NA,1,0.65117,NA,0.659568,0
"locus055","locus139",1,1,NA,1,1,NA,1,0
"locus055","locus140",1,1,NA,1,1,NA,1,0
"locus055","locus146",1,0.81376,NA,1,0.80076,NA,1,0
"locus055","locus148",1,1,NA,1,1,NA,1,0
"locus055","locus151",1,NA,NA,1,1,NA,0.851624,0
"locus055","locus161",1,1,NA,1,1,NA,1,0
"locus055","locus165",1,1,1,NA,1,NA,0.51206,0
"locus055","locus170",1,0.13003,NA,1,1,NA,1,0
"locus055","locus176",0.684982,NA,NA,NA,0.357474,NA,0.357474,0
"locus055","locus184",0.34501,0.687868,NA,1,0.583008,NA,0.525632,0
"locus055","locus186",1,1,NA,1,1,NA,1,0
"locus055","locus188",1,1,1,NA,1,NA,1,0
"locus055","locus189",1,1,NA,NA,1,1,1,0
"locus055","locus190",1,1,NA,NA,1,1,0.10806,0
"locus055","locus191",1,NA,1,NA,1,0.47682,1,0
"locus055","locus192",1,1,NA,NA,1,1,1,0
"locus055","locus195",1,1,1,NA,1,1,1,0
"locus055","locus202",1,1,NA,NA,1,1,1,0
"locus055","locus215",1,NA,NA,NA,1,1,1,0
"locus055","locus227",1,1,1,NA,0.98448,1,1,0
"locus055","locus231",1,0.641248,NA,NA,1,NA,1,0
"locus055","locus235",1,0.68603,NA,NA,1,1,1,0
"locus055","locus236",1,1,NA,NA,0.24059,1,1,0
"locus055","locus237",0.52367,0.85503,NA,NA,0.85503,1,0.52367,0
"locus055","locus239",1,1,NA,NA,1,1,1,0
"locus055","locus248",1,1,NA,NA,1,1,1,0
"locus055","locus256",1,1,NA,NA,1,NA,1,0
"locus055","locus263",1,0.74064,NA,NA,0.66236,NA,1,0
"locus055","locus264",1,0.666768,NA,NA,1,NA,0.384728,0
"locus055","locus280",1,1,NA,NA,1,NA,1,0
"locus055","locus282",1,1,0.84136,NA,1,NA,1,0
"locus055","locus286",1,1,NA,NA,1,NA,0.988448,0
"locus055","locus291",0.516832,0.516832,NA,NA,0.687772,NA,0.687772,0
"locus055","locus292",1,1,NA,NA,1,NA,1,0
"locus055","locus296",1,1,NA,NA,1,NA,1,0
"locus055","locus301",0.39092,1,NA,NA,0.427158,NA,1,0
"locus055","locus314",0.282872,0.475242,NA,NA,1,NA,1,0
"locus055","locus321",0.918408,0.560688,NA,NA,0.918408,NA,0.918408,0
"locus055","locus322",1,0.811932,NA,NA,1,NA,0.496776,0
"locus055","locus323",1,1,NA,NA,1,NA,0.074616,0
"locus055","locus329",1,1,NA,NA,0.674944,NA,1,0
"locus055","locus332",0.056528,1,NA,NA,0.850896,NA,1,0
"locus055","locus358",0.878736,1,NA,NA,1,NA,1,0
"locus055","locus359",0.340408,1,NA,NA,1,NA,1,0
"locus055","locus360",0.9543,0.173864,NA,NA,0.9543,NA,1,0
"locus056","locus058",1,0.09045,NA,1,0.802656,NA,1,0
"locus056","locus061",1,NA,NA,NA,1,NA,1,0
"locus056","locus062",1,1,NA,1,1,NA,1,0
"locus056","locus064",1,1,NA,1,1,NA,1,0
"locus056","locus065",1,1,NA,1,1,NA,1,0
"locus056","locus073",1,1,NA,1,1,NA,1,0
"locus056","locus074",1,0.24483,NA,1,1,NA,0.93316,0
"locus056","locus076",1,1,NA,NA,1,NA,1,0
"locus056","locus077",0.88912,1,NA,1,1,NA,1,0
"locus056","locus080",1,1,NA,NA,1,NA,0.806256,0
"locus056","locus083",1,NA,NA,NA,0.71988,NA,1,0
"locus056","locus088",1,0.667488,NA,NA,1,NA,1,0
"locus056","locus093",1,1,1,NA,1,NA,1,0
"locus056","locus096",1,1,NA,NA,1,NA,1,0
"locus056","locus098",0.6887,1,1,NA,1,NA,0.970352,0
"locus056","locus100",0.846504,0.846504,NA,NA,0.846504,NA,0.876548,0
"locus056","locus106",1,0.431298,NA,NA,1,NA,0.225192,0
"locus056","locus116",1,1,NA,NA,0.716454,NA,0.606112,0
"locus056","locus119",0.678896,0.691092,NA,NA,0.678896,NA,0.691092,0
"locus056","locus120",1,1,NA,NA,0.204368,NA,1,0
"locus056","locus128",1,0.38981,NA,1,1,NA,1,0
"locus056","locus129",1,0.92318,1,1,1,NA,0.456168,0
"locus056","locus130",1,NA,1,NA,0.404496,NA,1,0
"locus056","locus134",0.762008,1,NA,NA,1,NA,1,0
"locus056","locus137",1,1,NA,1,0.37691,NA,0.37691,0
"locus056","locus139",1,1,NA,1,0.60412,NA,0.33425,0
"locus056","locus140",1,1,NA,1,0.618984,NA,0.3389,0
"locus056","locus146",1,1,NA,1,1,NA,1,0
"locus056","locus148",1,1,NA,1,1,NA,1,0
"locus056","locus151",1,NA,NA,1,1,NA,1,0
"locus056","locus157",1,NA,NA,NA,1,NA,1,0
"locus056","locus161",1,1,NA,1,0.70968,NA,1,0
"locus056","locus165",1,1,NA,NA,1,NA,1,0
"locus056","locus170",0.32548,1,NA,1,1,NA,1,0
"locus056","locus176",0.66432,NA,NA,NA,0.694532,NA,0.694532,0
"locus056","locus184",0.6098,0.6098,NA,1,0.84315,NA,1,0
"locus056","locus186",0.32276,1,NA,1,1,NA,1,0
"locus056","locus188",0.91761,0.64369,NA,1,0.91761,NA,0.64369,0
"locus056","locus189",1,0.55325,NA,NA,1,1,1,0
"locus056","locus190",0.231,1,NA,NA,1,1,0.370776,0
"locus056","locus191",1,NA,NA,NA,0.903714,1,0.180544,0
"locus056","locus192",1,1,NA,NA,1,1,1,0
"locus056","locus195",1,0.169896,1,NA,1,1,0.58321,0
"locus056","locus202",1,0.54866,NA,NA,1,1,1,0
"locus056","locus215",0.093232,NA,NA,NA,1,0.772512,1,0
"locus056","locus227",1,1,1,NA,1,1,1,0
"locus056","locus231",0.619932,1,NA,NA,0.214288,NA,1,0
"locus056","locus235",0.93343,0.93343,NA,NA,0.93343,1,1,0
"locus056","locus236",0.50807,1,NA,NA,1,1,1,0
"locus056","locus237",1,1,NA,NA,1,1,0.63452,0
"locus056","locus239",1,1,NA,NA,1,0.70486,1,0
"locus056","locus248",1,1,NA,NA,1,1,1,0
"locus056","locus256",0.479864,0.387462,NA,NA,0.275992,NA,0.479864,0
"locus056","locus263",1,0.44827,1,NA,1,NA,1,0
"locus056","locus264",1,1,NA,NA,1,NA,1,0
"locus056","locus274",1,1,1,NA,1,NA,1,0
"locus056","locus280",1,1,NA,NA,1,NA,1,0
"locus056","locus282",1,0.79325,1,NA,1,NA,1,0
"locus056","locus286",0.388056,0.449814,NA,NA,0.449814,NA,0.632526,0
"locus056","locus291",1,1,NA,NA,1,NA,1,0
"locus056","locus292",1,1,NA,NA,1,NA,1,0
"locus056","locus296",1,1,NA,NA,1,NA,1,0
"locus056","locus301",0.799608,0.55294,NA,NA,0.255536,NA,0.255536,0
"locus056","locus314",1,1,NA,NA,1,NA,1,0
"locus056","locus321",1,1,NA,NA,1,NA,1,0
"locus056","locus322",1,1,NA,NA,0.427864,NA,1,0
"locus056","locus323",1,1,NA,NA,1,NA,1,0
"locus056","locus329",1,1,NA,NA,1,NA,1,0
"locus056","locus332",1,1,NA,NA,1,NA,1,0
"locus056","locus358",0.87597,0.120592,NA,NA,1,NA,1,0
"locus056","locus359",1,1,NA,NA,1,NA,0.267944,0
"locus056","locus360",0.07821,0.556868,NA,NA,0.22914,NA,0.055256,0
"locus058","locus060",1,1,NA,1,0.83796,NA,1,0
"locus058","locus061",1,NA,NA,NA,1,NA,1,0
"locus058","locus062",1,1,NA,1,0.06383,NA,0.63148,0
"locus058","locus064",1,1,NA,1,1,NA,1,0
"locus058","locus065",0.487992,1,NA,0.714036,0.714036,NA,0.14141,0
"locus058","locus073",1,0.58213,NA,1,1,NA,0.886952,0
"locus058","locus074",1,1,NA,1,0.35727,NA,0.645992,0
"locus058","locus077",1,1,NA,1,1,NA,1,0
"locus058","locus080",0.7132,0.836192,1,NA,1,NA,1,0
"locus058","locus083",0.968994,NA,NA,NA,0.968994,NA,0.968994,0
"locus058","locus088",1,1,NA,NA,1,NA,1,0
"locus058","locus093",0.90158,1,1,NA,1,NA,1,0
"locus058","locus098",1,1,1,NA,1,NA,1,0
"locus058","locus100",1,0.498432,NA,NA,1,NA,1,0
"locus058","locus106",1,1,NA,NA,0.230552,NA,1,0
"locus058","locus116",0.779778,0.684552,NA,NA,1,NA,1,0
"locus058","locus119",0.165128,1,NA,NA,1,NA,1,0
"locus058","locus120",1,0.99156,NA,NA,1,NA,1,0
"locus058","locus128",1,1,NA,1,1,NA,1,0
"locus058","locus129",1,0.084156,1,1,1,NA,1,0
"locus058","locus134",1,1,NA,NA,1,NA,1,0
"locus058","locus135",1,0.11801,NA,1,1,NA,1,0
"locus058","locus137",0.62053,1,NA,1,1,NA,1,0
"locus058","locus139",1,0.22474,NA,0.711126,0.516048,NA,1,0
"locus058","locus140",1,0.22358,NA,0.709206,0.522128,NA,1,0
"locus058","locus146",1,1,NA,0.99793,1,NA,1,0
"locus058","locus148",0.06121,1,NA,1,0.377848,NA,0.577608,0
"locus058","locus151",1,NA,NA,1,1,NA,1,0
"locus058","locus157",0.766166,NA,NA,NA,0.634128,NA,0.538842,0
"locus058","locus161",1,1,NA,0.46809,1,NA,1,0
"locus058","locus170",1,1,NA,1,1,NA,1,0
"locus058","locus176",1,NA,1,NA,1,NA,1,0
"locus058","locus184",0.88744,0.42384,NA,1,1,NA,0.88744,0
"locus058","locus186",0.981504,1,NA,1,0.981504,NA,0.37175,0
"locus058","locus188",1,1,NA,1,0.18983,NA,1,0
"locus058","locus189",0.863448,0.29375,NA,NA,0.29375,0.863448,0.863448,0
"locus058","locus190",1,1,NA,NA,1,1,1,0
"locus058","locus192",1,1,NA,NA,0.59187,1,1,0
"locus058","locus195",1,0.89604,1,NA,1,1,1,0
"locus058","locus202",1,1,NA,NA,1,1,1,0
"locus058","locus215",1,NA,NA,NA,1,1,1,0
"locus058","locus227",1,0.92358,1,NA,1,1,1,0
"locus058","locus231",0.812896,1,NA,NA,1,NA,1,0
"locus058","locus235",1,0.16364,NA,NA,1,1,1,0
"locus058","locus236",1,1,NA,NA,1,1,1,0
"locus058","locus237",1,1,NA,NA,0.23922,0.23922,1,0
"locus058","locus239",1,0.14164,NA,NA,1,1,1,0
"locus058","locus248",1,0.446272,NA,NA,1,1,0.1035,0
"locus058","locus256",0.210688,0.939456,NA,NA,0.693756,NA,0.939456,0
"locus058","locus263",1,1,1,NA,0.30994,NA,0.805832,0
"locus058","locus264",1,0.747216,NA,NA,1,NA,1,0
"locus058","locus274",1,0.48311,1,NA,1,NA,1,0
"locus058","locus280",1,1,NA,NA,0.370288,NA,1,0
"locus058","locus282",1,1,1,NA,1,NA,1,0
"locus058","locus286",1,1,NA,NA,1,NA,1,0
"locus058","locus291",1,0.16568,NA,NA,1,NA,1,0
"locus058","locus292",0.635448,0.66986,NA,NA,0.638016,NA,0.79136,0
"locus058","locus296",1,1,NA,NA,1,NA,1,0
"locus058","locus301",1,0.41276,NA,NA,0.41276,NA,1,0
"locus058","locus314",1,1,NA,NA,1,NA,1,0
"locus058","locus321",1,1,NA,NA,1,NA,1,0
"locus058","locus322",0.70799,0.595848,NA,NA,0.595848,NA,0.646864,0
"locus058","locus323",0.844728,0.28844,NA,NA,0.844728,NA,0.844728,0
"locus058","locus329",1,1,NA,NA,0.06296,NA,1,0
"locus058","locus332",1,0.75404,NA,NA,1,NA,1,0
"locus058","locus358",0.282088,1,NA,NA,1,NA,1,0
"locus058","locus359",1,1,NA,NA,0.27916,NA,1,0
"locus058","locus360",0.173736,1,NA,NA,0.143296,NA,1,0
"locus060","locus061",1,NA,NA,NA,0.65979,NA,1,0
"locus060","locus062",1,1,NA,1,1,NA,1,0
"locus060","locus064",0.48962,1,NA,1,1,NA,0.572032,0
"locus060","locus065",1,1,NA,1,1,NA,1,0
"locus060","locus074",1,0.20591,NA,1,1,NA,0.475936,0
"locus060","locus076",0.34058,1,1,NA,1,NA,1,0
"locus060","locus077",1,1,NA,1,1,NA,1,0
"locus060","locus080",1,1,NA,NA,1,NA,0.246528,0
"locus060","locus083",1,NA,NA,NA,0.984858,NA,1,0
"locus060","locus088",1,1,NA,NA,1,NA,1,0
"locus060","locus093",1,1,1,NA,1,NA,1,0
"locus060","locus096",1,1,NA,NA,1,NA,1,0
"locus060","locus098",0.57675,1,1,NA,0.766032,NA,0.766032,0
"locus060","locus100",1,1,NA,NA,1,NA,1,0
"locus060","locus106",1,1,NA,NA,1,NA,1,0
"locus060","locus116",1,1,NA,NA,1,NA,0.92984,0
"locus060","locus119",1,1,NA,NA,0.44224,NA,1,0
"locus060","locus120",0.091872,1,NA,NA,1,NA,0.310296,0
"locus060","locus128",1,1,NA,1,1,NA,1,0
"locus060","locus129",0.154512,1,1,0.71677,1,NA,1,0
"locus060","locus130",0.324222,NA,NA,NA,0.767224,NA,0.603352,0
"locus060","locus134",1,1,NA,NA,1,NA,1,0
"locus060","locus135",1,1,NA,1,1,NA,1,0
"locus060","locus137",0.49724,1,NA,1,0.10845,NA,1,0
"locus060","locus139",0.40329,0.681084,NA,0.681084,0.681084,NA,0.483344,0
"locus060","locus140",0.41397,0.681984,NA,0.681984,0.681984,NA,0.475912,0
"locus060","locus146",1,1,NA,1,1,NA,1,0
"locus060","locus148",1,1,NA,1,0.36034,NA,1,0
"locus060","locus151",1,NA,NA,1,1,NA,1,0
"locus060","locus157",0.256944,NA,NA,NA,1,NA,1,0
"locus060","locus161",1,1,NA,1,1,NA,1,0
"locus060","locus165",1,1,NA,NA,0.152952,NA,1,0
"locus060","locus170",1,1,NA,1,1,NA,1,0
"locus060","locus176",1,NA,NA,NA,0.940686,NA,1,0
"locus060","locus184",1,1,NA,1,0.39185,NA,1,0
"locus060","locus186",1,1,NA,1,1,NA,1,0
"locus060","locus188",1,1,NA,1,1,NA,1,0
"locus060","locus189",1,1,NA,NA,1,1,1,0
"locus060","locus190",0.986538,0.986538,NA,NA,0.75628,0.986538,0.75628,0
"locus060","locus191",1,NA,NA,NA,1,1,0.214632,0
"locus060","locus192",1,1,NA,NA,1,1,1,0
"locus060","locus195",0.53538,0.699324,1,NA,0.530664,0.971796,0.53538,0
"locus060","locus202",0.863696,0.11572,NA,NA,1,1,1,0
"locus060","locus215",1,NA,NA,NA,1,1,1,0
"locus060","locus227",0.397836,1,1,NA,1,1,1,0
"locus060","locus231",1,1,1,NA,0.25637,NA,1,0
"locus060","locus235",1,1,NA,NA,1,1,1,0
"locus060","locus236",1,1,NA,NA,1,1,1,0
"locus060","locus237",0.573952,0.30266,NA,NA,0.938964,0.573952,0.938964,0
"locus060","locus239",1,1,NA,NA,1,1,1,0
"locus060","locus248",1,1,NA,NA,1,1,1,0
"locus060","locus256",0.838134,0.207224,NA,NA,0.838134,NA,0.838134,0
"locus060","locus263",0.806072,1,NA,NA,1,NA,1,0
"locus060","locus264",1,1,NA,NA,1,NA,1,0
"locus060","locus274",1,1,NA,NA,0.51972,NA,1,0
"locus060","locus280",1,1,NA,NA,0.097504,NA,1,0
"locus060","locus282",1,1,1,NA,0.59271,NA,1,0
"locus060","locus286",1,1,NA,NA,1,NA,1,0
"locus060","locus291",1,1,NA,NA,0.527112,NA,1,0
"locus060","locus292",0.546016,1,NA,NA,1,NA,1,0
"locus060","locus296",1,1,NA,NA,1,NA,1,0
"locus060","locus301",1,1,NA,NA,1,NA,0.657792,0
"locus060","locus314",1,1,NA,NA,1,NA,1,0
"locus060","locus321",1,1,NA,NA,1,NA,1,0
"locus060","locus322",1,1,NA,NA,0.432648,NA,1,0
"locus060","locus323",1,1,NA,NA,1,NA,0.922936,0
"locus060","locus329",1,1,NA,NA,1,NA,1,0
"locus060","locus332",0.256432,0.943476,NA,NA,0.943476,NA,0.943476,0
"locus060","locus358",1,0.815064,NA,NA,0.157752,NA,1,0
"locus060","locus359",0.796984,0.49528,NA,NA,0.705294,NA,0.796984,0
"locus060","locus360",1,1,1,NA,1,NA,0.78691,0
"locus061","locus062",0.645588,NA,NA,NA,0.645588,NA,0.645588,0
"locus061","locus064",0.936936,NA,NA,NA,0.961412,NA,1,0
"locus061","locus065",0.572432,NA,NA,NA,0.308178,NA,1,0
"locus061","locus073",1,NA,NA,NA,1,NA,1,0
"locus061","locus074",0.254616,NA,NA,NA,1,NA,1,0
"locus061","locus076",0.794832,NA,1,NA,1,NA,1,0
"locus061","locus077",1,NA,NA,NA,1,NA,1,0
"locus061","locus080",1,NA,NA,NA,1,NA,1,0
"locus061","locus083",0.367458,NA,NA,NA,1,NA,1,0
"locus061","locus088",1,NA,NA,NA,0.952836,NA,1,0
"locus061","locus093",0.21248,NA,1,NA,1,NA,0.752592,0
"locus061","locus096",0.6388,NA,NA,NA,0.830496,NA,0.328962,0
"locus061","locus098",1,NA,1,NA,1,NA,1,0
"locus061","locus100",0.426396,NA,NA,NA,0.426396,NA,0.426396,0
"locus061","locus106",0.246786,NA,NA,NA,1,NA,1,0
"locus061","locus116",0.220206,NA,NA,NA,1,NA,1,0
"locus061","locus119",0.887088,NA,NA,NA,0.396438,NA,1,0
"locus061","locus120",1,NA,NA,NA,1,NA,1,0
"locus061","locus128",1,NA,NA,NA,0.756654,NA,1,0
"locus061","locus129",1,NA,1,NA,1,NA,1,0
"locus061","locus130",1,NA,NA,NA,1,NA,1,0
"locus061","locus134",1,NA,NA,NA,1,NA,1,0
"locus061","locus135",0.484176,NA,NA,NA,0.67707,NA,0.484176,0
"locus061","locus137",1,NA,NA,NA,1,NA,1,0
"locus061","locus139",1,NA,NA,NA,1,NA,1,0
"locus061","locus140",1,NA,NA,NA,1,NA,1,0
"locus061","locus146",0.76914,NA,NA,NA,0.76914,NA,1,0
"locus061","locus148",0.68379,NA,NA,NA,0.68379,NA,1,0
"locus061","locus151",1,NA,NA,NA,1,NA,1,0
"locus061","locus157",0.501414,NA,NA,NA,0.933428,NA,1,0
"locus061","locus161",1,NA,NA,NA,1,NA,1,0
"locus061","locus170",0.760194,NA,NA,NA,0.760194,NA,1,0
"locus061","locus176",0.17934,NA,NA,NA,0.806756,NA,0.614828,0
"locus061","locus184",1,NA,NA,NA,1,NA,1,0
"locus061","locus186",1,NA,NA,NA,1,NA,1,0
"locus061","locus188",1,NA,NA,NA,1,NA,1,0
"locus061","locus189",1,NA,NA,NA,1,1,1,0
"locus061","locus190",1,NA,NA,NA,1,1,1,0
"locus061","locus191",1,NA,NA,NA,1,1,1,0
"locus061","locus192",1,NA,NA,NA,1,1,1,0
"locus061","locus195",1,NA,1,NA,1,1,1,0
"locus061","locus202",1,NA,NA,NA,1,1,0.57264,0
"locus061","locus227",1,NA,1,NA,1,0.71097,1,0
"locus061","locus231",1,NA,1,NA,0.816864,NA,1,0
"locus061","locus235",1,NA,NA,NA,1,1,1,0
"locus061","locus236",1,NA,NA,NA,1,0.113568,1,0
"locus061","locus237",1,NA,NA,NA,1,1,1,0
"locus061","locus239",1,NA,NA,NA,1,1,1,0
"locus061","locus248",1,NA,NA,NA,1,1,0.615776,0
"locus061","locus256",0.446706,NA,NA,NA,0.909376,NA,0.909376,0
"locus061","locus263",1,NA,NA,NA,1,NA,1,0
"locus061","locus264",0.624258,NA,NA,NA,0.624258,NA,1,0
"locus061","locus274",0.654792,NA,NA,NA,0.654792,NA,0.654792,0
"locus061","locus280",0.3141,NA,NA,NA,1,NA,1,0
"locus061","locus282",1,NA,1,NA,0.314704,NA,1,0
"locus061","locus286",1,NA,NA,NA,1,NA,0.826866,0
"locus061","locus291",0.814022,NA,NA,NA,0.056574,NA,0.568248,0
"locus061","locus292",1,NA,NA,NA,1,NA,1,0
"locus061","locus296",0.253872,NA,NA,NA,1,NA,1,0
"locus061","locus301",0.448224,NA,NA,NA,1,NA,1,0
"locus061","locus314",0.773764,NA,NA,NA,0.527322,NA,0.527322,0
"locus061","locus321",1,NA,NA,NA,0.094038,NA,1,0
"locus061","locus322",0.119958,NA,NA,NA,0.905358,NA,0.504812,0
"locus061","locus323",0.631938,NA,NA,NA,0.462428,NA,0.387846,0
"locus061","locus329",1,NA,NA,NA,0.635892,NA,1,0
"locus061","locus332",0.845202,NA,NA,NA,0.945852,NA,0.945852,0
"locus061","locus358",1,NA,NA,NA,1,NA,1,0
"locus061","locus359",1,NA,NA,NA,0.130194,NA,1,0
"locus061","locus360",1,NA,1,NA,1,NA,1,0
"locus062","locus064",0.51122,0.965016,NA,0.965016,1,NA,1,0
"locus062","locus065",1,1,NA,1,1,NA,1,0
"locus062","locus073",0.764616,1,1,0.97164,1,NA,0.97164,0
"locus062","locus074",1,1,NA,1,1,NA,1,0
"locus062","locus076",1,1,NA,NA,1,NA,1,0
"locus062","locus077",1,0.26718,NA,1,1,NA,1,0
"locus062","locus080",0.419824,1,NA,NA,1,NA,1,0
"locus062","locus083",1,NA,NA,NA,1,NA,0.62436,0
"locus062","locus088",0.247528,1,NA,NA,1,NA,1,0
"locus062","locus093",1,1,1,NA,1,NA,0.56212,0
"locus062","locus096",1,1,NA,NA,1,NA,1,0
"locus062","locus098",1,0.70338,1,NA,1,NA,1,0
"locus062","locus100",1,0.967448,NA,NA,0.967448,NA,1,0
"locus062","locus106",0.746056,1,NA,NA,1,NA,1,0
"locus062","locus116",0.392976,1,NA,NA,1,NA,0.44322,0
"locus062","locus119",0.696928,0.704382,NA,NA,0.696928,NA,0.70206,0
"locus062","locus120",1,1,NA,NA,0.895092,NA,0.299256,0
"locus062","locus128",1,1,NA,1,1,NA,1,0
"locus062","locus129",1,0.4513,NA,1,1,NA,1,0
"locus062","locus130",1,NA,NA,NA,0.531504,NA,1,0
"locus062","locus134",0.925408,1,1,NA,0.45654,NA,1,0
"locus062","locus135",1,1,NA,1,1,NA,1,0
"locus062","locus137",1,1,NA,1,1,NA,1,0
"locus062","locus139",1,0.29893,NA,1,1,NA,1,0
"locus062","locus140",1,0.29106,NA,1,1,NA,1,0
"locus062","locus146",1,1,1,1,1,NA,1,0
"locus062","locus148",1,1,NA,1,0.1957,NA,1,0
"locus062","locus151",1,NA,NA,1,1,NA,1,0
"locus062","locus157",0.939144,NA,NA,NA,0.734332,NA,0.156486,0
"locus062","locus161",1,1,NA,1,1,NA,1,0
"locus062","locus165",1,1,NA,NA,1,NA,1,0
"locus062","locus170",0.71619,0.652452,1,1,1,NA,1,0
"locus062","locus176",1,NA,NA,NA,1,NA,1,0
"locus062","locus184",1,1,NA,1,1,NA,1,0
"locus062","locus186",0.995994,0.43165,NA,0.995994,0.767768,NA,1,0
"locus062","locus188",1,1,NA,1,0.99911,NA,0.99911,0
"locus062","locus189",0.93967,1,NA,NA,0.93967,1,0.93967,0
"locus062","locus190",1,1,NA,NA,1,1,1,0
"locus062","locus192",1,1,NA,NA,1,1,1,0
"locus062","locus195",1,0.37806,1,NA,1,1,1,0
"locus062","locus202",1,1,1,NA,1,1,1,0
"locus062","locus215",1,NA,NA,NA,1,1,1,0
"locus062","locus227",1,1,1,NA,1,1,1,0
"locus062","locus231",0.855488,0.924278,NA,NA,0.66012,NA,0.66012,0
"locus062","locus235",1,1,NA,NA,1,1,0.1802,0
"locus062","locus236",1,1,NA,NA,1,1,1,0
"locus062","locus237",1,1,NA,NA,1,1,1,0
"locus062","locus239",1,1,NA,NA,1,1,1,0
"locus062","locus248",1,1,NA,NA,1,1,1,0
"locus062","locus256",1,1,NA,NA,1,NA,1,0
"locus062","locus263",1,1,NA,NA,0.964536,NA,1,0
"locus062","locus274",0.962432,0.962432,NA,NA,0.962432,NA,0.962432,0
"locus062","locus280",1,1,NA,NA,0.264872,NA,0.264872,0
"locus062","locus282",1,0.48008,NA,NA,1,NA,1,0
"locus062","locus286",1,1,NA,NA,1,NA,1,0
"locus062","locus291",1,0.566136,NA,NA,1,NA,1,0
"locus062","locus292",1,1,NA,NA,1,NA,1,0
"locus062","locus296",1,1,NA,NA,1,NA,1,0
"locus062","locus301",1,1,NA,NA,0.392312,NA,1,0
"locus062","locus314",0.991576,0.991576,NA,NA,0.991576,NA,0.991576,0
"locus062","locus321",1,1,NA,NA,1,NA,1,0
"locus062","locus322",0.245478,1,NA,NA,0.136672,NA,1,0
"locus062","locus323",1,0.251056,NA,NA,0.968472,NA,1,0
"locus062","locus329",0.637968,0.991608,NA,NA,0.637968,NA,0.991608,0
"locus062","locus332",1,0.945232,1,NA,1,NA,0.27292,0
"locus062","locus358",1,1,NA,NA,1,NA,0.917328,0
"locus062","locus359",1,0.68792,NA,NA,1,NA,1,0
"locus062","locus360",0.950568,0.950568,NA,NA,1,NA,1,0
"locus064","locus065",1,1,NA,1,1,NA,1,0
"locus064","locus073",1,1,1,1,1,NA,1,0
"locus064","locus074",1,1,NA,1,1,NA,1,0
"locus064","locus076",0.841152,1,NA,NA,1,NA,1,0
"locus064","locus077",0.68498,1,NA,1,1,NA,1,0
"locus064","locus080",1,1,NA,NA,1,NA,1,0
"locus064","locus083",1,NA,NA,NA,1,NA,1,0
"locus064","locus088",1,1,NA,NA,1,NA,1,0
"locus064","locus093",1,1,1,NA,1,NA,1,0
"locus064","locus096",1,1,NA,NA,1,NA,1,0
"locus064","locus098",1,1,1,NA,1,NA,1,0
"locus064","locus100",1,1,NA,NA,0.707296,NA,1,0
"locus064","locus106",0.953872,0.953872,NA,NA,1,NA,1,0
"locus064","locus116",0.540144,0.521328,NA,NA,0.540144,NA,0.521328,0
"locus064","locus119",1,1,NA,NA,1,NA,1,0
"locus064","locus120",0.899868,0.65532,NA,NA,0.65532,NA,0.899868,0
"locus064","locus128",0.77234,1,NA,1,1,NA,1,0
"locus064","locus129",0.40326,1,NA,1,1,NA,1,0
"locus064","locus130",1,NA,NA,NA,0.0972,NA,1,0
"locus064","locus134",1,1,1,NA,1,NA,1,0
"locus064","locus135",0.64,1,NA,1,1,NA,1,0
"locus064","locus137",1,1,NA,1,1,NA,0.6762,0
"locus064","locus139",1,0.89223,NA,1,1,NA,1,0
"locus064","locus140",1,0.89696,NA,1,1,NA,1,0
"locus064","locus148",1,1,NA,1,1,NA,1,0
"locus064","locus151",1,NA,NA,1,1,NA,1,0
"locus064","locus157",1,NA,NA,NA,1,NA,0.689478,0
"locus064","locus161",1,1,NA,1,1,NA,1,0
"locus064","locus165",1,1,NA,NA,1,NA,1,0
"locus064","locus170",1,0.58896,1,1,1,NA,1,0
"locus064","locus176",1,NA,NA,NA,1,NA,1,0
"locus064","locus184",1,1,NA,0.71236,1,NA,1,0
"locus064","locus186",1,1,NA,0.83267,1,NA,1,0
"locus064","locus188",1,0.91407,NA,1,1,NA,1,0
"locus064","locus190",1,1,NA,NA,1,1,1,0
"locus064","locus191",1,NA,NA,NA,1,1,1,0
"locus064","locus192",0.75501,1,NA,NA,0.77364,1,1,0
"locus064","locus195",1,1,1,NA,1,1,1,0
"locus064","locus202",1,1,1,NA,1,1,0.914904,0
"locus064","locus215",1,NA,NA,NA,1,0.456312,1,0
"locus064","locus227",1,1,1,NA,1,1,1,0
"locus064","locus231",1,1,NA,NA,1,NA,1,0
"locus064","locus235",1,1,NA,NA,1,1,1,0
"locus064","locus236",1,1,NA,NA,1,1,1,0
"locus064","locus237",1,1,NA,NA,1,1,0.602,0
"locus064","locus239",1,1,NA,NA,1,1,0.525,0
"locus064","locus248",1,0.7633,NA,NA,1,1,1,0
"locus064","locus256",1,1,NA,NA,1,NA,1,0
"locus064","locus263",1,1,NA,NA,1,NA,0.530488,0
"locus064","locus274",1,1,NA,NA,1,NA,1,0
"locus064","locus280",0.802308,1,NA,NA,0.346944,NA,1,0
"locus064","locus282",1,1,NA,NA,1,NA,1,0
"locus064","locus286",1,1,NA,NA,1,NA,1,0
"locus064","locus291",1,1,NA,NA,1,NA,1,0
"locus064","locus292",1,1,NA,NA,1,NA,1,0
"locus064","locus296",1,1,NA,NA,1,NA,1,0
"locus064","locus301",1,1,NA,NA,1,NA,1,0
"locus064","locus314",1,1,NA,NA,1,NA,1,0
"locus064","locus321",1,1,NA,NA,0.335232,NA,1,0
"locus064","locus322",1,1,NA,NA,1,NA,1,0
"locus064","locus323",1,1,NA,NA,1,NA,1,0
"locus064","locus329",0.942306,0.150968,NA,NA,0.942306,NA,0.942306,0
"locus064","locus332",1,1,1,NA,1,NA,1,0
"locus064","locus358",1,1,NA,NA,0.381552,NA,1,0
"locus064","locus359",1,1,NA,NA,1,NA,1,0
"locus064","locus360",0.357384,0.510772,NA,NA,0.510772,NA,0.394452,0
"locus065","locus073",1,1,1,1,1,NA,1,0
"locus065","locus074",1,1,NA,1,1,NA,1,0
"locus065","locus076",1,1,NA,NA,1,NA,1,0
"locus065","locus077",1,1,NA,1,1,NA,1,0
"locus065","locus080",1,1,NA,NA,1,NA,1,0
"locus065","locus083",1,NA,NA,NA,1,NA,1,0
"locus065","locus088",1,1,NA,NA,1,NA,1,0
"locus065","locus093",1,1,1,NA,1,NA,1,0
"locus065","locus096",1,1,NA,NA,1,NA,1,0
"locus065","locus098",1,1,1,NA,1,NA,1,0
"locus065","locus100",1,1,NA,NA,1,NA,1,0
"locus065","locus106",0.226024,1,NA,NA,0.574764,NA,1,0
"locus065","locus116",0.71864,0.697782,NA,NA,0.603184,NA,0.697782,0
"locus065","locus119",1,0.923136,NA,NA,1,NA,1,0
"locus065","locus120",1,1,NA,NA,1,NA,1,0
"locus065","locus128",1,1,NA,1,1,NA,1,0
"locus065","locus129",1,1,NA,1,1,NA,1,0
"locus065","locus130",0.989814,NA,NA,NA,1,NA,1,0
"locus065","locus134",1,1,1,NA,1,NA,1,0
"locus065","locus135",1,1,NA,1,1,NA,1,0
"locus065","locus137",1,0.580856,NA,0.580856,0.580856,NA,0.24239,0
"locus065","locus139",1,1,NA,1,1,NA,1,0
"locus065","locus140",1,1,NA,1,1,NA,1,0
"locus065","locus146",1,0.158868,1,1,1,NA,1,0
"locus065","locus148",0.50131,1,NA,1,1,NA,0.521872,0
"locus065","locus151",1,NA,NA,1,1,NA,1,0
"locus065","locus157",0.897552,NA,NA,NA,0.897552,NA,1,0
"locus065","locus161",1,1,NA,1,1,NA,1,0
"locus065","locus165",1,1,NA,NA,1,NA,1,0
"locus065","locus170",1,1,1,1,1,NA,1,0
"locus065","locus176",1,NA,NA,NA,0.952056,NA,1,0
"locus065","locus184",1,1,NA,1,1,NA,1,0
"locus065","locus186",1,1,NA,1,1,NA,1,0
"locus065","locus188",1,1,NA,1,1,NA,1,0
"locus065","locus189",1,1,NA,NA,1,1,1,0
"locus065","locus190",1,1,NA,NA,1,1,1,0
"locus065","locus191",1,NA,NA,NA,1,1,1,0
"locus065","locus192",1,1,NA,NA,1,1,1,0
"locus065","locus195",1,0.770724,1,NA,1,1,1,0
"locus065","locus202",1,1,1,NA,1,1,1,0
"locus065","locus215",1,NA,NA,NA,1,1,1,0
"locus065","locus227",1,1,1,NA,1,1,1,0
"locus065","locus231",0.533292,0.218944,NA,NA,0.533292,NA,1,0
"locus065","locus235",1,1,NA,NA,1,1,1,0
"locus065","locus236",1,1,NA,NA,1,1,1,0
"locus065","locus237",1,1,NA,NA,0.63581,1,1,0
"locus065","locus239",1,1,NA,NA,1,1,0.99886,0
"locus065","locus248",1,1,NA,NA,1,1,1,0
"locus065","locus256",1,1,NA,NA,1,NA,1,0
"locus065","locus263",1,1,NA,NA,1,NA,0.536712,0
"locus065","locus264",0.850664,0.054232,NA,NA,0.707664,NA,0.458934,0
"locus065","locus274",1,1,NA,NA,1,NA,1,0
"locus065","locus280",1,1,NA,NA,1,NA,1,0
"locus065","locus282",1,1,NA,NA,1,NA,1,0
"locus065","locus286",1,1,NA,NA,1,NA,1,0
"locus065","locus291",1,1,NA,NA,1,NA,1,0
"locus065","locus292",1,1,NA,NA,1,NA,1,0
"locus065","locus296",1,0.410496,NA,NA,1,NA,1,0
"locus065","locus301",1,1,NA,NA,1,NA,1,0
"locus065","locus314",0.529688,0.529688,NA,NA,1,NA,1,0
"locus065","locus321",1,1,NA,NA,1,NA,1,0
"locus065","locus322",1,0.118096,NA,NA,1,NA,1,0
"locus065","locus323",0.802424,1,NA,NA,1,NA,1,0
"locus065","locus329",1,1,NA,NA,0.749104,NA,1,0
"locus065","locus332",1,1,0.79872,NA,0.28856,NA,0.79872,0
"locus065","locus358",1,1,NA,NA,1,NA,1,0
"locus065","locus360",1,1,NA,NA,1,NA,1,0
"locus073","locus074",1,1,NA,1,1,NA,1,0
"locus073","locus076",1,1,NA,NA,1,NA,1,0
"locus073","locus077",1,1,NA,1,1,NA,1,0
"locus073","locus080",1,0.364936,NA,NA,1,NA,1,0
"locus073","locus083",0.53589,NA,NA,NA,0.594848,NA,0.594848,0
"locus073","locus088",1,1,NA,NA,1,NA,1,0
"locus073","locus093",1,1,1,NA,1,NA,1,0
"locus073","locus096",1,1,NA,NA,0.652408,NA,0.970872,0
"locus073","locus098",0.09319,0.190744,1,NA,1,NA,1,0
"locus073","locus100",1,1,NA,NA,1,NA,1,0
"locus073","locus106",1,1,NA,NA,1,NA,1,0
"locus073","locus116",1,1,NA,NA,1,NA,1,0
"locus073","locus119",1,0.272392,NA,NA,1,NA,1,0
"locus073","locus120",1,1,NA,NA,1,NA,1,0
"locus073","locus128",0.989392,0.72736,NA,1,1,NA,1,0
"locus073","locus129",1,1,NA,1,1,NA,1,0
"locus073","locus130",0.766938,NA,NA,NA,0.826466,NA,0.766938,0
"locus073","locus134",0.692568,0.692568,NA,NA,0.692568,NA,0.79519,0
"locus073","locus135",1,1,NA,1,1,NA,1,0
"locus073","locus137",1,1,NA,1,1,NA,1,0
"locus073","locus139",1,0.256128,NA,1,0.13062,NA,1,0
"locus073","locus140",1,0.262464,NA,1,0.12844,NA,1,0
"locus073","locus146",1,0.4374,1,1,1,NA,1,0
"locus073","locus148",1,1,NA,1,0.58357,NA,1,0
"locus073","locus151",1,NA,NA,1,1,NA,1,0
"locus073","locus157",1,NA,NA,NA,1,NA,0.792486,0
"locus073","locus161",1,0.41188,NA,1,0.420064,NA,0.924372,0
"locus073","locus165",1,0.927016,NA,NA,1,NA,1,0
"locus073","locus170",1,1,1,1,1,NA,1,0
"locus073","locus176",1,NA,NA,NA,1,NA,1,0
"locus073","locus184",1,1,NA,1,1,NA,1,0
"locus073","locus186",0.69029,1,NA,1,1,NA,1,0
"locus073","locus188",1,1,NA,0.658912,0.36801,NA,1,0
"locus073","locus189",1,1,NA,NA,1,1,1,0
"locus073","locus190",0.477376,1,NA,NA,1,1,0.07492,0
"locus073","locus191",1,NA,NA,NA,1,1,1,0
"locus073","locus192",1,0.997626,NA,NA,0.29513,1,0.544048,0
"locus073","locus195",0.91302,1,1,NA,0.270552,1,1,0
"locus073","locus202",1,1,1,NA,1,1,1,0
"locus073","locus215",1,NA,NA,NA,1,1,0.861432,0
"locus073","locus227",0.79944,0.612288,1,NA,1,1,1,0
"locus073","locus231",1,0.83884,NA,NA,0.985974,NA,1,0
"locus073","locus235",1,1,NA,NA,0.735992,1,0.06816,0
"locus073","locus236",1,1,NA,NA,1,1,1,0
"locus073","locus237",1,1,NA,NA,1,1,0.61522,0
"locus073","locus239",0.66458,1,NA,NA,1,0.95028,1,0
"locus073","locus248",1,1,NA,NA,0.984968,1,0.92533,0
"locus073","locus256",1,1,NA,NA,1,NA,1,0
"locus073","locus263",1,1,NA,NA,1,NA,1,0
"locus073","locus264",1,1,NA,NA,1,NA,1,0
"locus073","locus274",1,1,NA,NA,1,NA,1,0
"locus073","locus280",1,1,NA,NA,1,NA,1,0
"locus073","locus282",1,1,NA,NA,1,NA,1,0
"locus073","locus286",1,1,NA,NA,1,NA,1,0
"locus073","locus291",1,1,NA,NA,1,NA,1,0
"locus073","locus292",1,1,NA,NA,0.079248,NA,0.532398,0
"locus073","locus296",1,1,NA,NA,1,NA,1,0
"locus073","locus301",1,0.64555,1,NA,1,NA,0.933648,0
"locus073","locus314",0.932752,0.932752,NA,NA,0.932752,NA,0.932752,0
"locus073","locus321",1,0.72804,NA,NA,1,NA,1,0
"locus073","locus322",1,1,NA,NA,0.879256,NA,1,0
"locus073","locus323",1,1,NA,NA,1,NA,1,0
"locus073","locus329",1,0.78756,NA,NA,0.78756,NA,1,0
"locus073","locus332",0.66601,1,1,NA,1,NA,1,0
"locus073","locus358",1,1,NA,NA,1,NA,1,0
"locus073","locus359",0.357768,0.935968,NA,NA,0.935968,NA,0.400512,0
"locus073","locus360",1,1,NA,NA,0.800728,NA,1,0
"locus074","locus076",1,1,NA,NA,1,NA,1,0
"locus074","locus077",1,1,NA,1,1,NA,1,0
"locus074","locus080",1,1,NA,NA,0.670784,NA,1,0
"locus074","locus083",0.351528,NA,NA,NA,1,NA,1,0
"locus074","locus088",1,1,NA,NA,0.204656,NA,1,0
"locus074","locus093",0.56956,1,1,NA,0.22587,NA,1,0
"locus074","locus096",0.607184,0.607184,NA,NA,1,NA,1,0
"locus074","locus098",1,1,1,NA,1,NA,1,0
"locus074","locus100",1,1,NA,NA,1,NA,1,0
"locus074","locus106",0.949176,0.949176,NA,NA,0.949176,NA,0.861488,0
"locus074","locus116",0.600968,1,NA,NA,1,NA,1,0
"locus074","locus119",1,1,NA,NA,1,NA,1,0
"locus074","locus120",1,1,NA,NA,1,NA,1,0
"locus074","locus128",1,0.27144,NA,1,0.35736,NA,0.542748,0
"locus074","locus129",1,1,NA,1,1,NA,1,0
"locus074","locus130",0.382608,NA,NA,NA,1,NA,1,0
"locus074","locus134",1,1,NA,NA,0.810376,NA,1,0
"locus074","locus135",1,1,NA,1,1,NA,1,0
"locus074","locus139",1,1,NA,1,1,NA,0.33426,0
"locus074","locus140",1,1,NA,1,1,NA,0.33727,0
"locus074","locus146",1,1,1,1,1,NA,1,0
"locus074","locus148",1,0.357024,NA,1,0.250736,NA,0.20445,0
"locus074","locus151",1,NA,NA,1,0.271008,NA,1,0
"locus074","locus157",1,NA,NA,NA,1,NA,1,0
"locus074","locus161",1,1,NA,1,1,NA,1,0
"locus074","locus165",1,1,NA,NA,1,NA,0.260704,0
"locus074","locus170",1,1,1,1,1,NA,1,0
"locus074","locus176",0.474644,NA,NA,NA,0.449088,NA,1,0
"locus074","locus184",1,1,NA,1,1,NA,1,0
"locus074","locus186",1,1,NA,0.83554,1,NA,1,0
"locus074","locus188",1,0.73687,NA,1,1,NA,1,0
"locus074","locus189",1,1,NA,NA,0.07821,1,1,0
"locus074","locus190",1,1,NA,NA,1,1,1,0
"locus074","locus191",1,NA,NA,NA,1,1,1,0
"locus074","locus192",1,1,NA,NA,1,1,1,0
"locus074","locus195",1,1,1,NA,1,1,1,0
"locus074","locus202",1,1,1,NA,1,1,1,0
"locus074","locus215",0.58747,NA,1,NA,1,1,0.800712,0
"locus074","locus227",0.352176,1,1,NA,1,1,1,0
"locus074","locus231",1,1,NA,NA,1,NA,1,0
"locus074","locus235",1,1,NA,NA,1,1,1,0
"locus074","locus236",1,0.51295,NA,NA,1,1,1,0
"locus074","locus237",0.99039,1,NA,NA,0.341344,0.24153,1,0
"locus074","locus239",1,1,NA,NA,1,1,1,0
"locus074","locus248",1,1,NA,NA,1,1,1,0
"locus074","locus256",1,1,NA,NA,1,NA,1,0
"locus074","locus263",0.878888,1,NA,NA,1,NA,1,0
"locus074","locus264",1,1,NA,NA,1,NA,1,0
"locus074","locus274",1,0.748432,NA,NA,0.748432,NA,1,0
"locus074","locus280",1,0.390384,NA,NA,1,NA,1,0
"locus074","locus282",1,1,NA,NA,1,NA,1,0
"locus074","locus286",1,1,NA,NA,1,NA,1,0
"locus074","locus291",0.293706,0.577136,NA,NA,0.233984,NA,0.293706,0
"locus074","locus296",1,1,NA,NA,1,NA,1,0
"locus074","locus301",1,1,NA,NA,0.879856,NA,1,0
"locus074","locus314",0.999104,1,NA,NA,1,NA,1,0
"locus074","locus321",1,1,NA,NA,0.648992,NA,1,0
"locus074","locus322",0.237792,1,NA,NA,1,NA,0.46902,0
"locus074","locus323",0.929364,0.929364,NA,NA,0.613152,NA,0.929364,0
"locus074","locus329",1,1,NA,NA,0.878208,NA,1,0
"locus074","locus332",1,0.42841,1,NA,1,NA,1,0
"locus074","locus358",1,1,NA,NA,1,NA,1,0
"locus074","locus359",1,1,NA,NA,1,NA,1,0
"locus074","locus360",0.58344,0.090792,NA,NA,0.58344,NA,0.11052,0
"locus076","locus077",1,1,NA,NA,1,NA,1,0
"locus076","locus080",1,1,NA,NA,1,NA,1,0
"locus076","locus083",1,NA,NA,NA,1,NA,1,0
"locus076","locus088",0.367744,0.649464,NA,NA,0.649464,NA,0.649464,0
"locus076","locus093",1,1,1,NA,1,NA,1,0
"locus076","locus096",1,1,NA,NA,1,NA,1,0
"locus076","locus098",0.41464,0.41464,1,NA,1,NA,1,0
"locus076","locus100",0.174952,1,NA,NA,0.29712,NA,1,0
"locus076","locus106",1,1,NA,NA,1,NA,1,0
"locus076","locus119",1,1,NA,NA,1,NA,0.109416,0
"locus076","locus120",1,1,NA,NA,1,NA,1,0
"locus076","locus128",1,1,NA,NA,1,NA,1,0
"locus076","locus130",1,NA,NA,NA,1,NA,1,0
"locus076","locus134",0.252152,0.563856,NA,NA,0.252152,NA,1,0
"locus076","locus135",0.598976,0.536032,NA,NA,0.536032,NA,0.855072,0
"locus076","locus139",1,0.10916,NA,NA,0.466788,NA,1,0
"locus076","locus140",1,0.110168,NA,NA,0.45492,NA,1,0
"locus076","locus146",1,1,1,NA,1,NA,0.70185,0
"locus076","locus148",1,1,NA,NA,0.160344,NA,1,0
"locus076","locus151",1,NA,NA,NA,1,NA,1,0
"locus076","locus157",1,NA,NA,NA,1,NA,1,0
"locus076","locus161",0.54501,0.36472,NA,NA,0.596488,NA,0.596488,0
"locus076","locus165",1,0.488,NA,NA,1,NA,1,0
"locus076","locus170",1,0.16116,1,NA,1,NA,1,0
"locus076","locus176",1,NA,NA,NA,1,NA,1,0
"locus076","locus184",0.342126,0.342126,NA,NA,0.342126,NA,0.07932,0
"locus076","locus188",1,1,NA,NA,1,NA,1,0
"locus076","locus189",1,1,NA,NA,1,NA,1,0
"locus076","locus192",0.669496,1,NA,NA,1,NA,1,0
"locus076","locus195",0.296752,1,1,NA,0.28829,NA,1,0
"locus076","locus202",0.19008,1,1,NA,1,NA,1,0
"locus076","locus227",0.65373,1,1,NA,0.894296,NA,1,0
"locus076","locus236",1,0.478808,NA,NA,1,NA,0.658842,0
"locus076","locus237",0.553068,0.4632,NA,NA,0.553068,NA,0.803838,0
"locus076","locus239",1,1,NA,NA,0.068704,NA,1,0
"locus076","locus248",1,1,NA,NA,1,NA,1,0
"locus076","locus256",1,0.251272,NA,NA,1,NA,1,0
"locus076","locus264",0.544488,0.544488,NA,NA,0.423648,NA,0.86856,0
"locus076","locus274",1,1,NA,NA,1,NA,1,0
"locus076","locus280",1,0.260536,NA,NA,1,NA,1,0
"locus076","locus282",1,1,NA,NA,1,NA,1,0
"locus076","locus286",1,1,NA,NA,1,NA,1,0
"locus076","locus291",1,1,NA,NA,0.835184,NA,1,0
"locus076","locus292",1,0.706632,NA,NA,1,NA,1,0
"locus076","locus296",1,1,NA,NA,1,NA,1,0
"locus076","locus301",0.14604,0.376332,NA,NA,0.42712,NA,1,0
"locus076","locus314",1,1,NA,NA,1,NA,1,0
"locus076","locus321",1,1,NA,NA,1,NA,1,0
"locus076","locus322",1,1,NA,NA,1,NA,1,0
"locus076","locus323",0.928448,1,NA,NA,1,NA,1,0
"locus076","locus329",1,1,NA,NA,1,NA,1,0
"locus076","locus332",1,1,1,NA,1,NA,1,0
"locus076","locus358",0.845982,0.347136,NA,NA,0.845982,NA,0.845982,0
"locus076","locus359",1,0.110376,NA,NA,0.460644,NA,1,0
"locus076","locus360",1,0.1142,NA,NA,1,NA,1,0
"locus077","locus080",0.927952,0.927952,NA,NA,0.927952,NA,0.927952,0
"locus077","locus083",1,NA,NA,NA,1,NA,1,0
"locus077","locus088",0.90008,1,NA,NA,1,NA,1,0
"locus077","locus093",1,1,1,NA,1,NA,1,0
"locus077","locus096",1,1,NA,NA,1,NA,1,0
"locus077","locus098",1,1,1,NA,1,NA,1,0
"locus077","locus100",1,1,NA,NA,1,NA,1,0
"locus077","locus106",1,1,NA,NA,1,NA,1,0
"locus077","locus116",1,1,NA,NA,0.418016,NA,1,0
"locus077","locus119",1,1,NA,NA,1,NA,1,0
"locus077","locus120",1,1,NA,NA,1,NA,0.617088,0
"locus077","locus128",1,1,NA,1,0.99541,NA,1,0
"locus077","locus129",0.71945,1,NA,1,1,NA,1,0
"locus077","locus130",1,NA,NA,NA,0.292812,NA,1,0
"locus077","locus134",0.798112,0.655056,NA,NA,0.798112,NA,0.614952,0
"locus077","locus135",1,1,NA,1,1,NA,1,0
"locus077","locus137",1,1,NA,1,1,NA,1,0
"locus077","locus139",1,0.60614,NA,1,1,NA,1,0
"locus077","locus140",1,0.60762,NA,1,1,NA,1,0
"locus077","locus146",1,1,1,1,0.709836,NA,1,0
"locus077","locus148",1,1,NA,1,1,NA,1,0
"locus077","locus151",1,NA,NA,1,1,NA,1,0
"locus077","locus157",1,NA,NA,NA,1,NA,1,0
"locus077","locus161",1,0.20201,NA,1,0.532424,NA,1,0
"locus077","locus165",1,1,1,NA,1,NA,1,0
"locus077","locus170",1,1,NA,1,0.65331,NA,1,0
"locus077","locus176",1,NA,NA,NA,0.18204,NA,1,0
"locus077","locus184",1,1,NA,1,1,NA,1,0
"locus077","locus186",1,0.10712,NA,1,0.241944,NA,1,0
"locus077","locus188",1,1,1,1,1,NA,1,0
"locus077","locus189",1,1,NA,NA,1,1,1,0
"locus077","locus190",1,1,NA,NA,1,1,1,0
"locus077","locus191",1,NA,1,NA,1,1,0.47209,0
"locus077","locus192",1,1,NA,NA,1,1,1,0
"locus077","locus195",1,1,1,NA,1,1,0.86916,0
"locus077","locus202",0.60294,0.956224,NA,NA,0.956224,1,0.956224,0
"locus077","locus215",1,NA,NA,NA,1,1,1,0
"locus077","locus227",1,1,1,NA,1,1,1,0
"locus077","locus231",0.632712,0.632712,NA,NA,0.632712,NA,0.632712,0
"locus077","locus235",1,1,NA,NA,1,1,1,0
"locus077","locus236",1,1,NA,NA,1,1,1,0
"locus077","locus237",1,1,NA,NA,1,1,1,0
"locus077","locus239",1,1,NA,NA,1,1,1,0
"locus077","locus248",0.22428,1,NA,NA,0.684084,1,0.611464,0
"locus077","locus256",0.35205,1,1,NA,0.84729,NA,0.768728,0
"locus077","locus263",1,1,NA,NA,1,NA,1,0
"locus077","locus264",0.59454,0.821304,NA,NA,0.594692,NA,0.299768,0
"locus077","locus274",1,1,NA,NA,1,NA,1,0
"locus077","locus280",0.482688,0.87609,NA,NA,0.87609,NA,0.87609,0
"locus077","locus282",1,1,NA,NA,1,NA,1,0
"locus077","locus286",1,1,NA,NA,1,NA,1,0
"locus077","locus291",0.500648,0.926562,NA,NA,1,NA,1,0
"locus077","locus292",0.713512,0.713512,NA,NA,0.713512,NA,0.713512,0
"locus077","locus296",1,1,NA,NA,1,NA,1,0
"locus077","locus301",1,0.227592,NA,NA,0.777258,NA,1,0
"locus077","locus314",1,1,NA,NA,1,NA,1,0
"locus077","locus321",1,1,NA,NA,0.846096,NA,1,0
"locus077","locus322",1,1,NA,NA,1,NA,1,0
"locus077","locus323",1,1,NA,NA,1,NA,1,0
"locus077","locus329",0.362046,0.332432,NA,NA,1,NA,1,0
"locus077","locus332",1,1,1,NA,1,NA,1,0
"locus077","locus358",1,1,NA,NA,1,NA,1,0
"locus077","locus359",1,1,NA,NA,1,NA,1,0
"locus077","locus360",1,1,1,NA,1,NA,1,0
"locus080","locus083",0.905454,NA,NA,NA,1,NA,1,0
"locus080","locus088",1,1,NA,NA,1,NA,0.756408,0
"locus080","locus093",0.68266,1,1,NA,1,NA,1,0
"locus080","locus096",1,1,NA,NA,0.119472,NA,1,0
"locus080","locus098",1,1,1,NA,1,NA,1,0
"locus080","locus100",1,1,NA,NA,0.79512,NA,1,0
"locus080","locus106",0.432762,0.313808,NA,NA,1,NA,1,0
"locus080","locus116",0.794186,0.558472,NA,NA,0.508592,NA,0.508592,0
"locus080","locus119",0.313624,0.502572,NA,NA,0.57584,NA,0.839914,0
"locus080","locus120",1,1,NA,NA,1,NA,1,0
"locus080","locus128",1,1,NA,1,1,NA,1,0
"locus080","locus129",1,1,NA,1,1,NA,1,0
"locus080","locus130",1,NA,NA,NA,1,NA,1,0
"locus080","locus134",1,1,NA,NA,1,NA,1,0
"locus080","locus135",1,1,NA,1,1,NA,1,0
"locus080","locus139",1,1,NA,1,0.37027,NA,1,0
"locus080","locus140",1,1,NA,1,0.38169,NA,1,0
"locus080","locus146",1,1,1,1,1,NA,1,0
"locus080","locus148",1,1,NA,1,1,NA,1,0
"locus080","locus151",1,NA,NA,1,1,NA,1,0
"locus080","locus157",1,NA,NA,NA,0.470124,NA,1,0
"locus080","locus161",1,0.19784,NA,1,0.43748,NA,1,0
"locus080","locus165",1,1,1,NA,1,NA,1,0
"locus080","locus170",0.75558,0.993984,NA,1,1,NA,1,0
"locus080","locus176",0.896656,NA,NA,NA,0.896656,NA,0.39315,0
"locus080","locus186",0.926944,0.56071,NA,1,1,NA,1,0
"locus080","locus188",0.894984,1,1,1,0.894984,NA,1,0
"locus080","locus189",1,1,NA,NA,1,1,1,0
"locus080","locus190",1,1,NA,NA,1,1,1,0
"locus080","locus191",1,NA,1,NA,1,1,1,0
"locus080","locus192",1,0.87422,NA,NA,1,1,1,0
"locus080","locus195",0.527532,1,1,NA,1,1,0.527532,0
"locus080","locus202",1,1,NA,NA,0.05176,1,1,0
"locus080","locus215",1,NA,NA,NA,1,1,1,0
"locus080","locus227",1,1,1,NA,1,1,1,0
"locus080","locus235",1,1,NA,NA,1,1,1,0
"locus080","locus236",1,1,NA,NA,0.81,1,1,0
"locus080","locus237",1,1,NA,NA,1,1,1,0
"locus080","locus239",1,1,NA,NA,0.49662,1,1,0
"locus080","locus256",1,1,1,NA,0.44027,NA,1,0
"locus080","locus263",0.81,0.81,NA,NA,0.801024,NA,0.81,0
"locus080","locus264",1,1,NA,NA,1,NA,0.089032,0
"locus080","locus280",0.282656,1,NA,NA,1,NA,0.888684,0
"locus080","locus282",1,1,NA,NA,1,NA,1,0
"locus080","locus286",1,1,NA,NA,1,NA,1,0
"locus080","locus291",0.803184,0.331136,NA,NA,1,NA,1,0
"locus080","locus292",1,1,NA,NA,1,NA,1,0
"locus080","locus296",0.787476,0.398136,NA,NA,0.787476,NA,0.524364,0
"locus080","locus301",1,1,NA,NA,1,NA,1,0
"locus080","locus314",0.26007,1,1,NA,1,NA,1,0
"locus080","locus321",0.907218,0.907218,NA,NA,0.907218,NA,0.760144,0
"locus080","locus322",1,1,NA,NA,1,NA,1,0
"locus080","locus323",1,1,NA,NA,1,NA,1,0
"locus080","locus329",0.898304,1,NA,NA,1,NA,1,0
"locus080","locus332",1,1,1,NA,1,NA,1,0
"locus080","locus358",1,1,NA,NA,1,NA,1,0
"locus080","locus359",1,1,NA,NA,1,NA,1,0
"locus080","locus360",1,1,1,NA,1,NA,1,0
"locus083","locus088",1,NA,NA,NA,1,NA,1,0
"locus083","locus093",0.347046,NA,NA,NA,1,NA,0.858332,0
"locus083","locus098",0.615738,NA,NA,NA,0.702194,NA,0.615738,0
"locus083","locus100",1,NA,NA,NA,1,NA,1,0
"locus083","locus106",0.638106,NA,NA,NA,0.640516,NA,1,0
"locus083","locus119",1,NA,NA,NA,1,NA,1,0
"locus083","locus120",1,NA,NA,NA,1,NA,1,0
"locus083","locus128",1,NA,NA,NA,1,NA,1,0
"locus083","locus129",1,NA,NA,NA,1,NA,1,0
"locus083","locus130",1,NA,NA,NA,0.251562,NA,1,0
"locus083","locus134",1,NA,NA,NA,0.245022,NA,1,0
"locus083","locus135",0.235698,NA,NA,NA,0.896608,NA,0.594948,0
"locus083","locus137",0.897112,NA,NA,NA,0.394884,NA,1,0
"locus083","locus139",0.075708,NA,NA,NA,0.688526,NA,0.57668,0
"locus083","locus140",0.077142,NA,NA,NA,0.689408,NA,0.571036,0
"locus083","locus146",0.592788,NA,NA,NA,0.978128,NA,0.978128,0
"locus083","locus148",0.172308,NA,NA,NA,1,NA,0.785056,0
"locus083","locus151",0.41265,NA,NA,NA,1,NA,1,0
"locus083","locus157",1,NA,NA,NA,0.972036,NA,1,0
"locus083","locus161",1,NA,NA,NA,1,NA,1,0
"locus083","locus165",0.805608,NA,NA,NA,1,NA,1,0
"locus083","locus170",0.9114,NA,NA,NA,0.67044,NA,0.838352,0
"locus083","locus176",0.722784,NA,NA,NA,0.752948,NA,1,0
"locus083","locus184",0.943248,NA,NA,NA,0.943248,NA,0.943248,0
"locus083","locus186",0.782934,NA,NA,NA,1,NA,1,0
"locus083","locus188",0.535728,NA,NA,NA,0.997468,NA,1,0
"locus083","locus189",1,NA,NA,NA,1,1,1,0
"locus083","locus190",1,NA,NA,NA,1,1,1,0
"locus083","locus191",0.242008,NA,NA,NA,1,1,1,0
"locus083","locus192",1,NA,NA,NA,1,1,1,0
"locus083","locus195",1,NA,NA,NA,1,1,1,0
"locus083","locus202",0.564664,NA,NA,NA,1,0.770694,1,0
"locus083","locus215",1,NA,NA,NA,1,1,1,0
"locus083","locus227",1,NA,NA,NA,1,1,1,0
"locus083","locus231",1,NA,NA,NA,1,NA,0.237114,0
"locus083","locus235",0.670792,NA,NA,NA,1,1,1,0
"locus083","locus236",1,NA,NA,NA,1,1,1,0
"locus083","locus237",1,NA,NA,NA,1,1,1,0
"locus083","locus239",1,NA,NA,NA,1,1,1,0
"locus083","locus248",1,NA,NA,NA,1,1,1,0
"locus083","locus256",1,NA,NA,NA,1,NA,1,0
"locus083","locus263",1,NA,NA,NA,1,NA,1,0
"locus083","locus264",1,NA,NA,NA,1,NA,0.963528,0
"locus083","locus274",1,NA,NA,NA,1,NA,1,0
"locus083","locus280",0.725004,NA,NA,NA,0.725004,NA,0.725004,0
"locus083","locus282",0.662958,NA,NA,NA,1,NA,1,0
"locus083","locus286",1,NA,NA,NA,1,NA,1,0
"locus083","locus291",1,NA,NA,NA,1,NA,1,0
"locus083","locus292",0.450132,NA,NA,NA,0.450132,NA,0.560288,0
"locus083","locus296",0.153186,NA,NA,NA,0.29198,NA,0.29198,0
"locus083","locus301",0.729908,NA,NA,NA,0.072498,NA,0.729908,0
"locus083","locus314",1,NA,NA,NA,1,NA,1,0
"locus083","locus321",0.247962,NA,NA,NA,0.58292,NA,0.58292,0
"locus083","locus322",0.66933,NA,NA,NA,0.66933,NA,1,0
"locus083","locus323",0.75568,NA,NA,NA,0.553158,NA,0.75568,0
"locus083","locus329",1,NA,NA,NA,1,NA,1,0
"locus083","locus332",1,NA,NA,NA,1,NA,1,0
"locus083","locus358",0.792408,NA,NA,NA,0.651012,NA,0.063192,0
"locus083","locus359",0.772692,NA,NA,NA,0.772692,NA,1,0
"locus083","locus360",1,NA,NA,NA,1,NA,1,0
"locus088","locus093",1,1,1,NA,1,NA,1,0
"locus088","locus096",0.109496,0.43851,NA,NA,0.879492,NA,0.879492,0
"locus088","locus098",1,0.64265,1,NA,1,NA,1,0
"locus088","locus100",0.427592,1,NA,NA,0.563484,NA,1,0
"locus088","locus106",1,1,NA,NA,0.969072,NA,0.129984,0
"locus088","locus116",1,1,NA,NA,1,NA,0.401936,0
"locus088","locus119",1,1,NA,NA,1,NA,1,0
"locus088","locus120",1,1,NA,NA,0.937768,NA,1,0
"locus088","locus128",1,0.7335,NA,1,0.7335,NA,0.7335,0
"locus088","locus129",1,1,NA,1,1,NA,1,0
"locus088","locus130",1,NA,1,NA,1,NA,1,0
"locus088","locus134",0.309016,1,NA,NA,1,NA,1,0
"locus088","locus135",1,1,NA,1,0.14802,NA,1,0
"locus088","locus137",0.766192,1,NA,1,0.07753,NA,1,0
"locus088","locus139",1,1,NA,1,1,NA,1,0
"locus088","locus140",1,1,NA,1,1,NA,1,0
"locus088","locus146",1,1,NA,1,1,NA,1,0
"locus088","locus148",1,1,NA,1,1,NA,1,0
"locus088","locus151",1,NA,NA,1,0.843088,NA,1,0
"locus088","locus157",1,NA,NA,NA,1,NA,1,0
"locus088","locus161",1,1,NA,1,1,NA,1,0
"locus088","locus165",0.844168,0.354436,NA,NA,0.308454,NA,0.124928,0
"locus088","locus170",1,1,NA,0.963752,1,NA,0.76331,0
"locus088","locus176",0.757546,NA,NA,NA,0.255822,NA,0.35346,0
"locus088","locus184",0.06907,1,NA,1,1,NA,0.724208,0
"locus088","locus186",1,1,NA,1,1,NA,1,0
"locus088","locus188",1,1,NA,1,0.54177,NA,1,0
"locus088","locus189",1,0.597744,NA,NA,1,1,0.25574,0
"locus088","locus190",1,1,NA,NA,0.772288,1,0.63594,0
"locus088","locus191",1,NA,NA,NA,1,1,0.653144,0
"locus088","locus192",0.13562,1,NA,NA,0.459288,1,1,0
"locus088","locus195",1,1,1,NA,1,1,1,0
"locus088","locus202",1,1,NA,NA,1,1,1,0
"locus088","locus215",1,NA,NA,NA,1,1,1,0
"locus088","locus227",1,1,1,NA,1,1,1,0
"locus088","locus231",0.447736,1,NA,NA,0.633564,NA,1,0
"locus088","locus235",1,1,NA,NA,1,1,0.92115,0
"locus088","locus236",0.207624,0.09454,NA,NA,0.63224,0.63224,0.29058,0
"locus088","locus237",1,1,NA,NA,1,1,1,0
"locus088","locus239",0.13801,0.31245,NA,NA,0.247744,1,0.722244,0
"locus088","locus248",1,1,NA,NA,1,1,1,0
"locus088","locus256",0.918234,1,NA,NA,0.52204,NA,1,0
"locus088","locus263",1,1,NA,NA,1,NA,1,0
"locus088","locus264",1,1,NA,NA,1,NA,1,0
"locus088","locus274",1,1,NA,NA,0.758336,NA,1,0
"locus088","locus280",0.184476,0.98394,NA,NA,0.12824,NA,0.98394,0
"locus088","locus282",1,1,NA,NA,1,NA,1,0
"locus088","locus286",1,1,NA,NA,1,NA,1,0
"locus088","locus291",1,1,NA,NA,1,NA,1,0
"locus088","locus292",1,1,NA,NA,0.065808,NA,1,0
"locus088","locus296",1,1,NA,NA,1,NA,1,0
"locus088","locus301",1,1,NA,NA,1,NA,1,0
"locus088","locus314",1,0.538176,NA,NA,1,NA,1,0
"locus088","locus321",1,1,NA,NA,1,NA,1,0
"locus088","locus322",0.439152,1,NA,NA,0.525798,NA,1,0
"locus088","locus323",1,1,NA,NA,0.094064,NA,1,0
"locus088","locus329",0.987284,0.987284,NA,NA,0.702432,NA,0.702432,0
"locus088","locus332",1,1,NA,NA,1,NA,1,0
"locus088","locus358",1,1,NA,NA,1,NA,1,0
"locus088","locus359",1,0.165376,NA,NA,1,NA,1,0
"locus088","locus360",1,0.703624,NA,NA,1,NA,1,0
"locus093","locus096",0.89548,1,NA,NA,1,NA,1,0
"locus093","locus098",1,1,1,NA,1,NA,1,0
"locus093","locus100",1,1,NA,NA,0.273376,NA,1,0
"locus093","locus106",1,1,NA,NA,1,NA,1,0
"locus093","locus116",1,1,NA,NA,1,NA,1,0
"locus093","locus119",1,1,NA,NA,0.72744,NA,1,0
"locus093","locus120",1,1,NA,NA,1,NA,0.891704,0
"locus093","locus128",1,1,NA,1,1,NA,1,0
"locus093","locus129",1,1,NA,1,1,NA,1,0
"locus093","locus130",0.167766,NA,NA,NA,0.600464,NA,1,0
"locus093","locus134",0.585552,1,NA,NA,1,NA,1,0
"locus093","locus135",1,1,NA,1,1,NA,1,0
"locus093","locus137",0.45131,1,NA,1,0.45131,NA,1,0
"locus093","locus139",1,1,NA,1,1,NA,1,0
"locus093","locus140",1,1,NA,1,1,NA,1,0
"locus093","locus146",1,1,NA,1,1,NA,1,0
"locus093","locus148",1,1,NA,1,1,NA,1,0
"locus093","locus151",1,NA,NA,1,1,NA,1,0
"locus093","locus157",1,NA,NA,NA,1,NA,0.333198,0
"locus093","locus161",1,1,NA,1,1,NA,1,0
"locus093","locus165",1,1,NA,NA,1,NA,1,0
"locus093","locus170",0.16883,1,NA,1,1,NA,1,0
"locus093","locus176",1,NA,1,NA,0.72248,NA,1,0
"locus093","locus184",1,1,NA,1,1,NA,1,0
"locus093","locus186",1,1,NA,1,1,NA,1,0
"locus093","locus188",1,1,NA,1,1,NA,1,0
"locus093","locus189",1,1,NA,NA,0.54472,NA,1,0
"locus093","locus190",1,1,NA,NA,1,NA,1,0
"locus093","locus191",1,NA,NA,NA,1,NA,1,0
"locus093","locus192",1,1,NA,NA,1,NA,1,0
"locus093","locus195",1,1,1,NA,1,NA,1,0
"locus093","locus202",0.614832,1,NA,NA,1,NA,1,0
"locus093","locus215",1,NA,NA,NA,1,NA,1,0
"locus093","locus227",1,1,1,NA,1,NA,1,0
"locus093","locus231",1,1,NA,NA,1,NA,1,0
"locus093","locus235",1,1,NA,NA,1,NA,1,0
"locus093","locus236",1,1,NA,NA,1,NA,1,0
"locus093","locus237",1,1,NA,NA,1,NA,0.439208,0
"locus093","locus239",0.725912,1,NA,NA,0.725912,NA,1,0
"locus093","locus248",1,1,NA,NA,1,NA,1,0
"locus093","locus256",1,1,NA,NA,1,NA,1,0
"locus093","locus263",1,1,NA,NA,1,NA,1,0
"locus093","locus264",0.73624,1,NA,NA,1,NA,1,0
"locus093","locus274",1,1,NA,NA,1,NA,1,0
"locus093","locus280",0.56524,1,NA,NA,1,NA,1,0
"locus093","locus282",1,1,NA,NA,1,NA,1,0
"locus093","locus286",1,1,NA,NA,1,NA,1,0
"locus093","locus291",0.471708,1,NA,NA,0.360928,NA,1,0
"locus093","locus292",1,1,NA,NA,0.909584,NA,1,0
"locus093","locus296",0.898952,1,NA,NA,0.898952,NA,1,0
"locus093","locus301",0.892208,1,NA,NA,1,NA,1,0
"locus093","locus314",1,1,NA,NA,1,NA,1,0
"locus093","locus321",0.39052,1,NA,NA,1,NA,0.665424,0
"locus093","locus322",1,1,NA,NA,1,NA,1,0
"locus093","locus323",0.447704,1,NA,NA,0.447704,NA,1,0
"locus093","locus329",1,1,NA,NA,1,NA,1,0
"locus093","locus332",1,1,NA,NA,1,NA,1,0
"locus093","locus358",1,1,NA,NA,1,NA,1,0
"locus093","locus359",1,1,NA,NA,1,NA,1,0
"locus093","locus360",1,1,NA,NA,1,NA,1,0
"locus096","locus098",1,1,1,NA,1,NA,1,0
"locus096","locus100",1,1,NA,NA,1,NA,1,0
"locus096","locus106",1,0.946856,NA,NA,0.946856,NA,1,0
"locus096","locus116",1,1,NA,NA,1,NA,1,0
"locus096","locus119",1,1,NA,NA,1,NA,1,0
"locus096","locus120",1,1,NA,NA,0.250352,NA,1,0
"locus096","locus128",1,1,NA,1,1,NA,1,0
"locus096","locus129",0.873952,1,NA,1,0.65893,NA,1,0
"locus096","locus130",1,NA,NA,NA,1,NA,1,0
"locus096","locus134",1,1,NA,NA,0.180976,NA,1,0
"locus096","locus135",1,1,NA,1,1,NA,1,0
"locus096","locus137",1,1,NA,1,1,NA,1,0
"locus096","locus139",1,0.719256,NA,1,1,NA,0.59793,0
"locus096","locus140",1,0.717888,NA,1,1,NA,0.59731,0
"locus096","locus146",1,1,NA,1,0.34265,NA,1,0
"locus096","locus148",1,0.28528,NA,1,1,NA,1,0
"locus096","locus151",1,NA,NA,1,1,NA,1,0
"locus096","locus157",1,NA,NA,NA,1,NA,1,0
"locus096","locus161",1,1,NA,0.570072,0.38696,NA,1,0
"locus096","locus165",1,1,NA,NA,1,NA,1,0
"locus096","locus170",0.51177,0.996936,NA,0.996936,0.996936,NA,0.996936,0
"locus096","locus176",1,NA,1,NA,1,NA,1,0
"locus096","locus184",1,1,NA,1,1,NA,1,0
"locus096","locus186",1,0.561496,NA,1,0.30765,NA,1,0
"locus096","locus188",1,1,NA,1,1,NA,1,0
"locus096","locus190",0.777114,0.36993,NA,NA,0.642696,0.777114,0.777114,0
"locus096","locus191",1,NA,NA,NA,1,0.942232,1,0
"locus096","locus192",0.523816,0.20972,NA,NA,0.523816,0.524436,0.523816,0
"locus096","locus195",1,1,1,NA,1,0.863064,0.89535,0
"locus096","locus202",1,0.800904,NA,NA,0.05467,1,1,0
"locus096","locus215",0.171192,NA,NA,NA,1,1,1,0
"locus096","locus227",1,0.575436,1,NA,0.575436,1,1,0
"locus096","locus231",1,1,NA,NA,1,NA,0.0966,0
"locus096","locus235",1,1,NA,NA,1,1,1,0
"locus096","locus236",1,0.31852,NA,NA,1,1,1,0
"locus096","locus237",1,1,NA,NA,1,1,1,0
"locus096","locus239",1,1,NA,NA,0.06809,0.381064,1,0
"locus096","locus248",1,1,NA,NA,1,1,1,0
"locus096","locus256",1,1,NA,NA,1,NA,0.065536,0
"locus096","locus263",1,0.266166,NA,NA,0.235392,NA,1,0
"locus096","locus264",0.408744,1,NA,NA,1,NA,1,0
"locus096","locus274",1,1,NA,NA,1,NA,0.199456,0
"locus096","locus280",1,1,NA,NA,1,NA,0.297688,0
"locus096","locus282",1,1,NA,NA,1,NA,1,0
"locus096","locus286",1,1,NA,NA,1,NA,1,0
"locus096","locus291",1,1,NA,NA,0.558256,NA,1,0
"locus096","locus292",1,0.06004,NA,NA,0.388278,NA,1,0
"locus096","locus296",1,1,NA,NA,1,NA,1,0
"locus096","locus301",1,0.838452,NA,NA,0.704776,NA,1,0
"locus096","locus314",0.455694,1,NA,NA,1,NA,0.439592,0
"locus096","locus321",1,1,NA,NA,0.853336,NA,1,0
"locus096","locus322",1,1,NA,NA,1,NA,1,0
"locus096","locus323",0.872204,0.698268,NA,NA,0.171352,NA,0.354654,0
"locus096","locus329",1,1,NA,NA,0.823884,NA,0.36448,0
"locus096","locus332",1,1,NA,NA,1,NA,1,0
"locus096","locus358",1,1,NA,NA,1,NA,1,0
"locus096","locus359",1,0.863152,NA,NA,1,NA,1,0
"locus096","locus360",1,1,NA,NA,1,NA,1,0
"locus098","locus100",1,1,NA,NA,1,NA,1,0
"locus098","locus106",0.74152,0.78583,NA,NA,0.136576,NA,0.32445,0
"locus098","locus116",1,1,NA,NA,0.419704,NA,1,0
"locus098","locus119",1,0.86097,NA,NA,0.295208,NA,1,0
"locus098","locus120",1,0.848898,NA,NA,0.553312,NA,1,0
"locus098","locus128",1,1,NA,1,1,NA,1,0
"locus098","locus129",1,1,NA,1,0.73038,NA,1,0
"locus098","locus130",1,NA,NA,NA,1,NA,1,0
"locus098","locus134",1,1,NA,NA,0.774696,NA,1,0
"locus098","locus135",0.69506,1,NA,1,1,NA,1,0
"locus098","locus137",0.36325,1,NA,1,0.52068,NA,1,0
"locus098","locus139",1,0.73467,NA,1,1,NA,1,0
"locus098","locus140",1,0.75212,NA,1,1,NA,1,0
"locus098","locus146",1,0.83425,NA,1,1,NA,1,0
"locus098","locus148",1,0.12014,NA,1,1,NA,1,0
"locus098","locus151",1,NA,NA,1,1,NA,1,0
"locus098","locus157",1,NA,NA,NA,1,NA,1,0
"locus098","locus161",1,1,NA,1,0.49999,NA,1,0
"locus098","locus165",0.760472,0.760472,NA,NA,0.760472,NA,0.760472,0
"locus098","locus170",1,1,NA,1,0.917,NA,1,0
"locus098","locus176",0.878776,NA,1,NA,0.878776,NA,0.878776,0
"locus098","locus184",0.25219,1,NA,1,0.25219,NA,1,0
"locus098","locus186",0.58285,1,NA,0.998576,1,NA,1,0
"locus098","locus188",1,1,NA,1,1,NA,1,0
"locus098","locus189",0.82336,1,NA,NA,1,1,1,0
"locus098","locus190",1,1,NA,NA,1,0.50587,0.972064,0
"locus098","locus192",0.28578,1,NA,NA,1,1,1,0
"locus098","locus195",0.22338,0.955388,1,NA,0.812532,0.50123,0.534952,0
"locus098","locus202",1,1,NA,NA,0.93993,1,1,0
"locus098","locus227",1,0.555096,1,NA,0.555096,1,1,0
"locus098","locus231",1,1,NA,NA,0.775736,NA,1,0
"locus098","locus235",1,0.18958,NA,NA,1,1,1,0
"locus098","locus236",1,1,NA,NA,1,1,1,0
"locus098","locus237",1,1,NA,NA,1,1,1,0
"locus098","locus239",0.652432,0.10477,NA,NA,1,1,0.652432,0
"locus098","locus248",1,1,NA,NA,1,1,0.95565,0
"locus098","locus256",0.801168,1,NA,NA,1,NA,1,0
"locus098","locus263",1,1,NA,NA,1,NA,1,0
"locus098","locus264",0.952902,0.952902,NA,NA,0.828984,NA,0.952902,0
"locus098","locus274",1,0.958504,NA,NA,1,NA,1,0
"locus098","locus280",1,1,NA,NA,0.592232,NA,1,0
"locus098","locus282",1,1,NA,NA,0.974874,NA,0.182808,0
"locus098","locus286",1,1,NA,NA,1,NA,0.181608,0
"locus098","locus291",0.890772,0.866896,NA,NA,1,NA,1,0
"locus098","locus292",1,0.906664,NA,NA,1,NA,1,0
"locus098","locus296",1,1,NA,NA,1,NA,1,0
"locus098","locus301",0.555648,1,NA,NA,1,NA,1,0
"locus098","locus314",1,1,NA,NA,1,NA,1,0
"locus098","locus321",1,0.479512,NA,NA,1,NA,0.641586,0
"locus098","locus322",1,0.641136,NA,NA,1,NA,1,0
"locus098","locus323",0.4452,1,NA,NA,1,NA,0.144016,0
"locus098","locus329",1,1,NA,NA,0.973384,NA,1,0
"locus098","locus332",1,1,NA,NA,1,NA,1,0
"locus098","locus358",1,0.396272,NA,NA,0.396272,NA,1,0
"locus098","locus359",1,1,NA,NA,0.41624,NA,1,0
"locus098","locus360",0.617912,0.617912,NA,NA,0.816878,NA,0.617912,0
"locus100","locus106",1,1,NA,NA,0.64412,NA,1,0
"locus100","locus116",0.371424,1,NA,NA,1,NA,1,0
"locus100","locus119",1,1,NA,NA,1,NA,1,0
"locus100","locus120",1,1,NA,NA,1,NA,0.498968,0
"locus100","locus128",1,1,NA,1,1,NA,1,0
"locus100","locus129",1,1,NA,1,1,NA,1,0
"locus100","locus130",1,NA,NA,NA,1,NA,1,0
"locus100","locus135",0.13593,1,NA,1,1,NA,1,0
"locus100","locus137",1,1,NA,1,0.06318,NA,1,0
"locus100","locus139",1,1,NA,1,0.06224,NA,1,0
"locus100","locus140",1,1,NA,1,0.06641,NA,1,0
"locus100","locus146",1,1,NA,1,1,NA,1,0
"locus100","locus151",0.164672,NA,NA,0.403592,0.403592,NA,0.164672,0
"locus100","locus157",1,NA,NA,NA,1,NA,0.655632,0
"locus100","locus161",1,1,NA,1,1,NA,1,0
"locus100","locus165",1,1,NA,NA,1,NA,0.30144,0
"locus100","locus170",1,1,NA,1,1,NA,1,0
"locus100","locus176",1,NA,1,NA,0.925712,NA,1,0
"locus100","locus184",0.486472,0.3337,NA,0.574808,1,NA,0.541884,0
"locus100","locus186",1,1,NA,1,1,NA,1,0
"locus100","locus188",1,1,NA,1,1,NA,1,0
"locus100","locus189",1,1,NA,NA,1,1,1,0
"locus100","locus190",1,1,NA,NA,1,1,1,0
"locus100","locus191",1,NA,NA,NA,0.271664,1,1,0
"locus100","locus192",1,1,NA,NA,1,1,1,0
"locus100","locus195",1,0.83022,1,NA,0.423288,1,1,0
"locus100","locus202",0.56941,1,NA,NA,1,1,1,0
"locus100","locus215",1,NA,NA,NA,0.657536,1,1,0
"locus100","locus227",1,0.678696,1,NA,1,1,1,0
"locus100","locus231",0.314864,1,NA,NA,0.856164,NA,1,0
"locus100","locus235",0.15174,0.151776,NA,NA,0.671778,1,1,0
"locus100","locus239",1,1,NA,NA,1,1,1,0
"locus100","locus248",1,1,NA,NA,1,1,1,0
"locus100","locus256",1,1,NA,NA,0.656262,NA,0.138032,0
"locus100","locus263",0.36964,1,NA,NA,1,NA,1,0
"locus100","locus264",1,1,NA,NA,0.955608,NA,1,0
"locus100","locus274",0.1306,1,NA,NA,1,NA,1,0
"locus100","locus280",1,1,NA,NA,1,NA,1,0
"locus100","locus282",1,1,NA,NA,0.143648,NA,1,0
"locus100","locus291",1,1,NA,NA,1,NA,1,0
"locus100","locus292",0.5392,1,NA,NA,1,NA,1,0
"locus100","locus296",0.78076,0.78076,NA,NA,0.78076,NA,0.78076,0
"locus100","locus301",1,1,NA,NA,0.751488,NA,1,0
"locus100","locus314",1,1,NA,NA,1,NA,0.658016,0
"locus100","locus321",0.571548,0.301464,NA,NA,1,NA,1,0
"locus100","locus322",1,1,NA,NA,1,NA,1,0
"locus100","locus323",0.123608,0.825484,NA,NA,0.133254,NA,0.725928,0
"locus100","locus329",0.257744,0.906734,NA,NA,0.578152,NA,0.335352,0
"locus100","locus332",1,1,NA,NA,0.9556,NA,1,0
"locus100","locus358",1,0.186544,NA,NA,1,NA,0.968478,0
"locus100","locus359",1,1,NA,NA,1,NA,1,0
"locus100","locus360",1,1,NA,NA,0.0752,NA,1,0
"locus106","locus116",1,1,NA,NA,1,NA,1,0
"locus106","locus119",1,1,NA,NA,1,NA,0.262824,0
"locus106","locus120",1,0.706992,NA,NA,0.180488,NA,1,0
"locus106","locus128",1,1,NA,1,1,NA,1,0
"locus106","locus129",0.635744,0.690438,NA,1,0.322,NA,1,0
"locus106","locus130",0.11295,NA,NA,NA,0.975352,NA,0.975352,0
"locus106","locus134",1,0.943152,NA,NA,1,NA,1,0
"locus106","locus135",1,1,NA,1,1,NA,1,0
"locus106","locus137",1,1,NA,1,1,NA,1,0
"locus106","locus139",1,1,NA,1,1,NA,0.96748,0
"locus106","locus140",1,1,NA,1,1,NA,0.96575,0
"locus106","locus146",1,1,NA,1,1,NA,1,0
"locus106","locus148",1,0.62138,NA,1,1,NA,1,0
"locus106","locus151",0.401372,NA,NA,0.401156,0.207968,NA,0.207968,0
"locus106","locus157",1,NA,NA,NA,1,NA,1,0
"locus106","locus161",1,1,NA,1,1,NA,1,0
"locus106","locus165",1,1,NA,NA,1,NA,1,0
"locus106","locus170",0.97304,1,NA,0.97304,0.97304,NA,0.97304,0
"locus106","locus176",1,NA,1,NA,1,NA,1,0
"locus106","locus184",0.99489,1,NA,1,1,NA,1,0
"locus106","locus186",1,1,NA,1,1,NA,0.81176,0
"locus106","locus188",1,0.36852,NA,1,1,NA,1,0
"locus106","locus189",1,0.71985,NA,NA,1,1,1,0
"locus106","locus190",1,1,NA,NA,1,1,1,0
"locus106","locus191",0.258008,NA,NA,NA,0.649968,0.475704,0.433272,0
"locus106","locus192",1,1,NA,NA,1,1,1,0
"locus106","locus195",1,1,1,NA,1,1,1,0
"locus106","locus202",1,1,NA,NA,0.06834,1,1,0
"locus106","locus215",0.564444,NA,NA,NA,0.901716,1,0.223352,0
"locus106","locus227",1,1,1,NA,1,1,1,0
"locus106","locus231",0.531368,1,NA,NA,1,NA,1,0
"locus106","locus235",1,1,NA,NA,1,1,1,0
"locus106","locus236",1,1,NA,NA,0.3734,1,1,0
"locus106","locus237",1,1,NA,NA,1,1,1,0
"locus106","locus239",1,1,NA,NA,1,1,1,0
"locus106","locus248",1,1,NA,NA,1,1,1,0
"locus106","locus256",1,1,NA,NA,0.455528,NA,1,0
"locus106","locus263",0.231704,1,NA,NA,1,NA,1,0
"locus106","locus264",1,1,NA,NA,1,NA,0.530968,0
"locus106","locus274",1,1,NA,NA,0.812784,NA,1,0
"locus106","locus280",1,1,NA,NA,1,NA,1,0
"locus106","locus282",1,0.927858,NA,NA,1,NA,0.921888,0
"locus106","locus286",0.366664,1,NA,NA,1,NA,0.736542,0
"locus106","locus291",1,1,NA,NA,1,NA,1,0
"locus106","locus292",1,1,NA,NA,0.796272,NA,1,0
"locus106","locus296",1,1,NA,NA,1,NA,1,0
"locus106","locus301",1,1,NA,NA,1,NA,0.927216,0
"locus106","locus314",1,1,NA,NA,1,NA,1,0
"locus106","locus321",1,1,NA,NA,0.85424,NA,1,0
"locus106","locus322",0.648456,0.648456,NA,NA,0.648456,NA,0.770964,0
"locus106","locus323",1,1,NA,NA,1,NA,1,0
"locus106","locus329",0.979578,0.843208,NA,NA,0.979578,NA,0.979578,0
"locus106","locus332",1,0.556184,NA,NA,1,NA,1,0
"locus106","locus358",0.90849,0.90849,NA,NA,0.066488,NA,0.90849,0
"locus106","locus359",1,1,NA,NA,0.378776,NA,1,0
"locus116","locus120",1,1,NA,NA,1,NA,1,0
"locus116","locus128",1,1,NA,1,1,NA,0.36447,0
"locus116","locus129",1,1,NA,1,1,NA,0.30241,0
"locus116","locus130",0.850712,NA,NA,NA,0.050538,NA,1,0
"locus116","locus134",0.636264,0.209816,NA,NA,0.814324,NA,0.814324,0
"locus116","locus135",1,1,NA,1,1,NA,1,0
"locus116","locus137",1,1,NA,1,0.16664,NA,1,0
"locus116","locus139",1,1,NA,1,1,NA,1,0
"locus116","locus140",1,1,NA,1,1,NA,1,0
"locus116","locus146",1,0.92319,NA,1,1,NA,1,0
"locus116","locus148",1,1,NA,1,1,NA,1,0
"locus116","locus151",1,NA,NA,1,1,NA,1,0
"locus116","locus157",0.223032,NA,NA,NA,0.223032,NA,0.19302,0
"locus116","locus161",1,0.68457,NA,1,1,NA,1,0
"locus116","locus165",1,0.066368,NA,NA,0.599268,NA,1,0
"locus116","locus170",1,0.94304,NA,1,0.32324,NA,1,0
"locus116","locus176",0.862904,NA,NA,NA,0.907724,NA,0.207744,0
"locus116","locus184",1,1,NA,1,1,NA,1,0
"locus116","locus186",1,1,NA,1,1,NA,1,0
"locus116","locus188",1,1,NA,1,1,NA,1,0
"locus116","locus189",1,0.08477,NA,NA,0.216,1,1,0
"locus116","locus190",1,1,NA,NA,0.56743,1,1,0
"locus116","locus191",0.341248,NA,NA,NA,0.698016,0.698016,0.733796,0
"locus116","locus192",1,1,NA,NA,1,1,1,0
"locus116","locus195",1,1,1,NA,1,1,1,0
"locus116","locus202",1,1,NA,NA,0.760384,0.7116,1,0
"locus116","locus215",1,NA,NA,NA,1,1,1,0
"locus116","locus227",1,1,1,NA,1,1,1,0
"locus116","locus231",1,1,1,NA,1,NA,1,0
"locus116","locus235",1,1,NA,NA,1,1,1,0
"locus116","locus236",0.95165,1,NA,NA,1,1,1,0
"locus116","locus237",1,1,NA,NA,1,1,1,0
"locus116","locus239",1,1,NA,NA,1,1,1,0
"locus116","locus248",1,1,NA,NA,1,1,1,0
"locus116","locus256",1,1,NA,NA,1,NA,1,0
"locus116","locus263",0.17572,1,NA,NA,1,NA,0.43002,0
"locus116","locus264",1,1,NA,NA,0.191656,NA,1,0
"locus116","locus274",1,1,NA,NA,0.097384,NA,1,0
"locus116","locus280",1,1,NA,NA,0.893336,NA,1,0
"locus116","locus282",1,0.505728,NA,NA,1,NA,0.864006,0
"locus116","locus286",0.108192,1,NA,NA,1,NA,1,0
"locus116","locus291",1,0.667638,NA,NA,1,NA,0.558912,0
"locus116","locus292",1,1,NA,NA,0.984096,NA,0.984096,0
"locus116","locus296",1,1,NA,NA,1,NA,1,0
"locus116","locus301",1,1,NA,NA,1,NA,1,0
"locus116","locus314",1,1,NA,NA,1,NA,1,0
"locus116","locus321",0.929994,0.929994,NA,NA,0.128232,NA,0.929994,0
"locus116","locus322",0.303816,1,NA,NA,1,NA,0.517488,0
"locus116","locus323",0.423208,1,NA,NA,1,NA,1,0
"locus116","locus329",1,1,NA,NA,1,NA,0.279096,0
"locus116","locus332",0.898056,0.695328,NA,NA,0.898056,NA,0.23372,0
"locus116","locus358",0.116792,1,NA,NA,0.116792,NA,1,0
"locus116","locus359",1,1,NA,NA,1,NA,1,0
"locus116","locus360",0.434064,0.757756,NA,NA,0.434064,NA,0.757756,0
"locus119","locus120",1,1,NA,NA,1,NA,1,0
"locus119","locus128",1,1,NA,1,1,NA,0.54695,0
"locus119","locus129",1,0.7264,NA,1,1,NA,0.73964,0
"locus119","locus130",1,NA,NA,NA,0.45336,NA,1,0
"locus119","locus134",1,1,NA,NA,0.15012,NA,1,0
"locus119","locus135",1,1,NA,1,0.4944,NA,1,0
"locus119","locus137",1,1,NA,1,0.39756,NA,1,0
"locus119","locus139",1,1,NA,1,1,NA,1,0
"locus119","locus140",1,1,NA,1,1,NA,1,0
"locus119","locus146",1,1,NA,1,0.8034,NA,0.53077,0
"locus119","locus148",0.425576,1,NA,1,1,NA,0.07046,0
"locus119","locus151",0.704912,NA,NA,0.79994,0.480792,NA,0.550644,0
"locus119","locus157",0.652672,NA,NA,NA,0.14928,NA,1,0
"locus119","locus161",1,1,NA,1,1,NA,1,0
"locus119","locus165",1,1,NA,NA,1,NA,1,0
"locus119","locus170",0.788544,0.788544,NA,0.788544,0.09168,NA,0.205544,0
"locus119","locus176",0.352968,NA,NA,NA,0.68927,NA,0.531164,0
"locus119","locus184",1,1,NA,1,1,NA,1,0
"locus119","locus186",1,1,NA,1,0.49858,NA,1,0
"locus119","locus188",1,1,NA,0.790552,1,NA,0.23517,0
"locus119","locus189",0.54232,1,NA,NA,1,1,1,0
"locus119","locus190",1,1,NA,NA,1,1,1,0
"locus119","locus191",1,NA,NA,NA,0.374,1,1,0
"locus119","locus192",1,0.41366,NA,NA,1,1,1,0
"locus119","locus195",1,1,1,NA,1,1,1,0
"locus119","locus202",1,1,NA,NA,1,0.914896,0.86395,0
"locus119","locus215",0.698896,NA,NA,NA,1,1,1,0
"locus119","locus227",1,1,1,NA,0.621084,1,1,0
"locus119","locus231",1,1,1,NA,1,NA,0.07591,0
"locus119","locus235",1,1,NA,NA,1,1,1,0
"locus119","locus236",1,0.53574,NA,NA,1,1,1,0
"locus119","locus237",1,1,NA,NA,0.84216,1,1,0
"locus119","locus239",1,1,NA,NA,0.42677,1,1,0
"locus119","locus248",1,1,NA,NA,1,1,1,0
"locus119","locus263",1,0.94136,NA,NA,1,NA,1,0
"locus119","locus264",1,1,NA,NA,1,NA,1,0
"locus119","locus274",1,0.285408,NA,NA,1,NA,1,0
"locus119","locus280",1,1,NA,NA,1,NA,1,0
"locus119","locus282",1,1,NA,NA,1,NA,1,0
"locus119","locus286",1,1,NA,NA,0.193936,NA,1,0
"locus119","locus292",1,1,NA,NA,0.082448,NA,1,0
"locus119","locus296",1,1,NA,NA,0.753888,NA,1,0
"locus119","locus301",1,1,NA,NA,1,NA,0.920408,0
"locus119","locus314",0.93573,0.485112,NA,NA,1,NA,1,0
"locus119","locus321",1,1,NA,NA,1,NA,1,0
"locus119","locus322",0.553384,1,NA,NA,1,NA,1,0
"locus119","locus323",0.34968,1,NA,NA,1,NA,1,0
"locus119","locus329",1,1,NA,NA,1,NA,1,0
"locus119","locus332",0.98764,0.408528,NA,NA,0.631156,NA,0.610416,0
"locus119","locus358",0.639092,0.639092,NA,NA,0.424326,NA,0.34324,0
"locus119","locus359",0.93216,0.884448,NA,NA,0.884448,NA,0.93216,0
"locus119","locus360",0.102288,1,NA,NA,1,NA,1,0
"locus120","locus128",1,1,NA,1,1,NA,1,0
"locus120","locus129",1,1,NA,1,0.57441,NA,1,0
"locus120","locus130",1,NA,NA,NA,1,NA,1,0
"locus120","locus134",1,1,1,NA,1,NA,1,0
"locus120","locus135",1,1,NA,1,1,NA,1,0
"locus120","locus137",1,1,NA,1,1,NA,1,0
"locus120","locus139",0.18905,1,NA,1,1,NA,1,0
"locus120","locus140",0.19132,1,NA,1,1,NA,1,0
"locus120","locus146",1,1,NA,1,1,NA,1,0
"locus120","locus148",1,1,NA,0.24086,1,NA,1,0
"locus120","locus151",0.63054,NA,1,1,1,NA,1,0
"locus120","locus157",0.12195,NA,NA,NA,0.12195,NA,0.495606,0
"locus120","locus161",1,1,NA,1,1,NA,1,0
"locus120","locus165",1,1,NA,NA,1,NA,1,0
"locus120","locus170",1,1,NA,1,1,NA,1,0
"locus120","locus176",1,NA,NA,NA,1,NA,0.911766,0
"locus120","locus184",0.70717,0.70717,NA,0.70717,0.848096,NA,0.848096,0
"locus120","locus186",1,0.559584,NA,0.559584,0.957848,NA,0.16803,0
"locus120","locus188",1,1,NA,1,1,NA,1,0
"locus120","locus189",1,1,NA,NA,1,1,1,0
"locus120","locus190",1,0.80632,NA,NA,1,1,1,0
"locus120","locus191",0.992052,NA,NA,NA,1,1,0.710824,0
"locus120","locus192",0.85415,0.85415,NA,NA,0.85415,1,1,0
"locus120","locus195",1,1,1,NA,1,1,1,0
"locus120","locus202",1,1,NA,NA,0.92233,1,1,0
"locus120","locus215",0.931128,NA,NA,NA,0.931128,0.931128,0.931128,0
"locus120","locus227",1,1,1,NA,1,0.854268,1,0
"locus120","locus231",0.952934,0.931204,NA,NA,0.744736,NA,0.744736,0
"locus120","locus236",0.09173,1,NA,NA,1,0.114056,1,0
"locus120","locus237",1,1,NA,NA,1,1,1,0
"locus120","locus239",1,1,NA,NA,1,1,1,0
"locus120","locus248",1,1,NA,NA,1,1,1,0
"locus120","locus256",1,1,NA,NA,1,NA,0.773768,0
"locus120","locus263",0.376064,1,NA,NA,1,NA,1,0
"locus120","locus264",1,0.927018,NA,NA,1,NA,0.896928,0
"locus120","locus274",1,1,NA,NA,1,NA,1,0
"locus120","locus280",1,1,NA,NA,1,NA,0.516032,0
"locus120","locus282",1,1,NA,NA,1,NA,1,0
"locus120","locus286",1,1,NA,NA,1,NA,1,0
"locus120","locus291",1,0.539064,NA,NA,1,NA,1,0
"locus120","locus292",0.219344,0.528842,NA,NA,0.325548,NA,0.46014,0
"locus120","locus296",0.338776,0.82566,NA,NA,0.82566,NA,0.82566,0
"locus120","locus301",1,1,NA,NA,1,NA,1,0
"locus120","locus314",1,1,NA,NA,1,NA,1,0
"locus120","locus321",1,1,NA,NA,1,NA,1,0
"locus120","locus322",0.570558,1,NA,NA,0.529976,NA,1,0
"locus120","locus323",1,1,NA,NA,1,NA,1,0
"locus120","locus329",1,0.868854,NA,NA,1,NA,0.728232,0
"locus120","locus332",0.163144,1,NA,NA,0.521064,NA,1,0
"locus120","locus358",0.850926,1,NA,NA,0.078032,NA,1,0
"locus120","locus359",0.921624,1,NA,NA,1,NA,1,0
"locus120","locus360",0.19999,1,1,NA,1,NA,1,0
"locus128","locus129",1,1,NA,1,1,NA,1,0
"locus128","locus130",0.587856,NA,NA,NA,0.587856,NA,1,0
"locus128","locus134",1,1,NA,NA,1,NA,1,0
"locus128","locus135",1,1,NA,1,1,NA,1,0
"locus128","locus137",1,1,NA,1,1,NA,1,0
"locus128","locus139",1,1,NA,1,1,NA,1,0
"locus128","locus140",1,1,NA,1,1,NA,1,0
"locus128","locus146",1,0.05763,NA,1,1,NA,1,0
"locus128","locus148",1,1,NA,1,0.11625,NA,1,0
"locus128","locus151",0.80184,NA,1,1,1,NA,1,0
"locus128","locus157",0.82701,NA,NA,NA,0.82701,NA,1,0
"locus128","locus161",1,1,NA,1,1,NA,0.904,0
"locus128","locus165",1,1,NA,NA,0.699072,NA,1,0
"locus128","locus170",0.767888,0.767888,NA,0.99178,0.71257,NA,1,0
"locus128","locus184",1,0.08629,NA,1,1,NA,1,0
"locus128","locus186",1,1,NA,1,1,NA,1,0
"locus128","locus188",1,0.45029,NA,1,0.907956,NA,0.730488,0
"locus128","locus189",1,1,NA,NA,1,NA,1,0
"locus128","locus190",0.457976,0.80226,NA,NA,0.906176,NA,0.906176,0
"locus128","locus191",0.988044,NA,NA,NA,1,NA,1,0
"locus128","locus192",1,1,NA,NA,0.841672,NA,1,0
"locus128","locus195",1,1,1,NA,1,NA,1,0
"locus128","locus202",1,1,NA,NA,1,NA,1,0
"locus128","locus215",1,NA,NA,NA,1,NA,1,0
"locus128","locus227",1,1,1,NA,1,NA,1,0
"locus128","locus231",1,1,NA,NA,1,NA,1,0
"locus128","locus235",1,1,NA,NA,1,NA,0.293464,0
"locus128","locus236",1,0.2916,NA,NA,1,NA,1,0
"locus128","locus237",1,1,NA,NA,1,NA,1,0
"locus128","locus239",1,1,NA,NA,1,NA,1,0
"locus128","locus248",1,0.8984,NA,NA,1,NA,1,0
"locus128","locus256",1,1,NA,NA,0.437936,NA,0.930042,0
"locus128","locus263",1,1,NA,NA,1,NA,1,0
"locus128","locus264",1,0.484208,NA,NA,1,NA,1,0
"locus128","locus274",1,1,NA,NA,1,NA,1,0
"locus128","locus280",0.536646,0.064024,NA,NA,0.536646,NA,1,0
"locus128","locus282",1,1,NA,NA,1,NA,1,0
"locus128","locus286",1,1,NA,NA,1,NA,1,0
"locus128","locus291",1,1,NA,NA,1,NA,1,0
"locus128","locus292",1,1,NA,NA,1,NA,1,0
"locus128","locus296",0.710832,0.710832,NA,NA,0.124928,NA,0.710832,0
"locus128","locus301",1,1,1,NA,1,NA,1,0
"locus128","locus314",1,1,NA,NA,1,NA,1,0
"locus128","locus321",0.691888,1,NA,NA,1,NA,0.82098,0
"locus128","locus322",0.310936,1,NA,NA,1,NA,1,0
"locus128","locus329",1,1,NA,NA,1,NA,0.940272,0
"locus128","locus332",0.476384,0.576708,NA,NA,0.476384,NA,0.476384,0
"locus128","locus358",0.451312,1,NA,NA,1,NA,1,0
"locus128","locus359",0.452808,1,NA,NA,1,NA,1,0
"locus128","locus360",1,1,NA,NA,0.874592,NA,1,0
"locus129","locus130",0.372808,NA,NA,NA,0.81917,NA,0.372372,0
"locus129","locus134",0.557744,1,NA,NA,0.888792,NA,1,0
"locus129","locus135",1,1,NA,1,1,NA,1,0
"locus129","locus137",1,1,NA,1,1,NA,1,0
"locus129","locus139",0.09914,1,NA,1,1,NA,1,0
"locus129","locus140",0.08779,1,NA,1,1,NA,1,0
"locus129","locus146",1,1,NA,0.394392,1,NA,0.29413,0
"locus129","locus148",1,0.5406,NA,1,1,NA,0.993352,0
"locus129","locus151",1,NA,1,1,1,NA,1,0
"locus129","locus157",0.29394,NA,NA,NA,0.501132,NA,0.501132,0
"locus129","locus161",1,1,NA,1,1,NA,1,0
"locus129","locus165",0.601746,0.244144,NA,NA,0.278612,NA,0.244144,0
"locus129","locus170",0.73337,0.73337,NA,1,1,NA,1,0
"locus129","locus176",0.981156,NA,NA,NA,1,NA,1,0
"locus129","locus184",1,1,NA,1,0.31041,NA,1,0
"locus129","locus186",1,1,NA,1,1,NA,1,0
"locus129","locus188",0.4047,0.790648,NA,1,1,NA,1,0
"locus129","locus189",0.43531,1,NA,NA,1,1,1,0
"locus129","locus190",1,1,NA,NA,1,1,1,0
"locus129","locus191",1,NA,NA,NA,0.936472,1,1,0
"locus129","locus192",0.75632,1,NA,NA,0.2137,1,1,0
"locus129","locus202",0.08425,1,NA,NA,0.47148,1,1,0
"locus129","locus215",1,NA,1,NA,1,1,1,0
"locus129","locus227",1,1,1,NA,1,1,1,0
"locus129","locus231",0.794886,0.196528,NA,NA,1,NA,1,0
"locus129","locus235",0.47878,0.67652,NA,NA,1,1,0.787926,0
"locus129","locus236",0.25874,1,NA,NA,1,1,1,0
"locus129","locus237",1,1,NA,NA,1,1,1,0
"locus129","locus239",0.71491,1,NA,NA,1,1,1,0
"locus129","locus248",1,1,NA,NA,1,1,1,0
"locus129","locus256",1,1,NA,NA,0.710056,NA,1,0
"locus129","locus263",1,1,NA,NA,1,NA,1,0
"locus129","locus264",0.382332,0.382332,NA,NA,0.335656,NA,0.920882,0
"locus129","locus274",0.341576,0.65856,NA,NA,1,NA,1,0
"locus129","locus280",1,1,NA,NA,1,NA,1,0
"locus129","locus282",0.596764,0.202344,NA,NA,0.225762,NA,0.596764,0
"locus129","locus286",0.679422,0.931492,NA,NA,0.931492,NA,0.492944,0
"locus129","locus291",1,1,NA,NA,0.10932,NA,0.099256,0
"locus129","locus292",1,1,NA,NA,1,NA,1,0
"locus129","locus296",0.628792,1,NA,NA,1,NA,1,0
"locus129","locus301",1,1,NA,NA,1,NA,1,0
"locus129","locus314",0.508856,0.16408,NA,NA,0.220296,NA,0.366276,0
"locus129","locus321",1,1,NA,NA,1,NA,0.484336,0
"locus129","locus322",1,1,NA,NA,0.115512,NA,0.40821,0
"locus129","locus323",1,0.33348,NA,NA,1,NA,1,0
"locus129","locus329",0.286144,1,NA,NA,1,NA,1,0
"locus129","locus332",0.834602,0.107704,NA,NA,0.479168,NA,0.162738,0
"locus129","locus358",0.231128,0.46032,NA,NA,0.46032,NA,0.508592,0
"locus129","locus359",1,1,NA,NA,1,NA,1,0
"locus129","locus360",0.247424,0.399068,NA,NA,0.399068,NA,0.326394,0
"locus130","locus134",1,NA,NA,NA,1,NA,1,0
"locus130","locus135",1,NA,NA,NA,1,NA,1,0
"locus130","locus137",0.492972,NA,NA,NA,0.540808,NA,1,0
"locus130","locus139",0.643096,NA,NA,NA,1,NA,0.271578,0
"locus130","locus140",0.63802,NA,NA,NA,1,NA,0.27231,0
"locus130","locus146",1,NA,NA,NA,1,NA,1,0
"locus130","locus148",0.59391,NA,NA,NA,0.59391,NA,0.59391,0
"locus130","locus151",1,NA,1,NA,1,NA,0.084296,0
"locus130","locus157",0.657212,NA,NA,NA,1,NA,0.613062,0
"locus130","locus165",1,NA,1,NA,1,NA,1,0
"locus130","locus170",1,NA,NA,NA,1,NA,1,0
"locus130","locus176",1,NA,NA,NA,1,NA,1,0
"locus130","locus184",1,NA,NA,NA,1,NA,1,0
"locus130","locus186",1,NA,NA,NA,0.493056,NA,1,0
"locus130","locus188",1,NA,1,NA,0.22248,NA,1,0
"locus130","locus189",0.674478,NA,NA,NA,0.155768,1,1,0
"locus130","locus190",1,NA,NA,NA,1,1,1,0
"locus130","locus191",1,NA,1,NA,1,1,1,0
"locus130","locus192",1,NA,NA,NA,1,1,1,0
"locus130","locus195",1,NA,1,NA,1,0.71297,1,0
"locus130","locus202",0.641442,NA,NA,NA,0.857936,0.857936,0.355176,0
"locus130","locus215",1,NA,NA,NA,1,1,1,0
"locus130","locus227",1,NA,1,NA,1,1,1,0
"locus130","locus231",1,NA,NA,NA,1,NA,1,0
"locus130","locus235",1,NA,NA,NA,1,1,1,0
"locus130","locus236",1,NA,NA,NA,0.997816,1,0.997816,0
"locus130","locus237",1,NA,NA,NA,1,1,1,0
"locus130","locus239",0.855396,NA,NA,NA,0.589524,0.855396,0.505632,0
"locus130","locus248",0.961164,NA,NA,NA,0.288264,1,0.3738,0
"locus130","locus256",1,NA,NA,NA,0.886152,NA,1,0
"locus130","locus263",1,NA,NA,NA,1,NA,1,0
"locus130","locus264",0.765684,NA,NA,NA,0.397554,NA,1,0
"locus130","locus274",0.200288,NA,NA,NA,0.15618,NA,0.581056,0
"locus130","locus282",1,NA,NA,NA,1,NA,1,0
"locus130","locus286",0.671742,NA,NA,NA,1,NA,1,0
"locus130","locus291",0.87678,NA,NA,NA,1,NA,1,0
"locus130","locus292",1,NA,NA,NA,1,NA,0.394368,0
"locus130","locus296",0.977808,NA,NA,NA,1,NA,0.977808,0
"locus130","locus301",1,NA,NA,NA,0.583158,NA,1,0
"locus130","locus314",1,NA,NA,NA,1,NA,1,0
"locus130","locus321",0.24111,NA,NA,NA,0.24111,NA,0.24111,0
"locus130","locus322",0.90396,NA,NA,NA,0.403908,NA,0.744068,0
"locus130","locus323",1,NA,NA,NA,0.770382,NA,1,0
"locus130","locus329",1,NA,NA,NA,1,NA,1,0
"locus130","locus332",0.903636,NA,NA,NA,0.279582,NA,1,0
"locus130","locus358",1,NA,NA,NA,1,NA,1,0
"locus130","locus359",1,NA,NA,NA,0.998028,NA,1,0
"locus130","locus360",1,NA,NA,NA,1,NA,0.696372,0
"locus134","locus135",0.276498,0.276498,NA,NA,0.728588,NA,0.25488,0
"locus134","locus137",0.814544,0.814544,NA,NA,0.732618,NA,0.664056,0
"locus134","locus139",1,1,NA,NA,1,NA,1,0
"locus134","locus140",1,1,NA,NA,1,NA,1,0
"locus134","locus146",1,1,NA,NA,0.880872,NA,1,0
"locus134","locus148",1,1,NA,NA,1,NA,1,0
"locus134","locus151",0.716198,NA,NA,NA,0.48312,NA,0.211266,0
"locus134","locus157",1,NA,NA,NA,1,NA,1,0
"locus134","locus161",0.05395,1,1,NA,1,NA,1,0
"locus134","locus165",1,1,NA,NA,1,NA,1,0
"locus134","locus170",1,1,NA,NA,1,NA,1,0
"locus134","locus176",1,NA,NA,NA,1,NA,1,0
"locus134","locus184",1,0.549488,NA,NA,0.993336,NA,1,0
"locus134","locus186",1,0.115264,NA,NA,1,NA,1,0
"locus134","locus188",1,1,NA,NA,1,NA,1,0
"locus134","locus189",1,0.61509,NA,NA,0.920104,1,0.920104,0
"locus134","locus190",1,1,NA,NA,1,0.23621,1,0
"locus134","locus191",1,NA,NA,NA,0.553672,1,1,0
"locus134","locus192",1,0.62138,NA,NA,1,1,1,0
"locus134","locus195",1,1,1,NA,0.865944,1,0.865944,0
"locus134","locus202",0.867564,0.419504,NA,NA,1,1,0.14888,0
"locus134","locus215",1,NA,NA,NA,1,1,1,0
"locus134","locus227",1,0.277728,1,NA,1,1,0.33242,0
"locus134","locus231",1,1,NA,NA,1,NA,1,0
"locus134","locus235",1,1,NA,NA,1,1,1,0
"locus134","locus237",0.34061,1,NA,NA,0.34061,1,1,0
"locus134","locus239",1,1,NA,NA,1,1,1,0
"locus134","locus248",0.61224,1,NA,NA,1,1,1,0
"locus134","locus256",0.201016,0.274782,NA,NA,0.559798,NA,0.349368,0
"locus134","locus263",1,1,NA,NA,1,NA,1,0
"locus134","locus264",0.761368,1,NA,NA,1,NA,0.761368,0
"locus134","locus280",0.88404,1,NA,NA,0.905304,NA,1,0
"locus134","locus282",1,1,NA,NA,1,NA,1,0
"locus134","locus286",1,1,NA,NA,1,NA,1,0
"locus134","locus291",1,1,NA,NA,1,NA,1,0
"locus134","locus292",1,1,NA,NA,0.774536,NA,1,0
"locus134","locus296",1,1,NA,NA,1,NA,1,0
"locus134","locus301",1,1,NA,NA,0.183824,NA,1,0
"locus134","locus314",1,1,NA,NA,1,NA,1,0
"locus134","locus321",1,0.411512,NA,NA,1,NA,0.766998,0
"locus134","locus322",1,1,NA,NA,1,NA,1,0
"locus134","locus323",1,1,NA,NA,1,NA,1,0
"locus134","locus329",0.73671,1,NA,NA,0.285824,NA,1,0
"locus134","locus332",1,1,NA,NA,1,NA,1,0
"locus134","locus358",1,0.63536,NA,NA,0.63536,NA,1,0
"locus134","locus359",1,1,NA,NA,1,NA,1,0
"locus134","locus360",1,1,NA,NA,0.527552,NA,0.527552,0
"locus135","locus137",0.86556,1,NA,1,0.86556,NA,1,0
"locus135","locus139",1,0.10127,NA,1,0.379296,NA,1,0
"locus135","locus140",1,0.09928,NA,1,0.374216,NA,1,0
"locus135","locus148",1,1,1,1,1,NA,1,0
"locus135","locus151",0.11624,NA,NA,1,1,NA,1,0
"locus135","locus157",1,NA,NA,NA,1,NA,1,0
"locus135","locus161",1,1,NA,1,1,NA,1,0
"locus135","locus165",1,0.183056,NA,NA,1,NA,1,0
"locus135","locus170",1,1,NA,1,1,NA,1,0
"locus135","locus176",1,NA,1,NA,0.819072,NA,1,0
"locus135","locus184",1,0.23543,NA,1,0.872456,NA,1,0
"locus135","locus186",1,1,NA,1,1,NA,1,0
"locus135","locus188",1,1,NA,1,1,NA,1,0
"locus135","locus189",0.328192,0.863552,NA,NA,0.328192,0.14333,0.726408,0
"locus135","locus190",0.757744,1,NA,NA,0.37375,1,1,0
"locus135","locus191",1,NA,NA,NA,1,0.111408,1,0
"locus135","locus192",1,1,NA,NA,1,1,1,0
"locus135","locus195",1,0.61386,1,NA,0.61386,1,1,0
"locus135","locus202",1,1,NA,NA,0.101824,1,0.09863,0
"locus135","locus215",0.704744,NA,NA,NA,1,1,1,0
"locus135","locus227",1,0.82221,1,NA,1,1,0.462144,0
"locus135","locus231",1,1,NA,NA,1,NA,1,0
"locus135","locus235",1,1,NA,NA,1,1,1,0
"locus135","locus237",0.65392,1,NA,NA,1,1,1,0
"locus135","locus239",0.99261,0.99261,NA,NA,0.99261,0.99261,0.99261,0
"locus135","locus248",1,1,NA,NA,0.61833,1,1,0
"locus135","locus256",1,1,NA,NA,1,NA,1,0
"locus135","locus263",1,1,1,NA,1,NA,1,0
"locus135","locus264",1,1,1,NA,1,NA,1,0
"locus135","locus274",1,0.785304,NA,NA,1,NA,0.599496,0
"locus135","locus280",1,1,NA,NA,1,NA,1,0
"locus135","locus282",1,1,NA,NA,1,NA,1,0
"locus135","locus286",1,1,NA,NA,1,NA,1,0
"locus135","locus291",0.972606,0.999996,NA,NA,0.1002,NA,1,0
"locus135","locus292",1,1,NA,NA,1,NA,1,0
"locus135","locus296",0.730296,0.741878,NA,NA,0.730296,NA,0.730296,0
"locus135","locus301",0.929912,0.9876,NA,NA,0.9876,NA,0.9876,0
"locus135","locus314",1,1,NA,NA,0.26032,NA,1,0
"locus135","locus321",1,1,NA,NA,1,NA,1,0
"locus135","locus322",0.911804,0.38812,NA,NA,0.792168,NA,0.911804,0
"locus135","locus323",0.761478,0.103616,NA,NA,1,NA,1,0
"locus135","locus329",1,1,NA,NA,1,NA,1,0
"locus135","locus332",0.85041,1,NA,NA,0.219088,NA,1,0
"locus135","locus358",1,1,NA,NA,1,NA,1,0
"locus135","locus359",0.551616,1,NA,NA,0.872226,NA,1,0
"locus135","locus360",1,1,NA,NA,1,NA,1,0
"locus137","locus139",0.65432,0.734608,NA,0.734608,0.734608,NA,0.734608,0
"locus137","locus140",0.65506,0.732616,NA,0.732616,0.732616,NA,0.732616,0
"locus137","locus146",0.4908,0.972848,NA,1,1,NA,1,0
"locus137","locus148",0.50853,0.246192,1,1,1,NA,1,0
"locus137","locus151",1,NA,NA,1,1,NA,1,0
"locus137","locus157",0.757452,NA,NA,NA,0.757452,NA,0.734478,0
"locus137","locus161",1,1,NA,1,0.7796,NA,1,0
"locus137","locus165",1,1,NA,NA,1,NA,0.640064,0
"locus137","locus170",1,1,NA,1,0.93888,NA,1,0
"locus137","locus176",0.11952,NA,1,NA,0.795948,NA,0.44259,0
"locus137","locus184",1,1,NA,1,1,NA,1,0
"locus137","locus186",1,1,NA,1,1,NA,1,0
"locus137","locus188",1,0.19244,NA,1,0.861448,NA,1,0
"locus137","locus189",1,1,NA,NA,0.30895,1,1,0
"locus137","locus190",0.632322,0.632322,NA,NA,0.54551,0.632322,0.5632,0
"locus137","locus191",1,NA,NA,NA,0.058024,1,1,0
"locus137","locus192",1,1,NA,NA,1,1,1,0
"locus137","locus195",0.98599,1,1,NA,0.48498,1,1,0
"locus137","locus202",1,1,NA,NA,1,1,1,0
"locus137","locus215",1,NA,NA,NA,1,1,1,0
"locus137","locus227",1,1,1,NA,1,1,1,0
"locus137","locus231",1,1,NA,NA,1,NA,1,0
"locus137","locus235",1,0.67268,NA,NA,1,1,1,0
"locus137","locus236",0.14067,1,NA,NA,1,1,1,0
"locus137","locus239",1,0.750248,NA,NA,0.63566,1,1,0
"locus137","locus248",1,1,NA,NA,1,1,1,0
"locus137","locus256",0.758344,1,NA,NA,1,NA,1,0
"locus137","locus263",1,1,1,NA,1,NA,0.34017,0
"locus137","locus264",0.49527,1,1,NA,1,NA,1,0
"locus137","locus274",1,1,NA,NA,1,NA,1,0
"locus137","locus280",0.927456,0.826788,NA,NA,0.599544,NA,0.927456,0
"locus137","locus282",1,0.691624,NA,NA,1,NA,1,0
"locus137","locus286",1,0.470328,NA,NA,1,NA,1,0
"locus137","locus291",1,1,NA,NA,1,NA,1,0
"locus137","locus292",1,0.841504,NA,NA,1,NA,1,0
"locus137","locus296",0.772944,0.052192,NA,NA,0.622712,NA,0.275628,0
"locus137","locus301",1,0.87164,NA,NA,1,NA,1,0
"locus137","locus314",1,1,NA,NA,1,NA,1,0
"locus137","locus321",1,1,NA,NA,0.217112,NA,1,0
"locus137","locus322",1,1,NA,NA,1,NA,1,0
"locus137","locus323",1,1,NA,NA,0.185952,NA,1,0
"locus137","locus329",1,1,NA,NA,1,NA,1,0
"locus137","locus332",1,1,NA,NA,1,NA,1,0
"locus137","locus358",1,1,NA,NA,0.543352,NA,1,0
"locus137","locus359",1,0.659648,NA,NA,1,NA,1,0
"locus137","locus360",1,1,NA,NA,1,NA,1,0
"locus139","locus146",1,1,NA,1,1,NA,1,0
"locus139","locus148",1,1,1,1,0.135972,NA,1,0
"locus139","locus151",1,NA,NA,1,1,NA,0.412328,0
"locus139","locus161",1,1,NA,1,1,NA,0.3184,0
"locus139","locus165",1,1,NA,NA,1,NA,1,0
"locus139","locus170",1,1,NA,1,1,NA,1,0
"locus139","locus176",0.642912,NA,NA,NA,0.642912,NA,0.642912,0
"locus139","locus184",1,1,NA,1,0.45486,NA,1,0
"locus139","locus186",1,0.91414,NA,1,1,NA,1,0
"locus139","locus188",0.734784,1,NA,1,0.37532,NA,1,0
"locus139","locus189",1,1,NA,NA,1,1,1,0
"locus139","locus190",1,0.36069,NA,NA,1,1,1,0
"locus139","locus191",1,NA,NA,NA,1,1,1,0
"locus139","locus192",1,1,NA,NA,0.44884,1,1,0
"locus139","locus195",1,0.498348,1,NA,0.498348,1,1,0
"locus139","locus202",1,0.34666,NA,NA,1,1,1,0
"locus139","locus215",0.237728,NA,NA,NA,0.669848,0.371664,0.669848,0
"locus139","locus227",1,1,1,NA,1,1,1,0
"locus139","locus231",1,1,1,NA,1,NA,1,0
"locus139","locus235",0.35983,0.559704,NA,NA,1,1,0.451776,0
"locus139","locus236",0.12624,1,NA,NA,1,1,1,0
"locus139","locus237",0.67113,0.67113,NA,NA,1,0.99762,1,0
"locus139","locus239",0.985494,0.985494,NA,NA,0.71094,1,0.787272,0
"locus139","locus248",1,1,NA,NA,1,1,1,0
"locus139","locus256",1,1,NA,NA,1,NA,0.958888,0
"locus139","locus263",0.71954,1,1,NA,1,NA,1,0
"locus139","locus264",1,1,1,NA,0.08103,NA,1,0
"locus139","locus274",1,1,NA,NA,1,NA,1,0
"locus139","locus280",0.443208,0.40944,NA,NA,0.443208,NA,0.753482,0
"locus139","locus282",1,1,NA,NA,1,NA,1,0
"locus139","locus286",1,1,NA,NA,1,NA,1,0
"locus139","locus291",1,1,NA,NA,1,NA,1,0
"locus139","locus292",1,1,NA,NA,1,NA,1,0
"locus139","locus296",1,1,NA,NA,1,NA,0.942352,0
"locus139","locus301",0.724,1,NA,NA,1,NA,1,0
"locus139","locus314",1,1,NA,NA,1,NA,1,0
"locus139","locus321",1,1,NA,NA,1,NA,1,0
"locus139","locus322",1,1,NA,NA,1,NA,1,0
"locus139","locus323",1,1,NA,NA,0.385872,NA,1,0
"locus139","locus329",1,1,NA,NA,1,NA,1,0
"locus139","locus332",1,1,NA,NA,1,NA,1,0
"locus139","locus358",0.674604,1,NA,NA,0.674604,NA,0.474192,0
"locus139","locus359",1,1,NA,NA,1,NA,1,0
"locus139","locus360",0.373328,1,1,NA,1,NA,0.08475,0
"locus140","locus146",1,1,NA,1,1,NA,1,0
"locus140","locus148",1,1,1,1,0.120636,NA,1,0
"locus140","locus151",1,NA,NA,1,1,NA,0.40452,0
"locus140","locus161",1,1,NA,1,1,NA,0.30712,0
"locus140","locus165",1,1,NA,NA,1,NA,1,0
"locus140","locus170",1,1,NA,1,1,NA,1,0
"locus140","locus176",0.652836,NA,NA,NA,0.652836,NA,0.652836,0
"locus140","locus184",1,1,NA,1,0.46233,NA,1,0
"locus140","locus186",1,0.91144,NA,1,1,NA,1,0
"locus140","locus188",0.719848,1,NA,1,0.39645,NA,1,0
"locus140","locus189",1,1,NA,NA,1,1,1,0
"locus140","locus190",1,0.36788,NA,NA,1,1,1,0
"locus140","locus191",1,NA,NA,NA,1,1,1,0
"locus140","locus192",1,1,NA,NA,0.47197,1,1,0
"locus140","locus195",1,0.513348,1,NA,0.513348,1,1,0
"locus140","locus202",1,0.35393,NA,NA,1,1,1,0
"locus140","locus215",0.234064,NA,NA,NA,0.666916,0.377064,0.666916,0
"locus140","locus227",1,1,1,NA,1,1,1,0
"locus140","locus231",1,1,1,NA,1,NA,1,0
"locus140","locus235",0.3722,0.564714,NA,NA,1,1,0.456192,0
"locus140","locus236",0.12466,1,NA,NA,1,1,1,0
"locus140","locus237",0.66486,0.66486,NA,NA,1,1,1,0
"locus140","locus239",0.968046,0.968046,NA,NA,0.71843,1,0.782152,0
"locus140","locus248",1,1,NA,NA,1,1,1,0
"locus140","locus256",1,1,NA,NA,1,NA,0.954328,0
"locus140","locus263",0.73299,1,1,NA,1,NA,1,0
"locus140","locus264",1,1,1,NA,0.08239,NA,1,0
"locus140","locus274",1,1,NA,NA,1,NA,1,0
"locus140","locus280",0.439572,0.410184,NA,NA,0.439572,NA,0.75423,0
"locus140","locus282",1,1,NA,NA,1,NA,1,0
"locus140","locus286",1,1,NA,NA,1,NA,1,0
"locus140","locus291",1,1,NA,NA,1,NA,1,0
"locus140","locus292",1,1,NA,NA,1,NA,1,0
"locus140","locus296",1,1,NA,NA,1,NA,0.946256,0
"locus140","locus301",0.721376,1,NA,NA,1,NA,1,0
"locus140","locus314",1,1,NA,NA,1,NA,1,0
"locus140","locus321",1,1,NA,NA,1,NA,1,0
"locus140","locus322",1,1,NA,NA,1,NA,1,0
"locus140","locus323",1,1,NA,NA,0.386368,NA,1,0
"locus140","locus329",1,1,NA,NA,1,NA,1,0
"locus140","locus332",1,1,NA,NA,1,NA,1,0
"locus140","locus358",0.68937,1,NA,NA,0.68937,NA,0.480264,0
"locus140","locus359",1,1,NA,NA,1,NA,1,0
"locus140","locus360",0.37656,1,1,NA,1,NA,0.08238,0
"locus146","locus148",1,1,1,1,1,NA,1,0
"locus146","locus151",0.39308,NA,NA,1,1,NA,1,0
"locus146","locus157",1,NA,NA,NA,1,NA,1,0
"locus146","locus161",0.87952,1,NA,1,0.3566,NA,1,0
"locus146","locus165",1,1,NA,NA,1,NA,1,0
"locus146","locus170",1,1,NA,1,1,NA,1,0
"locus146","locus176",0.798216,NA,NA,NA,0.206232,NA,0.477916,0
"locus146","locus184",0.05433,0.767872,NA,1,1,NA,1,0
"locus146","locus186",1,1,NA,1,1,NA,1,0
"locus146","locus188",1,1,NA,1,1,NA,1,0
"locus146","locus189",1,1,NA,NA,1,1,1,0
"locus146","locus190",1,1,NA,NA,1,1,1,0
"locus146","locus191",1,NA,NA,NA,1,1,1,0
"locus146","locus192",1,1,NA,NA,0.87366,1,1,0
"locus146","locus195",1,1,1,NA,1,1,1,0
"locus146","locus202",0.205328,0.867836,NA,NA,0.14767,1,0.49803,0
"locus146","locus215",0.894364,NA,NA,NA,0.128776,0.156612,0.156612,0
"locus146","locus227",1,1,1,NA,1,1,1,0
"locus146","locus231",1,1,1,NA,1,NA,0.40418,0
"locus146","locus235",0.39517,0.39517,NA,NA,0.39517,1,1,0
"locus146","locus236",0.15152,1,NA,NA,1,1,1,0
"locus146","locus237",1,1,NA,NA,1,1,1,0
"locus146","locus239",1,1,NA,NA,0.76337,0.796768,1,0
"locus146","locus248",1,1,NA,NA,1,1,1,0
"locus146","locus256",0.074176,1,NA,NA,1,NA,1,0
"locus146","locus263",0.50653,1,1,NA,1,NA,1,0
"locus146","locus264",1,1,1,NA,1,NA,1,0
"locus146","locus274",1,0.773946,NA,NA,0.497016,NA,1,0
"locus146","locus280",1,1,NA,NA,1,NA,1,0
"locus146","locus282",1,1,NA,NA,1,NA,1,0
"locus146","locus286",0.690328,1,NA,NA,0.690328,NA,0.690328,0
"locus146","locus291",1,1,NA,NA,1,NA,1,0
"locus146","locus292",1,1,NA,NA,1,NA,1,0
"locus146","locus296",0.53544,0.558354,NA,NA,1,NA,1,0
"locus146","locus301",1,1,NA,NA,0.808176,NA,1,0
"locus146","locus314",0.879672,0.644238,NA,NA,0.879672,NA,0.206872,0
"locus146","locus321",1,1,NA,NA,1,NA,1,0
"locus146","locus322",1,1,NA,NA,1,NA,0.722088,0
"locus146","locus323",1,1,NA,NA,1,NA,1,0
"locus146","locus329",0.694408,0.694408,NA,NA,0.897016,NA,0.897016,0
"locus146","locus332",1,1,NA,NA,1,NA,1,0
"locus146","locus358",1,1,NA,NA,1,NA,1,0
"locus146","locus359",1,1,NA,NA,1,NA,1,0
"locus146","locus360",1,1,1,NA,1,NA,1,0
"locus148","locus151",1,NA,NA,1,1,NA,0.636096,0
"locus148","locus157",1,NA,NA,NA,1,NA,1,0
"locus148","locus161",1,0.84838,NA,1,0.84838,NA,1,0
"locus148","locus165",1,1,NA,NA,1,NA,1,0
"locus148","locus170",1,1,NA,1,1,NA,1,0
"locus148","locus176",1,NA,NA,NA,1,NA,1,0
"locus148","locus184",1,1,NA,1,0.40653,NA,1,0
"locus148","locus186",1,1,NA,1,1,NA,1,0
"locus148","locus188",1,1,NA,1,1,NA,1,0
"locus148","locus189",1,1,NA,NA,1,1,0.75969,0
"locus148","locus190",1,0.60697,NA,NA,1,1,1,0
"locus148","locus191",0.055256,NA,NA,NA,0.416928,1,1,0
"locus148","locus192",1,1,NA,NA,1,1,0.56006,0
"locus148","locus195",0.106788,1,1,NA,1,1,1,0
"locus148","locus202",1,1,NA,NA,1,0.71681,1,0
"locus148","locus215",1,NA,NA,NA,1,1,1,0
"locus148","locus227",1,1,1,NA,1,1,1,0
"locus148","locus231",0.459256,0.748,NA,NA,0.066872,NA,0.066872,0
"locus148","locus235",0.09344,1,NA,NA,1,1,1,0
"locus148","locus236",1,1,NA,NA,1,1,1,0
"locus148","locus237",0.90315,0.08787,NA,NA,0.90315,1,0.698736,0
"locus148","locus239",1,1,NA,NA,0.13378,1,1,0
"locus148","locus248",0.41816,1,NA,NA,1,1,1,0
"locus148","locus256",0.527968,1,NA,NA,1,NA,1,0
"locus148","locus263",1,1,1,NA,1,NA,1,0
"locus148","locus264",0.724168,0.54559,1,NA,1,NA,1,0
"locus148","locus274",0.623264,0.623264,NA,NA,0.96492,NA,0.96492,0
"locus148","locus280",1,1,NA,NA,0.703432,NA,0.802692,0
"locus148","locus282",1,1,NA,NA,1,NA,1,0
"locus148","locus286",1,1,NA,NA,0.605488,NA,1,0
"locus148","locus291",0.090832,1,NA,NA,1,NA,1,0
"locus148","locus292",1,1,NA,NA,1,NA,1,0
"locus148","locus296",1,1,NA,NA,0.259168,NA,1,0
"locus148","locus301",1,0.416712,NA,NA,0.935562,NA,1,0
"locus148","locus314",1,1,NA,NA,1,NA,1,0
"locus148","locus321",1,1,NA,NA,1,NA,1,0
"locus148","locus322",1,1,NA,NA,1,NA,1,0
"locus148","locus323",1,1,NA,NA,0.807856,NA,1,0
"locus148","locus329",1,1,NA,NA,1,NA,1,0
"locus148","locus332",1,0.4006,NA,NA,1,NA,1,0
"locus148","locus358",1,1,NA,NA,0.493008,NA,0.493008,0
"locus148","locus359",0.062752,1,NA,NA,1,NA,1,0
"locus151","locus157",0.801666,NA,NA,NA,1,NA,1,0
"locus151","locus165",0.418664,NA,NA,NA,0.249606,NA,0.418664,0
"locus151","locus170",0.848072,NA,NA,0.404212,0.376194,NA,0.36524,0
"locus151","locus184",1,NA,NA,1,1,NA,1,0
"locus151","locus186",1,NA,NA,1,1,NA,0.646744,0
"locus151","locus188",1,NA,NA,1,1,NA,1,0
"locus151","locus189",1,NA,NA,NA,0.786894,1,0.24092,0
"locus151","locus190",1,NA,NA,NA,0.60664,1,1,0
"locus151","locus191",0.855354,NA,NA,NA,0.855354,1,0.493096,0
"locus151","locus192",1,NA,NA,NA,1,1,1,0
"locus151","locus195",1,NA,1,NA,1,1,1,0
"locus151","locus202",1,NA,NA,NA,1,1,1,0
"locus151","locus215",1,NA,NA,NA,1,1,1,0
"locus151","locus227",1,NA,1,NA,1,1,0.71209,0
"locus151","locus231",0.930896,NA,NA,NA,0.930896,NA,0.78351,0
"locus151","locus235",1,NA,NA,NA,1,1,1,0
"locus151","locus236",1,NA,NA,NA,1,1,1,0
"locus151","locus237",1,NA,NA,NA,0.440688,1,1,0
"locus151","locus239",0.778648,NA,NA,NA,0.948384,1,1,0
"locus151","locus248",1,NA,NA,NA,0.269376,1,1,0
"locus151","locus256",1,NA,NA,NA,1,NA,1,0
"locus151","locus263",0.16112,NA,0.998652,NA,0.998652,NA,0.998652,0
"locus151","locus264",0.67908,NA,1,NA,1,NA,1,0
"locus151","locus274",1,NA,NA,NA,1,NA,1,0
"locus151","locus280",0.64086,NA,NA,NA,0.818792,NA,0.818792,0
"locus151","locus282",1,NA,NA,NA,1,NA,1,0
"locus151","locus286",1,NA,NA,NA,0.404214,NA,1,0
"locus151","locus291",1,NA,NA,NA,0.102762,NA,1,0
"locus151","locus292",0.681678,NA,NA,NA,0.822604,NA,0.681678,0
"locus151","locus296",0.154494,NA,NA,NA,0.270344,NA,0.270344,0
"locus151","locus301",1,NA,1,NA,1,NA,0.311704,0
"locus151","locus314",0.778868,NA,NA,NA,0.573816,NA,1,0
"locus151","locus321",1,NA,NA,NA,1,NA,1,0
"locus151","locus322",1,NA,NA,NA,1,NA,1,0
"locus151","locus323",0.862194,NA,NA,NA,0.862194,NA,0.862194,0
"locus151","locus329",1,NA,NA,NA,1,NA,1,0
"locus151","locus332",0.376194,NA,NA,NA,1,NA,1,0
"locus151","locus358",0.810604,NA,NA,NA,0.810604,NA,0.089142,0
"locus151","locus359",0.297198,NA,NA,NA,0.855836,NA,1,0
"locus151","locus360",1,NA,NA,NA,1,NA,1,0
"locus157","locus161",1,NA,NA,NA,1,NA,1,0
"locus157","locus165",0.569364,NA,NA,NA,1,NA,1,0
"locus157","locus170",1,NA,NA,NA,1,NA,1,0
"locus157","locus176",1,NA,NA,NA,1,NA,1,0
"locus157","locus184",1,NA,NA,NA,0.513876,NA,1,0
"locus157","locus186",1,NA,NA,NA,1,NA,1,0
"locus157","locus188",1,NA,NA,NA,1,NA,1,0
"locus157","locus189",0.163824,NA,NA,NA,1,1,1,0
"locus157","locus190",1,NA,NA,NA,1,1,0.925216,0
"locus157","locus191",1,NA,NA,NA,1,1,1,0
"locus157","locus192",0.623406,NA,NA,NA,0.272784,1,1,0
"locus157","locus195",1,NA,1,NA,1,1,1,0
"locus157","locus202",1,NA,NA,NA,1,1,1,0
"locus157","locus215",1,NA,1,NA,1,1,1,0
"locus157","locus227",1,NA,1,NA,1,1,1,0
"locus157","locus231",1,NA,NA,NA,1,NA,1,0
"locus157","locus235",1,NA,NA,NA,1,1,1,0
"locus157","locus236",0.122552,NA,NA,NA,0.892492,0.79958,0.580962,0
"locus157","locus237",0.160552,NA,NA,NA,0.799184,0.799184,0.44238,0
"locus157","locus239",1,NA,NA,NA,0.224472,1,1,0
"locus157","locus248",0.900944,NA,NA,NA,1,1,1,0
"locus157","locus256",1,NA,NA,NA,0.06921,NA,1,0
"locus157","locus263",0.16356,NA,1,NA,1,NA,0.689346,0
"locus157","locus264",0.971808,NA,NA,NA,0.971808,NA,1,0
"locus157","locus274",0.19671,NA,NA,NA,1,NA,1,0
"locus157","locus280",0.695024,NA,NA,NA,0.600612,NA,1,0
"locus157","locus282",0.694446,NA,1,NA,0.654992,NA,0.694446,0
"locus157","locus286",0.61698,NA,NA,NA,0.749868,NA,0.749868,0
"locus157","locus291",0.525016,NA,NA,NA,0.2946,NA,0.462568,0
"locus157","locus296",1,NA,NA,NA,1,NA,1,0
"locus157","locus301",1,NA,NA,NA,0.704304,NA,1,0
"locus157","locus314",1,NA,NA,NA,0.052752,NA,1,0
"locus157","locus321",1,NA,NA,NA,1,NA,0.533184,0
"locus157","locus322",1,NA,NA,NA,0.998766,NA,1,0
"locus157","locus323",0.265712,NA,NA,NA,0.197358,NA,0.805216,0
"locus157","locus329",0.620916,NA,NA,NA,0.158616,NA,0.624264,0
"locus157","locus332",1,NA,NA,NA,0.202818,NA,1,0
"locus157","locus358",0.61782,NA,NA,NA,0.492816,NA,1,0
"locus157","locus359",1,NA,NA,NA,0.916356,NA,1,0
"locus157","locus360",0.412624,NA,NA,NA,0.05274,NA,0.380936,0
"locus161","locus165",1,1,NA,NA,1,NA,1,0
"locus161","locus170",1,1,1,1,1,NA,1,0
"locus161","locus184",1,1,NA,1,0.44377,NA,1,0
"locus161","locus186",1,0.65511,NA,1,1,NA,0.65511,0
"locus161","locus188",0.512868,1,NA,1,0.426856,NA,0.34839,0
"locus161","locus189",1,1,NA,NA,1,1,0.48257,0
"locus161","locus190",1,1,NA,NA,0.81211,1,1,0
"locus161","locus191",1,NA,NA,NA,1,1,0.282344,0
"locus161","locus192",1,1,NA,NA,1,1,1,0
"locus161","locus195",1,1,1,NA,1,1,1,0
"locus161","locus202",1,1,1,NA,1,1,1,0
"locus161","locus215",1,NA,1,NA,1,1,1,0
"locus161","locus227",1,1,1,NA,1,0.85878,1,0
"locus161","locus231",1,1,NA,NA,1,NA,1,0
"locus161","locus235",1,0.67928,NA,NA,1,1,1,0
"locus161","locus236",0.96761,1,NA,NA,1,1,1,0
"locus161","locus237",1,1,NA,NA,0.64131,1,1,0
"locus161","locus239",1,1,NA,NA,1,1,1,0
"locus161","locus248",1,0.904656,NA,NA,0.41466,1,1,0
"locus161","locus256",0.968352,0.968352,NA,NA,0.968352,NA,0.749512,0
"locus161","locus263",1,1,1,NA,1,NA,1,0
"locus161","locus264",1,1,NA,NA,1,NA,1,0
"locus161","locus274",0.208008,0.560568,NA,NA,0.560568,NA,0.781968,0
"locus161","locus280",0.74976,0.74976,NA,NA,0.858232,NA,0.858232,0
"locus161","locus282",1,1,NA,NA,1,NA,1,0
"locus161","locus286",1,1,NA,NA,1,NA,1,0
"locus161","locus291",0.522264,1,NA,NA,1,NA,1,0
"locus161","locus292",1,0.14308,NA,NA,1,NA,1,0
"locus161","locus296",1,1,NA,NA,1,NA,1,0
"locus161","locus301",1,1,NA,NA,0.626744,NA,1,0
"locus161","locus314",0.273312,1,NA,NA,1,NA,1,0
"locus161","locus322",0.602336,1,NA,NA,0.998646,NA,1,0
"locus161","locus323",0.999472,1,NA,NA,1,NA,1,0
"locus161","locus329",1,1,NA,NA,1,NA,1,0
"locus161","locus332",1,0.45884,NA,NA,0.774828,NA,1,0
"locus161","locus358",1,1,NA,NA,1,NA,1,0
"locus161","locus359",1,1,NA,NA,1,NA,1,0
"locus161","locus360",1,1,NA,NA,1,NA,1,0
"locus165","locus170",1,1,1,NA,0.74953,NA,1,0
"locus165","locus176",0.476394,NA,NA,NA,0.825412,NA,0.825412,0
"locus165","locus184",1,1,NA,NA,1,NA,1,0
"locus165","locus186",1,1,NA,NA,1,NA,0.660064,0
"locus165","locus189",1,1,NA,NA,1,1,1,0
"locus165","locus190",1,0.54897,NA,NA,1,1,1,0
"locus165","locus191",1,NA,1,NA,0.82519,1,1,0
"locus165","locus192",0.42555,1,NA,NA,1,1,1,0
"locus165","locus195",1,1,1,NA,1,1,1,0
"locus165","locus202",1,1,1,NA,1,1,1,0
"locus165","locus231",1,1,NA,NA,0.335488,NA,1,0
"locus165","locus235",1,1,NA,NA,1,1,1,0
"locus165","locus236",1,1,NA,NA,1,1,1,0
"locus165","locus237",1,1,NA,NA,0.18939,1,1,0
"locus165","locus239",1,1,NA,NA,0.81652,1,1,0
"locus165","locus248",1,0.38934,NA,NA,1,1,1,0
"locus165","locus256",0.730188,0.730188,NA,NA,0.423424,NA,0.423424,0
"locus165","locus263",1,1,NA,NA,1,NA,1,0
"locus165","locus264",0.943472,1,NA,NA,0.943472,NA,1,0
"locus165","locus274",0.674064,0.18624,NA,NA,1,NA,0.355842,0
"locus165","locus280",1,1,NA,NA,0.843872,NA,1,0
"locus165","locus282",0.205856,1,NA,NA,0.301614,NA,1,0
"locus165","locus291",1,1,NA,NA,0.295136,NA,0.690474,0
"locus165","locus292",1,1,NA,NA,0.974598,NA,0.928744,0
"locus165","locus296",1,1,NA,NA,1,NA,1,0
"locus165","locus301",0.467848,0.111928,NA,NA,0.171432,NA,0.561288,0
"locus165","locus314",1,1,NA,NA,1,NA,0.429592,0
"locus165","locus321",1,1,NA,NA,1,NA,1,0
"locus165","locus322",1,1,NA,NA,1,NA,0.818016,0
"locus165","locus323",0.986476,0.986476,NA,NA,0.426784,NA,0.426784,0
"locus165","locus329",1,1,NA,NA,1,NA,1,0
"locus165","locus332",1,1,NA,NA,0.94644,NA,1,0
"locus165","locus358",1,1,NA,NA,1,NA,1,0
"locus165","locus359",1,0.449816,NA,NA,1,NA,1,0
"locus165","locus360",0.521664,1,NA,NA,1,NA,0.871002,0
"locus170","locus176",0.601992,NA,NA,NA,0.683564,NA,0.601992,0
"locus170","locus184",1,0.531,NA,1,0.40379,NA,1,0
"locus170","locus186",1,1,NA,1,1,NA,1,0
"locus170","locus188",1,1,NA,1,1,1,0.776148,0
"locus170","locus189",0.322224,1,NA,NA,0.23819,1,1,0
"locus170","locus190",1,1,NA,NA,1,1,1,0
"locus170","locus191",1,NA,NA,NA,1,0.949208,1,0
"locus170","locus192",1,1,NA,NA,1,1,1,0
"locus170","locus195",1,1,1,NA,1,1,1,0
"locus170","locus202",1,1,NA,NA,1,1,0.44024,0
"locus170","locus215",0.245488,NA,NA,NA,1,1,0.605892,0
"locus170","locus227",1,1,1,NA,1,0.846012,0.846012,0
"locus170","locus235",1,0.516984,NA,NA,0.50247,1,1,0
"locus170","locus236",0.504784,0.860156,NA,NA,0.19478,0.85706,0.553248,0
"locus170","locus237",0.81339,0.81339,1,NA,0.172608,1,1,0
"locus170","locus248",1,1,NA,NA,0.18919,1,1,0
"locus170","locus256",1,0.94782,0.671432,NA,1,NA,0.5755,0
"locus170","locus263",1,0.220024,NA,NA,1,NA,1,0
"locus170","locus264",1,1,NA,NA,1,NA,1,0
"locus170","locus274",1,0.104904,NA,NA,1,NA,1,0
"locus170","locus280",1,0.235698,NA,NA,1,NA,0.12476,0
"locus170","locus282",1,0.6282,NA,NA,0.6282,NA,1,0
"locus170","locus286",0.25268,1,NA,NA,1,NA,1,0
"locus170","locus291",1,1,NA,NA,1,NA,1,0
"locus170","locus292",1,1,NA,NA,1,NA,1,0
"locus170","locus296",0.741592,0.873436,NA,NA,0.741592,NA,0.741592,0
"locus170","locus301",1,1,NA,NA,1,NA,0.568376,0
"locus170","locus314",1,1,NA,NA,1,NA,1,0
"locus170","locus321",1,1,NA,NA,0.819176,NA,1,0
"locus170","locus322",1,1,NA,NA,1,NA,1,0
"locus170","locus323",0.940362,0.83224,NA,NA,0.940362,NA,0.940362,0
"locus170","locus329",0.730186,0.285824,NA,NA,0.285824,NA,0.285824,0
"locus170","locus332",1,1,NA,NA,1,NA,1,0
"locus170","locus358",0.668216,0.760194,NA,NA,0.892452,NA,0.78788,0
"locus170","locus359",1,1,NA,NA,1,NA,1,0
"locus170","locus360",0.701836,0.637026,NA,NA,0.065784,NA,0.701836,0
"locus176","locus184",0.85534,NA,NA,NA,0.676266,NA,0.740292,0
"locus176","locus186",0.7691,NA,NA,NA,0.124326,NA,0.7691,0
"locus176","locus188",0.152968,NA,NA,NA,1,1,0.517224,0
"locus176","locus189",1,NA,NA,NA,0.160336,1,1,0
"locus176","locus190",0.459288,NA,NA,NA,1,1,1,0
"locus176","locus191",1,NA,NA,NA,1,1,0.916872,0
"locus176","locus192",1,NA,NA,NA,1,1,1,0
"locus176","locus195",1,NA,1,NA,1,1,1,0
"locus176","locus202",1,NA,NA,NA,1,1,1,0
"locus176","locus215",0.817688,NA,NA,NA,1,1,1,0
"locus176","locus227",1,NA,1,NA,1,1,1,0
"locus176","locus231",0.907632,NA,NA,NA,1,NA,1,0
"locus176","locus235",1,NA,NA,NA,1,1,1,0
"locus176","locus236",1,NA,NA,NA,0.670904,1,1,0
"locus176","locus237",1,NA,1,NA,0.23839,1,1,0
"locus176","locus239",0.856626,NA,NA,NA,0.856626,0.271768,0.856626,0
"locus176","locus248",0.185226,NA,NA,NA,0.630864,0.630864,0.181904,0
"locus176","locus256",1,NA,1,NA,1,NA,1,0
"locus176","locus263",1,NA,NA,NA,1,NA,1,0
"locus176","locus264",0.498612,NA,NA,NA,0.183432,NA,0.55778,0
"locus176","locus274",1,NA,NA,NA,1,NA,1,0
"locus176","locus280",1,NA,NA,NA,1,NA,1,0
"locus176","locus282",1,NA,NA,NA,1,NA,1,0
"locus176","locus286",1,NA,NA,NA,1,NA,1,0
"locus176","locus291",1,NA,NA,NA,1,NA,1,0
"locus176","locus292",1,NA,NA,NA,1,NA,1,0
"locus176","locus296",1,NA,NA,NA,1,NA,1,0
"locus176","locus301",1,NA,NA,NA,0.310344,NA,1,0
"locus176","locus314",0.784422,NA,NA,NA,1,NA,1,0
"locus176","locus321",0.308034,NA,NA,NA,1,NA,1,0
"locus176","locus322",0.821604,NA,NA,NA,0.244878,NA,0.866112,0
"locus176","locus323",0.30552,NA,NA,NA,1,NA,1,0
"locus176","locus329",1,NA,NA,NA,1,NA,0.267156,0
"locus176","locus332",0.916422,NA,NA,NA,0.916422,NA,0.916422,0
"locus176","locus358",0.89793,NA,NA,NA,0.902032,NA,0.902032,0
"locus176","locus359",0.61902,NA,NA,NA,0.130014,NA,0.61902,0
"locus176","locus360",0.907936,NA,NA,NA,0.907936,NA,0.86589,0
"locus184","locus188",1,1,NA,1,1,1,1,0
"locus184","locus189",1,1,NA,NA,1,1,1,0
"locus184","locus190",1,1,NA,NA,1,1,0.23832,0
"locus184","locus191",1,NA,NA,NA,0.19496,1,1,0
"locus184","locus192",1,1,NA,NA,1,1,1,0
"locus184","locus195",1,1,1,NA,1,1,1,0
"locus184","locus202",0.965692,0.965692,NA,NA,0.48075,0.568,0.798864,0
"locus184","locus215",0.345776,NA,NA,NA,0.981288,0.981288,0.981288,0
"locus184","locus231",1,1,1,NA,1,NA,1,0
"locus184","locus235",0.31636,1,NA,NA,0.680856,1,1,0
"locus184","locus236",1,0.295104,NA,NA,1,1,0.13002,0
"locus184","locus237",0.31553,1,NA,NA,1,1,0.685896,0
"locus184","locus239",0.43166,1,NA,NA,1,1,1,0
"locus184","locus248",1,1,NA,NA,1,1,0.56626,0
"locus184","locus256",0.6836,0.6836,NA,NA,0.986216,NA,0.986216,0
"locus184","locus263",1,0.578368,NA,NA,0.578368,NA,0.6726,0
"locus184","locus264",1,0.36572,NA,NA,1,NA,1,0
"locus184","locus274",1,1,NA,NA,1,NA,0.299168,0
"locus184","locus280",1,0.904832,NA,NA,1,NA,1,0
"locus184","locus282",1,0.05132,NA,NA,1,NA,1,0
"locus184","locus286",1,0.69124,NA,NA,1,NA,1,0
"locus184","locus291",1,0.537792,NA,NA,0.345576,NA,1,0
"locus184","locus292",0.651846,0.904756,NA,NA,0.904756,NA,0.09104,0
"locus184","locus296",1,1,NA,NA,1,NA,1,0
"locus184","locus301",1,1,NA,NA,0.99904,NA,1,0
"locus184","locus314",1,1,NA,NA,1,NA,1,0
"locus184","locus321",1,1,NA,NA,1,NA,1,0
"locus184","locus322",0.650526,0.159096,NA,NA,0.670308,NA,0.670308,0
"locus184","locus323",1,1,NA,NA,1,NA,1,0
"locus184","locus329",1,1,NA,NA,1,NA,1,0
"locus184","locus332",0.833274,0.833274,NA,NA,0.833274,NA,0.751688,0
"locus184","locus359",1,1,NA,NA,1,NA,1,0
"locus184","locus360",1,1,1,NA,1,NA,1,0
"locus186","locus188",1,1,NA,1,0.892668,1,1,0
"locus186","locus189",1,1,NA,NA,1,1,1,0
"locus186","locus190",1,1,NA,NA,1,1,1,0
"locus186","locus191",0.887666,NA,NA,NA,0.189032,0.475096,0.206826,0
"locus186","locus192",1,0.71986,NA,NA,0.975896,1,1,0
"locus186","locus195",0.050928,1,1,NA,1,1,1,0
"locus186","locus202",1,1,NA,NA,1,1,1,0
"locus186","locus215",0.548656,NA,NA,NA,1,1,0.548656,0
"locus186","locus227",1,1,1,NA,1,0.8601,1,0
"locus186","locus231",1,1,1,NA,0.59434,NA,1,0
"locus186","locus235",0.54223,1,NA,NA,1,1,1,0
"locus186","locus236",1,0.59268,NA,NA,1,1,1,0
"locus186","locus237",1,1,NA,NA,1,1,1,0
"locus186","locus239",1,1,NA,NA,1,1,1,0
"locus186","locus248",1,1,NA,NA,0.67216,1,0.60954,0
"locus186","locus256",1,1,NA,NA,1,NA,0.829648,0
"locus186","locus263",1,0.442968,NA,NA,1,NA,1,0
"locus186","locus264",1,1,NA,NA,1,NA,0.663408,0
"locus186","locus274",1,0.50088,NA,NA,0.50088,NA,1,0
"locus186","locus280",0.74272,0.74272,NA,NA,0.74272,NA,0.74272,0
"locus186","locus282",0.829928,0.829928,NA,NA,0.894136,NA,0.894136,0
"locus186","locus286",1,1,NA,NA,1,NA,0.480104,0
"locus186","locus291",1,1,NA,NA,0.168784,NA,0.691332,0
"locus186","locus292",1,1,NA,NA,1,NA,1,0
"locus186","locus296",0.782466,0.682688,NA,NA,1,NA,1,0
"locus186","locus301",1,0.359584,NA,NA,1,NA,1,0
"locus186","locus314",1,1,NA,NA,0.489072,NA,1,0
"locus186","locus321",1,1,NA,NA,0.394664,NA,1,0
"locus186","locus323",1,1,NA,NA,1,NA,0.09828,0
"locus186","locus332",1,0.12584,NA,NA,1,NA,1,0
"locus186","locus358",1,1,NA,NA,0.637728,NA,1,0
"locus186","locus359",0.63612,0.63612,NA,NA,1,NA,1,0
"locus186","locus360",1,1,NA,NA,1,NA,1,0
"locus188","locus189",1,1,NA,NA,1,1,1,0
"locus188","locus191",1,NA,NA,NA,1,0.786296,0.786296,0
"locus188","locus192",1,1,NA,NA,1,1,1,0
"locus188","locus195",1,1,1,NA,0.220296,1,1,0
"locus188","locus202",1,1,NA,NA,1,1,1,0
"locus188","locus215",1,NA,NA,NA,0.5766,1,1,0
"locus188","locus227",1,1,1,NA,1,1,1,0
"locus188","locus231",1,1,1,NA,1,NA,1,0
"locus188","locus235",0.54545,1,NA,NA,1,1,1,0
"locus188","locus236",0.84562,1,NA,NA,1,1,1,0
"locus188","locus237",1,1,NA,NA,1,1,1,0
"locus188","locus239",1,0.4056,NA,NA,0.516456,1,0.4056,0
"locus188","locus248",1,1,NA,NA,0.66674,1,1,0
"locus188","locus256",0.778358,0.22752,NA,NA,0.22752,NA,0.598756,0
"locus188","locus263",1,1,NA,NA,0.490808,NA,1,0
"locus188","locus264",0.820026,1,NA,NA,1,NA,0.473616,0
"locus188","locus274",0.613872,1,NA,NA,1,NA,1,0
"locus188","locus280",0.853784,0.919488,NA,NA,0.919488,NA,0.853784,0
"locus188","locus282",0.61044,1,NA,NA,0.61044,NA,1,0
"locus188","locus286",1,1,NA,NA,1,NA,1,0
"locus188","locus291",0.852696,0.852696,NA,NA,0.247936,NA,0.852696,0
"locus188","locus296",0.214032,0.647724,NA,NA,0.647724,NA,0.647724,0
"locus188","locus301",0.951372,1,NA,NA,1,NA,0.9464,0
"locus188","locus314",1,1,NA,NA,1,NA,1,0
"locus188","locus321",0.172944,0.566268,NA,NA,0.566268,NA,0.944652,0
"locus188","locus322",1,1,NA,NA,1,NA,1,0
"locus188","locus323",1,1,NA,NA,1,NA,1,0
"locus188","locus332",1,1,NA,NA,1,NA,0.91108,0
"locus188","locus358",1,1,NA,NA,1,NA,1,0
"locus188","locus359",1,1,NA,NA,1,NA,1,0
"locus188","locus360",0.936864,1,NA,NA,1,NA,1,0
"locus189","locus190",0.93324,1,NA,NA,1,1,1,0
"locus189","locus191",0.47061,NA,NA,NA,0.5013,0.237488,0.71978,0
"locus189","locus192",1,1,NA,NA,1,1,1,0
"locus189","locus195",1,1,1,NA,1,1,1,0
"locus189","locus202",1,1,NA,NA,0.14351,1,1,0
"locus189","locus215",0.279888,NA,NA,NA,1,1,1,0
"locus189","locus227",1,1,1,NA,1,1,1,0
"locus189","locus231",1,0.30561,NA,NA,1,NA,0.114704,0
"locus189","locus235",1,1,NA,NA,1,1,1,0
"locus189","locus236",0.553064,1,NA,NA,0.23164,1,1,0
"locus189","locus239",0.60694,1,NA,NA,1,1,1,0
"locus189","locus248",1,1,NA,NA,1,1,1,0
"locus189","locus256",1,0.7542,NA,NA,1,NA,0.155728,0
"locus189","locus263",1,1,NA,NA,1,NA,1,0
"locus189","locus264",0.404576,0.790986,NA,NA,0.404576,NA,0.528012,0
"locus189","locus274",1,1,NA,NA,1,NA,1,0
"locus189","locus280",1,1,NA,NA,0.185992,NA,0.472224,0
"locus189","locus282",1,1,NA,NA,1,NA,1,0
"locus189","locus286",1,1,NA,NA,1,NA,1,0
"locus189","locus291",0.990616,0.57501,NA,NA,0.233456,NA,0.990616,0
"locus189","locus292",0.504522,0.645512,NA,NA,0.473328,NA,1,0
"locus189","locus296",1,0.295872,NA,NA,1,NA,1,0
"locus189","locus301",1,1,NA,NA,0.444504,NA,1,0
"locus189","locus314",1,1,1,1,0.509496,NA,1,0
"locus189","locus321",0.103616,1,NA,NA,0.742176,NA,1,0
"locus189","locus322",1,1,NA,NA,1,NA,1,0
"locus189","locus323",1,1,NA,NA,0.25284,NA,1,0
"locus189","locus329",0.165184,0.653064,NA,NA,1,NA,1,0
"locus189","locus332",1,1,NA,NA,1,NA,0.266392,0
"locus189","locus358",1,1,NA,NA,1,NA,1,0
"locus189","locus359",1,1,NA,NA,0.993864,NA,1,0
"locus189","locus360",1,1,NA,NA,1,NA,1,0
"locus190","locus191",0.609328,NA,NA,NA,1,1,1,0
"locus190","locus192",0.05974,1,NA,NA,1,1,1,0
"locus190","locus195",1,1,1,NA,1,1,1,0
"locus190","locus202",1,1,NA,NA,1,1,1,0
"locus190","locus215",0.47732,NA,NA,NA,1,1,1,0
"locus190","locus227",1,1,1,NA,1,1,1,0
"locus190","locus231",1,1,NA,NA,0.692864,NA,1,0
"locus190","locus235",1,1,NA,NA,0.85256,1,1,0
"locus190","locus236",1,0.491528,NA,NA,0.05482,1,1,0
"locus190","locus237",0.775578,0.947932,NA,NA,0.31501,0.947932,0.31501,0
"locus190","locus239",1,0.45299,NA,NA,1,1,1,0
"locus190","locus248",1,0.708376,NA,NA,0.44905,1,1,0
"locus190","locus256",1,1,NA,NA,1,NA,1,0
"locus190","locus263",1,1,NA,NA,1,NA,1,0
"locus190","locus264",0.986928,1,NA,NA,1,NA,1,0
"locus190","locus274",1,0.73554,NA,NA,0.470514,NA,0.15792,0
"locus190","locus280",1,1,NA,NA,0.949152,NA,1,0
"locus190","locus282",1,1,NA,NA,1,NA,1,0
"locus190","locus286",0.736648,0.644268,NA,NA,0.736648,NA,0.1686,0
"locus190","locus291",1,0.38536,NA,NA,0.827406,NA,1,0
"locus190","locus292",0.171714,0.068416,NA,NA,0.938852,NA,0.938852,0
"locus190","locus296",1,1,NA,NA,1,NA,1,0
"locus190","locus301",0.8058,0.593742,NA,NA,0.873046,NA,0.2176,0
"locus190","locus314",1,1,1,1,1,NA,1,0
"locus190","locus322",1,1,NA,NA,1,NA,0.808672,0
"locus190","locus329",1,1,NA,NA,1,NA,1,0
"locus190","locus332",0.653096,1,NA,NA,1,NA,1,0
"locus190","locus358",1,1,NA,NA,0.470664,NA,1,0
"locus190","locus359",0.372188,0.89928,NA,NA,0.256184,NA,0.256184,0
"locus190","locus360",1,1,NA,NA,0.748896,NA,1,0
"locus191","locus192",1,NA,NA,NA,1,0.385376,1,0
"locus191","locus195",1,NA,1,NA,1,1,1,0
"locus191","locus202",1,NA,NA,NA,1,1,1,0
"locus191","locus215",1,NA,NA,NA,1,1,1,0
"locus191","locus227",1,NA,1,NA,1,1,1,0
"locus191","locus231",1,NA,NA,NA,1,NA,1,0
"locus191","locus235",1,NA,NA,NA,0.934608,1,1,0
"locus191","locus236",1,NA,NA,NA,1,1,1,0
"locus191","locus237",0.640356,NA,NA,NA,0.312064,0.859892,0.86994,0
"locus191","locus239",1,NA,NA,NA,0.593184,1,1,0
"locus191","locus248",1,NA,NA,NA,0.845166,1,0.181664,0
"locus191","locus256",1,NA,NA,NA,1,NA,0.49344,0
"locus191","locus263",0.342858,NA,NA,NA,1,NA,1,0
"locus191","locus274",0.568272,NA,NA,NA,1,NA,1,0
"locus191","locus282",0.827748,NA,NA,NA,1,NA,1,0
"locus191","locus286",1,NA,NA,NA,1,NA,1,0
"locus191","locus291",0.726888,NA,NA,NA,0.726888,NA,0.726888,0
"locus191","locus292",0.770638,NA,NA,NA,0.080394,NA,0.431252,0
"locus191","locus296",1,NA,NA,NA,1,NA,1,0
"locus191","locus301",1,NA,NA,NA,1,NA,1,0
"locus191","locus314",1,NA,1,NA,1,NA,1,0
"locus191","locus321",0.453144,NA,NA,NA,0.241122,NA,1,0
"locus191","locus322",0.292624,NA,NA,NA,0.107394,NA,1,0
"locus191","locus323",1,NA,NA,NA,1,NA,1,0
"locus191","locus329",1,NA,NA,NA,1,NA,0.366948,0
"locus191","locus332",0.711666,NA,NA,NA,1,NA,1,0
"locus191","locus358",1,NA,NA,NA,1,NA,1,0
"locus191","locus359",1,NA,NA,NA,0.72927,NA,1,0
"locus191","locus360",1,NA,NA,NA,1,NA,1,0
"locus192","locus195",1,1,1,NA,1,1,1,0
"locus192","locus202",1,1,NA,NA,1,0.71697,1,0
"locus192","locus215",1,NA,NA,NA,1,0.57252,1,0
"locus192","locus227",1,1,1,NA,1,1,1,0
"locus192","locus231",0.258592,1,NA,NA,1,NA,0.699036,0
"locus192","locus235",1,0.303824,NA,NA,0.24307,1,1,0
"locus192","locus236",0.76313,1,NA,NA,0.80024,1,1,0
"locus192","locus237",1,1,NA,NA,1,1,1,0
"locus192","locus239",1,1,NA,NA,1,1,1,0
"locus192","locus248",1,1,NA,NA,1,1,1,0
"locus192","locus256",0.731824,1,NA,NA,1,NA,1,0
"locus192","locus263",1,1,NA,NA,1,NA,1,0
"locus192","locus264",1,1,NA,NA,0.372424,NA,1,0
"locus192","locus274",0.861748,0.985616,NA,NA,0.82288,NA,0.82288,0
"locus192","locus280",0.192792,1,NA,NA,1,NA,0.565572,0
"locus192","locus282",1,1,NA,NA,1,NA,1,0
"locus192","locus286",1,0.699144,NA,NA,1,NA,1,0
"locus192","locus291",1,1,NA,NA,1,NA,1,0
"locus192","locus292",1,1,NA,NA,0.664736,NA,0.729498,0
"locus192","locus296",1,1,NA,NA,1,NA,1,0
"locus192","locus301",1,1,1,NA,1,NA,1,0
"locus192","locus314",1,0.651608,NA,NA,1,NA,1,0
"locus192","locus321",0.684032,0.105432,NA,NA,0.684032,NA,0.40029,0
"locus192","locus322",0.621884,0.454542,NA,NA,0.621884,NA,0.428712,0
"locus192","locus323",1,1,NA,NA,1,NA,1,0
"locus192","locus329",0.258568,0.412888,NA,NA,0.412888,NA,0.258568,0
"locus192","locus332",1,1,1,NA,1,NA,1,0
"locus192","locus358",1,0.194528,NA,NA,1,NA,0.390036,0
"locus192","locus359",1,1,NA,NA,1,NA,1,0
"locus192","locus360",0.859206,1,NA,NA,0.362408,NA,1,0
"locus195","locus202",1,0.69788,NA,NA,1,1,1,0
"locus195","locus215",1,NA,NA,NA,1,1,1,0
"locus195","locus227",0.921936,0.921936,1,NA,1,1,1,0
"locus195","locus231",1,1,NA,NA,1,NA,1,0
"locus195","locus235",1,1,NA,NA,1,1,1,0
"locus195","locus236",1,1,NA,NA,1,1,1,0
"locus195","locus237",1,0.59823,NA,NA,1,1,1,0
"locus195","locus239",0.731328,1,NA,NA,1,0.71471,0.731328,0
"locus195","locus248",1,1,NA,NA,1,1,1,0
"locus195","locus256",1,0.185336,NA,NA,1,NA,1,0
"locus195","locus263",1,1,NA,NA,1,NA,1,0
"locus195","locus264",1,1,NA,NA,1,NA,1,0
"locus195","locus274",1,0.397664,NA,NA,1,NA,1,0
"locus195","locus280",1,1,NA,NA,0.128824,NA,1,0
"locus195","locus282",1,1,NA,NA,1,NA,1,0
"locus195","locus286",1,0.937284,NA,NA,0.589104,NA,1,0
"locus195","locus291",0.49797,0.203412,NA,NA,0.422904,NA,0.186856,0
"locus195","locus292",1,1,NA,NA,1,NA,1,0
"locus195","locus296",1,1,NA,NA,1,NA,1,0
"locus195","locus301",1,1,1,NA,0.5799,NA,1,0
"locus195","locus314",1,1,NA,1,1,NA,1,0
"locus195","locus321",0.930852,0.930852,NA,NA,0.930852,NA,0.327416,0
"locus195","locus322",1,0.547776,NA,NA,1,NA,1,0
"locus195","locus323",1,1,NA,NA,0.597184,NA,0.630336,0
"locus195","locus329",1,1,NA,NA,1,NA,1,0
"locus195","locus332",0.49087,1,1,NA,1,NA,1,0
"locus195","locus358",1,0.293838,NA,NA,0.246064,NA,1,0
"locus195","locus359",1,0.997752,NA,NA,1,NA,1,0
"locus195","locus360",1,1,NA,NA,1,NA,0.145448,0
"locus202","locus215",1,NA,NA,NA,1,1,1,0
"locus202","locus227",1,1,1,NA,1,1,0.396852,0
"locus202","locus231",1,0.823304,NA,NA,1,NA,1,0
"locus202","locus235",1,1,NA,NA,0.89238,1,1,0
"locus202","locus236",0.91476,1,NA,NA,0.91476,1,1,0
"locus202","locus237",1,1,NA,NA,1,1,1,0
"locus202","locus239",0.88626,0.9592,NA,NA,0.9592,1,0.9592,0
"locus202","locus256",1,0.116024,NA,NA,1,NA,1,0
"locus202","locus263",1,0.211192,NA,NA,1,NA,1,0
"locus202","locus264",1,0.783186,NA,NA,0.064168,NA,1,0
"locus202","locus274",0.648632,1,NA,NA,1,NA,0.648632,0
"locus202","locus280",1,1,NA,NA,1,NA,1,0
"locus202","locus282",1,1,NA,NA,0.546984,NA,1,0
"locus202","locus286",0.541122,0.332472,NA,NA,1,NA,1,0
"locus202","locus292",1,0.296466,NA,NA,0.280104,NA,1,0
"locus202","locus296",1,1,NA,NA,1,NA,1,0
"locus202","locus301",0.45149,1,1,NA,1,NA,1,0
"locus202","locus314",1,1,NA,1,1,NA,1,0
"locus202","locus321",1,1,NA,NA,1,NA,1,0
"locus202","locus322",1,1,NA,NA,1,NA,1,0
"locus202","locus323",1,1,NA,NA,1,NA,1,0
"locus202","locus329",1,1,NA,NA,1,NA,1,0
"locus202","locus332",1,1,1,NA,1,NA,1,0
"locus202","locus358",1,0.81282,NA,NA,0.134648,NA,1,0
"locus202","locus359",1,0.958134,NA,NA,0.152208,NA,1,0
"locus202","locus360",0.395856,1,NA,NA,1,NA,1,0
"locus215","locus227",1,NA,1,NA,1,1,1,0
"locus215","locus231",1,NA,NA,NA,1,NA,1,0
"locus215","locus235",0.588858,NA,NA,NA,1,1,0.499584,0
"locus215","locus236",1,NA,NA,NA,1,1,1,0
"locus215","locus237",0.220848,NA,NA,NA,0.325254,0.666404,0.666404,0
"locus215","locus239",0.315942,NA,NA,NA,0.241912,1,1,0
"locus215","locus248",1,NA,NA,NA,1,1,0.573584,0
"locus215","locus256",1,NA,NA,NA,1,NA,1,0
"locus215","locus263",1,NA,1,NA,1,NA,1,0
"locus215","locus264",1,NA,NA,NA,0.229026,NA,1,0
"locus215","locus274",0.52518,NA,NA,NA,0.24147,NA,0.775586,0
"locus215","locus280",1,NA,NA,NA,0.84114,NA,1,0
"locus215","locus282",1,NA,NA,NA,1,NA,1,0
"locus215","locus286",1,NA,NA,NA,1,NA,1,0
"locus215","locus291",1,NA,NA,NA,1,NA,1,0
"locus215","locus292",0.774802,NA,NA,NA,0.492564,NA,0.681576,0
"locus215","locus296",1,NA,NA,NA,1,NA,1,0
"locus215","locus301",1,NA,NA,NA,0.207576,NA,1,0
"locus215","locus314",1,NA,NA,NA,1,NA,1,0
"locus215","locus321",0.673776,NA,NA,NA,0.673776,NA,0.673776,0
"locus215","locus323",1,NA,NA,NA,0.311028,NA,1,0
"locus215","locus329",0.715524,NA,NA,NA,0.821816,NA,0.715524,0
"locus215","locus332",1,NA,1,NA,1,NA,1,0
"locus215","locus358",0.311928,NA,NA,NA,0.41884,NA,1,0
"locus215","locus359",0.154806,NA,NA,NA,1,NA,1,0
"locus227","locus231",1,1,NA,NA,0.505272,NA,1,0
"locus227","locus235",1,0.53964,NA,NA,1,1,1,0
"locus227","locus236",1,1,NA,NA,0.971832,0.71108,1,0
"locus227","locus237",1,0.89474,NA,NA,1,1,1,0
"locus227","locus239",1,1,NA,NA,1,1,1,0
"locus227","locus248",1,1,NA,NA,1,1,1,0
"locus227","locus256",1,0.145304,NA,NA,1,NA,1,0
"locus227","locus263",1,1,NA,NA,1,NA,1,0
"locus227","locus264",1,1,1,NA,1,NA,1,0
"locus227","locus274",0.066744,0.502084,NA,NA,0.90247,NA,0.423246,0
"locus227","locus280",1,0.550312,NA,NA,1,NA,1,0
"locus227","locus282",0.968994,0.816696,NA,NA,1,NA,1,0
"locus227","locus286",0.177976,1,NA,NA,1,NA,1,0
"locus227","locus291",0.07588,1,NA,NA,0.758694,NA,1,0
"locus227","locus292",1,1,NA,NA,1,NA,0.261232,0
"locus227","locus296",0.67143,1,NA,NA,1,NA,0.664376,0
"locus227","locus301",0.409932,0.679656,NA,NA,0.679656,NA,0.305856,0
"locus227","locus314",1,1,NA,1,1,NA,1,0
"locus227","locus321",1,0.70852,NA,NA,1,NA,1,0
"locus227","locus322",1,1,NA,NA,1,NA,1,0
"locus227","locus323",1,1,NA,NA,1,NA,1,0
"locus227","locus329",1,1,NA,NA,1,NA,1,0
"locus227","locus332",0.86072,1,NA,NA,1,NA,1,0
"locus227","locus358",1,1,NA,NA,1,NA,1,0
"locus227","locus359",1,1,NA,NA,1,NA,1,0
"locus227","locus360",0.695136,1,NA,NA,1,NA,1,0
"locus231","locus235",1,1,NA,NA,1,NA,1,0
"locus231","locus236",1,0.827064,NA,NA,0.979536,NA,1,0
"locus231","locus237",0.322816,0.322816,NA,NA,1,NA,1,0
"locus231","locus239",0.962988,0.878064,NA,NA,0.962988,NA,0.962988,0
"locus231","locus248",1,1,NA,NA,1,NA,1,0
"locus231","locus256",0.229344,0.533032,NA,NA,0.5908,NA,0.40665,0
"locus231","locus263",1,1,NA,NA,1,NA,1,0
"locus231","locus264",1,1,1,NA,1,NA,1,0
"locus231","locus274",0.978668,0.82926,NA,NA,0.68864,NA,0.978668,0
"locus231","locus282",0.995544,0.995544,NA,NA,0.995544,NA,0.995544,0
"locus231","locus286",0.629478,1,NA,NA,0.607592,NA,1,0
"locus231","locus291",1,1,NA,NA,1,NA,1,0
"locus231","locus292",0.769452,0.44808,NA,NA,0.802356,NA,0.630798,0
"locus231","locus296",1,1,NA,NA,1,NA,1,0
"locus231","locus301",1,1,NA,NA,1,NA,1,0
"locus231","locus321",0.951178,0.663144,NA,NA,0.21148,NA,0.707304,0
"locus231","locus322",1,1,NA,NA,0.229168,NA,1,0
"locus231","locus323",1,1,NA,NA,1,NA,1,0
"locus231","locus329",0.264312,1,NA,NA,1,NA,1,0
"locus231","locus359",1,1,NA,NA,1,NA,1,0
"locus231","locus360",1,0.351512,NA,NA,1,NA,1,0
"locus235","locus236",1,1,NA,NA,1,1,1,0
"locus235","locus237",0.959226,0.17409,NA,NA,1,1,0.759328,0
"locus235","locus239",0.2016,1,NA,NA,1,1,1,0
"locus235","locus248",0.13713,1,NA,NA,0.476944,1,0.483534,0
"locus235","locus256",0.96015,0.22472,NA,NA,1,NA,1,0
"locus235","locus263",1,1,NA,NA,1,NA,1,0
"locus235","locus264",1,1,NA,NA,1,NA,1,0
"locus235","locus274",1,1,NA,NA,1,NA,1,0
"locus235","locus280",0.913654,0.11848,NA,NA,0.480336,NA,0.905188,0
"locus235","locus282",1,1,1,NA,1,NA,1,0
"locus235","locus291",1,1,NA,NA,1,NA,1,0
"locus235","locus292",0.776388,0.528696,NA,NA,1,NA,1,0
"locus235","locus296",1,0.221976,NA,NA,1,NA,0.221976,0
"locus235","locus301",1,1,NA,NA,1,NA,1,0
"locus235","locus314",1,0.790336,NA,NA,1,NA,1,0
"locus235","locus321",1,1,NA,NA,1,NA,1,0
"locus235","locus322",1,1,NA,NA,1,NA,1,0
"locus235","locus323",0.300976,0.811662,NA,NA,1,NA,1,0
"locus235","locus329",0.425488,0.569796,NA,NA,1,NA,1,0
"locus235","locus332",1,1,NA,NA,1,NA,0.458328,0
"locus235","locus358",1,1,NA,NA,1,NA,1,0
"locus235","locus359",0.839884,0.584368,NA,NA,0.584368,NA,0.839884,0
"locus235","locus360",1,1,1,NA,1,NA,1,0
"locus236","locus237",1,1,NA,NA,0.27721,1,1,0
"locus236","locus239",1,1,NA,NA,1,1,1,0
"locus236","locus248",0.7357,1,NA,NA,1,1,1,0
"locus236","locus256",0.06732,1,NA,NA,1,NA,0.720618,0
"locus236","locus263",1,1,NA,NA,1,NA,1,0
"locus236","locus264",0.08664,1,NA,NA,0.8142,NA,1,0
"locus236","locus274",1,1,NA,NA,0.37192,NA,1,0
"locus236","locus280",0.441112,0.804222,NA,NA,0.804222,NA,0.804222,0
"locus236","locus282",1,1,1,NA,1,NA,1,0
"locus236","locus286",1,1,NA,NA,1,NA,1,0
"locus236","locus291",0.787072,0.679926,NA,NA,0.468504,NA,0.679926,0
"locus236","locus292",1,0.97944,NA,NA,1,NA,1,0
"locus236","locus296",1,1,NA,NA,1,NA,1,0
"locus236","locus301",1,1,NA,NA,1,NA,1,0
"locus236","locus314",1,1,NA,NA,1,NA,1,0
"locus236","locus322",0.926648,1,NA,NA,1,NA,1,0
"locus236","locus323",0.552872,1,NA,NA,1,NA,1,0
"locus236","locus329",0.850744,0.850744,NA,NA,0.850744,NA,0.850744,0
"locus236","locus332",0.161152,1,NA,NA,0.766698,NA,1,0
"locus236","locus358",1,1,NA,NA,1,NA,1,0
"locus236","locus359",1,0.5644,NA,NA,1,NA,1,0
"locus236","locus360",0.168096,0.168096,NA,NA,0.168096,NA,1,0
"locus237","locus239",1,1,NA,NA,0.342,1,1,0
"locus237","locus248",1,0.55107,NA,NA,0.909616,1,1,0
"locus237","locus256",1,0.29368,NA,NA,1,NA,1,0
"locus237","locus263",1,1,NA,NA,1,NA,1,0
"locus237","locus264",1,1,NA,NA,1,NA,1,0
"locus237","locus274",0.4216,1,NA,NA,1,NA,0.4216,0
"locus237","locus282",0.18584,1,1,NA,0.503376,NA,1,0
"locus237","locus286",0.655784,1,NA,NA,1,NA,1,0
"locus237","locus291",0.473328,1,NA,NA,0.146696,NA,1,0
"locus237","locus292",0.558104,0.558104,NA,NA,1,NA,1,0
"locus237","locus296",0.636752,0.788604,NA,NA,0.675294,NA,0.799036,0
"locus237","locus301",1,1,NA,NA,1,NA,1,0
"locus237","locus314",1,0.9426,NA,NA,1,NA,1,0
"locus237","locus321",1,1,NA,NA,0.95096,NA,1,0
"locus237","locus322",1,1,NA,NA,1,NA,1,0
"locus237","locus323",1,1,NA,NA,0.612864,NA,1,0
"locus237","locus329",0.156712,0.669096,NA,NA,0.213612,NA,0.669096,0
"locus237","locus332",0.751278,0.433312,NA,NA,0.95893,NA,0.751278,0
"locus237","locus359",0.547024,0.547024,NA,NA,0.431526,NA,0.269808,0
"locus237","locus360",0.497634,0.243016,NA,NA,1,NA,1,0
"locus239","locus248",0.456736,0.719096,NA,NA,0.38664,0.456736,0.719096,0
"locus239","locus256",0.785752,1,NA,NA,1,NA,1,0
"locus239","locus263",1,1,NA,NA,1,NA,1,0
"locus239","locus264",1,0.981648,NA,NA,0.981648,NA,0.981648,0
"locus239","locus280",1,1,NA,NA,1,NA,1,0
"locus239","locus282",1,1,1,NA,1,NA,1,0
"locus239","locus286",0.160516,0.14692,NA,NA,0.14692,NA,1,0
"locus239","locus291",1,1,NA,NA,1,NA,1,0
"locus239","locus292",1,1,NA,NA,1,NA,1,0
"locus239","locus296",1,1,NA,NA,1,NA,1,0
"locus239","locus301",1,0.506728,NA,NA,1,NA,1,0
"locus239","locus314",1,1,NA,NA,1,NA,1,0
"locus239","locus321",1,0.740584,NA,NA,1,NA,1,0
"locus239","locus322",1,1,NA,NA,1,NA,1,0
"locus239","locus323",1,1,NA,NA,0.643904,NA,1,0
"locus239","locus329",1,1,NA,NA,1,NA,0.704328,0
"locus239","locus332",1,0.825498,NA,NA,1,NA,0.77872,0
"locus239","locus358",0.137776,0.545496,NA,NA,0.986292,NA,0.986292,0
"locus239","locus359",0.661136,1,NA,NA,1,NA,1,0
"locus239","locus360",1,1,NA,NA,1,NA,0.76444,0
"locus248","locus256",1,1,NA,NA,0.63836,NA,1,0
"locus248","locus263",1,1,NA,NA,1,NA,1,0
"locus248","locus264",1,1,NA,NA,1,NA,1,0
"locus248","locus274",0.746848,1,NA,NA,1,NA,1,0
"locus248","locus280",0.551812,0.483488,NA,NA,0.546264,NA,1,0
"locus248","locus286",1,1,NA,NA,1,NA,1,0
"locus248","locus291",1,1,NA,NA,1,NA,1,0
"locus248","locus292",0.769112,1,NA,NA,1,NA,1,0
"locus248","locus296",1,0.619576,NA,NA,1,NA,1,0
"locus248","locus301",0.88299,0.090352,NA,NA,0.88299,NA,1,0
"locus248","locus314",1,1,NA,NA,0.726728,NA,1,0
"locus248","locus321",1,1,NA,NA,1,NA,1,0
"locus248","locus322",1,1,NA,NA,1,NA,1,0
"locus248","locus323",0.941604,0.941604,NA,NA,0.44472,NA,0.941604,0
"locus248","locus329",1,1,NA,NA,1,NA,1,0
"locus248","locus332",1,0.430872,NA,NA,0.577812,NA,1,0
"locus248","locus358",1,1,NA,NA,1,NA,1,0
"locus248","locus359",1,1,NA,NA,1,NA,1,0
"locus248","locus360",1,1,NA,NA,1,NA,1,0
"locus256","locus263",1,0.103552,NA,NA,1,NA,1,0
"locus256","locus264",1,0.555864,NA,NA,1,NA,0.814722,0
"locus256","locus274",1,1,NA,NA,1,NA,1,0
"locus256","locus280",0.327752,0.222128,NA,NA,0.73818,NA,0.252744,0
"locus256","locus282",1,0.59079,1,NA,1,NA,1,0
"locus256","locus286",0.658224,0.19932,NA,NA,0.658224,NA,0.069416,0
"locus256","locus291",0.282856,1,NA,NA,1,NA,1,0
"locus256","locus292",1,1,NA,NA,0.858856,NA,0.858856,0
"locus256","locus296",1,1,NA,NA,0.63992,NA,1,0
"locus256","locus301",0.567648,1,NA,NA,1,NA,1,0
"locus256","locus314",0.963744,0.963744,NA,NA,0.674912,NA,0.963744,0
"locus256","locus321",0.946464,1,NA,NA,1,NA,1,0
"locus256","locus322",1,1,NA,NA,1,NA,1,0
"locus256","locus323",0.409192,1,NA,NA,1,NA,0.648198,0
"locus256","locus329",1,1,NA,NA,1,NA,1,0
"locus256","locus332",1,0.525152,NA,NA,1,NA,1,0
"locus256","locus358",1,0.678184,NA,NA,1,NA,1,0
"locus256","locus359",0.672824,0.989444,NA,NA,0.874524,NA,1,0
"locus263","locus264",0.298158,1,NA,NA,0.294184,NA,1,0
"locus263","locus274",1,0.60756,NA,NA,1,NA,1,0
"locus263","locus280",0.427896,1,NA,NA,1,NA,1,0
"locus263","locus282",1,1,1,NA,1,NA,1,0
"locus263","locus286",1,1,NA,NA,1,NA,1,0
"locus263","locus291",1,1,NA,NA,1,NA,1,0
"locus263","locus292",1,1,NA,NA,1,NA,1,0
"locus263","locus296",1,0.631056,NA,NA,0.658506,NA,0.806748,0
"locus263","locus301",1,0.601512,NA,NA,1,NA,1,0
"locus263","locus314",1,1,NA,NA,1,NA,1,0
"locus263","locus321",1,1,NA,NA,1,NA,0.795392,0
"locus263","locus322",1,1,NA,NA,1,NA,1,0
"locus263","locus323",1,1,NA,NA,1,NA,1,0
"locus263","locus329",1,0.31116,NA,NA,1,NA,1,0
"locus263","locus332",1,1,NA,NA,1,NA,1,0
"locus263","locus358",1,1,NA,NA,1,NA,1,0
"locus263","locus359",1,1,NA,NA,1,NA,1,0
"locus263","locus360",1,1,NA,NA,1,NA,1,0
"locus264","locus274",0.62136,1,NA,NA,1,NA,0.373768,0
"locus264","locus280",0.512424,0.429616,NA,NA,0.512424,NA,0.512424,0
"locus264","locus282",0.547808,1,NA,NA,1,NA,0.869706,0
"locus264","locus286",1,1,NA,NA,1,NA,1,0
"locus264","locus292",0.231608,1,NA,NA,1,NA,1,0
"locus264","locus296",0.116568,0.08932,NA,NA,0.425608,NA,0.533076,0
"locus264","locus301",1,0.093416,NA,NA,1,NA,1,0
"locus264","locus314",1,1,NA,NA,1,NA,1,0
"locus264","locus321",1,0.353952,NA,NA,1,NA,1,0
"locus264","locus322",0.830788,0.490014,NA,NA,0.13504,NA,0.830788,0
"locus264","locus323",1,1,NA,NA,1,NA,1,0
"locus264","locus329",1,1,NA,NA,1,NA,1,0
"locus264","locus332",1,0.168096,NA,NA,1,NA,1,0
"locus264","locus358",1,1,NA,NA,0.421144,NA,1,0
"locus264","locus359",1,1,NA,NA,1,NA,1,0
"locus264","locus360",0.565388,0.2826,NA,NA,0.132304,NA,0.938316,0
"locus274","locus280",0.635754,1,NA,NA,0.39528,NA,1,0
"locus274","locus282",1,0.838432,NA,NA,0.894084,NA,1,0
"locus274","locus286",1,0.715064,NA,NA,1,NA,0.792558,0
"locus274","locus291",1,1,NA,NA,1,NA,1,0
"locus274","locus292",1,1,NA,NA,1,NA,1,0
"locus274","locus296",0.745344,0.772968,NA,NA,1,NA,1,0
"locus274","locus301",1,0.96793,1,NA,1,NA,1,0
"locus274","locus314",1,0.936104,NA,NA,1,NA,1,0
"locus274","locus321",1,1,NA,NA,0.559768,NA,1,0
"locus274","locus323",1,1,NA,NA,0.547326,NA,0.198,0
"locus274","locus329",0.547272,1,NA,NA,1,NA,1,0
"locus274","locus332",0.38607,0.786684,NA,NA,0.167064,NA,1,0
"locus274","locus358",1,1,NA,NA,1,NA,1,0
"locus274","locus359",0.56037,0.549336,NA,NA,0.932872,NA,0.932872,0
"locus274","locus360",1,1,NA,NA,0.773376,NA,1,0
"locus280","locus282",1,1,NA,NA,0.973968,NA,0.973968,0
"locus280","locus286",1,1,NA,NA,1,NA,1,0
"locus280","locus291",1,0.670632,NA,NA,1,NA,1,0
"locus280","locus292",1,1,NA,NA,1,NA,0.206816,0
"locus280","locus296",1,0.470576,NA,NA,1,NA,0.562002,0
"locus280","locus301",0.2652,0.84576,1,NA,0.84576,NA,0.84576,0
"locus280","locus314",1,1,NA,NA,1,NA,1,0
"locus280","locus321",1,1,NA,NA,0.188936,NA,1,0
"locus280","locus322",0.337056,1,NA,NA,1,NA,1,0
"locus280","locus323",1,0.623376,NA,NA,1,NA,1,0
"locus280","locus329",1,1,NA,NA,1,NA,1,0
"locus280","locus332",0.163872,0.714636,NA,NA,0.714636,NA,1,0
"locus280","locus358",0.930716,0.536118,NA,NA,0.96672,NA,0.303168,0
"locus280","locus359",1,1,NA,NA,1,NA,1,0
"locus280","locus360",1,1,NA,NA,1,NA,1,0
"locus282","locus286",0.505752,0.505752,NA,NA,0.595976,NA,0.505752,0
"locus282","locus291",0.649782,1,NA,NA,0.45668,NA,1,0
"locus282","locus292",1,1,NA,NA,1,NA,1,0
"locus282","locus296",1,0.880416,NA,NA,1,NA,1,0
"locus282","locus301",1,1,1,NA,0.82921,NA,1,0
"locus282","locus314",1,0.3708,NA,NA,1,NA,1,0
"locus282","locus322",1,1,NA,NA,1,NA,0.104456,0
"locus282","locus323",0.782484,0.645126,NA,NA,0.645126,NA,0.17372,0
"locus282","locus329",0.748776,1,NA,NA,0.91143,NA,1,0
"locus282","locus332",0.312344,0.5613,NA,NA,0.312344,NA,0.5613,0
"locus282","locus358",1,0.065512,NA,NA,1,NA,1,0
"locus282","locus359",0.263584,0.341394,NA,NA,0.341394,NA,1,0
"locus286","locus291",0.382704,1,NA,NA,1,NA,1,0
"locus286","locus292",1,1,NA,NA,1,NA,1,0
"locus286","locus296",1,1,NA,NA,0.775224,NA,1,0
"locus286","locus301",1,1,NA,NA,0.7114,NA,1,0
"locus286","locus314",1,1,NA,NA,1,NA,0.22012,0
"locus286","locus321",1,1,NA,NA,1,NA,1,0
"locus286","locus322",1,1,NA,NA,1,NA,0.132576,0
"locus286","locus323",1,1,NA,NA,1,NA,0.088912,0
"locus286","locus329",1,1,NA,NA,1,NA,1,0
"locus286","locus332",1,1,NA,NA,1,NA,1,0
"locus286","locus358",0.731652,0.524672,NA,NA,1,NA,1,0
"locus286","locus359",1,0.371216,NA,NA,1,NA,1,0
"locus286","locus360",1,0.838976,1,NA,1,NA,0.38933,0
"locus291","locus292",1,0.758752,NA,NA,1,NA,1,0
"locus291","locus296",1,1,NA,NA,1,NA,1,0
"locus291","locus301",1,1,NA,NA,1,NA,1,0
"locus291","locus314",0.633594,0.633594,NA,NA,0.337376,NA,0.709572,0
"locus291","locus321",0.327808,0.842684,NA,NA,0.733734,NA,0.85161,0
"locus291","locus322",1,1,NA,NA,0.84832,NA,1,0
"locus291","locus323",1,1,NA,NA,1,NA,1,0
"locus291","locus329",1,1,NA,NA,1,NA,1,0
"locus291","locus332",1,1,NA,NA,0.1342,NA,1,0
"locus291","locus358",1,1,NA,NA,1,NA,1,0
"locus291","locus359",1,1,NA,NA,1,NA,1,0
"locus291","locus360",1,1,1,NA,1,NA,1,0
"locus292","locus296",1,1,NA,NA,1,NA,1,0
"locus292","locus301",0.267126,1,NA,NA,1,NA,0.261648,0
"locus292","locus314",1,1,NA,NA,1,NA,1,0
"locus292","locus321",0.789056,1,NA,NA,0.954888,NA,1,0
"locus292","locus322",1,0.522664,NA,NA,1,NA,1,0
"locus292","locus323",1,1,NA,NA,1,NA,1,0
"locus292","locus329",1,1,NA,NA,1,NA,1,0
"locus292","locus332",1,1,NA,NA,1,NA,1,0
"locus292","locus358",0.17848,1,NA,NA,1,NA,1,0
"locus292","locus359",0.82554,0.82554,NA,NA,0.665296,NA,0.82554,0
"locus292","locus360",1,0.519976,NA,NA,1,NA,0.519976,0
"locus296","locus301",0.119024,0.245166,NA,NA,1,NA,1,0
"locus296","locus314",1,1,NA,NA,1,NA,1,0
"locus296","locus321",0.110624,0.9564,NA,NA,0.9564,NA,0.9564,0
"locus296","locus322",1,1,NA,NA,1,NA,1,0
"locus296","locus323",1,1,NA,NA,1,NA,1,0
"locus296","locus332",0.938532,0.96775,NA,NA,0.287832,NA,0.707346,0
"locus296","locus358",0.436648,1,NA,NA,1,NA,1,0
"locus296","locus359",1,1,NA,NA,1,NA,1,0
"locus296","locus360",1,0.249056,NA,NA,1,NA,1,0
"locus301","locus314",1,1,NA,NA,1,NA,1,0
"locus301","locus321",1,1,NA,NA,1,NA,1,0
"locus301","locus322",0.777144,1,NA,NA,1,NA,1,0
"locus301","locus323",0.994164,0.994164,NA,NA,0.265496,NA,0.994164,0
"locus301","locus329",0.368772,0.83778,NA,NA,0.622824,NA,0.309056,0
"locus301","locus332",1,1,NA,NA,0.473168,NA,1,0
"locus301","locus358",1,0.457024,NA,NA,0.742842,NA,1,0
"locus301","locus359",1,1,NA,NA,0.642126,NA,0.575568,0
"locus301","locus360",1,1,NA,NA,1,NA,1,0
"locus314","locus321",1,1,NA,NA,1,NA,1,0
"locus314","locus329",0.77604,0.277168,NA,NA,1,NA,1,0
"locus314","locus332",1,1,NA,NA,1,NA,1,0
"locus314","locus358",1,1,NA,NA,0.67492,NA,1,0
"locus314","locus359",1,1,NA,NA,1,NA,1,0
"locus314","locus360",1,1,NA,NA,1,NA,0.527824,0
"locus321","locus322",1,1,NA,NA,0.75472,NA,0.75472,0
"locus321","locus323",1,1,NA,NA,1,NA,0.562632,0
"locus321","locus329",0.415856,0.737832,NA,NA,1,NA,1,0
"locus321","locus332",1,1,NA,NA,1,NA,1,0
"locus321","locus358",1,0.204632,NA,NA,1,NA,1,0
"locus321","locus359",1,1,NA,NA,0.381632,NA,1,0
"locus321","locus360",0.78368,0.937662,NA,NA,0.944656,NA,0.937662,0
"locus322","locus323",0.70676,0.70676,NA,NA,0.471618,NA,0.364856,0
"locus322","locus329",1,1,NA,NA,0.330176,NA,1,0
"locus322","locus332",1,1,NA,NA,0.483424,NA,1,0
"locus322","locus358",1,1,NA,NA,1,NA,1,0
"locus322","locus359",1,0.747056,NA,NA,0.834654,NA,1,0
"locus322","locus360",1,1,NA,NA,1,NA,0.959272,0
"locus323","locus329",1,1,NA,NA,1,NA,1,0
"locus323","locus332",1,1,NA,NA,1,NA,1,0
"locus323","locus358",0.545312,0.859908,NA,NA,0.87206,NA,1,0
"locus323","locus359",1,1,NA,NA,1,NA,1,0
"locus329","locus332",0.248556,0.672362,NA,NA,0.157096,NA,0.620704,0
"locus329","locus358",1,1,NA,NA,1,NA,1,0
"locus329","locus359",0.843792,1,NA,NA,1,NA,1,0
"locus329","locus360",1,0.122184,NA,NA,1,NA,1,0
"locus332","locus358",1,1,NA,NA,1,NA,1,0
"locus332","locus359",1,1,NA,NA,1,NA,1,0
"locus332","locus360",1,1,NA,NA,1,NA,1,0
"locus358","locus359",0.05148,0.936474,NA,NA,1,NA,1,0
"locus358","locus360",0.491584,0.850756,NA,NA,0.705096,NA,1,0
"locus359","locus360",1,1,NA,NA,1,NA,1,0
