"Locus.1","Locus.2","p.val.Bird's Head-Summer_adj","p.val.Bird's Head-Winter_adj","p.val.HaevoSI-Summer_adj","p.val.HaevoSI-Winter_adj","p.val.In-water, CA_adj","p.val.In-water, Indonesia_adj","p.val.IsabelSI-South_adj","p.val.Malaysia_adj","p.val.PNG_adj","num.sig.adj.p"
"locus139","locus140",0,0,NA,0.057372,0.057372,NA,0,NA,0.000336,4
"locus184","locus186",3.6e-05,3.6e-05,NA,0.287256,0.287256,NA,0.019832,NA,0.167448,3
"Dc14945","Dc22883",0.03043,0.03043,NA,NA,1,NA,1,NA,1,2
"locus064","locus264",0.03334,0.597536,NA,NA,0.427764,NA,0.04124,NA,1,2
"locus165","locus227",0.011008,1,1,NA,1,1,0.021742,1,1,2
"locus188","locus329",0.00031,0.762006,NA,NA,1,NA,0.049336,NA,0.98806,2
"Dc01018","Dc46984",0.0252,0.74882,NA,NA,1,NA,1,1,1,1
"Dc01018","Dc49080",1,1,1,NA,0.723168,NA,0.01624,1,1,1
"Dc01661","Dc47572",1,0.016032,NA,NA,1,NA,1,1,1,1
"Dc01661","locus076",0.338432,1,NA,NA,1,NA,1,NA,0.01016,1
"Dc01661","locus077",1,0.012468,NA,1,1,NA,1,NA,1,1
"Dc01661","locus301",0.02033,1,NA,NA,1,NA,1,NA,1,1
"Dc01707","Dc22883",1,0.48288,NA,NA,1,NA,1,NA,0.04592,1
"Dc01707","Dc35779",1,0.019978,NA,NA,1,1,1,1,1,1
"Dc01707","locus004",1,0.008424,NA,1,1,NA,1,NA,1,1
"Dc01707","locus060",1,1,NA,1,1,NA,0.00102,NA,1,1
"Dc01707","locus096",0.839592,1,1,NA,1,NA,0.038916,NA,0.69191,1
"Dc01784","Dc28124",1,0.024468,NA,NA,1,NA,1,1,1,1
"Dc01784","Dc47935",1,0.011196,NA,NA,0.2789,NA,1,1,1,1
"Dc01784","locus186",0.038424,0.71482,NA,1,1,NA,1,NA,1,1
"Dc01784","locus256",0.014856,1,NA,NA,1,NA,1,1,1,1
"Dc02951","Dc08463",0.037824,1,NA,NA,1,NA,0.5417,1,1,1
"Dc02951","Dc10878",1,0.0339,NA,NA,1,NA,0.392728,NA,1,1
"Dc02951","locus014",0.95899,1,NA,1,1,NA,1,NA,0.046464,1
"Dc02951","locus129",1,0.036084,NA,1,1,NA,1,NA,1,1
"Dc02951","locus256",0.1218,1,NA,NA,0.38068,NA,0.02412,1,1,1
"Dc03456","Dc08865",1,0.034752,NA,NA,0.958,NA,1,1,0.958,1
"Dc03456","locus014",1,0.003108,NA,1,1,NA,1,NA,1,1
"Dc03456","locus157",0.041904,NA,NA,NA,1,NA,0.577914,NA,0.577914,1
"Dc03456","locus323",0.502926,0.00984,NA,NA,0.230568,NA,0.600548,NA,1,1
"Dc03556","Dc08054",0.026976,1,NA,NA,1,NA,1,1,1,1
"Dc03556","Dc31007",1,NA,NA,NA,1,NA,0.034792,NA,1,1
"Dc03556","locus041",0.03888,1,NA,NA,1,NA,1,NA,1,1
"Dc03556","locus096",1,0.00834,1,NA,1,NA,1,NA,1,1
"Dc03556","locus188",0.039876,0.23361,NA,NA,1,1,1,NA,1,1
"Dc03556","locus264",1,1,NA,NA,1,NA,0.04178,NA,1,1
"Dc06503","Dc35779",1,1,NA,NA,1,NA,0.00964,NA,1,1
"Dc06503","Dc62188",1,0.00239,NA,NA,1,NA,0.13328,NA,1,1
"Dc06503","locus041",1,1,NA,NA,1,NA,0.00209,NA,1,1
"Dc07300","Dc35779",1,0.015246,NA,NA,0.516072,1,1,1,1,1
"Dc07300","Dc48207",0.031514,1,NA,NA,1,1,1,1,1,1
"Dc07300","Dc49080",1,0.034896,NA,NA,1,NA,1,1,1,1
"Dc07300","Dc58248",1,1,NA,1,1,NA,0.041856,NA,0.62952,1
"Dc07300","locus025",1,0.00126,1,1,1,NA,1,NA,0.432168,1
"Dc07300","locus055",1,1,NA,NA,1,NA,0.00979,NA,1,1
"Dc07300","locus237",1,0.02652,NA,NA,1,NA,1,0.47687,1,1
"Dc07300","locus263",0.02872,1,NA,NA,1,NA,1,NA,1,1
"Dc07300","locus359",0.01717,1,NA,NA,1,NA,1,NA,1,1
"Dc07937","Dc08463",1,0.037674,NA,NA,1,1,0.55854,1,1,1
"Dc07937","locus003",1,1,NA,1,1,NA,1,NA,0.046044,1
"Dc07937","locus047",0.267396,1,NA,NA,0.224248,NA,1,NA,0.01481,1
"Dc07937","locus098",0.02901,0.830944,NA,NA,1,NA,1,NA,1,1
"Dc07937","locus292",0.02462,0.943,NA,NA,1,NA,1,NA,1,1
"Dc08054","locus008",1,0.639432,NA,1,1,NA,0.03738,NA,0.10968,1
"Dc08054","locus083",0.007344,NA,NA,NA,1,NA,1,NA,1,1
"Dc08189","Dc14945",0.033132,1,NA,NA,1,NA,0.8086,1,1,1
"Dc08189","Dc22887",1,0.036804,NA,NA,1,NA,1,1,0.77771,1
"Dc08189","locus013",1,1,NA,1,1,NA,0.34922,NA,0.010596,1
"Dc08189","locus083",1,NA,NA,NA,1,NA,0.008856,NA,1,1
"Dc08189","locus130",0.24663,NA,NA,NA,0.547724,NA,0.006344,NA,0.547724,1
"Dc08189","locus274",0.4116,1,NA,NA,1,NA,0.0172,NA,1,1
"Dc08189","locus323",0.79644,0.027252,NA,NA,1,1,1,NA,1,1
"Dc08463","Dc11203",0.040012,1,NA,NA,1,1,1,1,0.638088,1
"Dc08463","Dc14945",0.00882,1,NA,NA,1,NA,0.36883,1,1,1
"Dc08463","locus129",0.84684,0.576324,1,1,1,NA,1,NA,0.021784,1
"Dc08463","locus130",0.610404,NA,NA,NA,0.664552,NA,0.923656,NA,0.042304,1
"Dc08463","locus146",0.007812,0.8985,1,1,1,NA,1,NA,1,1
"Dc08463","locus202",1,1,NA,NA,1,NA,0.90606,1,0.01908,1
"Dc08865","Dc62188",1,1,NA,1,1,NA,1,NA,0.017616,1
"Dc08865","locus098",1,0.01899,NA,NA,1,NA,1,NA,1,1
"Dc08865","locus157",1,NA,NA,NA,1,NA,0.030944,NA,1,1
"Dc08865","locus280",0.247928,1,NA,NA,0.0465,NA,1,NA,1,1
"Dc08865","locus329",0.946344,1,NA,NA,1,NA,0.03816,NA,0.493336,1
"Dc10003","locus332",0.301818,NA,1,NA,1,NA,0.025632,NA,NA,1
"Dc10390","locus065",0.014208,0.888176,NA,0.888176,0.888176,NA,0.888176,NA,0.71867,1
"Dc10390","locus148",1,1,NA,1,1,NA,1,NA,0.0414,1
"Dc10390","locus161",1,0.00714,NA,1,1,NA,1,NA,1,1
"Dc10390","locus280",1,1,NA,NA,1,NA,0.0466,NA,1,1
"Dc10878","locus239",0.351384,0.00918,NA,NA,1,NA,1,NA,0.351384,1
"Dc10885","Dc58248",0.60307,1,NA,1,1,NA,1,NA,0.036312,1
"Dc10885","locus045",0.01819,1,NA,NA,1,NA,1,NA,1,1
"Dc10885","locus058",0.011436,1,NA,1,1,NA,1,NA,1,1
"Dc10885","locus170",1,1,NA,1,1,NA,0.008136,NA,1,1
"Dc10885","locus296",1,1,NA,NA,1,NA,0.62256,NA,0.00831,1
"Dc11203","locus076",0.01134,1,NA,NA,1,1,1,NA,1,1
"Dc11203","locus129",1,1,NA,1,1,NA,1,NA,0.003792,1
"Dc11203","locus135",0.34763,0.049848,NA,1,1,NA,1,NA,1,1
"Dc11203","locus157",1,NA,NA,NA,1,NA,0.029512,NA,1,1
"Dc11203","locus195",1,1,NA,NA,1,1,1,1,0.01463,1
"Dc11203","locus292",1,1,NA,NA,1,NA,0.04413,NA,1,1
"Dc11714","Dc22883",0.862768,0.04464,NA,NA,1,NA,1,NA,1,1
"Dc11714","Dc36571",0.041904,0.555416,NA,NA,1,NA,1,0.33889,1,1
"Dc11714","Dc58248",1,1,NA,1,1,NA,0.045384,NA,1,1
"Dc11714","locus047",0.681136,0.681136,NA,NA,0.86594,NA,0.01219,NA,0.86594,1
"Dc11714","locus227",1,1,1,NA,1,NA,0.04011,1,1,1
"Dc13159","locus058",0.0402,0.26007,NA,1,1,NA,1,NA,1,1
"Dc13592","Dc22883",1,1,NA,NA,1,NA,1,NA,0.03954,1
"Dc13592","locus003",0.82363,1,NA,1,1,NA,0.00174,NA,1,1
"Dc13592","locus077",1,0.014844,NA,1,1,NA,1,NA,1,1
"Dc13592","locus188",0.999728,0.02247,NA,NA,0.344272,NA,0.999728,NA,0.727146,1
"Dc13592","locus189",1,1,NA,1,1,NA,0.00994,1,1,1
"Dc13592","locus239",1,0.024768,NA,NA,1,NA,0.783792,0.783792,0.47582,1
"Dc13592","locus321",0.0186,1,NA,NA,1,NA,1,NA,1,1
"Dc14022","locus292",0.00329,1,NA,NA,1,NA,1,NA,1,1
"Dc14945","locus264",1,0.316152,NA,NA,1,NA,0.03349,NA,1,1
"Dc14945","locus321",0.01757,0.266744,NA,NA,1,NA,0.283602,NA,1,1
"Dc16747","locus186",0.65206,9.6e-05,NA,1,1,NA,1,NA,1,1
"Dc16747","locus292",1,0.02669,NA,NA,1,NA,1,NA,1,1
"Dc18951","locus003",0.045264,1,NA,1,1,NA,1,NA,0.94658,1
"Dc18951","locus040",1,0.02635,NA,NA,1,NA,1,NA,1,1
"Dc18951","locus053",0.041652,1,1,NA,1,NA,1,NA,1,1
"Dc18951","locus130",1,NA,NA,NA,1,NA,0.009632,NA,1,1
"Dc18951","locus188",0.289192,0.0069,NA,NA,1,NA,0.487896,NA,1,1
"Dc18951","locus215",0.79256,NA,NA,NA,1,NA,0.01079,0.79256,1,1
"Dc18951","locus280",1,1,NA,NA,1,NA,0.02371,NA,1,1
"Dc20232","locus301",1,0.03428,NA,NA,1,NA,1,NA,1,1
"Dc20232","locus360",1,0.024984,NA,NA,1,1,1,NA,1,1
"Dc22883","Dc33714",1,0.673512,NA,NA,1,NA,1,NA,0.02886,1
"Dc22883","Dc51020",0.04184,1,NA,NA,1,NA,1,NA,1,1
"Dc22883","locus006",1,0.0192,NA,1,1,NA,1,NA,1,1
"Dc22883","locus056",1,1,NA,1,1,NA,0.029148,NA,1,1
"Dc22887","locus003",0.64503,1,NA,1,1,NA,1,NA,0.008724,1
"Dc22887","locus004",1,1,NA,1,1,NA,0.039036,NA,1,1
"Dc22887","locus148",1,1,NA,1,1,NA,1,NA,0.031284,1
"Dc22887","locus237",1,1,NA,NA,1,NA,1,1,0.034764,1
"Dc22887","locus239",1,1,NA,NA,0.71358,NA,0.005688,1,1,1
"Dc27955","locus013",0.033306,1,NA,1,1,1,0.263976,NA,1,1
"Dc28124","Dc41234",0.022144,1,NA,NA,1,NA,NA,NA,1,1
"Dc28124","Dc48950",1,1,NA,NA,1,NA,0.031584,1,1,1
"Dc28124","locus027",0.006762,0.28526,NA,NA,0.28526,NA,NA,NA,NA,1
"Dc28124","locus080",1,0.048516,NA,NA,1,1,1,NA,1,1
"Dc28124","locus239",1,1,NA,NA,1,NA,0.045156,1,1,1
"Dc28776","locus041",0.02525,0.53972,NA,NA,1,NA,1,NA,1,1
"Dc28776","locus073",1,1,1,1,1,NA,0.026698,NA,1,1
"Dc28776","locus074",0.160176,1,1,1,1,NA,0.30729,NA,0.003738,1
"Dc28776","locus202",0.023364,1,NA,NA,1,NA,1,1,1,1
"Dc28776","locus322",0.646168,0.03957,NA,NA,1,NA,1,NA,0.646168,1
"Dc28776","locus358",1,0.04411,NA,NA,1,NA,1,NA,1,1
"Dc30071","Dc58248",0.48507,0.0327,NA,1,1,NA,0.985776,NA,1,1
"Dc30071","locus151",1,NA,NA,0.08349,1,1,0.042624,NA,1,1
"Dc30071","locus236",1,1,NA,NA,1,NA,0.007224,1,0.92335,1
"Dc33714","Dc51020",0.07879,1,NA,NA,1,NA,0.010032,1,0.992496,1
"Dc33714","locus055",1,1,NA,NA,0.233072,NA,0.02376,NA,1,1
"Dc33714","locus170",1,1,NA,1,1,NA,0.044832,NA,1,1
"Dc33714","locus280",1,0.04645,NA,NA,1,NA,1,NA,1,1
"Dc33907","Dc62188",1,0.03642,NA,0.99663,1,NA,1,NA,1,1
"Dc33907","locus047",0.014712,1,NA,NA,0.572688,1,0.14355,NA,1,1
"Dc33907","locus146",0.790482,0.327832,NA,1,0.85956,NA,0.05138,NA,0.03378,1
"Dc33907","locus170",1,0.66884,NA,1,1,NA,0.009984,NA,1,1
"Dc33907","locus190",1,1,NA,NA,1,NA,0.017916,1,1,1
"Dc34902","Dc40235",1,0.83356,NA,NA,1,NA,0.024996,1,1,1
"Dc34902","locus134",1,0.002052,NA,NA,1,1,1,NA,1,1
"Dc34902","locus176",1,NA,NA,NA,1,NA,1,NA,0.045424,1
"Dc34902","locus188",0.277368,1,NA,NA,1,NA,1,NA,0.04206,1
"Dc34902","locus332",1,0.02685,NA,NA,1,NA,1,NA,0.833088,1
"Dc34902","locus360",0.991962,1,NA,NA,0.556864,NA,0.01981,NA,1,1
"Dc35779","Dc36616",1,1,NA,NA,1,1,0.009142,1,1,1
"Dc35779","Dc55481",0.020172,1,NA,1,1,NA,1,NA,1,1
"Dc35779","Dc62188",1,1,NA,1,1,NA,0.020016,NA,1,1
"Dc35779","locus035",1,0.00672,NA,NA,0.71533,1,1,NA,1,1
"Dc36571","locus065",0.820848,1,1,1,1,NA,0.001554,NA,1,1
"Dc36571","locus282",0.033408,1,1,NA,0.24082,NA,0.285992,NA,1,1
"Dc36616","locus076",0.842856,0.0045,NA,NA,1,NA,1,NA,1,1
"Dc36616","locus282",0.822072,1,1,NA,1,1,0.026236,NA,1,1
"Dc36616","locus358",1,0.040248,NA,NA,1,1,1,NA,1,1
"Dc36616","locus360",0.591232,0.591232,NA,NA,0.591232,NA,0.00033,NA,0.591232,1
"Dc40235","locus135",1,1,NA,1,0.70981,NA,0.044508,NA,1,1
"Dc40235","locus292",1,0.040284,NA,NA,1,1,1,NA,1,1
"Dc41234","Dc49080",0.01858,0.263224,1,NA,0.263224,NA,NA,NA,1,1
"Dc41234","locus060",0.047888,0.242844,NA,NA,0.926664,NA,NA,NA,0.926664,1
"Dc41234","locus129",1,1,NA,NA,0.43476,NA,NA,NA,0.046824,1
"Dc46984","locus035",1,0.04974,NA,NA,1,1,1,NA,1,1
"Dc46984","locus106",0.556392,0.00546,NA,NA,1,NA,1,NA,1,1
"Dc46984","locus176",0.0432,NA,NA,NA,1,NA,1,NA,0.41997,1
"Dc47572","locus139",1,0.033348,NA,1,1,NA,0.25029,NA,1,1
"Dc47572","locus140",1,0.028932,NA,1,1,NA,0.26752,NA,1,1
"Dc47572","locus188",0.00607,1,NA,NA,1,NA,1,NA,1,1
"Dc47572","locus314",1,0.04282,NA,NA,1,NA,1,NA,1,1
"Dc47572","locus360",0.944696,1,NA,NA,1,NA,0.03911,NA,1,1
"Dc47935","locus058",0.01884,0.56211,NA,1,1,NA,1,NA,1,1
"Dc48950","Dc58248",1,1,NA,1,1,NA,0.004728,NA,1,1
"Dc48950","locus129",1,0.013632,NA,1,1,NA,1,NA,1,1
"Dc48950","locus329",0.03375,0.587256,NA,NA,0.74595,NA,0.587256,NA,0.436696,1
"Dc49080","locus100",0.802344,0.802344,NA,NA,1,NA,0.04224,NA,0.551352,1
"Dc49080","locus119",0.32196,0.94878,NA,NA,0.474128,NA,0.32196,NA,0.00266,1
"Dc49184","locus013",1,1,NA,1,1,NA,0.027288,NA,1,1
"Dc49184","locus039",0.274792,1,NA,NA,1,NA,0.00344,NA,1,1
"Dc49184","locus047",0.005184,1,1,NA,1,NA,1,NA,1,1
"Dc51020","locus065",0.043812,1,NA,1,1,NA,1,NA,1,1
"Dc51020","locus358",0.00715,1,NA,NA,0.113216,NA,1,NA,1,1
"Dc52523","locus013",1,1,NA,1,1,NA,0.044916,NA,0.6537,1
"Dc52523","locus093",0.0228,1,1,NA,1,NA,1,NA,1,1
"Dc52523","locus236",1,0.499848,NA,NA,0.43495,NA,0.047136,1,1,1
"Dc52523","locus280",0.160736,1,NA,NA,1,NA,1,NA,0.03143,1
"Dc55481","locus148",1,1,1,1,1,NA,0.004788,NA,1,1
"Dc55481","locus329",0.03745,1,NA,NA,1,NA,1,NA,1,1
"Dc62188","locus022",0.02418,0.29036,NA,0.14076,1,NA,1,NA,1,1
"Dc62188","locus128",1,1,NA,1,1,NA,0.04896,NA,1,1
"Dc62188","locus186",0.036828,1,NA,1,1,NA,1,NA,1,1
"Dc62188","locus188",1,0.00024,1,NA,1,NA,1,NA,1,1
"Dc67011","locus058",1,1,NA,1,1,NA,0.043968,NA,0.187,1
"Dc67011","locus231",0.218392,0.00177,NA,NA,1,NA,1,NA,1,1
"locus003","locus008",1,0.908448,NA,1,1,NA,0.041328,NA,0.73385,1
"locus003","locus025",1,0.935376,NA,NA,1,NA,0.04333,NA,0.7424,1
"locus003","locus322",1,1,NA,NA,1,NA,0.04382,NA,1,1
"locus004","locus056",1,1,NA,1,1,NA,0.030732,NA,1,1
"locus004","locus088",1,1,NA,NA,1,NA,1,NA,0.0329,1
"locus004","locus165",1,0.655392,NA,NA,1,NA,0.01387,NA,1,1
"locus005","locus184",0.03942,1,NA,1,1,NA,1,NA,1,1
"locus005","locus188",0.02079,1,NA,NA,1,NA,1,NA,1,1
"locus006","locus100",1,1,NA,NA,1,NA,0.00924,NA,1,1
"locus006","locus128",0.00048,1,NA,1,1,NA,1,NA,1,1
"locus006","locus190",1,0.017544,NA,NA,1,NA,1,1,1,1
"locus008","locus039",1,1,NA,NA,1,NA,0.01313,NA,1,1
"locus008","locus048",1,0.002,NA,NA,1,NA,1,NA,1,1
"locus008","locus148",1,0.003636,NA,1,1,NA,1,NA,1,1
"locus008","locus239",0.04398,1,NA,NA,1,NA,0.06398,1,1,1
"locus013","locus030",0.01092,1,1,NA,0.3417,NA,0.653144,NA,1,1
"locus013","locus096",0.899784,0.36556,NA,NA,0.899784,1,0.36556,NA,0.01182,1
"locus013","locus188",0.01178,0.248528,NA,NA,0.596748,NA,0.822316,NA,0.596748,1
"locus013","locus231",1,1,NA,NA,1,NA,1,NA,0.03789,1
"locus013","locus256",1,0.79323,NA,NA,1,1,1,NA,0.027552,1
"locus013","locus280",0.150072,1,NA,NA,0.368766,NA,1,NA,0.02439,1
"locus014","locus027",0.01848,1,1,NA,1,NA,NA,NA,NA,1
"locus014","locus030",1,1,1,NA,1,1,0.021966,NA,1,1
"locus014","locus045",1,0.040464,NA,NA,1,1,0.30151,NA,1,1
"locus014","locus120",1,1,NA,NA,1,NA,0.01742,NA,1,1
"locus014","locus165",0.778264,0.19228,NA,NA,0.778264,NA,0.00196,NA,0.501,1
"locus014","locus191",0.02803,NA,NA,NA,1,NA,1,1,1,1
"locus014","locus274",0.538872,0.00779,NA,NA,1,NA,0.521128,NA,0.80316,1
"locus022","locus048",1,0.00372,NA,NA,1,NA,1,NA,0.341256,1
"locus022","locus096",0.452416,0.01474,NA,NA,1,NA,1,NA,0.452416,1
"locus022","locus146",1,1,NA,1,1,NA,0.048864,NA,1,1
"locus024","locus176",0.007176,NA,NA,NA,0.086598,NA,1,NA,1,1
"locus025","locus060",1,1,NA,1,1,NA,1,NA,0.023316,1
"locus025","locus161",1,1,NA,1,1,NA,0.04182,NA,0.12742,1
"locus025","locus314",0.02528,1,NA,NA,1,NA,1,NA,1,1
"locus027","locus076",0.025644,0.402252,NA,NA,1,NA,NA,NA,NA,1
"locus027","locus192",1,0.001422,NA,NA,1,NA,NA,NA,NA,1
"locus030","locus073",1,0.04932,NA,1,1,NA,1,NA,1,1
"locus030","locus329",0.322424,0.326892,NA,NA,0.459936,NA,0.00249,NA,0.916146,1
"locus035","locus100",1,1,NA,NA,1,NA,0.03165,NA,0.378464,1
"locus035","locus151",1,NA,NA,1,0.192872,NA,0.00985,NA,1,1
"locus035","locus188",1,1,NA,NA,0.574984,NA,0.03533,NA,1,1
"locus035","locus202",1,0.81985,NA,NA,1,NA,0.03318,1,1,1
"locus035","locus264",1,0.023772,1,NA,1,1,1,NA,1,1
"locus038","locus039",1,0.01295,NA,NA,1,NA,0.079912,NA,1,1
"locus038","locus139",1,1,NA,1,1,NA,0.017232,NA,0.46899,1
"locus038","locus140",1,1,NA,1,1,NA,0.018216,NA,0.46475,1
"locus038","locus296",0.9437,0.429608,NA,NA,0.9437,NA,0.02562,NA,0.73731,1
"locus039","locus041",0.03634,0.309832,NA,NA,1,NA,0.765276,NA,0.98872,1
"locus039","locus100",1,1,NA,NA,1,NA,0.04432,NA,1,1
"locus039","locus116",1,0.0473,NA,NA,1,NA,1,NA,1,1
"locus039","locus119",1,0.046104,1,NA,1,NA,1,NA,1,1
"locus039","locus148",1,1,NA,1,1,1,0.005418,NA,1,1
"locus039","locus161",1,1,NA,1,1,1,0.012726,NA,1,1
"locus039","locus314",1,0.0145,NA,NA,1,NA,1,NA,1,1
"locus040","locus186",0.15057,1,NA,1,1,NA,0.025368,NA,1,1
"locus040","locus248",1,1,NA,NA,1,NA,0.017832,1,1,1
"locus040","locus286",0.030144,1,NA,NA,1,1,1,NA,1,1
"locus040","locus291",0.00583,1,NA,NA,1,NA,1,NA,1,1
"locus041","locus045",1,0.04151,NA,NA,1,NA,1,NA,0.594256,1
"locus041","locus074",1,0.033564,NA,1,1,NA,1,NA,1,1
"locus041","locus098",0.96063,1,1,NA,1,NA,0.044352,NA,1,1
"locus041","locus202",0.028608,1,NA,NA,1,NA,1,1,1,1
"locus045","locus188",1,0.00321,NA,NA,1,NA,1,NA,0.449856,1
"locus045","locus237",1,0.047328,NA,NA,1,NA,1,1,1,1
"locus047","locus231",0.713928,0.00316,NA,NA,0.713928,NA,0.713928,NA,0.713928,1
"locus047","locus332",1,0.00417,NA,NA,1,NA,1,NA,1,1
"locus047","locus359",1,0.03568,NA,NA,1,NA,1,NA,1,1
"locus048","locus058",0.03786,0.280704,NA,1,0.71883,NA,0.26384,NA,1,1
"locus048","locus148",1,0.027664,NA,0.283512,1,1,1,NA,1,1
"locus053","locus120",1,1,NA,NA,1,NA,1,NA,0.01919,1
"locus053","locus329",1,2.4e-05,NA,NA,1,1,0.21856,NA,1,1
"locus055","locus157",1,NA,1,NA,1,NA,0.03827,NA,1,1
"locus055","locus274",1,1,1,NA,1,1,1,NA,0.004102,1
"locus056","locus060",1,1,NA,1,1,NA,0.18491,NA,0.007872,1
"locus056","locus135",0.025092,1,NA,1,1,NA,1,NA,1,1
"locus058","locus076",0.549744,0.686238,NA,NA,1,NA,0.686238,NA,0.01331,1
"locus058","locus096",1,0.03754,NA,NA,0.949712,NA,1,NA,1,1
"locus058","locus165",1,0.00138,NA,NA,1,NA,1,NA,1,1
"locus060","locus073",0.045816,1,NA,0.83511,1,NA,1,NA,1,1
"locus061","locus215",1,NA,NA,NA,1,NA,0.01522,1,1,1
"locus062","locus191",1,NA,NA,NA,1,NA,0.00432,1,1,1
"locus064","locus146",1,0.017906,1,1,1,NA,1,NA,1,1
"locus064","locus189",1,0.033264,NA,NA,1,NA,1,1,1,1
"locus065","locus359",0.66376,0.866766,NA,NA,1,NA,0.00096,NA,1,1
"locus074","locus292",1,1,NA,NA,1,NA,0.01469,NA,1,1
"locus076","locus116",0.01048,1,NA,NA,1,NA,1,NA,1,1
"locus076","locus129",1,0.01875,NA,NA,1,NA,1,NA,1,1
"locus076","locus137",0.166984,0.289374,NA,NA,0.289374,NA,0.00744,NA,0.289374,1
"locus076","locus190",0.287744,1,NA,NA,1,NA,0.04523,NA,1,1
"locus076","locus191",0.002744,NA,NA,NA,1,NA,0.240144,NA,1,1
"locus076","locus235",1,0.00074,NA,NA,1,NA,0.31724,NA,1,1
"locus076","locus263",1,0.04083,NA,NA,1,NA,1,NA,0.994112,1
"locus080","locus137",1,0.47457,NA,1,1,NA,0.030252,NA,1,1
"locus080","locus184",1,0.24656,NA,1,1,NA,0.01164,NA,1,1
"locus080","locus231",1,1,NA,NA,1,NA,0.01992,NA,1,1
"locus080","locus248",0.029328,1,NA,NA,1,NA,1,1,1,1
"locus080","locus274",0.699304,1,NA,NA,1,NA,0.01756,NA,1,1
"locus083","locus096",0.049768,NA,NA,NA,1,NA,0.134976,NA,1,1
"locus083","locus116",0.071958,NA,NA,NA,1,NA,0.039816,NA,1,1
"locus096","locus189",1,0.013668,NA,NA,1,NA,1,1,1,1
"locus098","locus191",1,NA,NA,NA,1,NA,0.0455,1,0.542392,1
"locus098","locus215",0.04792,NA,NA,NA,1,NA,1,1,1,1
"locus100","locus134",1,0.014244,NA,NA,1,1,1,NA,1,1
"locus100","locus148",0.305896,0.003264,NA,1,0.28283,NA,0.42174,NA,1,1
"locus100","locus236",1,0.49784,NA,NA,1,NA,1,1,0.048276,1
"locus100","locus237",1,0.044952,NA,NA,1,NA,1,0.23681,1,1
"locus106","locus360",0.804432,1,NA,NA,1,NA,0.01495,NA,0.531672,1
"locus116","locus119",0.0101,1,NA,NA,0.57548,NA,1,NA,1,1
"locus119","locus256",0.01363,1,NA,NA,1,NA,1,NA,0.780168,1
"locus119","locus291",0.956922,0.956922,NA,NA,0.19288,NA,0.01477,NA,0.956922,1
"locus120","locus235",1,0.039036,NA,NA,1,NA,1,1,1,1
"locus128","locus323",0.00783,0.971232,NA,NA,0.971232,NA,0.971232,NA,0.971232,1
"locus129","locus195",1,0.611568,1,NA,1,NA,1,1,0.031206,1
"locus130","locus161",1,NA,NA,NA,1,NA,1,NA,0.038856,1
"locus130","locus280",1,NA,NA,NA,1,NA,0.031544,NA,1,1
"locus134","locus236",1,0.0105,NA,NA,1,NA,1,1,1,1
"locus134","locus274",0.02444,1,NA,NA,1,NA,1,NA,1,1
"locus135","locus146",1,1,NA,1,1,NA,0.029244,NA,1,1
"locus135","locus236",0.015336,1,NA,NA,1,NA,1,1,1,1
"locus137","locus237",1,0.032304,NA,NA,1,NA,1,1,1,1
"locus139","locus157",0.04484,NA,NA,NA,1,NA,1,NA,1,1
"locus140","locus157",0.041776,NA,NA,NA,1,NA,1,NA,1,1
"locus148","locus360",1,0.0457,NA,NA,1,NA,1,NA,1,1
"locus151","locus161",1,NA,NA,1,1,NA,1,NA,0.04362,1
"locus151","locus176",0.016704,NA,NA,NA,1,NA,1,NA,1,1
"locus161","locus176",1,NA,NA,NA,1,NA,0.023192,NA,1,1
"locus165","locus215",1,NA,NA,NA,1,NA,0.0136,1,1,1
"locus165","locus286",0.880248,1,NA,NA,1,NA,1,NA,0.04676,1
"locus170","locus231",1,0.04029,NA,NA,1,NA,1,NA,1,1
"locus170","locus239",1,0.3594,NA,NA,1,NA,1,1,0.032148,1
"locus186","locus322",0.01152,0.465808,NA,NA,0.741004,NA,0.741004,NA,0.740694,1
"locus186","locus329",0.01738,1,NA,NA,1,NA,1,NA,1,1
"locus188","locus190",1,0,NA,NA,0.98734,NA,1,1,1,1
"locus188","locus292",0.30852,0.072336,NA,NA,0.511476,NA,0.01978,NA,0.90781,1
"locus189","locus237",1,1,NA,NA,1,NA,0.022236,1,1,1
"locus190","locus323",0.442744,1,NA,NA,1,NA,1,NA,0.01521,1
"locus191","locus264",1,NA,NA,NA,1,NA,0.696468,NA,0.04964,1
"locus202","locus248",1,1,NA,NA,1,NA,0.007212,1,1,1
"locus202","locus291",1,1,NA,NA,1,1,0.020568,NA,1,1
"locus215","locus360",0.031088,NA,NA,NA,0.3456,NA,0.373932,NA,0.818556,1
"locus231","locus280",1,1,NA,NA,1,NA,1,NA,0.03983,1
"locus231","locus314",1,0.04692,NA,1,1,NA,1,NA,1,1
"locus231","locus332",1,0.00919,NA,NA,1,NA,1,NA,1,1
"locus231","locus358",1,1,NA,NA,1,NA,1,NA,0.04104,1
"locus236","locus321",0.734316,0.24316,NA,NA,0.734316,NA,0.02966,NA,0.734316,1
"locus237","locus280",1,0.04042,NA,NA,1,NA,0.161864,NA,1,1
"locus237","locus358",0.03978,1,NA,NA,1,NA,1,NA,1,1
"locus239","locus274",1,0.29843,NA,NA,1,1,0.0306,NA,0.715512,1
"locus248","locus282",0.041076,1,1,NA,0.70855,NA,1,NA,1,1
"locus264","locus291",1,1,NA,NA,1,NA,0.00266,NA,1,1
"locus274","locus322",1,0.01032,NA,NA,1,NA,1,NA,0.633624,1
"locus282","locus321",1,0.679976,NA,NA,1,NA,1,NA,0.038,1
"locus296","locus329",0.747088,0.03299,NA,NA,1,NA,1,NA,1,1
"locus314","locus322",1,0.033372,NA,NA,1,1,1,NA,0.27084,1
"locus314","locus323",0.0113,1,NA,NA,0.567736,NA,1,NA,0.6735,1
"locus323","locus360",1,1,NA,NA,1,NA,0.00038,NA,1,1
"Dc01018","Dc01661",1,1,1,1,1,1,1,1,1,0
"Dc01018","Dc01707",1,1,1,1,1,1,1,1,1,0
"Dc01018","Dc01784",0.425432,1,1,NA,1,NA,1,1,1,0
"Dc01018","Dc02951",1,1,1,NA,1,NA,1,1,1,0
"Dc01018","Dc03456",1,1,1,NA,1,NA,1,1,1,0
"Dc01018","Dc03556",1,1,1,NA,1,NA,1,1,1,0
"Dc01018","Dc06503",1,1,1,NA,1,NA,1,NA,1,0
"Dc01018","Dc07300",1,1,NA,NA,1,NA,1,1,1,0
"Dc01018","Dc07937",0.364812,0.364812,NA,NA,0.928136,NA,1,1,1,0
"Dc01018","Dc08054",1,1,NA,NA,1,NA,1,1,1,0
"Dc01018","Dc08189",1,0.99994,NA,NA,1,NA,1,1,0.791352,0
"Dc01018","Dc08463",1,1,NA,NA,1,NA,1,1,1,0
"Dc01018","Dc08865",1,1,NA,NA,1,NA,1,1,1,0
"Dc01018","Dc10003",0.93124,NA,NA,NA,1,NA,1,1,NA,0
"Dc01018","Dc10390",1,1,NA,NA,1,NA,1,1,1,0
"Dc01018","Dc10878",1,1,NA,NA,1,NA,1,NA,1,0
"Dc01018","Dc10885",0.677232,0.98883,NA,NA,1,NA,1,1,1,0
"Dc01018","Dc11203",1,1,NA,NA,1,NA,1,1,1,0
"Dc01018","Dc11714",0.93354,1,NA,NA,1,1,0.161658,1,1,0
"Dc01018","Dc13159",1,1,NA,NA,1,NA,1,1,1,0
"Dc01018","Dc13592",1,1,NA,NA,1,NA,1,1,0.713316,0
"Dc01018","Dc14022",0.05016,1,NA,NA,1,NA,1,1,1,0
"Dc01018","Dc14945",1,1,NA,NA,1,NA,1,1,1,0
"Dc01018","Dc16747",1,1,NA,NA,1,NA,0.384444,1,1,0
"Dc01018","Dc18951",1,1,NA,NA,1,NA,1,1,1,0
"Dc01018","Dc20232",1,0.839734,NA,NA,1,1,1,1,1,0
"Dc01018","Dc22883",1,1,NA,NA,1,1,1,NA,1,0
"Dc01018","Dc22887",1,1,NA,NA,0.855708,NA,0.855708,1,1,0
"Dc01018","Dc27955",1,1,NA,NA,1,NA,1,NA,1,0
"Dc01018","Dc28124",1,0.822036,NA,NA,1,NA,1,1,1,0
"Dc01018","Dc28776",1,1,NA,NA,0.741456,NA,1,1,1,0
"Dc01018","Dc30071",1,1,NA,NA,1,NA,1,1,1,0
"Dc01018","Dc31007",0.77104,NA,NA,NA,1,NA,1,NA,1,0
"Dc01018","Dc33714",1,1,NA,NA,0.675228,NA,1,1,1,0
"Dc01018","Dc33907",1,1,NA,NA,1,NA,1,1,1,0
"Dc01018","Dc34902",1,1,NA,NA,1,NA,1,1,1,0
"Dc01018","Dc35779",1,1,NA,NA,1,1,1,1,1,0
"Dc01018","Dc36571",1,1,1,NA,1,NA,0.857178,1,1,0
"Dc01018","Dc36616",1,1,NA,NA,1,1,1,1,1,0
"Dc01018","Dc40235",1,1,NA,NA,1,1,1,1,1,0
"Dc01018","Dc41234",1,0.959856,NA,NA,1,NA,NA,NA,1,0
"Dc01018","Dc47572",0.76483,1,NA,NA,1,NA,0.43836,1,1,0
"Dc01018","Dc47935",1,1,NA,NA,1,NA,1,1,1,0
"Dc01018","Dc48207",1,1,NA,NA,1,1,1,1,1,0
"Dc01018","Dc48950",1,1,NA,NA,1,1,1,1,1,0
"Dc01018","Dc49184",0.962124,0.950194,NA,NA,1,1,0.962124,1,1,0
"Dc01018","Dc51020",1,1,NA,NA,1,NA,1,1,1,0
"Dc01018","Dc52523",1,0.5832,NA,NA,1,NA,0.5832,1,1,0
"Dc01018","Dc55481",1,1,NA,NA,1,NA,1,1,1,0
"Dc01018","Dc58248",1,0.307404,NA,1,1,NA,1,NA,1,0
"Dc01018","Dc62188",1,1,NA,1,1,NA,1,NA,1,0
"Dc01018","Dc67011",1,1,1,1,1,1,1,NA,1,0
"Dc01018","locus003",1,1,NA,1,1,NA,1,NA,1,0
"Dc01018","locus004",1,1,NA,1,1,NA,0.8211,NA,0.059652,0
"Dc01018","locus005",1,1,1,1,1,NA,1,NA,1,0
"Dc01018","locus006",1,1,NA,1,1,NA,0.972408,NA,1,0
"Dc01018","locus008",1,1,NA,1,1,NA,1,NA,1,0
"Dc01018","locus013",0.962748,1,NA,1,1,NA,1,NA,1,0
"Dc01018","locus014",1,1,NA,1,0.853344,NA,1,NA,1,0
"Dc01018","locus022",1,1,1,1,1,NA,1,NA,0.063336,0
"Dc01018","locus024",1,1,NA,1,1,NA,1,NA,1,0
"Dc01018","locus025",0.99925,1,NA,1,0.862812,NA,1,NA,1,0
"Dc01018","locus027",1,0.538644,NA,NA,1,NA,NA,NA,NA,0
"Dc01018","locus030",1,1,NA,NA,1,1,1,NA,0.5568,0
"Dc01018","locus035",1,1,1,NA,1,1,0.586544,NA,1,0
"Dc01018","locus038",1,1,1,NA,0.792918,1,1,NA,1,0
"Dc01018","locus039",1,0.23557,NA,NA,1,NA,1,NA,1,0
"Dc01018","locus040",1,1,NA,NA,1,NA,1,NA,1,0
"Dc01018","locus041",1,0.62948,NA,NA,1,NA,1,NA,1,0
"Dc01018","locus045",1,1,NA,NA,1,NA,1,NA,1,0
"Dc01018","locus047",0.42999,1,NA,NA,0.791464,NA,1,NA,1,0
"Dc01018","locus048",0.46833,1,NA,NA,0.559384,NA,1,NA,0.817476,0
"Dc01018","locus053",1,1,NA,NA,0.42181,NA,1,NA,0.580248,0
"Dc01018","locus055",0.60131,1,NA,NA,1,NA,1,NA,1,0
"Dc01018","locus056",1,1,1,1,1,NA,1,NA,1,0
"Dc01018","locus058",0.453696,0.093786,1,1,1,NA,1,NA,1,0
"Dc01018","locus060",1,1,NA,1,1,NA,1,NA,1,0
"Dc01018","locus061",1,NA,NA,NA,1,NA,1,NA,1,0
"Dc01018","locus062",1,0.73978,NA,1,1,NA,0.085908,NA,1,0
"Dc01018","locus064",1,1,NA,1,1,1,1,NA,1,0
"Dc01018","locus065",1,1,NA,1,1,NA,1,NA,1,0
"Dc01018","locus073",0.300168,1,NA,1,1,NA,1,NA,1,0
"Dc01018","locus074",1,0.139762,1,1,0.748248,NA,1,NA,1,0
"Dc01018","locus076",1,1,NA,NA,1,NA,1,NA,1,0
"Dc01018","locus077",1,1,NA,1,0.1764,NA,1,NA,1,0
"Dc01018","locus080",0.609672,1,NA,1,1,NA,1,NA,1,0
"Dc01018","locus083",0.669496,NA,NA,NA,1,NA,1,NA,1,0
"Dc01018","locus088",1,1,NA,NA,1,NA,1,NA,0.15354,0
"Dc01018","locus093",1,1,1,NA,1,NA,1,NA,1,0
"Dc01018","locus096",1,0.842086,1,NA,0.86622,1,1,NA,1,0
"Dc01018","locus098",0.33989,1,NA,NA,1,NA,1,NA,0.8548,0
"Dc01018","locus100",1,1,1,NA,1,NA,1,NA,1,0
"Dc01018","locus106",1,1,NA,NA,1,NA,1,NA,1,0
"Dc01018","locus116",0.30067,0.94212,NA,NA,1,NA,1,NA,1,0
"Dc01018","locus119",1,1,NA,NA,1,NA,1,NA,1,0
"Dc01018","locus120",0.55011,1,NA,NA,1,NA,1,NA,1,0
"Dc01018","locus128",0.94976,1,NA,NA,1,NA,1,NA,1,0
"Dc01018","locus129",0.063648,1,NA,1,1,NA,1,NA,1,0
"Dc01018","locus130",1,NA,NA,NA,1,NA,1,NA,1,0
"Dc01018","locus134",0.54112,1,NA,NA,1,1,0.342924,NA,1,0
"Dc01018","locus135",1,0.17458,NA,1,1,1,0.181428,NA,1,0
"Dc01018","locus137",1,0.92659,NA,1,0.861252,NA,1,NA,1,0
"Dc01018","locus139",1,1,NA,1,1,NA,0.608628,NA,1,0
"Dc01018","locus140",1,1,NA,1,1,NA,0.60486,NA,1,0
"Dc01018","locus146",1,1,NA,1,1,NA,1,NA,1,0
"Dc01018","locus148",1,1,NA,1,1,NA,1,NA,1,0
"Dc01018","locus151",1,NA,1,0.995232,1,NA,1,NA,1,0
"Dc01018","locus157",1,NA,NA,NA,1,NA,1,NA,1,0
"Dc01018","locus161",1,1,NA,1,1,NA,1,NA,1,0
"Dc01018","locus165",1,1,NA,NA,0.33639,NA,1,NA,1,0
"Dc01018","locus170",1,0.799288,1,1,1,NA,1,NA,1,0
"Dc01018","locus176",0.80481,NA,NA,NA,1,NA,1,NA,0.724024,0
"Dc01018","locus184",1,1,1,1,1,NA,1,NA,1,0
"Dc01018","locus186",1,1,NA,1,1,NA,1,NA,1,0
"Dc01018","locus188",1,1,NA,1,1,NA,1,NA,1,0
"Dc01018","locus189",1,1,NA,1,1,NA,1,1,1,0
"Dc01018","locus190",1,0.1848,NA,NA,0.33381,NA,0.33381,1,1,0
"Dc01018","locus191",1,NA,NA,NA,1,NA,1,1,0.07548,0
"Dc01018","locus192",1,1,NA,NA,0.85428,NA,1,1,1,0
"Dc01018","locus195",1,1,NA,NA,1,NA,1,1,1,0
"Dc01018","locus202",1,1,1,NA,1,NA,0.264908,1,1,0
"Dc01018","locus215",1,NA,NA,NA,1,NA,1,1,1,0
"Dc01018","locus227",1,0.46776,1,NA,1,NA,0.396494,1,1,0
"Dc01018","locus231",1,1,1,NA,1,NA,1,NA,1,0
"Dc01018","locus235",1,1,NA,NA,1,NA,0.474864,1,1,0
"Dc01018","locus236",1,1,NA,NA,1,NA,1,1,1,0
"Dc01018","locus237",1,0.36846,NA,NA,1,NA,0.88805,1,0.88805,0
"Dc01018","locus239",1,1,NA,NA,0.173928,NA,1,1,1,0
"Dc01018","locus248",1,1,NA,NA,1,NA,0.150468,1,0.32856,0
"Dc01018","locus256",1,0.267012,NA,NA,1,NA,1,1,1,0
"Dc01018","locus263",1,1,NA,NA,1,NA,1,NA,1,0
"Dc01018","locus264",1,1,NA,NA,0.14502,NA,1,NA,1,0
"Dc01018","locus274",1,1,NA,NA,1,NA,1,NA,1,0
"Dc01018","locus280",1,0.48028,NA,NA,1,NA,0.48028,NA,1,0
"Dc01018","locus282",1,0.81939,NA,NA,1,NA,1,NA,1,0
"Dc01018","locus286",1,1,NA,NA,1,NA,1,NA,1,0
"Dc01018","locus291",1,1,NA,NA,1,NA,1,NA,1,0
"Dc01018","locus292",0.7553,1,NA,NA,1,NA,1,NA,1,0
"Dc01018","locus296",1,0.71274,NA,NA,0.71274,NA,1,NA,1,0
"Dc01018","locus301",1,1,NA,NA,0.19738,NA,1,NA,1,0
"Dc01018","locus314",0.45087,0.86212,NA,NA,1,NA,1,NA,1,0
"Dc01018","locus321",0.57836,1,NA,NA,1,NA,1,NA,1,0
"Dc01018","locus322",1,1,NA,NA,1,NA,1,NA,1,0
"Dc01018","locus323",1,1,NA,NA,1,1,1,NA,1,0
"Dc01018","locus329",1,1,NA,NA,1,NA,1,NA,1,0
"Dc01018","locus332",0.68437,1,NA,NA,1,1,0.637872,NA,1,0
"Dc01018","locus358",1,1,NA,NA,1,NA,1,NA,1,0
"Dc01018","locus359",1,1,NA,NA,1,NA,1,NA,1,0
"Dc01018","locus360",1,0.806952,NA,NA,1,NA,1,NA,0.44947,0
"Dc01661","Dc01707",1,1,1,NA,1,1,1,1,1,0
"Dc01661","Dc01784",1,1,1,NA,1,NA,0.525336,1,0.080374,0
"Dc01661","Dc02951",1,1,1,NA,1,NA,1,1,0.345912,0
"Dc01661","Dc03456",1,1,1,NA,1,NA,1,1,0.892668,0
"Dc01661","Dc03556",1,1,1,NA,1,NA,1,1,1,0
"Dc01661","Dc06503",0.909816,0.98561,1,NA,1,NA,1,NA,1,0
"Dc01661","Dc07300",1,1,NA,NA,1,NA,1,1,1,0
"Dc01661","Dc07937",1,1,NA,NA,1,NA,1,1,0.694572,0
"Dc01661","Dc08054",1,0.181764,NA,NA,1,NA,1,1,1,0
"Dc01661","Dc08189",1,1,NA,NA,1,NA,0.78918,1,1,0
"Dc01661","Dc08463",0.710412,1,NA,NA,1,NA,0.710412,1,1,0
"Dc01661","Dc08865",0.989748,1,NA,NA,1,NA,1,1,1,0
"Dc01661","Dc10003",0.887408,NA,NA,NA,1,NA,1,1,NA,0
"Dc01661","Dc10390",1,1,NA,NA,1,NA,1,1,1,0
"Dc01661","Dc10878",0.56964,1,NA,NA,1,NA,0.13623,NA,1,0
"Dc01661","Dc10885",1,1,NA,NA,1,NA,1,1,1,0
"Dc01661","Dc11203",1,1,NA,NA,1,NA,1,1,1,0
"Dc01661","Dc11714",1,1,NA,NA,0.694308,1,0.646212,1,1,0
"Dc01661","Dc13159",1,1,NA,NA,1,NA,1,1,1,0
"Dc01661","Dc13592",1,1,NA,NA,1,NA,0.281232,1,1,0
"Dc01661","Dc14022",1,1,NA,NA,1,NA,1,1,1,0
"Dc01661","Dc14945",1,1,NA,NA,1,NA,1,1,1,0
"Dc01661","Dc16747",0.760224,1,NA,NA,1,NA,1,1,1,0
"Dc01661","Dc18951",1,1,NA,NA,1,NA,1,1,1,0
"Dc01661","Dc20232",1,1,NA,NA,1,1,1,1,1,0
"Dc01661","Dc22883",0.358764,1,NA,NA,1,1,1,NA,1,0
"Dc01661","Dc22887",1,1,NA,NA,1,NA,1,0.860436,1,0
"Dc01661","Dc27955",0.57552,1,NA,NA,1,NA,0.632504,NA,1,0
"Dc01661","Dc28124",1,1,NA,NA,1,NA,1,1,1,0
"Dc01661","Dc28776",1,0.882156,NA,NA,1,NA,1,1,1,0
"Dc01661","Dc30071",0.572814,0.513492,NA,NA,1,NA,0.763172,0.563576,0.513492,0
"Dc01661","Dc31007",0.948696,NA,NA,NA,1,NA,1,NA,1,0
"Dc01661","Dc33714",1,1,NA,NA,1,NA,1,1,1,0
"Dc01661","Dc33907",0.329244,1,NA,NA,1,NA,1,1,1,0
"Dc01661","Dc34902",1,1,NA,NA,1,NA,1,1,1,0
"Dc01661","Dc35779",1,1,NA,NA,1,1,1,1,1,0
"Dc01661","Dc36571",1,0.781522,1,NA,1,NA,0.781522,1,1,0
"Dc01661","Dc36616",1,1,NA,NA,1,1,0.48642,0.326144,1,0
"Dc01661","Dc40235",1,1,NA,NA,1,1,1,1,1,0
"Dc01661","Dc41234",1,0.437112,NA,NA,1,NA,NA,NA,1,0
"Dc01661","Dc46984",1,1,NA,NA,1,NA,1,1,1,0
"Dc01661","Dc47935",1,0.89577,NA,NA,0.917768,NA,0.325452,1,1,0
"Dc01661","Dc48207",1,1,NA,NA,1,1,1,1,1,0
"Dc01661","Dc48950",1,1,NA,NA,1,1,1,1,1,0
"Dc01661","Dc49080",1,1,1,NA,1,NA,1,1,0.35,0
"Dc01661","Dc49184",0.488096,1,NA,NA,1,1,1,1,1,0
"Dc01661","Dc51020",1,1,NA,NA,1,NA,1,0.868332,1,0
"Dc01661","Dc52523",1,1,NA,NA,1,NA,1,1,1,0
"Dc01661","Dc55481",0.8598,1,NA,NA,1,NA,1,1,0.8598,0
"Dc01661","Dc58248",1,1,NA,1,1,NA,1,NA,1,0
"Dc01661","Dc62188",1,1,NA,1,0.49394,NA,0.124992,NA,1,0
"Dc01661","Dc67011",1,1,1,1,1,1,1,NA,1,0
"Dc01661","locus003",0.110376,0.647056,NA,0.647056,0.5014,NA,0.647056,NA,0.647056,0
"Dc01661","locus004",0.419928,0.9313,NA,1,1,NA,1,NA,1,0
"Dc01661","locus005",0.75306,1,1,1,1,NA,0.929304,NA,1,0
"Dc01661","locus006",1,1,NA,1,1,NA,1,NA,1,0
"Dc01661","locus008",0.300876,0.33805,NA,1,1,NA,0.374952,NA,1,0
"Dc01661","locus013",1,1,NA,1,0.682236,NA,1,NA,1,0
"Dc01661","locus014",1,1,NA,1,1,NA,0.585396,NA,1,0
"Dc01661","locus022",1,1,1,1,1,NA,1,NA,1,0
"Dc01661","locus024",1,1,NA,1,1,NA,0.496956,NA,1,0
"Dc01661","locus025",1,1,NA,1,1,NA,1,NA,1,0
"Dc01661","locus027",1,1,NA,NA,1,NA,NA,NA,NA,0
"Dc01661","locus030",1,1,NA,NA,1,1,1,NA,1,0
"Dc01661","locus035",1,1,1,NA,1,1,1,NA,1,0
"Dc01661","locus038",1,1,1,NA,1,1,1,NA,1,0
"Dc01661","locus039",1,1,NA,NA,1,NA,0.60067,NA,1,0
"Dc01661","locus040",0.540952,0.05756,NA,NA,1,NA,1,NA,1,0
"Dc01661","locus041",1,1,NA,NA,1,NA,1,NA,1,0
"Dc01661","locus045",1,0.57647,NA,NA,1,NA,0.762568,NA,1,0
"Dc01661","locus047",1,1,NA,NA,1,NA,1,NA,1,0
"Dc01661","locus048",1,0.58524,NA,NA,1,NA,1,NA,1,0
"Dc01661","locus053",0.46207,0.549952,NA,NA,1,NA,0.549952,NA,1,0
"Dc01661","locus055",0.12027,0.676572,NA,NA,1,NA,0.398384,NA,1,0
"Dc01661","locus056",1,1,1,1,0.85332,NA,0.662228,NA,1,0
"Dc01661","locus058",1,1,1,1,1,NA,1,NA,0.80395,0
"Dc01661","locus060",0.646944,0.76188,NA,1,0.76188,NA,0.76188,NA,1,0
"Dc01661","locus061",1,NA,NA,NA,0.572384,NA,1,NA,1,0
"Dc01661","locus062",1,1,NA,1,1,NA,0.147792,NA,1,0
"Dc01661","locus064",1,0.451304,NA,1,1,1,1,NA,1,0
"Dc01661","locus065",1,1,NA,0.86142,1,NA,1,NA,1,0
"Dc01661","locus073",1,1,NA,1,1,NA,1,NA,1,0
"Dc01661","locus074",1,1,1,1,1,NA,1,NA,1,0
"Dc01661","locus080",1,1,NA,NA,1,NA,1,NA,1,0
"Dc01661","locus083",1,NA,NA,NA,1,NA,1,NA,1,0
"Dc01661","locus088",1,1,NA,NA,1,NA,1,NA,1,0
"Dc01661","locus093",1,1,1,NA,1,NA,1,NA,1,0
"Dc01661","locus096",1,1,1,NA,1,1,1,NA,1,0
"Dc01661","locus098",1,1,NA,NA,1,NA,0.82445,NA,1,0
"Dc01661","locus100",1,1,1,NA,1,NA,1,NA,1,0
"Dc01661","locus106",1,1,NA,NA,1,NA,1,NA,1,0
"Dc01661","locus116",1,1,NA,NA,0.56683,NA,1,NA,1,0
"Dc01661","locus119",1,1,NA,NA,1,NA,0.765,NA,0.72671,0
"Dc01661","locus120",1,1,NA,NA,1,NA,1,NA,1,0
"Dc01661","locus128",0.78571,1,NA,NA,1,NA,1,NA,1,0
"Dc01661","locus129",1,1,NA,1,1,NA,1,NA,1,0
"Dc01661","locus130",0.747128,NA,NA,NA,1,NA,0.747128,NA,1,0
"Dc01661","locus134",1,1,NA,NA,1,1,1,NA,1,0
"Dc01661","locus135",1,1,NA,0.996786,1,1,1,NA,1,0
"Dc01661","locus137",1,1,NA,1,1,NA,1,NA,1,0
"Dc01661","locus139",1,1,NA,1,1,NA,1,NA,1,0
"Dc01661","locus140",1,1,NA,1,1,NA,1,NA,1,0
"Dc01661","locus146",1,1,NA,1,1,NA,1,NA,0.317496,0
"Dc01661","locus148",1,1,NA,1,1,NA,1,NA,1,0
"Dc01661","locus151",0.969152,NA,1,1,0.58191,NA,0.083448,NA,1,0
"Dc01661","locus157",1,NA,NA,NA,1,NA,1,NA,1,0
"Dc01661","locus161",1,1,NA,1,1,NA,0.48606,NA,0.66722,0
"Dc01661","locus165",1,1,NA,NA,1,NA,1,NA,1,0
"Dc01661","locus170",1,1,1,1,1,NA,1,NA,0.067424,0
"Dc01661","locus176",0.19468,NA,NA,NA,0.659564,NA,0.557124,NA,0.557124,0
"Dc01661","locus184",1,1,1,1,1,NA,1,NA,1,0
"Dc01661","locus186",1,0.454428,NA,1,1,NA,1,NA,1,0
"Dc01661","locus188",1,1,NA,NA,1,NA,1,NA,1,0
"Dc01661","locus189",1,1,NA,0.471618,1,NA,1,1,1,0
"Dc01661","locus190",1,1,NA,NA,1,NA,1,0.288552,1,0
"Dc01661","locus191",1,NA,NA,NA,1,NA,1,1,1,0
"Dc01661","locus192",1,1,NA,NA,1,NA,1,1,1,0
"Dc01661","locus195",0.624132,1,NA,NA,1,NA,1,1,1,0
"Dc01661","locus202",1,0.826364,1,NA,1,NA,1,1,0.935784,0
"Dc01661","locus215",1,NA,NA,NA,1,NA,1,1,1,0
"Dc01661","locus227",1,1,1,NA,1,NA,1,1,1,0
"Dc01661","locus231",1,1,1,NA,1,NA,1,NA,1,0
"Dc01661","locus235",0.416988,1,NA,NA,1,NA,1,1,1,0
"Dc01661","locus236",1,1,NA,NA,1,NA,1,1,1,0
"Dc01661","locus237",1,1,NA,NA,1,NA,0.150168,1,1,0
"Dc01661","locus239",1,1,NA,NA,1,NA,1,1,1,0
"Dc01661","locus248",0.64289,1,NA,NA,1,NA,0.59394,1,1,0
"Dc01661","locus256",1,1,NA,NA,1,NA,1,1,1,0
"Dc01661","locus263",1,1,NA,NA,1,NA,0.45557,NA,0.798992,0
"Dc01661","locus264",0.927408,0.9537,NA,NA,1,NA,0.73082,NA,1,0
"Dc01661","locus274",1,1,NA,NA,1,NA,1,NA,1,0
"Dc01661","locus280",1,1,NA,NA,1,NA,1,NA,0.84205,0
"Dc01661","locus282",1,1,NA,NA,1,NA,1,NA,1,0
"Dc01661","locus286",1,1,NA,NA,1,NA,1,NA,1,0
"Dc01661","locus291",1,0.48732,NA,NA,1,NA,0.814784,NA,1,0
"Dc01661","locus292",1,1,NA,NA,0.49512,NA,1,NA,1,0
"Dc01661","locus296",1,1,NA,NA,1,NA,1,NA,1,0
"Dc01661","locus314",1,1,NA,NA,1,NA,1,NA,1,0
"Dc01661","locus321",1,1,NA,NA,1,NA,1,NA,1,0
"Dc01661","locus322",0.51755,1,NA,NA,1,NA,1,NA,1,0
"Dc01661","locus323",0.615444,1,NA,NA,1,1,1,NA,1,0
"Dc01661","locus329",1,0.15454,NA,NA,1,NA,1,NA,1,0
"Dc01661","locus332",1,0.880512,NA,NA,1,1,1,NA,1,0
"Dc01661","locus358",1,1,NA,NA,1,NA,1,NA,1,0
"Dc01661","locus359",1,1,NA,NA,1,NA,1,NA,1,0
"Dc01661","locus360",1,1,NA,NA,1,NA,1,NA,1,0
"Dc01707","Dc01784",0.841918,0.841918,1,NA,1,NA,0.841918,1,0.841918,0
"Dc01707","Dc02951",1,1,1,NA,1,NA,1,1,1,0
"Dc01707","Dc03456",1,1,1,NA,1,1,1,1,1,0
"Dc01707","Dc03556",1,0.23996,1,NA,1,NA,1,1,1,0
"Dc01707","Dc06503",1,1,NA,NA,1,NA,1,NA,1,0
"Dc01707","Dc07300",1,1,NA,NA,1,NA,0.237432,1,1,0
"Dc01707","Dc07937",1,1,NA,NA,1,NA,1,1,1,0
"Dc01707","Dc08054",0.671244,1,NA,NA,1,NA,1,1,1,0
"Dc01707","Dc08189",1,1,NA,NA,1,NA,1,1,0.862872,0
"Dc01707","Dc08463",1,1,NA,NA,1,NA,1,1,1,0
"Dc01707","Dc08865",0.477384,1,NA,NA,1,NA,1,1,1,0
"Dc01707","Dc10003",1,NA,NA,NA,1,NA,0.369072,1,NA,0
"Dc01707","Dc10390",1,1,NA,NA,1,NA,1,1,1,0
"Dc01707","Dc10878",1,1,NA,NA,0.23094,NA,1,NA,1,0
"Dc01707","Dc10885",1,1,NA,NA,1,1,1,1,1,0
"Dc01707","Dc11203",1,1,NA,NA,1,NA,1,1,1,0
"Dc01707","Dc11714",1,1,NA,NA,1,NA,1,1,1,0
"Dc01707","Dc13159",1,1,NA,NA,1,NA,0.343848,1,1,0
"Dc01707","Dc13592",1,0.1185,NA,NA,1,1,1,1,0.105714,0
"Dc01707","Dc14022",0.719628,1,NA,NA,1,NA,1,1,1,0
"Dc01707","Dc14945",1,1,NA,NA,1,NA,1,1,1,0
"Dc01707","Dc16747",1,1,NA,NA,0.505476,NA,0.70938,1,1,0
"Dc01707","Dc18951",1,0.54336,NA,NA,1,NA,1,1,1,0
"Dc01707","Dc20232",1,1,NA,NA,1,1,1,1,1,0
"Dc01707","Dc22887",1,1,NA,NA,1,NA,1,1,1,0
"Dc01707","Dc27955",0.77365,1,NA,NA,1,NA,0.77365,NA,1,0
"Dc01707","Dc28124",1,1,NA,NA,1,NA,1,1,1,0
"Dc01707","Dc28776",1,1,NA,NA,1,NA,1,1,1,0
"Dc01707","Dc30071",0.684048,1,NA,NA,1,1,0.554372,1,1,0
"Dc01707","Dc31007",1,NA,NA,NA,1,NA,0.825712,NA,1,0
"Dc01707","Dc33714",0.40978,0.923958,NA,NA,0.90916,NA,0.982644,0.923958,0.165132,0
"Dc01707","Dc33907",1,1,NA,NA,1,NA,1,1,1,0
"Dc01707","Dc34902",1,1,NA,NA,1,1,1,1,1,0
"Dc01707","Dc36571",1,1,1,NA,1,NA,1,1,1,0
"Dc01707","Dc36616",1,0.590184,NA,NA,1,1,1,1,1,0
"Dc01707","Dc40235",1,1,NA,NA,1,NA,1,1,1,0
"Dc01707","Dc41234",1,1,NA,NA,1,NA,NA,NA,1,0
"Dc01707","Dc46984",1,0.875388,NA,NA,1,NA,1,1,1,0
"Dc01707","Dc47572",1,1,NA,NA,1,NA,1,1,1,0
"Dc01707","Dc47935",0.818232,1,NA,NA,1,NA,1,1,1,0
"Dc01707","Dc48207",0.693364,1,NA,NA,1,1,1,1,1,0
"Dc01707","Dc48950",1,1,NA,NA,1,NA,1,1,1,0
"Dc01707","Dc49080",1,1,1,NA,1,1,0.06544,1,0.378924,0
"Dc01707","Dc49184",1,1,NA,NA,1,NA,1,1,1,0
"Dc01707","Dc51020",1,1,NA,NA,1,NA,1,1,1,0
"Dc01707","Dc52523",0.581088,1,NA,NA,0.581088,NA,1,1,1,0
"Dc01707","Dc55481",1,1,NA,NA,1,NA,1,1,1,0
"Dc01707","Dc58248",1,1,NA,1,1,1,1,NA,1,0
"Dc01707","Dc62188",1,1,NA,1,1,NA,1,NA,1,0
"Dc01707","Dc67011",1,0.912366,1,1,1,NA,1,NA,1,0
"Dc01707","locus003",1,1,NA,1,1,NA,1,NA,1,0
"Dc01707","locus005",1,0.951874,1,0.951874,1,NA,1,NA,1,0
"Dc01707","locus006",1,1,NA,1,1,NA,1,NA,1,0
"Dc01707","locus008",1,0.574356,NA,1,1,NA,1,NA,1,0
"Dc01707","locus013",1,1,NA,1,1,NA,1,NA,0.350736,0
"Dc01707","locus014",0.664224,1,NA,1,1,NA,1,NA,1,0
"Dc01707","locus022",1,1,1,1,1,1,1,NA,1,0
"Dc01707","locus024",0.249588,1,NA,1,0.42224,NA,1,NA,1,0
"Dc01707","locus025",1,1,NA,0.408396,1,NA,1,NA,1,0
"Dc01707","locus027",1,1,1,NA,1,NA,NA,NA,NA,0
"Dc01707","locus030",1,1,NA,NA,1,NA,0.94172,NA,1,0
"Dc01707","locus035",1,1,1,NA,0.657944,1,1,NA,1,0
"Dc01707","locus038",0.98849,0.447216,1,NA,1,NA,1,NA,1,0
"Dc01707","locus039",1,0.756232,NA,NA,1,NA,0.756232,NA,0.54168,0
"Dc01707","locus040",1,1,NA,NA,1,NA,1,NA,1,0
"Dc01707","locus041",1,1,NA,NA,1,NA,1,NA,1,0
"Dc01707","locus045",1,1,NA,NA,1,1,0.056244,NA,1,0
"Dc01707","locus047",0.791248,1,NA,NA,0.791248,NA,0.48581,NA,1,0
"Dc01707","locus048",0.64241,0.64241,NA,NA,1,NA,1,NA,1,0
"Dc01707","locus053",0.39192,0.885848,NA,NA,1,NA,1,NA,1,0
"Dc01707","locus055",1,1,NA,NA,0.42831,NA,1,NA,1,0
"Dc01707","locus056",1,1,1,1,1,1,1,NA,1,0
"Dc01707","locus058",1,1,1,1,1,NA,1,NA,0.96768,0
"Dc01707","locus061",1,NA,1,NA,1,1,1,NA,1,0
"Dc01707","locus062",1,1,NA,1,1,NA,1,NA,1,0
"Dc01707","locus064",0.98028,1,NA,0.852,1,NA,1,NA,1,0
"Dc01707","locus065",1,1,NA,1,1,NA,1,NA,1,0
"Dc01707","locus073",1,0.883692,NA,1,1,NA,0.883692,NA,1,0
"Dc01707","locus074",1,1,1,1,1,1,1,NA,1,0
"Dc01707","locus076",1,0.653928,NA,NA,1,NA,0.316392,NA,0.16975,0
"Dc01707","locus077",1,1,NA,1,1,NA,1,NA,1,0
"Dc01707","locus080",1,1,NA,NA,1,1,1,NA,1,0
"Dc01707","locus083",0.196698,NA,NA,NA,1,NA,0.095552,NA,0.63154,0
"Dc01707","locus088",1,1,NA,NA,1,NA,1,NA,1,0
"Dc01707","locus093",1,1,1,NA,1,NA,1,NA,1,0
"Dc01707","locus098",1,0.74022,NA,NA,1,NA,1,NA,1,0
"Dc01707","locus100",1,1,1,NA,1,NA,1,NA,1,0
"Dc01707","locus106",1,1,NA,NA,1,NA,0.66496,NA,1,0
"Dc01707","locus116",1,0.36704,NA,NA,1,NA,1,NA,1,0
"Dc01707","locus119",0.35929,0.90024,NA,NA,1,NA,0.518336,NA,0.725034,0
"Dc01707","locus120",1,1,NA,NA,1,NA,0.98618,NA,0.98618,0
"Dc01707","locus128",0.10919,0.21296,NA,NA,1,NA,0.707322,NA,1,0
"Dc01707","locus129",1,0.739788,NA,1,1,NA,1,NA,1,0
"Dc01707","locus130",0.817384,NA,NA,NA,1,NA,1,NA,1,0
"Dc01707","locus134",1,1,1,NA,0.79786,1,1,NA,1,0
"Dc01707","locus135",1,1,NA,1,1,NA,1,NA,1,0
"Dc01707","locus137",1,1,NA,1,1,NA,1,NA,1,0
"Dc01707","locus139",1,1,NA,1,1,1,1,NA,1,0
"Dc01707","locus140",1,1,NA,1,1,1,1,NA,1,0
"Dc01707","locus146",1,1,NA,1,1,1,1,NA,1,0
"Dc01707","locus148",1,1,NA,1,1,1,1,NA,1,0
"Dc01707","locus151",0.467772,NA,1,1,0.58263,NA,1,NA,1,0
"Dc01707","locus157",0.859554,NA,NA,NA,0.859554,NA,0.17572,NA,0.859554,0
"Dc01707","locus161",1,0.472296,NA,1,1,1,0.258846,NA,1,0
"Dc01707","locus165",1,1,NA,NA,1,NA,1,NA,1,0
"Dc01707","locus170",1,0.634356,1,1,1,NA,0.634356,NA,0.398048,0
"Dc01707","locus176",1,NA,NA,NA,0.447808,NA,1,NA,1,0
"Dc01707","locus184",1,1,1,0.994098,1,NA,1,NA,1,0
"Dc01707","locus186",1,1,NA,1,1,NA,0.78185,NA,0.507756,0
"Dc01707","locus188",1,1,NA,NA,1,NA,0.21803,NA,1,0
"Dc01707","locus189",1,1,NA,1,1,NA,0.939484,1,1,0
"Dc01707","locus190",1,1,NA,NA,1,NA,1,1,0.823956,0
"Dc01707","locus191",1,NA,NA,NA,1,NA,1,1,1,0
"Dc01707","locus192",1,1,NA,NA,1,NA,1,1,1,0
"Dc01707","locus195",0.490182,1,NA,NA,1,1,0.903348,1,1,0
"Dc01707","locus202",0.693532,1,1,NA,1,NA,1,1,1,0
"Dc01707","locus215",0.107168,NA,NA,NA,1,NA,1,1,0.05304,0
"Dc01707","locus227",0.754824,0.21658,1,NA,1,NA,1,1,1,0
"Dc01707","locus231",1,1,NA,NA,1,NA,1,NA,1,0
"Dc01707","locus235",1,0.21594,NA,NA,1,NA,1,1,1,0
"Dc01707","locus236",1,1,NA,NA,1,NA,0.77262,1,1,0
"Dc01707","locus237",1,1,NA,NA,1,NA,0.876168,1,1,0
"Dc01707","locus239",1,1,NA,NA,1,NA,1,1,1,0
"Dc01707","locus248",1,1,NA,NA,1,NA,1,1,0.823716,0
"Dc01707","locus256",1,1,NA,NA,1,NA,1,1,1,0
"Dc01707","locus263",1,1,NA,NA,1,NA,1,NA,1,0
"Dc01707","locus264",1,1,NA,NA,1,NA,0.93144,NA,1,0
"Dc01707","locus274",1,1,NA,NA,1,1,1,NA,1,0
"Dc01707","locus280",1,0.624968,NA,NA,1,NA,1,NA,0.29481,0
"Dc01707","locus282",0.88584,1,NA,NA,1,NA,1,NA,1,0
"Dc01707","locus286",1,1,NA,NA,1,1,1,NA,1,0
"Dc01707","locus291",1,0.794568,NA,NA,1,NA,0.07585,NA,1,0
"Dc01707","locus292",1,1,NA,NA,1,1,1,NA,1,0
"Dc01707","locus296",1,1,NA,NA,1,NA,1,NA,1,0
"Dc01707","locus301",1,1,NA,NA,1,NA,1,NA,1,0
"Dc01707","locus314",1,1,NA,NA,0.47759,NA,1,NA,1,0
"Dc01707","locus321",1,1,NA,NA,1,NA,1,NA,1,0
"Dc01707","locus322",1,1,NA,NA,1,NA,1,NA,1,0
"Dc01707","locus323",1,0.23143,NA,NA,0.57516,NA,1,NA,1,0
"Dc01707","locus329",0.18034,0.939184,NA,NA,0.939184,NA,0.939184,NA,0.939184,0
"Dc01707","locus332",1,0.812658,NA,NA,0.34088,NA,0.27539,NA,1,0
"Dc01707","locus358",1,1,NA,NA,1,NA,0.2362,NA,1,0
"Dc01707","locus359",1,1,NA,NA,1,NA,1,NA,1,0
"Dc01707","locus360",1,1,NA,NA,1,NA,1,NA,1,0
"Dc01784","Dc02951",1,1,1,NA,1,NA,1,1,0.355082,0
"Dc01784","Dc03456",0.573076,1,1,NA,1,NA,1,1,1,0
"Dc01784","Dc03556",1,1,1,NA,1,NA,1,1,1,0
"Dc01784","Dc06503",1,1,NA,NA,1,NA,1,NA,1,0
"Dc01784","Dc07300",1,1,NA,NA,1,1,1,0.584766,1,0
"Dc01784","Dc07937",1,0.955272,NA,NA,1,NA,1,1,1,0
"Dc01784","Dc08054",0.998824,1,NA,NA,1,NA,0.428256,1,0.428256,0
"Dc01784","Dc08189",1,1,NA,NA,1,NA,1,1,1,0
"Dc01784","Dc08463",1,1,NA,NA,1,NA,1,1,1,0
"Dc01784","Dc08865",1,1,NA,NA,1,NA,1,1,1,0
"Dc01784","Dc10003",1,NA,NA,NA,1,NA,1,1,NA,0
"Dc01784","Dc10390",1,0.343344,NA,NA,1,NA,1,1,1,0
"Dc01784","Dc10878",1,1,NA,NA,1,NA,1,NA,1,0
"Dc01784","Dc10885",1,1,NA,NA,1,NA,1,1,1,0
"Dc01784","Dc11203",1,0.305604,NA,NA,1,NA,1,1,1,0
"Dc01784","Dc11714",1,1,NA,NA,1,NA,0.234744,1,1,0
"Dc01784","Dc13159",1,1,NA,NA,1,NA,1,1,1,0
"Dc01784","Dc13592",1,1,NA,NA,1,NA,1,1,1,0
"Dc01784","Dc14022",1,0.930444,NA,NA,1,NA,1,1,1,0
"Dc01784","Dc14945",1,1,NA,NA,1,NA,0.803808,1,1,0
"Dc01784","Dc16747",1,1,NA,NA,1,NA,1,1,1,0
"Dc01784","Dc18951",1,1,NA,NA,1,NA,0.923172,1,1,0
"Dc01784","Dc20232",1,1,NA,NA,1,1,1,1,1,0
"Dc01784","Dc22883",1,1,NA,NA,1,NA,1,NA,1,0
"Dc01784","Dc22887",0.365304,1,NA,NA,1,NA,0.37856,1,1,0
"Dc01784","Dc27955",1,1,NA,1,1,NA,0.485028,NA,1,0
"Dc01784","Dc28776",1,1,NA,NA,1,NA,1,1,1,0
"Dc01784","Dc30071",1,0.754152,NA,NA,1,NA,1,1,1,0
"Dc01784","Dc31007",1,NA,NA,NA,1,NA,1,NA,1,0
"Dc01784","Dc33714",1,1,NA,NA,1,NA,1,1,0.9258,0
"Dc01784","Dc33907",1,1,NA,NA,1,1,1,1,1,0
"Dc01784","Dc34902",1,1,NA,NA,1,NA,1,1,1,0
"Dc01784","Dc35779",0.1932,1,NA,NA,1,1,1,1,1,0
"Dc01784","Dc36571",1,1,1,NA,1,NA,1,1,1,0
"Dc01784","Dc36616",1,0.421386,NA,NA,1,1,1,1,1,0
"Dc01784","Dc40235",1,1,NA,NA,1,NA,1,1,1,0
"Dc01784","Dc41234",0.894052,0.736938,NA,NA,0.32692,NA,NA,NA,1,0
"Dc01784","Dc46984",1,1,NA,NA,1,NA,1,1,1,0
"Dc01784","Dc47572",1,1,NA,NA,1,NA,1,1,1,0
"Dc01784","Dc48207",0.73752,1,NA,NA,1,1,1,1,1,0
"Dc01784","Dc48950",1,1,NA,NA,1,NA,1,1,1,0
"Dc01784","Dc49080",1,1,1,NA,1,NA,0.888006,1,1,0
"Dc01784","Dc49184",1,1,NA,NA,1,NA,0.950904,1,1,0
"Dc01784","Dc51020",1,1,NA,NA,1,NA,1,1,1,0
"Dc01784","Dc52523",1,1,NA,NA,1,NA,1,1,0.327036,0
"Dc01784","Dc55481",1,1,NA,1,1,NA,1,1,1,0
"Dc01784","Dc58248",1,1,NA,1,1,NA,1,NA,1,0
"Dc01784","Dc62188",1,1,1,1,0.698866,NA,1,NA,1,0
"Dc01784","Dc67011",0.233172,1,1,1,0.095186,NA,1,NA,1,0
"Dc01784","locus003",1,1,NA,1,0.50125,NA,0.295788,NA,1,0
"Dc01784","locus004",1,1,NA,1,1,NA,0.967656,NA,1,0
"Dc01784","locus005",1,1,1,1,1,1,1,NA,1,0
"Dc01784","locus006",1,1,NA,1,1,NA,1,NA,1,0
"Dc01784","locus008",1,1,NA,1,1,NA,1,NA,0.612576,0
"Dc01784","locus013",0.575208,1,NA,1,1,NA,1,NA,1,0
"Dc01784","locus014",1,1,NA,1,1,1,1,NA,1,0
"Dc01784","locus022",0.912786,1,1,1,1,NA,1,NA,1,0
"Dc01784","locus024",1,1,NA,1,1,NA,0.57444,NA,1,0
"Dc01784","locus025",1,1,NA,1,1,NA,1,NA,1,0
"Dc01784","locus027",1,0.679488,NA,NA,1,NA,NA,NA,NA,0
"Dc01784","locus030",0.58371,1,NA,NA,1,NA,1,NA,1,0
"Dc01784","locus035",1,1,1,NA,1,1,1,NA,1,0
"Dc01784","locus038",0.061824,0.47128,1,NA,1,NA,1,NA,1,0
"Dc01784","locus039",1,1,NA,NA,1,NA,1,NA,1,0
"Dc01784","locus040",1,0.43369,NA,NA,1,NA,1,NA,1,0
"Dc01784","locus041",0.71544,0.71544,NA,NA,1,NA,0.73104,NA,1,0
"Dc01784","locus045",1,0.825416,NA,NA,1,NA,0.35791,NA,1,0
"Dc01784","locus047",1,1,NA,NA,1,NA,0.27923,NA,1,0
"Dc01784","locus048",1,1,NA,NA,1,NA,1,NA,1,0
"Dc01784","locus053",1,1,NA,NA,1,NA,1,NA,1,0
"Dc01784","locus055",1,1,NA,NA,1,NA,0.30793,NA,0.654176,0
"Dc01784","locus056",1,1,1,1,1,NA,0.986804,NA,1,0
"Dc01784","locus058",1,1,1,1,1,NA,1,NA,1,0
"Dc01784","locus060",1,1,NA,1,1,NA,1,NA,1,0
"Dc01784","locus061",1,NA,NA,NA,1,NA,0.661,NA,1,0
"Dc01784","locus062",0.71022,0.79654,NA,1,1,NA,0.79654,NA,1,0
"Dc01784","locus064",1,0.46962,NA,1,1,NA,0.54982,NA,1,0
"Dc01784","locus065",1,1,NA,1,1,NA,1,NA,1,0
"Dc01784","locus073",1,1,NA,1,1,NA,1,NA,1,0
"Dc01784","locus074",1,1,1,1,1,NA,1,NA,1,0
"Dc01784","locus076",1,1,NA,NA,0.347052,1,1,NA,0.76497,0
"Dc01784","locus077",1,1,NA,1,1,NA,1,NA,1,0
"Dc01784","locus080",0.21037,0.54568,NA,NA,1,NA,1,NA,1,0
"Dc01784","locus083",1,NA,NA,NA,1,NA,0.285296,NA,1,0
"Dc01784","locus088",0.705528,1,NA,NA,1,NA,0.619504,NA,0.23131,0
"Dc01784","locus093",1,1,1,NA,1,NA,1,NA,1,0
"Dc01784","locus096",1,1,1,NA,1,NA,1,NA,0.617856,0
"Dc01784","locus098",1,1,NA,NA,1,NA,1,NA,1,0
"Dc01784","locus100",1,1,1,NA,1,NA,1,NA,1,0
"Dc01784","locus106",1,1,NA,NA,1,NA,1,NA,1,0
"Dc01784","locus116",1,1,NA,NA,1,NA,1,NA,1,0
"Dc01784","locus119",1,1,NA,NA,1,1,1,NA,1,0
"Dc01784","locus120",1,1,NA,NA,1,NA,1,NA,1,0
"Dc01784","locus128",0.731772,1,NA,1,1,NA,1,NA,1,0
"Dc01784","locus129",1,1,NA,1,1,NA,0.32334,NA,1,0
"Dc01784","locus130",0.935144,NA,NA,NA,0.596634,NA,0.240776,NA,1,0
"Dc01784","locus134",1,1,NA,NA,0.676368,1,1,NA,1,0
"Dc01784","locus135",1,0.216864,NA,1,1,NA,1,NA,1,0
"Dc01784","locus137",1,1,NA,1,1,NA,1,NA,0.223092,0
"Dc01784","locus139",1,0.074712,NA,1,1,NA,1,NA,1,0
"Dc01784","locus140",1,0.073656,NA,1,1,NA,1,NA,1,0
"Dc01784","locus146",0.632892,1,NA,1,1,NA,1,NA,1,0
"Dc01784","locus148",1,1,NA,1,1,NA,1,NA,1,0
"Dc01784","locus151",1,NA,1,1,1,NA,0.342804,NA,1,0
"Dc01784","locus157",1,NA,NA,NA,1,NA,1,NA,1,0
"Dc01784","locus161",1,1,NA,1,1,NA,1,NA,1,0
"Dc01784","locus165",1,1,NA,NA,1,NA,1,NA,0.10658,0
"Dc01784","locus170",0.43211,0.634416,1,1,0.915544,NA,1,NA,0.81449,0
"Dc01784","locus176",0.13332,NA,NA,NA,1,NA,1,NA,1,0
"Dc01784","locus184",1,0.485688,1,1,1,NA,1,NA,1,0
"Dc01784","locus188",0.14147,1,NA,NA,1,NA,0.558728,NA,1,0
"Dc01784","locus189",1,1,NA,1,1,NA,0.282562,1,1,0
"Dc01784","locus190",0.3912,1,NA,NA,1,NA,1,1,0.5104,0
"Dc01784","locus191",1,NA,NA,NA,1,NA,1,1,1,0
"Dc01784","locus192",1,1,NA,NA,1,1,1,1,0.290584,0
"Dc01784","locus195",1,1,NA,NA,1,NA,1,1,1,0
"Dc01784","locus202",1,1,1,NA,1,1,1,1,1,0
"Dc01784","locus215",1,NA,NA,NA,1,NA,0.75853,1,1,0
"Dc01784","locus227",1,1,1,NA,1,NA,0.71106,1,1,0
"Dc01784","locus231",0.999752,1,NA,NA,1,NA,1,NA,0.95385,0
"Dc01784","locus235",0.67792,0.716664,NA,NA,1,NA,0.541236,1,1,0
"Dc01784","locus236",1,1,NA,NA,1,NA,1,1,0.617952,0
"Dc01784","locus237",1,1,NA,NA,1,1,1,1,0.665168,0
"Dc01784","locus239",1,1,NA,NA,1,NA,1,1,1,0
"Dc01784","locus248",0.113008,1,NA,NA,1,1,1,0.858672,1,0
"Dc01784","locus263",1,1,NA,NA,1,NA,1,NA,1,0
"Dc01784","locus264",1,1,NA,NA,1,NA,1,NA,1,0
"Dc01784","locus274",1,1,NA,NA,1,NA,0.872232,NA,0.34747,0
"Dc01784","locus280",1,1,NA,NA,1,NA,1,NA,0.40093,0
"Dc01784","locus282",1,0.78859,NA,NA,1,NA,1,NA,1,0
"Dc01784","locus286",0.11982,1,NA,NA,1,NA,1,NA,0.278856,0
"Dc01784","locus291",1,1,NA,NA,1,NA,0.12163,NA,1,0
"Dc01784","locus292",1,1,NA,NA,1,NA,1,NA,1,0
"Dc01784","locus296",1,1,NA,NA,1,NA,1,NA,1,0
"Dc01784","locus301",1,1,1,NA,0.336672,NA,1,NA,1,0
"Dc01784","locus314",1,1,NA,NA,1,NA,0.72276,NA,1,0
"Dc01784","locus321",1,1,NA,NA,1,1,1,NA,1,0
"Dc01784","locus322",1,0.63157,NA,NA,1,NA,1,NA,1,0
"Dc01784","locus323",1,1,NA,NA,1,NA,1,NA,1,0
"Dc01784","locus329",1,1,NA,NA,1,NA,1,NA,1,0
"Dc01784","locus332",1,0.75832,NA,NA,1,NA,1,NA,1,0
"Dc01784","locus358",1,1,NA,NA,1,NA,1,NA,1,0
"Dc01784","locus359",0.63808,0.5698,NA,NA,0.5698,NA,0.32191,NA,1,0
"Dc01784","locus360",0.755568,1,NA,NA,0.57283,NA,1,NA,1,0
"Dc02951","Dc03456",0.459144,1,1,NA,1,NA,1,1,0.868332,0
"Dc02951","Dc03556",1,1,1,NA,1,NA,1,1,1,0
"Dc02951","Dc06503",1,1,NA,NA,1,NA,1,NA,1,0
"Dc02951","Dc07300",1,1,NA,NA,1,NA,1,1,1,0
"Dc02951","Dc07937",1,0.90834,NA,NA,1,NA,0.90834,1,1,0
"Dc02951","Dc08054",0.243108,1,NA,NA,0.47814,NA,0.47814,1,1,0
"Dc02951","Dc08189",0.788564,1,NA,NA,1,1,1,1,1,0
"Dc02951","Dc08865",1,1,NA,NA,1,NA,1,1,0.092016,0
"Dc02951","Dc10003",1,NA,NA,NA,1,NA,1,1,NA,0
"Dc02951","Dc10390",1,0.605568,NA,NA,1,NA,1,1,1,0
"Dc02951","Dc10885",1,1,NA,NA,1,NA,1,1,1,0
"Dc02951","Dc11203",0.421524,1,NA,NA,1,NA,1,1,1,0
"Dc02951","Dc11714",0.810568,0.74417,NA,NA,1,NA,0.74412,1,1,0
"Dc02951","Dc13159",1,0.46893,NA,NA,1,1,1,1,1,0
"Dc02951","Dc13592",1,0.62496,NA,NA,1,NA,1,1,1,0
"Dc02951","Dc14022",1,1,NA,NA,1,NA,1,1,1,0
"Dc02951","Dc14945",1,1,NA,NA,1,NA,0.3438,1,1,0
"Dc02951","Dc16747",0.107928,1,NA,NA,0.711,NA,1,1,1,0
"Dc02951","Dc18951",1,1,NA,NA,1,NA,1,1,1,0
"Dc02951","Dc20232",1,1,NA,NA,1,1,1,1,1,0
"Dc02951","Dc22883",1,1,NA,NA,1,NA,1,NA,1,0
"Dc02951","Dc22887",1,1,NA,NA,1,NA,1,1,0.673008,0
"Dc02951","Dc27955",0.88347,1,NA,1,1,NA,0.699516,NA,1,0
"Dc02951","Dc28124",1,1,NA,NA,1,NA,1,1,1,0
"Dc02951","Dc28776",1,1,NA,NA,1,NA,1,1,1,0
"Dc02951","Dc30071",1,1,NA,NA,1,NA,1,1,1,0
"Dc02951","Dc31007",1,NA,NA,NA,1,NA,0.161552,NA,1,0
"Dc02951","Dc33714",1,1,1,NA,1,1,1,1,1,0
"Dc02951","Dc33907",1,1,NA,NA,1,NA,0.45492,0.83465,0.990552,0
"Dc02951","Dc34902",1,0.9864,NA,NA,1,NA,1,1,1,0
"Dc02951","Dc35779",1,1,NA,NA,1,1,1,1,1,0
"Dc02951","Dc36571",1,1,1,NA,1,NA,1,1,1,0
"Dc02951","Dc36616",1,1,NA,NA,1,1,1,1,1,0
"Dc02951","Dc40235",1,1,NA,NA,1,NA,1,1,1,0
"Dc02951","Dc41234",1,1,NA,NA,1,NA,NA,NA,1,0
"Dc02951","Dc46984",1,1,NA,NA,1,NA,1,1,0.972024,0
"Dc02951","Dc47572",1,0.74772,NA,NA,1,NA,0.062676,1,1,0
"Dc02951","Dc47935",1,1,NA,NA,1,NA,1,1,1,0
"Dc02951","Dc48207",1,1,NA,NA,1,1,1,0.996856,1,0
"Dc02951","Dc48950",1,0.35142,NA,NA,1,NA,0.35142,1,1,0
"Dc02951","Dc49080",1,1,1,NA,1,NA,1,1,1,0
"Dc02951","Dc49184",1,1,NA,NA,1,NA,1,1,1,0
"Dc02951","Dc51020",1,1,NA,NA,0.826512,NA,0.826512,1,1,0
"Dc02951","Dc52523",1,1,NA,NA,1,1,1,1,1,0
"Dc02951","Dc55481",0.770238,1,NA,1,1,NA,1,1,0.891132,0
"Dc02951","Dc58248",0.43278,0.69588,NA,1,1,NA,0.354324,NA,1,0
"Dc02951","Dc62188",1,1,NA,1,1,NA,1,NA,1,0
"Dc02951","Dc67011",1,1,1,1,1,NA,0.938208,NA,0.855722,0
"Dc02951","locus003",1,1,NA,1,1,NA,1,NA,1,0
"Dc02951","locus004",0.95298,1,NA,1,1,NA,1,NA,1,0
"Dc02951","locus005",0.195734,1,1,1,1,NA,1,NA,1,0
"Dc02951","locus006",1,1,NA,1,1,NA,1,NA,1,0
"Dc02951","locus008",0.525126,1,NA,1,1,1,1,NA,1,0
"Dc02951","locus013",0.57302,0.593784,NA,1,1,1,1,NA,1,0
"Dc02951","locus022",1,1,1,1,1,NA,0.052906,NA,1,0
"Dc02951","locus024",1,1,NA,1,1,1,1,NA,1,0
"Dc02951","locus025",1,1,NA,1,1,NA,1,NA,1,0
"Dc02951","locus027",1,1,NA,NA,1,NA,NA,NA,NA,0
"Dc02951","locus030",1,0.0682,NA,NA,1,NA,1,NA,1,0
"Dc02951","locus035",1,1,1,NA,1,1,1,NA,1,0
"Dc02951","locus038",1,1,1,NA,1,NA,1,NA,1,0
"Dc02951","locus039",1,1,NA,NA,1,NA,1,NA,1,0
"Dc02951","locus040",1,1,NA,NA,1,NA,1,NA,1,0
"Dc02951","locus041",1,1,NA,NA,1,NA,1,NA,1,0
"Dc02951","locus045",1,1,NA,NA,1,NA,0.10112,NA,1,0
"Dc02951","locus047",0.22919,0.956184,NA,NA,1,NA,1,NA,1,0
"Dc02951","locus048",1,1,NA,NA,1,NA,1,NA,1,0
"Dc02951","locus053",1,1,NA,NA,1,NA,1,NA,1,0
"Dc02951","locus055",1,1,NA,NA,1,NA,0.577088,NA,0.52646,0
"Dc02951","locus056",1,1,1,1,1,NA,1,NA,1,0
"Dc02951","locus058",1,1,1,1,1,NA,1,NA,1,0
"Dc02951","locus060",1,1,NA,1,1,NA,1,NA,1,0
"Dc02951","locus061",1,NA,NA,NA,1,NA,1,NA,1,0
"Dc02951","locus062",1,1,NA,1,1,NA,1,NA,1,0
"Dc02951","locus064",1,1,NA,1,1,NA,1,NA,1,0
"Dc02951","locus065",1,1,NA,1,1,NA,1,NA,1,0
"Dc02951","locus073",1,1,NA,1,1,NA,1,NA,1,0
"Dc02951","locus074",1,0.416556,1,1,1,NA,1,NA,1,0
"Dc02951","locus076",0.826494,0.41223,NA,NA,0.38028,NA,0.41223,NA,0.08545,0
"Dc02951","locus077",1,1,NA,1,1,NA,1,NA,1,0
"Dc02951","locus080",1,1,NA,NA,1,NA,1,NA,1,0
"Dc02951","locus083",0.224776,NA,NA,NA,1,NA,1,NA,1,0
"Dc02951","locus088",1,0.17305,NA,NA,1,NA,1,NA,1,0
"Dc02951","locus093",1,1,1,NA,1,NA,1,NA,1,0
"Dc02951","locus096",1,1,1,NA,1,NA,1,NA,1,0
"Dc02951","locus098",1,1,NA,NA,1,1,1,NA,1,0
"Dc02951","locus100",1,0.785592,1,NA,1,NA,1,NA,1,0
"Dc02951","locus106",0.506672,0.525306,NA,NA,0.23994,NA,0.888416,NA,0.888416,0
"Dc02951","locus116",1,1,NA,NA,1,NA,1,NA,1,0
"Dc02951","locus119",0.42351,1,NA,NA,1,NA,1,NA,1,0
"Dc02951","locus120",1,1,NA,NA,1,1,1,NA,1,0
"Dc02951","locus128",1,1,NA,1,1,NA,1,NA,1,0
"Dc02951","locus130",0.75177,NA,NA,NA,1,NA,0.55168,NA,0.75177,0
"Dc02951","locus134",1,0.068208,NA,NA,1,1,0.08716,NA,1,0
"Dc02951","locus135",1,1,NA,1,1,NA,1,NA,1,0
"Dc02951","locus137",1,1,NA,1,1,NA,1,NA,1,0
"Dc02951","locus139",1,1,NA,1,0.856476,NA,1,NA,1,0
"Dc02951","locus140",1,1,NA,1,0.85308,NA,1,NA,1,0
"Dc02951","locus146",1,0.67877,NA,1,0.28416,NA,1,NA,1,0
"Dc02951","locus148",1,0.780756,NA,1,1,NA,1,NA,1,0
"Dc02951","locus151",1,NA,1,1,0.861852,NA,1,NA,1,0
"Dc02951","locus157",1,NA,NA,NA,1,NA,1,NA,1,0
"Dc02951","locus161",1,1,NA,1,1,NA,1,NA,0.642276,0
"Dc02951","locus165",0.10491,0.485172,NA,NA,1,NA,0.728204,NA,0.10491,0
"Dc02951","locus170",1,1,1,0.66101,0.864528,NA,1,NA,1,0
"Dc02951","locus176",0.29778,NA,NA,NA,1,1,1,NA,1,0
"Dc02951","locus184",0.36694,1,1,1,1,NA,1,NA,1,0
"Dc02951","locus186",1,1,NA,1,1,NA,1,NA,0.466476,0
"Dc02951","locus188",1,1,NA,NA,1,NA,1,NA,1,0
"Dc02951","locus189",1,1,NA,1,1,NA,1,1,1,0
"Dc02951","locus190",1,1,NA,NA,1,NA,1,1,1,0
"Dc02951","locus191",0.364504,NA,NA,NA,1,NA,1,1,0.12537,0
"Dc02951","locus192",1,1,NA,NA,1,NA,1,1,1,0
"Dc02951","locus195",1,1,NA,NA,1,NA,1,1,1,0
"Dc02951","locus202",0.073276,1,1,NA,1,NA,1,1,1,0
"Dc02951","locus215",1,NA,NA,NA,1,NA,1,1,1,0
"Dc02951","locus227",1,1,1,NA,1,NA,1,1,1,0
"Dc02951","locus231",1,0.93332,NA,NA,1,NA,1,NA,1,0
"Dc02951","locus235",0.80913,0.988184,NA,NA,1,NA,0.308292,1,1,0
"Dc02951","locus236",0.340596,1,NA,NA,1,NA,1,1,1,0
"Dc02951","locus237",1,1,NA,NA,1,NA,1,1,0.133716,0
"Dc02951","locus239",1,1,NA,NA,1,NA,0.178524,1,1,0
"Dc02951","locus248",1,1,NA,NA,1,NA,1,1,1,0
"Dc02951","locus263",1,1,NA,NA,1,NA,1,NA,1,0
"Dc02951","locus264",0.06508,0.79588,NA,NA,1,NA,1,NA,1,0
"Dc02951","locus274",1,0.148216,NA,NA,0.714648,NA,1,NA,0.09604,0
"Dc02951","locus280",1,1,NA,NA,1,NA,1,NA,1,0
"Dc02951","locus282",1,0.34331,NA,NA,1,NA,1,NA,1,0
"Dc02951","locus286",1,0.13564,NA,NA,1,NA,0.13564,NA,0.216558,0
"Dc02951","locus291",0.87978,1,NA,NA,1,NA,1,NA,1,0
"Dc02951","locus292",1,0.97505,NA,NA,1,NA,0.97505,NA,1,0
"Dc02951","locus296",1,1,NA,NA,1,NA,1,NA,1,0
"Dc02951","locus301",1,1,1,NA,1,NA,1,NA,1,0
"Dc02951","locus314",1,1,NA,NA,1,NA,1,NA,1,0
"Dc02951","locus321",0.423456,0.423456,NA,NA,1,NA,0.41679,NA,0.423456,0
"Dc02951","locus322",1,1,NA,NA,1,1,0.707124,NA,1,0
"Dc02951","locus323",1,1,NA,NA,1,NA,1,NA,1,0
"Dc02951","locus329",1,1,NA,NA,1,NA,1,NA,1,0
"Dc02951","locus332",1,0.69527,NA,NA,1,NA,1,NA,1,0
"Dc02951","locus358",1,1,NA,NA,0.71377,NA,0.824024,NA,1,0
"Dc02951","locus359",0.665728,0.857028,NA,NA,0.857028,NA,0.857028,NA,0.66521,0
"Dc02951","locus360",1,1,NA,NA,1,NA,0.16528,NA,1,0
"Dc03456","Dc03556",1,1,1,NA,1,NA,1,1,1,0
"Dc03456","Dc06503",1,0.47591,NA,NA,1,NA,1,NA,1,0
"Dc03456","Dc07300",1,0.49333,NA,NA,1,NA,0.237252,1,1,0
"Dc03456","Dc07937",1,1,NA,NA,1,NA,1,1,1,0
"Dc03456","Dc08054",1,1,NA,NA,1,NA,1,1,1,0
"Dc03456","Dc08189",0.701112,1,NA,NA,1,NA,1,0.98204,1,0
"Dc03456","Dc08463",0.255708,0.78931,NA,NA,1,NA,1,1,1,0
"Dc03456","Dc10003",1,NA,NA,NA,1,NA,1,1,NA,0
"Dc03456","Dc10390",0.388956,1,NA,NA,1,NA,0.847768,1,0.388956,0
"Dc03456","Dc10878",1,1,NA,NA,1,NA,1,NA,1,0
"Dc03456","Dc10885",1,0.740952,NA,NA,1,NA,1,1,1,0
"Dc03456","Dc11203",0.191184,1,NA,NA,1,NA,1,1,1,0
"Dc03456","Dc11714",1,1,NA,NA,1,NA,0.687492,0.99734,1,0
"Dc03456","Dc13159",1,1,NA,NA,1,NA,1,1,1,0
"Dc03456","Dc13592",1,1,NA,NA,1,NA,1,1,1,0
"Dc03456","Dc14022",1,1,NA,NA,1,NA,1,1,1,0
"Dc03456","Dc14945",1,1,NA,NA,1,NA,0.344196,1,1,0
"Dc03456","Dc16747",1,1,NA,NA,1,NA,1,1,0.12354,0
"Dc03456","Dc18951",0.310164,1,NA,NA,1,NA,0.310164,0.502096,1,0
"Dc03456","Dc20232",1,1,NA,NA,0.851124,1,0.416402,1,1,0
"Dc03456","Dc22883",0.42135,1,NA,NA,1,NA,1,NA,1,0
"Dc03456","Dc22887",0.250116,1,NA,NA,1,NA,0.62855,1,0.736576,0
"Dc03456","Dc27955",0.829104,0.880238,NA,0.829104,0.49697,NA,0.829104,NA,0.364152,0
"Dc03456","Dc28124",1,1,NA,NA,1,NA,1,1,1,0
"Dc03456","Dc28776",1,1,NA,NA,1,NA,1,1,1,0
"Dc03456","Dc30071",1,1,NA,NA,1,NA,1,1,1,0
"Dc03456","Dc31007",0.872048,NA,NA,NA,1,NA,1,NA,1,0
"Dc03456","Dc33714",1,0.823718,NA,NA,1,1,1,1,1,0
"Dc03456","Dc33907",0.69064,0.805368,NA,NA,1,NA,0.29394,1,1,0
"Dc03456","Dc34902",1,1,NA,NA,1,NA,1,1,1,0
"Dc03456","Dc35779",1,0.344232,NA,NA,1,1,1,0.992808,1,0
"Dc03456","Dc36571",1,1,1,NA,1,NA,1,1,1,0
"Dc03456","Dc36616",1,1,NA,NA,1,1,1,1,1,0
"Dc03456","Dc40235",0.23647,1,NA,NA,1,NA,0.059088,1,1,0
"Dc03456","Dc41234",1,0.469152,NA,NA,1,NA,NA,NA,1,0
"Dc03456","Dc46984",1,1,NA,NA,1,NA,1,1,1,0
"Dc03456","Dc47572",1,1,NA,NA,1,NA,1,1,1,0
"Dc03456","Dc47935",1,1,NA,NA,1,NA,0.810576,1,1,0
"Dc03456","Dc48207",1,1,NA,NA,1,1,1,1,1,0
"Dc03456","Dc48950",1,1,NA,NA,0.334068,NA,1,1,1,0
"Dc03456","Dc49080",1,0.91542,1,NA,1,NA,1,1,0.44765,0
"Dc03456","Dc49184",1,1,NA,NA,1,NA,1,1,1,0
"Dc03456","Dc51020",1,1,NA,NA,1,NA,1,1,1,0
"Dc03456","Dc52523",1,0.327672,NA,NA,1,NA,1,1,1,0
"Dc03456","Dc55481",0.18193,1,NA,1,1,NA,1,1,1,0
"Dc03456","Dc58248",1,1,NA,0.344832,1,NA,0.84484,NA,1,0
"Dc03456","Dc62188",1,1,NA,1,1,1,1,NA,1,0
"Dc03456","Dc67011",1,1,1,1,1,NA,0.712026,NA,1,0
"Dc03456","locus003",1,1,NA,1,1,NA,1,NA,1,0
"Dc03456","locus004",0.9048,1,NA,1,0.856776,NA,1,NA,1,0
"Dc03456","locus005",1,1,1,1,1,NA,1,NA,0.435512,0
"Dc03456","locus006",1,1,NA,1,1,NA,1,NA,1,0
"Dc03456","locus008",0.349986,0.4834,NA,1,0.357036,1,0.4834,NA,1,0
"Dc03456","locus013",1,1,NA,1,1,NA,1,NA,1,0
"Dc03456","locus022",0.502376,1,1,1,1,NA,1,NA,1,0
"Dc03456","locus024",1,1,NA,1,1,1,1,NA,0.405678,0
"Dc03456","locus025",1,1,NA,1,1,NA,0.935088,NA,1,0
"Dc03456","locus027",0.274086,1,NA,NA,1,NA,NA,NA,NA,0
"Dc03456","locus030",1,1,NA,NA,1,NA,1,NA,1,0
"Dc03456","locus035",1,1,1,NA,1,1,1,NA,1,0
"Dc03456","locus038",1,1,1,NA,1,NA,1,NA,1,0
"Dc03456","locus039",1,1,NA,NA,1,NA,1,NA,1,0
"Dc03456","locus040",1,1,NA,NA,1,NA,1,NA,1,0
"Dc03456","locus041",1,1,NA,NA,1,NA,1,NA,1,0
"Dc03456","locus045",1,0.37077,NA,NA,1,NA,1,NA,1,0
"Dc03456","locus047",0.220952,1,NA,NA,1,NA,1,NA,0.10199,0
"Dc03456","locus048",0.44034,1,NA,NA,1,NA,1,NA,1,0
"Dc03456","locus053",1,1,NA,NA,1,NA,1,NA,1,0
"Dc03456","locus055",1,1,NA,NA,1,NA,1,NA,1,0
"Dc03456","locus056",1,1,1,1,1,NA,0.869708,NA,1,0
"Dc03456","locus058",1,1,1,1,1,NA,1,NA,1,0
"Dc03456","locus060",1,1,NA,1,1,NA,1,NA,1,0
"Dc03456","locus061",1,NA,NA,NA,1,NA,1,NA,1,0
"Dc03456","locus062",1,1,NA,1,1,NA,1,NA,1,0
"Dc03456","locus064",1,1,NA,1,1,NA,0.131808,NA,1,0
"Dc03456","locus065",1,1,NA,0.856476,1,NA,1,NA,0.99726,0
"Dc03456","locus073",0.216048,1,NA,1,1,NA,0.65844,NA,1,0
"Dc03456","locus074",1,1,1,1,1,NA,1,NA,1,0
"Dc03456","locus076",0.561656,1,NA,NA,1,NA,0.51655,NA,1,0
"Dc03456","locus077",1,1,NA,1,1,NA,1,NA,1,0
"Dc03456","locus080",0.42624,0.0793,NA,NA,0.65783,NA,0.399942,NA,0.317616,0
"Dc03456","locus083",1,NA,NA,NA,1,NA,1,NA,1,0
"Dc03456","locus088",1,1,NA,NA,1,NA,1,NA,1,0
"Dc03456","locus093",0.509676,1,1,NA,1,NA,1,NA,1,0
"Dc03456","locus096",1,1,1,NA,1,NA,1,NA,1,0
"Dc03456","locus098",1,1,NA,NA,1,1,1,NA,1,0
"Dc03456","locus100",0.61458,1,0.999366,NA,0.91468,NA,0.61458,NA,1,0
"Dc03456","locus106",1,1,NA,NA,1,NA,1,NA,1,0
"Dc03456","locus116",1,1,NA,NA,1,NA,1,NA,1,0
"Dc03456","locus119",1,1,NA,NA,1,NA,1,NA,1,0
"Dc03456","locus120",0.745144,0.227208,NA,NA,0.71834,0.845106,0.845106,NA,0.845106,0
"Dc03456","locus128",1,1,NA,1,1,NA,1,NA,1,0
"Dc03456","locus129",1,1,NA,1,1,NA,0.777216,NA,1,0
"Dc03456","locus130",0.764712,NA,NA,NA,1,NA,0.661776,NA,1,0
"Dc03456","locus134",1,1,NA,NA,0.689856,1,1,NA,1,0
"Dc03456","locus135",1,0.936324,NA,1,1,NA,1,NA,1,0
"Dc03456","locus137",0.533088,1,NA,1,1,NA,1,NA,1,0
"Dc03456","locus139",0.72307,1,NA,1,1,NA,0.280056,NA,1,0
"Dc03456","locus140",0.73629,1,NA,1,1,NA,0.284532,NA,1,0
"Dc03456","locus146",1,1,NA,1,1,NA,1,NA,0.454572,0
"Dc03456","locus148",0.641916,0.90248,NA,1,1,NA,0.85294,NA,1,0
"Dc03456","locus151",1,NA,1,1,1,1,1,NA,1,0
"Dc03456","locus161",1,1,NA,1,1,NA,1,NA,1,0
"Dc03456","locus165",1,0.48625,NA,NA,1,NA,1,NA,1,0
"Dc03456","locus170",1,1,1,1,1,NA,1,NA,1,0
"Dc03456","locus176",1,NA,NA,NA,1,1,1,NA,1,0
"Dc03456","locus184",1,1,1,1,1,NA,1,NA,1,0
"Dc03456","locus186",1,0.127992,NA,1,1,NA,1,NA,1,0
"Dc03456","locus188",1,1,NA,NA,1,NA,1,NA,1,0
"Dc03456","locus189",1,1,NA,1,1,NA,1,0.799106,1,0
"Dc03456","locus190",1,1,NA,NA,1,NA,1,1,1,0
"Dc03456","locus191",1,NA,NA,NA,0.58159,NA,1,0.58159,0.626178,0
"Dc03456","locus192",1,1,NA,NA,1,NA,1,1,1,0
"Dc03456","locus195",1,1,NA,NA,1,NA,1,1,1,0
"Dc03456","locus202",1,1,1,NA,1,NA,1,1,1,0
"Dc03456","locus215",1,NA,NA,NA,1,NA,0.966592,1,0.20152,0
"Dc03456","locus227",1,1,1,NA,1,NA,1,1,1,0
"Dc03456","locus231",1,1,NA,NA,1,NA,1,NA,0.43451,0
"Dc03456","locus235",1,1,NA,NA,1,NA,1,1,1,0
"Dc03456","locus236",1,1,NA,NA,1,NA,1,1,1,0
"Dc03456","locus237",0.84443,0.251844,NA,NA,1,NA,1,1,1,0
"Dc03456","locus239",1,1,NA,NA,1,NA,1,0.73746,1,0
"Dc03456","locus248",1,1,NA,NA,1,NA,1,1,1,0
"Dc03456","locus256",0.745296,1,NA,NA,1,NA,1,1,1,0
"Dc03456","locus263",0.67821,0.67821,NA,NA,1,NA,1,NA,1,0
"Dc03456","locus264",1,0.71971,NA,NA,1,NA,0.71971,NA,1,0
"Dc03456","locus274",1,0.49183,NA,NA,1,NA,1,NA,1,0
"Dc03456","locus280",1,1,NA,NA,1,NA,1,NA,1,0
"Dc03456","locus282",1,1,NA,NA,1,NA,1,NA,1,0
"Dc03456","locus286",1,1,NA,NA,1,NA,0.63636,NA,1,0
"Dc03456","locus291",1,1,NA,NA,1,NA,1,NA,1,0
"Dc03456","locus292",1,0.62216,NA,NA,1,NA,1,NA,1,0
"Dc03456","locus296",1,1,NA,NA,1,NA,1,NA,1,0
"Dc03456","locus301",1,1,1,NA,1,NA,1,NA,1,0
"Dc03456","locus314",1,1,NA,NA,1,NA,1,NA,1,0
"Dc03456","locus321",0.347892,0.711044,NA,NA,0.227864,NA,0.711044,NA,0.21141,0
"Dc03456","locus322",1,1,NA,NA,1,1,1,NA,1,0
"Dc03456","locus329",1,1,NA,NA,1,1,1,NA,1,0
"Dc03456","locus332",1,1,NA,NA,1,NA,1,NA,1,0
"Dc03456","locus358",1,1,NA,NA,1,NA,1,NA,1,0
"Dc03456","locus359",1,1,NA,NA,1,NA,1,NA,1,0
"Dc03456","locus360",1,1,1,NA,1,NA,1,NA,1,0
"Dc03556","Dc06503",1,1,NA,NA,1,NA,1,NA,1,0
"Dc03556","Dc07300",1,1,NA,NA,1,NA,1,1,1,0
"Dc03556","Dc07937",1,1,NA,NA,1,NA,0.111492,1,1,0
"Dc03556","Dc08189",1,0.57198,NA,NA,1,NA,1,1,1,0
"Dc03556","Dc08463",1,1,NA,NA,1,NA,1,1,1,0
"Dc03556","Dc08865",0.39108,1,NA,NA,1,NA,1,1,1,0
"Dc03556","Dc10003",1,NA,NA,NA,1,NA,1,1,NA,0
"Dc03556","Dc10390",0.664164,1,NA,NA,1,NA,1,1,1,0
"Dc03556","Dc10878",1,1,NA,NA,1,NA,1,NA,1,0
"Dc03556","Dc10885",1,1,NA,NA,1,NA,1,1,0.165048,0
"Dc03556","Dc11203",1,1,NA,NA,1,NA,1,1,1,0
"Dc03556","Dc11714",1,0.901548,NA,NA,1,NA,1,1,1,0
"Dc03556","Dc13159",0.221892,1,NA,NA,1,NA,1,1,1,0
"Dc03556","Dc13592",0.758288,0.26376,NA,NA,1,NA,0.41344,1,1,0
"Dc03556","Dc14022",1,1,NA,NA,1,NA,1,1,1,0
"Dc03556","Dc14945",0.22815,0.267512,NA,NA,1,NA,0.074928,1,0.267512,0
"Dc03556","Dc16747",1,0.871032,NA,NA,1,NA,1,1,1,0
"Dc03556","Dc18951",1,1,NA,NA,1,NA,1,1,1,0
"Dc03556","Dc20232",0.74172,1,NA,NA,1,1,1,1,1,0
"Dc03556","Dc22883",1,1,NA,NA,1,NA,1,NA,1,0
"Dc03556","Dc22887",1,1,NA,NA,1,NA,1,1,1,0
"Dc03556","Dc27955",1,1,NA,1,1,1,1,NA,1,0
"Dc03556","Dc28124",0.248292,1,NA,NA,1,NA,0.93906,1,1,0
"Dc03556","Dc28776",0.962576,0.826104,NA,NA,1,NA,1,0.826104,0.962576,0
"Dc03556","Dc30071",1,1,NA,NA,1,NA,1,1,1,0
"Dc03556","Dc33714",1,1,NA,NA,1,1,1,1,1,0
"Dc03556","Dc33907",1,1,NA,NA,1,NA,1,0.399192,1,0
"Dc03556","Dc34902",1,1,NA,NA,1,NA,1,1,0.800328,0
"Dc03556","Dc35779",1,1,NA,NA,1,1,1,1,1,0
"Dc03556","Dc36571",1,1,1,NA,1,NA,1,1,1,0
"Dc03556","Dc36616",0.376418,1,NA,NA,0.857352,1,1,1,1,0
"Dc03556","Dc40235",1,1,NA,NA,0.861168,NA,1,0.861168,1,0
"Dc03556","Dc41234",1,0.599712,NA,NA,1,NA,NA,NA,1,0
"Dc03556","Dc46984",1,1,NA,NA,1,NA,1,1,1,0
"Dc03556","Dc47572",1,0.896208,NA,NA,1,NA,0.862836,0.862836,1,0
"Dc03556","Dc47935",1,1,1,NA,1,1,1,1,0.246304,0
"Dc03556","Dc48207",1,1,NA,NA,1,1,1,1,1,0
"Dc03556","Dc48950",1,1,NA,NA,1,NA,1,1,1,0
"Dc03556","Dc49080",1,1,1,NA,1,NA,1,1,1,0
"Dc03556","Dc49184",1,1,NA,NA,1,NA,0.2484,1,1,0
"Dc03556","Dc51020",1,1,NA,NA,1,NA,1,1,1,0
"Dc03556","Dc52523",0.497916,1,NA,NA,1,NA,1,1,1,0
"Dc03556","Dc55481",1,1,NA,1,1,NA,1,1,1,0
"Dc03556","Dc58248",1,1,NA,1,1,NA,1,NA,1,0
"Dc03556","Dc62188",1,0.75342,NA,1,1,NA,1,NA,1,0
"Dc03556","Dc67011",1,1,1,1,1,NA,1,NA,1,0
"Dc03556","locus003",1,1,NA,1,1,NA,1,NA,1,0
"Dc03556","locus004",1,1,NA,1,1,NA,1,NA,1,0
"Dc03556","locus005",1,1,1,1,1,NA,0.902118,NA,1,0
"Dc03556","locus006",0.92868,0.473556,NA,1,1,NA,0.91016,NA,1,0
"Dc03556","locus008",1,0.05985,NA,1,1,1,1,NA,1,0
"Dc03556","locus013",1,1,NA,0.733476,1,NA,1,NA,1,0
"Dc03556","locus014",0.809556,1,NA,1,1,NA,1,NA,1,0
"Dc03556","locus022",1,0.895762,1,1,1,NA,1,NA,0.895762,0
"Dc03556","locus024",1,1,NA,1,1,1,0.818944,NA,1,0
"Dc03556","locus025",1,0.175092,NA,1,1,NA,1,NA,1,0
"Dc03556","locus027",1,1,NA,NA,1,NA,NA,NA,NA,0
"Dc03556","locus030",1,1,NA,NA,1,NA,1,NA,1,0
"Dc03556","locus035",1,1,1,NA,1,1,1,NA,1,0
"Dc03556","locus038",1,0.409488,1,NA,1,NA,1,NA,1,0
"Dc03556","locus039",0.93609,1,NA,NA,1,NA,1,NA,1,0
"Dc03556","locus040",1,1,NA,NA,1,NA,1,NA,0.45486,0
"Dc03556","locus045",0.87519,1,NA,NA,1,NA,1,NA,1,0
"Dc03556","locus047",1,0.857736,NA,NA,1,NA,0.41475,NA,1,0
"Dc03556","locus048",0.332688,0.332688,NA,NA,1,NA,0.17512,NA,1,0
"Dc03556","locus053",1,1,NA,NA,1,NA,1,NA,0.85608,0
"Dc03556","locus055",1,1,NA,NA,1,NA,1,NA,1,0
"Dc03556","locus056",1,1,1,1,1,NA,1,NA,1,0
"Dc03556","locus058",1,0.685328,1,1,1,NA,1,NA,1,0
"Dc03556","locus060",0.62468,0.62468,NA,0.62468,1,NA,0.212544,NA,1,0
"Dc03556","locus061",1,NA,NA,NA,1,NA,1,NA,1,0
"Dc03556","locus062",1,1,NA,1,1,NA,1,NA,1,0
"Dc03556","locus064",1,1,NA,1,1,NA,1,NA,1,0
"Dc03556","locus065",1,1,NA,1,1,NA,1,NA,1,0
"Dc03556","locus073",1,1,NA,0.98654,0.600816,NA,1,NA,1,0
"Dc03556","locus074",1,1,1,1,1,NA,1,NA,1,0
"Dc03556","locus076",0.67393,1,NA,NA,1,NA,1,NA,1,0
"Dc03556","locus077",1,1,NA,1,1,NA,0.160668,NA,1,0
"Dc03556","locus080",0.87426,1,NA,NA,1,NA,0.937952,NA,1,0
"Dc03556","locus083",1,NA,NA,NA,0.67064,NA,1,NA,1,0
"Dc03556","locus088",1,0.560968,NA,NA,1,NA,0.39822,NA,1,0
"Dc03556","locus093",1,1,1,NA,1,NA,0.826884,NA,1,0
"Dc03556","locus098",1,1,NA,NA,1,1,1,NA,1,0
"Dc03556","locus100",1,0.917028,1,NA,1,NA,1,NA,1,0
"Dc03556","locus106",0.16439,0.44628,NA,NA,1,NA,0.588246,NA,1,0
"Dc03556","locus116",1,1,NA,NA,1,NA,1,NA,1,0
"Dc03556","locus119",0.82548,0.39253,NA,NA,1,NA,1,NA,1,0
"Dc03556","locus120",1,1,NA,NA,1,1,1,NA,1,0
"Dc03556","locus128",1,0.416628,NA,1,0.5672,NA,1,NA,1,0
"Dc03556","locus129",1,1,NA,1,1,NA,1,NA,1,0
"Dc03556","locus130",1,NA,NA,NA,1,NA,1,NA,1,0
"Dc03556","locus134",1,1,NA,NA,1,1,1,NA,0.9279,0
"Dc03556","locus135",1,0.400524,NA,1,1,NA,1,NA,1,0
"Dc03556","locus137",1,0.810564,NA,1,1,NA,1,NA,0.94008,0
"Dc03556","locus139",1,0.308088,NA,0.583104,1,NA,0.3263,NA,0.598374,0
"Dc03556","locus140",1,0.312348,NA,0.577488,1,NA,0.3155,NA,0.603366,0
"Dc03556","locus146",1,1,NA,1,1,NA,1,NA,1,0
"Dc03556","locus148",1,1,NA,0.286824,1,NA,1,NA,1,0
"Dc03556","locus151",1,NA,1,1,1,1,0.121394,NA,0.54072,0
"Dc03556","locus157",1,NA,NA,NA,1,NA,1,NA,1,0
"Dc03556","locus161",1,1,NA,1,0.70659,NA,0.28044,NA,1,0
"Dc03556","locus165",1,1,NA,NA,0.33478,NA,1,NA,1,0
"Dc03556","locus170",1,1,1,1,1,NA,1,NA,1,0
"Dc03556","locus176",0.2677,NA,NA,NA,0.671694,1,0.2677,NA,0.671694,0
"Dc03556","locus184",1,1,1,1,1,NA,1,NA,1,0
"Dc03556","locus186",1,1,NA,1,1,NA,1,NA,1,0
"Dc03556","locus189",1,1,NA,1,1,NA,1,1,1,0
"Dc03556","locus190",1,1,NA,NA,1,1,1,1,1,0
"Dc03556","locus191",1,NA,NA,NA,1,NA,1,1,1,0
"Dc03556","locus192",1,1,NA,NA,1,NA,1,1,1,0
"Dc03556","locus195",1,1,NA,NA,1,NA,0.084828,1,1,0
"Dc03556","locus202",0.531566,1,1,NA,1,NA,1,0.860508,1,0
"Dc03556","locus215",0.08956,NA,NA,NA,1,NA,1,1,1,0
"Dc03556","locus227",1,1,1,NA,1,NA,1,1,1,0
"Dc03556","locus231",1,1,NA,NA,1,NA,1,NA,1,0
"Dc03556","locus235",1,1,NA,NA,1,NA,1,1,1,0
"Dc03556","locus236",0.909224,0.21084,NA,NA,0.909224,NA,1,1,0.63636,0
"Dc03556","locus237",0.960432,1,NA,NA,0.687576,NA,1,1,0.87031,0
"Dc03556","locus239",0.462432,1,NA,NA,1,NA,1,1,1,0
"Dc03556","locus248",0.792228,1,NA,NA,1,NA,0.792228,1,1,0
"Dc03556","locus256",1,1,NA,NA,1,NA,1,1,1,0
"Dc03556","locus263",1,1,NA,NA,1,NA,1,NA,1,0
"Dc03556","locus274",1,1,NA,NA,1,NA,1,NA,0.99918,0
"Dc03556","locus280",1,1,NA,NA,1,NA,1,NA,1,0
"Dc03556","locus282",0.11452,0.70803,NA,NA,0.451512,NA,0.70803,NA,0.70803,0
"Dc03556","locus286",1,1,NA,NA,0.7137,NA,1,NA,1,0
"Dc03556","locus291",1,1,NA,NA,1,NA,0.10043,NA,1,0
"Dc03556","locus292",1,0.94886,NA,NA,1,NA,1,NA,1,0
"Dc03556","locus296",1,0.459414,NA,NA,1,NA,0.121672,NA,0.11394,0
"Dc03556","locus301",1,1,1,NA,1,NA,1,NA,1,0
"Dc03556","locus314",0.54877,1,NA,NA,1,NA,1,NA,1,0
"Dc03556","locus321",0.88798,1,NA,NA,1,NA,1,NA,1,0
"Dc03556","locus322",1,1,NA,NA,1,1,1,NA,1,0
"Dc03556","locus323",1,1,NA,NA,1,NA,1,NA,1,0
"Dc03556","locus329",1,1,NA,NA,1,NA,1,NA,1,0
"Dc03556","locus332",1,1,NA,NA,1,NA,1,NA,1,0
"Dc03556","locus358",1,1,NA,NA,1,NA,1,NA,0.94567,0
"Dc03556","locus359",1,1,NA,NA,1,NA,1,NA,1,0
"Dc03556","locus360",1,1,NA,NA,1,NA,1,NA,1,0
"Dc06503","Dc07300",0.15426,1,NA,NA,1,NA,0.918792,NA,1,0
"Dc06503","Dc07937",1,0.32537,NA,NA,1,NA,0.685856,NA,1,0
"Dc06503","Dc08054",1,1,NA,NA,1,NA,1,NA,1,0
"Dc06503","Dc08189",1,1,NA,NA,1,NA,1,NA,0.62482,0
"Dc06503","Dc08463",1,0.993632,NA,NA,0.70835,NA,1,NA,1,0
"Dc06503","Dc08865",1,0.45108,NA,NA,1,NA,1,NA,1,0
"Dc06503","Dc10003",1,NA,NA,NA,1,NA,1,NA,NA,0
"Dc06503","Dc10390",1,1,NA,NA,1,NA,1,NA,1,0
"Dc06503","Dc10878",1,1,NA,NA,1,NA,1,NA,1,0
"Dc06503","Dc10885",1,1,NA,NA,1,NA,0.47353,NA,1,0
"Dc06503","Dc11203",1,1,NA,NA,1,NA,1,NA,1,0
"Dc06503","Dc11714",1,1,NA,NA,1,NA,0.47137,NA,1,0
"Dc06503","Dc13159",1,1,NA,NA,1,NA,0.34348,NA,1,0
"Dc06503","Dc13592",0.64046,1,NA,NA,1,NA,1,NA,1,0
"Dc06503","Dc14022",1,1,NA,NA,0.71033,NA,1,NA,1,0
"Dc06503","Dc14945",1,1,NA,NA,1,NA,1,NA,1,0
"Dc06503","Dc16747",0.85556,1,NA,NA,1,NA,1,NA,1,0
"Dc06503","Dc18951",1,1,NA,NA,1,NA,1,NA,0.62847,0
"Dc06503","Dc20232",0.44616,1,NA,NA,1,NA,1,NA,1,0
"Dc06503","Dc22883",1,1,NA,NA,1,NA,1,NA,1,0
"Dc06503","Dc22887",1,1,NA,NA,1,NA,1,NA,1,0
"Dc06503","Dc27955",1,1,NA,NA,1,NA,0.05726,NA,1,0
"Dc06503","Dc28124",1,1,NA,NA,0.577128,NA,0.28789,NA,1,0
"Dc06503","Dc28776",1,1,NA,NA,1,NA,1,NA,1,0
"Dc06503","Dc30071",0.16136,1,NA,NA,1,NA,1,NA,1,0
"Dc06503","Dc31007",0.072776,NA,NA,NA,1,NA,1,NA,1,0
"Dc06503","Dc33714",0.686424,1,NA,NA,0.62407,NA,1,NA,0.62407,0
"Dc06503","Dc33907",1,1,NA,NA,1,NA,1,NA,1,0
"Dc06503","Dc34902",1,1,NA,NA,1,NA,0.99165,NA,1,0
"Dc06503","Dc36571",1,1,1,NA,1,NA,1,NA,1,0
"Dc06503","Dc36616",1,1,NA,NA,1,NA,1,NA,1,0
"Dc06503","Dc40235",1,0.989128,NA,NA,1,NA,0.59372,NA,1,0
"Dc06503","Dc41234",0.18222,1,1,NA,1,NA,NA,NA,1,0
"Dc06503","Dc46984",0.43462,0.452432,NA,NA,1,NA,0.696748,NA,0.452432,0
"Dc06503","Dc47572",1,1,NA,NA,0.70916,NA,1,NA,1,0
"Dc06503","Dc47935",0.34866,1,NA,NA,1,NA,1,NA,1,0
"Dc06503","Dc48207",1,1,NA,NA,1,NA,1,NA,1,0
"Dc06503","Dc48950",0.969248,0.14201,NA,NA,1,NA,1,NA,1,0
"Dc06503","Dc49080",1,1,1,NA,1,NA,1,NA,1,0
"Dc06503","Dc49184",1,0.29182,NA,NA,1,NA,1,NA,1,0
"Dc06503","Dc51020",1,1,NA,NA,1,NA,1,NA,1,0
"Dc06503","Dc52523",1,1,NA,NA,1,NA,1,NA,1,0
"Dc06503","Dc55481",1,1,NA,NA,1,NA,1,NA,1,0
"Dc06503","Dc58248",0.11672,1,NA,NA,1,NA,1,NA,1,0
"Dc06503","Dc67011",1,1,1,NA,1,NA,1,NA,1,0
"Dc06503","locus003",1,1,NA,NA,1,NA,1,NA,1,0
"Dc06503","locus004",1,1,NA,NA,1,NA,1,NA,1,0
"Dc06503","locus005",0.469944,0.469944,1,NA,1,NA,1,NA,1,0
"Dc06503","locus006",1,1,NA,NA,1,NA,1,NA,0.62811,0
"Dc06503","locus008",1,1,NA,NA,1,NA,1,NA,1,0
"Dc06503","locus013",1,1,NA,NA,1,NA,1,NA,1,0
"Dc06503","locus014",1,1,NA,NA,1,NA,1,NA,1,0
"Dc06503","locus022",1,0.946624,1,NA,1,NA,0.755868,NA,0.755868,0
"Dc06503","locus024",1,1,NA,NA,1,NA,0.50717,NA,1,0
"Dc06503","locus025",1,1,NA,NA,1,NA,1,NA,1,0
"Dc06503","locus027",1,0.389622,NA,NA,0.389622,NA,NA,NA,NA,0
"Dc06503","locus030",1,1,NA,NA,1,NA,1,NA,1,0
"Dc06503","locus035",1,1,1,NA,1,NA,1,NA,1,0
"Dc06503","locus038",0.92786,0.06192,1,NA,1,NA,0.92786,NA,1,0
"Dc06503","locus039",1,1,NA,NA,1,NA,1,NA,1,0
"Dc06503","locus040",0.36035,1,NA,NA,1,NA,0.395744,NA,1,0
"Dc06503","locus045",1,1,NA,NA,1,NA,1,NA,1,0
"Dc06503","locus047",1,1,NA,NA,1,NA,1,NA,1,0
"Dc06503","locus048",1,1,NA,NA,1,NA,0.55602,NA,1,0
"Dc06503","locus053",0.57366,1,NA,NA,1,NA,0.836408,NA,1,0
"Dc06503","locus055",1,1,NA,NA,1,NA,0.23167,NA,0.500544,0
"Dc06503","locus056",1,1,1,NA,1,NA,1,NA,1,0
"Dc06503","locus058",1,1,1,NA,1,NA,1,NA,1,0
"Dc06503","locus060",1,1,NA,NA,1,NA,1,NA,1,0
"Dc06503","locus061",1,NA,NA,NA,1,NA,0.60064,NA,0.86169,0
"Dc06503","locus062",1,1,NA,NA,1,NA,0.37227,NA,0.500424,0
"Dc06503","locus064",1,1,NA,NA,1,NA,1,NA,1,0
"Dc06503","locus065",1,1,NA,NA,1,NA,0.44919,NA,1,0
"Dc06503","locus073",0.19399,1,NA,NA,1,NA,1,NA,1,0
"Dc06503","locus074",1,1,1,NA,1,NA,1,NA,1,0
"Dc06503","locus076",1,0.86067,NA,NA,1,NA,1,NA,1,0
"Dc06503","locus077",1,1,NA,NA,1,NA,0.65943,NA,1,0
"Dc06503","locus080",1,1,NA,NA,1,NA,0.93949,NA,1,0
"Dc06503","locus083",1,NA,NA,NA,1,NA,1,NA,1,0
"Dc06503","locus088",0.28545,1,NA,NA,1,NA,1,NA,1,0
"Dc06503","locus093",1,1,1,NA,1,NA,1,NA,0.752988,0
"Dc06503","locus096",1,1,1,NA,1,NA,1,NA,1,0
"Dc06503","locus098",1,0.51967,NA,NA,1,NA,0.51967,NA,1,0
"Dc06503","locus100",1,1,1,NA,1,NA,1,NA,1,0
"Dc06503","locus106",1,1,NA,NA,1,NA,0.58861,NA,1,0
"Dc06503","locus116",1,0.97342,NA,NA,1,NA,1,NA,1,0
"Dc06503","locus119",1,1,NA,NA,1,NA,1,NA,1,0
"Dc06503","locus120",1,1,NA,NA,1,NA,1,NA,1,0
"Dc06503","locus128",1,0.963168,NA,NA,1,NA,0.32142,NA,1,0
"Dc06503","locus129",1,1,NA,NA,1,NA,0.88403,NA,1,0
"Dc06503","locus130",0.818616,NA,NA,NA,0.909732,NA,0.909732,NA,1,0
"Dc06503","locus134",0.95629,1,NA,NA,1,NA,1,NA,1,0
"Dc06503","locus135",1,1,NA,NA,1,NA,0.08933,NA,1,0
"Dc06503","locus137",1,1,NA,NA,1,NA,0.24494,NA,0.99708,0
"Dc06503","locus139",1,1,NA,NA,1,NA,1,NA,1,0
"Dc06503","locus140",1,1,NA,NA,1,NA,1,NA,1,0
"Dc06503","locus146",0.585808,1,NA,NA,1,NA,0.51298,NA,1,0
"Dc06503","locus148",1,0.2108,NA,NA,1,NA,1,NA,0.999552,0
"Dc06503","locus151",1,NA,1,NA,1,NA,1,NA,1,0
"Dc06503","locus157",1,NA,NA,NA,1,NA,1,NA,0.498872,0
"Dc06503","locus161",1,1,NA,NA,1,NA,1,NA,1,0
"Dc06503","locus165",1,1,NA,NA,1,NA,1,NA,1,0
"Dc06503","locus170",1,1,1,NA,1,NA,1,NA,1,0
"Dc06503","locus176",1,NA,NA,NA,1,NA,1,NA,1,0
"Dc06503","locus184",0.508356,1,1,NA,1,NA,1,NA,1,0
"Dc06503","locus186",0.4382,0.640248,NA,NA,1,NA,1,NA,1,0
"Dc06503","locus188",1,1,NA,NA,1,NA,1,NA,1,0
"Dc06503","locus189",1,1,NA,NA,1,NA,1,NA,1,0
"Dc06503","locus190",1,1,NA,NA,1,NA,1,NA,1,0
"Dc06503","locus191",1,NA,NA,NA,1,NA,1,NA,1,0
"Dc06503","locus192",1,1,NA,NA,1,NA,1,NA,1,0
"Dc06503","locus195",1,1,NA,NA,1,NA,1,NA,1,0
"Dc06503","locus202",1,1,1,NA,1,NA,1,NA,1,0
"Dc06503","locus215",1,NA,1,NA,0.70209,NA,1,NA,1,0
"Dc06503","locus227",1,1,1,NA,1,NA,1,NA,1,0
"Dc06503","locus231",1,1,NA,NA,1,NA,1,NA,1,0
"Dc06503","locus235",1,1,NA,NA,1,NA,1,NA,1,0
"Dc06503","locus236",1,0.41844,NA,NA,1,NA,1,NA,1,0
"Dc06503","locus237",1,0.958984,NA,NA,1,NA,1,NA,0.62607,0
"Dc06503","locus239",0.52213,1,NA,NA,1,NA,1,NA,1,0
"Dc06503","locus248",1,1,NA,NA,1,NA,1,NA,1,0
"Dc06503","locus256",1,1,NA,NA,1,NA,1,NA,1,0
"Dc06503","locus263",1,1,NA,NA,0.71748,NA,1,NA,1,0
"Dc06503","locus264",1,0.5418,NA,NA,1,NA,0.5418,NA,1,0
"Dc06503","locus274",1,0.41688,NA,NA,1,NA,1,NA,1,0
"Dc06503","locus280",1,0.20632,NA,NA,1,NA,1,NA,1,0
"Dc06503","locus282",0.58955,1,NA,NA,1,NA,0.613896,NA,1,0
"Dc06503","locus286",1,1,NA,NA,1,NA,1,NA,1,0
"Dc06503","locus291",1,1,NA,NA,1,NA,1,NA,1,0
"Dc06503","locus292",1,1,NA,NA,1,NA,1,NA,1,0
"Dc06503","locus296",1,1,NA,NA,1,NA,1,NA,1,0
"Dc06503","locus301",1,0.05942,NA,NA,1,NA,1,NA,1,0
"Dc06503","locus314",1,1,NA,NA,1,NA,1,NA,1,0
"Dc06503","locus321",1,1,NA,NA,1,NA,1,NA,1,0
"Dc06503","locus322",1,0.42473,NA,NA,1,NA,0.59976,NA,1,0
"Dc06503","locus323",1,0.77377,NA,NA,1,NA,1,NA,1,0
"Dc06503","locus329",1,1,NA,NA,1,NA,1,NA,1,0
"Dc06503","locus332",0.71091,1,NA,NA,1,NA,1,NA,1,0
"Dc06503","locus358",1,1,NA,NA,1,NA,0.89004,NA,1,0
"Dc06503","locus359",1,1,NA,NA,1,NA,0.39653,NA,1,0
"Dc06503","locus360",1,0.22326,NA,NA,0.567008,NA,1,NA,1,0
"Dc07300","Dc07937",1,1,NA,NA,0.358092,NA,1,1,1,0
"Dc07300","Dc08054",1,1,NA,NA,0.99539,NA,1,1,0.98322,0
"Dc07300","Dc08189",1,1,NA,NA,1,NA,1,1,1,0
"Dc07300","Dc08463",1,1,NA,NA,1,NA,1,1,1,0
"Dc07300","Dc08865",1,1,NA,NA,0.161724,NA,1,1,1,0
"Dc07300","Dc10003",1,NA,1,NA,1,NA,1,1,NA,0
"Dc07300","Dc10390",1,1,NA,NA,1,NA,0.640512,1,1,0
"Dc07300","Dc10878",0.29431,1,NA,NA,1,NA,1,NA,0.8644,0
"Dc07300","Dc10885",1,1,1,NA,1,NA,1,1,0.4417,0
"Dc07300","Dc11203",1,1,NA,NA,1,NA,1,1,1,0
"Dc07300","Dc11714",1,1,NA,NA,1,NA,1,1,0.589248,0
"Dc07300","Dc13159",1,1,NA,NA,1,NA,1,1,1,0
"Dc07300","Dc13592",1,1,NA,NA,0.690252,NA,0.690252,1,0.690252,0
"Dc07300","Dc14022",1,1,NA,NA,1,NA,1,1,1,0
"Dc07300","Dc14945",1,1,NA,NA,1,NA,0.667668,1,1,0
"Dc07300","Dc16747",1,1,NA,NA,1,NA,1,1,1,0
"Dc07300","Dc18951",0.265464,1,NA,NA,1,NA,1,1,1,0
"Dc07300","Dc20232",1,1,NA,NA,1,1,1,1,1,0
"Dc07300","Dc22883",1,1,NA,NA,1,NA,0.85237,NA,1,0
"Dc07300","Dc22887",1,1,NA,NA,1,NA,1,1,1,0
"Dc07300","Dc27955",0.54062,1,NA,1,0.907584,NA,0.311616,NA,1,0
"Dc07300","Dc28124",0.084504,1,NA,NA,1,NA,1,1,1,0
"Dc07300","Dc28776",1,1,NA,NA,1,NA,1,1,1,0
"Dc07300","Dc30071",1,1,NA,NA,1,NA,1,1,1,0
"Dc07300","Dc31007",1,NA,NA,NA,1,NA,1,NA,1,0
"Dc07300","Dc33714",1,1,NA,NA,1,1,0.050064,1,1,0
"Dc07300","Dc33907",1,1,NA,NA,1,NA,1,1,1,0
"Dc07300","Dc34902",1,0.586116,NA,NA,1,NA,1,1,1,0
"Dc07300","Dc36571",1,1,NA,NA,1,NA,1,1,1,0
"Dc07300","Dc36616",1,1,NA,NA,1,1,0.721896,1,1,0
"Dc07300","Dc40235",1,1,NA,NA,1,NA,1,1,1,0
"Dc07300","Dc41234",1,1,NA,NA,1,NA,NA,NA,1,0
"Dc07300","Dc46984",1,1,NA,NA,1,NA,1,0.166524,1,0
"Dc07300","Dc47572",1,1,1,NA,1,NA,1,1,1,0
"Dc07300","Dc47935",1,1,NA,NA,1,NA,1,0.67842,1,0
"Dc07300","Dc48950",1,1,NA,NA,1,NA,1,1,1,0
"Dc07300","Dc49184",1,0.184596,NA,NA,1,NA,1,1,0.63088,0
"Dc07300","Dc51020",1,1,NA,NA,1,NA,1,1,1,0
"Dc07300","Dc52523",1,1,NA,NA,1,NA,1,1,1,0
"Dc07300","Dc55481",1,1,NA,1,1,NA,0.127554,1,1,0
"Dc07300","Dc62188",1,1,NA,1,1,NA,0.927708,NA,1,0
"Dc07300","Dc67011",1,1,NA,1,1,NA,0.597552,NA,1,0
"Dc07300","locus003",0.849612,0.849612,NA,1,1,NA,1,NA,1,0
"Dc07300","locus004",1,1,NA,1,1,NA,1,NA,1,0
"Dc07300","locus005",1,1,NA,1,1,NA,1,NA,1,0
"Dc07300","locus006",0.43716,0.9636,NA,1,1,NA,1,NA,1,0
"Dc07300","locus008",1,1,NA,1,1,1,1,NA,1,0
"Dc07300","locus013",1,1,NA,1,1,NA,0.57312,NA,1,0
"Dc07300","locus014",1,1,NA,1,1,NA,1,NA,1,0
"Dc07300","locus022",1,0.2925,NA,1,1,NA,1,NA,0.36622,0
"Dc07300","locus024",1,1,NA,1,1,1,1,NA,1,0
"Dc07300","locus027",0.777988,0.622194,NA,NA,0.887742,NA,NA,NA,NA,0
"Dc07300","locus030",1,1,NA,NA,1,NA,1,NA,1,0
"Dc07300","locus035",1,1,NA,NA,1,1,0.182856,NA,1,0
"Dc07300","locus038",0.554544,1,NA,NA,1,NA,1,NA,0.06446,0
"Dc07300","locus039",1,1,NA,NA,1,NA,1,NA,1,0
"Dc07300","locus040",1,1,NA,NA,1,NA,0.44615,NA,1,0
"Dc07300","locus041",1,1,NA,NA,1,NA,1,NA,1,0
"Dc07300","locus045",1,1,NA,NA,1,NA,0.34248,NA,1,0
"Dc07300","locus047",1,1,NA,NA,1,NA,1,NA,1,0
"Dc07300","locus048",1,1,NA,NA,1,NA,1,NA,0.17913,0
"Dc07300","locus053",0.50597,1,NA,NA,1,NA,1,NA,1,0
"Dc07300","locus056",0.666888,1,NA,1,1,NA,0.98562,NA,1,0
"Dc07300","locus058",1,1,NA,1,1,NA,0.48126,NA,1,0
"Dc07300","locus060",1,1,NA,1,0.56707,NA,0.856,NA,0.430236,0
"Dc07300","locus061",0.9292,NA,NA,NA,0.9292,NA,0.9292,NA,1,0
"Dc07300","locus062",1,0.28411,NA,1,1,NA,0.105,NA,1,0
"Dc07300","locus064",1,1,NA,1,1,NA,1,NA,1,0
"Dc07300","locus065",1,1,NA,1,1,NA,1,NA,1,0
"Dc07300","locus073",1,1,1,1,1,NA,1,NA,1,0
"Dc07300","locus074",1,0.760732,1,1,1,NA,1,NA,1,0
"Dc07300","locus076",1,1,NA,NA,1,NA,1,NA,1,0
"Dc07300","locus077",0.37434,1,NA,1,1,NA,1,NA,0.96198,0
"Dc07300","locus080",0.19294,1,NA,NA,1,NA,1,NA,1,0
"Dc07300","locus083",1,NA,NA,NA,1,NA,1,NA,1,0
"Dc07300","locus088",0.96616,1,NA,NA,1,NA,1,NA,1,0
"Dc07300","locus093",1,1,1,NA,1,NA,1,NA,1,0
"Dc07300","locus096",0.994284,1,1,NA,1,NA,1,NA,1,0
"Dc07300","locus098",1,1,NA,NA,1,1,0.919344,NA,1,0
"Dc07300","locus100",0.070692,0.55134,1,NA,1,NA,1,NA,1,0
"Dc07300","locus106",1,1,NA,NA,1,NA,0.10626,NA,1,0
"Dc07300","locus116",1,1,NA,NA,1,NA,1,NA,1,0
"Dc07300","locus119",1,0.59165,NA,NA,1,NA,1,NA,1,0
"Dc07300","locus120",1,1,NA,NA,1,1,1,NA,1,0
"Dc07300","locus128",0.351684,0.777576,1,1,0.138894,NA,1,NA,0.45448,0
"Dc07300","locus129",1,1,1,1,1,NA,0.190442,NA,1,0
"Dc07300","locus130",1,NA,NA,NA,1,NA,0.461688,NA,1,0
"Dc07300","locus134",1,0.290976,NA,NA,1,1,1,NA,0.88142,0
"Dc07300","locus135",1,1,NA,1,1,NA,1,NA,1,0
"Dc07300","locus137",1,0.583788,NA,1,1,NA,1,NA,1,0
"Dc07300","locus139",1,0.95202,NA,1,1,NA,1,NA,0.95202,0
"Dc07300","locus140",1,0.968412,NA,1,1,NA,1,NA,0.968412,0
"Dc07300","locus146",1,1,1,1,1,NA,0.907396,NA,1,0
"Dc07300","locus148",0.385956,1,NA,1,1,NA,0.385956,NA,1,0
"Dc07300","locus151",1,NA,NA,1,1,NA,1,NA,1,0
"Dc07300","locus157",0.59343,NA,NA,NA,1,NA,0.386496,NA,1,0
"Dc07300","locus161",1,1,NA,1,1,NA,0.941604,NA,1,0
"Dc07300","locus165",1,1,1,NA,1,NA,1,NA,1,0
"Dc07300","locus170",1,1,NA,1,1,NA,1,NA,1,0
"Dc07300","locus176",1,NA,NA,NA,1,1,1,NA,1,0
"Dc07300","locus184",0.252322,1,1,1,1,NA,0.9028,NA,0.283152,0
"Dc07300","locus186",0.864416,0.74833,NA,1,0.51306,NA,1,NA,1,0
"Dc07300","locus188",1,1,1,NA,1,NA,0.750324,NA,1,0
"Dc07300","locus189",1,1,NA,1,1,NA,0.657776,1,1,0
"Dc07300","locus190",1,1,NA,NA,1,NA,1,1,1,0
"Dc07300","locus191",1,NA,1,NA,1,NA,0.513888,1,1,0
"Dc07300","locus192",1,1,NA,NA,1,NA,1,1,0.294252,0
"Dc07300","locus195",1,1,NA,NA,1,NA,0.22536,1,1,0
"Dc07300","locus202",1,1,NA,NA,1,NA,0.25464,0.42303,1,0
"Dc07300","locus215",0.83877,NA,NA,NA,1,NA,1,1,1,0
"Dc07300","locus227",1,1,1,NA,1,1,0.13632,1,1,0
"Dc07300","locus231",1,1,NA,NA,1,NA,1,NA,1,0
"Dc07300","locus235",0.293004,1,NA,NA,1,NA,1,1,1,0
"Dc07300","locus236",1,1,NA,NA,1,NA,1,1,1,0
"Dc07300","locus239",1,1,NA,NA,1,NA,0.52831,1,0.058752,0
"Dc07300","locus248",1,1,NA,NA,1,NA,1,0.517932,1,0
"Dc07300","locus256",1,0.314608,1,NA,1,1,1,1,1,0
"Dc07300","locus264",1,1,NA,NA,1,NA,1,NA,1,0
"Dc07300","locus274",0.50841,1,NA,NA,1,NA,1,NA,1,0
"Dc07300","locus280",1,0.634952,NA,NA,0.13753,NA,0.634952,NA,1,0
"Dc07300","locus282",1,1,NA,NA,1,NA,0.37284,NA,1,0
"Dc07300","locus286",1,1,NA,NA,1,NA,1,NA,1,0
"Dc07300","locus291",1,1,NA,NA,1,1,1,NA,1,0
"Dc07300","locus292",1,0.46746,NA,NA,1,NA,1,NA,0.46746,0
"Dc07300","locus296",0.727072,0.60023,NA,NA,1,NA,1,NA,1,0
"Dc07300","locus301",0.76373,1,NA,NA,1,NA,0.832128,NA,1,0
"Dc07300","locus314",1,1,NA,NA,1,NA,1,NA,1,0
"Dc07300","locus321",1,1,NA,NA,1,NA,1,NA,1,0
"Dc07300","locus322",0.325512,1,NA,NA,1,1,0.325512,NA,1,0
"Dc07300","locus323",1,1,NA,NA,1,NA,1,NA,1,0
"Dc07300","locus329",1,0.68857,NA,NA,1,NA,1,NA,1,0
"Dc07300","locus332",1,0.59591,1,NA,1,NA,1,NA,0.395484,0
"Dc07300","locus358",1,1,NA,NA,1,NA,1,NA,0.46019,0
"Dc07300","locus360",1,1,NA,NA,1,1,1,NA,1,0
"Dc07937","Dc08054",1,1,NA,NA,1,NA,1,1,1,0
"Dc07937","Dc08189",1,1,NA,NA,1,NA,1,1,1,0
"Dc07937","Dc08865",0.38387,1,NA,NA,0.179064,NA,1,1,1,0
"Dc07937","Dc10003",1,NA,NA,NA,1,NA,1,1,NA,0
"Dc07937","Dc10390",1,1,NA,NA,1,NA,1,1,1,0
"Dc07937","Dc10878",1,1,NA,NA,1,NA,1,NA,1,0
"Dc07937","Dc10885",1,1,1,NA,1,NA,1,1,1,0
"Dc07937","Dc11203",1,0.93366,NA,NA,1,1,1,1,1,0
"Dc07937","Dc11714",1,1,NA,NA,1,NA,0.332664,1,1,0
"Dc07937","Dc13159",1,1,NA,NA,1,NA,1,1,1,0
"Dc07937","Dc13592",0.83986,1,NA,NA,0.908656,NA,0.53736,1,0.909654,0
"Dc07937","Dc14022",0.546768,1,NA,NA,1,NA,1,1,1,0
"Dc07937","Dc14945",1,1,NA,NA,1,NA,1,1,1,0
"Dc07937","Dc16747",1,0.67143,1,NA,1,NA,0.63126,1,0.63126,0
"Dc07937","Dc18951",0.322112,1,NA,NA,1,1,1,1,1,0
"Dc07937","Dc20232",1,1,NA,NA,1,1,1,1,1,0
"Dc07937","Dc22883",1,1,NA,NA,1,NA,0.6281,NA,1,0
"Dc07937","Dc22887",1,1,NA,NA,1,NA,1,1,0.535932,0
"Dc07937","Dc27955",1,1,NA,1,1,NA,1,NA,1,0
"Dc07937","Dc28124",1,1,NA,NA,1,NA,1,1,1,0
"Dc07937","Dc28776",1,1,NA,NA,1,NA,1,1,1,0
"Dc07937","Dc30071",0.43136,1,NA,NA,1,NA,1,1,0.08886,0
"Dc07937","Dc31007",1,NA,NA,NA,1,NA,1,NA,1,0
"Dc07937","Dc33714",1,1,NA,NA,1,NA,1,1,1,0
"Dc07937","Dc33907",0.91317,1,NA,NA,0.914592,NA,0.293004,1,1,0
"Dc07937","Dc34902",0.112656,1,NA,NA,1,NA,1,1,1,0
"Dc07937","Dc35779",0.55842,1,NA,NA,0.401828,1,1,1,1,0
"Dc07937","Dc36571",0.806364,1,NA,NA,1,NA,1,1,1,0
"Dc07937","Dc36616",1,1,NA,NA,1,1,1,1,1,0
"Dc07937","Dc40235",1,1,NA,NA,1,NA,1,1,0.543036,0
"Dc07937","Dc41234",1,1,NA,NA,1,NA,NA,NA,0.816744,0
"Dc07937","Dc46984",1,1,NA,NA,1,NA,1,1,1,0
"Dc07937","Dc47572",1,1,1,NA,1,1,1,1,1,0
"Dc07937","Dc47935",0.762432,1,NA,NA,1,NA,1,1,1,0
"Dc07937","Dc48207",1,1,NA,NA,1,1,1,1,1,0
"Dc07937","Dc48950",1,1,NA,NA,1,1,1,1,1,0
"Dc07937","Dc49080",0.148896,1,NA,NA,1,NA,1,1,1,0
"Dc07937","Dc49184",1,1,NA,NA,1,NA,0.7101,0.500196,1,0
"Dc07937","Dc51020",1,1,NA,NA,1,NA,1,1,1,0
"Dc07937","Dc52523",0.674112,0.674112,NA,NA,1,NA,1,0.182988,0.52505,0
"Dc07937","Dc55481",1,0.05943,NA,1,1,NA,0.364416,1,1,0
"Dc07937","Dc58248",1,1,NA,1,1,NA,0.202188,NA,1,0
"Dc07937","Dc62188",1,1,NA,1,1,NA,1,NA,1,0
"Dc07937","Dc67011",0.759876,1,NA,1,1,NA,1,NA,1,0
"Dc07937","locus004",1,1,NA,1,0.85518,NA,1,NA,1,0
"Dc07937","locus005",1,1,NA,1,1,NA,0.643452,NA,1,0
"Dc07937","locus006",1,1,NA,1,1,NA,1,NA,1,0
"Dc07937","locus008",0.39456,1,NA,1,1,NA,1,NA,1,0
"Dc07937","locus013",1,1,NA,1,1,NA,0.150504,NA,1,0
"Dc07937","locus014",1,1,NA,1,1,NA,1,NA,1,0
"Dc07937","locus022",0.16938,1,NA,1,1,NA,1,NA,1,0
"Dc07937","locus024",1,1,NA,1,1,NA,1,NA,1,0
"Dc07937","locus025",0.362688,1,NA,1,1,NA,1,NA,1,0
"Dc07937","locus027",1,1,NA,NA,1,NA,NA,NA,NA,0
"Dc07937","locus030",1,1,NA,NA,1,NA,1,NA,1,0
"Dc07937","locus035",1,1,NA,NA,1,1,0.937296,NA,1,0
"Dc07937","locus038",0.898928,1,NA,NA,1,NA,0.19142,NA,1,0
"Dc07937","locus039",0.10081,0.589578,NA,NA,1,NA,0.589578,NA,0.336008,0
"Dc07937","locus040",1,0.68393,NA,NA,1,NA,1,NA,1,0
"Dc07937","locus041",0.080928,1,1,NA,1,NA,1,NA,1,0
"Dc07937","locus045",1,1,NA,NA,1,NA,1,NA,0.37034,0
"Dc07937","locus048",0.40643,1,NA,NA,1,NA,0.40643,NA,1,0
"Dc07937","locus053",1,1,NA,NA,1,NA,0.99732,NA,0.75223,0
"Dc07937","locus055",1,1,NA,NA,1,NA,0.41559,NA,1,0
"Dc07937","locus056",1,1,NA,1,1,NA,1,NA,1,0
"Dc07937","locus058",1,1,NA,1,1,1,1,NA,1,0
"Dc07937","locus060",1,1,NA,1,0.671472,NA,1,NA,1,0
"Dc07937","locus061",1,NA,NA,NA,1,NA,1,NA,1,0
"Dc07937","locus062",0.423864,1,NA,1,1,NA,1,NA,1,0
"Dc07937","locus064",1,1,NA,1,1,NA,0.267732,NA,1,0
"Dc07937","locus065",1,0.904716,NA,1,1,NA,1,NA,1,0
"Dc07937","locus073",1,1,1,1,1,1,0.249536,NA,1,0
"Dc07937","locus074",1,0.115584,1,1,1,NA,1,NA,1,0
"Dc07937","locus076",1,1,NA,NA,1,NA,1,NA,1,0
"Dc07937","locus077",1,1,NA,1,1,NA,1,NA,0.457224,0
"Dc07937","locus080",1,1,NA,NA,1,NA,1,NA,1,0
"Dc07937","locus083",0.335,NA,NA,NA,1,NA,1,NA,1,0
"Dc07937","locus088",1,0.87432,NA,NA,1,1,1,NA,1,0
"Dc07937","locus093",1,1,1,NA,1,NA,1,NA,1,0
"Dc07937","locus096",1,1,1,NA,1,NA,1,NA,0.886236,0
"Dc07937","locus100",1,1,1,NA,1,NA,1,NA,1,0
"Dc07937","locus106",0.14646,1,NA,NA,1,NA,1,NA,1,0
"Dc07937","locus116",0.954174,0.954174,NA,NA,1,NA,0.53962,NA,0.947968,0
"Dc07937","locus119",1,1,NA,NA,1,NA,1,NA,1,0
"Dc07937","locus120",0.946566,0.946566,NA,NA,0.573672,NA,0.946566,NA,0.45839,0
"Dc07937","locus128",1,1,NA,1,1,NA,1,NA,1,0
"Dc07937","locus129",1,1,1,1,1,1,1,NA,1,0
"Dc07937","locus130",1,NA,1,NA,1,NA,1,NA,1,0
"Dc07937","locus134",1,1,NA,NA,1,1,1,NA,1,0
"Dc07937","locus135",0.81039,1,NA,1,1,1,1,NA,1,0
"Dc07937","locus137",1,1,NA,1,1,NA,1,NA,1,0
"Dc07937","locus139",1,1,NA,1,1,NA,0.480084,NA,1,0
"Dc07937","locus140",1,1,NA,1,1,NA,0.465156,NA,1,0
"Dc07937","locus146",1,0.831292,1,1,1,NA,1,NA,1,0
"Dc07937","locus148",1,1,NA,1,1,NA,1,NA,1,0
"Dc07937","locus151",1,NA,NA,1,1,NA,1,NA,1,0
"Dc07937","locus157",1,NA,NA,NA,1,NA,1,NA,0.361704,0
"Dc07937","locus161",0.912096,1,NA,1,1,NA,0.912096,NA,1,0
"Dc07937","locus165",1,1,NA,NA,1,NA,1,NA,1,0
"Dc07937","locus170",1,1,NA,1,1,NA,1,NA,1,0
"Dc07937","locus176",0.839202,NA,NA,NA,1,NA,0.191968,NA,1,0
"Dc07937","locus184",1,0.247114,1,1,1,NA,1,NA,0.68124,0
"Dc07937","locus186",1,0.68912,NA,1,0.299724,NA,0.299724,NA,1,0
"Dc07937","locus188",1,1,NA,NA,1,NA,1,NA,1,0
"Dc07937","locus189",1,1,NA,1,1,1,1,1,1,0
"Dc07937","locus190",1,1,NA,NA,1,NA,1,1,1,0
"Dc07937","locus191",1,NA,NA,NA,0.57641,NA,1,1,1,0
"Dc07937","locus192",0.713904,1,NA,NA,1,NA,0.713904,1,1,0
"Dc07937","locus195",1,1,NA,NA,1,NA,0.54428,1,0.443904,0
"Dc07937","locus202",1,1,NA,NA,1,NA,1,1,1,0
"Dc07937","locus215",1,NA,NA,NA,1,NA,1,1,1,0
"Dc07937","locus227",1,1,1,NA,1,NA,1,1,1,0
"Dc07937","locus231",1,1,NA,NA,1,NA,1,NA,1,0
"Dc07937","locus235",1,0.8412,NA,NA,1,NA,1,1,1,0
"Dc07937","locus236",1,1,NA,NA,1,NA,1,1,1,0
"Dc07937","locus237",1,1,NA,NA,1,NA,1,1,1,0
"Dc07937","locus239",0.688548,0.95004,NA,NA,0.95004,NA,1,1,1,0
"Dc07937","locus248",1,1,NA,NA,1,NA,1,1,1,0
"Dc07937","locus256",0.58247,1,1,NA,1,NA,0.866184,1,1,0
"Dc07937","locus263",0.343608,1,1,NA,1,NA,1,NA,1,0
"Dc07937","locus264",1,1,NA,NA,1,NA,1,NA,1,0
"Dc07937","locus274",1,0.22142,NA,NA,1,NA,1,NA,1,0
"Dc07937","locus280",1,1,NA,NA,0.351072,1,1,NA,1,0
"Dc07937","locus282",1,1,NA,NA,1,NA,1,NA,1,0
"Dc07937","locus286",0.69176,0.69176,NA,NA,1,NA,1,NA,1,0
"Dc07937","locus291",1,1,NA,NA,1,NA,1,NA,1,0
"Dc07937","locus296",1,0.40014,NA,NA,1,NA,1,NA,1,0
"Dc07937","locus301",1,1,NA,NA,1,NA,1,NA,1,0
"Dc07937","locus314",1,1,NA,NA,1,NA,1,NA,1,0
"Dc07937","locus321",1,0.82142,NA,NA,1,NA,0.82142,NA,1,0
"Dc07937","locus322",1,1,NA,NA,1,NA,1,NA,1,0
"Dc07937","locus323",1,1,NA,NA,1,1,1,NA,1,0
"Dc07937","locus329",1,1,NA,NA,1,NA,1,NA,0.96178,0
"Dc07937","locus332",1,1,1,NA,1,NA,1,NA,1,0
"Dc07937","locus358",1,1,NA,NA,1,NA,1,NA,1,0
"Dc07937","locus359",1,1,NA,NA,1,NA,0.84509,NA,1,0
"Dc07937","locus360",1,1,NA,NA,1,NA,1,NA,1,0
"Dc08054","Dc08189",1,1,NA,NA,1,NA,1,1,1,0
"Dc08054","Dc08463",1,1,NA,NA,1,1,1,1,1,0
"Dc08054","Dc08865",1,1,NA,NA,1,NA,0.085248,1,0.37976,0
"Dc08054","Dc10003",1,NA,NA,NA,1,NA,1,1,NA,0
"Dc08054","Dc10390",1,1,NA,NA,1,NA,1,1,1,0
"Dc08054","Dc10878",1,1,NA,NA,1,NA,1,NA,1,0
"Dc08054","Dc10885",1,1,1,NA,1,NA,1,1,1,0
"Dc08054","Dc11203",1,1,NA,NA,1,1,1,1,1,0
"Dc08054","Dc11714",1,1,NA,NA,1,NA,1,1,1,0
"Dc08054","Dc13159",0.742152,1,NA,NA,1,NA,1,1,1,0
"Dc08054","Dc13592",1,1,NA,NA,1,NA,1,1,0.059256,0
"Dc08054","Dc14022",1,1,NA,NA,1,NA,1,1,1,0
"Dc08054","Dc14945",1,1,NA,NA,1,NA,1,1,1,0
"Dc08054","Dc16747",1,1,1,NA,1,NA,1,1,1,0
"Dc08054","Dc18951",1,1,NA,NA,1,1,1,1,1,0
"Dc08054","Dc20232",1,1,NA,NA,1,1,1,1,1,0
"Dc08054","Dc22883",0.623388,0.321232,NA,NA,1,NA,1,NA,0.18285,0
"Dc08054","Dc22887",0.84264,1,NA,NA,1,NA,0.84264,1,0.84264,0
"Dc08054","Dc27955",0.854232,0.3657,NA,NA,1,NA,1,NA,1,0
"Dc08054","Dc28124",0.73554,1,NA,NA,1,NA,0.694932,1,1,0
"Dc08054","Dc28776",1,1,NA,NA,1,NA,1,1,1,0
"Dc08054","Dc30071",0.32334,0.99616,NA,NA,1,NA,0.99616,0.7154,0.99616,0
"Dc08054","Dc31007",1,NA,NA,NA,1,NA,0.1424,NA,0.629526,0
"Dc08054","Dc33714",1,1,NA,NA,1,NA,1,1,1,0
"Dc08054","Dc33907",1,1,NA,NA,1,NA,1,1,1,0
"Dc08054","Dc34902",1,1,NA,NA,1,NA,1,1,1,0
"Dc08054","Dc35779",1,1,NA,NA,0.98987,1,1,1,1,0
"Dc08054","Dc36571",1,1,NA,NA,1,NA,0.702336,0.99847,1,0
"Dc08054","Dc36616",1,1,NA,NA,1,1,1,1,1,0
"Dc08054","Dc40235",1,1,NA,NA,1,NA,0.207288,1,1,0
"Dc08054","Dc41234",1,0.714784,NA,NA,1,NA,NA,NA,1,0
"Dc08054","Dc46984",1,1,NA,NA,1,NA,1,1,0.691992,0
"Dc08054","Dc47572",1,1,1,NA,0.864948,1,1,1,0.609056,0
"Dc08054","Dc47935",1,1,NA,NA,1,NA,0.486708,1,1,0
"Dc08054","Dc48207",1,1,NA,NA,1,1,1,1,1,0
"Dc08054","Dc48950",1,1,NA,NA,1,1,1,1,1,0
"Dc08054","Dc49080",1,1,NA,NA,1,NA,0.183564,1,0.98991,0
"Dc08054","Dc49184",1,1,NA,NA,1,NA,1,1,1,0
"Dc08054","Dc51020",0.129972,1,NA,NA,1,NA,1,0.71261,1,0
"Dc08054","Dc52523",1,0.46806,NA,NA,1,NA,1,1,0.49826,0
"Dc08054","Dc55481",1,1,NA,1,1,NA,1,NA,0.65772,0
"Dc08054","Dc58248",1,0.17472,NA,1,1,NA,1,NA,1,0
"Dc08054","Dc62188",0.428834,1,1,1,1,NA,1,NA,1,0
"Dc08054","Dc67011",1,1,NA,1,1,NA,1,NA,1,0
"Dc08054","locus003",1,1,NA,1,1,NA,1,NA,1,0
"Dc08054","locus004",1,1,NA,1,1,NA,0.34332,NA,1,0
"Dc08054","locus005",1,1,NA,1,1,NA,1,NA,1,0
"Dc08054","locus006",1,1,NA,1,1,NA,1,NA,1,0
"Dc08054","locus013",1,1,NA,1,1,NA,1,NA,1,0
"Dc08054","locus014",0.76743,1,NA,1,1,NA,0.930024,NA,0.241416,0
"Dc08054","locus022",1,1,NA,1,1,NA,1,NA,1,0
"Dc08054","locus024",1,1,NA,1,1,NA,1,NA,1,0
"Dc08054","locus025",1,0.054864,NA,1,1,NA,1,NA,0.69835,0
"Dc08054","locus027",1,1,NA,NA,1,NA,NA,NA,NA,0
"Dc08054","locus030",1,1,NA,NA,1,NA,1,NA,1,0
"Dc08054","locus035",1,1,NA,NA,1,1,1,NA,1,0
"Dc08054","locus038",0.21242,1,NA,NA,1,NA,1,NA,0.496112,0
"Dc08054","locus039",1,1,NA,NA,1,NA,1,NA,1,0
"Dc08054","locus040",1,1,NA,NA,1,NA,1,NA,1,0
"Dc08054","locus041",1,1,1,NA,1,NA,1,NA,1,0
"Dc08054","locus045",0.71273,0.782176,NA,NA,1,NA,1,NA,1,0
"Dc08054","locus047",1,1,NA,NA,1,NA,1,NA,0.30264,0
"Dc08054","locus048",1,1,NA,NA,1,NA,1,NA,1,0
"Dc08054","locus053",1,1,NA,NA,1,NA,1,NA,1,0
"Dc08054","locus055",1,1,NA,NA,1,NA,1,NA,1,0
"Dc08054","locus056",1,0.615828,NA,0.71967,1,NA,1,NA,1,0
"Dc08054","locus058",1,1,NA,0.399168,1,1,1,NA,1,0
"Dc08054","locus060",0.33612,1,NA,1,1,NA,1,NA,1,0
"Dc08054","locus061",0.094032,NA,NA,NA,1,NA,1,NA,1,0
"Dc08054","locus062",1,1,NA,1,1,NA,0.62908,NA,0.0597,0
"Dc08054","locus064",0.435024,1,NA,1,1,NA,1,NA,1,0
"Dc08054","locus065",1,0.087096,NA,1,1,NA,1,NA,1,0
"Dc08054","locus073",1,1,1,1,1,1,1,NA,1,0
"Dc08054","locus074",1,1,1,1,1,NA,0.208012,NA,1,0
"Dc08054","locus076",1,1,NA,NA,1,NA,1,NA,0.52727,0
"Dc08054","locus077",1,0.220272,NA,1,1,NA,1,NA,1,0
"Dc08054","locus080",1,1,NA,NA,1,NA,1,NA,1,0
"Dc08054","locus088",1,1,NA,NA,1,1,1,NA,1,0
"Dc08054","locus093",1,1,1,NA,1,NA,0.275376,NA,1,0
"Dc08054","locus096",1,1,1,NA,1,NA,1,NA,1,0
"Dc08054","locus098",1,1,NA,NA,1,NA,1,NA,1,0
"Dc08054","locus100",0.88782,1,1,NA,1,NA,1,NA,0.534972,0
"Dc08054","locus106",1,1,NA,NA,0.4768,NA,1,NA,1,0
"Dc08054","locus116",1,1,NA,NA,1,NA,1,NA,1,0
"Dc08054","locus119",0.861508,0.700552,NA,NA,0.861508,NA,0.41476,NA,0.796212,0
"Dc08054","locus120",1,1,NA,NA,1,NA,0.35625,NA,1,0
"Dc08054","locus128",1,1,NA,1,0.747168,NA,1,NA,1,0
"Dc08054","locus129",1,1,1,1,1,1,1,NA,1,0
"Dc08054","locus130",1,NA,1,NA,1,NA,1,NA,1,0
"Dc08054","locus134",1,1,NA,NA,1,1,1,NA,1,0
"Dc08054","locus135",1,1,NA,1,1,1,1,NA,1,0
"Dc08054","locus137",1,1,NA,1,1,NA,0.221892,NA,0.82058,0
"Dc08054","locus139",0.05622,0.64359,NA,1,0.64359,NA,1,NA,1,0
"Dc08054","locus140",0.057564,0.64492,NA,1,0.64492,NA,1,NA,1,0
"Dc08054","locus146",0.68017,1,1,1,0.568524,NA,0.293076,NA,1,0
"Dc08054","locus148",0.963408,1,NA,1,1,NA,1,NA,1,0
"Dc08054","locus151",0.51138,NA,NA,1,0.802832,NA,0.80955,NA,1,0
"Dc08054","locus157",1,NA,NA,NA,1,NA,1,NA,0.773928,0
"Dc08054","locus161",1,0.158292,NA,1,1,NA,1,NA,1,0
"Dc08054","locus165",1,1,NA,NA,1,NA,0.95789,NA,1,0
"Dc08054","locus170",1,1,NA,1,0.846504,NA,1,NA,1,0
"Dc08054","locus176",1,NA,NA,NA,1,NA,0.592792,NA,1,0
"Dc08054","locus184",1,0.338856,1,1,0.4801,NA,1,NA,0.461892,0
"Dc08054","locus186",1,1,NA,1,0.849936,NA,1,NA,1,0
"Dc08054","locus188",1,1,NA,NA,1,NA,1,NA,1,0
"Dc08054","locus189",1,1,NA,1,1,1,1,1,1,0
"Dc08054","locus190",1,1,NA,NA,1,NA,1,1,1,0
"Dc08054","locus191",1,NA,NA,NA,1,NA,1,1,1,0
"Dc08054","locus192",1,1,NA,NA,1,NA,1,1,1,0
"Dc08054","locus195",1,1,NA,NA,1,NA,1,1,1,0
"Dc08054","locus202",0.543888,1,NA,NA,1,NA,1,1,1,0
"Dc08054","locus215",1,NA,NA,NA,1,NA,1,1,1,0
"Dc08054","locus227",1,1,1,NA,1,NA,1,1,1,0
"Dc08054","locus231",1,1,NA,NA,1,NA,1,NA,1,0
"Dc08054","locus235",1,1,NA,NA,1,NA,1,1,1,0
"Dc08054","locus236",1,1,NA,NA,1,NA,1,1,1,0
"Dc08054","locus237",1,1,NA,NA,0.99605,NA,1,1,0.548448,0
"Dc08054","locus239",1,0.296988,NA,NA,1,NA,0.35058,1,0.510048,0
"Dc08054","locus248",1,1,NA,NA,1,NA,1,1,0.889308,0
"Dc08054","locus256",1,1,1,NA,1,NA,1,NA,1,0
"Dc08054","locus263",1,1,1,NA,1,NA,1,NA,1,0
"Dc08054","locus264",0.577896,0.577896,NA,NA,1,NA,1,NA,0.42209,0
"Dc08054","locus274",1,1,NA,NA,1,NA,1,NA,0.9912,0
"Dc08054","locus280",1,1,NA,NA,1,1,1,NA,1,0
"Dc08054","locus282",0.81786,0.965884,NA,NA,0.81786,NA,0.81786,NA,0.965884,0
"Dc08054","locus286",1,1,NA,NA,1,NA,1,NA,1,0
"Dc08054","locus291",1,1,NA,NA,1,NA,0.56777,NA,1,0
"Dc08054","locus292",1,0.58531,NA,NA,1,NA,0.984584,NA,1,0
"Dc08054","locus296",1,0.12191,NA,NA,1,NA,0.527024,NA,0.736698,0
"Dc08054","locus301",1,0.94078,NA,NA,1,NA,1,NA,1,0
"Dc08054","locus314",0.21164,1,NA,NA,1,NA,1,NA,1,0
"Dc08054","locus321",0.25685,1,NA,NA,1,NA,1,NA,1,0
"Dc08054","locus322",1,0.70686,NA,NA,1,NA,0.851064,NA,1,0
"Dc08054","locus323",1,1,NA,NA,1,1,1,NA,1,0
"Dc08054","locus329",1,1,NA,NA,1,NA,1,NA,0.48717,0
"Dc08054","locus332",1,1,1,NA,1,NA,0.525588,NA,1,0
"Dc08054","locus358",1,0.63945,NA,NA,1,NA,1,NA,1,0
"Dc08054","locus359",0.94372,0.56368,NA,NA,1,NA,1,NA,1,0
"Dc08054","locus360",1,1,NA,NA,1,NA,0.45805,NA,1,0
"Dc08189","Dc08463",1,1,NA,NA,1,1,1,1,0.935312,0
"Dc08189","Dc08865",1,1,NA,NA,1,NA,1,1,1,0
"Dc08189","Dc10003",1,NA,NA,NA,1,NA,1,1,NA,0
"Dc08189","Dc10390",1,1,NA,NA,1,NA,1,1,1,0
"Dc08189","Dc10878",0.78688,1,NA,NA,1,NA,1,NA,1,0
"Dc08189","Dc10885",1,1,1,NA,1,NA,1,1,1,0
"Dc08189","Dc11203",1,0.567756,NA,NA,1,1,0.806832,1,1,0
"Dc08189","Dc11714",1,1,NA,NA,1,NA,1,1,0.757356,0
"Dc08189","Dc13159",1,1,NA,NA,1,NA,1,1,1,0
"Dc08189","Dc13592",1,1,NA,NA,1,NA,1,1,1,0
"Dc08189","Dc14022",1,1,NA,NA,1,NA,1,1,1,0
"Dc08189","Dc16747",1,1,1,NA,1,NA,0.896938,1,1,0
"Dc08189","Dc18951",1,1,NA,NA,1,1,0.185696,1,1,0
"Dc08189","Dc20232",1,1,NA,NA,1,1,1,1,1,0
"Dc08189","Dc22883",0.73335,0.99704,NA,NA,1,NA,0.99704,NA,1,0
"Dc08189","Dc27955",1,0.59969,NA,NA,1,NA,1,NA,1,0
"Dc08189","Dc28124",1,1,NA,NA,1,NA,1,1,1,0
"Dc08189","Dc28776",1,1,NA,NA,1,NA,1,1,1,0
"Dc08189","Dc30071",1,1,NA,NA,1,NA,1,1,1,0
"Dc08189","Dc31007",1,NA,NA,NA,1,NA,0.117824,NA,1,0
"Dc08189","Dc33714",1,1,1,NA,1,NA,0.935186,1,1,0
"Dc08189","Dc33907",1,0.94548,NA,NA,1,NA,0.38866,1,0.327948,0
"Dc08189","Dc34902",0.954048,1,NA,NA,1,NA,1,1,1,0
"Dc08189","Dc35779",1,1,NA,NA,1,1,1,1,1,0
"Dc08189","Dc36571",1,0.188304,NA,NA,0.61354,NA,0.61354,1,1,0
"Dc08189","Dc36616",1,1,NA,NA,1,1,0.27881,1,1,0
"Dc08189","Dc40235",1,1,NA,NA,1,NA,1,1,1,0
"Dc08189","Dc41234",1,1,NA,NA,0.799384,NA,NA,NA,1,0
"Dc08189","Dc46984",1,0.988032,NA,NA,1,NA,1,1,1,0
"Dc08189","Dc47572",1,1,1,NA,1,1,1,1,1,0
"Dc08189","Dc47935",1,1,NA,NA,1,NA,1,1,1,0
"Dc08189","Dc48207",1,0.504084,NA,NA,1,1,1,1,1,0
"Dc08189","Dc48950",1,1,NA,NA,1,1,1,1,0.925582,0
"Dc08189","Dc49080",1,1,NA,NA,0.168744,NA,1,1,1,0
"Dc08189","Dc49184",1,0.899904,NA,NA,1,NA,1,1,0.91325,0
"Dc08189","Dc51020",1,0.897444,NA,NA,1,NA,1,1,1,0
"Dc08189","Dc52523",1,0.285276,NA,NA,0.342912,NA,0.32508,1,1,0
"Dc08189","Dc55481",1,1,NA,1,1,NA,1,NA,1,0
"Dc08189","Dc58248",1,1,NA,1,0.812928,NA,1,NA,0.812928,0
"Dc08189","Dc62188",1,1,NA,1,1,NA,1,NA,1,0
"Dc08189","Dc67011",1,1,NA,1,1,NA,1,NA,1,0
"Dc08189","locus003",0.844224,0.844224,NA,0.844224,0.844224,NA,0.79532,NA,0.466224,0
"Dc08189","locus004",1,1,NA,1,1,NA,1,NA,0.228684,0
"Dc08189","locus005",1,1,NA,1,1,NA,1,NA,1,0
"Dc08189","locus006",1,1,NA,0.99809,1,NA,1,NA,0.487008,0
"Dc08189","locus008",1,1,NA,1,1,NA,0.328788,NA,1,0
"Dc08189","locus014",1,1,NA,1,1,NA,1,NA,1,0
"Dc08189","locus022",1,1,NA,1,1,NA,1,NA,1,0
"Dc08189","locus024",1,1,NA,0.99907,1,NA,0.5643,NA,1,0
"Dc08189","locus025",1,1,NA,1,1,NA,1,NA,1,0
"Dc08189","locus027",0.514756,0.181656,NA,NA,0.514756,NA,NA,NA,NA,0
"Dc08189","locus030",0.66193,1,NA,NA,1,NA,1,NA,1,0
"Dc08189","locus035",1,1,NA,NA,1,1,1,NA,1,0
"Dc08189","locus038",1,1,NA,NA,1,NA,1,NA,1,0
"Dc08189","locus039",1,1,NA,NA,1,NA,1,NA,1,0
"Dc08189","locus040",1,1,NA,NA,1,NA,1,NA,1,0
"Dc08189","locus041",0.99822,1,1,NA,0.856116,NA,1,NA,1,0
"Dc08189","locus045",1,1,NA,NA,1,NA,0.39469,NA,1,0
"Dc08189","locus047",1,1,NA,NA,1,NA,1,NA,1,0
"Dc08189","locus048",0.29107,1,NA,NA,1,NA,1,NA,1,0
"Dc08189","locus053",1,1,NA,NA,1,NA,1,NA,1,0
"Dc08189","locus055",1,1,NA,NA,1,NA,0.05775,NA,1,0
"Dc08189","locus056",1,1,NA,1,1,NA,1,NA,1,0
"Dc08189","locus058",1,0.961842,NA,1,1,1,1,NA,1,0
"Dc08189","locus060",1,1,NA,1,1,NA,1,NA,1,0
"Dc08189","locus061",1,NA,NA,NA,1,NA,1,NA,1,0
"Dc08189","locus062",0.503304,1,NA,1,1,NA,1,NA,1,0
"Dc08189","locus064",1,1,NA,1,1,NA,1,NA,0.90054,0
"Dc08189","locus065",1,1,NA,1,1,NA,1,NA,1,0
"Dc08189","locus073",1,1,1,1,1,1,1,NA,1,0
"Dc08189","locus074",1,1,1,1,1,NA,1,NA,1,0
"Dc08189","locus076",1,1,NA,NA,1,NA,1,NA,1,0
"Dc08189","locus077",1,1,NA,1,1,NA,1,NA,1,0
"Dc08189","locus080",1,0.936648,1,NA,1,NA,0.936648,NA,1,0
"Dc08189","locus088",1,1,NA,NA,0.71625,1,1,NA,0.087444,0
"Dc08189","locus093",1,1,1,NA,1,NA,1,NA,1,0
"Dc08189","locus096",1,1,1,NA,1,NA,1,NA,0.527628,0
"Dc08189","locus098",1,1,NA,NA,1,NA,0.41566,NA,1,0
"Dc08189","locus100",1,1,1,NA,1,NA,1,NA,1,0
"Dc08189","locus106",0.90317,1,NA,NA,1,NA,1,NA,1,0
"Dc08189","locus116",0.756292,0.740106,NA,NA,0.1419,NA,0.57844,NA,0.742968,0
"Dc08189","locus119",0.763976,1,NA,NA,0.717,NA,1,NA,0.763976,0
"Dc08189","locus120",1,1,NA,NA,1,NA,1,NA,1,0
"Dc08189","locus128",1,0.165048,NA,1,1,NA,1,NA,1,0
"Dc08189","locus129",1,1,1,1,1,1,1,NA,1,0
"Dc08189","locus134",1,1,NA,NA,1,1,1,NA,1,0
"Dc08189","locus135",1,1,NA,1,1,1,1,NA,1,0
"Dc08189","locus137",0.99433,1,NA,0.99433,1,NA,0.99433,NA,0.772248,0
"Dc08189","locus139",0.863796,0.436008,NA,0.79236,0.97176,NA,0.97176,NA,0.71507,0
"Dc08189","locus140",0.853614,0.439284,NA,0.802528,0.97484,NA,0.97484,NA,0.73295,0
"Dc08189","locus146",0.569212,1,1,1,1,NA,1,NA,1,0
"Dc08189","locus148",0.77286,1,NA,1,1,NA,1,NA,1,0
"Dc08189","locus151",1,NA,NA,1,1,NA,0.78492,NA,1,0
"Dc08189","locus157",1,NA,NA,NA,1,NA,1,NA,1,0
"Dc08189","locus161",1,0.608304,NA,1,1,NA,1,NA,1,0
"Dc08189","locus165",1,1,NA,NA,1,NA,1,NA,1,0
"Dc08189","locus170",1,0.195768,NA,1,1,NA,1,NA,1,0
"Dc08189","locus176",1,NA,1,NA,1,NA,1,NA,1,0
"Dc08189","locus184",1,0.2877,1,1,1,NA,1,NA,1,0
"Dc08189","locus186",1,0.708768,NA,1,1,NA,1,NA,1,0
"Dc08189","locus188",0.64267,1,NA,NA,1,NA,1,NA,1,0
"Dc08189","locus189",1,1,NA,1,1,1,1,1,0.442048,0
"Dc08189","locus190",1,1,NA,NA,1,NA,1,1,1,0
"Dc08189","locus191",0.637232,NA,NA,NA,0.771492,NA,0.24995,1,1,0
"Dc08189","locus192",1,1,NA,NA,1,NA,1,1,0.455388,0
"Dc08189","locus195",1,1,NA,NA,1,NA,1,1,1,0
"Dc08189","locus202",1,1,NA,NA,1,NA,1,1,1,0
"Dc08189","locus215",1,NA,NA,NA,1,NA,1,1,1,0
"Dc08189","locus227",1,1,1,NA,1,NA,1,1,1,0
"Dc08189","locus231",0.791128,1,NA,NA,1,NA,1,NA,0.60378,0
"Dc08189","locus235",1,1,NA,NA,1,NA,1,1,1,0
"Dc08189","locus236",0.560936,1,NA,NA,0.14681,NA,0.050268,1,1,0
"Dc08189","locus237",1,1,NA,NA,1,NA,1,1,0.395124,0
"Dc08189","locus239",1,0.846444,NA,NA,1,NA,0.846444,1,1,0
"Dc08189","locus248",0.05772,1,NA,NA,1,NA,1,1,1,0
"Dc08189","locus256",1,0.82524,0.82524,NA,1,NA,1,NA,0.80646,0
"Dc08189","locus263",1,0.305436,1,NA,1,NA,0.795152,NA,0.76976,0
"Dc08189","locus264",1,1,NA,NA,1,NA,0.80269,NA,1,0
"Dc08189","locus280",1,0.26144,NA,NA,1,1,1,NA,0.216828,0
"Dc08189","locus282",1,1,NA,NA,1,NA,1,NA,1,0
"Dc08189","locus286",1,1,NA,NA,1,NA,1,NA,1,0
"Dc08189","locus291",1,1,NA,NA,0.71913,NA,1,NA,1,0
"Dc08189","locus292",1,1,NA,NA,0.28704,NA,1,NA,1,0
"Dc08189","locus296",1,1,NA,NA,1,NA,0.52491,NA,1,0
"Dc08189","locus301",1,1,NA,NA,1,NA,0.97217,NA,1,0
"Dc08189","locus314",0.08637,1,NA,NA,1,NA,1,NA,1,0
"Dc08189","locus321",0.64492,0.64492,NA,NA,1,NA,1,NA,1,0
"Dc08189","locus322",1,1,NA,NA,1,NA,1,NA,1,0
"Dc08189","locus329",1,1,NA,NA,1,NA,1,NA,1,0
"Dc08189","locus332",1,1,1,NA,1,NA,1,NA,1,0
"Dc08189","locus358",0.11335,0.51964,NA,NA,1,NA,0.775014,NA,0.775014,0
"Dc08189","locus359",1,1,NA,NA,1,NA,1,NA,1,0
"Dc08189","locus360",0.81661,1,NA,NA,1,NA,1,NA,1,0
"Dc08463","Dc08865",1,0.865788,NA,NA,1,NA,1,0.865788,0.865788,0
"Dc08463","Dc10003",1,NA,NA,NA,1,NA,0.058296,1,NA,0
"Dc08463","Dc10390",1,1,NA,NA,1,NA,1,1,1,0
"Dc08463","Dc10878",1,1,NA,NA,1,NA,1,NA,1,0
"Dc08463","Dc10885",1,0.822976,1,NA,1,NA,1,1,1,0
"Dc08463","Dc11714",1,1,NA,NA,1,NA,1,1,0.487956,0
"Dc08463","Dc13159",0.23976,1,NA,NA,1,NA,1,1,1,0
"Dc08463","Dc13592",1,1,NA,NA,1,NA,1,1,1,0
"Dc08463","Dc14022",1,1,NA,NA,0.858648,NA,1,0.858648,1,0
"Dc08463","Dc16747",0.78954,1,NA,NA,1,NA,1,1,1,0
"Dc08463","Dc18951",1,1,NA,NA,1,1,1,1,0.906962,0
"Dc08463","Dc20232",1,1,NA,NA,1,1,1,1,1,0
"Dc08463","Dc22883",1,1,1,NA,1,1,0.942648,NA,1,0
"Dc08463","Dc22887",1,1,NA,NA,1,NA,0.8172,1,1,0
"Dc08463","Dc27955",0.3026,1,NA,NA,1,NA,0.470416,NA,1,0
"Dc08463","Dc28124",1,1,NA,NA,0.856872,NA,1,1,1,0
"Dc08463","Dc28776",1,0.976404,NA,NA,1,NA,0.976404,1,0.976404,0
"Dc08463","Dc30071",0.668318,1,NA,NA,1,1,0.868044,1,1,0
"Dc08463","Dc31007",1,NA,NA,NA,1,NA,1,NA,1,0
"Dc08463","Dc33714",1,0.784944,NA,NA,0.784944,NA,1,1,1,0
"Dc08463","Dc33907",1,1,NA,NA,1,NA,1,1,1,0
"Dc08463","Dc34902",1,1,NA,NA,1,NA,1,1,1,0
"Dc08463","Dc35779",1,1,NA,NA,1,1,1,1,1,0
"Dc08463","Dc36571",1,1,NA,NA,1,NA,1,1,1,0
"Dc08463","Dc36616",1,1,NA,NA,1,1,1,1,1,0
"Dc08463","Dc40235",1,1,NA,NA,1,NA,0.103188,1,1,0
"Dc08463","Dc41234",0.522656,1,NA,NA,1,NA,NA,NA,1,0
"Dc08463","Dc46984",1,1,NA,NA,1,NA,1,1,1,0
"Dc08463","Dc47572",1,1,1,NA,1,1,0.129792,1,1,0
"Dc08463","Dc47935",1,1,NA,NA,1,NA,0.300852,1,1,0
"Dc08463","Dc48207",1,1,NA,NA,1,1,0.910532,1,1,0
"Dc08463","Dc48950",1,1,NA,NA,1,NA,1,1,1,0
"Dc08463","Dc49080",0.275052,1,NA,NA,1,NA,1,1,0.2901,0
"Dc08463","Dc49184",0.639708,1,NA,NA,1,NA,0.7848,1,1,0
"Dc08463","Dc51020",1,1,NA,NA,1,NA,1,1,1,0
"Dc08463","Dc52523",1,0.053628,NA,NA,1,NA,0.798584,0.713,1,0
"Dc08463","Dc55481",1,1,NA,1,1,NA,1,NA,1,0
"Dc08463","Dc58248",1,1,NA,1,1,NA,1,NA,1,0
"Dc08463","Dc62188",1,1,NA,1,1,NA,1,NA,1,0
"Dc08463","Dc67011",1,1,NA,1,1,NA,1,NA,1,0
"Dc08463","locus003",1,0.27942,NA,1,1,NA,1,NA,1,0
"Dc08463","locus004",1,1,NA,1,1,NA,1,NA,1,0
"Dc08463","locus005",1,1,NA,1,1,NA,1,NA,1,0
"Dc08463","locus006",0.739596,1,NA,1,1,NA,1,NA,1,0
"Dc08463","locus008",1,1,NA,1,1,NA,1,NA,1,0
"Dc08463","locus013",1,1,NA,1,1,NA,1,NA,0.157512,0
"Dc08463","locus014",1,0.520956,NA,1,1,NA,1,NA,1,0
"Dc08463","locus022",1,1,NA,1,1,NA,1,NA,1,0
"Dc08463","locus024",1,1,NA,1,1,NA,1,NA,1,0
"Dc08463","locus025",1,1,NA,1,1,NA,1,NA,0.425256,0
"Dc08463","locus027",0.549552,0.549552,NA,NA,0.428484,NA,NA,NA,NA,0
"Dc08463","locus030",0.547136,1,NA,NA,1,NA,0.43549,NA,1,0
"Dc08463","locus035",1,0.47797,NA,NA,1,1,0.463836,NA,1,0
"Dc08463","locus038",1,1,NA,NA,1,1,1,NA,0.234024,0
"Dc08463","locus039",0.945856,0.892168,NA,NA,0.892168,NA,0.945856,NA,0.51886,0
"Dc08463","locus040",1,1,NA,NA,1,NA,1,NA,1,0
"Dc08463","locus041",1,1,NA,NA,1,NA,1,NA,1,0
"Dc08463","locus045",1,0.45095,NA,NA,1,NA,1,NA,1,0
"Dc08463","locus047",1,1,NA,NA,1,NA,1,NA,1,0
"Dc08463","locus048",1,1,NA,NA,1,NA,1,NA,1,0
"Dc08463","locus053",1,1,NA,NA,1,NA,0.28972,NA,1,0
"Dc08463","locus055",0.097944,1,NA,NA,1,NA,0.0513,NA,1,0
"Dc08463","locus056",0.677376,0.382648,NA,1,1,1,1,NA,1,0
"Dc08463","locus058",1,1,NA,1,1,NA,1,NA,1,0
"Dc08463","locus060",1,1,NA,0.863988,1,NA,1,NA,1,0
"Dc08463","locus061",1,NA,NA,NA,1,NA,1,NA,1,0
"Dc08463","locus062",1,1,NA,1,1,NA,1,NA,1,0
"Dc08463","locus064",1,1,NA,1,1,NA,1,NA,1,0
"Dc08463","locus065",1,0.663888,NA,1,1,NA,1,NA,1,0
"Dc08463","locus073",1,0.577304,1,1,1,NA,1,NA,1,0
"Dc08463","locus074",1,1,1,1,1,NA,0.698894,NA,1,0
"Dc08463","locus076",1,1,1,NA,1,NA,1,NA,1,0
"Dc08463","locus077",0.611072,0.527796,NA,1,1,NA,0.527796,NA,1,0
"Dc08463","locus080",1,1,NA,NA,1,NA,1,NA,1,0
"Dc08463","locus083",0.524528,NA,NA,NA,1,NA,1,NA,1,0
"Dc08463","locus088",1,1,NA,NA,1,NA,1,NA,1,0
"Dc08463","locus093",1,1,1,NA,1,NA,1,NA,1,0
"Dc08463","locus096",1,1,1,NA,1,NA,1,NA,1,0
"Dc08463","locus098",1,1,NA,NA,1,NA,1,NA,1,0
"Dc08463","locus100",1,1,1,NA,1,NA,1,NA,1,0
"Dc08463","locus106",1,1,NA,NA,1,NA,1,NA,1,0
"Dc08463","locus116",1,1,NA,NA,1,NA,1,NA,0.98059,0
"Dc08463","locus119",1,1,NA,NA,1,NA,0.481784,NA,0.16591,0
"Dc08463","locus120",1,1,NA,NA,1,NA,1,NA,1,0
"Dc08463","locus128",0.122712,0.1227,NA,1,1,NA,1,NA,0.114756,0
"Dc08463","locus134",0.3528,1,NA,NA,1,1,1,NA,1,0
"Dc08463","locus135",1,1,NA,0.290136,1,NA,1,NA,1,0
"Dc08463","locus137",0.418692,1,NA,1,1,NA,1,NA,1,0
"Dc08463","locus139",1,1,NA,1,1,NA,1,NA,1,0
"Dc08463","locus140",1,1,NA,1,1,NA,1,NA,1,0
"Dc08463","locus148",1,1,NA,1,1,NA,1,NA,1,0
"Dc08463","locus151",1,NA,NA,1,1,NA,1,NA,1,0
"Dc08463","locus157",1,NA,NA,NA,1,NA,1,NA,1,0
"Dc08463","locus161",1,1,NA,1,1,NA,1,NA,0.488604,0
"Dc08463","locus165",0.93917,1,NA,NA,1,NA,1,NA,1,0
"Dc08463","locus170",1,1,NA,1,1,NA,0.454992,NA,1,0
"Dc08463","locus176",1,NA,NA,NA,1,NA,1,NA,1,0
"Dc08463","locus184",1,0.483378,1,1,1,NA,1,NA,1,0
"Dc08463","locus186",1,1,NA,1,1,NA,1,NA,1,0
"Dc08463","locus188",1,1,NA,NA,1,NA,0.26796,1,0.70628,0
"Dc08463","locus189",1,1,NA,0.99125,1,NA,1,0.855192,0.27671,0
"Dc08463","locus190",1,1,NA,NA,1,NA,1,1,1,0
"Dc08463","locus191",1,NA,NA,NA,1,NA,1,1,1,0
"Dc08463","locus192",1,0.554832,NA,NA,1,NA,1,1,1,0
"Dc08463","locus195",1,1,NA,NA,1,NA,1,1,1,0
"Dc08463","locus215",0.17023,NA,NA,NA,0.569704,NA,0.882366,1,1,0
"Dc08463","locus227",1,1,1,NA,1,NA,1,1,1,0
"Dc08463","locus231",1,1,1,NA,1,NA,1,NA,1,0
"Dc08463","locus235",1,1,NA,NA,1,NA,1,1,1,0
"Dc08463","locus236",1,1,NA,NA,1,1,1,1,1,0
"Dc08463","locus237",1,1,NA,NA,1,NA,1,1,1,0
"Dc08463","locus239",1,1,NA,NA,1,1,0.521038,1,1,0
"Dc08463","locus248",1,1,NA,NA,1,NA,0.362844,1,1,0
"Dc08463","locus256",1,1,1,NA,1,NA,1,NA,1,0
"Dc08463","locus263",1,1,NA,NA,0.7224,NA,1,NA,1,0
"Dc08463","locus264",1,1,NA,NA,1,NA,1,NA,1,0
"Dc08463","locus274",1,0.21613,NA,NA,1,NA,1,NA,1,0
"Dc08463","locus280",1,1,NA,NA,1,1,1,NA,1,0
"Dc08463","locus282",1,0.940496,NA,NA,1,NA,0.17694,NA,1,0
"Dc08463","locus286",1,0.41955,NA,NA,1,NA,1,NA,1,0
"Dc08463","locus291",1,1,NA,NA,1,NA,0.85231,NA,1,0
"Dc08463","locus292",1,1,NA,NA,1,NA,1,NA,1,0
"Dc08463","locus296",0.65062,1,NA,NA,1,NA,1,NA,1,0
"Dc08463","locus301",1,1,NA,NA,1,1,1,NA,1,0
"Dc08463","locus314",1,1,NA,NA,1,NA,1,NA,1,0
"Dc08463","locus321",0.273744,0.668436,NA,NA,1,NA,0.24938,NA,0.668436,0
"Dc08463","locus322",1,0.85193,NA,NA,1,NA,0.85193,NA,0.909534,0
"Dc08463","locus323",1,0.84054,NA,NA,1,NA,1,NA,1,0
"Dc08463","locus329",1,1,NA,NA,1,NA,1,NA,1,0
"Dc08463","locus332",1,1,1,NA,1,NA,0.128208,NA,0.48186,0
"Dc08463","locus358",0.9628,0.9628,NA,NA,1,NA,1,NA,1,0
"Dc08463","locus359",0.57428,1,NA,NA,1,NA,1,NA,1,0
"Dc08463","locus360",1,1,NA,NA,0.70897,NA,1,NA,1,0
"Dc08865","Dc10003",1,NA,NA,NA,1,NA,1,1,NA,0
"Dc08865","Dc10390",1,1,NA,NA,1,NA,0.108888,1,0.70828,0
"Dc08865","Dc10878",0.94234,0.94234,NA,NA,1,NA,0.94234,NA,0.94234,0
"Dc08865","Dc10885",1,1,1,NA,1,NA,1,1,1,0
"Dc08865","Dc11203",1,1,NA,NA,1,1,1,1,1,0
"Dc08865","Dc11714",1,1,NA,NA,1,NA,1,1,1,0
"Dc08865","Dc13159",1,1,NA,NA,0.49943,NA,0.382032,1,1,0
"Dc08865","Dc13592",0.19446,0.890388,NA,NA,0.6134,NA,0.890388,0.811536,0.890388,0
"Dc08865","Dc14022",0.71324,0.635028,NA,NA,1,NA,1,0.71324,1,0
"Dc08865","Dc14945",0.76044,1,NA,NA,1,NA,1,1,1,0
"Dc08865","Dc16747",1,1,NA,NA,1,NA,1,1,1,0
"Dc08865","Dc18951",0.634984,1,NA,NA,1,1,1,1,0.709044,0
"Dc08865","Dc20232",0.67041,0.741768,NA,NA,0.849444,1,0.121716,0.121716,1,0
"Dc08865","Dc22883",0.591228,1,1,NA,1,NA,0.69935,NA,1,0
"Dc08865","Dc22887",0.212208,1,NA,NA,1,NA,0.57651,1,1,0
"Dc08865","Dc27955",1,1,NA,NA,1,NA,1,NA,1,0
"Dc08865","Dc28124",1,0.815892,NA,NA,1,NA,1,1,0.815892,0
"Dc08865","Dc28776",1,1,NA,NA,1,NA,1,1,0.870804,0
"Dc08865","Dc30071",0.779316,1,NA,NA,1,NA,1,1,1,0
"Dc08865","Dc31007",0.958128,NA,NA,NA,1,NA,0.98926,NA,0.41448,0
"Dc08865","Dc33714",1,1,NA,NA,1,NA,0.197748,1,1,0
"Dc08865","Dc33907",1,1,NA,NA,1,NA,0.325692,1,1,0
"Dc08865","Dc34902",1,1,NA,NA,1,NA,1,1,1,0
"Dc08865","Dc35779",0.907464,0.103096,NA,NA,0.43675,1,0.232236,1,1,0
"Dc08865","Dc36571",0.98487,0.391488,NA,NA,1,NA,1,1,1,0
"Dc08865","Dc36616",1,1,NA,NA,1,1,1,1,1,0
"Dc08865","Dc40235",1,1,NA,NA,1,NA,0.620928,1,1,0
"Dc08865","Dc41234",1,0.790136,NA,NA,1,NA,NA,NA,1,0
"Dc08865","Dc46984",1,1,NA,NA,1,NA,1,1,1,0
"Dc08865","Dc47572",1,1,1,NA,1,1,1,1,1,0
"Dc08865","Dc47935",1,1,NA,NA,1,NA,1,1,1,0
"Dc08865","Dc48207",1,0.725368,NA,NA,1,1,1,1,1,0
"Dc08865","Dc48950",1,0.82213,NA,NA,1,NA,0.084492,1,1,0
"Dc08865","Dc49080",1,1,NA,NA,1,NA,1,1,1,0
"Dc08865","Dc49184",1,1,NA,NA,1,NA,0.088044,1,1,0
"Dc08865","Dc51020",1,1,NA,NA,1,NA,1,1,1,0
"Dc08865","Dc52523",1,1,NA,NA,1,NA,1,1,1,0
"Dc08865","Dc55481",1,0.416304,NA,1,1,NA,1,NA,1,0
"Dc08865","Dc58248",1,1,NA,1,1,NA,1,NA,1,0
"Dc08865","Dc67011",1,1,NA,1,1,NA,1,NA,1,0
"Dc08865","locus003",0.804204,1,NA,1,1,NA,1,NA,1,0
"Dc08865","locus004",1,0.83414,NA,1,1,NA,0.34848,NA,1,0
"Dc08865","locus005",1,0.60767,NA,1,1,1,1,NA,1,0
"Dc08865","locus006",1,1,NA,1,1,NA,0.753816,NA,1,0
"Dc08865","locus008",0.746792,1,NA,0.72199,0.746792,NA,0.20466,NA,1,0
"Dc08865","locus013",1,1,NA,1,1,NA,1,NA,1,0
"Dc08865","locus014",1,1,NA,1,1,NA,1,NA,1,0
"Dc08865","locus022",1,1,NA,1,1,NA,0.631212,NA,1,0
"Dc08865","locus024",1,0.71382,NA,1,1,NA,0.54714,NA,0.7624,0
"Dc08865","locus025",1,1,NA,0.28242,1,NA,1,NA,0.28242,0
"Dc08865","locus027",0.335886,1,NA,NA,1,NA,NA,NA,NA,0
"Dc08865","locus030",1,1,NA,NA,1,NA,1,NA,1,0
"Dc08865","locus035",1,1,NA,NA,1,1,1,NA,1,0
"Dc08865","locus038",1,1,NA,NA,1,NA,1,NA,1,0
"Dc08865","locus039",0.522576,1,NA,NA,1,NA,0.31546,NA,1,0
"Dc08865","locus040",1,1,NA,NA,1,NA,1,NA,1,0
"Dc08865","locus041",1,1,NA,NA,1,NA,1,NA,1,0
"Dc08865","locus045",1,1,NA,NA,1,NA,0.43995,NA,1,0
"Dc08865","locus047",1,1,NA,NA,1,NA,1,NA,1,0
"Dc08865","locus048",1,0.843064,NA,NA,1,NA,0.12128,NA,1,0
"Dc08865","locus053",1,1,NA,NA,1,NA,1,NA,1,0
"Dc08865","locus055",1,1,NA,NA,1,NA,1,NA,1,0
"Dc08865","locus056",1,1,NA,1,1,NA,1,NA,0.763512,0
"Dc08865","locus058",1,0.27743,NA,1,1,NA,0.24174,NA,0.556608,0
"Dc08865","locus060",0.838848,0.140052,NA,1,0.57899,NA,0.905946,NA,0.921664,0
"Dc08865","locus061",1,NA,NA,NA,1,NA,1,NA,1,0
"Dc08865","locus062",1,1,NA,1,1,NA,1,NA,1,0
"Dc08865","locus064",0.511236,1,NA,1,1,NA,1,NA,1,0
"Dc08865","locus065",0.521076,1,NA,1,1,NA,1,NA,1,0
"Dc08865","locus073",1,0.852348,1,1,1,NA,0.852348,NA,1,0
"Dc08865","locus074",1,1,1,1,1,NA,1,NA,1,0
"Dc08865","locus076",1,1,1,NA,1,NA,1,NA,0.870504,0
"Dc08865","locus077",1,0.984096,NA,1,1,NA,1,NA,1,0
"Dc08865","locus080",1,0.38108,NA,NA,1,NA,1,NA,1,0
"Dc08865","locus083",1,NA,NA,NA,1,NA,1,NA,1,0
"Dc08865","locus088",1,1,NA,NA,1,NA,1,NA,1,0
"Dc08865","locus093",1,1,1,NA,1,NA,1,NA,1,0
"Dc08865","locus096",1,1,1,NA,1,NA,1,NA,1,0
"Dc08865","locus100",1,1,1,NA,1,NA,0.17496,NA,1,0
"Dc08865","locus106",0.75935,1,NA,NA,1,NA,1,NA,1,0
"Dc08865","locus116",1,1,NA,NA,1,NA,0.63972,NA,0.6317,0
"Dc08865","locus119",0.4892,0.4892,NA,NA,1,NA,1,NA,1,0
"Dc08865","locus120",1,0.57175,NA,NA,1,NA,1,NA,1,0
"Dc08865","locus128",1,0.56815,NA,1,0.56815,NA,1,NA,0.449052,0
"Dc08865","locus129",1,1,1,1,0.333788,NA,0.345624,NA,1,0
"Dc08865","locus130",0.550206,NA,NA,NA,1,NA,0.483768,NA,0.550206,0
"Dc08865","locus134",1,1,NA,NA,1,1,1,NA,1,0
"Dc08865","locus135",1,1,NA,1,1,NA,1,NA,1,0
"Dc08865","locus137",1,1,NA,1,1,NA,1,NA,1,0
"Dc08865","locus139",0.6462,1,NA,1,1,NA,1,NA,1,0
"Dc08865","locus140",0.643524,1,NA,1,1,NA,1,NA,1,0
"Dc08865","locus146",1,1,1,1,1,NA,1,NA,1,0
"Dc08865","locus148",1,0.494664,NA,1,1,NA,0.91171,NA,0.91171,0
"Dc08865","locus151",1,NA,NA,1,1,NA,1,NA,1,0
"Dc08865","locus161",1,0.69436,NA,1,1,NA,1,NA,0.27276,0
"Dc08865","locus165",1,1,NA,NA,1,NA,1,NA,1,0
"Dc08865","locus170",0.705468,1,NA,1,1,NA,1,NA,1,0
"Dc08865","locus176",0.205448,NA,NA,NA,1,NA,0.730194,NA,1,0
"Dc08865","locus184",1,1,1,1,1,NA,1,NA,1,0
"Dc08865","locus186",1,1,NA,1,0.520464,NA,1,NA,1,0
"Dc08865","locus188",1,1,NA,NA,0.43164,NA,0.295104,1,1,0
"Dc08865","locus189",0.664468,1,NA,1,1,NA,1,1,1,0
"Dc08865","locus190",1,1,NA,NA,1,NA,1,1,1,0
"Dc08865","locus191",0.34892,NA,NA,NA,1,NA,1,1,1,0
"Dc08865","locus192",1,1,NA,NA,1,NA,0.99996,1,1,0
"Dc08865","locus195",1,1,NA,NA,1,NA,1,1,1,0
"Dc08865","locus202",1,1,NA,NA,1,NA,1,1,1,0
"Dc08865","locus215",1,NA,NA,NA,1,NA,1,0.32594,1,0
"Dc08865","locus227",1,1,1,NA,1,NA,0.155904,1,1,0
"Dc08865","locus231",1,1,1,NA,1,NA,1,NA,1,0
"Dc08865","locus235",1,1,NA,NA,1,NA,0.237936,1,1,0
"Dc08865","locus236",1,1,NA,NA,1,1,0.877268,1,1,0
"Dc08865","locus237",1,1,NA,NA,1,NA,0.301548,1,1,0
"Dc08865","locus239",1,1,NA,NA,1,1,0.12404,1,1,0
"Dc08865","locus248",1,1,NA,NA,1,NA,1,1,1,0
"Dc08865","locus256",1,1,1,NA,1,NA,1,NA,1,0
"Dc08865","locus263",0.497784,1,NA,NA,1,NA,0.44367,NA,1,0
"Dc08865","locus264",1,1,NA,NA,1,NA,1,NA,1,0
"Dc08865","locus274",1,1,NA,NA,1,NA,1,NA,1,0
"Dc08865","locus282",1,1,NA,NA,1,NA,1,NA,1,0
"Dc08865","locus286",1,1,NA,NA,1,NA,1,NA,1,0
"Dc08865","locus291",1,1,NA,NA,1,NA,0.90148,NA,1,0
"Dc08865","locus292",0.5482,1,NA,NA,1,NA,1,NA,1,0
"Dc08865","locus296",1,1,NA,NA,1,NA,1,NA,1,0
"Dc08865","locus301",1,1,NA,NA,1,1,1,NA,1,0
"Dc08865","locus314",1,1,NA,NA,1,NA,1,NA,1,0
"Dc08865","locus321",1,1,NA,NA,1,NA,1,NA,0.83647,0
"Dc08865","locus322",0.870792,0.870792,NA,NA,0.985124,NA,0.12851,NA,0.985124,0
"Dc08865","locus323",1,1,NA,NA,1,NA,0.58888,NA,1,0
"Dc08865","locus332",1,1,1,NA,1,NA,0.8055,NA,1,0
"Dc08865","locus358",1,1,NA,NA,1,NA,1,NA,1,0
"Dc08865","locus359",1,1,NA,NA,1,NA,1,NA,1,0
"Dc08865","locus360",1,1,NA,NA,1,NA,1,NA,0.86299,0
"Dc10003","Dc10390",1,NA,NA,NA,1,NA,1,1,NA,0
"Dc10003","Dc10878",1,NA,NA,NA,1,NA,1,NA,NA,0
"Dc10003","Dc10885",0.30274,NA,1,NA,1,NA,0.756728,1,NA,0
"Dc10003","Dc11203",0.142464,NA,NA,NA,1,NA,1,1,NA,0
"Dc10003","Dc11714",1,NA,1,NA,1,NA,1,1,NA,0
"Dc10003","Dc13159",1,NA,NA,NA,1,NA,1,1,NA,0
"Dc10003","Dc13592",1,NA,NA,NA,1,NA,0.449584,1,NA,0
"Dc10003","Dc14022",1,NA,NA,NA,1,NA,1,1,NA,0
"Dc10003","Dc14945",1,NA,NA,NA,1,NA,1,1,NA,0
"Dc10003","Dc16747",1,NA,NA,NA,1,NA,1,1,NA,0
"Dc10003","Dc18951",1,NA,NA,NA,1,NA,1,1,NA,0
"Dc10003","Dc20232",1,NA,NA,NA,1,NA,0.714144,1,NA,0
"Dc10003","Dc22883",0.618792,NA,0.667448,NA,1,NA,0.618792,NA,NA,0
"Dc10003","Dc22887",1,NA,NA,NA,1,NA,1,1,NA,0
"Dc10003","Dc27955",0.071904,NA,NA,NA,1,NA,1,NA,NA,0
"Dc10003","Dc28124",1,NA,NA,NA,1,NA,1,1,NA,0
"Dc10003","Dc28776",1,NA,NA,NA,1,NA,0.427648,1,NA,0
"Dc10003","Dc30071",1,NA,NA,NA,1,NA,1,1,NA,0
"Dc10003","Dc31007",0.73698,NA,NA,NA,1,NA,1,NA,NA,0
"Dc10003","Dc33714",0.05856,NA,NA,NA,1,NA,0.22845,1,NA,0
"Dc10003","Dc33907",1,NA,NA,NA,1,NA,1,1,NA,0
"Dc10003","Dc34902",1,NA,NA,NA,1,NA,1,1,NA,0
"Dc10003","Dc35779",1,NA,NA,NA,1,NA,1,1,NA,0
"Dc10003","Dc36571",1,NA,NA,NA,1,NA,1,1,NA,0
"Dc10003","Dc36616",1,NA,NA,NA,1,NA,1,1,NA,0
"Dc10003","Dc40235",1,NA,NA,NA,1,NA,1,1,NA,0
"Dc10003","Dc41234",1,NA,NA,NA,1,NA,NA,NA,NA,0
"Dc10003","Dc46984",1,NA,NA,NA,1,NA,0.961648,1,NA,0
"Dc10003","Dc47572",1,NA,1,NA,1,NA,1,1,NA,0
"Dc10003","Dc47935",1,NA,1,NA,1,NA,1,1,NA,0
"Dc10003","Dc48207",1,NA,NA,NA,1,NA,1,1,NA,0
"Dc10003","Dc48950",0.552168,NA,NA,NA,1,NA,1,1,NA,0
"Dc10003","Dc49080",1,NA,NA,NA,1,NA,1,1,NA,0
"Dc10003","Dc49184",1,NA,NA,NA,1,NA,1,1,NA,0
"Dc10003","Dc51020",1,NA,NA,NA,1,NA,1,1,NA,0
"Dc10003","Dc52523",1,NA,NA,NA,1,NA,1,1,NA,0
"Dc10003","Dc55481",1,NA,NA,1,1,NA,1,NA,NA,0
"Dc10003","Dc58248",1,NA,NA,1,1,NA,1,NA,NA,0
"Dc10003","Dc62188",1,NA,NA,1,1,NA,1,NA,NA,0
"Dc10003","Dc67011",0.517608,NA,NA,1,1,NA,0.798492,NA,NA,0
"Dc10003","locus003",1,NA,NA,1,1,NA,1,NA,NA,0
"Dc10003","locus004",0.86416,NA,NA,1,1,NA,1,NA,NA,0
"Dc10003","locus005",1,NA,NA,1,1,NA,0.872256,NA,NA,0
"Dc10003","locus006",0.61794,NA,NA,1,1,NA,0.328696,NA,NA,0
"Dc10003","locus008",1,NA,NA,1,1,NA,1,NA,NA,0
"Dc10003","locus013",0.09064,NA,NA,1,1,NA,1,NA,NA,0
"Dc10003","locus014",1,NA,NA,1,1,NA,0.855808,NA,NA,0
"Dc10003","locus022",1,NA,NA,1,1,NA,0.740288,NA,NA,0
"Dc10003","locus024",1,NA,NA,1,1,NA,0.882904,NA,NA,0
"Dc10003","locus025",1,NA,NA,1,1,NA,1,NA,NA,0
"Dc10003","locus027",0.117424,NA,NA,NA,1,NA,NA,NA,NA,0
"Dc10003","locus030",0.74272,NA,NA,NA,1,NA,0.574434,NA,NA,0
"Dc10003","locus035",1,NA,NA,NA,1,NA,1,NA,NA,0
"Dc10003","locus038",1,NA,NA,NA,1,NA,1,NA,NA,0
"Dc10003","locus039",1,NA,NA,NA,1,NA,0.68886,NA,NA,0
"Dc10003","locus040",1,NA,NA,NA,1,NA,1,NA,NA,0
"Dc10003","locus041",1,NA,NA,NA,1,NA,0.43899,NA,NA,0
"Dc10003","locus045",0.625194,NA,NA,NA,1,NA,1,NA,NA,0
"Dc10003","locus047",1,NA,NA,NA,1,NA,1,NA,NA,0
"Dc10003","locus048",1,NA,NA,NA,1,NA,1,NA,NA,0
"Dc10003","locus053",1,NA,NA,NA,1,NA,0.181668,NA,NA,0
"Dc10003","locus055",0.767568,NA,NA,NA,1,NA,1,NA,NA,0
"Dc10003","locus056",1,NA,NA,1,1,NA,1,NA,NA,0
"Dc10003","locus058",1,NA,NA,1,1,NA,1,NA,NA,0
"Dc10003","locus060",1,NA,NA,1,1,NA,1,NA,NA,0
"Dc10003","locus061",1,NA,NA,NA,1,NA,0.40386,NA,NA,0
"Dc10003","locus062",1,NA,NA,1,1,NA,1,NA,NA,0
"Dc10003","locus064",1,NA,NA,1,1,NA,1,NA,NA,0
"Dc10003","locus065",1,NA,NA,1,1,NA,0.194824,NA,NA,0
"Dc10003","locus073",1,NA,1,1,1,NA,1,NA,NA,0
"Dc10003","locus074",1,NA,1,1,1,NA,0.43686,NA,NA,0
"Dc10003","locus076",1,NA,1,NA,1,NA,1,NA,NA,0
"Dc10003","locus077",1,NA,NA,1,1,NA,1,NA,NA,0
"Dc10003","locus080",1,NA,NA,NA,1,NA,0.398538,NA,NA,0
"Dc10003","locus083",1,NA,NA,NA,1,NA,1,NA,NA,0
"Dc10003","locus088",1,NA,NA,NA,1,NA,1,NA,NA,0
"Dc10003","locus093",1,NA,1,NA,1,NA,1,NA,NA,0
"Dc10003","locus096",1,NA,1,NA,1,NA,1,NA,NA,0
"Dc10003","locus098",1,NA,NA,NA,1,NA,1,NA,NA,0
"Dc10003","locus100",1,NA,1,NA,1,NA,1,NA,NA,0
"Dc10003","locus106",1,NA,NA,NA,1,NA,0.060192,NA,NA,0
"Dc10003","locus116",1,NA,NA,NA,1,NA,1,NA,NA,0
"Dc10003","locus119",1,NA,NA,NA,1,NA,0.369072,NA,NA,0
"Dc10003","locus120",0.260364,NA,NA,NA,1,NA,1,NA,NA,0
"Dc10003","locus128",0.293616,NA,NA,1,1,NA,1,NA,NA,0
"Dc10003","locus129",1,NA,1,1,1,NA,0.73937,NA,NA,0
"Dc10003","locus130",0.972972,NA,NA,NA,1,NA,0.862326,NA,NA,0
"Dc10003","locus134",1,NA,NA,NA,1,NA,1,NA,NA,0
"Dc10003","locus135",1,NA,NA,1,1,NA,1,NA,NA,0
"Dc10003","locus137",1,NA,NA,1,1,NA,1,NA,NA,0
"Dc10003","locus139",0.698912,NA,NA,1,1,NA,1,NA,NA,0
"Dc10003","locus140",0.670336,NA,NA,1,1,NA,1,NA,NA,0
"Dc10003","locus146",0.93608,NA,1,1,1,NA,1,NA,NA,0
"Dc10003","locus148",0.885392,NA,NA,1,1,NA,1,NA,NA,0
"Dc10003","locus151",1,NA,NA,1,1,NA,1,NA,NA,0
"Dc10003","locus157",0.428466,NA,NA,NA,1,NA,1,NA,NA,0
"Dc10003","locus161",1,NA,NA,1,1,NA,1,NA,NA,0
"Dc10003","locus165",1,NA,NA,NA,1,NA,1,NA,NA,0
"Dc10003","locus170",1,NA,NA,1,1,NA,1,NA,NA,0
"Dc10003","locus176",0.842784,NA,NA,NA,1,NA,0.638856,NA,NA,0
"Dc10003","locus184",1,NA,1,1,1,NA,1,NA,NA,0
"Dc10003","locus186",1,NA,NA,1,1,NA,1,NA,NA,0
"Dc10003","locus188",0.178824,NA,NA,NA,1,NA,1,1,NA,0
"Dc10003","locus189",0.65552,NA,NA,1,1,NA,0.71628,1,NA,0
"Dc10003","locus190",1,NA,NA,NA,1,NA,1,1,NA,0
"Dc10003","locus191",1,NA,NA,NA,1,NA,1,1,NA,0
"Dc10003","locus192",0.445776,NA,NA,NA,1,NA,1,1,NA,0
"Dc10003","locus195",0.304712,NA,NA,NA,1,NA,1,1,NA,0
"Dc10003","locus202",1,NA,NA,NA,1,NA,1,1,NA,0
"Dc10003","locus215",1,NA,NA,NA,1,NA,1,1,NA,0
"Dc10003","locus227",1,NA,1,NA,1,NA,1,1,NA,0
"Dc10003","locus231",1,NA,1,NA,1,NA,0.302096,NA,NA,0
"Dc10003","locus235",1,NA,NA,NA,1,NA,1,1,NA,0
"Dc10003","locus236",0.792672,NA,NA,NA,1,NA,0.330224,1,NA,0
"Dc10003","locus237",1,NA,NA,NA,1,NA,1,1,NA,0
"Dc10003","locus239",1,NA,NA,NA,1,NA,1,1,NA,0
"Dc10003","locus248",1,NA,NA,NA,1,NA,1,1,NA,0
"Dc10003","locus256",1,NA,1,NA,1,NA,1,NA,NA,0
"Dc10003","locus263",1,NA,NA,NA,1,NA,1,NA,NA,0
"Dc10003","locus264",0.582822,NA,NA,NA,1,NA,1,NA,NA,0
"Dc10003","locus274",1,NA,NA,NA,1,NA,1,NA,NA,0
"Dc10003","locus280",0.172272,NA,NA,NA,1,NA,0.464544,NA,NA,0
"Dc10003","locus282",1,NA,NA,NA,1,NA,0.097338,NA,NA,0
"Dc10003","locus286",1,NA,NA,NA,1,NA,1,NA,NA,0
"Dc10003","locus291",1,NA,NA,NA,1,NA,0.855276,NA,NA,0
"Dc10003","locus292",0.714472,NA,NA,NA,1,NA,0.309996,NA,NA,0
"Dc10003","locus296",0.109278,NA,NA,NA,1,NA,1,NA,NA,0
"Dc10003","locus301",1,NA,NA,NA,1,NA,1,NA,NA,0
"Dc10003","locus314",1,NA,NA,NA,1,NA,1,NA,NA,0
"Dc10003","locus321",1,NA,NA,NA,1,NA,1,NA,NA,0
"Dc10003","locus322",1,NA,NA,NA,1,NA,1,NA,NA,0
"Dc10003","locus323",1,NA,NA,NA,1,NA,1,NA,NA,0
"Dc10003","locus329",0.545856,NA,NA,NA,1,NA,0.894836,NA,NA,0
"Dc10003","locus358",0.609534,NA,NA,NA,1,NA,0.716972,NA,NA,0
"Dc10003","locus359",1,NA,NA,NA,1,NA,1,NA,NA,0
"Dc10003","locus360",0.751592,NA,1,NA,1,NA,1,NA,NA,0
"Dc10390","Dc10878",1,1,NA,NA,1,NA,1,NA,1,0
"Dc10390","Dc10885",0.65583,1,1,NA,1,NA,1,1,1,0
"Dc10390","Dc11203",1,1,NA,NA,1,1,1,1,0.374458,0
"Dc10390","Dc11714",0.69918,1,1,NA,1,NA,0.6636,1,1,0
"Dc10390","Dc13159",0.37434,1,NA,NA,1,NA,0.68997,1,1,0
"Dc10390","Dc13592",0.563296,0.222696,NA,NA,1,NA,0.53889,1,1,0
"Dc10390","Dc14022",1,1,NA,NA,1,NA,1,1,1,0
"Dc10390","Dc14945",1,0.79549,NA,NA,1,NA,0.222,1,1,0
"Dc10390","Dc16747",1,0.265908,NA,NA,1,NA,1,1,1,0
"Dc10390","Dc18951",0.781728,0.545734,NA,NA,0.781728,1,0.781728,1,1,0
"Dc10390","Dc20232",1,1,NA,NA,1,1,1,1,1,0
"Dc10390","Dc22883",1,1,1,NA,1,NA,1,NA,1,0
"Dc10390","Dc22887",1,1,NA,NA,1,NA,1,1,1,0
"Dc10390","Dc27955",1,1,NA,NA,1,NA,1,NA,0.75649,0
"Dc10390","Dc28124",1,1,NA,NA,1,NA,1,1,1,0
"Dc10390","Dc28776",1,1,NA,NA,1,NA,1,1,1,0
"Dc10390","Dc30071",1,0.685476,NA,NA,1,NA,1,1,1,0
"Dc10390","Dc31007",1,NA,NA,NA,1,NA,0.276936,NA,1,0
"Dc10390","Dc33714",1,1,NA,NA,1,NA,0.173832,1,1,0
"Dc10390","Dc33907",1,1,NA,NA,0.852492,NA,1,1,1,0
"Dc10390","Dc34902",1,1,NA,NA,1,NA,1,1,1,0
"Dc10390","Dc35779",1,0.820442,NA,NA,1,1,1,1,1,0
"Dc10390","Dc36571",1,1,NA,NA,1,NA,1,1,1,0
"Dc10390","Dc36616",1,1,NA,NA,1,1,0.894726,1,1,0
"Dc10390","Dc40235",1,1,NA,NA,1,NA,1,1,1,0
"Dc10390","Dc41234",1,0.60262,1,NA,1,NA,NA,NA,1,0
"Dc10390","Dc46984",1,1,1,NA,1,NA,1,1,1,0
"Dc10390","Dc47572",1,1,1,NA,1,1,1,1,1,0
"Dc10390","Dc47935",1,1,NA,NA,1,NA,1,1,1,0
"Dc10390","Dc48207",1,1,NA,NA,1,1,1,1,0.588616,0
"Dc10390","Dc48950",1,0.97803,NA,NA,1,NA,0.916284,1,1,0
"Dc10390","Dc49080",1,1,NA,NA,1,NA,1,1,0.715104,0
"Dc10390","Dc49184",1,1,NA,NA,1,NA,1,1,1,0
"Dc10390","Dc51020",1,1,NA,NA,1,NA,0.931776,1,1,0
"Dc10390","Dc52523",1,1,NA,NA,1,1,1,1,1,0
"Dc10390","Dc55481",0.151932,0.64055,NA,0.999896,1,NA,0.999896,NA,1,0
"Dc10390","Dc58248",0.87744,1,NA,1,1,NA,0.425256,NA,1,0
"Dc10390","Dc62188",0.862632,1,NA,1,1,NA,0.49182,NA,0.49182,0
"Dc10390","Dc67011",1,1,NA,1,1,NA,1,NA,1,0
"Dc10390","locus003",0.939252,1,NA,1,1,NA,1,NA,1,0
"Dc10390","locus004",1,1,NA,1,1,NA,1,NA,1,0
"Dc10390","locus005",1,1,NA,1,0.283536,NA,1,NA,1,0
"Dc10390","locus006",1,1,NA,1,1,NA,1,NA,1,0
"Dc10390","locus008",1,1,NA,1,1,NA,0.74442,NA,1,0
"Dc10390","locus013",0.487802,1,NA,1,1,1,1,NA,0.757764,0
"Dc10390","locus014",1,1,NA,1,1,NA,1,NA,1,0
"Dc10390","locus022",1,1,NA,1,1,NA,1,NA,1,0
"Dc10390","locus024",1,1,NA,1,1,NA,1,NA,1,0
"Dc10390","locus025",0.558096,1,NA,1,1,NA,1,NA,1,0
"Dc10390","locus027",1,1,1,NA,0.192536,NA,NA,NA,NA,0
"Dc10390","locus030",1,1,NA,NA,1,NA,1,NA,1,0
"Dc10390","locus035",1,1,NA,NA,1,1,1,NA,1,0
"Dc10390","locus038",1,1,NA,NA,1,NA,1,NA,1,0
"Dc10390","locus039",1,1,NA,NA,1,NA,1,NA,1,0
"Dc10390","locus040",1,0.58711,NA,NA,1,NA,0.58711,NA,1,0
"Dc10390","locus041",1,0.19256,NA,NA,1,NA,1,NA,1,0
"Dc10390","locus045",1,1,NA,NA,1,NA,1,NA,1,0
"Dc10390","locus047",1,0.665168,NA,NA,1,NA,1,NA,0.52027,0
"Dc10390","locus048",1,1,NA,NA,1,NA,1,NA,1,0
"Dc10390","locus053",1,1,NA,NA,1,NA,1,NA,1,0
"Dc10390","locus055",1,1,NA,NA,1,NA,1,NA,1,0
"Dc10390","locus056",1,0.934224,NA,1,1,NA,1,NA,1,0
"Dc10390","locus058",0.294072,1,NA,1,0.48074,NA,1,NA,1,0
"Dc10390","locus060",1,1,NA,1,1,NA,1,NA,1,0
"Dc10390","locus061",1,NA,1,NA,1,NA,1,NA,1,0
"Dc10390","locus062",1,1,NA,1,1,NA,1,NA,1,0
"Dc10390","locus064",1,1,NA,1,1,NA,1,NA,1,0
"Dc10390","locus073",1,1,1,1,1,NA,1,NA,1,0
"Dc10390","locus074",0.91896,1,1,1,1,NA,1,NA,1,0
"Dc10390","locus076",1,0.570962,1,NA,1,1,1,NA,1,0
"Dc10390","locus077",1,0.717252,NA,1,1,NA,1,NA,1,0
"Dc10390","locus080",1,1,NA,NA,1,NA,1,NA,1,0
"Dc10390","locus083",1,NA,NA,NA,1,NA,0.404202,NA,0.277416,0
"Dc10390","locus088",0.2019,0.336408,NA,NA,0.336408,NA,0.336408,NA,1,0
"Dc10390","locus093",1,1,1,NA,1,NA,1,NA,1,0
"Dc10390","locus096",1,1,1,NA,1,NA,1,NA,0.573864,0
"Dc10390","locus098",1,1,NA,NA,1,NA,0.88748,NA,1,0
"Dc10390","locus100",0.96077,1,1,NA,0.852024,NA,1,NA,1,0
"Dc10390","locus106",1,1,NA,NA,1,NA,1,NA,1,0
"Dc10390","locus116",0.49376,0.541232,NA,NA,1,NA,1,NA,1,0
"Dc10390","locus119",0.18552,1,NA,NA,1,NA,1,NA,0.10097,0
"Dc10390","locus120",1,1,NA,NA,1,NA,1,NA,1,0
"Dc10390","locus128",1,1,NA,1,1,NA,1,NA,1,0
"Dc10390","locus129",1,1,1,1,1,NA,1,NA,1,0
"Dc10390","locus130",1,NA,NA,NA,1,NA,0.758896,NA,1,0
"Dc10390","locus134",0.180792,0.080262,1,NA,1,1,1,NA,1,0
"Dc10390","locus135",1,1,NA,1,1,NA,1,NA,1,0
"Dc10390","locus137",1,1,NA,1,1,NA,1,NA,1,0
"Dc10390","locus139",1,1,NA,1,1,NA,1,NA,0.458976,0
"Dc10390","locus140",1,1,NA,1,1,NA,1,NA,0.454836,0
"Dc10390","locus146",1,1,1,1,1,NA,1,NA,1,0
"Dc10390","locus151",1,NA,NA,1,1,NA,1,NA,1,0
"Dc10390","locus157",0.522952,NA,NA,NA,0.857634,NA,1,NA,1,0
"Dc10390","locus165",0.683056,1,NA,NA,1,NA,0.49475,NA,1,0
"Dc10390","locus170",0.096588,1,NA,1,1,NA,0.17983,NA,1,0
"Dc10390","locus176",1,NA,NA,NA,1,NA,1,NA,1,0
"Dc10390","locus184",0.72247,1,1,1,1,NA,1,NA,1,0
"Dc10390","locus186",1,0.820212,NA,1,1,NA,1,NA,1,0
"Dc10390","locus188",1,1,NA,NA,1,NA,0.1332,1,1,0
"Dc10390","locus189",1,1,NA,1,1,NA,1,1,1,0
"Dc10390","locus190",1,1,NA,NA,0.858744,NA,1,1,1,0
"Dc10390","locus191",1,NA,NA,NA,0.70644,NA,1,1,1,0
"Dc10390","locus192",1,1,NA,NA,1,NA,1,1,1,0
"Dc10390","locus195",1,1,NA,NA,1,NA,0.477696,1,1,0
"Dc10390","locus202",1,1,NA,NA,0.864216,NA,1,1,1,0
"Dc10390","locus215",1,NA,NA,NA,1,NA,0.39557,1,1,0
"Dc10390","locus227",1,1,1,NA,1,NA,1,1,1,0
"Dc10390","locus231",0.66796,1,NA,NA,1,NA,1,NA,0.08423,0
"Dc10390","locus235",0.469704,1,NA,NA,1,NA,1,1,1,0
"Dc10390","locus236",0.909538,1,NA,NA,1,1,1,1,1,0
"Dc10390","locus237",1,1,NA,NA,1,NA,1,1,1,0
"Dc10390","locus239",1,1,NA,NA,1,1,1,1,0.73563,0
"Dc10390","locus248",1,1,NA,NA,1,NA,0.064068,1,1,0
"Dc10390","locus256",0.379736,0.837692,NA,NA,0.379736,NA,0.35089,NA,0.837692,0
"Dc10390","locus263",1,0.84073,NA,NA,1,NA,1,NA,1,0
"Dc10390","locus264",1,1,NA,NA,1,NA,1,NA,1,0
"Dc10390","locus274",1,1,NA,NA,1,NA,1,NA,1,0
"Dc10390","locus282",1,1,NA,NA,1,NA,1,NA,1,0
"Dc10390","locus286",1,1,NA,NA,1,NA,1,NA,1,0
"Dc10390","locus291",1,1,NA,NA,1,NA,1,NA,1,0
"Dc10390","locus292",1,0.71672,NA,NA,1,NA,1,NA,1,0
"Dc10390","locus296",1,1,NA,NA,1,NA,1,NA,1,0
"Dc10390","locus301",1,1,NA,NA,1,1,1,NA,1,0
"Dc10390","locus314",1,1,NA,NA,1,NA,1,NA,1,0
"Dc10390","locus321",0.47659,0.780162,NA,NA,0.47659,NA,0.739188,NA,0.739188,0
"Dc10390","locus322",1,1,NA,NA,0.71453,NA,1,NA,0.71453,0
"Dc10390","locus323",0.899528,0.44306,NA,NA,1,NA,0.899528,NA,0.899528,0
"Dc10390","locus329",1,1,NA,NA,1,NA,1,NA,1,0
"Dc10390","locus332",1,1,1,NA,1,NA,1,NA,1,0
"Dc10390","locus358",1,1,NA,NA,1,NA,1,NA,0.1106,0
"Dc10390","locus359",1,1,NA,NA,1,NA,1,NA,1,0
"Dc10390","locus360",1,1,NA,NA,1,NA,1,NA,1,0
"Dc10878","Dc10885",1,1,1,NA,1,NA,1,NA,1,0
"Dc10878","Dc11203",1,1,NA,NA,1,NA,1,NA,1,0
"Dc10878","Dc11714",0.72008,1,1,NA,0.70712,NA,0.323028,NA,1,0
"Dc10878","Dc13159",1,1,NA,NA,1,NA,1,NA,1,0
"Dc10878","Dc13592",1,1,NA,NA,1,NA,0.29739,NA,1,0
"Dc10878","Dc14022",1,1,NA,NA,1,NA,1,NA,1,0
"Dc10878","Dc14945",0.27422,0.27422,NA,NA,1,NA,1,NA,1,0
"Dc10878","Dc16747",1,0.69457,NA,NA,1,NA,1,NA,1,0
"Dc10878","Dc18951",1,1,NA,NA,1,NA,0.06514,NA,0.512504,0
"Dc10878","Dc20232",1,1,NA,NA,1,NA,0.75686,NA,1,0
"Dc10878","Dc22883",1,1,1,NA,1,NA,1,NA,1,0
"Dc10878","Dc22887",0.69611,1,NA,NA,1,NA,1,NA,1,0
"Dc10878","Dc27955",1,1,NA,NA,1,NA,0.95488,NA,1,0
"Dc10878","Dc28124",1,1,NA,NA,1,NA,1,NA,1,0
"Dc10878","Dc28776",1,1,NA,NA,1,NA,1,NA,1,0
"Dc10878","Dc30071",1,1,NA,NA,1,NA,1,NA,1,0
"Dc10878","Dc31007",1,NA,NA,NA,1,NA,0.544984,NA,1,0
"Dc10878","Dc33714",1,1,NA,NA,1,NA,1,NA,1,0
"Dc10878","Dc33907",1,0.42467,NA,NA,1,NA,1,NA,1,0
"Dc10878","Dc34902",1,1,NA,NA,1,NA,1,NA,1,0
"Dc10878","Dc35779",1,1,NA,NA,0.575968,NA,0.18603,NA,1,0
"Dc10878","Dc36571",1,0.833704,NA,NA,1,NA,0.55148,NA,1,0
"Dc10878","Dc36616",1,1,NA,NA,1,NA,1,NA,1,0
"Dc10878","Dc40235",0.366928,1,NA,NA,1,NA,0.18975,NA,1,0
"Dc10878","Dc41234",1,0.72701,1,NA,1,NA,NA,NA,1,0
"Dc10878","Dc46984",1,1,1,NA,1,NA,1,NA,1,0
"Dc10878","Dc47572",1,0.35202,1,NA,1,NA,1,NA,1,0
"Dc10878","Dc47935",1,1,NA,NA,1,NA,1,NA,1,0
"Dc10878","Dc48207",1,0.910744,NA,NA,1,NA,1,NA,0.5605,0
"Dc10878","Dc48950",1,0.45512,NA,NA,1,NA,1,NA,1,0
"Dc10878","Dc49080",1,1,NA,NA,1,NA,1,NA,1,0
"Dc10878","Dc49184",1,0.29179,NA,NA,1,NA,1,NA,1,0
"Dc10878","Dc51020",1,1,NA,NA,1,NA,1,NA,0.44098,0
"Dc10878","Dc52523",1,1,NA,NA,1,NA,1,NA,1,0
"Dc10878","Dc55481",1,1,NA,NA,1,NA,1,NA,1,0
"Dc10878","Dc58248",1,0.57812,NA,NA,1,NA,1,NA,1,0
"Dc10878","Dc62188",1,0.85988,NA,NA,1,NA,1,NA,0.914704,0
"Dc10878","Dc67011",1,0.793832,NA,NA,0.848754,NA,0.32914,NA,1,0
"Dc10878","locus003",1,1,NA,NA,1,NA,1,NA,1,0
"Dc10878","locus004",1,1,NA,NA,1,NA,1,NA,1,0
"Dc10878","locus005",1,1,NA,NA,1,NA,1,NA,1,0
"Dc10878","locus006",1,0.96378,NA,NA,1,NA,1,NA,1,0
"Dc10878","locus008",1,1,NA,NA,0.48193,NA,1,NA,1,0
"Dc10878","locus013",1,1,NA,NA,1,NA,1,NA,1,0
"Dc10878","locus014",1,1,NA,NA,1,NA,1,NA,1,0
"Dc10878","locus022",1,1,NA,NA,1,NA,1,NA,1,0
"Dc10878","locus024",1,1,NA,NA,1,NA,0.654896,NA,0.23402,0
"Dc10878","locus025",1,1,NA,NA,1,NA,1,NA,1,0
"Dc10878","locus027",1,1,1,NA,1,NA,NA,NA,NA,0
"Dc10878","locus030",1,0.15086,NA,NA,1,NA,0.761408,NA,1,0
"Dc10878","locus035",1,0.478482,NA,NA,0.24022,NA,0.269664,NA,1,0
"Dc10878","locus038",0.09911,1,NA,NA,1,NA,0.51972,NA,1,0
"Dc10878","locus039",1,1,NA,NA,1,NA,1,NA,1,0
"Dc10878","locus040",1,1,NA,NA,1,NA,1,NA,1,0
"Dc10878","locus041",1,1,NA,NA,1,NA,1,NA,1,0
"Dc10878","locus045",1,1,NA,NA,1,NA,1,NA,1,0
"Dc10878","locus047",1,1,NA,NA,0.48186,NA,1,NA,1,0
"Dc10878","locus048",0.839392,0.839392,NA,NA,1,NA,0.56913,NA,1,0
"Dc10878","locus053",1,0.89835,NA,NA,1,NA,1,NA,1,0
"Dc10878","locus055",1,1,NA,NA,1,NA,1,NA,1,0
"Dc10878","locus056",1,1,NA,NA,1,NA,1,NA,1,0
"Dc10878","locus058",1,0.742336,NA,NA,1,NA,1,NA,0.63027,0
"Dc10878","locus060",0.73164,0.73164,NA,NA,1,NA,1,NA,1,0
"Dc10878","locus061",1,NA,1,NA,1,NA,1,NA,1,0
"Dc10878","locus062",1,1,NA,NA,1,NA,1,NA,1,0
"Dc10878","locus064",1,1,NA,NA,1,NA,1,NA,1,0
"Dc10878","locus065",1,1,NA,NA,1,NA,1,NA,0.54779,0
"Dc10878","locus073",0.200676,0.86056,1,NA,1,NA,1,NA,0.82806,0
"Dc10878","locus074",1,1,1,NA,1,NA,1,NA,1,0
"Dc10878","locus076",1,1,1,NA,1,NA,1,NA,1,0
"Dc10878","locus077",0.828792,0.51941,NA,NA,1,NA,0.828792,NA,1,0
"Dc10878","locus080",1,0.89975,NA,NA,1,NA,1,NA,1,0
"Dc10878","locus083",1,NA,NA,NA,1,NA,0.211816,NA,1,0
"Dc10878","locus088",1,1,NA,NA,1,NA,1,NA,1,0
"Dc10878","locus093",0.141,1,1,NA,1,NA,0.69686,NA,1,0
"Dc10878","locus096",1,1,1,NA,1,NA,1,NA,1,0
"Dc10878","locus098",1,0.09072,NA,NA,0.864426,NA,0.38148,NA,1,0
"Dc10878","locus100",1,0.407724,1,NA,1,NA,1,NA,1,0
"Dc10878","locus106",1,1,NA,NA,1,NA,1,NA,1,0
"Dc10878","locus116",1,1,NA,NA,1,NA,1,NA,1,0
"Dc10878","locus119",0.63571,1,NA,NA,1,NA,0.803768,NA,1,0
"Dc10878","locus120",1,1,NA,NA,1,NA,1,NA,1,0
"Dc10878","locus128",0.86355,1,NA,NA,1,NA,0.992848,NA,1,0
"Dc10878","locus129",1,1,1,NA,1,NA,1,NA,1,0
"Dc10878","locus130",0.236968,NA,NA,NA,0.968612,NA,0.426978,NA,0.968612,0
"Dc10878","locus134",0.728808,0.856554,1,NA,0.73956,NA,0.821856,NA,0.856554,0
"Dc10878","locus135",1,1,NA,NA,1,NA,1,NA,1,0
"Dc10878","locus137",0.813072,0.28508,NA,NA,1,NA,0.477736,NA,1,0
"Dc10878","locus139",1,0.7244,NA,NA,1,NA,1,NA,1,0
"Dc10878","locus140",1,0.73303,NA,NA,1,NA,1,NA,1,0
"Dc10878","locus146",1,0.847524,1,NA,1,NA,1,NA,1,0
"Dc10878","locus148",0.23438,0.375738,NA,NA,1,NA,0.259248,NA,0.647656,0
"Dc10878","locus151",1,NA,NA,NA,0.574344,NA,1,NA,1,0
"Dc10878","locus157",1,NA,NA,NA,1,NA,1,NA,1,0
"Dc10878","locus161",1,1,NA,NA,1,NA,1,NA,1,0
"Dc10878","locus165",1,1,NA,NA,1,NA,1,NA,1,0
"Dc10878","locus170",1,1,NA,NA,1,NA,1,NA,1,0
"Dc10878","locus176",0.609792,NA,NA,NA,1,NA,0.609792,NA,1,0
"Dc10878","locus184",1,0.345108,1,NA,1,NA,1,NA,1,0
"Dc10878","locus186",1,0.71504,NA,NA,0.71504,NA,1,NA,0.71504,0
"Dc10878","locus188",1,0.79131,NA,NA,1,NA,1,NA,1,0
"Dc10878","locus189",1,1,NA,NA,1,NA,1,NA,1,0
"Dc10878","locus190",0.90288,1,NA,NA,0.71726,NA,1,NA,1,0
"Dc10878","locus191",1,NA,NA,NA,0.571808,NA,1,NA,1,0
"Dc10878","locus192",1,1,NA,NA,1,NA,1,NA,0.18561,0
"Dc10878","locus195",0.422224,0.904732,NA,NA,1,NA,0.39952,NA,0.75777,0
"Dc10878","locus202",1,1,NA,NA,1,NA,0.06114,NA,0.220624,0
"Dc10878","locus215",1,NA,NA,NA,1,NA,1,NA,0.66416,0
"Dc10878","locus227",1,1,1,NA,1,NA,1,NA,1,0
"Dc10878","locus231",0.19036,1,NA,NA,1,NA,1,NA,1,0
"Dc10878","locus235",1,1,NA,NA,1,NA,0.24383,NA,1,0
"Dc10878","locus236",0.48133,1,NA,NA,1,NA,1,NA,1,0
"Dc10878","locus237",0.89116,1,NA,NA,1,NA,1,NA,1,0
"Dc10878","locus248",1,0.88933,NA,NA,1,NA,1,NA,1,0
"Dc10878","locus256",0.26169,0.903936,NA,NA,0.903936,NA,0.903936,NA,0.903936,0
"Dc10878","locus263",1,1,NA,NA,1,NA,1,NA,1,0
"Dc10878","locus264",1,1,NA,NA,1,NA,1,NA,0.27933,0
"Dc10878","locus274",1,1,NA,NA,1,NA,1,NA,1,0
"Dc10878","locus280",1,1,NA,NA,1,NA,1,NA,1,0
"Dc10878","locus282",1,1,NA,NA,1,NA,1,NA,1,0
"Dc10878","locus286",0.313048,0.08314,NA,NA,1,NA,1,NA,1,0
"Dc10878","locus291",0.09289,1,NA,NA,1,NA,1,NA,1,0
"Dc10878","locus292",0.65549,1,NA,NA,1,NA,0.82204,NA,1,0
"Dc10878","locus296",0.534944,0.49976,NA,NA,1,NA,1,NA,1,0
"Dc10878","locus301",0.3734,1,NA,NA,1,NA,0.73192,NA,1,0
"Dc10878","locus314",0.66102,0.66102,NA,NA,0.24392,NA,0.55784,NA,0.55784,0
"Dc10878","locus321",1,1,NA,NA,1,NA,1,NA,1,0
"Dc10878","locus322",1,0.42769,NA,NA,1,NA,1,NA,1,0
"Dc10878","locus323",0.36725,0.45388,NA,NA,0.45388,NA,1,NA,1,0
"Dc10878","locus329",0.45656,1,NA,NA,1,NA,1,NA,1,0
"Dc10878","locus332",1,1,1,NA,1,NA,0.54228,NA,1,0
"Dc10878","locus358",0.86625,0.86625,NA,NA,1,NA,1,NA,1,0
"Dc10878","locus359",1,1,NA,NA,1,NA,1,NA,1,0
"Dc10878","locus360",1,1,NA,NA,1,NA,1,NA,1,0
"Dc10885","Dc11203",1,1,NA,NA,1,1,1,1,1,0
"Dc10885","Dc11714",1,1,1,NA,1,NA,1,1,1,0
"Dc10885","Dc13159",1,1,NA,NA,1,NA,1,1,1,0
"Dc10885","Dc13592",1,1,NA,NA,1,NA,1,1,1,0
"Dc10885","Dc14022",0.822336,1,NA,NA,1,NA,1,1,1,0
"Dc10885","Dc14945",1,1,NA,NA,1,NA,1,1,1,0
"Dc10885","Dc16747",1,1,NA,NA,1,NA,1,1,1,0
"Dc10885","Dc18951",0.711516,0.181566,NA,NA,0.72911,1,1,1,1,0
"Dc10885","Dc20232",1,1,NA,NA,1,1,1,1,1,0
"Dc10885","Dc22883",1,0.66593,NA,NA,1,NA,1,NA,1,0
"Dc10885","Dc22887",1,1,NA,NA,1,NA,1,1,1,0
"Dc10885","Dc27955",0.191424,0.10167,NA,NA,1,NA,0.938106,NA,1,0
"Dc10885","Dc28124",1,1,NA,NA,1,NA,0.435264,1,1,0
"Dc10885","Dc28776",1,0.76844,NA,NA,0.56824,NA,1,1,0.36156,0
"Dc10885","Dc30071",1,1,NA,NA,1,NA,1,1,1,0
"Dc10885","Dc31007",0.479376,NA,NA,NA,1,NA,0.495972,NA,0.288424,0
"Dc10885","Dc33714",0.36474,1,NA,NA,1,NA,1,1,0.88327,0
"Dc10885","Dc33907",1,1,NA,NA,1,NA,1,1,1,0
"Dc10885","Dc34902",1,0.254544,NA,NA,1,NA,1,1,0.29745,0
"Dc10885","Dc35779",1,1,NA,NA,1,1,1,1,1,0
"Dc10885","Dc36571",1,0.415764,NA,NA,1,NA,1,1,1,0
"Dc10885","Dc36616",1,1,NA,NA,1,1,1,1,1,0
"Dc10885","Dc40235",1,1,1,NA,1,NA,1,1,1,0
"Dc10885","Dc41234",0.132624,0.840006,NA,NA,1,NA,NA,NA,0.840006,0
"Dc10885","Dc46984",1,1,NA,NA,1,NA,1,1,1,0
"Dc10885","Dc47572",1,1,1,NA,1,1,1,1,1,0
"Dc10885","Dc47935",1,0.5194,NA,NA,1,NA,1,1,0.493392,0
"Dc10885","Dc48207",1,1,NA,NA,1,1,1,1,1,0
"Dc10885","Dc48950",1,0.083448,NA,NA,1,NA,1,1,1,0
"Dc10885","Dc49080",1,1,NA,NA,1,NA,1,1,1,0
"Dc10885","Dc49184",0.47409,1,NA,NA,1,NA,1,1,0.449856,0
"Dc10885","Dc51020",1,1,NA,NA,1,NA,1,1,1,0
"Dc10885","Dc52523",0.07056,0.601908,NA,NA,1,1,1,1,1,0
"Dc10885","Dc55481",1,1,NA,1,1,NA,1,NA,0.691476,0
"Dc10885","Dc62188",1,0.740328,NA,1,1,NA,1,NA,1,0
"Dc10885","Dc67011",1,1,NA,1,1,NA,0.346884,NA,1,0
"Dc10885","locus003",1,0.76842,NA,1,1,NA,0.256956,NA,1,0
"Dc10885","locus004",1,1,NA,1,1,NA,1,NA,1,0
"Dc10885","locus005",1,1,NA,1,1,NA,1,NA,1,0
"Dc10885","locus006",0.804732,1,NA,1,1,NA,1,NA,1,0
"Dc10885","locus008",1,1,NA,1,1,NA,1,NA,1,0
"Dc10885","locus013",1,1,NA,1,1,1,1,NA,1,0
"Dc10885","locus014",0.051144,1,NA,1,1,NA,0.98257,NA,1,0
"Dc10885","locus022",1,1,NA,1,1,NA,1,NA,1,0
"Dc10885","locus024",1,0.550692,NA,1,1,NA,1,NA,1,0
"Dc10885","locus025",1,1,NA,1,1,NA,1,NA,1,0
"Dc10885","locus027",0.252534,1,NA,NA,1,NA,NA,NA,NA,0
"Dc10885","locus030",0.675456,0.20203,NA,NA,0.772922,NA,0.675456,NA,0.675456,0
"Dc10885","locus035",1,1,NA,NA,1,1,1,NA,1,0
"Dc10885","locus038",1,1,NA,NA,1,NA,1,NA,0.49551,0
"Dc10885","locus039",1,1,NA,NA,1,NA,0.6124,NA,1,0
"Dc10885","locus040",0.966984,0.55939,NA,NA,0.966984,NA,0.966984,NA,0.966984,0
"Dc10885","locus041",1,1,NA,NA,1,NA,1,NA,1,0
"Dc10885","locus047",1,1,NA,NA,1,NA,0.74481,NA,1,0
"Dc10885","locus048",1,1,NA,NA,1,NA,1,NA,1,0
"Dc10885","locus053",1,1,NA,NA,1,NA,1,NA,1,0
"Dc10885","locus055",1,0.43979,NA,NA,1,NA,1,NA,1,0
"Dc10885","locus056",1,1,NA,1,1,NA,1,NA,1,0
"Dc10885","locus060",1,1,NA,1,1,NA,1,NA,1,0
"Dc10885","locus061",0.679648,NA,NA,NA,1,NA,0.679648,NA,1,0
"Dc10885","locus062",1,1,NA,1,1,NA,1,NA,1,0
"Dc10885","locus064",1,0.421068,NA,1,1,NA,1,NA,1,0
"Dc10885","locus065",1,1,NA,1,1,NA,1,NA,1,0
"Dc10885","locus073",1,1,1,1,1,NA,1,NA,1,0
"Dc10885","locus074",1,1,1,1,1,NA,1,NA,0.731514,0
"Dc10885","locus076",0.7305,1,NA,NA,1,1,1,NA,1,0
"Dc10885","locus077",1,1,NA,1,1,NA,1,NA,1,0
"Dc10885","locus080",1,1,NA,NA,0.59091,NA,1,NA,1,0
"Dc10885","locus083",0.99148,NA,NA,NA,0.99148,NA,0.339616,NA,0.339616,0
"Dc10885","locus088",0.64119,1,NA,NA,1,NA,1,NA,1,0
"Dc10885","locus093",1,1,1,NA,1,NA,1,NA,1,0
"Dc10885","locus096",1,1,1,NA,1,NA,1,NA,1,0
"Dc10885","locus098",1,1,NA,NA,1,NA,1,NA,1,0
"Dc10885","locus100",1,1,1,NA,1,NA,1,NA,1,0
"Dc10885","locus106",1,0.08595,NA,NA,1,NA,1,NA,1,0
"Dc10885","locus116",1,1,NA,NA,1,NA,1,NA,1,0
"Dc10885","locus119",1,1,NA,NA,1,NA,0.29591,NA,1,0
"Dc10885","locus120",1,0.47995,NA,NA,1,NA,1,NA,1,0
"Dc10885","locus128",0.929128,1,NA,1,1,NA,0.112896,NA,0.89839,0
"Dc10885","locus129",0.837744,1,NA,1,1,NA,1,NA,1,0
"Dc10885","locus130",1,NA,NA,NA,0.7926,NA,1,NA,1,0
"Dc10885","locus134",0.94058,0.494412,NA,NA,1,1,1,NA,1,0
"Dc10885","locus135",1,1,NA,1,1,NA,0.797136,NA,1,0
"Dc10885","locus137",0.49697,1,NA,1,1,NA,1,NA,0.425376,0
"Dc10885","locus139",1,0.95693,NA,1,1,NA,1,NA,0.103548,0
"Dc10885","locus140",1,0.96901,NA,1,1,NA,1,NA,0.101988,0
"Dc10885","locus146",1,1,1,1,1,NA,1,NA,1,0
"Dc10885","locus148",1,1,NA,1,1,NA,1,NA,1,0
"Dc10885","locus151",1,NA,NA,1,1,NA,1,NA,1,0
"Dc10885","locus157",1,NA,NA,NA,1,NA,1,NA,1,0
"Dc10885","locus161",1,1,NA,1,1,NA,1,NA,1,0
"Dc10885","locus165",1,1,NA,NA,1,NA,1,NA,1,0
"Dc10885","locus176",1,NA,NA,NA,1,NA,1,NA,1,0
"Dc10885","locus184",1,1,1,1,1,NA,1,NA,0.514612,0
"Dc10885","locus186",1,1,NA,1,1,NA,1,NA,1,0
"Dc10885","locus188",1,1,NA,NA,1,NA,1,1,1,0
"Dc10885","locus189",1,1,NA,1,1,NA,0.658476,1,1,0
"Dc10885","locus190",1,1,NA,NA,1,NA,1,1,1,0
"Dc10885","locus191",0.60768,NA,NA,NA,1,NA,1,1,1,0
"Dc10885","locus192",1,1,NA,NA,1,NA,1,1,1,0
"Dc10885","locus195",1,1,NA,NA,1,NA,0.298164,1,1,0
"Dc10885","locus202",1,1,NA,NA,1,NA,1,1,1,0
"Dc10885","locus215",1,NA,NA,NA,1,NA,1,1,1,0
"Dc10885","locus227",1,1,1,NA,1,NA,1,1,1,0
"Dc10885","locus231",1,1,NA,NA,0.72276,NA,1,NA,1,0
"Dc10885","locus235",1,1,NA,NA,1,NA,1,1,1,0
"Dc10885","locus236",1,1,NA,NA,1,1,1,1,1,0
"Dc10885","locus237",1,1,NA,NA,1,NA,1,1,1,0
"Dc10885","locus239",1,1,NA,NA,1,1,1,1,1,0
"Dc10885","locus248",1,1,NA,NA,1,NA,1,1,1,0
"Dc10885","locus256",1,1,NA,NA,1,NA,1,NA,1,0
"Dc10885","locus263",1,1,NA,NA,1,NA,1,NA,0.35248,0
"Dc10885","locus264",1,1,NA,NA,1,NA,1,NA,1,0
"Dc10885","locus274",1,1,NA,NA,1,NA,1,NA,0.92015,0
"Dc10885","locus280",0.9369,1,NA,NA,1,NA,1,NA,1,0
"Dc10885","locus282",1,1,NA,NA,1,NA,1,NA,1,0
"Dc10885","locus286",1,1,NA,NA,1,NA,1,NA,1,0
"Dc10885","locus291",0.942008,0.942008,NA,NA,1,NA,0.83514,NA,0.942008,0
"Dc10885","locus292",1,0.62953,NA,NA,1,NA,1,NA,1,0
"Dc10885","locus301",1,1,1,NA,1,1,1,NA,1,0
"Dc10885","locus314",1,1,NA,NA,1,NA,0.6571,NA,1,0
"Dc10885","locus321",1,1,NA,NA,1,NA,1,NA,1,0
"Dc10885","locus322",1,1,NA,NA,1,NA,1,NA,1,0
"Dc10885","locus323",1,1,NA,NA,1,NA,1,NA,1,0
"Dc10885","locus329",1,0.59057,NA,NA,1,NA,1,NA,1,0
"Dc10885","locus332",0.29752,1,1,NA,1,NA,0.1857,NA,0.126384,0
"Dc10885","locus358",1,0.27139,NA,NA,1,NA,1,NA,0.754176,0
"Dc10885","locus359",1,0.781176,NA,NA,1,NA,0.33217,NA,1,0
"Dc10885","locus360",1,1,NA,NA,1,NA,1,NA,1,0
"Dc11203","Dc11714",1,1,NA,NA,1,NA,1,1,1,0
"Dc11203","Dc13159",1,1,NA,NA,1,NA,0.92229,0.399984,1,0
"Dc11203","Dc13592",1,1,NA,NA,1,NA,1,1,1,0
"Dc11203","Dc14022",1,1,NA,NA,1,NA,1,1,1,0
"Dc11203","Dc14945",0.60776,0.485652,NA,NA,1,NA,1,1,1,0
"Dc11203","Dc16747",0.62682,1,NA,NA,0.71297,NA,1,1,1,0
"Dc11203","Dc18951",1,1,NA,NA,1,1,1,1,1,0
"Dc11203","Dc20232",1,1,NA,NA,1,1,0.475356,1,1,0
"Dc11203","Dc22883",1,1,NA,NA,1,NA,1,NA,1,0
"Dc11203","Dc22887",1,1,NA,NA,1,NA,0.45852,0.70905,1,0
"Dc11203","Dc27955",1,1,NA,NA,1,NA,1,NA,1,0
"Dc11203","Dc28124",1,1,NA,NA,1,NA,1,1,1,0
"Dc11203","Dc28776",0.209532,1,NA,NA,1,NA,1,1,1,0
"Dc11203","Dc30071",0.978876,0.978876,NA,NA,0.283392,NA,0.60763,0.802904,0.978876,0
"Dc11203","Dc31007",1,NA,NA,NA,1,NA,0.355984,NA,1,0
"Dc11203","Dc33714",1,0.127704,NA,NA,1,NA,0.19813,1,1,0
"Dc11203","Dc33907",1,1,NA,NA,1,NA,1,1,1,0
"Dc11203","Dc34902",1,0.20454,NA,NA,1,NA,1,1,1,0
"Dc11203","Dc35779",1,1,NA,NA,1,1,1,1,1,0
"Dc11203","Dc36571",1,1,NA,NA,1,NA,0.32154,1,0.53347,0
"Dc11203","Dc36616",1,1,NA,NA,1,1,1,1,1,0
"Dc11203","Dc40235",1,0.608664,1,NA,1,NA,1,1,1,0
"Dc11203","Dc41234",1,1,NA,NA,0.707844,NA,NA,NA,0.3382,0
"Dc11203","Dc46984",0.860928,0.860928,NA,NA,0.860928,NA,0.860928,0.860928,0.860928,0
"Dc11203","Dc47572",1,0.527872,1,NA,1,1,1,1,1,0
"Dc11203","Dc47935",1,1,NA,NA,1,NA,1,0.742668,1,0
"Dc11203","Dc48207",1,1,NA,NA,1,1,1,1,0.595602,0
"Dc11203","Dc48950",1,1,NA,NA,1,NA,1,1,1,0
"Dc11203","Dc49080",1,1,NA,NA,1,NA,1,1,0.351972,0
"Dc11203","Dc49184",1,1,NA,NA,1,NA,1,1,1,0
"Dc11203","Dc51020",1,0.68556,NA,NA,1,NA,0.68556,1,0.68556,0
"Dc11203","Dc52523",0.985636,0.809292,NA,NA,0.84924,NA,0.985636,0.809292,0.809292,0
"Dc11203","Dc55481",1,1,NA,1,1,NA,1,NA,1,0
"Dc11203","Dc58248",0.7233,0.488208,NA,0.7233,1,NA,0.932376,NA,1,0
"Dc11203","Dc62188",1,1,NA,1,1,1,1,NA,1,0
"Dc11203","Dc67011",1,1,NA,1,1,NA,1,NA,1,0
"Dc11203","locus003",1,1,NA,1,1,NA,1,NA,1,0
"Dc11203","locus004",1,0.940908,NA,1,1,NA,1,NA,1,0
"Dc11203","locus005",1,0.497736,NA,1,1,NA,1,NA,1,0
"Dc11203","locus006",1,1,NA,1,1,NA,1,NA,1,0
"Dc11203","locus008",0.478824,1,NA,1,1,NA,1,NA,1,0
"Dc11203","locus013",1,1,NA,1,1,NA,1,NA,0.63432,0
"Dc11203","locus014",1,1,NA,0.859068,1,NA,1,NA,1,0
"Dc11203","locus022",1,1,NA,1,1,NA,1,NA,1,0
"Dc11203","locus024",1,1,NA,1,1,NA,1,NA,1,0
"Dc11203","locus025",1,1,NA,1,1,NA,1,NA,1,0
"Dc11203","locus027",0.467892,1,NA,NA,1,NA,NA,NA,NA,0
"Dc11203","locus030",0.384496,0.7516,NA,NA,0.432336,NA,0.7516,NA,0.32728,0
"Dc11203","locus035",0.436848,0.55982,NA,NA,1,1,1,NA,0.55982,0
"Dc11203","locus038",0.43911,1,NA,NA,1,NA,1,NA,1,0
"Dc11203","locus039",0.722952,1,NA,NA,1,NA,1,NA,0.47803,0
"Dc11203","locus040",1,1,NA,NA,0.23718,NA,1,NA,1,0
"Dc11203","locus041",1,1,NA,NA,1,NA,1,NA,1,0
"Dc11203","locus045",1,1,NA,NA,1,NA,1,NA,1,0
"Dc11203","locus047",1,1,NA,NA,1,NA,1,NA,1,0
"Dc11203","locus048",1,1,NA,NA,1,NA,1,NA,1,0
"Dc11203","locus053",1,1,NA,NA,1,NA,1,NA,1,0
"Dc11203","locus055",1,0.22978,NA,NA,1,NA,0.809656,NA,1,0
"Dc11203","locus056",1,1,NA,1,1,NA,1,NA,0.461688,0
"Dc11203","locus058",1,1,NA,1,1,NA,1,NA,1,0
"Dc11203","locus060",1,1,NA,1,1,NA,1,NA,1,0
"Dc11203","locus061",1,NA,NA,NA,1,NA,0.638608,NA,1,0
"Dc11203","locus062",1,1,NA,1,1,NA,1,NA,1,0
"Dc11203","locus064",1,1,NA,1,1,NA,1,NA,1,0
"Dc11203","locus065",0.240804,1,NA,1,1,NA,1,NA,0.94586,0
"Dc11203","locus073",1,0.108962,1,1,1,NA,0.210972,NA,0.91322,0
"Dc11203","locus074",1,1,1,1,1,NA,1,NA,1,0
"Dc11203","locus077",1,1,NA,1,1,NA,1,NA,1,0
"Dc11203","locus080",1,0.60117,NA,NA,1,NA,1,NA,1,0
"Dc11203","locus083",0.606162,NA,NA,NA,0.666792,NA,0.28944,NA,0.666792,0
"Dc11203","locus088",1,1,NA,NA,1,NA,1,NA,1,0
"Dc11203","locus093",1,1,1,NA,1,NA,1,NA,1,0
"Dc11203","locus096",0.74472,1,1,NA,1,NA,0.74472,NA,1,0
"Dc11203","locus098",1,1,NA,NA,1,NA,1,NA,1,0
"Dc11203","locus100",1,1,1,NA,1,NA,1,NA,0.880176,0
"Dc11203","locus106",0.814304,1,NA,NA,1,NA,0.2362,NA,1,0
"Dc11203","locus116",1,1,NA,NA,1,NA,1,NA,1,0
"Dc11203","locus119",1,0.19037,NA,NA,1,NA,0.898864,NA,1,0
"Dc11203","locus120",1,1,NA,NA,1,NA,1,NA,1,0
"Dc11203","locus128",1,1,NA,1,1,NA,0.168228,NA,1,0
"Dc11203","locus130",1,NA,NA,NA,1,NA,1,NA,1,0
"Dc11203","locus134",0.788796,0.788796,NA,NA,0.788796,1,0.788796,NA,1,0
"Dc11203","locus137",1,1,NA,1,1,NA,1,NA,1,0
"Dc11203","locus139",1,1,NA,1,1,NA,1,NA,1,0
"Dc11203","locus140",1,1,NA,1,1,NA,1,NA,1,0
"Dc11203","locus146",1,1,1,1,1,NA,1,NA,1,0
"Dc11203","locus148",1,1,NA,1,1,NA,1,NA,0.380784,0
"Dc11203","locus151",1,NA,NA,0.83079,1,NA,1,NA,1,0
"Dc11203","locus161",1,1,NA,1,1,NA,1,NA,1,0
"Dc11203","locus165",0.53889,1,NA,NA,1,NA,1,NA,1,0
"Dc11203","locus170",1,1,NA,1,1,NA,1,NA,1,0
"Dc11203","locus176",1,NA,NA,NA,1,NA,1,NA,1,0
"Dc11203","locus184",1,1,1,1,1,NA,1,NA,1,0
"Dc11203","locus186",1,1,NA,1,1,NA,1,NA,1,0
"Dc11203","locus188",1,1,NA,NA,1,NA,1,1,1,0
"Dc11203","locus189",1,1,NA,1,1,NA,1,1,1,0
"Dc11203","locus190",1,1,NA,NA,1,NA,1,1,1,0
"Dc11203","locus191",1,NA,NA,NA,1,NA,1,1,1,0
"Dc11203","locus192",1,0.228516,NA,NA,1,NA,1,1,1,0
"Dc11203","locus202",1,1,NA,NA,1,NA,0.434172,1,1,0
"Dc11203","locus215",1,NA,1,NA,1,NA,1,1,1,0
"Dc11203","locus227",0.52536,0.074004,1,NA,1,NA,1,0.71256,1,0
"Dc11203","locus231",1,1,NA,NA,1,NA,0.87535,NA,1,0
"Dc11203","locus235",0.087072,1,NA,NA,1,NA,1,1,0.65086,0
"Dc11203","locus236",1,1,NA,NA,1,1,1,1,1,0
"Dc11203","locus237",1,1,NA,NA,1,NA,1,1,1,0
"Dc11203","locus239",1,1,NA,NA,1,1,1,1,1,0
"Dc11203","locus248",1,1,NA,NA,1,NA,1,0.86292,1,0
"Dc11203","locus256",0.915408,0.05443,NA,NA,1,NA,1,NA,1,0
"Dc11203","locus263",1,1,NA,NA,1,NA,1,NA,1,0
"Dc11203","locus264",1,1,NA,NA,1,NA,1,NA,1,0
"Dc11203","locus274",1,1,NA,NA,1,NA,1,NA,1,0
"Dc11203","locus280",1,1,NA,NA,1,NA,1,NA,1,0
"Dc11203","locus282",1,1,NA,NA,1,NA,1,NA,1,0
"Dc11203","locus286",1,0.8752,NA,NA,1,NA,1,NA,1,0
"Dc11203","locus291",1,1,NA,NA,1,NA,0.24374,NA,0.24374,0
"Dc11203","locus296",1,1,NA,NA,1,NA,1,NA,1,0
"Dc11203","locus301",0.286488,1,NA,NA,1,1,1,NA,1,0
"Dc11203","locus314",1,1,NA,1,1,NA,1,NA,1,0
"Dc11203","locus321",0.759448,0.439062,NA,NA,0.385216,NA,0.22803,NA,0.759448,0
"Dc11203","locus322",0.50563,1,NA,NA,1,NA,1,NA,1,0
"Dc11203","locus323",1,1,NA,NA,0.70795,NA,1,NA,1,0
"Dc11203","locus329",1,1,NA,NA,1,1,1,NA,1,0
"Dc11203","locus332",1,0.487476,1,NA,1,NA,1,NA,0.76078,0
"Dc11203","locus358",1,1,NA,NA,1,NA,1,NA,0.43456,0
"Dc11203","locus359",1,1,NA,NA,1,NA,1,NA,1,0
"Dc11203","locus360",1,1,NA,NA,1,NA,1,NA,0.67805,0
"Dc11714","Dc13159",1,1,NA,NA,1,NA,0.567012,1,1,0
"Dc11714","Dc13592",1,1,NA,NA,1,NA,0.157596,1,1,0
"Dc11714","Dc14022",1,1,NA,NA,1,NA,1,1,1,0
"Dc11714","Dc14945",1,0.290424,NA,NA,1,NA,1,1,1,0
"Dc11714","Dc16747",1,1,NA,NA,1,NA,0.468636,1,1,0
"Dc11714","Dc18951",1,1,NA,NA,1,1,1,1,1,0
"Dc11714","Dc20232",1,1,NA,NA,1,1,1,1,1,0
"Dc11714","Dc22887",1,1,NA,NA,1,NA,1,1,1,0
"Dc11714","Dc27955",1,0.55719,NA,NA,1,NA,1,NA,1,0
"Dc11714","Dc28124",1,1,NA,NA,1,NA,1,1,1,0
"Dc11714","Dc28776",0.745356,1,NA,NA,1,NA,1,1,1,0
"Dc11714","Dc30071",1,1,NA,NA,1,NA,1,1,1,0
"Dc11714","Dc31007",1,NA,NA,NA,1,NA,1,NA,1,0
"Dc11714","Dc33714",1,1,NA,NA,1,NA,1,1,1,0
"Dc11714","Dc33907",1,1,NA,NA,1,NA,1,1,0.320592,0
"Dc11714","Dc34902",1,1,NA,NA,0.86292,NA,1,1,1,0
"Dc11714","Dc35779",1,0.58002,NA,NA,1,1,0.59784,1,1,0
"Dc11714","Dc36616",1,1,NA,NA,1,1,1,1,1,0
"Dc11714","Dc40235",1,1,1,NA,1,NA,0.11508,1,1,0
"Dc11714","Dc41234",1,1,NA,NA,1,NA,NA,NA,1,0
"Dc11714","Dc46984",1,1,NA,NA,1,NA,0.792492,1,1,0
"Dc11714","Dc47572",1,1,1,NA,1,1,1,1,1,0
"Dc11714","Dc47935",1,1,NA,NA,0.819266,1,1,1,1,0
"Dc11714","Dc48207",1,0.313782,NA,NA,1,1,1,1,1,0
"Dc11714","Dc48950",1,1,NA,NA,1,NA,1,1,1,0
"Dc11714","Dc49080",1,1,NA,NA,1,NA,1,1,1,0
"Dc11714","Dc49184",0.701556,0.701556,NA,NA,1,NA,0.701556,1,1,0
"Dc11714","Dc51020",0.37398,1,NA,NA,1,NA,1,1,1,0
"Dc11714","Dc52523",1,1,NA,NA,1,NA,1,1,1,0
"Dc11714","Dc55481",1,1,NA,1,1,NA,1,NA,1,0
"Dc11714","Dc62188",1,0.87876,1,1,0.801444,NA,0.87876,NA,1,0
"Dc11714","Dc67011",1,1,NA,1,1,NA,1,NA,1,0
"Dc11714","locus003",1,1,NA,1,0.673464,NA,1,NA,1,0
"Dc11714","locus004",1,1,NA,1,1,NA,1,NA,1,0
"Dc11714","locus005",0.232368,1,NA,1,1,NA,1,NA,1,0
"Dc11714","locus006",0.64862,1,NA,1,1,NA,0.15606,NA,1,0
"Dc11714","locus008",1,1,NA,1,1,NA,0.27996,NA,1,0
"Dc11714","locus013",1,1,NA,1,1,NA,1,NA,0.8478,0
"Dc11714","locus014",1,0.349044,NA,1,1,NA,1,NA,1,0
"Dc11714","locus022",0.055104,1,NA,1,1,NA,0.14163,NA,0.931888,0
"Dc11714","locus024",1,1,NA,1,1,NA,1,NA,1,0
"Dc11714","locus025",1,0.424662,1,1,1,NA,1,NA,1,0
"Dc11714","locus027",0.864964,0.579666,NA,NA,0.861076,NA,NA,NA,NA,0
"Dc11714","locus030",1,1,NA,NA,1,NA,1,NA,1,0
"Dc11714","locus035",0.70643,0.220044,NA,NA,0.70643,1,0.70643,NA,0.913916,0
"Dc11714","locus038",1,1,NA,NA,1,NA,1,NA,1,0
"Dc11714","locus039",1,1,NA,NA,0.187664,NA,0.06347,NA,1,0
"Dc11714","locus040",1,1,NA,NA,1,NA,1,NA,1,0
"Dc11714","locus041",1,1,NA,NA,1,NA,1,NA,1,0
"Dc11714","locus045",1,1,NA,NA,1,NA,1,NA,1,0
"Dc11714","locus048",0.17884,0.80889,NA,NA,1,NA,1,NA,0.506392,0
"Dc11714","locus053",1,1,NA,NA,1,NA,1,NA,0.28557,0
"Dc11714","locus055",1,1,NA,NA,1,NA,0.44108,NA,1,0
"Dc11714","locus056",1,1,NA,1,1,NA,1,NA,1,0
"Dc11714","locus058",1,1,NA,1,1,NA,1,NA,1,0
"Dc11714","locus060",1,0.723924,NA,1,1,NA,1,NA,1,0
"Dc11714","locus061",1,NA,NA,NA,1,NA,1,NA,1,0
"Dc11714","locus062",1,1,NA,1,1,NA,1,NA,1,0
"Dc11714","locus064",1,1,NA,0.854196,1,NA,1,NA,1,0
"Dc11714","locus065",0.88388,1,NA,1,0.849936,NA,1,NA,1,0
"Dc11714","locus073",1,1,1,1,1,NA,1,NA,1,0
"Dc11714","locus074",1,0.53557,1,1,1,NA,1,NA,1,0
"Dc11714","locus076",1,1,NA,NA,1,1,1,NA,1,0
"Dc11714","locus077",1,1,NA,1,1,NA,1,NA,1,0
"Dc11714","locus080",1,1,NA,NA,1,NA,1,NA,1,0
"Dc11714","locus083",1,NA,NA,NA,1,NA,1,NA,1,0
"Dc11714","locus088",1,0.985146,NA,NA,1,NA,0.1231,NA,0.143864,0
"Dc11714","locus093",1,1,1,NA,1,NA,1,NA,1,0
"Dc11714","locus096",1,1,1,NA,1,NA,1,NA,0.89196,0
"Dc11714","locus098",1,1,NA,NA,0.71698,NA,1,NA,0.729816,0
"Dc11714","locus100",1,1,1,NA,1,NA,1,NA,1,0
"Dc11714","locus106",1,0.20367,NA,NA,1,NA,1,NA,1,0
"Dc11714","locus116",1,1,NA,NA,1,NA,0.5366,NA,1,0
"Dc11714","locus119",1,1,NA,NA,1,NA,1,NA,1,0
"Dc11714","locus120",1,0.78395,NA,NA,1,NA,1,NA,1,0
"Dc11714","locus128",1,1,NA,1,1,NA,0.139884,NA,0.55149,0
"Dc11714","locus129",0.62659,0.491592,NA,0.965752,1,NA,0.898182,NA,0.62659,0
"Dc11714","locus130",0.775854,NA,NA,NA,0.266624,NA,0.31683,NA,0.693252,0
"Dc11714","locus134",1,1,NA,NA,1,1,0.303804,NA,1,0
"Dc11714","locus135",1,1,NA,1,1,NA,1,NA,1,0
"Dc11714","locus137",0.86836,1,NA,1,1,NA,0.359388,NA,1,0
"Dc11714","locus139",1,1,NA,1,1,NA,1,NA,1,0
"Dc11714","locus140",1,1,NA,1,1,NA,1,NA,1,0
"Dc11714","locus146",1,1,1,1,1,NA,1,NA,0.177534,0
"Dc11714","locus148",1,1,NA,1,1,NA,1,NA,1,0
"Dc11714","locus151",1,NA,NA,1,1,NA,1,NA,1,0
"Dc11714","locus157",0.242088,NA,NA,NA,0.425274,NA,1,NA,1,0
"Dc11714","locus161",1,1,NA,1,1,NA,1,NA,1,0
"Dc11714","locus165",1,1,1,NA,1,NA,1,NA,1,0
"Dc11714","locus170",0.525048,1,NA,1,1,NA,1,NA,1,0
"Dc11714","locus176",1,NA,NA,NA,1,NA,1,NA,1,0
"Dc11714","locus184",0.449876,1,1,0.856872,1,NA,1,NA,1,0
"Dc11714","locus186",1,1,NA,0.989016,1,NA,1,NA,1,0
"Dc11714","locus188",1,0.1096,1,NA,1,1,1,1,1,0
"Dc11714","locus189",1,1,NA,0.122052,1,NA,1,1,1,0
"Dc11714","locus190",1,1,NA,NA,1,1,1,1,1,0
"Dc11714","locus191",1,NA,1,NA,1,NA,0.59446,0.404184,1,0
"Dc11714","locus192",1,1,NA,NA,1,NA,1,1,1,0
"Dc11714","locus195",1,1,NA,NA,1,NA,1,1,1,0
"Dc11714","locus202",0.857392,1,NA,NA,0.63692,NA,1,1,0.273324,0
"Dc11714","locus215",0.624504,NA,NA,NA,0.65796,NA,0.56978,0.624504,0.624504,0
"Dc11714","locus231",1,0.79195,NA,NA,1,NA,1,NA,1,0
"Dc11714","locus235",1,1,NA,NA,0.852864,NA,1,1,1,0
"Dc11714","locus236",1,0.115024,NA,NA,1,1,1,1,1,0
"Dc11714","locus237",0.94517,1,NA,NA,0.739212,NA,0.971752,1,1,0
"Dc11714","locus239",1,1,NA,NA,1,1,1,1,1,0
"Dc11714","locus248",1,1,NA,NA,1,NA,0.266592,1,1,0
"Dc11714","locus256",1,1,NA,NA,1,NA,1,NA,1,0
"Dc11714","locus263",1,0.08243,NA,NA,1,NA,0.831608,NA,1,0
"Dc11714","locus264",1,1,NA,NA,1,NA,1,NA,1,0
"Dc11714","locus274",0.70667,1,NA,NA,1,NA,1,NA,1,0
"Dc11714","locus280",0.73064,1,NA,NA,1,NA,0.32794,NA,1,0
"Dc11714","locus282",1,1,NA,NA,0.48676,NA,0.44244,NA,0.536004,0
"Dc11714","locus286",1,0.41195,NA,NA,1,NA,1,NA,0.893752,0
"Dc11714","locus291",1,1,NA,NA,1,NA,0.15914,NA,1,0
"Dc11714","locus292",1,1,NA,NA,0.56909,NA,1,NA,1,0
"Dc11714","locus296",0.50537,1,NA,NA,1,NA,0.68176,NA,1,0
"Dc11714","locus301",1,1,NA,NA,1,1,1,NA,1,0
"Dc11714","locus314",1,1,NA,1,0.853236,NA,1,NA,1,0
"Dc11714","locus321",1,1,NA,NA,1,NA,1,NA,1,0
"Dc11714","locus322",1,0.827928,NA,NA,0.61343,NA,1,NA,0.693296,0
"Dc11714","locus323",1,1,NA,NA,1,NA,1,NA,0.1802,0
"Dc11714","locus329",1,1,NA,NA,1,NA,1,NA,1,0
"Dc11714","locus332",1,1,1,NA,1,NA,1,NA,1,0
"Dc11714","locus358",0.1509,0.598368,NA,NA,0.598368,NA,0.898074,NA,0.598368,0
"Dc11714","locus359",1,1,NA,NA,1,NA,1,NA,1,0
"Dc11714","locus360",1,1,NA,NA,1,NA,0.96565,NA,1,0
"Dc13159","Dc13592",1,1,NA,NA,1,NA,1,1,1,0
"Dc13159","Dc14022",0.236352,0.50342,NA,NA,1,NA,1,1,1,0
"Dc13159","Dc14945",1,1,NA,NA,1,NA,1,1,1,0
"Dc13159","Dc16747",1,1,NA,NA,1,NA,1,1,1,0
"Dc13159","Dc18951",1,0.232638,NA,NA,1,1,1,1,1,0
"Dc13159","Dc20232",0.07266,1,NA,NA,1,1,1,1,1,0
"Dc13159","Dc22883",1,1,NA,NA,1,NA,0.35524,NA,0.1525,0
"Dc13159","Dc22887",1,1,NA,NA,1,NA,0.94284,1,1,0
"Dc13159","Dc27955",1,0.88409,NA,NA,1,NA,1,NA,0.88409,0
"Dc13159","Dc28124",0.88509,1,NA,NA,1,NA,0.473544,1,1,0
"Dc13159","Dc28776",1,1,NA,NA,1,NA,1,1,1,0
"Dc13159","Dc30071",1,1,NA,NA,1,NA,1,1,1,0
"Dc13159","Dc31007",1,NA,NA,NA,1,NA,1,NA,0.855592,0
"Dc13159","Dc33714",1,1,1,NA,0.403858,NA,1,1,1,0
"Dc13159","Dc33907",1,1,NA,NA,1,NA,1,1,1,0
"Dc13159","Dc34902",1,1,NA,NA,1,NA,1,1,1,0
"Dc13159","Dc35779",1,1,NA,NA,1,1,0.401058,1,1,0
"Dc13159","Dc36571",1,1,NA,NA,1,NA,1,1,1,0
"Dc13159","Dc36616",1,1,NA,NA,1,1,1,1,1,0
"Dc13159","Dc40235",1,1,NA,NA,1,NA,1,1,1,0
"Dc13159","Dc41234",1,0.862352,NA,NA,1,NA,NA,NA,1,0
"Dc13159","Dc46984",0.376344,1,NA,NA,1,NA,1,1,1,0
"Dc13159","Dc47572",1,1,1,NA,1,1,1,1,1,0
"Dc13159","Dc47935",1,1,NA,NA,1,NA,1,0.9838,0.161532,0
"Dc13159","Dc48207",1,1,NA,NA,1,1,1,1,1,0
"Dc13159","Dc48950",1,1,NA,NA,1,NA,1,1,1,0
"Dc13159","Dc49080",1,1,NA,NA,1,NA,1,1,1,0
"Dc13159","Dc49184",0.092196,1,NA,NA,1,NA,1,1,1,0
"Dc13159","Dc51020",1,0.327924,NA,NA,1,NA,0.96531,1,1,0
"Dc13159","Dc52523",1,1,NA,NA,1,NA,1,1,0.625152,0
"Dc13159","Dc55481",1,1,NA,1,1,NA,1,NA,1,0
"Dc13159","Dc58248",1,1,NA,1,1,NA,1,NA,1,0
"Dc13159","Dc62188",1,1,NA,1,1,NA,1,NA,1,0
"Dc13159","Dc67011",1,1,NA,1,1,NA,1,NA,1,0
"Dc13159","locus003",1,1,NA,1,1,NA,1,NA,1,0
"Dc13159","locus004",1,1,NA,1,1,NA,1,NA,1,0
"Dc13159","locus005",1,1,NA,1,1,NA,1,NA,1,0
"Dc13159","locus006",1,1,NA,1,1,NA,1,NA,1,0
"Dc13159","locus008",1,1,NA,1,1,NA,1,NA,1,0
"Dc13159","locus013",1,1,NA,1,1,NA,1,NA,1,0
"Dc13159","locus014",1,1,1,1,1,NA,1,NA,1,0
"Dc13159","locus022",0.555156,1,NA,1,0.57342,NA,1,NA,1,0
"Dc13159","locus024",1,1,NA,1,0.851784,NA,1,NA,1,0
"Dc13159","locus025",1,1,1,1,1,NA,1,NA,1,0
"Dc13159","locus027",1,1,NA,NA,1,NA,NA,NA,NA,0
"Dc13159","locus030",1,1,NA,NA,1,NA,1,NA,1,0
"Dc13159","locus035",1,1,NA,NA,1,1,1,NA,0.747156,0
"Dc13159","locus038",1,1,NA,NA,1,NA,1,NA,1,0
"Dc13159","locus039",1,1,NA,NA,1,NA,1,NA,1,0
"Dc13159","locus040",1,0.632088,NA,NA,1,NA,0.39431,NA,0.632088,0
"Dc13159","locus041",1,0.06512,NA,NA,1,NA,0.707224,NA,1,0
"Dc13159","locus045",1,1,NA,NA,1,NA,1,NA,1,0
"Dc13159","locus047",0.95364,0.2846,NA,NA,0.805432,NA,1,NA,1,0
"Dc13159","locus048",1,1,NA,NA,1,NA,0.55354,NA,0.730024,0
"Dc13159","locus053",1,1,NA,NA,0.14848,NA,1,NA,0.546248,0
"Dc13159","locus055",1,0.67942,NA,NA,0.67942,NA,0.67942,NA,1,0
"Dc13159","locus056",1,0.693696,NA,1,1,NA,1,NA,1,0
"Dc13159","locus060",1,1,NA,1,1,NA,1,NA,1,0
"Dc13159","locus061",0.584944,NA,NA,NA,1,NA,1,NA,1,0
"Dc13159","locus062",1,0.449856,NA,1,0.898272,NA,0.898272,NA,0.69259,0
"Dc13159","locus064",1,1,NA,1,1,NA,0.146712,NA,1,0
"Dc13159","locus065",1,1,NA,1,1,NA,1,NA,1,0
"Dc13159","locus073",1,1,1,1,1,NA,1,NA,0.92967,0
"Dc13159","locus074",1,1,1,1,1,NA,1,NA,0.931252,0
"Dc13159","locus076",0.380604,1,NA,NA,1,1,1,NA,1,0
"Dc13159","locus077",1,1,NA,1,0.518772,NA,1,NA,1,0
"Dc13159","locus080",1,1,NA,NA,1,NA,1,NA,1,0
"Dc13159","locus083",1,NA,NA,NA,1,NA,1,NA,0.510352,0
"Dc13159","locus088",1,1,NA,NA,1,NA,1,NA,0.19344,0
"Dc13159","locus093",0.862332,1,1,NA,1,NA,1,NA,1,0
"Dc13159","locus096",0.643452,1,1,NA,1,NA,1,NA,1,0
"Dc13159","locus098",1,1,NA,NA,1,NA,1,NA,1,0
"Dc13159","locus100",1,1,1,NA,1,NA,1,NA,1,0
"Dc13159","locus106",1,1,NA,NA,1,NA,1,NA,1,0
"Dc13159","locus116",1,1,NA,NA,1,NA,1,NA,1,0
"Dc13159","locus119",1,1,NA,NA,1,NA,0.99761,NA,1,0
"Dc13159","locus120",1,0.60474,NA,NA,1,NA,1,NA,1,0
"Dc13159","locus128",1,1,NA,1,1,NA,1,NA,1,0
"Dc13159","locus129",1,1,NA,1,1,NA,1,NA,1,0
"Dc13159","locus130",1,NA,NA,NA,1,NA,1,NA,1,0
"Dc13159","locus134",1,1,NA,NA,1,1,1,NA,1,0
"Dc13159","locus135",1,0.414096,NA,1,1,NA,1,NA,1,0
"Dc13159","locus137",1,1,NA,1,1,NA,0.596388,NA,1,0
"Dc13159","locus139",1,1,NA,1,1,NA,1,NA,1,0
"Dc13159","locus140",1,1,NA,1,1,NA,1,NA,1,0
"Dc13159","locus146",1,1,1,1,1,NA,1,NA,1,0
"Dc13159","locus148",1,1,NA,1,1,NA,1,NA,1,0
"Dc13159","locus151",0.83756,NA,NA,0.83756,1,NA,1,NA,1,0
"Dc13159","locus157",1,NA,NA,NA,1,NA,1,NA,1,0
"Dc13159","locus161",1,1,NA,1,1,NA,1,NA,1,0
"Dc13159","locus165",0.812004,1,1,NA,1,NA,1,NA,1,0
"Dc13159","locus170",1,0.747048,NA,0.84211,1,NA,1,NA,1,0
"Dc13159","locus176",0.852664,NA,NA,NA,0.3366,NA,0.317232,NA,0.852664,0
"Dc13159","locus184",1,1,1,1,1,NA,1,NA,1,0
"Dc13159","locus186",1,1,NA,1,1,NA,1,NA,1,0
"Dc13159","locus188",1,0.581588,1,NA,1,NA,1,1,1,0
"Dc13159","locus189",1,1,NA,1,1,NA,1,1,1,0
"Dc13159","locus190",1,1,NA,NA,1,NA,0.941784,1,1,0
"Dc13159","locus191",0.426072,NA,1,NA,1,NA,0.426072,1,1,0
"Dc13159","locus192",0.927072,1,NA,NA,1,NA,1,1,1,0
"Dc13159","locus195",1,1,NA,NA,1,NA,1,1,1,0
"Dc13159","locus202",1,1,NA,NA,1,NA,0.28896,1,1,0
"Dc13159","locus215",1,NA,NA,NA,1,NA,1,1,0.38363,0
"Dc13159","locus227",1,1,1,NA,1,1,1,1,1,0
"Dc13159","locus231",1,1,NA,NA,1,NA,1,NA,1,0
"Dc13159","locus235",1,0.068748,NA,NA,1,NA,1,1,1,0
"Dc13159","locus236",1,0.192612,NA,NA,1,1,1,1,1,0
"Dc13159","locus237",1,1,NA,NA,1,NA,0.373884,1,1,0
"Dc13159","locus239",0.82902,1,NA,NA,0.594734,1,1,1,1,0
"Dc13159","locus248",0.70596,1,NA,NA,1,NA,1,1,0.51186,0
"Dc13159","locus256",1,1,NA,NA,1,NA,0.10827,NA,1,0
"Dc13159","locus263",1,1,NA,NA,1,NA,1,NA,1,0
"Dc13159","locus264",0.655408,0.665548,NA,NA,0.42459,NA,0.655408,NA,0.655408,0
"Dc13159","locus274",1,1,NA,NA,1,NA,1,NA,1,0
"Dc13159","locus280",0.7004,1,NA,NA,0.79532,NA,1,NA,1,0
"Dc13159","locus282",1,1,NA,NA,1,NA,1,NA,1,0
"Dc13159","locus286",1,1,NA,NA,1,NA,1,NA,1,0
"Dc13159","locus291",1,1,NA,NA,1,1,1,NA,1,0
"Dc13159","locus292",1,1,NA,NA,1,NA,1,NA,1,0
"Dc13159","locus296",0.07895,1,NA,NA,1,NA,0.238824,NA,1,0
"Dc13159","locus301",1,0.384696,NA,NA,1,1,1,NA,1,0
"Dc13159","locus314",1,1,NA,1,1,NA,1,NA,1,0
"Dc13159","locus321",1,1,NA,NA,1,NA,1,NA,1,0
"Dc13159","locus322",1,1,NA,NA,1,NA,1,NA,1,0
"Dc13159","locus323",1,1,NA,NA,1,NA,1,NA,1,0
"Dc13159","locus329",1,1,NA,NA,1,NA,1,NA,1,0
"Dc13159","locus332",1,1,1,NA,0.85692,NA,1,NA,1,0
"Dc13159","locus358",1,1,NA,NA,1,NA,1,NA,1,0
"Dc13159","locus359",1,1,NA,NA,1,NA,1,NA,1,0
"Dc13159","locus360",1,1,NA,NA,0.53264,NA,0.711688,NA,1,0
"Dc13592","Dc14022",1,1,NA,NA,1,NA,1,1,1,0
"Dc13592","Dc14945",0.79525,1,NA,NA,1,NA,0.700008,1,1,0
"Dc13592","Dc16747",0.322176,1,NA,NA,1,NA,1,1,1,0
"Dc13592","Dc18951",1,1,NA,NA,1,1,1,1,1,0
"Dc13592","Dc20232",1,1,NA,NA,1,1,1,1,1,0
"Dc13592","Dc22887",1,1,NA,NA,1,NA,1,1,1,0
"Dc13592","Dc27955",1,1,NA,NA,1,NA,1,NA,1,0
"Dc13592","Dc28124",1,0.44346,NA,NA,1,NA,1,1,1,0
"Dc13592","Dc28776",1,1,NA,NA,1,NA,1,1,1,0
"Dc13592","Dc30071",1,1,NA,NA,1,NA,0.59204,0.40392,1,0
"Dc13592","Dc31007",1,NA,NA,NA,1,NA,1,NA,1,0
"Dc13592","Dc33714",1,1,NA,NA,1,NA,1,1,1,0
"Dc13592","Dc33907",0.85867,1,NA,NA,1,NA,0.071328,1,1,0
"Dc13592","Dc34902",1,1,NA,NA,1,NA,0.422232,1,1,0
"Dc13592","Dc35779",1,1,NA,NA,1,1,1,1,1,0
"Dc13592","Dc36571",1,1,NA,NA,1,NA,1,1,1,0
"Dc13592","Dc36616",1,0.362856,NA,NA,1,1,0.187782,1,1,0
"Dc13592","Dc40235",1,1,NA,NA,1,NA,1,1,1,0
"Dc13592","Dc41234",1,0.956168,NA,NA,1,NA,NA,NA,1,0
"Dc13592","Dc46984",1,1,NA,NA,1,1,1,1,1,0
"Dc13592","Dc47572",0.958174,1,1,NA,1,1,0.401328,1,1,0
"Dc13592","Dc47935",1,1,NA,NA,1,NA,0.342168,1,1,0
"Dc13592","Dc48207",1,1,NA,NA,1,1,1,1,1,0
"Dc13592","Dc48950",0.875112,1,NA,NA,0.756994,1,1,1,1,0
"Dc13592","Dc49080",1,1,NA,NA,1,NA,1,1,1,0
"Dc13592","Dc49184",0.59928,0.59928,NA,NA,0.59928,NA,0.56328,1,1,0
"Dc13592","Dc51020",1,1,NA,NA,1,NA,1,1,1,0
"Dc13592","Dc52523",1,1,NA,NA,1,NA,1,1,0.418836,0
"Dc13592","Dc55481",1,1,NA,1,0.860244,NA,1,NA,1,0
"Dc13592","Dc58248",1,1,NA,1,1,NA,1,NA,0.52248,0
"Dc13592","Dc62188",1,1,NA,1,1,NA,0.086724,NA,1,0
"Dc13592","Dc67011",1,1,NA,1,1,NA,1,NA,1,0
"Dc13592","locus004",0.159252,0.761612,NA,0.608704,0.761612,NA,0.20868,NA,0.608704,0
"Dc13592","locus005",1,1,NA,0.33282,1,NA,0.250668,NA,1,0
"Dc13592","locus006",1,0.85726,NA,1,1,NA,0.085056,NA,1,0
"Dc13592","locus008",1,1,NA,1,1,NA,1,NA,1,0
"Dc13592","locus013",1,1,NA,1,1,NA,1,NA,1,0
"Dc13592","locus014",1,1,1,1,1,NA,1,NA,1,0
"Dc13592","locus022",1,1,NA,1,1,NA,1,NA,1,0
"Dc13592","locus024",0.307428,1,NA,1,1,NA,0.44021,NA,1,0
"Dc13592","locus025",1,1,NA,1,1,NA,1,NA,0.384108,0
"Dc13592","locus027",1,1,NA,NA,1,NA,NA,NA,NA,0
"Dc13592","locus030",1,1,NA,NA,1,NA,0.42873,NA,1,0
"Dc13592","locus035",1,1,NA,NA,1,1,1,NA,1,0
"Dc13592","locus038",1,1,NA,NA,1,NA,1,NA,1,0
"Dc13592","locus039",1,0.766974,NA,NA,1,NA,0.20009,NA,0.362528,0
"Dc13592","locus040",0.8807,1,NA,NA,1,NA,1,NA,1,0
"Dc13592","locus041",0.754024,0.754024,NA,NA,1,NA,0.10957,NA,1,0
"Dc13592","locus045",1,0.856208,NA,NA,0.70349,NA,1,NA,0.856208,0
"Dc13592","locus047",1,0.38492,NA,NA,1,NA,1,NA,1,0
"Dc13592","locus048",0.63516,1,NA,NA,1,NA,1,NA,1,0
"Dc13592","locus053",1,1,NA,NA,1,NA,1,NA,0.65618,0
"Dc13592","locus055",1,0.20458,NA,NA,1,NA,1,NA,1,0
"Dc13592","locus056",1,1,NA,1,1,NA,1,NA,1,0
"Dc13592","locus058",1,1,NA,1,1,NA,1,NA,1,0
"Dc13592","locus060",1,1,NA,1,1,NA,0.352776,NA,1,0
"Dc13592","locus061",0.928088,NA,NA,NA,1,NA,1,NA,1,0
"Dc13592","locus062",1,1,NA,1,1,NA,1,NA,1,0
"Dc13592","locus064",1,1,NA,1,1,NA,1,NA,1,0
"Dc13592","locus065",1,1,NA,1,1,NA,1,NA,1,0
"Dc13592","locus073",1,0.242452,1,1,1,NA,0.770976,NA,1,0
"Dc13592","locus074",1,1,1,1,1,NA,1,NA,1,0
"Dc13592","locus076",1,1,NA,NA,1,NA,1,NA,1,0
"Dc13592","locus080",1,1,NA,NA,1,NA,1,NA,1,0
"Dc13592","locus083",1,NA,NA,NA,1,NA,0.66884,NA,1,0
"Dc13592","locus088",1,1,NA,NA,1,NA,1,NA,1,0
"Dc13592","locus093",1,1,1,NA,1,NA,1,NA,1,0
"Dc13592","locus096",1,1,1,NA,1,NA,1,NA,1,0
"Dc13592","locus098",0.23345,1,NA,NA,1,NA,0.23345,NA,1,0
"Dc13592","locus100",0.614676,1,1,NA,1,NA,0.9886,NA,1,0
"Dc13592","locus106",1,1,NA,NA,1,NA,0.13839,NA,1,0
"Dc13592","locus116",1,0.457896,NA,NA,1,1,1,NA,1,0
"Dc13592","locus119",1,0.28022,NA,NA,1,NA,1,NA,1,0
"Dc13592","locus120",1,1,NA,NA,1,NA,1,NA,1,0
"Dc13592","locus128",0.49803,0.440076,NA,1,1,NA,1,NA,1,0
"Dc13592","locus129",1,1,NA,1,1,NA,1,NA,1,0
"Dc13592","locus130",0.09919,NA,1,NA,1,NA,0.449286,NA,0.272976,0
"Dc13592","locus134",1,1,NA,NA,1,1,0.416484,NA,1,0
"Dc13592","locus135",0.515976,1,NA,1,1,1,0.470414,NA,1,0
"Dc13592","locus137",1,1,NA,1,1,NA,1,NA,1,0
"Dc13592","locus139",1,1,NA,1,1,NA,0.453372,NA,1,0
"Dc13592","locus140",1,1,NA,1,1,NA,0.441156,NA,1,0
"Dc13592","locus146",1,0.266196,1,1,1,NA,1,NA,1,0
"Dc13592","locus148",0.45989,0.220596,NA,1,1,NA,1,NA,1,0
"Dc13592","locus151",0.32741,NA,NA,1,1,NA,0.696208,NA,1,0
"Dc13592","locus157",1,NA,NA,NA,1,NA,1,NA,1,0
"Dc13592","locus161",0.638664,0.951264,NA,1,1,NA,1,NA,0.90762,0
"Dc13592","locus165",1,1,NA,NA,1,NA,1,NA,1,0
"Dc13592","locus170",0.45781,1,NA,1,1,NA,0.165168,NA,1,0
"Dc13592","locus176",1,NA,NA,NA,1,NA,0.344072,NA,1,0
"Dc13592","locus184",1,1,1,1,1,NA,1,NA,1,0
"Dc13592","locus186",1,1,NA,1,1,NA,1,NA,0.570864,0
"Dc13592","locus190",1,1,NA,NA,1,NA,0.096336,1,1,0
"Dc13592","locus191",1,NA,NA,NA,1,NA,0.99988,1,0.07914,0
"Dc13592","locus192",1,1,NA,NA,1,NA,0.786552,1,1,0
"Dc13592","locus195",1,1,NA,NA,0.69354,NA,1,1,1,0
"Dc13592","locus202",1,1,NA,NA,1,NA,1,1,1,0
"Dc13592","locus215",0.618232,NA,NA,NA,1,NA,0.27482,1,1,0
"Dc13592","locus227",1,1,1,NA,1,NA,1,1,1,0
"Dc13592","locus231",1,1,NA,NA,1,NA,1,NA,1,0
"Dc13592","locus235",0.706454,1,NA,NA,1,1,1,1,1,0
"Dc13592","locus236",1,1,NA,NA,1,NA,1,1,1,0
"Dc13592","locus237",1,0.532524,NA,NA,1,NA,1,1,1,0
"Dc13592","locus248",1,1,NA,NA,1,NA,1,1,0.422064,0
"Dc13592","locus256",1,1,NA,NA,1,NA,0.95473,NA,1,0
"Dc13592","locus263",1,0.64681,NA,NA,1,NA,1,NA,1,0
"Dc13592","locus264",1,1,NA,NA,1,NA,1,NA,1,0
"Dc13592","locus274",1,1,NA,NA,1,NA,0.55528,NA,1,0
"Dc13592","locus280",1,1,NA,NA,0.5809,NA,0.640688,NA,0.901968,0
"Dc13592","locus282",1,1,NA,NA,1,NA,1,NA,1,0
"Dc13592","locus286",1,1,NA,NA,1,NA,1,NA,1,0
"Dc13592","locus291",1,1,NA,NA,1,NA,1,NA,0.40503,0
"Dc13592","locus292",1,1,NA,NA,1,NA,1,NA,1,0
"Dc13592","locus296",1,1,NA,NA,1,NA,1,NA,1,0
"Dc13592","locus301",0.28886,1,NA,NA,1,NA,1,NA,1,0
"Dc13592","locus314",1,1,NA,NA,1,NA,1,NA,1,0
"Dc13592","locus322",1,1,NA,NA,1,NA,0.43771,NA,1,0
"Dc13592","locus323",1,1,NA,NA,1,1,1,NA,1,0
"Dc13592","locus329",1,1,NA,NA,1,NA,1,NA,1,0
"Dc13592","locus332",1,1,1,NA,1,NA,1,NA,1,0
"Dc13592","locus358",1,1,NA,NA,1,NA,0.78615,NA,1,0
"Dc13592","locus359",0.916432,1,NA,NA,1,NA,0.78507,NA,1,0
"Dc13592","locus360",0.65344,1,NA,NA,1,NA,0.28771,NA,1,0
"Dc14022","Dc14945",1,1,NA,NA,1,NA,1,1,1,0
"Dc14022","Dc16747",1,1,NA,NA,1,NA,1,1,1,0
"Dc14022","Dc18951",0.203518,0.97704,NA,NA,1,1,1,1,1,0
"Dc14022","Dc20232",1,1,NA,NA,1,1,1,1,1,0
"Dc14022","Dc22883",1,1,NA,NA,1,NA,1,NA,1,0
"Dc14022","Dc22887",1,1,NA,NA,1,NA,1,1,1,0
"Dc14022","Dc27955",1,1,NA,NA,1,1,1,NA,1,0
"Dc14022","Dc28124",1,1,NA,NA,0.85644,NA,1,1,1,0
"Dc14022","Dc28776",1,1,NA,NA,1,NA,1,1,1,0
"Dc14022","Dc30071",1,1,NA,NA,1,1,1,1,1,0
"Dc14022","Dc31007",1,NA,NA,NA,1,NA,1,NA,1,0
"Dc14022","Dc33714",1,1,NA,NA,0.847344,NA,1,1,1,0
"Dc14022","Dc33907",1,1,NA,NA,1,NA,1,1,1,0
"Dc14022","Dc34902",1,1,NA,NA,1,NA,1,1,1,0
"Dc14022","Dc35779",1,0.061684,NA,NA,1,1,1,1,1,0
"Dc14022","Dc36571",1,1,NA,NA,1,NA,1,1,1,0
"Dc14022","Dc36616",1,1,NA,NA,1,1,1,1,1,0
"Dc14022","Dc40235",1,1,NA,NA,1,NA,1,1,1,0
"Dc14022","Dc41234",1,1,NA,NA,1,NA,NA,NA,1,0
"Dc14022","Dc46984",1,1,NA,NA,1,1,1,1,1,0
"Dc14022","Dc47572",1,1,1,NA,1,1,1,1,1,0
"Dc14022","Dc47935",1,1,1,NA,1,NA,1,1,1,0
"Dc14022","Dc48207",1,0.960778,NA,NA,1,1,1,1,1,0
"Dc14022","Dc48950",1,1,NA,NA,1,NA,1,1,1,0
"Dc14022","Dc49080",1,1,NA,NA,1,NA,1,1,1,0
"Dc14022","Dc49184",1,0.413232,NA,NA,1,NA,1,1,1,0
"Dc14022","Dc51020",1,1,NA,NA,1,NA,1,1,1,0
"Dc14022","Dc52523",1,1,NA,NA,1,NA,1,0.85332,1,0
"Dc14022","Dc55481",1,1,NA,1,1,NA,1,NA,1,0
"Dc14022","Dc58248",1,1,NA,1,1,NA,1,NA,1,0
"Dc14022","Dc62188",0.315588,0.75575,NA,1,1,NA,1,NA,1,0
"Dc14022","Dc67011",1,1,NA,1,1,NA,1,NA,1,0
"Dc14022","locus003",1,1,NA,1,1,NA,1,NA,1,0
"Dc14022","locus004",1,1,NA,1,1,NA,1,NA,1,0
"Dc14022","locus005",0.49071,0.123816,NA,1,1,NA,1,NA,1,0
"Dc14022","locus006",1,1,NA,1,1,NA,1,NA,1,0
"Dc14022","locus008",1,1,NA,1,1,NA,1,NA,1,0
"Dc14022","locus013",1,1,NA,1,1,NA,1,NA,1,0
"Dc14022","locus014",1,1,1,1,1,NA,1,NA,1,0
"Dc14022","locus022",1,0.5829,NA,1,1,NA,1,NA,1,0
"Dc14022","locus024",1,1,NA,1,1,NA,1,NA,1,0
"Dc14022","locus025",1,1,NA,1,1,NA,1,NA,1,0
"Dc14022","locus027",0.71979,0.223488,NA,NA,0.285664,NA,NA,NA,NA,0
"Dc14022","locus030",1,1,NA,NA,1,NA,1,NA,1,0
"Dc14022","locus035",1,1,NA,NA,1,1,1,NA,1,0
"Dc14022","locus038",1,1,NA,NA,1,NA,1,NA,1,0
"Dc14022","locus039",1,1,NA,NA,1,NA,1,NA,1,0
"Dc14022","locus040",1,1,NA,NA,1,NA,1,NA,1,0
"Dc14022","locus041",1,1,NA,NA,1,NA,1,NA,1,0
"Dc14022","locus045",1,1,NA,NA,1,NA,1,NA,1,0
"Dc14022","locus047",1,1,NA,NA,1,NA,1,NA,1,0
"Dc14022","locus048",1,1,NA,NA,1,NA,1,NA,1,0
"Dc14022","locus053",1,1,NA,NA,1,NA,1,NA,1,0
"Dc14022","locus055",1,0.44874,NA,NA,1,NA,1,NA,1,0
"Dc14022","locus056",1,1,NA,1,1,1,1,NA,1,0
"Dc14022","locus058",1,1,NA,1,1,NA,1,NA,1,0
"Dc14022","locus060",0.92384,0.371844,NA,1,1,NA,1,NA,1,0
"Dc14022","locus061",1,NA,NA,NA,1,NA,1,NA,1,0
"Dc14022","locus062",1,1,NA,1,1,NA,1,NA,1,0
"Dc14022","locus064",0.798756,1,NA,1,1,NA,1,NA,1,0
"Dc14022","locus065",1,1,NA,1,1,NA,1,NA,1,0
"Dc14022","locus073",1,1,1,1,1,NA,1,NA,1,0
"Dc14022","locus074",1,1,1,1,1,NA,1,NA,1,0
"Dc14022","locus076",1,1,NA,NA,1,NA,1,NA,1,0
"Dc14022","locus077",0.549324,1,NA,1,1,NA,1,NA,1,0
"Dc14022","locus080",0.43481,1,NA,NA,1,NA,1,NA,1,0
"Dc14022","locus083",1,NA,NA,NA,1,NA,1,NA,1,0
"Dc14022","locus088",1,1,NA,NA,1,NA,1,NA,1,0
"Dc14022","locus093",1,1,1,NA,1,NA,1,NA,1,0
"Dc14022","locus096",1,1,1,NA,1,NA,1,NA,1,0
"Dc14022","locus098",1,1,NA,NA,1,NA,1,NA,1,0
"Dc14022","locus100",1,1,1,NA,1,NA,1,NA,1,0
"Dc14022","locus106",1,1,NA,NA,1,NA,1,NA,1,0
"Dc14022","locus116",0.874716,1,NA,NA,1,1,1,NA,1,0
"Dc14022","locus119",1,0.81202,NA,NA,1,NA,1,NA,1,0
"Dc14022","locus120",1,1,NA,NA,1,NA,1,NA,1,0
"Dc14022","locus128",1,1,NA,1,1,NA,1,NA,1,0
"Dc14022","locus129",0.555408,1,NA,1,1,NA,1,NA,1,0
"Dc14022","locus130",1,NA,1,NA,1,NA,1,NA,1,0
"Dc14022","locus134",1,1,NA,NA,1,1,1,NA,1,0
"Dc14022","locus135",1,1,NA,1,1,NA,1,NA,1,0
"Dc14022","locus137",1,1,NA,1,1,NA,1,NA,1,0
"Dc14022","locus139",1,1,NA,1,1,NA,1,NA,1,0
"Dc14022","locus140",1,1,NA,1,1,NA,1,NA,1,0
"Dc14022","locus146",1,1,1,1,1,NA,1,NA,1,0
"Dc14022","locus148",1,1,NA,1,1,NA,1,NA,1,0
"Dc14022","locus151",1,NA,NA,1,1,NA,1,NA,1,0
"Dc14022","locus157",1,NA,NA,NA,1,NA,1,NA,1,0
"Dc14022","locus161",1,1,NA,1,1,NA,1,NA,1,0
"Dc14022","locus165",1,1,NA,NA,1,NA,1,NA,1,0
"Dc14022","locus170",1,1,NA,1,1,NA,1,NA,1,0
"Dc14022","locus176",1,NA,NA,NA,1,NA,1,NA,1,0
"Dc14022","locus184",1,1,1,1,1,NA,1,NA,1,0
"Dc14022","locus186",1,0.069972,NA,1,1,NA,1,NA,1,0
"Dc14022","locus188",1,1,NA,NA,1,NA,1,NA,1,0
"Dc14022","locus189",0.987224,1,NA,1,1,NA,1,0.987224,1,0
"Dc14022","locus190",0.377112,1,NA,NA,1,NA,1,1,1,0
"Dc14022","locus191",0.35218,NA,NA,NA,1,NA,1,1,1,0
"Dc14022","locus192",1,1,NA,NA,1,NA,1,1,1,0
"Dc14022","locus195",1,1,NA,NA,1,NA,1,1,1,0
"Dc14022","locus202",1,0.776676,NA,NA,1,NA,1,1,1,0
"Dc14022","locus215",1,NA,NA,NA,0.71059,NA,1,1,1,0
"Dc14022","locus227",1,1,1,NA,1,NA,1,1,1,0
"Dc14022","locus231",1,1,NA,NA,1,NA,1,NA,1,0
"Dc14022","locus235",1,0.225232,NA,NA,1,1,1,1,1,0
"Dc14022","locus236",1,1,NA,NA,1,NA,1,1,1,0
"Dc14022","locus237",1,1,NA,NA,1,NA,1,1,1,0
"Dc14022","locus239",1,1,NA,NA,1,NA,1,1,1,0
"Dc14022","locus248",1,1,NA,NA,1,NA,1,1,1,0
"Dc14022","locus256",1,1,NA,NA,1,NA,1,NA,1,0
"Dc14022","locus263",1,1,NA,NA,0.71407,NA,1,NA,1,0
"Dc14022","locus264",1,1,NA,NA,1,NA,1,NA,1,0
"Dc14022","locus274",1,1,NA,NA,1,NA,1,NA,1,0
"Dc14022","locus280",1,1,NA,NA,1,NA,1,NA,1,0
"Dc14022","locus282",1,0.2671,NA,NA,1,NA,1,NA,1,0
"Dc14022","locus286",1,1,NA,NA,1,NA,1,NA,1,0
"Dc14022","locus291",1,0.96109,NA,NA,1,NA,1,NA,1,0
"Dc14022","locus296",1,1,NA,NA,1,NA,1,NA,1,0
"Dc14022","locus301",1,1,NA,NA,1,NA,1,NA,1,0
"Dc14022","locus314",1,1,NA,NA,1,NA,1,NA,1,0
"Dc14022","locus321",1,1,NA,NA,1,NA,1,NA,1,0
"Dc14022","locus322",1,1,NA,NA,1,NA,1,NA,1,0
"Dc14022","locus323",0.71312,1,NA,NA,1,NA,1,NA,1,0
"Dc14022","locus329",0.58594,1,NA,NA,1,NA,1,NA,1,0
"Dc14022","locus332",1,0.584208,1,NA,1,NA,1,NA,1,0
"Dc14022","locus358",1,0.75939,NA,NA,1,NA,1,NA,1,0
"Dc14022","locus359",1,1,NA,NA,1,NA,1,NA,1,0
"Dc14022","locus360",1,1,NA,NA,0.71131,NA,1,NA,1,0
"Dc14945","Dc16747",1,1,NA,NA,1,NA,1,1,1,0
"Dc14945","Dc18951",1,1,NA,NA,1,1,0.250068,1,1,0
"Dc14945","Dc20232",1,1,NA,NA,1,1,1,1,1,0
"Dc14945","Dc22887",1,1,NA,NA,1,NA,1,1,1,0
"Dc14945","Dc27955",0.8106,1,NA,NA,1,1,1,NA,1,0
"Dc14945","Dc28124",1,1,NA,NA,1,NA,1,1,1,0
"Dc14945","Dc28776",1,1,NA,NA,1,NA,1,1,1,0
"Dc14945","Dc30071",0.688828,1,NA,NA,1,1,1,1,1,0
"Dc14945","Dc31007",1,NA,NA,NA,1,NA,1,NA,1,0
"Dc14945","Dc33714",1,1,NA,NA,1,NA,0.471456,1,1,0
"Dc14945","Dc33907",1,1,NA,NA,1,NA,1,1,1,0
"Dc14945","Dc34902",1,1,NA,NA,1,NA,1,1,1,0
"Dc14945","Dc35779",1,1,NA,NA,1,1,1,1,1,0
"Dc14945","Dc36571",1,1,NA,NA,1,NA,1,1,1,0
"Dc14945","Dc36616",0.505836,0.234402,NA,NA,1,1,1,1,1,0
"Dc14945","Dc40235",1,1,NA,NA,1,NA,1,1,1,0
"Dc14945","Dc41234",1,0.88964,NA,NA,1,NA,NA,NA,1,0
"Dc14945","Dc46984",1,1,NA,NA,1,1,1,1,1,0
"Dc14945","Dc47572",1,1,1,NA,1,1,1,1,1,0
"Dc14945","Dc47935",1,1,1,NA,1,NA,1,1,1,0
"Dc14945","Dc48207",1,1,NA,NA,1,1,1,1,1,0
"Dc14945","Dc48950",1,0.440568,NA,NA,1,NA,0.45486,1,1,0
"Dc14945","Dc49080",1,0.70914,NA,NA,1,NA,1,1,1,0
"Dc14945","Dc49184",0.686976,1,NA,NA,1,NA,1,1,1,0
"Dc14945","Dc51020",1,1,NA,NA,1,NA,1,1,1,0
"Dc14945","Dc52523",1,1,NA,NA,1,NA,0.591756,1,1,0
"Dc14945","Dc55481",1,1,NA,1,1,NA,1,NA,1,0
"Dc14945","Dc58248",1,1,NA,1,1,NA,1,NA,1,0
"Dc14945","Dc62188",1,1,NA,1,1,NA,0.779244,NA,1,0
"Dc14945","Dc67011",1,0.91885,NA,1,1,NA,0.181332,NA,1,0
"Dc14945","locus003",0.53431,0.503748,NA,1,1,NA,0.53431,NA,1,0
"Dc14945","locus004",1,1,NA,1,1,NA,1,NA,1,0
"Dc14945","locus005",1,1,NA,1,1,NA,1,NA,1,0
"Dc14945","locus006",1,1,NA,1,1,NA,1,NA,1,0
"Dc14945","locus008",0.28452,1,NA,1,1,NA,1,NA,1,0
"Dc14945","locus013",1,1,NA,1,1,NA,1,NA,1,0
"Dc14945","locus014",1,1,1,1,1,NA,1,NA,1,0
"Dc14945","locus022",1,1,NA,1,1,NA,1,NA,0.796008,0
"Dc14945","locus024",1,1,NA,0.99895,1,NA,0.926088,NA,1,0
"Dc14945","locus025",1,1,NA,1,1,NA,1,NA,1,0
"Dc14945","locus027",1,1,NA,NA,1,NA,NA,NA,NA,0
"Dc14945","locus030",1,1,NA,NA,1,NA,1,NA,1,0
"Dc14945","locus035",1,0.375132,NA,NA,1,1,1,NA,1,0
"Dc14945","locus038",1,1,NA,NA,1,NA,1,NA,1,0
"Dc14945","locus039",0.93479,1,NA,NA,1,NA,1,NA,1,0
"Dc14945","locus040",0.980526,0.32625,NA,NA,1,NA,1,NA,0.361296,0
"Dc14945","locus041",1,0.39777,NA,NA,1,NA,1,NA,1,0
"Dc14945","locus045",0.862168,1,NA,NA,1,NA,0.83162,NA,1,0
"Dc14945","locus047",1,1,NA,NA,1,NA,1,NA,1,0
"Dc14945","locus048",1,1,NA,NA,1,NA,1,NA,1,0
"Dc14945","locus053",1,0.28378,NA,NA,1,NA,1,NA,0.531752,0
"Dc14945","locus055",1,0.05466,NA,NA,1,NA,1,NA,1,0
"Dc14945","locus056",1,1,NA,1,1,1,1,NA,1,0
"Dc14945","locus058",1,1,NA,1,1,NA,1,NA,1,0
"Dc14945","locus060",1,1,NA,1,1,NA,1,NA,1,0
"Dc14945","locus061",1,NA,NA,NA,1,NA,1,NA,1,0
"Dc14945","locus062",0.806328,1,NA,1,1,NA,1,NA,1,0
"Dc14945","locus064",1,1,NA,1,1,NA,1,NA,1,0
"Dc14945","locus065",1,0.318492,NA,1,1,NA,1,NA,1,0
"Dc14945","locus073",1,1,1,1,1,NA,1,NA,1,0
"Dc14945","locus074",1,1,1,1,1,NA,0.086506,NA,1,0
"Dc14945","locus076",1,1,NA,NA,1,NA,1,NA,1,0
"Dc14945","locus077",0.931368,1,NA,1,1,NA,0.931368,NA,1,0
"Dc14945","locus080",0.59734,1,NA,NA,1,NA,1,NA,1,0
"Dc14945","locus083",1,NA,NA,NA,1,NA,1,NA,1,0
"Dc14945","locus088",1,1,NA,NA,1,NA,0.07261,NA,1,0
"Dc14945","locus093",0.39696,1,1,NA,1,NA,1,NA,1,0
"Dc14945","locus096",1,1,1,NA,1,NA,1,NA,1,0
"Dc14945","locus098",1,0.76766,NA,NA,1,NA,0.829576,NA,1,0
"Dc14945","locus100",1,1,1,NA,1,NA,1,NA,1,0
"Dc14945","locus106",1,1,NA,NA,1,NA,1,NA,1,0
"Dc14945","locus116",0.313872,1,NA,NA,1,1,0.62743,NA,1,0
"Dc14945","locus119",1,1,NA,NA,1,NA,1,NA,1,0
"Dc14945","locus120",1,1,NA,NA,1,NA,1,NA,1,0
"Dc14945","locus128",1,1,NA,1,1,NA,1,NA,1,0
"Dc14945","locus129",1,1,NA,1,1,NA,1,NA,1,0
"Dc14945","locus130",0.43962,NA,1,NA,1,NA,1,NA,1,0
"Dc14945","locus134",1,1,NA,NA,1,1,1,NA,1,0
"Dc14945","locus135",1,1,NA,1,1,NA,0.549168,NA,1,0
"Dc14945","locus137",1,1,NA,1,1,NA,1,NA,1,0
"Dc14945","locus139",1,1,NA,1,1,NA,1,NA,1,0
"Dc14945","locus140",1,1,NA,1,1,NA,1,NA,1,0
"Dc14945","locus146",1,1,1,1,1,NA,1,NA,1,0
"Dc14945","locus148",1,1,NA,1,1,NA,0.54804,NA,1,0
"Dc14945","locus151",1,NA,NA,1,1,NA,1,NA,1,0
"Dc14945","locus157",0.739712,NA,NA,NA,1,NA,1,NA,1,0
"Dc14945","locus161",1,1,NA,1,1,NA,0.657828,NA,1,0
"Dc14945","locus165",1,1,NA,NA,1,NA,1,NA,1,0
"Dc14945","locus170",0.17934,1,NA,1,1,NA,1,NA,1,0
"Dc14945","locus176",0.488824,NA,NA,NA,1,NA,0.742152,NA,0.80126,0
"Dc14945","locus184",0.224602,1,1,1,1,NA,1,NA,1,0
"Dc14945","locus186",1,1,NA,1,1,NA,1,NA,1,0
"Dc14945","locus188",1,1,NA,NA,1,NA,1,NA,1,0
"Dc14945","locus189",1,1,NA,1,1,NA,1,1,1,0
"Dc14945","locus190",1,0.554028,NA,NA,1,NA,1,1,1,0
"Dc14945","locus191",1,NA,NA,NA,1,NA,1,1,1,0
"Dc14945","locus192",1,0.404412,NA,NA,1,NA,1,1,1,0
"Dc14945","locus195",1,1,NA,NA,1,NA,1,1,1,0
"Dc14945","locus202",1,1,NA,NA,1,NA,0.619428,1,1,0
"Dc14945","locus215",0.18951,NA,NA,NA,1,NA,1,1,1,0
"Dc14945","locus227",1,1,1,NA,1,NA,1,1,0.993902,0
"Dc14945","locus231",1,1,NA,NA,1,NA,1,NA,1,0
"Dc14945","locus235",1,0.395052,NA,NA,1,1,1,1,1,0
"Dc14945","locus236",1,0.07698,NA,NA,1,NA,1,1,1,0
"Dc14945","locus237",1,1,NA,NA,1,NA,1,1,1,0
"Dc14945","locus239",1,1,NA,NA,1,NA,1,1,1,0
"Dc14945","locus248",0.478968,1,NA,NA,1,NA,1,1,1,0
"Dc14945","locus256",1,1,NA,NA,1,NA,1,NA,1,0
"Dc14945","locus263",1,1,NA,NA,1,NA,1,NA,1,0
"Dc14945","locus274",1,0.880728,NA,NA,1,NA,0.880728,NA,0.3344,0
"Dc14945","locus280",1,1,NA,NA,1,NA,1,NA,1,0
"Dc14945","locus282",1,1,NA,NA,1,NA,0.336,NA,1,0
"Dc14945","locus286",0.59151,0.745184,NA,NA,1,NA,1,NA,1,0
"Dc14945","locus291",1,1,NA,NA,1,NA,1,NA,1,0
"Dc14945","locus292",1,0.59422,NA,NA,1,NA,1,NA,1,0
"Dc14945","locus296",0.54629,1,NA,NA,1,NA,1,NA,1,0
"Dc14945","locus301",1,1,NA,NA,1,NA,0.89478,NA,1,0
"Dc14945","locus314",1,1,NA,NA,1,NA,1,NA,1,0
"Dc14945","locus322",0.22357,0.640304,NA,NA,1,NA,1,NA,1,0
"Dc14945","locus323",1,1,NA,NA,1,NA,1,NA,1,0
"Dc14945","locus329",1,0.40902,NA,NA,1,NA,1,NA,1,0
"Dc14945","locus332",1,1,1,NA,1,NA,1,NA,1,0
"Dc14945","locus358",0.15535,0.15535,NA,NA,1,NA,1,NA,1,0
"Dc14945","locus359",1,1,NA,NA,1,NA,1,NA,1,0
"Dc14945","locus360",1,1,NA,NA,1,NA,1,NA,1,0
"Dc16747","Dc18951",1,1,NA,NA,1,NA,1,1,1,0
"Dc16747","Dc20232",0.75204,1,NA,NA,1,NA,1,1,1,0
"Dc16747","Dc22883",1,1,NA,NA,1,NA,0.27135,NA,1,0
"Dc16747","Dc22887",1,1,NA,NA,1,NA,1,1,1,0
"Dc16747","Dc27955",1,1,NA,NA,1,NA,0.83714,NA,0.945328,0
"Dc16747","Dc28124",1,1,NA,NA,1,NA,1,1,1,0
"Dc16747","Dc28776",0.206424,1,NA,NA,1,NA,1,1,1,0
"Dc16747","Dc30071",1,1,NA,NA,0.851412,NA,1,1,1,0
"Dc16747","Dc31007",1,NA,NA,NA,1,NA,1,NA,1,0
"Dc16747","Dc33714",1,1,NA,NA,1,NA,1,1,1,0
"Dc16747","Dc33907",1,1,NA,NA,0.854328,NA,1,1,1,0
"Dc16747","Dc34902",1,1,NA,NA,1,NA,1,1,1,0
"Dc16747","Dc35779",1,1,NA,NA,1,NA,1,1,1,0
"Dc16747","Dc36571",1,1,NA,NA,1,NA,0.67536,1,1,0
"Dc16747","Dc36616",1,1,NA,NA,1,NA,1,1,1,0
"Dc16747","Dc40235",0.615012,1,NA,NA,1,NA,1,1,1,0
"Dc16747","Dc41234",1,1,1,NA,1,NA,NA,NA,1,0
"Dc16747","Dc46984",1,0.844788,NA,NA,1,NA,0.844788,1,1,0
"Dc16747","Dc47572",1,1,1,NA,1,NA,1,1,1,0
"Dc16747","Dc47935",1,1,NA,NA,1,NA,0.87865,1,0.083616,0
"Dc16747","Dc48207",1,1,NA,NA,1,NA,1,1,1,0
"Dc16747","Dc48950",1,1,NA,NA,1,NA,1,1,0.947544,0
"Dc16747","Dc49080",1,1,NA,NA,1,NA,1,1,1,0
"Dc16747","Dc49184",1,1,NA,NA,1,NA,1,1,1,0
"Dc16747","Dc51020",1,1,NA,NA,1,NA,1,1,0.057564,0
"Dc16747","Dc52523",1,1,NA,NA,0.521916,NA,1,1,1,0
"Dc16747","Dc55481",1,0.09384,NA,1,1,NA,1,NA,1,0
"Dc16747","Dc58248",1,0.249564,NA,1,1,NA,1,NA,1,0
"Dc16747","Dc62188",1,1,NA,1,1,NA,1,NA,0.41886,0
"Dc16747","Dc67011",1,1,NA,1,1,NA,1,NA,1,0
"Dc16747","locus003",1,1,NA,1,1,NA,1,NA,1,0
"Dc16747","locus004",1,1,NA,1,1,NA,1,NA,1,0
"Dc16747","locus005",1,0.79749,NA,1,1,NA,1,NA,0.3738,0
"Dc16747","locus006",1,1,NA,1,1,NA,1,NA,1,0
"Dc16747","locus008",0.980148,1,NA,1,1,NA,1,NA,1,0
"Dc16747","locus013",1,1,NA,1,1,NA,1,NA,1,0
"Dc16747","locus014",1,1,1,1,1,NA,1,NA,1,0
"Dc16747","locus022",1,0.381828,NA,1,1,NA,0.53308,NA,1,0
"Dc16747","locus024",1,1,NA,1,1,NA,1,NA,0.341112,0
"Dc16747","locus025",1,1,NA,1,1,NA,1,NA,0.321552,0
"Dc16747","locus027",0.857436,0.763518,NA,NA,0.763518,NA,NA,NA,NA,0
"Dc16747","locus030",1,1,NA,NA,1,NA,1,NA,1,0
"Dc16747","locus035",1,1,NA,NA,1,NA,1,NA,1,0
"Dc16747","locus038",1,0.98827,NA,NA,1,NA,1,NA,1,0
"Dc16747","locus039",0.97971,1,NA,NA,1,NA,1,NA,1,0
"Dc16747","locus040",0.3207,0.830628,NA,NA,0.56724,NA,1,NA,1,0
"Dc16747","locus041",1,1,NA,NA,1,NA,1,NA,1,0
"Dc16747","locus045",0.45533,0.45533,NA,NA,1,NA,1,NA,1,0
"Dc16747","locus047",1,1,NA,NA,1,NA,1,NA,0.64686,0
"Dc16747","locus048",1,1,NA,NA,1,NA,1,NA,1,0
"Dc16747","locus053",0.10009,0.10009,NA,NA,1,NA,1,NA,1,0
"Dc16747","locus055",1,0.48585,NA,NA,1,NA,1,NA,1,0
"Dc16747","locus056",1,1,NA,1,1,NA,1,NA,0.626808,0
"Dc16747","locus058",1,1,NA,1,1,NA,1,NA,1,0
"Dc16747","locus060",1,1,NA,1,1,NA,1,NA,1,0
"Dc16747","locus061",1,NA,NA,NA,1,NA,1,NA,1,0
"Dc16747","locus062",1,0.446868,NA,1,1,NA,1,NA,1,0
"Dc16747","locus064",1,1,NA,1,1,NA,1,NA,1,0
"Dc16747","locus065",1,1,NA,1,1,NA,1,NA,1,0
"Dc16747","locus073",1,0.70992,1,1,1,NA,0.084112,NA,0.12006,0
"Dc16747","locus074",1,1,1,1,1,NA,1,NA,1,0
"Dc16747","locus076",0.998328,0.77591,NA,NA,0.998328,NA,0.998328,NA,1,0
"Dc16747","locus077",1,1,NA,1,1,NA,1,NA,1,0
"Dc16747","locus080",1,1,1,NA,1,NA,1,NA,1,0
"Dc16747","locus083",0.796928,NA,NA,NA,1,NA,1,NA,1,0
"Dc16747","locus088",1,1,NA,NA,0.71477,NA,1,NA,1,0
"Dc16747","locus093",1,1,1,NA,1,NA,1,NA,1,0
"Dc16747","locus096",1,1,1,NA,1,NA,1,NA,1,0
"Dc16747","locus098",0.77096,1,NA,NA,1,NA,0.15592,NA,1,0
"Dc16747","locus100",1,1,1,NA,1,NA,1,NA,1,0
"Dc16747","locus106",0.573768,0.43219,NA,NA,0.573768,NA,1,NA,1,0
"Dc16747","locus116",0.74672,1,NA,NA,1,NA,1,NA,1,0
"Dc16747","locus119",0.98257,1,NA,NA,1,NA,1,NA,1,0
"Dc16747","locus120",0.406592,0.33918,NA,NA,1,NA,1,NA,1,0
"Dc16747","locus128",1,1,NA,1,1,NA,1,NA,1,0
"Dc16747","locus129",1,1,NA,1,1,NA,1,NA,1,0
"Dc16747","locus130",0.883952,NA,NA,NA,1,NA,1,NA,1,0
"Dc16747","locus134",0.82787,0.82787,NA,NA,1,NA,1,NA,1,0
"Dc16747","locus135",1,0.586488,NA,1,1,NA,1,NA,1,0
"Dc16747","locus137",1,1,NA,1,1,NA,1,NA,1,0
"Dc16747","locus139",1,0.926856,NA,1,1,NA,1,NA,1,0
"Dc16747","locus140",1,0.942432,NA,1,1,NA,1,NA,1,0
"Dc16747","locus146",1,1,1,1,0.71739,NA,0.426096,NA,0.095718,0
"Dc16747","locus148",1,1,NA,1,1,NA,1,NA,1,0
"Dc16747","locus151",0.40318,NA,NA,1,1,NA,1,NA,1,0
"Dc16747","locus157",0.971232,NA,NA,NA,1,NA,0.971232,NA,0.971232,0
"Dc16747","locus161",1,1,NA,1,1,NA,1,NA,1,0
"Dc16747","locus165",1,1,NA,NA,1,NA,1,NA,1,0
"Dc16747","locus170",1,1,NA,1,1,NA,1,NA,1,0
"Dc16747","locus176",0.633648,NA,1,NA,1,NA,0.07537,NA,1,0
"Dc16747","locus184",1,0.053228,1,1,1,NA,1,NA,1,0
"Dc16747","locus188",1,1,NA,NA,1,NA,0.62729,NA,0.829928,0
"Dc16747","locus189",0.398004,0.309904,NA,1,1,NA,1,1,1,0
"Dc16747","locus190",1,1,NA,NA,1,NA,0.427308,1,1,0
"Dc16747","locus191",0.90134,NA,NA,NA,1,NA,1,1,1,0
"Dc16747","locus192",1,1,NA,NA,1,NA,1,1,1,0
"Dc16747","locus195",1,1,NA,NA,1,NA,1,1,1,0
"Dc16747","locus202",1,1,NA,NA,1,NA,1,1,1,0
"Dc16747","locus215",1,NA,NA,NA,1,NA,1,1,0.34805,0
"Dc16747","locus227",0.323778,1,1,NA,1,NA,0.323778,1,1,0
"Dc16747","locus231",0.935046,0.49355,NA,NA,1,NA,0.935046,NA,0.49355,0
"Dc16747","locus235",1,1,NA,NA,1,NA,1,1,1,0
"Dc16747","locus236",1,0.635184,NA,NA,1,NA,0.95538,1,1,0
"Dc16747","locus237",1,1,NA,NA,1,NA,1,1,1,0
"Dc16747","locus239",1,1,NA,NA,1,NA,1,1,1,0
"Dc16747","locus248",1,1,NA,NA,1,NA,1,1,0.906,0
"Dc16747","locus256",1,1,NA,NA,1,NA,1,NA,1,0
"Dc16747","locus263",1,1,NA,NA,1,NA,1,NA,1,0
"Dc16747","locus264",1,1,NA,NA,1,NA,1,NA,1,0
"Dc16747","locus274",1,1,NA,NA,1,NA,1,NA,1,0
"Dc16747","locus280",1,1,NA,NA,1,NA,1,NA,1,0
"Dc16747","locus282",1,1,NA,NA,1,NA,1,NA,1,0
"Dc16747","locus286",1,0.41239,NA,NA,1,NA,1,NA,1,0
"Dc16747","locus291",1,0.66126,NA,NA,1,NA,1,NA,1,0
"Dc16747","locus296",1,1,NA,NA,1,NA,1,NA,1,0
"Dc16747","locus301",1,0.07046,NA,NA,1,NA,1,NA,1,0
"Dc16747","locus314",1,1,NA,NA,1,NA,1,NA,1,0
"Dc16747","locus321",0.866448,0.937338,NA,NA,0.937338,NA,0.37839,NA,0.937338,0
"Dc16747","locus322",1,1,NA,NA,1,NA,1,NA,1,0
"Dc16747","locus323",0.49926,1,NA,NA,1,NA,1,NA,1,0
"Dc16747","locus329",1,1,NA,NA,0.28508,NA,1,NA,0.679808,0
"Dc16747","locus332",1,1,1,NA,1,NA,1,NA,1,0
"Dc16747","locus358",1,1,NA,NA,1,NA,1,NA,1,0
"Dc16747","locus359",1,1,NA,NA,1,NA,1,NA,1,0
"Dc16747","locus360",1,1,NA,NA,1,NA,0.60558,NA,1,0
"Dc18951","Dc20232",1,1,NA,NA,1,1,1,1,0.531832,0
"Dc18951","Dc22883",0.88544,1,NA,NA,1,NA,1,NA,1,0
"Dc18951","Dc22887",0.47466,0.50245,NA,NA,1,NA,1,1,1,0
"Dc18951","Dc27955",0.38388,1,NA,NA,1,1,1,NA,1,0
"Dc18951","Dc28124",1,1,NA,NA,1,NA,1,1,1,0
"Dc18951","Dc28776",1,1,NA,NA,1,NA,0.880644,1,1,0
"Dc18951","Dc30071",1,1,NA,NA,1,1,0.86604,1,1,0
"Dc18951","Dc31007",1,NA,NA,NA,1,NA,1,NA,1,0
"Dc18951","Dc33714",1,0.127896,NA,NA,1,NA,1,1,1,0
"Dc18951","Dc33907",1,1,NA,NA,1,NA,1,1,1,0
"Dc18951","Dc34902",1,1,NA,NA,1,NA,1,1,1,0
"Dc18951","Dc35779",0.678244,1,NA,NA,1,1,1,1,1,0
"Dc18951","Dc36571",0.757056,1,NA,NA,1,NA,1,1,1,0
"Dc18951","Dc36616",1,1,NA,NA,1,1,1,1,1,0
"Dc18951","Dc40235",1,0.1446,NA,NA,1,NA,0.28379,1,1,0
"Dc18951","Dc41234",1,1,NA,NA,1,NA,NA,NA,1,0
"Dc18951","Dc46984",1,1,NA,NA,1,1,1,1,1,0
"Dc18951","Dc47572",1,1,1,NA,1,1,1,1,1,0
"Dc18951","Dc47935",1,1,NA,NA,1,NA,1,1,1,0
"Dc18951","Dc48207",1,1,NA,NA,1,1,1,1,1,0
"Dc18951","Dc48950",1,0.940968,NA,NA,1,NA,1,1,1,0
"Dc18951","Dc49080",1,1,NA,NA,1,NA,1,0.574116,1,0
"Dc18951","Dc49184",1,0.44346,NA,NA,1,NA,0.538496,0.603066,0.47033,0
"Dc18951","Dc51020",0.89646,1,NA,NA,1,NA,1,1,0.31212,0
"Dc18951","Dc52523",1,1,NA,NA,1,NA,1,1,1,0
"Dc18951","Dc55481",0.653508,1,NA,1,1,NA,1,NA,1,0
"Dc18951","Dc58248",1,0.281172,NA,1,1,NA,1,NA,1,0
"Dc18951","Dc62188",1,1,NA,1,1,NA,0.251844,NA,1,0
"Dc18951","Dc67011",1,0.220272,NA,1,1,NA,1,NA,1,0
"Dc18951","locus004",1,1,NA,1,1,NA,1,NA,1,0
"Dc18951","locus005",1,1,NA,1,0.853824,NA,1,NA,1,0
"Dc18951","locus006",1,1,NA,1,0.741264,NA,1,NA,0.741264,0
"Dc18951","locus008",1,1,NA,1,1,NA,1,NA,1,0
"Dc18951","locus013",1,0.349692,NA,0.349692,1,NA,1,NA,1,0
"Dc18951","locus014",1,1,NA,1,1,NA,1,NA,1,0
"Dc18951","locus022",1,1,NA,1,1,NA,1,NA,1,0
"Dc18951","locus024",1,1,NA,1,1,NA,1,NA,1,0
"Dc18951","locus025",0.704028,1,NA,1,1,NA,1,NA,1,0
"Dc18951","locus027",0.51638,0.254022,NA,NA,0.51638,NA,NA,NA,NA,0
"Dc18951","locus030",1,1,NA,NA,1,NA,1,NA,0.41639,0
"Dc18951","locus035",1,1,NA,NA,1,1,1,NA,1,0
"Dc18951","locus038",1,1,NA,NA,1,NA,1,NA,1,0
"Dc18951","locus039",1,1,NA,NA,1,NA,1,NA,1,0
"Dc18951","locus041",1,1,NA,NA,1,NA,1,NA,1,0
"Dc18951","locus045",0.39308,1,NA,NA,0.572488,NA,1,NA,1,0
"Dc18951","locus047",1,1,NA,NA,1,NA,0.777648,NA,0.67343,0
"Dc18951","locus048",1,0.31838,NA,NA,1,NA,1,NA,0.86816,0
"Dc18951","locus055",1,1,NA,NA,1,NA,0.44602,NA,0.567952,0
"Dc18951","locus056",1,1,NA,1,1,1,1,NA,1,0
"Dc18951","locus058",1,0.767862,NA,0.229584,0.71975,NA,1,NA,0.738944,0
"Dc18951","locus060",1,1,NA,1,1,NA,1,NA,1,0
"Dc18951","locus061",0.917928,NA,NA,NA,0.917928,NA,0.917928,NA,0.917928,0
"Dc18951","locus062",1,1,NA,1,1,NA,0.997536,NA,1,0
"Dc18951","locus064",1,1,NA,1,1,NA,1,NA,1,0
"Dc18951","locus065",0.703008,1,NA,1,1,NA,1,NA,0.99944,0
"Dc18951","locus073",1,1,1,1,1,NA,1,NA,1,0
"Dc18951","locus074",1,1,1,1,1,NA,1,NA,1,0
"Dc18951","locus076",0.45989,1,NA,NA,1,NA,1,NA,1,0
"Dc18951","locus077",1,1,NA,1,1,NA,1,NA,1,0
"Dc18951","locus080",1,1,NA,NA,1,NA,1,NA,1,0
"Dc18951","locus083",0.14424,NA,NA,NA,1,NA,1,NA,1,0
"Dc18951","locus088",1,1,NA,NA,1,NA,1,NA,1,0
"Dc18951","locus093",0.666624,1,1,NA,1,NA,1,NA,0.666624,0
"Dc18951","locus096",1,1,1,NA,1,NA,1,NA,1,0
"Dc18951","locus098",1,1,NA,NA,1,NA,1,NA,1,0
"Dc18951","locus100",0.790644,1,1,NA,1,NA,1,NA,1,0
"Dc18951","locus106",1,1,1,NA,1,NA,1,NA,1,0
"Dc18951","locus116",1,1,NA,NA,1,1,1,NA,1,0
"Dc18951","locus119",1,1,NA,NA,1,NA,0.93528,NA,1,0
"Dc18951","locus120",0.12432,1,NA,NA,1,NA,1,NA,1,0
"Dc18951","locus128",1,0.084156,NA,1,1,NA,1,NA,0.6327,0
"Dc18951","locus129",1,1,NA,1,1,NA,1,NA,1,0
"Dc18951","locus134",1,1,NA,NA,1,1,1,NA,0.7587,0
"Dc18951","locus135",1,1,NA,0.858216,1,NA,1,NA,1,0
"Dc18951","locus137",0.59605,1,NA,1,1,NA,1,NA,0.180024,0
"Dc18951","locus139",0.380532,1,NA,1,1,NA,0.96649,NA,1,0
"Dc18951","locus140",0.370788,1,NA,1,1,NA,0.96017,NA,1,0
"Dc18951","locus146",1,1,1,1,1,NA,1,NA,1,0
"Dc18951","locus148",1,1,NA,1,1,NA,0.537204,NA,1,0
"Dc18951","locus151",1,NA,NA,1,1,NA,1,NA,1,0
"Dc18951","locus157",0.48558,NA,NA,NA,0.48558,NA,0.48558,NA,0.11388,0
"Dc18951","locus161",1,1,1,0.325122,1,NA,1,NA,1,0
"Dc18951","locus165",1,0.60358,NA,NA,1,NA,1,NA,1,0
"Dc18951","locus170",0.25536,1,NA,1,1,NA,1,NA,1,0
"Dc18951","locus176",1,NA,NA,NA,1,NA,0.085256,NA,1,0
"Dc18951","locus184",1,1,1,1,1,NA,1,NA,1,0
"Dc18951","locus186",1,1,NA,1,1,NA,1,NA,1,0
"Dc18951","locus189",1,1,NA,1,1,NA,1,1,1,0
"Dc18951","locus190",1,1,NA,NA,1,NA,0.078264,1,1,0
"Dc18951","locus191",1,NA,NA,NA,1,NA,1,0.33149,1,0
"Dc18951","locus192",1,1,NA,NA,1,NA,1,0.568164,1,0
"Dc18951","locus195",0.852324,1,NA,NA,0.852324,NA,1,1,1,0
"Dc18951","locus202",1,0.148452,NA,NA,1,NA,1,0.573464,0.25556,0
"Dc18951","locus227",1,1,1,NA,1,NA,1,1,1,0
"Dc18951","locus231",1,0.264312,1,NA,0.572304,NA,0.49627,NA,1,0
"Dc18951","locus235",1,1,NA,NA,1,1,0.437822,1,1,0
"Dc18951","locus236",0.24288,1,NA,NA,1,NA,0.44221,1,1,0
"Dc18951","locus237",1,1,NA,NA,1,NA,0.434844,1,0.89161,0
"Dc18951","locus239",1,0.372912,NA,NA,1,NA,0.88289,1,1,0
"Dc18951","locus248",1,0.694896,NA,NA,0.71537,NA,0.785448,1,1,0
"Dc18951","locus256",0.195624,0.83216,NA,NA,0.430896,NA,0.06851,NA,0.83216,0
"Dc18951","locus263",1,1,NA,NA,1,NA,1,NA,0.67212,0
"Dc18951","locus264",1,0.823864,NA,NA,1,NA,1,NA,0.05372,0
"Dc18951","locus274",1,1,NA,NA,1,NA,1,NA,1,0
"Dc18951","locus282",1,1,NA,NA,1,NA,1,NA,0.63367,0
"Dc18951","locus286",0.76351,1,NA,NA,1,NA,0.870896,NA,1,0
"Dc18951","locus291",1,1,NA,NA,1,NA,1,NA,1,0
"Dc18951","locus292",0.88348,0.20061,NA,NA,1,NA,1,NA,1,0
"Dc18951","locus296",1,1,NA,NA,1,NA,1,NA,1,0
"Dc18951","locus301",0.05384,1,NA,NA,1,NA,0.397896,NA,1,0
"Dc18951","locus314",1,1,NA,NA,1,NA,0.43412,NA,1,0
"Dc18951","locus321",0.608952,0.936282,NA,NA,0.936282,NA,0.936282,NA,0.32526,0
"Dc18951","locus322",1,0.369976,NA,NA,0.14269,NA,0.369976,NA,1,0
"Dc18951","locus323",0.93572,1,NA,NA,1,NA,1,NA,1,0
"Dc18951","locus329",1,1,NA,NA,1,NA,1,NA,1,0
"Dc18951","locus332",1,1,1,NA,1,NA,1,NA,1,0
"Dc18951","locus358",1,1,NA,NA,1,NA,1,NA,1,0
"Dc18951","locus359",1,1,NA,NA,1,NA,0.17653,NA,1,0
"Dc18951","locus360",1,1,1,NA,1,NA,1,NA,1,0
"Dc20232","Dc22883",1,1,NA,NA,1,NA,1,NA,1,0
"Dc20232","Dc22887",1,1,NA,NA,1,NA,1,1,1,0
"Dc20232","Dc27955",0.95108,0.95108,NA,NA,1,NA,1,NA,1,0
"Dc20232","Dc28124",0.56214,1,NA,NA,1,NA,1,1,1,0
"Dc20232","Dc28776",0.92006,1,NA,NA,1,NA,0.92006,1,0.2118,0
"Dc20232","Dc30071",1,1,NA,NA,1,NA,1,1,1,0
"Dc20232","Dc31007",0.32436,NA,NA,NA,1,NA,1,NA,1,0
"Dc20232","Dc33714",0.87506,1,NA,NA,1,NA,0.391296,1,1,0
"Dc20232","Dc33907",1,0.245004,NA,NA,1,NA,0.98845,1,1,0
"Dc20232","Dc34902",1,1,NA,NA,1,NA,0.455136,1,1,0
"Dc20232","Dc35779",1,1,NA,NA,1,1,1,1,1,0
"Dc20232","Dc36571",1,1,NA,NA,1,NA,1,1,1,0
"Dc20232","Dc36616",1,1,NA,NA,1,1,1,1,1,0
"Dc20232","Dc40235",1,1,NA,NA,1,NA,1,1,1,0
"Dc20232","Dc41234",1,1,NA,NA,1,NA,NA,NA,1,0
"Dc20232","Dc46984",1,1,NA,NA,1,1,1,1,1,0
"Dc20232","Dc47572",1,1,1,NA,1,1,1,1,1,0
"Dc20232","Dc47935",1,0.74864,NA,NA,1,NA,0.74864,0.71478,1,0
"Dc20232","Dc48207",1,1,NA,NA,1,1,1,1,1,0
"Dc20232","Dc48950",1,1,NA,NA,1,NA,0.392604,1,0.60947,0
"Dc20232","Dc49080",1,1,NA,NA,1,NA,1,1,1,0
"Dc20232","Dc49184",1,1,NA,NA,1,NA,1,1,0.933624,0
"Dc20232","Dc51020",1,1,NA,NA,1,NA,1,1,1,0
"Dc20232","Dc52523",0.74142,1,NA,NA,1,NA,1,1,1,0
"Dc20232","Dc55481",1,1,NA,1,1,NA,1,NA,0.988212,0
"Dc20232","Dc58248",1,1,NA,1,1,NA,1,NA,1,0
"Dc20232","Dc62188",1,1,NA,1,1,NA,1,NA,1,0
"Dc20232","Dc67011",1,1,NA,1,1,NA,1,NA,1,0
"Dc20232","locus003",1,1,NA,1,1,NA,1,NA,1,0
"Dc20232","locus004",1,1,NA,1,0.85302,NA,1,NA,1,0
"Dc20232","locus005",1,0.524258,NA,1,1,1,1,NA,1,0
"Dc20232","locus006",1,1,NA,1,1,NA,1,NA,1,0
"Dc20232","locus008",1,1,NA,1,1,NA,1,NA,1,0
"Dc20232","locus013",1,1,NA,1,1,NA,1,NA,1,0
"Dc20232","locus014",1,1,NA,1,1,NA,1,NA,1,0
"Dc20232","locus022",0.55938,1,NA,1,1,NA,1,NA,1,0
"Dc20232","locus024",1,1,NA,1,1,NA,1,NA,1,0
"Dc20232","locus025",1,1,NA,1,1,NA,1,NA,1,0
"Dc20232","locus027",1,1,1,NA,1,NA,NA,NA,NA,0
"Dc20232","locus030",1,1,NA,NA,1,NA,1,NA,1,0
"Dc20232","locus035",1,1,NA,NA,1,1,1,NA,1,0
"Dc20232","locus038",1,1,NA,NA,1,NA,1,NA,1,0
"Dc20232","locus039",0.546834,0.144784,NA,NA,1,NA,0.09562,NA,1,0
"Dc20232","locus040",1,1,NA,NA,1,NA,1,NA,1,0
"Dc20232","locus041",1,1,NA,NA,1,NA,1,NA,1,0
"Dc20232","locus045",1,1,NA,NA,1,NA,1,NA,1,0
"Dc20232","locus047",1,1,NA,NA,1,NA,1,NA,1,0
"Dc20232","locus048",1,1,NA,NA,1,NA,1,NA,1,0
"Dc20232","locus053",0.088032,1,1,NA,1,NA,1,NA,1,0
"Dc20232","locus055",1,0.66107,NA,NA,1,NA,1,NA,0.86244,0
"Dc20232","locus056",1,1,NA,1,1,NA,1,NA,1,0
"Dc20232","locus058",1,1,NA,1,1,NA,1,NA,1,0
"Dc20232","locus060",1,1,NA,1,0.853368,NA,1,NA,1,0
"Dc20232","locus061",1,NA,1,NA,1,NA,1,NA,0.06417,0
"Dc20232","locus062",1,1,NA,1,1,NA,1,NA,0.120108,0
"Dc20232","locus064",1,0.96658,NA,1,1,NA,0.482112,NA,1,0
"Dc20232","locus065",1,1,NA,1,1,NA,1,NA,1,0
"Dc20232","locus073",1,1,1,1,0.991354,NA,1,NA,1,0
"Dc20232","locus074",1,1,1,1,1,NA,1,NA,0.239526,0
"Dc20232","locus076",0.36365,1,NA,NA,1,NA,0.649072,NA,1,0
"Dc20232","locus077",0.741192,1,NA,1,1,NA,1,NA,1,0
"Dc20232","locus080",1,1,NA,NA,1,NA,0.20135,NA,1,0
"Dc20232","locus083",1,NA,NA,NA,1,NA,1,NA,1,0
"Dc20232","locus088",1,1,NA,NA,1,NA,1,NA,1,0
"Dc20232","locus093",1,1,1,NA,1,NA,1,NA,1,0
"Dc20232","locus096",1,1,1,NA,1,NA,1,NA,0.659232,0
"Dc20232","locus098",0.5715,1,NA,NA,1,NA,1,NA,1,0
"Dc20232","locus100",1,1,1,NA,1,NA,1,NA,1,0
"Dc20232","locus106",1,1,1,NA,1,NA,1,NA,1,0
"Dc20232","locus116",1,1,NA,NA,1,1,1,NA,1,0
"Dc20232","locus119",1,1,NA,NA,1,NA,1,NA,1,0
"Dc20232","locus120",1,0.46347,NA,NA,0.572184,NA,1,NA,1,0
"Dc20232","locus128",1,1,NA,1,1,NA,1,NA,1,0
"Dc20232","locus129",1,1,NA,1,1,NA,0.469152,NA,1,0
"Dc20232","locus130",1,NA,NA,NA,1,NA,1,NA,1,0
"Dc20232","locus134",1,1,1,NA,1,1,1,NA,1,0
"Dc20232","locus135",1,0.196428,NA,1,1,NA,1,NA,1,0
"Dc20232","locus137",1,0.127548,NA,1,1,NA,1,NA,1,0
"Dc20232","locus139",1,1,NA,1,1,NA,1,NA,1,0
"Dc20232","locus140",1,1,NA,1,1,NA,1,NA,1,0
"Dc20232","locus146",1,1,1,1,1,NA,1,NA,1,0
"Dc20232","locus148",1,1,NA,1,1,NA,1,NA,1,0
"Dc20232","locus151",1,NA,NA,1,1,NA,1,NA,1,0
"Dc20232","locus157",0.456606,NA,NA,NA,1,NA,1,NA,0.431656,0
"Dc20232","locus161",1,1,1,1,1,NA,1,NA,1,0
"Dc20232","locus165",0.999282,0.44896,NA,NA,0.999282,NA,0.638408,NA,0.999282,0
"Dc20232","locus170",1,1,NA,1,1,NA,0.136872,NA,1,0
"Dc20232","locus176",1,NA,NA,NA,1,NA,1,NA,1,0
"Dc20232","locus184",1,1,1,1,1,NA,1,NA,1,0
"Dc20232","locus186",1,1,NA,1,1,NA,1,NA,1,0
"Dc20232","locus188",1,1,NA,NA,0.70216,NA,0.70216,NA,1,0
"Dc20232","locus189",1,1,NA,1,1,NA,1,1,1,0
"Dc20232","locus190",1,1,NA,NA,1,NA,1,1,1,0
"Dc20232","locus191",1,NA,NA,NA,0.71741,NA,1,1,1,0
"Dc20232","locus192",1,1,NA,NA,1,NA,1,1,1,0
"Dc20232","locus195",1,1,NA,NA,1,NA,1,1,1,0
"Dc20232","locus202",0.812484,1,NA,NA,1,NA,1,1,1,0
"Dc20232","locus215",0.298432,NA,NA,NA,1,NA,1,0.09526,1,0
"Dc20232","locus227",0.21742,1,1,NA,1,NA,1,1,1,0
"Dc20232","locus231",1,1,NA,NA,1,NA,1,NA,1,0
"Dc20232","locus235",1,1,NA,NA,1,1,1,1,1,0
"Dc20232","locus236",1,1,NA,NA,1,NA,1,1,1,0
"Dc20232","locus237",1,1,NA,NA,1,NA,1,0.556008,1,0
"Dc20232","locus239",1,1,NA,NA,1,NA,0.11838,1,1,0
"Dc20232","locus248",1,1,NA,NA,1,NA,1,1,1,0
"Dc20232","locus256",1,1,NA,NA,1,NA,1,NA,1,0
"Dc20232","locus263",1,1,NA,NA,1,NA,1,NA,1,0
"Dc20232","locus264",1,1,NA,NA,1,NA,0.06668,NA,1,0
"Dc20232","locus274",1,1,NA,NA,1,NA,1,NA,1,0
"Dc20232","locus280",0.47562,1,NA,NA,1,NA,0.47562,NA,1,0
"Dc20232","locus282",0.19927,1,NA,NA,1,NA,1,NA,1,0
"Dc20232","locus286",1,1,NA,NA,1,NA,1,NA,1,0
"Dc20232","locus291",1,0.509286,NA,NA,1,NA,0.06508,NA,0.05387,0
"Dc20232","locus292",1,1,NA,NA,0.574872,NA,0.33988,NA,1,0
"Dc20232","locus296",1,1,NA,NA,1,NA,1,NA,1,0
"Dc20232","locus314",1,1,NA,NA,1,NA,1,NA,1,0
"Dc20232","locus321",0.83231,1,NA,NA,1,NA,0.973776,NA,1,0
"Dc20232","locus322",0.55001,1,NA,NA,1,NA,0.776696,NA,1,0
"Dc20232","locus323",0.753928,1,NA,NA,1,NA,1,NA,0.60737,0
"Dc20232","locus329",1,1,NA,NA,0.72239,NA,0.969344,NA,1,0
"Dc20232","locus332",1,1,1,NA,1,NA,1,NA,1,0
"Dc20232","locus358",1,1,NA,NA,1,NA,1,NA,1,0
"Dc20232","locus359",1,1,NA,NA,1,NA,1,NA,1,0
"Dc22883","Dc22887",1,1,NA,NA,1,NA,1,NA,1,0
"Dc22883","Dc27955",0.99649,1,NA,NA,1,NA,1,NA,1,0
"Dc22883","Dc28124",1,0.10227,NA,NA,1,NA,1,NA,1,0
"Dc22883","Dc28776",1,1,NA,NA,1,NA,1,NA,1,0
"Dc22883","Dc30071",1,1,NA,NA,1,NA,1,NA,1,0
"Dc22883","Dc31007",1,NA,NA,NA,1,NA,1,NA,1,0
"Dc22883","Dc33907",0.56287,1,NA,NA,1,NA,1,NA,1,0
"Dc22883","Dc34902",1,1,NA,NA,1,NA,0.81033,NA,1,0
"Dc22883","Dc35779",1,1,NA,NA,1,1,1,NA,1,0
"Dc22883","Dc36571",1,1,NA,NA,1,NA,1,NA,1,0
"Dc22883","Dc36616",1,1,NA,NA,1,1,1,NA,1,0
"Dc22883","Dc40235",1,1,NA,NA,1,NA,1,NA,1,0
"Dc22883","Dc41234",1,1,NA,NA,1,NA,NA,NA,1,0
"Dc22883","Dc46984",1,1,NA,NA,1,1,0.996204,NA,1,0
"Dc22883","Dc47572",1,0.69469,1,NA,0.683064,1,0.612878,NA,1,0
"Dc22883","Dc47935",0.54718,1,NA,NA,1,NA,1,NA,1,0
"Dc22883","Dc48207",1,1,NA,NA,1,1,1,NA,1,0
"Dc22883","Dc48950",1,1,NA,NA,1,NA,1,NA,1,0
"Dc22883","Dc49080",1,1,NA,NA,1,NA,1,NA,1,0
"Dc22883","Dc49184",1,1,NA,NA,1,NA,1,NA,1,0
"Dc22883","Dc52523",1,0.32048,NA,NA,1,NA,1,NA,1,0
"Dc22883","Dc55481",1,1,NA,1,1,NA,1,NA,1,0
"Dc22883","Dc58248",1,1,NA,1,1,NA,0.546228,NA,0.77927,0
"Dc22883","Dc62188",0.784296,1,NA,1,1,NA,1,NA,1,0
"Dc22883","Dc67011",1,1,NA,1,1,NA,1,NA,1,0
"Dc22883","locus003",1,1,NA,1,1,NA,1,NA,1,0
"Dc22883","locus004",1,1,NA,1,1,NA,1,NA,1,0
"Dc22883","locus005",1,1,NA,1,1,1,1,NA,1,0
"Dc22883","locus008",1,1,NA,1,1,NA,1,NA,1,0
"Dc22883","locus013",1,1,NA,1,1,NA,1,NA,1,0
"Dc22883","locus014",1,1,NA,1,1,NA,0.565116,NA,1,0
"Dc22883","locus022",0.9556,0.511044,NA,1,0.55409,NA,0.9556,NA,1,0
"Dc22883","locus024",1,0.285048,NA,1,1,NA,1,NA,1,0
"Dc22883","locus025",0.3039,1,NA,0.84013,1,NA,1,NA,1,0
"Dc22883","locus027",0.06896,0.570792,1,NA,1,NA,NA,NA,NA,0
"Dc22883","locus030",1,1,NA,NA,1,NA,0.57445,NA,1,0
"Dc22883","locus035",1,1,NA,NA,1,1,0.940008,NA,1,0
"Dc22883","locus038",1,1,NA,NA,0.27831,NA,1,NA,1,0
"Dc22883","locus039",1,1,NA,NA,1,NA,1,NA,1,0
"Dc22883","locus040",0.22432,1,NA,NA,1,NA,1,NA,1,0
"Dc22883","locus041",1,1,NA,NA,1,NA,1,NA,1,0
"Dc22883","locus045",1,0.38665,NA,NA,1,NA,1,NA,1,0
"Dc22883","locus047",1,0.68052,NA,NA,1,NA,1,NA,1,0
"Dc22883","locus048",0.989928,0.21384,NA,NA,1,NA,0.989928,NA,1,0
"Dc22883","locus053",1,1,1,NA,1,NA,1,NA,1,0
"Dc22883","locus055",0.69821,1,NA,NA,1,NA,1,NA,1,0
"Dc22883","locus058",1,1,NA,1,1,NA,1,NA,1,0
"Dc22883","locus060",1,1,NA,1,1,NA,1,NA,1,0
"Dc22883","locus061",1,NA,1,NA,1,NA,1,NA,1,0
"Dc22883","locus062",1,1,NA,1,1,NA,1,NA,1,0
"Dc22883","locus064",1,1,NA,1,1,NA,1,NA,1,0
"Dc22883","locus065",1,0.647724,NA,1,1,NA,1,NA,1,0
"Dc22883","locus073",1,1,1,1,1,NA,1,NA,0.1589,0
"Dc22883","locus074",1,1,1,1,1,NA,0.312648,NA,1,0
"Dc22883","locus076",0.81151,1,NA,NA,1,NA,1,NA,1,0
"Dc22883","locus077",0.265536,1,NA,1,1,NA,1,NA,1,0
"Dc22883","locus080",1,1,NA,NA,1,NA,1,NA,1,0
"Dc22883","locus083",1,NA,NA,NA,1,NA,1,NA,1,0
"Dc22883","locus088",1,0.306008,NA,NA,1,NA,0.05437,NA,1,0
"Dc22883","locus093",1,1,1,NA,1,NA,1,NA,1,0
"Dc22883","locus096",1,1,1,NA,1,NA,1,NA,1,0
"Dc22883","locus098",1,1,NA,NA,1,NA,1,NA,1,0
"Dc22883","locus100",1,1,1,NA,1,NA,1,NA,0.196164,0
"Dc22883","locus106",1,0.992772,1,NA,1,NA,0.992772,NA,1,0
"Dc22883","locus116",1,0.491136,NA,NA,1,1,1,NA,1,0
"Dc22883","locus119",1,1,NA,NA,1,NA,1,NA,1,0
"Dc22883","locus120",0.198,0.97684,NA,NA,1,NA,1,NA,1,0
"Dc22883","locus128",1,1,NA,1,1,NA,1,NA,1,0
"Dc22883","locus129",1,0.69457,NA,1,1,NA,0.602532,NA,1,0
"Dc22883","locus130",1,NA,NA,NA,1,NA,0.92505,NA,0.266208,0
"Dc22883","locus134",1,1,1,NA,1,1,1,NA,1,0
"Dc22883","locus135",1,1,NA,1,1,NA,1,NA,1,0
"Dc22883","locus137",0.44022,1,NA,1,1,NA,1,NA,1,0
"Dc22883","locus139",0.19038,1,NA,1,1,NA,1,NA,1,0
"Dc22883","locus140",0.184452,1,NA,1,1,NA,1,NA,1,0
"Dc22883","locus146",1,1,1,1,1,NA,1,NA,1,0
"Dc22883","locus148",1,1,NA,1,1,NA,1,NA,1,0
"Dc22883","locus151",1,NA,NA,1,1,NA,1,NA,1,0
"Dc22883","locus157",1,NA,NA,NA,1,NA,0.453096,NA,0.453096,0
"Dc22883","locus161",1,1,1,1,1,NA,1,NA,1,0
"Dc22883","locus165",1,1,NA,NA,1,NA,1,NA,1,0
"Dc22883","locus170",1,1,NA,1,1,NA,1,NA,1,0
"Dc22883","locus176",0.701712,NA,NA,NA,1,NA,1,NA,0.738102,0
"Dc22883","locus184",1,1,1,1,1,NA,1,NA,1,0
"Dc22883","locus186",1,1,NA,1,1,NA,1,NA,1,0
"Dc22883","locus188",0.90492,0.87922,NA,NA,1,NA,0.87922,NA,1,0
"Dc22883","locus189",1,1,NA,0.83525,1,NA,0.168612,NA,1,0
"Dc22883","locus190",1,1,NA,NA,1,NA,1,NA,0.12003,0
"Dc22883","locus191",1,NA,NA,NA,1,NA,1,NA,0.147568,0
"Dc22883","locus192",1,0.28095,NA,NA,1,NA,1,NA,1,0
"Dc22883","locus195",1,1,NA,NA,1,NA,1,NA,1,0
"Dc22883","locus202",0.93521,1,NA,NA,1,NA,1,NA,1,0
"Dc22883","locus215",1,NA,NA,NA,1,NA,1,NA,1,0
"Dc22883","locus227",1,0.224208,1,NA,1,NA,1,NA,1,0
"Dc22883","locus231",1,0.63033,NA,NA,1,NA,0.935248,NA,1,0
"Dc22883","locus235",1,1,NA,NA,1,1,1,NA,1,0
"Dc22883","locus236",0.18282,1,NA,NA,1,NA,1,NA,1,0
"Dc22883","locus237",0.51074,1,NA,NA,0.51074,NA,0.536706,NA,1,0
"Dc22883","locus239",1,1,NA,NA,1,NA,1,NA,1,0
"Dc22883","locus248",1,1,NA,NA,1,NA,1,NA,0.10581,0
"Dc22883","locus256",0.23096,1,NA,NA,1,NA,0.19019,NA,1,0
"Dc22883","locus263",1,1,NA,NA,1,NA,1,NA,1,0
"Dc22883","locus264",0.24034,1,NA,NA,1,NA,0.368368,NA,1,0
"Dc22883","locus274",1,1,NA,NA,1,NA,0.53051,NA,1,0
"Dc22883","locus280",0.29386,0.29386,NA,NA,1,NA,1,NA,1,0
"Dc22883","locus282",1,0.58081,NA,NA,0.58081,NA,1,NA,1,0
"Dc22883","locus286",0.636128,1,NA,NA,1,NA,1,NA,0.33084,0
"Dc22883","locus291",1,1,NA,NA,1,NA,1,NA,1,0
"Dc22883","locus292",1,0.12849,NA,NA,1,NA,1,NA,1,0
"Dc22883","locus296",1,1,NA,NA,1,NA,1,NA,1,0
"Dc22883","locus301",0.56223,1,NA,NA,1,NA,1,NA,1,0
"Dc22883","locus314",1,1,NA,NA,1,NA,1,NA,1,0
"Dc22883","locus321",1,1,NA,NA,1,NA,0.25065,NA,1,0
"Dc22883","locus322",1,1,NA,NA,1,NA,1,NA,1,0
"Dc22883","locus323",0.352752,0.20152,NA,NA,1,NA,0.59862,NA,0.615952,0
"Dc22883","locus329",1,1,NA,NA,1,NA,1,NA,0.82389,0
"Dc22883","locus332",1,1,1,NA,1,NA,1,NA,1,0
"Dc22883","locus358",1,1,NA,NA,1,NA,1,NA,1,0
"Dc22883","locus359",1,1,NA,NA,1,NA,0.67795,NA,1,0
"Dc22883","locus360",0.76474,0.687048,NA,NA,1,1,1,NA,1,0
"Dc22887","Dc27955",0.33024,0.6486,NA,NA,1,NA,1,NA,1,0
"Dc22887","Dc28124",1,1,NA,NA,1,NA,0.97008,1,0.741576,0
"Dc22887","Dc28776",1,0.460752,NA,NA,1,NA,1,1,1,0
"Dc22887","Dc30071",1,1,NA,NA,1,NA,1,1,1,0
"Dc22887","Dc31007",1,NA,NA,NA,1,NA,1,NA,1,0
"Dc22887","Dc33714",1,0.179328,NA,NA,1,NA,1,1,1,0
"Dc22887","Dc33907",1,1,NA,NA,0.863868,NA,1,1,1,0
"Dc22887","Dc34902",1,1,NA,NA,1,NA,1,1,1,0
"Dc22887","Dc35779",1,1,NA,NA,1,1,0.476016,1,0.170324,0
"Dc22887","Dc36571",1,1,NA,NA,1,NA,1,1,1,0
"Dc22887","Dc36616",1,1,NA,NA,1,1,1,1,1,0
"Dc22887","Dc40235",1,1,NA,NA,1,1,1,1,1,0
"Dc22887","Dc41234",1,1,NA,NA,1,NA,NA,NA,1,0
"Dc22887","Dc46984",1,1,NA,NA,1,NA,0.522204,0.99325,1,0
"Dc22887","Dc47572",1,0.795216,1,NA,1,1,1,1,1,0
"Dc22887","Dc47935",1,1,NA,NA,1,NA,0.070404,1,1,0
"Dc22887","Dc48207",1,0.34006,NA,NA,1,1,1,1,1,0
"Dc22887","Dc48950",1,1,NA,NA,1,NA,1,1,1,0
"Dc22887","Dc49080",1,1,NA,NA,1,NA,1,1,1,0
"Dc22887","Dc49184",1,1,NA,NA,1,1,1,1,1,0
"Dc22887","Dc51020",1,1,NA,NA,1,NA,1,1,1,0
"Dc22887","Dc52523",1,1,NA,NA,1,1,1,1,1,0
"Dc22887","Dc55481",1,1,NA,1,1,NA,1,NA,1,0
"Dc22887","Dc58248",1,1,NA,1,1,NA,1,NA,0.320364,0
"Dc22887","Dc62188",0.654416,1,1,1,1,NA,1,NA,1,0
"Dc22887","Dc67011",1,1,NA,1,1,1,1,NA,1,0
"Dc22887","locus005",1,1,NA,1,1,NA,0.11664,NA,1,0
"Dc22887","locus006",1,1,NA,1,1,NA,1,NA,1,0
"Dc22887","locus008",0.086352,1,NA,0.33335,1,NA,1,NA,1,0
"Dc22887","locus013",1,1,NA,1,1,1,1,NA,1,0
"Dc22887","locus014",1,1,NA,1,0.279432,NA,1,NA,1,0
"Dc22887","locus022",1,1,NA,1,1,NA,1,NA,1,0
"Dc22887","locus024",1,1,NA,1,1,NA,1,NA,1,0
"Dc22887","locus025",1,1,NA,1,0.289992,NA,1,NA,0.88772,0
"Dc22887","locus027",1,1,NA,NA,1,NA,NA,NA,NA,0
"Dc22887","locus030",1,0.353148,NA,NA,1,1,1,NA,0.96885,0
"Dc22887","locus035",1,1,NA,NA,1,1,1,NA,1,0
"Dc22887","locus038",1,1,NA,1,1,NA,1,NA,1,0
"Dc22887","locus039",1,1,NA,NA,1,NA,1,NA,1,0
"Dc22887","locus040",1,1,NA,NA,1,NA,1,NA,1,0
"Dc22887","locus041",0.50888,1,NA,NA,1,NA,1,NA,1,0
"Dc22887","locus045",0.72035,0.895976,NA,NA,1,NA,1,NA,1,0
"Dc22887","locus047",0.483476,0.483476,NA,NA,0.287352,NA,0.09012,NA,0.2254,0
"Dc22887","locus048",1,1,NA,NA,1,NA,1,NA,1,0
"Dc22887","locus053",1,1,NA,NA,1,NA,0.7912,NA,1,0
"Dc22887","locus055",1,1,NA,NA,1,NA,1,NA,1,0
"Dc22887","locus056",1,1,NA,1,1,NA,1,NA,1,0
"Dc22887","locus058",1,1,NA,1,1,NA,1,NA,1,0
"Dc22887","locus060",0.306588,1,NA,1,1,NA,1,NA,0.79715,0
"Dc22887","locus061",1,NA,NA,NA,1,NA,0.511048,NA,1,0
"Dc22887","locus062",1,0.213624,NA,1,1,NA,1,NA,1,0
"Dc22887","locus064",0.277644,1,NA,1,0.277644,1,0.05145,NA,0.277644,0
"Dc22887","locus065",1,1,NA,1,1,NA,0.109776,NA,1,0
"Dc22887","locus073",1,1,1,1,1,NA,1,NA,1,0
"Dc22887","locus074",0.930948,1,1,0.463834,1,NA,1,NA,1,0
"Dc22887","locus076",1,1,NA,NA,0.47675,NA,1,NA,1,0
"Dc22887","locus077",0.807216,1,NA,1,0.807216,NA,1,NA,0.892912,0
"Dc22887","locus080",1,1,NA,NA,1,NA,0.20027,NA,1,0
"Dc22887","locus083",0.864576,NA,NA,NA,1,NA,1,NA,1,0
"Dc22887","locus088",0.69208,0.52962,NA,NA,1,NA,0.69208,NA,1,0
"Dc22887","locus093",1,1,1,NA,1,NA,1,NA,1,0
"Dc22887","locus096",1,1,1,NA,1,1,0.433468,NA,1,0
"Dc22887","locus098",0.33548,0.33548,NA,NA,1,NA,1,NA,0.946242,0
"Dc22887","locus100",1,0.17658,1,NA,1,NA,1,NA,1,0
"Dc22887","locus106",0.18395,1,NA,NA,1,NA,0.877368,NA,1,0
"Dc22887","locus116",1,1,NA,NA,1,NA,1,NA,0.40513,0
"Dc22887","locus119",1,0.098436,1,NA,1,NA,1,NA,0.94199,0
"Dc22887","locus120",1,0.41098,NA,NA,1,NA,1,NA,1,0
"Dc22887","locus128",1,0.419088,NA,1,1,NA,1,NA,1,0
"Dc22887","locus129",1,1,NA,1,1,NA,1,NA,1,0
"Dc22887","locus130",1,NA,NA,NA,1,NA,1,NA,1,0
"Dc22887","locus134",1,0.62805,NA,NA,1,1,1,NA,0.437832,0
"Dc22887","locus135",1,1,NA,1,1,NA,1,NA,1,0
"Dc22887","locus137",1,1,NA,1,0.282852,NA,1,NA,1,0
"Dc22887","locus139",1,1,NA,1,1,NA,1,NA,1,0
"Dc22887","locus140",1,1,NA,1,1,NA,1,NA,1,0
"Dc22887","locus146",1,1,1,1,1,NA,1,NA,0.824572,0
"Dc22887","locus151",1,NA,NA,1,1,1,1,NA,1,0
"Dc22887","locus157",0.517296,NA,NA,NA,1,NA,1,NA,1,0
"Dc22887","locus161",1,1,NA,1,1,NA,1,NA,1,0
"Dc22887","locus165",1,1,NA,NA,1,NA,1,NA,1,0
"Dc22887","locus170",0.470316,1,NA,1,1,NA,1,NA,1,0
"Dc22887","locus176",1,NA,NA,NA,1,NA,1,NA,1,0
"Dc22887","locus184",1,1,1,1,1,NA,1,NA,1,0
"Dc22887","locus186",1,1,NA,1,1,NA,1,NA,1,0
"Dc22887","locus188",1,1,NA,NA,1,NA,1,NA,1,0
"Dc22887","locus189",0.35378,1,NA,1,1,NA,1,1,1,0
"Dc22887","locus190",1,1,NA,NA,1,NA,1,0.859236,1,0
"Dc22887","locus191",1,NA,NA,NA,1,NA,1,1,1,0
"Dc22887","locus192",1,1,NA,NA,1,NA,1,1,0.660696,0
"Dc22887","locus195",1,1,NA,NA,1,NA,1,1,1,0
"Dc22887","locus202",1,1,NA,NA,0.24378,NA,0.195924,1,1,0
"Dc22887","locus215",1,NA,NA,NA,1,NA,1,1,1,0
"Dc22887","locus227",1,1,1,NA,1,NA,1,1,1,0
"Dc22887","locus231",0.67625,1,NA,NA,1,NA,1,NA,1,0
"Dc22887","locus235",1,1,NA,NA,1,NA,1,1,1,0
"Dc22887","locus236",1,1,NA,NA,1,NA,1,1,1,0
"Dc22887","locus248",1,1,NA,NA,1,NA,1,1,1,0
"Dc22887","locus256",0.40816,0.35751,NA,NA,1,NA,0.999462,NA,1,0
"Dc22887","locus263",1,1,NA,NA,1,NA,1,NA,1,0
"Dc22887","locus264",0.246588,1,1,NA,0.71638,NA,1,NA,1,0
"Dc22887","locus274",1,0.59136,NA,NA,1,NA,1,NA,1,0
"Dc22887","locus280",1,1,NA,NA,1,NA,1,NA,1,0
"Dc22887","locus282",1,1,NA,NA,1,NA,1,NA,1,0
"Dc22887","locus286",0.358392,1,NA,NA,1,NA,0.30562,NA,1,0
"Dc22887","locus291",1,1,NA,NA,1,NA,1,NA,1,0
"Dc22887","locus292",0.13182,1,NA,NA,1,NA,1,NA,1,0
"Dc22887","locus296",0.17676,1,NA,NA,0.18752,NA,1,NA,1,0
"Dc22887","locus301",1,1,1,NA,1,NA,1,NA,1,0
"Dc22887","locus314",1,1,NA,NA,1,NA,1,NA,1,0
"Dc22887","locus321",1,1,NA,NA,1,NA,0.9994,NA,1,0
"Dc22887","locus322",1,1,NA,NA,1,NA,1,NA,1,0
"Dc22887","locus323",0.54542,1,NA,NA,1,NA,1,NA,1,0
"Dc22887","locus329",0.52313,0.684392,NA,NA,1,NA,1,NA,0.777084,0
"Dc22887","locus332",1,1,1,NA,1,1,1,NA,1,0
"Dc22887","locus358",1,1,NA,NA,1,NA,1,NA,1,0
"Dc22887","locus359",1,0.10703,NA,NA,1,NA,1,NA,1,0
"Dc22887","locus360",1,1,NA,NA,1,1,1,NA,1,0
"Dc27955","Dc28124",1,1,NA,NA,1,NA,1,NA,1,0
"Dc27955","Dc28776",1,1,NA,NA,1,NA,1,NA,1,0
"Dc27955","Dc30071",0.11142,1,NA,NA,1,NA,1,NA,1,0
"Dc27955","Dc31007",0.104848,NA,NA,NA,1,NA,1,NA,1,0
"Dc27955","Dc33714",0.254412,1,1,NA,1,NA,1,NA,1,0
"Dc27955","Dc33907",1,0.49335,NA,NA,1,NA,1,NA,1,0
"Dc27955","Dc34902",1,0.778512,NA,NA,1,NA,0.41333,NA,1,0
"Dc27955","Dc35779",1,1,NA,NA,1,1,1,NA,1,0
"Dc27955","Dc36571",1,1,NA,NA,1,NA,1,NA,0.23725,0
"Dc27955","Dc36616",0.341736,1,NA,NA,1,1,1,NA,1,0
"Dc27955","Dc40235",1,1,NA,NA,1,1,1,NA,1,0
"Dc27955","Dc41234",0.052104,1,NA,NA,1,NA,NA,NA,1,0
"Dc27955","Dc46984",1,1,NA,NA,1,NA,1,NA,1,0
"Dc27955","Dc47572",1,1,1,NA,1,1,1,NA,1,0
"Dc27955","Dc47935",0.956578,0.5884,NA,NA,0.9194,NA,0.9194,NA,0.9194,0
"Dc27955","Dc48207",1,0.786648,NA,NA,1,1,1,NA,1,0
"Dc27955","Dc48950",1,0.523368,NA,NA,0.27955,NA,1,NA,1,0
"Dc27955","Dc49080",0.331872,1,NA,NA,1,NA,1,NA,0.30656,0
"Dc27955","Dc49184",1,1,NA,NA,1,1,1,NA,1,0
"Dc27955","Dc51020",1,1,NA,NA,1,NA,1,NA,1,0
"Dc27955","Dc52523",1,1,NA,NA,1,1,1,NA,1,0
"Dc27955","Dc55481",1,0.894396,NA,1,1,NA,1,NA,1,0
"Dc27955","Dc58248",1,1,NA,1,1,NA,1,NA,1,0
"Dc27955","Dc62188",0.697704,1,NA,1,1,NA,1,NA,1,0
"Dc27955","Dc67011",1,1,NA,1,1,1,1,NA,1,0
"Dc27955","locus003",1,0.58932,NA,1,1,NA,1,NA,1,0
"Dc27955","locus004",0.875196,1,NA,1,1,NA,1,NA,1,0
"Dc27955","locus005",1,1,NA,1,1,NA,1,NA,1,0
"Dc27955","locus006",1,1,NA,1,1,NA,0.700344,NA,1,0
"Dc27955","locus008",1,1,NA,1,1,NA,1,NA,1,0
"Dc27955","locus014",1,1,NA,1,1,NA,0.986076,NA,1,0
"Dc27955","locus022",1,1,NA,1,1,NA,1,NA,1,0
"Dc27955","locus024",1,1,NA,1,1,NA,1,NA,0.64992,0
"Dc27955","locus025",1,1,NA,1,1,NA,1,NA,1,0
"Dc27955","locus027",1,1,NA,NA,1,NA,NA,NA,NA,0
"Dc27955","locus030",0.90028,1,NA,NA,1,1,0.340524,NA,1,0
"Dc27955","locus035",1,1,NA,NA,1,1,1,NA,0.904956,0
"Dc27955","locus038",1,0.948396,NA,1,1,NA,1,NA,1,0
"Dc27955","locus039",1,1,NA,NA,1,NA,1,NA,1,0
"Dc27955","locus040",1,0.35711,NA,NA,1,NA,1,NA,1,0
"Dc27955","locus041",1,1,NA,NA,1,NA,1,NA,1,0
"Dc27955","locus045",1,1,NA,NA,1,NA,1,NA,1,0
"Dc27955","locus047",1,1,NA,NA,1,NA,1,NA,1,0
"Dc27955","locus048",1,1,NA,NA,1,NA,1,NA,0.74806,0
"Dc27955","locus053",1,1,NA,NA,1,NA,0.10418,NA,1,0
"Dc27955","locus055",0.65421,0.65421,NA,NA,1,NA,1,NA,1,0
"Dc27955","locus056",1,1,NA,1,1,NA,1,NA,1,0
"Dc27955","locus058",1,0.73302,NA,1,1,NA,0.88533,NA,1,0
"Dc27955","locus060",1,1,NA,1,1,NA,1,NA,1,0
"Dc27955","locus061",0.202976,NA,NA,NA,1,NA,1,NA,1,0
"Dc27955","locus062",1,1,NA,1,1,NA,1,NA,1,0
"Dc27955","locus064",0.67571,1,NA,1,1,1,1,NA,1,0
"Dc27955","locus065",1,1,NA,1,1,NA,1,NA,1,0
"Dc27955","locus073",1,1,1,1,1,NA,1,NA,1,0
"Dc27955","locus074",1,0.661556,1,1,0.685788,NA,1,NA,1,0
"Dc27955","locus076",1,1,NA,NA,1,NA,1,NA,1,0
"Dc27955","locus077",1,1,NA,1,1,NA,1,NA,1,0
"Dc27955","locus080",0.746704,0.51964,NA,NA,1,NA,1,NA,1,0
"Dc27955","locus083",0.475096,NA,NA,NA,1,NA,1,NA,1,0
"Dc27955","locus088",1,1,NA,NA,1,NA,1,NA,1,0
"Dc27955","locus093",1,1,1,NA,1,NA,1,NA,1,0
"Dc27955","locus096",1,1,1,NA,1,1,1,NA,1,0
"Dc27955","locus098",1,1,NA,NA,1,NA,1,NA,1,0
"Dc27955","locus100",1,1,1,NA,1,NA,1,NA,0.290016,0
"Dc27955","locus106",1,1,NA,NA,1,NA,1,NA,1,0
"Dc27955","locus116",1,1,NA,NA,1,NA,1,NA,1,0
"Dc27955","locus119",0.859986,0.74323,1,NA,1,NA,0.752608,NA,0.57588,0
"Dc27955","locus120",0.80958,1,NA,NA,1,NA,1,NA,1,0
"Dc27955","locus128",1,1,NA,1,1,NA,1,NA,1,0
"Dc27955","locus129",1,1,NA,1,1,NA,1,NA,1,0
"Dc27955","locus130",1,NA,NA,NA,1,NA,1,NA,1,0
"Dc27955","locus134",1,1,NA,NA,0.686556,1,1,NA,1,0
"Dc27955","locus135",1,1,NA,1,1,NA,0.94788,NA,1,0
"Dc27955","locus137",0.766488,1,NA,1,1,NA,1,NA,1,0
"Dc27955","locus139",1,0.64884,NA,1,1,NA,0.7802,NA,1,0
"Dc27955","locus140",1,0.65886,NA,1,1,NA,0.80033,NA,1,0
"Dc27955","locus146",1,1,1,1,1,NA,1,NA,1,0
"Dc27955","locus148",0.057756,1,NA,1,1,NA,0.44926,NA,0.609928,0
"Dc27955","locus151",1,NA,NA,1,1,1,1,NA,0.900156,0
"Dc27955","locus157",1,NA,NA,NA,1,NA,1,NA,1,0
"Dc27955","locus161",1,1,NA,1,1,NA,1,NA,1,0
"Dc27955","locus165",1,1,NA,NA,1,NA,0.99945,NA,1,0
"Dc27955","locus170",1,1,NA,1,1,NA,1,NA,0.904956,0
"Dc27955","locus176",1,NA,NA,NA,1,NA,1,NA,1,0
"Dc27955","locus184",1,1,1,1,1,NA,1,NA,1,0
"Dc27955","locus186",1,1,NA,1,1,NA,1,NA,1,0
"Dc27955","locus188",0.762534,0.46354,NA,NA,0.762534,NA,0.762534,NA,0.46354,0
"Dc27955","locus189",0.997524,1,NA,1,1,NA,1,NA,1,0
"Dc27955","locus190",1,1,NA,NA,1,NA,1,NA,1,0
"Dc27955","locus191",1,NA,NA,NA,1,NA,1,NA,1,0
"Dc27955","locus192",0.382,1,NA,NA,1,NA,1,NA,1,0
"Dc27955","locus195",1,1,NA,NA,1,NA,1,NA,1,0
"Dc27955","locus202",1,1,NA,NA,1,NA,1,NA,1,0
"Dc27955","locus215",0.962334,NA,NA,NA,1,NA,0.076752,NA,0.981164,0
"Dc27955","locus227",1,1,1,NA,1,NA,1,NA,1,0
"Dc27955","locus231",1,1,NA,NA,1,NA,1,NA,1,0
"Dc27955","locus235",1,1,NA,NA,1,NA,1,NA,1,0
"Dc27955","locus236",0.45392,0.583086,NA,NA,1,NA,0.61894,NA,0.30022,0
"Dc27955","locus237",1,1,NA,NA,1,NA,1,NA,1,0
"Dc27955","locus239",1,1,NA,NA,1,NA,1,NA,1,0
"Dc27955","locus248",1,1,NA,NA,1,NA,1,NA,1,0
"Dc27955","locus256",1,1,NA,NA,1,NA,1,NA,1,0
"Dc27955","locus263",1,1,NA,NA,1,NA,0.93203,NA,1,0
"Dc27955","locus264",1,1,1,NA,1,NA,1,NA,1,0
"Dc27955","locus274",1,1,NA,NA,1,NA,1,NA,1,0
"Dc27955","locus280",0.94233,1,NA,NA,1,NA,1,NA,1,0
"Dc27955","locus282",1,0.47898,NA,NA,1,NA,1,NA,1,0
"Dc27955","locus286",1,1,NA,NA,1,NA,1,NA,1,0
"Dc27955","locus291",1,1,NA,NA,1,NA,1,NA,1,0
"Dc27955","locus292",1,1,NA,NA,1,NA,1,NA,1,0
"Dc27955","locus296",1,1,NA,NA,1,NA,1,NA,1,0
"Dc27955","locus301",1,1,1,NA,1,NA,1,NA,1,0
"Dc27955","locus314",1,1,NA,NA,1,NA,1,NA,1,0
"Dc27955","locus321",1,1,NA,NA,1,NA,1,NA,1,0
"Dc27955","locus322",1,1,NA,NA,1,NA,1,NA,1,0
"Dc27955","locus323",1,1,NA,NA,0.28773,NA,1,NA,1,0
"Dc27955","locus329",1,1,NA,NA,1,NA,1,NA,1,0
"Dc27955","locus332",1,1,1,NA,1,1,1,NA,1,0
"Dc27955","locus358",1,1,NA,NA,1,NA,1,NA,1,0
"Dc27955","locus359",1,0.33997,NA,NA,1,NA,0.33997,NA,1,0
"Dc27955","locus360",1,1,NA,NA,1,1,1,NA,1,0
"Dc28124","Dc28776",1,1,NA,NA,1,NA,1,1,1,0
"Dc28124","Dc30071",1,1,NA,NA,1,NA,1,1,1,0
"Dc28124","Dc31007",1,NA,NA,NA,1,NA,1,NA,0.995936,0
"Dc28124","Dc33714",1,1,1,NA,0.993916,NA,1,1,1,0
"Dc28124","Dc33907",1,1,NA,NA,1,NA,1,1,1,0
"Dc28124","Dc34902",1,1,NA,NA,1,NA,1,1,1,0
"Dc28124","Dc35779",1,1,NA,NA,1,1,0.707476,1,1,0
"Dc28124","Dc36571",1,0.193356,NA,NA,1,NA,1,1,1,0
"Dc28124","Dc36616",1,1,NA,NA,1,1,1,1,1,0
"Dc28124","Dc40235",1,1,NA,NA,1,1,1,1,1,0
"Dc28124","Dc46984",1,1,NA,NA,1,NA,1,1,1,0
"Dc28124","Dc47572",1,1,1,NA,0.858096,NA,1,1,0.31388,0
"Dc28124","Dc47935",1,0.083544,NA,NA,1,NA,0.37062,1,1,0
"Dc28124","Dc48207",1,1,NA,NA,1,1,0.262654,1,1,0
"Dc28124","Dc49080",1,1,NA,NA,1,NA,1,1,1,0
"Dc28124","Dc49184",1,1,NA,NA,1,NA,0.119748,1,1,0
"Dc28124","Dc51020",1,1,NA,NA,1,NA,1,1,1,0
"Dc28124","Dc52523",1,1,NA,NA,1,NA,1,1,1,0
"Dc28124","Dc55481",0.674556,1,NA,1,1,NA,1,NA,1,0
"Dc28124","Dc58248",1,1,NA,1,1,NA,1,NA,1,0
"Dc28124","Dc62188",0.65283,0.483744,NA,1,1,1,0.65283,NA,0.17766,0
"Dc28124","Dc67011",1,1,NA,1,1,1,1,NA,1,0
"Dc28124","locus003",1,1,NA,1,1,NA,1,NA,1,0
"Dc28124","locus004",1,1,NA,1,1,NA,1,NA,1,0
"Dc28124","locus005",1,1,NA,1,1,NA,0.4395,NA,1,0
"Dc28124","locus006",1,1,NA,1,1,NA,1,NA,1,0
"Dc28124","locus008",1,0.967764,NA,1,1,NA,1,NA,1,0
"Dc28124","locus013",1,1,NA,1,1,NA,1,NA,1,0
"Dc28124","locus014",1,1,NA,1,1,NA,1,NA,1,0
"Dc28124","locus022",0.19609,0.18906,NA,1,1,NA,0.240952,NA,1,0
"Dc28124","locus024",1,1,NA,1,1,NA,1,NA,1,0
"Dc28124","locus025",0.763608,1,NA,NA,1,1,1,NA,1,0
"Dc28124","locus030",1,1,NA,NA,1,1,1,NA,1,0
"Dc28124","locus035",1,0.647376,NA,NA,1,1,1,NA,1,0
"Dc28124","locus038",1,1,NA,1,1,NA,1,NA,1,0
"Dc28124","locus039",1,1,NA,NA,1,NA,0.35054,NA,1,0
"Dc28124","locus040",1,1,NA,NA,1,NA,1,NA,0.45814,0
"Dc28124","locus041",0.05676,0.390872,NA,NA,1,NA,1,NA,1,0
"Dc28124","locus045",1,1,NA,NA,1,1,0.080592,NA,1,0
"Dc28124","locus047",1,1,NA,NA,1,NA,1,NA,1,0
"Dc28124","locus048",1,1,NA,NA,1,NA,1,NA,1,0
"Dc28124","locus053",0.970824,1,NA,NA,1,NA,1,NA,0.44054,0
"Dc28124","locus055",1,1,NA,NA,1,NA,1,NA,1,0
"Dc28124","locus056",0.54198,1,NA,0.71583,1,NA,1,NA,1,0
"Dc28124","locus058",1,1,NA,1,1,NA,1,NA,1,0
"Dc28124","locus060",1,1,NA,1,1,NA,0.739656,NA,1,0
"Dc28124","locus061",0.71586,NA,NA,NA,1,NA,0.269488,NA,1,0
"Dc28124","locus062",1,1,NA,1,1,NA,1,NA,0.564792,0
"Dc28124","locus064",0.639468,1,NA,1,1,NA,1,NA,1,0
"Dc28124","locus065",1,1,NA,1,1,NA,1,NA,1,0
"Dc28124","locus073",1,1,1,1,1,NA,1,NA,1,0
"Dc28124","locus074",1,1,1,1,1,NA,1,NA,1,0
"Dc28124","locus076",1,1,NA,NA,1,NA,1,NA,1,0
"Dc28124","locus077",1,1,NA,1,1,NA,1,NA,1,0
"Dc28124","locus083",1,NA,NA,NA,1,NA,1,NA,0.769136,0
"Dc28124","locus088",1,1,NA,NA,1,NA,1,NA,1,0
"Dc28124","locus093",1,1,1,NA,1,NA,1,NA,1,0
"Dc28124","locus096",0.203352,1,1,NA,1,NA,1,NA,1,0
"Dc28124","locus098",1,0.89966,NA,NA,1,NA,0.964744,NA,0.964744,0
"Dc28124","locus100",0.53334,1,1,NA,1,NA,0.21006,NA,1,0
"Dc28124","locus106",1,1,NA,NA,1,NA,1,NA,1,0
"Dc28124","locus116",1,0.68481,NA,NA,1,NA,1,NA,1,0
"Dc28124","locus119",0.4281,1,1,NA,1,NA,1,NA,1,0
"Dc28124","locus120",1,0.21043,NA,NA,1,NA,1,NA,1,0
"Dc28124","locus128",1,1,NA,1,1,NA,1,NA,1,0
"Dc28124","locus129",1,1,NA,1,1,NA,1,NA,1,0
"Dc28124","locus130",0.17076,NA,NA,NA,1,NA,1,NA,1,0
"Dc28124","locus134",1,1,NA,NA,1,1,1,NA,0.93,0
"Dc28124","locus135",1,0.233928,NA,1,1,NA,1,NA,0.88802,0
"Dc28124","locus137",1,1,NA,1,1,NA,1,NA,1,0
"Dc28124","locus139",0.785928,1,NA,1,1,NA,1,NA,1,0
"Dc28124","locus140",0.779232,1,NA,1,1,NA,1,NA,1,0
"Dc28124","locus146",1,1,1,1,1,NA,1,NA,1,0
"Dc28124","locus148",1,0.84213,NA,1,1,NA,0.202524,NA,1,0
"Dc28124","locus151",1,NA,NA,1,1,1,1,NA,1,0
"Dc28124","locus157",1,NA,NA,NA,1,NA,1,NA,1,0
"Dc28124","locus161",1,1,NA,1,1,NA,1,NA,1,0
"Dc28124","locus165",1,1,NA,NA,1,NA,1,NA,1,0
"Dc28124","locus170",1,1,NA,1,1,NA,0.450084,NA,1,0
"Dc28124","locus176",1,NA,NA,NA,1,NA,0.420536,NA,1,0
"Dc28124","locus184",1,1,1,1,1,1,0.898032,NA,1,0
"Dc28124","locus186",1,0.75321,NA,1,1,NA,0.149028,NA,1,0
"Dc28124","locus188",1,1,NA,NA,1,NA,1,NA,1,0
"Dc28124","locus189",1,1,NA,NA,1,NA,1,1,1,0
"Dc28124","locus190",1,1,NA,NA,1,NA,1,1,1,0
"Dc28124","locus191",1,NA,NA,NA,1,NA,1,1,1,0
"Dc28124","locus192",1,1,NA,NA,1,NA,1,1,1,0
"Dc28124","locus195",1,1,NA,NA,1,NA,1,1,1,0
"Dc28124","locus202",1,1,NA,NA,1,NA,1,1,1,0
"Dc28124","locus215",0.4704,NA,NA,NA,0.571688,NA,0.913596,1,1,0
"Dc28124","locus227",1,1,1,NA,1,NA,1,1,1,0
"Dc28124","locus231",1,1,NA,NA,1,NA,1,NA,1,0
"Dc28124","locus235",1,1,NA,NA,1,NA,1,1,1,0
"Dc28124","locus236",1,1,NA,NA,1,NA,1,1,1,0
"Dc28124","locus237",0.81087,1,NA,NA,1,NA,0.417144,1,1,0
"Dc28124","locus248",1,1,NA,NA,1,NA,1,1,1,0
"Dc28124","locus256",1,1,NA,NA,1,NA,1,NA,1,0
"Dc28124","locus263",1,1,NA,NA,0.70826,NA,1,NA,1,0
"Dc28124","locus264",1,1,1,NA,1,1,1,NA,1,0
"Dc28124","locus274",1,1,NA,NA,1,NA,1,NA,1,0
"Dc28124","locus280",1,1,NA,NA,1,1,1,NA,1,0
"Dc28124","locus282",0.16455,1,NA,NA,1,NA,1,NA,1,0
"Dc28124","locus286",1,1,NA,NA,1,NA,1,NA,1,0
"Dc28124","locus291",1,1,NA,NA,1,NA,1,NA,1,0
"Dc28124","locus292",1,1,NA,NA,1,NA,0.83169,NA,1,0
"Dc28124","locus296",1,1,NA,NA,1,NA,0.8137,NA,0.8137,0
"Dc28124","locus301",1,1,1,NA,1,NA,1,NA,1,0
"Dc28124","locus314",1,0.20977,NA,NA,1,NA,1,NA,1,0
"Dc28124","locus321",1,1,NA,NA,1,NA,0.90006,NA,0.90006,0
"Dc28124","locus322",1,1,NA,NA,1,NA,1,NA,1,0
"Dc28124","locus323",1,0.84919,NA,NA,1,NA,1,NA,0.928728,0
"Dc28124","locus329",1,1,NA,NA,1,1,1,NA,1,0
"Dc28124","locus332",1,1,1,NA,1,NA,1,NA,1,0
"Dc28124","locus358",1,1,NA,NA,1,NA,1,NA,1,0
"Dc28124","locus359",0.64751,1,NA,NA,1,NA,1,NA,1,0
"Dc28124","locus360",0.4932,0.626442,NA,NA,0.573416,NA,0.702462,NA,0.626442,0
"Dc28776","Dc30071",1,1,NA,NA,1,NA,1,1,1,0
"Dc28776","Dc31007",1,NA,NA,NA,1,NA,1,NA,0.140464,0
"Dc28776","Dc33714",1,1,NA,NA,1,NA,1,1,1,0
"Dc28776","Dc33907",1,0.308148,NA,NA,1,NA,1,1,1,0
"Dc28776","Dc34902",1,1,NA,NA,1,NA,1,1,1,0
"Dc28776","Dc35779",1,1,NA,NA,1,1,0.49644,1,1,0
"Dc28776","Dc36571",0.158196,1,NA,NA,1,NA,1,1,1,0
"Dc28776","Dc36616",1,0.531888,NA,NA,1,1,1,1,1,0
"Dc28776","Dc40235",1,1,NA,NA,1,1,1,0.194292,1,0
"Dc28776","Dc41234",1,1,NA,NA,1,NA,NA,NA,1,0
"Dc28776","Dc46984",1,1,NA,NA,1,NA,1,1,0.52362,0
"Dc28776","Dc47572",1,1,1,NA,1,NA,1,1,1,0
"Dc28776","Dc47935",1,1,NA,NA,1,NA,1,1,1,0
"Dc28776","Dc48207",1,1,NA,NA,1,1,1,1,1,0
"Dc28776","Dc48950",0.94695,1,NA,NA,1,NA,1,0.168888,0.94695,0
"Dc28776","Dc49080",1,1,NA,NA,1,NA,1,0.8544,1,0
"Dc28776","Dc49184",1,1,NA,NA,1,NA,1,1,0.336288,0
"Dc28776","Dc51020",1,1,NA,NA,1,NA,0.545916,1,1,0
"Dc28776","Dc52523",1,1,NA,NA,1,NA,0.49481,1,0.373104,0
"Dc28776","Dc55481",1,1,NA,1,1,NA,1,NA,1,0
"Dc28776","Dc58248",1,1,NA,1,0.681216,NA,1,NA,1,0
"Dc28776","Dc62188",1,1,NA,1,1,1,1,NA,1,0
"Dc28776","Dc67011",1,0.369698,NA,1,1,1,1,NA,1,0
"Dc28776","locus003",1,1,NA,1,1,NA,1,NA,1,0
"Dc28776","locus004",1,1,NA,1,1,NA,0.23544,NA,1,0
"Dc28776","locus005",0.991452,1,NA,1,1,NA,1,NA,1,0
"Dc28776","locus006",0.572472,1,NA,1,1,NA,1,NA,1,0
"Dc28776","locus008",1,0.94441,NA,1,1,NA,1,NA,0.26394,0
"Dc28776","locus013",1,1,NA,1,1,NA,0.797892,NA,1,0
"Dc28776","locus014",1,1,NA,1,1,NA,1,NA,1,0
"Dc28776","locus022",1,1,NA,1,1,NA,0.539796,NA,1,0
"Dc28776","locus024",1,1,NA,1,1,NA,1,NA,1,0
"Dc28776","locus025",1,1,NA,NA,1,1,1,NA,1,0
"Dc28776","locus027",0.749052,0.262842,NA,NA,0.769714,NA,NA,NA,NA,0
"Dc28776","locus030",1,1,NA,NA,1,1,1,NA,1,0
"Dc28776","locus035",1,1,NA,NA,1,1,1,NA,1,0
"Dc28776","locus038",1,1,NA,1,1,NA,1,NA,1,0
"Dc28776","locus039",1,1,NA,NA,1,NA,1,NA,1,0
"Dc28776","locus040",0.81156,0.81156,NA,NA,1,NA,1,NA,1,0
"Dc28776","locus045",1,1,NA,NA,1,1,1,NA,1,0
"Dc28776","locus047",1,1,NA,NA,1,NA,1,NA,1,0
"Dc28776","locus048",1,1,NA,NA,1,NA,1,NA,1,0
"Dc28776","locus053",0.15473,0.761888,NA,NA,0.761888,NA,0.761888,NA,0.761888,0
"Dc28776","locus055",1,1,NA,NA,1,NA,1,NA,1,0
"Dc28776","locus056",1,1,NA,1,1,NA,1,NA,1,0
"Dc28776","locus058",1,1,NA,1,1,NA,1,NA,0.89304,0
"Dc28776","locus060",1,1,NA,1,1,NA,1,NA,1,0
"Dc28776","locus061",1,NA,NA,NA,1,NA,1,NA,1,0
"Dc28776","locus062",0.462528,1,NA,1,1,NA,1,NA,1,0
"Dc28776","locus064",0.867876,1,NA,1,1,NA,1,NA,1,0
"Dc28776","locus065",1,1,NA,1,1,NA,1,NA,1,0
"Dc28776","locus076",1,1,NA,NA,1,NA,1,NA,1,0
"Dc28776","locus077",1,1,NA,1,1,NA,1,NA,1,0
"Dc28776","locus080",1,1,NA,NA,1,1,1,NA,1,0
"Dc28776","locus083",0.573664,NA,NA,NA,1,NA,1,NA,1,0
"Dc28776","locus088",1,1,NA,NA,1,NA,1,NA,1,0
"Dc28776","locus093",1,1,1,NA,1,NA,1,NA,1,0
"Dc28776","locus096",0.44532,1,1,NA,1,NA,1,NA,1,0
"Dc28776","locus098",1,1,NA,NA,1,NA,1,NA,1,0
"Dc28776","locus100",1,1,1,NA,1,NA,1,NA,1,0
"Dc28776","locus106",1,1,NA,NA,1,NA,1,NA,1,0
"Dc28776","locus116",1,1,NA,NA,1,NA,1,NA,1,0
"Dc28776","locus119",1,1,1,NA,1,NA,0.207672,NA,1,0
"Dc28776","locus120",1,1,NA,NA,1,NA,0.508304,NA,0.35406,0
"Dc28776","locus128",1,1,NA,1,1,NA,0.87746,NA,0.430896,0
"Dc28776","locus129",1,1,NA,1,1,NA,0.967308,NA,1,0
"Dc28776","locus130",1,NA,NA,NA,1,NA,1,NA,1,0
"Dc28776","locus134",0.40654,0.824016,NA,NA,1,1,0.284076,NA,1,0
"Dc28776","locus135",0.167568,1,NA,1,1,NA,1,NA,1,0
"Dc28776","locus137",1,1,NA,1,1,NA,1,NA,0.27618,0
"Dc28776","locus139",0.514008,1,NA,1,1,NA,1,NA,1,0
"Dc28776","locus140",0.531096,1,NA,1,1,NA,1,NA,1,0
"Dc28776","locus146",1,1,1,1,1,NA,1,NA,1,0
"Dc28776","locus148",1,0.92742,NA,1,1,NA,1,NA,1,0
"Dc28776","locus151",1,NA,NA,1,1,1,1,NA,1,0
"Dc28776","locus157",1,NA,NA,NA,1,NA,1,NA,1,0
"Dc28776","locus161",1,1,NA,1,1,NA,1,NA,1,0
"Dc28776","locus165",0.375834,0.96362,NA,NA,1,NA,0.364544,NA,0.36053,0
"Dc28776","locus170",1,1,NA,1,1,NA,1,NA,1,0
"Dc28776","locus176",1,NA,NA,NA,1,NA,1,NA,1,0
"Dc28776","locus184",1,1,1,1,1,1,1,NA,1,0
"Dc28776","locus186",1,1,NA,1,1,NA,1,NA,0.960924,0
"Dc28776","locus188",1,1,NA,NA,1,NA,1,NA,1,0
"Dc28776","locus189",1,1,NA,NA,1,NA,1,0.343848,1,0
"Dc28776","locus190",1,1,NA,NA,1,NA,1,1,0.185352,0
"Dc28776","locus191",1,NA,NA,NA,1,NA,1,0.71312,1,0
"Dc28776","locus192",1,1,NA,NA,1,NA,0.196608,0.71399,1,0
"Dc28776","locus195",1,1,NA,NA,1,NA,1,0.855936,1,0
"Dc28776","locus215",1,NA,1,NA,1,NA,1,1,1,0
"Dc28776","locus227",1,1,1,NA,1,NA,0.24136,0.854064,1,0
"Dc28776","locus231",1,1,NA,NA,0.14635,NA,0.235808,NA,1,0
"Dc28776","locus235",1,1,NA,NA,1,NA,1,1,1,0
"Dc28776","locus236",1,1,NA,NA,1,NA,0.550788,1,1,0
"Dc28776","locus237",1,1,NA,NA,1,NA,1,1,1,0
"Dc28776","locus239",1,0.209856,NA,NA,1,NA,1,1,1,0
"Dc28776","locus248",1,1,NA,NA,1,NA,1,1,1,0
"Dc28776","locus256",1,1,NA,NA,0.62272,NA,1,NA,1,0
"Dc28776","locus263",1,0.32182,NA,NA,1,NA,1,NA,1,0
"Dc28776","locus264",1,1,1,NA,1,1,1,NA,1,0
"Dc28776","locus274",0.891496,0.891496,NA,NA,1,NA,0.67526,NA,0.891496,0
"Dc28776","locus280",1,1,NA,NA,1,1,1,NA,1,0
"Dc28776","locus282",1,0.614104,NA,NA,1,NA,0.43363,NA,1,0
"Dc28776","locus286",1,0.65163,NA,NA,1,NA,1,NA,1,0
"Dc28776","locus291",1,1,NA,NA,1,NA,1,NA,1,0
"Dc28776","locus292",1,1,NA,NA,1,NA,0.15402,NA,1,0
"Dc28776","locus296",1,1,NA,NA,1,NA,1,NA,1,0
"Dc28776","locus301",0.19838,1,NA,NA,1,NA,1,NA,1,0
"Dc28776","locus314",0.16614,1,NA,NA,1,NA,1,NA,1,0
"Dc28776","locus321",1,0.41417,NA,NA,1,NA,1,NA,1,0
"Dc28776","locus323",0.939728,0.977922,NA,NA,1,NA,0.977922,NA,0.23994,0
"Dc28776","locus329",1,0.504012,NA,NA,1,1,1,NA,1,0
"Dc28776","locus332",1,1,1,NA,1,NA,1,NA,1,0
"Dc28776","locus359",1,1,NA,NA,1,NA,1,NA,1,0
"Dc28776","locus360",1,1,NA,NA,1,NA,1,NA,1,0
"Dc30071","Dc31007",0.484104,NA,NA,NA,1,NA,1,NA,1,0
"Dc30071","Dc33714",0.369,1,NA,NA,1,NA,1,1,1,0
"Dc30071","Dc33907",1,1,NA,NA,1,NA,1,1,1,0
"Dc30071","Dc34902",1,1,NA,NA,1,NA,1,1,1,0
"Dc30071","Dc35779",1,0.435176,NA,NA,1,1,1,1,1,0
"Dc30071","Dc36571",0.705492,1,NA,NA,1,NA,1,1,1,0
"Dc30071","Dc36616",0.231084,1,NA,NA,1,1,1,0.872028,1,0
"Dc30071","Dc40235",1,1,NA,NA,1,1,1,1,0.938826,0
"Dc30071","Dc41234",0.526376,0.570926,NA,NA,0.526376,NA,NA,NA,0.526376,0
"Dc30071","Dc46984",0.71835,1,NA,NA,0.71835,NA,0.388704,1,1,0
"Dc30071","Dc47572",1,1,1,NA,1,NA,1,1,1,0
"Dc30071","Dc47935",1,1,1,NA,1,1,1,1,1,0
"Dc30071","Dc48207",1,1,NA,NA,1,1,1,1,1,0
"Dc30071","Dc48950",1,1,NA,NA,1,NA,1,1,0.241584,0
"Dc30071","Dc49080",1,1,NA,NA,1,NA,1,1,1,0
"Dc30071","Dc49184",1,1,NA,NA,1,NA,1,1,1,0
"Dc30071","Dc51020",1,1,NA,NA,1,NA,1,1,1,0
"Dc30071","Dc52523",1,1,NA,NA,1,NA,1,1,1,0
"Dc30071","Dc55481",1,1,NA,1,1,NA,0.276384,NA,1,0
"Dc30071","Dc62188",1,1,NA,1,1,NA,1,NA,1,0
"Dc30071","Dc67011",1,1,NA,1,1,1,0.87675,NA,1,0
"Dc30071","locus003",1,1,NA,1,1,NA,1,NA,0.19026,0
"Dc30071","locus004",0.296652,1,NA,1,1,NA,1,NA,1,0
"Dc30071","locus005",1,1,NA,1,1,NA,1,NA,1,0
"Dc30071","locus006",1,0.393084,NA,1,1,NA,1,NA,1,0
"Dc30071","locus008",1,1,NA,1,1,NA,1,NA,1,0
"Dc30071","locus013",1,1,NA,1,1,NA,1,NA,1,0
"Dc30071","locus014",1,1,NA,1,1,NA,1,NA,1,0
"Dc30071","locus022",1,1,NA,1,1,NA,1,NA,1,0
"Dc30071","locus024",1,1,NA,1,1,NA,1,NA,0.979488,0
"Dc30071","locus025",1,1,1,NA,1,1,1,NA,1,0
"Dc30071","locus027",1,1,NA,NA,1,NA,NA,NA,NA,0
"Dc30071","locus030",1,1,NA,NA,0.852924,1,1,NA,1,0
"Dc30071","locus035",1,1,NA,NA,1,1,1,NA,1,0
"Dc30071","locus038",0.4833,0.240984,NA,1,1,NA,1,NA,1,0
"Dc30071","locus039",1,1,NA,NA,1,NA,1,NA,0.2371,0
"Dc30071","locus040",0.42584,1,NA,NA,0.23669,NA,0.441324,NA,1,0
"Dc30071","locus041",0.51745,0.790328,NA,NA,1,NA,1,NA,1,0
"Dc30071","locus045",1,1,NA,NA,1,1,1,NA,1,0
"Dc30071","locus047",1,1,NA,NA,1,NA,0.635976,NA,0.17907,0
"Dc30071","locus048",1,1,NA,NA,1,NA,1,NA,1,0
"Dc30071","locus053",0.43559,1,NA,NA,1,NA,0.825472,NA,1,0
"Dc30071","locus055",0.62736,1,NA,NA,1,NA,0.23289,NA,1,0
"Dc30071","locus056",1,1,NA,1,1,NA,1,NA,1,0
"Dc30071","locus058",1,1,NA,1,1,NA,1,NA,1,0
"Dc30071","locus060",1,1,NA,1,1,NA,1,NA,1,0
"Dc30071","locus061",1,NA,NA,NA,1,NA,1,NA,1,0
"Dc30071","locus062",1,1,NA,1,1,NA,1,NA,1,0
"Dc30071","locus064",1,1,NA,1,1,NA,1,NA,1,0
"Dc30071","locus065",1,1,NA,1,1,NA,1,NA,1,0
"Dc30071","locus073",1,1,1,1,1,NA,1,NA,1,0
"Dc30071","locus074",1,1,1,1,1,NA,1,NA,1,0
"Dc30071","locus076",1,1,NA,NA,1,NA,1,NA,1,0
"Dc30071","locus077",1,1,NA,1,1,NA,1,NA,1,0
"Dc30071","locus080",1,1,NA,NA,1,1,1,NA,1,0
"Dc30071","locus083",1,NA,NA,NA,1,NA,1,NA,1,0
"Dc30071","locus088",1,1,NA,NA,1,NA,1,NA,1,0
"Dc30071","locus093",1,1,1,NA,1,NA,1,NA,1,0
"Dc30071","locus096",1,0.391332,1,NA,1,NA,1,NA,1,0
"Dc30071","locus098",0.78568,0.78568,NA,NA,1,NA,1,NA,1,0
"Dc30071","locus100",0.83609,0.252528,1,NA,1,NA,0.83609,NA,1,0
"Dc30071","locus106",1,1,NA,NA,1,NA,1,NA,1,0
"Dc30071","locus116",1,1,NA,NA,1,NA,1,NA,1,0
"Dc30071","locus119",1,1,1,NA,1,NA,0.231456,NA,1,0
"Dc30071","locus120",0.92476,1,NA,NA,1,NA,1,NA,1,0
"Dc30071","locus128",1,0.14706,NA,1,1,NA,1,NA,1,0
"Dc30071","locus129",1,1,NA,1,1,NA,1,NA,1,0
"Dc30071","locus130",0.84187,NA,NA,NA,0.795246,NA,0.15512,NA,0.795246,0
"Dc30071","locus134",0.88787,1,NA,NA,0.866496,1,1,NA,1,0
"Dc30071","locus135",1,1,NA,1,1,NA,1,NA,1,0
"Dc30071","locus137",1,1,NA,1,1,NA,1,NA,1,0
"Dc30071","locus139",0.72351,1,NA,1,1,NA,0.54684,NA,1,0
"Dc30071","locus140",0.7273,1,NA,1,1,NA,0.567828,NA,1,0
"Dc30071","locus146",1,0.11235,1,1,1,NA,1,NA,0.150432,0
"Dc30071","locus148",1,1,NA,1,1,NA,1,NA,1,0
"Dc30071","locus157",1,NA,NA,NA,1,NA,1,NA,1,0
"Dc30071","locus161",1,1,NA,1,1,NA,1,NA,1,0
"Dc30071","locus165",1,1,1,NA,1,NA,1,NA,1,0
"Dc30071","locus170",1,1,NA,0.810576,1,NA,0.21861,NA,0.075228,0
"Dc30071","locus176",1,NA,NA,NA,1,NA,0.752358,NA,0.423352,0
"Dc30071","locus184",1,0.050576,1,1,1,1,1,NA,0.81095,0
"Dc30071","locus186",1,0.19728,NA,1,1,NA,0.7563,NA,1,0
"Dc30071","locus188",1,0.14616,1,NA,1,1,1,NA,1,0
"Dc30071","locus189",1,1,NA,NA,0.70953,NA,0.466776,1,1,0
"Dc30071","locus190",1,0.94115,NA,NA,1,1,1,0.94115,1,0
"Dc30071","locus191",1,NA,1,NA,1,NA,1,1,1,0
"Dc30071","locus192",1,1,NA,NA,1,NA,1,1,1,0
"Dc30071","locus195",1,1,NA,NA,1,NA,0.917772,1,0.96264,0
"Dc30071","locus202",1,0.1149,NA,NA,1,NA,1,1,1,0
"Dc30071","locus215",1,NA,NA,NA,1,NA,0.66423,1,1,0
"Dc30071","locus227",1,1,1,NA,1,NA,1,1,1,0
"Dc30071","locus231",1,1,NA,NA,1,NA,1,NA,0.90077,0
"Dc30071","locus235",0.12684,1,NA,NA,1,NA,1,1,1,0
"Dc30071","locus237",1,1,NA,NA,1,NA,0.516408,1,1,0
"Dc30071","locus239",1,1,NA,NA,1,NA,1,1,1,0
"Dc30071","locus248",1,1,NA,NA,1,NA,1,1,0.82428,0
"Dc30071","locus256",0.40859,0.93096,NA,NA,1,NA,0.93096,NA,0.93096,0
"Dc30071","locus263",1,1,NA,NA,1,NA,1,NA,1,0
"Dc30071","locus264",1,1,1,NA,1,1,1,NA,1,0
"Dc30071","locus274",0.867736,0.60631,NA,NA,1,NA,1,NA,1,0
"Dc30071","locus280",1,0.2243,NA,NA,1,NA,1,NA,1,0
"Dc30071","locus282",1,1,NA,NA,1,NA,1,NA,1,0
"Dc30071","locus286",1,1,NA,NA,1,NA,1,NA,1,0
"Dc30071","locus291",1,0.09287,NA,NA,1,NA,0.17696,NA,0.897828,0
"Dc30071","locus292",1,0.16829,NA,NA,1,NA,1,NA,1,0
"Dc30071","locus296",1,1,NA,NA,1,NA,1,NA,1,0
"Dc30071","locus301",1,1,NA,NA,1,NA,1,NA,1,0
"Dc30071","locus314",0.706856,0.30615,NA,NA,1,NA,1,NA,1,0
"Dc30071","locus321",0.573504,1,NA,NA,0.47705,NA,1,NA,1,0
"Dc30071","locus322",1,0.26632,NA,NA,1,NA,1,NA,0.667232,0
"Dc30071","locus323",1,1,NA,NA,0.71712,NA,0.838016,NA,1,0
"Dc30071","locus329",1,1,NA,NA,1,NA,1,NA,1,0
"Dc30071","locus332",1,1,1,NA,1,NA,1,NA,1,0
"Dc30071","locus358",0.76497,0.934734,NA,NA,1,NA,0.92936,NA,1,0
"Dc30071","locus359",0.95322,1,NA,NA,1,NA,1,NA,1,0
"Dc30071","locus360",1,1,NA,NA,1,NA,0.8135,NA,1,0
"Dc31007","Dc33714",0.075336,NA,NA,NA,1,NA,1,NA,1,0
"Dc31007","Dc33907",1,NA,NA,NA,1,NA,1,NA,1,0
"Dc31007","Dc34902",1,NA,NA,NA,1,1,0.34581,NA,0.429184,0
"Dc31007","Dc35779",1,NA,NA,NA,1,1,1,NA,1,0
"Dc31007","Dc36571",1,NA,NA,NA,1,NA,1,NA,1,0
"Dc31007","Dc36616",0.24483,NA,NA,NA,1,1,1,NA,1,0
"Dc31007","Dc40235",1,NA,NA,NA,1,NA,1,NA,1,0
"Dc31007","Dc41234",1,NA,NA,NA,1,NA,NA,NA,1,0
"Dc31007","Dc46984",1,NA,NA,NA,1,NA,0.96336,NA,0.851432,0
"Dc31007","Dc47572",1,NA,1,NA,1,NA,1,NA,0.17744,0
"Dc31007","Dc47935",1,NA,1,NA,1,NA,1,NA,1,0
"Dc31007","Dc48207",1,NA,NA,NA,1,1,1,NA,1,0
"Dc31007","Dc48950",1,NA,NA,NA,1,NA,1,NA,1,0
"Dc31007","Dc49080",0.423824,NA,NA,NA,1,NA,0.423824,NA,1,0
"Dc31007","Dc49184",0.33916,NA,NA,NA,1,NA,0.375648,NA,1,0
"Dc31007","Dc51020",1,NA,NA,NA,1,NA,0.675808,NA,1,0
"Dc31007","Dc52523",1,NA,NA,NA,1,NA,1,NA,1,0
"Dc31007","Dc55481",1,NA,NA,1,1,NA,1,NA,1,0
"Dc31007","Dc58248",1,NA,NA,1,1,1,1,NA,1,0
"Dc31007","Dc62188",1,NA,NA,1,1,NA,1,NA,1,0
"Dc31007","Dc67011",1,NA,NA,1,1,NA,0.1491,NA,0.983816,0
"Dc31007","locus003",1,NA,NA,1,1,NA,1,NA,1,0
"Dc31007","locus004",1,NA,NA,1,1,NA,1,NA,1,0
"Dc31007","locus005",1,NA,NA,1,1,NA,1,NA,1,0
"Dc31007","locus006",1,NA,NA,1,1,NA,0.86844,NA,1,0
"Dc31007","locus008",1,NA,NA,1,1,NA,1,NA,1,0
"Dc31007","locus013",1,NA,NA,1,1,NA,1,NA,1,0
"Dc31007","locus014",1,NA,NA,1,1,1,0.556284,NA,1,0
"Dc31007","locus022",1,NA,NA,1,1,NA,1,NA,1,0
"Dc31007","locus024",1,NA,NA,1,1,NA,1,NA,1,0
"Dc31007","locus025",1,NA,1,NA,1,NA,1,NA,1,0
"Dc31007","locus027",1,NA,NA,NA,1,NA,NA,NA,NA,0
"Dc31007","locus030",1,NA,NA,NA,1,NA,1,NA,1,0
"Dc31007","locus035",1,NA,NA,NA,1,1,1,NA,1,0
"Dc31007","locus038",1,NA,NA,1,1,NA,1,NA,1,0
"Dc31007","locus039",1,NA,NA,NA,1,1,1,NA,1,0
"Dc31007","locus040",0.265544,NA,NA,NA,1,NA,0.656424,NA,0.656424,0
"Dc31007","locus041",0.570376,NA,NA,NA,1,NA,0.570376,NA,1,0
"Dc31007","locus045",1,NA,NA,NA,1,NA,1,NA,1,0
"Dc31007","locus047",1,NA,NA,NA,1,1,0.90515,NA,1,0
"Dc31007","locus048",1,NA,NA,NA,1,NA,1,NA,1,0
"Dc31007","locus053",0.991926,NA,NA,NA,1,NA,0.933848,NA,1,0
"Dc31007","locus055",1,NA,NA,NA,1,NA,1,NA,0.44244,0
"Dc31007","locus056",0.47568,NA,NA,1,1,NA,1,NA,1,0
"Dc31007","locus058",1,NA,NA,1,1,NA,1,NA,1,0
"Dc31007","locus060",1,NA,NA,1,1,NA,1,NA,1,0
"Dc31007","locus061",1,NA,NA,NA,1,1,1,NA,1,0
"Dc31007","locus062",1,NA,NA,1,1,1,0.421524,NA,1,0
"Dc31007","locus064",0.24542,NA,NA,1,1,NA,1,NA,1,0
"Dc31007","locus065",1,NA,NA,1,1,NA,0.37164,NA,1,0
"Dc31007","locus073",1,NA,1,1,1,NA,1,NA,1,0
"Dc31007","locus074",1,NA,1,1,1,NA,1,NA,0.649128,0
"Dc31007","locus076",0.719824,NA,NA,NA,1,NA,1,NA,1,0
"Dc31007","locus077",1,NA,NA,1,1,NA,1,NA,1,0
"Dc31007","locus080",1,NA,NA,NA,1,NA,1,NA,1,0
"Dc31007","locus083",1,NA,NA,NA,1,NA,1,NA,1,0
"Dc31007","locus088",1,NA,NA,NA,1,NA,1,NA,1,0
"Dc31007","locus093",1,NA,1,NA,1,NA,1,NA,1,0
"Dc31007","locus096",1,NA,1,NA,1,NA,1,NA,1,0
"Dc31007","locus098",1,NA,NA,NA,1,NA,1,NA,1,0
"Dc31007","locus100",0.12716,NA,1,NA,1,NA,1,NA,1,0
"Dc31007","locus106",1,NA,NA,NA,1,NA,1,NA,1,0
"Dc31007","locus116",1,NA,NA,NA,1,NA,1,NA,1,0
"Dc31007","locus119",1,NA,1,NA,1,NA,1,NA,1,0
"Dc31007","locus120",1,NA,NA,NA,1,NA,1,NA,1,0
"Dc31007","locus128",1,NA,NA,1,1,NA,1,NA,0.71992,0
"Dc31007","locus129",1,NA,NA,1,1,NA,1,NA,1,0
"Dc31007","locus130",1,NA,NA,NA,1,NA,1,NA,1,0
"Dc31007","locus134",1,NA,NA,NA,1,1,1,NA,1,0
"Dc31007","locus135",1,NA,NA,1,1,NA,1,NA,1,0
"Dc31007","locus137",1,NA,NA,1,1,NA,1,NA,1,0
"Dc31007","locus139",1,NA,NA,1,1,NA,0.20764,NA,1,0
"Dc31007","locus140",1,NA,NA,1,1,NA,0.21325,NA,1,0
"Dc31007","locus146",1,NA,1,1,1,NA,1,NA,1,0
"Dc31007","locus148",1,NA,NA,1,1,1,1,NA,1,0
"Dc31007","locus151",1,NA,NA,1,1,NA,1,NA,1,0
"Dc31007","locus157",1,NA,NA,NA,1,NA,0.0758,NA,1,0
"Dc31007","locus161",0.118752,NA,NA,1,1,1,0.118752,NA,1,0
"Dc31007","locus165",1,NA,1,NA,1,NA,1,NA,1,0
"Dc31007","locus170",1,NA,NA,1,1,NA,1,NA,1,0
"Dc31007","locus176",1,NA,NA,NA,1,NA,1,NA,0.858104,0
"Dc31007","locus184",1,NA,1,1,1,NA,1,NA,1,0
"Dc31007","locus186",0.41433,NA,NA,1,1,NA,1,NA,1,0
"Dc31007","locus188",1,NA,1,NA,1,NA,1,NA,1,0
"Dc31007","locus189",0.864624,NA,NA,NA,1,NA,1,NA,1,0
"Dc31007","locus190",0.189936,NA,NA,NA,1,NA,1,NA,0.316314,0
"Dc31007","locus191",1,NA,1,NA,1,NA,1,NA,1,0
"Dc31007","locus192",1,NA,NA,NA,1,1,0.47564,NA,1,0
"Dc31007","locus195",1,NA,NA,NA,1,1,1,NA,1,0
"Dc31007","locus202",1,NA,NA,NA,1,NA,1,NA,1,0
"Dc31007","locus215",1,NA,NA,NA,1,NA,1,NA,1,0
"Dc31007","locus227",1,NA,1,NA,1,1,1,NA,1,0
"Dc31007","locus231",1,NA,NA,NA,1,NA,1,NA,1,0
"Dc31007","locus235",1,NA,NA,NA,1,NA,1,NA,1,0
"Dc31007","locus236",1,NA,NA,NA,1,NA,1,NA,1,0
"Dc31007","locus237",1,NA,NA,NA,1,NA,1,NA,1,0
"Dc31007","locus239",1,NA,NA,NA,1,NA,1,NA,1,0
"Dc31007","locus248",1,NA,NA,NA,1,NA,1,NA,1,0
"Dc31007","locus256",1,NA,NA,NA,1,1,1,NA,1,0
"Dc31007","locus263",1,NA,NA,NA,1,NA,1,NA,1,0
"Dc31007","locus264",1,NA,1,NA,1,NA,1,NA,1,0
"Dc31007","locus274",1,NA,NA,NA,1,1,1,NA,0.18422,0
"Dc31007","locus280",1,NA,NA,NA,1,NA,0.271,NA,1,0
"Dc31007","locus282",1,NA,NA,NA,1,1,1,NA,1,0
"Dc31007","locus286",1,NA,NA,NA,1,1,1,NA,1,0
"Dc31007","locus291",0.18847,NA,NA,NA,1,1,1,NA,1,0
"Dc31007","locus292",1,NA,NA,NA,1,1,1,NA,1,0
"Dc31007","locus296",1,NA,NA,NA,1,NA,1,NA,1,0
"Dc31007","locus301",1,NA,NA,NA,1,NA,0.15216,NA,1,0
"Dc31007","locus314",1,NA,NA,NA,1,NA,1,NA,1,0
"Dc31007","locus321",1,NA,NA,NA,1,NA,1,NA,1,0
"Dc31007","locus322",0.604896,NA,NA,NA,1,NA,0.604896,NA,0.713172,0
"Dc31007","locus323",0.163352,NA,NA,NA,1,NA,1,NA,0.212988,0
"Dc31007","locus329",1,NA,NA,NA,1,NA,1,NA,1,0
"Dc31007","locus332",1,NA,1,NA,1,NA,1,NA,1,0
"Dc31007","locus358",1,NA,NA,NA,1,1,1,NA,1,0
"Dc31007","locus359",1,NA,NA,NA,1,NA,1,NA,1,0
"Dc31007","locus360",1,NA,NA,NA,1,NA,1,NA,1,0
"Dc33714","Dc33907",1,1,NA,NA,1,NA,1,1,1,0
"Dc33714","Dc34902",1,1,NA,NA,1,1,0.436828,1,1,0
"Dc33714","Dc35779",1,1,NA,NA,1,1,1,1,1,0
"Dc33714","Dc36571",1,1,NA,NA,1,NA,1,1,1,0
"Dc33714","Dc36616",1,1,NA,NA,1,1,1,1,1,0
"Dc33714","Dc40235",1,1,NA,NA,1,NA,1,1,1,0
"Dc33714","Dc41234",1,1,NA,NA,1,NA,NA,NA,1,0
"Dc33714","Dc46984",1,1,NA,NA,1,NA,1,1,1,0
"Dc33714","Dc47572",1,1,1,NA,1,NA,1,1,1,0
"Dc33714","Dc47935",0.715284,1,NA,NA,1,NA,1,1,1,0
"Dc33714","Dc48207",0.43848,0.91101,NA,NA,1,1,1,0.855936,1,0
"Dc33714","Dc48950",0.82554,1,NA,NA,1,NA,1,1,1,0
"Dc33714","Dc49080",1,1,NA,NA,1,NA,1,1,1,0
"Dc33714","Dc49184",0.92682,1,NA,NA,1,NA,1,1,1,0
"Dc33714","Dc52523",1,1,NA,NA,1,NA,1,1,1,0
"Dc33714","Dc55481",1,1,NA,1,1,NA,1,NA,1,0
"Dc33714","Dc58248",1,1,NA,1,1,1,1,NA,1,0
"Dc33714","Dc62188",1,1,NA,0.523116,1,NA,1,NA,1,0
"Dc33714","Dc67011",1,1,NA,1,1,NA,1,NA,1,0
"Dc33714","locus003",1,0.485772,NA,1,1,NA,1,NA,1,0
"Dc33714","locus004",1,1,NA,0.665592,1,NA,1,NA,1,0
"Dc33714","locus005",0.51648,1,NA,1,1,NA,1,NA,1,0
"Dc33714","locus006",1,1,NA,1,1,NA,1,NA,1,0
"Dc33714","locus008",1,1,NA,1,1,NA,0.92784,NA,1,0
"Dc33714","locus013",1,1,NA,1,1,NA,1,NA,1,0
"Dc33714","locus014",1,1,NA,1,1,1,1,NA,1,0
"Dc33714","locus022",1,1,NA,1,1,NA,1,NA,1,0
"Dc33714","locus024",1,1,NA,1,0.34392,NA,1,NA,1,0
"Dc33714","locus025",1,1,NA,NA,1,NA,1,NA,1,0
"Dc33714","locus027",1,1,NA,NA,1,NA,NA,NA,NA,0
"Dc33714","locus030",1,1,NA,NA,1,NA,0.44548,NA,0.16401,0
"Dc33714","locus035",1,0.57604,NA,NA,1,1,0.57604,NA,0.20358,0
"Dc33714","locus038",1,0.957132,NA,1,1,NA,1,NA,1,0
"Dc33714","locus039",1,0.56877,NA,NA,1,1,0.453972,NA,1,0
"Dc33714","locus040",1,1,NA,NA,1,NA,1,NA,1,0
"Dc33714","locus041",1,1,NA,NA,1,NA,1,NA,1,0
"Dc33714","locus045",1,1,NA,NA,1,NA,1,NA,1,0
"Dc33714","locus047",1,1,NA,NA,1,1,1,NA,1,0
"Dc33714","locus048",1,1,NA,NA,1,NA,1,NA,1,0
"Dc33714","locus053",1,1,NA,NA,1,NA,1,NA,1,0
"Dc33714","locus056",1,0.69839,NA,1,1,NA,0.569184,NA,1,0
"Dc33714","locus058",0.52632,1,NA,1,1,NA,1,NA,1,0
"Dc33714","locus060",1,1,NA,1,1,NA,1,NA,1,0
"Dc33714","locus061",1,NA,NA,NA,1,1,1,NA,1,0
"Dc33714","locus062",1,1,NA,1,1,1,1,NA,1,0
"Dc33714","locus064",1,1,NA,1,1,NA,1,NA,1,0
"Dc33714","locus065",1,0.518472,NA,1,1,NA,1,NA,1,0
"Dc33714","locus073",1,1,1,0.394752,1,NA,0.97353,NA,0.251384,0
"Dc33714","locus074",1,1,1,1,1,NA,1,NA,1,0
"Dc33714","locus076",0.56501,1,NA,NA,1,NA,1,NA,1,0
"Dc33714","locus077",1,1,NA,1,0.33966,NA,1,NA,1,0
"Dc33714","locus080",1,1,NA,NA,1,NA,1,NA,1,0
"Dc33714","locus083",1,NA,NA,NA,1,NA,0.43616,NA,0.43616,0
"Dc33714","locus088",1,0.93432,NA,NA,1,NA,1,NA,1,0
"Dc33714","locus093",1,1,1,NA,1,NA,1,NA,1,0
"Dc33714","locus096",1,1,1,NA,1,NA,1,NA,1,0
"Dc33714","locus098",1,1,NA,NA,1,NA,1,NA,1,0
"Dc33714","locus100",1,1,1,NA,1,NA,0.930924,NA,1,0
"Dc33714","locus106",1,1,NA,NA,1,NA,0.97668,NA,1,0
"Dc33714","locus116",1,1,NA,NA,1,NA,0.69177,NA,1,0
"Dc33714","locus119",0.904968,0.904968,1,NA,1,NA,1,NA,1,0
"Dc33714","locus120",0.47866,1,NA,NA,1,NA,1,NA,1,0
"Dc33714","locus128",1,1,NA,1,1,NA,1,NA,1,0
"Dc33714","locus129",1,1,NA,1,1,NA,0.203736,NA,1,0
"Dc33714","locus130",0.713216,NA,1,NA,1,NA,1,NA,0.41924,0
"Dc33714","locus134",0.835464,0.835464,NA,NA,1,1,1,NA,1,0
"Dc33714","locus135",1,1,NA,1,1,NA,1,NA,0.15864,0
"Dc33714","locus137",1,1,NA,1,1,NA,1,NA,1,0
"Dc33714","locus139",1,1,NA,1,1,NA,1,NA,1,0
"Dc33714","locus140",1,1,NA,1,1,NA,1,NA,1,0
"Dc33714","locus146",1,1,1,1,1,NA,1,NA,1,0
"Dc33714","locus148",1,1,NA,0.566376,1,1,0.494312,NA,1,0
"Dc33714","locus151",0.128416,NA,NA,1,1,NA,0.11951,NA,0.373422,0
"Dc33714","locus157",1,NA,NA,NA,1,NA,1,NA,0.293008,0
"Dc33714","locus161",1,0.91021,NA,1,1,1,1,NA,1,0
"Dc33714","locus165",1,0.85345,NA,NA,1,NA,1,NA,1,0
"Dc33714","locus176",1,NA,NA,NA,0.470192,NA,1,NA,1,0
"Dc33714","locus184",1,1,1,1,1,NA,1,NA,1,0
"Dc33714","locus186",1,0.385824,NA,1,1,NA,1,NA,1,0
"Dc33714","locus188",1,1,NA,NA,1,NA,0.12259,NA,1,0
"Dc33714","locus189",1,0.711864,NA,NA,1,NA,1,1,1,0
"Dc33714","locus190",1,1,NA,NA,1,NA,1,1,0.148452,0
"Dc33714","locus191",1,NA,NA,NA,1,NA,0.50919,1,1,0
"Dc33714","locus192",1,1,NA,NA,1,1,0.820372,1,1,0
"Dc33714","locus195",1,1,NA,NA,1,1,1,1,1,0
"Dc33714","locus202",1,1,NA,NA,1,NA,1,1,0.264012,0
"Dc33714","locus215",1,NA,NA,NA,1,NA,1,1,1,0
"Dc33714","locus227",0.84552,1,1,NA,1,1,1,1,1,0
"Dc33714","locus231",1,0.90861,NA,NA,1,NA,1,NA,1,0
"Dc33714","locus235",1,1,NA,NA,1,NA,1,1,1,0
"Dc33714","locus236",1,1,NA,NA,1,NA,1,1,1,0
"Dc33714","locus237",1,1,NA,NA,1,NA,1,1,1,0
"Dc33714","locus239",0.631232,0.42823,NA,NA,0.348744,NA,1,1,1,0
"Dc33714","locus248",1,1,NA,NA,1,NA,1,1,1,0
"Dc33714","locus256",1,1,NA,NA,1,1,1,NA,1,0
"Dc33714","locus263",1,1,NA,NA,0.71541,NA,1,NA,1,0
"Dc33714","locus264",1,1,1,NA,0.343524,NA,1,NA,1,0
"Dc33714","locus274",1,1,NA,NA,1,1,1,NA,1,0
"Dc33714","locus282",1,1,NA,NA,1,1,1,NA,1,0
"Dc33714","locus286",1,1,NA,NA,1,1,1,NA,1,0
"Dc33714","locus291",1,1,NA,NA,1,1,1,NA,1,0
"Dc33714","locus292",1,1,NA,NA,1,1,0.359436,NA,1,0
"Dc33714","locus296",1,1,NA,NA,1,NA,1,NA,0.68167,0
"Dc33714","locus301",1,1,NA,NA,1,NA,1,NA,0.76804,0
"Dc33714","locus314",1,1,NA,NA,1,NA,1,NA,1,0
"Dc33714","locus321",1,1,NA,NA,1,NA,0.22065,NA,1,0
"Dc33714","locus322",1,1,NA,NA,1,NA,1,NA,1,0
"Dc33714","locus323",0.75099,0.6604,NA,NA,1,NA,0.758532,NA,0.61087,0
"Dc33714","locus329",1,1,NA,NA,1,NA,0.31194,NA,1,0
"Dc33714","locus332",1,1,1,NA,0.34416,NA,1,NA,1,0
"Dc33714","locus358",1,1,NA,NA,1,1,0.065484,NA,1,0
"Dc33714","locus359",1,1,NA,NA,1,NA,1,NA,1,0
"Dc33714","locus360",1,0.996348,NA,NA,0.56151,NA,1,NA,0.993896,0
"Dc33907","Dc34902",1,1,NA,NA,1,1,1,1,1,0
"Dc33907","Dc35779",1,1,1,NA,1,1,1,1,0.403216,0
"Dc33907","Dc36571",1,1,NA,NA,1,NA,1,1,0.890796,0
"Dc33907","Dc36616",1,1,NA,NA,1,1,1,1,1,0
"Dc33907","Dc40235",1,0.826032,NA,NA,1,NA,1,1,1,0
"Dc33907","Dc41234",1,1,1,NA,1,NA,NA,NA,1,0
"Dc33907","Dc46984",1,1,NA,NA,1,NA,1,1,1,0
"Dc33907","Dc47572",0.392208,1,NA,NA,1,NA,1,1,0.392208,0
"Dc33907","Dc47935",1,1,NA,NA,1,NA,1,1,1,0
"Dc33907","Dc48207",1,1,NA,NA,1,1,1,1,1,0
"Dc33907","Dc48950",0.554932,1,NA,NA,1,1,1,1,1,0
"Dc33907","Dc49080",0.228792,1,NA,NA,1,NA,1,1,1,0
"Dc33907","Dc49184",0.413052,1,NA,NA,1,NA,1,1,1,0
"Dc33907","Dc51020",0.915216,1,NA,NA,0.70937,NA,0.236664,1,1,0
"Dc33907","Dc52523",1,1,NA,NA,1,NA,1,1,1,0
"Dc33907","Dc55481",1,1,NA,1,1,NA,1,NA,0.39612,0
"Dc33907","Dc58248",1,1,NA,1,1,1,1,NA,1,0
"Dc33907","Dc67011",0.233316,0.40773,NA,1,1,NA,1,NA,1,0
"Dc33907","locus003",1,1,1,1,1,NA,1,NA,1,0
"Dc33907","locus004",1,1,NA,1,1,NA,1,NA,1,0
"Dc33907","locus005",1,1,NA,1,0.851964,NA,1,NA,1,0
"Dc33907","locus006",1,1,NA,1,1,NA,1,NA,1,0
"Dc33907","locus008",1,1,NA,1,1,NA,1,NA,1,0
"Dc33907","locus013",1,1,NA,1,1,NA,0.456792,NA,1,0
"Dc33907","locus014",1,1,NA,1,0.9989,1,1,NA,1,0
"Dc33907","locus022",0.476856,1,NA,1,1,NA,1,NA,1,0
"Dc33907","locus024",1,1,1,1,1,NA,0.39466,NA,1,0
"Dc33907","locus025",0.54352,0.682962,NA,NA,0.565376,NA,1,NA,1,0
"Dc33907","locus027",1,0.936812,NA,NA,0.772824,NA,NA,NA,NA,0
"Dc33907","locus030",1,1,NA,NA,1,NA,1,NA,1,0
"Dc33907","locus035",1,1,NA,NA,1,1,1,NA,1,0
"Dc33907","locus038",1,1,NA,1,1,NA,0.252336,NA,1,0
"Dc33907","locus039",1,1,NA,NA,1,1,1,NA,1,0
"Dc33907","locus040",1,1,1,NA,1,NA,1,NA,1,0
"Dc33907","locus041",0.7679,1,NA,NA,1,NA,1,NA,1,0
"Dc33907","locus045",1,0.563568,1,NA,1,NA,1,NA,0.58376,0
"Dc33907","locus048",1,1,NA,NA,1,NA,1,NA,1,0
"Dc33907","locus053",1,1,NA,NA,1,NA,1,NA,1,0
"Dc33907","locus055",1,1,1,NA,1,NA,1,NA,1,0
"Dc33907","locus056",1,1,NA,1,1,NA,1,NA,1,0
"Dc33907","locus058",1,0.957264,NA,1,1,NA,1,NA,1,0
"Dc33907","locus060",1,1,NA,1,1,NA,1,NA,1,0
"Dc33907","locus061",1,NA,NA,NA,1,1,1,NA,1,0
"Dc33907","locus062",1,1,1,1,0.446448,1,1,NA,1,0
"Dc33907","locus064",1,1,NA,1,0.849408,NA,1,NA,1,0
"Dc33907","locus065",1,1,1,1,1,NA,1,NA,1,0
"Dc33907","locus073",1,1,NA,1,1,NA,1,NA,1,0
"Dc33907","locus074",1,1,NA,1,1,NA,1,NA,1,0
"Dc33907","locus076",0.47189,0.941466,NA,NA,0.941466,NA,0.941466,NA,0.89544,0
"Dc33907","locus077",0.70961,1,NA,1,1,NA,0.70961,NA,0.578136,0
"Dc33907","locus080",1,1,1,NA,1,NA,1,NA,1,0
"Dc33907","locus083",1,NA,NA,NA,1,NA,1,NA,1,0
"Dc33907","locus088",1,1,1,NA,1,NA,1,NA,1,0
"Dc33907","locus093",1,1,1,NA,1,NA,1,NA,1,0
"Dc33907","locus096",1,1,NA,NA,1,NA,1,NA,1,0
"Dc33907","locus098",1,0.11694,NA,NA,1,NA,1,NA,1,0
"Dc33907","locus100",1,1,NA,NA,1,NA,0.930864,NA,0.5915,0
"Dc33907","locus106",1,1,NA,NA,1,NA,1,NA,1,0
"Dc33907","locus116",0.35711,0.81732,NA,NA,1,NA,1,NA,1,0
"Dc33907","locus119",1,1,NA,NA,1,NA,1,NA,1,0
"Dc33907","locus120",1,1,NA,NA,1,NA,1,NA,1,0
"Dc33907","locus128",1,0.228972,NA,1,1,NA,0.26342,NA,1,0
"Dc33907","locus129",1,1,NA,1,1,NA,0.253152,NA,1,0
"Dc33907","locus130",1,NA,NA,NA,1,NA,0.95228,NA,1,0
"Dc33907","locus134",0.33222,1,NA,NA,1,1,1,NA,1,0
"Dc33907","locus135",0.385364,1,NA,1,0.385364,1,1,NA,0.63808,0
"Dc33907","locus137",0.797016,0.703476,NA,0.797016,0.71794,NA,0.753952,NA,0.753952,0
"Dc33907","locus139",1,0.975408,NA,1,1,NA,1,NA,1,0
"Dc33907","locus140",1,0.998892,NA,1,1,NA,1,NA,1,0
"Dc33907","locus148",0.677586,0.677586,NA,0.677586,0.908176,1,1,NA,1,0
"Dc33907","locus151",1,NA,NA,1,1,NA,1,NA,1,0
"Dc33907","locus157",0.345048,NA,NA,NA,0.858028,NA,0.519426,NA,0.858028,0
"Dc33907","locus161",1,1,NA,1,1,1,1,NA,1,0
"Dc33907","locus165",0.32484,1,NA,NA,1,NA,1,NA,0.670496,0
"Dc33907","locus176",1,NA,1,NA,1,NA,1,NA,1,0
"Dc33907","locus184",1,1,NA,1,0.855336,NA,1,NA,1,0
"Dc33907","locus186",1,1,NA,1,1,NA,1,NA,1,0
"Dc33907","locus188",1,1,NA,NA,1,NA,1,NA,1,0
"Dc33907","locus189",1,0.207216,NA,NA,1,NA,1,1,1,0
"Dc33907","locus191",1,NA,NA,NA,1,NA,0.77666,1,1,0
"Dc33907","locus192",1,1,NA,NA,1,1,1,1,1,0
"Dc33907","locus195",1,1,NA,NA,1,1,1,1,1,0
"Dc33907","locus202",1,1,NA,NA,0.172236,NA,1,0.39868,0.26443,0
"Dc33907","locus215",1,NA,NA,NA,1,NA,0.60817,1,0.60817,0
"Dc33907","locus227",0.885038,1,1,NA,1,NA,0.885038,1,1,0
"Dc33907","locus231",0.69962,1,NA,NA,1,NA,1,NA,1,0
"Dc33907","locus235",1,0.075072,NA,NA,1,NA,1,1,1,0
"Dc33907","locus236",1,1,NA,NA,1,NA,1,1,1,0
"Dc33907","locus237",1,1,NA,NA,1,NA,1,1,1,0
"Dc33907","locus239",1,0.511356,NA,NA,1,NA,1,1,1,0
"Dc33907","locus248",1,1,NA,NA,1,NA,1,1,1,0
"Dc33907","locus256",1,1,NA,NA,1,NA,1,NA,1,0
"Dc33907","locus263",1,1,NA,NA,1,NA,1,NA,1,0
"Dc33907","locus264",1,1,NA,NA,1,NA,1,NA,1,0
"Dc33907","locus274",0.555968,1,1,NA,1,1,1,NA,1,0
"Dc33907","locus280",1,1,NA,NA,1,NA,1,NA,1,0
"Dc33907","locus282",1,1,1,NA,1,1,1,NA,1,0
"Dc33907","locus286",1,1,NA,NA,1,1,1,NA,1,0
"Dc33907","locus291",1,1,NA,NA,1,NA,1,NA,1,0
"Dc33907","locus292",1,1,NA,NA,1,1,1,NA,1,0
"Dc33907","locus296",1,1,NA,NA,0.71289,NA,1,NA,1,0
"Dc33907","locus301",1,1,NA,NA,1,NA,1,NA,1,0
"Dc33907","locus314",0.72779,1,NA,NA,1,NA,1,NA,0.891728,0
"Dc33907","locus321",1,1,NA,NA,1,NA,1,NA,1,0
"Dc33907","locus322",1,1,NA,NA,1,NA,1,NA,1,0
"Dc33907","locus323",1,1,NA,NA,1,1,1,NA,1,0
"Dc33907","locus329",1,1,NA,NA,1,NA,1,NA,1,0
"Dc33907","locus332",1,1,NA,NA,1,NA,1,NA,1,0
"Dc33907","locus358",1,1,NA,NA,0.857052,1,1,NA,1,0
"Dc33907","locus359",1,1,NA,NA,1,NA,1,NA,1,0
"Dc33907","locus360",1,1,1,NA,1,NA,0.781764,NA,1,0
"Dc34902","Dc35779",1,1,1,NA,1,1,1,1,1,0
"Dc34902","Dc36571",0.903912,1,NA,NA,1,NA,0.83396,1,0.77586,0
"Dc34902","Dc36616",1,1,NA,NA,1,1,1,1,1,0
"Dc34902","Dc41234",1,1,NA,NA,1,NA,NA,NA,0.142104,0
"Dc34902","Dc46984",1,1,NA,NA,1,NA,1,1,0.58854,0
"Dc34902","Dc47572",0.854448,1,NA,NA,0.854448,NA,1,1,1,0
"Dc34902","Dc47935",0.330264,1,NA,NA,1,NA,1,1,1,0
"Dc34902","Dc48207",1,1,NA,NA,1,1,1,1,1,0
"Dc34902","Dc48950",1,1,NA,NA,1,NA,1,1,1,0
"Dc34902","Dc49080",1,1,NA,NA,0.557412,NA,1,1,1,0
"Dc34902","Dc49184",0.254448,0.47623,NA,NA,1,NA,1,1,1,0
"Dc34902","Dc51020",1,1,NA,NA,1,NA,1,1,1,0
"Dc34902","Dc52523",1,1,NA,NA,1,NA,1,1,1,0
"Dc34902","Dc55481",1,1,NA,1,1,NA,0.180732,NA,1,0
"Dc34902","Dc58248",1,1,NA,1,1,1,0.886228,NA,1,0
"Dc34902","Dc62188",0.460032,1,NA,1,1,NA,1,NA,1,0
"Dc34902","Dc67011",1,1,NA,1,1,NA,0.14826,NA,1,0
"Dc34902","locus003",1,1,1,1,1,NA,1,NA,1,0
"Dc34902","locus004",1,1,NA,1,1,NA,1,NA,1,0
"Dc34902","locus005",0.736404,1,NA,1,1,NA,0.736404,NA,1,0
"Dc34902","locus006",1,1,NA,1,1,NA,1,NA,1,0
"Dc34902","locus008",1,1,NA,1,1,NA,1,NA,1,0
"Dc34902","locus013",0.102456,1,NA,1,1,NA,1,NA,1,0
"Dc34902","locus014",1,1,NA,1,1,1,1,NA,1,0
"Dc34902","locus022",1,1,NA,1,0.860556,NA,1,NA,1,0
"Dc34902","locus024",1,1,1,1,1,NA,1,NA,1,0
"Dc34902","locus025",1,1,NA,NA,1,NA,0.88773,NA,1,0
"Dc34902","locus027",0.879924,0.879924,NA,NA,0.426234,NA,NA,NA,NA,0
"Dc34902","locus030",1,1,NA,NA,1,NA,1,NA,1,0
"Dc34902","locus035",1,1,NA,NA,1,1,1,NA,1,0
"Dc34902","locus038",1,1,NA,1,1,1,1,NA,1,0
"Dc34902","locus039",1,1,NA,NA,1,1,1,NA,1,0
"Dc34902","locus040",1,1,1,NA,1,NA,1,NA,1,0
"Dc34902","locus041",1,1,NA,NA,1,NA,0.11214,NA,1,0
"Dc34902","locus045",1,1,1,NA,1,NA,1,NA,1,0
"Dc34902","locus047",1,1,NA,NA,1,1,1,NA,1,0
"Dc34902","locus048",0.17344,0.64104,NA,NA,1,NA,1,NA,1,0
"Dc34902","locus053",1,1,NA,NA,1,NA,1,NA,1,0
"Dc34902","locus055",1,1,1,NA,1,NA,1,NA,0.249936,0
"Dc34902","locus056",1,1,NA,1,1,1,1,NA,1,0
"Dc34902","locus058",1,1,NA,1,1,NA,0.16566,NA,1,0
"Dc34902","locus060",1,1,NA,1,1,NA,1,NA,1,0
"Dc34902","locus061",1,NA,NA,NA,1,1,1,NA,1,0
"Dc34902","locus062",1,1,1,1,1,1,1,NA,1,0
"Dc34902","locus064",1,0.773916,NA,0.773916,1,NA,1,NA,1,0
"Dc34902","locus065",1,0.485916,1,1,1,NA,0.431032,NA,1,0
"Dc34902","locus073",0.847224,1,NA,1,1,NA,1,NA,1,0
"Dc34902","locus074",1,1,NA,1,1,NA,0.086628,NA,1,0
"Dc34902","locus076",1,1,NA,NA,1,NA,1,NA,1,0
"Dc34902","locus077",1,1,NA,1,1,NA,1,NA,1,0
"Dc34902","locus080",1,1,NA,NA,1,NA,0.42092,NA,1,0
"Dc34902","locus083",0.120272,NA,NA,NA,1,NA,0.99633,NA,1,0
"Dc34902","locus088",1,1,1,NA,0.866988,NA,1,NA,1,0
"Dc34902","locus093",1,1,1,NA,1,NA,1,NA,1,0
"Dc34902","locus096",0.67496,1,NA,NA,1,NA,1,NA,1,0
"Dc34902","locus098",1,1,NA,NA,1,NA,0.78279,NA,1,0
"Dc34902","locus100",1,1,NA,NA,1,NA,0.61619,NA,1,0
"Dc34902","locus106",1,1,NA,NA,1,NA,1,NA,1,0
"Dc34902","locus116",1,0.33597,NA,NA,1,NA,1,NA,1,0
"Dc34902","locus119",1,1,NA,NA,1,NA,0.9748,NA,1,0
"Dc34902","locus120",1,1,NA,NA,1,NA,0.32296,NA,1,0
"Dc34902","locus128",0.446172,1,NA,1,1,NA,1,NA,1,0
"Dc34902","locus129",1,0.894588,NA,1,1,NA,1,NA,1,0
"Dc34902","locus130",1,NA,NA,NA,1,NA,1,NA,1,0
"Dc34902","locus135",0.631476,1,NA,1,1,NA,1,NA,1,0
"Dc34902","locus137",1,1,NA,1,1,NA,0.965784,NA,1,0
"Dc34902","locus139",1,1,NA,1,1,NA,0.38202,NA,0.96484,0
"Dc34902","locus140",1,1,NA,1,1,NA,0.365208,NA,0.95626,0
"Dc34902","locus146",1,1,NA,1,1,NA,1,NA,1,0
"Dc34902","locus148",1,1,NA,1,1,1,1,NA,1,0
"Dc34902","locus151",1,NA,NA,1,1,NA,1,NA,1,0
"Dc34902","locus157",0.438416,NA,NA,NA,0.851004,NA,1,NA,1,0
"Dc34902","locus161",1,1,NA,1,1,1,1,NA,1,0
"Dc34902","locus165",1,1,NA,NA,1,NA,1,NA,1,0
"Dc34902","locus170",1,1,NA,1,1,NA,1,NA,1,0
"Dc34902","locus184",1,1,NA,0.856284,1,NA,1,NA,1,0
"Dc34902","locus186",1,1,NA,0.82838,1,NA,0.06828,NA,1,0
"Dc34902","locus189",1,0.17886,NA,NA,1,NA,1,1,1,0
"Dc34902","locus190",0.882288,1,NA,NA,1,NA,1,1,1,0
"Dc34902","locus191",0.087,NA,NA,NA,1,NA,1,1,0.354072,0
"Dc34902","locus192",1,1,NA,NA,1,1,0.329952,1,1,0
"Dc34902","locus195",1,1,NA,NA,1,1,1,1,1,0
"Dc34902","locus202",1,1,NA,NA,1,NA,0.328236,1,1,0
"Dc34902","locus215",1,NA,NA,NA,1,NA,1,1,1,0
"Dc34902","locus227",1,1,1,NA,1,NA,1,1,1,0
"Dc34902","locus231",1,1,1,NA,1,NA,1,NA,1,0
"Dc34902","locus235",0.417456,1,NA,NA,1,NA,1,1,1,0
"Dc34902","locus236",1,0.63983,NA,NA,1,NA,0.34746,1,1,0
"Dc34902","locus237",1,1,NA,NA,1,NA,1,1,1,0
"Dc34902","locus239",1,1,NA,NA,1,NA,1,1,1,0
"Dc34902","locus248",1,1,NA,NA,1,NA,1,1,1,0
"Dc34902","locus256",1,1,NA,NA,1,NA,1,NA,0.96036,0
"Dc34902","locus263",1,1,NA,NA,1,NA,1,NA,1,0
"Dc34902","locus264",1,0.812832,NA,NA,1,NA,0.79428,NA,1,0
"Dc34902","locus274",1,1,1,NA,0.67291,1,1,NA,1,0
"Dc34902","locus280",1,1,NA,NA,1,NA,1,NA,1,0
"Dc34902","locus282",1,1,1,NA,1,1,1,NA,1,0
"Dc34902","locus286",1,1,NA,NA,1,1,1,NA,1,0
"Dc34902","locus291",1,1,NA,NA,1,NA,0.16486,NA,1,0
"Dc34902","locus292",0.066516,1,NA,NA,1,1,0.49509,NA,1,0
"Dc34902","locus296",1,1,NA,NA,1,NA,1,NA,1,0
"Dc34902","locus301",0.86637,1,NA,NA,1,NA,1,NA,1,0
"Dc34902","locus314",1,0.98169,NA,NA,1,NA,1,NA,1,0
"Dc34902","locus321",1,1,NA,NA,1,NA,1,NA,1,0
"Dc34902","locus322",1,1,NA,NA,1,NA,1,NA,1,0
"Dc34902","locus323",0.79283,1,NA,NA,1,NA,1,NA,1,0
"Dc34902","locus329",1,1,NA,NA,1,NA,1,NA,1,0
"Dc34902","locus358",1,1,NA,NA,1,1,0.294312,NA,1,0
"Dc34902","locus359",0.94791,1,NA,NA,1,NA,0.94791,NA,1,0
"Dc35779","Dc36571",1,0.163836,NA,NA,1,NA,1,1,1,0
"Dc35779","Dc40235",0.522096,1,NA,NA,1,NA,1,1,1,0
"Dc35779","Dc41234",1,1,NA,NA,1,NA,NA,NA,1,0
"Dc35779","Dc46984",1,1,NA,NA,1,NA,1,1,1,0
"Dc35779","Dc47572",0.550908,1,NA,NA,1,NA,1,1,1,0
"Dc35779","Dc47935",1,1,NA,NA,1,NA,1,1,1,0
"Dc35779","Dc48207",1,1,NA,NA,1,1,1,1,1,0
"Dc35779","Dc48950",1,1,NA,NA,1,NA,1,1,1,0
"Dc35779","Dc49080",1,1,NA,NA,1,NA,0.402468,1,1,0
"Dc35779","Dc49184",1,0.186084,NA,NA,1,NA,1,1,1,0
"Dc35779","Dc51020",1,1,NA,NA,1,NA,1,1,1,0
"Dc35779","Dc52523",1,1,NA,NA,1,NA,0.837756,1,1,0
"Dc35779","Dc58248",1,1,NA,1,1,1,1,NA,1,0
"Dc35779","Dc67011",1,1,NA,1,1,NA,1,NA,1,0
"Dc35779","locus003",1,1,1,1,1,NA,1,NA,1,0
"Dc35779","locus004",1,0.80283,NA,1,1,NA,0.229692,NA,1,0
"Dc35779","locus005",1,1,NA,1,1,1,1,NA,1,0
"Dc35779","locus006",1,1,NA,1,1,NA,1,NA,1,0
"Dc35779","locus008",1,0.505908,NA,1,1,NA,1,NA,1,0
"Dc35779","locus013",1,1,NA,1,1,NA,1,NA,1,0
"Dc35779","locus014",1,1,NA,1,1,1,1,NA,1,0
"Dc35779","locus022",0.106776,1,NA,1,1,NA,1,NA,1,0
"Dc35779","locus024",1,1,1,1,1,NA,0.147182,NA,1,0
"Dc35779","locus025",1,1,NA,NA,1,NA,1,NA,1,0
"Dc35779","locus027",1,1,NA,NA,1,NA,NA,NA,NA,0
"Dc35779","locus030",1,0.41948,NA,NA,1,NA,1,NA,1,0
"Dc35779","locus038",0.95103,1,NA,1,1,NA,1,NA,0.516756,0
"Dc35779","locus039",1,1,NA,NA,1,1,1,NA,1,0
"Dc35779","locus040",0.376716,1,1,NA,1,NA,1,NA,1,0
"Dc35779","locus041",1,1,NA,NA,1,NA,1,NA,1,0
"Dc35779","locus045",1,1,1,NA,1,NA,1,NA,1,0
"Dc35779","locus047",1,1,NA,NA,0.70957,1,1,NA,0.372168,0
"Dc35779","locus048",1,1,NA,NA,0.63582,NA,0.63582,NA,1,0
"Dc35779","locus053",1,1,NA,NA,1,NA,1,NA,0.58665,0
"Dc35779","locus055",1,1,1,NA,1,NA,0.570372,NA,1,0
"Dc35779","locus056",1,1,NA,1,1,NA,0.203196,NA,1,0
"Dc35779","locus058",0.53315,0.53315,NA,1,1,NA,0.332496,NA,0.971916,0
"Dc35779","locus060",1,1,NA,1,1,NA,1,NA,1,0
"Dc35779","locus061",1,NA,NA,NA,1,1,1,NA,1,0
"Dc35779","locus062",1,1,1,1,1,1,1,NA,1,0
"Dc35779","locus064",0.45898,0.149412,NA,0.670752,1,NA,0.862508,NA,0.670752,0
"Dc35779","locus065",1,1,1,1,1,NA,1,NA,1,0
"Dc35779","locus073",1,1,NA,1,1,NA,1,NA,1,0
"Dc35779","locus074",1,1,NA,1,1,NA,1,NA,1,0
"Dc35779","locus076",1,1,NA,NA,1,NA,1,NA,1,0
"Dc35779","locus077",1,0.93079,NA,1,1,NA,1,NA,0.758916,0
"Dc35779","locus080",1,1,NA,NA,1,NA,1,NA,1,0
"Dc35779","locus083",1,NA,NA,NA,1,NA,0.62756,NA,1,0
"Dc35779","locus088",1,1,1,NA,1,NA,1,NA,1,0
"Dc35779","locus093",1,1,1,NA,1,NA,1,NA,1,0
"Dc35779","locus096",1,1,NA,NA,0.71734,NA,1,NA,1,0
"Dc35779","locus098",1,1,NA,NA,1,NA,1,NA,1,0
"Dc35779","locus100",1,0.45248,NA,NA,1,NA,1,NA,1,0
"Dc35779","locus106",0.95851,1,NA,NA,1,NA,1,NA,1,0
"Dc35779","locus116",1,1,NA,NA,1,NA,1,NA,1,0
"Dc35779","locus119",0.999,1,NA,NA,1,NA,0.92606,NA,1,0
"Dc35779","locus120",1,0.73213,NA,NA,1,NA,1,NA,1,0
"Dc35779","locus128",1,1,NA,1,1,NA,0.3366,NA,1,0
"Dc35779","locus129",1,1,NA,1,1,NA,1,NA,1,0
"Dc35779","locus130",1,NA,NA,NA,1,NA,1,NA,1,0
"Dc35779","locus134",1,1,NA,NA,1,1,0.934104,NA,0.934104,0
"Dc35779","locus135",1,1,NA,1,1,NA,1,NA,0.676668,0
"Dc35779","locus137",1,1,NA,1,1,NA,1,NA,1,0
"Dc35779","locus139",1,1,NA,1,1,NA,1,NA,1,0
"Dc35779","locus140",1,1,NA,1,1,NA,1,NA,1,0
"Dc35779","locus146",1,1,NA,1,1,NA,1,NA,1,0
"Dc35779","locus148",1,1,NA,1,1,1,1,NA,1,0
"Dc35779","locus151",1,NA,NA,1,1,NA,0.12198,NA,1,0
"Dc35779","locus157",1,NA,NA,NA,1,NA,1,NA,1,0
"Dc35779","locus161",0.524986,1,NA,1,1,1,1,NA,1,0
"Dc35779","locus165",1,0.23548,NA,NA,1,NA,1,NA,1,0
"Dc35779","locus170",1,1,NA,1,1,NA,1,NA,1,0
"Dc35779","locus176",1,NA,NA,NA,1,NA,1,NA,1,0
"Dc35779","locus184",1,1,NA,0.859848,0.859848,NA,1,NA,1,0
"Dc35779","locus186",1,1,NA,0.99533,0.1728,NA,1,NA,1,0
"Dc35779","locus188",0.735392,0.59487,NA,NA,1,NA,1,NA,1,0
"Dc35779","locus189",1,1,NA,NA,1,NA,1,1,1,0
"Dc35779","locus190",1,1,NA,NA,1,NA,1,1,1,0
"Dc35779","locus191",0.47612,NA,NA,NA,0.592302,NA,0.592302,1,0.488992,0
"Dc35779","locus192",1,1,NA,NA,1,1,1,1,1,0
"Dc35779","locus195",0.144844,1,NA,NA,1,1,1,1,1,0
"Dc35779","locus202",1,0.335664,NA,NA,1,NA,1,1,0.43054,0
"Dc35779","locus215",1,NA,NA,NA,1,NA,1,1,1,0
"Dc35779","locus227",1,1,1,NA,1,NA,0.36078,1,0.655044,0
"Dc35779","locus231",1,0.8943,1,NA,1,NA,1,NA,1,0
"Dc35779","locus235",1,0.308388,NA,NA,1,NA,1,1,1,0
"Dc35779","locus236",1,1,NA,NA,1,NA,1,1,1,0
"Dc35779","locus237",1,0.250752,NA,NA,1,NA,0.250752,1,1,0
"Dc35779","locus239",1,1,NA,NA,1,NA,1,1,1,0
"Dc35779","locus248",1,1,NA,NA,1,NA,1,1,1,0
"Dc35779","locus256",1,0.09615,NA,NA,1,NA,1,NA,1,0
"Dc35779","locus263",0.43426,1,NA,NA,1,NA,1,NA,1,0
"Dc35779","locus264",1,1,NA,NA,1,NA,1,NA,1,0
"Dc35779","locus274",1,1,1,NA,1,1,1,NA,1,0
"Dc35779","locus280",1,1,NA,NA,0.14736,NA,1,NA,1,0
"Dc35779","locus282",1,1,1,NA,1,1,1,NA,1,0
"Dc35779","locus286",1,1,NA,NA,1,1,1,NA,1,0
"Dc35779","locus291",1,1,NA,NA,1,NA,1,NA,0.44141,0
"Dc35779","locus292",1,1,NA,NA,1,1,0.259284,NA,1,0
"Dc35779","locus296",1,1,NA,NA,1,NA,1,NA,1,0
"Dc35779","locus301",1,0.70291,NA,NA,1,NA,1,NA,1,0
"Dc35779","locus314",1,1,NA,NA,0.70555,NA,1,NA,1,0
"Dc35779","locus321",1,1,NA,NA,1,NA,1,NA,1,0
"Dc35779","locus322",1,1,NA,NA,1,NA,0.59758,NA,1,0
"Dc35779","locus323",1,1,NA,NA,1,NA,1,NA,1,0
"Dc35779","locus329",1,1,NA,NA,1,NA,1,NA,0.15458,0
"Dc35779","locus332",0.983874,0.95604,NA,NA,1,NA,0.94514,NA,1,0
"Dc35779","locus358",1,0.485472,NA,NA,1,1,1,NA,1,0
"Dc35779","locus359",1,1,NA,NA,1,NA,0.68032,NA,1,0
"Dc35779","locus360",1,1,NA,NA,1,NA,0.56718,NA,1,0
"Dc36571","Dc36616",1,1,NA,NA,1,NA,1,1,1,0
"Dc36571","Dc40235",0.530712,1,NA,NA,1,NA,1,1,1,0
"Dc36571","Dc41234",0.81508,0.81508,NA,NA,0.81508,NA,NA,NA,0.81508,0
"Dc36571","Dc46984",1,1,NA,NA,1,NA,1,1,1,0
"Dc36571","Dc47572",1,1,NA,NA,1,NA,1,1,1,0
"Dc36571","Dc47935",1,1,NA,NA,1,NA,1,1,1,0
"Dc36571","Dc48207",1,1,NA,NA,1,NA,0.706452,1,0.90915,0
"Dc36571","Dc48950",1,1,NA,NA,1,NA,1,1,1,0
"Dc36571","Dc49080",0.99462,0.99462,NA,NA,0.99462,NA,0.45972,0.99462,0.99462,0
"Dc36571","Dc49184",1,1,NA,NA,1,NA,1,1,1,0
"Dc36571","Dc51020",0.454896,1,NA,NA,1,NA,1,1,1,0
"Dc36571","Dc52523",1,1,NA,NA,1,NA,1,1,1,0
"Dc36571","Dc55481",1,1,NA,1,1,NA,1,NA,0.308832,0
"Dc36571","Dc58248",1,1,NA,0.995544,1,NA,1,NA,1,0
"Dc36571","Dc62188",1,1,1,1,1,NA,0.085694,NA,1,0
"Dc36571","Dc67011",1,1,NA,1,1,NA,1,NA,1,0
"Dc36571","locus003",1,1,1,1,1,NA,1,NA,1,0
"Dc36571","locus004",0.52394,0.397236,NA,1,1,NA,1,NA,0.923552,0
"Dc36571","locus005",1,1,NA,1,1,NA,1,NA,1,0
"Dc36571","locus006",0.262812,0.32031,NA,1,1,NA,0.476712,NA,1,0
"Dc36571","locus008",1,1,NA,1,1,NA,1,NA,0.863868,0
"Dc36571","locus013",1,1,NA,1,1,NA,1,NA,1,0
"Dc36571","locus014",1,1,NA,0.8334,1,NA,0.411,NA,1,0
"Dc36571","locus022",1,1,NA,1,1,NA,1,NA,1,0
"Dc36571","locus024",1,1,1,1,1,NA,1,NA,1,0
"Dc36571","locus025",0.33301,1,NA,NA,1,NA,1,NA,1,0
"Dc36571","locus027",1,1,1,NA,1,NA,NA,NA,NA,0
"Dc36571","locus030",1,0.170888,NA,NA,1,NA,0.828246,NA,0.09662,0
"Dc36571","locus035",1,1,NA,NA,1,NA,1,NA,0.6414,0
"Dc36571","locus038",0.574428,1,NA,1,1,NA,1,NA,1,0
"Dc36571","locus039",0.53757,0.53757,NA,NA,1,NA,1,NA,0.924918,0
"Dc36571","locus040",1,1,1,NA,1,NA,0.723216,NA,1,0
"Dc36571","locus041",0.49704,1,NA,NA,0.24043,NA,1,NA,0.660252,0
"Dc36571","locus045",0.827688,1,1,NA,1,NA,1,NA,1,0
"Dc36571","locus047",1,1,NA,NA,1,NA,1,NA,1,0
"Dc36571","locus048",1,1,NA,NA,1,NA,0.28214,NA,1,0
"Dc36571","locus053",1,1,NA,NA,1,NA,0.63138,NA,0.638512,0
"Dc36571","locus055",0.53628,1,1,NA,1,NA,1,NA,1,0
"Dc36571","locus056",1,1,NA,1,1,NA,1,NA,0.220176,0
"Dc36571","locus058",1,1,NA,1,1,NA,1,NA,1,0
"Dc36571","locus060",0.107916,0.17978,NA,1,1,NA,0.209936,NA,0.209936,0
"Dc36571","locus061",1,NA,1,NA,1,NA,1,NA,1,0
"Dc36571","locus062",1,1,1,1,1,NA,1,NA,1,0
"Dc36571","locus064",1,1,NA,1,1,NA,1,NA,1,0
"Dc36571","locus073",1,1,NA,1,1,NA,1,NA,1,0
"Dc36571","locus074",1,1,NA,1,1,NA,1,NA,1,0
"Dc36571","locus076",1,0.26741,NA,NA,1,NA,1,NA,1,0
"Dc36571","locus077",1,0.318132,NA,1,1,NA,1,NA,1,0
"Dc36571","locus080",1,1,NA,NA,1,NA,1,NA,1,0
"Dc36571","locus083",1,NA,NA,NA,1,NA,1,NA,1,0
"Dc36571","locus088",1,1,1,NA,1,NA,1,NA,0.636756,0
"Dc36571","locus093",1,1,1,NA,1,NA,0.714228,NA,1,0
"Dc36571","locus096",1,1,NA,NA,1,NA,1,NA,1,0
"Dc36571","locus098",1,1,NA,NA,1,NA,0.412856,NA,0.14883,0
"Dc36571","locus100",1,1,NA,NA,1,NA,1,NA,1,0
"Dc36571","locus106",1,0.940194,NA,NA,1,NA,0.07018,NA,0.132488,0
"Dc36571","locus116",1,1,NA,NA,0.72097,NA,1,NA,1,0
"Dc36571","locus119",1,1,NA,NA,0.23499,NA,0.298632,NA,0.632214,0
"Dc36571","locus120",0.80567,1,NA,NA,1,NA,0.990256,NA,0.990256,0
"Dc36571","locus128",1,1,NA,1,1,NA,1,NA,1,0
"Dc36571","locus129",1,1,NA,1,1,NA,1,NA,1,0
"Dc36571","locus130",1,NA,NA,NA,1,NA,1,NA,1,0
"Dc36571","locus134",1,1,1,NA,1,NA,1,NA,1,0
"Dc36571","locus135",1,1,NA,1,1,NA,0.601968,NA,1,0
"Dc36571","locus137",1,1,NA,1,1,NA,0.401412,NA,1,0
"Dc36571","locus139",1,0.675396,NA,1,0.71354,NA,1,NA,1,0
"Dc36571","locus140",1,0.683604,NA,1,0.71052,NA,1,NA,1,0
"Dc36571","locus146",0.218244,1,NA,1,1,NA,1,NA,1,0
"Dc36571","locus148",1,0.362544,NA,1,1,NA,1,NA,1,0
"Dc36571","locus151",0.84362,NA,NA,0.798808,0.798808,NA,0.37503,NA,0.798808,0
"Dc36571","locus157",1,NA,NA,NA,1,NA,1,NA,1,0
"Dc36571","locus161",1,1,NA,1,1,NA,1,NA,1,0
"Dc36571","locus165",0.586312,1,NA,NA,1,NA,1,NA,0.25955,0
"Dc36571","locus170",1,1,NA,0.854388,0.854388,NA,1,NA,1,0
"Dc36571","locus176",1,NA,NA,NA,1,NA,1,NA,1,0
"Dc36571","locus184",1,1,NA,1,1,NA,1,NA,1,0
"Dc36571","locus186",1,1,NA,1,1,NA,0.196932,NA,1,0
"Dc36571","locus188",0.78607,1,NA,NA,1,NA,1,NA,1,0
"Dc36571","locus189",1,1,NA,NA,1,NA,1,1,1,0
"Dc36571","locus190",1,1,NA,NA,1,NA,0.376848,1,1,0
"Dc36571","locus191",0.53396,NA,NA,NA,0.61945,NA,0.22391,0.22391,0.22391,0
"Dc36571","locus192",1,1,NA,NA,1,NA,1,1,1,0
"Dc36571","locus195",0.302784,1,NA,NA,1,NA,1,1,1,0
"Dc36571","locus202",1,1,NA,NA,1,NA,1,1,1,0
"Dc36571","locus215",1,NA,NA,NA,1,NA,1,0.797032,0.70494,0
"Dc36571","locus227",1,1,1,NA,1,NA,1,1,1,0
"Dc36571","locus231",1,0.69814,NA,NA,1,NA,1,NA,1,0
"Dc36571","locus235",0.660588,1,NA,NA,1,NA,1,1,1,0
"Dc36571","locus236",1,1,NA,NA,0.860472,NA,1,1,1,0
"Dc36571","locus237",1,1,NA,NA,0.284208,NA,0.38874,1,1,0
"Dc36571","locus239",1,1,NA,NA,1,NA,1,1,1,0
"Dc36571","locus248",1,1,NA,NA,1,NA,0.235644,1,1,0
"Dc36571","locus256",1,1,NA,NA,1,NA,0.779568,NA,0.54192,0
"Dc36571","locus263",1,1,NA,NA,1,NA,1,NA,1,0
"Dc36571","locus264",1,1,NA,NA,1,NA,1,NA,1,0
"Dc36571","locus274",1,1,1,NA,1,NA,1,NA,1,0
"Dc36571","locus280",1,1,NA,NA,1,NA,1,NA,1,0
"Dc36571","locus286",0.956264,0.956264,NA,NA,1,NA,0.956264,NA,0.09143,0
"Dc36571","locus291",1,1,NA,NA,0.23712,NA,1,NA,1,0
"Dc36571","locus292",1,0.5472,NA,NA,1,NA,1,NA,1,0
"Dc36571","locus296",1,1,NA,NA,1,NA,1,NA,1,0
"Dc36571","locus301",0.48637,1,NA,NA,0.48637,NA,1,NA,0.749922,0
"Dc36571","locus314",1,1,NA,NA,1,NA,1,NA,1,0
"Dc36571","locus321",1,0.595984,NA,NA,0.71658,NA,0.165,NA,1,0
"Dc36571","locus322",1,1,NA,NA,1,NA,1,NA,1,0
"Dc36571","locus323",0.45243,1,NA,NA,1,NA,0.575832,NA,1,0
"Dc36571","locus329",1,1,NA,NA,1,NA,1,NA,1,0
"Dc36571","locus332",1,1,NA,NA,1,NA,0.07739,NA,1,0
"Dc36571","locus358",1,1,NA,NA,1,NA,1,NA,1,0
"Dc36571","locus359",1,1,NA,NA,1,NA,1,NA,1,0
"Dc36571","locus360",1,0.926352,NA,NA,1,NA,0.834384,NA,0.3709,0
"Dc36616","Dc40235",1,1,NA,NA,0.71401,NA,1,1,0.567648,0
"Dc36616","Dc41234",0.78765,0.78765,NA,NA,0.78765,NA,NA,NA,0.337664,0
"Dc36616","Dc46984",1,1,NA,NA,1,NA,1,1,1,0
"Dc36616","Dc47572",1,1,NA,NA,1,NA,1,1,1,0
"Dc36616","Dc47935",1,1,NA,NA,1,NA,1,1,1,0
"Dc36616","Dc48207",1,1,NA,NA,1,1,1,1,1,0
"Dc36616","Dc48950",1,0.648828,NA,NA,1,NA,1,1,1,0
"Dc36616","Dc49080",1,1,NA,NA,1,NA,1,1,1,0
"Dc36616","Dc49184",1,1,NA,NA,1,NA,1,1,1,0
"Dc36616","Dc51020",1,1,NA,NA,1,NA,1,0.857952,1,0
"Dc36616","Dc52523",1,1,NA,NA,1,NA,1,1,1,0
"Dc36616","Dc55481",1,1,NA,1,1,NA,1,NA,1,0
"Dc36616","Dc58248",1,1,NA,1,1,1,1,NA,1,0
"Dc36616","Dc62188",1,1,NA,1,0.858024,NA,1,NA,1,0
"Dc36616","Dc67011",1,0.78066,NA,1,1,NA,1,NA,1,0
"Dc36616","locus003",1,1,1,1,0.854856,NA,0.299278,NA,1,0
"Dc36616","locus004",0.15966,0.8567,NA,1,1,NA,1,NA,1,0
"Dc36616","locus005",0.83944,1,NA,1,1,1,1,NA,1,0
"Dc36616","locus006",1,1,NA,1,1,NA,1,NA,1,0
"Dc36616","locus008",1,1,NA,1,1,NA,1,NA,1,0
"Dc36616","locus013",1,1,NA,1,1,NA,1,NA,1,0
"Dc36616","locus014",1,1,NA,1,1,1,1,NA,1,0
"Dc36616","locus022",1,1,NA,1,1,NA,1,NA,0.541776,0
"Dc36616","locus024",1,1,1,1,1,NA,1,NA,1,0
"Dc36616","locus025",0.78267,1,NA,NA,1,NA,1,NA,0.834944,0
"Dc36616","locus027",0.489144,0.576608,NA,NA,1,NA,NA,NA,NA,0
"Dc36616","locus030",1,1,NA,NA,1,NA,1,NA,1,0
"Dc36616","locus035",1,1,NA,NA,1,1,1,NA,1,0
"Dc36616","locus038",1,0.149832,NA,1,1,NA,1,NA,1,0
"Dc36616","locus039",1,1,NA,NA,1,1,1,NA,1,0
"Dc36616","locus040",0.33354,1,1,NA,1,NA,1,NA,1,0
"Dc36616","locus041",0.39214,1,NA,NA,1,NA,1,NA,1,0
"Dc36616","locus045",1,0.661308,1,NA,1,NA,1,NA,1,0
"Dc36616","locus047",0.353832,1,NA,NA,1,1,1,NA,1,0
"Dc36616","locus048",1,0.49775,NA,NA,1,NA,1,NA,1,0
"Dc36616","locus053",1,1,NA,NA,1,NA,0.40452,NA,1,0
"Dc36616","locus055",1,0.606864,1,NA,1,NA,0.80639,NA,1,0
"Dc36616","locus056",1,1,NA,1,1,NA,0.677292,NA,1,0
"Dc36616","locus058",1,1,NA,1,1,NA,1,NA,1,0
"Dc36616","locus060",0.99053,1,NA,1,1,NA,0.770664,NA,1,0
"Dc36616","locus061",1,NA,NA,NA,1,1,1,NA,1,0
"Dc36616","locus062",1,1,1,1,1,1,1,NA,1,0
"Dc36616","locus064",0.685512,1,NA,1,1,NA,1,NA,1,0
"Dc36616","locus065",1,1,1,1,1,NA,1,NA,1,0
"Dc36616","locus073",0.112788,1,NA,1,1,NA,1,NA,1,0
"Dc36616","locus074",0.43216,1,NA,1,1,NA,1,NA,0.247164,0
"Dc36616","locus077",1,1,NA,1,1,NA,1,NA,1,0
"Dc36616","locus080",0.974816,1,NA,NA,1,NA,1,NA,0.93526,0
"Dc36616","locus083",1,NA,NA,NA,0.673872,NA,0.684228,NA,1,0
"Dc36616","locus088",1,1,1,NA,1,NA,1,NA,1,0
"Dc36616","locus093",1,1,1,NA,1,NA,1,NA,1,0
"Dc36616","locus096",1,1,NA,NA,1,NA,1,NA,1,0
"Dc36616","locus098",0.22854,0.22854,NA,NA,1,NA,0.22854,NA,1,0
"Dc36616","locus100",0.633246,0.34848,NA,NA,0.633246,NA,0.43076,NA,0.633246,0
"Dc36616","locus106",1,1,NA,NA,1,NA,1,NA,1,0
"Dc36616","locus116",0.11337,0.237664,NA,NA,1,NA,1,NA,1,0
"Dc36616","locus119",1,1,NA,NA,1,NA,1,NA,1,0
"Dc36616","locus120",1,1,NA,NA,1,NA,1,NA,0.87826,0
"Dc36616","locus128",1,1,NA,1,0.863076,NA,1,NA,1,0
"Dc36616","locus129",1,0.182508,NA,1,1,NA,1,NA,1,0
"Dc36616","locus130",1,NA,NA,NA,1,NA,0.77952,NA,1,0
"Dc36616","locus134",1,1,NA,NA,1,1,1,NA,1,0
"Dc36616","locus135",0.719148,1,NA,1,0.719148,NA,1,NA,1,0
"Dc36616","locus137",1,1,NA,1,1,NA,1,NA,1,0
"Dc36616","locus139",1,1,NA,1,1,NA,0.438276,NA,1,0
"Dc36616","locus140",1,1,NA,1,1,NA,0.423612,NA,1,0
"Dc36616","locus146",1,1,NA,1,1,NA,1,NA,1,0
"Dc36616","locus148",1,1,NA,1,1,1,0.664902,NA,1,0
"Dc36616","locus151",1,NA,NA,0.98831,1,NA,1,NA,1,0
"Dc36616","locus157",1,NA,NA,NA,1,NA,1,NA,1,0
"Dc36616","locus161",1,1,NA,1,0.998354,1,1,NA,1,0
"Dc36616","locus165",1,1,NA,NA,1,NA,0.96068,NA,1,0
"Dc36616","locus170",1,1,NA,0.83282,1,NA,0.395316,NA,1,0
"Dc36616","locus176",1,NA,NA,NA,1,NA,1,NA,1,0
"Dc36616","locus184",1,1,NA,1,1,NA,0.229392,NA,1,0
"Dc36616","locus186",0.87786,1,NA,1,1,NA,0.704568,NA,1,0
"Dc36616","locus188",1,1,NA,NA,1,NA,1,NA,1,0
"Dc36616","locus189",1,1,NA,NA,1,NA,1,1,1,0
"Dc36616","locus190",1,1,NA,NA,1,NA,1,0.290016,1,0
"Dc36616","locus191",0.17063,NA,NA,NA,1,NA,0.93836,1,1,0
"Dc36616","locus192",1,1,NA,NA,1,1,0.995694,1,1,0
"Dc36616","locus195",1,1,NA,NA,1,1,1,1,0.63945,0
"Dc36616","locus202",1,1,NA,NA,1,NA,1,1,1,0
"Dc36616","locus215",1,NA,NA,NA,1,NA,1,1,1,0
"Dc36616","locus227",1,1,1,NA,1,NA,1,1,1,0
"Dc36616","locus231",1,1,NA,NA,1,NA,0.23739,NA,1,0
"Dc36616","locus235",1,1,NA,NA,1,NA,1,1,0.577188,0
"Dc36616","locus236",1,1,NA,NA,1,NA,0.68004,1,1,0
"Dc36616","locus237",1,1,NA,NA,1,NA,0.523488,1,1,0
"Dc36616","locus239",1,1,NA,NA,1,NA,1,1,1,0
"Dc36616","locus248",1,1,NA,NA,1,NA,1,1,1,0
"Dc36616","locus256",1,1,NA,NA,1,NA,1,NA,1,0
"Dc36616","locus263",0.7908,1,NA,NA,1,NA,1,NA,1,0
"Dc36616","locus264",1,1,NA,NA,1,NA,1,NA,1,0
"Dc36616","locus274",0.252294,1,1,NA,1,1,0.57042,NA,1,0
"Dc36616","locus280",1,1,NA,NA,1,NA,1,NA,1,0
"Dc36616","locus286",0.377544,1,NA,NA,0.71397,1,1,NA,1,0
"Dc36616","locus291",1,1,NA,NA,1,NA,1,NA,1,0
"Dc36616","locus292",0.56455,1,NA,NA,1,1,0.089544,NA,1,0
"Dc36616","locus296",1,1,NA,NA,1,NA,1,NA,1,0
"Dc36616","locus301",1,1,1,NA,1,NA,1,NA,1,0
"Dc36616","locus314",1,0.61422,NA,NA,1,NA,1,NA,1,0
"Dc36616","locus321",1,1,NA,NA,1,NA,1,NA,1,0
"Dc36616","locus322",1,1,NA,NA,1,NA,0.99743,NA,1,0
"Dc36616","locus323",1,1,NA,NA,1,NA,1,NA,1,0
"Dc36616","locus329",0.16995,1,NA,NA,1,NA,1,NA,1,0
"Dc36616","locus332",0.81864,1,NA,NA,1,NA,0.34393,NA,1,0
"Dc36616","locus359",0.82413,0.855774,NA,NA,1,NA,0.82413,NA,1,0
"Dc40235","Dc41234",0.224464,0.948836,NA,NA,0.854216,NA,NA,NA,0.333642,0
"Dc40235","Dc46984",1,1,NA,NA,1,NA,0.300324,1,1,0
"Dc40235","Dc47572",0.996804,1,NA,NA,1,NA,1,1,1,0
"Dc40235","Dc47935",1,1,NA,NA,1,NA,1,1,1,0
"Dc40235","Dc48207",1,1,NA,NA,1,1,1,1,1,0
"Dc40235","Dc48950",1,1,NA,NA,1,NA,1,0.174624,1,0
"Dc40235","Dc49080",1,1,NA,NA,1,NA,1,0.854196,1,0
"Dc40235","Dc49184",1,1,NA,NA,1,NA,1,1,0.202344,0
"Dc40235","Dc51020",1,1,NA,NA,1,NA,0.706584,1,1,0
"Dc40235","Dc52523",1,1,NA,NA,1,NA,1,1,1,0
"Dc40235","Dc55481",0.93898,0.93898,NA,1,1,NA,0.282456,NA,0.957174,0
"Dc40235","Dc58248",0.766332,1,NA,1,1,1,1,NA,1,0
"Dc40235","Dc62188",1,1,NA,1,0.852444,NA,1,NA,1,0
"Dc40235","Dc67011",1,1,NA,1,1,NA,1,NA,1,0
"Dc40235","locus003",1,1,1,1,1,NA,1,NA,1,0
"Dc40235","locus004",0.95531,0.324552,NA,1,1,NA,1,NA,1,0
"Dc40235","locus005",0.800338,1,NA,1,1,1,1,NA,1,0
"Dc40235","locus006",1,1,NA,1,1,NA,1,NA,1,0
"Dc40235","locus008",1,1,NA,1,1,NA,1,NA,1,0
"Dc40235","locus013",1,1,NA,1,1,NA,1,NA,1,0
"Dc40235","locus014",1,1,NA,1,1,1,1,NA,1,0
"Dc40235","locus022",1,1,NA,1,1,NA,0.287352,NA,1,0
"Dc40235","locus024",1,1,1,1,1,NA,1,NA,1,0
"Dc40235","locus025",1,1,NA,NA,1,NA,1,NA,1,0
"Dc40235","locus027",1,1,NA,NA,1,NA,NA,NA,NA,0
"Dc40235","locus030",1,0.770192,NA,NA,1,NA,0.37015,NA,1,0
"Dc40235","locus035",1,1,NA,NA,1,1,1,NA,1,0
"Dc40235","locus038",1,1,NA,1,1,NA,1,NA,1,0
"Dc40235","locus039",1,0.214656,NA,NA,1,1,1,NA,1,0
"Dc40235","locus040",1,1,1,NA,1,NA,0.50814,NA,1,0
"Dc40235","locus041",1,1,NA,NA,1,NA,1,NA,1,0
"Dc40235","locus045",1,1,1,NA,1,NA,1,NA,1,0
"Dc40235","locus047",1,1,NA,NA,1,1,1,NA,0.460296,0
"Dc40235","locus048",0.6305,0.6305,NA,NA,1,NA,1,NA,1,0
"Dc40235","locus053",1,0.81625,NA,NA,1,NA,1,NA,1,0
"Dc40235","locus055",1,1,1,NA,1,NA,1,NA,1,0
"Dc40235","locus056",1,1,NA,1,1,NA,1,NA,1,0
"Dc40235","locus058",1,1,NA,1,1,NA,1,NA,0.76338,0
"Dc40235","locus060",0.324228,1,NA,1,1,NA,1,NA,1,0
"Dc40235","locus061",1,NA,NA,NA,1,1,1,NA,1,0
"Dc40235","locus062",1,0.153712,1,1,0.998494,1,1,NA,1,0
"Dc40235","locus064",1,1,NA,1,1,NA,1,NA,1,0
"Dc40235","locus065",0.228452,1,1,1,1,NA,0.826428,NA,1,0
"Dc40235","locus073",0.159828,0.6676,NA,1,1,NA,1,NA,1,0
"Dc40235","locus074",1,1,NA,1,1,NA,1,NA,0.247956,0
"Dc40235","locus076",0.27279,1,NA,NA,1,NA,0.21986,NA,0.21986,0
"Dc40235","locus077",1,1,NA,1,1,NA,0.570336,NA,1,0
"Dc40235","locus080",1,0.14399,NA,NA,1,NA,1,NA,1,0
"Dc40235","locus083",1,NA,NA,NA,0.670072,NA,1,NA,1,0
"Dc40235","locus088",1,1,1,NA,1,NA,0.082896,NA,1,0
"Dc40235","locus093",1,1,1,NA,1,NA,1,NA,1,0
"Dc40235","locus096",1,1,NA,NA,1,NA,1,NA,1,0
"Dc40235","locus098",1,0.78057,NA,NA,1,NA,0.84624,NA,1,0
"Dc40235","locus100",1,1,NA,NA,1,NA,0.40467,NA,0.839472,0
"Dc40235","locus106",0.556296,1,NA,NA,1,NA,0.23072,NA,1,0
"Dc40235","locus116",1,1,NA,NA,1,NA,0.19769,NA,1,0
"Dc40235","locus119",1,1,NA,NA,1,NA,0.09847,NA,1,0
"Dc40235","locus120",1,1,NA,NA,1,NA,1,NA,0.8859,0
"Dc40235","locus128",1,1,NA,1,0.854616,NA,1,NA,1,0
"Dc40235","locus129",1,1,NA,1,1,NA,0.846312,NA,1,0
"Dc40235","locus130",1,NA,NA,NA,1,NA,1,NA,1,0
"Dc40235","locus134",1,1,NA,NA,1,1,1,NA,1,0
"Dc40235","locus137",1,1,NA,1,1,NA,0.388332,NA,0.63653,0
"Dc40235","locus139",1,0.204636,NA,1,1,NA,0.44347,NA,1,0
"Dc40235","locus140",1,0.213264,NA,1,1,NA,0.46379,NA,1,0
"Dc40235","locus146",1,1,NA,1,1,NA,1,NA,1,0
"Dc40235","locus148",1,1,NA,1,1,1,1,NA,1,0
"Dc40235","locus151",1,NA,NA,1,1,NA,1,NA,1,0
"Dc40235","locus157",0.99384,NA,NA,NA,1,NA,1,NA,0.42816,0
"Dc40235","locus161",1,1,NA,1,1,1,1,NA,1,0
"Dc40235","locus165",0.895356,0.836696,NA,NA,1,NA,0.56302,NA,1,0
"Dc40235","locus170",1,0.054516,NA,1,1,NA,1,NA,1,0
"Dc40235","locus176",1,NA,NA,NA,1,NA,1,NA,1,0
"Dc40235","locus184",1,1,NA,1,1,NA,1,NA,1,0
"Dc40235","locus186",1,1,NA,1,1,NA,1,NA,1,0
"Dc40235","locus188",0.32739,1,NA,NA,1,NA,1,NA,1,0
"Dc40235","locus189",1,1,NA,NA,1,NA,1,0.340392,1,0
"Dc40235","locus190",1,1,NA,NA,1,NA,1,1,1,0
"Dc40235","locus191",0.753492,NA,NA,NA,1,NA,0.24689,0.564232,1,0
"Dc40235","locus192",1,1,NA,NA,1,1,0.550228,0.857316,1,0
"Dc40235","locus195",1,1,NA,NA,1,1,1,0.99799,1,0
"Dc40235","locus202",0.964464,1,NA,NA,1,NA,1,1,1,0
"Dc40235","locus215",0.782328,NA,NA,NA,1,NA,0.66442,1,1,0
"Dc40235","locus227",1,1,1,NA,1,NA,0.33894,0.8604,1,0
"Dc40235","locus231",0.31219,1,NA,NA,1,NA,1,NA,1,0
"Dc40235","locus235",1,1,NA,NA,1,NA,1,1,1,0
"Dc40235","locus236",0.794508,1,NA,NA,1,NA,1,1,0.9726,0
"Dc40235","locus237",1,1,NA,NA,1,NA,1,1,1,0
"Dc40235","locus239",1,1,NA,NA,1,NA,0.169824,1,1,0
"Dc40235","locus248",1,0.561816,NA,NA,1,NA,1,1,1,0
"Dc40235","locus256",1,1,NA,NA,1,NA,1,NA,1,0
"Dc40235","locus263",1,1,NA,NA,1,NA,1,NA,1,0
"Dc40235","locus264",0.40376,1,NA,NA,1,NA,0.586128,NA,1,0
"Dc40235","locus274",1,1,1,NA,1,1,0.40789,NA,1,0
"Dc40235","locus280",1,0.09693,NA,NA,1,NA,1,NA,1,0
"Dc40235","locus282",1,1,1,NA,1,1,1,NA,1,0
"Dc40235","locus286",1,1,NA,NA,0.853116,1,1,NA,1,0
"Dc40235","locus291",1,1,NA,NA,1,NA,1,NA,1,0
"Dc40235","locus296",1,1,NA,NA,1,NA,1,NA,1,0
"Dc40235","locus301",1,1,1,NA,1,NA,1,NA,1,0
"Dc40235","locus314",1,1,NA,NA,1,NA,0.89888,NA,1,0
"Dc40235","locus321",1,1,NA,NA,1,NA,0.29828,NA,1,0
"Dc40235","locus322",1,1,NA,NA,1,NA,1,NA,1,0
"Dc40235","locus323",1,1,NA,NA,1,NA,0.1872,NA,1,0
"Dc40235","locus329",1,1,NA,NA,1,NA,1,NA,1,0
"Dc40235","locus332",1,1,NA,NA,1,NA,1,NA,1,0
"Dc40235","locus358",1,1,NA,NA,1,1,0.470496,NA,1,0
"Dc40235","locus359",1,1,NA,NA,1,NA,1,NA,1,0
"Dc40235","locus360",0.93649,0.93649,NA,NA,0.93649,NA,0.93649,NA,0.93649,0
"Dc41234","Dc46984",1,1,NA,NA,0.12248,NA,NA,NA,0.34689,0
"Dc41234","Dc47572",1,1,NA,NA,1,NA,NA,NA,1,0
"Dc41234","Dc47935",1,1,1,NA,1,NA,NA,NA,1,0
"Dc41234","Dc48207",0.59028,1,NA,NA,1,NA,NA,NA,1,0
"Dc41234","Dc48950",1,1,NA,NA,1,NA,NA,NA,1,0
"Dc41234","Dc49184",0.912768,0.912768,NA,NA,1,NA,NA,NA,1,0
"Dc41234","Dc51020",1,1,NA,NA,1,NA,NA,NA,0.893368,0
"Dc41234","Dc52523",0.44004,1,NA,NA,1,NA,NA,NA,1,0
"Dc41234","Dc55481",1,0.811374,NA,NA,1,NA,NA,NA,0.674384,0
"Dc41234","Dc58248",0.72272,1,NA,NA,1,NA,NA,NA,1,0
"Dc41234","Dc62188",1,0.438216,NA,NA,0.343272,NA,NA,NA,1,0
"Dc41234","Dc67011",1,1,NA,NA,0.345792,NA,NA,NA,1,0
"Dc41234","locus003",1,1,1,NA,0.41873,NA,NA,NA,1,0
"Dc41234","locus004",1,1,NA,NA,1,NA,NA,NA,1,0
"Dc41234","locus005",1,1,NA,NA,1,NA,NA,NA,1,0
"Dc41234","locus006",0.76964,1,NA,NA,1,NA,NA,NA,1,0
"Dc41234","locus008",1,1,NA,NA,1,NA,NA,NA,1,0
"Dc41234","locus013",1,0.442048,NA,NA,1,NA,NA,NA,1,0
"Dc41234","locus014",1,1,NA,NA,1,NA,NA,NA,1,0
"Dc41234","locus022",1,1,NA,NA,1,NA,NA,NA,1,0
"Dc41234","locus024",1,1,1,NA,1,NA,NA,NA,1,0
"Dc41234","locus025",1,1,NA,NA,1,NA,NA,NA,1,0
"Dc41234","locus027",1,1,NA,NA,1,NA,NA,NA,NA,0
"Dc41234","locus030",0.552876,0.925688,NA,NA,0.335992,NA,NA,NA,0.569476,0
"Dc41234","locus035",1,1,NA,NA,1,NA,NA,NA,1,0
"Dc41234","locus038",1,1,1,NA,1,NA,NA,NA,1,0
"Dc41234","locus039",0.448424,1,NA,NA,1,NA,NA,NA,0.448424,0
"Dc41234","locus040",1,1,1,NA,1,NA,NA,NA,1,0
"Dc41234","locus041",0.59052,1,NA,NA,1,NA,NA,NA,1,0
"Dc41234","locus045",0.53992,0.53992,1,NA,1,NA,NA,NA,0.638694,0
"Dc41234","locus047",1,1,NA,NA,1,NA,NA,NA,1,0
"Dc41234","locus048",1,1,NA,NA,1,NA,NA,NA,0.717448,0
"Dc41234","locus053",0.281272,1,NA,NA,1,NA,NA,NA,0.534744,0
"Dc41234","locus055",0.053976,1,NA,NA,1,NA,NA,NA,0.24999,0
"Dc41234","locus056",1,0.72112,NA,NA,1,NA,NA,NA,1,0
"Dc41234","locus058",1,1,1,NA,1,NA,NA,NA,1,0
"Dc41234","locus061",1,NA,NA,NA,1,NA,NA,NA,1,0
"Dc41234","locus062",1,1,1,NA,1,NA,NA,NA,1,0
"Dc41234","locus064",0.284648,1,NA,NA,1,NA,NA,NA,1,0
"Dc41234","locus065",1,1,1,NA,1,NA,NA,NA,1,0
"Dc41234","locus073",1,0.708992,NA,NA,1,NA,NA,NA,1,0
"Dc41234","locus074",0.090552,1,NA,NA,1,NA,NA,NA,0.863478,0
"Dc41234","locus076",1,1,NA,NA,1,NA,NA,NA,1,0
"Dc41234","locus077",1,1,NA,NA,1,NA,NA,NA,1,0
"Dc41234","locus080",1,1,NA,NA,1,NA,NA,NA,1,0
"Dc41234","locus083",1,NA,NA,NA,1,NA,NA,NA,1,0
"Dc41234","locus088",1,1,1,NA,0.99911,NA,NA,NA,1,0
"Dc41234","locus093",1,1,1,NA,1,NA,NA,NA,1,0
"Dc41234","locus096",1,0.199376,NA,NA,1,NA,NA,NA,1,0
"Dc41234","locus098",1,1,NA,NA,1,NA,NA,NA,1,0
"Dc41234","locus100",1,0.786552,NA,NA,1,NA,NA,NA,1,0
"Dc41234","locus106",0.360616,1,NA,NA,1,NA,NA,NA,1,0
"Dc41234","locus116",1,1,NA,NA,1,NA,NA,NA,1,0
"Dc41234","locus119",0.580992,1,NA,NA,0.715338,NA,NA,NA,1,0
"Dc41234","locus120",0.334776,1,NA,NA,1,NA,NA,NA,1,0
"Dc41234","locus128",1,1,NA,NA,1,NA,NA,NA,1,0
"Dc41234","locus130",1,NA,NA,NA,1,NA,NA,NA,1,0
"Dc41234","locus134",1,1,NA,NA,1,NA,NA,NA,1,0
"Dc41234","locus135",0.644848,0.644848,NA,NA,1,NA,NA,NA,1,0
"Dc41234","locus137",1,1,NA,NA,1,NA,NA,NA,1,0
"Dc41234","locus139",1,1,NA,NA,0.605358,NA,NA,NA,0.142528,0
"Dc41234","locus140",1,1,NA,NA,0.592926,NA,NA,NA,0.145368,0
"Dc41234","locus146",1,1,NA,NA,1,NA,NA,NA,0.810904,0
"Dc41234","locus148",1,0.807088,NA,NA,1,NA,NA,NA,1,0
"Dc41234","locus151",0.51525,NA,NA,NA,1,NA,NA,NA,0.51525,0
"Dc41234","locus157",1,NA,NA,NA,1,NA,NA,NA,1,0
"Dc41234","locus161",1,0.109584,NA,NA,1,NA,NA,NA,1,0
"Dc41234","locus165",1,1,NA,NA,1,NA,NA,NA,1,0
"Dc41234","locus170",0.39451,1,1,NA,0.794384,NA,NA,NA,1,0
"Dc41234","locus176",1,NA,NA,NA,1,NA,NA,NA,0.847134,0
"Dc41234","locus184",0.127064,1,NA,NA,1,NA,NA,NA,1,0
"Dc41234","locus186",0.139424,0.817032,NA,NA,1,NA,NA,NA,1,0
"Dc41234","locus188",1,1,NA,NA,1,NA,NA,NA,1,0
"Dc41234","locus189",1,0.083896,NA,NA,0.26205,NA,NA,NA,1,0
"Dc41234","locus190",1,1,NA,NA,1,NA,NA,NA,0.195408,0
"Dc41234","locus191",1,NA,NA,NA,1,NA,NA,NA,0.343494,0
"Dc41234","locus192",0.41376,1,NA,NA,1,NA,NA,NA,1,0
"Dc41234","locus195",1,1,NA,NA,1,NA,NA,NA,0.86524,0
"Dc41234","locus202",1,1,1,NA,1,NA,NA,NA,1,0
"Dc41234","locus215",0.868448,NA,1,NA,1,NA,NA,NA,1,0
"Dc41234","locus227",1,1,1,NA,1,NA,NA,NA,1,0
"Dc41234","locus231",0.372968,1,NA,NA,1,NA,NA,NA,1,0
"Dc41234","locus235",0.868536,0.868536,NA,NA,1,NA,NA,NA,0.752128,0
"Dc41234","locus236",1,0.80624,NA,NA,0.80624,NA,NA,NA,1,0
"Dc41234","locus237",1,1,NA,NA,1,NA,NA,NA,1,0
"Dc41234","locus239",1,1,NA,NA,1,NA,NA,NA,1,0
"Dc41234","locus248",1,1,NA,NA,1,NA,NA,NA,1,0
"Dc41234","locus256",1,1,NA,NA,1,NA,NA,NA,1,0
"Dc41234","locus263",0.221416,0.48546,NA,NA,1,NA,NA,NA,1,0
"Dc41234","locus264",1,1,NA,NA,1,NA,NA,NA,1,0
"Dc41234","locus274",0.390056,0.59208,1,NA,0.32842,NA,NA,NA,1,0
"Dc41234","locus280",0.202184,1,NA,NA,1,NA,NA,NA,1,0
"Dc41234","locus282",1,1,NA,NA,1,NA,NA,NA,0.7174,0
"Dc41234","locus286",1,0.521064,NA,NA,1,NA,NA,NA,1,0
"Dc41234","locus291",0.957272,1,NA,NA,0.957272,NA,NA,NA,1,0
"Dc41234","locus292",1,1,NA,NA,0.351184,NA,NA,NA,1,0
"Dc41234","locus296",1,0.991392,NA,NA,1,NA,NA,NA,1,0
"Dc41234","locus301",1,0.603564,NA,NA,0.268928,NA,NA,NA,1,0
"Dc41234","locus314",1,1,NA,NA,1,NA,NA,NA,1,0
"Dc41234","locus321",1,1,NA,NA,1,NA,NA,NA,1,0
"Dc41234","locus322",0.660616,1,NA,NA,1,NA,NA,NA,0.660616,0
"Dc41234","locus323",1,0.167552,NA,NA,1,NA,NA,NA,1,0
"Dc41234","locus329",0.522968,1,NA,NA,1,NA,NA,NA,1,0
"Dc41234","locus332",1,0.756816,NA,NA,1,NA,NA,NA,0.756816,0
"Dc41234","locus358",1,1,NA,NA,1,NA,NA,NA,1,0
"Dc41234","locus359",1,1,NA,NA,1,NA,NA,NA,1,0
"Dc41234","locus360",1,0.87488,NA,NA,1,NA,NA,NA,1,0
"Dc46984","Dc47572",1,1,NA,NA,1,NA,1,1,0.376308,0
"Dc46984","Dc47935",1,0.686436,NA,NA,1,NA,1,1,1,0
"Dc46984","Dc48207",1,0.757862,NA,NA,1,1,1,1,1,0
"Dc46984","Dc48950",1,1,NA,NA,1,NA,1,1,1,0
"Dc46984","Dc49080",0.635052,0.635052,NA,NA,1,NA,1,1,1,0
"Dc46984","Dc49184",1,1,NA,NA,1,NA,1,1,1,0
"Dc46984","Dc51020",0.679518,0.972264,1,NA,1,NA,1,1,1,0
"Dc46984","Dc52523",0.970788,1,NA,NA,1,1,1,1,1,0
"Dc46984","Dc55481",0.581112,1,1,1,1,NA,1,NA,1,0
"Dc46984","Dc58248",1,1,NA,1,1,1,1,NA,1,0
"Dc46984","Dc62188",1,1,NA,1,1,NA,1,NA,1,0
"Dc46984","Dc67011",1,1,NA,1,1,NA,1,NA,1,0
"Dc46984","locus003",1,1,NA,1,1,NA,1,NA,1,0
"Dc46984","locus004",1,1,NA,1,1,NA,1,NA,1,0
"Dc46984","locus005",1,1,NA,1,1,NA,0.6453,NA,1,0
"Dc46984","locus006",1,1,NA,1,1,NA,1,NA,1,0
"Dc46984","locus008",1,1,NA,1,0.6666,NA,1,NA,1,0
"Dc46984","locus013",1,1,NA,1,1,1,1,NA,1,0
"Dc46984","locus014",1,1,NA,1,1,1,1,NA,0.112952,0
"Dc46984","locus022",1,1,NA,1,1,NA,1,NA,1,0
"Dc46984","locus024",1,1,NA,1,1,NA,1,NA,1,0
"Dc46984","locus025",0.12852,1,1,NA,1,NA,0.078252,NA,1,0
"Dc46984","locus027",1,1,NA,NA,1,NA,NA,NA,NA,0
"Dc46984","locus030",1,1,NA,NA,0.15082,NA,1,NA,1,0
"Dc46984","locus038",0.47134,0.71456,NA,1,0.71456,NA,0.44748,NA,1,0
"Dc46984","locus039",1,0.762648,NA,NA,1,1,1,NA,1,0
"Dc46984","locus040",1,0.70473,NA,NA,0.70473,NA,1,NA,1,0
"Dc46984","locus041",1,1,NA,NA,1,NA,1,NA,1,0
"Dc46984","locus045",1,1,1,NA,1,NA,1,NA,1,0
"Dc46984","locus047",1,1,NA,NA,1,1,0.065964,NA,0.68074,0
"Dc46984","locus048",1,1,NA,NA,1,NA,0.09874,NA,1,0
"Dc46984","locus053",1,1,NA,NA,1,NA,1,NA,1,0
"Dc46984","locus055",0.838432,1,NA,NA,1,NA,0.838432,NA,0.39015,0
"Dc46984","locus056",1,1,NA,0.86256,1,NA,1,NA,1,0
"Dc46984","locus058",0.194376,1,NA,1,1,NA,1,NA,1,0
"Dc46984","locus060",1,1,NA,1,1,NA,1,NA,1,0
"Dc46984","locus061",1,NA,NA,NA,1,1,1,NA,1,0
"Dc46984","locus062",0.683504,1,1,1,1,1,1,NA,1,0
"Dc46984","locus064",1,1,NA,1,1,NA,1,NA,1,0
"Dc46984","locus065",0.311424,0.71505,NA,1,1,NA,1,NA,1,0
"Dc46984","locus073",1,1,NA,1,1,NA,1,NA,1,0
"Dc46984","locus074",1,1,NA,1,1,NA,1,NA,1,0
"Dc46984","locus076",1,1,NA,NA,1,1,1,NA,1,0
"Dc46984","locus077",1,1,NA,1,1,NA,0.22052,NA,0.106644,0
"Dc46984","locus080",1,1,NA,NA,1,NA,1,NA,1,0
"Dc46984","locus083",1,NA,NA,NA,1,NA,1,NA,0.7144,0
"Dc46984","locus088",1,1,NA,NA,1,NA,1,NA,1,0
"Dc46984","locus093",1,1,1,NA,1,NA,1,NA,0.663912,0
"Dc46984","locus096",1,1,NA,NA,1,NA,1,NA,1,0
"Dc46984","locus098",1,1,NA,NA,1,NA,1,NA,1,0
"Dc46984","locus100",1,0.25039,NA,NA,1,NA,1,NA,1,0
"Dc46984","locus116",1,1,1,NA,1,NA,1,NA,1,0
"Dc46984","locus119",1,1,NA,NA,1,NA,1,NA,1,0
"Dc46984","locus120",1,1,1,NA,1,NA,1,NA,1,0
"Dc46984","locus128",1,1,NA,1,1,NA,1,NA,1,0
"Dc46984","locus129",1,1,NA,1,0.69616,NA,0.279564,NA,1,0
"Dc46984","locus130",0.495064,NA,NA,NA,1,NA,1,NA,0.625176,0
"Dc46984","locus134",1,1,NA,NA,1,1,0.795216,NA,0.795216,0
"Dc46984","locus135",1,1,1,1,1,NA,1,NA,1,0
"Dc46984","locus137",1,1,NA,1,1,NA,0.829944,NA,1,0
"Dc46984","locus139",1,1,NA,1,1,NA,1,NA,1,0
"Dc46984","locus140",1,1,NA,1,1,NA,1,NA,1,0
"Dc46984","locus146",1,0.9113,NA,1,1,NA,0.069744,NA,1,0
"Dc46984","locus148",1,0.596274,NA,1,1,1,1,NA,0.903576,0
"Dc46984","locus151",1,NA,NA,1,1,NA,1,NA,0.14877,0
"Dc46984","locus157",1,NA,1,NA,1,NA,1,NA,0.83283,0
"Dc46984","locus161",1,1,NA,1,1,1,1,NA,1,0
"Dc46984","locus165",1,1,1,NA,1,NA,1,NA,0.647868,0
"Dc46984","locus170",1,1,NA,1,1,NA,1,NA,1,0
"Dc46984","locus184",1,1,NA,1,1,NA,1,NA,1,0
"Dc46984","locus186",0.423468,1,NA,1,1,NA,1,NA,1,0
"Dc46984","locus188",0.12924,1,1,NA,1,NA,1,NA,1,0
"Dc46984","locus189",1,1,NA,NA,0.176208,NA,1,1,1,0
"Dc46984","locus190",1,1,NA,NA,1,NA,1,1,0.425256,0
"Dc46984","locus191",1,NA,1,NA,1,NA,0.847872,1,1,0
"Dc46984","locus192",1,1,NA,NA,1,1,1,1,1,0
"Dc46984","locus195",1,1,NA,NA,1,1,0.535822,1,1,0
"Dc46984","locus202",1,1,NA,NA,1,NA,1,1,1,0
"Dc46984","locus215",0.974576,NA,NA,NA,1,NA,0.38104,1,1,0
"Dc46984","locus227",0.314356,1,1,NA,1,NA,1,1,1,0
"Dc46984","locus231",0.27491,1,NA,NA,1,NA,1,NA,1,0
"Dc46984","locus235",1,0.841134,1,NA,1,NA,0.8862,1,1,0
"Dc46984","locus236",1,0.81186,NA,NA,1,NA,0.132684,1,1,0
"Dc46984","locus237",1,1,NA,NA,1,NA,1,1,1,0
"Dc46984","locus239",1,1,1,NA,1,NA,1,1,1,0
"Dc46984","locus248",1,0.250608,NA,NA,1,NA,1,0.99103,1,0
"Dc46984","locus256",1,1,1,NA,1,NA,1,NA,1,0
"Dc46984","locus263",1,1,NA,NA,1,NA,1,NA,1,0
"Dc46984","locus264",1,0.7362,NA,NA,1,NA,1,NA,1,0
"Dc46984","locus274",0.404152,1,1,NA,1,1,0.455232,NA,1,0
"Dc46984","locus280",1,1,NA,NA,1,NA,1,NA,1,0
"Dc46984","locus282",1,1,NA,NA,1,1,1,NA,0.6459,0
"Dc46984","locus286",0.690504,1,NA,NA,1,1,1,NA,1,0
"Dc46984","locus291",1,1,NA,NA,1,NA,1,NA,1,0
"Dc46984","locus292",1,1,NA,NA,1,1,1,NA,1,0
"Dc46984","locus296",1,1,NA,NA,1,NA,1,NA,1,0
"Dc46984","locus301",1,1,NA,NA,1,NA,1,NA,0.2781,0
"Dc46984","locus314",1,1,NA,NA,1,NA,1,NA,1,0
"Dc46984","locus321",1,1,NA,NA,0.56963,NA,1,NA,1,0
"Dc46984","locus322",1,0.95404,NA,NA,1,NA,1,NA,1,0
"Dc46984","locus323",1,1,1,NA,1,NA,1,NA,1,0
"Dc46984","locus329",1,1,NA,NA,1,NA,1,NA,1,0
"Dc46984","locus332",1,1,NA,NA,1,NA,1,NA,1,0
"Dc46984","locus358",1,1,NA,NA,1,1,1,NA,0.499884,0
"Dc46984","locus359",1,1,NA,NA,1,NA,1,NA,1,0
"Dc46984","locus360",1,1,NA,NA,1,NA,1,NA,1,0
"Dc47572","Dc47935",1,1,NA,NA,1,NA,1,1,1,0
"Dc47572","Dc48207",1,1,NA,NA,1,1,1,1,1,0
"Dc47572","Dc48950",1,1,NA,NA,1,NA,0.739512,1,1,0
"Dc47572","Dc49080",1,1,NA,NA,1,NA,1,1,1,0
"Dc47572","Dc49184",0.054492,0.92288,NA,NA,1,NA,1,1,1,0
"Dc47572","Dc51020",1,1,1,NA,1,NA,1,1,1,0
"Dc47572","Dc52523",1,1,NA,NA,1,NA,1,1,1,0
"Dc47572","Dc55481",0.42228,0.55549,1,1,1,NA,1,NA,0.4207,0
"Dc47572","Dc58248",0.418684,1,NA,1,1,1,1,NA,1,0
"Dc47572","Dc62188",1,1,NA,1,1,1,1,NA,0.050218,0
"Dc47572","Dc67011",1,1,NA,1,1,NA,1,NA,1,0
"Dc47572","locus003",1,1,NA,1,1,NA,1,NA,0.748272,0
"Dc47572","locus004",1,1,NA,1,1,NA,1,NA,1,0
"Dc47572","locus005",1,1,NA,1,1,NA,1,NA,1,0
"Dc47572","locus006",1,1,NA,1,1,NA,1,NA,1,0
"Dc47572","locus008",1,1,NA,1,1,NA,0.502716,NA,1,0
"Dc47572","locus013",1,1,NA,1,1,NA,1,NA,1,0
"Dc47572","locus014",1,0.844932,NA,0.844932,1,1,0.51779,NA,1,0
"Dc47572","locus022",1,1,NA,0.571356,1,NA,1,NA,1,0
"Dc47572","locus024",1,1,NA,1,1,NA,1,NA,1,0
"Dc47572","locus025",0.57787,0.862112,NA,NA,1,NA,1,NA,0.862112,0
"Dc47572","locus027",0.807282,0.859604,NA,NA,0.859604,NA,NA,NA,NA,0
"Dc47572","locus030",1,1,NA,NA,1,NA,0.48332,NA,1,0
"Dc47572","locus035",0.89454,0.92903,NA,NA,1,1,1,NA,1,0
"Dc47572","locus038",0.99835,1,NA,NA,0.99835,NA,1,NA,1,0
"Dc47572","locus039",1,1,NA,NA,1,1,1,NA,1,0
"Dc47572","locus040",1,1,NA,NA,1,NA,1,NA,1,0
"Dc47572","locus041",1,0.48561,NA,NA,1,NA,1,NA,1,0
"Dc47572","locus045",1,1,1,NA,1,NA,1,NA,1,0
"Dc47572","locus047",1,1,NA,NA,1,1,1,NA,1,0
"Dc47572","locus048",0.57218,0.57218,NA,NA,1,NA,0.729956,NA,0.681276,0
"Dc47572","locus053",1,1,NA,NA,1,NA,1,NA,1,0
"Dc47572","locus055",0.797792,1,NA,NA,1,NA,1,NA,0.34893,0
"Dc47572","locus056",1,1,NA,1,1,NA,1,NA,1,0
"Dc47572","locus058",1,1,NA,1,1,NA,1,NA,1,0
"Dc47572","locus060",1,1,NA,1,1,NA,1,NA,1,0
"Dc47572","locus061",1,NA,NA,NA,1,1,1,NA,1,0
"Dc47572","locus062",1,1,1,1,1,1,0.614128,NA,0.614128,0
"Dc47572","locus064",1,1,NA,1,1,NA,1,NA,1,0
"Dc47572","locus065",1,1,NA,1,1,NA,1,NA,1,0
"Dc47572","locus073",1,1,NA,1,1,NA,1,NA,1,0
"Dc47572","locus074",1,0.72294,NA,1,1,NA,1,NA,1,0
"Dc47572","locus076",1,1,NA,NA,1,NA,1,NA,1,0
"Dc47572","locus077",1,1,NA,1,1,NA,1,NA,1,0
"Dc47572","locus080",0.11082,1,NA,NA,1,NA,0.852168,NA,1,0
"Dc47572","locus083",0.92204,NA,NA,NA,1,NA,1,NA,1,0
"Dc47572","locus088",1,0.65422,NA,NA,1,NA,1,NA,1,0
"Dc47572","locus093",1,1,1,NA,1,NA,1,NA,1,0
"Dc47572","locus096",1,1,NA,NA,1,NA,0.46264,NA,1,0
"Dc47572","locus098",1,1,NA,NA,1,NA,1,NA,1,0
"Dc47572","locus100",1,1,NA,NA,1,NA,1,NA,1,0
"Dc47572","locus106",1,1,NA,NA,1,NA,1,NA,1,0
"Dc47572","locus116",1,1,1,NA,1,NA,1,NA,1,0
"Dc47572","locus119",1,1,NA,NA,1,NA,0.52071,NA,1,0
"Dc47572","locus120",1,1,1,NA,1,NA,1,NA,1,0
"Dc47572","locus128",1,0.78885,NA,1,1,NA,1,NA,0.329628,0
"Dc47572","locus129",1,1,NA,1,1,NA,1,NA,1,0
"Dc47572","locus130",1,NA,1,NA,1,NA,1,NA,1,0
"Dc47572","locus134",1,1,NA,NA,1,1,0.890508,NA,1,0
"Dc47572","locus135",1,1,1,1,1,NA,1,NA,1,0
"Dc47572","locus137",1,0.899892,NA,1,1,NA,1,NA,1,0
"Dc47572","locus146",1,1,NA,1,1,NA,1,NA,1,0
"Dc47572","locus148",1,1,NA,1,1,1,1,NA,1,0
"Dc47572","locus151",1,NA,1,1,1,NA,1,NA,1,0
"Dc47572","locus157",0.492516,NA,NA,NA,0.853372,NA,0.140408,NA,1,0
"Dc47572","locus161",1,1,NA,1,1,1,1,NA,1,0
"Dc47572","locus165",1,1,NA,NA,1,NA,0.44395,NA,1,0
"Dc47572","locus170",1,1,NA,1,1,NA,0.931788,NA,1,0
"Dc47572","locus176",1,NA,NA,NA,1,NA,1,NA,1,0
"Dc47572","locus184",1,1,NA,1,0.290424,NA,1,NA,1,0
"Dc47572","locus186",1,1,NA,1,1,NA,1,NA,1,0
"Dc47572","locus189",0.575496,1,NA,NA,1,NA,1,1,1,0
"Dc47572","locus190",1,1,NA,NA,1,NA,1,1,0.160308,0
"Dc47572","locus191",1,NA,NA,NA,1,NA,1,1,1,0
"Dc47572","locus192",1,1,NA,NA,1,1,0.891816,1,0.587286,0
"Dc47572","locus195",1,1,NA,NA,1,NA,1,0.848124,1,0
"Dc47572","locus202",0.984204,1,NA,NA,1,NA,1,1,1,0
"Dc47572","locus215",1,NA,NA,NA,1,NA,0.25256,1,1,0
"Dc47572","locus227",1,1,1,NA,1,NA,0.328468,1,1,0
"Dc47572","locus231",1,1,NA,NA,1,NA,0.48253,NA,1,0
"Dc47572","locus235",1,1,1,NA,1,NA,1,1,0.882196,0
"Dc47572","locus236",1,1,NA,NA,1,NA,1,1,1,0
"Dc47572","locus237",0.83393,1,NA,NA,1,NA,0.790836,1,1,0
"Dc47572","locus239",0.079674,1,1,NA,1,NA,1,1,1,0
"Dc47572","locus248",1,1,NA,NA,1,NA,1,1,1,0
"Dc47572","locus256",1,1,1,NA,1,NA,0.947904,NA,1,0
"Dc47572","locus263",0.709864,0.28488,NA,NA,0.48192,NA,0.48192,NA,1,0
"Dc47572","locus264",1,1,NA,NA,1,NA,1,NA,1,0
"Dc47572","locus274",0.715536,0.41242,NA,NA,1,1,1,NA,0.305556,0
"Dc47572","locus280",1,1,NA,NA,1,NA,1,NA,1,0
"Dc47572","locus282",1,1,NA,NA,1,1,1,NA,1,0
"Dc47572","locus286",1,1,NA,NA,1,1,1,NA,1,0
"Dc47572","locus291",1,1,NA,NA,1,NA,1,NA,1,0
"Dc47572","locus292",0.628248,1,NA,NA,1,1,1,NA,1,0
"Dc47572","locus296",1,0.30689,NA,NA,1,NA,1,NA,0.30689,0
"Dc47572","locus301",1,1,NA,NA,1,NA,0.94288,NA,1,0
"Dc47572","locus321",0.835184,0.79354,NA,NA,1,NA,1,NA,0.983466,0
"Dc47572","locus322",0.11192,0.785524,NA,NA,0.785524,NA,0.68226,NA,0.474856,0
"Dc47572","locus323",1,1,1,NA,1,NA,1,NA,0.14592,0
"Dc47572","locus329",1,1,NA,NA,0.67446,1,1,NA,1,0
"Dc47572","locus332",1,1,NA,NA,1,NA,0.85944,NA,0.59436,0
"Dc47572","locus358",1,1,NA,NA,1,1,1,NA,1,0
"Dc47572","locus359",1,0.41336,NA,NA,1,NA,1,NA,1,0
"Dc47935","Dc48207",1,0.60151,NA,NA,1,1,1,1,1,0
"Dc47935","Dc48950",0.194712,1,NA,NA,1,NA,1,1,1,0
"Dc47935","Dc49080",1,1,NA,NA,1,NA,1,0.85524,1,0
"Dc47935","Dc49184",1,1,NA,NA,1,NA,0.624864,1,1,0
"Dc47935","Dc51020",1,1,1,NA,1,NA,1,1,1,0
"Dc47935","Dc52523",0.339432,1,NA,NA,1,NA,1,1,0.86192,0
"Dc47935","Dc55481",1,1,1,1,1,NA,1,NA,1,0
"Dc47935","Dc58248",1,0.948542,NA,1,1,1,1,NA,1,0
"Dc47935","Dc62188",1,1,NA,1,0.13419,NA,0.092124,NA,1,0
"Dc47935","Dc67011",0.849396,0.899684,NA,0.70604,0.329184,NA,0.70604,NA,0.899684,0
"Dc47935","locus003",1,0.40313,NA,1,0.16866,NA,1,NA,1,0
"Dc47935","locus004",1,1,NA,1,1,NA,1,NA,1,0
"Dc47935","locus005",1,1,NA,1,1,NA,1,NA,1,0
"Dc47935","locus006",1,1,NA,0.71568,1,NA,0.319872,NA,1,0
"Dc47935","locus008",1,0.32898,NA,0.70566,0.793736,NA,1,NA,1,0
"Dc47935","locus013",1,1,NA,1,1,NA,1,NA,1,0
"Dc47935","locus014",1,1,NA,1,1,1,1,NA,1,0
"Dc47935","locus022",1,1,NA,1,1,NA,1,NA,1,0
"Dc47935","locus024",1,1,NA,1,1,NA,1,NA,1,0
"Dc47935","locus025",0.812148,0.22114,NA,NA,1,NA,1,NA,0.504296,0
"Dc47935","locus027",1,1,NA,NA,1,NA,NA,NA,NA,0
"Dc47935","locus030",1,1,NA,NA,1,NA,1,NA,1,0
"Dc47935","locus035",1,1,NA,NA,0.573504,1,1,NA,1,0
"Dc47935","locus038",0.86315,1,NA,NA,1,NA,1,NA,1,0
"Dc47935","locus039",0.549276,0.923792,NA,NA,0.923792,1,0.77434,NA,0.923792,0
"Dc47935","locus040",0.23384,0.978264,NA,NA,0.855828,NA,0.978264,NA,0.728112,0
"Dc47935","locus041",1,0.15601,NA,NA,1,NA,1,NA,1,0
"Dc47935","locus045",1,1,1,NA,1,NA,1,NA,1,0
"Dc47935","locus047",1,1,NA,NA,1,1,1,NA,1,0
"Dc47935","locus048",1,0.776048,NA,NA,1,NA,0.43106,NA,1,0
"Dc47935","locus053",1,1,NA,NA,1,NA,1,NA,1,0
"Dc47935","locus055",1,1,NA,NA,1,NA,1,NA,1,0
"Dc47935","locus056",1,1,NA,1,1,NA,1,NA,1,0
"Dc47935","locus060",0.650104,0.40756,NA,1,1,NA,0.36726,NA,1,0
"Dc47935","locus061",1,NA,NA,NA,1,1,1,NA,1,0
"Dc47935","locus062",1,1,1,1,1,1,0.455552,NA,1,0
"Dc47935","locus064",1,1,NA,1,1,NA,1,NA,1,0
"Dc47935","locus065",1,1,NA,1,1,NA,1,NA,1,0
"Dc47935","locus073",1,1,NA,1,1,NA,1,NA,1,0
"Dc47935","locus074",1,1,NA,0.862884,1,NA,1,NA,1,0
"Dc47935","locus076",1,1,NA,NA,1,NA,1,NA,1,0
"Dc47935","locus077",1,1,NA,1,1,NA,1,NA,1,0
"Dc47935","locus080",1,1,1,NA,1,NA,0.326232,NA,1,0
"Dc47935","locus083",0.783252,NA,NA,NA,0.538976,NA,0.538976,NA,0.783252,0
"Dc47935","locus088",1,1,NA,NA,1,NA,1,NA,1,0
"Dc47935","locus093",1,1,1,NA,1,NA,1,NA,1,0
"Dc47935","locus096",1,1,NA,NA,1,NA,1,NA,1,0
"Dc47935","locus098",1,1,NA,NA,1,NA,1,NA,1,0
"Dc47935","locus100",0.963234,0.8219,NA,NA,1,NA,0.8219,NA,1,0
"Dc47935","locus106",0.988848,0.65537,NA,NA,1,NA,1,NA,1,0
"Dc47935","locus116",1,0.180216,1,NA,1,NA,1,NA,1,0
"Dc47935","locus119",0.61013,1,NA,NA,1,NA,1,NA,1,0
"Dc47935","locus120",0.104172,0.34744,1,NA,1,NA,0.80044,NA,0.929178,0
"Dc47935","locus128",1,1,NA,1,1,NA,1,NA,1,0
"Dc47935","locus129",0.41148,1,NA,1,1,NA,1,NA,1,0
"Dc47935","locus130",0.787496,NA,NA,NA,0.787496,NA,1,NA,1,0
"Dc47935","locus134",1,0.96373,NA,NA,0.708804,1,1,NA,0.96373,0
"Dc47935","locus135",1,1,1,0.989758,1,NA,1,NA,1,0
"Dc47935","locus137",1,1,NA,0.860184,1,NA,1,NA,0.92788,0
"Dc47935","locus139",1,1,NA,1,1,NA,1,NA,0.812628,0
"Dc47935","locus140",1,1,NA,1,1,NA,1,NA,0.821952,0
"Dc47935","locus146",1,1,NA,1,1,NA,1,NA,1,0
"Dc47935","locus148",1,1,NA,1,1,1,1,NA,1,0
"Dc47935","locus151",1,NA,1,1,1,NA,1,NA,1,0
"Dc47935","locus157",1,NA,NA,NA,1,NA,1,NA,1,0
"Dc47935","locus161",1,1,NA,1,1,1,1,NA,1,0
"Dc47935","locus165",1,0.15829,NA,NA,1,NA,1,NA,1,0
"Dc47935","locus170",1,1,NA,1,1,NA,0.59442,NA,1,0
"Dc47935","locus176",1,NA,1,NA,1,NA,1,NA,1,0
"Dc47935","locus184",0.728624,1,NA,1,1,NA,0.66196,NA,0.550248,0
"Dc47935","locus186",1,1,NA,1,1,NA,1,NA,1,0
"Dc47935","locus188",1,1,NA,NA,1,1,0.612072,NA,1,0
"Dc47935","locus189",0.133728,1,NA,NA,1,NA,1,1,1,0
"Dc47935","locus190",1,1,NA,NA,1,1,0.747936,1,1,0
"Dc47935","locus191",1,NA,NA,NA,1,NA,1,0.99014,1,0
"Dc47935","locus192",1,0.86063,NA,NA,1,1,0.356524,0.851772,1,0
"Dc47935","locus195",1,1,NA,NA,1,NA,0.946368,1,1,0
"Dc47935","locus202",1,1,NA,NA,1,NA,0.959916,1,1,0
"Dc47935","locus215",0.893982,NA,NA,NA,0.893982,NA,0.65284,0.893982,0.26999,0
"Dc47935","locus227",0.812434,1,1,NA,1,NA,1,1,1,0
"Dc47935","locus231",0.403728,0.972868,NA,NA,0.972868,NA,0.16758,NA,0.494472,0
"Dc47935","locus235",1,1,1,NA,1,NA,1,1,0.696878,0
"Dc47935","locus236",1,1,NA,NA,1,NA,1,1,0.81144,0
"Dc47935","locus237",1,0.772056,NA,NA,1,NA,1,0.72151,0.537756,0
"Dc47935","locus239",1,1,1,NA,1,NA,1,0.869036,1,0
"Dc47935","locus248",1,1,NA,NA,1,NA,1,1,1,0
"Dc47935","locus256",1,0.077112,1,NA,1,NA,1,NA,1,0
"Dc47935","locus263",1,1,NA,NA,1,NA,1,NA,1,0
"Dc47935","locus264",1,1,NA,NA,1,NA,1,NA,1,0
"Dc47935","locus274",1,1,NA,NA,1,1,1,NA,1,0
"Dc47935","locus280",1,1,NA,NA,1,NA,1,NA,1,0
"Dc47935","locus282",1,1,NA,NA,1,1,1,NA,1,0
"Dc47935","locus286",1,1,NA,NA,1,1,1,NA,1,0
"Dc47935","locus291",1,1,NA,NA,1,NA,1,NA,1,0
"Dc47935","locus292",1,1,NA,NA,1,1,1,NA,1,0
"Dc47935","locus296",1,0.931686,NA,NA,1,NA,0.12387,NA,0.3692,0
"Dc47935","locus301",1,1,NA,NA,1,NA,1,NA,1,0
"Dc47935","locus314",1,1,NA,NA,0.48088,NA,1,NA,1,0
"Dc47935","locus321",1,1,NA,NA,1,NA,1,NA,1,0
"Dc47935","locus322",0.90058,0.936132,NA,NA,1,NA,0.90058,NA,1,0
"Dc47935","locus323",1,1,1,NA,0.513648,NA,1,NA,1,0
"Dc47935","locus329",1,1,NA,NA,1,NA,1,NA,1,0
"Dc47935","locus332",1,1,NA,NA,1,NA,1,NA,1,0
"Dc47935","locus358",1,0.603252,NA,NA,1,1,1,NA,1,0
"Dc47935","locus359",1,1,NA,NA,1,NA,1,NA,1,0
"Dc47935","locus360",1,1,1,NA,0.58036,NA,0.48258,NA,1,0
"Dc48207","Dc48950",1,1,1,NA,1,NA,1,1,1,0
"Dc48207","Dc49080",1,1,NA,NA,1,NA,1,1,1,0
"Dc48207","Dc49184",1,1,NA,NA,1,NA,0.52836,1,1,0
"Dc48207","Dc51020",1,1,NA,NA,1,NA,1,1,1,0
"Dc48207","Dc52523",1,1,NA,NA,1,NA,1,1,1,0
"Dc48207","Dc55481",1,1,NA,1,1,NA,1,NA,1,0
"Dc48207","Dc58248",0.321084,1,NA,1,1,NA,1,NA,1,0
"Dc48207","Dc62188",1,1,1,1,1,NA,1,NA,0.580062,0
"Dc48207","Dc67011",1,1,NA,1,1,NA,1,NA,1,0
"Dc48207","locus003",0.551988,1,NA,1,1,NA,1,NA,1,0
"Dc48207","locus004",1,1,NA,1,1,NA,1,NA,1,0
"Dc48207","locus005",1,1,NA,1,1,NA,1,NA,1,0
"Dc48207","locus006",0.748706,1,1,1,1,NA,1,NA,1,0
"Dc48207","locus008",1,1,NA,1,1,1,1,NA,1,0
"Dc48207","locus013",1,1,NA,1,1,NA,1,NA,1,0
"Dc48207","locus014",1,1,NA,1,1,NA,1,NA,1,0
"Dc48207","locus022",0.953696,0.7832,NA,1,1,NA,0.30618,NA,1,0
"Dc48207","locus024",1,1,NA,1,1,NA,1,NA,1,0
"Dc48207","locus025",1,0.76036,NA,NA,1,NA,0.71449,NA,1,0
"Dc48207","locus027",1,0.50049,NA,NA,1,NA,NA,NA,NA,0
"Dc48207","locus030",1,1,NA,NA,1,NA,1,NA,1,0
"Dc48207","locus035",1,1,NA,NA,1,1,1,NA,1,0
"Dc48207","locus038",1,1,NA,NA,1,NA,1,NA,1,0
"Dc48207","locus039",1,1,NA,NA,1,NA,1,NA,1,0
"Dc48207","locus040",1,1,NA,NA,1,NA,0.17446,NA,1,0
"Dc48207","locus041",1,1,1,NA,1,NA,1,NA,1,0
"Dc48207","locus045",1,1,NA,NA,1,NA,0.35772,NA,1,0
"Dc48207","locus047",1,0.872172,1,NA,1,NA,1,NA,1,0
"Dc48207","locus048",1,0.99707,NA,NA,1,NA,1,NA,1,0
"Dc48207","locus053",1,0.73408,NA,NA,1,NA,1,NA,1,0
"Dc48207","locus055",1,0.6648,NA,NA,1,NA,1,NA,1,0
"Dc48207","locus056",1,1,NA,1,1,NA,1,NA,1,0
"Dc48207","locus058",1,1,NA,1,1,NA,1,NA,1,0
"Dc48207","locus060",1,0.211056,NA,1,1,NA,1,NA,1,0
"Dc48207","locus061",1,NA,NA,NA,1,NA,0.26764,NA,1,0
"Dc48207","locus062",1,1,NA,1,1,NA,1,NA,1,0
"Dc48207","locus064",1,1,NA,1,1,NA,1,NA,1,0
"Dc48207","locus065",1,1,NA,1,1,NA,0.505716,NA,0.84224,0
"Dc48207","locus073",1,1,NA,1,1,NA,1,NA,1,0
"Dc48207","locus074",1,0.61506,NA,1,1,NA,1,NA,1,0
"Dc48207","locus076",1,1,NA,NA,1,NA,1,NA,1,0
"Dc48207","locus077",1,1,NA,1,1,NA,1,NA,1,0
"Dc48207","locus080",1,0.84044,NA,NA,1,NA,1,NA,1,0
"Dc48207","locus083",1,NA,NA,NA,1,NA,1,NA,1,0
"Dc48207","locus088",1,1,NA,NA,1,NA,1,NA,1,0
"Dc48207","locus093",1,1,1,NA,1,NA,1,NA,1,0
"Dc48207","locus096",1,1,NA,NA,1,NA,1,NA,1,0
"Dc48207","locus098",1,1,NA,NA,1,1,1,NA,1,0
"Dc48207","locus100",1,0.34307,NA,NA,1,NA,1,NA,1,0
"Dc48207","locus106",1,1,NA,NA,1,NA,1,NA,1,0
"Dc48207","locus116",1,1,NA,NA,1,NA,1,NA,1,0
"Dc48207","locus119",1,1,NA,NA,1,NA,1,NA,1,0
"Dc48207","locus120",1,1,NA,NA,1,NA,1,NA,1,0
"Dc48207","locus128",1,1,1,1,1,NA,1,NA,1,0
"Dc48207","locus129",1,1,NA,1,1,NA,1,NA,1,0
"Dc48207","locus130",1,NA,NA,NA,1,NA,1,NA,1,0
"Dc48207","locus134",1,1,NA,NA,1,1,1,NA,1,0
"Dc48207","locus135",1,1,NA,1,1,NA,1,NA,1,0
"Dc48207","locus137",1,1,NA,1,1,NA,1,NA,1,0
"Dc48207","locus139",1,1,NA,1,1,NA,1,NA,1,0
"Dc48207","locus140",1,1,NA,1,1,NA,1,NA,1,0
"Dc48207","locus146",1,1,NA,1,1,NA,1,NA,1,0
"Dc48207","locus148",1,1,1,1,1,NA,1,NA,0.586194,0
"Dc48207","locus151",1,NA,NA,1,1,1,1,NA,1,0
"Dc48207","locus157",1,NA,NA,NA,1,NA,1,NA,1,0
"Dc48207","locus161",0.23382,1,NA,1,1,NA,1,NA,1,0
"Dc48207","locus165",1,1,NA,NA,1,NA,1,NA,1,0
"Dc48207","locus170",1,0.791424,NA,1,1,NA,0.80815,NA,1,0
"Dc48207","locus176",1,NA,NA,NA,1,NA,1,NA,1,0
"Dc48207","locus184",1,1,NA,1,1,NA,1,NA,1,0
"Dc48207","locus186",0.940932,0.96302,NA,1,1,NA,1,NA,1,0
"Dc48207","locus188",1,1,NA,NA,1,NA,1,NA,1,0
"Dc48207","locus189",1,1,NA,NA,1,NA,1,1,1,0
"Dc48207","locus190",0.513576,1,NA,NA,1,NA,1,1,1,0
"Dc48207","locus191",1,NA,NA,NA,1,NA,1,1,1,0
"Dc48207","locus192",1,1,NA,NA,1,NA,1,1,0.996924,0
"Dc48207","locus195",1,1,NA,NA,1,NA,1,1,1,0
"Dc48207","locus202",1,1,NA,NA,1,NA,1,1,1,0
"Dc48207","locus215",1,NA,NA,NA,1,NA,1,1,1,0
"Dc48207","locus227",1,1,1,NA,1,1,1,1,1,0
"Dc48207","locus231",1,1,1,NA,1,NA,1,NA,1,0
"Dc48207","locus235",1,1,NA,NA,1,NA,0.591756,1,1,0
"Dc48207","locus236",1,1,NA,NA,1,NA,1,1,1,0
"Dc48207","locus237",1,1,NA,NA,1,NA,0.618216,1,1,0
"Dc48207","locus239",0.435264,1,NA,NA,1,NA,1,1,0.84076,0
"Dc48207","locus248",1,1,NA,NA,1,NA,1,1,1,0
"Dc48207","locus256",1,1,NA,NA,1,NA,0.75481,NA,1,0
"Dc48207","locus263",1,1,NA,NA,1,NA,1,NA,1,0
"Dc48207","locus264",1,1,NA,NA,1,NA,0.59901,NA,1,0
"Dc48207","locus274",1,1,NA,NA,1,NA,1,NA,1,0
"Dc48207","locus280",1,0.93559,NA,NA,1,NA,1,NA,1,0
"Dc48207","locus282",1,1,NA,NA,1,NA,1,NA,1,0
"Dc48207","locus286",1,1,NA,NA,1,NA,1,NA,1,0
"Dc48207","locus291",1,1,NA,NA,1,1,1,NA,1,0
"Dc48207","locus292",1,1,1,NA,1,NA,1,NA,1,0
"Dc48207","locus296",1,1,NA,NA,1,NA,1,NA,1,0
"Dc48207","locus301",1,1,NA,NA,1,NA,1,NA,1,0
"Dc48207","locus314",1,1,NA,NA,1,NA,1,NA,1,0
"Dc48207","locus321",1,1,1,NA,1,NA,1,NA,1,0
"Dc48207","locus322",1,1,NA,NA,1,NA,1,NA,1,0
"Dc48207","locus323",1,1,NA,NA,1,NA,0.59083,NA,1,0
"Dc48207","locus329",0.23584,1,NA,NA,1,NA,1,NA,1,0
"Dc48207","locus332",1,1,NA,NA,1,NA,1,NA,1,0
"Dc48207","locus358",1,1,NA,NA,1,NA,1,NA,1,0
"Dc48207","locus359",1,1,NA,NA,1,NA,1,NA,1,0
"Dc48207","locus360",1,1,NA,NA,1,NA,1,NA,1,0
"Dc48950","Dc49080",1,1,NA,NA,1,NA,1,0.879348,1,0
"Dc48950","Dc49184",1,0.0567,NA,NA,1,NA,1,1,1,0
"Dc48950","Dc51020",1,1,NA,NA,1,NA,1,1,1,0
"Dc48950","Dc52523",1,1,NA,NA,1,NA,1,1,1,0
"Dc48950","Dc55481",0.419832,1,NA,1,1,NA,1,NA,1,0
"Dc48950","Dc62188",1,1,1,1,1,NA,1,NA,1,0
"Dc48950","Dc67011",0.72207,1,NA,1,1,NA,0.712092,NA,1,0
"Dc48950","locus003",1,0.81252,NA,1,1,NA,1,NA,0.81252,0
"Dc48950","locus004",1,1,NA,1,1,NA,0.550068,NA,1,0
"Dc48950","locus005",0.833148,1,NA,1,1,NA,1,NA,1,0
"Dc48950","locus006",1,1,1,1,1,NA,1,NA,0.567056,0
"Dc48950","locus008",1,1,NA,1,1,1,1,NA,0.537096,0
"Dc48950","locus013",1,1,NA,0.102708,1,NA,1,NA,0.11223,0
"Dc48950","locus014",0.296844,1,NA,1,1,NA,1,NA,1,0
"Dc48950","locus022",1,0.586392,NA,1,1,NA,1,NA,1,0
"Dc48950","locus024",1,1,NA,1,1,NA,1,NA,1,0
"Dc48950","locus025",1,1,NA,NA,1,NA,1,NA,0.79271,0
"Dc48950","locus027",1,1,NA,NA,1,NA,NA,NA,NA,0
"Dc48950","locus030",1,1,NA,NA,1,NA,1,NA,1,0
"Dc48950","locus035",0.35475,0.2565,NA,NA,1,1,1,NA,1,0
"Dc48950","locus038",1,0.1384,NA,NA,1,NA,1,NA,1,0
"Dc48950","locus039",0.6451,0.2878,NA,NA,1,NA,0.52188,NA,0.2878,0
"Dc48950","locus040",1,1,NA,NA,1,NA,1,NA,1,0
"Dc48950","locus041",1,1,1,NA,1,NA,1,NA,0.614928,0
"Dc48950","locus045",0.889552,0.889552,NA,NA,0.853896,NA,0.184312,NA,0.05593,0
"Dc48950","locus047",1,0.844992,1,NA,1,NA,1,NA,1,0
"Dc48950","locus048",1,1,NA,NA,1,NA,1,NA,1,0
"Dc48950","locus053",0.48515,0.48515,NA,NA,1,NA,1,NA,0.48515,0
"Dc48950","locus055",1,1,NA,NA,1,NA,1,NA,1,0
"Dc48950","locus056",1,1,NA,1,1,NA,1,NA,0.96102,0
"Dc48950","locus058",0.050136,1,NA,1,1,NA,1,NA,1,0
"Dc48950","locus060",0.502632,1,NA,1,1,NA,1,NA,0.5858,0
"Dc48950","locus061",1,NA,NA,NA,1,NA,0.072848,NA,0.197424,0
"Dc48950","locus062",0.91537,1,NA,0.29394,1,NA,1,NA,1,0
"Dc48950","locus064",1,0.616488,NA,1,1,NA,1,NA,1,0
"Dc48950","locus065",1,1,NA,1,1,NA,1,NA,1,0
"Dc48950","locus073",1,1,NA,1,1,NA,1,NA,1,0
"Dc48950","locus074",1,1,NA,1,1,NA,0.220044,NA,1,0
"Dc48950","locus076",0.471864,0.4335,NA,NA,1,NA,1,NA,1,0
"Dc48950","locus077",1,0.837408,NA,1,1,NA,1,NA,0.837408,0
"Dc48950","locus080",1,1,NA,NA,1,NA,1,NA,1,0
"Dc48950","locus083",1,NA,NA,NA,1,NA,1,NA,1,0
"Dc48950","locus088",1,1,NA,NA,1,NA,0.2937,NA,0.608096,0
"Dc48950","locus093",1,1,1,NA,1,NA,1,NA,1,0
"Dc48950","locus096",1,1,NA,NA,1,NA,1,NA,0.37041,0
"Dc48950","locus098",1,1,NA,NA,1,1,1,NA,0.93966,0
"Dc48950","locus100",1,1,NA,NA,1,NA,0.78619,NA,1,0
"Dc48950","locus106",1,1,NA,NA,1,NA,1,NA,1,0
"Dc48950","locus116",0.50658,1,NA,NA,1,NA,0.728142,NA,0.50658,0
"Dc48950","locus119",0.848214,0.838104,NA,NA,0.848214,NA,0.848214,NA,0.30789,0
"Dc48950","locus120",0.200616,0.411768,NA,NA,0.771388,NA,0.771388,NA,0.1503,0
"Dc48950","locus128",1,1,1,1,1,NA,1,NA,1,0
"Dc48950","locus130",0.853128,NA,NA,NA,1,NA,1,NA,1,0
"Dc48950","locus134",0.177432,0.71384,NA,NA,1,1,1,NA,1,0
"Dc48950","locus135",1,1,NA,1,1,NA,1,NA,1,0
"Dc48950","locus137",1,1,NA,1,1,NA,1,NA,1,0
"Dc48950","locus139",1,1,NA,1,1,NA,1,NA,1,0
"Dc48950","locus140",1,1,NA,1,1,NA,1,NA,1,0
"Dc48950","locus146",1,1,NA,1,1,NA,1,NA,1,0
"Dc48950","locus148",1,0.54712,1,1,1,NA,1,NA,1,0
"Dc48950","locus151",1,NA,NA,1,1,1,1,NA,1,0
"Dc48950","locus157",0.15788,NA,NA,NA,1,NA,1,NA,1,0
"Dc48950","locus161",0.757,1,NA,0.575484,1,NA,1,NA,1,0
"Dc48950","locus165",0.509104,0.509104,NA,NA,1,NA,0.24979,NA,1,0
"Dc48950","locus170",1,1,NA,1,1,NA,0.084696,NA,1,0
"Dc48950","locus176",1,NA,NA,NA,1,NA,1,NA,0.212064,0
"Dc48950","locus184",1,0.71818,NA,1,1,NA,1,NA,0.463608,0
"Dc48950","locus186",1,1,NA,1,1,NA,1,NA,0.361176,0
"Dc48950","locus188",0.5779,1,NA,NA,1,NA,1,NA,1,0
"Dc48950","locus189",1,0.97062,NA,NA,1,NA,0.26742,0.97062,0.97062,0
"Dc48950","locus190",1,0.306048,NA,NA,1,NA,0.34351,1,1,0
"Dc48950","locus191",1,NA,NA,NA,1,NA,1,0.58243,1,0
"Dc48950","locus192",1,1,NA,NA,1,NA,1,0.860256,1,0
"Dc48950","locus195",0.87834,1,NA,NA,1,NA,1,1,1,0
"Dc48950","locus202",0.474408,1,NA,NA,1,NA,1,1,1,0
"Dc48950","locus215",1,NA,NA,NA,1,NA,0.21114,1,1,0
"Dc48950","locus227",0.568048,1,1,NA,1,1,1,1,1,0
"Dc48950","locus231",1,1,1,NA,1,NA,1,NA,0.4446,0
"Dc48950","locus235",1,1,NA,NA,1,NA,1,1,1,0
"Dc48950","locus236",1,0.060888,NA,NA,1,NA,1,1,1,0
"Dc48950","locus237",1,1,NA,NA,1,NA,1,1,1,0
"Dc48950","locus239",1,1,NA,NA,1,NA,1,1,1,0
"Dc48950","locus248",1,1,NA,NA,1,NA,1,1,1,0
"Dc48950","locus256",1,1,NA,NA,1,NA,1,NA,0.06709,0
"Dc48950","locus263",1,1,NA,NA,1,NA,1,NA,1,0
"Dc48950","locus264",1,1,NA,NA,1,NA,1,NA,1,0
"Dc48950","locus274",1,0.356968,NA,NA,1,NA,0.20245,NA,1,0
"Dc48950","locus280",1,1,NA,NA,1,NA,1,NA,1,0
"Dc48950","locus282",1,1,NA,NA,1,NA,1,NA,1,0
"Dc48950","locus286",0.75525,1,NA,NA,1,NA,1,NA,1,0
"Dc48950","locus291",1,1,NA,NA,1,1,1,NA,1,0
"Dc48950","locus292",0.801372,1,1,NA,1,NA,1,NA,1,0
"Dc48950","locus296",1,0.49289,NA,NA,1,NA,1,NA,1,0
"Dc48950","locus301",1,0.05689,NA,NA,1,NA,1,NA,1,0
"Dc48950","locus314",1,1,NA,NA,1,NA,1,NA,1,0
"Dc48950","locus321",1,1,1,NA,1,NA,1,NA,1,0
"Dc48950","locus322",1,1,NA,NA,1,NA,1,NA,1,0
"Dc48950","locus323",0.47962,0.637852,NA,NA,0.433344,NA,0.27623,NA,0.27623,0
"Dc48950","locus332",0.42129,1,NA,NA,1,NA,1,NA,0.475408,0
"Dc48950","locus358",1,1,NA,NA,1,NA,1,NA,1,0
"Dc48950","locus359",1,1,NA,NA,1,NA,1,NA,1,0
"Dc48950","locus360",1,0.44946,NA,NA,1,NA,1,NA,1,0
"Dc49080","Dc49184",1,1,NA,NA,1,NA,1,1,1,0
"Dc49080","Dc51020",1,1,NA,NA,1,NA,1,1,1,0
"Dc49080","Dc52523",1,1,NA,NA,1,NA,1,1,1,0
"Dc49080","Dc55481",0.666648,1,NA,1,1,NA,1,NA,1,0
"Dc49080","Dc58248",1,0.056376,NA,1,1,NA,1,NA,1,0
"Dc49080","Dc62188",1,1,NA,1,1,NA,0.22254,NA,1,0
"Dc49080","Dc67011",1,1,NA,1,1,NA,1,NA,0.222996,0
"Dc49080","locus003",1,0.983004,NA,1,1,NA,1,NA,1,0
"Dc49080","locus004",1,0.731312,NA,0.72276,1,NA,0.16206,NA,1,0
"Dc49080","locus005",1,1,NA,1,1,NA,1,NA,1,0
"Dc49080","locus006",1,0.863076,1,1,1,NA,0.687316,NA,1,0
"Dc49080","locus008",1,1,NA,1,1,NA,1,NA,1,0
"Dc49080","locus013",1,0.43827,NA,0.582272,1,NA,0.78555,NA,0.184044,0
"Dc49080","locus014",1,1,NA,1,1,NA,1,NA,1,0
"Dc49080","locus022",1,0.800744,NA,1,1,1,1,NA,1,0
"Dc49080","locus024",1,1,NA,1,1,NA,1,NA,0.600972,0
"Dc49080","locus025",1,1,NA,NA,1,NA,0.40678,NA,1,0
"Dc49080","locus027",1,1,1,NA,0.79872,NA,NA,NA,NA,0
"Dc49080","locus030",1,0.15344,NA,NA,1,NA,1,NA,1,0
"Dc49080","locus035",1,0.64818,NA,NA,1,1,0.64818,NA,1,0
"Dc49080","locus038",1,1,NA,NA,1,NA,1,NA,1,0
"Dc49080","locus039",1,1,NA,NA,1,NA,0.7599,NA,1,0
"Dc49080","locus040",1,0.814688,NA,NA,1,NA,0.78356,NA,1,0
"Dc49080","locus041",0.138408,0.96582,1,NA,1,NA,0.31826,NA,0.48208,0
"Dc49080","locus045",1,1,NA,NA,1,NA,1,NA,1,0
"Dc49080","locus047",0.19614,1,1,NA,1,NA,1,NA,1,0
"Dc49080","locus048",1,1,NA,NA,1,NA,1,NA,1,0
"Dc49080","locus053",1,1,NA,NA,1,NA,1,NA,1,0
"Dc49080","locus055",1,1,NA,NA,1,NA,1,NA,1,0
"Dc49080","locus056",1,1,NA,1,1,NA,1,NA,1,0
"Dc49080","locus058",1,1,NA,1,1,1,0.322854,NA,1,0
"Dc49080","locus060",0.806532,1,NA,1,1,NA,1,NA,1,0
"Dc49080","locus061",1,NA,1,NA,1,NA,1,NA,1,0
"Dc49080","locus062",1,1,NA,1,1,NA,1,NA,1,0
"Dc49080","locus064",1,1,NA,1,1,NA,1,NA,1,0
"Dc49080","locus065",1,1,NA,1,1,NA,0.705516,NA,1,0
"Dc49080","locus073",1,1,NA,1,1,1,1,NA,1,0
"Dc49080","locus074",0.591668,1,NA,1,1,1,1,NA,1,0
"Dc49080","locus076",0.865506,0.06848,NA,NA,0.866092,NA,0.866092,NA,0.05848,0
"Dc49080","locus077",1,1,NA,1,1,NA,1,NA,1,0
"Dc49080","locus080",1,1,NA,NA,1,NA,1,NA,1,0
"Dc49080","locus083",0.897576,NA,NA,NA,1,NA,1,NA,1,0
"Dc49080","locus088",1,0.27444,NA,NA,0.71586,1,0.71586,NA,1,0
"Dc49080","locus093",1,1,1,NA,1,NA,1,NA,1,0
"Dc49080","locus096",1,0.16935,NA,NA,1,NA,1,NA,1,0
"Dc49080","locus098",0.24864,1,NA,NA,1,NA,1,NA,1,0
"Dc49080","locus106",1,1,NA,NA,1,NA,1,NA,1,0
"Dc49080","locus116",0.63231,1,NA,NA,0.63231,NA,0.749508,NA,1,0
"Dc49080","locus120",1,1,NA,NA,1,NA,0.05806,NA,1,0
"Dc49080","locus128",0.609378,1,1,1,1,NA,1,NA,1,0
"Dc49080","locus129",1,1,NA,1,1,1,1,NA,1,0
"Dc49080","locus130",1,NA,NA,NA,1,NA,1,NA,1,0
"Dc49080","locus134",1,0.26593,1,NA,1,1,0.606384,NA,1,0
"Dc49080","locus135",1,1,NA,1,1,1,1,NA,1,0
"Dc49080","locus137",0.59058,0.51018,NA,1,1,NA,1,NA,1,0
"Dc49080","locus139",0.362824,0.835128,NA,1,1,1,1,NA,1,0
"Dc49080","locus140",0.374584,0.820572,NA,1,1,1,1,NA,1,0
"Dc49080","locus146",1,0.212712,NA,1,1,1,0.124936,NA,0.38395,0
"Dc49080","locus148",1,1,1,1,1,NA,1,NA,0.892682,0
"Dc49080","locus151",1,NA,NA,1,1,NA,1,NA,1,0
"Dc49080","locus157",0.786176,NA,NA,NA,1,NA,1,NA,1,0
"Dc49080","locus161",1,0.98454,NA,1,1,NA,1,NA,1,0
"Dc49080","locus165",0.41652,1,NA,NA,0.33733,NA,1,NA,1,0
"Dc49080","locus170",1,1,NA,1,1,NA,1,NA,1,0
"Dc49080","locus176",1,NA,NA,NA,1,1,0.93447,NA,1,0
"Dc49080","locus184",1,1,NA,1,1,NA,1,NA,1,0
"Dc49080","locus186",1,1,NA,1,1,NA,1,NA,1,0
"Dc49080","locus188",0.798584,1,NA,NA,1,NA,1,NA,0.09163,0
"Dc49080","locus189",1,1,NA,NA,1,NA,0.952032,1,1,0
"Dc49080","locus190",1,1,NA,NA,0.232368,NA,1,1,1,0
"Dc49080","locus191",0.76316,NA,NA,NA,0.60964,NA,0.60964,0.4699,0.76316,0
"Dc49080","locus192",1,0.59504,NA,NA,1,NA,1,0.27984,1,0
"Dc49080","locus195",1,1,NA,NA,1,NA,1,1,1,0
"Dc49080","locus202",1,1,NA,NA,1,NA,1,0.70918,0.17898,0
"Dc49080","locus215",0.934448,NA,NA,NA,0.934448,NA,0.934448,0.70993,0.934448,0
"Dc49080","locus227",1,1,1,NA,1,NA,1,1,1,0
"Dc49080","locus231",1,0.910144,NA,NA,1,NA,1,NA,0.43438,0
"Dc49080","locus235",1,1,NA,NA,1,NA,1,1,1,0
"Dc49080","locus236",1,1,NA,NA,0.17286,NA,1,1,1,0
"Dc49080","locus237",1,1,NA,NA,1,NA,1,1,0.82668,0
"Dc49080","locus239",1,1,NA,NA,1,NA,1,1,1,0
"Dc49080","locus248",1,1,NA,NA,1,NA,1,1,1,0
"Dc49080","locus256",1,1,NA,NA,1,1,1,NA,1,0
"Dc49080","locus263",0.23887,1,NA,NA,1,NA,1,NA,1,0
"Dc49080","locus264",1,1,NA,NA,1,NA,1,NA,1,0
"Dc49080","locus274",0.28719,1,NA,NA,1,NA,1,NA,1,0
"Dc49080","locus280",1,1,NA,NA,1,NA,1,NA,0.8422,0
"Dc49080","locus282",1,1,NA,NA,1,NA,1,NA,1,0
"Dc49080","locus286",1,1,NA,NA,1,NA,1,NA,1,0
"Dc49080","locus291",0.31968,1,NA,NA,0.712068,NA,0.353432,NA,1,0
"Dc49080","locus292",1,1,1,NA,0.354612,NA,1,NA,1,0
"Dc49080","locus296",1,1,NA,NA,1,NA,0.43151,NA,1,0
"Dc49080","locus301",1,0.473816,NA,NA,0.32755,NA,1,NA,1,0
"Dc49080","locus314",0.822816,0.81304,NA,NA,0.855352,NA,0.823938,NA,0.855352,0
"Dc49080","locus321",1,1,1,NA,1,NA,1,NA,1,0
"Dc49080","locus322",1,1,NA,NA,1,1,1,NA,1,0
"Dc49080","locus323",0.68444,1,NA,NA,1,1,0.16362,NA,1,0
"Dc49080","locus329",1,1,NA,NA,1,NA,1,NA,1,0
"Dc49080","locus332",1,1,NA,NA,1,NA,1,NA,1,0
"Dc49080","locus358",1,1,NA,NA,1,NA,0.44199,NA,1,0
"Dc49080","locus359",0.783258,0.41623,NA,NA,1,NA,1,NA,0.533656,0
"Dc49080","locus360",1,1,NA,NA,1,1,1,NA,1,0
"Dc49184","Dc51020",1,1,NA,NA,0.851076,NA,0.96344,1,0.988816,0
"Dc49184","Dc52523",1,1,NA,NA,1,NA,1,1,1,0
"Dc49184","Dc55481",1,0.120384,NA,1,0.24023,NA,1,NA,1,0
"Dc49184","Dc58248",1,1,NA,1,1,NA,1,NA,1,0
"Dc49184","Dc62188",1,1,NA,1,1,NA,1,NA,1,0
"Dc49184","Dc67011",1,1,NA,1,1,NA,1,NA,1,0
"Dc49184","locus003",1,1,NA,1,1,NA,1,NA,1,0
"Dc49184","locus004",1,1,NA,1,1,NA,1,NA,1,0
"Dc49184","locus005",1,1,NA,1,1,NA,1,NA,1,0
"Dc49184","locus006",1,1,1,1,1,NA,0.11858,NA,1,0
"Dc49184","locus008",1,1,NA,1,1,NA,0.47101,NA,0.460968,0
"Dc49184","locus014",1,0.359052,NA,1,1,NA,1,NA,1,0
"Dc49184","locus022",1,1,NA,1,1,1,1,NA,1,0
"Dc49184","locus024",1,1,NA,1,1,NA,1,NA,1,0
"Dc49184","locus025",0.89276,1,NA,NA,1,NA,1,NA,1,0
"Dc49184","locus027",0.726176,0.36528,NA,NA,0.666456,NA,NA,NA,NA,0
"Dc49184","locus030",1,1,NA,NA,1,NA,0.53179,NA,1,0
"Dc49184","locus035",1,0.6384,NA,NA,1,1,1,NA,1,0
"Dc49184","locus038",1,1,NA,NA,1,NA,0.98036,NA,1,0
"Dc49184","locus040",1,1,NA,NA,1,NA,1,NA,1,0
"Dc49184","locus041",1,1,NA,NA,1,NA,0.82546,NA,1,0
"Dc49184","locus045",1,1,NA,NA,1,NA,0.15858,NA,1,0
"Dc49184","locus048",0.90898,1,NA,NA,1,NA,1,NA,1,0
"Dc49184","locus053",0.975456,0.58503,NA,NA,1,NA,1,NA,0.58503,0
"Dc49184","locus055",0.725944,0.16529,NA,NA,1,NA,1,NA,1,0
"Dc49184","locus056",1,1,NA,1,1,1,1,NA,0.229866,0
"Dc49184","locus058",0.872956,0.899988,NA,1,1,1,1,NA,0.899988,0
"Dc49184","locus060",1,1,NA,1,1,NA,1,NA,1,0
"Dc49184","locus061",0.563622,NA,NA,NA,0.576056,NA,0.069472,NA,0.63654,0
"Dc49184","locus062",1,1,NA,1,1,NA,1,NA,1,0
"Dc49184","locus064",0.50775,0.123516,NA,1,1,NA,1,NA,1,0
"Dc49184","locus065",1,1,NA,1,1,NA,1,NA,1,0
"Dc49184","locus073",1,1,NA,1,1,1,1,NA,1,0
"Dc49184","locus074",1,1,NA,1,1,1,1,NA,1,0
"Dc49184","locus076",1,1,NA,NA,1,NA,1,NA,1,0
"Dc49184","locus077",1,1,NA,1,1,NA,1,NA,1,0
"Dc49184","locus080",1,0.87107,NA,NA,1,NA,1,NA,1,0
"Dc49184","locus083",1,NA,NA,NA,1,NA,1,NA,1,0
"Dc49184","locus088",1,1,NA,NA,1,1,1,NA,1,0
"Dc49184","locus093",1,1,1,NA,1,NA,1,NA,1,0
"Dc49184","locus096",1,1,NA,NA,1,NA,1,NA,1,0
"Dc49184","locus098",1,1,NA,NA,1,NA,1,NA,1,0
"Dc49184","locus100",1,1,NA,NA,1,NA,0.34595,NA,0.872256,0
"Dc49184","locus106",1,1,NA,NA,1,NA,1,NA,1,0
"Dc49184","locus116",1,1,NA,NA,1,NA,1,NA,0.81906,0
"Dc49184","locus119",1,0.48451,NA,NA,1,NA,1,NA,1,0
"Dc49184","locus120",1,1,NA,NA,1,NA,1,NA,1,0
"Dc49184","locus128",1,1,NA,1,1,NA,0.998184,NA,1,0
"Dc49184","locus129",1,0.914326,NA,1,1,1,1,NA,1,0
"Dc49184","locus130",0.973792,NA,NA,NA,0.973792,NA,0.973792,NA,0.973792,0
"Dc49184","locus134",1,1,NA,NA,1,1,1,NA,1,0
"Dc49184","locus135",1,1,NA,1,1,NA,1,NA,1,0
"Dc49184","locus137",1,1,NA,1,1,NA,1,NA,1,0
"Dc49184","locus139",1,0.622398,NA,1,1,1,1,NA,1,0
"Dc49184","locus140",1,0.627746,NA,1,1,1,1,NA,1,0
"Dc49184","locus146",0.476988,1,NA,1,1,1,0.207676,NA,1,0
"Dc49184","locus148",1,1,1,1,1,NA,0.487984,NA,1,0
"Dc49184","locus151",1,NA,NA,1,1,NA,1,NA,1,0
"Dc49184","locus157",0.607578,NA,NA,NA,1,NA,0.607578,NA,0.154216,0
"Dc49184","locus161",0.134352,1,NA,1,1,NA,1,NA,1,0
"Dc49184","locus165",1,1,NA,NA,1,NA,1,NA,1,0
"Dc49184","locus170",1,0.75326,NA,1,1,NA,0.345948,NA,1,0
"Dc49184","locus176",1,NA,NA,NA,1,1,0.54662,NA,1,0
"Dc49184","locus184",1,1,NA,1,1,NA,1,NA,0.659832,0
"Dc49184","locus186",1,1,NA,1,1,NA,0.15804,NA,1,0
"Dc49184","locus188",1,1,NA,NA,1,NA,1,NA,1,0
"Dc49184","locus189",1,1,NA,NA,1,NA,1,1,1,0
"Dc49184","locus190",1,1,NA,NA,1,NA,1,1,0.741864,0
"Dc49184","locus191",1,NA,NA,NA,1,NA,0.69584,1,1,0
"Dc49184","locus192",1,1,NA,NA,1,NA,1,1,1,0
"Dc49184","locus195",1,1,NA,NA,1,NA,1,1,1,0
"Dc49184","locus202",1,1,NA,NA,1,NA,1,1,1,0
"Dc49184","locus215",1,NA,NA,NA,1,NA,1,1,1,0
"Dc49184","locus227",1,1,1,NA,1,NA,1,1,1,0
"Dc49184","locus231",1,1,NA,NA,1,NA,1,NA,1,0
"Dc49184","locus235",1,1,NA,NA,1,NA,0.729072,1,1,0
"Dc49184","locus236",1,1,NA,NA,1,NA,1,1,1,0
"Dc49184","locus237",1,1,NA,NA,1,NA,1,1,1,0
"Dc49184","locus239",1,1,NA,NA,1,NA,1,1,1,0
"Dc49184","locus248",0.663492,0.736952,NA,NA,1,NA,0.663492,1,1,0
"Dc49184","locus256",1,1,NA,NA,1,1,0.712548,NA,1,0
"Dc49184","locus263",1,1,1,NA,1,NA,1,NA,1,0
"Dc49184","locus264",0.18651,1,NA,NA,1,NA,1,NA,1,0
"Dc49184","locus274",1,1,NA,NA,1,NA,1,NA,1,0
"Dc49184","locus280",1,1,NA,NA,0.57462,1,1,NA,1,0
"Dc49184","locus282",1,1,NA,NA,1,NA,1,NA,1,0
"Dc49184","locus286",1,1,NA,NA,1,NA,1,NA,1,0
"Dc49184","locus291",0.64227,1,NA,NA,1,NA,1,NA,1,0
"Dc49184","locus292",1,1,1,NA,1,NA,0.5202,NA,1,0
"Dc49184","locus296",1,1,NA,NA,1,NA,1,NA,1,0
"Dc49184","locus301",1,1,1,NA,1,NA,1,NA,1,0
"Dc49184","locus314",1,1,NA,NA,1,NA,1,NA,1,0
"Dc49184","locus321",1,1,1,NA,1,NA,1,NA,1,0
"Dc49184","locus322",1,1,NA,NA,1,1,0.69462,NA,1,0
"Dc49184","locus323",1,1,NA,NA,1,NA,0.25935,NA,1,0
"Dc49184","locus329",1,1,NA,NA,1,NA,1,NA,1,0
"Dc49184","locus332",1,1,NA,NA,1,NA,1,NA,1,0
"Dc49184","locus358",1,1,NA,NA,0.7137,NA,1,NA,1,0
"Dc49184","locus359",1,1,NA,NA,1,NA,1,NA,0.99474,0
"Dc49184","locus360",0.531872,0.670964,NA,NA,0.670964,NA,0.15053,NA,0.531872,0
"Dc51020","Dc52523",1,1,NA,NA,1,NA,1,1,1,0
"Dc51020","Dc55481",1,1,NA,1,0.70979,NA,0.5682,NA,0.766816,0
"Dc51020","Dc58248",1,0.164112,NA,1,1,NA,1,NA,1,0
"Dc51020","Dc62188",1,1,NA,1,1,NA,1,NA,1,0
"Dc51020","Dc67011",1,1,NA,1,1,NA,1,NA,1,0
"Dc51020","locus003",1,0.977352,NA,1,1,NA,1,NA,1,0
"Dc51020","locus004",1,1,NA,1,1,NA,1,NA,1,0
"Dc51020","locus005",1,1,NA,1,1,1,1,NA,1,0
"Dc51020","locus006",0.10493,1,1,1,1,NA,1,NA,1,0
"Dc51020","locus008",0.924468,1,NA,1,1,NA,1,NA,1,0
"Dc51020","locus013",0.483552,0.483552,NA,0.76872,0.76872,NA,0.483552,NA,0.917056,0
"Dc51020","locus014",0.99396,0.99396,NA,0.99396,1,NA,0.29238,NA,0.99396,0
"Dc51020","locus022",0.890652,1,NA,1,1,1,1,NA,1,0
"Dc51020","locus024",0.899844,1,NA,1,1,NA,1,NA,1,0
"Dc51020","locus025",1,1,NA,NA,1,NA,1,NA,0.99952,0
"Dc51020","locus027",1,1,NA,NA,1,NA,NA,NA,NA,0
"Dc51020","locus030",1,1,NA,NA,1,NA,1,NA,0.37217,0
"Dc51020","locus035",1,0.085908,NA,NA,1,1,1,NA,1,0
"Dc51020","locus038",1,1,NA,NA,1,NA,1,NA,1,0
"Dc51020","locus039",0.27072,0.27072,NA,NA,0.27072,NA,0.14224,NA,0.262424,0
"Dc51020","locus040",1,1,NA,NA,1,NA,1,NA,1,0
"Dc51020","locus041",1,1,NA,NA,1,NA,0.11322,NA,1,0
"Dc51020","locus045",1,1,NA,NA,1,NA,1,NA,1,0
"Dc51020","locus047",1,1,1,NA,1,NA,1,NA,1,0
"Dc51020","locus048",0.5938,0.21313,NA,NA,1,NA,1,NA,1,0
"Dc51020","locus053",1,1,NA,NA,1,NA,1,NA,1,0
"Dc51020","locus055",1,1,NA,NA,1,NA,1,NA,1,0
"Dc51020","locus056",0.30827,0.064308,NA,1,1,NA,1,NA,1,0
"Dc51020","locus058",1,1,NA,0.993398,1,1,1,NA,1,0
"Dc51020","locus060",1,1,NA,1,1,NA,1,NA,1,0
"Dc51020","locus061",1,NA,NA,NA,1,NA,1,NA,1,0
"Dc51020","locus062",1,0.63348,NA,1,0.343392,NA,1,NA,1,0
"Dc51020","locus064",0.49955,0.49955,NA,1,1,NA,0.102516,NA,1,0
"Dc51020","locus073",1,1,NA,1,1,1,1,NA,0.776482,0
"Dc51020","locus074",1,0.56784,NA,1,1,1,1,NA,1,0
"Dc51020","locus076",1,0.71838,NA,NA,1,NA,1,NA,1,0
"Dc51020","locus077",1,1,NA,1,1,NA,1,NA,1,0
"Dc51020","locus080",1,1,NA,NA,1,NA,1,NA,1,0
"Dc51020","locus083",1,NA,NA,NA,1,NA,0.835984,NA,1,0
"Dc51020","locus088",1,1,NA,NA,1,1,0.625032,NA,1,0
"Dc51020","locus093",1,1,1,NA,1,NA,1,NA,1,0
"Dc51020","locus096",1,1,NA,NA,1,NA,1,NA,1,0
"Dc51020","locus098",1,1,NA,NA,1,NA,1,NA,1,0
"Dc51020","locus100",1,1,NA,NA,0.71272,NA,1,NA,1,0
"Dc51020","locus106",1,1,NA,NA,0.68215,NA,0.68215,NA,1,0
"Dc51020","locus116",1,1,NA,NA,1,NA,1,NA,1,0
"Dc51020","locus119",1,0.29731,NA,NA,1,NA,1,NA,1,0
"Dc51020","locus120",1,1,NA,NA,1,NA,1,NA,1,0
"Dc51020","locus128",0.133716,1,NA,1,1,NA,1,NA,1,0
"Dc51020","locus129",0.4767,1,NA,1,1,1,1,NA,0.097174,0
"Dc51020","locus130",1,NA,NA,NA,1,NA,1,NA,0.478816,0
"Dc51020","locus134",1,1,NA,NA,1,1,1,NA,1,0
"Dc51020","locus135",1,1,NA,1,0.347508,NA,1,NA,1,0
"Dc51020","locus137",1,1,NA,1,1,NA,1,NA,1,0
"Dc51020","locus139",0.33396,1,NA,1,1,1,0.181902,NA,1,0
"Dc51020","locus140",0.348348,1,NA,1,1,1,0.185066,NA,1,0
"Dc51020","locus146",1,0.73008,NA,1,0.73008,1,0.654556,NA,0.944808,0
"Dc51020","locus148",0.54126,1,1,1,0.397586,NA,0.54126,NA,1,0
"Dc51020","locus151",0.23635,NA,NA,1,1,NA,1,NA,1,0
"Dc51020","locus157",1,NA,NA,NA,1,NA,1,NA,0.875584,0
"Dc51020","locus161",0.71336,1,NA,0.71336,1,NA,0.137172,NA,0.71336,0
"Dc51020","locus165",1,0.47207,NA,NA,1,NA,1,NA,1,0
"Dc51020","locus170",0.33852,1,NA,1,1,NA,1,NA,1,0
"Dc51020","locus176",1,NA,NA,NA,1,1,1,NA,1,0
"Dc51020","locus184",1,1,NA,1,1,NA,1,NA,1,0
"Dc51020","locus186",1,1,NA,1,1,NA,1,NA,1,0
"Dc51020","locus188",1,1,NA,NA,1,NA,1,NA,1,0
"Dc51020","locus189",1,1,NA,NA,1,NA,1,1,1,0
"Dc51020","locus190",1,1,NA,NA,1,NA,1,0.860028,1,0
"Dc51020","locus191",1,NA,NA,NA,1,NA,1,1,1,0
"Dc51020","locus192",1,1,NA,NA,1,NA,0.100728,1,1,0
"Dc51020","locus195",1,0.92159,NA,NA,1,NA,0.839928,1,1,0
"Dc51020","locus202",1,1,NA,NA,1,NA,1,1,1,0
"Dc51020","locus215",1,NA,NA,NA,0.920848,NA,0.33361,1,1,0
"Dc51020","locus227",1,1,1,NA,1,NA,1,1,1,0
"Dc51020","locus231",0.26226,1,NA,NA,1,NA,1,NA,1,0
"Dc51020","locus235",1,1,NA,NA,1,NA,1,1,0.919416,0
"Dc51020","locus236",0.23172,0.32193,NA,NA,1,NA,1,1,1,0
"Dc51020","locus237",1,1,NA,NA,1,NA,1,1,1,0
"Dc51020","locus239",0.359016,1,NA,NA,1,NA,1,1,1,0
"Dc51020","locus248",1,0.767376,NA,NA,1,NA,1,1,1,0
"Dc51020","locus256",1,1,NA,NA,1,NA,1,NA,1,0
"Dc51020","locus263",1,1,1,NA,1,NA,1,NA,1,0
"Dc51020","locus264",0.926,0.17447,NA,NA,1,NA,0.442744,NA,0.614244,0
"Dc51020","locus274",1,1,NA,NA,1,NA,1,NA,1,0
"Dc51020","locus280",0.08037,1,NA,NA,1,NA,1,NA,1,0
"Dc51020","locus282",1,1,NA,NA,1,NA,1,NA,0.44925,0
"Dc51020","locus286",0.29394,1,NA,NA,1,NA,0.851552,NA,1,0
"Dc51020","locus291",1,1,NA,NA,1,NA,1,NA,1,0
"Dc51020","locus292",1,1,1,NA,1,NA,1,NA,1,0
"Dc51020","locus296",0.33096,1,NA,NA,1,NA,1,NA,1,0
"Dc51020","locus301",1,1,1,NA,1,NA,1,NA,1,0
"Dc51020","locus314",0.772584,1,NA,NA,1,NA,1,NA,0.27781,0
"Dc51020","locus321",1,1,1,NA,1,NA,1,NA,1,0
"Dc51020","locus322",1,0.134892,NA,NA,1,1,0.30885,NA,1,0
"Dc51020","locus323",1,1,NA,NA,1,NA,0.21788,NA,1,0
"Dc51020","locus329",1,1,NA,NA,1,NA,1,NA,1,0
"Dc51020","locus332",1,1,NA,NA,1,NA,1,NA,1,0
"Dc51020","locus359",0.80039,1,NA,NA,1,NA,1,NA,1,0
"Dc51020","locus360",1,1,NA,NA,1,NA,0.97634,NA,0.97634,0
"Dc52523","Dc55481",1,1,NA,1,1,NA,1,NA,1,0
"Dc52523","Dc58248",1,1,NA,1,1,NA,1,NA,1,0
"Dc52523","Dc62188",1,1,NA,1,1,NA,1,NA,1,0
"Dc52523","Dc67011",1,1,NA,1,1,NA,1,NA,0.63834,0
"Dc52523","locus003",1,1,NA,1,1,NA,1,NA,1,0
"Dc52523","locus004",1,1,NA,1,1,NA,1,NA,1,0
"Dc52523","locus005",1,1,NA,1,1,1,1,NA,1,0
"Dc52523","locus006",1,1,1,1,1,NA,1,NA,1,0
"Dc52523","locus008",1,0.45308,NA,1,1,NA,1,NA,0.159756,0
"Dc52523","locus014",1,1,NA,0.410652,1,NA,1,NA,1,0
"Dc52523","locus022",1,1,NA,0.475944,1,1,1,NA,1,0
"Dc52523","locus024",0.205188,0.27291,NA,1,1,NA,1,NA,1,0
"Dc52523","locus025",1,1,NA,NA,1,NA,1,NA,1,0
"Dc52523","locus027",0.06297,0.795306,NA,NA,0.627356,NA,NA,NA,NA,0
"Dc52523","locus030",0.24179,1,NA,NA,1,NA,1,NA,1,0
"Dc52523","locus035",0.580872,1,NA,NA,1,1,1,NA,1,0
"Dc52523","locus038",1,0.64943,NA,NA,1,NA,1,NA,1,0
"Dc52523","locus039",1,1,NA,NA,1,NA,1,NA,0.18671,0
"Dc52523","locus040",1,1,NA,NA,1,NA,1,NA,1,0
"Dc52523","locus041",1,1,NA,NA,1,NA,0.69759,NA,1,0
"Dc52523","locus045",0.777102,1,NA,NA,1,NA,0.366224,NA,0.2255,0
"Dc52523","locus047",1,1,1,NA,1,NA,1,NA,1,0
"Dc52523","locus048",0.44595,1,NA,NA,0.44595,NA,1,NA,1,0
"Dc52523","locus053",0.0519,1,NA,NA,1,NA,0.409408,NA,1,0
"Dc52523","locus055",1,1,NA,NA,1,NA,1,NA,1,0
"Dc52523","locus056",0.469056,1,NA,1,1,NA,1,NA,1,0
"Dc52523","locus058",0.554652,1,NA,1,1,1,1,NA,1,0
"Dc52523","locus060",0.30474,1,NA,1,1,NA,1,NA,1,0
"Dc52523","locus061",1,NA,NA,NA,1,NA,1,NA,1,0
"Dc52523","locus062",0.84852,0.91887,NA,1,1,NA,1,NA,1,0
"Dc52523","locus064",0.43584,0.7087,NA,1,1,NA,1,NA,1,0
"Dc52523","locus065",1,0.79053,NA,1,1,NA,0.19302,NA,1,0
"Dc52523","locus073",1,1,NA,0.69972,1,1,1,NA,1,0
"Dc52523","locus074",1,1,NA,1,1,1,0.185976,NA,0.395124,0
"Dc52523","locus076",1,1,NA,NA,1,NA,1,NA,1,0
"Dc52523","locus077",1,1,NA,1,1,NA,1,NA,1,0
"Dc52523","locus080",0.3082,0.479928,NA,NA,0.958176,NA,1,NA,1,0
"Dc52523","locus083",0.81688,NA,NA,NA,1,NA,1,NA,1,0
"Dc52523","locus088",0.61084,1,NA,NA,0.516624,1,0.61084,NA,1,0
"Dc52523","locus096",0.15045,0.744852,NA,NA,0.332496,NA,0.744852,NA,0.332496,0
"Dc52523","locus098",0.967656,0.25155,NA,NA,1,NA,1,NA,1,0
"Dc52523","locus100",1,0.34684,NA,NA,1,NA,1,NA,1,0
"Dc52523","locus106",1,0.79791,NA,NA,1,NA,1,NA,1,0
"Dc52523","locus116",0.691136,0.74118,NA,NA,0.58674,NA,0.74118,NA,0.821896,0
"Dc52523","locus119",1,1,NA,NA,1,NA,1,NA,1,0
"Dc52523","locus120",1,0.790592,NA,NA,1,NA,0.57139,NA,0.790592,0
"Dc52523","locus128",1,1,NA,1,1,NA,1,NA,1,0
"Dc52523","locus129",1,1,NA,1,1,1,1,NA,1,0
"Dc52523","locus130",0.420064,NA,NA,NA,1,NA,1,NA,1,0
"Dc52523","locus134",1,1,NA,NA,1,1,1,NA,1,0
"Dc52523","locus135",1,1,NA,1,1,NA,1,NA,1,0
"Dc52523","locus137",0.374808,1,NA,1,1,NA,1,NA,1,0
"Dc52523","locus139",1,1,NA,1,0.853728,1,0.07182,NA,1,0
"Dc52523","locus140",1,1,NA,1,0.857664,1,0.070588,NA,1,0
"Dc52523","locus146",0.14616,1,NA,1,1,1,1,NA,1,0
"Dc52523","locus148",1,1,1,1,1,NA,1,NA,1,0
"Dc52523","locus151",1,NA,NA,1,1,NA,1,NA,1,0
"Dc52523","locus157",1,NA,NA,NA,1,NA,1,NA,1,0
"Dc52523","locus161",1,1,NA,1,1,NA,1,NA,1,0
"Dc52523","locus165",1,1,NA,NA,1,NA,0.51983,NA,1,0
"Dc52523","locus170",1,1,NA,1,0.70963,NA,0.632592,NA,1,0
"Dc52523","locus176",1,NA,NA,NA,1,1,1,NA,1,0
"Dc52523","locus184",1,1,NA,1,1,NA,1,NA,0.642612,0
"Dc52523","locus186",1,1,NA,1,1,NA,1,NA,1,0
"Dc52523","locus188",0.5671,1,NA,NA,1,NA,1,NA,1,0
"Dc52523","locus189",1,1,NA,NA,1,NA,1,1,1,0
"Dc52523","locus190",1,1,NA,NA,1,NA,1,1,1,0
"Dc52523","locus191",1,NA,NA,NA,1,NA,1,1,1,0
"Dc52523","locus192",1,1,NA,NA,0.294324,NA,1,1,1,0
"Dc52523","locus195",1,1,NA,NA,1,NA,1,1,0.28572,0
"Dc52523","locus202",1,1,NA,NA,1,NA,1,1,1,0
"Dc52523","locus215",0.461184,NA,1,NA,1,NA,1,1,1,0
"Dc52523","locus227",1,1,1,NA,1,NA,1,0.599102,1,0
"Dc52523","locus231",1,1,NA,NA,1,NA,1,NA,0.27533,0
"Dc52523","locus235",0.732504,1,NA,NA,1,NA,1,1,1,0
"Dc52523","locus237",1,1,NA,NA,1,NA,1,1,1,0
"Dc52523","locus239",1,1,NA,NA,1,NA,1,1,1,0
"Dc52523","locus248",1,1,NA,NA,1,NA,1,1,1,0
"Dc52523","locus256",1,1,NA,NA,1,NA,1,NA,1,0
"Dc52523","locus263",1,1,1,NA,1,NA,0.716256,NA,1,0
"Dc52523","locus264",1,1,NA,NA,1,NA,0.76357,NA,1,0
"Dc52523","locus274",0.83194,1,NA,NA,1,NA,0.83194,NA,0.83194,0
"Dc52523","locus282",1,1,NA,NA,1,NA,1,NA,1,0
"Dc52523","locus286",1,1,NA,NA,1,NA,1,NA,1,0
"Dc52523","locus291",1,1,NA,NA,1,NA,1,NA,0.26007,0
"Dc52523","locus292",1,1,1,NA,1,NA,1,NA,1,0
"Dc52523","locus296",1,1,NA,NA,1,NA,1,NA,1,0
"Dc52523","locus301",1,0.70863,NA,NA,1,NA,1,NA,1,0
"Dc52523","locus314",1,1,NA,NA,1,NA,1,NA,1,0
"Dc52523","locus321",0.50862,0.336396,1,NA,1,NA,1,NA,1,0
"Dc52523","locus322",1,1,NA,NA,1,1,1,NA,1,0
"Dc52523","locus323",1,1,NA,NA,1,NA,1,NA,1,0
"Dc52523","locus329",1,0.919136,NA,NA,0.919136,NA,0.09239,NA,1,0
"Dc52523","locus332",1,0.16749,NA,NA,1,NA,1,NA,1,0
"Dc52523","locus358",1,1,NA,NA,1,NA,1,NA,1,0
"Dc52523","locus359",1,1,NA,NA,1,NA,1,NA,1,0
"Dc52523","locus360",1,1,NA,NA,1,NA,1,NA,1,0
"Dc55481","Dc58248",1,1,NA,1,1,NA,1,NA,1,0
"Dc55481","Dc62188",1,1,NA,1,1,NA,1,NA,1,0
"Dc55481","Dc67011",1,1,NA,1,1,NA,0.295584,NA,1,0
"Dc55481","locus003",1,1,NA,1,1,NA,1,NA,1,0
"Dc55481","locus004",0.111792,1,NA,1,1,NA,1,NA,1,0
"Dc55481","locus005",0.368976,1,NA,1,1,NA,1,NA,1,0
"Dc55481","locus006",1,1,1,1,1,NA,1,NA,1,0
"Dc55481","locus008",1,1,NA,1,1,NA,1,NA,1,0
"Dc55481","locus013",1,0.5094,NA,1,1,NA,1,NA,1,0
"Dc55481","locus014",0.998796,1,NA,1,1,NA,1,NA,1,0
"Dc55481","locus022",1,0.840432,NA,1,0.840432,NA,1,NA,1,0
"Dc55481","locus024",1,0.4989,NA,1,1,NA,1,NA,1,0
"Dc55481","locus025",1,1,1,NA,1,NA,1,NA,1,0
"Dc55481","locus027",0.86107,0.426912,NA,NA,0.663252,NA,NA,NA,NA,0
"Dc55481","locus030",1,0.1218,NA,NA,1,NA,1,NA,1,0
"Dc55481","locus035",1,1,NA,NA,1,NA,1,NA,0.80267,0
"Dc55481","locus038",1,0.25374,NA,NA,1,NA,1,NA,1,0
"Dc55481","locus039",1,1,NA,NA,1,NA,1,NA,1,0
"Dc55481","locus040",1,1,NA,NA,1,NA,1,NA,1,0
"Dc55481","locus041",1,1,NA,NA,1,NA,1,NA,0.83888,0
"Dc55481","locus045",0.1281,0.716048,NA,NA,1,NA,1,NA,1,0
"Dc55481","locus047",0.532236,0.81426,1,NA,1,NA,1,NA,1,0
"Dc55481","locus048",0.3949,1,NA,NA,1,NA,1,NA,1,0
"Dc55481","locus053",1,1,NA,NA,1,NA,1,NA,1,0
"Dc55481","locus055",1,1,NA,NA,1,NA,1,NA,0.98058,0
"Dc55481","locus056",1,1,NA,1,1,NA,0.672672,NA,1,0
"Dc55481","locus058",1,1,NA,1,1,NA,1,NA,1,0
"Dc55481","locus060",1,1,NA,1,1,NA,1,NA,1,0
"Dc55481","locus061",1,NA,NA,NA,0.86769,NA,1,NA,0.72532,0
"Dc55481","locus062",0.35022,1,NA,1,1,NA,0.092508,NA,0.35022,0
"Dc55481","locus064",1,1,NA,1,1,NA,1,NA,1,0
"Dc55481","locus065",1,0.7698,NA,1,1,NA,1,NA,1,0
"Dc55481","locus073",0.151368,1,NA,1,1,NA,1,NA,1,0
"Dc55481","locus074",0.38137,0.303612,NA,1,1,NA,1,NA,1,0
"Dc55481","locus076",1,0.05671,NA,NA,1,NA,1,NA,0.224824,0
"Dc55481","locus077",1,1,NA,1,1,NA,1,NA,1,0
"Dc55481","locus080",1,0.8822,NA,NA,1,NA,1,NA,1,0
"Dc55481","locus083",1,NA,NA,NA,1,NA,1,NA,1,0
"Dc55481","locus088",1,1,NA,NA,1,NA,1,NA,1,0
"Dc55481","locus093",1,1,1,NA,1,NA,1,NA,1,0
"Dc55481","locus096",1,1,NA,NA,1,NA,1,NA,1,0
"Dc55481","locus098",1,1,NA,NA,1,NA,1,NA,1,0
"Dc55481","locus100",1,1,NA,NA,1,NA,1,NA,1,0
"Dc55481","locus106",1,0.28111,NA,NA,1,NA,1,NA,1,0
"Dc55481","locus116",0.87172,1,NA,NA,1,NA,1,NA,1,0
"Dc55481","locus119",1,1,NA,NA,1,NA,1,NA,1,0
"Dc55481","locus120",1,1,NA,NA,1,NA,1,NA,1,0
"Dc55481","locus128",1,0.258804,NA,1,1,NA,1,NA,1,0
"Dc55481","locus129",1,1,NA,1,1,NA,1,NA,1,0
"Dc55481","locus130",1,NA,NA,NA,1,NA,0.491168,NA,1,0
"Dc55481","locus134",0.635888,0.10047,NA,NA,1,NA,1,NA,1,0
"Dc55481","locus135",1,1,NA,1,1,NA,1,NA,1,0
"Dc55481","locus137",1,0.900144,NA,1,1,NA,0.95,NA,1,0
"Dc55481","locus139",1,0.436728,NA,1,1,NA,1,NA,1,0
"Dc55481","locus140",1,0.443364,NA,1,1,NA,1,NA,1,0
"Dc55481","locus146",1,0.62563,NA,1,1,NA,1,NA,0.252168,0
"Dc55481","locus151",1,NA,NA,1,1,NA,1,NA,0.34574,0
"Dc55481","locus157",0.504928,NA,NA,NA,1,NA,1,NA,1,0
"Dc55481","locus161",1,1,NA,1,1,NA,1,NA,0.439572,0
"Dc55481","locus165",1,0.91592,1,NA,1,NA,1,NA,0.54822,0
"Dc55481","locus170",1,1,NA,1,1,NA,1,NA,1,0
"Dc55481","locus176",0.959478,NA,NA,NA,0.959478,NA,0.510192,NA,0.959478,0
"Dc55481","locus184",1,1,NA,1,1,NA,1,NA,1,0
"Dc55481","locus186",1,0.364944,NA,1,1,NA,1,NA,1,0
"Dc55481","locus188",1,1,1,NA,1,NA,1,NA,1,0
"Dc55481","locus189",0.657444,0.657444,NA,NA,1,NA,1,1,0.657444,0
"Dc55481","locus190",1,1,NA,NA,1,NA,1,1,0.881568,0
"Dc55481","locus191",1,NA,1,NA,1,NA,1,1,1,0
"Dc55481","locus192",1,1,NA,NA,1,NA,1,1,1,0
"Dc55481","locus195",1,1,NA,NA,1,NA,0.6675,1,1,0
"Dc55481","locus202",1,1,NA,NA,1,NA,1,1,1,0
"Dc55481","locus215",1,NA,NA,NA,1,NA,1,1,1,0
"Dc55481","locus227",1,1,1,NA,1,NA,1,1,1,0
"Dc55481","locus231",1,1,NA,NA,1,NA,1,NA,1,0
"Dc55481","locus235",0.082236,1,NA,NA,1,NA,1,1,1,0
"Dc55481","locus236",1,1,NA,NA,1,NA,1,1,1,0
"Dc55481","locus237",1,1,NA,NA,1,NA,1,1,1,0
"Dc55481","locus239",1,1,NA,NA,1,NA,0.379116,1,1,0
"Dc55481","locus248",1,1,NA,NA,1,NA,1,1,1,0
"Dc55481","locus256",0.94291,1,NA,NA,1,NA,0.94291,NA,1,0
"Dc55481","locus263",0.365448,1,1,NA,1,NA,1,NA,1,0
"Dc55481","locus264",1,1,NA,NA,1,NA,1,NA,1,0
"Dc55481","locus274",1,0.63776,NA,NA,1,NA,1,NA,1,0
"Dc55481","locus280",1,1,NA,NA,0.47649,NA,1,NA,1,0
"Dc55481","locus282",0.98855,1,NA,NA,1,NA,1,NA,1,0
"Dc55481","locus286",1,1,NA,NA,1,NA,1,NA,0.45098,0
"Dc55481","locus291",1,1,NA,NA,1,NA,1,NA,1,0
"Dc55481","locus292",1,0.66822,1,NA,1,NA,1,NA,1,0
"Dc55481","locus296",1,1,NA,NA,1,NA,1,NA,1,0
"Dc55481","locus301",1,1,NA,NA,1,NA,1,NA,1,0
"Dc55481","locus314",0.41225,1,NA,NA,1,NA,1,NA,1,0
"Dc55481","locus321",1,1,1,NA,1,NA,1,NA,1,0
"Dc55481","locus322",1,1,NA,NA,1,NA,1,NA,1,0
"Dc55481","locus323",1,0.66014,NA,NA,1,NA,0.66014,NA,1,0
"Dc55481","locus332",1,1,NA,NA,1,NA,0.779624,NA,0.07568,0
"Dc55481","locus358",1,1,NA,NA,0.71497,NA,1,NA,1,0
"Dc55481","locus359",1,1,NA,NA,1,NA,1,NA,1,0
"Dc55481","locus360",0.30172,0.995106,NA,NA,0.995106,NA,0.20167,NA,1,0
"Dc58248","Dc62188",1,1,NA,1,1,NA,1,NA,1,0
"Dc58248","Dc67011",1,1,NA,1,1,NA,1,NA,1,0
"Dc58248","locus003",1,1,NA,1,1,NA,0.562896,NA,0.72489,0
"Dc58248","locus004",1,1,NA,1,1,NA,1,NA,1,0
"Dc58248","locus005",1,1,NA,1,1,NA,1,NA,1,0
"Dc58248","locus006",0.236838,0.42486,1,1,1,NA,1,NA,1,0
"Dc58248","locus008",1,1,NA,1,1,NA,1,NA,1,0
"Dc58248","locus013",0.462924,1,NA,0.698976,1,1,1,NA,1,0
"Dc58248","locus014",1,1,NA,0.676764,1,NA,1,NA,1,0
"Dc58248","locus022",1,1,NA,1,1,NA,1,NA,0.495,0
"Dc58248","locus024",1,1,NA,1,1,NA,1,NA,1,0
"Dc58248","locus025",0.762732,1,1,NA,1,NA,0.76906,NA,1,0
"Dc58248","locus027",1,1,NA,NA,1,NA,NA,NA,NA,0
"Dc58248","locus030",1,1,NA,NA,1,NA,1,NA,0.51536,0
"Dc58248","locus035",1,1,NA,NA,1,1,1,NA,1,0
"Dc58248","locus038",1,0.973092,NA,NA,1,1,1,NA,0.973092,0
"Dc58248","locus039",1,0.61075,NA,NA,1,NA,1,NA,1,0
"Dc58248","locus040",1,1,NA,NA,1,NA,1,NA,1,0
"Dc58248","locus041",1,1,NA,NA,1,NA,1,NA,1,0
"Dc58248","locus045",1,1,NA,NA,1,NA,1,NA,1,0
"Dc58248","locus047",1,1,1,NA,1,NA,1,NA,1,0
"Dc58248","locus048",1,1,NA,NA,1,NA,1,NA,1,0
"Dc58248","locus053",0.853398,0.10403,NA,NA,0.853398,NA,0.872722,NA,0.73104,0
"Dc58248","locus055",1,1,NA,NA,1,NA,1,NA,0.52302,0
"Dc58248","locus056",1,0.893592,NA,1,1,NA,1,NA,1,0
"Dc58248","locus058",1,1,NA,1,1,NA,1,NA,1,0
"Dc58248","locus060",1,1,NA,1,1,NA,1,NA,1,0
"Dc58248","locus061",0.351666,NA,NA,NA,1,NA,0.155592,NA,1,0
"Dc58248","locus062",1,1,NA,1,1,NA,0.902892,NA,1,0
"Dc58248","locus064",1,1,NA,1,1,NA,1,NA,1,0
"Dc58248","locus065",1,1,NA,1,1,NA,0.535116,NA,1,0
"Dc58248","locus073",1,0.87651,NA,1,1,NA,0.86748,NA,1,0
"Dc58248","locus074",1,1,NA,1,1,NA,1,NA,1,0
"Dc58248","locus076",1,0.44711,NA,NA,1,NA,1,NA,1,0
"Dc58248","locus077",1,1,NA,1,1,NA,0.946656,NA,1,0
"Dc58248","locus080",1,1,NA,NA,1,NA,1,NA,1,0
"Dc58248","locus083",0.426222,NA,NA,NA,1,NA,1,NA,0.400952,0
"Dc58248","locus088",1,1,NA,NA,1,NA,1,NA,1,0
"Dc58248","locus093",1,1,1,NA,1,NA,1,NA,1,0
"Dc58248","locus096",0.947672,0.702264,NA,NA,1,NA,0.702264,NA,0.63969,0
"Dc58248","locus098",0.16551,1,NA,NA,1,NA,1,NA,1,0
"Dc58248","locus100",1,1,NA,NA,1,NA,1,NA,0.82392,0
"Dc58248","locus106",0.5156,1,NA,NA,1,NA,0.648368,NA,1,0
"Dc58248","locus116",1,1,NA,NA,0.57723,NA,1,NA,1,0
"Dc58248","locus119",0.063996,1,NA,NA,1,1,1,NA,1,0
"Dc58248","locus120",1,0.40622,NA,NA,1,NA,1,NA,1,0
"Dc58248","locus128",0.652576,0.175284,NA,1,1,NA,0.54963,NA,1,0
"Dc58248","locus129",1,0.808164,NA,1,1,NA,0.86408,NA,1,0
"Dc58248","locus130",0.890388,NA,NA,NA,1,NA,0.653008,NA,0.890388,0
"Dc58248","locus134",0.972108,0.972108,NA,NA,1,1,1,NA,1,0
"Dc58248","locus135",1,1,NA,1,1,NA,1,NA,1,0
"Dc58248","locus137",0.09528,1,NA,1,1,NA,1,NA,1,0
"Dc58248","locus139",1,1,NA,1,1,NA,1,NA,0.19494,0
"Dc58248","locus140",1,1,NA,1,1,NA,1,NA,0.201372,0
"Dc58248","locus146",1,1,NA,1,1,NA,0.927144,NA,1,0
"Dc58248","locus148",0.19103,1,1,1,1,NA,1,NA,1,0
"Dc58248","locus151",1,NA,NA,1,1,NA,1,NA,1,0
"Dc58248","locus157",1,NA,NA,NA,1,NA,1,NA,1,0
"Dc58248","locus161",1,1,NA,1,1,NA,1,NA,1,0
"Dc58248","locus165",1,1,1,NA,1,NA,1,NA,1,0
"Dc58248","locus170",1,0.499068,NA,1,1,NA,1,NA,1,0
"Dc58248","locus176",0.27348,NA,NA,NA,1,NA,1,NA,1,0
"Dc58248","locus184",1,1,NA,1,1,NA,1,NA,1,0
"Dc58248","locus186",1,1,NA,1,1,NA,0.675528,NA,1,0
"Dc58248","locus188",1,0.598656,1,NA,1,NA,1,NA,1,0
"Dc58248","locus189",0.910392,1,NA,NA,1,1,1,0.399686,1,0
"Dc58248","locus190",1,1,NA,NA,1,NA,1,1,1,0
"Dc58248","locus191",1,NA,1,NA,1,NA,1,1,1,0
"Dc58248","locus192",1,1,NA,NA,1,NA,0.81208,1,0.218844,0
"Dc58248","locus195",1,0.893244,NA,NA,1,1,1,0.596596,1,0
"Dc58248","locus202",1,1,NA,NA,1,1,1,1,1,0
"Dc58248","locus215",1,NA,NA,NA,1,NA,0.45793,1,1,0
"Dc58248","locus227",1,1,1,NA,1,NA,1,0.605402,1,0
"Dc58248","locus231",1,1,NA,NA,0.70173,NA,1,NA,1,0
"Dc58248","locus235",1,1,NA,NA,1,NA,1,1,1,0
"Dc58248","locus236",0.983196,1,NA,NA,0.9765,1,1,1,1,0
"Dc58248","locus237",1,1,NA,NA,1,1,1,1,1,0
"Dc58248","locus239",1,1,NA,NA,1,1,1,1,1,0
"Dc58248","locus248",1,1,NA,NA,1,1,1,1,1,0
"Dc58248","locus256",1,1,NA,NA,1,NA,0.34549,NA,1,0
"Dc58248","locus263",1,0.80741,1,NA,1,NA,0.580116,NA,1,0
"Dc58248","locus264",1,1,NA,NA,1,NA,1,NA,1,0
"Dc58248","locus274",0.10215,1,NA,NA,1,NA,1,NA,0.166528,0
"Dc58248","locus280",1,1,NA,NA,1,NA,1,NA,1,0
"Dc58248","locus282",1,1,NA,NA,1,NA,1,NA,1,0
"Dc58248","locus286",1,1,NA,NA,1,NA,1,NA,1,0
"Dc58248","locus291",1,0.705304,NA,NA,0.869136,NA,0.68532,NA,1,0
"Dc58248","locus292",1,1,1,NA,1,NA,1,NA,1,0
"Dc58248","locus296",1,1,NA,NA,1,NA,1,NA,1,0
"Dc58248","locus301",1,1,NA,NA,1,NA,1,NA,1,0
"Dc58248","locus314",1,0.8747,NA,NA,1,NA,1,NA,0.876592,0
"Dc58248","locus321",1,1,1,NA,1,1,0.495026,NA,1,0
"Dc58248","locus322",0.54931,0.93363,NA,NA,1,NA,0.77024,NA,0.93363,0
"Dc58248","locus323",0.3637,1,NA,NA,1,NA,0.767912,NA,1,0
"Dc58248","locus329",1,1,NA,NA,1,NA,1,NA,1,0
"Dc58248","locus332",1,1,NA,NA,1,NA,1,NA,1,0
"Dc58248","locus358",1,1,NA,NA,1,NA,1,NA,1,0
"Dc58248","locus359",1,0.74424,NA,NA,1,NA,0.13014,NA,1,0
"Dc58248","locus360",1,1,NA,NA,1,NA,1,NA,1,0
"Dc62188","Dc67011",1,0.573568,NA,1,0.50044,NA,1,NA,0.147312,0
"Dc62188","locus003",1,1,NA,1,0.09192,NA,0.42803,NA,0.926432,0
"Dc62188","locus004",1,1,NA,1,1,NA,1,NA,1,0
"Dc62188","locus005",0.850568,0.636684,NA,0.944436,1,NA,0.65424,NA,0.944436,0
"Dc62188","locus006",1,1,1,1,1,NA,1,NA,1,0
"Dc62188","locus008",1,0.296964,NA,1,1,NA,1,NA,1,0
"Dc62188","locus013",1,1,NA,1,1,NA,0.17658,NA,1,0
"Dc62188","locus014",0.404724,1,NA,1,1,NA,1,NA,1,0
"Dc62188","locus024",1,0.98712,NA,1,1,NA,0.54384,NA,0.100464,0
"Dc62188","locus025",1,1,1,NA,1,NA,1,NA,1,0
"Dc62188","locus027",0.879056,0.809676,NA,NA,1,NA,NA,NA,NA,0
"Dc62188","locus030",1,1,NA,NA,1,NA,1,NA,1,0
"Dc62188","locus035",1,0.107604,NA,NA,1,1,1,NA,1,0
"Dc62188","locus038",1,0.99319,NA,NA,1,NA,1,NA,1,0
"Dc62188","locus039",1,1,NA,NA,1,NA,1,NA,1,0
"Dc62188","locus040",1,1,NA,NA,1,NA,1,NA,1,0
"Dc62188","locus041",0.07803,0.676824,NA,NA,1,NA,0.630184,NA,1,0
"Dc62188","locus045",1,1,NA,NA,1,NA,1,NA,1,0
"Dc62188","locus047",1,1,1,NA,1,NA,0.35988,NA,1,0
"Dc62188","locus048",1,0.50164,NA,NA,1,NA,1,NA,1,0
"Dc62188","locus053",1,1,NA,NA,1,NA,1,NA,1,0
"Dc62188","locus055",0.62121,1,NA,NA,1,NA,1,NA,1,0
"Dc62188","locus056",1,1,NA,1,1,NA,1,NA,1,0
"Dc62188","locus058",1,1,NA,1,1,NA,1,NA,0.2181,0
"Dc62188","locus060",1,1,NA,1,1,NA,1,NA,1,0
"Dc62188","locus061",0.6688,NA,NA,NA,1,NA,1,NA,1,0
"Dc62188","locus062",1,1,NA,1,1,NA,0.35744,NA,0.103872,0
"Dc62188","locus064",1,1,NA,1,1,NA,1,NA,1,0
"Dc62188","locus065",1,1,NA,1,1,NA,0.269076,NA,1,0
"Dc62188","locus073",1,1,NA,0.33358,1,NA,1,NA,0.229632,0
"Dc62188","locus074",1,1,NA,1,1,NA,1,NA,1,0
"Dc62188","locus076",0.34107,1,NA,NA,1,NA,1,NA,0.38508,0
"Dc62188","locus077",1,1,NA,1,1,NA,1,NA,1,0
"Dc62188","locus080",1,1,NA,NA,1,NA,1,NA,1,0
"Dc62188","locus083",0.786534,NA,NA,NA,0.661152,NA,1,NA,1,0
"Dc62188","locus088",1,1,NA,NA,1,NA,1,NA,1,0
"Dc62188","locus093",1,1,1,NA,1,NA,1,NA,1,0
"Dc62188","locus096",1,1,NA,NA,1,NA,0.30127,NA,1,0
"Dc62188","locus098",1,1,NA,NA,1,NA,0.84027,NA,1,0
"Dc62188","locus100",1,1,NA,NA,1,NA,0.46793,NA,1,0
"Dc62188","locus106",1,0.19351,NA,NA,1,NA,0.33532,NA,1,0
"Dc62188","locus116",0.9164,0.90775,NA,NA,0.9164,NA,0.9164,NA,0.9164,0
"Dc62188","locus119",1,1,NA,NA,1,1,1,NA,1,0
"Dc62188","locus120",1,1,NA,NA,1,NA,1,NA,1,0
"Dc62188","locus129",1,1,NA,1,1,NA,0.867816,NA,1,0
"Dc62188","locus130",1,NA,NA,NA,1,NA,1,NA,1,0
"Dc62188","locus134",1,1,NA,NA,1,1,1,NA,1,0
"Dc62188","locus135",1,1,NA,1,1,NA,1,NA,1,0
"Dc62188","locus137",0.975696,0.975696,NA,1,1,NA,1,NA,1,0
"Dc62188","locus139",0.67764,1,NA,1,1,NA,1,NA,1,0
"Dc62188","locus140",0.636564,1,NA,1,1,NA,1,NA,1,0
"Dc62188","locus146",1,1,NA,1,1,NA,1,NA,1,0
"Dc62188","locus148",0.636776,1,1,0.795372,1,NA,0.836696,NA,0.795372,0
"Dc62188","locus151",1,NA,NA,1,1,NA,0.28209,NA,1,0
"Dc62188","locus157",1,NA,NA,NA,1,NA,1,NA,1,0
"Dc62188","locus161",1,1,NA,1,0.857952,NA,1,NA,1,0
"Dc62188","locus165",1,1,1,NA,1,NA,0.688356,NA,1,0
"Dc62188","locus170",1,1,NA,1,1,NA,1,NA,1,0
"Dc62188","locus176",1,NA,NA,NA,1,NA,0.404064,NA,1,0
"Dc62188","locus184",1,1,NA,1,1,NA,0.362268,NA,1,0
"Dc62188","locus189",1,1,NA,NA,1,1,1,0.395948,1,0
"Dc62188","locus190",0.75323,0.21588,NA,NA,1,NA,1,1,0.75323,0
"Dc62188","locus191",1,NA,1,NA,1,NA,1,0.056364,1,0
"Dc62188","locus192",1,1,NA,NA,1,NA,1,0.574248,1,0
"Dc62188","locus195",1,1,NA,NA,1,1,1,1,1,0
"Dc62188","locus202",1,1,NA,NA,1,1,1,1,1,0
"Dc62188","locus215",1,NA,NA,NA,1,NA,1,1,1,0
"Dc62188","locus227",0.26698,0.793776,1,NA,1,NA,1,1,1,0
"Dc62188","locus231",1,1,NA,NA,1,NA,0.7308,NA,1,0
"Dc62188","locus235",1,1,NA,NA,1,NA,1,1,0.548904,0
"Dc62188","locus236",0.689164,1,NA,NA,1,1,1,1,1,0
"Dc62188","locus237",1,1,NA,NA,1,1,0.837956,1,1,0
"Dc62188","locus239",1,1,NA,NA,1,1,1,1,1,0
"Dc62188","locus248",1,1,NA,NA,1,1,1,1,1,0
"Dc62188","locus256",1,1,NA,NA,1,NA,1,NA,1,0
"Dc62188","locus263",1,1,1,NA,1,NA,1,NA,1,0
"Dc62188","locus264",1,1,NA,NA,1,NA,1,NA,1,0
"Dc62188","locus274",0.08841,1,NA,NA,1,NA,1,NA,1,0
"Dc62188","locus280",0.21427,1,NA,NA,1,NA,1,NA,1,0
"Dc62188","locus282",1,1,NA,NA,1,NA,0.18788,NA,1,0
"Dc62188","locus286",1,0.32351,NA,NA,0.572744,NA,1,NA,1,0
"Dc62188","locus291",1,1,NA,NA,1,NA,1,NA,1,0
"Dc62188","locus292",1,0.219432,1,NA,0.48908,NA,1,NA,1,0
"Dc62188","locus296",1,1,NA,NA,1,NA,1,NA,0.43805,0
"Dc62188","locus301",1,0.26632,NA,NA,1,NA,1,NA,1,0
"Dc62188","locus314",1,1,NA,NA,1,NA,1,NA,1,0
"Dc62188","locus321",1,1,1,NA,1,1,1,NA,1,0
"Dc62188","locus322",1,1,NA,NA,1,NA,1,NA,1,0
"Dc62188","locus323",1,1,NA,NA,1,NA,1,NA,1,0
"Dc62188","locus329",1,1,NA,NA,1,1,1,NA,1,0
"Dc62188","locus332",1,0.982912,NA,NA,1,NA,1,NA,0.54391,0
"Dc62188","locus358",0.64506,1,NA,NA,1,NA,1,NA,1,0
"Dc62188","locus359",1,1,NA,NA,1,NA,1,NA,1,0
"Dc62188","locus360",1,1,1,NA,1,NA,0.575136,NA,1,0
"Dc67011","locus003",1,1,NA,1,0.4937,NA,1,NA,0.13134,0
"Dc67011","locus004",1,1,1,1,1,NA,1,NA,1,0
"Dc67011","locus005",1,1,NA,1,1,NA,0.972792,NA,1,0
"Dc67011","locus006",1,1,NA,0.852744,1,NA,1,NA,1,0
"Dc67011","locus008",1,1,NA,1,1,NA,1,NA,1,0
"Dc67011","locus013",0.88007,0.88007,NA,1,1,NA,1,NA,0.74268,0
"Dc67011","locus014",1,1,1,1,1,NA,1,NA,1,0
"Dc67011","locus022",0.105108,1,NA,1,1,NA,1,NA,1,0
"Dc67011","locus024",1,1,NA,1,1,1,1,NA,1,0
"Dc67011","locus025",0.43026,1,NA,NA,1,NA,1,NA,1,0
"Dc67011","locus027",1,1,NA,NA,1,NA,NA,NA,NA,0
"Dc67011","locus030",0.689964,1,1,NA,1,NA,1,NA,1,0
"Dc67011","locus035",1,1,NA,NA,1,1,1,NA,1,0
"Dc67011","locus038",1,1,NA,NA,1,NA,1,NA,1,0
"Dc67011","locus039",1,1,NA,NA,1,NA,1,NA,1,0
"Dc67011","locus040",1,1,NA,NA,1,NA,1,NA,0.91239,0
"Dc67011","locus041",1,1,NA,NA,1,NA,1,NA,1,0
"Dc67011","locus045",1,1,NA,NA,1,NA,1,NA,1,0
"Dc67011","locus047",1,1,NA,NA,1,NA,1,NA,1,0
"Dc67011","locus048",1,1,NA,NA,1,NA,1,NA,1,0
"Dc67011","locus053",1,1,NA,NA,1,NA,1,NA,1,0
"Dc67011","locus055",1,1,NA,NA,1,NA,1,NA,0.51025,0
"Dc67011","locus056",1,1,NA,1,1,NA,1,NA,1,0
"Dc67011","locus060",1,1,NA,1,1,NA,1,NA,1,0
"Dc67011","locus061",1,NA,NA,NA,1,NA,1,NA,1,0
"Dc67011","locus062",1,1,NA,1,1,NA,1,NA,1,0
"Dc67011","locus064",0.15504,1,NA,1,1,NA,1,NA,1,0
"Dc67011","locus065",1,1,NA,1,1,NA,1,NA,1,0
"Dc67011","locus073",1,1,NA,1,1,NA,1,NA,1,0
"Dc67011","locus074",1,1,NA,1,1,NA,1,NA,1,0
"Dc67011","locus076",1,1,1,NA,0.399784,1,1,NA,1,0
"Dc67011","locus077",1,1,NA,1,1,NA,0.285888,NA,1,0
"Dc67011","locus080",0.82784,1,NA,NA,1,NA,1,NA,1,0
"Dc67011","locus083",1,NA,NA,NA,1,NA,0.765312,NA,1,0
"Dc67011","locus088",1,1,NA,NA,1,NA,1,NA,1,0
"Dc67011","locus093",1,1,1,NA,1,NA,1,NA,1,0
"Dc67011","locus096",1,1,NA,NA,1,NA,1,NA,1,0
"Dc67011","locus098",1,0.29814,1,NA,1,NA,1,NA,1,0
"Dc67011","locus100",0.86213,1,NA,NA,1,NA,1,NA,1,0
"Dc67011","locus106",0.816696,1,NA,NA,1,NA,0.27231,NA,1,0
"Dc67011","locus116",1,1,NA,NA,1,1,1,NA,1,0
"Dc67011","locus119",1,1,NA,NA,1,NA,1,NA,1,0
"Dc67011","locus120",1,1,NA,NA,1,1,1,NA,1,0
"Dc67011","locus128",1,1,NA,1,1,NA,1,NA,1,0
"Dc67011","locus129",1,0.173676,NA,1,1,NA,1,NA,1,0
"Dc67011","locus130",1,NA,1,NA,1,NA,1,NA,1,0
"Dc67011","locus134",1,1,NA,NA,0.690516,1,1,NA,1,0
"Dc67011","locus135",1,1,NA,1,1,NA,1,NA,1,0
"Dc67011","locus137",1,1,1,1,1,NA,1,NA,1,0
"Dc67011","locus139",1,1,NA,1,1,NA,1,NA,1,0
"Dc67011","locus140",1,1,NA,1,1,NA,1,NA,1,0
"Dc67011","locus146",0.3804,1,NA,1,1,NA,1,NA,1,0
"Dc67011","locus148",1,0.157056,NA,1,1,NA,1,NA,1,0
"Dc67011","locus151",1,NA,NA,1,1,NA,1,NA,1,0
"Dc67011","locus157",1,NA,NA,NA,1,NA,1,NA,1,0
"Dc67011","locus161",1,1,NA,1,1,NA,1,NA,1,0
"Dc67011","locus165",1,1,NA,NA,1,NA,1,NA,1,0
"Dc67011","locus170",0.862212,1,NA,1,1,NA,1,NA,1,0
"Dc67011","locus176",1,NA,NA,NA,1,NA,1,NA,1,0
"Dc67011","locus184",1,1,NA,1,1,NA,1,NA,1,0
"Dc67011","locus186",1,1,NA,1,1,NA,1,NA,1,0
"Dc67011","locus188",1,1,NA,NA,1,1,1,NA,1,0
"Dc67011","locus189",1,1,NA,NA,1,NA,1,1,1,0
"Dc67011","locus190",1,1,NA,NA,1,1,1,1,0.500192,0
"Dc67011","locus191",0.76635,NA,NA,NA,1,NA,1,1,0.76635,0
"Dc67011","locus192",1,1,NA,NA,1,NA,1,1,1,0
"Dc67011","locus195",0.769034,0.769034,1,NA,1,NA,1,1,1,0
"Dc67011","locus202",1,1,NA,NA,1,NA,1,1,1,0
"Dc67011","locus215",1,NA,NA,NA,1,NA,1,0.23304,1,0
"Dc67011","locus227",1,0.370524,1,NA,1,NA,1,1,1,0
"Dc67011","locus235",1,1,NA,NA,1,NA,1,1,1,0
"Dc67011","locus236",1,1,NA,NA,1,NA,1,0.858108,1,0
"Dc67011","locus237",1,1,1,NA,1,NA,1,1,0.220332,0
"Dc67011","locus239",0.711996,0.912016,NA,NA,0.912016,NA,0.711996,0.912016,0.912016,0
"Dc67011","locus248",1,1,NA,NA,1,NA,1,1,1,0
"Dc67011","locus256",1,1,NA,NA,1,NA,1,NA,1,0
"Dc67011","locus263",1,1,NA,NA,1,NA,1,NA,1,0
"Dc67011","locus264",1,1,NA,NA,1,NA,1,NA,1,0
"Dc67011","locus274",1,0.792824,NA,NA,1,NA,1,NA,0.12528,0
"Dc67011","locus280",1,1,NA,NA,1,NA,0.22954,NA,0.527624,0
"Dc67011","locus282",0.40361,1,NA,NA,1,NA,1,NA,1,0
"Dc67011","locus286",1,0.67557,NA,NA,1,NA,1,NA,1,0
"Dc67011","locus291",1,1,NA,NA,1,NA,1,NA,1,0
"Dc67011","locus292",1,0.91265,NA,NA,1,NA,0.91265,NA,1,0
"Dc67011","locus296",1,1,NA,NA,1,NA,1,NA,1,0
"Dc67011","locus301",1,1,NA,NA,0.343572,1,1,NA,1,0
"Dc67011","locus314",1,1,NA,NA,1,NA,1,NA,1,0
"Dc67011","locus321",0.62339,1,NA,NA,1,NA,1,NA,1,0
"Dc67011","locus322",1,1,NA,NA,1,NA,1,NA,1,0
"Dc67011","locus323",1,1,NA,NA,1,NA,1,NA,1,0
"Dc67011","locus329",0.55492,1,NA,NA,1,NA,1,NA,1,0
"Dc67011","locus332",0.50305,1,NA,NA,1,NA,1,NA,1,0
"Dc67011","locus358",1,0.29413,NA,NA,1,NA,1,NA,1,0
"Dc67011","locus359",0.776096,0.776096,NA,NA,0.71456,NA,0.776096,NA,0.776096,0
"Dc67011","locus360",1,0.31277,NA,NA,0.458368,NA,0.866184,NA,1,0
"locus003","locus004",1,1,1,1,1,NA,1,NA,1,0
"locus003","locus005",0.485724,1,NA,1,1,NA,1,NA,1,0
"locus003","locus006",1,1,NA,1,1,NA,1,NA,1,0
"locus003","locus013",1,1,NA,1,1,NA,1,NA,0.770244,0
"locus003","locus014",1,1,1,1,1,NA,1,NA,1,0
"locus003","locus022",1,1,NA,1,1,NA,1,NA,1,0
"locus003","locus024",0.959508,1,NA,1,1,1,0.663768,NA,1,0
"locus003","locus027",1,1,NA,NA,1,NA,NA,NA,NA,0
"locus003","locus030",1,1,1,NA,1,NA,1,NA,1,0
"locus003","locus035",0.75163,0.314184,NA,NA,1,1,1,NA,0.75163,0
"locus003","locus038",1,1,NA,NA,1,NA,1,NA,1,0
"locus003","locus039",1,1,NA,NA,1,NA,1,NA,1,0
"locus003","locus040",1,1,NA,NA,1,NA,1,NA,1,0
"locus003","locus041",1,1,NA,NA,1,NA,1,NA,1,0
"locus003","locus045",0.984882,1,NA,NA,1,NA,0.963848,NA,0.25666,0
"locus003","locus047",1,1,NA,NA,1,NA,1,NA,0.93697,0
"locus003","locus048",1,1,NA,NA,1,NA,1,NA,1,0
"locus003","locus053",1,1,NA,NA,1,NA,1,NA,0.58824,0
"locus003","locus055",1,1,NA,NA,1,NA,1,NA,1,0
"locus003","locus056",1,1,NA,1,1,NA,1,NA,1,0
"locus003","locus058",1,1,NA,1,1,NA,1,NA,1,0
"locus003","locus060",1,1,NA,1,1,NA,1,NA,1,0
"locus003","locus061",1,NA,NA,NA,1,NA,1,NA,1,0
"locus003","locus062",0.11382,1,NA,1,1,NA,1,NA,1,0
"locus003","locus064",1,1,NA,1,1,NA,0.571044,NA,1,0
"locus003","locus065",1,1,NA,1,1,NA,1,NA,1,0
"locus003","locus073",1,1,NA,1,1,NA,1,NA,1,0
"locus003","locus074",1,1,NA,1,1,NA,1,NA,1,0
"locus003","locus076",1,0.150228,1,NA,1,NA,1,NA,1,0
"locus003","locus077",0.183828,1,NA,1,1,NA,1,NA,1,0
"locus003","locus080",1,1,1,NA,1,NA,1,NA,1,0
"locus003","locus083",1,NA,NA,NA,0.499566,NA,0.133688,NA,1,0
"locus003","locus088",0.90375,0.2957,NA,NA,1,NA,1,NA,0.402944,0
"locus003","locus093",1,1,1,NA,1,NA,1,NA,1,0
"locus003","locus096",0.06547,1,NA,NA,1,NA,0.813276,NA,0.523304,0
"locus003","locus098",1,1,1,NA,1,NA,0.576984,NA,1,0
"locus003","locus100",1,1,NA,NA,1,NA,1,NA,1,0
"locus003","locus106",1,1,NA,NA,1,NA,1,NA,1,0
"locus003","locus116",1,1,NA,NA,1,1,0.650856,NA,1,0
"locus003","locus119",1,1,NA,NA,1,NA,1,NA,0.89617,0
"locus003","locus120",0.578388,0.578388,NA,NA,1,1,0.578388,NA,1,0
"locus003","locus128",1,1,NA,1,1,NA,1,NA,1,0
"locus003","locus129",0.477084,1,NA,1,1,NA,1,NA,1,0
"locus003","locus130",0.323136,NA,NA,NA,1,NA,1,NA,1,0
"locus003","locus134",1,0.39306,NA,NA,1,1,1,NA,1,0
"locus003","locus135",1,1,NA,1,1,NA,1,NA,1,0
"locus003","locus137",1,0.3381,1,1,1,NA,0.775704,NA,1,0
"locus003","locus139",0.60888,0.719544,NA,1,1,NA,0.61555,NA,1,0
"locus003","locus140",0.608664,0.716864,NA,1,1,NA,0.608664,NA,1,0
"locus003","locus146",0.46155,1,NA,0.79452,1,NA,0.358032,NA,1,0
"locus003","locus148",0.96879,1,NA,1,1,NA,1,NA,0.15138,0
"locus003","locus151",1,NA,NA,1,1,NA,1,NA,1,0
"locus003","locus157",1,NA,NA,NA,1,NA,1,NA,1,0
"locus003","locus161",1,1,NA,1,0.72621,NA,0.111636,NA,1,0
"locus003","locus165",1,0.59493,NA,NA,1,NA,1,NA,1,0
"locus003","locus170",0.121548,1,NA,1,1,NA,1,NA,0.86647,0
"locus003","locus176",1,NA,1,NA,1,NA,1,NA,1,0
"locus003","locus184",1,0.51341,NA,1,1,NA,0.354564,NA,0.696032,0
"locus003","locus186",1,0.09072,NA,1,1,NA,1,NA,1,0
"locus003","locus188",0.96248,1,NA,NA,1,NA,1,NA,1,0
"locus003","locus189",1,1,NA,NA,1,NA,0.923748,1,1,0
"locus003","locus190",1,1,NA,NA,1,NA,1,1,1,0
"locus003","locus191",0.80341,NA,NA,NA,1,NA,0.948536,1,1,0
"locus003","locus192",1,1,NA,NA,1,NA,1,1,1,0
"locus003","locus195",1,1,1,NA,1,NA,1,1,1,0
"locus003","locus202",1,1,NA,NA,1,NA,1,1,1,0
"locus003","locus215",1,NA,NA,NA,1,NA,1,1,1,0
"locus003","locus227",1,1,1,NA,1,1,1,1,1,0
"locus003","locus231",1,1,NA,NA,1,NA,1,NA,1,0
"locus003","locus235",0.780252,1,NA,NA,1,NA,1,1,0.780252,0
"locus003","locus236",1,0.3264,NA,NA,0.912608,NA,1,1,0.47718,0
"locus003","locus237",1,1,1,NA,1,NA,1,1,0.5033,0
"locus003","locus239",1,1,NA,NA,1,NA,1,1,1,0
"locus003","locus248",0.880044,1,NA,NA,1,NA,1,1,1,0
"locus003","locus256",1,1,NA,NA,1,NA,0.905952,NA,0.56328,0
"locus003","locus263",0.66351,1,NA,NA,1,NA,1,NA,1,0
"locus003","locus264",1,1,NA,NA,1,NA,1,NA,1,0
"locus003","locus274",0.811698,0.38144,NA,NA,0.811698,NA,0.692392,NA,0.811698,0
"locus003","locus280",1,1,NA,NA,1,NA,1,NA,1,0
"locus003","locus282",1,1,NA,NA,1,NA,1,NA,1,0
"locus003","locus286",1,1,NA,NA,0.57148,NA,0.05791,NA,1,0
"locus003","locus291",0.46548,1,NA,NA,1,1,1,NA,1,0
"locus003","locus292",1,1,NA,NA,0.49365,NA,1,NA,1,0
"locus003","locus296",1,1,NA,NA,1,NA,1,NA,1,0
"locus003","locus301",0.745296,1,NA,NA,1,1,1,NA,1,0
"locus003","locus314",1,1,NA,NA,1,NA,1,NA,1,0
"locus003","locus321",0.60277,1,NA,NA,1,NA,0.6664,NA,1,0
"locus003","locus323",1,1,NA,NA,1,NA,1,NA,1,0
"locus003","locus329",1,1,NA,NA,1,NA,1,NA,1,0
"locus003","locus332",1,1,NA,NA,1,NA,1,NA,1,0
"locus003","locus358",1,1,NA,NA,1,NA,1,NA,1,0
"locus003","locus359",1,1,NA,NA,1,NA,0.18343,NA,1,0
"locus003","locus360",1,1,NA,NA,1,NA,1,NA,1,0
"locus004","locus005",0.784326,0.5693,NA,0.2919,0.784326,NA,0.784326,NA,0.688224,0
"locus004","locus006",1,1,NA,1,1,NA,0.12072,NA,1,0
"locus004","locus008",1,1,NA,1,1,NA,1,NA,1,0
"locus004","locus013",1,1,NA,1,1,NA,0.266616,NA,1,0
"locus004","locus014",1,1,1,1,1,NA,0.803096,NA,1,0
"locus004","locus022",1,1,NA,1,1,NA,1,NA,1,0
"locus004","locus024",1,0.359004,NA,1,1,1,0.199514,NA,1,0
"locus004","locus025",1,1,NA,NA,1,NA,0.29151,NA,1,0
"locus004","locus027",0.574056,0.670676,NA,NA,0.670676,NA,NA,NA,NA,0
"locus004","locus030",1,1,1,NA,1,NA,1,NA,0.757488,0
"locus004","locus035",1,1,NA,NA,1,1,1,NA,1,0
"locus004","locus038",1,0.09533,NA,NA,1,NA,1,NA,1,0
"locus004","locus039",1,0.30133,NA,NA,1,NA,1,NA,1,0
"locus004","locus040",1,1,NA,NA,1,NA,1,NA,1,0
"locus004","locus041",1,1,NA,NA,1,NA,1,NA,1,0
"locus004","locus045",1,1,NA,NA,1,NA,1,NA,1,0
"locus004","locus047",1,0.33811,NA,NA,1,NA,1,NA,1,0
"locus004","locus048",0.79048,1,NA,NA,1,NA,1,NA,1,0
"locus004","locus053",1,1,NA,NA,1,NA,0.60168,NA,0.60168,0
"locus004","locus055",1,1,NA,NA,1,NA,1,NA,1,0
"locus004","locus058",1,1,NA,1,1,NA,1,NA,1,0
"locus004","locus060",1,1,NA,0.849936,0.849936,NA,1,NA,1,0
"locus004","locus061",0.680232,NA,NA,NA,1,NA,1,NA,1,0
"locus004","locus062",1,1,NA,1,1,NA,1,NA,1,0
"locus004","locus064",1,0.978624,NA,1,1,NA,1,NA,1,0
"locus004","locus065",1,1,NA,1,1,NA,1,NA,1,0
"locus004","locus073",1,1,NA,1,0.858816,NA,1,NA,1,0
"locus004","locus074",1,1,NA,1,1,NA,1,NA,1,0
"locus004","locus076",1,1,1,NA,1,NA,1,NA,1,0
"locus004","locus077",1,1,NA,1,1,NA,1,NA,1,0
"locus004","locus080",1,1,NA,NA,1,NA,0.90268,NA,1,0
"locus004","locus083",1,NA,NA,NA,1,NA,1,NA,1,0
"locus004","locus093",1,1,1,NA,1,NA,1,NA,1,0
"locus004","locus096",1,0.36657,NA,NA,1,NA,0.515616,NA,1,0
"locus004","locus098",1,0.759564,1,NA,1,NA,1,NA,1,0
"locus004","locus100",1,1,NA,NA,1,NA,1,NA,1,0
"locus004","locus106",1,1,NA,NA,1,NA,0.76336,NA,1,0
"locus004","locus116",1,1,NA,NA,1,1,1,NA,1,0
"locus004","locus119",1,1,NA,NA,1,NA,1,NA,1,0
"locus004","locus120",0.28128,1,NA,NA,0.71768,1,1,NA,1,0
"locus004","locus128",1,1,NA,1,1,NA,1,NA,1,0
"locus004","locus129",1,1,NA,0.696516,1,NA,1,NA,1,0
"locus004","locus130",1,NA,NA,NA,1,NA,1,NA,1,0
"locus004","locus134",1,0.175752,NA,NA,1,1,1,NA,1,0
"locus004","locus135",1,1,NA,1,1,NA,1,NA,1,0
"locus004","locus137",1,0.331814,1,1,1,NA,1,NA,1,0
"locus004","locus139",1,1,NA,0.862404,1,NA,1,NA,1,0
"locus004","locus140",1,1,NA,0.854076,1,NA,1,NA,1,0
"locus004","locus146",1,0.78828,NA,1,1,NA,1,NA,1,0
"locus004","locus148",1,1,NA,1,1,NA,1,NA,1,0
"locus004","locus151",1,NA,NA,1,1,NA,0.53737,NA,1,0
"locus004","locus157",0.188472,NA,NA,NA,1,NA,1,NA,1,0
"locus004","locus161",1,1,NA,1,1,NA,1,NA,1,0
"locus004","locus170",1,1,NA,1,1,NA,1,NA,1,0
"locus004","locus176",0.848824,NA,NA,NA,1,NA,1,NA,0.848824,0
"locus004","locus184",0.270948,1,NA,1,1,NA,0.270948,NA,1,0
"locus004","locus186",1,1,NA,1,1,NA,1,NA,1,0
"locus004","locus188",0.793232,0.566776,NA,NA,0.566776,NA,0.36705,NA,0.566776,0
"locus004","locus189",0.296376,1,NA,NA,1,NA,1,1,1,0
"locus004","locus190",1,0.877536,NA,NA,1,NA,1,1,1,0
"locus004","locus191",1,NA,NA,NA,0.5646,NA,0.49617,1,0.945264,0
"locus004","locus192",1,1,NA,NA,1,NA,1,1,1,0
"locus004","locus195",1,0.400908,1,NA,1,NA,0.284438,1,1,0
"locus004","locus202",1,1,NA,NA,1,NA,1,1,1,0
"locus004","locus215",1,NA,NA,NA,1,NA,0.82874,1,1,0
"locus004","locus227",1,1,1,NA,1,1,1,1,1,0
"locus004","locus231",1,1,1,NA,1,NA,1,NA,1,0
"locus004","locus235",1,0.38604,NA,NA,1,NA,1,1,1,0
"locus004","locus236",1,0.613032,NA,NA,1,NA,1,1,1,0
"locus004","locus237",1,1,1,NA,1,NA,1,1,1,0
"locus004","locus239",1,0.48965,NA,NA,1,NA,0.282432,0.80944,1,0
"locus004","locus248",1,0.38885,NA,NA,1,NA,1,0.168672,0.746912,0
"locus004","locus256",0.917664,1,NA,NA,1,NA,0.42072,NA,1,0
"locus004","locus263",1,1,NA,NA,1,NA,1,NA,1,0
"locus004","locus264",1,1,NA,NA,1,NA,1,NA,1,0
"locus004","locus274",1,1,NA,NA,1,NA,1,NA,1,0
"locus004","locus280",1,1,NA,NA,1,NA,1,NA,1,0
"locus004","locus282",0.61536,0.772806,NA,NA,1,NA,0.772806,NA,0.38318,0
"locus004","locus286",1,0.57947,NA,NA,1,NA,1,NA,1,0
"locus004","locus291",1,1,NA,NA,1,1,1,NA,1,0
"locus004","locus292",1,0.982332,NA,NA,0.63325,NA,0.63325,NA,1,0
"locus004","locus296",0.63567,1,NA,NA,1,NA,1,NA,1,0
"locus004","locus301",1,1,NA,NA,1,1,1,NA,1,0
"locus004","locus314",1,1,NA,NA,1,NA,1,NA,1,0
"locus004","locus321",1,1,NA,NA,1,NA,1,NA,1,0
"locus004","locus322",1,1,NA,NA,1,NA,1,NA,0.44883,0
"locus004","locus323",1,1,NA,NA,1,NA,1,NA,1,0
"locus004","locus329",1,0.96612,NA,NA,0.72336,NA,0.96612,NA,1,0
"locus004","locus332",1,1,NA,NA,1,NA,1,NA,1,0
"locus004","locus358",0.86219,1,NA,NA,1,NA,1,NA,1,0
"locus004","locus359",1,1,NA,NA,1,NA,1,NA,1,0
"locus004","locus360",0.974856,0.974856,NA,NA,1,NA,0.974856,NA,0.78785,0
"locus005","locus006",1,1,NA,1,1,NA,1,NA,1,0
"locus005","locus008",1,1,NA,1,1,NA,0.353688,NA,1,0
"locus005","locus013",0.783828,1,NA,1,1,NA,1,NA,1,0
"locus005","locus014",1,1,1,1,1,NA,1,NA,1,0
"locus005","locus022",1,1,NA,1,1,NA,1,NA,1,0
"locus005","locus024",0.702604,1,NA,1,1,1,1,NA,1,0
"locus005","locus025",1,1,NA,NA,1,NA,0.65588,NA,0.98788,0
"locus005","locus027",0.274402,0.08394,NA,NA,0.09378,NA,NA,NA,NA,0
"locus005","locus030",1,0.067596,1,NA,1,NA,1,NA,0.27759,0
"locus005","locus035",1,1,NA,NA,1,1,0.813432,NA,1,0
"locus005","locus038",1,1,NA,NA,1,NA,0.88729,NA,1,0
"locus005","locus039",0.27393,0.27393,NA,NA,1,NA,1,NA,1,0
"locus005","locus040",0.52721,1,NA,NA,1,NA,1,NA,1,0
"locus005","locus041",1,1,NA,NA,1,NA,1,NA,1,0
"locus005","locus045",0.83685,1,NA,NA,1,NA,1,NA,1,0
"locus005","locus047",0.9521,0.9521,NA,NA,0.9521,NA,0.9521,NA,0.9521,0
"locus005","locus048",1,1,NA,NA,1,NA,1,NA,1,0
"locus005","locus053",1,1,NA,NA,1,NA,1,NA,1,0
"locus005","locus055",1,1,NA,NA,1,NA,1,NA,1,0
"locus005","locus056",0.93433,1,NA,1,1,NA,1,NA,0.088512,0
"locus005","locus058",1,1,NA,1,0.480444,NA,0.480444,NA,1,0
"locus005","locus060",0.534228,1,NA,1,1,NA,1,NA,1,0
"locus005","locus061",1,NA,NA,NA,1,NA,0.567008,NA,0.567008,0
"locus005","locus062",1,0.798396,NA,1,1,NA,0.96287,NA,1,0
"locus005","locus064",1,1,NA,1,1,NA,0.135684,NA,0.75906,0
"locus005","locus065",1,1,NA,1,1,NA,1,NA,1,0
"locus005","locus073",1,0.130488,NA,1,1,NA,1,NA,1,0
"locus005","locus074",1,1,NA,1,1,NA,1,NA,0.659928,0
"locus005","locus076",0.204072,1,1,NA,1,NA,1,NA,1,0
"locus005","locus077",1,1,NA,1,1,NA,0.1194,NA,1,0
"locus005","locus080",1,1,NA,NA,1,NA,0.29034,NA,0.29034,0
"locus005","locus083",1,NA,NA,NA,1,NA,1,NA,1,0
"locus005","locus088",1,1,NA,NA,0.70975,NA,0.80784,NA,1,0
"locus005","locus093",1,1,1,NA,1,NA,1,NA,1,0
"locus005","locus096",1,0.45586,NA,NA,1,NA,1,NA,1,0
"locus005","locus098",1,1,1,NA,1,NA,1,NA,1,0
"locus005","locus100",1,0.3951,NA,NA,0.572336,NA,1,NA,1,0
"locus005","locus106",1,1,NA,NA,1,NA,1,NA,0.43168,0
"locus005","locus116",1,0.234036,NA,NA,1,1,0.8492,NA,1,0
"locus005","locus119",1,1,NA,NA,1,NA,1,NA,1,0
"locus005","locus120",0.54873,1,NA,NA,1,1,0.325428,NA,1,0
"locus005","locus128",1,1,NA,1,1,NA,1,NA,1,0
"locus005","locus129",1,1,NA,1,1,NA,1,NA,1,0
"locus005","locus130",1,NA,NA,NA,1,NA,0.16068,NA,1,0
"locus005","locus134",1,0.2274,NA,NA,1,1,1,NA,1,0
"locus005","locus135",0.587748,1,NA,1,1,NA,1,NA,1,0
"locus005","locus137",0.67232,0.142548,1,0.856254,1,NA,0.080864,NA,0.56095,0
"locus005","locus139",0.7737,1,NA,1,1,NA,1,NA,0.9224,0
"locus005","locus140",0.757548,1,NA,1,1,NA,1,NA,0.91749,0
"locus005","locus146",1,1,NA,1,1,NA,1,NA,1,0
"locus005","locus148",1,1,NA,1,1,NA,1,NA,1,0
"locus005","locus151",1,NA,NA,1,1,NA,0.0804,NA,1,0
"locus005","locus157",0.218776,NA,NA,NA,0.643716,NA,0.643716,NA,0.643716,0
"locus005","locus161",1,1,NA,1,1,NA,1,NA,1,0
"locus005","locus165",1,1,NA,NA,1,NA,1,NA,1,0
"locus005","locus170",1,1,NA,1,1,NA,0.962232,NA,1,0
"locus005","locus176",0.245994,NA,NA,NA,1,NA,0.245994,NA,0.187824,0
"locus005","locus186",0.185892,0.306968,NA,1,1,NA,0.28751,NA,0.322104,0
"locus005","locus189",0.750948,1,NA,NA,1,NA,1,1,1,0
"locus005","locus190",1,0.756672,NA,NA,0.70167,NA,0.324168,1,1,0
"locus005","locus191",1,NA,NA,NA,0.70553,NA,1,0.70553,1,0
"locus005","locus192",1,1,NA,NA,1,NA,1,1,1,0
"locus005","locus195",1,1,1,NA,1,NA,1,1,1,0
"locus005","locus202",1,1,NA,NA,0.856716,NA,1,1,1,0
"locus005","locus215",0.543736,NA,NA,NA,1,NA,1,1,0.41304,0
"locus005","locus227",1,1,1,NA,1,1,1,1,1,0
"locus005","locus231",1,1,1,NA,1,NA,1,NA,1,0
"locus005","locus235",1,1,NA,NA,1,NA,1,1,0.761928,0
"locus005","locus236",1,1,NA,NA,1,NA,1,1,1,0
"locus005","locus237",1,1,1,NA,1,NA,1,0.99694,1,0
"locus005","locus239",1,1,NA,NA,1,NA,1,1,1,0
"locus005","locus248",1,0.27435,NA,NA,1,NA,0.58728,1,0.054204,0
"locus005","locus256",0.808404,0.808404,NA,NA,0.47958,NA,0.541792,NA,0.808404,0
"locus005","locus263",0.915,0.07451,NA,NA,1,NA,1,NA,1,0
"locus005","locus264",0.94228,1,NA,NA,1,NA,1,NA,1,0
"locus005","locus274",1,1,NA,NA,1,NA,1,NA,1,0
"locus005","locus280",1,1,NA,NA,1,NA,0.17533,NA,1,0
"locus005","locus282",1,1,NA,NA,1,NA,1,NA,1,0
"locus005","locus286",1,1,NA,NA,1,NA,1,NA,1,0
"locus005","locus291",1,0.213696,NA,NA,1,1,1,NA,1,0
"locus005","locus292",0.84452,1,NA,NA,1,NA,1,NA,1,0
"locus005","locus296",1,1,NA,NA,1,NA,1,NA,1,0
"locus005","locus301",1,1,NA,NA,1,1,1,NA,1,0
"locus005","locus314",0.70427,1,NA,NA,1,NA,1,NA,1,0
"locus005","locus321",1,1,NA,NA,0.4696,NA,1,NA,0.91772,0
"locus005","locus322",1,1,NA,NA,0.70635,NA,0.70635,NA,0.814446,0
"locus005","locus323",1,1,NA,NA,1,NA,1,NA,1,0
"locus005","locus329",1,0.1641,NA,NA,1,NA,1,NA,1,0
"locus005","locus332",1,1,NA,NA,1,NA,0.62086,NA,1,0
"locus005","locus358",1,1,NA,NA,1,NA,1,NA,1,0
"locus005","locus359",1,1,NA,NA,1,NA,1,NA,1,0
"locus005","locus360",0.836544,0.987708,NA,NA,1,NA,0.987708,NA,0.05918,0
"locus006","locus008",1,1,NA,1,1,NA,1,NA,1,0
"locus006","locus013",1,1,NA,1,1,NA,1,NA,1,0
"locus006","locus014",1,1,1,1,1,NA,1,NA,0.36771,0
"locus006","locus022",1,0.8523,NA,1,0.8523,NA,1,NA,1,0
"locus006","locus024",0.793792,1,NA,0.793792,0.71901,NA,0.582504,NA,1,0
"locus006","locus025",1,1,NA,NA,1,NA,0.39152,NA,0.05227,0
"locus006","locus027",1,1,1,NA,1,NA,NA,NA,NA,0
"locus006","locus030",0.298128,1,1,NA,1,NA,1,NA,1,0
"locus006","locus035",1,1,NA,NA,1,1,1,NA,1,0
"locus006","locus038",1,0.423248,NA,NA,1,NA,0.34219,NA,1,0
"locus006","locus039",1,1,NA,NA,1,NA,1,NA,1,0
"locus006","locus040",1,1,NA,NA,1,NA,1,NA,1,0
"locus006","locus041",0.28127,0.965652,NA,NA,1,NA,1,NA,0.931672,0
"locus006","locus045",1,1,NA,NA,1,NA,0.423848,NA,0.13826,0
"locus006","locus047",1,1,NA,NA,1,NA,1,NA,1,0
"locus006","locus048",0.920472,0.848968,NA,NA,0.920472,NA,0.51473,NA,0.920472,0
"locus006","locus053",1,1,NA,NA,1,NA,1,NA,1,0
"locus006","locus055",1,1,NA,NA,0.577064,NA,1,NA,0.27021,0
"locus006","locus056",1,1,NA,1,1,NA,1,NA,1,0
"locus006","locus058",1,1,NA,1,1,NA,1,NA,1,0
"locus006","locus060",1,1,NA,1,1,NA,1,NA,1,0
"locus006","locus061",1,NA,1,NA,0.857508,NA,0.70739,NA,0.70739,0
"locus006","locus062",1,1,NA,1,1,NA,1,NA,1,0
"locus006","locus064",0.475236,0.253148,NA,1,1,1,1,NA,1,0
"locus006","locus065",1,1,NA,1,1,NA,1,NA,1,0
"locus006","locus073",1,0.601176,NA,1,1,NA,1,NA,1,0
"locus006","locus074",1,0.32756,NA,1,1,NA,0.191724,NA,0.674088,0
"locus006","locus076",1,1,1,NA,1,NA,1,NA,1,0
"locus006","locus077",1,1,NA,1,1,NA,1,NA,1,0
"locus006","locus080",0.46941,1,NA,NA,1,NA,1,NA,1,0
"locus006","locus083",1,NA,NA,NA,1,NA,1,NA,1,0
"locus006","locus088",1,1,NA,NA,1,NA,1,NA,1,0
"locus006","locus093",1,1,1,NA,1,NA,0.91529,NA,0.674508,0
"locus006","locus096",1,0.359448,NA,NA,1,1,1,NA,1,0
"locus006","locus098",1,1,1,NA,1,NA,1,NA,1,0
"locus006","locus106",1,1,NA,NA,1,NA,1,NA,1,0
"locus006","locus116",0.1801,0.248152,NA,NA,0.552988,NA,0.248152,NA,0.552988,0
"locus006","locus119",0.45017,0.792672,NA,NA,1,NA,0.98535,NA,0.98535,0
"locus006","locus120",1,1,NA,NA,1,NA,1,NA,1,0
"locus006","locus129",1,1,NA,1,1,NA,1,NA,1,0
"locus006","locus130",0.133584,NA,NA,NA,0.51684,NA,0.51684,NA,0.51684,0
"locus006","locus134",1,1,1,NA,1,1,1,NA,1,0
"locus006","locus135",1,1,NA,1,1,1,1,NA,1,0
"locus006","locus137",1,1,1,1,1,NA,1,NA,1,0
"locus006","locus139",1,1,NA,1,1,NA,1,NA,1,0
"locus006","locus140",1,1,NA,1,1,NA,1,NA,1,0
"locus006","locus146",1,1,NA,1,1,NA,1,NA,1,0
"locus006","locus148",1,1,NA,1,1,NA,1,NA,1,0
"locus006","locus151",1,NA,NA,1,0.856344,1,1,NA,1,0
"locus006","locus157",1,NA,NA,NA,1,NA,1,NA,1,0
"locus006","locus161",0.09258,1,NA,1,1,NA,1,NA,0.74641,0
"locus006","locus165",0.884456,1,NA,NA,1,NA,1,NA,0.8242,0
"locus006","locus170",1,1,NA,1,1,NA,1,NA,1,0
"locus006","locus176",1,NA,NA,NA,0.579776,NA,1,NA,1,0
"locus006","locus184",1,1,NA,1,1,NA,1,NA,1,0
"locus006","locus186",1,1,NA,1,1,NA,1,NA,1,0
"locus006","locus188",1,0.17633,NA,NA,1,NA,1,NA,0.235744,0
"locus006","locus189",1,1,NA,NA,1,NA,1,1,1,0
"locus006","locus191",1,NA,NA,NA,1,NA,1,1,1,0
"locus006","locus192",1,1,NA,NA,1,NA,1,1,1,0
"locus006","locus195",1,1,1,NA,0.664972,NA,1,1,1,0
"locus006","locus202",1,1,NA,NA,1,NA,1,1,1,0
"locus006","locus215",1,NA,NA,NA,1,NA,1,1,1,0
"locus006","locus227",1,1,1,NA,1,NA,1,1,1,0
"locus006","locus231",0.477944,1,NA,NA,1,NA,0.12066,NA,1,0
"locus006","locus235",1,1,NA,NA,1,1,1,1,1,0
"locus006","locus236",1,1,NA,NA,1,NA,1,1,1,0
"locus006","locus237",1,1,1,NA,1,NA,1,1,1,0
"locus006","locus239",1,1,NA,NA,1,NA,1,1,1,0
"locus006","locus248",1,1,NA,NA,0.2832,NA,0.32285,1,1,0
"locus006","locus256",1,1,NA,NA,1,NA,1,NA,0.48384,0
"locus006","locus263",1,1,NA,NA,1,NA,1,NA,1,0
"locus006","locus264",1,1,NA,NA,1,NA,0.09956,NA,1,0
"locus006","locus274",1,1,NA,NA,1,NA,0.68722,NA,0.823392,0
"locus006","locus280",1,0.9853,NA,NA,1,NA,1,NA,1,0
"locus006","locus282",1,1,NA,NA,0.71369,NA,1,NA,1,0
"locus006","locus286",1,1,NA,NA,1,NA,1,NA,1,0
"locus006","locus291",1,1,NA,NA,1,NA,1,NA,1,0
"locus006","locus292",1,1,NA,NA,1,NA,0.99576,NA,1,0
"locus006","locus296",1,1,NA,NA,1,NA,1,NA,1,0
"locus006","locus301",1,0.80482,NA,NA,1,NA,1,NA,1,0
"locus006","locus314",1,0.09842,NA,NA,1,NA,1,NA,1,0
"locus006","locus321",1,1,NA,NA,1,NA,0.12146,NA,1,0
"locus006","locus322",1,1,NA,NA,0.70656,NA,1,NA,1,0
"locus006","locus323",0.83238,1,NA,NA,1,1,0.055728,NA,1,0
"locus006","locus329",1,0.19203,NA,NA,1,NA,1,NA,1,0
"locus006","locus332",0.724956,1,NA,NA,0.724956,1,1,NA,1,0
"locus006","locus358",0.975256,0.59385,NA,NA,1,NA,1,NA,1,0
"locus006","locus359",1,1,NA,NA,1,NA,1,NA,1,0
"locus006","locus360",0.24508,1,NA,NA,1,NA,1,NA,1,0
"locus008","locus013",1,1,NA,1,0.7452,NA,1,NA,0.90703,0
"locus008","locus014",1,1,1,1,1,NA,1,NA,1,0
"locus008","locus022",0.31528,1,NA,1,1,NA,0.238488,NA,1,0
"locus008","locus024",1,1,NA,1,1,NA,1,NA,1,0
"locus008","locus025",1,1,NA,NA,1,NA,1,NA,1,0
"locus008","locus027",1,1,1,NA,1,NA,NA,NA,NA,0
"locus008","locus030",0.93229,0.93229,1,NA,0.229104,NA,1,NA,1,0
"locus008","locus035",1,0.83471,NA,NA,0.569064,1,0.84272,NA,1,0
"locus008","locus038",1,0.43195,NA,NA,1,NA,1,NA,1,0
"locus008","locus040",1,1,NA,NA,1,NA,1,NA,1,0
"locus008","locus041",0.69776,1,NA,NA,1,NA,0.50676,NA,1,0
"locus008","locus045",1,1,NA,NA,1,NA,1,NA,0.96864,0
"locus008","locus047",1,1,NA,NA,1,NA,0.37309,NA,1,0
"locus008","locus053",1,0.72709,NA,NA,1,NA,1,NA,1,0
"locus008","locus055",1,0.256992,NA,NA,1,NA,0.06296,NA,1,0
"locus008","locus056",1,1,NA,1,1,NA,1,NA,1,0
"locus008","locus058",1,1,NA,1,1,NA,1,NA,1,0
"locus008","locus060",0.596484,1,NA,1,1,NA,1,NA,1,0
"locus008","locus061",1,NA,1,NA,1,NA,0.0718,NA,1,0
"locus008","locus062",1,1,NA,1,1,NA,1,NA,1,0
"locus008","locus064",1,0.935662,NA,1,1,1,1,NA,1,0
"locus008","locus065",1,1,NA,1,1,NA,1,NA,1,0
"locus008","locus073",1,0.190512,NA,1,1,NA,1,NA,1,0
"locus008","locus074",1,1,NA,0.288768,1,NA,1,NA,0.94179,0
"locus008","locus076",1,1,1,NA,1,NA,1,NA,1,0
"locus008","locus077",1,1,NA,1,1,NA,1,NA,1,0
"locus008","locus080",1,0.50342,NA,NA,1,NA,0.989064,NA,1,0
"locus008","locus083",1,NA,NA,NA,1,NA,1,NA,1,0
"locus008","locus088",0.71581,0.71581,NA,NA,1,NA,1,NA,1,0
"locus008","locus093",0.297024,1,1,NA,1,NA,1,NA,1,0
"locus008","locus096",1,1,NA,NA,1,1,1,NA,0.156348,0
"locus008","locus098",1,1,1,NA,1,NA,1,NA,1,0
"locus008","locus100",1,1,NA,NA,0.71607,NA,1,NA,1,0
"locus008","locus106",1,0.48578,NA,NA,1,NA,0.987396,NA,0.662264,0
"locus008","locus116",1,1,NA,NA,1,NA,1,NA,1,0
"locus008","locus119",0.848508,0.848508,NA,NA,0.708762,NA,0.53771,NA,0.53771,0
"locus008","locus120",1,0.602248,NA,NA,1,NA,0.06117,NA,1,0
"locus008","locus128",1,1,NA,1,1,NA,1,NA,1,0
"locus008","locus129",1,1,NA,1,0.569616,NA,1,NA,1,0
"locus008","locus130",0.104952,NA,NA,NA,1,NA,1,NA,1,0
"locus008","locus134",1,1,1,NA,1,1,1,NA,1,0
"locus008","locus135",1,1,NA,1,1,1,1,NA,1,0
"locus008","locus137",1,1,1,1,1,NA,0.368172,NA,0.368172,0
"locus008","locus139",1,1,NA,1,1,NA,1,NA,1,0
"locus008","locus140",1,1,NA,1,1,NA,1,NA,1,0
"locus008","locus146",1,0.78936,NA,1,1,NA,1,NA,1,0
"locus008","locus151",1,NA,NA,1,0.753072,1,1,NA,1,0
"locus008","locus157",0.157656,NA,NA,NA,1,NA,0.323748,NA,1,0
"locus008","locus161",1,0.971256,NA,1,1,NA,1,NA,1,0
"locus008","locus165",1,1,NA,NA,1,NA,1,NA,1,0
"locus008","locus170",1,1,NA,1,1,NA,1,NA,1,0
"locus008","locus176",1,NA,NA,NA,1,NA,1,NA,1,0
"locus008","locus184",1,1,NA,1,1,NA,1,NA,1,0
"locus008","locus186",1,1,NA,0.991824,1,NA,0.991824,NA,1,0
"locus008","locus188",0.718264,1,NA,NA,0.70657,NA,1,NA,1,0
"locus008","locus189",0.36473,1,NA,NA,0.234648,NA,0.451352,1,0.903546,0
"locus008","locus190",0.5188,0.246972,NA,NA,0.72404,NA,0.72404,1,0.72404,0
"locus008","locus191",0.688008,NA,NA,NA,0.19032,NA,0.85688,0.85688,0.54388,0
"locus008","locus192",1,1,NA,NA,1,NA,1,1,1,0
"locus008","locus195",1,1,1,NA,1,NA,1,1,1,0
"locus008","locus202",1,1,NA,NA,1,NA,1,1,1,0
"locus008","locus215",1,NA,NA,NA,1,NA,1,1,1,0
"locus008","locus227",1,1,1,NA,1,NA,1,1,1,0
"locus008","locus231",1,1,NA,NA,1,NA,1,NA,1,0
"locus008","locus235",0.953512,1,NA,NA,1,1,1,1,1,0
"locus008","locus236",1,1,NA,NA,1,NA,1,0.862668,1,0
"locus008","locus237",1,1,1,NA,1,NA,1,1,1,0
"locus008","locus248",1,1,NA,NA,1,NA,0.17808,1,1,0
"locus008","locus256",1,1,NA,NA,1,NA,1,NA,0.30163,0
"locus008","locus263",1,0.26999,NA,NA,1,NA,1,NA,1,0
"locus008","locus264",1,1,NA,NA,1,NA,1,NA,0.06293,0
"locus008","locus274",1,1,NA,NA,1,NA,1,NA,1,0
"locus008","locus280",0.78546,0.958812,NA,NA,0.269384,NA,0.958812,NA,0.18196,0
"locus008","locus282",1,1,NA,NA,1,NA,1,NA,1,0
"locus008","locus286",0.93887,1,NA,NA,1,NA,0.93887,NA,0.93887,0
"locus008","locus291",1,1,NA,NA,1,NA,1,NA,1,0
"locus008","locus292",0.0751,1,NA,NA,1,NA,1,NA,0.471976,0
"locus008","locus296",1,1,NA,NA,1,NA,1,NA,1,0
"locus008","locus301",1,1,NA,NA,1,NA,1,NA,1,0
"locus008","locus314",1,1,NA,NA,0.47156,NA,1,NA,1,0
"locus008","locus321",0.16304,1,NA,NA,0.344496,NA,1,NA,1,0
"locus008","locus322",0.78047,1,NA,NA,1,NA,1,NA,1,0
"locus008","locus323",0.255564,1,NA,NA,0.70771,1,0.708984,NA,1,0
"locus008","locus329",0.61555,0.61555,NA,NA,1,NA,1,NA,1,0
"locus008","locus332",1,1,NA,NA,1,1,1,NA,1,0
"locus008","locus358",0.3,0.846312,NA,NA,0.846312,NA,0.726312,NA,0.846312,0
"locus008","locus359",1,1,NA,NA,1,NA,1,NA,1,0
"locus008","locus360",0.19084,0.19084,NA,NA,1,NA,1,NA,0.790386,0
"locus013","locus014",1,1,1,1,0.975198,NA,1,NA,1,0
"locus013","locus022",1,0.72972,NA,1,1,NA,1,NA,0.632604,0
"locus013","locus024",1,1,NA,1,1,NA,1,NA,1,0
"locus013","locus025",0.982836,0.70672,NA,NA,0.70672,NA,0.982836,NA,0.7503,0
"locus013","locus027",1,1,1,NA,1,NA,NA,NA,NA,0
"locus013","locus035",1,0.940548,NA,NA,1,1,0.940548,NA,1,0
"locus013","locus038",0.984152,0.925602,NA,NA,0.58118,NA,0.984152,NA,0.58118,0
"locus013","locus039",1,1,NA,NA,1,NA,0.47294,NA,1,0
"locus013","locus040",1,1,NA,NA,1,NA,1,NA,1,0
"locus013","locus041",1,1,NA,NA,0.997422,NA,0.39339,NA,0.947384,0
"locus013","locus045",1,0.09163,NA,NA,1,NA,0.3891,NA,0.203608,0
"locus013","locus047",1,1,NA,NA,1,NA,1,NA,1,0
"locus013","locus048",1,1,NA,NA,1,NA,1,NA,1,0
"locus013","locus053",1,1,NA,NA,1,NA,1,NA,1,0
"locus013","locus055",1,1,NA,NA,1,NA,0.07541,NA,1,0
"locus013","locus056",0.91614,1,NA,1,1,1,1,NA,0.329546,0
"locus013","locus058",1,0.468732,NA,0.487096,1,NA,0.468732,NA,1,0
"locus013","locus060",0.863112,1,NA,0.863112,1,NA,1,NA,1,0
"locus013","locus061",0.85792,NA,1,NA,1,NA,0.889632,NA,1,0
"locus013","locus062",0.527112,1,NA,1,1,NA,1,NA,1,0
"locus013","locus064",1,1,NA,1,0.990094,1,1,NA,1,0
"locus013","locus065",0.097776,1,NA,1,1,NA,1,NA,1,0
"locus013","locus073",0.273612,1,NA,1,1,NA,1,NA,1,0
"locus013","locus074",1,1,NA,1,1,NA,1,NA,1,0
"locus013","locus076",1,1,1,NA,1,NA,0.764724,NA,1,0
"locus013","locus077",0.057096,1,NA,1,1,NA,1,NA,1,0
"locus013","locus080",0.11131,1,NA,NA,1,NA,1,NA,1,0
"locus013","locus083",1,NA,NA,NA,1,NA,1,NA,1,0
"locus013","locus088",1,1,NA,NA,1,NA,1,NA,1,0
"locus013","locus093",1,1,1,NA,1,NA,1,NA,1,0
"locus013","locus098",0.071436,1,1,NA,1,NA,0.24141,NA,1,0
"locus013","locus100",1,1,NA,NA,1,NA,1,NA,1,0
"locus013","locus106",1,0.31851,NA,NA,1,NA,0.31851,NA,1,0
"locus013","locus116",1,0.72363,NA,NA,1,NA,1,NA,1,0
"locus013","locus119",0.66508,0.22508,NA,NA,0.66508,NA,0.233944,NA,0.355806,0
"locus013","locus120",1,1,NA,NA,1,NA,1,NA,1,0
"locus013","locus128",1,1,NA,1,1,NA,0.312228,NA,1,0
"locus013","locus129",0.755376,1,NA,1,0.755376,NA,1,NA,0.755376,0
"locus013","locus130",1,NA,NA,NA,1,NA,1,NA,1,0
"locus013","locus134",1,1,1,NA,1,1,1,NA,1,0
"locus013","locus135",1,1,NA,1,1,NA,1,NA,1,0
"locus013","locus137",1,1,1,1,1,NA,1,NA,1,0
"locus013","locus139",0.186696,1,NA,1,1,NA,1,NA,0.25191,0
"locus013","locus140",0.181248,1,NA,1,1,NA,1,NA,0.25256,0
"locus013","locus146",1,1,NA,1,1,NA,1,NA,1,0
"locus013","locus148",1,1,NA,1,0.67566,NA,1,NA,0.67566,0
"locus013","locus151",1,NA,NA,1,1,NA,1,NA,1,0
"locus013","locus157",1,NA,NA,NA,1,NA,1,NA,1,0
"locus013","locus161",1,1,NA,0.292644,1,NA,1,NA,0.64191,0
"locus013","locus165",1,1,NA,NA,1,NA,1,NA,1,0
"locus013","locus170",1,1,NA,1,1,NA,0.767388,NA,1,0
"locus013","locus176",0.99612,NA,NA,NA,1,NA,0.415224,NA,1,0
"locus013","locus184",0.54018,1,NA,1,1,NA,1,NA,1,0
"locus013","locus186",1,1,NA,1,1,NA,1,NA,1,0
"locus013","locus189",1,0.19175,NA,NA,0.269376,NA,1,1,0.113772,0
"locus013","locus190",1,1,NA,NA,1,NA,1,1,1,0
"locus013","locus191",1,NA,NA,NA,1,NA,0.50527,1,1,0
"locus013","locus192",1,1,NA,NA,1,NA,1,1,1,0
"locus013","locus195",1,0.28903,1,NA,1,NA,1,1,1,0
"locus013","locus202",1,1,NA,NA,1,NA,1,1,1,0
"locus013","locus215",1,NA,NA,NA,1,NA,1,0.19452,1,0
"locus013","locus227",1,1,1,NA,1,NA,1,0.194908,1,0
"locus013","locus235",1,0.38136,NA,NA,1,1,1,1,1,0
"locus013","locus236",1,1,NA,NA,1,NA,1,0.868704,1,0
"locus013","locus237",1,1,1,NA,1,NA,1,1,0.977802,0
"locus013","locus239",1,1,NA,NA,1,NA,1,1,1,0
"locus013","locus248",1,0.837804,NA,NA,1,NA,1,1,1,0
"locus013","locus263",1,1,NA,NA,1,NA,1,NA,1,0
"locus013","locus264",1,1,NA,NA,1,NA,0.69941,NA,1,0
"locus013","locus274",1,0.44625,NA,NA,0.487904,NA,1,NA,0.72399,0
"locus013","locus282",1,1,NA,NA,1,NA,1,NA,1,0
"locus013","locus286",1,1,NA,NA,1,NA,1,NA,1,0
"locus013","locus291",1,0.63729,NA,NA,1,NA,1,NA,1,0
"locus013","locus292",1,1,NA,NA,1,NA,1,NA,1,0
"locus013","locus296",1,1,NA,NA,0.71598,NA,1,NA,1,0
"locus013","locus301",1,1,NA,NA,1,NA,1,NA,1,0
"locus013","locus314",1,1,NA,NA,1,NA,1,NA,1,0
"locus013","locus321",1,1,NA,NA,1,NA,0.4157,NA,1,0
"locus013","locus322",1,1,NA,NA,1,NA,1,NA,1,0
"locus013","locus323",1,0.34967,NA,NA,1,NA,1,NA,1,0
"locus013","locus329",0.31599,1,NA,NA,1,NA,1,NA,1,0
"locus013","locus332",1,1,NA,NA,1,1,0.611616,NA,1,0
"locus013","locus358",1,1,NA,NA,1,NA,1,NA,0.64245,0
"locus013","locus359",1,1,NA,NA,1,NA,1,NA,0.66684,0
"locus013","locus360",1,1,NA,NA,1,NA,1,NA,0.68923,0
"locus014","locus022",1,1,NA,0.738144,1,NA,1,NA,0.738144,0
"locus014","locus024",1,0.285072,NA,1,1,NA,1,NA,0.285072,0
"locus014","locus025",1,1,NA,NA,0.285624,1,1,NA,0.35287,0
"locus014","locus035",1,1,NA,NA,1,1,1,NA,1,0
"locus014","locus038",0.4134,0.859944,NA,NA,0.859944,NA,1,NA,1,0
"locus014","locus039",1,1,NA,NA,1,NA,0.29267,NA,1,0
"locus014","locus040",0.06331,0.897084,NA,NA,1,NA,0.26072,NA,1,0
"locus014","locus041",1,0.838632,NA,NA,1,NA,0.66205,NA,1,0
"locus014","locus047",1,1,NA,NA,0.47731,NA,1,NA,1,0
"locus014","locus048",1,1,NA,NA,1,NA,1,NA,0.18305,0
"locus014","locus053",1,1,NA,NA,1,NA,1,NA,1,0
"locus014","locus055",0.33152,0.59876,NA,NA,1,NA,1,NA,0.59876,0
"locus014","locus056",1,1,NA,1,1,NA,1,NA,1,0
"locus014","locus058",1,1,NA,1,1,NA,1,NA,1,0
"locus014","locus060",1,0.252876,NA,1,1,NA,1,NA,1,0
"locus014","locus061",1,NA,1,NA,1,NA,1,NA,1,0
"locus014","locus062",1,1,NA,1,1,NA,1,NA,1,0
"locus014","locus064",1,1,NA,1,0.28236,NA,1,NA,1,0
"locus014","locus065",1,1,NA,1,1,NA,0.844584,NA,1,0
"locus014","locus073",1,1,NA,1,1,NA,1,NA,1,0
"locus014","locus074",1,0.52307,NA,1,1,NA,1,NA,0.304668,0
"locus014","locus076",1,1,1,NA,0.571956,NA,1,NA,1,0
"locus014","locus077",1,0.93721,NA,1,0.859584,NA,1,NA,1,0
"locus014","locus080",1,0.77256,NA,NA,1,1,1,NA,0.77256,0
"locus014","locus083",1,NA,NA,NA,1,NA,1,NA,0.321112,0
"locus014","locus088",1,1,NA,NA,1,NA,1,NA,1,0
"locus014","locus093",1,1,1,NA,1,NA,1,NA,1,0
"locus014","locus096",1,1,NA,NA,1,NA,0.92827,NA,1,0
"locus014","locus098",1,1,1,NA,1,NA,1,NA,1,0
"locus014","locus100",1,1,NA,NA,1,NA,1,NA,1,0
"locus014","locus106",1,1,NA,NA,1,NA,1,NA,1,0
"locus014","locus116",1,1,NA,NA,1,NA,1,NA,1,0
"locus014","locus119",1,1,NA,NA,1,NA,1,NA,1,0
"locus014","locus128",1,1,NA,1,1,NA,0.137328,NA,1,0
"locus014","locus129",1,1,NA,1,1,NA,1,NA,1,0
"locus014","locus130",0.825864,NA,NA,NA,1,NA,0.116816,NA,0.589608,0
"locus014","locus134",1,1,1,NA,1,1,1,NA,1,0
"locus014","locus135",1,1,NA,1,1,NA,1,NA,1,0
"locus014","locus137",1,1,1,1,0.323176,NA,1,NA,1,0
"locus014","locus139",1,0.304704,NA,1,1,NA,0.4882,NA,1,0
"locus014","locus140",1,0.314964,NA,1,1,NA,0.47726,NA,1,0
"locus014","locus146",0.882972,1,NA,1,1,NA,1,NA,1,0
"locus014","locus148",1,1,NA,1,1,NA,1,NA,1,0
"locus014","locus151",1,NA,NA,1,1,NA,1,NA,1,0
"locus014","locus157",1,NA,NA,NA,1,NA,1,NA,1,0
"locus014","locus161",1,1,NA,1,1,NA,1,NA,1,0
"locus014","locus170",1,1,NA,1,1,NA,1,NA,1,0
"locus014","locus176",0.721256,NA,NA,NA,1,NA,1,NA,1,0
"locus014","locus184",1,1,NA,1,1,1,1,NA,1,0
"locus014","locus186",1,1,NA,1,1,NA,0.64482,NA,1,0
"locus014","locus188",1,1,NA,NA,1,NA,1,NA,1,0
"locus014","locus189",1,1,NA,NA,1,NA,1,1,1,0
"locus014","locus190",1,1,NA,NA,1,NA,0.618384,1,1,0
"locus014","locus192",1,1,NA,NA,1,NA,1,1,1,0
"locus014","locus195",1,1,1,NA,1,NA,1,1,1,0
"locus014","locus202",1,1,NA,NA,0.85686,NA,1,1,1,0
"locus014","locus215",1,NA,NA,NA,1,NA,0.69668,1,1,0
"locus014","locus227",1,1,1,NA,1,NA,1,1,1,0
"locus014","locus231",1,1,NA,NA,1,NA,0.73676,NA,1,0
"locus014","locus235",1,1,NA,NA,1,NA,1,1,1,0
"locus014","locus236",1,1,NA,NA,1,NA,1,1,1,0
"locus014","locus237",1,1,1,NA,1,NA,1,1,1,0
"locus014","locus239",0.725616,0.45815,NA,NA,0.573312,NA,0.169872,1,0.615054,0
"locus014","locus248",1,1,NA,NA,1,NA,1,1,1,0
"locus014","locus256",1,0.61024,NA,NA,1,NA,1,NA,1,0
"locus014","locus263",1,0.64447,NA,NA,1,NA,1,NA,1,0
"locus014","locus264",0.696492,1,NA,NA,0.570624,1,0.24997,NA,0.157344,0
"locus014","locus280",1,1,NA,NA,1,NA,0.59614,NA,1,0
"locus014","locus282",1,1,NA,NA,1,NA,1,NA,0.83983,0
"locus014","locus286",1,1,NA,NA,1,NA,1,NA,1,0
"locus014","locus291",0.59209,1,NA,NA,1,NA,1,NA,1,0
"locus014","locus292",1,1,NA,NA,1,NA,1,NA,1,0
"locus014","locus296",1,1,NA,NA,0.23184,NA,1,NA,1,0
"locus014","locus301",0.37889,0.861642,NA,NA,0.861642,NA,0.861642,NA,0.38772,0
"locus014","locus314",1,1,NA,NA,1,NA,1,NA,1,0
"locus014","locus321",1,1,NA,NA,1,NA,1,NA,1,0
"locus014","locus322",1,0.1191,NA,NA,1,NA,0.723296,NA,1,0
"locus014","locus323",1,1,NA,NA,1,NA,0.77587,NA,1,0
"locus014","locus329",1,1,NA,NA,1,NA,0.54503,NA,1,0
"locus014","locus332",0.704184,1,NA,NA,1,NA,0.09734,NA,1,0
"locus014","locus358",1,1,NA,NA,1,NA,1,NA,1,0
"locus014","locus359",1,1,NA,NA,1,NA,0.71324,NA,1,0
"locus014","locus360",1,0.285754,1,NA,1,1,0.643284,NA,1,0
"locus022","locus024",1,0.273468,NA,1,1,NA,1,NA,1,0
"locus022","locus025",1,1,NA,NA,1,1,0.11448,NA,1,0
"locus022","locus027",0.793342,0.34302,NA,NA,0.744,NA,NA,NA,NA,0
"locus022","locus030",1,1,1,NA,1,1,1,NA,1,0
"locus022","locus035",1,1,NA,NA,1,1,1,NA,1,0
"locus022","locus038",1,1,NA,NA,1,1,1,NA,1,0
"locus022","locus039",1,1,NA,NA,1,NA,0.62486,NA,1,0
"locus022","locus040",1,1,NA,NA,1,NA,1,NA,1,0
"locus022","locus041",0.42191,1,NA,NA,1,NA,1,NA,1,0
"locus022","locus045",1,1,NA,NA,1,1,1,NA,1,0
"locus022","locus047",1,1,NA,NA,1,NA,1,NA,1,0
"locus022","locus053",1,1,NA,NA,1,NA,1,NA,1,0
"locus022","locus055",1,1,NA,NA,1,NA,1,NA,0.10575,0
"locus022","locus056",1,0.702012,NA,1,1,NA,1,NA,1,0
"locus022","locus058",1,1,NA,1,1,NA,1,NA,1,0
"locus022","locus060",1,1,NA,1,1,NA,1,NA,1,0
"locus022","locus061",0.461376,NA,NA,NA,0.461376,NA,0.377928,NA,0.461376,0
"locus022","locus062",1,1,NA,1,1,NA,1,NA,0.174804,0
"locus022","locus064",1,1,NA,1,1,NA,1,NA,1,0
"locus022","locus065",1,1,NA,1,1,NA,1,NA,1,0
"locus022","locus073",0.29088,0.16247,NA,0.104352,1,NA,1,NA,1,0
"locus022","locus074",1,1,NA,1,1,NA,1,NA,1,0
"locus022","locus076",1,1,NA,NA,1,NA,1,NA,1,0
"locus022","locus077",1,1,NA,1,1,NA,0.297432,NA,0.7755,0
"locus022","locus080",1,1,NA,NA,1,1,1,NA,1,0
"locus022","locus083",0.199386,NA,NA,NA,1,NA,1,NA,0.132856,0
"locus022","locus088",1,1,NA,NA,1,NA,1,NA,1,0
"locus022","locus093",0.0795,1,1,NA,1,NA,1,NA,0.55038,0
"locus022","locus098",0.464868,1,1,NA,1,NA,1,NA,1,0
"locus022","locus100",1,0.362376,NA,NA,1,NA,0.20726,NA,1,0
"locus022","locus106",1,1,NA,NA,1,NA,1,NA,1,0
"locus022","locus116",1,1,NA,NA,1,NA,1,NA,1,0
"locus022","locus119",1,1,NA,NA,1,NA,1,NA,1,0
"locus022","locus120",1,1,NA,NA,1,NA,0.75007,NA,1,0
"locus022","locus128",1,1,NA,1,1,NA,1,NA,1,0
"locus022","locus129",1,1,NA,1,1,NA,1,NA,1,0
"locus022","locus130",0.51416,NA,NA,NA,1,NA,1,NA,1,0
"locus022","locus134",1,1,NA,NA,1,1,0.979908,NA,1,0
"locus022","locus135",0.43317,1,NA,1,1,NA,0.43317,NA,0.326928,0
"locus022","locus137",1,1,1,1,1,NA,1,NA,1,0
"locus022","locus139",1,1,NA,1,1,NA,1,NA,1,0
"locus022","locus140",1,1,NA,1,1,NA,1,NA,1,0
"locus022","locus148",0.222972,1,NA,0.948,1,NA,0.949488,NA,0.80343,0
"locus022","locus151",1,NA,NA,1,1,NA,0.83478,NA,1,0
"locus022","locus157",1,NA,NA,NA,1,NA,1,NA,1,0
"locus022","locus161",0.250128,1,NA,1,1,NA,0.250128,NA,1,0
"locus022","locus165",0.45567,1,NA,NA,1,NA,1,NA,1,0
"locus022","locus170",1,1,NA,1,1,NA,1,NA,1,0
"locus022","locus176",1,NA,NA,NA,1,NA,0.844792,NA,1,0
"locus022","locus184",1,1,NA,1,1,1,1,NA,1,0
"locus022","locus186",1,0.781536,NA,1,1,NA,1,NA,1,0
"locus022","locus188",1,1,NA,NA,1,NA,1,NA,1,0
"locus022","locus189",1,1,NA,NA,1,NA,1,1,1,0
"locus022","locus190",1,1,NA,NA,1,NA,1,1,1,0
"locus022","locus191",1,NA,NA,NA,1,NA,1,0.61338,1,0
"locus022","locus192",0.782592,0.46631,NA,NA,1,NA,1,1,0.287676,0
"locus022","locus195",1,0.624652,1,NA,0.691248,NA,1,1,1,0
"locus022","locus202",1,1,NA,NA,1,NA,1,1,1,0
"locus022","locus215",1,NA,NA,NA,1,NA,1,1,1,0
"locus022","locus227",0.520002,1,1,NA,1,NA,1,1,1,0
"locus022","locus231",0.607,0.607,NA,NA,1,NA,0.607,NA,0.607,0
"locus022","locus235",1,1,NA,NA,1,NA,1,1,1,0
"locus022","locus236",1,1,NA,NA,1,NA,0.624756,1,1,0
"locus022","locus237",1,1,1,NA,1,NA,1,1,0.063938,0
"locus022","locus239",1,1,NA,NA,1,NA,1,1,1,0
"locus022","locus248",1,1,NA,NA,0.71529,NA,0.355596,1,1,0
"locus022","locus256",0.534208,1,NA,NA,1,NA,0.29463,NA,1,0
"locus022","locus263",1,1,NA,NA,1,NA,0.31939,NA,1,0
"locus022","locus264",1,1,NA,NA,1,1,1,NA,0.459036,0
"locus022","locus274",1,1,NA,NA,1,NA,1,NA,0.08574,0
"locus022","locus280",0.55255,1,NA,NA,0.951204,1,0.55255,NA,0.55194,0
"locus022","locus282",1,1,NA,NA,1,NA,1,NA,1,0
"locus022","locus286",1,1,NA,NA,1,NA,0.40621,NA,1,0
"locus022","locus291",1,1,NA,NA,1,NA,1,NA,1,0
"locus022","locus292",1,0.13973,NA,NA,1,NA,0.30616,NA,1,0
"locus022","locus296",0.25277,1,NA,NA,1,NA,1,NA,1,0
"locus022","locus301",1,0.84044,1,NA,1,NA,0.803328,NA,1,0
"locus022","locus314",1,1,NA,NA,1,NA,1,NA,1,0
"locus022","locus321",0.1826,0.913136,NA,NA,1,NA,1,NA,1,0
"locus022","locus322",1,1,NA,NA,1,NA,1,NA,1,0
"locus022","locus323",1,0.77779,NA,NA,1,NA,1,NA,1,0
"locus022","locus329",1,1,NA,NA,1,NA,1,NA,1,0
"locus022","locus332",1,1,NA,NA,1,NA,1,NA,1,0
"locus022","locus358",1,1,NA,NA,1,NA,1,NA,0.13784,0
"locus022","locus359",1,1,NA,NA,1,NA,1,NA,1,0
"locus022","locus360",0.16093,0.16093,NA,NA,1,NA,1,NA,1,0
"locus024","locus025",1,1,NA,NA,1,1,1,NA,1,0
"locus024","locus027",1,1,NA,NA,1,NA,NA,NA,NA,0
"locus024","locus030",1,0.155778,1,NA,1,1,1,NA,1,0
"locus024","locus035",1,1,NA,NA,1,1,1,NA,1,0
"locus024","locus038",1,1,NA,NA,1,1,1,NA,1,0
"locus024","locus039",1,1,NA,NA,1,NA,1,NA,1,0
"locus024","locus040",1,1,NA,NA,1,NA,1,NA,1,0
"locus024","locus041",0.24894,1,NA,NA,1,NA,1,NA,1,0
"locus024","locus045",1,0.386868,NA,NA,1,1,1,NA,1,0
"locus024","locus047",1,1,NA,NA,1,NA,1,NA,1,0
"locus024","locus048",0.85292,1,NA,NA,1,NA,1,NA,1,0
"locus024","locus053",1,1,NA,NA,1,NA,1,NA,1,0
"locus024","locus055",1,1,NA,NA,0.14429,NA,1,NA,1,0
"locus024","locus056",1,1,NA,1,1,NA,1,NA,1,0
"locus024","locus058",1,1,NA,1,0.763692,NA,1,NA,0.763692,0
"locus024","locus060",1,1,NA,1,1,NA,1,NA,1,0
"locus024","locus061",1,NA,NA,NA,1,NA,1,NA,1,0
"locus024","locus062",1,1,NA,1,1,NA,1,NA,1,0
"locus024","locus064",1,0.28602,NA,1,1,NA,1,NA,1,0
"locus024","locus065",1,1,NA,1,1,NA,1,NA,1,0
"locus024","locus073",1,1,NA,1,1,NA,1,NA,1,0
"locus024","locus074",0.542508,1,NA,1,1,NA,1,NA,1,0
"locus024","locus076",1,0.53913,NA,NA,1,NA,1,NA,1,0
"locus024","locus077",1,1,NA,1,0.861396,NA,1,NA,1,0
"locus024","locus080",1,1,NA,NA,1,1,1,NA,1,0
"locus024","locus083",0.27357,NA,NA,NA,1,NA,0.078248,NA,0.27357,0
"locus024","locus088",1,1,NA,NA,1,NA,1,NA,1,0
"locus024","locus093",1,1,1,NA,1,NA,1,NA,1,0
"locus024","locus096",1,1,NA,NA,1,NA,1,NA,1,0
"locus024","locus098",1,1,1,NA,1,NA,1,NA,1,0
"locus024","locus100",1,1,NA,NA,1,NA,0.6748,NA,1,0
"locus024","locus106",1,1,NA,NA,1,NA,0.29192,NA,1,0
"locus024","locus116",0.62976,1,NA,NA,1,NA,1,NA,1,0
"locus024","locus119",1,1,NA,NA,1,NA,1,NA,1,0
"locus024","locus120",1,1,NA,NA,1,NA,1,NA,1,0
"locus024","locus128",1,1,NA,1,1,NA,0.43938,NA,1,0
"locus024","locus129",1,1,NA,1,1,NA,1,NA,1,0
"locus024","locus130",1,NA,NA,NA,1,NA,1,NA,1,0
"locus024","locus134",1,1,NA,NA,1,1,0.810444,NA,1,0
"locus024","locus135",1,1,NA,1,1,NA,1,NA,1,0
"locus024","locus137",1,1,1,1,1,NA,0.490084,NA,1,0
"locus024","locus139",0.84528,1,NA,1,1,NA,1,NA,1,0
"locus024","locus140",0.839664,1,NA,0.99787,1,NA,1,NA,1,0
"locus024","locus146",1,0.48308,NA,1,1,NA,1,NA,0.246768,0
"locus024","locus148",1,1,NA,1,1,NA,1,NA,1,0
"locus024","locus151",0.69215,NA,NA,1,1,NA,1,NA,1,0
"locus024","locus157",0.99618,NA,NA,NA,0.99618,NA,0.435896,NA,1,0
"locus024","locus161",1,1,NA,1,1,NA,1,NA,1,0
"locus024","locus165",0.384696,0.22407,NA,NA,0.796872,NA,0.888638,NA,0.384696,0
"locus024","locus170",1,1,NA,1,1,NA,0.622824,NA,1,0
"locus024","locus184",1,1,NA,1,1,1,1,NA,1,0
"locus024","locus186",1,1,NA,1,1,NA,1,NA,1,0
"locus024","locus188",0.69912,1,NA,NA,1,NA,1,NA,1,0
"locus024","locus189",1,0.296184,NA,NA,1,NA,1,0.5775,1,0
"locus024","locus190",0.921468,1,NA,NA,1,NA,1,1,1,0
"locus024","locus191",0.528798,NA,NA,NA,1,NA,1,0.19108,0.391712,0
"locus024","locus192",1,1,NA,NA,1,NA,1,0.287484,1,0
"locus024","locus195",1,1,1,NA,1,NA,1,1,1,0
"locus024","locus202",1,1,NA,NA,1,NA,1,1,0.27072,0
"locus024","locus215",0.680016,NA,1,NA,1,NA,1,1,1,0
"locus024","locus227",1,0.148806,1,NA,1,NA,1,1,1,0
"locus024","locus231",0.62828,0.700398,NA,NA,1,NA,0.62828,NA,0.700398,0
"locus024","locus235",1,0.7134,NA,NA,1,NA,1,1,1,0
"locus024","locus236",1,1,NA,NA,1,NA,0.962424,1,1,0
"locus024","locus237",1,0.092106,1,NA,1,NA,1,0.851424,1,0
"locus024","locus239",1,1,NA,NA,0.862476,NA,1,1,1,0
"locus024","locus248",1,1,NA,NA,0.8595,NA,1,1,1,0
"locus024","locus256",1,1,NA,NA,1,NA,1,NA,1,0
"locus024","locus263",1,1,NA,NA,1,NA,1,NA,1,0
"locus024","locus264",1,1,NA,NA,0.859848,1,1,NA,0.859848,0
"locus024","locus274",1,1,NA,NA,1,NA,1,NA,1,0
"locus024","locus280",1,1,NA,NA,1,NA,1,NA,1,0
"locus024","locus282",1,1,NA,NA,1,NA,1,NA,1,0
"locus024","locus286",1,1,NA,NA,1,NA,1,NA,1,0
"locus024","locus291",1,1,NA,NA,1,NA,1,NA,1,0
"locus024","locus292",1,0.10867,NA,NA,1,NA,1,NA,1,0
"locus024","locus296",1,1,NA,NA,1,NA,1,NA,1,0
"locus024","locus301",1,1,NA,NA,1,NA,1,NA,1,0
"locus024","locus314",1,1,NA,NA,1,NA,1,NA,0.26605,0
"locus024","locus321",0.36612,0.36612,NA,NA,1,NA,1,NA,1,0
"locus024","locus322",1,1,NA,NA,1,NA,1,NA,0.378,0
"locus024","locus323",0.575304,1,NA,NA,1,NA,0.34349,NA,1,0
"locus024","locus329",0.599856,0.599856,NA,NA,1,1,1,NA,1,0
"locus024","locus332",1,1,NA,NA,0.14277,NA,1,NA,1,0
"locus024","locus358",1,1,NA,NA,1,NA,1,NA,1,0
"locus024","locus359",1,1,NA,NA,1,NA,0.81391,NA,1,0
"locus024","locus360",1,0.22635,NA,NA,1,NA,1,NA,1,0
"locus025","locus027",0.24618,1,NA,NA,1,NA,NA,NA,NA,0
"locus025","locus030",1,1,1,NA,1,1,1,NA,1,0
"locus025","locus035",1,1,NA,NA,1,1,0.24228,NA,1,0
"locus025","locus038",0.731004,0.89653,NA,NA,0.89653,1,1,NA,0.89653,0
"locus025","locus039",1,1,NA,NA,1,NA,0.44725,NA,0.45744,0
"locus025","locus040",1,1,NA,NA,1,NA,1,NA,1,0
"locus025","locus041",1,1,NA,NA,1,NA,1,NA,1,0
"locus025","locus045",1,1,NA,NA,1,1,0.372504,NA,1,0
"locus025","locus047",1,1,NA,NA,0.47613,NA,1,NA,1,0
"locus025","locus048",0.36207,0.876534,NA,NA,1,NA,0.36207,NA,1,0
"locus025","locus053",1,0.72346,NA,NA,1,NA,1,NA,1,0
"locus025","locus055",0.07028,1,NA,NA,1,NA,1,NA,1,0
"locus025","locus056",1,1,NA,1,1,NA,0.26627,NA,0.24114,0
"locus025","locus058",1,1,NA,1,1,NA,1,NA,1,0
"locus025","locus061",1,NA,NA,NA,1,NA,1,NA,1,0
"locus025","locus062",1,1,NA,1,1,NA,1,NA,1,0
"locus025","locus064",0.6756,0.936168,NA,0.6756,0.281724,NA,0.936168,NA,0.936168,0
"locus025","locus065",0.674136,1,NA,0.84098,1,NA,1,NA,1,0
"locus025","locus073",1,1,NA,1,1,NA,1,NA,1,0
"locus025","locus074",0.39042,0.86952,NA,0.86952,0.86952,NA,0.86952,NA,0.86952,0
"locus025","locus076",1,1,NA,NA,0.47021,NA,1,NA,1,0
"locus025","locus077",1,0.308436,NA,1,0.71383,NA,1,NA,1,0
"locus025","locus080",0.100932,1,NA,NA,1,1,0.42044,NA,0.688968,0
"locus025","locus083",1,NA,NA,NA,1,NA,1,NA,1,0
"locus025","locus088",0.57101,1,NA,NA,1,NA,1,NA,1,0
"locus025","locus093",1,1,1,NA,1,NA,1,NA,1,0
"locus025","locus096",1,1,NA,NA,1,NA,0.89064,NA,1,0
"locus025","locus098",1,1,1,NA,1,NA,0.892164,NA,1,0
"locus025","locus100",1,1,NA,NA,1,NA,0.20643,NA,1,0
"locus025","locus106",1,1,NA,NA,1,NA,1,NA,1,0
"locus025","locus116",0.05667,1,NA,NA,1,NA,1,NA,0.78208,0
"locus025","locus119",1,0.25855,NA,NA,1,NA,0.796456,NA,1,0
"locus025","locus120",0.34235,0.959672,NA,NA,0.86595,NA,0.34235,NA,0.959672,0
"locus025","locus128",0.202512,1,NA,1,1,NA,1,NA,0.63397,0
"locus025","locus129",1,1,NA,1,1,NA,1,NA,1,0
"locus025","locus130",1,NA,NA,NA,1,NA,0.286896,NA,0.194168,0
"locus025","locus134",1,1,NA,NA,1,1,1,NA,1,0
"locus025","locus135",1,1,NA,1,1,NA,1,NA,1,0
"locus025","locus137",0.457992,1,1,1,0.332948,NA,1,NA,1,0
"locus025","locus139",1,1,NA,1,1,NA,1,NA,1,0
"locus025","locus140",1,1,NA,1,1,NA,1,NA,1,0
"locus025","locus146",0.266088,1,NA,1,1,NA,1,NA,1,0
"locus025","locus148",1,1,NA,1,1,NA,1,NA,1,0
"locus025","locus151",1,NA,NA,1,1,NA,0.98579,NA,0.98579,0
"locus025","locus157",1,NA,NA,NA,1,NA,1,NA,1,0
"locus025","locus165",1,1,NA,NA,1,NA,1,NA,1,0
"locus025","locus170",1,1,NA,1,1,NA,1,NA,1,0
"locus025","locus176",1,NA,NA,NA,1,NA,1,NA,1,0
"locus025","locus184",1,1,NA,1,1,1,1,NA,1,0
"locus025","locus186",1,1,NA,1,1,NA,0.891192,NA,1,0
"locus025","locus188",1,1,NA,NA,1,1,1,NA,1,0
"locus025","locus189",1,1,NA,NA,1,NA,1,1,1,0
"locus025","locus190",1,1,NA,NA,1,1,1,1,1,0
"locus025","locus191",1,NA,NA,NA,1,NA,1,1,1,0
"locus025","locus192",1,0.32538,NA,NA,1,NA,1,1,1,0
"locus025","locus195",1,1,1,NA,1,1,1,1,0.153408,0
"locus025","locus202",1,1,NA,NA,0.859524,NA,1,1,1,0
"locus025","locus215",0.27001,NA,1,NA,1,NA,0.09984,1,1,0
"locus025","locus227",0.307426,1,1,NA,1,NA,0.869748,1,1,0
"locus025","locus231",1,1,NA,NA,1,NA,1,NA,1,0
"locus025","locus235",1,1,NA,NA,1,NA,1,1,1,0
"locus025","locus236",0.8059,0.206484,NA,NA,1,NA,1,1,1,0
"locus025","locus237",1,1,1,NA,1,NA,1,1,1,0
"locus025","locus239",1,1,NA,NA,0.86232,NA,1,0.99291,0.99291,0
"locus025","locus248",1,1,NA,NA,1,NA,1,1,1,0
"locus025","locus256",1,0.14913,NA,NA,1,NA,1,NA,1,0
"locus025","locus263",1,1,NA,NA,1,NA,1,NA,1,0
"locus025","locus264",1,0.3225,NA,NA,0.71289,1,1,NA,1,0
"locus025","locus274",1,1,NA,NA,1,NA,1,NA,1,0
"locus025","locus280",1,1,NA,NA,1,NA,1,NA,1,0
"locus025","locus282",1,1,NA,NA,1,NA,1,NA,1,0
"locus025","locus286",0.78602,1,NA,NA,1,NA,1,NA,1,0
"locus025","locus291",1,1,NA,NA,1,NA,1,NA,1,0
"locus025","locus292",1,1,NA,NA,1,NA,1,NA,1,0
"locus025","locus296",1,1,NA,NA,0.23882,NA,1,NA,1,0
"locus025","locus301",0.616926,0.531784,NA,NA,0.616926,NA,0.23042,NA,0.616926,0
"locus025","locus321",1,1,NA,NA,1,NA,1,NA,1,0
"locus025","locus322",0.24242,1,NA,NA,1,NA,1,NA,1,0
"locus025","locus323",0.49151,1,NA,NA,1,NA,0.49151,NA,1,0
"locus025","locus329",1,0.05471,NA,NA,1,NA,1,NA,1,0
"locus025","locus332",1,0.97766,NA,NA,1,NA,1,NA,1,0
"locus025","locus358",1,1,NA,NA,1,NA,1,NA,1,0
"locus025","locus359",1,1,NA,NA,1,NA,1,NA,1,0
"locus025","locus360",1,1,NA,NA,1,NA,1,NA,0.97504,0
"locus027","locus030",1,0.616776,1,NA,1,NA,NA,NA,NA,0
"locus027","locus035",1,0.940866,NA,NA,1,NA,NA,NA,NA,0
"locus027","locus038",1,1,NA,NA,1,NA,NA,NA,NA,0
"locus027","locus039",1,1,NA,NA,1,NA,NA,NA,NA,0
"locus027","locus040",1,1,NA,NA,1,NA,NA,NA,NA,0
"locus027","locus041",1,0.49185,NA,NA,1,NA,NA,NA,NA,0
"locus027","locus045",1,1,NA,NA,1,NA,NA,NA,NA,0
"locus027","locus047",0.436032,0.762308,NA,NA,1,NA,NA,NA,NA,0
"locus027","locus048",0.677508,1,NA,NA,1,NA,NA,NA,NA,0
"locus027","locus053",1,1,1,NA,1,NA,NA,NA,NA,0
"locus027","locus055",0.09285,0.973724,NA,NA,1,NA,NA,NA,NA,0
"locus027","locus056",1,0.749628,NA,NA,1,NA,NA,NA,NA,0
"locus027","locus058",0.678096,0.678096,NA,NA,0.37047,NA,NA,NA,NA,0
"locus027","locus060",1,1,NA,NA,1,NA,NA,NA,NA,0
"locus027","locus061",1,NA,NA,NA,1,NA,NA,NA,NA,0
"locus027","locus062",1,1,NA,NA,1,NA,NA,NA,NA,0
"locus027","locus064",1,1,NA,NA,1,NA,NA,NA,NA,0
"locus027","locus065",1,1,NA,NA,1,NA,NA,NA,NA,0
"locus027","locus073",0.38832,1,NA,NA,1,NA,NA,NA,NA,0
"locus027","locus074",0.823572,0.823572,NA,NA,1,NA,NA,NA,NA,0
"locus027","locus077",0.926028,1,NA,NA,1,NA,NA,NA,NA,0
"locus027","locus080",0.917756,0.344442,NA,NA,0.917756,NA,NA,NA,NA,0
"locus027","locus083",1,NA,NA,NA,1,NA,NA,NA,NA,0
"locus027","locus088",1,1,NA,NA,0.085014,NA,NA,NA,NA,0
"locus027","locus093",1,1,1,NA,1,NA,NA,NA,NA,0
"locus027","locus096",0.995708,0.646698,NA,NA,0.995708,NA,NA,NA,NA,0
"locus027","locus098",0.563336,1,1,NA,1,NA,NA,NA,NA,0
"locus027","locus100",0.766458,0.79774,NA,NA,0.766458,NA,NA,NA,NA,0
"locus027","locus106",1,1,1,NA,1,NA,NA,NA,NA,0
"locus027","locus116",0.759372,0.759372,NA,NA,0.76973,NA,NA,NA,NA,0
"locus027","locus119",0.276424,0.12198,NA,NA,0.620718,NA,NA,NA,NA,0
"locus027","locus120",1,1,NA,NA,1,NA,NA,NA,NA,0
"locus027","locus128",0.505364,0.324468,NA,NA,0.505364,NA,NA,NA,NA,0
"locus027","locus129",1,1,NA,NA,1,NA,NA,NA,NA,0
"locus027","locus130",0.5189,NA,NA,NA,0.60132,NA,NA,NA,NA,0
"locus027","locus134",1,1,NA,NA,1,NA,NA,NA,NA,0
"locus027","locus135",1,1,NA,NA,1,NA,NA,NA,NA,0
"locus027","locus137",1,1,NA,NA,1,NA,NA,NA,NA,0
"locus027","locus139",0.81162,0.81162,NA,NA,0.7683,NA,NA,NA,NA,0
"locus027","locus140",0.804908,0.804908,NA,NA,0.776568,NA,NA,NA,NA,0
"locus027","locus146",0.309096,1,NA,NA,1,NA,NA,NA,NA,0
"locus027","locus148",1,1,NA,NA,1,NA,NA,NA,NA,0
"locus027","locus151",1,NA,NA,NA,1,NA,NA,NA,NA,0
"locus027","locus157",0.473924,NA,NA,NA,0.473924,NA,NA,NA,NA,0
"locus027","locus161",1,1,1,NA,1,NA,NA,NA,NA,0
"locus027","locus165",1,1,1,NA,1,NA,NA,NA,NA,0
"locus027","locus170",0.833876,0.833876,NA,NA,0.769434,NA,NA,NA,NA,0
"locus027","locus176",1,NA,NA,NA,1,NA,NA,NA,NA,0
"locus027","locus184",0.27909,0.379292,NA,NA,1,NA,NA,NA,NA,0
"locus027","locus186",0.785928,0.214854,NA,NA,1,NA,NA,NA,NA,0
"locus027","locus188",0.549616,1,1,NA,1,NA,NA,NA,NA,0
"locus027","locus189",1,1,NA,NA,1,NA,NA,NA,NA,0
"locus027","locus190",0.878178,0.924252,NA,NA,0.878178,NA,NA,NA,NA,0
"locus027","locus191",1,NA,1,NA,1,NA,NA,NA,NA,0
"locus027","locus195",1,1,1,NA,0.801376,NA,NA,NA,NA,0
"locus027","locus202",0.715752,1,NA,NA,0.842304,NA,NA,NA,NA,0
"locus027","locus215",0.96361,NA,NA,NA,0.22754,NA,NA,NA,NA,0
"locus027","locus227",1,1,1,NA,1,NA,NA,NA,NA,0
"locus027","locus231",1,1,NA,NA,1,NA,NA,NA,NA,0
"locus027","locus235",1,1,NA,NA,1,NA,NA,NA,NA,0
"locus027","locus236",0.750142,0.165588,NA,NA,0.516148,NA,NA,NA,NA,0
"locus027","locus237",1,1,NA,NA,1,NA,NA,NA,NA,0
"locus027","locus239",1,1,NA,NA,1,NA,NA,NA,NA,0
"locus027","locus248",1,1,NA,NA,1,NA,NA,NA,NA,0
"locus027","locus256",0.722012,0.845366,NA,NA,0.379374,NA,NA,NA,NA,0
"locus027","locus263",1,1,NA,NA,0.42546,NA,NA,NA,NA,0
"locus027","locus264",1,1,NA,NA,1,NA,NA,NA,NA,0
"locus027","locus274",0.525678,0.525678,NA,NA,0.525678,NA,NA,NA,NA,0
"locus027","locus280",0.359388,0.239742,NA,NA,1,NA,NA,NA,NA,0
"locus027","locus282",0.805806,0.850764,NA,NA,0.850764,NA,NA,NA,NA,0
"locus027","locus286",0.60974,0.477432,NA,NA,1,NA,NA,NA,NA,0
"locus027","locus291",1,1,NA,NA,1,NA,NA,NA,NA,0
"locus027","locus292",0.393582,0.63596,NA,NA,0.46262,NA,NA,NA,NA,0
"locus027","locus296",1,1,NA,NA,1,NA,NA,NA,NA,0
"locus027","locus301",1,1,NA,NA,1,NA,NA,NA,NA,0
"locus027","locus314",0.148398,1,NA,NA,1,NA,NA,NA,NA,0
"locus027","locus321",0.755596,0.368598,NA,NA,0.368598,NA,NA,NA,NA,0
"locus027","locus322",0.664864,0.15432,NA,NA,0.664864,NA,NA,NA,NA,0
"locus027","locus323",0.190144,0.157212,NA,NA,1,NA,NA,NA,NA,0
"locus027","locus329",0.84441,0.698372,NA,NA,0.685548,NA,NA,NA,NA,0
"locus027","locus332",0.068328,1,NA,NA,1,NA,NA,NA,NA,0
"locus027","locus358",0.85444,0.542952,NA,NA,0.85444,NA,NA,NA,NA,0
"locus027","locus359",1,1,NA,NA,1,NA,NA,NA,NA,0
"locus027","locus360",0.69912,0.859592,NA,NA,0.859592,NA,NA,NA,NA,0
"locus030","locus035",0.220716,1,1,NA,1,1,1,NA,0.164416,0
"locus030","locus038",0.87652,1,NA,NA,0.68172,1,1,NA,1,0
"locus030","locus039",0.75102,1,NA,NA,1,NA,1,NA,1,0
"locus030","locus040",1,1,NA,NA,0.71891,NA,1,NA,1,0
"locus030","locus041",0.70922,0.98228,NA,NA,1,NA,1,NA,1,0
"locus030","locus045",1,1,NA,NA,1,1,0.240456,NA,1,0
"locus030","locus047",1,1,NA,NA,1,NA,1,NA,1,0
"locus030","locus048",1,1,NA,NA,1,NA,0.43299,NA,1,0
"locus030","locus053",0.82336,1,NA,NA,1,NA,0.951618,NA,0.14172,0
"locus030","locus055",1,1,NA,NA,1,NA,1,NA,1,0
"locus030","locus056",1,1,1,1,1,NA,0.078526,NA,1,0
"locus030","locus058",1,1,NA,0.32903,1,NA,0.094488,NA,0.521936,0
"locus030","locus060",0.860196,1,NA,1,1,NA,1,NA,1,0
"locus030","locus061",1,NA,NA,NA,1,NA,0.611576,NA,0.698304,0
"locus030","locus062",1,0.240348,NA,0.474,1,NA,1,NA,0.739808,0
"locus030","locus064",1,1,NA,1,1,NA,1,NA,1,0
"locus030","locus065",1,1,NA,1,1,NA,0.480612,NA,1,0
"locus030","locus074",0.753792,1,NA,1,1,NA,1,NA,1,0
"locus030","locus076",1,1,NA,NA,1,NA,0.19202,NA,1,0
"locus030","locus077",1,1,NA,1,1,NA,1,NA,1,0
"locus030","locus080",1,1,NA,NA,0.732732,1,1,NA,1,0
"locus030","locus083",1,NA,NA,NA,1,NA,1,NA,1,0
"locus030","locus088",1,1,NA,NA,1,NA,0.41196,NA,1,0
"locus030","locus093",1,1,1,NA,1,NA,1,NA,1,0
"locus030","locus096",1,1,NA,NA,1,NA,1,NA,1,0
"locus030","locus098",1,0.69888,1,NA,1,NA,0.75317,NA,1,0
"locus030","locus100",1,1,NA,NA,1,NA,1,NA,0.93192,0
"locus030","locus106",1,0.886848,NA,NA,1,NA,1,NA,0.43927,0
"locus030","locus116",1,1,NA,NA,1,NA,1,NA,1,0
"locus030","locus119",1,1,1,NA,1,NA,1,NA,1,0
"locus030","locus120",1,1,NA,NA,1,NA,1,NA,1,0
"locus030","locus128",0.78612,1,NA,1,1,NA,1,NA,1,0
"locus030","locus129",1,1,1,1,0.979678,NA,1,NA,1,0
"locus030","locus130",1,NA,1,NA,1,NA,1,NA,0.80013,0
"locus030","locus134",1,0.505284,NA,NA,1,1,1,NA,1,0
"locus030","locus135",1,1,NA,1,1,NA,1,NA,1,0
"locus030","locus137",1,1,NA,1,1,NA,1,NA,1,0
"locus030","locus139",1,1,NA,1,1,NA,1,NA,1,0
"locus030","locus140",1,1,NA,1,1,NA,1,NA,1,0
"locus030","locus146",1,1,NA,1,1,NA,1,NA,1,0
"locus030","locus148",0.7959,1,NA,1,1,NA,1,NA,1,0
"locus030","locus151",1,NA,NA,1,1,NA,1,NA,1,0
"locus030","locus157",1,NA,NA,NA,1,NA,1,NA,0.51968,0
"locus030","locus161",1,1,NA,1,1,NA,1,NA,1,0
"locus030","locus165",1,0.5099,NA,NA,0.774088,NA,0.774088,NA,1,0
"locus030","locus170",1,1,NA,1,1,NA,1,NA,1,0
"locus030","locus176",1,NA,NA,NA,1,NA,1,NA,1,0
"locus030","locus184",1,1,NA,1,1,1,1,NA,1,0
"locus030","locus186",1,1,NA,1,1,NA,1,NA,1,0
"locus030","locus188",0.556664,1,NA,NA,1,NA,0.34765,NA,1,0
"locus030","locus189",1,1,NA,NA,0.052236,NA,1,1,1,0
"locus030","locus190",1,1,NA,NA,1,NA,1,1,1,0
"locus030","locus191",1,NA,NA,NA,1,NA,1,0.62549,1,0
"locus030","locus192",0.193896,1,NA,NA,0.98592,NA,0.64947,1,0.64947,0
"locus030","locus195",1,1,1,NA,1,NA,1,1,1,0
"locus030","locus202",1,1,NA,NA,1,NA,1,1,1,0
"locus030","locus215",1,NA,NA,NA,1,NA,0.3439,1,1,0
"locus030","locus227",1,1,1,NA,1,1,1,1,1,0
"locus030","locus231",1,1,NA,NA,1,NA,1,NA,1,0
"locus030","locus235",1,1,NA,NA,1,NA,1,1,0.098352,0
"locus030","locus236",1,1,NA,NA,1,NA,1,1,1,0
"locus030","locus237",1,0.830124,NA,NA,1,NA,1,1,1,0
"locus030","locus239",1,1,NA,NA,1,NA,1,1,1,0
"locus030","locus248",1,1,NA,NA,1,NA,1,1,0.208332,0
"locus030","locus256",0.82871,1,NA,NA,1,NA,1,NA,1,0
"locus030","locus263",1,0.58037,NA,NA,1,NA,1,NA,0.80096,0
"locus030","locus264",1,1,1,NA,1,1,1,NA,1,0
"locus030","locus274",1,1,NA,NA,0.6177,NA,1,NA,1,0
"locus030","locus280",1,1,NA,NA,0.61167,NA,1,NA,1,0
"locus030","locus282",1,0.5395,NA,NA,1,NA,1,NA,1,0
"locus030","locus286",1,1,NA,NA,1,NA,1,NA,1,0
"locus030","locus291",1,1,NA,NA,1,1,1,NA,1,0
"locus030","locus292",1,1,NA,NA,1,NA,0.19839,NA,1,0
"locus030","locus296",1,0.67925,NA,NA,1,NA,1,NA,1,0
"locus030","locus301",0.52539,1,NA,NA,1,NA,1,NA,1,0
"locus030","locus314",0.29669,0.416616,NA,NA,1,NA,1,NA,1,0
"locus030","locus321",0.79879,0.79879,NA,NA,0.79879,NA,0.79879,NA,0.79879,0
"locus030","locus322",0.443568,0.836724,NA,NA,1,NA,0.3188,NA,1,0
"locus030","locus323",1,1,NA,NA,1,NA,1,NA,1,0
"locus030","locus332",1,1,NA,NA,1,NA,1,NA,1,0
"locus030","locus358",1,1,NA,NA,1,NA,0.39888,NA,1,0
"locus030","locus359",1,0.775344,NA,NA,0.568072,NA,0.30158,NA,1,0
"locus030","locus360",1,1,NA,NA,1,NA,0.80395,NA,0.80395,0
"locus035","locus038",1,1,NA,NA,1,NA,1,NA,1,0
"locus035","locus039",1,1,NA,NA,1,NA,0.13693,NA,1,0
"locus035","locus040",1,1,NA,NA,1,NA,1,NA,1,0
"locus035","locus041",1,0.66324,NA,NA,1,NA,1,NA,0.801984,0
"locus035","locus045",1,1,NA,NA,1,1,1,NA,1,0
"locus035","locus047",1,1,NA,NA,0.4804,NA,1,NA,0.996144,0
"locus035","locus048",1,1,NA,NA,1,NA,0.87777,NA,1,0
"locus035","locus053",1,1,NA,NA,1,NA,1,NA,0.44843,0
"locus035","locus055",1,1,NA,NA,1,NA,1,NA,1,0
"locus035","locus056",1,1,1,1,1,NA,0.315028,NA,1,0
"locus035","locus058",1,0.126432,NA,1,1,NA,1,NA,1,0
"locus035","locus060",0.28473,0.268632,NA,1,1,NA,0.28473,NA,1,0
"locus035","locus061",1,NA,NA,NA,1,NA,1,NA,1,0
"locus035","locus062",1,1,NA,1,1,NA,1,NA,1,0
"locus035","locus064",1,1,NA,1,1,NA,1,NA,1,0
"locus035","locus065",1,0.873204,NA,1,1,NA,1,NA,1,0
"locus035","locus073",1,1,NA,1,1,NA,1,NA,1,0
"locus035","locus074",1,1,NA,0.282948,1,NA,0.8801,NA,1,0
"locus035","locus076",1,0.60458,NA,NA,1,NA,1,NA,1,0
"locus035","locus077",1,1,NA,1,1,NA,1,NA,1,0
"locus035","locus080",0.758652,1,NA,NA,1,1,1,NA,1,0
"locus035","locus083",1,NA,NA,NA,1,NA,1,NA,1,0
"locus035","locus088",1,1,NA,NA,1,NA,1,NA,1,0
"locus035","locus093",1,1,1,NA,1,NA,0.672924,NA,1,0
"locus035","locus096",1,1,NA,NA,1,NA,1,NA,1,0
"locus035","locus098",1,1,1,NA,1,NA,1,NA,1,0
"locus035","locus106",1,1,NA,NA,1,NA,1,NA,1,0
"locus035","locus116",0.606584,1,NA,NA,1,NA,0.1349,NA,0.691068,0
"locus035","locus119",0.077124,1,1,NA,1,NA,1,NA,1,0
"locus035","locus120",1,1,NA,NA,1,NA,1,NA,1,0
"locus035","locus128",0.975252,1,NA,1,1,NA,1,NA,1,0
"locus035","locus129",1,1,1,1,1,NA,1,NA,1,0
"locus035","locus130",1,NA,1,NA,1,NA,1,NA,1,0
"locus035","locus134",1,1,NA,NA,0.70486,1,0.187776,NA,1,0
"locus035","locus135",1,1,NA,1,1,1,1,NA,1,0
"locus035","locus137",1,1,NA,1,1,NA,0.411744,NA,1,0
"locus035","locus139",1,0.54216,NA,1,1,NA,1,NA,1,0
"locus035","locus140",1,0.544116,NA,1,1,NA,1,NA,1,0
"locus035","locus146",1,1,NA,1,1,NA,1,NA,1,0
"locus035","locus148",1,1,NA,1,1,NA,1,NA,0.739056,0
"locus035","locus157",0.212216,NA,NA,NA,0.854502,NA,1,NA,1,0
"locus035","locus161",1,1,NA,1,1,NA,1,NA,1,0
"locus035","locus165",1,0.826144,NA,NA,1,NA,0.63445,NA,1,0
"locus035","locus170",1,1,NA,1,1,NA,1,NA,1,0
"locus035","locus176",1,NA,NA,NA,1,NA,1,NA,1,0
"locus035","locus184",1,1,NA,1,1,1,1,NA,1,0
"locus035","locus186",1,1,NA,0.859524,0.859524,NA,1,NA,1,0
"locus035","locus189",0.052848,1,NA,NA,1,NA,0.75563,0.918448,1,0
"locus035","locus190",0.50106,1,NA,NA,0.561424,NA,0.067932,1,1,0
"locus035","locus191",0.442728,NA,NA,NA,0.23759,NA,0.945176,0.945176,0.646386,0
"locus035","locus192",0.114852,1,NA,NA,1,NA,1,1,1,0
"locus035","locus195",0.825552,1,1,NA,1,NA,1,1,1,0
"locus035","locus215",0.69378,NA,NA,NA,1,NA,1,1,1,0
"locus035","locus227",1,1,1,NA,1,NA,1,0.201012,1,0
"locus035","locus231",1,1,NA,NA,1,NA,1,NA,1,0
"locus035","locus235",1,1,NA,NA,1,NA,1,1,1,0
"locus035","locus236",1,1,NA,NA,1,NA,1,0.85428,1,0
"locus035","locus237",1,0.070872,NA,NA,1,NA,1,1,1,0
"locus035","locus239",0.20592,1,NA,NA,1,NA,1,1,1,0
"locus035","locus248",1,1,NA,NA,1,NA,1,1,1,0
"locus035","locus256",0.938406,0.19299,NA,NA,0.938406,NA,0.443392,NA,0.938406,0
"locus035","locus263",0.38571,1,NA,NA,1,NA,1,NA,1,0
"locus035","locus274",0.60471,1,NA,NA,1,NA,0.60471,NA,1,0
"locus035","locus280",1,1,NA,NA,1,NA,1,NA,1,0
"locus035","locus282",1,1,NA,NA,1,NA,0.24906,NA,1,0
"locus035","locus286",1,1,NA,NA,1,NA,1,NA,1,0
"locus035","locus291",1,1,NA,NA,1,NA,0.07217,NA,1,0
"locus035","locus292",1,1,NA,NA,1,NA,0.80047,NA,1,0
"locus035","locus296",1,1,NA,NA,1,NA,1,NA,0.81709,0
"locus035","locus301",1,1,NA,NA,1,NA,1,NA,1,0
"locus035","locus314",1,1,NA,NA,0.24001,NA,1,NA,1,0
"locus035","locus321",1,0.45938,NA,NA,1,NA,1,NA,1,0
"locus035","locus322",1,0.80439,NA,NA,1,NA,0.80439,NA,1,0
"locus035","locus323",1,1,NA,NA,0.854556,1,1,NA,1,0
"locus035","locus329",0.40111,1,NA,NA,1,NA,0.835904,NA,1,0
"locus035","locus332",1,0.691136,NA,NA,1,NA,0.27303,NA,1,0
"locus035","locus358",1,0.47073,NA,NA,1,NA,1,NA,1,0
"locus035","locus359",1,1,NA,NA,1,NA,1,NA,1,0
"locus035","locus360",1,0.860568,NA,NA,1,NA,0.72795,NA,1,0
"locus038","locus040",0.27163,1,NA,NA,1,NA,1,NA,1,0
"locus038","locus041",1,1,NA,NA,1,NA,1,NA,1,0
"locus038","locus045",1,1,NA,NA,1,1,1,NA,1,0
"locus038","locus047",1,1,NA,NA,1,NA,1,NA,1,0
"locus038","locus048",1,1,NA,NA,1,NA,1,NA,1,0
"locus038","locus053",0.43987,1,NA,NA,0.43987,NA,1,NA,1,0
"locus038","locus055",1,1,NA,NA,1,NA,1,NA,1,0
"locus038","locus056",1,1,1,1,1,NA,1,NA,1,0
"locus038","locus058",1,1,NA,1,1,NA,1,NA,1,0
"locus038","locus060",1,1,NA,1,1,NA,0.76704,NA,0.544824,0
"locus038","locus061",0.512264,NA,NA,NA,1,NA,1,NA,1,0
"locus038","locus062",1,1,NA,1,1,NA,1,NA,1,0
"locus038","locus064",1,1,NA,1,1,NA,1,NA,0.924804,0
"locus038","locus065",0.081312,1,NA,1,1,NA,1,NA,1,0
"locus038","locus073",1,1,NA,1,1,NA,1,NA,1,0
"locus038","locus074",1,1,NA,1,1,NA,1,NA,1,0
"locus038","locus076",1,0.74868,NA,NA,1,NA,1,NA,1,0
"locus038","locus077",0.90272,0.971022,NA,1,0.916592,NA,0.723204,NA,1,0
"locus038","locus080",1,1,1,NA,1,1,0.849296,NA,1,0
"locus038","locus083",1,NA,NA,NA,1,NA,1,NA,1,0
"locus038","locus088",1,1,NA,NA,1,NA,1,NA,0.98742,0
"locus038","locus093",1,1,1,NA,1,NA,1,NA,1,0
"locus038","locus096",1,1,NA,NA,1,NA,1,NA,1,0
"locus038","locus098",1,1,1,NA,1,NA,1,NA,1,0
"locus038","locus100",1,0.96075,NA,NA,1,NA,1,NA,1,0
"locus038","locus106",1,1,NA,NA,1,NA,1,NA,0.78541,0
"locus038","locus116",0.43876,0.876396,NA,NA,0.887336,NA,0.15559,NA,0.887336,0
"locus038","locus119",0.625428,1,1,NA,1,NA,1,NA,1,0
"locus038","locus120",1,1,NA,NA,1,NA,1,NA,1,0
"locus038","locus128",1,0.967776,NA,1,1,NA,1,NA,1,0
"locus038","locus129",0.77457,1,1,1,1,NA,0.51666,NA,0.466172,0
"locus038","locus130",1,NA,NA,NA,1,NA,1,NA,0.214608,0
"locus038","locus134",1,1,NA,NA,1,1,1,NA,1,0
"locus038","locus135",1,1,NA,1,1,1,0.097594,NA,1,0
"locus038","locus137",1,1,NA,1,1,NA,1,NA,1,0
"locus038","locus146",0.804792,0.301296,NA,1,1,NA,0.301296,NA,1,0
"locus038","locus148",1,1,NA,1,1,NA,1,NA,1,0
"locus038","locus151",1,NA,NA,1,1,NA,0.24571,NA,1,0
"locus038","locus157",1,NA,NA,NA,1,NA,1,NA,1,0
"locus038","locus161",1,1,NA,1,1,NA,1,NA,1,0
"locus038","locus165",0.522928,0.683256,NA,NA,1,NA,0.30535,NA,1,0
"locus038","locus170",1,1,NA,1,1,NA,0.608544,NA,1,0
"locus038","locus176",1,NA,1,NA,1,NA,0.75233,NA,1,0
"locus038","locus184",1,1,NA,1,1,1,1,NA,1,0
"locus038","locus186",1,1,NA,1,1,NA,1,NA,1,0
"locus038","locus188",1,1,NA,NA,1,NA,1,NA,1,0
"locus038","locus189",1,1,NA,NA,0.56979,NA,1,1,0.427248,0
"locus038","locus190",1,1,NA,NA,1,NA,1,1,1,0
"locus038","locus191",1,NA,NA,NA,1,NA,1,1,0.32058,0
"locus038","locus192",1,0.192012,NA,NA,0.86124,NA,0.857664,1,0.78265,0
"locus038","locus195",1,1,1,NA,1,NA,1,1,1,0
"locus038","locus202",1,1,NA,NA,1,NA,1,1,1,0
"locus038","locus215",1,NA,NA,NA,1,NA,0.24978,1,1,0
"locus038","locus227",1,1,1,NA,1,NA,1,1,1,0
"locus038","locus231",1,1,NA,NA,1,NA,1,NA,1,0
"locus038","locus235",1,1,NA,NA,1,NA,1,1,1,0
"locus038","locus236",1,0.505416,NA,NA,1,NA,1,1,1,0
"locus038","locus237",1,1,NA,NA,1,NA,1,1,1,0
"locus038","locus239",0.996656,0.908744,NA,NA,0.908744,NA,0.617436,0.996656,0.63292,0
"locus038","locus248",1,1,NA,NA,1,NA,1,1,1,0
"locus038","locus256",1,0.61971,NA,NA,1,NA,1,NA,1,0
"locus038","locus263",1,0.51463,NA,NA,1,NA,1,NA,1,0
"locus038","locus264",1,1,1,NA,1,1,1,NA,1,0
"locus038","locus274",1,1,NA,NA,1,NA,1,NA,1,0
"locus038","locus280",1,1,NA,NA,1,NA,1,NA,1,0
"locus038","locus282",0.618856,0.40778,NA,NA,0.686124,NA,0.686124,NA,1,0
"locus038","locus286",1,1,NA,NA,1,NA,1,NA,1,0
"locus038","locus291",0.45705,1,NA,NA,1,NA,1,NA,1,0
"locus038","locus292",1,1,NA,NA,1,NA,1,NA,1,0
"locus038","locus301",1,1,NA,NA,1,NA,1,NA,1,0
"locus038","locus314",1,0.80201,NA,NA,1,NA,1,NA,1,0
"locus038","locus321",1,1,NA,NA,1,NA,1,NA,1,0
"locus038","locus322",0.967256,1,NA,NA,1,NA,0.90218,NA,1,0
"locus038","locus323",1,1,NA,NA,1,1,1,NA,1,0
"locus038","locus329",1,1,NA,NA,1,NA,1,NA,1,0
"locus038","locus332",1,1,NA,NA,1,NA,1,NA,0.06733,0
"locus038","locus358",0.52415,1,NA,NA,1,NA,1,NA,1,0
"locus038","locus359",1,1,NA,NA,1,NA,0.95634,NA,1,0
"locus038","locus360",0.27584,1,NA,NA,1,NA,1,NA,1,0
"locus039","locus040",0.31549,1,NA,NA,1,NA,1,NA,1,0
"locus039","locus045",1,1,NA,NA,1,NA,1,NA,0.16118,0
"locus039","locus047",1,1,NA,NA,1,NA,1,NA,1,0
"locus039","locus048",1,1,NA,NA,1,NA,1,NA,1,0
"locus039","locus053",1,1,NA,NA,1,NA,1,NA,0.71241,0
"locus039","locus055",1,1,NA,1,1,NA,0.757296,NA,1,0
"locus039","locus056",1,0.760256,1,1,1,1,1,NA,1,0
"locus039","locus058",1,1,NA,1,1,NA,1,NA,1,0
"locus039","locus060",1,1,NA,1,1,NA,1,NA,1,0
"locus039","locus061",1,NA,NA,NA,1,1,1,NA,1,0
"locus039","locus062",1,1,NA,1,1,NA,0.407016,NA,1,0
"locus039","locus064",1,1,NA,1,1,NA,1,NA,1,0
"locus039","locus065",1,1,NA,1,1,NA,1,NA,1,0
"locus039","locus073",1,1,NA,1,1,NA,1,NA,1,0
"locus039","locus074",1,1,NA,1,1,NA,0.188484,NA,1,0
"locus039","locus076",0.082884,1,NA,NA,1,1,1,NA,1,0
"locus039","locus077",1,1,NA,1,1,NA,1,NA,1,0
"locus039","locus080",1,1,NA,NA,0.71525,NA,1,NA,1,0
"locus039","locus083",1,NA,NA,NA,1,NA,0.557664,NA,1,0
"locus039","locus088",1,1,NA,NA,1,NA,1,NA,1,0
"locus039","locus093",1,1,1,NA,1,NA,1,NA,1,0
"locus039","locus096",1,1,NA,NA,1,NA,1,NA,1,0
"locus039","locus098",1,1,1,NA,1,NA,0.96852,NA,1,0
"locus039","locus106",1,1,NA,NA,1,NA,1,NA,1,0
"locus039","locus120",1,1,NA,NA,1,NA,1,NA,0.28516,0
"locus039","locus128",1,1,NA,1,1,NA,0.466764,NA,1,0
"locus039","locus129",1,0.754656,1,1,1,NA,1,NA,1,0
"locus039","locus130",0.327678,NA,NA,NA,0.264784,NA,0.327678,NA,0.327678,0
"locus039","locus134",1,1,NA,NA,1,1,0.497532,NA,1,0
"locus039","locus135",1,1,NA,1,1,NA,1,NA,1,0
"locus039","locus137",1,0.210228,NA,1,1,NA,1,NA,1,0
"locus039","locus139",1,1,NA,1,1,NA,1,NA,1,0
"locus039","locus140",1,1,NA,1,1,NA,1,NA,1,0
"locus039","locus146",1,1,NA,1,1,NA,1,NA,1,0
"locus039","locus151",1,NA,1,1,1,NA,1,NA,1,0
"locus039","locus157",1,NA,NA,NA,1,NA,1,NA,1,0
"locus039","locus165",1,0.17687,NA,NA,1,NA,1,NA,1,0
"locus039","locus170",1,0.17901,NA,0.799296,1,NA,0.155736,NA,1,0
"locus039","locus176",1,NA,NA,NA,1,NA,0.624184,NA,1,0
"locus039","locus184",0.411026,1,NA,1,1,1,1,NA,1,0
"locus039","locus186",0.319188,1,NA,1,1,NA,1,NA,0.48963,0
"locus039","locus188",1,0.489328,NA,NA,1,NA,0.32987,NA,0.966006,0
"locus039","locus189",0.887028,1,NA,NA,1,NA,1,1,1,0
"locus039","locus190",1,1,NA,NA,1,NA,0.095892,1,1,0
"locus039","locus191",0.44848,NA,NA,NA,1,NA,0.44848,1,0.44848,0
"locus039","locus192",1,1,NA,NA,1,1,1,1,1,0
"locus039","locus195",1,1,1,NA,1,NA,1,1,0.643006,0
"locus039","locus202",0.136644,0.40741,NA,NA,1,NA,1,1,1,0
"locus039","locus215",1,NA,NA,NA,1,NA,1,1,1,0
"locus039","locus227",1,1,1,NA,1,NA,1,1,1,0
"locus039","locus231",1,1,1,NA,1,NA,1,NA,1,0
"locus039","locus235",1,1,NA,NA,1,NA,1,1,1,0
"locus039","locus236",0.673872,1,NA,NA,1,NA,0.673872,0.673872,1,0
"locus039","locus237",1,0.69568,NA,NA,1,NA,0.300252,1,1,0
"locus039","locus239",1,0.353604,NA,NA,1,NA,0.94129,1,0.94129,0
"locus039","locus248",1,1,NA,NA,1,NA,1,1,1,0
"locus039","locus256",1,1,NA,NA,1,NA,1,NA,1,0
"locus039","locus263",1,1,NA,NA,1,NA,1,NA,1,0
"locus039","locus264",1,1,1,NA,1,1,1,NA,1,0
"locus039","locus274",1,1,NA,NA,1,1,1,NA,1,0
"locus039","locus280",1,1,NA,NA,1,NA,1,NA,1,0
"locus039","locus282",1,0.48406,NA,NA,1,NA,1,NA,1,0
"locus039","locus286",1,1,NA,NA,1,1,1,NA,1,0
"locus039","locus291",0.78763,1,NA,NA,1,NA,1,NA,1,0
"locus039","locus292",1,1,NA,NA,1,1,1,NA,1,0
"locus039","locus296",0.36827,1,NA,NA,1,NA,1,NA,1,0
"locus039","locus301",0.74217,0.74217,NA,NA,1,NA,1,NA,1,0
"locus039","locus321",1,0.404008,NA,NA,1,NA,0.06368,NA,1,0
"locus039","locus322",0.21893,1,NA,NA,1,NA,0.328544,NA,1,0
"locus039","locus323",1,1,NA,NA,1,NA,1,NA,1,0
"locus039","locus329",1,1,NA,NA,1,NA,1,NA,1,0
"locus039","locus332",0.868144,0.67249,NA,NA,1,NA,1,NA,1,0
"locus039","locus358",1,0.71728,NA,NA,0.71728,NA,1,NA,1,0
"locus039","locus359",1,1,NA,NA,1,NA,1,NA,1,0
"locus039","locus360",0.924904,1,NA,NA,1,NA,0.38464,NA,1,0
"locus040","locus041",1,0.15333,NA,NA,1,NA,0.950952,NA,1,0
"locus040","locus045",1,1,NA,NA,1,NA,1,NA,1,0
"locus040","locus047",1,1,NA,NA,1,NA,1,NA,1,0
"locus040","locus048",1,1,NA,NA,1,NA,1,NA,1,0
"locus040","locus053",0.41527,0.561966,NA,NA,1,NA,1,NA,0.41527,0
"locus040","locus055",1,1,NA,1,1,NA,0.228864,NA,1,0
"locus040","locus056",0.11326,1,1,1,1,NA,1,NA,1,0
"locus040","locus058",1,1,NA,1,1,NA,1,NA,1,0
"locus040","locus060",1,1,NA,1,1,NA,1,NA,1,0
"locus040","locus061",1,NA,NA,NA,1,1,1,NA,1,0
"locus040","locus062",1,1,NA,1,1,NA,1,NA,1,0
"locus040","locus064",1,1,NA,1,1,NA,1,NA,1,0
"locus040","locus065",1,1,NA,1,1,NA,1,NA,1,0
"locus040","locus073",1,1,NA,1,1,NA,0.35928,NA,1,0
"locus040","locus074",1,0.838932,NA,1,1,NA,1,NA,1,0
"locus040","locus076",1,1,NA,NA,1,1,0.856728,NA,1,0
"locus040","locus077",1,1,NA,1,1,NA,0.411252,NA,1,0
"locus040","locus080",1,0.9815,NA,NA,1,NA,1,NA,1,0
"locus040","locus083",1,NA,NA,NA,1,NA,1,NA,1,0
"locus040","locus088",1,1,NA,NA,1,NA,1,NA,1,0
"locus040","locus093",1,1,1,NA,1,NA,1,NA,1,0
"locus040","locus096",1,1,NA,NA,1,NA,1,NA,1,0
"locus040","locus098",0.521304,0.521304,1,NA,1,NA,1,NA,1,0
"locus040","locus100",1,1,NA,NA,1,NA,1,NA,1,0
"locus040","locus106",1,1,NA,NA,1,NA,0.53291,NA,1,0
"locus040","locus116",1,1,NA,NA,1,NA,1,NA,1,0
"locus040","locus119",0.518112,1,1,NA,1,NA,0.81977,NA,1,0
"locus040","locus120",1,1,NA,NA,1,NA,0.74388,NA,1,0
"locus040","locus128",1,1,NA,1,1,NA,0.21864,NA,1,0
"locus040","locus129",1,1,1,1,1,NA,1,NA,1,0
"locus040","locus130",0.78876,NA,NA,NA,0.78876,NA,0.78876,NA,1,0
"locus040","locus134",1,1,NA,NA,0.85734,1,1,NA,1,0
"locus040","locus135",1,0.375672,NA,1,1,NA,1,NA,1,0
"locus040","locus137",1,0.96253,NA,1,1,NA,0.631032,NA,1,0
"locus040","locus139",1,0.194016,NA,1,1,NA,1,NA,1,0
"locus040","locus140",1,0.196932,NA,1,1,NA,1,NA,1,0
"locus040","locus146",1,0.9414,NA,1,1,NA,1,NA,1,0
"locus040","locus148",1,1,NA,1,1,1,1,NA,1,0
"locus040","locus151",1,NA,1,1,1,NA,1,NA,1,0
"locus040","locus157",1,NA,NA,NA,1,NA,1,NA,1,0
"locus040","locus161",1,1,NA,1,1,1,1,NA,1,0
"locus040","locus165",1,1,NA,NA,1,NA,1,NA,1,0
"locus040","locus170",0.793056,1,NA,1,1,NA,1,NA,1,0
"locus040","locus176",1,NA,NA,NA,1,NA,0.97888,NA,1,0
"locus040","locus184",0.266924,1,NA,1,1,1,0.74262,NA,1,0
"locus040","locus188",1,1,NA,NA,1,NA,1,NA,1,0
"locus040","locus189",1,1,NA,NA,0.853056,NA,1,1,1,0
"locus040","locus190",1,1,NA,NA,1,NA,1,1,1,0
"locus040","locus191",1,NA,NA,NA,1,NA,1,1,1,0
"locus040","locus192",0.740026,1,NA,NA,1,1,1,1,1,0
"locus040","locus195",1,0.181888,1,NA,1,NA,1,1,1,0
"locus040","locus202",1,1,NA,NA,1,NA,0.12846,1,1,0
"locus040","locus215",0.58391,NA,NA,NA,1,NA,1,1,1,0
"locus040","locus227",1,1,1,NA,1,NA,1,1,1,0
"locus040","locus231",0.232248,1,1,NA,1,NA,0.25178,NA,1,0
"locus040","locus235",1,1,NA,NA,1,NA,1,1,1,0
"locus040","locus236",1,1,NA,NA,1,NA,1,1,1,0
"locus040","locus237",1,1,NA,NA,1,NA,1,1,1,0
"locus040","locus239",1,1,NA,NA,1,NA,1,1,1,0
"locus040","locus256",0.25698,1,NA,NA,1,NA,1,NA,1,0
"locus040","locus263",1,1,NA,NA,1,NA,1,NA,1,0
"locus040","locus264",1,1,1,NA,1,1,1,NA,1,0
"locus040","locus274",1,1,NA,NA,1,1,1,NA,0.550128,0
"locus040","locus280",1,1,NA,NA,1,NA,1,NA,1,0
"locus040","locus282",1,1,NA,NA,1,NA,1,NA,1,0
"locus040","locus292",1,1,NA,NA,1,1,1,NA,1,0
"locus040","locus296",1,1,NA,NA,1,NA,1,NA,0.91645,0
"locus040","locus301",0.43241,1,NA,NA,1,NA,1,NA,1,0
"locus040","locus314",1,1,NA,NA,1,NA,0.15846,NA,1,0
"locus040","locus321",1,1,NA,NA,0.47739,NA,1,NA,1,0
"locus040","locus322",1,1,NA,NA,1,NA,1,NA,1,0
"locus040","locus323",1,1,NA,NA,0.71354,NA,0.737,NA,1,0
"locus040","locus329",1,0.74366,NA,NA,1,NA,1,NA,1,0
"locus040","locus332",1,1,NA,NA,1,NA,1,NA,1,0
"locus040","locus358",0.76472,0.68908,NA,NA,1,NA,1,NA,0.814914,0
"locus040","locus359",1,1,NA,NA,1,NA,1,NA,1,0
"locus040","locus360",1,1,NA,NA,1,NA,1,NA,1,0
"locus041","locus047",1,1,NA,NA,1,NA,1,NA,1,0
"locus041","locus048",1,1,NA,NA,1,NA,1,NA,1,0
"locus041","locus053",1,1,NA,NA,1,NA,0.65595,NA,0.873448,0
"locus041","locus055",1,1,NA,1,1,NA,1,NA,1,0
"locus041","locus056",1,1,1,1,1,NA,1,NA,1,0
"locus041","locus058",1,1,NA,1,1,NA,1,NA,1,0
"locus041","locus060",1,0.081948,NA,1,1,NA,1,NA,1,0
"locus041","locus061",1,NA,1,NA,1,NA,1,NA,1,0
"locus041","locus062",1,1,NA,1,1,NA,0.714132,NA,1,0
"locus041","locus064",1,1,NA,1,1,NA,1,NA,1,0
"locus041","locus065",1,1,NA,1,1,NA,0.74886,NA,1,0
"locus041","locus073",1,1,NA,1,1,NA,1,NA,1,0
"locus041","locus076",0.98895,1,NA,NA,1,NA,1,NA,1,0
"locus041","locus077",0.955356,1,NA,1,1,NA,1,NA,1,0
"locus041","locus080",1,0.38227,NA,NA,1,NA,1,NA,1,0
"locus041","locus083",1,NA,NA,NA,1,NA,1,NA,1,0
"locus041","locus088",1,1,NA,NA,1,NA,1,NA,1,0
"locus041","locus093",1,1,1,NA,1,NA,1,NA,1,0
"locus041","locus096",1,1,NA,NA,1,NA,1,NA,1,0
"locus041","locus100",1,1,NA,NA,1,NA,1,NA,1,0
"locus041","locus106",0.14633,0.793664,NA,NA,1,NA,1,NA,0.793664,0
"locus041","locus116",1,0.505728,NA,NA,0.505728,NA,0.41019,NA,1,0
"locus041","locus119",1,0.76732,1,NA,0.286236,NA,1,NA,1,0
"locus041","locus120",1,1,NA,NA,1,NA,1,NA,0.27252,0
"locus041","locus128",1,0.22626,NA,1,1,NA,1,NA,1,0
"locus041","locus129",1,1,1,1,1,NA,1,NA,1,0
"locus041","locus130",1,NA,NA,NA,1,NA,0.889976,NA,1,0
"locus041","locus134",1,1,1,NA,1,NA,1,NA,1,0
"locus041","locus135",1,1,NA,1,1,NA,1,NA,1,0
"locus041","locus137",1,0.065256,NA,1,1,NA,0.86975,NA,1,0
"locus041","locus139",1,1,NA,1,0.849816,NA,1,NA,1,0
"locus041","locus140",1,1,NA,1,0.849636,NA,1,NA,1,0
"locus041","locus146",1,1,NA,1,1,NA,0.117024,NA,1,0
"locus041","locus148",1,1,NA,1,1,NA,0.4866,NA,1,0
"locus041","locus151",1,NA,1,0.99458,1,NA,1,NA,0.397704,0
"locus041","locus157",1,NA,NA,NA,1,NA,0.082664,NA,1,0
"locus041","locus161",1,0.516852,NA,1,1,NA,1,NA,1,0
"locus041","locus165",0.09646,1,NA,NA,1,NA,1,NA,1,0
"locus041","locus170",1,1,NA,1,0.853356,NA,1,NA,1,0
"locus041","locus176",0.879088,NA,NA,NA,0.998868,NA,1,NA,1,0
"locus041","locus184",0.657048,1,NA,1,1,NA,1,NA,1,0
"locus041","locus186",1,1,NA,1,1,NA,1,NA,0.543888,0
"locus041","locus188",0.585744,0.326648,NA,NA,1,NA,1,NA,0.31007,0
"locus041","locus189",1,0.65652,NA,NA,1,NA,1,0.800936,0.620424,0
"locus041","locus190",0.289392,0.766432,NA,NA,1,NA,0.61505,1,0.841608,0
"locus041","locus191",1,NA,NA,NA,1,NA,1,0.33298,1,0
"locus041","locus192",1,1,NA,NA,1,NA,0.846396,1,1,0
"locus041","locus195",1,1,1,NA,1,NA,1,1,1,0
"locus041","locus215",0.772776,NA,NA,NA,1,NA,1,1,0.29549,0
"locus041","locus227",1,1,1,NA,1,NA,1,1,0.637084,0
"locus041","locus231",1,1,NA,NA,1,NA,1,NA,1,0
"locus041","locus235",1,1,NA,NA,1,NA,1,1,1,0
"locus041","locus236",0.96172,1,NA,NA,0.862824,NA,1,1,1,0
"locus041","locus237",1,1,NA,NA,0.7049,NA,1,1,0.660936,0
"locus041","locus239",1,1,NA,NA,1,NA,1,1,1,0
"locus041","locus248",1,1,NA,NA,1,NA,1,1,1,0
"locus041","locus256",1,1,NA,NA,1,NA,1,NA,1,0
"locus041","locus263",1,1,NA,NA,1,NA,1,NA,1,0
"locus041","locus264",0.905232,1,1,NA,1,NA,1,NA,1,0
"locus041","locus274",1,0.47679,NA,NA,1,NA,1,NA,1,0
"locus041","locus280",1,1,NA,NA,1,NA,0.28819,NA,1,0
"locus041","locus282",1,1,NA,NA,0.71382,NA,1,NA,1,0
"locus041","locus286",1,1,NA,NA,1,NA,1,NA,1,0
"locus041","locus291",1,1,NA,NA,0.23483,NA,0.434552,NA,1,0
"locus041","locus292",1,1,NA,NA,1,NA,1,NA,1,0
"locus041","locus296",1,1,NA,NA,1,NA,1,NA,0.75449,0
"locus041","locus301",0.807,0.807,NA,NA,0.45306,NA,0.807,NA,0.45306,0
"locus041","locus314",0.964592,1,NA,NA,1,NA,0.21386,NA,1,0
"locus041","locus321",0.34779,0.665464,NA,NA,1,NA,1,NA,1,0
"locus041","locus322",1,1,NA,NA,1,NA,1,NA,1,0
"locus041","locus323",1,1,NA,NA,1,NA,0.26298,NA,1,0
"locus041","locus329",0.64874,1,NA,NA,1,NA,1,NA,1,0
"locus041","locus332",0.529656,1,NA,NA,1,NA,1,NA,0.29921,0
"locus041","locus358",1,1,NA,NA,1,NA,0.58427,NA,1,0
"locus041","locus359",1,1,NA,NA,1,NA,0.48732,NA,1,0
"locus041","locus360",1,1,1,NA,1,NA,1,NA,1,0
"locus045","locus047",0.83947,1,NA,NA,1,NA,1,NA,1,0
"locus045","locus048",1,1,NA,NA,1,NA,1,NA,1,0
"locus045","locus053",1,0.675032,NA,NA,1,NA,1,NA,0.05296,0
"locus045","locus055",1,1,1,1,1,NA,1,NA,1,0
"locus045","locus056",0.466068,0.366002,1,1,1,NA,1,NA,1,0
"locus045","locus058",1,1,NA,1,1,NA,1,NA,1,0
"locus045","locus060",0.71261,0.67938,NA,1,0.71261,NA,1,NA,1,0
"locus045","locus061",1,NA,NA,NA,1,1,1,NA,1,0
"locus045","locus062",1,1,NA,1,1,NA,1,NA,1,0
"locus045","locus064",1,1,NA,1,1,NA,1,NA,1,0
"locus045","locus065",1,1,NA,1,1,NA,1,NA,1,0
"locus045","locus073",1,1,NA,1,1,NA,1,NA,1,0
"locus045","locus074",0.99057,0.69672,NA,1,1,NA,1,NA,1,0
"locus045","locus076",1,1,NA,NA,1,1,1,NA,1,0
"locus045","locus077",1,1,NA,1,1,NA,1,NA,0.199956,0
"locus045","locus080",1,1,NA,NA,1,NA,1,NA,1,0
"locus045","locus083",1,NA,NA,NA,1,NA,0.716464,NA,1,0
"locus045","locus088",1,1,NA,NA,1,NA,1,NA,1,0
"locus045","locus093",1,1,1,NA,1,NA,1,NA,1,0
"locus045","locus096",1,1,NA,NA,1,NA,1,NA,0.3328,0
"locus045","locus098",1,1,1,NA,1,NA,1,NA,1,0
"locus045","locus100",1,1,NA,NA,1,NA,1,NA,1,0
"locus045","locus106",1,1,NA,NA,1,NA,1,NA,1,0
"locus045","locus116",1,1,NA,NA,1,NA,1,NA,1,0
"locus045","locus119",1,1,NA,NA,1,NA,0.76428,NA,1,0
"locus045","locus120",0.715152,0.895862,NA,NA,0.715152,NA,0.715152,NA,0.05442,0
"locus045","locus128",1,1,NA,1,1,NA,1,NA,1,0
"locus045","locus129",1,1,1,1,1,NA,1,NA,1,0
"locus045","locus130",1,NA,NA,NA,1,NA,0.223384,NA,1,0
"locus045","locus134",1,1,NA,NA,1,1,1,NA,1,0
"locus045","locus135",1,1,NA,1,1,NA,0.676272,NA,1,0
"locus045","locus137",1,0.22146,NA,1,1,NA,1,NA,1,0
"locus045","locus139",0.139428,1,NA,1,1,NA,1,NA,0.82673,0
"locus045","locus140",0.144816,1,NA,1,1,NA,1,NA,0.83247,0
"locus045","locus146",0.47127,1,NA,1,1,NA,0.401472,NA,1,0
"locus045","locus148",1,1,NA,1,1,1,1,NA,1,0
"locus045","locus151",1,NA,1,1,1,NA,1,NA,1,0
"locus045","locus157",0.320376,NA,NA,NA,1,NA,1,NA,1,0
"locus045","locus161",1,1,NA,1,1,1,1,NA,1,0
"locus045","locus165",1,1,NA,NA,1,NA,1,NA,1,0
"locus045","locus170",1,1,NA,1,1,NA,1,NA,1,0
"locus045","locus176",1,NA,NA,NA,1,NA,1,NA,1,0
"locus045","locus184",1,1,NA,1,1,1,1,NA,1,0
"locus045","locus186",1,1,NA,1,1,NA,1,NA,0.166068,0
"locus045","locus189",1,1,NA,NA,1,NA,1,1,1,0
"locus045","locus190",1,1,NA,NA,1,NA,1,1,1,0
"locus045","locus191",1,NA,NA,NA,1,NA,0.3956,1,0.2522,0
"locus045","locus192",1,1,NA,NA,1,1,0.227192,1,1,0
"locus045","locus195",1,1,1,NA,1,NA,1,1,1,0
"locus045","locus202",1,1,NA,NA,1,NA,1,1,1,0
"locus045","locus215",1,NA,NA,NA,1,NA,1,1,1,0
"locus045","locus227",0.788312,1,1,NA,1,NA,1,1,1,0
"locus045","locus231",1,1,NA,NA,1,NA,1,NA,1,0
"locus045","locus235",1,1,NA,NA,1,NA,1,1,1,0
"locus045","locus236",1,1,NA,NA,1,NA,1,1,1,0
"locus045","locus239",1,1,NA,NA,1,NA,1,1,1,0
"locus045","locus248",1,1,NA,NA,1,NA,1,1,1,0
"locus045","locus256",1,1,NA,NA,1,NA,1,NA,0.07371,0
"locus045","locus263",1,1,NA,NA,1,NA,1,NA,1,0
"locus045","locus264",0.96494,1,NA,NA,1,1,0.96494,NA,0.721824,0
"locus045","locus274",1,1,NA,NA,1,1,1,NA,1,0
"locus045","locus280",1,1,NA,NA,1,NA,1,NA,0.37465,0
"locus045","locus282",1,1,1,NA,1,NA,1,NA,1,0
"locus045","locus286",0.188448,1,NA,NA,1,1,1,NA,1,0
"locus045","locus291",1,0.24113,NA,NA,1,NA,0.943264,NA,1,0
"locus045","locus292",1,1,NA,NA,1,1,1,NA,1,0
"locus045","locus296",1,0.41716,NA,NA,1,NA,0.643284,NA,0.577792,0
"locus045","locus301",1,1,1,NA,1,NA,0.676128,NA,1,0
"locus045","locus314",1,1,NA,NA,1,NA,1,NA,1,0
"locus045","locus321",1,1,NA,NA,1,NA,1,NA,1,0
"locus045","locus322",0.301432,1,NA,NA,0.23618,NA,1,NA,1,0
"locus045","locus323",1,1,NA,NA,1,NA,1,NA,0.9684,0
"locus045","locus329",1,1,NA,NA,1,NA,1,NA,1,0
"locus045","locus332",1,0.3195,NA,NA,1,NA,1,NA,1,0
"locus045","locus358",1,1,NA,NA,1,NA,1,NA,1,0
"locus045","locus359",1,1,NA,NA,1,NA,1,NA,1,0
"locus045","locus360",1,1,NA,NA,1,NA,1,NA,1,0
"locus047","locus048",1,1,NA,NA,1,NA,1,NA,1,0
"locus047","locus053",1,1,NA,NA,1,NA,1,NA,1,0
"locus047","locus055",0.150178,1,1,1,1,NA,1,NA,1,0
"locus047","locus056",1,1,1,1,1,NA,1,NA,1,0
"locus047","locus058",1,0.594348,NA,0.71459,1,NA,1,NA,1,0
"locus047","locus060",1,1,NA,1,1,NA,1,NA,1,0
"locus047","locus061",1,NA,NA,NA,1,1,1,NA,1,0
"locus047","locus062",1,1,NA,1,1,NA,1,NA,0.811044,0
"locus047","locus064",1,1,NA,1,0.572748,NA,1,NA,0.70983,0
"locus047","locus065",1,1,NA,1,1,NA,1,NA,1,0
"locus047","locus073",0.146184,1,NA,1,1,NA,0.8094,NA,1,0
"locus047","locus074",1,1,NA,1,1,NA,1,NA,1,0
"locus047","locus076",0.68877,1,NA,NA,0.945312,NA,0.706648,NA,1,0
"locus047","locus077",0.982506,0.982506,NA,1,0.576384,NA,0.22197,NA,0.103908,0
"locus047","locus080",1,1,NA,NA,1,NA,1,NA,1,0
"locus047","locus083",1,NA,NA,NA,1,NA,1,NA,1,0
"locus047","locus088",1,1,NA,NA,1,NA,1,NA,1,0
"locus047","locus093",1,1,1,NA,1,NA,1,NA,1,0
"locus047","locus096",1,1,NA,NA,1,NA,1,NA,1,0
"locus047","locus098",1,1,1,NA,1,NA,1,NA,1,0
"locus047","locus100",1,0.7639,NA,NA,1,NA,1,NA,1,0
"locus047","locus106",0.25256,1,NA,NA,1,NA,1,NA,1,0
"locus047","locus116",0.681128,1,NA,NA,1,NA,1,NA,0.07301,0
"locus047","locus119",1,1,NA,NA,1,NA,1,NA,1,0
"locus047","locus120",1,1,NA,NA,1,NA,1,NA,1,0
"locus047","locus128",1,1,NA,1,1,NA,1,NA,1,0
"locus047","locus129",1,0.24367,0.993708,1,1,NA,1,NA,1,0
"locus047","locus130",1,NA,NA,NA,1,NA,1,NA,1,0
"locus047","locus134",1,1,NA,NA,1,1,1,NA,0.224148,0
"locus047","locus135",1,1,NA,0.84996,1,NA,1,NA,1,0
"locus047","locus137",1,1,NA,1,0.572916,NA,0.96515,NA,1,0
"locus047","locus139",1,0.814368,NA,1,1,NA,1,NA,1,0
"locus047","locus140",1,0.810396,NA,1,1,NA,1,NA,1,0
"locus047","locus146",1,1,NA,1,1,NA,0.8728,NA,0.164004,0
"locus047","locus148",0.202286,1,NA,1,1,1,1,NA,1,0
"locus047","locus151",1,NA,1,1,0.725928,NA,1,NA,1,0
"locus047","locus157",1,NA,NA,NA,1,NA,0.558978,NA,0.0596,0
"locus047","locus161",1,1,NA,0.851676,1,1,0.27587,NA,1,0
"locus047","locus165",1,1,NA,NA,1,NA,1,NA,1,0
"locus047","locus170",1,1,NA,1,1,NA,1,NA,1,0
"locus047","locus176",1,NA,NA,NA,1,NA,0.430296,NA,0.975036,0
"locus047","locus184",1,1,NA,1,1,1,0.66283,NA,1,0
"locus047","locus186",1,1,NA,1,0.859392,NA,1,NA,1,0
"locus047","locus188",1,1,NA,NA,0.72744,NA,1,NA,1,0
"locus047","locus189",1,1,NA,NA,1,NA,1,1,1,0
"locus047","locus190",1,0.704196,NA,NA,0.99816,NA,1,1,1,0
"locus047","locus191",0.526648,NA,NA,NA,0.18944,NA,0.526648,0.995164,0.995164,0
"locus047","locus192",1,1,NA,NA,1,1,1,1,1,0
"locus047","locus195",1,1,1,NA,1,NA,0.4851,0.202272,0.93015,0
"locus047","locus202",1,1,NA,NA,0.222432,NA,1,1,1,0
"locus047","locus215",1,NA,NA,NA,1,NA,0.28047,1,1,0
"locus047","locus227",0.776388,1,1,NA,1,NA,0.205156,1,1,0
"locus047","locus235",1,0.403128,NA,NA,1,NA,0.403128,1,1,0
"locus047","locus236",1,1,NA,NA,1,NA,0.521736,1,1,0
"locus047","locus237",1,0.574764,NA,NA,1,NA,1,1,1,0
"locus047","locus239",1,0.856692,NA,NA,0.856692,NA,1,1,1,0
"locus047","locus248",1,1,NA,NA,1,NA,1,1,1,0
"locus047","locus256",0.34763,1,NA,NA,1,NA,1,NA,1,0
"locus047","locus263",1,1,NA,NA,1,NA,1,NA,1,0
"locus047","locus264",0.97812,0.988704,NA,NA,0.868332,1,1,NA,1,0
"locus047","locus274",1,1,NA,NA,1,1,1,NA,1,0
"locus047","locus280",1,1,NA,NA,1,NA,1,NA,1,0
"locus047","locus282",1,1,1,NA,1,NA,1,NA,1,0
"locus047","locus286",0.41424,1,NA,NA,1,1,1,NA,1,0
"locus047","locus291",0.71684,1,NA,NA,1,NA,0.986136,NA,1,0
"locus047","locus292",1,1,NA,NA,1,1,1,NA,1,0
"locus047","locus296",1,1,NA,NA,0.47259,NA,1,NA,1,0
"locus047","locus301",1,1,1,NA,1,NA,1,NA,1,0
"locus047","locus314",1,0.10724,NA,NA,0.377664,NA,1,NA,1,0
"locus047","locus321",1,1,NA,NA,1,NA,1,NA,1,0
"locus047","locus322",1,1,NA,NA,1,NA,1,NA,1,0
"locus047","locus323",1,1,NA,NA,1,NA,1,NA,1,0
"locus047","locus329",1,1,NA,NA,1,NA,1,NA,1,0
"locus047","locus358",0.690104,1,NA,NA,1,NA,0.26991,NA,1,0
"locus047","locus360",1,0.65857,NA,NA,1,NA,1,NA,1,0
"locus048","locus053",1,0.38241,NA,NA,1,NA,1,NA,1,0
"locus048","locus055",1,0.065142,1,1,1,NA,1,NA,1,0
"locus048","locus056",1,1,1,1,1,NA,1,NA,1,0
"locus048","locus060",1,1,NA,1,1,NA,1,NA,1,0
"locus048","locus061",1,NA,NA,NA,1,1,1,NA,1,0
"locus048","locus062",0.082404,1,NA,1,1,NA,1,NA,1,0
"locus048","locus064",1,1,NA,1,1,NA,1,NA,1,0
"locus048","locus065",1,0.80808,NA,1,1,NA,1,NA,1,0
"locus048","locus073",1,1,NA,1,1,NA,1,NA,0.56388,0
"locus048","locus074",1,1,NA,1,1,NA,1,NA,1,0
"locus048","locus076",1,1,NA,NA,1,NA,1,NA,1,0
"locus048","locus077",1,1,NA,1,0.857676,NA,1,NA,1,0
"locus048","locus080",0.48624,1,NA,NA,0.48624,NA,0.48624,NA,0.22605,0
"locus048","locus083",0.289544,NA,NA,NA,1,NA,1,NA,1,0
"locus048","locus088",1,1,NA,NA,1,NA,1,NA,1,0
"locus048","locus093",1,1,1,NA,1,NA,0.410196,NA,1,0
"locus048","locus096",1,0.17167,NA,NA,0.19412,NA,1,NA,1,0
"locus048","locus098",1,1,1,NA,1,NA,1,NA,1,0
"locus048","locus100",1,1,NA,NA,1,NA,0.35267,NA,1,0
"locus048","locus106",1,1,NA,NA,1,NA,1,NA,1,0
"locus048","locus116",1,1,NA,NA,1,NA,1,NA,1,0
"locus048","locus119",1,1,NA,NA,1,NA,1,NA,1,0
"locus048","locus120",1,1,NA,NA,1,NA,1,NA,1,0
"locus048","locus128",0.90399,0.628356,NA,1,1,NA,1,NA,1,0
"locus048","locus129",1,1,1,1,1,NA,1,NA,1,0
"locus048","locus130",1,NA,NA,NA,1,NA,1,NA,1,0
"locus048","locus134",1,1,NA,NA,1,1,1,NA,1,0
"locus048","locus135",1,1,NA,1,1,NA,1,NA,1,0
"locus048","locus137",0.881208,1,NA,1,1,NA,1,NA,1,0
"locus048","locus139",1,1,NA,1,0.856332,NA,1,NA,1,0
"locus048","locus140",1,1,NA,1,0.85266,NA,1,NA,1,0
"locus048","locus146",1,1,NA,1,1,NA,1,NA,1,0
"locus048","locus151",1,NA,1,1,1,NA,1,NA,1,0
"locus048","locus157",1,NA,NA,NA,1,NA,1,NA,1,0
"locus048","locus161",1,1,NA,1,1,1,0.201768,NA,1,0
"locus048","locus165",1,1,NA,NA,1,NA,1,NA,1,0
"locus048","locus170",1,1,NA,1,0.857172,NA,1,NA,1,0
"locus048","locus176",0.923492,NA,NA,NA,0.923492,NA,0.713312,NA,0.748392,0
"locus048","locus184",1,1,NA,1,1,1,1,NA,1,0
"locus048","locus186",1,0.822,NA,1,0.822,NA,1,NA,1,0
"locus048","locus188",1,0.24537,NA,NA,1,NA,1,NA,1,0
"locus048","locus189",0.917376,0.917376,NA,NA,0.996258,NA,0.917376,1,1,0
"locus048","locus190",1,1,NA,NA,1,NA,0.963,1,1,0
"locus048","locus191",1,NA,NA,NA,1,NA,1,1,1,0
"locus048","locus192",1,1,NA,NA,0.283188,1,0.120414,1,1,0
"locus048","locus195",1,1,1,NA,1,NA,1,1,1,0
"locus048","locus202",1,1,NA,NA,1,NA,1,1,1,0
"locus048","locus215",1,NA,1,NA,1,NA,0.158508,0.71525,1,0
"locus048","locus227",1,1,1,NA,1,NA,1,1,1,0
"locus048","locus231",1,1,NA,NA,1,NA,1,NA,1,0
"locus048","locus235",1,1,NA,NA,1,NA,1,1,1,0
"locus048","locus236",1,1,NA,NA,1,NA,1,1,0.467484,0
"locus048","locus237",1,1,NA,NA,1,NA,0.643692,1,1,0
"locus048","locus239",1,1,NA,NA,0.847632,NA,1,1,1,0
"locus048","locus248",1,1,NA,NA,1,NA,1,1,1,0
"locus048","locus256",0.816976,1,NA,NA,1,NA,0.29772,NA,1,0
"locus048","locus263",1,1,NA,NA,1,NA,1,NA,1,0
"locus048","locus264",0.6992,0.6992,NA,NA,0.6992,1,0.6992,NA,0.052932,0
"locus048","locus274",1,0.212618,1,NA,1,1,1,NA,1,0
"locus048","locus280",1,1,NA,NA,1,NA,1,NA,1,0
"locus048","locus282",0.512196,1,1,NA,1,NA,0.65916,NA,0.65916,0
"locus048","locus286",1,1,NA,NA,1,1,1,NA,1,0
"locus048","locus291",1,1,NA,NA,1,NA,1,NA,1,0
"locus048","locus292",1,1,NA,NA,1,1,0.151272,NA,1,0
"locus048","locus296",0.65593,1,NA,NA,1,NA,1,NA,1,0
"locus048","locus301",1,1,NA,NA,1,NA,1,NA,1,0
"locus048","locus314",1,0.50844,NA,NA,1,NA,1,NA,1,0
"locus048","locus321",1,1,NA,NA,1,NA,1,NA,1,0
"locus048","locus322",1,0.821336,NA,NA,1,NA,1,NA,0.16485,0
"locus048","locus323",1,1,NA,NA,1,NA,1,NA,1,0
"locus048","locus329",1,1,NA,NA,1,1,1,NA,1,0
"locus048","locus332",1,1,NA,NA,1,NA,1,NA,1,0
"locus048","locus358",1,1,NA,NA,1,NA,0.89095,NA,1,0
"locus048","locus359",1,1,NA,NA,1,NA,1,NA,1,0
"locus048","locus360",0.75014,1,NA,NA,1,1,0.73236,NA,1,0
"locus053","locus055",1,1,1,1,1,NA,0.548464,NA,1,0
"locus053","locus056",1,1,1,1,1,NA,1,NA,1,0
"locus053","locus058",0.884364,1,NA,1,1,NA,1,NA,1,0
"locus053","locus060",1,1,NA,1,1,NA,1,NA,1,0
"locus053","locus061",1,NA,NA,NA,1,1,1,NA,1,0
"locus053","locus062",1,1,NA,0.98134,1,NA,1,NA,0.313764,0
"locus053","locus064",1,1,NA,1,1,NA,1,NA,1,0
"locus053","locus065",1,1,NA,1,1,NA,0.752616,NA,1,0
"locus053","locus073",1,0.279036,NA,1,1,NA,1,NA,1,0
"locus053","locus074",1,1,NA,1,0.528168,NA,1,NA,1,0
"locus053","locus076",1,1,NA,NA,1,NA,1,NA,1,0
"locus053","locus077",1,0.332628,NA,1,1,NA,1,NA,1,0
"locus053","locus080",1,0.88997,NA,NA,1,NA,1,NA,1,0
"locus053","locus083",1,NA,NA,NA,1,NA,0.770104,NA,1,0
"locus053","locus088",1,1,NA,NA,1,NA,1,NA,1,0
"locus053","locus093",1,1,1,NA,1,NA,1,NA,1,0
"locus053","locus096",1,1,NA,NA,1,NA,1,NA,1,0
"locus053","locus098",0.192624,1,1,NA,1,NA,1,NA,1,0
"locus053","locus100",1,0.27876,NA,NA,1,NA,1,NA,0.27876,0
"locus053","locus106",0.925968,0.925968,NA,NA,1,NA,0.42968,NA,0.925968,0
"locus053","locus116",1,1,NA,NA,1,NA,1,NA,1,0
"locus053","locus119",1,1,NA,NA,1,NA,0.99524,NA,1,0
"locus053","locus128",1,1,NA,1,1,NA,1,NA,0.654192,0
"locus053","locus129",1,1,1,1,1,NA,1,NA,1,0
"locus053","locus130",1,NA,NA,NA,1,NA,1,NA,1,0
"locus053","locus134",1,1,NA,NA,1,1,1,NA,1,0
"locus053","locus135",1,1,NA,1,1,NA,1,NA,1,0
"locus053","locus137",1,1,NA,1,1,NA,1,NA,1,0
"locus053","locus139",1,1,NA,1,1,NA,1,NA,1,0
"locus053","locus140",1,1,NA,1,1,NA,1,NA,1,0
"locus053","locus146",0.478764,1,NA,1,1,NA,1,NA,1,0
"locus053","locus148",1,1,NA,1,1,1,1,NA,1,0
"locus053","locus151",1,NA,1,1,1,NA,1,NA,1,0
"locus053","locus157",1,NA,NA,NA,1,NA,0.911592,NA,1,0
"locus053","locus161",1,1,NA,1,1,1,1,NA,1,0
"locus053","locus165",1,1,NA,NA,1,NA,1,NA,1,0
"locus053","locus170",1,1,NA,1,1,NA,1,NA,1,0
"locus053","locus176",1,NA,NA,NA,1,NA,1,NA,1,0
"locus053","locus184",1,0.975814,NA,1,1,1,1,NA,1,0
"locus053","locus186",1,1,NA,1,1,NA,1,NA,0.150336,0
"locus053","locus188",1,1,NA,NA,1,NA,1,NA,1,0
"locus053","locus189",1,1,NA,NA,1,NA,0.6828,1,0.55716,0
"locus053","locus190",1,1,NA,NA,0.52122,NA,1,1,1,0
"locus053","locus191",1,NA,NA,NA,1,NA,1,1,0.0542,0
"locus053","locus192",1,1,NA,NA,1,1,1,1,1,0
"locus053","locus195",0.19691,1,1,NA,1,NA,1,1,1,0
"locus053","locus202",0.293004,1,NA,NA,1,NA,0.54271,1,1,0
"locus053","locus215",1,NA,1,NA,1,NA,1,1,1,0
"locus053","locus227",1,1,1,NA,1,NA,0.487816,1,1,0
"locus053","locus231",1,1,NA,NA,1,NA,1,NA,1,0
"locus053","locus235",0.652644,1,NA,NA,1,NA,1,1,1,0
"locus053","locus236",1,0.23982,NA,NA,1,NA,1,1,1,0
"locus053","locus237",1,1,NA,NA,1,NA,1,1,1,0
"locus053","locus239",1,1,NA,NA,0.98753,NA,0.973944,1,1,0
"locus053","locus248",1,1,NA,NA,1,NA,1,1,0.993156,0
"locus053","locus256",1,1,NA,NA,1,NA,0.13443,NA,1,0
"locus053","locus263",1,1,NA,NA,1,NA,1,NA,1,0
"locus053","locus264",1,1,NA,NA,1,1,1,NA,1,0
"locus053","locus274",1,1,1,NA,1,1,1,NA,1,0
"locus053","locus280",0.85216,1,NA,NA,1,NA,1,NA,1,0
"locus053","locus282",1,1,1,NA,1,NA,1,NA,1,0
"locus053","locus286",1,1,NA,NA,1,1,1,NA,1,0
"locus053","locus291",1,0.07233,NA,NA,1,NA,1,NA,1,0
"locus053","locus292",1,0.941856,NA,NA,1,1,1,NA,0.941856,0
"locus053","locus296",0.66636,1,NA,NA,1,NA,1,NA,0.937696,0
"locus053","locus301",1,1,NA,NA,1,NA,1,NA,1,0
"locus053","locus314",1,1,NA,NA,1,NA,1,NA,1,0
"locus053","locus321",1,1,NA,NA,1,NA,0.30497,NA,1,0
"locus053","locus322",0.86247,1,NA,NA,1,NA,1,NA,1,0
"locus053","locus323",0.2974,1,NA,NA,1,NA,1,NA,1,0
"locus053","locus332",0.92022,1,NA,NA,1,NA,0.92022,NA,0.92022,0
"locus053","locus358",1,1,NA,NA,1,NA,1,NA,1,0
"locus053","locus359",1,1,NA,NA,1,NA,1,NA,1,0
"locus053","locus360",1,0.593532,NA,NA,1,1,0.73609,NA,1,0
"locus055","locus056",1,1,1,1,1,NA,1,NA,1,0
"locus055","locus058",1,1,NA,1,0.857844,NA,1,NA,1,0
"locus055","locus060",0.33378,1,NA,1,1,NA,1,NA,1,0
"locus055","locus061",1,NA,NA,NA,1,1,1,NA,0.32822,0
"locus055","locus062",1,0.91283,NA,1,1,NA,1,NA,0.488832,0
"locus055","locus064",1,1,NA,1,1,NA,1,NA,1,0
"locus055","locus065",1,1,NA,1,1,NA,1,NA,1,0
"locus055","locus073",1,1,NA,1,1,NA,1,NA,1,0
"locus055","locus074",1,1,NA,1,1,NA,1,NA,1,0
"locus055","locus076",1,1,NA,NA,1,NA,1,NA,1,0
"locus055","locus077",1,1,NA,1,0.71054,NA,0.657396,NA,1,0
"locus055","locus080",1,1,NA,NA,1,NA,1,NA,1,0
"locus055","locus083",1,NA,NA,NA,1,NA,1,NA,1,0
"locus055","locus088",1,1,NA,NA,1,NA,1,NA,1,0
"locus055","locus093",1,1,1,NA,1,NA,1,NA,0.664056,0
"locus055","locus096",1,1,NA,NA,1,NA,1,NA,1,0
"locus055","locus098",1,1,1,NA,1,NA,0.745872,NA,1,0
"locus055","locus100",1,1,NA,NA,1,NA,1,NA,1,0
"locus055","locus106",0.69724,1,NA,NA,1,NA,0.790856,NA,1,0
"locus055","locus116",1,1,NA,NA,1,NA,1,NA,1,0
"locus055","locus119",1,1,NA,NA,1,NA,1,NA,1,0
"locus055","locus120",1,1,NA,NA,1,NA,1,NA,1,0
"locus055","locus128",0.191212,1,1,1,1,NA,1,NA,1,0
"locus055","locus129",1,1,1,1,1,NA,1,NA,1,0
"locus055","locus130",1,NA,NA,NA,1,NA,1,NA,1,0
"locus055","locus134",0.718524,1,NA,NA,1,1,1,NA,1,0
"locus055","locus135",0.295116,1,NA,1,1,NA,1,NA,1,0
"locus055","locus137",1,0.781404,NA,1,1,NA,0.781404,NA,0.879424,0
"locus055","locus139",1,1,NA,1,1,NA,1,NA,1,0
"locus055","locus140",1,1,NA,1,1,NA,1,NA,1,0
"locus055","locus146",1,1,NA,1,1,NA,0.960912,NA,1,0
"locus055","locus148",1,1,NA,1,1,1,1,NA,1,0
"locus055","locus151",1,NA,NA,1,1,NA,1,NA,1,0
"locus055","locus161",1,1,NA,1,1,1,1,NA,1,0
"locus055","locus165",1,1,1,NA,1,NA,1,NA,0.614472,0
"locus055","locus170",1,0.156036,NA,1,1,NA,1,NA,1,0
"locus055","locus176",0.684982,NA,NA,NA,0.114896,NA,0.357474,NA,0.357474,0
"locus055","locus184",0.483014,1,NA,1,1,1,0.97168,NA,0.788448,0
"locus055","locus186",1,1,NA,1,1,NA,1,NA,1,0
"locus055","locus188",1,1,1,NA,1,NA,1,NA,1,0
"locus055","locus189",1,1,NA,NA,1,NA,1,1,1,0
"locus055","locus190",1,1,NA,NA,1,NA,1,1,0.129672,0
"locus055","locus191",1,NA,1,NA,1,NA,1,0.572184,1,0
"locus055","locus192",1,1,NA,NA,1,1,1,1,1,0
"locus055","locus195",1,1,1,NA,1,NA,1,1,1,0
"locus055","locus202",1,1,NA,NA,1,NA,1,1,1,0
"locus055","locus215",1,NA,NA,NA,1,NA,1,1,1,0
"locus055","locus227",1,1,1,NA,1,NA,1,1,1,0
"locus055","locus231",1,0.80156,NA,NA,1,NA,1,NA,1,0
"locus055","locus235",1,0.823236,NA,NA,1,NA,1,1,1,0
"locus055","locus236",1,1,NA,NA,1,NA,0.288708,1,1,0
"locus055","locus237",0.628404,1,NA,NA,1,NA,1,1,0.628404,0
"locus055","locus239",1,1,NA,NA,0.85374,NA,1,1,1,0
"locus055","locus248",1,1,NA,NA,0.861588,NA,1,1,1,0
"locus055","locus256",1,1,NA,NA,1,NA,1,NA,1,0
"locus055","locus263",1,0.98752,NA,NA,1,NA,0.82795,NA,1,0
"locus055","locus264",1,0.889024,NA,NA,0.71186,1,1,NA,0.577092,0
"locus055","locus280",1,1,NA,NA,1,NA,1,NA,1,0
"locus055","locus282",1,1,1,NA,1,NA,1,NA,1,0
"locus055","locus286",1,1,NA,NA,1,1,1,NA,1,0
"locus055","locus291",0.64604,0.64604,NA,NA,1,NA,1,NA,1,0
"locus055","locus292",1,1,NA,NA,1,1,1,NA,1,0
"locus055","locus296",1,1,NA,NA,1,NA,1,NA,1,0
"locus055","locus301",0.48865,1,NA,NA,1,NA,0.569544,NA,1,0
"locus055","locus314",0.35359,0.633656,NA,NA,1,NA,1,NA,1,0
"locus055","locus321",1,0.70086,NA,NA,1,NA,1,NA,1,0
"locus055","locus322",1,1,NA,NA,1,NA,1,NA,0.62097,0
"locus055","locus323",1,1,NA,NA,1,NA,1,NA,0.09327,0
"locus055","locus329",1,1,NA,NA,1,1,1,NA,1,0
"locus055","locus332",0.07066,1,NA,NA,0.112792,NA,0.850896,NA,1,0
"locus055","locus358",1,1,NA,NA,1,NA,1,NA,1,0
"locus055","locus359",0.42551,1,NA,NA,1,NA,1,NA,1,0
"locus055","locus360",1,0.260796,NA,NA,1,1,1,NA,1,0
"locus056","locus058",1,0.10854,NA,1,1,NA,1,NA,1,0
"locus056","locus061",1,NA,NA,NA,0.70888,1,1,NA,1,0
"locus056","locus062",1,1,NA,1,1,NA,1,NA,1,0
"locus056","locus064",1,1,NA,1,1,NA,1,NA,1,0
"locus056","locus065",1,1,NA,1,1,NA,1,NA,1,0
"locus056","locus073",1,1,NA,1,1,NA,1,NA,1,0
"locus056","locus074",1,0.293796,NA,1,1,NA,1,NA,1,0
"locus056","locus076",1,1,NA,NA,1,NA,1,NA,1,0
"locus056","locus077",1,1,NA,1,1,NA,1,NA,1,0
"locus056","locus080",1,1,NA,NA,1,NA,1,NA,1,0
"locus056","locus083",1,NA,NA,NA,1,NA,0.95984,NA,1,0
"locus056","locus088",1,0.83436,NA,NA,1,NA,1,NA,1,0
"locus056","locus093",1,1,1,NA,1,NA,1,NA,1,0
"locus056","locus096",1,1,NA,NA,1,NA,1,NA,1,0
"locus056","locus098",0.82644,1,1,NA,1,NA,1,NA,1,0
"locus056","locus100",1,1,NA,NA,1,NA,1,NA,1,0
"locus056","locus106",1,0.575064,NA,NA,0.856374,NA,1,NA,0.28149,0
"locus056","locus116",1,1,NA,NA,0.71999,NA,0.71999,NA,0.71999,0
"locus056","locus119",0.861008,0.861008,NA,NA,0.861008,NA,0.84862,NA,0.861008,0
"locus056","locus120",1,1,NA,NA,1,NA,0.25546,NA,1,0
"locus056","locus128",1,0.467772,NA,1,1,NA,1,NA,1,0
"locus056","locus129",1,1,1,1,1,NA,1,NA,0.532196,0
"locus056","locus130",1,NA,1,NA,1,NA,0.50562,NA,1,0
"locus056","locus134",1,1,NA,NA,1,1,1,NA,1,0
"locus056","locus137",1,1,NA,1,1,NA,0.452292,NA,0.452292,0
"locus056","locus139",1,1,NA,1,1,NA,0.75515,NA,0.4011,0
"locus056","locus140",1,1,NA,1,1,NA,0.77373,NA,0.40668,0
"locus056","locus146",1,1,NA,1,1,NA,1,NA,1,0
"locus056","locus148",1,1,NA,1,1,1,1,NA,1,0
"locus056","locus151",1,NA,NA,1,0.71772,NA,1,NA,1,0
"locus056","locus157",1,NA,NA,NA,1,NA,1,NA,1,0
"locus056","locus161",1,1,NA,1,1,1,0.993552,NA,1,0
"locus056","locus165",1,1,NA,NA,1,NA,1,NA,1,0
"locus056","locus170",0.390576,1,NA,1,1,NA,1,NA,1,0
"locus056","locus176",0.66432,NA,NA,NA,0.572152,NA,0.694532,NA,0.694532,0
"locus056","locus184",0.85372,0.85372,NA,1,1,1,1,NA,1,0
"locus056","locus186",0.387312,1,NA,1,1,NA,1,NA,1,0
"locus056","locus188",1,0.772428,NA,1,1,NA,1,NA,0.772428,0
"locus056","locus189",1,0.6639,NA,NA,1,NA,1,1,1,0
"locus056","locus190",0.2772,1,NA,NA,1,NA,1,1,0.46347,0
"locus056","locus191",1,NA,NA,NA,1,NA,1,1,0.22568,0
"locus056","locus192",1,1,NA,NA,1,1,1,1,1,0
"locus056","locus195",1,0.198212,1,NA,1,NA,1,1,0.699852,0
"locus056","locus202",1,0.658392,NA,NA,1,NA,1,1,1,0
"locus056","locus215",0.11654,NA,NA,NA,1,NA,1,1,1,0
"locus056","locus227",1,1,1,NA,1,NA,1,1,1,0
"locus056","locus231",0.826576,1,NA,NA,1,NA,0.26786,NA,1,0
"locus056","locus235",1,1,NA,NA,1,NA,1,1,1,0
"locus056","locus236",0.609684,1,NA,NA,1,NA,1,1,1,0
"locus056","locus237",1,1,NA,NA,1,NA,1,1,0.761424,0
"locus056","locus239",1,1,NA,NA,1,NA,1,0.845832,1,0
"locus056","locus248",1,1,NA,NA,1,NA,1,1,1,0
"locus056","locus256",0.936876,0.516616,NA,NA,0.936876,NA,0.34499,NA,0.719796,0
"locus056","locus263",1,0.537924,1,NA,1,NA,1,NA,1,0
"locus056","locus264",1,1,NA,NA,1,1,1,NA,1,0
"locus056","locus274",1,1,1,NA,1,1,1,NA,1,0
"locus056","locus280",1,1,NA,NA,1,NA,1,NA,1,0
"locus056","locus282",1,0.9519,1,NA,1,NA,1,NA,1,0
"locus056","locus286",0.582084,0.74969,NA,NA,1,1,0.74969,NA,1,0
"locus056","locus291",1,1,NA,NA,1,NA,1,NA,1,0
"locus056","locus292",1,1,NA,NA,1,1,1,NA,1,0
"locus056","locus296",1,1,NA,NA,1,NA,1,NA,1,0
"locus056","locus301",1,0.82941,NA,NA,1,NA,0.31942,NA,0.31942,0
"locus056","locus314",1,1,NA,NA,1,NA,1,NA,1,0
"locus056","locus321",1,1,NA,NA,1,NA,1,NA,1,0
"locus056","locus322",1,1,NA,NA,1,NA,0.53483,NA,1,0
"locus056","locus323",1,1,NA,NA,1,NA,1,NA,1,0
"locus056","locus329",1,1,NA,NA,1,1,1,NA,1,0
"locus056","locus332",1,1,NA,NA,1,NA,1,NA,1,0
"locus056","locus358",1,0.15074,NA,NA,1,NA,1,NA,1,0
"locus056","locus359",1,1,NA,NA,1,NA,1,NA,0.33493,0
"locus056","locus360",0.13035,1,NA,NA,1,1,0.45828,NA,0.082884,0
"locus058","locus060",1,1,NA,1,0.234876,NA,0.83796,NA,1,0
"locus058","locus061",1,NA,NA,NA,1,NA,1,NA,1,0
"locus058","locus062",1,1,NA,1,1,1,0.089362,NA,0.94722,0
"locus058","locus064",1,1,NA,1,1,NA,1,NA,1,0
"locus058","locus065",0.60999,1,NA,0.952048,1,NA,1,NA,0.169692,0
"locus058","locus073",1,0.698556,NA,1,1,NA,1,NA,1,0
"locus058","locus074",1,1,NA,1,1,NA,0.428724,NA,0.80749,0
"locus058","locus077",1,1,NA,1,1,NA,1,NA,1,0
"locus058","locus080",0.734844,0.836192,1,NA,0.734844,NA,1,NA,1,0
"locus058","locus083",1,NA,NA,NA,1,NA,1,NA,1,0
"locus058","locus088",1,1,NA,NA,1,NA,1,NA,1,0
"locus058","locus093",1,1,1,NA,1,NA,1,NA,1,0
"locus058","locus098",1,1,1,NA,1,1,1,NA,1,0
"locus058","locus100",1,0.62304,NA,NA,0.62304,NA,1,NA,1,0
"locus058","locus106",1,1,NA,NA,1,NA,0.28819,NA,1,0
"locus058","locus116",1,0.85569,NA,NA,1,NA,1,NA,1,0
"locus058","locus119",0.20641,1,NA,NA,1,NA,1,NA,1,0
"locus058","locus120",1,1,NA,NA,1,NA,1,NA,1,0
"locus058","locus128",1,1,NA,1,1,NA,1,NA,1,0
"locus058","locus129",1,0.098182,1,1,1,NA,1,NA,1,0
"locus058","locus130",0.065136,NA,NA,NA,1,NA,0.95517,NA,1,0
"locus058","locus134",1,1,NA,NA,1,1,1,NA,1,0
"locus058","locus135",1,0.141612,NA,1,1,NA,1,NA,1,0
"locus058","locus137",0.744636,1,NA,1,1,NA,1,NA,1,0
"locus058","locus139",1,0.269688,NA,0.948168,1,NA,0.64506,NA,1,0
"locus058","locus140",1,0.268296,NA,0.945608,1,NA,0.65266,NA,1,0
"locus058","locus146",1,1,NA,1,1,NA,1,NA,1,0
"locus058","locus148",0.073452,1,NA,1,1,NA,0.47231,NA,0.770144,0
"locus058","locus151",1,NA,NA,1,1,1,1,NA,1,0
"locus058","locus157",1,NA,NA,NA,1,NA,0.951192,NA,0.718456,0
"locus058","locus161",1,1,NA,0.561708,1,NA,1,NA,1,0
"locus058","locus170",1,1,NA,1,1,NA,1,NA,1,0
"locus058","locus176",1,NA,1,NA,1,NA,1,NA,1,0
"locus058","locus184",1,0.508608,NA,1,1,NA,1,NA,1,0
"locus058","locus186",1,1,NA,1,1,NA,1,NA,0.4461,0
"locus058","locus188",1,1,NA,1,1,1,0.265762,NA,1,0
"locus058","locus189",1,0.3525,NA,NA,1,NA,0.3577,1,1,0
"locus058","locus190",1,1,NA,NA,1,1,1,1,1,0
"locus058","locus191",0.05452,NA,NA,NA,0.853698,NA,0.339848,0.853698,0.853698,0
"locus058","locus192",1,1,NA,NA,1,NA,0.710244,1,1,0
"locus058","locus195",1,1,1,NA,1,NA,1,1,1,0
"locus058","locus202",1,1,NA,NA,1,NA,1,1,1,0
"locus058","locus215",1,NA,NA,NA,1,NA,1,1,1,0
"locus058","locus227",1,1,1,NA,1,NA,1,1,1,0
"locus058","locus231",1,1,NA,NA,1,NA,1,NA,1,0
"locus058","locus235",1,0.196368,NA,NA,1,NA,1,1,1,0
"locus058","locus236",1,1,NA,NA,1,NA,1,1,1,0
"locus058","locus237",1,1,NA,NA,1,NA,0.29809,0.287064,1,0
"locus058","locus239",1,0.169968,NA,NA,1,NA,1,1,1,0
"locus058","locus248",1,0.55784,NA,NA,1,NA,1,1,0.1242,0
"locus058","locus256",0.26336,0.949698,NA,NA,0.949698,NA,0.925008,NA,0.949698,0
"locus058","locus263",1,1,1,NA,1,NA,0.371928,NA,1,0
"locus058","locus264",1,0.93402,NA,NA,1,NA,1,NA,1,0
"locus058","locus274",1,0.579732,1,NA,1,NA,1,NA,1,0
"locus058","locus280",1,1,NA,NA,1,1,0.555432,NA,1,0
"locus058","locus282",1,1,1,NA,1,1,1,NA,1,0
"locus058","locus286",1,1,NA,NA,1,NA,1,NA,1,0
"locus058","locus291",1,0.2071,NA,NA,1,NA,1,NA,1,0
"locus058","locus292",0.79431,1,NA,NA,1,NA,0.850688,NA,1,0
"locus058","locus296",1,1,NA,NA,1,NA,1,NA,1,0
"locus058","locus301",1,0.51595,NA,NA,1,NA,0.51595,NA,1,0
"locus058","locus314",1,1,NA,NA,1,NA,1,NA,1,0
"locus058","locus321",1,1,NA,NA,1,NA,1,NA,1,0
"locus058","locus322",0.74481,0.74481,NA,NA,0.74481,NA,0.74481,NA,0.74481,0
"locus058","locus323",1,0.36055,NA,NA,1,NA,1,NA,1,0
"locus058","locus329",1,1,NA,NA,1,NA,0.0787,NA,1,0
"locus058","locus332",1,0.75404,NA,NA,0.71329,NA,1,NA,1,0
"locus058","locus358",0.423132,1,NA,NA,1,1,1,NA,1,0
"locus058","locus359",1,1,NA,NA,1,NA,0.34895,NA,1,0
"locus058","locus360",0.231648,1,NA,NA,1,NA,0.17912,NA,1,0
"locus060","locus061",1,NA,NA,NA,1,NA,0.87972,NA,1,0
"locus060","locus062",1,1,NA,1,1,1,1,NA,1,0
"locus060","locus064",0.587544,1,NA,1,1,NA,1,NA,0.71504,0
"locus060","locus065",1,1,NA,1,1,NA,1,NA,1,0
"locus060","locus074",1,0.247092,NA,1,1,NA,1,NA,0.59492,0
"locus060","locus076",0.408696,1,1,NA,1,NA,1,NA,1,0
"locus060","locus077",1,1,NA,1,1,NA,1,NA,1,0
"locus060","locus080",1,1,NA,NA,1,NA,1,NA,0.30816,0
"locus060","locus083",1,NA,NA,NA,1,NA,1,NA,1,0
"locus060","locus088",1,1,NA,NA,1,NA,1,NA,1,0
"locus060","locus093",1,1,1,NA,1,NA,1,NA,1,0
"locus060","locus096",1,1,NA,NA,1,NA,1,NA,1,0
"locus060","locus098",0.80745,1,1,NA,1,1,1,NA,1,0
"locus060","locus100",1,1,NA,NA,1,NA,1,NA,1,0
"locus060","locus106",1,1,NA,NA,1,NA,1,NA,1,0
"locus060","locus116",1,1,NA,NA,1,NA,1,NA,1,0
"locus060","locus119",1,1,NA,NA,1,NA,0.5528,NA,1,0
"locus060","locus120",0.11484,1,NA,NA,0.42735,NA,1,NA,0.413728,0
"locus060","locus128",1,1,NA,1,1,NA,1,NA,1,0
"locus060","locus129",0.180264,1,1,0.859836,0.859836,NA,1,NA,1,0
"locus060","locus130",0.432296,NA,NA,NA,1,NA,1,NA,0.905028,0
"locus060","locus134",1,1,NA,NA,1,1,1,NA,1,0
"locus060","locus135",1,1,NA,1,1,NA,1,NA,1,0
"locus060","locus137",0.62155,1,NA,1,1,NA,0.13014,NA,1,0
"locus060","locus139",0.483948,0.908112,NA,0.908112,1,NA,0.908112,NA,0.60418,0
"locus060","locus140",0.496764,0.909312,NA,0.909312,1,NA,0.909312,NA,0.59489,0
"locus060","locus146",1,1,NA,1,1,NA,1,NA,1,0
"locus060","locus148",1,1,NA,1,1,NA,0.432408,NA,1,0
"locus060","locus151",1,NA,NA,1,1,NA,1,NA,1,0
"locus060","locus157",0.342592,NA,NA,NA,1,NA,1,NA,1,0
"locus060","locus161",1,1,NA,1,1,NA,1,NA,1,0
"locus060","locus165",1,1,NA,NA,1,NA,0.19119,NA,1,0
"locus060","locus170",1,1,NA,1,1,NA,1,NA,1,0
"locus060","locus176",1,NA,NA,NA,1,NA,1,NA,1,0
"locus060","locus184",1,1,NA,1,1,NA,0.47022,NA,1,0
"locus060","locus186",1,1,NA,1,1,NA,1,NA,1,0
"locus060","locus188",1,1,NA,1,1,NA,1,NA,1,0
"locus060","locus189",1,1,NA,NA,1,NA,1,1,1,0
"locus060","locus190",1,1,NA,NA,1,NA,0.907536,1,0.907536,0
"locus060","locus191",1,NA,NA,NA,0.500256,NA,1,1,0.26829,0
"locus060","locus192",1,1,NA,NA,1,NA,1,1,1,0
"locus060","locus195",0.642456,0.932432,1,NA,1,NA,0.619108,1,0.642456,0
"locus060","locus202",1,0.138864,NA,NA,1,NA,1,1,1,0
"locus060","locus215",1,NA,NA,NA,1,NA,1,1,1,0
"locus060","locus227",0.530448,1,1,NA,1,1,1,1,1,0
"locus060","locus231",1,1,1,NA,1,NA,0.307644,NA,1,0
"locus060","locus235",1,1,NA,NA,1,NA,1,1,1,0
"locus060","locus236",1,1,NA,NA,1,NA,1,1,1,0
"locus060","locus237",0.71744,0.363192,NA,NA,1,NA,1,0.71744,1,0
"locus060","locus239",1,1,NA,NA,1,NA,1,1,1,0
"locus060","locus248",1,1,NA,NA,1,NA,1,1,1,0
"locus060","locus256",1,0.310836,NA,NA,1,1,1,NA,1,0
"locus060","locus263",1,1,NA,NA,1,NA,1,NA,1,0
"locus060","locus264",1,1,NA,NA,1,NA,1,NA,1,0
"locus060","locus274",1,1,NA,NA,1,NA,0.64965,NA,1,0
"locus060","locus280",1,1,NA,NA,0.829656,NA,0.12188,NA,1,0
"locus060","locus282",1,1,1,NA,1,1,0.829794,NA,1,0
"locus060","locus286",1,1,NA,NA,1,NA,1,NA,1,0
"locus060","locus291",1,1,NA,NA,1,1,0.790668,NA,1,0
"locus060","locus292",0.56392,1,NA,NA,0.56392,NA,1,NA,1,0
"locus060","locus296",1,1,NA,NA,1,NA,1,NA,1,0
"locus060","locus301",1,1,NA,NA,1,NA,1,NA,0.82224,0
"locus060","locus314",1,1,NA,NA,1,NA,1,NA,1,0
"locus060","locus321",1,1,NA,NA,1,NA,1,NA,1,0
"locus060","locus322",1,1,NA,NA,1,NA,0.54081,NA,1,0
"locus060","locus323",1,1,NA,NA,1,NA,1,NA,1,0
"locus060","locus329",1,1,NA,NA,0.57563,NA,1,NA,1,0
"locus060","locus332",0.32054,1,NA,NA,1,NA,1,NA,1,0
"locus060","locus358",1,1,NA,NA,1,1,0.236628,NA,1,0
"locus060","locus359",1,0.6191,NA,NA,1,NA,0.940392,NA,1,0
"locus060","locus360",1,1,1,NA,1,NA,1,NA,0.944292,0
"locus061","locus062",1,NA,NA,NA,1,1,1,NA,1,0
"locus061","locus064",1,NA,NA,NA,1,NA,1,NA,1,0
"locus061","locus065",0.858648,NA,NA,NA,1,NA,0.410904,NA,1,0
"locus061","locus073",1,NA,NA,NA,1,NA,1,NA,1,0
"locus061","locus074",0.339488,NA,NA,NA,1,NA,1,NA,1,0
"locus061","locus076",0.99354,NA,1,NA,1,NA,1,NA,1,0
"locus061","locus077",1,NA,NA,NA,1,NA,1,NA,1,0
"locus061","locus080",1,NA,NA,NA,1,NA,1,NA,1,0
"locus061","locus083",0.489944,NA,NA,NA,1,NA,1,NA,1,0
"locus061","locus088",1,NA,NA,NA,1,NA,1,NA,1,0
"locus061","locus093",0.2656,NA,1,NA,1,NA,1,NA,1,0
"locus061","locus096",0.9582,NA,NA,NA,1,NA,1,NA,0.438616,0
"locus061","locus098",1,NA,1,NA,1,1,1,NA,1,0
"locus061","locus100",0.568528,NA,NA,NA,1,NA,0.568528,NA,0.568528,0
"locus061","locus106",0.329048,NA,NA,NA,0.861552,NA,1,NA,1,0
"locus061","locus116",0.293608,NA,NA,NA,0.431184,NA,1,NA,1,0
"locus061","locus119",0.887088,NA,NA,NA,0.850896,NA,0.528584,NA,1,0
"locus061","locus120",1,NA,NA,NA,1,NA,1,NA,1,0
"locus061","locus128",1,NA,NA,NA,1,NA,1,NA,1,0
"locus061","locus129",1,NA,1,NA,1,NA,1,NA,1,0
"locus061","locus130",1,NA,NA,NA,1,NA,1,NA,1,0
"locus061","locus134",1,NA,NA,NA,1,1,1,NA,1,0
"locus061","locus135",0.645568,NA,NA,NA,1,NA,1,NA,0.645568,0
"locus061","locus137",1,NA,NA,NA,1,NA,1,NA,1,0
"locus061","locus139",1,NA,NA,NA,1,NA,1,NA,1,0
"locus061","locus140",1,NA,NA,NA,1,NA,1,NA,1,0
"locus061","locus146",1,NA,NA,NA,1,NA,1,NA,1,0
"locus061","locus148",0.91172,NA,NA,NA,1,NA,0.91172,NA,1,0
"locus061","locus151",1,NA,NA,NA,0.5746,NA,1,NA,1,0
"locus061","locus157",0.668552,NA,NA,NA,1,NA,1,NA,1,0
"locus061","locus161",1,NA,NA,NA,1,NA,1,NA,1,0
"locus061","locus165",0.057592,NA,NA,NA,1,NA,1,NA,1,0
"locus061","locus170",1,NA,NA,NA,1,NA,1,NA,1,0
"locus061","locus176",0.23912,NA,NA,NA,0.422694,NA,0.806756,NA,0.614828,0
"locus061","locus184",1,NA,NA,NA,1,NA,1,NA,1,0
"locus061","locus186",1,NA,NA,NA,1,NA,1,NA,1,0
"locus061","locus188",1,NA,NA,NA,1,NA,1,NA,1,0
"locus061","locus189",1,NA,NA,NA,1,NA,1,1,1,0
"locus061","locus190",1,NA,NA,NA,1,NA,1,1,1,0
"locus061","locus191",1,NA,NA,NA,1,NA,1,1,1,0
"locus061","locus192",1,NA,NA,NA,1,NA,1,1,1,0
"locus061","locus195",1,NA,1,NA,1,NA,1,1,1,0
"locus061","locus202",1,NA,NA,NA,1,NA,1,1,0.7158,0
"locus061","locus227",1,NA,1,NA,1,1,1,0.995358,1,0
"locus061","locus231",1,NA,1,NA,1,NA,1,NA,1,0
"locus061","locus235",1,NA,NA,NA,1,NA,1,1,1,0
"locus061","locus236",1,NA,NA,NA,1,NA,1,0.14196,1,0
"locus061","locus237",1,NA,NA,NA,1,NA,1,1,1,0
"locus061","locus239",1,NA,NA,NA,1,NA,1,1,1,0
"locus061","locus248",1,NA,NA,NA,1,NA,1,1,0.76972,0
"locus061","locus256",0.74451,NA,NA,NA,1,1,1,NA,1,0
"locus061","locus263",1,NA,NA,NA,1,NA,1,NA,1,0
"locus061","locus264",0.832344,NA,NA,NA,1,NA,0.832344,NA,1,0
"locus061","locus274",0.873056,NA,NA,NA,1,NA,0.873056,NA,1,0
"locus061","locus280",0.4188,NA,NA,NA,1,NA,1,NA,1,0
"locus061","locus282",1,NA,1,NA,1,1,0.472056,NA,1,0
"locus061","locus286",1,NA,NA,NA,1,NA,1,NA,1,0
"locus061","locus291",1,NA,NA,NA,1,1,0.09429,NA,1,0
"locus061","locus292",1,NA,NA,NA,1,NA,1,NA,1,0
"locus061","locus296",0.338496,NA,NA,NA,1,NA,1,NA,1,0
"locus061","locus301",0.597632,NA,NA,NA,1,NA,1,NA,1,0
"locus061","locus314",1,NA,NA,NA,1,NA,0.703096,NA,0.703096,0
"locus061","locus321",1,NA,NA,NA,1,NA,0.125384,NA,1,0
"locus061","locus322",0.159944,NA,NA,NA,0.861748,NA,0.905358,NA,0.757218,0
"locus061","locus323",1,NA,NA,NA,1,NA,0.693642,NA,0.517128,0
"locus061","locus329",1,NA,NA,NA,1,NA,0.847856,NA,1,0
"locus061","locus332",1,NA,NA,NA,1,NA,1,NA,1,0
"locus061","locus358",1,NA,NA,NA,1,1,1,NA,1,0
"locus061","locus359",1,NA,NA,NA,1,NA,0.173592,NA,1,0
"locus061","locus360",1,NA,1,NA,1,NA,1,NA,1,0
"locus062","locus064",0.613464,1,NA,1,1,NA,1,NA,1,0
"locus062","locus065",1,1,NA,1,1,NA,1,NA,1,0
"locus062","locus073",0.892052,1,1,1,1,NA,1,NA,1,0
"locus062","locus074",1,1,NA,1,1,NA,1,NA,1,0
"locus062","locus076",1,1,NA,NA,1,NA,1,NA,1,0
"locus062","locus077",1,0.320616,NA,1,1,NA,1,NA,1,0
"locus062","locus080",0.52478,1,NA,NA,1,NA,1,NA,1,0
"locus062","locus083",1,NA,NA,NA,0.660408,NA,1,NA,0.660408,0
"locus062","locus088",0.30941,1,NA,NA,1,NA,1,NA,1,0
"locus062","locus093",1,1,1,NA,1,NA,1,NA,0.674544,0
"locus062","locus096",1,1,NA,NA,1,NA,1,NA,1,0
"locus062","locus098",1,0.984732,1,NA,1,1,1,NA,1,0
"locus062","locus100",1,1,NA,NA,1,NA,1,NA,1,0
"locus062","locus106",0.93257,1,NA,NA,1,NA,1,NA,1,0
"locus062","locus116",0.49122,1,NA,NA,1,NA,1,NA,0.59096,0
"locus062","locus119",0.87116,1,NA,NA,1,NA,0.87116,NA,1,0
"locus062","locus120",1,1,NA,NA,1,NA,1,NA,0.37407,0
"locus062","locus128",1,1,NA,1,1,NA,1,NA,1,0
"locus062","locus129",1,0.54156,NA,1,1,NA,1,NA,1,0
"locus062","locus130",1,NA,NA,NA,1,NA,0.708672,NA,1,0
"locus062","locus134",1,1,1,NA,1,1,0.639156,NA,1,0
"locus062","locus135",1,1,NA,1,0.0966,1,1,NA,1,0
"locus062","locus137",1,1,NA,1,1,NA,1,NA,1,0
"locus062","locus139",1,0.358716,NA,1,1,NA,1,NA,1,0
"locus062","locus140",1,0.349272,NA,1,1,NA,1,NA,1,0
"locus062","locus146",1,1,1,1,1,NA,1,NA,1,0
"locus062","locus148",1,1,NA,1,0.52382,NA,0.23484,NA,1,0
"locus062","locus151",1,NA,NA,1,1,NA,1,NA,1,0
"locus062","locus157",1,NA,NA,NA,1,NA,1,NA,0.208648,0
"locus062","locus161",1,1,NA,1,0.852648,NA,1,NA,1,0
"locus062","locus165",1,1,NA,NA,1,NA,1,NA,1,0
"locus062","locus170",0.859428,0.761194,1,1,1,NA,1,NA,1,0
"locus062","locus176",1,NA,NA,NA,1,NA,1,NA,1,0
"locus062","locus184",1,1,NA,1,1,NA,1,NA,1,0
"locus062","locus186",1,0.51798,NA,1,1,NA,0.95971,NA,1,0
"locus062","locus188",1,1,NA,1,1,NA,1,NA,1,0
"locus062","locus189",1,1,NA,NA,1,NA,1,1,1,0
"locus062","locus190",1,1,NA,NA,1,NA,1,1,1,0
"locus062","locus192",1,1,NA,NA,1,NA,1,1,1,0
"locus062","locus195",1,0.44107,1,NA,1,NA,1,1,1,0
"locus062","locus202",1,1,1,NA,0.812182,NA,1,1,1,0
"locus062","locus215",1,NA,NA,NA,1,NA,1,1,1,0
"locus062","locus227",1,1,1,NA,1,NA,1,1,1,0
"locus062","locus231",1,1,NA,NA,1,NA,0.82515,NA,0.82515,0
"locus062","locus235",1,1,NA,NA,1,NA,1,1,0.21624,0
"locus062","locus236",1,1,NA,NA,1,NA,1,1,1,0
"locus062","locus237",1,1,NA,NA,1,NA,1,1,1,0
"locus062","locus239",1,1,NA,NA,1,NA,1,1,1,0
"locus062","locus248",1,1,NA,NA,1,NA,1,1,1,0
"locus062","locus256",1,1,NA,NA,1,NA,1,NA,1,0
"locus062","locus263",1,1,NA,NA,1,NA,1,NA,1,0
"locus062","locus264",0.559936,1,NA,NA,1,NA,0.05384,NA,1,0
"locus062","locus274",1,1,NA,NA,1,NA,1,NA,1,0
"locus062","locus280",1,1,NA,NA,1,NA,0.33109,NA,0.33109,0
"locus062","locus282",1,0.72012,NA,NA,1,1,1,NA,1,0
"locus062","locus286",1,1,NA,NA,0.71253,NA,1,NA,1,0
"locus062","locus291",1,0.70767,NA,NA,1,NA,1,NA,1,0
"locus062","locus292",1,1,NA,NA,1,NA,1,NA,1,0
"locus062","locus296",1,1,NA,NA,1,NA,1,NA,1,0
"locus062","locus301",1,1,NA,NA,1,NA,0.49039,NA,1,0
"locus062","locus314",1,1,NA,NA,1,NA,1,NA,1,0
"locus062","locus321",1,1,NA,NA,1,NA,1,NA,1,0
"locus062","locus322",0.327304,1,NA,NA,1,NA,0.17084,NA,1,0
"locus062","locus323",1,0.376584,NA,NA,1,1,1,NA,1,0
"locus062","locus329",0.79746,1,NA,NA,1,NA,0.79746,NA,1,0
"locus062","locus332",1,1,1,NA,1,NA,1,NA,0.327504,0
"locus062","locus358",1,1,NA,NA,0.33546,1,1,NA,1,0
"locus062","locus359",1,0.8599,NA,NA,1,NA,1,NA,1,0
"locus062","locus360",1,1,NA,NA,1,NA,1,NA,1,0
"locus064","locus065",1,1,NA,1,1,NA,1,NA,1,0
"locus064","locus073",1,1,1,1,1,NA,1,NA,1,0
"locus064","locus074",1,1,NA,1,1,NA,1,NA,1,0
"locus064","locus076",0.841152,1,NA,NA,0.47837,NA,1,NA,1,0
"locus064","locus077",0.821976,1,NA,1,0.821976,NA,1,NA,1,0
"locus064","locus080",1,1,NA,NA,1,NA,1,NA,1,0
"locus064","locus083",1,NA,NA,NA,1,NA,1,NA,1,0
"locus064","locus088",1,1,NA,NA,1,NA,1,NA,1,0
"locus064","locus093",1,1,1,NA,1,NA,1,NA,1,0
"locus064","locus096",1,1,NA,NA,1,NA,1,NA,1,0
"locus064","locus098",1,1,1,NA,1,1,1,NA,1,0
"locus064","locus100",1,1,NA,NA,1,NA,0.88412,NA,1,0
"locus064","locus106",1,1,NA,NA,1,NA,1,NA,1,0
"locus064","locus116",0.870128,0.65166,NA,NA,1,NA,0.810216,NA,0.65664,0
"locus064","locus119",1,1,NA,NA,1,NA,1,NA,1,0
"locus064","locus120",0.899868,0.83632,NA,NA,0.85713,NA,0.81915,NA,0.899868,0
"locus064","locus128",0.926808,1,NA,1,1,NA,1,NA,1,0
"locus064","locus129",0.483912,1,NA,1,1,NA,1,NA,1,0
"locus064","locus130",1,NA,NA,NA,1,NA,0.1296,NA,1,0
"locus064","locus134",1,1,1,NA,1,1,1,NA,1,0
"locus064","locus135",0.768,1,NA,1,1,NA,1,NA,1,0
"locus064","locus137",1,1,NA,1,0.28722,NA,1,NA,0.6762,0
"locus064","locus139",1,1,NA,1,1,NA,1,NA,1,0
"locus064","locus140",1,1,NA,1,1,NA,1,NA,1,0
"locus064","locus148",1,1,NA,1,1,NA,1,NA,1,0
"locus064","locus151",1,NA,NA,1,1,NA,1,NA,1,0
"locus064","locus157",1,NA,NA,NA,1,NA,1,NA,0.919304,0
"locus064","locus161",1,1,NA,1,1,NA,1,NA,1,0
"locus064","locus165",1,1,NA,NA,1,NA,1,NA,1,0
"locus064","locus170",1,0.68712,1,1,1,NA,1,NA,1,0
"locus064","locus176",1,NA,NA,NA,1,NA,1,NA,1,0
"locus064","locus184",1,1,NA,0.854832,1,NA,1,NA,1,0
"locus064","locus186",1,1,NA,0.999204,1,NA,1,NA,1,0
"locus064","locus188",1,1,NA,1,1,NA,1,NA,1,0
"locus064","locus190",1,1,NA,NA,1,NA,1,1,1,0
"locus064","locus191",1,NA,NA,NA,1,NA,1,1,1,0
"locus064","locus192",0.906012,1,NA,NA,1,NA,0.96705,1,1,0
"locus064","locus195",1,1,1,NA,1,1,1,1,1,0
"locus064","locus202",1,1,1,NA,0.333326,NA,1,1,0.914904,0
"locus064","locus215",1,NA,NA,NA,1,NA,1,0.57039,1,0
"locus064","locus227",1,1,1,NA,1,NA,1,1,1,0
"locus064","locus231",1,1,NA,NA,1,NA,1,NA,1,0
"locus064","locus235",1,1,NA,NA,1,NA,1,1,1,0
"locus064","locus236",1,1,NA,NA,1,NA,1,1,1,0
"locus064","locus237",1,1,NA,NA,1,NA,1,1,0.7224,0
"locus064","locus239",1,1,NA,NA,0.71234,NA,1,1,0.63,0
"locus064","locus248",1,0.91596,NA,NA,1,NA,1,1,1,0
"locus064","locus256",1,1,NA,NA,1,NA,1,NA,1,0
"locus064","locus263",1,1,NA,NA,1,NA,1,NA,0.66311,0
"locus064","locus274",1,1,NA,NA,1,NA,1,NA,1,0
"locus064","locus280",1,1,NA,NA,1,NA,0.43368,NA,1,0
"locus064","locus282",1,1,NA,NA,1,1,1,NA,1,0
"locus064","locus286",1,1,NA,NA,1,NA,1,NA,1,0
"locus064","locus291",1,1,NA,NA,1,NA,1,NA,1,0
"locus064","locus292",1,1,NA,NA,1,NA,1,NA,1,0
"locus064","locus296",1,1,NA,NA,0.23718,NA,1,NA,1,0
"locus064","locus301",1,1,NA,NA,1,NA,1,NA,1,0
"locus064","locus314",1,1,NA,NA,1,NA,1,NA,1,0
"locus064","locus321",1,1,NA,NA,1,NA,0.41904,NA,1,0
"locus064","locus322",1,1,NA,NA,1,NA,1,NA,1,0
"locus064","locus323",1,1,NA,NA,1,NA,1,NA,1,0
"locus064","locus329",1,0.18871,NA,NA,1,NA,1,NA,1,0
"locus064","locus332",1,1,1,NA,1,NA,1,NA,1,0
"locus064","locus358",1,1,NA,NA,1,1,0.572328,NA,1,0
"locus064","locus359",1,1,NA,NA,1,NA,1,NA,1,0
"locus064","locus360",0.44673,0.766158,NA,NA,0.863128,NA,0.863128,NA,0.525936,0
"locus065","locus073",1,1,1,1,1,NA,1,NA,1,0
"locus065","locus074",1,1,NA,1,1,NA,1,NA,1,0
"locus065","locus076",1,1,NA,NA,1,NA,1,NA,1,0
"locus065","locus077",1,1,NA,1,1,NA,1,NA,1,0
"locus065","locus080",1,1,NA,NA,1,NA,1,NA,1,0
"locus065","locus083",1,NA,NA,NA,1,NA,1,NA,1,0
"locus065","locus088",1,1,NA,NA,1,NA,1,NA,1,0
"locus065","locus093",1,1,1,NA,1,NA,1,NA,1,0
"locus065","locus096",1,1,NA,NA,1,NA,1,NA,1,0
"locus065","locus098",1,1,1,NA,0.989436,1,1,NA,1,0
"locus065","locus100",1,1,NA,NA,1,NA,1,NA,1,0
"locus065","locus106",0.28253,1,NA,NA,1,NA,0.766352,NA,1,0
"locus065","locus116",1,0.930376,NA,NA,1,NA,0.75398,NA,1,0
"locus065","locus119",1,1,NA,NA,1,NA,1,NA,1,0
"locus065","locus120",1,1,NA,NA,1,NA,1,NA,1,0
"locus065","locus128",1,1,NA,1,1,NA,1,NA,1,0
"locus065","locus129",1,1,NA,1,1,NA,1,NA,1,0
"locus065","locus130",1,NA,NA,NA,1,NA,1,NA,1,0
"locus065","locus134",1,1,1,NA,1,1,1,NA,1,0
"locus065","locus135",1,1,NA,1,1,NA,1,NA,1,0
"locus065","locus137",1,0.769848,NA,0.858222,1,NA,0.72607,NA,0.290868,0
"locus065","locus139",1,1,NA,1,1,NA,1,NA,1,0
"locus065","locus140",1,1,NA,1,1,NA,1,NA,1,0
"locus065","locus146",1,0.185346,1,1,1,NA,1,NA,1,0
"locus065","locus148",0.601572,1,NA,1,1,NA,1,NA,0.65234,0
"locus065","locus151",1,NA,NA,1,1,NA,1,NA,1,0
"locus065","locus157",0.897552,NA,NA,NA,0.571472,NA,0.897552,NA,1,0
"locus065","locus161",1,1,NA,1,1,NA,1,NA,1,0
"locus065","locus165",1,1,NA,NA,1,NA,1,NA,1,0
"locus065","locus170",1,1,1,1,1,NA,1,NA,1,0
"locus065","locus176",1,NA,NA,NA,1,NA,1,NA,1,0
"locus065","locus184",1,1,NA,1,1,NA,1,NA,1,0
"locus065","locus186",1,1,NA,1,1,NA,1,NA,1,0
"locus065","locus188",1,1,NA,1,1,NA,1,NA,1,0
"locus065","locus189",1,1,NA,NA,1,NA,1,1,1,0
"locus065","locus190",1,1,NA,NA,0.86904,NA,1,1,1,0
"locus065","locus191",1,NA,NA,NA,1,NA,1,1,1,0
"locus065","locus192",1,1,NA,NA,1,NA,1,1,1,0
"locus065","locus195",1,0.899178,1,NA,1,NA,1,1,1,0
"locus065","locus202",1,1,1,NA,0.995288,NA,1,1,1,0
"locus065","locus215",1,NA,NA,NA,1,NA,1,1,1,0
"locus065","locus227",1,1,1,NA,1,NA,1,1,1,0
"locus065","locus231",0.711056,0.27368,NA,NA,1,NA,0.711056,NA,1,0
"locus065","locus235",1,1,NA,NA,0.852444,NA,1,1,1,0
"locus065","locus236",1,1,NA,NA,1,NA,1,1,1,0
"locus065","locus237",1,1,NA,NA,0.762972,NA,0.762972,1,1,0
"locus065","locus239",1,1,NA,NA,1,NA,1,1,1,0
"locus065","locus248",1,1,NA,NA,1,NA,1,1,1,0
"locus065","locus256",1,1,NA,NA,1,NA,1,NA,1,0
"locus065","locus263",1,1,NA,NA,1,NA,1,NA,0.67089,0
"locus065","locus264",1,0.06779,NA,NA,1,NA,1,NA,0.611912,0
"locus065","locus274",1,1,NA,NA,1,NA,1,NA,1,0
"locus065","locus280",1,1,NA,NA,1,NA,1,NA,1,0
"locus065","locus282",1,1,NA,NA,0.844164,1,1,NA,1,0
"locus065","locus286",1,1,NA,NA,1,NA,1,NA,1,0
"locus065","locus291",1,1,NA,NA,1,NA,1,NA,1,0
"locus065","locus292",1,1,NA,NA,1,NA,1,NA,1,0
"locus065","locus296",1,0.51312,NA,NA,1,NA,1,NA,1,0
"locus065","locus301",1,1,NA,NA,1,NA,1,NA,1,0
"locus065","locus314",0.66211,0.66211,NA,NA,0.855714,NA,1,NA,1,0
"locus065","locus321",1,1,NA,NA,1,NA,1,NA,1,0
"locus065","locus322",1,0.14762,NA,NA,0.571656,NA,1,NA,1,0
"locus065","locus323",1,1,NA,NA,1,NA,1,NA,1,0
"locus065","locus329",1,1,NA,NA,1,NA,0.93638,NA,1,0
"locus065","locus332",1,1,0.9984,NA,1,NA,0.346272,NA,0.9984,0
"locus065","locus358",1,1,NA,NA,1,1,1,NA,1,0
"locus065","locus360",1,1,NA,NA,1,NA,1,NA,1,0
"locus073","locus074",1,1,NA,1,1,NA,1,NA,1,0
"locus073","locus076",1,1,NA,NA,1,NA,1,NA,1,0
"locus073","locus077",1,1,NA,1,1,NA,1,NA,1,0
"locus073","locus080",1,0.45617,NA,NA,1,NA,1,NA,1,0
"locus073","locus083",0.71452,NA,NA,NA,0.99952,NA,0.892272,NA,0.99952,0
"locus073","locus088",1,1,NA,NA,1,NA,1,NA,1,0
"locus073","locus093",1,1,1,NA,1,NA,1,NA,1,0
"locus073","locus096",1,1,NA,NA,1,NA,0.81551,NA,1,0
"locus073","locus098",0.130466,0.286116,1,NA,1,1,1,NA,1,0
"locus073","locus100",1,1,NA,NA,1,NA,1,NA,1,0
"locus073","locus106",1,1,NA,NA,1,NA,1,NA,1,0
"locus073","locus116",1,1,NA,NA,1,NA,1,NA,1,0
"locus073","locus119",1,0.34049,NA,NA,1,NA,1,NA,1,0
"locus073","locus120",1,1,NA,NA,0.71545,NA,1,NA,1,0
"locus073","locus128",1,0.872832,NA,1,1,NA,1,NA,1,0
"locus073","locus129",1,1,NA,1,1,NA,1,NA,1,0
"locus073","locus130",0.766938,NA,NA,NA,0.263392,NA,0.826466,NA,0.766938,0
"locus073","locus134",1,1,NA,NA,1,1,1,NA,1,0
"locus073","locus135",1,1,NA,1,1,NA,1,NA,1,0
"locus073","locus137",1,1,NA,1,1,NA,1,NA,1,0
"locus073","locus139",1,0.32016,NA,1,1,NA,0.156744,NA,1,0
"locus073","locus140",1,0.32808,NA,1,1,NA,0.154128,NA,1,0
"locus073","locus146",1,0.5103,1,1,1,NA,1,NA,1,0
"locus073","locus148",1,1,NA,1,1,NA,0.700284,NA,1,0
"locus073","locus151",1,NA,NA,1,1,NA,1,NA,1,0
"locus073","locus157",1,NA,NA,NA,1,NA,1,NA,1,0
"locus073","locus161",1,0.494256,NA,1,1,NA,0.52508,NA,1,0
"locus073","locus165",1,1,NA,NA,1,NA,1,NA,1,0
"locus073","locus170",1,1,1,1,1,NA,1,NA,1,0
"locus073","locus176",1,NA,NA,NA,1,NA,1,NA,1,0
"locus073","locus184",1,1,NA,1,1,NA,1,NA,1,0
"locus073","locus186",0.828348,1,NA,1,1,NA,1,NA,1,0
"locus073","locus188",1,1,NA,0.82364,1,NA,0.441612,NA,1,0
"locus073","locus189",1,1,NA,NA,1,NA,1,1,1,0
"locus073","locus190",0.59672,1,NA,NA,1,NA,1,1,0.089904,0
"locus073","locus191",1,NA,NA,NA,1,NA,1,1,1,0
"locus073","locus192",1,1,NA,NA,1,NA,0.354156,1,0.68006,0
"locus073","locus195",1,1,1,NA,1,NA,0.315644,1,1,0
"locus073","locus202",1,1,1,NA,1,NA,1,1,1,0
"locus073","locus215",1,NA,NA,NA,1,NA,1,1,1,0
"locus073","locus227",0.959328,0.714336,1,NA,1,NA,1,1,1,0
"locus073","locus231",1,1,NA,NA,1,NA,1,NA,1,0
"locus073","locus235",1,1,NA,NA,1,NA,0.91999,1,0.081792,0
"locus073","locus236",1,1,NA,NA,1,NA,1,1,1,0
"locus073","locus237",1,1,NA,NA,0.694356,NA,1,1,0.694356,0
"locus073","locus239",0.797496,1,NA,NA,1,NA,1,1,1,0
"locus073","locus248",1,1,NA,NA,1,NA,1,1,1,0
"locus073","locus256",1,1,NA,NA,1,NA,1,NA,1,0
"locus073","locus263",1,1,NA,NA,1,NA,1,NA,1,0
"locus073","locus264",1,1,NA,NA,1,NA,1,NA,1,0
"locus073","locus274",1,1,NA,NA,1,NA,1,NA,1,0
"locus073","locus280",1,1,NA,NA,1,NA,1,NA,1,0
"locus073","locus282",1,1,NA,NA,0.695544,1,1,NA,1,0
"locus073","locus286",1,1,NA,NA,1,NA,1,NA,1,0
"locus073","locus291",1,1,NA,NA,1,NA,1,NA,1,0
"locus073","locus292",1,1,NA,NA,1,NA,0.09906,NA,0.709864,0
"locus073","locus296",1,1,NA,NA,1,NA,1,NA,1,0
"locus073","locus301",1,0.77466,1,NA,1,NA,1,NA,1,0
"locus073","locus314",1,1,NA,NA,1,NA,1,NA,1,0
"locus073","locus321",1,0.91005,NA,NA,1,NA,1,NA,1,0
"locus073","locus322",1,1,NA,NA,1,NA,1,NA,1,0
"locus073","locus323",1,1,NA,NA,1,NA,1,NA,1,0
"locus073","locus329",1,0.98445,NA,NA,1,NA,0.98445,NA,1,0
"locus073","locus332",0.799212,1,1,NA,1,NA,1,NA,1,0
"locus073","locus358",1,1,NA,NA,1,1,1,NA,1,0
"locus073","locus359",0.44721,1,NA,NA,1,NA,1,NA,0.534016,0
"locus073","locus360",1,1,NA,NA,1,NA,1,NA,1,0
"locus074","locus076",1,1,NA,NA,1,NA,1,NA,1,0
"locus074","locus077",1,1,NA,1,1,NA,1,NA,1,0
"locus074","locus080",1,1,NA,NA,1,NA,0.83848,NA,1,0
"locus074","locus083",0.468704,NA,NA,NA,1,NA,1,NA,1,0
"locus074","locus088",1,1,NA,NA,1,NA,0.25582,NA,1,0
"locus074","locus093",0.71195,1,1,NA,1,NA,0.271044,NA,1,0
"locus074","locus096",0.75898,0.75898,NA,NA,0.992664,NA,1,NA,1,0
"locus074","locus098",1,1,1,NA,1,1,1,NA,1,0
"locus074","locus100",1,1,NA,NA,1,NA,1,NA,1,0
"locus074","locus106",1,1,NA,NA,1,NA,1,NA,1,0
"locus074","locus116",0.75121,1,NA,NA,1,NA,1,NA,1,0
"locus074","locus119",1,1,NA,NA,1,NA,1,NA,1,0
"locus074","locus120",1,1,NA,NA,1,NA,1,NA,1,0
"locus074","locus128",1,0.325728,NA,1,1,NA,0.4467,NA,0.723664,0
"locus074","locus129",1,1,NA,1,1,NA,1,NA,1,0
"locus074","locus130",0.510144,NA,NA,NA,1,NA,1,NA,1,0
"locus074","locus134",1,1,NA,NA,0.398424,1,1,NA,1,0
"locus074","locus135",1,1,NA,1,1,NA,1,NA,1,0
"locus074","locus137",0.83206,0.052884,NA,1,0.997674,NA,0.83206,NA,0.997674,0
"locus074","locus139",1,1,NA,1,1,NA,1,NA,0.401112,0
"locus074","locus140",1,1,NA,1,1,NA,1,NA,0.404724,0
"locus074","locus146",1,1,1,1,1,NA,1,NA,1,0
"locus074","locus148",1,0.461032,NA,1,0.461032,NA,0.31342,NA,0.24534,0
"locus074","locus151",1,NA,NA,1,1,NA,0.33876,NA,1,0
"locus074","locus157",1,NA,NA,NA,1,NA,1,NA,1,0
"locus074","locus161",1,1,NA,1,1,NA,1,NA,1,0
"locus074","locus165",1,1,NA,NA,1,NA,1,NA,0.32588,0
"locus074","locus170",1,1,1,1,1,NA,1,NA,1,0
"locus074","locus176",0.474644,NA,NA,NA,0.26912,NA,0.449088,NA,1,0
"locus074","locus184",1,1,NA,1,0.858336,NA,1,NA,1,0
"locus074","locus186",1,1,NA,1,1,NA,1,NA,1,0
"locus074","locus188",1,0.884244,NA,1,1,NA,1,NA,1,0
"locus074","locus189",1,1,NA,NA,1,NA,0.093852,1,1,0
"locus074","locus190",1,1,NA,NA,1,NA,1,1,1,0
"locus074","locus191",1,NA,NA,NA,1,NA,1,1,1,0
"locus074","locus192",1,1,NA,NA,1,NA,1,1,1,0
"locus074","locus195",1,1,1,NA,1,NA,1,1,1,0
"locus074","locus202",1,1,1,NA,1,NA,1,1,1,0
"locus074","locus215",0.704964,NA,1,NA,1,NA,1,1,1,0
"locus074","locus227",0.410872,1,1,NA,1,NA,1,1,1,0
"locus074","locus231",1,1,NA,NA,1,NA,1,NA,1,0
"locus074","locus235",1,1,NA,NA,1,NA,1,1,1,0
"locus074","locus236",1,0.61554,NA,NA,1,NA,1,1,1,0
"locus074","locus237",1,1,NA,NA,1,NA,0.42668,0.289836,1,0
"locus074","locus239",1,1,NA,NA,1,NA,1,1,1,0
"locus074","locus248",1,1,NA,NA,1,NA,1,1,1,0
"locus074","locus256",1,1,NA,NA,1,NA,1,NA,1,0
"locus074","locus263",1,1,NA,NA,1,NA,1,NA,1,0
"locus074","locus264",1,1,NA,NA,1,NA,1,NA,1,0
"locus074","locus274",1,0.93554,NA,NA,1,NA,0.93554,NA,1,0
"locus074","locus280",1,0.48798,NA,NA,1,NA,1,NA,1,0
"locus074","locus282",1,1,NA,NA,1,1,1,NA,1,0
"locus074","locus286",1,1,NA,NA,1,NA,1,NA,1,0
"locus074","locus291",0.391608,0.66686,NA,NA,0.66686,NA,0.29248,NA,0.407904,0
"locus074","locus296",1,1,NA,NA,1,NA,1,NA,1,0
"locus074","locus301",1,1,NA,NA,1,NA,1,NA,1,0
"locus074","locus314",1,1,NA,NA,1,NA,1,NA,1,0
"locus074","locus321",1,1,NA,NA,1,NA,0.81124,NA,1,0
"locus074","locus322",0.29724,1,NA,NA,1,NA,1,NA,0.62536,0
"locus074","locus323",1,1,NA,NA,1,NA,0.76644,NA,1,0
"locus074","locus329",1,1,NA,NA,1,NA,1,NA,1,0
"locus074","locus332",1,0.514092,1,NA,1,NA,1,NA,1,0
"locus074","locus358",1,1,NA,NA,1,1,1,NA,1,0
"locus074","locus359",1,1,NA,NA,1,NA,1,NA,1,0
"locus074","locus360",0.58344,0.11349,NA,NA,0.198444,NA,0.58344,NA,0.14736,0
"locus076","locus077",1,1,NA,NA,0.71372,NA,1,NA,1,0
"locus076","locus080",1,1,NA,NA,1,NA,1,NA,1,0
"locus076","locus083",1,NA,NA,NA,1,NA,1,NA,1,0
"locus076","locus088",0.45968,0.865952,NA,NA,0.940356,NA,0.865952,NA,0.940356,0
"locus076","locus093",1,1,1,NA,1,NA,1,NA,1,0
"locus076","locus096",1,1,NA,NA,1,NA,1,NA,1,0
"locus076","locus098",0.580496,0.580496,1,NA,1,1,1,NA,1,0
"locus076","locus100",0.21869,1,NA,NA,1,NA,0.39616,NA,1,0
"locus076","locus106",1,1,NA,NA,0.47092,NA,1,NA,1,0
"locus076","locus119",1,1,NA,NA,1,NA,1,NA,0.13677,0
"locus076","locus120",1,1,NA,NA,1,NA,1,NA,1,0
"locus076","locus128",1,1,NA,NA,1,NA,1,NA,1,0
"locus076","locus130",1,NA,NA,NA,1,NA,1,NA,1,0
"locus076","locus134",0.378228,1,NA,NA,1,1,0.378228,NA,1,0
"locus076","locus135",0.898464,0.67104,NA,NA,0.96854,NA,0.67004,NA,0.96854,0
"locus076","locus139",1,0.13645,NA,NA,0.572176,NA,0.572176,NA,1,0
"locus076","locus140",1,0.13771,NA,NA,0.569488,NA,0.569488,NA,1,0
"locus076","locus146",1,1,1,NA,0.569256,NA,1,NA,0.70185,0
"locus076","locus148",1,1,NA,NA,1,NA,0.20043,NA,1,0
"locus076","locus151",1,NA,NA,NA,1,NA,1,NA,1,0
"locus076","locus157",1,NA,NA,NA,1,NA,1,NA,1,0
"locus076","locus161",0.72668,0.4559,NA,NA,1,NA,0.894732,NA,0.894732,0
"locus076","locus165",1,0.61,NA,NA,1,NA,1,NA,1,0
"locus076","locus170",1,0.193392,1,NA,0.70964,NA,1,NA,1,0
"locus076","locus176",1,NA,NA,NA,1,NA,1,NA,1,0
"locus076","locus184",0.476892,0.476892,NA,NA,1,NA,0.456168,NA,0.09915,0
"locus076","locus186",0.05852,0.91222,NA,NA,1,NA,0.54064,NA,0.54064,0
"locus076","locus188",1,1,NA,NA,1,NA,1,NA,1,0
"locus076","locus189",1,1,NA,NA,1,NA,1,NA,1,0
"locus076","locus192",0.83687,1,NA,NA,1,NA,1,NA,1,0
"locus076","locus195",0.37094,1,1,NA,1,NA,0.345948,NA,1,0
"locus076","locus202",0.228096,1,1,NA,0.60463,NA,1,NA,1,0
"locus076","locus215",1,NA,1,NA,1,NA,0.05103,NA,0.216768,0
"locus076","locus227",0.784476,1,1,NA,1,NA,1,NA,1,0
"locus076","locus231",1,0.0526,NA,NA,1,NA,1,NA,1,0
"locus076","locus236",1,0.59851,NA,NA,1,NA,1,NA,0.878456,0
"locus076","locus237",0.737424,0.579,NA,NA,1,NA,0.737424,NA,1,0
"locus076","locus239",1,1,NA,NA,0.569584,NA,0.08588,NA,1,0
"locus076","locus248",1,1,NA,NA,1,NA,1,NA,1,0
"locus076","locus256",1,0.31409,NA,NA,1,NA,1,NA,1,0
"locus076","locus264",0.562464,0.562464,NA,NA,0.562464,NA,0.52956,NA,0.86856,0
"locus076","locus274",1,1,NA,NA,1,NA,1,NA,1,0
"locus076","locus280",1,0.32567,NA,NA,1,NA,1,NA,1,0
"locus076","locus282",1,1,NA,NA,1,1,1,NA,1,0
"locus076","locus286",1,1,NA,NA,1,NA,1,NA,1,0
"locus076","locus291",1,1,NA,NA,1,NA,1,NA,1,0
"locus076","locus292",1,0.88329,NA,NA,1,NA,1,NA,1,0
"locus076","locus296",1,1,NA,NA,0.47074,NA,1,NA,1,0
"locus076","locus301",0.18255,0.376332,NA,NA,0.341688,NA,0.42712,NA,1,0
"locus076","locus314",1,1,NA,NA,1,NA,1,NA,1,0
"locus076","locus321",1,1,NA,NA,1,NA,1,NA,1,0
"locus076","locus322",1,1,NA,NA,1,NA,1,NA,1,0
"locus076","locus323",1,1,NA,NA,1,NA,1,NA,1,0
"locus076","locus329",1,1,NA,NA,1,1,1,NA,1,0
"locus076","locus332",1,1,1,NA,1,NA,1,NA,1,0
"locus076","locus358",1,0.520704,NA,NA,1,1,1,NA,1,0
"locus076","locus359",1,0.13797,NA,NA,1,NA,0.614192,NA,1,0
"locus076","locus360",1,0.14275,NA,NA,0.493376,NA,1,NA,1,0
"locus077","locus080",1,1,NA,NA,1,NA,1,NA,1,0
"locus077","locus083",1,NA,NA,NA,1,NA,1,NA,1,0
"locus077","locus088",1,1,NA,NA,1,1,1,NA,1,0
"locus077","locus093",1,1,1,NA,1,NA,1,NA,1,0
"locus077","locus096",1,1,NA,NA,0.7131,NA,1,NA,1,0
"locus077","locus098",1,1,1,NA,1,NA,1,NA,1,0
"locus077","locus100",1,1,NA,NA,1,NA,1,NA,1,0
"locus077","locus106",1,1,NA,NA,1,NA,1,NA,1,0
"locus077","locus116",1,1,NA,NA,1,NA,0.52252,NA,1,0
"locus077","locus119",1,1,NA,NA,1,NA,1,NA,1,0
"locus077","locus120",1,1,NA,NA,1,NA,1,NA,0.77136,0
"locus077","locus128",1,1,NA,1,1,NA,1,NA,1,0
"locus077","locus129",1,1,NA,1,1,1,1,NA,1,0
"locus077","locus130",1,NA,NA,NA,1,NA,0.390416,NA,1,0
"locus077","locus134",1,1,NA,NA,1,1,1,NA,0.922428,0
"locus077","locus135",1,1,NA,1,1,NA,1,NA,1,0
"locus077","locus137",1,1,NA,1,0.858456,NA,1,NA,1,0
"locus077","locus139",1,0.727368,NA,1,1,NA,1,NA,1,0
"locus077","locus140",1,0.729144,NA,1,1,NA,1,NA,1,0
"locus077","locus146",1,1,1,1,1,NA,0.828142,NA,1,0
"locus077","locus148",1,1,NA,1,1,NA,1,NA,1,0
"locus077","locus151",1,NA,NA,1,1,NA,1,NA,1,0
"locus077","locus157",1,NA,NA,NA,1,NA,1,NA,1,0
"locus077","locus161",1,0.242412,NA,1,1,NA,0.66553,NA,1,0
"locus077","locus165",1,1,1,NA,1,NA,1,NA,1,0
"locus077","locus170",1,1,NA,1,1,NA,0.783972,NA,1,0
"locus077","locus176",1,NA,NA,NA,1,1,0.3034,NA,1,0
"locus077","locus184",1,1,NA,1,1,NA,1,NA,1,0
"locus077","locus186",1,0.128544,NA,1,1,NA,0.30243,NA,1,0
"locus077","locus188",1,1,1,1,1,1,1,NA,1,0
"locus077","locus189",1,1,NA,NA,1,NA,1,1,1,0
"locus077","locus190",1,1,NA,NA,1,1,1,1,1,0
"locus077","locus191",1,NA,1,NA,1,NA,1,1,0.566508,0
"locus077","locus192",1,1,NA,NA,0.852324,NA,1,1,1,0
"locus077","locus195",1,1,1,NA,1,NA,1,1,1,0
"locus077","locus202",0.723528,1,NA,NA,1,NA,1,1,1,0
"locus077","locus215",1,NA,NA,NA,1,NA,1,1,1,0
"locus077","locus227",1,1,1,NA,1,NA,1,1,1,0
"locus077","locus231",0.79089,0.79089,NA,NA,1,NA,0.79089,NA,0.79089,0
"locus077","locus235",1,1,NA,NA,1,NA,1,1,1,0
"locus077","locus236",1,1,NA,NA,1,NA,1,1,1,0
"locus077","locus237",1,1,NA,NA,1,NA,1,1,1,0
"locus077","locus239",1,1,NA,NA,0.17208,NA,1,1,1,0
"locus077","locus248",0.269136,1,NA,NA,1,NA,0.912112,1,0.76433,0
"locus077","locus256",0.42246,1,1,NA,1,NA,1,NA,0.96091,0
"locus077","locus263",1,1,NA,NA,1,NA,1,NA,1,0
"locus077","locus264",0.59454,0.821304,NA,NA,0.14417,NA,0.594692,NA,0.299768,0
"locus077","locus274",1,1,NA,NA,1,NA,1,NA,1,0
"locus077","locus280",0.60336,1,NA,NA,1,NA,1,NA,1,0
"locus077","locus282",1,1,NA,NA,1,1,1,NA,1,0
"locus077","locus286",1,1,NA,NA,1,NA,1,NA,1,0
"locus077","locus291",0.62581,1,NA,NA,1,NA,1,NA,1,0
"locus077","locus292",1,0.89189,NA,NA,1,NA,0.89189,NA,0.89189,0
"locus077","locus296",1,1,NA,NA,0.70821,NA,1,NA,1,0
"locus077","locus301",1,0.28449,NA,NA,0.567576,NA,0.777258,NA,1,0
"locus077","locus314",1,1,NA,NA,1,NA,1,NA,1,0
"locus077","locus321",1,1,NA,NA,1,NA,1,NA,1,0
"locus077","locus322",1,1,NA,NA,1,1,1,NA,1,0
"locus077","locus323",1,1,NA,NA,1,NA,1,NA,1,0
"locus077","locus329",0.482728,0.41554,NA,NA,1,NA,1,NA,1,0
"locus077","locus332",1,1,1,NA,0.865272,NA,1,NA,1,0
"locus077","locus358",1,1,NA,NA,1,1,1,NA,1,0
"locus077","locus359",1,1,NA,NA,1,NA,1,NA,1,0
"locus077","locus360",1,1,1,NA,1,NA,1,NA,1,0
"locus080","locus083",1,NA,NA,NA,1,NA,1,NA,1,0
"locus080","locus088",1,1,NA,NA,1,1,1,NA,1,0
"locus080","locus093",0.819192,1,1,NA,1,NA,1,NA,1,0
"locus080","locus096",1,1,NA,NA,0.57584,NA,0.14934,NA,1,0
"locus080","locus098",1,1,1,NA,1,NA,1,NA,1,0
"locus080","locus100",1,1,NA,NA,1,NA,0.9939,NA,1,0
"locus080","locus106",0.577016,0.39226,NA,NA,0.999474,NA,1,NA,1,0
"locus080","locus116",1,0.837708,NA,NA,1,NA,0.63574,NA,0.63574,0
"locus080","locus119",0.39203,0.670096,NA,NA,1,NA,0.86376,NA,1,0
"locus080","locus120",1,1,NA,NA,1,NA,1,NA,1,0
"locus080","locus128",1,1,NA,1,1,NA,1,NA,1,0
"locus080","locus129",1,1,NA,1,1,1,1,NA,1,0
"locus080","locus130",1,NA,NA,NA,0.795608,NA,1,NA,1,0
"locus080","locus134",1,1,NA,NA,0.750312,1,1,NA,1,0
"locus080","locus135",1,1,NA,1,1,NA,1,NA,1,0
"locus080","locus139",1,1,NA,1,1,NA,0.444324,NA,1,0
"locus080","locus140",1,1,NA,1,1,NA,0.458028,NA,1,0
"locus080","locus146",1,1,1,1,1,NA,1,NA,1,0
"locus080","locus148",1,1,NA,1,1,NA,1,NA,1,0
"locus080","locus151",1,NA,NA,1,1,NA,1,NA,1,0
"locus080","locus157",1,NA,NA,NA,1,NA,0.626832,NA,1,0
"locus080","locus161",1,0.237408,NA,1,1,NA,0.54685,NA,1,0
"locus080","locus165",1,1,1,NA,1,NA,1,NA,1,0
"locus080","locus170",0.906696,1,NA,1,1,NA,1,NA,1,0
"locus080","locus176",1,NA,NA,NA,1,1,1,NA,0.65525,0
"locus080","locus186",1,0.672852,NA,1,1,NA,1,NA,1,0
"locus080","locus188",1,1,1,1,1,1,1,NA,1,0
"locus080","locus189",1,1,NA,NA,0.726048,NA,1,1,1,0
"locus080","locus190",1,1,NA,NA,1,1,1,1,1,0
"locus080","locus191",1,NA,1,NA,1,NA,1,1,1,0
"locus080","locus192",1,0.87422,NA,NA,0.845976,NA,1,1,1,0
"locus080","locus195",0.615454,1,1,NA,1,NA,1,1,0.615454,0
"locus080","locus202",1,1,NA,NA,1,NA,0.062112,1,1,0
"locus080","locus215",1,NA,NA,NA,1,NA,1,1,1,0
"locus080","locus227",1,1,1,NA,1,NA,1,1,1,0
"locus080","locus235",1,1,NA,NA,1,NA,1,1,1,0
"locus080","locus236",1,1,NA,NA,1,NA,0.972,1,1,0
"locus080","locus237",1,1,NA,NA,1,NA,1,1,1,0
"locus080","locus239",1,1,NA,NA,1,NA,0.595944,1,1,0
"locus080","locus256",1,1,1,NA,1,NA,0.528324,NA,1,0
"locus080","locus263",1,1,NA,NA,1,NA,1,NA,1,0
"locus080","locus264",1,1,NA,NA,1,NA,1,NA,0.11129,0
"locus080","locus280",0.35332,1,NA,NA,1,NA,1,NA,1,0
"locus080","locus282",1,1,NA,NA,1,1,1,NA,1,0
"locus080","locus286",1,1,NA,NA,1,NA,1,NA,1,0
"locus080","locus291",1,0.41392,NA,NA,1,NA,1,NA,1,0
"locus080","locus292",1,1,NA,NA,1,NA,1,NA,1,0
"locus080","locus296",1,0.49767,NA,NA,1,NA,1,NA,0.699152,0
"locus080","locus301",1,1,NA,NA,1,NA,1,NA,1,0
"locus080","locus314",0.312084,1,1,NA,1,NA,1,NA,1,0
"locus080","locus321",1,1,NA,NA,1,NA,1,NA,0.95018,0
"locus080","locus322",1,1,NA,NA,1,1,1,NA,1,0
"locus080","locus323",1,1,NA,NA,1,NA,1,NA,1,0
"locus080","locus329",1,1,NA,NA,1,NA,1,NA,1,0
"locus080","locus332",1,1,1,NA,1,NA,1,NA,1,0
"locus080","locus358",1,1,NA,NA,1,1,1,NA,1,0
"locus080","locus359",1,1,NA,NA,0.71169,NA,1,NA,1,0
"locus080","locus360",1,1,1,NA,1,NA,1,NA,1,0
"locus083","locus088",1,NA,NA,NA,1,NA,1,NA,1,0
"locus083","locus093",0.462728,NA,NA,NA,1,NA,1,NA,1,0
"locus083","locus098",0.820984,NA,NA,NA,1,NA,1,NA,0.820984,0
"locus083","locus100",1,NA,NA,NA,1,NA,1,NA,1,0
"locus083","locus106",0.850808,NA,NA,NA,1,NA,0.960774,NA,1,0
"locus083","locus119",1,NA,NA,NA,1,NA,1,NA,1,0
"locus083","locus120",1,NA,NA,NA,1,NA,1,NA,1,0
"locus083","locus128",1,NA,NA,NA,1,NA,1,NA,1,0
"locus083","locus129",1,NA,NA,NA,1,NA,1,NA,1,0
"locus083","locus130",1,NA,NA,NA,1,NA,0.335416,NA,1,0
"locus083","locus134",1,NA,NA,NA,1,NA,0.326696,NA,1,0
"locus083","locus135",0.314264,NA,NA,NA,0.49977,NA,0.896608,NA,0.594948,0
"locus083","locus137",1,NA,NA,NA,1,NA,0.526512,NA,1,0
"locus083","locus139",0.100944,NA,NA,NA,1,NA,1,NA,0.86502,0
"locus083","locus140",0.102856,NA,NA,NA,1,NA,1,NA,0.856554,0
"locus083","locus146",0.790384,NA,NA,NA,1,NA,1,NA,1,0
"locus083","locus148",0.229744,NA,NA,NA,1,NA,1,NA,1,0
"locus083","locus151",0.5502,NA,NA,NA,1,NA,1,NA,1,0
"locus083","locus157",1,NA,NA,NA,1,NA,1,NA,1,0
"locus083","locus161",1,NA,NA,NA,0.667184,NA,1,NA,1,0
"locus083","locus165",1,NA,NA,NA,1,NA,1,NA,1,0
"locus083","locus170",1,NA,NA,NA,1,NA,0.89392,NA,1,0
"locus083","locus176",0.963712,NA,NA,NA,1,NA,1,NA,1,0
"locus083","locus184",1,NA,NA,NA,1,NA,1,NA,1,0
"locus083","locus186",1,NA,NA,NA,1,NA,1,NA,1,0
"locus083","locus188",0.714304,NA,NA,NA,1,NA,1,NA,1,0
"locus083","locus189",1,NA,NA,NA,1,NA,1,1,1,0
"locus083","locus190",1,NA,NA,NA,1,NA,1,1,1,0
"locus083","locus191",0.30251,NA,NA,NA,1,NA,1,1,1,0
"locus083","locus192",1,NA,NA,NA,1,NA,1,1,1,0
"locus083","locus195",1,NA,NA,NA,1,NA,1,1,1,0
"locus083","locus202",0.70583,NA,NA,NA,1,NA,1,1,1,0
"locus083","locus215",1,NA,NA,NA,1,NA,1,1,1,0
"locus083","locus227",1,NA,NA,NA,1,NA,1,1,1,0
"locus083","locus231",1,NA,NA,NA,0.999774,NA,1,NA,0.316152,0
"locus083","locus235",0.83849,NA,NA,NA,1,NA,1,1,1,0
"locus083","locus236",1,NA,NA,NA,1,NA,1,1,1,0
"locus083","locus237",1,NA,NA,NA,1,NA,1,1,1,0
"locus083","locus239",1,NA,NA,NA,1,NA,1,1,1,0
"locus083","locus248",1,NA,NA,NA,1,NA,1,1,1,0
"locus083","locus256",1,NA,NA,NA,1,NA,1,NA,1,0
"locus083","locus263",1,NA,NA,NA,1,NA,1,NA,1,0
"locus083","locus264",1,NA,NA,NA,1,NA,1,NA,1,0
"locus083","locus274",1,NA,NA,NA,1,NA,1,NA,1,0
"locus083","locus280",1,NA,NA,NA,1,NA,1,NA,0.966672,0
"locus083","locus282",0.883944,NA,NA,NA,1,NA,1,NA,1,0
"locus083","locus286",1,NA,NA,NA,0.666648,NA,1,NA,1,0
"locus083","locus291",1,NA,NA,NA,1,NA,1,NA,1,0
"locus083","locus292",0.600176,NA,NA,NA,1,NA,0.600176,NA,1,0
"locus083","locus296",0.204248,NA,NA,NA,1,NA,0.43797,NA,0.484444,0
"locus083","locus301",1,NA,NA,NA,1,NA,0.096664,NA,1,0
"locus083","locus314",1,NA,NA,NA,1,NA,1,NA,1,0
"locus083","locus321",0.330616,NA,NA,NA,1,NA,0.87438,NA,0.98694,0
"locus083","locus322",0.89244,NA,NA,NA,1,NA,0.89244,NA,1,0
"locus083","locus323",1,NA,NA,NA,1,NA,0.737544,NA,1,0
"locus083","locus329",1,NA,NA,NA,1,NA,1,NA,1,0
"locus083","locus332",1,NA,NA,NA,1,NA,1,NA,1,0
"locus083","locus358",1,NA,NA,NA,1,NA,0.976518,NA,0.084256,0
"locus083","locus359",1,NA,NA,NA,1,NA,1,NA,1,0
"locus083","locus360",1,NA,NA,NA,1,NA,1,NA,1,0
"locus088","locus093",1,1,1,NA,1,NA,1,NA,1,0
"locus088","locus096",0.13687,0.58468,NA,NA,1,NA,1,NA,1,0
"locus088","locus098",1,0.77118,1,NA,1,NA,1,NA,1,0
"locus088","locus100",0.53449,1,NA,NA,1,NA,0.751312,NA,1,0
"locus088","locus106",1,1,NA,NA,1,NA,1,NA,0.16248,0
"locus088","locus116",1,1,NA,NA,1,NA,1,NA,0.50242,0
"locus088","locus119",1,1,NA,NA,1,NA,1,NA,1,0
"locus088","locus120",1,1,NA,NA,1,NA,1,NA,1,0
"locus088","locus128",1,0.90963,NA,1,0.90963,NA,0.8802,NA,0.90963,0
"locus088","locus129",1,1,NA,1,1,1,1,NA,1,0
"locus088","locus130",1,NA,1,NA,1,NA,1,NA,1,0
"locus088","locus134",0.463524,1,NA,NA,1,1,1,NA,1,0
"locus088","locus135",1,1,NA,1,1,NA,0.177624,NA,1,0
"locus088","locus137",0.95774,1,NA,1,1,NA,0.093036,NA,1,0
"locus088","locus139",1,1,NA,1,0.856908,NA,1,NA,1,0
"locus088","locus140",1,1,NA,1,0.862956,NA,1,NA,1,0
"locus088","locus146",1,1,NA,1,1,NA,1,NA,1,0
"locus088","locus148",1,1,NA,1,1,NA,1,NA,1,0
"locus088","locus151",1,NA,NA,1,1,NA,1,NA,1,0
"locus088","locus157",1,NA,NA,NA,1,NA,1,NA,1,0
"locus088","locus161",1,1,NA,1,1,NA,1,NA,1,0
"locus088","locus165",1,0.531654,NA,NA,1,NA,0.411272,NA,0.15616,0
"locus088","locus170",1,1,NA,0.963752,0.86016,NA,1,NA,0.86016,0
"locus088","locus176",1,NA,NA,NA,1,1,0.42637,NA,0.70692,0
"locus088","locus184",0.082884,1,NA,1,1,NA,1,NA,0.90526,0
"locus088","locus186",1,1,NA,1,1,NA,1,NA,1,0
"locus088","locus188",1,1,NA,1,1,NA,0.650124,NA,1,0
"locus088","locus189",1,0.74718,NA,NA,1,NA,1,1,0.306888,0
"locus088","locus190",1,1,NA,NA,1,NA,0.96536,1,0.763128,0
"locus088","locus191",1,NA,NA,NA,1,NA,1,1,0.81643,0
"locus088","locus192",0.162744,1,NA,NA,1,NA,0.57411,1,1,0
"locus088","locus195",1,1,1,NA,0.997416,NA,1,1,1,0
"locus088","locus202",1,1,NA,NA,1,NA,1,1,1,0
"locus088","locus215",1,NA,NA,NA,1,NA,1,1,1,0
"locus088","locus227",1,1,1,NA,1,1,1,1,1,0
"locus088","locus231",0.55967,1,NA,NA,1,NA,0.844752,NA,1,0
"locus088","locus235",1,1,NA,NA,1,NA,1,1,1,0
"locus088","locus236",0.25953,0.113448,NA,NA,0.427254,NA,0.63224,0.63224,0.38744,0
"locus088","locus237",1,1,NA,NA,1,NA,1,1,1,0
"locus088","locus239",0.165612,0.4166,NA,NA,1,NA,0.30968,1,1,0
"locus088","locus248",1,1,NA,NA,1,NA,1,1,1,0
"locus088","locus256",1,1,NA,NA,1,NA,0.65255,NA,1,0
"locus088","locus263",1,1,NA,NA,1,NA,1,NA,1,0
"locus088","locus264",1,1,NA,NA,1,NA,1,NA,1,0
"locus088","locus274",1,1,NA,NA,0.70802,NA,0.758336,NA,1,0
"locus088","locus280",0.245968,1,NA,NA,1,NA,0.1603,NA,1,0
"locus088","locus282",1,1,NA,NA,1,1,1,NA,1,0
"locus088","locus286",1,1,NA,NA,1,NA,1,NA,1,0
"locus088","locus291",1,1,NA,NA,1,1,1,NA,1,0
"locus088","locus292",1,1,NA,NA,0.905096,NA,0.08226,NA,1,0
"locus088","locus296",1,1,NA,NA,1,NA,1,NA,1,0
"locus088","locus301",1,1,NA,NA,1,NA,1,NA,1,0
"locus088","locus314",1,0.67272,NA,NA,1,NA,1,NA,1,0
"locus088","locus321",1,1,NA,NA,1,NA,1,NA,1,0
"locus088","locus322",0.658728,1,NA,NA,1,1,0.87633,NA,1,0
"locus088","locus323",1,1,NA,NA,1,NA,0.11758,NA,1,0
"locus088","locus329",0.987284,0.987284,NA,NA,0.87804,NA,0.87804,NA,0.87804,0
"locus088","locus332",1,1,NA,NA,1,NA,1,NA,1,0
"locus088","locus358",1,1,NA,NA,1,1,1,NA,1,0
"locus088","locus359",1,0.20672,NA,NA,1,NA,1,NA,1,0
"locus088","locus360",1,1,NA,NA,1,1,1,NA,1,0
"locus093","locus096",1,1,NA,NA,1,NA,1,NA,1,0
"locus093","locus098",1,1,1,NA,1,NA,1,NA,1,0
"locus093","locus100",1,1,NA,NA,1,NA,0.34172,NA,1,0
"locus093","locus106",1,1,NA,NA,1,NA,1,NA,1,0
"locus093","locus116",1,1,NA,NA,1,NA,1,NA,1,0
"locus093","locus119",1,1,NA,NA,1,NA,0.9093,NA,1,0
"locus093","locus120",1,1,NA,NA,1,NA,1,NA,1,0
"locus093","locus128",1,1,NA,1,1,NA,1,NA,1,0
"locus093","locus129",1,1,NA,1,1,NA,1,NA,1,0
"locus093","locus130",0.223688,NA,NA,NA,1,NA,0.900696,NA,1,0
"locus093","locus134",0.73194,1,NA,NA,1,NA,1,NA,1,0
"locus093","locus135",1,1,NA,1,1,NA,1,NA,1,0
"locus093","locus137",0.541572,1,NA,1,1,NA,0.541572,NA,1,0
"locus093","locus139",1,1,NA,1,1,NA,1,NA,1,0
"locus093","locus140",1,1,NA,1,1,NA,1,NA,1,0
"locus093","locus146",1,1,NA,1,1,NA,1,NA,1,0
"locus093","locus148",1,1,NA,1,1,NA,1,NA,1,0
"locus093","locus151",1,NA,NA,1,1,NA,1,NA,1,0
"locus093","locus157",1,NA,NA,NA,1,NA,1,NA,0.444264,0
"locus093","locus161",1,1,NA,1,1,NA,1,NA,1,0
"locus093","locus165",1,1,NA,NA,1,NA,1,NA,1,0
"locus093","locus170",0.202596,1,NA,1,1,NA,1,NA,1,0
"locus093","locus176",1,NA,1,NA,1,NA,0.9031,NA,1,0
"locus093","locus184",1,1,NA,1,1,NA,1,NA,1,0
"locus093","locus186",1,1,NA,1,1,NA,1,NA,1,0
"locus093","locus188",1,1,NA,1,1,NA,1,NA,1,0
"locus093","locus189",1,1,NA,NA,1,NA,0.6809,NA,1,0
"locus093","locus190",1,1,NA,NA,1,NA,1,NA,1,0
"locus093","locus191",1,NA,NA,NA,1,NA,1,NA,1,0
"locus093","locus192",1,1,NA,NA,1,NA,1,NA,1,0
"locus093","locus195",1,1,1,NA,1,NA,1,NA,1,0
"locus093","locus202",0.76854,1,NA,NA,1,NA,1,NA,1,0
"locus093","locus215",1,NA,NA,NA,1,NA,1,NA,1,0
"locus093","locus227",1,1,1,NA,1,NA,1,NA,1,0
"locus093","locus231",1,1,NA,NA,1,NA,1,NA,1,0
"locus093","locus235",1,1,NA,NA,1,NA,1,NA,1,0
"locus093","locus236",1,1,NA,NA,1,NA,1,NA,1,0
"locus093","locus237",1,1,NA,NA,1,NA,1,NA,0.54901,0
"locus093","locus239",0.90739,1,NA,NA,1,NA,0.90739,NA,1,0
"locus093","locus248",1,1,NA,NA,1,NA,1,NA,1,0
"locus093","locus256",1,1,NA,NA,1,NA,1,NA,1,0
"locus093","locus263",1,1,NA,NA,1,NA,1,NA,1,0
"locus093","locus264",0.9203,1,NA,NA,1,NA,1,NA,1,0
"locus093","locus274",1,1,NA,NA,1,NA,1,NA,1,0
"locus093","locus280",0.70655,1,NA,NA,1,NA,1,NA,1,0
"locus093","locus282",1,1,NA,NA,1,NA,1,NA,1,0
"locus093","locus286",1,1,NA,NA,1,NA,1,NA,1,0
"locus093","locus291",0.628944,1,NA,NA,1,NA,0.45116,NA,1,0
"locus093","locus292",1,1,NA,NA,1,NA,1,NA,1,0
"locus093","locus296",1,1,NA,NA,1,NA,1,NA,1,0
"locus093","locus301",1,1,NA,NA,1,NA,1,NA,1,0
"locus093","locus314",1,1,NA,NA,1,NA,1,NA,1,0
"locus093","locus321",0.48815,1,NA,NA,1,NA,1,NA,0.887232,0
"locus093","locus322",1,1,NA,NA,1,NA,1,NA,1,0
"locus093","locus323",0.55963,1,NA,NA,1,NA,0.55963,NA,1,0
"locus093","locus329",1,1,NA,NA,1,NA,1,NA,1,0
"locus093","locus332",1,1,NA,NA,1,NA,1,NA,1,0
"locus093","locus358",1,1,NA,NA,1,NA,1,NA,1,0
"locus093","locus359",1,1,NA,NA,1,NA,1,NA,1,0
"locus093","locus360",1,1,NA,NA,1,NA,1,NA,1,0
"locus096","locus098",1,1,1,NA,1,NA,1,NA,1,0
"locus096","locus100",1,1,NA,NA,1,NA,1,NA,1,0
"locus096","locus106",1,1,NA,NA,1,NA,1,NA,1,0
"locus096","locus116",1,1,NA,NA,1,NA,1,NA,1,0
"locus096","locus119",1,1,NA,NA,1,NA,1,NA,1,0
"locus096","locus120",1,1,NA,NA,1,NA,0.31294,NA,1,0
"locus096","locus128",1,1,NA,1,1,NA,1,NA,1,0
"locus096","locus129",1,1,NA,1,1,1,0.922502,NA,1,0
"locus096","locus130",1,NA,NA,NA,1,NA,1,NA,1,0
"locus096","locus134",1,1,NA,NA,1,1,0.271464,NA,1,0
"locus096","locus135",1,1,NA,1,1,1,1,NA,1,0
"locus096","locus137",1,1,NA,1,1,NA,1,NA,1,0
"locus096","locus139",1,0.719256,NA,1,0.717516,NA,1,NA,0.717516,0
"locus096","locus140",1,0.717888,NA,1,0.716772,NA,1,NA,0.716772,0
"locus096","locus146",1,1,NA,1,1,NA,0.41118,NA,1,0
"locus096","locus148",1,0.342336,NA,1,1,NA,1,NA,1,0
"locus096","locus151",1,NA,NA,1,1,1,1,NA,1,0
"locus096","locus157",1,NA,NA,NA,1,NA,1,NA,1,0
"locus096","locus161",1,1,NA,0.71259,1,NA,0.464352,NA,1,0
"locus096","locus165",1,1,NA,NA,1,NA,1,NA,1,0
"locus096","locus170",0.614124,0.996936,NA,0.996936,0.71439,NA,0.996936,NA,0.996936,0
"locus096","locus176",1,NA,1,NA,1,1,1,NA,1,0
"locus096","locus184",1,1,NA,1,1,NA,1,NA,1,0
"locus096","locus186",1,0.70187,NA,1,0.70187,NA,0.36918,NA,1,0
"locus096","locus188",1,1,NA,1,1,NA,1,NA,1,0
"locus096","locus190",1,0.443916,NA,NA,1,NA,0.80337,1,1,0
"locus096","locus191",1,NA,NA,NA,1,NA,1,1,1,0
"locus096","locus192",0.523816,0.251664,NA,NA,0.251664,NA,0.523816,0.524436,0.523816,0
"locus096","locus195",1,1,1,NA,1,NA,1,1,1,0
"locus096","locus202",1,1,NA,NA,1,NA,0.065604,1,1,0
"locus096","locus215",0.21399,NA,NA,NA,1,NA,1,1,1,0
"locus096","locus227",1,0.671342,1,NA,1,NA,0.671342,1,1,0
"locus096","locus231",1,1,NA,NA,1,NA,1,NA,0.12075,0
"locus096","locus235",1,1,NA,NA,1,NA,1,1,1,0
"locus096","locus236",1,0.382224,NA,NA,1,NA,1,1,1,0
"locus096","locus237",1,1,NA,NA,1,NA,1,1,1,0
"locus096","locus239",1,1,NA,NA,0.568392,NA,0.081708,0.47633,1,0
"locus096","locus248",1,1,NA,NA,1,NA,1,1,1,0
"locus096","locus256",1,1,NA,NA,1,NA,1,NA,0.08192,0
"locus096","locus263",1,0.354888,NA,NA,1,NA,0.29424,NA,1,0
"locus096","locus264",0.51093,1,NA,NA,0.573912,NA,1,NA,1,0
"locus096","locus274",1,1,NA,NA,0.953424,NA,1,NA,0.24932,0
"locus096","locus280",1,1,NA,NA,1,1,1,NA,0.446532,0
"locus096","locus282",1,1,NA,NA,1,1,1,NA,1,0
"locus096","locus286",1,1,NA,NA,1,NA,1,NA,1,0
"locus096","locus291",1,1,NA,NA,1,NA,0.69782,NA,1,0
"locus096","locus292",1,0.07505,NA,NA,1,NA,0.517704,NA,1,0
"locus096","locus296",1,1,NA,NA,1,NA,1,NA,1,0
"locus096","locus301",1,1,NA,NA,1,NA,0.88097,NA,1,0
"locus096","locus314",0.607592,1,NA,NA,1,NA,1,NA,0.54949,0
"locus096","locus321",1,1,NA,NA,1,NA,1,NA,1,0
"locus096","locus322",1,1,NA,NA,1,1,1,NA,1,0
"locus096","locus323",1,1,NA,NA,1,1,0.257028,NA,0.59109,0
"locus096","locus329",1,1,NA,NA,1,NA,1,NA,0.4556,0
"locus096","locus332",1,1,NA,NA,1,NA,1,NA,1,0
"locus096","locus358",1,1,NA,NA,1,1,1,NA,1,0
"locus096","locus359",1,1,NA,NA,1,NA,1,NA,1,0
"locus096","locus360",1,1,NA,NA,1,NA,1,NA,1,0
"locus098","locus100",1,1,NA,NA,1,NA,1,NA,1,0
"locus098","locus106",1,1,NA,NA,1,NA,0.17072,NA,0.4326,0
"locus098","locus116",1,1,NA,NA,1,NA,0.52463,NA,1,0
"locus098","locus119",1,1,NA,NA,1,NA,0.36901,NA,1,0
"locus098","locus120",1,1,NA,NA,1,NA,0.69164,NA,1,0
"locus098","locus128",1,1,NA,1,1,NA,1,NA,1,0
"locus098","locus129",1,1,NA,1,1,1,1,NA,1,0
"locus098","locus130",1,NA,NA,NA,1,NA,1,NA,1,0
"locus098","locus134",1,1,NA,NA,1,1,1,NA,1,0
"locus098","locus135",0.834072,1,NA,1,1,NA,1,NA,1,0
"locus098","locus137",0.4359,1,NA,1,1,NA,0.65085,NA,1,0
"locus098","locus139",1,0.881604,NA,1,1,NA,1,NA,1,0
"locus098","locus140",1,0.902544,NA,1,1,NA,1,NA,1,0
"locus098","locus146",1,1,NA,1,1,NA,1,NA,1,0
"locus098","locus148",1,0.144168,NA,1,1,NA,1,NA,1,0
"locus098","locus151",1,NA,NA,1,1,NA,1,NA,1,0
"locus098","locus157",1,NA,NA,NA,0.573624,NA,1,NA,1,0
"locus098","locus161",1,1,NA,1,1,NA,0.599988,NA,1,0
"locus098","locus165",0.950728,0.950728,NA,NA,1,NA,1,NA,0.95059,0
"locus098","locus170",1,1,NA,1,1,NA,1,NA,1,0
"locus098","locus176",1,NA,1,NA,1,1,1,NA,1,0
"locus098","locus184",0.302628,1,NA,1,1,NA,0.302628,NA,1,0
"locus098","locus186",0.69942,1,NA,1,1,NA,1,NA,1,0
"locus098","locus188",1,1,NA,1,1,NA,1,NA,1,0
"locus098","locus189",0.988032,1,NA,NA,1,NA,1,1,1,0
"locus098","locus190",1,1,NA,NA,0.71413,NA,1,0.607044,0.972064,0
"locus098","locus192",0.342936,1,NA,NA,1,NA,1,1,1,0
"locus098","locus195",0.26061,1,1,NA,1,NA,1,0.601476,0.66869,0
"locus098","locus202",1,1,NA,NA,0.863568,NA,0.93993,1,1,0
"locus098","locus227",1,0.647612,1,NA,1,NA,0.647612,1,1,0
"locus098","locus231",1,1,NA,NA,1,NA,0.96967,NA,1,0
"locus098","locus235",1,0.227496,NA,NA,0.71437,NA,1,1,1,0
"locus098","locus236",1,1,NA,NA,1,NA,1,1,1,0
"locus098","locus237",1,1,NA,NA,0.85212,NA,1,1,1,0
"locus098","locus239",0.81554,0.125724,NA,NA,1,NA,1,1,0.81554,0
"locus098","locus248",1,1,NA,NA,1,NA,1,1,1,0
"locus098","locus256",1,1,NA,NA,1,1,1,NA,1,0
"locus098","locus263",1,1,NA,NA,1,NA,1,NA,1,0
"locus098","locus264",1,1,NA,NA,1,NA,1,NA,1,0
"locus098","locus274",1,1,NA,NA,1,NA,1,NA,1,0
"locus098","locus280",1,1,NA,NA,1,NA,0.74029,NA,1,0
"locus098","locus282",1,1,NA,NA,0.7241,1,1,NA,0.274212,0
"locus098","locus286",1,1,NA,NA,1,NA,1,NA,0.22701,0
"locus098","locus291",1,1,NA,NA,1,NA,1,NA,1,0
"locus098","locus292",1,1,NA,NA,1,NA,1,NA,1,0
"locus098","locus296",1,1,NA,NA,1,NA,1,NA,1,0
"locus098","locus301",0.69456,1,NA,NA,1,NA,1,NA,1,0
"locus098","locus314",1,1,NA,NA,1,NA,1,NA,1,0
"locus098","locus321",1,0.59939,NA,NA,1,NA,1,NA,0.855448,0
"locus098","locus322",1,0.853752,NA,NA,0.853752,1,1,NA,1,0
"locus098","locus323",0.5936,1,NA,NA,1,NA,1,NA,0.18002,0
"locus098","locus329",1,1,NA,NA,1,NA,1,NA,1,0
"locus098","locus332",1,1,NA,NA,1,NA,1,NA,1,0
"locus098","locus358",1,0.594408,NA,NA,1,1,0.594408,NA,1,0
"locus098","locus359",1,1,NA,NA,1,NA,0.5203,NA,1,0
"locus098","locus360",0.920532,0.8054,NA,NA,0.920532,NA,0.920532,NA,0.77239,0
"locus100","locus106",1,1,NA,NA,1,NA,0.80515,NA,1,0
"locus100","locus116",0.46428,1,NA,NA,1,NA,1,NA,1,0
"locus100","locus119",1,1,NA,NA,1,NA,1,NA,1,0
"locus100","locus120",1,1,NA,NA,1,NA,1,NA,0.62371,0
"locus100","locus128",1,1,NA,1,1,NA,1,NA,1,0
"locus100","locus129",1,1,NA,1,0.997122,1,1,NA,1,0
"locus100","locus130",1,NA,NA,NA,1,NA,1,NA,1,0
"locus100","locus135",0.163116,1,NA,1,1,NA,1,NA,1,0
"locus100","locus137",1,1,NA,1,1,NA,0.075816,NA,1,0
"locus100","locus139",1,1,NA,1,0.71347,NA,0.074688,NA,1,0
"locus100","locus140",1,1,NA,1,0.72037,NA,0.079692,NA,1,0
"locus100","locus146",1,1,NA,1,1,NA,1,NA,1,0
"locus100","locus151",0.20584,NA,NA,0.605388,1,NA,0.747284,NA,0.20584,0
"locus100","locus157",1,NA,NA,NA,1,NA,1,NA,0.874176,0
"locus100","locus161",1,1,NA,1,1,NA,1,NA,1,0
"locus100","locus165",1,1,NA,NA,1,NA,1,NA,0.3768,0
"locus100","locus170",1,1,NA,1,0.86628,NA,1,NA,1,0
"locus100","locus176",1,NA,1,NA,1,1,1,NA,1,0
"locus100","locus184",0.60809,0.40044,NA,0.862212,1,NA,1,NA,0.722512,0
"locus100","locus186",1,1,NA,1,1,NA,1,NA,1,0
"locus100","locus188",1,1,NA,1,1,NA,1,NA,1,0
"locus100","locus189",1,1,NA,NA,1,NA,1,1,1,0
"locus100","locus190",1,1,NA,NA,1,NA,1,1,1,0
"locus100","locus191",1,NA,NA,NA,1,NA,0.33958,1,1,0
"locus100","locus192",1,1,NA,NA,1,NA,1,1,1,0
"locus100","locus195",1,1,1,NA,1,1,0.564384,1,1,0
"locus100","locus202",0.683292,1,NA,NA,1,NA,1,1,1,0
"locus100","locus215",1,NA,NA,NA,0.27805,NA,0.657536,1,1,0
"locus100","locus227",1,0.791812,1,NA,1,NA,1,1,1,0
"locus100","locus231",0.39358,1,NA,NA,1,NA,1,NA,1,0
"locus100","locus235",0.182088,0.18972,NA,NA,1,NA,0.895704,1,1,0
"locus100","locus239",1,1,NA,NA,1,NA,1,1,1,0
"locus100","locus248",1,1,NA,NA,1,NA,1,1,1,0
"locus100","locus256",1,1,NA,NA,0.938682,NA,0.875016,NA,0.17254,0
"locus100","locus263",0.46205,1,NA,NA,1,NA,1,NA,1,0
"locus100","locus264",1,1,NA,NA,1,NA,1,NA,1,0
"locus100","locus274",0.16325,1,NA,NA,0.57348,NA,1,NA,1,0
"locus100","locus280",1,1,NA,NA,1,NA,1,NA,1,0
"locus100","locus282",1,1,NA,NA,1,1,0.215472,NA,1,0
"locus100","locus286",1,1,NA,NA,1,NA,1,NA,0.05229,0
"locus100","locus291",1,1,NA,NA,1,NA,1,NA,1,0
"locus100","locus292",0.674,1,NA,NA,1,NA,1,NA,1,0
"locus100","locus296",0.97595,0.97595,NA,NA,1,NA,0.97595,NA,0.97595,0
"locus100","locus301",1,1,NA,NA,1,NA,0.93936,NA,1,0
"locus100","locus314",1,1,NA,NA,1,NA,1,NA,0.82252,0
"locus100","locus321",0.571548,0.37683,NA,NA,0.57136,NA,1,NA,1,0
"locus100","locus322",1,1,NA,NA,1,1,1,NA,1,0
"locus100","locus323",0.15451,1,NA,NA,1,NA,0.177672,NA,1,0
"locus100","locus329",0.32218,1,NA,NA,1,NA,0.867228,NA,0.447136,0
"locus100","locus332",1,1,NA,NA,1,NA,1,NA,1,0
"locus100","locus358",1,0.279816,NA,NA,0.7113,1,1,NA,1,0
"locus100","locus359",1,1,NA,NA,1,NA,1,NA,1,0
"locus100","locus360",1,1,NA,NA,1,NA,0.094,NA,1,0
"locus106","locus116",1,1,NA,NA,1,NA,1,NA,1,0
"locus106","locus119",1,1,NA,NA,1,NA,1,NA,0.32853,0
"locus106","locus120",1,0.942656,NA,NA,1,NA,0.22561,NA,1,0
"locus106","locus128",1,1,NA,1,1,NA,1,NA,1,0
"locus106","locus129",0.953616,1,NA,1,1,1,0.4508,NA,1,0
"locus106","locus130",0.1506,NA,NA,NA,1,NA,1,NA,1,0
"locus106","locus134",1,1,NA,NA,1,1,1,NA,1,0
"locus106","locus135",1,1,NA,1,1,NA,1,NA,1,0
"locus106","locus137",1,1,NA,1,1,NA,1,NA,1,0
"locus106","locus139",1,1,NA,1,0.85494,NA,1,NA,0.96748,0
"locus106","locus140",1,1,NA,1,0.855048,NA,1,NA,0.96575,0
"locus106","locus146",1,1,NA,1,0.283464,NA,1,NA,1,0
"locus106","locus148",1,0.745656,NA,1,1,NA,1,NA,1,0
"locus106","locus151",0.423192,NA,NA,0.423192,0.423192,NA,0.262688,NA,0.25996,0
"locus106","locus157",1,NA,NA,NA,1,NA,1,NA,1,0
"locus106","locus161",1,1,NA,1,1,NA,1,NA,1,0
"locus106","locus165",1,1,NA,NA,1,NA,1,NA,1,0
"locus106","locus170",0.97304,1,NA,0.97304,0.85128,NA,0.97304,NA,0.97304,0
"locus106","locus176",1,NA,1,NA,1,1,1,NA,1,0
"locus106","locus184",1,1,NA,1,1,NA,1,NA,1,0
"locus106","locus186",1,1,NA,1,1,NA,1,NA,0.974112,0
"locus106","locus188",1,0.442224,NA,1,1,NA,1,NA,1,0
"locus106","locus189",1,0.86382,NA,NA,1,NA,1,1,1,0
"locus106","locus190",1,1,NA,NA,1,NA,1,1,1,0
"locus106","locus191",0.32251,NA,NA,NA,1,NA,1,0.713556,0.577696,0
"locus106","locus192",1,1,NA,NA,1,NA,1,1,1,0
"locus106","locus195",1,1,1,NA,1,1,1,1,1,0
"locus106","locus202",1,1,NA,NA,1,NA,0.082008,1,1,0
"locus106","locus215",0.752592,NA,NA,NA,1,NA,1,1,0.27919,0
"locus106","locus227",1,1,1,NA,1,NA,1,1,1,0
"locus106","locus231",0.66421,1,NA,NA,1,NA,1,NA,1,0
"locus106","locus235",1,1,NA,NA,1,NA,1,1,1,0
"locus106","locus236",1,1,NA,NA,1,NA,0.44808,1,1,0
"locus106","locus237",1,1,NA,NA,1,NA,1,1,1,0
"locus106","locus239",1,1,NA,NA,1,NA,1,1,1,0
"locus106","locus248",1,1,NA,NA,1,NA,1,1,1,0
"locus106","locus256",1,1,NA,NA,0.4764,NA,0.4764,NA,1,0
"locus106","locus263",0.28963,1,NA,NA,1,NA,1,NA,1,0
"locus106","locus264",1,1,NA,NA,1,NA,1,NA,0.66371,0
"locus106","locus274",1,1,NA,NA,1,NA,1,NA,1,0
"locus106","locus280",1,1,NA,NA,1,NA,1,NA,1,0
"locus106","locus282",1,1,NA,NA,1,1,1,NA,1,0
"locus106","locus286",0.45833,1,NA,NA,1,NA,1,NA,0.982056,0
"locus106","locus291",1,1,NA,NA,1,NA,1,NA,1,0
"locus106","locus292",1,1,NA,NA,1,NA,0.99534,NA,1,0
"locus106","locus296",1,1,NA,NA,1,NA,1,NA,1,0
"locus106","locus301",1,1,NA,NA,1,NA,1,NA,1,0
"locus106","locus314",1,1,NA,NA,1,NA,1,NA,1,0
"locus106","locus321",1,1,NA,NA,1,NA,1,NA,1,0
"locus106","locus322",1,0.972684,NA,NA,1,1,1,NA,1,0
"locus106","locus323",1,1,NA,NA,1,NA,1,NA,1,0
"locus106","locus329",1,1,NA,NA,1,NA,1,NA,1,0
"locus106","locus332",1,0.69523,NA,NA,1,NA,1,NA,1,0
"locus106","locus358",1,1,NA,NA,0.7061,1,0.099732,NA,1,0
"locus106","locus359",1,1,NA,NA,1,NA,0.47347,NA,1,0
"locus116","locus120",1,1,NA,NA,1,NA,1,NA,1,0
"locus116","locus128",1,1,NA,1,1,NA,1,NA,0.437364,0
"locus116","locus129",1,1,NA,1,1,1,1,NA,0.423374,0
"locus116","locus130",1,NA,NA,NA,1,NA,0.067384,NA,1,0
"locus116","locus134",1,0.314724,NA,NA,1,1,1,NA,1,0
"locus116","locus135",1,1,NA,1,1,NA,1,NA,1,0
"locus116","locus137",1,1,NA,1,1,NA,0.199968,NA,1,0
"locus116","locus139",1,1,NA,1,1,NA,1,NA,1,0
"locus116","locus140",1,1,NA,1,1,NA,1,NA,1,0
"locus116","locus146",1,1,NA,1,1,NA,1,NA,1,0
"locus116","locus148",1,1,NA,1,1,NA,1,NA,1,0
"locus116","locus151",1,NA,NA,1,0.61252,NA,1,NA,1,0
"locus116","locus157",0.334548,NA,NA,NA,1,NA,0.377532,NA,0.25736,0
"locus116","locus161",1,0.821484,NA,1,1,NA,1,NA,1,0
"locus116","locus165",1,0.08296,NA,NA,1,NA,0.799024,NA,1,0
"locus116","locus170",1,1,NA,1,1,NA,0.387888,NA,1,0
"locus116","locus176",1,NA,NA,NA,1,1,1,NA,0.34624,0
"locus116","locus184",1,1,NA,1,1,NA,1,NA,1,0
"locus116","locus186",1,1,NA,1,1,NA,1,NA,1,0
"locus116","locus188",1,1,NA,1,1,NA,1,NA,1,0
"locus116","locus189",1,0.101724,NA,NA,1,NA,0.27,1,1,0
"locus116","locus190",1,1,NA,NA,1,NA,0.680916,1,1,0
"locus116","locus191",0.42656,NA,NA,NA,1,NA,0.930688,0.943884,1,0
"locus116","locus192",1,1,NA,NA,1,NA,1,1,1,0
"locus116","locus195",1,1,1,NA,1,1,1,1,1,0
"locus116","locus202",1,1,NA,NA,1,NA,0.95048,0.85392,1,0
"locus116","locus215",1,NA,NA,NA,1,NA,1,1,1,0
"locus116","locus227",1,1,1,NA,1,NA,1,1,1,0
"locus116","locus231",1,1,1,NA,1,NA,1,NA,1,0
"locus116","locus235",1,1,NA,NA,1,NA,1,1,1,0
"locus116","locus236",0.95165,1,NA,NA,0.174156,NA,1,1,1,0
"locus116","locus237",1,1,NA,NA,1,NA,1,1,1,0
"locus116","locus239",1,1,NA,NA,1,NA,1,1,1,0
"locus116","locus248",1,1,NA,NA,1,NA,1,1,1,0
"locus116","locus256",1,1,NA,NA,1,NA,1,NA,1,0
"locus116","locus263",0.21965,1,NA,NA,1,NA,1,NA,0.57336,0
"locus116","locus264",1,1,NA,NA,1,NA,0.23957,NA,1,0
"locus116","locus274",1,1,NA,NA,1,NA,0.12173,NA,1,0
"locus116","locus280",1,1,NA,NA,1,NA,1,NA,1,0
"locus116","locus282",1,0.758592,NA,NA,1,1,1,NA,1,0
"locus116","locus286",0.13524,1,NA,NA,1,NA,1,NA,1,0
"locus116","locus291",1,0.69864,NA,NA,0.69864,NA,1,NA,0.69864,0
"locus116","locus292",1,1,NA,NA,0.57595,NA,0.984096,NA,0.984096,0
"locus116","locus296",1,1,NA,NA,1,NA,1,NA,1,0
"locus116","locus301",1,1,NA,NA,1,NA,1,NA,1,0
"locus116","locus314",1,1,NA,NA,1,NA,1,NA,1,0
"locus116","locus321",1,1,NA,NA,1,NA,0.16029,NA,1,0
"locus116","locus322",0.455724,1,NA,NA,1,1,1,NA,0.86248,0
"locus116","locus323",0.52901,1,NA,NA,1,NA,1,NA,1,0
"locus116","locus329",1,1,NA,NA,1,NA,1,NA,0.34887,0
"locus116","locus332",1,0.927104,NA,NA,1,NA,1,NA,0.29215,0
"locus116","locus358",0.175188,1,NA,NA,1,1,0.18277,NA,1,0
"locus116","locus359",1,1,NA,NA,1,NA,1,NA,1,0
"locus116","locus360",0.54258,1,NA,NA,1,NA,0.54258,NA,1,0
"locus119","locus120",1,1,NA,NA,1,NA,1,NA,1,0
"locus119","locus128",1,1,NA,1,1,NA,1,NA,0.65634,0
"locus119","locus129",1,1,NA,1,1,1,1,NA,1,0
"locus119","locus130",1,NA,NA,NA,1,NA,0.60448,NA,1,0
"locus119","locus134",1,1,NA,NA,1,1,0.22518,NA,1,0
"locus119","locus135",1,1,NA,1,1,NA,0.59328,NA,1,0
"locus119","locus137",1,1,NA,1,1,NA,0.477072,NA,1,0
"locus119","locus139",1,1,NA,1,0.860748,NA,1,NA,1,0
"locus119","locus140",1,1,NA,1,0.853836,NA,1,NA,1,0
"locus119","locus146",1,1,NA,1,1,NA,1,NA,0.636924,0
"locus119","locus148",0.53197,1,NA,1,1,NA,1,NA,0.084552,0
"locus119","locus151",1,NA,NA,1,1,NA,0.60099,NA,0.734192,0
"locus119","locus157",0.979008,NA,NA,NA,1,NA,0.19904,NA,1,0
"locus119","locus161",1,1,NA,1,1,NA,1,NA,1,0
"locus119","locus165",1,1,NA,NA,1,NA,1,NA,1,0
"locus119","locus170",0.788544,0.788544,NA,0.788544,0.571272,NA,0.110016,NA,0.25693,0
"locus119","locus176",0.58828,NA,NA,NA,1,1,1,NA,1,0
"locus119","locus184",1,1,NA,1,1,NA,1,NA,1,0
"locus119","locus186",1,1,NA,1,1,NA,0.598296,NA,1,0
"locus119","locus188",1,1,NA,0.98819,1,NA,1,NA,0.282204,0
"locus119","locus189",0.650784,1,NA,NA,1,NA,1,1,1,0
"locus119","locus190",1,1,NA,NA,1,NA,1,1,1,0
"locus119","locus191",1,NA,NA,NA,1,NA,0.4675,1,1,0
"locus119","locus192",1,0.496392,NA,NA,1,NA,1,1,1,0
"locus119","locus195",1,1,1,NA,1,NA,1,1,1,0
"locus119","locus202",1,1,NA,NA,1,NA,1,1,1,0
"locus119","locus215",0.87362,NA,NA,NA,1,NA,1,1,1,0
"locus119","locus227",1,1,1,NA,1,NA,0.724598,1,1,0
"locus119","locus231",1,1,1,NA,1,NA,1,NA,0.091092,0
"locus119","locus235",1,1,NA,NA,1,NA,1,1,1,0
"locus119","locus236",1,0.642888,NA,NA,0.71248,NA,1,1,1,0
"locus119","locus237",1,1,NA,NA,0.282852,NA,0.84216,1,1,0
"locus119","locus239",1,1,NA,NA,1,NA,0.512124,1,1,0
"locus119","locus248",1,1,NA,NA,1,NA,1,1,1,0
"locus119","locus263",1,1,NA,NA,1,NA,1,NA,1,0
"locus119","locus264",1,1,NA,NA,1,NA,1,NA,1,0
"locus119","locus274",1,0.35676,NA,NA,0.952168,NA,1,NA,1,0
"locus119","locus280",1,1,NA,NA,1,NA,1,NA,1,0
"locus119","locus282",1,1,NA,NA,0.278256,1,1,NA,1,0
"locus119","locus286",1,1,NA,NA,1,NA,0.24242,NA,1,0
"locus119","locus292",1,1,NA,NA,1,NA,0.10306,NA,1,0
"locus119","locus296",1,1,NA,NA,1,NA,0.94236,NA,1,0
"locus119","locus301",1,1,NA,NA,0.4832,NA,1,NA,0.920408,0
"locus119","locus314",1,0.60639,NA,NA,1,NA,1,NA,1,0
"locus119","locus321",1,1,NA,NA,1,NA,1,NA,1,0
"locus119","locus322",0.830076,1,NA,NA,1,1,1,NA,1,0
"locus119","locus323",0.4371,1,NA,NA,1,NA,1,NA,1,0
"locus119","locus329",1,1,NA,NA,1,NA,1,NA,1,0
"locus119","locus332",1,0.51066,NA,NA,1,NA,0.946734,NA,0.813888,0
"locus119","locus358",1,1,NA,NA,1,1,0.70721,NA,0.51486,0
"locus119","locus359",1,1,NA,NA,1,NA,1,NA,1,0
"locus119","locus360",0.12786,1,NA,NA,1,NA,1,NA,1,0
"locus120","locus128",1,1,NA,1,1,NA,1,NA,1,0
"locus120","locus129",1,1,NA,1,1,1,0.804174,NA,1,0
"locus120","locus130",1,NA,NA,NA,1,NA,1,NA,1,0
"locus120","locus134",1,1,1,NA,1,1,1,NA,1,0
"locus120","locus135",1,1,NA,1,1,NA,1,NA,1,0
"locus120","locus137",1,1,NA,1,1,NA,1,NA,1,0
"locus120","locus139",0.22686,1,NA,1,1,NA,1,NA,1,0
"locus120","locus140",0.229584,1,NA,1,1,NA,1,NA,1,0
"locus120","locus146",1,1,NA,1,1,NA,1,NA,1,0
"locus120","locus148",1,1,NA,0.289032,1,NA,1,NA,1,0
"locus120","locus151",0.756648,NA,1,1,1,NA,1,NA,1,0
"locus120","locus157",0.1626,NA,NA,NA,1,NA,0.1626,NA,0.991212,0
"locus120","locus161",1,1,NA,1,1,NA,1,NA,1,0
"locus120","locus165",1,1,NA,NA,1,NA,1,NA,1,0
"locus120","locus170",1,1,NA,1,1,NA,1,NA,1,0
"locus120","locus176",1,NA,NA,NA,1,1,1,NA,1,0
"locus120","locus184",0.848604,0.848604,NA,0.848604,1,NA,1,NA,1,0
"locus120","locus186",1,0.69948,NA,0.69948,1,NA,1,NA,0.201636,0
"locus120","locus188",1,1,NA,1,0.863292,NA,1,NA,1,0
"locus120","locus189",1,1,NA,NA,1,NA,1,1,1,0
"locus120","locus190",1,0.967584,NA,NA,1,NA,1,1,1,0
"locus120","locus191",0.992052,NA,NA,NA,0.70935,NA,1,1,0.710824,0
"locus120","locus192",1,1,NA,NA,1,NA,1,1,1,0
"locus120","locus195",1,1,1,NA,1,NA,1,1,1,0
"locus120","locus202",1,1,NA,NA,1,NA,1,1,1,0
"locus120","locus215",1,NA,NA,NA,1,NA,1,1,1,0
"locus120","locus227",1,1,1,NA,1,NA,1,0.996646,1,0
"locus120","locus231",1,1,NA,NA,1,NA,0.93092,NA,0.93092,0
"locus120","locus236",0.110076,1,NA,NA,1,NA,1,0.14257,1,0
"locus120","locus237",1,1,NA,NA,1,NA,1,1,1,0
"locus120","locus239",1,1,NA,NA,1,NA,1,1,1,0
"locus120","locus248",1,1,NA,NA,1,NA,1,1,1,0
"locus120","locus256",1,1,NA,NA,1,NA,1,NA,0.96721,0
"locus120","locus263",0.47008,1,NA,NA,1,NA,1,NA,1,0
"locus120","locus264",1,1,NA,NA,1,NA,1,NA,1,0
"locus120","locus274",1,1,NA,NA,1,NA,1,NA,1,0
"locus120","locus280",1,1,NA,NA,1,NA,1,NA,0.64504,0
"locus120","locus282",1,1,NA,NA,1,1,1,NA,1,0
"locus120","locus286",1,1,NA,NA,1,NA,1,NA,1,0
"locus120","locus291",1,0.67383,NA,NA,1,NA,1,NA,1,0
"locus120","locus292",0.27418,0.528842,NA,NA,0.434064,NA,0.434064,NA,0.46014,0
"locus120","locus296",0.42347,1,NA,NA,1,NA,1,NA,1,0
"locus120","locus301",1,1,NA,NA,1,NA,1,NA,1,0
"locus120","locus314",1,1,NA,NA,1,NA,1,NA,1,0
"locus120","locus321",1,1,NA,NA,1,NA,1,NA,1,0
"locus120","locus322",0.95093,1,NA,NA,1,1,0.794964,NA,1,0
"locus120","locus323",1,1,NA,NA,1,NA,1,NA,1,0
"locus120","locus329",1,1,NA,NA,0.860292,1,1,NA,0.91029,0
"locus120","locus332",0.20393,1,NA,NA,1,NA,0.694752,NA,1,0
"locus120","locus358",1,1,NA,NA,1,1,0.117048,NA,1,0
"locus120","locus359",1,1,NA,NA,1,NA,1,NA,1,0
"locus120","locus360",0.239988,1,1,NA,1,NA,1,NA,1,0
"locus128","locus129",1,1,NA,1,0.98126,1,1,NA,1,0
"locus128","locus130",0.85137,NA,NA,NA,1,NA,0.783808,NA,1,0
"locus128","locus134",1,1,NA,NA,1,1,1,NA,1,0
"locus128","locus135",1,1,NA,1,1,NA,1,NA,1,0
"locus128","locus137",1,1,NA,1,1,NA,1,NA,1,0
"locus128","locus139",1,1,NA,1,1,NA,1,NA,1,0
"locus128","locus140",1,1,NA,1,1,NA,1,NA,1,0
"locus128","locus146",1,0.069156,NA,1,1,NA,1,NA,1,0
"locus128","locus148",1,1,NA,1,1,NA,0.1395,NA,1,0
"locus128","locus151",0.962208,NA,1,1,1,NA,1,NA,1,0
"locus128","locus157",1,NA,NA,NA,1,NA,1,NA,1,0
"locus128","locus161",1,1,NA,1,0.86058,NA,1,NA,0.904,0
"locus128","locus165",1,1,NA,NA,1,NA,0.87384,NA,1,0
"locus128","locus170",0.95986,0.95986,NA,0.99178,0.95986,NA,0.855084,NA,1,0
"locus128","locus176",0.11216,NA,NA,NA,1,1,0.07882,NA,1,0
"locus128","locus184",1,0.103548,NA,1,1,NA,1,NA,1,0
"locus128","locus186",1,1,NA,1,1,NA,1,NA,1,0
"locus128","locus188",1,0.630406,NA,1,1,1,1,NA,1,0
"locus128","locus189",1,1,NA,NA,1,NA,1,NA,1,0
"locus128","locus190",0.686964,1,NA,NA,1,1,1,NA,1,0
"locus128","locus191",1,NA,NA,NA,1,NA,1,NA,1,0
"locus128","locus192",1,1,NA,NA,1,NA,1,NA,1,0
"locus128","locus195",1,1,1,NA,0.763092,NA,1,NA,1,0
"locus128","locus202",1,1,NA,NA,1,NA,1,NA,1,0
"locus128","locus215",1,NA,NA,NA,0.913536,NA,1,NA,1,0
"locus128","locus227",1,1,1,NA,1,NA,1,NA,1,0
"locus128","locus231",1,1,NA,NA,1,NA,1,NA,1,0
"locus128","locus235",1,1,NA,NA,1,NA,1,NA,0.36683,0
"locus128","locus236",1,0.3645,NA,NA,1,NA,1,NA,1,0
"locus128","locus237",1,1,NA,NA,1,NA,1,NA,1,0
"locus128","locus239",1,1,NA,NA,1,NA,1,NA,1,0
"locus128","locus248",1,1,NA,NA,1,NA,1,NA,1,0
"locus128","locus256",1,1,NA,NA,1,NA,0.54742,NA,1,0
"locus128","locus263",1,1,NA,NA,1,NA,1,NA,1,0
"locus128","locus264",1,0.60526,NA,NA,1,NA,1,NA,1,0
"locus128","locus274",1,1,NA,NA,0.98492,NA,1,NA,1,0
"locus128","locus280",0.715528,0.08003,NA,NA,0.715528,NA,0.715528,NA,1,0
"locus128","locus282",1,1,NA,NA,1,1,1,NA,1,0
"locus128","locus286",1,1,NA,NA,0.708,NA,1,NA,1,0
"locus128","locus291",1,1,NA,NA,1,NA,1,NA,1,0
"locus128","locus292",1,1,NA,NA,1,NA,1,NA,1,0
"locus128","locus296",0.947776,0.947776,NA,NA,1,NA,0.15616,NA,0.947776,0
"locus128","locus301",1,1,1,NA,1,NA,1,NA,1,0
"locus128","locus314",1,1,NA,NA,1,NA,1,NA,1,0
"locus128","locus321",0.86486,1,NA,NA,1,NA,1,NA,1,0
"locus128","locus322",0.466404,1,NA,NA,1,1,1,NA,1,0
"locus128","locus329",1,1,NA,NA,1,NA,1,NA,1,0
"locus128","locus332",0.59548,0.855072,NA,NA,0.855072,NA,0.59548,NA,0.59548,0
"locus128","locus358",0.676968,1,NA,NA,1,1,1,NA,1,0
"locus128","locus359",0.56601,1,NA,NA,1,NA,1,NA,1,0
"locus128","locus360",1,1,NA,NA,1,NA,1,NA,1,0
"locus129","locus130",0.559212,NA,NA,NA,1,NA,1,NA,0.496496,0
"locus129","locus134",0.836616,1,NA,NA,1,1,1,NA,1,0
"locus129","locus135",1,1,NA,1,1,NA,1,NA,1,0
"locus129","locus137",1,1,NA,1,1,NA,1,NA,1,0
"locus129","locus139",0.118968,1,NA,1,1,NA,1,NA,1,0
"locus129","locus140",0.105348,1,NA,1,1,NA,1,NA,1,0
"locus129","locus146",1,1,NA,0.49299,1,NA,1,NA,0.352956,0
"locus129","locus148",1,0.64872,NA,1,1,NA,1,NA,1,0
"locus129","locus151",1,NA,1,1,1,NA,1,NA,1,0
"locus129","locus157",0.39192,NA,NA,NA,1,NA,0.751698,NA,0.878468,0
"locus129","locus161",1,1,NA,1,1,NA,1,NA,1,0
"locus129","locus165",1,0.30518,NA,NA,1,NA,0.417918,NA,0.30518,0
"locus129","locus170",0.880044,0.880044,NA,1,1,NA,1,NA,1,0
"locus129","locus176",1,NA,NA,NA,1,1,1,NA,1,0
"locus129","locus184",1,1,NA,1,1,NA,0.372492,NA,1,0
"locus129","locus186",1,1,NA,1,1,NA,1,NA,1,0
"locus129","locus188",0.56658,1,NA,1,1,1,1,NA,1,0
"locus129","locus189",0.522372,1,NA,NA,0.70776,NA,1,1,1,0
"locus129","locus190",1,1,NA,NA,1,1,1,1,1,0
"locus129","locus191",1,NA,NA,NA,1,NA,1,1,1,0
"locus129","locus192",0.9454,1,NA,NA,1,NA,0.25644,1,1,0
"locus129","locus202",0.1011,1,NA,NA,1,NA,0.58935,1,1,0
"locus129","locus215",1,NA,1,NA,1,NA,1,1,1,0
"locus129","locus227",1,1,1,NA,1,NA,1,1,1,0
"locus129","locus231",1,0.24566,NA,NA,1,NA,1,NA,1,0
"locus129","locus235",0.574536,0.84565,NA,NA,1,NA,1,1,1,0
"locus129","locus236",0.310488,1,NA,NA,1,NA,1,1,1,0
"locus129","locus237",1,1,NA,NA,1,NA,1,1,1,0
"locus129","locus239",0.857892,1,NA,NA,1,NA,1,1,1,0
"locus129","locus248",1,1,NA,NA,1,NA,1,1,1,0
"locus129","locus256",1,1,NA,NA,1,NA,0.88757,NA,1,0
"locus129","locus263",1,1,NA,NA,1,NA,1,NA,1,0
"locus129","locus264",0.509776,0.509776,NA,NA,1,NA,0.41957,NA,1,0
"locus129","locus274",0.42697,0.65856,NA,NA,0.42697,NA,1,NA,1,0
"locus129","locus280",1,1,NA,NA,0.47244,NA,1,NA,1,0
"locus129","locus282",1,0.303516,NA,NA,1,1,0.37627,NA,1,0
"locus129","locus286",0.905896,0.931492,NA,NA,0.905896,NA,0.931492,NA,0.61618,0
"locus129","locus291",1,1,NA,NA,1,NA,0.14576,NA,0.12407,0
"locus129","locus292",1,1,NA,NA,1,NA,1,NA,1,0
"locus129","locus296",0.78599,1,NA,NA,1,NA,1,NA,1,0
"locus129","locus301",1,1,NA,NA,1,NA,1,NA,1,0
"locus129","locus314",1,0.2051,NA,NA,1,NA,0.293728,NA,0.549414,0
"locus129","locus321",1,1,NA,NA,1,NA,1,NA,0.60542,0
"locus129","locus322",1,1,NA,NA,1,1,0.173268,NA,0.68035,0
"locus129","locus323",1,0.41685,NA,NA,1,NA,1,NA,1,0
"locus129","locus329",0.35768,1,NA,NA,1,NA,1,NA,1,0
"locus129","locus332",1,0.13463,NA,NA,1,NA,0.718752,NA,0.216984,0
"locus129","locus358",0.346692,0.7672,NA,NA,1,1,0.7672,NA,1,0
"locus129","locus359",1,1,NA,NA,1,NA,1,NA,1,0
"locus129","locus360",0.30928,0.794844,NA,NA,0.794844,NA,0.598602,NA,0.435192,0
"locus130","locus134",1,NA,NA,NA,1,NA,1,NA,1,0
"locus130","locus135",1,NA,NA,NA,1,NA,1,NA,1,0
"locus130","locus137",0.657296,NA,NA,NA,0.930656,NA,0.811212,NA,1,0
"locus130","locus139",0.964644,NA,NA,NA,1,NA,1,NA,0.362104,0
"locus130","locus140",0.95703,NA,NA,NA,1,NA,1,NA,0.36308,0
"locus130","locus146",1,NA,NA,NA,1,NA,1,NA,1,0
"locus130","locus148",0.815622,NA,NA,NA,1,NA,0.79188,NA,1,0
"locus130","locus151",1,NA,1,NA,1,NA,1,NA,0.10537,0
"locus130","locus157",0.985818,NA,NA,NA,1,NA,1,NA,0.817416,0
"locus130","locus165",1,NA,1,NA,1,NA,1,NA,1,0
"locus130","locus170",1,NA,NA,NA,1,NA,1,NA,1,0
"locus130","locus176",1,NA,NA,NA,1,NA,1,NA,1,0
"locus130","locus184",1,NA,NA,NA,1,NA,1,NA,1,0
"locus130","locus186",1,NA,NA,NA,1,NA,0.657408,NA,1,0
"locus130","locus188",1,NA,1,NA,1,NA,0.2781,NA,1,0
"locus130","locus189",0.899304,NA,NA,NA,1,NA,0.19471,1,1,0
"locus130","locus190",1,NA,NA,NA,1,NA,1,1,1,0
"locus130","locus191",1,NA,1,NA,1,NA,1,1,1,0
"locus130","locus192",1,NA,NA,NA,1,NA,1,1,1,0
"locus130","locus195",1,NA,1,NA,1,NA,1,0.855564,1,0
"locus130","locus202",0.855256,NA,NA,NA,1,NA,1,1,0.44397,0
"locus130","locus215",1,NA,NA,NA,1,NA,1,1,1,0
"locus130","locus227",1,NA,1,NA,1,NA,1,1,1,0
"locus130","locus231",1,NA,NA,NA,1,NA,1,NA,1,0
"locus130","locus235",1,NA,NA,NA,1,NA,1,1,1,0
"locus130","locus236",1,NA,NA,NA,1,NA,1,1,1,0
"locus130","locus237",1,NA,NA,NA,1,NA,1,1,1,0
"locus130","locus239",1,NA,NA,NA,1,NA,0.786032,1,0.63204,0
"locus130","locus248",1,NA,NA,NA,1,NA,0.36033,1,0.4984,0
"locus130","locus256",1,NA,NA,NA,1,NA,1,NA,1,0
"locus130","locus263",1,NA,NA,NA,1,NA,1,NA,1,0
"locus130","locus264",1,NA,NA,NA,1,NA,0.530072,NA,1,0
"locus130","locus274",0.300432,NA,NA,NA,1,NA,0.20824,NA,1,0
"locus130","locus282",1,NA,NA,NA,1,NA,1,NA,1,0
"locus130","locus286",0.895656,NA,NA,NA,1,NA,1,NA,1,0
"locus130","locus291",1,NA,NA,NA,1,NA,1,NA,1,0
"locus130","locus292",1,NA,NA,NA,1,NA,1,NA,0.525824,0
"locus130","locus296",1,NA,NA,NA,1,NA,1,NA,1,0
"locus130","locus301",1,NA,NA,NA,1,NA,0.777544,NA,1,0
"locus130","locus314",1,NA,NA,NA,1,NA,1,NA,1,0
"locus130","locus321",0.32148,NA,NA,NA,0.599514,NA,0.32148,NA,0.46972,0
"locus130","locus322",1,NA,NA,NA,1,NA,0.538544,NA,1,0
"locus130","locus323",1,NA,NA,NA,1,NA,1,NA,1,0
"locus130","locus329",1,NA,NA,NA,1,NA,1,NA,1,0
"locus130","locus332",1,NA,NA,NA,1,NA,0.372776,NA,1,0
"locus130","locus358",1,NA,NA,NA,1,NA,1,NA,1,0
"locus130","locus359",1,NA,NA,NA,1,NA,1,NA,1,0
"locus130","locus360",1,NA,NA,NA,1,NA,1,NA,0.928496,0
"locus134","locus135",0.368664,0.368664,NA,NA,1,NA,1,NA,0.3186,0
"locus134","locus137",1,1,NA,NA,1,NA,0.976824,NA,0.83007,0
"locus134","locus139",1,1,NA,NA,1,NA,1,NA,1,0
"locus134","locus140",1,1,NA,NA,1,NA,1,NA,1,0
"locus134","locus146",1,1,NA,NA,1,NA,1,NA,1,0
"locus134","locus148",1,1,NA,NA,1,NA,1,NA,1,0
"locus134","locus151",0.846548,NA,NA,NA,0.846548,NA,0.72468,NA,0.281688,0
"locus134","locus157",1,NA,NA,NA,1,NA,1,NA,1,0
"locus134","locus161",0.06474,1,1,NA,1,NA,1,NA,1,0
"locus134","locus165",1,1,NA,NA,1,NA,1,NA,1,0
"locus134","locus170",1,1,NA,NA,1,NA,1,NA,1,0
"locus134","locus176",1,NA,NA,NA,0.32838,1,1,NA,1,0
"locus134","locus184",1,0.68686,NA,NA,1,NA,1,NA,1,0
"locus134","locus186",1,0.14408,NA,NA,1,NA,1,NA,1,0
"locus134","locus188",1,1,NA,NA,1,NA,1,NA,1,0
"locus134","locus189",1,0.738108,NA,NA,1,NA,1,1,1,0
"locus134","locus190",1,1,NA,NA,1,NA,1,0.283452,1,0
"locus134","locus191",1,NA,NA,NA,1,NA,0.69209,1,1,0
"locus134","locus192",1,0.745656,NA,NA,1,NA,1,1,1,0
"locus134","locus195",1,1,1,NA,1,NA,1,1,1,0
"locus134","locus202",1,0.52438,NA,NA,1,NA,1,1,0.178656,0
"locus134","locus215",1,NA,NA,NA,1,NA,1,1,1,0
"locus134","locus227",1,0.370304,1,NA,1,1,1,1,0.465388,0
"locus134","locus231",1,1,NA,NA,1,NA,1,NA,1,0
"locus134","locus235",1,1,NA,NA,1,NA,1,1,1,0
"locus134","locus237",0.408732,1,NA,NA,1,NA,0.408732,1,1,0
"locus134","locus239",1,1,NA,NA,1,NA,1,1,1,0
"locus134","locus248",0.734688,1,NA,NA,1,NA,1,1,1,0
"locus134","locus256",0.25127,0.366376,NA,NA,1,NA,1,NA,0.524052,0
"locus134","locus263",1,1,NA,NA,1,NA,1,NA,1,0
"locus134","locus264",0.95171,1,NA,NA,1,NA,1,NA,0.95171,0
"locus134","locus280",1,1,NA,NA,1,NA,1,NA,1,0
"locus134","locus282",1,1,NA,NA,1,1,1,NA,1,0
"locus134","locus286",1,1,NA,NA,1,NA,1,NA,1,0
"locus134","locus291",1,1,NA,NA,1,1,1,NA,1,0
"locus134","locus292",1,1,NA,NA,1,NA,0.96817,NA,1,0
"locus134","locus296",1,1,NA,NA,1,NA,1,NA,1,0
"locus134","locus301",1,1,NA,NA,1,NA,0.22978,NA,1,0
"locus134","locus314",1,1,NA,NA,0.72034,NA,1,NA,1,0
"locus134","locus321",1,0.51439,NA,NA,0.805032,NA,1,NA,0.805032,0
"locus134","locus322",1,1,NA,NA,1,1,1,NA,1,0
"locus134","locus323",1,1,NA,NA,0.14171,NA,1,NA,1,0
"locus134","locus329",0.98228,1,NA,NA,1,NA,0.35728,NA,1,0
"locus134","locus332",1,1,NA,NA,1,NA,1,NA,1,0
"locus134","locus358",1,0.95304,NA,NA,1,1,0.95304,NA,1,0
"locus134","locus359",1,1,NA,NA,0.71734,NA,1,NA,1,0
"locus134","locus360",1,1,NA,NA,0.395868,1,0.65944,NA,0.65944,0
"locus135","locus137",1,1,NA,1,1,NA,1,NA,1,0
"locus135","locus139",1,0.121524,NA,1,1,NA,0.47412,NA,1,0
"locus135","locus140",1,0.119136,NA,1,1,NA,0.46777,NA,1,0
"locus135","locus148",1,1,1,1,0.702548,NA,1,NA,1,0
"locus135","locus151",0.1453,NA,NA,1,1,NA,1,NA,1,0
"locus135","locus157",1,NA,NA,NA,1,NA,1,NA,1,0
"locus135","locus161",1,1,NA,1,0.83826,NA,1,NA,1,0
"locus135","locus165",1,0.22882,NA,NA,1,NA,1,NA,1,0
"locus135","locus170",1,1,NA,1,1,NA,1,NA,1,0
"locus135","locus176",1,NA,1,NA,1,1,1,NA,1,0
"locus135","locus184",1,0.282516,NA,1,1,NA,1,NA,1,0
"locus135","locus186",1,1,NA,1,1,NA,1,NA,1,0
"locus135","locus188",1,1,NA,1,1,NA,1,NA,1,0
"locus135","locus189",0.437336,1,NA,NA,1,NA,0.41024,0.171996,1,0
"locus135","locus190",0.94718,1,NA,NA,1,NA,0.4485,1,1,0
"locus135","locus191",1,NA,NA,NA,1,NA,1,0.13926,1,0
"locus135","locus192",1,1,NA,NA,1,NA,1,1,1,0
"locus135","locus195",1,0.71617,1,NA,1,NA,0.71617,1,1,0
"locus135","locus202",1,1,NA,NA,0.447752,NA,0.12728,1,0.118356,0
"locus135","locus215",0.88093,NA,NA,NA,1,NA,1,1,1,0
"locus135","locus227",1,1,1,NA,1,1,1,1,0.616192,0
"locus135","locus231",1,1,NA,NA,1,NA,1,NA,1,0
"locus135","locus235",1,1,NA,NA,1,NA,1,1,1,0
"locus135","locus237",0.784704,1,NA,NA,1,NA,1,1,1,0
"locus135","locus239",1,1,NA,NA,1,NA,1,1,1,0
"locus135","locus248",1,1,NA,NA,1,NA,0.741996,1,1,0
"locus135","locus256",1,1,NA,NA,1,NA,1,NA,1,0
"locus135","locus263",1,1,1,NA,1,NA,1,NA,1,0
"locus135","locus264",1,1,1,NA,1,NA,1,NA,1,0
"locus135","locus274",1,1,NA,NA,1,NA,1,NA,0.74937,0
"locus135","locus280",1,1,NA,NA,1,NA,1,NA,1,0
"locus135","locus282",1,1,NA,NA,1,1,1,NA,1,0
"locus135","locus286",1,1,NA,NA,0.71642,NA,1,NA,1,0
"locus135","locus291",1,1,NA,NA,1,1,0.1503,NA,1,0
"locus135","locus292",1,1,NA,NA,1,NA,1,NA,1,0
"locus135","locus296",1,1,NA,NA,1,NA,0.91287,NA,0.914448,0
"locus135","locus301",1,1,NA,NA,1,NA,1,NA,1,0
"locus135","locus314",1,1,NA,NA,1,NA,0.3254,NA,1,0
"locus135","locus321",1,1,NA,NA,1,NA,1,NA,1,0
"locus135","locus322",1,0.58218,NA,NA,1,1,1,NA,1,0
"locus135","locus323",1,0.12952,NA,NA,1,NA,1,NA,1,0
"locus135","locus329",1,1,NA,NA,1,NA,1,NA,1,0
"locus135","locus332",1,1,NA,NA,1,NA,0.27386,NA,1,0
"locus135","locus358",1,1,NA,NA,0.342444,1,1,NA,1,0
"locus135","locus359",0.68952,1,NA,NA,1,NA,1,NA,1,0
"locus135","locus360",1,1,NA,NA,1,1,1,NA,1,0
"locus137","locus139",0.785184,0.91826,NA,0.91826,1,NA,0.91826,NA,0.91826,0
"locus137","locus140",0.786072,0.91577,NA,0.91577,1,NA,0.91577,NA,0.91577,0
"locus137","locus146",0.58896,1,NA,1,1,NA,1,NA,1,0
"locus137","locus148",0.610236,0.287224,1,1,1,NA,1,NA,1,0
"locus137","locus151",1,NA,NA,1,1,NA,1,NA,1,0
"locus137","locus157",1,NA,NA,NA,1,NA,1,NA,0.979304,0
"locus137","locus161",1,1,NA,1,1,NA,0.93552,NA,1,0
"locus137","locus165",1,1,NA,NA,1,NA,1,NA,0.80008,0
"locus137","locus170",1,1,NA,1,1,NA,1,NA,1,0
"locus137","locus176",0.1494,NA,1,NA,1,NA,1,NA,0.59012,0
"locus137","locus184",1,1,NA,1,1,NA,1,NA,1,0
"locus137","locus186",1,1,NA,1,1,NA,1,NA,1,0
"locus137","locus188",1,0.230928,NA,1,1,NA,1,NA,1,0
"locus137","locus189",1,1,NA,NA,1,1,0.43253,1,1,0
"locus137","locus190",0.843096,0.843096,NA,NA,1,NA,0.654612,1,0.704,0
"locus137","locus191",1,NA,NA,NA,1,NA,0.07253,1,1,0
"locus137","locus192",1,1,NA,NA,1,NA,1,1,1,0
"locus137","locus195",1,1,1,NA,1,NA,0.56581,1,1,0
"locus137","locus202",1,1,NA,NA,0.282588,NA,1,1,1,0
"locus137","locus215",1,NA,NA,NA,1,NA,1,1,1,0
"locus137","locus227",1,1,1,NA,1,NA,1,1,1,0
"locus137","locus231",1,1,NA,NA,1,NA,1,NA,1,0
"locus137","locus235",1,0.807216,NA,NA,1,NA,1,1,1,0
"locus137","locus236",0.196938,1,NA,NA,1,1,1,1,1,0
"locus137","locus239",1,0.93781,NA,NA,0.889924,1,0.889924,1,1,0
"locus137","locus248",1,1,NA,NA,1,NA,1,1,1,0
"locus137","locus256",0.94793,1,NA,NA,1,NA,1,NA,1,0
"locus137","locus263",1,1,1,NA,1,NA,1,NA,0.408204,0
"locus137","locus264",0.594324,1,1,NA,0.71502,NA,1,NA,1,0
"locus137","locus274",1,1,NA,NA,1,NA,1,NA,1,0
"locus137","locus280",1,1,NA,NA,1,1,0.899316,NA,1,0
"locus137","locus282",1,0.86453,NA,NA,1,NA,1,NA,1,0
"locus137","locus286",1,0.58791,NA,NA,1,NA,1,NA,1,0
"locus137","locus291",1,1,NA,NA,1,NA,1,NA,1,0
"locus137","locus292",1,1,NA,NA,1,NA,1,NA,1,0
"locus137","locus296",0.772944,0.06524,NA,NA,0.193528,NA,0.622712,NA,0.275628,0
"locus137","locus301",1,1,NA,NA,1,NA,1,NA,1,0
"locus137","locus314",1,1,NA,NA,1,NA,1,NA,1,0
"locus137","locus321",1,1,NA,NA,1,NA,0.27139,NA,1,0
"locus137","locus322",1,1,NA,NA,1,NA,1,NA,1,0
"locus137","locus323",1,1,NA,NA,1,1,0.278928,NA,1,0
"locus137","locus329",1,1,NA,NA,1,NA,1,NA,1,0
"locus137","locus332",1,1,NA,NA,1,NA,1,NA,1,0
"locus137","locus358",1,1,NA,NA,1,NA,0.67919,NA,1,0
"locus137","locus359",1,0.82456,NA,NA,1,NA,1,NA,1,0
"locus137","locus360",1,1,NA,NA,1,NA,1,NA,1,0
"locus139","locus146",1,1,NA,1,0.856812,NA,1,NA,1,0
"locus139","locus148",1,1,1,1,1,NA,0.158634,NA,1,0
"locus139","locus151",1,NA,NA,1,1,NA,1,NA,0.51541,0
"locus139","locus161",1,1,NA,1,1,NA,1,NA,0.38208,0
"locus139","locus165",1,1,NA,NA,1,NA,1,NA,1,0
"locus139","locus170",1,1,NA,1,0.171096,NA,1,NA,1,0
"locus139","locus176",0.857216,NA,NA,NA,0.857216,NA,0.857216,NA,0.857216,0
"locus139","locus184",1,1,NA,1,1,NA,0.545832,NA,1,0
"locus139","locus186",1,1,NA,1,1,NA,1,NA,1,0
"locus139","locus188",0.91848,1,NA,1,1,NA,0.450384,NA,1,0
"locus139","locus189",1,1,NA,NA,1,1,1,1,1,0
"locus139","locus190",1,0.432828,NA,NA,1,NA,1,1,1,0
"locus139","locus191",1,NA,NA,NA,1,NA,1,1,1,0
"locus139","locus192",1,1,NA,NA,0.70892,NA,0.538608,1,1,0
"locus139","locus195",1,0.581406,1,NA,1,NA,0.581406,1,1,0
"locus139","locus202",1,0.415992,NA,NA,1,NA,1,1,1,0
"locus139","locus215",0.28555,NA,NA,NA,0.28555,NA,0.669848,0.371664,0.669848,0
"locus139","locus227",1,1,1,NA,1,NA,1,1,1,0
"locus139","locus231",1,1,1,NA,1,NA,1,NA,1,0
"locus139","locus235",0.431796,0.746272,NA,NA,1,NA,1,1,0.56472,0
"locus139","locus236",0.176736,1,NA,NA,1,1,1,1,1,0
"locus139","locus237",0.805356,0.805356,NA,NA,1,NA,1,1,1,0
"locus139","locus239",1,1,NA,NA,1,1,0.995316,1,1,0
"locus139","locus248",1,1,NA,NA,1,NA,1,1,1,0
"locus139","locus256",1,1,NA,NA,1,NA,1,NA,1,0
"locus139","locus263",0.863448,1,1,NA,1,NA,1,NA,1,0
"locus139","locus264",1,1,1,NA,1,NA,0.097236,NA,1,0
"locus139","locus274",1,1,NA,NA,0.14101,NA,1,NA,1,0
"locus139","locus280",0.73868,0.61416,NA,NA,1,1,0.73868,NA,1,0
"locus139","locus282",1,1,NA,NA,1,NA,1,NA,1,0
"locus139","locus286",1,1,NA,NA,1,NA,1,NA,1,0
"locus139","locus291",1,1,NA,NA,0.71624,NA,1,NA,1,0
"locus139","locus292",1,1,NA,NA,1,NA,1,NA,1,0
"locus139","locus296",1,1,NA,NA,1,NA,1,NA,1,0
"locus139","locus301",0.724,1,NA,NA,0.71492,NA,1,NA,1,0
"locus139","locus314",1,1,NA,NA,1,NA,1,NA,1,0
"locus139","locus321",1,1,NA,NA,1,NA,1,NA,1,0
"locus139","locus322",1,1,NA,NA,1,NA,1,NA,1,0
"locus139","locus323",1,1,NA,NA,1,1,0.578808,NA,1,0
"locus139","locus329",1,1,NA,NA,1,NA,1,NA,1,0
"locus139","locus332",1,1,NA,NA,1,NA,1,NA,1,0
"locus139","locus358",0.899472,1,NA,NA,0.96958,NA,0.899472,NA,0.59274,0
"locus139","locus359",1,1,NA,NA,1,NA,1,NA,1,0
"locus139","locus360",0.46666,1,1,NA,1,NA,1,NA,0.1017,0
"locus140","locus146",1,1,NA,1,0.851808,NA,1,NA,1,0
"locus140","locus148",1,1,1,1,1,NA,0.140742,NA,1,0
"locus140","locus151",1,NA,NA,1,1,NA,1,NA,0.50565,0
"locus140","locus161",1,1,NA,1,1,NA,1,NA,0.368544,0
"locus140","locus165",1,1,NA,NA,1,NA,1,NA,1,0
"locus140","locus170",1,1,NA,1,0.169848,NA,1,NA,1,0
"locus140","locus176",0.870448,NA,NA,NA,0.870448,NA,0.870448,NA,0.870448,0
"locus140","locus184",1,1,NA,1,1,NA,0.554796,NA,1,0
"locus140","locus186",1,1,NA,1,1,NA,1,NA,1,0
"locus140","locus188",0.89981,1,NA,1,1,NA,0.47574,NA,1,0
"locus140","locus189",1,1,NA,NA,1,1,1,1,1,0
"locus140","locus190",1,0.441456,NA,NA,1,NA,1,1,1,0
"locus140","locus191",1,NA,NA,NA,1,NA,1,1,1,0
"locus140","locus192",1,1,NA,NA,0.71746,NA,0.566364,1,1,0
"locus140","locus195",1,0.598906,1,NA,1,NA,0.598906,1,1,0
"locus140","locus202",1,0.424716,NA,NA,1,NA,1,1,1,0
"locus140","locus215",0.28467,NA,NA,NA,0.28467,NA,0.666916,0.377064,0.666916,0
"locus140","locus227",1,1,1,NA,1,NA,1,1,1,0
"locus140","locus231",1,1,1,NA,1,NA,1,NA,1,0
"locus140","locus235",0.44664,0.752952,NA,NA,1,NA,1,1,0.57024,0
"locus140","locus236",0.174524,1,NA,NA,1,1,1,1,1,0
"locus140","locus237",0.797832,0.797832,NA,NA,1,NA,1,1,1,0
"locus140","locus239",1,1,NA,NA,1,1,1,1,1,0
"locus140","locus248",1,1,NA,NA,1,NA,1,1,1,0
"locus140","locus256",1,1,NA,NA,1,NA,1,NA,1,0
"locus140","locus263",0.879588,1,1,NA,1,NA,1,NA,1,0
"locus140","locus264",1,1,1,NA,1,NA,0.098868,NA,1,0
"locus140","locus274",1,1,NA,NA,0.13746,NA,1,NA,1,0
"locus140","locus280",0.586096,0.51273,NA,NA,1,NA,0.586096,NA,1,0
"locus140","locus282",1,1,NA,NA,1,NA,1,NA,1,0
"locus140","locus286",1,1,NA,NA,1,NA,1,NA,1,0
"locus140","locus291",1,1,NA,NA,0.71509,NA,1,NA,1,0
"locus140","locus292",1,1,NA,NA,1,NA,1,NA,1,0
"locus140","locus296",1,1,NA,NA,1,NA,1,NA,1,0
"locus140","locus301",0.721376,1,NA,NA,0.71189,NA,1,NA,1,0
"locus140","locus314",1,1,NA,NA,1,NA,1,NA,1,0
"locus140","locus321",1,1,NA,NA,1,NA,1,NA,1,0
"locus140","locus322",1,1,NA,NA,1,NA,1,NA,1,0
"locus140","locus323",1,1,NA,NA,1,NA,0.48296,NA,1,0
"locus140","locus329",1,1,NA,NA,1,NA,1,NA,1,0
"locus140","locus332",1,1,NA,NA,1,NA,1,NA,1,0
"locus140","locus358",0.91916,1,NA,NA,0.973484,NA,0.91916,NA,0.60033,0
"locus140","locus359",1,1,NA,NA,1,NA,1,NA,1,0
"locus140","locus360",0.4707,1,1,NA,1,NA,1,NA,0.098856,0
"locus146","locus148",1,1,1,1,1,NA,1,NA,1,0
"locus146","locus151",0.49135,NA,NA,1,0.579968,NA,1,NA,1,0
"locus146","locus157",1,NA,NA,NA,1,NA,1,NA,1,0
"locus146","locus161",1,1,NA,1,1,NA,0.42792,NA,1,0
"locus146","locus165",1,1,NA,NA,1,NA,1,NA,1,0
"locus146","locus170",1,1,NA,1,0.856308,NA,1,NA,1,0
"locus146","locus176",0.798216,NA,NA,NA,0.716874,NA,0.274976,NA,0.716874,0
"locus146","locus184",0.065196,0.95984,NA,1,1,NA,1,NA,1,0
"locus146","locus186",1,1,NA,1,1,NA,1,NA,1,0
"locus146","locus188",1,1,NA,1,1,NA,1,NA,1,0
"locus146","locus189",1,1,NA,NA,1,1,1,1,1,0
"locus146","locus190",1,1,NA,NA,1,NA,1,1,1,0
"locus146","locus191",1,NA,NA,NA,1,NA,1,1,1,0
"locus146","locus192",1,1,NA,NA,1,NA,1,1,1,0
"locus146","locus195",1,1,1,NA,1,1,1,1,1,0
"locus146","locus202",0.25666,1,NA,NA,1,NA,0.177204,1,0.66404,0
"locus146","locus215",1,NA,NA,NA,1,NA,0.16097,0.208816,0.208816,0
"locus146","locus227",1,1,1,NA,1,NA,1,1,1,0
"locus146","locus231",1,1,1,NA,1,NA,1,NA,0.485016,0
"locus146","locus235",0.474204,0.474204,NA,NA,1,NA,0.474204,1,1,0
"locus146","locus236",0.212128,1,NA,NA,1,1,1,1,1,0
"locus146","locus237",1,1,NA,NA,1,NA,1,1,1,0
"locus146","locus239",1,1,NA,NA,1,1,1,1,1,0
"locus146","locus248",1,1,NA,NA,1,NA,1,1,1,0
"locus146","locus256",0.09272,1,NA,NA,0.382536,NA,1,NA,1,0
"locus146","locus263",0.607836,1,1,NA,1,NA,1,NA,1,0
"locus146","locus264",1,1,1,NA,1,NA,1,NA,1,0
"locus146","locus274",1,0.944824,NA,NA,0.944824,NA,0.62127,NA,1,0
"locus146","locus280",1,1,NA,NA,1,NA,1,NA,1,0
"locus146","locus282",1,1,NA,NA,1,NA,1,NA,1,0
"locus146","locus286",0.86291,1,NA,NA,1,NA,0.86291,NA,0.86291,0
"locus146","locus291",1,1,NA,NA,1,NA,1,NA,1,0
"locus146","locus292",1,1,NA,NA,1,NA,1,NA,1,0
"locus146","locus296",0.6693,0.744472,NA,NA,1,NA,1,NA,1,0
"locus146","locus301",1,1,NA,NA,1,NA,1,NA,1,0
"locus146","locus314",1,0.858984,NA,NA,1,NA,1,NA,0.25859,0
"locus146","locus321",1,1,NA,NA,1,NA,1,NA,1,0
"locus146","locus322",1,1,NA,NA,1,NA,1,NA,0.90261,0
"locus146","locus323",1,1,NA,NA,1,NA,1,NA,1,0
"locus146","locus329",0.86801,0.86801,NA,NA,1,NA,1,NA,1,0
"locus146","locus332",1,1,NA,NA,1,NA,1,NA,1,0
"locus146","locus358",1,1,NA,NA,0.71662,NA,1,NA,1,0
"locus146","locus359",1,1,NA,NA,1,NA,1,NA,1,0
"locus146","locus360",1,1,1,NA,1,NA,1,NA,1,0
"locus148","locus151",1,NA,NA,1,1,NA,1,NA,0.79512,0
"locus148","locus157",1,NA,NA,NA,1,NA,1,NA,1,0
"locus148","locus161",1,1,NA,1,1,NA,1,NA,1,0
"locus148","locus165",1,1,NA,NA,1,NA,1,NA,1,0
"locus148","locus170",1,1,NA,1,1,NA,1,NA,1,0
"locus148","locus176",1,NA,NA,NA,1,NA,1,NA,1,0
"locus148","locus184",1,1,NA,1,1,NA,0.487836,NA,1,0
"locus148","locus186",1,1,NA,1,1,NA,1,NA,1,0
"locus148","locus188",1,1,NA,1,1,NA,1,NA,1,0
"locus148","locus189",1,1,NA,NA,1,1,1,1,1,0
"locus148","locus190",1,0.728364,NA,NA,1,NA,1,1,1,0
"locus148","locus191",0.06907,NA,NA,NA,1,NA,0.555904,1,1,0
"locus148","locus192",1,1,NA,NA,1,NA,1,1,0.672072,0
"locus148","locus195",0.124586,1,1,NA,1,NA,1,1,1,0
"locus148","locus202",1,1,NA,NA,1,NA,1,0.860172,1,0
"locus148","locus215",1,NA,NA,NA,0.49104,NA,1,1,1,0
"locus148","locus227",1,1,1,NA,1,NA,1,1,1,0
"locus148","locus231",0.688884,1,NA,NA,1,NA,0.08359,NA,0.08359,0
"locus148","locus235",0.112128,1,NA,NA,1,NA,1,1,1,0
"locus148","locus236",1,1,NA,NA,1,1,1,1,1,0
"locus148","locus237",1,0.105444,NA,NA,1,NA,1,1,0.87342,0
"locus148","locus239",1,1,NA,NA,1,1,0.187292,1,1,0
"locus148","locus248",0.501792,1,NA,NA,1,NA,1,1,1,0
"locus148","locus256",0.65996,1,NA,NA,1,NA,1,NA,1,0
"locus148","locus263",1,1,1,NA,1,NA,1,NA,1,0
"locus148","locus264",0.90521,0.654708,1,NA,1,NA,1,NA,1,0
"locus148","locus274",0.77908,0.77908,NA,NA,1,NA,1,NA,1,0
"locus148","locus280",1,1,NA,NA,1,NA,0.87929,NA,1,0
"locus148","locus282",1,1,NA,NA,1,NA,1,NA,1,0
"locus148","locus286",1,1,NA,NA,1,NA,0.75686,NA,1,0
"locus148","locus291",0.11354,1,NA,NA,1,NA,1,NA,1,0
"locus148","locus292",1,1,NA,NA,1,NA,1,NA,1,0
"locus148","locus296",1,1,NA,NA,1,NA,0.32396,NA,1,0
"locus148","locus301",1,0.52089,NA,NA,1,NA,1,NA,1,0
"locus148","locus314",1,1,NA,NA,1,NA,1,NA,1,0
"locus148","locus321",1,1,NA,NA,1,NA,1,NA,1,0
"locus148","locus322",1,1,NA,NA,1,NA,1,NA,1,0
"locus148","locus323",1,1,NA,NA,1,NA,1,NA,1,0
"locus148","locus329",1,1,NA,NA,1,NA,1,NA,1,0
"locus148","locus332",1,0.50075,NA,NA,1,NA,1,NA,1,0
"locus148","locus358",1,1,NA,NA,0.286,NA,0.493008,NA,0.493008,0
"locus148","locus359",0.07844,1,NA,NA,1,NA,1,NA,1,0
"locus151","locus157",1,NA,NA,NA,1,NA,1,NA,1,0
"locus151","locus165",0.627996,NA,NA,NA,1,NA,0.332808,NA,0.627996,0
"locus151","locus170",1,NA,NA,0.606318,1,NA,0.501592,NA,0.45655,0
"locus151","locus184",1,NA,NA,1,1,NA,1,NA,1,0
"locus151","locus186",1,NA,NA,1,1,NA,1,NA,0.80843,0
"locus151","locus188",1,NA,NA,1,0.98828,NA,1,NA,1,0
"locus151","locus189",1,NA,NA,NA,1,1,1,1,0.36138,0
"locus151","locus190",1,NA,NA,NA,1,NA,0.7583,1,1,0
"locus151","locus191",0.855354,NA,NA,NA,0.32533,NA,0.855354,1,0.493096,0
"locus151","locus192",1,NA,NA,NA,1,NA,1,1,1,0
"locus151","locus195",1,NA,1,NA,1,NA,1,1,1,0
"locus151","locus202",1,NA,NA,NA,1,NA,1,1,1,0
"locus151","locus215",1,NA,NA,NA,1,NA,1,1,1,0
"locus151","locus227",1,NA,1,NA,1,NA,1,1,0.854508,0
"locus151","locus231",1,NA,NA,NA,1,NA,1,NA,1,0
"locus151","locus235",1,NA,NA,NA,1,NA,1,1,1,0
"locus151","locus236",1,NA,NA,NA,1,1,1,1,1,0
"locus151","locus237",1,NA,NA,NA,1,NA,0.55086,1,1,0
"locus151","locus239",1,NA,NA,NA,1,1,1,1,1,0
"locus151","locus248",1,NA,NA,NA,0.579328,NA,0.33672,1,1,0
"locus151","locus256",1,NA,NA,NA,0.7888,NA,1,NA,1,0
"locus151","locus263",0.2014,NA,1,NA,1,NA,1,NA,1,0
"locus151","locus264",0.84885,NA,1,NA,1,NA,1,NA,1,0
"locus151","locus274",1,NA,NA,NA,1,NA,1,NA,1,0
"locus151","locus280",0.85448,NA,NA,NA,1,NA,1,NA,1,0
"locus151","locus282",1,NA,NA,NA,1,NA,1,NA,1,0
"locus151","locus286",1,NA,NA,NA,1,NA,0.538952,NA,1,0
"locus151","locus291",1,NA,NA,NA,1,NA,0.137016,NA,1,0
"locus151","locus292",0.908904,NA,NA,NA,1,NA,1,NA,0.908904,0
"locus151","locus296",0.205992,NA,NA,NA,0.61811,NA,0.405516,NA,0.405516,0
"locus151","locus301",1,NA,1,NA,1,NA,1,NA,0.38963,0
"locus151","locus314",0.778868,NA,NA,NA,0.190416,NA,0.573816,NA,1,0
"locus151","locus321",1,NA,NA,NA,1,NA,1,NA,1,0
"locus151","locus322",1,NA,NA,NA,1,NA,1,NA,1,0
"locus151","locus323",1,NA,NA,NA,1,NA,1,NA,1,0
"locus151","locus329",1,NA,NA,NA,1,1,1,NA,1,0
"locus151","locus332",0.501592,NA,NA,NA,1,NA,1,NA,1,0
"locus151","locus358",1,NA,NA,NA,1,NA,1,NA,0.118856,0
"locus151","locus359",0.396264,NA,NA,NA,1,NA,1,NA,1,0
"locus151","locus360",1,NA,NA,NA,1,NA,1,NA,1,0
"locus157","locus161",1,NA,NA,NA,1,NA,1,NA,1,0
"locus157","locus165",0.759152,NA,NA,NA,1,NA,1,NA,1,0
"locus157","locus170",1,NA,NA,NA,1,NA,1,NA,1,0
"locus157","locus176",1,NA,NA,NA,1,NA,1,NA,1,0
"locus157","locus184",1,NA,NA,NA,0.85887,NA,0.685168,NA,1,0
"locus157","locus186",1,NA,NA,NA,1,NA,1,NA,1,0
"locus157","locus188",1,NA,NA,NA,1,NA,1,NA,1,0
"locus157","locus189",0.20478,NA,NA,NA,1,NA,1,1,1,0
"locus157","locus190",1,NA,NA,NA,0.7217,NA,1,1,0.925216,0
"locus157","locus191",1,NA,NA,NA,1,NA,1,1,1,0
"locus157","locus192",0.831208,NA,NA,NA,1,NA,0.34098,1,1,0
"locus157","locus195",1,NA,1,NA,1,NA,1,1,1,0
"locus157","locus202",1,NA,NA,NA,0.71063,NA,1,1,1,0
"locus157","locus215",1,NA,1,NA,1,NA,1,1,1,0
"locus157","locus227",1,NA,1,NA,1,NA,1,1,1,0
"locus157","locus231",1,NA,NA,NA,1,NA,1,NA,1,0
"locus157","locus235",1,NA,NA,NA,0.70842,NA,1,1,1,0
"locus157","locus236",0.15319,NA,NA,NA,1,NA,1,1,0.774616,0
"locus157","locus237",0.20069,NA,NA,NA,0.576888,NA,0.799184,0.799184,0.576888,0
"locus157","locus239",1,NA,NA,NA,1,NA,0.28059,1,1,0
"locus157","locus248",1,NA,NA,NA,1,NA,1,1,1,0
"locus157","locus256",1,NA,NA,NA,1,NA,0.09228,NA,1,0
"locus157","locus263",0.20445,NA,1,NA,1,NA,1,NA,0.919128,0
"locus157","locus264",1,NA,NA,NA,1,NA,1,NA,1,0
"locus157","locus274",0.26228,NA,NA,NA,1,NA,1,NA,1,0
"locus157","locus280",1,NA,NA,NA,1,NA,0.800816,NA,1,0
"locus157","locus282",0.71772,NA,1,NA,0.71772,NA,0.71772,NA,0.71772,0
"locus157","locus286",0.82264,NA,NA,NA,1,NA,1,NA,1,0
"locus157","locus291",1,NA,NA,NA,1,NA,0.3928,NA,0.693852,0
"locus157","locus292",0.060552,NA,NA,NA,1,NA,1,NA,1,0
"locus157","locus296",1,NA,NA,NA,1,NA,1,NA,1,0
"locus157","locus301",1,NA,NA,NA,1,NA,0.939072,NA,1,0
"locus157","locus314",1,NA,NA,NA,0.85524,NA,0.070336,NA,1,0
"locus157","locus321",1,NA,NA,NA,1,NA,1,NA,0.710912,0
"locus157","locus322",1,NA,NA,NA,0.575848,NA,0.998766,NA,1,0
"locus157","locus323",0.398568,NA,NA,NA,0.85924,NA,0.263144,NA,0.85924,0
"locus157","locus329",0.931374,NA,NA,NA,1,NA,0.211488,NA,1,0
"locus157","locus332",1,NA,NA,NA,1,NA,0.270424,NA,1,0
"locus157","locus358",0.92673,NA,NA,NA,1,NA,0.657088,NA,1,0
"locus157","locus359",1,NA,NA,NA,1,NA,1,NA,1,0
"locus157","locus360",0.825248,NA,NA,NA,0.825248,NA,0.07032,NA,0.571404,0
"locus161","locus165",1,1,NA,NA,1,NA,1,NA,1,0
"locus161","locus170",1,1,1,1,1,NA,1,NA,1,0
"locus161","locus184",1,1,NA,1,1,NA,0.532524,NA,1,0
"locus161","locus186",1,0.786132,NA,1,1,NA,1,NA,0.786132,0
"locus161","locus188",0.85478,1,NA,1,1,1,0.640284,NA,0.487746,0
"locus161","locus189",1,1,NA,NA,1,NA,1,1,0.579084,0
"locus161","locus190",1,1,NA,NA,1,1,1,1,1,0
"locus161","locus191",1,NA,NA,NA,1,NA,1,1,0.35293,0
"locus161","locus192",1,1,NA,NA,1,NA,1,1,1,0
"locus161","locus195",1,1,1,NA,1,NA,1,1,1,0
"locus161","locus202",1,1,1,NA,1,NA,1,1,1,0
"locus161","locus215",1,NA,1,NA,1,NA,1,1,1,0
"locus161","locus227",1,1,1,NA,1,NA,1,1,1,0
"locus161","locus231",1,1,NA,NA,1,NA,1,NA,1,0
"locus161","locus235",1,0.815136,NA,NA,1,NA,1,1,1,0
"locus161","locus236",1,1,NA,NA,1,NA,1,1,1,0
"locus161","locus237",1,1,NA,NA,1,NA,0.769572,1,1,0
"locus161","locus239",1,1,NA,NA,1,NA,1,1,1,0
"locus161","locus248",1,1,NA,NA,1,NA,0.497592,1,1,0
"locus161","locus256",1,1,NA,NA,1,NA,1,NA,0.93689,0
"locus161","locus263",1,1,1,NA,1,NA,1,NA,1,0
"locus161","locus264",1,1,NA,NA,1,NA,1,NA,1,0
"locus161","locus274",0.26001,0.747424,NA,NA,1,NA,0.76653,NA,1,0
"locus161","locus280",0.9372,0.9372,NA,NA,1,NA,1,NA,1,0
"locus161","locus282",1,1,NA,NA,1,NA,1,NA,1,0
"locus161","locus286",1,1,NA,NA,0.71236,NA,1,NA,1,0
"locus161","locus291",0.65283,1,NA,NA,1,NA,1,NA,1,0
"locus161","locus292",1,0.17885,NA,NA,1,NA,1,NA,1,0
"locus161","locus296",1,1,NA,NA,1,NA,1,NA,1,0
"locus161","locus301",1,1,NA,NA,1,1,0.940116,NA,1,0
"locus161","locus314",0.34164,1,NA,NA,1,NA,1,NA,1,0
"locus161","locus321",1,0.438032,NA,NA,1,NA,0.0569,NA,1,0
"locus161","locus322",0.75292,1,NA,NA,1,NA,1,NA,1,0
"locus161","locus323",1,1,NA,NA,1,NA,1,NA,1,0
"locus161","locus329",1,1,NA,NA,1,NA,1,NA,1,0
"locus161","locus332",1,0.57355,NA,NA,1,NA,1,NA,1,0
"locus161","locus358",1,1,NA,NA,1,NA,1,NA,1,0
"locus161","locus359",1,1,NA,NA,1,NA,1,NA,1,0
"locus161","locus360",1,1,NA,NA,1,NA,1,NA,1,0
"locus165","locus170",1,1,1,NA,1,NA,0.899436,NA,1,0
"locus165","locus176",0.635192,NA,NA,NA,1,NA,1,NA,1,0
"locus165","locus184",1,1,NA,NA,1,NA,1,NA,1,0
"locus165","locus186",1,1,NA,NA,1,NA,1,NA,0.82508,0
"locus165","locus188",0.053544,0.74774,1,NA,1,NA,0.994408,NA,1,0
"locus165","locus189",1,1,NA,NA,1,NA,1,1,1,0
"locus165","locus190",1,0.54897,NA,NA,0.403908,NA,1,1,1,0
"locus165","locus191",1,NA,1,NA,0.99932,NA,0.990228,1,1,0
"locus165","locus192",0.51066,1,NA,NA,1,NA,1,1,1,0
"locus165","locus195",1,1,1,NA,1,NA,1,1,1,0
"locus165","locus202",1,1,1,NA,1,NA,1,1,1,0
"locus165","locus231",1,1,NA,NA,1,NA,0.41936,NA,1,0
"locus165","locus235",1,1,NA,NA,1,NA,1,1,1,0
"locus165","locus236",1,1,NA,NA,1,NA,1,1,1,0
"locus165","locus237",1,1,NA,NA,1,NA,0.227268,1,1,0
"locus165","locus239",1,1,NA,NA,1,NA,0.979824,1,1,0
"locus165","locus248",1,0.467208,NA,NA,1,NA,1,1,1,0
"locus165","locus256",1,1,NA,NA,1,1,0.635136,NA,0.635136,0
"locus165","locus263",1,1,NA,NA,1,NA,1,NA,1,0
"locus165","locus264",1,1,NA,NA,1,NA,1,NA,1,0
"locus165","locus274",1,0.2328,NA,NA,1,NA,1,NA,0.474456,0
"locus165","locus280",1,1,NA,NA,1,NA,1,NA,1,0
"locus165","locus282",0.25732,1,NA,NA,1,NA,0.402152,NA,1,0
"locus165","locus291",1,1,NA,NA,1,1,0.442704,NA,1,0
"locus165","locus292",1,1,NA,NA,1,NA,1,NA,1,0
"locus165","locus296",1,1,NA,NA,1,NA,1,NA,1,0
"locus165","locus301",0.79656,0.167892,NA,NA,0.79656,1,0.28572,NA,1,0
"locus165","locus314",1,1,NA,NA,1,NA,1,NA,0.53699,0
"locus165","locus321",1,1,NA,NA,1,NA,1,NA,1,0
"locus165","locus322",1,1,NA,NA,1,NA,1,NA,1,0
"locus165","locus323",1,1,NA,NA,1,NA,0.53348,NA,0.53348,0
"locus165","locus329",1,1,NA,NA,1,NA,1,NA,1,0
"locus165","locus332",1,1,NA,NA,1,NA,1,NA,1,0
"locus165","locus358",1,1,NA,NA,1,NA,1,NA,1,0
"locus165","locus359",1,0.56227,NA,NA,1,NA,1,NA,1,0
"locus165","locus360",0.65208,1,NA,NA,1,NA,1,NA,1,0
"locus170","locus176",0.802656,NA,NA,NA,0.855628,NA,0.855628,NA,0.802656,0
"locus170","locus184",1,0.66375,NA,1,1,NA,0.484548,NA,1,0
"locus170","locus186",1,1,NA,1,1,NA,1,NA,1,0
"locus170","locus188",1,1,NA,1,1,NA,1,1,0.905506,0
"locus170","locus189",0.40278,1,NA,NA,1,NA,0.285828,1,1,0
"locus170","locus190",1,1,NA,NA,1,NA,1,1,1,0
"locus170","locus191",1,NA,NA,NA,1,NA,1,1,1,0
"locus170","locus192",1,1,NA,NA,0.857136,NA,1,1,1,0
"locus170","locus195",1,1,1,NA,1,NA,1,1,1,0
"locus170","locus202",1,1,NA,NA,1,NA,1,1,0.528288,0
"locus170","locus215",0.28217,NA,NA,NA,0.28217,NA,1,1,0.605892,0
"locus170","locus227",1,1,1,NA,1,1,1,1,1,0
"locus170","locus235",1,0.64623,NA,NA,1,NA,0.602964,1,1,0
"locus170","locus236",0.63098,1,NA,NA,1,NA,0.233736,1,0.737664,0
"locus170","locus237",0.976068,0.976068,1,NA,1,NA,0.201376,1,1,0
"locus170","locus248",1,1,NA,NA,1,NA,0.227028,1,1,0
"locus170","locus256",1,1,1,NA,1,1,1,NA,0.8057,0
"locus170","locus263",1,0.27503,NA,NA,1,NA,1,NA,1,0
"locus170","locus264",1,1,NA,NA,1,NA,1,NA,1,0
"locus170","locus274",1,0.13113,NA,NA,0.13113,NA,1,NA,1,0
"locus170","locus280",1,0.314264,NA,NA,1,NA,1,NA,0.15595,0
"locus170","locus282",1,0.78525,NA,NA,0.78525,NA,0.78525,NA,1,0
"locus170","locus286",0.31585,1,NA,NA,1,NA,1,NA,1,0
"locus170","locus291",1,1,NA,NA,0.853044,1,1,NA,1,0
"locus170","locus292",1,1,NA,NA,1,NA,1,NA,1,0
"locus170","locus296",0.92699,1,NA,NA,1,NA,1,NA,0.92699,0
"locus170","locus301",1,1,NA,NA,0.852564,1,1,NA,0.852564,0
"locus170","locus314",1,1,NA,NA,1,NA,1,NA,1,0
"locus170","locus321",1,1,NA,NA,1,NA,1,NA,1,0
"locus170","locus322",1,1,NA,NA,1,NA,1,NA,1,0
"locus170","locus323",1,1,NA,NA,1,NA,1,NA,1,0
"locus170","locus329",1,0.35728,NA,NA,1,NA,0.35728,NA,0.35728,0
"locus170","locus332",1,1,NA,NA,1,NA,1,NA,1,0
"locus170","locus358",0.83527,1,NA,NA,1,NA,1,NA,1,0
"locus170","locus359",1,1,NA,NA,1,NA,1,NA,1,0
"locus170","locus360",0.849368,0.849368,NA,NA,0.849368,NA,0.08223,NA,0.849368,0
"locus176","locus184",1,NA,NA,NA,1,NA,0.901688,NA,1,0
"locus176","locus186",1,NA,NA,NA,1,NA,0.165768,NA,1,0
"locus176","locus188",0.19121,NA,NA,NA,1,NA,1,1,0.689632,0
"locus176","locus189",1,NA,NA,NA,1,NA,0.20042,1,1,0
"locus176","locus190",0.57411,NA,NA,NA,1,NA,1,1,1,0
"locus176","locus191",1,NA,NA,NA,1,NA,1,1,1,0
"locus176","locus192",1,NA,NA,NA,1,NA,1,1,1,0
"locus176","locus195",1,NA,1,NA,1,NA,1,1,1,0
"locus176","locus202",1,NA,NA,NA,1,NA,1,1,1,0
"locus176","locus215",1,NA,NA,NA,1,NA,1,1,1,0
"locus176","locus227",1,NA,1,NA,1,1,1,1,1,0
"locus176","locus231",1,NA,NA,NA,1,NA,1,NA,1,0
"locus176","locus235",1,NA,NA,NA,1,NA,1,1,1,0
"locus176","locus236",1,NA,NA,NA,1,NA,0.83863,1,1,0
"locus176","locus237",1,NA,1,NA,1,NA,0.286068,1,1,0
"locus176","locus239",1,NA,NA,NA,1,NA,1,0.33971,1,0
"locus176","locus248",0.246968,NA,NA,NA,0.433896,NA,0.630864,0.630864,0.22738,0
"locus176","locus256",1,NA,1,NA,1,1,1,NA,1,0
"locus176","locus263",1,NA,NA,NA,1,NA,1,NA,1,0
"locus176","locus264",0.747918,NA,NA,NA,0.747918,NA,0.244576,NA,0.747918,0
"locus176","locus274",1,NA,NA,NA,1,NA,1,NA,1,0
"locus176","locus280",1,NA,NA,NA,1,NA,1,NA,1,0
"locus176","locus282",1,NA,NA,NA,1,NA,1,NA,1,0
"locus176","locus286",1,NA,NA,NA,1,NA,1,NA,1,0
"locus176","locus291",1,NA,NA,NA,1,1,1,NA,1,0
"locus176","locus292",1,NA,NA,NA,1,NA,1,NA,1,0
"locus176","locus296",1,NA,NA,NA,1,NA,1,NA,1,0
"locus176","locus301",1,NA,NA,NA,1,1,0.51724,NA,1,0
"locus176","locus314",1,NA,NA,NA,1,NA,1,NA,1,0
"locus176","locus321",0.410712,NA,NA,NA,1,NA,1,NA,1,0
"locus176","locus322",1,NA,NA,NA,1,NA,0.326504,NA,1,0
"locus176","locus323",0.40736,NA,NA,NA,0.768984,NA,1,NA,1,0
"locus176","locus329",1,NA,NA,NA,1,NA,1,NA,0.356208,0
"locus176","locus332",0.916422,NA,NA,NA,0.115488,NA,0.916422,NA,0.916422,0
"locus176","locus358",1,NA,NA,NA,1,NA,1,NA,1,0
"locus176","locus359",0.92853,NA,NA,NA,1,NA,0.173352,NA,0.92853,0
"locus176","locus360",0.907936,NA,NA,NA,0.26316,NA,0.907936,NA,0.86589,0
"locus184","locus188",1,1,NA,1,1,NA,1,1,1,0
"locus184","locus189",1,1,NA,NA,1,NA,1,1,1,0
"locus184","locus190",1,1,NA,NA,1,NA,1,1,0.285984,0
"locus184","locus191",1,NA,NA,NA,1,NA,0.2437,1,1,0
"locus184","locus192",1,1,NA,NA,1,NA,1,1,1,0
"locus184","locus195",1,1,1,NA,1,NA,1,1,1,0
"locus184","locus202",0.965692,0.965692,NA,NA,0.70782,NA,0.5769,0.70782,0.798864,0
"locus184","locus215",0.43222,NA,NA,NA,1,NA,1,1,1,0
"locus184","locus227",1,1,1,NA,1,NA,0.055188,1,1,0
"locus184","locus231",1,1,1,NA,1,NA,1,NA,1,0
"locus184","locus235",0.379632,1,NA,NA,1,NA,0.85107,1,1,0
"locus184","locus236",1,0.36888,NA,NA,1,NA,1,1,0.156024,0
"locus184","locus237",0.378636,1,NA,NA,0.71621,NA,1,1,0.71621,0
"locus184","locus239",0.517992,1,NA,NA,1,NA,1,1,1,0
"locus184","locus248",1,1,NA,NA,1,NA,1,1,0.679512,0
"locus184","locus256",0.8545,0.8545,NA,NA,1,NA,1,NA,1,0
"locus184","locus263",1,0.72296,NA,NA,1,NA,0.72296,NA,1,0
"locus184","locus264",1,0.45715,NA,NA,1,NA,1,NA,1,0
"locus184","locus274",1,1,NA,NA,1,NA,1,NA,0.37396,0
"locus184","locus280",1,1,NA,NA,1,NA,1,NA,1,0
"locus184","locus282",1,0.06415,NA,NA,0.57136,NA,1,NA,1,0
"locus184","locus286",1,0.86405,NA,NA,1,NA,1,NA,1,0
"locus184","locus291",1,0.717056,NA,NA,1,NA,0.43197,NA,1,0
"locus184","locus292",0.869128,1,NA,NA,1,NA,1,NA,0.1138,0
"locus184","locus296",1,1,NA,NA,1,NA,1,NA,1,0
"locus184","locus301",1,1,NA,NA,1,1,1,NA,1,0
"locus184","locus314",1,1,NA,NA,1,NA,1,NA,1,0
"locus184","locus321",1,1,NA,NA,1,NA,1,NA,1,0
"locus184","locus322",0.867368,0.19887,NA,NA,0.99945,NA,0.99945,NA,0.99945,0
"locus184","locus323",1,1,NA,NA,1,1,1,NA,1,0
"locus184","locus329",1,1,NA,NA,1,NA,1,NA,1,0
"locus184","locus332",1,1,NA,NA,1,NA,1,NA,0.93961,0
"locus184","locus358",1,1,NA,NA,1,NA,0.06195,NA,1,0
"locus184","locus359",1,1,NA,NA,1,NA,1,NA,1,0
"locus184","locus360",1,1,1,NA,1,NA,1,NA,1,0
"locus186","locus188",1,1,NA,1,1,NA,1,1,1,0
"locus186","locus189",1,1,NA,NA,1,NA,1,1,1,0
"locus186","locus190",1,1,NA,NA,1,NA,1,1,1,0
"locus186","locus191",0.887666,NA,NA,NA,0.712644,NA,0.23629,0.712644,0.275768,0
"locus186","locus192",1,0.850764,NA,NA,0.850764,NA,0.975896,1,1,0
"locus186","locus195",0.059416,1,1,NA,1,NA,1,1,1,0
"locus186","locus202",1,1,NA,NA,1,NA,1,1,1,0
"locus186","locus215",0.68582,NA,NA,NA,1,NA,1,1,0.68582,0
"locus186","locus227",1,1,1,NA,1,NA,1,1,1,0
"locus186","locus231",1,1,1,NA,1,NA,0.713208,NA,1,0
"locus186","locus235",0.650676,1,NA,NA,1,NA,1,1,1,0
"locus186","locus236",1,0.711216,NA,NA,1,NA,1,1,1,0
"locus186","locus237",1,1,NA,NA,1,NA,1,1,1,0
"locus186","locus239",1,1,NA,NA,1,NA,1,1,1,0
"locus186","locus248",1,1,NA,NA,1,NA,0.8402,1,0.731448,0
"locus186","locus256",1,1,NA,NA,1,NA,1,NA,1,0
"locus186","locus263",1,0.55371,NA,NA,1,NA,1,NA,1,0
"locus186","locus264",1,1,NA,NA,1,NA,1,NA,0.82926,0
"locus186","locus274",1,0.6261,NA,NA,1,NA,0.6261,NA,1,0
"locus186","locus280",0.74272,0.74272,NA,NA,0.1396,NA,0.74272,NA,0.74272,0
"locus186","locus282",1,1,NA,NA,1,NA,1,NA,1,0
"locus186","locus286",1,1,NA,NA,1,NA,1,NA,0.60013,0
"locus186","locus291",1,1,NA,NA,1,NA,0.21098,NA,0.921776,0
"locus186","locus292",1,1,NA,NA,1,NA,1,NA,1,0
"locus186","locus296",1,0.85336,NA,NA,1,NA,1,NA,1,0
"locus186","locus301",1,0.539376,NA,NA,1,1,1,NA,1,0
"locus186","locus314",1,1,NA,NA,0.61134,NA,0.61134,NA,1,0
"locus186","locus321",1,1,NA,NA,1,NA,0.49333,NA,1,0
"locus186","locus323",1,1,NA,NA,1,NA,1,NA,0.12285,0
"locus186","locus332",1,0.1573,NA,NA,1,NA,1,NA,1,0
"locus186","locus358",1,1,NA,NA,1,NA,0.79716,NA,1,0
"locus186","locus359",0.79515,0.79515,NA,NA,1,NA,1,NA,1,0
"locus186","locus360",1,1,NA,NA,1,NA,1,NA,1,0
"locus188","locus189",1,1,NA,NA,1,NA,1,1,1,0
"locus188","locus191",1,NA,NA,NA,0.14639,NA,1,0.786296,0.786296,0
"locus188","locus192",1,1,NA,NA,1,NA,1,1,1,0
"locus188","locus195",1,1,1,NA,1,NA,0.257012,1,1,0
"locus188","locus202",1,1,NA,NA,1,NA,1,1,1,0
"locus188","locus215",1,NA,NA,NA,1,NA,0.72075,1,1,0
"locus188","locus227",1,1,1,NA,1,NA,1,1,1,0
"locus188","locus231",1,1,1,NA,1,NA,1,NA,1,0
"locus188","locus235",0.65454,1,NA,NA,1,NA,1,1,1,0
"locus188","locus236",1,1,NA,NA,1,NA,1,1,1,0
"locus188","locus237",1,1,NA,NA,1,NA,1,1,1,0
"locus188","locus239",1,0.49932,NA,NA,1,NA,0.688608,1,0.48672,0
"locus188","locus248",1,1,NA,NA,1,NA,0.800088,1,1,0
"locus188","locus256",1,0.2844,NA,NA,1,NA,0.2844,NA,0.898134,0
"locus188","locus263",1,1,NA,NA,1,NA,0.61351,NA,1,0
"locus188","locus264",1,1,NA,NA,1,NA,1,NA,0.59202,0
"locus188","locus274",0.76734,1,NA,NA,1,NA,1,NA,1,0
"locus188","locus280",0.853784,0.919488,NA,NA,0.72231,NA,0.919488,NA,0.853784,0
"locus188","locus282",0.76305,1,NA,NA,1,NA,0.76305,NA,1,0
"locus188","locus286",1,1,NA,NA,1,NA,1,NA,1,0
"locus188","locus291",1,1,NA,NA,1,NA,0.30992,NA,1,0
"locus188","locus296",0.26754,0.863632,NA,NA,0.863632,NA,0.863632,NA,0.863632,0
"locus188","locus301",1,1,NA,NA,1,1,1,NA,1,0
"locus188","locus314",1,1,NA,NA,0.71525,NA,1,NA,1,0
"locus188","locus321",0.21618,0.755024,NA,NA,1,NA,0.755024,NA,1,0
"locus188","locus322",1,1,NA,NA,1,NA,1,NA,1,0
"locus188","locus323",1,1,NA,NA,1,NA,1,NA,1,0
"locus188","locus332",1,1,NA,NA,1,NA,1,NA,1,0
"locus188","locus358",1,1,NA,NA,1,NA,1,NA,1,0
"locus188","locus359",1,1,NA,NA,1,NA,1,NA,1,0
"locus188","locus360",1,1,NA,NA,1,NA,1,NA,1,0
"locus189","locus190",1,1,NA,NA,1,NA,1,1,1,0
"locus189","locus191",0.62748,NA,NA,NA,0.855176,NA,0.75195,0.29686,0.855176,0
"locus189","locus192",1,1,NA,NA,1,NA,1,1,1,0
"locus189","locus195",1,1,1,NA,1,NA,1,1,1,0
"locus189","locus202",1,1,NA,NA,1,NA,0.172212,1,1,0
"locus189","locus215",0.34986,NA,NA,NA,1,NA,1,1,1,0
"locus189","locus227",1,1,1,NA,1,NA,1,1,1,0
"locus189","locus231",1,0.40748,NA,NA,1,NA,1,NA,0.14338,0
"locus189","locus235",1,1,NA,NA,1,1,1,1,1,0
"locus189","locus236",0.69133,1,NA,NA,1,NA,0.277968,1,1,0
"locus189","locus239",0.728328,1,NA,NA,1,NA,1,1,1,0
"locus189","locus248",1,1,NA,NA,1,NA,1,1,1,0
"locus189","locus256",1,1,NA,NA,1,NA,1,NA,0.19466,0
"locus189","locus263",1,1,NA,NA,1,NA,1,NA,1,0
"locus189","locus264",0.50572,1,NA,NA,1,NA,0.514064,NA,0.792018,0
"locus189","locus274",1,1,NA,NA,0.62169,NA,1,NA,1,0
"locus189","locus280",1,1,NA,NA,0.495832,NA,0.23249,NA,0.495832,0
"locus189","locus282",1,1,NA,NA,1,NA,1,NA,1,0
"locus189","locus286",1,1,NA,NA,1,NA,1,NA,1,0
"locus189","locus291",1,0.76668,NA,NA,1,NA,0.29182,NA,1,0
"locus189","locus292",0.672696,0.968268,NA,NA,1,NA,0.59166,NA,1,0
"locus189","locus296",1,0.36984,NA,NA,1,NA,1,NA,1,0
"locus189","locus301",1,1,NA,NA,1,NA,0.55563,NA,1,0
"locus189","locus314",1,1,1,1,1,NA,0.594412,NA,1,0
"locus189","locus321",0.12952,1,NA,NA,0.801544,NA,0.801544,NA,1,0
"locus189","locus322",1,1,NA,NA,1,NA,1,NA,1,0
"locus189","locus323",1,1,NA,NA,1,NA,0.31605,NA,1,0
"locus189","locus329",0.20648,0.870752,NA,NA,0.870752,NA,1,NA,1,0
"locus189","locus332",1,1,NA,NA,1,1,1,NA,0.399588,0
"locus189","locus358",1,1,NA,NA,1,NA,1,NA,1,0
"locus189","locus359",1,1,NA,NA,0.71423,NA,0.993864,NA,1,0
"locus189","locus360",1,1,NA,NA,1,NA,1,NA,1,0
"locus190","locus191",0.609328,NA,NA,NA,0.14058,NA,1,1,1,0
"locus190","locus192",0.071688,1,NA,NA,1,NA,1,1,1,0
"locus190","locus195",1,1,1,NA,1,NA,1,1,1,0
"locus190","locus202",1,1,NA,NA,1,NA,1,1,1,0
"locus190","locus215",0.59665,NA,NA,NA,1,NA,1,1,1,0
"locus190","locus227",1,1,1,NA,1,NA,1,1,1,0
"locus190","locus231",1,1,NA,NA,1,NA,0.86608,NA,1,0
"locus190","locus235",1,1,NA,NA,0.99078,1,1,1,1,0
"locus190","locus236",1,0.61441,NA,NA,1,NA,0.065784,1,1,0
"locus190","locus237",0.775578,0.947932,NA,NA,0.495248,NA,0.378012,0.947932,0.378012,0
"locus190","locus239",1,0.543588,NA,NA,1,NA,1,1,1,0
"locus190","locus248",1,0.88547,NA,NA,1,NA,0.53886,1,1,0
"locus190","locus256",1,1,NA,NA,0.99438,NA,1,NA,1,0
"locus190","locus263",1,1,NA,NA,1,NA,1,NA,1,0
"locus190","locus264",1,1,NA,NA,1,NA,1,NA,1,0
"locus190","locus274",1,1,NA,NA,1,NA,0.627352,NA,0.1974,0
"locus190","locus280",1,1,NA,NA,1,NA,1,NA,1,0
"locus190","locus282",1,1,NA,NA,0.63851,NA,1,NA,1,0
"locus190","locus286",1,0.859024,NA,NA,1,NA,1,NA,0.21075,0
"locus190","locus291",1,0.4817,NA,NA,1,NA,1,NA,1,0
"locus190","locus292",0.228952,0.08552,NA,NA,0.691656,NA,0.938852,NA,0.938852,0
"locus190","locus296",1,1,NA,NA,1,NA,1,NA,1,0
"locus190","locus301",0.8058,0.593742,NA,NA,0.496848,NA,0.873046,NA,0.272,0
"locus190","locus314",1,1,1,1,0.991102,NA,1,NA,1,0
"locus190","locus321",1,0.05031,NA,NA,0.705552,NA,0.705552,NA,1,0
"locus190","locus322",1,1,NA,NA,1,NA,1,NA,1,0
"locus190","locus329",1,1,NA,NA,1,NA,1,NA,1,0
"locus190","locus332",0.979644,1,NA,NA,1,1,1,NA,1,0
"locus190","locus358",1,1,NA,NA,1,NA,0.58833,NA,1,0
"locus190","locus359",0.558282,0.89928,NA,NA,0.855352,NA,0.32023,NA,0.32023,0
"locus190","locus360",1,1,NA,NA,1,NA,0.93612,NA,1,0
"locus191","locus192",1,NA,NA,NA,1,NA,1,0.48172,1,0
"locus191","locus195",1,NA,1,NA,1,NA,1,1,1,0
"locus191","locus202",1,NA,NA,NA,1,NA,1,1,1,0
"locus191","locus215",1,NA,NA,NA,1,NA,1,1,1,0
"locus191","locus227",1,NA,1,NA,1,NA,1,1,1,0
"locus191","locus231",1,NA,NA,NA,1,NA,1,NA,1,0
"locus191","locus235",1,NA,NA,NA,1,NA,1,1,1,0
"locus191","locus236",1,NA,NA,NA,1,NA,1,1,1,0
"locus191","locus237",0.853808,NA,NA,NA,1,NA,0.39008,1,1,0
"locus191","locus239",1,NA,NA,NA,1,NA,0.74148,1,1,0
"locus191","locus248",1,NA,NA,NA,1,NA,1,1,0.22708,0
"locus191","locus256",1,NA,NA,NA,0.65792,NA,1,NA,0.65792,0
"locus191","locus263",0.457144,NA,NA,NA,1,NA,1,NA,1,0
"locus191","locus274",0.757696,NA,NA,NA,1,NA,1,NA,1,0
"locus191","locus280",0.196194,NA,NA,NA,0.85378,NA,0.053208,NA,0.85378,0
"locus191","locus282",1,NA,NA,NA,1,NA,1,NA,1,0
"locus191","locus286",1,NA,NA,NA,1,NA,1,NA,1,0
"locus191","locus291",0.969184,NA,NA,NA,0.969184,NA,0.969184,NA,0.969184,0
"locus191","locus292",0.770638,NA,NA,NA,0.347568,NA,0.107192,NA,0.431252,0
"locus191","locus296",1,NA,NA,NA,1,NA,1,NA,1,0
"locus191","locus301",1,NA,NA,NA,1,NA,1,NA,1,0
"locus191","locus314",1,NA,1,NA,0.23168,NA,1,NA,1,0
"locus191","locus321",0.596184,NA,NA,NA,0.596184,NA,0.321496,NA,1,0
"locus191","locus322",0.438936,NA,NA,NA,0.860004,NA,0.143192,NA,1,0
"locus191","locus323",1,NA,NA,NA,1,NA,1,NA,1,0
"locus191","locus329",1,NA,NA,NA,1,NA,1,NA,0.489264,0
"locus191","locus332",0.948888,NA,NA,NA,1,NA,1,NA,1,0
"locus191","locus358",1,NA,NA,NA,1,NA,1,NA,1,0
"locus191","locus359",1,NA,NA,NA,1,NA,0.97236,NA,1,0
"locus191","locus360",1,NA,NA,NA,1,NA,1,NA,1,0
"locus192","locus195",1,1,1,NA,1,NA,1,1,1,0
"locus192","locus202",1,1,NA,NA,1,1,1,1,1,0
"locus192","locus215",1,NA,NA,NA,1,NA,1,0.71565,1,0
"locus192","locus227",1,1,1,NA,1,NA,1,1,1,0
"locus192","locus231",0.32324,1,NA,NA,1,NA,1,NA,0.932048,0
"locus192","locus235",1,0.37978,NA,NA,1,NA,0.291684,1,1,0
"locus192","locus236",0.915756,1,NA,NA,1,NA,1,1,1,0
"locus192","locus237",1,1,NA,NA,1,1,1,1,1,0
"locus192","locus239",1,1,NA,NA,0.851688,NA,1,1,1,0
"locus192","locus248",1,1,NA,NA,1,1,1,1,1,0
"locus192","locus256",0.91478,1,NA,NA,1,NA,1,NA,1,0
"locus192","locus263",1,1,NA,NA,1,NA,1,NA,1,0
"locus192","locus264",1,1,NA,NA,0.56836,NA,0.46553,NA,1,0
"locus192","locus274",1,1,NA,NA,1,NA,1,NA,1,0
"locus192","locus280",0.24099,1,NA,NA,1,NA,1,NA,0.754096,0
"locus192","locus282",1,1,NA,NA,1,NA,1,NA,1,0
"locus192","locus286",1,0.87393,NA,NA,1,NA,1,NA,1,0
"locus192","locus291",1,1,NA,NA,1,NA,1,NA,1,0
"locus192","locus292",1,1,NA,NA,1,NA,0.83092,NA,0.972664,0
"locus192","locus296",1,1,NA,NA,1,NA,1,NA,1,0
"locus192","locus301",1,1,1,NA,1,NA,1,NA,1,0
"locus192","locus314",1,0.81451,NA,NA,1,NA,1,NA,1,0
"locus192","locus321",1,0.158148,NA,NA,1,1,1,NA,0.66715,0
"locus192","locus322",0.932826,0.606056,NA,NA,1,NA,1,NA,0.53589,0
"locus192","locus323",1,1,NA,NA,1,NA,1,NA,1,0
"locus192","locus329",0.387852,0.825776,NA,NA,1,1,0.825776,NA,0.387852,0
"locus192","locus332",1,1,1,NA,1,NA,1,NA,1,0
"locus192","locus358",1,0.24316,NA,NA,1,NA,1,NA,0.520048,0
"locus192","locus359",1,1,NA,NA,1,NA,1,NA,1,0
"locus192","locus360",1,1,NA,NA,1,1,0.543612,NA,1,0
"locus195","locus202",1,0.977032,NA,NA,1,1,1,1,1,0
"locus195","locus215",1,NA,NA,NA,1,NA,1,1,1,0
"locus195","locus227",1,1,1,NA,1,NA,1,1,1,0
"locus195","locus231",1,1,NA,NA,1,NA,1,NA,1,0
"locus195","locus235",1,1,NA,NA,1,NA,1,1,1,0
"locus195","locus236",1,1,NA,NA,1,NA,1,1,1,0
"locus195","locus237",1,0.837522,NA,NA,1,1,1,1,1,0
"locus195","locus239",0.91416,1,NA,NA,1,NA,1,0.857652,0.91416,0
"locus195","locus248",1,1,NA,NA,0.65688,1,1,1,1,0
"locus195","locus256",1,0.23167,NA,NA,1,NA,1,NA,1,0
"locus195","locus263",1,1,NA,NA,1,NA,1,NA,1,0
"locus195","locus264",1,1,NA,NA,1,NA,1,NA,1,0
"locus195","locus274",1,0.49708,NA,NA,1,NA,1,NA,1,0
"locus195","locus280",1,1,NA,NA,1,1,0.193236,NA,1,0
"locus195","locus282",1,1,NA,NA,1,NA,1,NA,1,0
"locus195","locus286",1,1,NA,NA,1,NA,0.73638,NA,1,0
"locus195","locus291",0.99594,0.271216,NA,NA,1,NA,0.634356,NA,0.23357,0
"locus195","locus292",1,1,NA,NA,1,NA,1,NA,1,0
"locus195","locus296",1,1,NA,NA,1,NA,1,NA,1,0
"locus195","locus301",1,1,1,NA,1,NA,0.69588,NA,1,0
"locus195","locus314",1,1,NA,1,1,NA,1,NA,1,0
"locus195","locus321",1,1,NA,NA,1,1,1,NA,0.491124,0
"locus195","locus322",1,0.68472,NA,NA,0.797216,NA,1,NA,1,0
"locus195","locus323",1,1,NA,NA,1,NA,0.74648,NA,0.840448,0
"locus195","locus329",1,1,NA,NA,1,NA,1,NA,1,0
"locus195","locus332",0.589044,1,1,NA,1,NA,1,NA,1,0
"locus195","locus358",1,0.391784,NA,NA,1,NA,0.30758,NA,1,0
"locus195","locus359",1,1,NA,NA,1,NA,1,NA,1,0
"locus195","locus360",1,1,NA,NA,1,NA,1,NA,0.18181,0
"locus202","locus215",1,NA,NA,NA,1,NA,1,1,1,0
"locus202","locus227",1,1,1,NA,1,1,1,1,0.529136,0
"locus202","locus231",1,1,NA,NA,1,NA,1,NA,1,0
"locus202","locus235",1,1,NA,NA,0.857628,NA,0.89238,1,1,0
"locus202","locus236",1,1,NA,NA,1,NA,1,1,1,0
"locus202","locus237",1,1,NA,NA,1,NA,1,1,1,0
"locus202","locus239",1,1,NA,NA,1,NA,1,1,1,0
"locus202","locus256",1,0.14503,NA,NA,1,NA,1,NA,1,0
"locus202","locus263",1,0.26399,NA,NA,1,NA,1,NA,1,0
"locus202","locus264",1,1,NA,NA,1,NA,0.08021,NA,1,0
"locus202","locus274",0.81079,1,NA,NA,1,NA,1,NA,0.81079,0
"locus202","locus280",1,1,NA,NA,1,NA,1,NA,1,0
"locus202","locus282",1,1,NA,NA,1,NA,0.68373,NA,1,0
"locus202","locus286",0.721496,0.41559,NA,NA,1,NA,1,NA,1,0
"locus202","locus292",1,0.395288,NA,NA,1,NA,0.35013,NA,1,0
"locus202","locus296",1,1,NA,NA,0.23858,NA,1,NA,1,0
"locus202","locus301",0.541788,1,1,NA,1,NA,1,NA,1,0
"locus202","locus314",1,1,NA,1,1,NA,1,NA,1,0
"locus202","locus321",1,1,NA,NA,1,NA,1,NA,1,0
"locus202","locus322",1,1,NA,NA,1,NA,1,NA,1,0
"locus202","locus323",1,1,NA,NA,1,NA,1,NA,1,0
"locus202","locus329",1,1,NA,NA,1,NA,1,NA,1,0
"locus202","locus332",1,1,1,NA,1,NA,1,NA,1,0
"locus202","locus358",1,1,NA,NA,1,NA,0.16831,NA,1,0
"locus202","locus359",1,1,NA,NA,1,NA,0.19026,NA,1,0
"locus202","locus360",0.49482,1,NA,NA,1,NA,1,NA,1,0
"locus215","locus227",1,NA,1,NA,1,NA,1,1,1,0
"locus215","locus231",1,NA,NA,NA,1,NA,1,NA,1,0
"locus215","locus235",0.785144,NA,NA,NA,1,NA,1,1,0.62448,0
"locus215","locus236",1,NA,NA,NA,1,NA,1,1,1,0
"locus215","locus237",0.27606,NA,NA,NA,1,NA,0.433672,0.999606,1,0
"locus215","locus239",0.421256,NA,NA,NA,1,NA,0.30239,1,1,0
"locus215","locus248",1,NA,NA,NA,1,NA,1,1,0.71698,0
"locus215","locus256",1,NA,NA,NA,1,NA,1,NA,1,0
"locus215","locus263",1,NA,1,NA,0.7053,NA,1,NA,1,0
"locus215","locus264",1,NA,NA,NA,1,NA,0.305368,NA,1,0
"locus215","locus274",0.52518,NA,NA,NA,0.238184,NA,0.24147,NA,0.775586,0
"locus215","locus280",1,NA,NA,NA,1,NA,1,NA,1,0
"locus215","locus282",1,NA,NA,NA,1,NA,1,NA,1,0
"locus215","locus286",1,NA,NA,NA,1,NA,1,NA,1,0
"locus215","locus291",1,NA,NA,NA,1,NA,1,NA,1,0
"locus215","locus292",1,NA,NA,NA,1,NA,0.656752,NA,1,0
"locus215","locus296",1,NA,NA,NA,1,NA,1,NA,1,0
"locus215","locus301",1,NA,NA,NA,1,NA,0.276768,NA,1,0
"locus215","locus314",1,NA,NA,NA,1,NA,1,NA,1,0
"locus215","locus321",0.987474,NA,NA,NA,0.987474,NA,0.898368,NA,0.987474,0
"locus215","locus322",1,NA,NA,NA,1,NA,0.062904,NA,0.847686,0
"locus215","locus323",1,NA,NA,NA,1,1,0.51838,NA,1,0
"locus215","locus329",0.954032,NA,NA,NA,1,NA,1,NA,0.954032,0
"locus215","locus332",1,NA,1,NA,1,NA,1,NA,1,0
"locus215","locus358",0.415904,NA,NA,NA,0.62826,NA,0.62826,NA,1,0
"locus215","locus359",0.206408,NA,NA,NA,1,NA,1,NA,1,0
"locus227","locus231",1,1,NA,NA,1,NA,0.63159,NA,1,0
"locus227","locus235",1,0.647568,NA,NA,1,NA,1,1,1,0
"locus227","locus236",1,1,NA,NA,1,NA,1,0.853296,1,0
"locus227","locus237",1,1,NA,NA,1,NA,1,1,1,0
"locus227","locus239",1,1,NA,NA,1,NA,1,1,1,0
"locus227","locus248",1,1,NA,NA,1,NA,1,1,1,0
"locus227","locus256",1,0.18163,NA,NA,1,NA,1,NA,1,0
"locus227","locus263",1,1,NA,NA,1,NA,1,NA,1,0
"locus227","locus264",1,1,1,NA,1,NA,1,NA,1,0
"locus227","locus274",0.08343,0.753126,NA,NA,1,NA,1,NA,0.564328,0
"locus227","locus280",1,0.68789,NA,NA,1,NA,1,NA,1,0
"locus227","locus282",1,1,NA,NA,1,NA,1,NA,1,0
"locus227","locus286",0.22247,1,NA,NA,1,NA,1,NA,1,0
"locus227","locus291",0.09485,1,NA,NA,1,NA,1,NA,1,0
"locus227","locus292",1,1,NA,NA,1,NA,1,NA,0.32654,0
"locus227","locus296",0.89524,1,NA,NA,1,NA,1,NA,0.83047,0
"locus227","locus301",0.546576,1,NA,NA,1,NA,1,NA,0.38232,0
"locus227","locus314",1,1,NA,1,1,NA,1,NA,1,0
"locus227","locus321",1,0.88565,NA,NA,1,NA,1,NA,1,0
"locus227","locus322",1,1,NA,NA,1,NA,1,NA,1,0
"locus227","locus323",1,1,NA,NA,1,1,1,NA,1,0
"locus227","locus329",1,1,NA,NA,1,NA,1,NA,1,0
"locus227","locus332",1,1,NA,NA,1,NA,1,NA,1,0
"locus227","locus358",1,1,NA,NA,1,NA,1,NA,1,0
"locus227","locus359",1,1,NA,NA,1,NA,1,NA,1,0
"locus227","locus360",0.86892,1,NA,NA,1,NA,1,NA,1,0
"locus231","locus235",1,1,NA,NA,1,NA,1,NA,1,0
"locus231","locus236",1,1,NA,NA,1,NA,1,NA,1,0
"locus231","locus237",0.40352,0.40352,NA,NA,1,NA,1,NA,1,0
"locus231","locus239",1,1,NA,NA,1,NA,1,NA,1,0
"locus231","locus248",1,1,NA,NA,1,NA,1,NA,1,0
"locus231","locus256",0.229344,0.533032,NA,NA,0.14225,NA,0.5908,NA,0.40665,0
"locus231","locus263",1,1,NA,NA,1,NA,1,NA,1,0
"locus231","locus264",1,1,1,NA,1,NA,1,NA,1,0
"locus231","locus274",1,1,NA,NA,1,NA,0.8608,NA,1,0
"locus231","locus282",1,1,NA,NA,1,NA,1,NA,1,0
"locus231","locus286",0.839304,1,NA,NA,1,NA,0.75949,NA,1,0
"locus231","locus291",1,1,NA,NA,1,NA,1,NA,1,0
"locus231","locus292",1,0.5601,NA,NA,1,NA,1,NA,0.841064,0
"locus231","locus296",1,1,NA,NA,1,NA,1,NA,1,0
"locus231","locus301",1,1,NA,NA,1,NA,1,NA,1,0
"locus231","locus321",1,0.884192,NA,NA,1,NA,0.26435,NA,1,0
"locus231","locus322",1,1,NA,NA,1,NA,0.28646,NA,1,0
"locus231","locus323",1,1,NA,NA,1,NA,1,NA,1,0
"locus231","locus329",0.33039,1,NA,NA,1,NA,1,NA,1,0
"locus231","locus359",1,1,NA,NA,1,NA,1,NA,1,0
"locus231","locus360",1,0.43939,NA,NA,1,NA,1,NA,1,0
"locus235","locus236",1,1,NA,NA,1,NA,1,1,1,0
"locus235","locus237",0.959226,0.208908,NA,NA,0.71956,NA,1,1,0.759328,0
"locus235","locus239",0.24192,1,NA,NA,1,NA,1,1,1,0
"locus235","locus248",0.164556,1,NA,NA,0.855318,NA,0.59618,1,0.644712,0
"locus235","locus256",1,0.2809,NA,NA,1,NA,1,NA,1,0
"locus235","locus263",1,1,NA,NA,1,NA,1,NA,1,0
"locus235","locus264",1,1,NA,NA,1,NA,1,NA,1,0
"locus235","locus274",1,1,NA,NA,1,1,1,NA,1,0
"locus235","locus280",1,0.1481,NA,NA,1,NA,0.640448,NA,1,0
"locus235","locus282",1,1,1,NA,0.871512,NA,1,NA,1,0
"locus235","locus286",0.31284,0.071172,NA,NA,1,1,1,NA,1,0
"locus235","locus291",1,1,NA,NA,1,NA,1,NA,1,0
"locus235","locus292",1,0.793044,NA,NA,1,1,1,NA,1,0
"locus235","locus296",1,0.27747,NA,NA,1,NA,1,NA,0.27747,0
"locus235","locus301",1,1,NA,NA,1,NA,1,NA,1,0
"locus235","locus314",1,0.98792,NA,NA,1,NA,1,NA,1,0
"locus235","locus321",1,1,NA,NA,1,NA,1,NA,1,0
"locus235","locus322",1,1,NA,NA,0.71026,NA,1,NA,1,0
"locus235","locus323",0.37622,1,NA,NA,1,NA,1,NA,1,0
"locus235","locus329",0.53186,0.759728,NA,NA,1,NA,1,NA,1,0
"locus235","locus332",1,1,NA,NA,1,NA,1,NA,0.57291,0
"locus235","locus358",1,1,NA,NA,1,NA,1,NA,1,0
"locus235","locus359",1,0.74492,NA,NA,1,NA,0.73046,NA,1,0
"locus235","locus360",1,1,1,NA,1,NA,1,NA,1,0
"locus236","locus237",1,1,NA,NA,1,NA,0.332652,1,1,0
"locus236","locus239",1,1,NA,NA,1,NA,1,1,1,0
"locus236","locus248",0.88284,1,NA,NA,1,NA,1,1,1,0
"locus236","locus256",0.10098,1,NA,NA,1,1,1,NA,1,0
"locus236","locus263",1,1,NA,NA,1,NA,1,NA,1,0
"locus236","locus264",0.1083,1,NA,NA,1,NA,1,NA,1,0
"locus236","locus274",1,1,NA,NA,1,1,0.55788,NA,1,0
"locus236","locus280",0.55139,1,NA,NA,1,NA,1,NA,1,0
"locus236","locus282",1,1,1,NA,1,NA,1,NA,1,0
"locus236","locus286",1,1,NA,NA,1,1,1,NA,1,0
"locus236","locus291",0.787072,0.679926,NA,NA,0.58563,NA,0.58563,NA,0.679926,0
"locus236","locus292",1,1,NA,NA,0.348492,1,1,NA,1,0
"locus236","locus296",1,1,NA,NA,1,NA,1,NA,1,0
"locus236","locus301",1,1,NA,NA,1,NA,1,NA,1,0
"locus236","locus314",1,1,NA,NA,1,NA,1,NA,1,0
"locus236","locus322",1,1,NA,NA,1,NA,1,NA,1,0
"locus236","locus323",0.69109,1,NA,NA,1,NA,1,NA,1,0
"locus236","locus329",1,1,NA,NA,1,NA,1,NA,1,0
"locus236","locus332",0.20144,1,NA,NA,1,NA,1,NA,1,0
"locus236","locus358",1,1,NA,NA,1,NA,1,NA,1,0
"locus236","locus359",1,0.7055,NA,NA,1,NA,1,NA,1,0
"locus236","locus360",0.21012,0.21012,NA,NA,1,NA,0.21012,NA,1,0
"locus237","locus239",1,1,NA,NA,1,NA,0.4104,1,1,0
"locus237","locus248",1,0.661284,NA,NA,0.71669,NA,0.909616,1,1,0
"locus237","locus256",1,0.3671,NA,NA,1,NA,1,NA,1,0
"locus237","locus263",1,1,NA,NA,1,NA,1,NA,1,0
"locus237","locus264",1,1,NA,NA,1,NA,1,NA,1,0
"locus237","locus274",0.6324,1,NA,NA,1,1,1,NA,0.6324,0
"locus237","locus282",0.18584,1,1,NA,0.05322,NA,0.503376,NA,1,0
"locus237","locus286",0.983676,1,NA,NA,1,1,1,NA,1,0
"locus237","locus291",0.473328,1,NA,NA,0.19068,NA,0.18337,NA,1,0
"locus237","locus292",0.837156,0.837156,NA,NA,1,1,1,NA,1,0
"locus237","locus296",0.79594,1,NA,NA,1,NA,0.900392,NA,1,0
"locus237","locus301",1,1,NA,NA,0.60697,NA,1,NA,1,0
"locus237","locus314",1,1,NA,NA,1,NA,1,NA,1,0
"locus237","locus321",1,1,NA,NA,1,NA,1,NA,1,0
"locus237","locus322",1,1,NA,NA,1,NA,1,NA,1,0
"locus237","locus323",1,1,NA,NA,1,NA,0.76608,NA,1,0
"locus237","locus329",0.19589,1,NA,NA,1,NA,0.284816,NA,1,0
"locus237","locus332",1,0.54164,NA,NA,1,NA,1,NA,1,0
"locus237","locus359",0.820536,0.820536,NA,NA,1,NA,0.575368,NA,0.33726,0
"locus237","locus360",0.663512,0.30377,NA,NA,1,NA,1,NA,1,0
"locus239","locus248",0.57092,1,NA,NA,1,NA,0.463968,0.57092,1,0
"locus239","locus256",0.98219,1,NA,NA,1,NA,1,NA,1,0
"locus239","locus263",1,1,NA,NA,1,NA,1,NA,1,0
"locus239","locus264",1,0.981648,NA,NA,0.14327,NA,0.981648,NA,0.981648,0
"locus239","locus280",1,1,NA,NA,1,NA,1,NA,1,0
"locus239","locus282",1,1,1,NA,1,NA,1,NA,1,0
"locus239","locus286",0.321032,0.22038,NA,NA,1,1,0.22038,NA,1,0
"locus239","locus291",1,1,NA,NA,1,NA,1,NA,1,0
"locus239","locus292",1,1,NA,NA,1,1,1,NA,1,0
"locus239","locus296",1,1,NA,NA,0.71487,NA,1,NA,1,0
"locus239","locus301",1,0.63341,NA,NA,0.63341,NA,1,NA,1,0
"locus239","locus314",1,1,NA,NA,1,NA,1,NA,1,0
"locus239","locus321",1,0.92573,NA,NA,1,NA,1,NA,1,0
"locus239","locus322",1,1,NA,NA,1,NA,1,NA,1,0
"locus239","locus323",1,1,NA,NA,1,NA,0.80488,NA,1,0
"locus239","locus329",1,1,NA,NA,1,1,1,NA,1,0
"locus239","locus332",1,0.825498,NA,NA,0.70833,NA,1,NA,0.77872,0
"locus239","locus358",0.17222,0.727328,NA,NA,1,NA,1,NA,1,0
"locus239","locus359",0.82642,1,NA,NA,1,NA,1,NA,1,0
"locus239","locus360",1,1,NA,NA,1,NA,1,NA,0.95555,0
"locus248","locus256",1,1,NA,NA,1,NA,0.79795,NA,1,0
"locus248","locus263",1,1,NA,NA,1,NA,1,NA,1,0
"locus248","locus264",1,1,NA,NA,1,NA,1,NA,1,0
"locus248","locus274",1,1,NA,NA,1,1,1,NA,1,0
"locus248","locus280",0.827718,0.60436,NA,NA,1,NA,0.728352,NA,1,0
"locus248","locus286",1,1,NA,NA,1,1,1,NA,1,0
"locus248","locus291",1,1,NA,NA,1,NA,1,NA,1,0
"locus248","locus292",1,1,NA,NA,1,1,1,NA,1,0
"locus248","locus296",1,0.77447,NA,NA,1,NA,1,NA,1,0
"locus248","locus301",1,0.11294,NA,NA,1,NA,1,NA,1,0
"locus248","locus314",1,1,NA,NA,1,NA,0.90841,NA,1,0
"locus248","locus321",1,1,NA,NA,1,NA,1,NA,1,0
"locus248","locus322",1,1,NA,NA,0.72769,NA,1,NA,1,0
"locus248","locus323",1,1,NA,NA,1,NA,0.5559,NA,1,0
"locus248","locus329",1,1,NA,NA,1,NA,1,NA,1,0
"locus248","locus332",1,0.53859,NA,NA,0.56744,NA,0.577812,NA,1,0
"locus248","locus358",1,1,NA,NA,1,NA,1,NA,1,0
"locus248","locus359",1,1,NA,NA,1,NA,1,NA,1,0
"locus248","locus360",1,1,NA,NA,1,1,1,NA,1,0
"locus256","locus263",1,0.12944,NA,NA,1,NA,1,NA,1,0
"locus256","locus264",1,0.69483,NA,NA,1,NA,1,NA,1,0
"locus256","locus274",1,1,NA,NA,1,1,1,NA,1,0
"locus256","locus280",0.655504,0.333192,NA,NA,1,1,1,NA,0.42124,0
"locus256","locus282",1,0.708948,1,NA,1,NA,1,NA,1,0
"locus256","locus286",1,0.3322,NA,NA,1,1,1,NA,0.104124,0
"locus256","locus291",0.424284,1,NA,NA,1,1,1,NA,1,0
"locus256","locus292",1,1,NA,NA,1,1,1,NA,1,0
"locus256","locus296",1,1,NA,NA,1,NA,0.7999,NA,1,0
"locus256","locus301",0.70956,1,NA,NA,1,NA,1,NA,1,0
"locus256","locus314",1,1,NA,NA,1,NA,0.84364,NA,1,0
"locus256","locus321",1,1,NA,NA,1,NA,1,NA,1,0
"locus256","locus322",1,1,NA,NA,0.99407,NA,1,NA,1,0
"locus256","locus323",0.51149,1,NA,NA,1,NA,1,NA,0.864264,0
"locus256","locus329",1,1,NA,NA,1,NA,1,NA,1,0
"locus256","locus332",1,0.65644,NA,NA,1,NA,1,NA,1,0
"locus256","locus358",1,0.84773,NA,NA,1,NA,1,NA,1,0
"locus256","locus359",0.84103,1,NA,NA,1,NA,1,NA,1,0
"locus256","locus360",0.06034,0.795568,NA,NA,1,NA,0.2386,NA,0.374832,0
"locus263","locus264",0.397544,1,NA,NA,1,NA,0.36773,NA,1,0
"locus263","locus274",1,0.75945,NA,NA,1,NA,1,NA,1,0
"locus263","locus280",0.641844,1,NA,NA,1,1,1,NA,1,0
"locus263","locus282",1,1,1,NA,1,NA,1,NA,1,0
"locus263","locus286",1,1,NA,NA,1,NA,1,NA,1,0
"locus263","locus291",1,1,NA,NA,1,NA,1,NA,1,0
"locus263","locus292",1,1,NA,NA,1,NA,1,NA,1,0
"locus263","locus296",1,0.78882,NA,NA,1,NA,0.878008,NA,1,0
"locus263","locus301",1,0.75189,NA,NA,1,NA,1,NA,1,0
"locus263","locus314",1,1,NA,NA,1,NA,1,NA,1,0
"locus263","locus321",1,1,NA,NA,1,NA,1,NA,0.99424,0
"locus263","locus322",1,1,NA,NA,1,NA,1,NA,1,0
"locus263","locus323",1,1,NA,NA,1,1,1,NA,1,0
"locus263","locus329",1,0.38895,NA,NA,1,NA,1,NA,1,0
"locus263","locus332",1,1,NA,NA,1,NA,1,NA,1,0
"locus263","locus358",1,1,NA,NA,1,NA,1,NA,1,0
"locus263","locus359",1,1,NA,NA,1,NA,1,NA,1,0
"locus263","locus360",1,1,NA,NA,0.71795,NA,1,NA,1,0
"locus264","locus274",0.82848,1,NA,NA,1,NA,1,NA,0.46721,0
"locus264","locus280",0.85404,0.644424,NA,NA,1,1,1,NA,1,0
"locus264","locus282",0.68476,1,NA,NA,1,NA,1,NA,1,0
"locus264","locus286",1,1,NA,NA,1,NA,1,NA,1,0
"locus264","locus292",0.28951,1,NA,NA,1,NA,1,NA,1,0
"locus264","locus296",0.155424,0.11165,NA,NA,0.431454,NA,0.431454,NA,0.533076,0
"locus264","locus301",1,0.11677,NA,NA,0.572464,NA,1,NA,1,0
"locus264","locus314",1,1,NA,NA,1,NA,1,NA,1,0
"locus264","locus321",1,0.44244,NA,NA,1,NA,1,NA,1,0
"locus264","locus322",1,0.653352,NA,NA,1,NA,0.1688,NA,1,0
"locus264","locus323",1,1,NA,NA,1,1,1,NA,1,0
"locus264","locus329",1,1,NA,NA,1,NA,1,NA,1,0
"locus264","locus332",1,0.21012,NA,NA,0.570032,NA,1,NA,1,0
"locus264","locus358",1,1,NA,NA,1,NA,0.52643,NA,1,0
"locus264","locus359",1,1,NA,NA,1,NA,1,NA,1,0
"locus264","locus360",0.775278,0.3768,NA,NA,0.775278,NA,0.16538,NA,0.938316,0
"locus274","locus280",0.847672,1,NA,NA,0.945444,NA,0.4941,NA,1,0
"locus274","locus282",1,1,NA,NA,1,NA,1,NA,1,0
"locus274","locus286",1,0.89383,NA,NA,1,NA,1,NA,1,0
"locus274","locus291",1,1,NA,NA,1,NA,1,NA,1,0
"locus274","locus292",1,1,NA,NA,1,NA,1,NA,1,0
"locus274","locus296",0.93168,1,NA,NA,1,NA,1,NA,1,0
"locus274","locus301",1,1,1,NA,1,NA,1,NA,1,0
"locus274","locus314",1,1,NA,NA,1,NA,1,NA,1,0
"locus274","locus321",1,1,NA,NA,1,NA,0.69971,NA,1,0
"locus274","locus323",1,1,NA,NA,1,NA,0.729768,NA,0.2475,0
"locus274","locus329",0.68409,1,NA,NA,1,NA,1,NA,1,0
"locus274","locus332",0.51476,1,NA,NA,1,NA,0.20883,NA,1,0
"locus274","locus358",1,1,NA,NA,1,NA,1,NA,1,0
"locus274","locus359",0.74716,0.68667,NA,NA,1,NA,1,NA,1,0
"locus274","locus360",1,1,NA,NA,0.96672,NA,0.96672,NA,1,0
"locus280","locus282",1,1,NA,NA,1,NA,1,NA,1,0
"locus280","locus286",1,1,NA,NA,1,NA,1,NA,1,0
"locus280","locus291",1,0.83829,NA,NA,1,NA,1,NA,1,0
"locus280","locus292",1,1,NA,NA,1,NA,1,NA,0.25852,0
"locus280","locus296",1,0.58822,NA,NA,1,NA,1,NA,0.749336,0
"locus280","locus301",0.31824,1,1,NA,1,NA,1,NA,1,0
"locus280","locus314",1,1,NA,NA,1,NA,1,NA,1,0
"locus280","locus321",1,1,NA,NA,1,NA,0.23617,NA,1,0
"locus280","locus322",0.42132,1,NA,NA,1,NA,1,NA,1,0
"locus280","locus323",1,0.77922,NA,NA,1,NA,1,NA,1,0
"locus280","locus329",1,1,NA,NA,1,NA,1,NA,1,0
"locus280","locus332",0.20484,0.952848,NA,NA,1,NA,0.952848,NA,1,0
"locus280","locus358",0.94131,0.714824,NA,NA,0.94131,NA,0.96672,NA,0.37896,0
"locus280","locus359",1,1,NA,NA,1,NA,1,NA,1,0
"locus280","locus360",1,1,NA,NA,1,NA,1,NA,1,0
"locus282","locus286",0.63219,0.63219,NA,NA,1,NA,1,NA,0.63219,0
"locus282","locus291",0.649782,1,NA,NA,0.23747,NA,0.45668,NA,1,0
"locus282","locus292",1,1,NA,NA,1,NA,1,NA,1,0
"locus282","locus296",1,1,NA,NA,1,NA,1,NA,1,0
"locus282","locus301",1,1,1,NA,0.733896,NA,0.82921,NA,1,0
"locus282","locus314",1,0.4635,NA,NA,1,NA,1,NA,1,0
"locus282","locus322",1,1,NA,NA,1,NA,1,NA,0.13057,0
"locus282","locus323",0.934506,0.860168,NA,NA,0.934506,NA,0.934506,NA,0.21715,0
"locus282","locus329",0.93597,1,NA,NA,1,NA,1,NA,1,0
"locus282","locus332",0.39043,0.84195,NA,NA,0.84195,NA,0.391688,NA,0.84195,0
"locus282","locus358",1,0.08189,NA,NA,1,NA,1,NA,1,0
"locus282","locus359",0.32948,0.455192,NA,NA,1,NA,0.455192,NA,1,0
"locus282","locus360",1,1,NA,NA,1,NA,0.05668,NA,1,0
"locus286","locus291",0.47838,1,NA,NA,1,NA,1,NA,1,0
"locus286","locus292",1,1,NA,NA,1,NA,1,NA,1,0
"locus286","locus296",1,1,NA,NA,1,NA,0.96903,NA,1,0
"locus286","locus301",1,1,NA,NA,1,NA,0.88925,NA,1,0
"locus286","locus314",1,1,NA,NA,1,NA,1,NA,0.27515,0
"locus286","locus321",1,1,NA,NA,1,NA,1,NA,1,0
"locus286","locus322",1,1,NA,NA,1,NA,1,NA,0.16572,0
"locus286","locus323",1,1,NA,NA,1,NA,1,NA,0.11114,0
"locus286","locus329",1,1,NA,NA,1,1,1,NA,1,0
"locus286","locus332",1,1,NA,NA,1,NA,1,NA,1,0
"locus286","locus358",0.975536,0.65584,NA,NA,1,NA,1,NA,1,0
"locus286","locus359",1,0.46402,NA,NA,1,NA,1,NA,1,0
"locus286","locus360",1,1,1,NA,1,NA,1,NA,0.467196,0
"locus291","locus292",1,0.94844,NA,NA,1,NA,1,NA,1,0
"locus291","locus296",1,1,NA,NA,1,NA,1,NA,1,0
"locus291","locus301",1,1,NA,NA,0.46748,NA,1,NA,1,0
"locus291","locus314",0.874404,0.844792,NA,NA,1,NA,0.42172,NA,1,0
"locus291","locus321",0.40976,0.951912,NA,NA,0.951912,NA,0.951912,NA,0.951912,0
"locus291","locus322",1,1,NA,NA,1,NA,1,NA,1,0
"locus291","locus323",1,1,NA,NA,1,NA,1,NA,1,0
"locus291","locus329",1,1,NA,NA,1,NA,1,NA,1,0
"locus291","locus332",1,1,NA,NA,1,NA,0.16775,NA,1,0
"locus291","locus358",1,1,NA,NA,1,NA,1,NA,1,0
"locus291","locus359",1,1,NA,NA,1,NA,1,NA,1,0
"locus291","locus360",1,1,1,NA,1,NA,1,NA,1,0
"locus292","locus296",1,1,NA,NA,1,NA,1,NA,1,0
"locus292","locus301",0.356168,1,NA,NA,1,NA,1,NA,0.32706,0
"locus292","locus314",1,1,NA,NA,1,NA,1,NA,1,0
"locus292","locus321",0.98632,1,NA,NA,1,NA,1,NA,1,0
"locus292","locus322",1,0.783996,NA,NA,1,1,1,NA,1,0
"locus292","locus323",1,1,NA,NA,1,NA,1,NA,1,0
"locus292","locus329",1,1,NA,NA,1,NA,1,NA,1,0
"locus292","locus332",1,1,NA,NA,1,NA,1,NA,1,0
"locus292","locus358",0.26772,1,NA,NA,1,1,1,NA,1,0
"locus292","locus359",1,1,NA,NA,1,NA,0.83162,NA,1,0
"locus292","locus360",1,0.64997,NA,NA,1,NA,1,NA,0.64997,0
"locus296","locus301",0.14878,0.326888,NA,NA,1,NA,1,NA,1,0
"locus296","locus314",1,1,NA,NA,1,NA,1,NA,1,0
"locus296","locus321",0.13828,1,NA,NA,1,NA,1,NA,1,0
"locus296","locus322",1,1,NA,NA,1,1,1,NA,1,0
"locus296","locus323",1,1,NA,NA,1,1,1,NA,1,0
"locus296","locus332",1,1,NA,NA,1,NA,0.35979,NA,0.943128,0
"locus296","locus358",0.654972,1,NA,NA,1,1,1,NA,1,0
"locus296","locus359",1,1,NA,NA,1,NA,1,NA,1,0
"locus296","locus360",1,0.31132,NA,NA,1,NA,1,NA,1,0
"locus301","locus314",1,1,NA,NA,1,NA,1,NA,1,0
"locus301","locus321",1,1,NA,NA,1,NA,1,NA,1,0
"locus301","locus322",1,1,NA,NA,1,1,1,NA,1,0
"locus301","locus323",1,1,NA,NA,1,1,0.398244,NA,1,0
"locus301","locus329",0.491696,1,NA,NA,1,NA,0.934236,NA,0.38632,0
"locus301","locus332",1,1,NA,NA,1,NA,0.59146,NA,1,0
"locus301","locus358",1,0.685536,NA,NA,1,1,1,NA,1,0
"locus301","locus359",1,1,NA,NA,1,NA,0.856168,NA,0.71946,0
"locus301","locus360",1,1,NA,NA,0.61785,NA,1,NA,1,0
"locus314","locus321",1,1,NA,NA,1,NA,1,NA,1,0
"locus314","locus329",1,0.34646,NA,NA,1,NA,1,NA,1,0
"locus314","locus332",1,1,NA,NA,1,NA,1,NA,1,0
"locus314","locus358",1,1,NA,NA,1,1,1,NA,1,0
"locus314","locus359",1,1,NA,NA,1,NA,1,NA,1,0
"locus314","locus360",1,1,NA,NA,1,NA,1,NA,0.65978,0
"locus321","locus322",1,1,NA,NA,1,1,1,NA,1,0
"locus321","locus323",1,1,NA,NA,0.70329,NA,1,NA,0.70329,0
"locus321","locus329",0.51982,0.983776,NA,NA,1,NA,1,NA,1,0
"locus321","locus332",1,1,NA,NA,1,NA,1,NA,1,0
"locus321","locus358",1,0.306948,NA,NA,1,1,1,NA,1,0
"locus321","locus359",1,1,NA,NA,1,NA,0.47704,NA,1,0
"locus321","locus360",0.9796,1,NA,NA,1,NA,1,NA,1,0
"locus322","locus323",1,1,NA,NA,1,NA,0.628824,NA,0.45607,0
"locus322","locus329",1,1,NA,NA,1,NA,0.41272,NA,1,0
"locus322","locus332",1,1,NA,NA,1,NA,0.60428,NA,1,0
"locus322","locus358",1,1,NA,NA,1,1,1,NA,1,0
"locus322","locus359",1,0.93382,NA,NA,1,NA,1,NA,1,0
"locus322","locus360",1,1,NA,NA,1,NA,1,NA,1,0
"locus323","locus329",1,1,NA,NA,1,NA,1,NA,1,0
"locus323","locus332",1,1,NA,NA,1,NA,1,NA,1,0
"locus323","locus358",0.817968,1,NA,NA,1,1,1,NA,1,0
"locus323","locus359",1,1,NA,NA,1,NA,1,NA,1,0
"locus329","locus332",0.41426,1,NA,NA,1,1,0.235644,NA,1,0
"locus329","locus358",1,1,NA,NA,1,NA,1,NA,1,0
"locus329","locus359",1,1,NA,NA,1,NA,1,NA,1,0
"locus329","locus360",1,0.183276,NA,NA,1,1,1,NA,1,0
"locus332","locus358",1,1,NA,NA,1,NA,1,NA,1,0
"locus332","locus359",1,1,NA,NA,1,NA,1,NA,1,0
"locus332","locus360",1,1,NA,NA,1,NA,1,NA,1,0
"locus358","locus359",0.06435,1,NA,NA,1,NA,1,NA,1,0
"locus358","locus360",0.61448,1,NA,NA,1,NA,0.940128,NA,1,0
"locus359","locus360",1,1,NA,NA,1,NA,1,NA,1,0
